Workbook

Sheet SẢN LƯỢNG
A2: CỘNG HÒA DÂN CHỦ NHÂN DÂN LÀO
A3: Hòa Bình -Độc Lập - Dân Chủ - thống Nhất - Thịnh Vượng
A4: -----o0o-----
B6: CÔNG TY TNHH MTV QUASA - GERUCO LÀO
B7: ĐỘI SẢN XUẤT SỐ 04
A9: BẢNG THEO DÕI SẢN LƯỢNG MỦ TẠP THÁNG 10 NĂM 2025
A10: (Từ ngày 01 đến 31/10/2025)
A13: Stt | C13: MSNV | D13: Họ và tên | E13: Kí tên | F13: Ngày | AK13: Tổng mủ tạp | AL13: DRC bình quân | AM13: Quy khô | AN13: Tổng mủ tạp T08 | AO13: DRC bình quân T8 | AP13: Quy khô truy lỉnh T08 | AQ13: Tổng trả lương | AR13: Xếp hạng kỹ thuật
F14: 1 | G14: 2 | H14: 3 | I14: 4 | J14: 5 | K14: 6 | L14: 7 | M14: 8 | N14: 9 | O14: 10 | P14: 11 | Q14: 12 | R14: 13 | S14: 14 | T14: 15 | U14: 16 | V14: 17 | W14: 18 | X14: 19 | Y14: 20 | Z14: 21 | AA14: 22 | AB14: 23 | AC14: 24 | AD14: 25 | AE14: 26 | AF14: 27 | AG14: 28 | AH14: 29 | AI14: 30 | AJ14: 31 | AT14: DRC bình quân
A15: Lát bốc | F15: A | G15: B | H15: C | I15: D | J15: A | K15: B | L15: C | M15: D | N15: A | O15: B | P15: C | Q15: D | R15: A | S15: BC | T15: D | U15: A | V15: B | W15: C | X15: D | Y15: A | Z15: BC | AA15: D | AB15: A | AC15: B | AD15: C | AE15: D | AF15: A | AG15: B | AH15: C | AI15: D
A16: Trạm 1 | F16: =SUM(F17:F97) -> 835 | G16: =SUM(G17:G97) -> 6713 | H16: =SUM(H17:H97) -> 5962 | I16: =SUM(I17:I97) -> 6519 | J16: =SUM(J17:J97) -> 13879 | K16: =SUM(K17:K97) -> 8647 | L16: =SUM(L17:L97) -> 6851 | M16: =SUM(M17:M97) -> 13028 | ... AN16: =SUM(AN17:AN97) -> 299923 | AP16: =SUM(AP17:AP97) -> 10180 | AQ16: =SUM(AQ17:AQ97) -> 139316.23
A17: 1 | B17: 1 | C17: ='Chấm công KT'!C13 -> 0 | D17: ='Chấm công KT'!D13 -> T. Lăm | F17: 0 | G17: 127 | H17: 84 | I17: 94 | J17: 146 | K17: 101 | L17: 108 | M17: 188 | N17: 148 | O17: 100 | P17: 168 | Q17: 179 | R17: 186 | S17: 116 | T17: 127 | U17: 107 | V17: 141 | W17: 99 | X17: 117 | Y17: 136 | Z17: 161 | AA17: 104 | AB17: 125 | AC17: 121 | AD17: 162 | AE17: 92 | AF17: 121 | AG17: 170 | AH17: 182 | AI17: 123 | AJ17: 281 | AK17: =SUM(F17:AJ17) -> 4114 | AL17: 44.143706 | AM17: =AK17*AL17/100 -> 1816.0721 | AN17: 3874 | AO17: 3.3942045 | AP17: =AN17*AO17/100 -> 131.49148 | AQ17: =AM17+AP17 -> 1947.5635 | AR17: B | AW17: =AQ16/15*100 -> 928774.87
A18: 2 | B18: 2 | C18: ='Chấm công KT'!C14 -> 04052 | D18: ='Chấm công KT'!D14 -> T. Feng | F18: 0 | G18: 113 | H18: 69 | I18: 89 | J18: 191 | K18: 95 | L18: 74 | M18: 169 | N18: 139 | O18: 163 | P18: 131 | Q18: 163 | R18: 192 | S18: 146 | T18: 144 | U18: 160 | V18: 178 | W18: 109 | X18: 109 | Y18: 120 | Z18: 191 | AA18: 115 | AB18: 94 | AC18: 132 | AD18: 206 | AE18: 169 | AF18: 108 | AG18: 162 | AH18: 182 | AI18: 149 | AJ18: 140 | AK18: =SUM(F18:AJ18) -> 4202 | AL18: 44.143706 | AM18: =AK18*AL18/100 -> 1854.9185 | AN18: 3883 | AO18: 3.3942045 | AP18: =AN18*AO18/100 -> 131.79696 | AQ18: =AM18+AP18 -> 1986.7155 | AR18: B | AW18: =10180/AN16*100 -> 3.3942045
A19: 3 | B19: 3 | C19: ='Chấm công KT'!C15 -> 02725 | D19: ='Chấm công KT'!D15 -> T. Sa Văn | F19: 212 | G19: 0 | H19: 0 | I19: 141 | J19: 172 | K19: 183 | L19: 110 | M19: 200 | N19: 122 | O19: 170 | P19: 143 | Q19: 169 | R19: 170 | S19: 128 | T19: 142 | U19: 160 | V19: 166 | W19: 124 | X19: 124 | Y19: 157 | Z19: 124 | AA19: 104 | AB19: 110 | AC19: 140 | AD19: 153 | AE19: 137 | AF19: 152 | AG19: 180 | AH19: 216 | AI19: 122 | AJ19: 173 | AK19: =SUM(F19:AJ19) -> 4404 | AL19: 44.143706 | AM19: =AK19*AL19/100 -> 1944.0888 | AN19: 5035 | AO19: 3.3942045 | AP19: =AN19*AO19/100 -> 170.8982 | AQ19: =AM19+AP19 -> 2114.987 | AR19: B
A20: 4 | B20: 4 | C20: ='Chấm công KT'!C16 -> 04053 | D20: ='Chấm công KT'!D16 -> Lăm Ma Thu | F20: 0 | G20: 0 | H20: 0 | I20: 76 | J20: 228 | K20: 170 | L20: 83 | M20: 145 | N20: 0 | O20: 122 | P20: 89 | Q20: 128 | R20: 221 | S20: 0 | T20: 0 | U20: 104 | V20: 0 | W20: 123 | X20: 161 | Y20: 119 | Z20: 199 | AA20: 129 | AB20: 101 | AC20: 100 | AD20: 203 | AE20: 60 | AF20: 91 | AG20: 155 | AH20: 175 | AI20: 87 | AJ20: 144 | AK20: =SUM(F20:AJ20) -> 3213 | AL20: 44.143706 | AM20: =AK20*AL20/100 -> 1418.3373 | AN20: 3912 | AO20: 3.3942045 | AP20: =AN20*AO20/100 -> 132.78128 | AQ20: =AM20+AP20 -> 1551.1185 | AR20: B
A21: 5 | B21: 5 | C21: ='Chấm công KT'!C17 -> 03459 | D21: ='Chấm công KT'!D17 -> N. Vạt | F21: 0 | G21: 63 | H21: 129 | I21: 60 | J21: 153 | K21: 90 | L21: 92 | M21: 154 | N21: 114 | O21: 80 | P21: 174 | Q21: 127 | R21: 0 | S21: 160 | T21: 167 | U21: 0 | V21: 141 | W21: 133 | X21: 207 | Y21: 198 | Z21: 0 | AA21: 112 | AB21: 155 | AC21: 156 | AD21: 180 | AE21: 0 | AF21: 118 | AG21: 156 | AH21: 162 | AI21: 169 | AJ21: 210 | AK21: =SUM(F21:AJ21) -> 3660 | AL21: 44.143706 | AM21: =AK21*AL21/100 -> 1615.6596 | AN21: 3471 | AO21: 3.3942045 | AP21: =AN21*AO21/100 -> 117.81284 | AQ21: =AM21+AP21 -> 1733.4725 | AR21: B
A22: 6 | B22: 6 | C22: ='Chấm công KT'!C18 -> 04054 | D22: ='Chấm công KT'!D18 -> N. Kay Son | F22: 0 | G22: 0 | H22: 100 | I22: 79 | J22: 148 | K22: 147 | L22: 117 | M22: 207 | N22: 150 | O22: 150 | P22: 166 | Q22: 198 | R22: 177 | S22: 141 | T22: 125 | U22: 161 | V22: 203 | W22: 106 | X22: 140 | Y22: 160 | Z22: 194 | AA22: 121 | AB22: 133 | AC22: 151 | AD22: 198 | AE22: 158 | AF22: 141 | AG22: 170 | AH22: 226 | AI22: 122 | AJ22: 160 | AK22: =SUM(F22:AJ22) -> 4449 | AL22: 44.143706 | AM22: =AK22*AL22/100 -> 1963.9535 | AN22: 4292 | AO22: 3.3942045 | AP22: =AN22*AO22/100 -> 145.67926 | AQ22: =AM22+AP22 -> 2109.6327 | AR22: B
A23: 7 | B23: 7 | C23: ='Chấm công KT'!C19 -> 04055 | D23: ='Chấm công KT'!D19 -> T. Đèng 1 | F23: 0 | G23: 0 | H23: 135 | I23: 157 | J23: 195 | K23: 123 | L23: 143 | M23: 162 | N23: 115 | O23: 104 | P23: 136 | Q23: 159 | R23: 179 | S23: 164 | T23: 131 | U23: 176 | V23: 141 | W23: 161 | X23: 119 | Y23: 138 | Z23: 152 | AA23: 101 | AB23: 0 | AC23: 145 | AD23: 95 | AE23: 146 | AF23: 144 | AG23: 170 | AH23: 141 | AI23: 115 | AJ23: 106 | AK23: =SUM(F23:AJ23) -> 3953 | AL23: 44.143706 | AM23: =AK23*AL23/100 -> 1745.0007 | AN23: 3779 | AO23: 3.3942045 | AP23: =AN23*AO23/100 -> 128.26699 | AQ23: =AM23+AP23 -> 1873.2677 | AR23: A
A24: 8 | B24: 8 | C24: ='Chấm công KT'!C20 -> 03462 | D24: ='Chấm công KT'!D20 -> T . Bua Ngân | F24: 0 | G24: 126 | H24: 110 | I24: 131 | J24: 194 | K24: 117 | L24: 102 | M24: 158 | N24: 83 | O24: 159 | P24: 126 | Q24: 154 | R24: 114 | S24: 123 | T24: 0 | U24: 0 | V24: 137 | W24: 114 | X24: 154 | Y24: 222 | Z24: 151 | AA24: 118 | AB24: 115 | AC24: 131 | AD24: 116 | AE24: 0 | AF24: 111 | AG24: 158 | AH24: 95 | AI24: 178 | AJ24: 122 | AK24: =SUM(F24:AJ24) -> 3619 | AL24: 44.143706 | AM24: =AK24*AL24/100 -> 1597.5607 | AN24: 3373 | AO24: 3.3942045 | AP24: =AN24*AO24/100 -> 114.48652 | AQ24: =AM24+AP24 -> 1712.0472 | AR24: A
A25: 9 | B25: 9 | C25: ='Chấm công KT'!C21 -> 03463 | D25: ='Chấm công KT'!D21 -> T Căng | F25: 0 | G25: 130 | H25: 141 | I25: 77 | J25: 204 | K25: 91 | L25: 101 | M25: 172 | N25: 106 | O25: 94 | P25: 253 | Q25: 158 | R25: 143 | S25: 176 | T25: 182 | U25: 0 | V25: 160 | W25: 153 | X25: 237 | Y25: 322 | Z25: 145 | AA25: 162 | AB25: 138 | AC25: 171 | AD25: 181 | AE25: 125 | AF25: 131 | AG25: 171 | AH25: 143 | AI25: 151 | AJ25: 235 | AK25: =SUM(F25:AJ25) -> 4653 | AL25: 44.143706 | AM25: =AK25*AL25/100 -> 2054.0066 | AN25: 4784 | AO25: 3.3942045 | AP25: =AN25*AO25/100 -> 162.37874 | AQ25: =AM25+AP25 -> 2216.3854 | AR25: A
A26: 10 | B26: 10 | C26: ='Chấm công KT'!C22 -> 03464 | D26: ='Chấm công KT'!D22 -> N. Phôn 1 | F26: 0 | G26: 136 | H26: 122 | I26: 84 | J26: 214 | K26: 100 | L26: 124 | M26: 191 | N26: 104 | O26: 94 | P26: 251 | Q26: 179 | R26: 141 | S26: 181 | T26: 180 | U26: 0 | V26: 120 | W26: 160 | X26: 240 | Y26: 312 | Z26: 150 | AA26: 161 | AB26: 160 | AC26: 186 | AD26: 175 | AE26: 120 | AF26: 158 | AG26: 184 | AH26: 147 | AI26: 161 | AJ26: 250 | AK26: =SUM(F26:AJ26) -> 4785 | AL26: 44.143706 | AM26: =AK26*AL26/100 -> 2112.2763 | AN26: 4831 | AO26: 3.3942045 | AP26: =AN26*AO26/100 -> 163.97402 | AQ26: =AM26+AP26 -> 2276.2503 | AR26: A
A27: 11 | B27: 11 | C27: ='Chấm công KT'!C23 -> 03465 | D27: ='Chấm công KT'!D23 -> T. In Păn | F27: 0 | G27: 106 | H27: 138 | I27: 0 | J27: 203 | K27: 90 | L27: 135 | M27: 213 | N27: 0 | O27: 56 | P27: 194 | Q27: 170 | R27: 192 | S27: 107 | T27: 194 | U27: 164 | V27: 148 | W27: 110 | X27: 186 | Y27: 154 | Z27: 202 | AA27: 0 | AB27: 150 | AC27: 132 | AD27: 140 | AE27: 140 | AF27: 207 | AG27: 216 | AH27: 174 | AI27: 0 | AJ27: 176 | AK27: =SUM(F27:AJ27) -> 4097 | AL27: 44.143706 | AM27: =AK27*AL27/100 -> 1808.5676 | AN27: 3949 | AO27: 3.3942045 | AP27: =AN27*AO27/100 -> 134.03714 | AQ27: =AM27+AP27 -> 1942.6048 | AR27: A
A28: 12 | B28: 12 | C28: ='Chấm công KT'!C24 -> 03466 | D28: ='Chấm công KT'!D24 -> N. Keo | F28: 0 | G28: 106 | H28: 110 | I28: 90 | J28: 211 | K28: 88 | L28: 96 | M28: 162 | N28: 92 | O28: 180 | P28: 228 | Q28: 142 | R28: 186 | S28: 158 | T28: 178 | U28: 116 | V28: 156 | W28: 120 | X28: 154 | Y28: 0 | Z28: 188 | AA28: 138 | AB28: 164 | AC28: 146 | AD28: 180 | AE28: 156 | AF28: 205 | AG28: 160 | AH28: 213 | AI28: 124 | AJ28: 263 | AK28: =SUM(F28:AJ28) -> 4510 | AL28: 44.143706 | AM28: =AK28*AL28/100 -> 1990.8811 | AN28: 4330 | AO28: 3.3942045 | AP28: =AN28*AO28/100 -> 146.96906 | AQ28: =AM28+AP28 -> 2137.8502 | AR28: A
A29: 13 | B29: 13 | C29: ='Chấm công KT'!C25 -> 02727 | D29: ='Chấm công KT'!D25 -> T. Thong Đon | F29: 0 | G29: 170 | H29: 146 | I29: 81 | J29: 191 | K29: 105 | L29: 100 | M29: 213 | N29: 93 | O29: 104 | P29: 222 | Q29: 133 | R29: 163 | S29: 186 | T29: 173 | U29: 120 | V29: 128 | W29: 207 | X29: 201 | Y29: 162 | Z29: 141 | AA29: 121 | AB29: 189 | AC29: 109 | AD29: 108 | AE29: 110 | AF29: 169 | AG29: 182 | AH29: 188 | AI29: 161 | AJ29: 274 | AK29: =SUM(F29:AJ29) -> 4650 | AL29: 44.143706 | AM29: =AK29*AL29/100 -> 2052.6823 | AN29: 4257 | AO29: 3.3942045 | AP29: =AN29*AO29/100 -> 144.49129 | AQ29: =AM29+AP29 -> 2197.1736 | AR29: B
A30: 14 | B30: 14 | C30: ='Chấm công KT'!C26 -> 03467 | D30: ='Chấm công KT'!D26 -> T. Hin | F30: 0 | G30: 128 | H30: 81 | I30: 71 | J30: 145 | K30: 111 | L30: 0 | M30: 200 | N30: 76 | O30: 120 | P30: 222 | Q30: 112 | R30: 113 | S30: 147 | T30: 130 | U30: 0 | V30: 142 | W30: 200 | X30: 109 | Y30: 158 | Z30: 119 | AA30: 152 | AB30: 110 | AC30: 97 | AD30: 134 | AE30: 178 | AF30: 112 | AG30: 91 | AH30: 144 | AI30: 146 | AJ30: 172 | AK30: =SUM(F30:AJ30) -> 3720 | AL30: 44.143706 | AM30: =AK30*AL30/100 -> 1642.1459 | AN30: 3486 | AO30: 3.3942045 | AP30: =AN30*AO30/100 -> 118.32197 | AQ30: =AM30+AP30 -> 1760.4678 | AR30: A
... A89: 73 | B89: 73 | C89: ='Chấm công KT'!C85 -> 04071 | D89: ='Chấm công KT'!D85 -> T. Ne | F89: 0 | G89: 131 | H89: 0 | I89: 122 | J89: 0 | K89: 0 | L89: 0 | M89: 146 | N89: 0 | O89: 0 | P89: 0 | Q89: 0 | R89: 165 | S89: 0 | T89: 110 | U89: 122 | V89: 58 | W89: 52 | X89: 78 | Y89: 73 | Z89: 73 | AA89: 76 | AB89: 77 | AC89: 77 | AD89: 70 | AE89: 70 | AF89: 75 | AG89: 75 | AH89: 120 | AI89: 143 | AJ89: 150 | AK89: =SUM(F89:AJ89) -> 2063 | AL89: 44.143706 | AM89: =AK89*AL89/100 -> 910.68465 | AN89: 2721 | AO89: 3.3942045 | AP89: =AN89*AO89/100 -> 92.356305 | AQ89: =AM89+AP89 -> 1003.041 | AR89: A
A90: 74 | B90: 74 | D90: ='Chấm công KT'!D86 -> N. Khăn | F90: 0 | G90: 87 | H90: 12 | I90: 0 | J90: 0 | K90: 0 | L90: 0 | M90: 0 | N90: 0 | O90: 93 | P90: 56 | Q90: 0 | R90: 0 | S90: 0 | T90: 0 | U90: 0 | V90: 0 | W90: 59 | X90: 59 | Y90: 0 | Z90: 0 | AA90: 0 | AB90: 0 | AC90: 0 | AD90: 0 | AE90: 105 | AF90: 93 | AG90: 0 | AH90: 0 | AI90: 0 | AJ90: 0 | AK90: =SUM(F90:AJ90) -> 564 | AL90: 44.143706 | AM90: =AK90*AL90/100 -> 248.9705 | AN90: 2466 | AO90: 3.3942045 | AP90: =AN90*AO90/100 -> 83.701083 | AQ90: =AM90+AP90 -> 332.67158 | AR90: C.
A91: 75 | B91: 75 | D91: ='Chấm công KT'!D87 -> T. Lã | F91: 0 | G91: 0 | H91: 0 | I91: 0 | J91: 161 | K91: 184 | L91: 80 | M91: 0 | N91: 0 | O91: 151 | P91: 0 | Q91: 126 | R91: 0 | S91: 128 | T91: 121 | U91: 229 | V91: 0 | W91: 70 | X91: 0 | Y91: 70 | Z91: 0 | AA91: 67 | AB91: 150 | AC91: 140 | AD91: 138 | AE91: 155 | AF91: 163 | AG91: 110 | AH91: 132 | AI91: 72 | AJ91: 0 | AK91: =SUM(F91:AJ91) -> 2447 | AL91: 44.143706 | AM91: =AK91*AL91/100 -> 1080.1965 | AN91: 1079 | AO91: 3.3942045 | AP91: =AN91*AO91/100 -> 36.623467 | AQ91: =AM91+AP91 -> 1116.8199 | AR91: C.
A92: 76 | B92: 76 | D92: ='Chấm công KT'!D88 -> N. Veo | F92: 0 | G92: 0 | H92: 0 | I92: 0 | J92: 161 | K92: 184 | L92: 73 | M92: 0 | N92: 0 | O92: 0 | P92: 0 | Q92: 0 | R92: 0 | S92: 134 | T92: 117 | U92: 80 | V92: 0 | W92: 68 | X92: 0 | Y92: 102 | Z92: 0 | AA92: 63 | AB92: 156 | AC92: 154 | AD92: 129 | AE92: 102 | AF92: 180 | AG92: 108 | AH92: 133 | AI92: 78 | AJ92: 0 | AK92: =SUM(F92:AJ92) -> 2022 | AL92: 44.143706 | AM92: =AK92*AL92/100 -> 892.58573 | AN92: 456 | AO92: 3.3942045 | AP92: =AN92*AO92/100 -> 15.477573 | AQ92: =AM92+AP92 -> 908.0633 | AR92: C.
A93: 77 | B93: 77 | D93: ='Chấm công KT'!D89 -> T. Pu | F93: 0 | G93: 0 | H93: 0 | I93: 0 | J93: 0 | K93: 0 | L93: 70 | M93: 0 | N93: 0 | O93: 0 | P93: 0 | Q93: 0 | R93: 0 | S93: 132 | T93: 122 | U93: 0 | V93: 0 | W93: 66 | X93: 0 | Y93: 125 | Z93: 0 | AA93: 98 | AB93: 105 | AC93: 141 | AD93: 0 | AE93: 112 | AF93: 126 | AG93: 0 | AH93: 0 | AI93: 78 | AJ93: 109 | AK93: =SUM(F93:AJ93) -> 1284 | AL93: 44.143706 | AM93: =AK93*AL93/100 -> 566.80518 | AN93: 397 | AO93: 3.3942045 | AP93: =AN93*AO93/100 -> 13.474992 | AQ93: =AM93+AP93 -> 580.28017 | AR93: C.
A94: 78 | B94: 78 | D94: ='Chấm công KT'!D90 -> T. Ta. | F94: 0 | G94: 0 | H94: 0 | I94: 0 | J94: 0 | K94: 0 | L94: 0 | M94: 0 | N94: 0 | O94: 0 | P94: 0 | Q94: 0 | R94: 0 | S94: 0 | T94: 0 | U94: 0 | V94: 0 | W94: 0 | X94: 0 | Y94: 103 | Z94: 0 | AA94: 102 | AB94: 102 | AC94: 0 | AD94: 0 | AE94: 0 | AF94: 128 | AG94: 0 | AH94: 0 | AI94: 75 | AJ94: 127 | AK94: =SUM(F94:AJ94) -> 637 | AL94: 44.143706 | AM94: =AK94*AL94/100 -> 281.19541 | AN94: 325 | AO94: 3.3942045 | AP94: =AN94*AO94/100 -> 11.031165 | AQ94: =AM94+AP94 -> 292.22657 | AR94: C.
A95: 79 | B95: 79 | D95: ='Chấm công KT'!D91 -> N. Nang | F95: 0 | G95: 0 | H95: 0 | I95: 0 | J95: 0 | K95: 0 | L95: 0 | M95: 0 | N95: 0 | O95: 0 | P95: 0 | Q95: 0 | R95: 0 | S95: 0 | T95: 0 | U95: 0 | V95: 0 | W95: 0 | X95: 0 | Y95: 0 | Z95: 101 | AA95: 104 | AB95: 0 | AC95: 0 | AD95: 0 | AE95: 0 | AF95: 112 | AG95: 0 | AH95: 0 | AI95: 0 | AJ95: 110 | AK95: =SUM(F95:AJ95) -> 427 | AL95: 44.143706 | AM95: =AK95*AL95/100 -> 188.49362 | AQ95: =AM95+AP95 -> 188.49362 | AR95: C.
A96: 80 | B96: 80 | D96: ='Chấm công KT'!D92 -> T. Tan | F96: 0 | G96: 0 | H96: 0 | I96: 0 | J96: 0 | K96: 0 | L96: 0 | M96: 0 | N96: 0 | O96: 0 | P96: 0 | Q96: 0 | R96: 0 | S96: 0 | T96: 0 | U96: 0 | V96: 0 | W96: 0 | X96: 0 | Y96: 0 | Z96: 104 | AA96: 0 | AB96: 0 | AC96: 0 | AD96: 0 | AE96: 0 | AF96: 109 | AG96: 0 | AH96: 0 | AI96: 0 | AJ96: 118 | AK96: =SUM(F96:AJ96) -> 331 | AL96: 44.143706 | AM96: =AK96*AL96/100 -> 146.11567 | AQ96: =AM96+AP96 -> 146.11567 | AR96: C.
A97: 81 | B97: 81 | D97: ='Chấm công KT'!D93 -> 0 | AI97: 0 | AK97: =SUM(F97:AJ97) -> 0 | AQ97: =AK97*AL97/100 -> 0 | AR97: C.
A98: Tram 2 | F98: =SUM(F99:F160) -> 3877 | G98: =SUM(G99:G160) -> 7788 | H98: =SUM(H99:H160) -> 3635 | I98: =SUM(I99:I160) -> 12542 | J98: =SUM(J99:J160) -> 8504 | K98: =SUM(K99:K160) -> 5220 | L98: =SUM(L99:L160) -> 6372 | M98: =SUM(M99:M160) -> 7388 | ... AN98: =SUM(AN99:AN160) -> 237754 | AP98: =SUM(AP99:AP160) -> 8081 | AQ98: =SUM(AQ99:AQ160) -> 109452.58
A99: 81 | B99: 1 | C99: ='Chấm công KT'!C95 -> 04072 | D99: ='Chấm công KT'!D95 -> T. Lun | F99: 105 | G99: 160 | H99: 123 | I99: 139 | J99: 107 | K99: 142 | L99: 156 | M99: 79 | N99: 102 | O99: 160 | P99: 273 | Q99: 0 | R99: 118 | S99: 104 | T99: 146 | U99: 164 | V99: 99 | W99: 192 | X99: 128 | Y99: 116 | Z99: 60 | AA99: 82 | AB99: 103 | AC99: 135 | AD99: 82 | AE99: 85 | AF99: 119 | AG99: 142 | AH99: 135 | AI99: 70 | AJ99: 116 | AK99: =SUM(F99:AJ99) -> 3742 | AL99: 43.742536 | AM99: =AK99*AL99/100 -> 1636.8457 | AN99: 4099 | AO99: 3.3988913 | AP99: =AN99*AO99/100 -> 139.32055 | AQ99: =AM99+AP99 -> 1776.1662 | AR99: A
A100: 82 | B100: 2 | C100: ='Chấm công KT'!C96 -> 03466 | D100: ='Chấm công KT'!D96 -> N. Keo | F100: 376 | G100: 0 | H100: 43 | I100: 242 | J100: 173 | K100: 71 | L100: 198 | M100: 103 | N100: 88 | O100: 0 | P100: 377 | Q100: 184 | R100: 81 | S100: 179 | T100: 181 | U100: 0 | V100: 119 | W100: 124 | X100: 131 | Y100: 0 | Z100: 0 | AA100: 0 | AB100: 0 | AC100: 72 | AD100: 125 | AE100: 281 | AF100: 177 | AG100: 55 | AH100: 112 | AI100: 0 | AJ100: 88 | AK100: =SUM(F100:AJ100) -> 3580 | AL100: 43.742536 | AM100: =AK100*AL100/100 -> 1565.9828 | AN100: 4332 | AO100: 3.3988913 | AP100: =AN100*AO100/100 -> 147.23997 | AQ100: =AM100+AP100 -> 1713.2228 | AR100: A | AW100: =8081/AN98*100 -> 3.3988913
A101: 83 | B101: 3 | C101: ='Chấm công KT'!C97 -> 03590 | D101: ='Chấm công KT'!D97 -> T .Nhum | F101: 93 | G101: 139 | H101: 106 | I101: 177 | J101: 169 | K101: 92 | L101: 0 | M101: 95 | N101: 168 | O101: 105 | P101: 324 | Q101: 236 | R101: 86 | S101: 78 | T101: 101 | U101: 206 | V101: 70 | W101: 173 | X101: 224 | Y101: 85 | Z101: 94 | AA101: 75 | AB101: 0 | AC101: 73 | AD101: 92 | AE101: 80 | AF101: 188 | AG101: 84 | AH101: 68 | AI101: 83 | AJ101: 174 | AK101: =SUM(F101:AJ101) -> 3738 | AL101: 43.742536 | AM101: =AK101*AL101/100 -> 1635.096 | AN101: 3851 | AO101: 3.3988913 | AP101: =AN101*AO101/100 -> 130.8913 | AQ101: =AM101+AP101 -> 1765.9873 | AR101: A
A102: 84 | B102: 4 | C102: ='Chấm công KT'!C98 -> 03591 | D102: ='Chấm công KT'!D98 -> N.Vông Ma Ni | F102: 0 | G102: 125 | H102: 140 | I102: 252 | J102: 119 | K102: 130 | L102: 0 | M102: 103 | N102: 113 | O102: 137 | P102: 465 | Q102: 223 | R102: 0 | S102: 124 | T102: 113 | U102: 143 | V102: 199 | W102: 167 | X102: 127 | Y102: 0 | Z102: 96 | AA102: 0 | AB102: 0 | AC102: 218 | AD102: 61 | AE102: 140 | AF102: 191 | AG102: 131 | AH102: 105 | AI102: 113 | AJ102: 114 | AK102: =SUM(F102:AJ102) -> 3849 | AL102: 43.742536 | AM102: =AK102*AL102/100 -> 1683.6502 | AN102: 3696 | AO102: 3.3988913 | AP102: =AN102*AO102/100 -> 125.62302 | AQ102: =AM102+AP102 -> 1809.2732 | AR102: A
A103: 85 | B103: 5 | C103: ='Chấm công KT'!C99 -> 03592 | D103: ='Chấm công KT'!D99 -> Đao Hương | F103: 0 | G103: 129 | H103: 117 | I103: 259 | J103: 107 | K103: 112 | L103: 0 | M103: 94 | N103: 110 | O103: 133 | P103: 416 | Q103: 179 | R103: 0 | S103: 100 | T103: 128 | U103: 161 | V103: 159 | W103: 198 | X103: 147 | Y103: 0 | Z103: 90 | AA103: 0 | AB103: 0 | AC103: 197 | AD103: 81 | AE103: 135 | AF103: 170 | AG103: 118 | AH103: 87 | AI103: 108 | AJ103: 119 | AK103: =SUM(F103:AJ103) -> 3654 | AL103: 43.742536 | AM103: =AK103*AL103/100 -> 1598.3523 | AN103: 3659 | AO103: 3.3988913 | AP103: =AN103*AO103/100 -> 124.36543 | AQ103: =AM103+AP103 -> 1722.7177 | AR103: A
A104: 86 | B104: 6 | C104: ='Chấm công KT'!C100 -> 03593 | D104: ='Chấm công KT'!D100 -> T. Xi Nun | F104: 0 | G104: 0 | H104: 0 | I104: 0 | J104: 0 | K104: 0 | L104: 0 | M104: 60 | N104: 56 | O104: 51 | P104: 317 | Q104: 238 | R104: 182 | S104: 224 | T104: 258 | U104: 169 | V104: 109 | W104: 368 | X104: 167 | Y104: 108 | Z104: 137 | AA104: 184 | AB104: 160 | AC104: 99 | AD104: 90 | AE104: 0 | AF104: 103 | AG104: 114 | AH104: 139 | AI104: 108 | AJ104: 0 | AK104: =SUM(F104:AJ104) -> 3441 | AL104: 43.742536 | AM104: =AK104*AL104/100 -> 1505.1807 | AN104: 4836 | AO104: 3.3988913 | AP104: =AN104*AO104/100 -> 164.37038 | AQ104: =AM104+AP104 -> 1669.551 | AR104: B
A105: 87 | B105: 7 | C105: ='Chấm công KT'!C101 -> 03594 | D105: ='Chấm công KT'!D101 -> T. Bun Hinh | F105: 0 | G105: 0 | H105: 0 | I105: 173 | J105: 179 | K105: 0 | L105: 59 | M105: 104 | N105: 181 | O105: 70 | P105: 210 | Q105: 150 | R105: 77 | S105: 72 | T105: 190 | U105: 140 | V105: 64 | W105: 115 | X105: 172 | Y105: 0 | Z105: 98 | AA105: 124 | AB105: 70 | AC105: 70 | AD105: 79 | AE105: 0 | AF105: 101 | AG105: 85 | AH105: 80 | AI105: 100 | AJ105: 126 | AK105: =SUM(F105:AJ105) -> 2889 | AL105: 43.742536 | AM105: =AK105*AL105/100 -> 1263.7219 | AN105: 3280 | AO105: 3.3988913 | AP105: =AN105*AO105/100 -> 111.48363 | AQ105: =AM105+AP105 -> 1375.2055 | AR105: A
A106: 88 | B106: 8 | C106: ='Chấm công KT'!C102 -> 04073 | D106: ='Chấm công KT'!D102 -> T. Miềng | F106: 97 | G106: 181 | H106: 69 | I106: 227 | J106: 158 | K106: 75 | L106: 51 | M106: 136 | N106: 172 | O106: 0 | P106: 0 | Q106: 0 | R106: 68 | S106: 54 | T106: 187 | U106: 74 | V106: 0 | W106: 143 | X106: 0 | Y106: 61 | Z106: 40 | AA106: 111 | AB106: 175 | AC106: 0 | AD106: 0 | AE106: 0 | AF106: 0 | AG106: 65 | AH106: 51 | AI106: 159 | AJ106: 40 | AK106: =SUM(F106:AJ106) -> 2394 | AL106: 43.742536 | AM106: =AK106*AL106/100 -> 1047.1963 | AN106: 3374 | AO106: 3.3988913 | AP106: =AN106*AO106/100 -> 114.67859 | AQ106: =AM106+AP106 -> 1161.8749 | AR106: A
A107: 89 | B107: 9 | C107: ='Chấm công KT'!C103 -> 03596 | D107: ='Chấm công KT'!D103 -> N. Xúc | F107: 0 | G107: 157 | H107: 84 | I107: 243 | J107: 95 | K107: 85 | L107: 122 | M107: 108 | N107: 101 | O107: 82 | P107: 321 | Q107: 161 | R107: 71 | S107: 116 | T107: 188 | U107: 0 | V107: 56 | W107: 255 | X107: 200 | Y107: 0 | Z107: 106 | AA107: 107 | AB107: 90 | AC107: 135 | AD107: 80 | AE107: 158 | AF107: 122 | AG107: 0 | AH107: 64 | AI107: 94 | AJ107: 80 | AK107: =SUM(F107:AJ107) -> 3481 | AL107: 43.742536 | AM107: =AK107*AL107/100 -> 1522.6777 | AN107: 3360 | AO107: 3.3988913 | AP107: =AN107*AO107/100 -> 114.20275 | AQ107: =AM107+AP107 -> 1636.8804 | AR107: A
A108: 90 | B108: 10 | C108: ='Chấm công KT'!C104 -> 03597 | D108: ='Chấm công KT'!D104 -> N. Lẹ | F108: 90 | G108: 207 | H108: 113 | I108: 166 | J108: 182 | K108: 106 | L108: 0 | M108: 98 | N108: 130 | O108: 102 | P108: 293 | Q108: 286 | R108: 93 | S108: 86 | T108: 127 | U108: 207 | V108: 61 | W108: 175 | X108: 208 | Y108: 83 | Z108: 91 | AA108: 122 | AB108: 0 | AC108: 87 | AD108: 85 | AE108: 70 | AF108: 157 | AG108: 98 | AH108: 91 | AI108: 75 | AJ108: 179 | AK108: =SUM(F108:AJ108) -> 3868 | AL108: 43.742536 | AM108: =AK108*AL108/100 -> 1691.9613 | AN108: 3684 | AO108: 3.3988913 | AP108: =AN108*AO108/100 -> 125.21516 | AQ108: =AM108+AP108 -> 1817.1764 | AR108: A
A109: 91 | B109: 11 | C109: ='Chấm công KT'!C105 -> 03598 | D109: ='Chấm công KT'!D105 -> N . Thích | F109: 0 | G109: 156 | H109: 50 | I109: 195 | J109: 179 | K109: 99 | L109: 112 | M109: 0 | N109: 102 | O109: 94 | P109: 349 | Q109: 128 | R109: 88 | S109: 86 | T109: 163 | U109: 90 | V109: 58 | W109: 223 | X109: 140 | Y109: 80 | Z109: 91 | AA109: 146 | AB109: 0 | AC109: 85 | AD109: 70 | AE109: 149 | AF109: 264 | AG109: 84 | AH109: 116 | AI109: 217 | AJ109: 141 | AK109: =SUM(F109:AJ109) -> 3755 | AL109: 43.742536 | AM109: =AK109*AL109/100 -> 1642.5322 | AN109: 3611 | AO109: 3.3988913 | AP109: =AN109*AO109/100 -> 122.73396 | AQ109: =AM109+AP109 -> 1765.2662 | AR109: A
A110: 92 | B110: 12 | C110: ='Chấm công KT'!C106 -> 03599 | D110: ='Chấm công KT'!D106 -> N. Cong Mi | F110: 0 | G110: 0 | H110: 0 | I110: 233 | J110: 117 | K110: 0 | L110: 45 | M110: 91 | N110: 111 | O110: 61 | P110: 210 | Q110: 158 | R110: 74 | S110: 66 | T110: 156 | U110: 140 | V110: 60 | W110: 102 | X110: 170 | Y110: 0 | Z110: 80 | AA110: 125 | AB110: 89 | AC110: 80 | AD110: 50 | AE110: 0 | AF110: 107 | AG110: 56 | AH110: 83 | AI110: 100 | AJ110: 140 | AK110: =SUM(F110:AJ110) -> 2704 | AL110: 43.742536 | AM110: =AK110*AL110/100 -> 1182.7982 | AN110: 3380 | AO110: 3.3988913 | AP110: =AN110*AO110/100 -> 114.88253 | AQ110: =AM110+AP110 -> 1297.6807 | AR110: A
A111: 93 | B111: 13 | C111: ='Chấm công KT'!C107 -> 04074 | D111: ='Chấm công KT'!D107 -> T. Na | F111: 86 | G111: 152 | H111: 69 | I111: 0 | J111: 0 | K111: 0 | L111: 40 | M111: 56 | N111: 73 | O111: 0 | P111: 0 | Q111: 0 | R111: 62 | S111: 41 | T111: 136 | U111: 104 | V111: 0 | W111: 159 | X111: 0 | Y111: 72 | Z111: 37 | AA111: 107 | AB111: 171 | AC111: 0 | AD111: 0 | AE111: 0 | AF111: 94 | AG111: 61 | AH111: 47 | AI111: 156 | AJ111: 40 | AK111: =SUM(F111:AJ111) -> 1763 | AL111: 43.742536 | AM111: =AK111*AL111/100 -> 771.18091 | AN111: 3343 | AO111: 3.3988913 | AP111: =AN111*AO111/100 -> 113.62494 | AQ111: =AM111+AP111 -> 884.80584 | AR111: B
A112: 94 | B112: 14 | C112: ='Chấm công KT'!C108 -> 03601 | D112: ='Chấm công KT'!D108 -> T. Khăm Mặn | F112: 169 | G112: 218 | H112: 60 | I112: 218 | J112: 214 | K112: 119 | L112: 175 | M112: 103 | N112: 212 | O112: 0 | P112: 321 | Q112: 337 | R112: 183 | S112: 141 | T112: 184 | U112: 195 | V112: 97 | W112: 277 | X112: 279 | Y112: 123 | Z112: 139 | AA112: 130 | AB112: 199 | AC112: 78 | AD112: 126 | AE112: 164 | AF112: 209 | AG112: 134 | AH112: 160 | AI112: 152 | AJ112: 206 | AK112: =SUM(F112:AJ112) -> 5322 | AL112: 43.742536 | AM112: =AK112*AL112/100 -> 2327.9778 | AN112: 5122 | AO112: 3.3988913 | AP112: =AN112*AO112/100 -> 174.09121 | AQ112: =AM112+AP112 -> 2502.069 | AR112: A
... A156: 138 | B156: 58 | C156: ='Chấm công KT'!C152 -> 04085 | D156: ='Chấm công KT'!D152 -> On chay | F156: 131 | G156: 189 | H156: 95 | I156: 236 | J156: 109 | K156: 0 | L156: 0 | M156: 114 | N156: 124 | O156: 81 | P156: 183 | Q156: 0 | R156: 0 | S156: 0 | T156: 144 | U156: 0 | V156: 78 | W156: 138 | X156: 108 | Y156: 99 | Z156: 0 | AA156: 145 | AB156: 0 | AC156: 106 | AD156: 139 | AE156: 145 | AF156: 129 | AG156: 94 | AH156: 102 | AI156: 163 | AJ156: 139 | AK156: =SUM(F156:AJ156) -> 2991 | AL156: 43.742536 | AM156: =AK156*AL156/100 -> 1308.3392 | AN156: 3057 | AO156: 3.3988913 | AP156: =AN156*AO156/100 -> 103.90411 | AQ156: =AM156+AP156 -> 1412.2434 | AR156: A
A157: 139 | B157: 59 | D157: ='Chấm công KT'!D153 -> T. Thong | F157: 82 | G157: 92 | H157: 71 | I157: 0 | J157: 0 | K157: 41 | L157: 51 | M157: 48 | N157: 50 | O157: 38 | P157: 52 | Q157: 0 | R157: 52 | S157: 0 | T157: 51 | U157: 38 | V157: 0 | W157: 0 | X157: 0 | Y157: 48 | Z157: 0 | AA157: 81 | AB157: 88 | AC157: 62 | AD157: 91 | AE157: 84 | AF157: 0 | AG157: 76 | AH157: 78 | AI157: 120 | AJ157: 150 | AK157: =SUM(F157:AJ157) -> 1544 | AL157: 43.742536 | AM157: =AK157*AL157/100 -> 675.38475 | AN157: 1567 | AO157: 3.3988913 | AP157: =AN157*AO157/100 -> 53.260627 | AQ157: =AM157+AP157 -> 728.64538 | AR157: C.
A158: 140 | B158: 60 | D158: ='Chấm công KT'!D154 -> T. Khách | F158: 0 | G158: 0 | H158: 0 | I158: 50 | J158: 101 | K158: 42 | L158: 45 | M158: 56 | N158: 70 | O158: 48 | P158: 116 | Q158: 0 | R158: 61 | S158: 0 | T158: 52 | U158: 36 | V158: 0 | W158: 0 | X158: 0 | Y158: 0 | Z158: 54 | AA158: 0 | AB158: 0 | AC158: 49 | AD158: 79 | AE158: 0 | AF158: 91 | AG158: 74 | AH158: 0 | AI158: 0 | AJ158: 0 | AK158: =SUM(F158:AJ158) -> 1024 | AL158: 43.742536 | AM158: =AK158*AL158/100 -> 447.92357 | AN158: 1023 | AO158: 3.3988913 | AP158: =AN158*AO158/100 -> 34.770658 | AQ158: =AM158+AP158 -> 482.69422 | AR158: C.
A159: 141 | B159: 61 | D159: ='Chấm công KT'!D155 -> Nang On Xi | F159: 0 | G159: 0 | H159: 0 | I159: 62 | J159: 0 | K159: 0 | L159: 38 | M159: 45 | N159: 71 | O159: 0 | P159: 64 | Q159: 0 | R159: 0 | S159: 40 | T159: 0 | U159: 0 | V159: 0 | W159: 59 | X159: 0 | Y159: 0 | Z159: 0 | AA159: 0 | AB159: 0 | AC159: 50 | AD159: 0 | AE159: 0 | AF159: 0 | AG159: 0 | AH159: 0 | AI159: 0 | AJ159: 0 | AK159: =SUM(F159:AJ159) -> 429 | AL159: 43.742536 | AM159: =AK159*AL159/100 -> 187.65548 | AN159: 517 | AO159: 3.3988913 | AP159: =AN159*AO159/100 -> 17.572268 | AQ159: =AM159+AP159 -> 205.22775 | AR159: C.
A160: 142 | B160: 62 | D160: ='Chấm công KT'!D156 -> Thảo Túc | F160: 0 | G160: 0 | H160: 0 | I160: 61 | J160: 0 | K160: 0 | L160: 42 | M160: 74 | N160: 0 | O160: 0 | P160: 0 | Q160: 0 | R160: 0 | S160: 62 | T160: 0 | U160: 0 | V160: 0 | W160: 54 | X160: 0 | Y160: 0 | Z160: 0 | AA160: 0 | AB160: 0 | AC160: 51 | AD160: 0 | AE160: 0 | AF160: 0 | AG160: 0 | AH160: 0 | AI160: 0 | AJ160: 0 | AK160: =SUM(F160:AJ160) -> 344 | AL160: 43.742536 | AM160: =AK160*AL160/100 -> 150.47432 | AN160: 298 | AO160: 3.3988913 | AP160: =AN160*AO160/100 -> 10.128696 | AQ160: =AM160+AP160 -> 160.60302 | AR160: C.
A161: Tổng cộng | F161: =F16+F98 -> 4712 | G161: =G16+G98 -> 14501 | H161: =H16+H98 -> 9597 | I161: =I16+I98 -> 19061 | J161: =J16+J98 -> 22383 | K161: =K16+K98 -> 13867 | L161: =L16+L98 -> 13223 | M161: =M16+M98 -> 20416 | ... AK161: =AK16+AK98 -> 524282 | AM161: =AM16+AM98 -> 230507.81 | AN161: =AN16+AN98 -> 537677 | AP161: =AP16+AP98 -> 18261 | AQ161: =AQ16+AQ98 -> 248768.81 | AT161: =SUM(#REF!) -> #REF!
A163: STT | F163: SỐ CÔNG NHÂN | I163: HẠNG KỸ THUẬT | M163: SẢN LƯỢNG MỦ TẠP (KG) | R163: SẢN LƯỢNG MỦ QUY KHÔ (KG) | W163: TỶ LỆ % THEO HẠNG KỸ THUẬT | AE163: GHI CHÚ | AT163: =SUM(AT13:AT161) -> #REF!
A164: Công nhân chính thức | F164: =SUM(F165:H168) -> 131 | M164: =SUM(M165:Q168) -> 513229 | R164: =SUM(R165:V168) -> 243626.97 | W164: =SUM(W165:AD167) -> 97.933084
A165: 1 | F165: =SUM(COUNTIF(AR16:AR160,"A")) -> 92 | I165: A | M165: =SUMIF($AR$15:$AR$160,"A",$AK$15:$AK$160) -> 362128 | R165: =SUMIF($AR$15:$AR$160,"A",$AQ$15:$AQ$160) -> 171857.69 | W165: =R165/R171*100 -> 69.083294
A166: 2 | F166: =SUM(COUNTIF(AR16:AR160,"B")) -> 39 | I166: B | M166: =SUMIF($AR$15:$AR$160,"B",$AK$15:$AK$160) -> 151101 | R166: =SUMIF($AR$15:$AR$160,"B",$AQ$15:$AQ$160) -> 71769.28 | W166: =R166/R171*100 -> 28.849791 | AQ166: =AQ161+'MỦ SERUM'!AJ20 -> 249192.96
A167: 3 | F167: =SUM(COUNTIF(AR16:AR160,"C")) -> 0 | I167: C | M167: =SUMIF($AR$15:$AR$160,"C",$AK$15:$AK$160) -> 0 | R167: =SUMIF($AR$15:$AR$160,"C",$AQ$15:$AQ$160) -> 0 | W167: =R167/R171*100 -> 0
A168: 4 | F168: =SUM(COUNTIF(AR16:AR160,"D")) -> 0 | I168: D | M168: =SUMIF($AR$15:$AR$160,"D",$AK$15:$AK$160) -> 0 | R168: =SUMIF($AR$15:$AR$160,"D",$AQ$15:$AQ$160) -> 0 | W168: =R168/R171*100 -> 0
A169: Công nhân thay thế | F169: =F170 -> 12 | M169: =M170 -> 11053 | R169: =R170 -> 5141.8412 | W169: =W170 -> 2.0669156
A170: 1 | F170: =SUM(COUNTIF(AR19:AR163,"C.")) -> 12 | I170: C. | M170: =SUMIF($AR$15:$AR$160,"C.",$AK$15:$AK$160) -> 11053 | R170: =SUMIF($AR$15:$AR$160,"C.",$AQ$15:$AQ$160) -> 5141.8412 | W170: =R170/R171*100 -> 2.0669156
A171: Tổng cộng | F171: =F164+F169 -> 143 | M171: =M164+M169 -> 524282 | R171: =R164+R169 -> 248768.81 | W171: =W164+W169 -> 100
D173: STT | F173: Số công nhân | M173: Hạng kỹ thuật | T173: Sản lượng mủ (kg) | AL173: Ghi chú
M174: Hạng | Q174: Tỷ lệ % | T174: Mủ tạp | AA174: Mủ quy khô | AH174: Tỷ lệ %
D175: CN chính thức | F175: =SUM(F176:L179) -> 73 | Q175: =SUM(Q176:S179) -> 100 | T175: =SUM(T176:Z179) -> 284824 | AA175: =SUM(AA176:AG179) -> 135751.56 | AH175: =SUM(AH176:AK179) -> 100
F176: =COUNTIF($AR$17:$AR$97,"A") -> 47 | M176: A | Q176: =+F176/$F$175*100 -> 64.383562 | T176: =SUMIF($AR$17:$AR$97,"A",$AK$17:$AK$97) -> 182234 | AA176: =SUMIF($AR$17:$AR$97,"A",$AQ$17:$AQ$97) -> 86977.53 | AH176: =+AA176/$AA$175*100 -> 64.071109
F177: =COUNTIF($AR$17:$AR$96,"B") -> 26 | M177: B | Q177: =+F177/$F$175*100 -> 35.616438 | T177: =SUMIF($AR$17:$AR$97,"B",$AK$17:$AK$97) -> 102590 | AA177: =SUMIF($AR$17:$AR$97,"B",$AQ$17:$AQ$97) -> 48774.03 | AH177: =+AA177/$AA$175*100 -> 35.928891
F178: =COUNTIF($AR$17:$AR$96,"C") -> 0 | M178: C | Q178: =+F178/$F$175*100 -> 0 | T178: =SUMIF($AR$17:$AR$97,"C",$AK$17:$AK$97) -> 0 | AA178: =SUMIF($AR$17:$AR$97,"C",$AQ$17:$AQ$97) -> 0 | AH178: =+AA178/$AA$175*100 -> 0
F179: =COUNTIF($AR$17:$AR$97,"D") -> 0 | M179: D | Q179: =+F179/$F$175*100 -> 0 | T179: =SUMIF($AR$17:$AR$97,"D",$AK$17:$AK$97) -> 0 | AA179: =SUMIF($AR$17:$AR$97,"D",$AQ$17:$AQ$97) -> 0 | AH179: =+AA179/$AA$175*100 -> 0
D180: CN thay thế | F180: =COUNTIF($AR$17:$AR$97,"C.") -> 8 | M180: C. | T180: =SUMIF($AR$17:$AR$97,"C.",$AK$17:$AK$97) -> 7712 | AA180: =SUMIF($AR$17:$AR$97,"C.",$AQ$17:$AQ$97) -> 3564.6709
D181: Tổng Trạm 1 | F181: =+F175+F180 -> 81 | T181: =+T175+T180 -> 292536 | AA181: =AA175+AA180 -> 139316.23
D182: CN chính thức | F182: =SUM(F183:L186) -> 58 | Q182: =SUM(Q183:S186) -> 100 | T182: =SUM(T183:Z186) -> 228405 | AA182: =SUM(AA183:AG186) -> 107875.41 | AH182: =SUM(AH183:AK186) -> 100
F183: =COUNTIF($AR$99:$AR$160,"A") -> 45 | M183: A | Q183: =+F183/$F$182*100 -> 77.586207 | T183: =SUMIF($AR$99:$AR$160,"A",$AK$99:$AK$160) -> 179894 | AA183: =SUMIF($AR$99:$AR$160,"A",$AQ$99:$AQ$160) -> 84880.156 | AH183: =+AA183/$AA$182*100 -> 78.68351
F184: =COUNTIF($AR$99:$AR$160,"B") -> 13 | M184: B | Q184: =+F184/$F$182*100 -> 22.413793 | T184: =SUMIF($AR$99:$AR$160,"B",$AK$99:$AK$160) -> 48511 | AA184: =SUMIF($AR$99:$AR$160,"B",$AQ$99:$AQ$160) -> 22995.25 | AH184: =+AA184/$AA$182*100 -> 21.31649
F185: =COUNTIF($AR$99:$AR$160,"C") -> 0 | M185: C | Q185: =+F185/$F$195*100 -> 0 | T185: =SUMIF($AR$99:$AR$160,"C",$AK$99:$AK$160) -> 0 | AA185: =SUMIF($AR$99:$AR$160,"C",$AQ$99:$AQ$160) -> 0 | AH185: =+AA185/$AA$181*100 -> 0
F186: =COUNTIF($AR$99:$AR$160,"D") -> 0 | M186: D | Q186: =+F186/$F$195*100 -> 0 | T186: =SUMIF($AR$99:$AR$160,"D",$AK$99:$AK$160) -> 0 | AA186: =SUMIF($AR$99:$AR$160,"D",$AQ$99:$AQ$160) -> 0 | AH186: =+AA186/$AA$181*100 -> 0
D187: CN thay thế | F187: =COUNTIF($AR$99:$AR$160,"C.") -> 4 | M187: C. | T187: =SUMIF($AR$99:$AR$160,"C.",$AK$99:$AK$160) -> 3341 | AA187: =SUMIF($AR$99:$AR$160,"C.",$AQ$99:$AQ$160) -> 1577.1704
D188: Tổng Trạm 2 | F188: =+F182+F187 -> 62 | T188: =+T182+T187 -> 231746 | AA188: =AA182+AA187 -> 109452.58
D189: CN chính thức | F189: =SUM(F190:L193) -> 131 | Q189: =SUM(Q190:S193) -> 100 | T189: =SUM(T190:Z193) -> 513229 | AA189: =SUM(AA190:AG193) -> 243626.97 | AH189: =SUM(AH190:AK193) -> 100
F190: =F176+F183 -> 92 | M190: A | Q190: =+F190/$F$189*100 -> 70.229008 | T190: =T183+T176 -> 362128 | AA190: =AA176+AA183 -> 171857.69 | AH190: =+AA190/$AA$189*100 -> 70.541323
F191: =F177+F184 -> 39 | M191: B | Q191: =+F191/$F$189*100 -> 29.770992 | T191: =T184+T177 -> 151101 | AA191: =AA177+AA184 -> 71769.28 | AH191: =+AA191/$AA$189*100 -> 29.458677
F192: =F178+F185 -> 0 | M192: C | Q192: =+F192/$F$189*100 -> 0 | T192: =T185+T178 -> 0 | AA192: =AA178+AA185 -> 0 | AH192: =+AA192/$AA$189*100 -> 0
F193: =F179+F186 -> 0 | M193: D | Q193: =+F193/$F$195*100 -> 0 | T193: =T186+T179 -> 0 | AA193: =AA179+AA186 -> 0 | AH193: =+AA193/$AA$189*100 -> 0
D194: CN thay thế | F194: =F187+F180 -> 12 | M194: C. | T194: =T187+T180 -> 11053 | AA194: =AA180+AA187 -> 5141.8412
D195: Tổng Đội | F195: =+F189+F194 -> 143 | T195: =+T189+T194 -> 524282 | AA195: =+AA189+AA194 -> 248768.81
AD197: Huyện Phìn, ngày 01 tháng 11 năm 2025
A198: TỔNG GIÁM ĐỐC | F198: PHÒNG QL - KT | O198: PHÒNG TC - HC | W198: P.PHÒNG PHỤ TRÁCH | AE198: ĐỘI TRƯỞNG | AK198: NGƯỜI LẬP

Sheet MỦ SERUM
A1: CỘNG HÒA DÂN CHỦ NHÂN DÂN LÀO
A2: Hòa Bình -Độc Lập - Dân Chủ - thống Nhất - Thịnh Vượng
A3: -----o0o-----
A5: CÔNG TY TNHH MTV QUASA - GERUCO LÀO
A6: ĐỘI SẢN XUẤT SỐ 4
A12: BẢNG THEO DÕI SẢN LƯỢNG MỦ SERUM THÁNG 10 NĂM 2025
AK13: DRC
A14: Stt | B14: Họ và tên | C14: Ngày | AH14: Tổng mủ Xirum | AI14: DRC bình quân | AJ14: Quy khô | AK14: Xếp hạng kỹ thuật | AL14: Kí tên
C15: 1 | D15: 2 | E15: 3 | F15: 4 | G15: 5 | H15: 6 | I15: 7 | J15: 8 | K15: 9 | L15: 10 | M15: 11 | N15: 12 | O15: 13 | P15: 14 | Q15: 15 | R15: 16 | S15: 17 | T15: 18 | U15: 19 | V15: 20 | W15: 21 | X15: 22 | Y15: 23 | Z15: 24 | AA15: 25 | AB15: 26 | AC15: 27 | AD15: 28 | AE15: 29 | AF15: 30 | AG15: 31
A16: Trạm 1 | C16: =C17 -> 0 | D16: =D17 -> 0 | E16: =E17 -> 0 | F16: =F17 -> 0 | G16: =G17 -> 0 | H16: =H17 -> 0 | I16: =I17 -> 0 | J16: =J17 -> 0 | ... AH16: =AH17 -> 300 | AJ16: =AJ17 -> 164.97 | AK16: =AK17 -> 0
A17: 1 | B17: Mủ Xirum | V17: 300 | AH17: =SUM(C17:AG17) -> 300 | AI17: 54.99 | AJ17: =AH17*AI17/100 -> 164.97
A18: Trạm 2 | C18: =C19 -> 0 | D18: =D19 -> 0 | E18: =E19 -> 0 | F18: =F19 -> 0 | G18: =G19 -> 0 | H18: =H19 -> 0 | I18: =I19 -> 0 | J18: =J19 -> 0 | ... AH18: =AH19 -> 485 | AJ18: =AJ19 -> 259.182
A19: 1 | B19: Mủ Xirum | X19: 280 | AG19: 205 | AH19: =SUM(C19:AG19) -> 485 | AI19: 53.439588 | AJ19: =AH19*AI19/100 -> 259.182
A20: Tổng cộng | V20: =V16+V18 -> 300 | X20: =X16+X18 -> 280 | AG20: =AG16+AG18 -> 205 | AH20: =AH16+AH18 -> 785 | AJ20: =AJ16+AJ18 -> 424.152 | AK20: =AK16+AK18+#REF!+#REF! -> #REF!
Y22: Mường phìn, ngày 02 tháng 11 năm 2025
A23: TỔNG GIÁM ĐỐC PHÒNG QL - KT P. PHÒNG PHỤ TRÁCH ĐỘI TRƯỞNG NGƯỜI LẬP | AS23: MỦ

Sheet Chấm công KT
B1: CỘNG HÒA DÂN CHỦ NHÂN DÂN LÀO
B2: Hòa Bình -Độc Lập - Dân Chủ - thống Nhất - Thịnh Vượng
B3: -----o0o-----
B5: CÔNG TY TNHH MTV QUASA - GERUCO LÀO
B6: ĐỘI SẢN XUẤT SỐ 04
B7: BẢNG CHẤM CÔNG PHỤ CẤP CHO CÔNG NHÂN KHAI THÁC THÁNG 10 NĂM 2025
A8: (Từ ngày 01/10 đến 31/10/2025)
A10: STT | C10: MSNV | D10: HỌ VÀ TÊN | E10: Kí tên | F10: Phụ cấp ngày cạo, ngày chủ nhật | AK10: Ngày công đi cạo thường | AL10: Ngày CN thường | AM10: Ngày công đi cạo 2 lát (đ) | AN10: Ngày công chủ nhật cạo 2 lát (đc) | AO10: Ngày công cạo gia tăng 2 miêng (gt) | AP10: Ngày chủ nhật cạo gia tăng 2 miệng (ct) | AQ10: Tổng công | AU10: Ngày công đi cạo thường (x) | AV10: Ngày CN thường (cn) | AW10: Ngày công đi cạo 2 lát (đ) | AX10: Ngày công chủ nhật cạo 2 lát (đc) | AY10: Ngày công cạo gia tăng 2 miêng (gt) | AZ10: Ngày chủ nhật cạo gia tăng 2 miệng (ct)
F11: 1 | G11: 2 | H11: 3 | I11: 4 | J11: 5 | K11: 6 | L11: 7 | M11: 8 | N11: 9 | O11: 10 | P11: 11 | Q11: 12 | R11: 13 | S11: 14 | T11: 15 | U11: 16 | V11: 17 | W11: 18 | X11: 19 | Y11: 20 | Z11: 21 | AA11: 22 | AB11: 23 | AC11: 24 | AD11: 25 | AE11: 26 | AF11: 27 | AG11: 28 | AH11: 29 | AI11: 30 | AJ11: 31
A12: Trạm 1 | F12: =SUM(COUNTIF(F13:F93,"x"))+(COUNTIF(F13:F93,"cn"))+(COUNTIF(F13:F93,"gt"))+(COUNTIF(F13:F93,"ct"))+(COUNTIF(F13:F93,"đ"))+(COUNTIF(F13:F93,"đc")) -> 73 | G12: =SUM(COUNTIF(G13:G93,"x"))+(COUNTIF(G13:G93,"cn"))+(COUNTIF(G13:G93,"gt"))+(COUNTIF(G13:G93,"ct"))+(COUNTIF(G13:G93,"đ"))+(COUNTIF(G13:G93,"đc")) -> 73 | H12: =SUM(COUNTIF(H13:H93,"x"))+(COUNTIF(H13:H93,"cn"))+(COUNTIF(H13:H93,"gt"))+(COUNTIF(H13:H93,"ct"))+(COUNTIF(H13:H93,"đ"))+(COUNTIF(H13:H93,"đc")) -> 74 | I12: =SUM(COUNTIF(I13:I93,"x"))+(COUNTIF(I13:I93,"cn"))+(COUNTIF(I13:I93,"gt"))+(COUNTIF(I13:I93,"ct"))+(COUNTIF(I13:I93,"đ"))+(COUNTIF(I13:I93,"đc")) -> 74 | J12: =SUM(COUNTIF(J13:J93,"x"))+(COUNTIF(J13:J93,"cn"))+(COUNTIF(J13:J93,"gt"))+(COUNTIF(J13:J93,"ct"))+(COUNTIF(J13:J93,"đ"))+(COUNTIF(J13:J93,"đc")) -> 73 | K12: =SUM(COUNTIF(K13:K93,"x"))+(COUNTIF(K13:K93,"cn"))+(COUNTIF(K13:K93,"gt"))+(COUNTIF(K13:K93,"ct"))+(COUNTIF(K13:K93,"đ"))+(COUNTIF(K13:K93,"đc")) -> 73 | L12: =SUM(COUNTIF(L13:L93,"x"))+(COUNTIF(L13:L93,"cn"))+(COUNTIF(L13:L93,"gt"))+(COUNTIF(L13:L93,"ct"))+(COUNTIF(L13:L93,"đ"))+(COUNTIF(L13:L93,"đc")) -> 74 | M12: =SUM(COUNTIF(M13:M93,"x"))+(COUNTIF(M13:M93,"cn"))+(COUNTIF(M13:M93,"gt"))+(COUNTIF(M13:M93,"ct"))+(COUNTIF(M13:M93,"đ"))+(COUNTIF(M13:M93,"đc")) -> 74 | ... AJ12: =SUM(COUNTIF(AJ13:AJ93,"x"))+(COUNTIF(AJ13:AJ93,"cn"))+(COUNTIF(AJ13:AJ93,"gt"))+(COUNTIF(AJ13:AJ93,"ct"))+(COUNTIF(AJ13:AJ93,"đ"))+(COUNTIF(AJ13:AJ93,"đc")) -> 74 | AK12: =SUM(AK13:AK93) -> 1974 | AL12: =SUM(AL13:AL93) -> 294 | AM12: =SUM(AM13:AM93) -> 0 | AN12: =SUM(AN13:AN93) -> 0 | AO12: =SUM(AO13:AO93) -> 0 | AP12: =SUM(AP13:AP93) -> 0 | AQ12: =SUM(AQ13:AQ93) -> 2268 | AS12: =VLOOKUP(D13,'Mã số nhân viên'!B3:I74,8,0) -> #N/A | AT12: =C13-AS12 -> #N/A
A13: 1 | B13: 1 | D13: T. Lăm | F13: x | G13: x | H13: x | I13: x | J13: cn | K13: x | L13: x | M13: x | N13: x | O13: x | P13: x | Q13: cn | R13: x | S13: x | T13: x | U13: x | V13: x | W13: x | X13: cn | Y13: x | Z13: x | AA13: x | AB13: x | AC13: x | AD13: x | AE13: cn | AF13: x | AG13: x | AH13: x | AI13: x | AJ13: x | AK13: =SUM(COUNTIF(F13:AJ13,"x")) -> 27 | AL13: =SUM(COUNTIF(F13:AJ13,"cn")) -> 4 | AM13: =SUM(COUNTIF(F13:AJ13,"đ")) -> 0 | AN13: =SUM(COUNTIF(F13:AJ13,"đc")) -> 0 | AO13: =SUM(COUNTIF(F13:AJ13,"gt")) -> 0 | AP13: =SUM(COUNTIF(F13:AJ13,"ct")) -> 0 | AQ13: =AK13+AL13+AM13+AN13+AO13+AP13 -> 31 | AS13: =VLOOKUP(D13,'Mã số nhân viên'!B3:I75,8,0) -> #N/A | AT13: =C14-AS13 -> #N/A
A14: 2 | B14: 2 | C14: =VLOOKUP(D14,'Mã số nhân viên'!B4:I135,8,0) -> 04052 | D14: T. Feng | F14: x | G14: x | H14: x | I14: x | J14: cn | K14: x | L14: x | M14: x | N14: x | O14: x | P14: x | Q14: cn | R14: x | S14: x | T14: x | U14: x | V14: x | W14: x | X14: cn | Y14: x | Z14: x | AA14: x | AB14: x | AC14: x | AD14: x | AE14: cn | AF14: x | AG14: x | AH14: x | AI14: x | AJ14: x | AK14: =SUM(COUNTIF(F14:AJ14,"x")) -> 27 | AL14: =SUM(COUNTIF(F14:AJ14,"cn")) -> 4 | AM14: =SUM(COUNTIF(F14:AJ14,"đ")) -> 0 | AN14: =SUM(COUNTIF(F14:AJ14,"đc")) -> 0 | AO14: =SUM(COUNTIF(F14:AJ14,"gt")) -> 0 | AP14: =SUM(COUNTIF(F14:AJ14,"ct")) -> 0 | AQ14: =AK14+AL14+AM14+AN14+AO14+AP14 -> 31 | AS14: =VLOOKUP(D14,'Mã số nhân viên'!B4:I76,8,0) -> 04052 | AT14: =C14-AS14 -> 0
A15: 3 | B15: 3 | C15: =VLOOKUP(D15,'Mã số nhân viên'!B5:I136,8,0) -> 02725 | D15: T. Sa Văn | F15: x | G15: x | H15: x | I15: x | J15: cn | K15: x | L15: x | M15: x | N15: x | O15: x | P15: x | Q15: cn | R15: x | S15: x | T15: x | U15: x | V15: x | W15: x | X15: cn | Y15: x | Z15: x | AA15: x | AB15: x | AC15: x | AD15: tt | AE15: cn | AF15: x | AG15: x | AH15: x | AI15: x | AJ15: x | AK15: =SUM(COUNTIF(F15:AJ15,"x")) -> 26 | AL15: =SUM(COUNTIF(F15:AJ15,"cn")) -> 4 | AM15: =SUM(COUNTIF(F15:AJ15,"đ")) -> 0 | AN15: =SUM(COUNTIF(F15:AJ15,"đc")) -> 0 | AO15: =SUM(COUNTIF(F15:AJ15,"gt")) -> 0 | AP15: =SUM(COUNTIF(F15:AJ15,"ct")) -> 0 | AQ15: =AK15+AL15+AM15+AN15+AO15+AP15 -> 30 | AS15: =VLOOKUP(D15,'Mã số nhân viên'!B5:I77,8,0) -> 02725 | AT15: =C15-AS15 -> 0
A16: 4 | B16: 4 | C16: =VLOOKUP(D16,'Mã số nhân viên'!B6:I137,8,0) -> 04053 | D16: Lăm Ma Thu | F16: x | G16: x | H16: x | I16: x | J16: cn | K16: x | L16: x | M16: x | N16: x | O16: x | P16: x | Q16: cn | R16: x | S16: tt | U16: x | V16: x | W16: x | X16: cn | Y16: x | Z16: x | AA16: x | AB16: x | AC16: x | AD16: x | AE16: cn | AF16: x | AG16: x | AH16: x | AI16: x | AJ16: x | AK16: =SUM(COUNTIF(F16:AJ16,"x")) -> 25 | AL16: =SUM(COUNTIF(F16:AJ16,"cn")) -> 4 | AM16: =SUM(COUNTIF(F16:AJ16,"đ")) -> 0 | AN16: =SUM(COUNTIF(F16:AJ16,"đc")) -> 0 | AO16: =SUM(COUNTIF(F16:AJ16,"gt")) -> 0 | AP16: =SUM(COUNTIF(F16:AJ16,"ct")) -> 0 | AQ16: =AK16+AL16+AM16+AN16+AO16+AP16 -> 29 | AS16: =VLOOKUP(D16,'Mã số nhân viên'!B6:I78,8,0) -> 04053 | AT16: =C16-AS16 -> 0
A17: 5 | B17: 5 | C17: =VLOOKUP(D17,'Mã số nhân viên'!B7:I138,8,0) -> 03459 | D17: N. Vạt | F17: x | G17: x | H17: x | I17: x | J17: cn | K17: x | L17: x | M17: x | N17: x | O17: x | P17: x | Q17: cn | R17: x | S17: tt | T17: x | U17: x | V17: x | W17: x | X17: cn | Y17: x | Z17: x | AA17: x | AB17: x | AC17: x | AD17: x | AE17: tt | AF17: x | AG17: x | AH17: x | AI17: x | AJ17: x | AK17: =SUM(COUNTIF(F17:AJ17,"x")) -> 26 | AL17: =SUM(COUNTIF(F17:AJ17,"cn")) -> 3 | AM17: =SUM(COUNTIF(F17:AJ17,"đ")) -> 0 | AN17: =SUM(COUNTIF(F17:AJ17,"đc")) -> 0 | AO17: =SUM(COUNTIF(F17:AJ17,"gt")) -> 0 | AP17: =SUM(COUNTIF(F17:AJ17,"ct")) -> 0 | AQ17: =AK17+AL17+AM17+AN17+AO17+AP17 -> 29 | AS17: =VLOOKUP(D17,'Mã số nhân viên'!B7:I79,8,0) -> 03459 | AT17: =C17-AS17 -> 0
A18: 6 | B18: 6 | C18: =VLOOKUP(D18,'Mã số nhân viên'!B8:I139,8,0) -> 04054 | D18: N. Kay Son | F18: x | G18: x | H18: x | I18: x | J18: cn | K18: x | L18: x | M18: x | N18: x | O18: x | P18: x | Q18: cn | R18: x | S18: x | T18: x | U18: x | V18: x | W18: x | X18: cn | Y18: x | Z18: x | AA18: x | AB18: x | AC18: x | AD18: x | AE18: cn | AF18: x | AG18: x | AH18: x | AI18: x | AJ18: x | AK18: =SUM(COUNTIF(F18:AJ18,"x")) -> 27 | AL18: =SUM(COUNTIF(F18:AJ18,"cn")) -> 4 | AM18: =SUM(COUNTIF(F18:AJ18,"đ")) -> 0 | AN18: =SUM(COUNTIF(F18:AJ18,"đc")) -> 0 | AO18: =SUM(COUNTIF(F18:AJ18,"gt")) -> 0 | AP18: =SUM(COUNTIF(F18:AJ18,"ct")) -> 0 | AQ18: =AK18+AL18+AM18+AN18+AO18+AP18 -> 31 | AS18: =VLOOKUP(D18,'Mã số nhân viên'!B8:I80,8,0) -> 04054 | AT18: =C18-AS18 -> 0
A19: 7 | B19: 7 | C19: =VLOOKUP(D19,'Mã số nhân viên'!B9:I140,8,0) -> 04055 | D19: T. Đèng 1 | F19: x | G19: x | H19: x | I19: x | J19: cn | K19: x | L19: x | M19: x | N19: x | O19: x | P19: x | Q19: cn | R19: x | S19: x | T19: x | U19: x | V19: x | W19: x | X19: cn | Y19: tt | Z19: x | AA19: x | AB19: x | AC19: x | AD19: x | AE19: cn | AF19: x | AG19: x | AH19: x | AI19: x | AJ19: x | AK19: =SUM(COUNTIF(F19:AJ19,"x")) -> 26 | AL19: =SUM(COUNTIF(F19:AJ19,"cn")) -> 4 | AM19: =SUM(COUNTIF(F19:AJ19,"đ")) -> 0 | AN19: =SUM(COUNTIF(F19:AJ19,"đc")) -> 0 | AO19: =SUM(COUNTIF(F19:AJ19,"gt")) -> 0 | AP19: =SUM(COUNTIF(F19:AJ19,"ct")) -> 0 | AQ19: =AK19+AL19+AM19+AN19+AO19+AP19 -> 30 | AS19: =VLOOKUP(D19,'Mã số nhân viên'!B9:I81,8,0) -> 04055 | AT19: =C19-AS19 -> 0
A20: 8 | B20: 8 | C20: =VLOOKUP(D20,'Mã số nhân viên'!B10:I141,8,0) -> 03462 | D20: T . Bua Ngân | F20: x | G20: x | H20: x | I20: x | J20: cn | K20: x | L20: x | M20: x | N20: x | O20: x | P20: x | Q20: cn | R20: x | S20: x | T20: x | U20: x | V20: x | W20: x | X20: cn | Y20: x | Z20: x | AA20: x | AB20: x | AC20: x | AD20: x | AE20: cn | AF20: x | AG20: x | AH20: x | AI20: x | AJ20: x | AK20: =SUM(COUNTIF(F20:AJ20,"x")) -> 27 | AL20: =SUM(COUNTIF(F20:AJ20,"cn")) -> 4 | AM20: =SUM(COUNTIF(F20:AJ20,"đ")) -> 0 | AN20: =SUM(COUNTIF(F20:AJ20,"đc")) -> 0 | AO20: =SUM(COUNTIF(F20:AJ20,"gt")) -> 0 | AP20: =SUM(COUNTIF(F20:AJ20,"ct")) -> 0 | AQ20: =AK20+AL20+AM20+AN20+AO20+AP20 -> 31 | AS20: =VLOOKUP(D20,'Mã số nhân viên'!B10:I82,8,0) -> 03462 | AT20: =C20-AS20 -> 0
A21: 9 | B21: 9 | C21: =VLOOKUP(D21,'Mã số nhân viên'!B11:I142,8,0) -> 03463 | D21: T Căng | F21: x | G21: x | H21: x | I21: x | J21: cn | K21: x | L21: x | M21: x | N21: x | O21: x | P21: x | Q21: cn | R21: x | S21: x | T21: x | U21: x | V21: x | W21: x | X21: cn | Y21: x | Z21: x | AA21: x | AB21: x | AC21: x | AD21: x | AE21: cn | AF21: x | AG21: x | AH21: x | AI21: x | AJ21: x | AK21: =SUM(COUNTIF(F21:AJ21,"x")) -> 27 | AL21: =SUM(COUNTIF(F21:AJ21,"cn")) -> 4 | AM21: =SUM(COUNTIF(F21:AJ21,"đ")) -> 0 | AN21: =SUM(COUNTIF(F21:AJ21,"đc")) -> 0 | AO21: =SUM(COUNTIF(F21:AJ21,"gt")) -> 0 | AP21: =SUM(COUNTIF(F21:AJ21,"ct")) -> 0 | AQ21: =AK21+AL21+AM21+AN21+AO21+AP21 -> 31 | AS21: =VLOOKUP(D21,'Mã số nhân viên'!B11:I83,8,0) -> 03463 | AT21: =C21-AS21 -> 0
A22: 10 | B22: 10 | C22: =VLOOKUP(D22,'Mã số nhân viên'!B12:I143,8,0) -> 03464 | D22: N. Phôn 1 | F22: x | G22: x | H22: x | I22: x | J22: cn | K22: x | L22: x | M22: x | N22: x | O22: x | P22: x | Q22: cn | R22: x | S22: x | T22: x | U22: x | V22: x | W22: x | X22: cn | Y22: x | Z22: x | AA22: x | AB22: x | AC22: x | AD22: x | AE22: cn | AF22: x | AG22: x | AH22: x | AI22: x | AJ22: x | AK22: =SUM(COUNTIF(F22:AJ22,"x")) -> 27 | AL22: =SUM(COUNTIF(F22:AJ22,"cn")) -> 4 | AM22: =SUM(COUNTIF(F22:AJ22,"đ")) -> 0 | AN22: =SUM(COUNTIF(F22:AJ22,"đc")) -> 0 | AO22: =SUM(COUNTIF(F22:AJ22,"gt")) -> 0 | AP22: =SUM(COUNTIF(F22:AJ22,"ct")) -> 0 | AQ22: =AK22+AL22+AM22+AN22+AO22+AP22 -> 31 | AS22: =VLOOKUP(D22,'Mã số nhân viên'!B12:I84,8,0) -> 03464 | AT22: =C22-AS22 -> 0
A23: 11 | B23: 11 | C23: =VLOOKUP(D23,'Mã số nhân viên'!B13:I144,8,0) -> 03465 | D23: T. In Păn | F23: x | G23: x | H23: x | I23: x | J23: cn | K23: x | L23: x | M23: x | N23: x | O23: x | P23: x | Q23: cn | R23: x | S23: x | T23: x | U23: x | V23: x | W23: x | X23: cn | Y23: x | Z23: x | AA23: x | AB23: x | AC23: x | AD23: x | AE23: cn | AF23: tt | AG23: x | AH23: x | AI23: x | AJ23: x | AK23: =SUM(COUNTIF(F23:AJ23,"x")) -> 26 | AL23: =SUM(COUNTIF(F23:AJ23,"cn")) -> 4 | AM23: =SUM(COUNTIF(F23:AJ23,"đ")) -> 0 | AN23: =SUM(COUNTIF(F23:AJ23,"đc")) -> 0 | AO23: =SUM(COUNTIF(F23:AJ23,"gt")) -> 0 | AP23: =SUM(COUNTIF(F23:AJ23,"ct")) -> 0 | AQ23: =AK23+AL23+AM23+AN23+AO23+AP23 -> 30 | AS23: =VLOOKUP(D23,'Mã số nhân viên'!B13:I85,8,0) -> 03465 | AT23: =C23-AS23 -> 0
A24: 12 | B24: 12 | C24: =VLOOKUP(D24,'Mã số nhân viên'!B14:I145,8,0) -> 03466 | D24: N. Keo | F24: x | G24: x | H24: x | I24: x | J24: cn | K24: x | L24: x | M24: x | N24: x | O24: x | P24: x | Q24: cn | R24: x | S24: x | T24: x | U24: x | V24: x | W24: x | X24: cn | Y24: x | Z24: x | AA24: x | AB24: x | AC24: x | AD24: x | AE24: cn | AF24: x | AG24: x | AH24: x | AI24: x | AJ24: x | AK24: =SUM(COUNTIF(F24:AJ24,"x")) -> 27 | AL24: =SUM(COUNTIF(F24:AJ24,"cn")) -> 4 | AM24: =SUM(COUNTIF(F24:AJ24,"đ")) -> 0 | AN24: =SUM(COUNTIF(F24:AJ24,"đc")) -> 0 | AO24: =SUM(COUNTIF(F24:AJ24,"gt")) -> 0 | AP24: =SUM(COUNTIF(F24:AJ24,"ct")) -> 0 | AQ24: =AK24+AL24+AM24+AN24+AO24+AP24 -> 31 | AS24: =VLOOKUP(D24,'Mã số nhân viên'!B14:I86,8,0) -> 03466 | AT24: =C24-AS24 -> 0
A25: 13 | B25: 13 | C25: =VLOOKUP(D25,'Mã số nhân viên'!B15:I146,8,0) -> 02727 | D25: T. Thong Đon | F25: x | G25: x | H25: x | I25: x | J25: cn | K25: x | L25: x | M25: x | N25: x | O25: x | P25: x | Q25: cn | R25: x | S25: x | T25: x | U25: x | V25: x | W25: x | X25: cn | Y25: x | Z25: x | AA25: x | AB25: x | AC25: x | AD25: x | AE25: cn | AF25: x | AG25: x | AH25: x | AI25: x | AJ25: x | AK25: =SUM(COUNTIF(F25:AJ25,"x")) -> 27 | AL25: =SUM(COUNTIF(F25:AJ25,"cn")) -> 4 | AM25: =SUM(COUNTIF(F25:AJ25,"đ")) -> 0 | AN25: =SUM(COUNTIF(F25:AJ25,"đc")) -> 0 | AO25: =SUM(COUNTIF(F25:AJ25,"gt")) -> 0 | AP25: =SUM(COUNTIF(F25:AJ25,"ct")) -> 0 | AQ25: =AK25+AL25+AM25+AN25+AO25+AP25 -> 31 | AS25: =VLOOKUP(D25,'Mã số nhân viên'!B15:I87,8,0) -> 02727 | AT25: =C25-AS25 -> 0
A26: 14 | B26: 14 | C26: =VLOOKUP(D26,'Mã số nhân viên'!B16:I147,8,0) -> 03467 | D26: T. Hin | F26: x | G26: x | H26: x | I26: x | J26: cn | K26: x | L26: x | M26: x | N26: x | O26: x | P26: x | Q26: cn | R26: x | S26: x | T26: x | U26: x | V26: x | W26: x | X26: cn | Y26: x | Z26: x | AA26: x | AB26: x | AC26: x | AD26: x | AE26: cn | AF26: x | AG26: x | AH26: x | AI26: x | AJ26: x | AK26: =SUM(COUNTIF(F26:AJ26,"x")) -> 27 | AL26: =SUM(COUNTIF(F26:AJ26,"cn")) -> 4 | AM26: =SUM(COUNTIF(F26:AJ26,"đ")) -> 0 | AN26: =SUM(COUNTIF(F26:AJ26,"đc")) -> 0 | AO26: =SUM(COUNTIF(F26:AJ26,"gt")) -> 0 | AP26: =SUM(COUNTIF(F26:AJ26,"ct")) -> 0 | AQ26: =AK26+AL26+AM26+AN26+AO26+AP26 -> 31 | AS26: =VLOOKUP(D26,'Mã số nhân viên'!B16:I88,8,0) -> 03467 | AT26: =C26-AS26 -> 0
A27: 15 | B27: 15 | C27: =VLOOKUP(D27,'Mã số nhân viên'!B17:I148,8,0) -> 04056 | D27: N. Ly Phon | F27: x | G27: x | H27: x | I27: x | J27: cn | K27: x | L27: x | M27: x | N27: x | O27: x | P27: x | Q27: cn | R27: x | S27: x | T27: x | U27: x | V27: x | W27: x | X27: cn | Y27: x | Z27: x | AA27: x | AB27: x | AC27: x | AD27: x | AE27: cn | AF27: x | AG27: x | AH27: x | AI27: x | AJ27: x | AK27: =SUM(COUNTIF(F27:AJ27,"x")) -> 27 | AL27: =SUM(COUNTIF(F27:AJ27,"cn")) -> 4 | AM27: =SUM(COUNTIF(F27:AJ27,"đ")) -> 0 | AN27: =SUM(COUNTIF(F27:AJ27,"đc")) -> 0 | AO27: =SUM(COUNTIF(F27:AJ27,"gt")) -> 0 | AP27: =SUM(COUNTIF(F27:AJ27,"ct")) -> 0 | AQ27: =AK27+AL27+AM27+AN27+AO27+AP27 -> 31 | AS27: =VLOOKUP(D27,'Mã số nhân viên'!B17:I89,8,0) -> 04056 | AT27: =C27-AS27 -> 0
A28: 16 | B28: 16 | C28: =VLOOKUP(D28,'Mã số nhân viên'!B18:I149,8,0) -> 03469 | D28: T. Xôm Va Nít | F28: x | G28: x | H28: x | I28: x | J28: cn | K28: x | L28: x | M28: x | N28: x | O28: x | P28: x | Q28: cn | R28: x | S28: x | T28: x | U28: x | V28: tt | W28: x | X28: cn | Y28: x | Z28: x | AA28: x | AB28: x | AC28: x | AD28: x | AE28: cn | AF28: x | AG28: x | AH28: x | AI28: x | AJ28: x | AK28: =SUM(COUNTIF(F28:AJ28,"x")) -> 26 | AL28: =SUM(COUNTIF(F28:AJ28,"cn")) -> 4 | AM28: =SUM(COUNTIF(F28:AJ28,"đ")) -> 0 | AN28: =SUM(COUNTIF(F28:AJ28,"đc")) -> 0 | AO28: =SUM(COUNTIF(F28:AJ28,"gt")) -> 0 | AP28: =SUM(COUNTIF(F28:AJ28,"ct")) -> 0 | AQ28: =AK28+AL28+AM28+AN28+AO28+AP28 -> 30 | AS28: =VLOOKUP(D28,'Mã số nhân viên'!B18:I90,8,0) -> 03469 | AT28: =C28-AS28 -> 0
... A33: 21 | B33: 21 | C33: =VLOOKUP(D33,'Mã số nhân viên'!B23:I154,8,0) -> 03474 | D33: N. Mon Khăm | F33: x | G33: x | H33: x | I33: x | J33: cn | K33: x | L33: x | M33: x | N33: x | O33: x | P33: x | Q33: cn | R33: x | S33: x | T33: x | U33: x | V33: x | W33: x | X33: cn | Y33: x | Z33: x | AA33: x | AB33: x | AC33: tt | AD33: x | AE33: cn | AF33: tt | AG33: tt | AH33: x | AI33: x | AJ33: x | AK33: =SUM(COUNTIF(F33:AJ33,"x")) -> 24 | AL33: =SUM(COUNTIF(F33:AJ33,"cn")) -> 4 | AM33: =SUM(COUNTIF(F33:AJ33,"đ")) -> 0 | AN33: =SUM(COUNTIF(F33:AJ33,"đc")) -> 0 | AO33: =SUM(COUNTIF(F33:AJ33,"gt")) -> 0 | AP33: =SUM(COUNTIF(F33:AJ33,"ct")) -> 0 | AQ33: =AK33+AL33+AM33+AN33+AO33+AP33 -> 28 | AS33: =VLOOKUP(D33,'Mã số nhân viên'!B23:I95,8,0) -> 03474 | AT33: =C33-AS33 -> 0
A34: 22 | B34: 22 | D34: N.Choi | F34: x | G34: x | H34: x | I34: x | J34: cn | K34: x | L34: x | M34: x | N34: x | O34: x | P34: x | Q34: cn | R34: x | S34: x | T34: x | U34: tt | V34: x | W34: x | X34: cn | Y34: x | Z34: x | AA34: x | AB34: x | AC34: x | AD34: x | AE34: cn | AF34: x | AG34: x | AH34: x | AI34: x | AJ34: x | AK34: =SUM(COUNTIF(F34:AJ34,"x")) -> 26 | AL34: =SUM(COUNTIF(F34:AJ34,"cn")) -> 4 | AM34: =SUM(COUNTIF(F34:AJ34,"đ")) -> 0 | AN34: =SUM(COUNTIF(F34:AJ34,"đc")) -> 0 | AO34: =SUM(COUNTIF(F34:AJ34,"gt")) -> 0 | AP34: =SUM(COUNTIF(F34:AJ34,"ct")) -> 0 | AQ34: =AK34+AL34+AM34+AN34+AO34+AP34 -> 30 | AS34: =VLOOKUP(D34,'Mã số nhân viên'!B24:I96,8,0) -> #N/A | AT34: =C34-AS34 -> #N/A
A35: 23 | B35: 23 | C35: =VLOOKUP(D35,'Mã số nhân viên'!B25:I156,8,0) -> 03476 | D35: T. Bin Ly. | F35: x | G35: x | H35: x | I35: x | J35: cn | K35: x | L35: x | M35: x | N35: x | O35: x | P35: x | Q35: cn | R35: x | S35: x | T35: x | U35: x | V35: x | W35: x | X35: cn | Y35: x | Z35: x | AA35: x | AB35: x | AC35: x | AD35: x | AE35: cn | AF35: x | AG35: x | AH35: x | AI35: x | AJ35: x | AK35: =SUM(COUNTIF(F35:AJ35,"x")) -> 27 | AL35: =SUM(COUNTIF(F35:AJ35,"cn")) -> 4 | AM35: =SUM(COUNTIF(F35:AJ35,"đ")) -> 0 | AN35: =SUM(COUNTIF(F35:AJ35,"đc")) -> 0 | AO35: =SUM(COUNTIF(F35:AJ35,"gt")) -> 0 | AP35: =SUM(COUNTIF(F35:AJ35,"ct")) -> 0 | AQ35: =AK35+AL35+AM35+AN35+AO35+AP35 -> 31 | AS35: =VLOOKUP(D35,'Mã số nhân viên'!B25:I97,8,0) -> 03476 | AT35: =C35-AS35 -> 0
A36: 24 | B36: 24 | D36: N. Tinh | F36: x | G36: x | H36: x | I36: x | J36: cn | K36: x | L36: x | M36: x | N36: x | O36: x | P36: x | Q36: cn | R36: x | S36: x | T36: x | U36: x | V36: x | W36: x | X36: cn | Y36: x | Z36: x | AA36: x | AB36: x | AC36: x | AD36: x | AE36: cn | AF36: x | AG36: x | AH36: x | AI36: x | AJ36: x | AK36: =SUM(COUNTIF(F36:AJ36,"x")) -> 27 | AL36: =SUM(COUNTIF(F36:AJ36,"cn")) -> 4 | AM36: =SUM(COUNTIF(F36:AJ36,"đ")) -> 0 | AN36: =SUM(COUNTIF(F36:AJ36,"đc")) -> 0 | AO36: =SUM(COUNTIF(F36:AJ36,"gt")) -> 0 | AP36: =SUM(COUNTIF(F36:AJ36,"ct")) -> 0 | AQ36: =AK36+AL36+AM36+AN36+AO36+AP36 -> 31 | AS36: =VLOOKUP(D36,'Mã số nhân viên'!B26:I98,8,0) -> #N/A | AT36: =C36-AS36 -> #N/A
A37: 25 | B37: 25 | C37: =VLOOKUP(D37,'Mã số nhân viên'!B27:I158,8,0) -> 03478 | D37: N. Nong | F37: x | G37: x | H37: x | I37: x | J37: cn | K37: x | L37: x | M37: x | N37: x | O37: x | P37: x | Q37: cn | R37: x | S37: x | T37: x | U37: x | V37: x | W37: x | X37: cn | Y37: x | Z37: x | AA37: x | AB37: x | AC37: x | AD37: x | AE37: cn | AF37: x | AG37: x | AH37: x | AI37: x | AJ37: x | AK37: =SUM(COUNTIF(F37:AJ37,"x")) -> 27 | AL37: =SUM(COUNTIF(F37:AJ37,"cn")) -> 4 | AM37: =SUM(COUNTIF(F37:AJ37,"đ")) -> 0 | AN37: =SUM(COUNTIF(F37:AJ37,"đc")) -> 0 | AO37: =SUM(COUNTIF(F37:AJ37,"gt")) -> 0 | AP37: =SUM(COUNTIF(F37:AJ37,"ct")) -> 0 | AQ37: =AK37+AL37+AM37+AN37+AO37+AP37 -> 31 | AS37: =VLOOKUP(D37,'Mã số nhân viên'!B27:I99,8,0) -> 03478 | AT37: =C37-AS37 -> 0
A38: 26 | B38: 26 | C38: =VLOOKUP(D38,'Mã số nhân viên'!B28:I159,8,0) -> 03479 | D38: N. Tun 1 | F38: x | G38: x | H38: x | I38: x | J38: cn | K38: x | L38: x | M38: x | N38: x | O38: x | P38: x | Q38: cn | R38: x | S38: x | T38: tt | U38: x | V38: x | W38: x | X38: cn | Y38: x | Z38: x | AA38: x | AB38: x | AC38: tt | AD38: x | AE38: cn | AF38: x | AG38: x | AH38: x | AI38: x | AJ38: x | AK38: =SUM(COUNTIF(F38:AJ38,"x")) -> 25 | AL38: =SUM(COUNTIF(F38:AJ38,"cn")) -> 4 | AM38: =SUM(COUNTIF(F38:AJ38,"đ")) -> 0 | AN38: =SUM(COUNTIF(F38:AJ38,"đc")) -> 0 | AO38: =SUM(COUNTIF(F38:AJ38,"gt")) -> 0 | AP38: =SUM(COUNTIF(F38:AJ38,"ct")) -> 0 | AQ38: =AK38+AL38+AM38+AN38+AO38+AP38 -> 29 | AS38: =VLOOKUP(D38,'Mã số nhân viên'!B28:I100,8,0) -> 03479 | AT38: =C38-AS38 -> 0
A39: 27 | B39: 27 | C39: =VLOOKUP(D39,'Mã số nhân viên'!B29:I160,8,0) -> 03480 | D39: T . Lốc | F39: x | G39: x | H39: x | I39: x | J39: cn | K39: x | L39: x | M39: x | N39: x | O39: x | P39: x | Q39: cn | R39: x | S39: x | T39: tt | U39: x | V39: x | W39: x | X39: cn | Y39: x | Z39: x | AA39: x | AB39: x | AC39: tt | AD39: x | AE39: cn | AF39: x | AG39: x | AH39: x | AI39: x | AJ39: x | AK39: =SUM(COUNTIF(F39:AJ39,"x")) -> 25 | AL39: =SUM(COUNTIF(F39:AJ39,"cn")) -> 4 | AM39: =SUM(COUNTIF(F39:AJ39,"đ")) -> 0 | AN39: =SUM(COUNTIF(F39:AJ39,"đc")) -> 0 | AO39: =SUM(COUNTIF(F39:AJ39,"gt")) -> 0 | AP39: =SUM(COUNTIF(F39:AJ39,"ct")) -> 0 | AQ39: =AK39+AL39+AM39+AN39+AO39+AP39 -> 29 | AS39: =VLOOKUP(D39,'Mã số nhân viên'!B29:I101,8,0) -> 03480 | AT39: =C39-AS39 -> 0
A40: 28 | B40: 28 | C40: =VLOOKUP(D40,'Mã số nhân viên'!B30:I161,8,0) -> 03481 | D40: N . Khâm (1) | F40: x | G40: x | H40: x | I40: x | J40: cn | K40: x | L40: x | M40: x | N40: x | O40: x | P40: x | Q40: cn | R40: x | S40: x | U40: x | V40: tt | W40: tt | X40: tt | Y40: x | Z40: x | AA40: x | AB40: x | AC40: x | AD40: x | AE40: cn | AF40: x | AG40: x | AH40: x | AI40: x | AJ40: x | AK40: =SUM(COUNTIF(F40:AJ40,"x")) -> 24 | AL40: =SUM(COUNTIF(F40:AJ40,"cn")) -> 3 | AM40: =SUM(COUNTIF(F40:AJ40,"đ")) -> 0 | AN40: =SUM(COUNTIF(F40:AJ40,"đc")) -> 0 | AO40: =SUM(COUNTIF(F40:AJ40,"gt")) -> 0 | AP40: =SUM(COUNTIF(F40:AJ40,"ct")) -> 0 | AQ40: =AK40+AL40+AM40+AN40+AO40+AP40 -> 27 | AS40: =VLOOKUP(D40,'Mã số nhân viên'!B30:I102,8,0) -> 03481 | AT40: =C40-AS40 -> 0
A41: 29 | B41: 29 | C41: =VLOOKUP(D41,'Mã số nhân viên'!B31:I162,8,0) -> 03482 | D41: T . Phết | F41: x | G41: x | H41: x | I41: x | J41: cn | K41: x | L41: x | M41: x | N41: x | O41: x | P41: x | Q41: cn | R41: x | S41: x | U41: x | V41: tt | W41: tt | X41: tt | Y41: x | Z41: x | AA41: x | AB41: x | AC41: x | AD41: x | AE41: cn | AF41: x | AG41: x | AH41: x | AI41: x | AJ41: x | AK41: =SUM(COUNTIF(F41:AJ41,"x")) -> 24 | AL41: =SUM(COUNTIF(F41:AJ41,"cn")) -> 3 | AM41: =SUM(COUNTIF(F41:AJ41,"đ")) -> 0 | AN41: =SUM(COUNTIF(F41:AJ41,"đc")) -> 0 | AO41: =SUM(COUNTIF(F41:AJ41,"gt")) -> 0 | AP41: =SUM(COUNTIF(F41:AJ41,"ct")) -> 0 | AQ41: =AK41+AL41+AM41+AN41+AO41+AP41 -> 27 | AS41: =VLOOKUP(D41,'Mã số nhân viên'!B31:I103,8,0) -> 03482 | AT41: =C41-AS41 -> 0
A42: 30 | B42: 30 | C42: =VLOOKUP(D42,'Mã số nhân viên'!B32:I163,8,0) -> 03483 | D42: T. Viêng Sa Văn | F42: x | G42: x | H42: x | I42: tt | J42: cn | K42: x | L42: x | M42: x | N42: x | O42: x | P42: x | Q42: cn | R42: x | S42: x | T42: x | U42: x | V42: x | W42: x | X42: cn | Y42: x | Z42: x | AA42: x | AB42: x | AC42: tt | AD42: x | AE42: cn | AF42: x | AG42: x | AH42: x | AI42: x | AJ42: x | AK42: =SUM(COUNTIF(F42:AJ42,"x")) -> 25 | AL42: =SUM(COUNTIF(F42:AJ42,"cn")) -> 4 | AM42: =SUM(COUNTIF(F42:AJ42,"đ")) -> 0 | AN42: =SUM(COUNTIF(F42:AJ42,"đc")) -> 0 | AO42: =SUM(COUNTIF(F42:AJ42,"gt")) -> 0 | AP42: =SUM(COUNTIF(F42:AJ42,"ct")) -> 0 | AQ42: =AK42+AL42+AM42+AN42+AO42+AP42 -> 29 | AS42: =VLOOKUP(D42,'Mã số nhân viên'!B32:I104,8,0) -> 03483 | AT42: =C42-AS42 -> 0
A43: 31 | B43: 31 | C43: =VLOOKUP(D43,'Mã số nhân viên'!B33:I164,8,0) -> 03484 | D43: T. Ca Te | F43: x | G43: x | H43: x | I43: x | J43: cn | K43: x | L43: x | M43: x | N43: x | O43: x | P43: x | Q43: cn | R43: x | S43: x | T43: x | U43: x | V43: x | W43: x | X43: cn | Y43: x | Z43: x | AA43: x | AB43: x | AC43: x | AD43: x | AE43: cn | AF43: x | AG43: x | AH43: x | AI43: x | AJ43: x | AK43: =SUM(COUNTIF(F43:AJ43,"x")) -> 27 | AL43: =SUM(COUNTIF(F43:AJ43,"cn")) -> 4 | AM43: =SUM(COUNTIF(F43:AJ43,"đ")) -> 0 | AN43: =SUM(COUNTIF(F43:AJ43,"đc")) -> 0 | AO43: =SUM(COUNTIF(F43:AJ43,"gt")) -> 0 | AP43: =SUM(COUNTIF(F43:AJ43,"ct")) -> 0 | AQ43: =AK43+AL43+AM43+AN43+AO43+AP43 -> 31 | AS43: =VLOOKUP(D43,'Mã số nhân viên'!B33:I105,8,0) -> 03484 | AT43: =C43-AS43 -> 0
A44: 32 | B44: 32 | C44: =VLOOKUP(D44,'Mã số nhân viên'!B34:I165,8,0) -> 03485 | D44: T. Lâm Phon | F44: x | G44: x | H44: x | I44: x | J44: cn | K44: x | L44: x | M44: x | N44: x | O44: x | P44: x | Q44: cn | R44: x | S44: x | T44: x | U44: x | V44: x | W44: x | X44: cn | Y44: x | Z44: x | AA44: x | AB44: x | AC44: x | AD44: x | AE44: cn | AF44: x | AG44: x | AH44: x | AI44: x | AJ44: x | AK44: =SUM(COUNTIF(F44:AJ44,"x")) -> 27 | AL44: =SUM(COUNTIF(F44:AJ44,"cn")) -> 4 | AM44: =SUM(COUNTIF(F44:AJ44,"đ")) -> 0 | AN44: =SUM(COUNTIF(F44:AJ44,"đc")) -> 0 | AO44: =SUM(COUNTIF(F44:AJ44,"gt")) -> 0 | AP44: =SUM(COUNTIF(F44:AJ44,"ct")) -> 0 | AQ44: =AK44+AL44+AM44+AN44+AO44+AP44 -> 31 | AS44: =VLOOKUP(D44,'Mã số nhân viên'!B34:I106,8,0) -> 03485 | AT44: =C44-AS44 -> 0
A45: 33 | B45: 33 | C45: =VLOOKUP(D45,'Mã số nhân viên'!B35:I166,8,0) -> 02712 | D45: T. Sô Đa | F45: x | G45: x | H45: x | I45: x | J45: cn | K45: x | L45: x | M45: x | N45: x | O45: x | P45: x | Q45: cn | R45: x | S45: x | T45: x | U45: x | V45: x | W45: x | X45: cn | Y45: x | Z45: x | AA45: x | AC45: x | AD45: x | AE45: cn | AF45: x | AG45: x | AH45: x | AI45: x | AJ45: x | AK45: =SUM(COUNTIF(F45:AJ45,"x")) -> 26 | AL45: =SUM(COUNTIF(F45:AJ45,"cn")) -> 4 | AM45: =SUM(COUNTIF(F45:AJ45,"đ")) -> 0 | AN45: =SUM(COUNTIF(F45:AJ45,"đc")) -> 0 | AO45: =SUM(COUNTIF(F45:AJ45,"gt")) -> 0 | AP45: =SUM(COUNTIF(F45:AJ45,"ct")) -> 0 | AQ45: =AK45+AL45+AM45+AN45+AO45+AP45 -> 30 | AS45: =VLOOKUP(D45,'Mã số nhân viên'!B35:I107,8,0) -> 02712 | AT45: =C45-AS45 -> 0
A46: 34 | B46: 34 | D46: N. Pheng Mi | F46: x | G46: x | H46: x | I46: x | J46: cn | K46: x | L46: x | M46: x | N46: x | O46: x | P46: x | Q46: cn | R46: x | S46: x | U46: x | V46: x | W46: x | X46: cn | Y46: x | Z46: x | AA46: x | AB46: x | AC46: x | AD46: x | AE46: cn | AF46: x | AG46: x | AH46: x | AI46: x | AJ46: x | AK46: =SUM(COUNTIF(F46:AJ46,"x")) -> 26 | AL46: =SUM(COUNTIF(F46:AJ46,"cn")) -> 4 | AM46: =SUM(COUNTIF(F46:AJ46,"đ")) -> 0 | AN46: =SUM(COUNTIF(F46:AJ46,"đc")) -> 0 | AO46: =SUM(COUNTIF(F46:AJ46,"gt")) -> 0 | AP46: =SUM(COUNTIF(F46:AJ46,"ct")) -> 0 | AQ46: =AK46+AL46+AM46+AN46+AO46+AP46 -> 30 | AS46: =VLOOKUP(D46,'Mã số nhân viên'!B36:I108,8,0) -> #N/A | AT46: =C46-AS46 -> #N/A
A47: 35 | B47: 35 | C47: =VLOOKUP(D47,'Mã số nhân viên'!B37:I168,8,0) -> 02714 | D47: N. Tủn | F47: x | G47: x | H47: x | I47: x | J47: cn | K47: x | L47: x | M47: x | N47: x | O47: x | P47: x | Q47: cn | R47: x | S47: x | T47: x | V47: x | W47: x | X47: cn | Y47: x | Z47: x | AA47: x | AB47: x | AC47: x | AD47: x | AE47: cn | AF47: x | AG47: x | AH47: x | AI47: x | AJ47: x | AK47: =SUM(COUNTIF(F47:AJ47,"x")) -> 26 | AL47: =SUM(COUNTIF(F47:AJ47,"cn")) -> 4 | AM47: =SUM(COUNTIF(F47:AJ47,"đ")) -> 0 | AN47: =SUM(COUNTIF(F47:AJ47,"đc")) -> 0 | AO47: =SUM(COUNTIF(F47:AJ47,"gt")) -> 0 | AP47: =SUM(COUNTIF(F47:AJ47,"ct")) -> 0 | AQ47: =AK47+AL47+AM47+AN47+AO47+AP47 -> 30 | AS47: =VLOOKUP(D47,'Mã số nhân viên'!B37:I109,8,0) -> 02714 | AT47: =C47-AS47 -> 0
A48: 36 | B48: 36 | C48: =VLOOKUP(D48,'Mã số nhân viên'!B38:I169,8,0) -> 02713 | D48: T. Lung | F48: x | G48: x | H48: x | I48: x | J48: cn | K48: x | L48: x | M48: x | N48: x | O48: x | P48: x | Q48: cn | R48: x | S48: x | T48: x | V48: x | W48: x | X48: cn | Y48: x | Z48: x | AA48: x | AB48: x | AC48: x | AD48: x | AE48: cn | AF48: x | AG48: x | AH48: x | AI48: x | AJ48: x | AK48: =SUM(COUNTIF(F48:AJ48,"x")) -> 26 | AL48: =SUM(COUNTIF(F48:AJ48,"cn")) -> 4 | AM48: =SUM(COUNTIF(F48:AJ48,"đ")) -> 0 | AN48: =SUM(COUNTIF(F48:AJ48,"đc")) -> 0 | AO48: =SUM(COUNTIF(F48:AJ48,"gt")) -> 0 | AP48: =SUM(COUNTIF(F48:AJ48,"ct")) -> 0 | AQ48: =AK48+AL48+AM48+AN48+AO48+AP48 -> 30 | AS48: =VLOOKUP(D48,'Mã số nhân viên'!B38:I110,8,0) -> 02713 | AT48: =C48-AS48 -> 0
A49: 37 | B49: 37 | C49: =VLOOKUP(D49,'Mã số nhân viên'!B39:I170,8,0) -> 04058 | D49: T. Bi Ly (2) | F49: x | G49: x | H49: x | I49: x | J49: cn | K49: x | L49: x | M49: x | N49: x | O49: x | P49: x | Q49: cn | R49: x | S49: x | T49: x | U49: x | V49: x | W49: x | X49: cn | Y49: x | Z49: x | AA49: x | AB49: x | AC49: x | AD49: x | AE49: cn | AF49: x | AG49: x | AH49: x | AI49: x | AJ49: x | AK49: =SUM(COUNTIF(F49:AJ49,"x")) -> 27 | AL49: =SUM(COUNTIF(F49:AJ49,"cn")) -> 4 | AM49: =SUM(COUNTIF(F49:AJ49,"đ")) -> 0 | AN49: =SUM(COUNTIF(F49:AJ49,"đc")) -> 0 | AO49: =SUM(COUNTIF(F49:AJ49,"gt")) -> 0 | AP49: =SUM(COUNTIF(F49:AJ49,"ct")) -> 0 | AQ49: =AK49+AL49+AM49+AN49+AO49+AP49 -> 31 | AS49: =VLOOKUP(D49,'Mã số nhân viên'!B39:I111,8,0) -> 04058 | AT49: =C49-AS49 -> 0
A50: 38 | B50: 38 | C50: =VLOOKUP(D50,'Mã số nhân viên'!B40:I171,8,0) -> 03487 | D50: N. Ba Say | F50: x | G50: x | H50: x | I50: x | J50: cn | K50: x | L50: x | M50: x | N50: x | O50: x | P50: x | Q50: cn | R50: x | S50: x | T50: x | U50: x | V50: x | W50: x | X50: cn | Y50: x | Z50: x | AA50: x | AB50: x | AC50: x | AD50: x | AE50: cn | AF50: tt | AG50: x | AH50: x | AI50: x | AJ50: x | AK50: =SUM(COUNTIF(F50:AJ50,"x")) -> 26 | AL50: =SUM(COUNTIF(F50:AJ50,"cn")) -> 4 | AM50: =SUM(COUNTIF(F50:AJ50,"đ")) -> 0 | AN50: =SUM(COUNTIF(F50:AJ50,"đc")) -> 0 | AO50: =SUM(COUNTIF(F50:AJ50,"gt")) -> 0 | AP50: =SUM(COUNTIF(F50:AJ50,"ct")) -> 0 | AQ50: =AK50+AL50+AM50+AN50+AO50+AP50 -> 30 | AS50: =VLOOKUP(D50,'Mã số nhân viên'!B40:I112,8,0) -> 03487 | AT50: =C50-AS50 -> 0
A51: 39 | B51: 39 | C51: =VLOOKUP(D51,'Mã số nhân viên'!B41:I172,8,0) -> 03488 | D51: N. Đeng | F51: x | G51: x | H51: x | I51: x | J51: cn | K51: x | L51: x | M51: x | N51: x | O51: x | P51: tt | Q51: tt | R51: tt | S51: tt | T51: tt | U51: tt | V51: x | W51: x | X51: cn | Y51: x | Z51: x | AA51: x | AB51: x | AC51: x | AD51: x | AE51: cn | AF51: x | AG51: x | AH51: x | AI51: x | AJ51: x | AK51: =SUM(COUNTIF(F51:AJ51,"x")) -> 22 | AL51: =SUM(COUNTIF(F51:AJ51,"cn")) -> 3 | AM51: =SUM(COUNTIF(F51:AJ51,"đ")) -> 0 | AN51: =SUM(COUNTIF(F51:AJ51,"đc")) -> 0 | AO51: =SUM(COUNTIF(F51:AJ51,"gt")) -> 0 | AP51: =SUM(COUNTIF(F51:AJ51,"ct")) -> 0 | AQ51: =AK51+AL51+AM51+AN51+AO51+AP51 -> 25 | AS51: =VLOOKUP(D51,'Mã số nhân viên'!B41:I113,8,0) -> 03488 | AT51: =C51-AS51 -> 0
A52: 40 | B52: 40 | C52: =VLOOKUP(D52,'Mã số nhân viên'!B42:I173,8,0) -> 03489 | D52: T. Tinh | F52: x | G52: x | H52: x | I52: x | J52: cn | K52: x | L52: x | M52: x | N52: x | O52: x | P52: x | Q52: cn | R52: x | S52: x | T52: x | U52: x | V52: x | W52: x | X52: cn | Y52: x | Z52: x | AA52: x | AB52: x | AC52: x | AD52: x | AE52: cn | AF52: tt | AG52: x | AH52: x | AI52: x | AJ52: x | AK52: =SUM(COUNTIF(F52:AJ52,"x")) -> 26 | AL52: =SUM(COUNTIF(F52:AJ52,"cn")) -> 4 | AM52: =SUM(COUNTIF(F52:AJ52,"đ")) -> 0 | AN52: =SUM(COUNTIF(F52:AJ52,"đc")) -> 0 | AO52: =SUM(COUNTIF(F52:AJ52,"gt")) -> 0 | AP52: =SUM(COUNTIF(F52:AJ52,"ct")) -> 0 | AQ52: =AK52+AL52+AM52+AN52+AO52+AP52 -> 30 | AS52: =VLOOKUP(D52,'Mã số nhân viên'!B42:I114,8,0) -> 03489 | AT52: =C52-AS52 -> 0
A53: 41 | B53: 41 | C53: =VLOOKUP(D53,'Mã số nhân viên'!B43:I174,8,0) -> 04059 | D53: T. Khăm Pỏi | F53: x | G53: x | H53: x | I53: x | J53: cn | K53: tt | L53: x | M53: x | N53: x | O53: x | P53: x | Q53: cn | R53: x | S53: x | T53: x | U53: x | V53: x | W53: x | X53: cn | Y53: x | Z53: x | AA53: x | AB53: x | AC53: x | AD53: x | AE53: cn | AF53: x | AG53: x | AH53: x | AI53: x | AJ53: x | AK53: =SUM(COUNTIF(F53:AJ53,"x")) -> 26 | AL53: =SUM(COUNTIF(F53:AJ53,"cn")) -> 4 | AM53: =SUM(COUNTIF(F53:AJ53,"đ")) -> 0 | AN53: =SUM(COUNTIF(F53:AJ53,"đc")) -> 0 | AO53: =SUM(COUNTIF(F53:AJ53,"gt")) -> 0 | AP53: =SUM(COUNTIF(F53:AJ53,"ct")) -> 0 | AQ53: =AK53+AL53+AM53+AN53+AO53+AP53 -> 30 | AS53: =VLOOKUP(D53,'Mã số nhân viên'!B43:I115,8,0) -> 04059 | AT53: =C53-AS53 -> 0
A54: 42 | B54: 42 | C54: =VLOOKUP(D54,'Mã số nhân viên'!B44:I175,8,0) -> 03491 | D54: Lăm Ngân | F54: x | G54: x | H54: x | I54: x | J54: cn | K54: x | L54: x | M54: x | N54: x | O54: x | P54: x | Q54: cn | R54: x | S54: x | T54: x | U54: tt | V54: x | W54: x | X54: cn | Y54: x | Z54: x | AA54: x | AB54: x | AC54: x | AD54: x | AE54: cn | AF54: x | AG54: x | AH54: x | AI54: x | AJ54: x | AK54: =SUM(COUNTIF(F54:AJ54,"x")) -> 26 | AL54: =SUM(COUNTIF(F54:AJ54,"cn")) -> 4 | AM54: =SUM(COUNTIF(F54:AJ54,"đ")) -> 0 | AN54: =SUM(COUNTIF(F54:AJ54,"đc")) -> 0 | AO54: =SUM(COUNTIF(F54:AJ54,"gt")) -> 0 | AP54: =SUM(COUNTIF(F54:AJ54,"ct")) -> 0 | AQ54: =AK54+AL54+AM54+AN54+AO54+AP54 -> 30 | AS54: =VLOOKUP(D54,'Mã số nhân viên'!B44:I116,8,0) -> 03491 | AT54: =C54-AS54 -> 0
A55: 43 | B55: 43 | C55: =VLOOKUP(D55,'Mã số nhân viên'!B45:I176,8,0) -> 04060 | D55: T. Không | F55: x | G55: x | H55: x | I55: x | J55: cn | K55: x | L55: x | M55: x | N55: x | O55: x | P55: x | Q55: cn | R55: x | S55: x | T55: x | U55: x | V55: x | W55: x | X55: cn | Y55: x | Z55: x | AA55: x | AB55: x | AC55: x | AD55: x | AE55: cn | AF55: x | AG55: x | AH55: x | AI55: x | AJ55: x | AK55: =SUM(COUNTIF(F55:AJ55,"x")) -> 27 | AL55: =SUM(COUNTIF(F55:AJ55,"cn")) -> 4 | AM55: =SUM(COUNTIF(F55:AJ55,"đ")) -> 0 | AN55: =SUM(COUNTIF(F55:AJ55,"đc")) -> 0 | AO55: =SUM(COUNTIF(F55:AJ55,"gt")) -> 0 | AP55: =SUM(COUNTIF(F55:AJ55,"ct")) -> 0 | AQ55: =AK55+AL55+AM55+AN55+AO55+AP55 -> 31 | AS55: =VLOOKUP(D55,'Mã số nhân viên'!B45:I117,8,0) -> 04060 | AT55: =C55-AS55 -> 0
A56: 44 | B56: 44 | C56: =VLOOKUP(D56,'Mã số nhân viên'!B46:I177,8,0) -> 03492 | D56: T. Lem | F56: x | G56: x | H56: x | I56: x | J56: cn | K56: x | L56: x | M56: x | N56: x | O56: x | P56: x | Q56: cn | R56: x | S56: x | T56: x | U56: x | V56: x | W56: x | X56: cn | Y56: x | Z56: x | AA56: x | AB56: x | AC56: x | AD56: tt | AE56: cn | AF56: x | AG56: x | AH56: x | AI56: x | AJ56: x | AK56: =SUM(COUNTIF(F56:AJ56,"x")) -> 26 | AL56: =SUM(COUNTIF(F56:AJ56,"cn")) -> 4 | AM56: =SUM(COUNTIF(F56:AJ56,"đ")) -> 0 | AN56: =SUM(COUNTIF(F56:AJ56,"đc")) -> 0 | AO56: =SUM(COUNTIF(F56:AJ56,"gt")) -> 0 | AP56: =SUM(COUNTIF(F56:AJ56,"ct")) -> 0 | AQ56: =AK56+AL56+AM56+AN56+AO56+AP56 -> 30 | AS56: =VLOOKUP(D56,'Mã số nhân viên'!B46:I118,8,0) -> 03492 | AT56: =C56-AS56 -> 0
A57: 45 | B57: 45 | C57: =VLOOKUP(D57,'Mã số nhân viên'!B47:I178,8,0) -> 03493 | D57: T. Pông | F57: x | G57: x | H57: x | I57: x | J57: cn | K57: x | L57: x | M57: x | N57: x | O57: x | P57: x | Q57: cn | R57: x | S57: x | U57: x | V57: x | W57: x | X57: cn | Y57: x | Z57: x | AA57: x | AB57: x | AC57: x | AD57: x | AE57: cn | AF57: x | AG57: x | AH57: x | AI57: x | AJ57: x | AK57: =SUM(COUNTIF(F57:AJ57,"x")) -> 26 | AL57: =SUM(COUNTIF(F57:AJ57,"cn")) -> 4 | AM57: =SUM(COUNTIF(F57:AJ57,"đ")) -> 0 | AN57: =SUM(COUNTIF(F57:AJ57,"đc")) -> 0 | AO57: =SUM(COUNTIF(F57:AJ57,"gt")) -> 0 | AP57: =SUM(COUNTIF(F57:AJ57,"ct")) -> 0 | AQ57: =AK57+AL57+AM57+AN57+AO57+AP57 -> 30 | AS57: =VLOOKUP(D57,'Mã số nhân viên'!B47:I119,8,0) -> 03493 | AT57: =C57-AS57 -> 0
A58: 46 | B58: 46 | C58: =VLOOKUP(D58,'Mã số nhân viên'!B48:I179,8,0) -> 03496 | D58: T. Lốp | F58: x | G58: x | H58: x | I58: x | J58: cn | K58: x | L58: x | M58: x | N58: x | O58: x | P58: x | Q58: cn | R58: x | S58: x | T58: x | U58: x | V58: x | W58: x | X58: cn | Y58: tt | Z58: x | AA58: x | AB58: x | AC58: x | AD58: x | AE58: cn | AF58: x | AG58: x | AH58: x | AI58: x | AJ58: x | AK58: =SUM(COUNTIF(F58:AJ58,"x")) -> 26 | AL58: =SUM(COUNTIF(F58:AJ58,"cn")) -> 4 | AM58: =SUM(COUNTIF(F58:AJ58,"đ")) -> 0 | AN58: =SUM(COUNTIF(F58:AJ58,"đc")) -> 0 | AO58: =SUM(COUNTIF(F58:AJ58,"gt")) -> 0 | AP58: =SUM(COUNTIF(F58:AJ58,"ct")) -> 0 | AQ58: =AK58+AL58+AM58+AN58+AO58+AP58 -> 30 | AS58: =VLOOKUP(D58,'Mã số nhân viên'!B48:I120,8,0) -> 03496 | AT58: =C58-AS58 -> 0
A59: 47 | B59: 47 | C59: =VLOOKUP(D59,'Mã số nhân viên'!B49:I180,8,0) -> 04061 | D59: N. Nu Ni | F59: x | G59: x | H59: x | I59: x | J59: cn | K59: x | L59: x | M59: x | N59: x | O59: x | P59: x | Q59: cn | R59: x | S59: x | T59: x | U59: x | V59: x | W59: x | X59: cn | Y59: tt | Z59: x | AA59: x | AB59: x | AC59: x | AD59: x | AE59: cn | AF59: x | AG59: x | AH59: x | AI59: x | AJ59: x | AK59: =SUM(COUNTIF(F59:AJ59,"x")) -> 26 | AL59: =SUM(COUNTIF(F59:AJ59,"cn")) -> 4 | AM59: =SUM(COUNTIF(F59:AJ59,"đ")) -> 0 | AN59: =SUM(COUNTIF(F59:AJ59,"đc")) -> 0 | AO59: =SUM(COUNTIF(F59:AJ59,"gt")) -> 0 | AP59: =SUM(COUNTIF(F59:AJ59,"ct")) -> 0 | AQ59: =AK59+AL59+AM59+AN59+AO59+AP59 -> 30 | AS59: =VLOOKUP(D59,'Mã số nhân viên'!B49:I121,8,0) -> 04061 | AT59: =C59-AS59 -> 0
A60: 48 | B60: 48 | C60: =VLOOKUP(D60,'Mã số nhân viên'!B50:I181,8,0) -> 03494 | D60: T. Đi | F60: x | G60: x | H60: x | I60: x | J60: cn | K60: x | L60: x | M60: x | N60: x | O60: x | P60: x | Q60: cn | R60: x | S60: x | T60: x | U60: tt | V60: x | W60: x | X60: cn | Y60: x | Z60: x | AA60: x | AB60: x | AC60: x | AD60: x | AE60: cn | AF60: x | AG60: x | AH60: x | AI60: x | AJ60: x | AK60: =SUM(COUNTIF(F60:AJ60,"x")) -> 26 | AL60: =SUM(COUNTIF(F60:AJ60,"cn")) -> 4 | AM60: =SUM(COUNTIF(F60:AJ60,"đ")) -> 0 | AN60: =SUM(COUNTIF(F60:AJ60,"đc")) -> 0 | AO60: =SUM(COUNTIF(F60:AJ60,"gt")) -> 0 | AP60: =SUM(COUNTIF(F60:AJ60,"ct")) -> 0 | AQ60: =AK60+AL60+AM60+AN60+AO60+AP60 -> 30 | AS60: =VLOOKUP(D60,'Mã số nhân viên'!B50:I122,8,0) -> 03494 | AT60: =C60-AS60 -> 0
A61: 49 | B61: 49 | C61: =VLOOKUP(D61,'Mã số nhân viên'!B51:I182,8,0) -> 03495 | D61: N. On Xi | F61: x | G61: x | H61: x | I61: x | J61: cn | K61: x | L61: x | M61: x | N61: x | O61: x | P61: x | Q61: cn | R61: x | S61: x | T61: x | U61: x | V61: x | W61: x | X61: cn | Y61: x | Z61: x | AA61: x | AB61: x | AC61: x | AD61: x | AE61: cn | AF61: x | AG61: x | AH61: x | AI61: x | AJ61: x | AK61: =SUM(COUNTIF(F61:AJ61,"x")) -> 27 | AL61: =SUM(COUNTIF(F61:AJ61,"cn")) -> 4 | AM61: =SUM(COUNTIF(F61:AJ61,"đ")) -> 0 | AN61: =SUM(COUNTIF(F61:AJ61,"đc")) -> 0 | AO61: =SUM(COUNTIF(F61:AJ61,"gt")) -> 0 | AP61: =SUM(COUNTIF(F61:AJ61,"ct")) -> 0 | AQ61: =AK61+AL61+AM61+AN61+AO61+AP61 -> 31 | AS61: =VLOOKUP(D61,'Mã số nhân viên'!B51:I123,8,0) -> 03495 | AT61: =C61-AS61 -> 0
A62: 50 | B62: 50 | C62: =VLOOKUP(D62,'Mã số nhân viên'!B52:I183,8,0) -> 04062 | D62: N. Thông La | F62: x | G62: x | H62: x | I62: x | J62: cn | K62: x | L62: x | M62: x | N62: x | O62: x | P62: x | Q62: cn | R62: x | S62: x | T62: x | U62: x | V62: x | W62: x | X62: cn | Y62: x | Z62: x | AA62: x | AB62: x | AC62: x | AD62: x | AE62: cn | AF62: x | AG62: x | AH62: x | AI62: x | AJ62: x | AK62: =SUM(COUNTIF(F62:AJ62,"x")) -> 27 | AL62: =SUM(COUNTIF(F62:AJ62,"cn")) -> 4 | AM62: =SUM(COUNTIF(F62:AJ62,"đ")) -> 0 | AN62: =SUM(COUNTIF(F62:AJ62,"đc")) -> 0 | AO62: =SUM(COUNTIF(F62:AJ62,"gt")) -> 0 | AP62: =SUM(COUNTIF(F62:AJ62,"ct")) -> 0 | AQ62: =AK62+AL62+AM62+AN62+AO62+AP62 -> 31 | AS62: =VLOOKUP(D62,'Mã số nhân viên'!B52:I124,8,0) -> 04062 | AT62: =C62-AS62 -> 0
A63: 51 | B63: 51 | C63: =VLOOKUP(D63,'Mã số nhân viên'!B53:I184,8,0) -> 03497 | D63: T. Son Xay | F63: x | G63: x | H63: x | I63: x | J63: cn | K63: x | L63: x | M63: x | N63: x | O63: x | P63: x | Q63: cn | R63: x | S63: x | T63: x | U63: x | V63: x | W63: x | X63: cn | Y63: x | Z63: x | AA63: x | AB63: x | AC63: tt | AD63: x | AE63: cn | AF63: x | AG63: x | AH63: x | AI63: x | AJ63: x | AK63: =SUM(COUNTIF(F63:AJ63,"x")) -> 26 | AL63: =SUM(COUNTIF(F63:AJ63,"cn")) -> 4 | AM63: =SUM(COUNTIF(F63:AJ63,"đ")) -> 0 | AN63: =SUM(COUNTIF(F63:AJ63,"đc")) -> 0 | AO63: =SUM(COUNTIF(F63:AJ63,"gt")) -> 0 | AP63: =SUM(COUNTIF(F63:AJ63,"ct")) -> 0 | AQ63: =AK63+AL63+AM63+AN63+AO63+AP63 -> 30 | AS63: =VLOOKUP(D63,'Mã số nhân viên'!B53:I125,8,0) -> 03497 | AT63: =C63-AS63 -> 0
A64: 52 | B64: 52 | C64: =VLOOKUP(D64,'Mã số nhân viên'!B54:I185,8,0) -> 03498 | D64: N. Lăm Phay | F64: x | G64: x | H64: x | I64: x | J64: cn | K64: x | L64: x | M64: x | N64: x | O64: x | P64: x | Q64: cn | R64: x | S64: x | T64: x | U64: x | V64: x | W64: x | X64: cn | Y64: x | Z64: x | AA64: x | AB64: x | AC64: tt | AD64: x | AE64: cn | AF64: x | AG64: x | AH64: x | AI64: x | AJ64: x | AK64: =SUM(COUNTIF(F64:AJ64,"x")) -> 26 | AL64: =SUM(COUNTIF(F64:AJ64,"cn")) -> 4 | AM64: =SUM(COUNTIF(F64:AJ64,"đ")) -> 0 | AN64: =SUM(COUNTIF(F64:AJ64,"đc")) -> 0 | AO64: =SUM(COUNTIF(F64:AJ64,"gt")) -> 0 | AP64: =SUM(COUNTIF(F64:AJ64,"ct")) -> 0 | AQ64: =AK64+AL64+AM64+AN64+AO64+AP64 -> 30 | AS64: =VLOOKUP(D64,'Mã số nhân viên'!B54:I126,8,0) -> 03498 | AT64: =C64-AS64 -> 0
A65: 53 | B65: 53 | C65: =VLOOKUP(D65,'Mã số nhân viên'!B55:I186,8,0) -> 02706 | D65: T. Nhung | F65: x | G65: x | H65: x | I65: x | J65: cn | K65: x | L65: x | M65: x | N65: x | O65: x | P65: x | Q65: cn | R65: x | S65: x | T65: x | U65: x | V65: x | W65: x | X65: cn | Y65: x | Z65: x | AA65: x | AB65: x | AC65: x | AD65: x | AE65: cn | AF65: x | AG65: x | AH65: x | AI65: x | AJ65: x | AK65: =SUM(COUNTIF(F65:AJ65,"x")) -> 27 | AL65: =SUM(COUNTIF(F65:AJ65,"cn")) -> 4 | AM65: =SUM(COUNTIF(F65:AJ65,"đ")) -> 0 | AN65: =SUM(COUNTIF(F65:AJ65,"đc")) -> 0 | AO65: =SUM(COUNTIF(F65:AJ65,"gt")) -> 0 | AP65: =SUM(COUNTIF(F65:AJ65,"ct")) -> 0 | AQ65: =AK65+AL65+AM65+AN65+AO65+AP65 -> 31 | AS65: =VLOOKUP(D65,'Mã số nhân viên'!B55:I127,8,0) -> 02706 | AT65: =C65-AS65 -> 0
A66: 54 | B66: 54 | D66: N. In Ton | F66: x | G66: x | H66: x | I66: x | J66: cn | K66: x | L66: x | M66: x | N66: x | O66: x | P66: x | Q66: cn | R66: x | S66: x | T66: x | U66: x | V66: x | W66: x | X66: cn | Y66: x | Z66: x | AA66: x | AB66: x | AC66: x | AD66: x | AE66: cn | AF66: x | AG66: x | AH66: x | AI66: x | AJ66: x | AK66: =SUM(COUNTIF(F66:AJ66,"x")) -> 27 | AL66: =SUM(COUNTIF(F66:AJ66,"cn")) -> 4 | AM66: =SUM(COUNTIF(F66:AJ66,"đ")) -> 0 | AN66: =SUM(COUNTIF(F66:AJ66,"đc")) -> 0 | AO66: =SUM(COUNTIF(F66:AJ66,"gt")) -> 0 | AP66: =SUM(COUNTIF(F66:AJ66,"ct")) -> 0 | AQ66: =AK66+AL66+AM66+AN66+AO66+AP66 -> 31 | AS66: =VLOOKUP(D66,'Mã số nhân viên'!B56:I128,8,0) -> #N/A | AT66: =C66-AS66 -> #N/A
A67: 55 | B67: 55 | C67: =VLOOKUP(D67,'Mã số nhân viên'!B57:I188,8,0) -> 04064 | D67: N. Khay Chăn | F67: x | G67: x | H67: x | I67: x | J67: cn | K67: x | L67: x | M67: x | N67: x | O67: x | P67: x | Q67: cn | R67: x | S67: x | T67: x | U67: x | V67: x | W67: x | X67: cn | Y67: x | Z67: x | AA67: x | AB67: x | AC67: x | AD67: x | AE67: cn | AF67: x | AG67: x | AH67: x | AI67: x | AJ67: x | AK67: =SUM(COUNTIF(F67:AJ67,"x")) -> 27 | AL67: =SUM(COUNTIF(F67:AJ67,"cn")) -> 4 | AM67: =SUM(COUNTIF(F67:AJ67,"đ")) -> 0 | AN67: =SUM(COUNTIF(F67:AJ67,"đc")) -> 0 | AO67: =SUM(COUNTIF(F67:AJ67,"gt")) -> 0 | AP67: =SUM(COUNTIF(F67:AJ67,"ct")) -> 0 | AQ67: =AK67+AL67+AM67+AN67+AO67+AP67 -> 31 | AS67: =VLOOKUP(D67,'Mã số nhân viên'!B57:I129,8,0) -> 04064 | AT67: =C67-AS67 -> 0
A68: 56 | B68: 56 | C68: =VLOOKUP(D68,'Mã số nhân viên'!B58:I189,8,0) -> 03501 | D68: T Dăn | F68: x | G68: x | H68: x | I68: tt | J68: cn | K68: x | L68: x | M68: x | N68: x | O68: x | P68: x | Q68: cn | R68: x | S68: x | T68: x | U68: x | V68: x | W68: x | X68: cn | Y68: x | Z68: x | AA68: x | AB68: x | AC68: x | AD68: x | AE68: cn | AF68: x | AG68: x | AH68: x | AI68: x | AJ68: x | AK68: =SUM(COUNTIF(F68:AJ68,"x")) -> 26 | AL68: =SUM(COUNTIF(F68:AJ68,"cn")) -> 4 | AM68: =SUM(COUNTIF(F68:AJ68,"đ")) -> 0 | AN68: =SUM(COUNTIF(F68:AJ68,"đc")) -> 0 | AO68: =SUM(COUNTIF(F68:AJ68,"gt")) -> 0 | AP68: =SUM(COUNTIF(F68:AJ68,"ct")) -> 0 | AQ68: =AK68+AL68+AM68+AN68+AO68+AP68 -> 30 | AS68: =VLOOKUP(D68,'Mã số nhân viên'!B58:I130,8,0) -> 03501 | AT68: =C68-AS68 -> 0
A69: 57 | B69: 57 | C69: =VLOOKUP(D69,'Mã số nhân viên'!B59:I190,8,0) -> 03502 | D69: T. Xợt | F69: x | G69: x | H69: x | I69: x | J69: cn | K69: x | L69: x | M69: x | N69: x | O69: x | P69: x | Q69: cn | R69: x | S69: x | T69: x | U69: x | V69: x | W69: x | X69: cn | Y69: x | Z69: x | AA69: x | AB69: x | AC69: x | AD69: x | AE69: cn | AF69: x | AG69: x | AH69: x | AI69: x | AJ69: x | AK69: =SUM(COUNTIF(F69:AJ69,"x")) -> 27 | AL69: =SUM(COUNTIF(F69:AJ69,"cn")) -> 4 | AM69: =SUM(COUNTIF(F69:AJ69,"đ")) -> 0 | AN69: =SUM(COUNTIF(F69:AJ69,"đc")) -> 0 | AO69: =SUM(COUNTIF(F69:AJ69,"gt")) -> 0 | AP69: =SUM(COUNTIF(F69:AJ69,"ct")) -> 0 | AQ69: =AK69+AL69+AM69+AN69+AO69+AP69 -> 31 | AS69: =VLOOKUP(D69,'Mã số nhân viên'!B59:I131,8,0) -> 03502 | AT69: =C69-AS69 -> 0
A70: 58 | B70: 58 | C70: =VLOOKUP(D70,'Mã số nhân viên'!B60:I191,8,0) -> 04065 | D70: N. Phết 2 | F70: x | G70: x | H70: x | I70: x | J70: cn | K70: x | L70: x | M70: x | N70: x | O70: x | P70: x | Q70: cn | R70: x | S70: x | T70: x | U70: x | V70: x | W70: x | X70: cn | Y70: x | Z70: x | AA70: x | AB70: x | AC70: x | AD70: x | AE70: cn | AF70: x | AG70: x | AH70: x | AI70: x | AJ70: x | AK70: =SUM(COUNTIF(F70:AJ70,"x")) -> 27 | AL70: =SUM(COUNTIF(F70:AJ70,"cn")) -> 4 | AM70: =SUM(COUNTIF(F70:AJ70,"đ")) -> 0 | AN70: =SUM(COUNTIF(F70:AJ70,"đc")) -> 0 | AO70: =SUM(COUNTIF(F70:AJ70,"gt")) -> 0 | AP70: =SUM(COUNTIF(F70:AJ70,"ct")) -> 0 | AQ70: =AK70+AL70+AM70+AN70+AO70+AP70 -> 31 | AS70: =VLOOKUP(D70,'Mã số nhân viên'!B60:I132,8,0) -> 04065 | AT70: =C70-AS70 -> 0
A71: 59 | B71: 59 | C71: =VLOOKUP(D71,'Mã số nhân viên'!B61:I192,8,0) -> 03504 | D71: T. Cạp | F71: x | G71: x | H71: x | I71: x | J71: cn | K71: x | L71: x | M71: x | N71: x | O71: x | P71: x | Q71: cn | R71: x | S71: x | T71: x | U71: tt | V71: x | W71: x | X71: cn | Y71: x | Z71: x | AA71: x | AB71: x | AC71: x | AD71: x | AE71: cn | AF71: x | AG71: x | AH71: x | AI71: x | AJ71: x | AK71: =SUM(COUNTIF(F71:AJ71,"x")) -> 26 | AL71: =SUM(COUNTIF(F71:AJ71,"cn")) -> 4 | AM71: =SUM(COUNTIF(F71:AJ71,"đ")) -> 0 | AN71: =SUM(COUNTIF(F71:AJ71,"đc")) -> 0 | AO71: =SUM(COUNTIF(F71:AJ71,"gt")) -> 0 | AP71: =SUM(COUNTIF(F71:AJ71,"ct")) -> 0 | AQ71: =AK71+AL71+AM71+AN71+AO71+AP71 -> 30 | AS71: =VLOOKUP(D71,'Mã số nhân viên'!B61:I133,8,0) -> 03504 | AT71: =C71-AS71 -> 0
A72: 60 | B72: 60 | D72: N. Ních | F72: x | G72: x | H72: x | I72: x | J72: cn | K72: x | L72: x | M72: x | N72: x | O72: x | P72: x | Q72: cn | R72: x | S72: x | T72: x | U72: x | V72: x | W72: x | X72: cn | Y72: x | Z72: tt | AA72: x | AB72: x | AC72: x | AD72: x | AE72: cn | AF72: x | AG72: x | AH72: x | AI72: x | AJ72: x | AK72: =SUM(COUNTIF(F72:AJ72,"x")) -> 26 | AL72: =SUM(COUNTIF(F72:AJ72,"cn")) -> 4 | AM72: =SUM(COUNTIF(F72:AJ72,"đ")) -> 0 | AN72: =SUM(COUNTIF(F72:AJ72,"đc")) -> 0 | AO72: =SUM(COUNTIF(F72:AJ72,"gt")) -> 0 | AP72: =SUM(COUNTIF(F72:AJ72,"ct")) -> 0 | AQ72: =AK72+AL72+AM72+AN72+AO72+AP72 -> 30 | AS72: =VLOOKUP(D72,'Mã số nhân viên'!B62:I134,8,0) -> #N/A | AT72: =C72-AS72 -> #N/A
A73: 61 | B73: 61 | C73: =VLOOKUP(D73,'Mã số nhân viên'!B63:I194,8,0) -> 03506 | D73: N. Bua Hom | F73: x | G73: x | H73: x | I73: x | J73: cn | K73: x | L73: x | M73: x | N73: x | O73: x | P73: x | Q73: cn | R73: x | S73: x | T73: x | U73: x | V73: x | W73: x | X73: cn | Y73: x | Z73: x | AA73: x | AB73: x | AC73: x | AD73: x | AE73: cn | AF73: x | AG73: x | AH73: x | AI73: x | AJ73: x | AK73: =SUM(COUNTIF(F73:AJ73,"x")) -> 27 | AL73: =SUM(COUNTIF(F73:AJ73,"cn")) -> 4 | AM73: =SUM(COUNTIF(F73:AJ73,"đ")) -> 0 | AN73: =SUM(COUNTIF(F73:AJ73,"đc")) -> 0 | AO73: =SUM(COUNTIF(F73:AJ73,"gt")) -> 0 | AP73: =SUM(COUNTIF(F73:AJ73,"ct")) -> 0 | AQ73: =AK73+AL73+AM73+AN73+AO73+AP73 -> 31 | AS73: =VLOOKUP(D73,'Mã số nhân viên'!B63:I135,8,0) -> 03506 | AT73: =C73-AS73 -> 0
A74: 62 | B74: 62 | C74: =VLOOKUP(D74,'Mã số nhân viên'!B64:I195,8,0) -> 04067 | D74: N. Lăm Phay (2) | F74: x | G74: x | H74: x | I74: x | J74: cn | K74: x | L74: x | M74: x | N74: x | O74: x | P74: x | Q74: cn | R74: x | S74: tt | U74: x | V74: x | W74: x | X74: cn | Y74: x | Z74: x | AA74: x | AB74: x | AC74: x | AD74: x | AE74: cn | AF74: x | AG74: x | AH74: x | AI74: x | AJ74: x | AK74: =SUM(COUNTIF(F74:AJ74,"x")) -> 25 | AL74: =SUM(COUNTIF(F74:AJ74,"cn")) -> 4 | AM74: =SUM(COUNTIF(F74:AJ74,"đ")) -> 0 | AN74: =SUM(COUNTIF(F74:AJ74,"đc")) -> 0 | AO74: =SUM(COUNTIF(F74:AJ74,"gt")) -> 0 | AP74: =SUM(COUNTIF(F74:AJ74,"ct")) -> 0 | AQ74: =AK74+AL74+AM74+AN74+AO74+AP74 -> 29 | AS74: =VLOOKUP(D74,'Mã số nhân viên'!B64:I136,8,0) -> 04067 | AT74: =C74-AS74 -> 0
A75: 63 | B75: 63 | C75: =VLOOKUP(D75,'Mã số nhân viên'!B65:I196,8,0) -> 03508 | D75: T. Đèng | F75: x | G75: x | H75: x | I75: x | J75: cn | K75: x | L75: x | M75: x | N75: tt | O75: x | P75: x | Q75: cn | R75: x | S75: x | T75: x | U75: x | V75: tt | W75: tt | X75: tt | Y75: x | Z75: x | AA75: x | AB75: x | AC75: x | AD75: x | AE75: cn | AF75: x | AG75: tt | AH75: x | AI75: x | AJ75: x | AK75: =SUM(COUNTIF(F75:AJ75,"x")) -> 23 | AL75: =SUM(COUNTIF(F75:AJ75,"cn")) -> 3 | AM75: =SUM(COUNTIF(F75:AJ75,"đ")) -> 0 | AN75: =SUM(COUNTIF(F75:AJ75,"đc")) -> 0 | AO75: =SUM(COUNTIF(F75:AJ75,"gt")) -> 0 | AP75: =SUM(COUNTIF(F75:AJ75,"ct")) -> 0 | AQ75: =AK75+AL75+AM75+AN75+AO75+AP75 -> 26 | AS75: =VLOOKUP(D75,'Mã số nhân viên'!B65:I137,8,0) -> 03508 | AT75: =C75-AS75 -> 0
A76: 64 | B76: 64 | C76: =VLOOKUP(D76,'Mã số nhân viên'!B66:I197,8,0) -> 03512 | D76: N. Đon | F76: x | G76: x | H76: x | I76: x | J76: cn | K76: x | L76: x | M76: x | N76: x | O76: x | P76: x | Q76: cn | R76: x | S76: x | T76: x | U76: x | V76: x | W76: x | X76: tt | Y76: x | Z76: x | AA76: x | AB76: x | AC76: x | AD76: x | AE76: cn | AF76: x | AG76: x | AH76: x | AI76: x | AJ76: x | AK76: =SUM(COUNTIF(F76:AJ76,"x")) -> 27 | AL76: =SUM(COUNTIF(F76:AJ76,"cn")) -> 3 | AM76: =SUM(COUNTIF(F76:AJ76,"đ")) -> 0 | AN76: =SUM(COUNTIF(F76:AJ76,"đc")) -> 0 | AO76: =SUM(COUNTIF(F76:AJ76,"gt")) -> 0 | AP76: =SUM(COUNTIF(F76:AJ76,"ct")) -> 0 | AQ76: =AK76+AL76+AM76+AN76+AO76+AP76 -> 30 | AS76: =VLOOKUP(D76,'Mã số nhân viên'!B66:I138,8,0) -> 03512 | AT76: =C76-AS76 -> 0
A77: 65 | B77: 65 | C77: =VLOOKUP(D77,'Mã số nhân viên'!B67:I198,8,0) -> 04068 | D77: T. La | F77: x | G77: x | H77: x | I77: tt | J77: cn | K77: x | L77: x | M77: x | N77: x | O77: x | P77: tt | Q77: cn | R77: x | S77: x | T77: x | U77: x | V77: x | W77: x | X77: cn | Y77: x | Z77: x | AA77: x | AB77: x | AC77: x | AD77: x | AE77: cn | AF77: x | AG77: x | AH77: x | AI77: x | AJ77: x | AK77: =SUM(COUNTIF(F77:AJ77,"x")) -> 25 | AL77: =SUM(COUNTIF(F77:AJ77,"cn")) -> 4 | AM77: =SUM(COUNTIF(F77:AJ77,"đ")) -> 0 | AN77: =SUM(COUNTIF(F77:AJ77,"đc")) -> 0 | AO77: =SUM(COUNTIF(F77:AJ77,"gt")) -> 0 | AP77: =SUM(COUNTIF(F77:AJ77,"ct")) -> 0 | AQ77: =AK77+AL77+AM77+AN77+AO77+AP77 -> 29 | AS77: =VLOOKUP(D77,'Mã số nhân viên'!B67:I139,8,0) -> 04068 | AT77: =C77-AS77 -> 0
A78: 66 | B78: 66 | C78: =VLOOKUP(D78,'Mã số nhân viên'!B68:I199,8,0) -> 04069 | D78: T. Bờm | F78: x | G78: x | H78: x | I78: tt | J78: cn | K78: x | L78: x | M78: x | N78: x | O78: x | P78: x | Q78: cn | R78: x | S78: x | T78: x | U78: x | V78: x | W78: x | X78: tt | Y78: x | Z78: x | AA78: x | AB78: x | AC78: x | AD78: x | AE78: cn | AF78: x | AG78: x | AH78: x | AI78: x | AJ78: x | AK78: =SUM(COUNTIF(F78:AJ78,"x")) -> 26 | AL78: =SUM(COUNTIF(F78:AJ78,"cn")) -> 3 | AM78: =SUM(COUNTIF(F78:AJ78,"đ")) -> 0 | AN78: =SUM(COUNTIF(F78:AJ78,"đc")) -> 0 | AO78: =SUM(COUNTIF(F78:AJ78,"gt")) -> 0 | AP78: =SUM(COUNTIF(F78:AJ78,"ct")) -> 0 | AQ78: =AK78+AL78+AM78+AN78+AO78+AP78 -> 29 | AS78: =VLOOKUP(D78,'Mã số nhân viên'!B68:I140,8,0) -> 04069 | AT78: =C78-AS78 -> 0
A79: 67 | B79: 67 | C79: =VLOOKUP(D79,'Mã số nhân viên'!B69:I200,8,0) -> 03546 | D79: T. Nọi | F79: x | G79: x | H79: x | I79: x | J79: cn | K79: x | L79: x | M79: x | N79: x | O79: x | P79: x | Q79: cn | R79: x | S79: x | T79: x | U79: tt | V79: x | W79: x | X79: cn | Y79: x | AA79: x | AB79: x | AC79: x | AD79: x | AE79: cn | AF79: x | AG79: x | AH79: x | AI79: x | AJ79: x | AK79: =SUM(COUNTIF(F79:AJ79,"x")) -> 25 | AL79: =SUM(COUNTIF(F79:AJ79,"cn")) -> 4 | AM79: =SUM(COUNTIF(F79:AJ79,"đ")) -> 0 | AN79: =SUM(COUNTIF(F79:AJ79,"đc")) -> 0 | AO79: =SUM(COUNTIF(F79:AJ79,"gt")) -> 0 | AP79: =SUM(COUNTIF(F79:AJ79,"ct")) -> 0 | AQ79: =AK79+AL79+AM79+AN79+AO79+AP79 -> 29 | AS79: =VLOOKUP(D79,'Mã số nhân viên'!B69:I141,8,0) -> 03546 | AT79: =C79-AS79 -> 0
A80: 68 | B80: 68 | D80: T. Kong Ma Ny | F80: x | G80: x | H80: x | I80: x | J80: cn | K80: x | L80: x | M80: x | N80: x | O80: x | P80: x | Q80: cn | R80: x | S80: x | T80: x | U80: x | V80: x | W80: x | X80: cn | Y80: x | Z80: x | AA80: x | AB80: x | AC80: x | AD80: x | AE80: cn | AF80: x | AG80: x | AH80: x | AI80: x | AJ80: x | AK80: =SUM(COUNTIF(F80:AJ80,"x")) -> 27 | AL80: =SUM(COUNTIF(F80:AJ80,"cn")) -> 4 | AM80: =SUM(COUNTIF(F80:AJ80,"đ")) -> 0 | AN80: =SUM(COUNTIF(F80:AJ80,"đc")) -> 0 | AO80: =SUM(COUNTIF(F80:AJ80,"gt")) -> 0 | AP80: =SUM(COUNTIF(F80:AJ80,"ct")) -> 0 | AQ80: =AK80+AL80+AM80+AN80+AO80+AP80 -> 31 | AS80: =VLOOKUP(D80,'Mã số nhân viên'!B70:I142,8,0) -> #N/A | AT80: =C80-AS80 -> #N/A
A81: 69 | B81: 69 | D81: T. Hô Lông | F81: x | G81: x | H81: x | I81: x | J81: cn | K81: x | L81: x | M81: x | N81: x | O81: x | P81: x | Q81: cn | R81: x | S81: x | T81: x | U81: x | V81: x | W81: x | X81: cn | Y81: x | Z81: x | AA81: x | AB81: x | AC81: x | AD81: x | AE81: cn | AF81: x | AG81: x | AH81: x | AI81: x | AJ81: x | AK81: =SUM(COUNTIF(F81:AJ81,"x")) -> 27 | AL81: =SUM(COUNTIF(F81:AJ81,"cn")) -> 4 | AM81: =SUM(COUNTIF(F81:AJ81,"đ")) -> 0 | AN81: =SUM(COUNTIF(F81:AJ81,"đc")) -> 0 | AO81: =SUM(COUNTIF(F81:AJ81,"gt")) -> 0 | AP81: =SUM(COUNTIF(F81:AJ81,"ct")) -> 0 | AQ81: =AK81+AL81+AM81+AN81+AO81+AP81 -> 31 | AS81: =VLOOKUP(D81,'Mã số nhân viên'!B71:I143,8,0) -> #N/A | AT81: =C81-AS81 -> #N/A
A82: 70 | B82: 70 | C82: =VLOOKUP(D82,'Mã số nhân viên'!B72:I203,8,0) -> 03515 | D82: N. Xi | F82: x | G82: x | H82: x | I82: x | J82: cn | K82: x | L82: x | M82: x | N82: x | O82: x | P82: x | Q82: cn | R82: x | S82: x | T82: x | U82: x | V82: x | W82: x | X82: cn | Y82: x | Z82: x | AA82: x | AB82: x | AC82: x | AD82: x | AE82: cn | AF82: x | AG82: x | AH82: x | AI82: x | AJ82: x | AK82: =SUM(COUNTIF(F82:AJ82,"x")) -> 27 | AL82: =SUM(COUNTIF(F82:AJ82,"cn")) -> 4 | AM82: =SUM(COUNTIF(F82:AJ82,"đ")) -> 0 | AN82: =SUM(COUNTIF(F82:AJ82,"đc")) -> 0 | AO82: =SUM(COUNTIF(F82:AJ82,"gt")) -> 0 | AP82: =SUM(COUNTIF(F82:AJ82,"ct")) -> 0 | AQ82: =AK82+AL82+AM82+AN82+AO82+AP82 -> 31 | AS82: =VLOOKUP(D82,'Mã số nhân viên'!B72:I144,8,0) -> 03515 | AT82: =C82-AS82 -> 0
A83: 71 | B83: 71 | C83: =VLOOKUP(D83,'Mã số nhân viên'!B73:I204,8,0) -> 03516 | D83: N. Chay | F83: x | G83: x | H83: x | I83: x | J83: cn | K83: x | L83: x | M83: x | N83: x | O83: x | P83: x | Q83: cn | R83: x | S83: x | T83: x | V83: x | W83: x | X83: cn | Y83: x | Z83: x | AA83: x | AB83: x | AC83: x | AD83: x | AE83: cn | AF83: x | AG83: x | AH83: x | AI83: x | AJ83: x | AK83: =SUM(COUNTIF(F83:AJ83,"x")) -> 26 | AL83: =SUM(COUNTIF(F83:AJ83,"cn")) -> 4 | AM83: =SUM(COUNTIF(F83:AJ83,"đ")) -> 0 | AN83: =SUM(COUNTIF(F83:AJ83,"đc")) -> 0 | AO83: =SUM(COUNTIF(F83:AJ83,"gt")) -> 0 | AP83: =SUM(COUNTIF(F83:AJ83,"ct")) -> 0 | AQ83: =AK83+AL83+AM83+AN83+AO83+AP83 -> 30 | AS83: =VLOOKUP(D83,'Mã số nhân viên'!B73:I145,8,0) -> 03516 | AT83: =C83-AS83 -> 0
A84: 72 | B84: 72 | C84: =VLOOKUP(D84,'Mã số nhân viên'!B74:I205,8,0) -> 03544 | D84: T. Ta | F84: x | G84: tt | H84: tt | I84: x | J84: cn | K84: x | L84: x | M84: x | N84: x | O84: x | P84: x | Q84: cn | R84: x | S84: x | T84: x | U84: x | V84: x | W84: x | X84: cn | Y84: x | Z84: tt | AA84: tt | AB84: tt | AC84: x | AD84: x | AE84: cn | AF84: x | AG84: tt | AH84: x | AI84: x | AJ84: x | AK84: =SUM(COUNTIF(F84:AJ84,"x")) -> 21 | AL84: =SUM(COUNTIF(F84:AJ84,"cn")) -> 4 | AM84: =SUM(COUNTIF(F84:AJ84,"đ")) -> 0 | AN84: =SUM(COUNTIF(F84:AJ84,"đc")) -> 0 | AO84: =SUM(COUNTIF(F84:AJ84,"gt")) -> 0 | AP84: =SUM(COUNTIF(F84:AJ84,"ct")) -> 0 | AQ84: =AK84+AL84+AM84+AN84+AO84+AP84 -> 25 | AS84: =VLOOKUP(D84,'Mã số nhân viên'!B74:I146,8,0) -> 03544 | AT84: =C84-AS84 -> 0
A85: 73 | B85: 73 | C85: =VLOOKUP(D85,'Mã số nhân viên'!B75:I206,8,0) -> 04071 | D85: T. Ne | F85: x | G85: tt | H85: tt | I85: x | J85: cn | K85: x | L85: x | M85: x | N85: x | O85: x | P85: x | Q85: cn | R85: x | S85: x | T85: x | U85: x | V85: x | W85: x | X85: cn | Y85: x | Z85: tt | AA85: tt | AB85: tt | AC85: x | AD85: x | AE85: cn | AF85: x | AG85: tt | AH85: x | AI85: x | AJ85: x | AK85: =SUM(COUNTIF(F85:AJ85,"x")) -> 21 | AL85: =SUM(COUNTIF(F85:AJ85,"cn")) -> 4 | AM85: =SUM(COUNTIF(F85:AJ85,"đ")) -> 0 | AN85: =SUM(COUNTIF(F85:AJ85,"đc")) -> 0 | AO85: =SUM(COUNTIF(F85:AJ85,"gt")) -> 0 | AP85: =SUM(COUNTIF(F85:AJ85,"ct")) -> 0 | AQ85: =AK85+AL85+AM85+AN85+AO85+AP85 -> 25 | AS85: =VLOOKUP(D85,'Mã số nhân viên'!B75:I147,8,0) -> 04071 | AT85: =C85-AS85 -> 0
A86: 74 | B86: 74 | D86: N. Khăn | H86: x | I86: x | L86: x | M86: x | P86: x | Q86: cn | T86: x | U86: x | X86: cn | Y86: x | AB86: x | AC86: x | AF86: x | AG86: x | AJ86: x | AK86: =SUM(COUNTIF(F86:AJ86,"x")) -> 13 | AL86: =SUM(COUNTIF(F86:AJ86,"cn")) -> 2 | AM86: =SUM(COUNTIF(F86:AJ86,"đ")) -> 0 | AN86: =SUM(COUNTIF(F86:AJ86,"đc")) -> 0 | AO86: =SUM(COUNTIF(F86:AJ86,"gt")) -> 0 | AP86: =SUM(COUNTIF(F86:AJ86,"ct")) -> 0 | AQ86: =AK86+AL86+AM86+AN86+AO86+AP86 -> 15
A87: 75 | B87: 75 | D87: T. Lã | G87: x | H87: x | I87: x | K87: x | N87: x | P87: x | Q87: cn | R87: x | S87: x | T87: x | U87: x | V87: x | W87: x | X87: cn | Y87: x | Z87: x | AA87: x | AB87: x | AC87: x | AD87: x | AE87: cn | AF87: x | AG87: x | AK87: =SUM(COUNTIF(F87:AJ87,"x")) -> 20 | AL87: =SUM(COUNTIF(F87:AJ87,"cn")) -> 3 | AM87: =SUM(COUNTIF(F87:AJ87,"đ")) -> 0 | AN87: =SUM(COUNTIF(F87:AJ87,"đc")) -> 0 | AO87: =SUM(COUNTIF(F87:AJ87,"gt")) -> 0 | AP87: =SUM(COUNTIF(F87:AJ87,"ct")) -> 0 | AQ87: =AK87+AL87+AM87+AN87+AO87+AP87 -> 23
A88: 76 | B88: 76 | D88: N. Veo | G88: x | H88: x | I88: x | P88: x | S88: x | T88: x | U88: x | V88: x | X88: cn | Y88: x | Z88: x | AA88: x | AB88: x | AC88: x | AD88: x | AE88: cn | AF88: x | AG88: x | AK88: =SUM(COUNTIF(F88:AJ88,"x")) -> 16 | AL88: =SUM(COUNTIF(F88:AJ88,"cn")) -> 2 | AM88: =SUM(COUNTIF(F88:AJ88,"đ")) -> 0 | AN88: =SUM(COUNTIF(F88:AJ88,"đc")) -> 0 | AO88: =SUM(COUNTIF(F88:AJ88,"gt")) -> 0 | AP88: =SUM(COUNTIF(F88:AJ88,"ct")) -> 0 | AQ88: =AK88+AL88+AM88+AN88+AO88+AP88 -> 18
A89: 77 | B89: 77 | D89: T. Pu | I89: x | P89: x | S89: x | U89: x | V89: x | X89: cn | Y89: x | Z89: x | AC89: x | AF89: x | AG89: x | AK89: =SUM(COUNTIF(F89:AJ89,"x")) -> 10 | AL89: =SUM(COUNTIF(F89:AJ89,"cn")) -> 1 | AM89: =SUM(COUNTIF(F89:AJ89,"đ")) -> 0 | AN89: =SUM(COUNTIF(F89:AJ89,"đc")) -> 0 | AO89: =SUM(COUNTIF(F89:AJ89,"gt")) -> 0 | AP89: =SUM(COUNTIF(F89:AJ89,"ct")) -> 0 | AQ89: =AK89+AL89+AM89+AN89+AO89+AP89 -> 11
A90: 78 | B90: 78 | D90: T. Ta. | I90: x | S90: x | U90: x | V90: x | X90: cn | AC90: x | AF90: x | AG90: x | AK90: =SUM(COUNTIF(F90:AJ90,"x")) -> 7 | AL90: =SUM(COUNTIF(F90:AJ90,"cn")) -> 1 | AM90: =SUM(COUNTIF(F90:AJ90,"đ")) -> 0 | AN90: =SUM(COUNTIF(F90:AJ90,"đc")) -> 0 | AO90: =SUM(COUNTIF(F90:AJ90,"gt")) -> 0 | AP90: =SUM(COUNTIF(F90:AJ90,"ct")) -> 0 | AQ90: =AK90+AL90+AM90+AN90+AO90+AP90 -> 8
A91: 79 | B91: 79 | D91: N. Nang | S91: x | T91: x | U91: x | W91: x | X91: cn | AC91: x | AK91: =SUM(COUNTIF(F91:AJ91,"x")) -> 5 | AL91: =SUM(COUNTIF(F91:AJ91,"cn")) -> 1 | AM91: =SUM(COUNTIF(F91:AJ91,"đ")) -> 0 | AN91: =SUM(COUNTIF(F91:AJ91,"đc")) -> 0 | AO91: =SUM(COUNTIF(F91:AJ91,"gt")) -> 0 | AP91: =SUM(COUNTIF(F91:AJ91,"ct")) -> 0 | AQ91: =AK91+AL91+AM91+AN91+AO91+AP91 -> 6
A92: 80 | B92: 80 | D92: T. Tan | T92: x | U92: x | W92: x | AC92: x | AK92: =SUM(COUNTIF(F92:AJ92,"x")) -> 4 | AL92: =SUM(COUNTIF(F92:AJ92,"cn")) -> 0 | AM92: =SUM(COUNTIF(F92:AJ92,"đ")) -> 0 | AN92: =SUM(COUNTIF(F92:AJ92,"đc")) -> 0 | AO92: =SUM(COUNTIF(F92:AJ92,"gt")) -> 0 | AP92: =SUM(COUNTIF(F92:AJ92,"ct")) -> 0 | AQ92: =AK92+AL92+AM92+AN92+AO92+AP92 -> 4
A93: 81 | B93: 81
A94: Trạm 2 | F94: =SUM(COUNTIF(F95:F156,"x"))+(COUNTIF(F95:F156,"cn"))+(COUNTIF(F95:F156,"cnđ"))+(COUNTIF(F95:F156,"đ")) -> 58 | G94: =SUM(COUNTIF(G95:G156,"x"))+(COUNTIF(G95:G156,"cn"))+(COUNTIF(G95:G156,"cnđ"))+(COUNTIF(G95:G156,"đ")) -> 58 | H94: =SUM(COUNTIF(H95:H156,"x"))+(COUNTIF(H95:H156,"cn"))+(COUNTIF(H95:H156,"cnđ"))+(COUNTIF(H95:H156,"đ")) -> 58 | I94: =SUM(COUNTIF(I95:I156,"x"))+(COUNTIF(I95:I156,"cn"))+(COUNTIF(I95:I156,"cnđ"))+(COUNTIF(I95:I156,"đ")) -> 58 | J94: =SUM(COUNTIF(J95:J156,"x"))+(COUNTIF(J95:J156,"cn"))+(COUNTIF(J95:J156,"đc"))+(COUNTIF(J95:J156,"đ")) -> 58 | K94: =SUM(COUNTIF(K95:K156,"x"))+(COUNTIF(K95:K156,"cn"))+(COUNTIF(K95:K156,"cnđ"))+(COUNTIF(K95:K156,"đ")) -> 58 | L94: =SUM(COUNTIF(L95:L156,"x"))+(COUNTIF(L95:L156,"cn"))+(COUNTIF(L95:L156,"cnđ"))+(COUNTIF(L95:L156,"đ")) -> 58 | M94: =SUM(COUNTIF(M95:M156,"x"))+(COUNTIF(M95:M156,"cn"))+(COUNTIF(M95:M156,"cnđ"))+(COUNTIF(M95:M156,"đ")) -> 58 | N94: =SUM(COUNTIF(N95:N156,"x"))+(COUNTIF(N95:N156,"cn"))+(COUNTIF(N95:N156,"cnđ"))+(COUNTIF(N95:N156,"đ")) -> 58 | O94: =SUM(COUNTIF(O95:O156,"x"))+(COUNTIF(O95:O156,"cn"))+(COUNTIF(O95:O156,"cnđ"))+(COUNTIF(O95:O156,"đ")) -> 55 | P94: =SUM(COUNTIF(P95:P156,"x"))+(COUNTIF(P95:P156,"cn"))+(COUNTIF(P95:P156,"cnđ"))+(COUNTIF(P95:P156,"đ")) -> 54 | Q94: =SUM(COUNTIF(Q95:Q156,"x"))+(COUNTIF(Q95:Q156,"cn"))+(COUNTIF(Q95:Q156,"đc"))+(COUNTIF(Q95:Q156,"đ")) -> 58 | R94: =SUM(COUNTIF(R95:R156,"x"))+(COUNTIF(R95:R156,"cn"))+(COUNTIF(R95:R156,"cnđ"))+(COUNTIF(R95:R156,"đ")) -> 57 | S94: =SUM(COUNTIF(S95:S156,"x"))+(COUNTIF(S95:S156,"cn"))+(COUNTIF(S95:S156,"cnđ"))+(COUNTIF(S95:S156,"đ")) -> 58 | T94: =SUM(COUNTIF(T95:T156,"x"))+(COUNTIF(T95:T156,"cn"))+(COUNTIF(T95:T156,"cnđ"))+(COUNTIF(T95:T156,"đ")) -> 58 | U94: =SUM(COUNTIF(U95:U156,"x"))+(COUNTIF(U95:U156,"cn"))+(COUNTIF(U95:U156,"cnđ"))+(COUNTIF(U95:U156,"đ")) -> 58 | V94: =SUM(COUNTIF(V95:V156,"x"))+(COUNTIF(V95:V156,"cn"))+(COUNTIF(V95:V156,"cnđ"))+(COUNTIF(V95:V156,"đ")) -> 58 | W94: =SUM(COUNTIF(W95:W156,"x"))+(COUNTIF(W95:W156,"cn"))+(COUNTIF(W95:W156,"cnđ"))+(COUNTIF(W95:W156,"đ")) -> 58 | X94: =SUM(COUNTIF(X95:X156,"x"))+(COUNTIF(X95:X156,"cn"))+(COUNTIF(X95:X156,"đc"))+(COUNTIF(X95:X156,"đ")) -> 58 | Y94: =SUM(COUNTIF(Y95:Y156,"x"))+(COUNTIF(Y95:Y156,"cn"))+(COUNTIF(Y95:Y156,"cnđ"))+(COUNTIF(Y95:Y156,"đ")) -> 58 | Z94: =SUM(COUNTIF(Z95:Z156,"x"))+(COUNTIF(Z95:Z156,"cn"))+(COUNTIF(Z95:Z156,"cnđ"))+(COUNTIF(Z95:Z156,"đ")) -> 58 | AA94: =SUM(COUNTIF(AA95:AA156,"x"))+(COUNTIF(AA95:AA156,"cn"))+(COUNTIF(AA95:AA156,"cnđ"))+(COUNTIF(AA95:AA156,"đ")) -> 58 | AB94: =SUM(COUNTIF(AB95:AB156,"x"))+(COUNTIF(AB95:AB156,"cn"))+(COUNTIF(AB95:AB156,"cnđ"))+(COUNTIF(AB95:AB156,"đ")) -> 58 | AC94: =SUM(COUNTIF(AC95:AC156,"x"))+(COUNTIF(AC95:AC156,"cn"))+(COUNTIF(AC95:AC156,"cnđ"))+(COUNTIF(AC95:AC156,"đ")) -> 58 | AD94: =SUM(COUNTIF(AD95:AD156,"x"))+(COUNTIF(AD95:AD156,"cn"))+(COUNTIF(AD95:AD156,"cnđ"))+(COUNTIF(AD95:AD156,"đ")) -> 57 | AE94: =SUM(COUNTIF(AE95:AE156,"x"))+(COUNTIF(AE95:AE156,"cn"))+(COUNTIF(AE95:AE156,"cnđ"))+(COUNTIF(AE95:AE156,"đ")) -> 58 | AF94: =SUM(COUNTIF(AF95:AF156,"x"))+(COUNTIF(AF95:AF156,"cn"))+(COUNTIF(AF95:AF156,"cnđ"))+(COUNTIF(AF95:AF156,"đ")) -> 58 | ... AJ94: =SUM(COUNTIF(AJ95:AJ156,"x"))+(COUNTIF(AJ95:AJ156,"cn"))+(COUNTIF(AJ95:AJ156,"cnđ"))+(COUNTIF(AJ95:AJ156,"đ")) -> 58 | AK94: =SUM(AK95:AK156) -> 1557 | AL94: =SUM(AL95:AL156) -> 61 | AM94: =SUM(AM95:AM156) -> 0 | AN94: =SUM(AN95:AN156) -> 171 | AO94: =SUM(AO95:AO156) -> 0 | AP94: =SUM(AP95:AP156) -> 0 | AQ94: =SUM(AQ95:AQ156) -> 1789
A95: 81 | B95: 1 | C95: =VLOOKUP(D95,'Mã số nhân viên'!B77:I134,8,0) -> 04072 | D95: T. Lun | F95: x | G95: x | H95: x | I95: x | J95: đc | K95: x | L95: tt | M95: x | N95: x | O95: x | P95: x | Q95: đc | R95: x | S95: x | T95: x | U95: x | V95: x | W95: x | X95: đc | Y95: x | Z95: x | AA95: x | AB95: x | AC95: x | AD95: x | AE95: cn | AF95: x | AG95: x | AH95: x | AI95: x | AJ95: x | AK95: =SUM(COUNTIF(F95:AJ95,"x")) -> 26 | AL95: =SUM(COUNTIF(F95:AJ95,"cn")) -> 1 | AM95: =SUM(COUNTIF(F95:AJ95,"đ")) -> 0 | AN95: =SUM(COUNTIF(F95:AJ95,"đc")) -> 3 | AO95: =SUM(COUNTIF(F95:AJ95,"gt")) -> 0 | AP95: =SUM(COUNTIF(F95:AJ95,"ct")) -> 0 | AQ95: =AK95+AL95+AM95+AN95+AO95+AP95 -> 30 | AS95: ='Mã số nhân viên'!I77 -> 04072 | AT95: =C95-AS95 -> 0 | AU95: 129
A96: 82 | B96: 2 | C96: =VLOOKUP(D96,'Mã số nhân viên'!B78:I135,8,0) -> 03466 | D96: N. Keo | F96: x | G96: x | H96: x | I96: x | J96: đc | K96: x | L96: x | M96: x | N96: x | O96: x | P96: x | Q96: đc | R96: x | S96: x | T96: x | U96: x | V96: x | W96: x | X96: đc | Y96: x | Z96: tt | AA96: tt | AB96: x | AC96: x | AD96: x | AE96: cn | AF96: x | AG96: x | AH96: x | AI96: x | AJ96: x | AK96: =SUM(COUNTIF(F96:AJ96,"x")) -> 25 | AL96: =SUM(COUNTIF(F96:AJ96,"cn")) -> 1 | AM96: =SUM(COUNTIF(F96:AJ96,"đ")) -> 0 | AN96: =SUM(COUNTIF(F96:AJ96,"đc")) -> 3 | AO96: =SUM(COUNTIF(F96:AJ96,"gt")) -> 0 | AP96: =SUM(COUNTIF(F96:AJ96,"ct")) -> 0 | AQ96: =AK96+AL96+AM96+AN96+AO96+AP96 -> 29 | AS96: ='Mã số nhân viên'!I78 -> 03466 | AT96: =C96-AS96 -> 0
A97: 83 | B97: 3 | C97: =VLOOKUP(D97,'Mã số nhân viên'!B79:I136,8,0) -> 03590 | D97: T .Nhum | F97: x | G97: x | H97: x | I97: x | J97: đc | K97: x | L97: x | M97: x | N97: x | O97: x | P97: x | Q97: đc | R97: x | S97: x | T97: x | U97: x | V97: x | W97: x | X97: đc | Y97: x | Z97: x | AA97: x | AB97: x | AC97: x | AD97: x | AE97: cn | AF97: x | AG97: x | AH97: x | AI97: x | AJ97: x | AK97: =SUM(COUNTIF(F97:AJ97,"x")) -> 27 | AL97: =SUM(COUNTIF(F97:AJ97,"cn")) -> 1 | AM97: =SUM(COUNTIF(F97:AJ97,"đ")) -> 0 | AN97: =SUM(COUNTIF(F97:AJ97,"đc")) -> 3 | AO97: =SUM(COUNTIF(F97:AJ97,"gt")) -> 0 | AP97: =SUM(COUNTIF(F97:AJ97,"ct")) -> 0 | AQ97: =AK97+AL97+AM97+AN97+AO97+AP97 -> 31 | AS97: ='Mã số nhân viên'!I79 -> 03590 | AT97: =C97-AS97 -> 0
A98: 84 | B98: 4 | C98: =VLOOKUP(D98,'Mã số nhân viên'!B80:I137,8,0) -> 03591 | D98: N.Vông Ma Ni | F98: x | G98: x | H98: x | I98: x | J98: đc | K98: x | L98: x | M98: x | N98: x | O98: x | P98: x | Q98: đc | R98: x | S98: x | T98: x | U98: x | V98: x | W98: x | X98: đc | Y98: x | Z98: x | AA98: x | AB98: tt | AC98: x | AD98: x | AE98: cn | AF98: x | AG98: x | AH98: x | AI98: x | AJ98: x | AK98: =SUM(COUNTIF(F98:AJ98,"x")) -> 26 | AL98: =SUM(COUNTIF(F98:AJ98,"cn")) -> 1 | AM98: =SUM(COUNTIF(F98:AJ98,"đ")) -> 0 | AN98: =SUM(COUNTIF(F98:AJ98,"đc")) -> 3 | AO98: =SUM(COUNTIF(F98:AJ98,"gt")) -> 0 | AP98: =SUM(COUNTIF(F98:AJ98,"ct")) -> 0 | AQ98: =AK98+AL98+AM98+AN98+AO98+AP98 -> 30 | AS98: ='Mã số nhân viên'!I80 -> 03591 | AT98: =C98-AS98 -> 0
A99: 85 | B99: 5 | C99: =VLOOKUP(D99,'Mã số nhân viên'!B81:I138,8,0) -> 03592 | D99: Đao Hương | F99: x | G99: x | H99: x | I99: x | J99: đc | K99: x | L99: x | M99: x | N99: x | O99: x | P99: x | Q99: đc | R99: x | S99: x | T99: x | U99: x | V99: x | W99: x | X99: đc | Y99: x | Z99: x | AA99: x | AB99: tt | AC99: x | AD99: x | AE99: cn | AF99: x | AG99: x | AH99: x | AI99: x | AJ99: x | AK99: =SUM(COUNTIF(F99:AJ99,"x")) -> 26 | AL99: =SUM(COUNTIF(F99:AJ99,"cn")) -> 1 | AM99: =SUM(COUNTIF(F99:AJ99,"đ")) -> 0 | AN99: =SUM(COUNTIF(F99:AJ99,"đc")) -> 3 | AO99: =SUM(COUNTIF(F99:AJ99,"gt")) -> 0 | AP99: =SUM(COUNTIF(F99:AJ99,"ct")) -> 0 | AQ99: =AK99+AL99+AM99+AN99+AO99+AP99 -> 30 | AS99: ='Mã số nhân viên'!I81 -> 03592 | AT99: =C99-AS99 -> 0
A100: 86 | B100: 6 | C100: =VLOOKUP(D100,'Mã số nhân viên'!B82:I139,8,0) -> 03593 | D100: T. Xi Nun | F100: tt | G100: tt | H100: tt | I100: tt | J100: tt | K100: tt | L100: tt | M100: x | N100: x | O100: x | P100: x | Q100: đc | R100: x | S100: x | T100: x | U100: x | V100: x | W100: x | X100: đc | Y100: x | Z100: x | AA100: x | AB100: x | AC100: x | AD100: x | AE100: cn | AF100: x | AG100: x | AH100: x | AI100: x | AJ100: tt | AK100: =SUM(COUNTIF(F100:AJ100,"x")) -> 20 | AL100: =SUM(COUNTIF(F100:AJ100,"cn")) -> 1 | AM100: =SUM(COUNTIF(F100:AJ100,"đ")) -> 0 | AN100: =SUM(COUNTIF(F100:AJ100,"đc")) -> 2 | AO100: =SUM(COUNTIF(F100:AJ100,"gt")) -> 0 | AP100: =SUM(COUNTIF(F100:AJ100,"ct")) -> 0 | AQ100: =AK100+AL100+AM100+AN100+AO100+AP100 -> 23 | AS100: ='Mã số nhân viên'!I82 -> 03593 | AT100: =C100-AS100 -> 0
A101: 87 | B101: 7 | C101: =VLOOKUP(D101,'Mã số nhân viên'!B83:I140,8,0) -> 03594 | D101: T. Bun Hinh | F101: x | G101: x | H101: x | I101: x | J101: đc | K101: x | L101: x | M101: x | N101: x | O101: x | P101: x | Q101: đc | R101: x | S101: x | T101: x | U101: x | V101: x | W101: x | X101: đc | Y101: x | Z101: x | AA101: x | AB101: x | AC101: x | AD101: x | AE101: cn | AF101: x | AG101: x | AH101: x | AI101: x | AJ101: x | AK101: =SUM(COUNTIF(F101:AJ101,"x")) -> 27 | AL101: =SUM(COUNTIF(F101:AJ101,"cn")) -> 1 | AM101: =SUM(COUNTIF(F101:AJ101,"đ")) -> 0 | AN101: =SUM(COUNTIF(F101:AJ101,"đc")) -> 3 | AO101: =SUM(COUNTIF(F101:AJ101,"gt")) -> 0 | AP101: =SUM(COUNTIF(F101:AJ101,"ct")) -> 0 | AQ101: =AK101+AL101+AM101+AN101+AO101+AP101 -> 31 | AS101: ='Mã số nhân viên'!I83 -> 03594 | AT101: =C101-AS101 -> 0
A102: 88 | B102: 8 | C102: =VLOOKUP(D102,'Mã số nhân viên'!B84:I141,8,0) -> 04073 | D102: T. Miềng | F102: x | G102: x | H102: x | I102: x | J102: tt | K102: x | L102: x | M102: x | N102: x | P102: tt | Q102: tt | R102: x | S102: x | T102: x | U102: x | V102: tt | W102: x | X102: tt | Y102: x | Z102: x | AA102: x | AB102: x | AC102: tt | AD102: x | AE102: tt | AF102: x | AG102: x | AH102: x | AI102: x | AJ102: tt | AK102: =SUM(COUNTIF(F102:AJ102,"x")) -> 22 | AL102: =SUM(COUNTIF(F102:AJ102,"cn")) -> 0 | AM102: =SUM(COUNTIF(F102:AJ102,"đ")) -> 0 | AN102: =SUM(COUNTIF(F102:AJ102,"đc")) -> 0 | AO102: =SUM(COUNTIF(F102:AJ102,"gt")) -> 0 | AP102: =SUM(COUNTIF(F102:AJ102,"ct")) -> 0 | AQ102: =AK102+AL102+AM102+AN102+AO102+AP102 -> 22 | AS102: ='Mã số nhân viên'!I84 -> 04073 | AT102: =C102-AS102 -> 0
A103: 89 | B103: 9 | C103: =VLOOKUP(D103,'Mã số nhân viên'!B85:I142,8,0) -> 03596 | D103: N. Xúc | F103: x | G103: x | H103: x | I103: x | J103: đc | K103: x | L103: x | M103: x | N103: x | O103: x | P103: x | Q103: đc | R103: x | S103: x | T103: x | U103: x | V103: x | W103: x | X103: đc | Y103: x | Z103: x | AA103: x | AB103: x | AC103: x | AE103: cn | AF103: x | AG103: x | AH103: x | AI103: x | AJ103: x | AK103: =SUM(COUNTIF(F103:AJ103,"x")) -> 26 | AL103: =SUM(COUNTIF(F103:AJ103,"cn")) -> 1 | AM103: =SUM(COUNTIF(F103:AJ103,"đ")) -> 0 | AN103: =SUM(COUNTIF(F103:AJ103,"đc")) -> 3 | AO103: =SUM(COUNTIF(F103:AJ103,"gt")) -> 0 | AP103: =SUM(COUNTIF(F103:AJ103,"ct")) -> 0 | AQ103: =AK103+AL103+AM103+AN103+AO103+AP103 -> 30 | AS103: ='Mã số nhân viên'!I85 -> 03596 | AT103: =C103-AS103 -> 0
A104: 90 | B104: 10 | C104: =VLOOKUP(D104,'Mã số nhân viên'!B86:I143,8,0) -> 03597 | D104: N. Lẹ | F104: x | G104: x | H104: x | I104: x | J104: đc | K104: x | L104: x | M104: x | N104: x | O104: x | P104: x | Q104: đc | R104: x | S104: x | T104: x | U104: x | V104: x | W104: x | X104: đc | Y104: x | Z104: x | AA104: x | AB104: x | AC104: x | AD104: x | AE104: cn | AF104: x | AG104: x | AH104: x | AI104: x | AJ104: x | AK104: =SUM(COUNTIF(F104:AJ104,"x")) -> 27 | AL104: =SUM(COUNTIF(F104:AJ104,"cn")) -> 1 | AM104: =SUM(COUNTIF(F104:AJ104,"đ")) -> 0 | AN104: =SUM(COUNTIF(F104:AJ104,"đc")) -> 3 | AO104: =SUM(COUNTIF(F104:AJ104,"gt")) -> 0 | AP104: =SUM(COUNTIF(F104:AJ104,"ct")) -> 0 | AQ104: =AK104+AL104+AM104+AN104+AO104+AP104 -> 31 | AS104: ='Mã số nhân viên'!I86 -> 03597 | AT104: =C104-AS104 -> 0
A105: 91 | B105: 11 | C105: =VLOOKUP(D105,'Mã số nhân viên'!B87:I144,8,0) -> 03598 | D105: N . Thích | F105: x | G105: x | H105: x | I105: x | J105: đc | K105: x | L105: x | M105: x | N105: x | O105: x | P105: x | Q105: đc | R105: x | S105: x | T105: x | U105: x | V105: x | W105: x | X105: đc | Y105: x | Z105: x | AA105: x | AB105: x | AC105: x | AD105: x | AE105: cn | AF105: x | AG105: x | AH105: x | AI105: x | AJ105: x | AK105: =SUM(COUNTIF(F105:AJ105,"x")) -> 27 | AL105: =SUM(COUNTIF(F105:AJ105,"cn")) -> 1 | AM105: =SUM(COUNTIF(F105:AJ105,"đ")) -> 0 | AN105: =SUM(COUNTIF(F105:AJ105,"đc")) -> 3 | AO105: =SUM(COUNTIF(F105:AJ105,"gt")) -> 0 | AP105: =SUM(COUNTIF(F105:AJ105,"ct")) -> 0 | AQ105: =AK105+AL105+AM105+AN105+AO105+AP105 -> 31 | AS105: ='Mã số nhân viên'!I87 -> 03598 | AT105: =C105-AS105 -> 0
A106: 92 | B106: 12 | C106: =VLOOKUP(D106,'Mã số nhân viên'!B88:I145,8,0) -> 03599 | D106: N. Cong Mi | F106: x | G106: x | H106: x | I106: x | J106: đc | K106: x | L106: x | M106: x | N106: x | O106: x | P106: x | Q106: đc | R106: x | S106: x | T106: x | U106: x | V106: x | W106: x | X106: đc | Y106: x | Z106: x | AA106: x | AB106: x | AC106: x | AD106: x | AE106: tt | AF106: x | AG106: x | AH106: x | AI106: x | AJ106: x | AK106: =SUM(COUNTIF(F106:AJ106,"x")) -> 27 | AL106: =SUM(COUNTIF(F106:AJ106,"cn")) -> 0 | AM106: =SUM(COUNTIF(F106:AJ106,"đ")) -> 0 | AN106: =SUM(COUNTIF(F106:AJ106,"đc")) -> 3 | AO106: =SUM(COUNTIF(F106:AJ106,"gt")) -> 0 | AP106: =SUM(COUNTIF(F106:AJ106,"ct")) -> 0 | AQ106: =AK106+AL106+AM106+AN106+AO106+AP106 -> 30 | AS106: ='Mã số nhân viên'!I88 -> 03599 | AT106: =C106-AS106 -> 0
...

Sheet TONGHOPCONGDOI
A2: CÔNG TY TNHH CỔ PHẦN QUASA - GERUCO | R2: CỘNG HÒA DÂN CHỦ NHÂN DÂN LÀO
A3: NÔNG TRƯỜNG 2 | N3: =144/0.67 -> 214.92537 | R3: Hòa Bình - Độc Lập - Dân Chủ - Thống Nhất - Thịnh Vượng
A4: Đội: 1.2.3.4 | J4: =F11*25000 -> 0 | K4: =G11*25000 -> 0 | T4: =Q9-19035.02 -> -14883.12
A5: BẢNG TỔNG HỢP CÔNG THỰC HIỆN THÁNG 07 NĂM 2025
A6: STT | B6: Mã số nhân viên | C6: Họ và Tên Lào | D6: Chức vụ
E7: Bôi thuốc kích thích | F7: Bôi thuốc loét sọc | G7: Phun cỏ đại trà | H7: Phát chồi đại trà | I7: Thiết kế miệng cạo ngữa | J7: Bón Phân | K7: Phun Potry | L7: Xả miệng cạo ngữa | M7: Phun cỏ bao lô chống cháy | N7: Gom chén | P7: Thổi lá hàng 3m | Q7: Tổng công | R7: Sản lượng mủ | V7: Các khoản PC | AC7: Tổng cộng | AD7: Xếp loại KT tính lương | AE7: Xác Nhận
R8: Mủ tạp | S8: Mủ Xirum | T8: Quy khô DRC=50 | U8: Tổng sản lượng mủ tạp+mủ dây quy khô | V8: Ngày công đi cạo thường (x) | W8: Ngày CN thường (cn) | X8: Ngày công đi cạo 2 lát (đ) | Y8: Ngày công chủ nhật cạo 2 lát (đc) | Z8: Ngày công cạo gia tăng 2 miêng (gt) | AA8: Ngày chủ nhật cạo gia tăng 2 miệng (ct) | AB8: Phụ cấp nhỏ a xít | AI8: =5308.01-Q9 -> 1156.11
A9: I | B9: VC KINH DOANH NĂM | E9: =E10+E95 -> 1051.2 | F9: =F10+F95 -> 0 | G9: =G10+G95 -> 379.54 | H9: =H10+H95 -> 2127.8 | I9: =I10+I95 -> 0 | J9: =J10+J95 -> 0 | K9: =K10+K95 -> 0 | L9: =L10+L95 -> 0 | ... AC9: =AC10+AC95 -> 4151.9 | AF9: 6716.8 | AG9: =6716.8-Q9 -> 2564.9
A10: A | B10: Đội I | E10: =SUM(E11:E94) -> 587.2 | F10: =SUM(F11:F94) -> 0 | G10: =SUM(G11:G94) -> 379.54 | H10: =SUM(H11:H94) -> 1417.6 | I10: =SUM(I11:I94) -> 0 | J10: =SUM(J11:J94) -> 0 | K10: =SUM(K11:K94) -> 0 | L10: =SUM(L11:L94) -> 0 | ... AC10: =SUM(AC11:AC94) -> 2535.03 | AF10: 1618 | AG10: 194
A11: 1 | B11: ='Chấm công KT'!C13 -> 0 | C11: ='Chấm công KT'!D13 -> T. Lăm | D11: CN-KT | E11: =10/1.25 -> 8 | Q11: =SUM(E11:P11) -> 8 | R11: =VLOOKUP(C11,'SẢN LƯỢNG'!D17:AK97,34,0) -> 4114 | T11: =S11*50/100 -> 0 | U11: =R11 -> 4114 | V11: =VLOOKUP(C11,'Chấm công KT'!D13:AK93,34,0) -> 27 | W11: =VLOOKUP(C11,'Chấm công KT'!D13:AL93,35,0) -> 4 | Y11: =VLOOKUP(C11,'Chấm công KT'!D13:AN93,37,0) -> 0 | Z11: =VLOOKUP(C11,'Chấm công KT'!$D$13:$AO$92,38,0) -> 0 | AA11: =VLOOKUP(C11,'Chấm công KT'!$D$13:$AP$92,39,0) -> 0 | AC11: =Q11 -> 8 | AD11: =VLOOKUP(C11,'SẢN LƯỢNG'!$D$17:$AR$160,37,0) -> 3874
A12: 2 | B12: ='Chấm công KT'!C14 -> 04052 | C12: ='Chấm công KT'!D14 -> T. Feng | D12: CN-KT | E12: =10/1.25 -> 8 | Q12: =SUM(E12:P12) -> 8 | R12: =VLOOKUP(C12,'SẢN LƯỢNG'!D18:AK98,34,0) -> 4202 | T12: =S12*50/100 -> 0 | U12: =R12 -> 4202 | V12: =VLOOKUP(C12,'Chấm công KT'!D14:AK94,34,0) -> 27 | W12: =VLOOKUP(C12,'Chấm công KT'!D14:AL94,35,0) -> 4 | Y12: =VLOOKUP(C12,'Chấm công KT'!D14:AN94,37,0) -> 0 | Z12: =VLOOKUP(C12,'Chấm công KT'!$D$13:$AO$92,38,0) -> 0 | AA12: =VLOOKUP(C12,'Chấm công KT'!$D$13:$AP$92,39,0) -> 0 | AC12: =Q12 -> 8 | AD12: =VLOOKUP(C12,'SẢN LƯỢNG'!$D$17:$AR$160,37,0) -> 3883
A13: 3 | B13: ='Chấm công KT'!C15 -> 02725 | C13: ='Chấm công KT'!D15 -> T. Sa Văn | D13: CN-KT | E13: =10/1.25 -> 8 | Q13: =SUM(E13:P13) -> 8 | R13: =VLOOKUP(C13,'SẢN LƯỢNG'!D19:AK99,34,0) -> 4404 | T13: =S13*50/100 -> 0 | U13: =R13 -> 4404 | V13: =VLOOKUP(C13,'Chấm công KT'!D15:AK95,34,0) -> 26 | W13: =VLOOKUP(C13,'Chấm công KT'!D15:AL95,35,0) -> 4 | Y13: =VLOOKUP(C13,'Chấm công KT'!D15:AN95,37,0) -> 0 | Z13: =VLOOKUP(C13,'Chấm công KT'!$D$13:$AO$92,38,0) -> 0 | AA13: =VLOOKUP(C13,'Chấm công KT'!$D$13:$AP$92,39,0) -> 0 | AC13: =Q13 -> 8 | AD13: =VLOOKUP(C13,'SẢN LƯỢNG'!$D$17:$AR$160,37,0) -> 5035 | AG13: 119657 | AH13: 197
A14: 4 | B14: ='Chấm công KT'!C16 -> 04053 | C14: ='Chấm công KT'!D16 -> Lăm Ma Thu | D14: CN-KT | E14: =10/1.25 -> 8 | Q14: =SUM(E14:P14) -> 8 | R14: =VLOOKUP(C14,'SẢN LƯỢNG'!D20:AK100,34,0) -> 3213 | T14: =S14*50/100 -> 0 | U14: =R14 -> 3213 | V14: =VLOOKUP(C14,'Chấm công KT'!D16:AK96,34,0) -> 25 | W14: =VLOOKUP(C14,'Chấm công KT'!D16:AL96,35,0) -> 4 | Y14: =VLOOKUP(C14,'Chấm công KT'!D16:AN96,37,0) -> 0 | Z14: =VLOOKUP(C14,'Chấm công KT'!$D$13:$AO$92,38,0) -> 0 | AA14: =VLOOKUP(C14,'Chấm công KT'!$D$13:$AP$92,39,0) -> 0 | AC14: =Q14 -> 8 | AD14: =VLOOKUP(C14,'SẢN LƯỢNG'!$D$17:$AR$160,37,0) -> 3912 | AG14: 125408 | AH14: 554
A15: 5 | B15: ='Chấm công KT'!C17 -> 03459 | C15: ='Chấm công KT'!D17 -> N. Vạt | D15: CN-KT | E15: =10/1.25 -> 8 | Q15: =SUM(E15:P15) -> 8 | R15: =VLOOKUP(C15,'SẢN LƯỢNG'!D21:AK101,34,0) -> 3660 | T15: =S15*50/100 -> 0 | U15: =R15 -> 3660 | V15: =VLOOKUP(C15,'Chấm công KT'!D17:AK97,34,0) -> 26 | W15: =VLOOKUP(C15,'Chấm công KT'!D17:AL97,35,0) -> 3 | Y15: =VLOOKUP(C15,'Chấm công KT'!D17:AN97,37,0) -> 0 | Z15: =VLOOKUP(C15,'Chấm công KT'!$D$13:$AO$92,38,0) -> 0 | AA15: =VLOOKUP(C15,'Chấm công KT'!$D$13:$AP$92,39,0) -> 0 | AC15: =Q15 -> 8 | AD15: =VLOOKUP(C15,'SẢN LƯỢNG'!$D$17:$AR$160,37,0) -> 3471 | AG15: 97048 | AH15: 92
A16: 6 | B16: ='Chấm công KT'!C18 -> 04054 | C16: ='Chấm công KT'!D18 -> N. Kay Son | D16: CN-KT | E16: =10/1.25 -> 8 | Q16: =SUM(E16:P16) -> 8 | R16: =VLOOKUP(C16,'SẢN LƯỢNG'!D22:AK102,34,0) -> 4449 | T16: =S16*50/100 -> 0 | U16: =R16 -> 4449 | V16: =VLOOKUP(C16,'Chấm công KT'!D18:AK98,34,0) -> 27 | W16: =VLOOKUP(C16,'Chấm công KT'!D18:AL98,35,0) -> 4 | Y16: =VLOOKUP(C16,'Chấm công KT'!D18:AN98,37,0) -> 0 | Z16: =VLOOKUP(C16,'Chấm công KT'!$D$13:$AO$92,38,0) -> 0 | AA16: =VLOOKUP(C16,'Chấm công KT'!$D$13:$AP$92,39,0) -> 0 | AC16: =Q16 -> 8 | AD16: =VLOOKUP(C16,'SẢN LƯỢNG'!$D$17:$AR$160,37,0) -> 4292 | AG16: 46179
A17: 7 | B17: ='Chấm công KT'!C19 -> 04055 | C17: ='Chấm công KT'!D19 -> T. Đèng 1 | D17: CN-KT | E17: =10/1.25 -> 8 | Q17: =SUM(E17:P17) -> 8 | R17: =VLOOKUP(C17,'SẢN LƯỢNG'!D23:AK103,34,0) -> 3953 | T17: =S17*50/100 -> 0 | U17: =R17 -> 3953 | V17: =VLOOKUP(C17,'Chấm công KT'!D19:AK99,34,0) -> 26 | W17: =VLOOKUP(C17,'Chấm công KT'!D19:AL99,35,0) -> 4 | Y17: =VLOOKUP(C17,'Chấm công KT'!D19:AN99,37,0) -> 0 | Z17: =VLOOKUP(C17,'Chấm công KT'!$D$13:$AO$92,38,0) -> 0 | AA17: =VLOOKUP(C17,'Chấm công KT'!$D$13:$AP$92,39,0) -> 0 | AC17: =Q17 -> 8 | AD17: =VLOOKUP(C17,'SẢN LƯỢNG'!$D$17:$AR$160,37,0) -> 3779
A18: 8 | B18: ='Chấm công KT'!C20 -> 03462 | C18: ='Chấm công KT'!D20 -> T . Bua Ngân | D18: CN-KT | E18: =10/1.25 -> 8 | Q18: =SUM(E18:P18) -> 8 | R18: =VLOOKUP(C18,'SẢN LƯỢNG'!D24:AK104,34,0) -> 3619 | T18: =S18*50/100 -> 0 | U18: =R18 -> 3619 | V18: =VLOOKUP(C18,'Chấm công KT'!D20:AK100,34,0) -> 27 | W18: =VLOOKUP(C18,'Chấm công KT'!D20:AL100,35,0) -> 4 | Y18: =VLOOKUP(C18,'Chấm công KT'!D20:AN100,37,0) -> 0 | Z18: =VLOOKUP(C18,'Chấm công KT'!$D$13:$AO$92,38,0) -> 0 | AA18: =VLOOKUP(C18,'Chấm công KT'!$D$13:$AP$92,39,0) -> 0 | AC18: =Q18 -> 8 | AD18: =VLOOKUP(C18,'SẢN LƯỢNG'!$D$17:$AR$160,37,0) -> 3373 | AI18: =1155.43-Q9 -> -2996.47
A19: 9 | B19: ='Chấm công KT'!C21 -> 03463 | C19: ='Chấm công KT'!D21 -> T Căng | D19: CN-KT | E19: =10/1.25 -> 8 | Q19: =SUM(E19:P19) -> 8 | R19: =VLOOKUP(C19,'SẢN LƯỢNG'!D25:AK105,34,0) -> 4653 | T19: =S19*50/100 -> 0 | U19: =R19 -> 4653 | V19: =VLOOKUP(C19,'Chấm công KT'!D21:AK101,34,0) -> 27 | W19: =VLOOKUP(C19,'Chấm công KT'!D21:AL101,35,0) -> 4 | Y19: =VLOOKUP(C19,'Chấm công KT'!D21:AN101,37,0) -> 0 | Z19: =VLOOKUP(C19,'Chấm công KT'!$D$13:$AO$92,38,0) -> 0 | AA19: =VLOOKUP(C19,'Chấm công KT'!$D$13:$AP$92,39,0) -> 0 | AC19: =Q19 -> 8 | AD19: =VLOOKUP(C19,'SẢN LƯỢNG'!$D$17:$AR$160,37,0) -> 4784
A20: 10 | B20: ='Chấm công KT'!C22 -> 03464 | C20: ='Chấm công KT'!D22 -> N. Phôn 1 | D20: CN-KT | E20: =10/1.25 -> 8 | Q20: =SUM(E20:P20) -> 8 | R20: =VLOOKUP(C20,'SẢN LƯỢNG'!D26:AK106,34,0) -> 4785 | T20: =S20*50/100 -> 0 | U20: =R20 -> 4785 | V20: =VLOOKUP(C20,'Chấm công KT'!D22:AK102,34,0) -> 27 | W20: =VLOOKUP(C20,'Chấm công KT'!D22:AL102,35,0) -> 4 | Y20: =VLOOKUP(C20,'Chấm công KT'!D22:AN102,37,0) -> 0 | Z20: =VLOOKUP(C20,'Chấm công KT'!$D$13:$AO$92,38,0) -> 0 | AA20: =VLOOKUP(C20,'Chấm công KT'!$D$13:$AP$92,39,0) -> 0 | AC20: =Q20 -> 8 | AD20: =VLOOKUP(C20,'SẢN LƯỢNG'!$D$17:$AR$160,37,0) -> 4831 | AG20: =Q9 -> 4151.9
A21: 11 | B21: ='Chấm công KT'!C23 -> 03465 | C21: ='Chấm công KT'!D23 -> T. In Păn | D21: CN-KT | E21: =10/1.25 -> 8 | Q21: =SUM(E21:P21) -> 8 | R21: =VLOOKUP(C21,'SẢN LƯỢNG'!D27:AK107,34,0) -> 4097 | T21: =S21*50/100 -> 0 | U21: =R21 -> 4097 | V21: =VLOOKUP(C21,'Chấm công KT'!D23:AK103,34,0) -> 26 | W21: =VLOOKUP(C21,'Chấm công KT'!D23:AL103,35,0) -> 4 | Y21: =VLOOKUP(C21,'Chấm công KT'!D23:AN103,37,0) -> 0 | Z21: =VLOOKUP(C21,'Chấm công KT'!$D$13:$AO$92,38,0) -> 0 | AA21: =VLOOKUP(C21,'Chấm công KT'!$D$13:$AP$92,39,0) -> 0 | AC21: =Q21 -> 8 | AD21: =VLOOKUP(C21,'SẢN LƯỢNG'!$D$17:$AR$160,37,0) -> 3949 | AG21: =AG20-2544.38 -> 1607.52
A22: 12 | B22: ='Chấm công KT'!C24 -> 03466 | C22: ='Chấm công KT'!D24 -> N. Keo | D22: CN-KT | E22: =10/1.25 -> 8 | Q22: =SUM(E22:P22) -> 8 | R22: =VLOOKUP(C22,'SẢN LƯỢNG'!D28:AK108,34,0) -> 4510 | T22: =S22*50/100 -> 0 | U22: =R22 -> 4510 | V22: =VLOOKUP(C22,'Chấm công KT'!D24:AK104,34,0) -> 27 | W22: =VLOOKUP(C22,'Chấm công KT'!D24:AL104,35,0) -> 4 | Y22: =VLOOKUP(C22,'Chấm công KT'!D24:AN104,37,0) -> 0 | Z22: =VLOOKUP(C22,'Chấm công KT'!$D$13:$AO$92,38,0) -> 0 | AA22: =VLOOKUP(C22,'Chấm công KT'!$D$13:$AP$92,39,0) -> 0 | AC22: =Q22 -> 8 | AD22: =VLOOKUP(C22,'SẢN LƯỢNG'!$D$17:$AR$160,37,0) -> 4330 | AG22: =AG21-6.33 -> 1601.19
A23: 13 | B23: ='Chấm công KT'!C25 -> 02727 | C23: ='Chấm công KT'!D25 -> T. Thong Đon | D23: CN-KT | E23: =10/1.25 -> 8 | Q23: =SUM(E23:P23) -> 8 | R23: =VLOOKUP(C23,'SẢN LƯỢNG'!D29:AK109,34,0) -> 4650 | T23: =S23*50/100 -> 0 | U23: =R23 -> 4650 | V23: =VLOOKUP(C23,'Chấm công KT'!D25:AK105,34,0) -> 27 | W23: =VLOOKUP(C23,'Chấm công KT'!D25:AL105,35,0) -> 4 | Y23: =VLOOKUP(C23,'Chấm công KT'!D25:AN105,37,0) -> 0 | Z23: =VLOOKUP(C23,'Chấm công KT'!$D$13:$AO$92,38,0) -> 0 | AA23: =VLOOKUP(C23,'Chấm công KT'!$D$13:$AP$92,39,0) -> 0 | AC23: =Q23 -> 8 | AD23: =VLOOKUP(C23,'SẢN LƯỢNG'!$D$17:$AR$160,37,0) -> 4257
A24: 14 | B24: ='Chấm công KT'!C26 -> 03467 | C24: ='Chấm công KT'!D26 -> T. Hin | D24: CN-KT | E24: =10/1.25 -> 8 | Q24: =SUM(E24:P24) -> 8 | R24: =VLOOKUP(C24,'SẢN LƯỢNG'!D30:AK110,34,0) -> 3720 | T24: =S24*50/100 -> 0 | U24: =R24 -> 3720 | V24: =VLOOKUP(C24,'Chấm công KT'!D26:AK106,34,0) -> 27 | W24: =VLOOKUP(C24,'Chấm công KT'!D26:AL106,35,0) -> 4 | Y24: =VLOOKUP(C24,'Chấm công KT'!D26:AN106,37,0) -> 0 | Z24: =VLOOKUP(C24,'Chấm công KT'!$D$13:$AO$92,38,0) -> 0 | AA24: =VLOOKUP(C24,'Chấm công KT'!$D$13:$AP$92,39,0) -> 0 | AC24: =Q24 -> 8 | AD24: =VLOOKUP(C24,'SẢN LƯỢNG'!$D$17:$AR$160,37,0) -> 3486
A25: 15 | B25: ='Chấm công KT'!C27 -> 04056 | C25: ='Chấm công KT'!D27 -> N. Ly Phon | D25: CN-KT | E25: =10/1.25 -> 8 | Q25: =SUM(E25:P25) -> 8 | R25: =VLOOKUP(C25,'SẢN LƯỢNG'!D31:AK111,34,0) -> 3893 | T25: =S25*50/100 -> 0 | U25: =R25 -> 3893 | V25: =VLOOKUP(C25,'Chấm công KT'!D27:AK107,34,0) -> 27 | W25: =VLOOKUP(C25,'Chấm công KT'!D27:AL107,35,0) -> 4 | Y25: =VLOOKUP(C25,'Chấm công KT'!D27:AN107,37,0) -> 0 | Z25: =VLOOKUP(C25,'Chấm công KT'!$D$13:$AO$92,38,0) -> 0 | AA25: =VLOOKUP(C25,'Chấm công KT'!$D$13:$AP$92,39,0) -> 0 | AC25: =Q25 -> 8 | AD25: =VLOOKUP(C25,'SẢN LƯỢNG'!$D$17:$AR$160,37,0) -> 3436
A26: 16 | B26: ='Chấm công KT'!C28 -> 03469 | C26: ='Chấm công KT'!D28 -> T. Xôm Va Nít | D26: CN-KT | E26: =10/1.25 -> 8 | Q26: =SUM(E26:P26) -> 8 | R26: =VLOOKUP(C26,'SẢN LƯỢNG'!D32:AK112,34,0) -> 4412 | T26: =S26*50/100 -> 0 | U26: =R26 -> 4412 | V26: =VLOOKUP(C26,'Chấm công KT'!D28:AK108,34,0) -> 26 | W26: =VLOOKUP(C26,'Chấm công KT'!D28:AL108,35,0) -> 4 | Y26: =VLOOKUP(C26,'Chấm công KT'!D28:AN108,37,0) -> 0 | Z26: =VLOOKUP(C26,'Chấm công KT'!$D$13:$AO$92,38,0) -> 0 | AA26: =VLOOKUP(C26,'Chấm công KT'!$D$13:$AP$92,39,0) -> 0 | AC26: =Q26 -> 8 | AD26: =VLOOKUP(C26,'SẢN LƯỢNG'!$D$17:$AR$160,37,0) -> 4353
A27: 17 | B27: ='Chấm công KT'!C29 -> 03470 | C27: ='Chấm công KT'!D29 -> T. Lọi | D27: CN-KT | E27: =10/1.25 -> 8 | Q27: =SUM(E27:P27) -> 8 | R27: =VLOOKUP(C27,'SẢN LƯỢNG'!D33:AK113,34,0) -> 3677 | T27: =S27*50/100 -> 0 | U27: =R27 -> 3677 | V27: =VLOOKUP(C27,'Chấm công KT'!D29:AK109,34,0) -> 26 | W27: =VLOOKUP(C27,'Chấm công KT'!D29:AL109,35,0) -> 3 | Y27: =VLOOKUP(C27,'Chấm công KT'!D29:AN109,37,0) -> 0 | Z27: =VLOOKUP(C27,'Chấm công KT'!$D$13:$AO$92,38,0) -> 0 | AA27: =VLOOKUP(C27,'Chấm công KT'!$D$13:$AP$92,39,0) -> 0 | AC27: =Q27 -> 8 | AD27: =VLOOKUP(C27,'SẢN LƯỢNG'!$D$17:$AR$160,37,0) -> 3463
A28: 18 | B28: ='Chấm công KT'!C30 -> 03471 | C28: ='Chấm công KT'!D30 -> T. Phô Thong | D28: CN-KT | E28: =10/1.25 -> 8 | Q28: =SUM(E28:P28) -> 8 | R28: =VLOOKUP(C28,'SẢN LƯỢNG'!D34:AK114,34,0) -> 5164 | T28: =S28*50/100 -> 0 | U28: =R28 -> 5164 | V28: =VLOOKUP(C28,'Chấm công KT'!D30:AK110,34,0) -> 27 | W28: =VLOOKUP(C28,'Chấm công KT'!D30:AL110,35,0) -> 4 | Y28: =VLOOKUP(C28,'Chấm công KT'!D30:AN110,37,0) -> 0 | Z28: =VLOOKUP(C28,'Chấm công KT'!$D$13:$AO$92,38,0) -> 0 | AA28: =VLOOKUP(C28,'Chấm công KT'!$D$13:$AP$92,39,0) -> 0 | AC28: =Q28 -> 8 | AD28: =VLOOKUP(C28,'SẢN LƯỢNG'!$D$17:$AR$160,37,0) -> 4404 | AF28: =Q9-3223.96 -> 927.94
A29: 19 | B29: ='Chấm công KT'!C31 -> 03472 | C29: ='Chấm công KT'!D31 -> N. Soi | D29: CN-KT | E29: =10/1.25 -> 8 | Q29: =SUM(E29:P29) -> 8 | R29: =VLOOKUP(C29,'SẢN LƯỢNG'!D35:AK115,34,0) -> 3965 | T29: =S29*50/100 -> 0 | U29: =R29 -> 3965 | V29: =VLOOKUP(C29,'Chấm công KT'!D31:AK111,34,0) -> 26 | W29: =VLOOKUP(C29,'Chấm công KT'!D31:AL111,35,0) -> 4 | Y29: =VLOOKUP(C29,'Chấm công KT'!D31:AN111,37,0) -> 0 | Z29: =VLOOKUP(C29,'Chấm công KT'!$D$13:$AO$92,38,0) -> 0 | AA29: =VLOOKUP(C29,'Chấm công KT'!$D$13:$AP$92,39,0) -> 0 | AC29: =Q29 -> 8 | AD29: =VLOOKUP(C29,'SẢN LƯỢNG'!$D$17:$AR$160,37,0) -> 3333
A30: 20 | B30: ='Chấm công KT'!C32 -> 03473 | C30: ='Chấm công KT'!D32 -> N. Me Kha La | D30: CN-KT | E30: =10/1.25 -> 8 | Q30: =SUM(E30:P30) -> 8 | R30: =VLOOKUP(C30,'SẢN LƯỢNG'!D36:AK116,34,0) -> 4666 | T30: =S30*50/100 -> 0 | U30: =R30 -> 4666 | V30: =VLOOKUP(C30,'Chấm công KT'!D32:AK112,34,0) -> 27 | W30: =VLOOKUP(C30,'Chấm công KT'!D32:AL112,35,0) -> 4 | Y30: =VLOOKUP(C30,'Chấm công KT'!D32:AN112,37,0) -> 0 | Z30: =VLOOKUP(C30,'Chấm công KT'!$D$13:$AO$92,38,0) -> 0 | AA30: =VLOOKUP(C30,'Chấm công KT'!$D$13:$AP$92,39,0) -> 0 | AC30: =Q30 -> 8 | AD30: =VLOOKUP(C30,'SẢN LƯỢNG'!$D$17:$AR$160,37,0) -> 4759
A31: 21 | B31: ='Chấm công KT'!C33 -> 03474 | C31: ='Chấm công KT'!D33 -> N. Mon Khăm | D31: CN-KT | E31: =10/1.25 -> 8 | Q31: =SUM(E31:P31) -> 8 | R31: =VLOOKUP(C31,'SẢN LƯỢNG'!D37:AK117,34,0) -> 3785 | T31: =S31*50/100 -> 0 | U31: =R31 -> 3785 | V31: =VLOOKUP(C31,'Chấm công KT'!D33:AK113,34,0) -> 24 | W31: =VLOOKUP(C31,'Chấm công KT'!D33:AL113,35,0) -> 4 | Y31: =VLOOKUP(C31,'Chấm công KT'!D33:AN113,37,0) -> 0 | Z31: =VLOOKUP(C31,'Chấm công KT'!$D$13:$AO$92,38,0) -> 0 | AA31: =VLOOKUP(C31,'Chấm công KT'!$D$13:$AP$92,39,0) -> 0 | AC31: =Q31 -> 8 | AD31: =VLOOKUP(C31,'SẢN LƯỢNG'!$D$17:$AR$160,37,0) -> 3815
A32: 22 | B32: ='Chấm công KT'!C34 -> 0 | C32: ='Chấm công KT'!D34 -> N.Choi | D32: CN-KT | E32: =10/1.25 -> 8 | Q32: =SUM(E32:P32) -> 8 | R32: =VLOOKUP(C32,'SẢN LƯỢNG'!D38:AK118,34,0) -> 3604 | T32: =S32*50/100 -> 0 | U32: =R32 -> 3604 | V32: =VLOOKUP(C32,'Chấm công KT'!D34:AK114,34,0) -> 26 | W32: =VLOOKUP(C32,'Chấm công KT'!D34:AL114,35,0) -> 4 | Y32: =VLOOKUP(C32,'Chấm công KT'!D34:AN114,37,0) -> 0 | Z32: =VLOOKUP(C32,'Chấm công KT'!$D$13:$AO$92,38,0) -> 0 | AA32: =VLOOKUP(C32,'Chấm công KT'!$D$13:$AP$92,39,0) -> 0 | AC32: =Q32 -> 8 | AD32: =VLOOKUP(C32,'SẢN LƯỢNG'!$D$17:$AR$160,37,0) -> 3855
A33: 23 | B33: ='Chấm công KT'!C35 -> 03476 | C33: ='Chấm công KT'!D35 -> T. Bin Ly. | D33: CN-KT | E33: =10/1.25 -> 8 | Q33: =SUM(E33:P33) -> 8 | R33: =VLOOKUP(C33,'SẢN LƯỢNG'!D39:AK119,34,0) -> 3954 | T33: =S33*50/100 -> 0 | U33: =R33 -> 3954 | V33: =VLOOKUP(C33,'Chấm công KT'!D35:AK115,34,0) -> 27 | W33: =VLOOKUP(C33,'Chấm công KT'!D35:AL115,35,0) -> 4 | Y33: =VLOOKUP(C33,'Chấm công KT'!D35:AN115,37,0) -> 0 | Z33: =VLOOKUP(C33,'Chấm công KT'!$D$13:$AO$92,38,0) -> 0 | AA33: =VLOOKUP(C33,'Chấm công KT'!$D$13:$AP$92,39,0) -> 0 | AC33: =Q33 -> 8 | AD33: =VLOOKUP(C33,'SẢN LƯỢNG'!$D$17:$AR$160,37,0) -> 4306
A34: 24 | B34: ='Chấm công KT'!C36 -> 0 | C34: ='Chấm công KT'!D36 -> N. Tinh | D34: CN-KT | E34: =10/1.25 -> 8 | Q34: =SUM(E34:P34) -> 8 | R34: =VLOOKUP(C34,'SẢN LƯỢNG'!D40:AK120,34,0) -> 4040 | T34: =S34*50/100 -> 0 | U34: =R34 -> 4040 | V34: =VLOOKUP(C34,'Chấm công KT'!D36:AK116,34,0) -> 27 | W34: =VLOOKUP(C34,'Chấm công KT'!D36:AL116,35,0) -> 4 | Y34: =VLOOKUP(C34,'Chấm công KT'!D36:AN116,37,0) -> 0 | Z34: =VLOOKUP(C34,'Chấm công KT'!$D$13:$AO$92,38,0) -> 0 | AA34: =VLOOKUP(C34,'Chấm công KT'!$D$13:$AP$92,39,0) -> 0 | AC34: =Q34 -> 8 | AD34: =VLOOKUP(C34,'SẢN LƯỢNG'!$D$17:$AR$160,37,0) -> 3895
A35: 25 | B35: ='Chấm công KT'!C37 -> 03478 | C35: ='Chấm công KT'!D37 -> N. Nong | D35: CN-KT | E35: =10/1.25 -> 8 | Q35: =SUM(E35:P35) -> 8 | R35: =VLOOKUP(C35,'SẢN LƯỢNG'!D41:AK121,34,0) -> 4012 | T35: =S35*50/100 -> 0 | U35: =R35 -> 4012 | V35: =VLOOKUP(C35,'Chấm công KT'!D37:AK117,34,0) -> 27 | W35: =VLOOKUP(C35,'Chấm công KT'!D37:AL117,35,0) -> 4 | Y35: =VLOOKUP(C35,'Chấm công KT'!D37:AN117,37,0) -> 0 | Z35: =VLOOKUP(C35,'Chấm công KT'!$D$13:$AO$92,38,0) -> 0 | AA35: =VLOOKUP(C35,'Chấm công KT'!$D$13:$AP$92,39,0) -> 0 | AC35: =Q35 -> 8 | AD35: =VLOOKUP(C35,'SẢN LƯỢNG'!$D$17:$AR$160,37,0) -> 4450
A36: 26 | B36: ='Chấm công KT'!C38 -> 03479 | C36: ='Chấm công KT'!D38 -> N. Tun 1 | D36: CN-KT | E36: =10/1.25 -> 8 | Q36: =SUM(E36:P36) -> 8 | R36: =VLOOKUP(C36,'SẢN LƯỢNG'!D42:AK122,34,0) -> 3517 | T36: =S36*50/100 -> 0 | U36: =R36 -> 3517 | V36: =VLOOKUP(C36,'Chấm công KT'!D38:AK118,34,0) -> 25 | W36: =VLOOKUP(C36,'Chấm công KT'!D38:AL118,35,0) -> 4 | Y36: =VLOOKUP(C36,'Chấm công KT'!D38:AN118,37,0) -> 0 | Z36: =VLOOKUP(C36,'Chấm công KT'!$D$13:$AO$92,38,0) -> 0 | AA36: =VLOOKUP(C36,'Chấm công KT'!$D$13:$AP$92,39,0) -> 0 | AC36: =Q36 -> 8 | AD36: =VLOOKUP(C36,'SẢN LƯỢNG'!$D$17:$AR$160,37,0) -> 4180
A37: 27 | B37: ='Chấm công KT'!C39 -> 03480 | C37: ='Chấm công KT'!D39 -> T . Lốc | D37: CN-KT | E37: =10/1.25 -> 8 | Q37: =SUM(E37:P37) -> 8 | R37: =VLOOKUP(C37,'SẢN LƯỢNG'!D43:AK123,34,0) -> 3582 | T37: =S37*50/100 -> 0 | U37: =R37 -> 3582 | V37: =VLOOKUP(C37,'Chấm công KT'!D39:AK119,34,0) -> 25 | W37: =VLOOKUP(C37,'Chấm công KT'!D39:AL119,35,0) -> 4 | Y37: =VLOOKUP(C37,'Chấm công KT'!D39:AN119,37,0) -> 0 | Z37: =VLOOKUP(C37,'Chấm công KT'!$D$13:$AO$92,38,0) -> 0 | AA37: =VLOOKUP(C37,'Chấm công KT'!$D$13:$AP$92,39,0) -> 0 | AC37: =Q37 -> 8 | AD37: =VLOOKUP(C37,'SẢN LƯỢNG'!$D$17:$AR$160,37,0) -> 4199
A38: 28 | B38: ='Chấm công KT'!C40 -> 03481 | C38: ='Chấm công KT'!D40 -> N . Khâm (1) | D38: CN-KT | E38: =10/1.25 -> 8 | Q38: =SUM(E38:P38) -> 8 | R38: =VLOOKUP(C38,'SẢN LƯỢNG'!D44:AK124,34,0) -> 3187 | T38: =S38*50/100 -> 0 | U38: =R38 -> 3187 | V38: =VLOOKUP(C38,'Chấm công KT'!D40:AK120,34,0) -> 24 | W38: =VLOOKUP(C38,'Chấm công KT'!D40:AL120,35,0) -> 3 | Y38: =VLOOKUP(C38,'Chấm công KT'!D40:AN120,37,0) -> 0 | Z38: =VLOOKUP(C38,'Chấm công KT'!$D$13:$AO$92,38,0) -> 0 | AA38: =VLOOKUP(C38,'Chấm công KT'!$D$13:$AP$92,39,0) -> 0 | AC38: =Q38 -> 8 | AD38: =VLOOKUP(C38,'SẢN LƯỢNG'!$D$17:$AR$160,37,0) -> 4391
A39: 29 | B39: ='Chấm công KT'!C41 -> 03482 | C39: ='Chấm công KT'!D41 -> T . Phết | D39: CN-KT | E39: =10/1.25 -> 8 | Q39: =SUM(E39:P39) -> 8 | R39: =VLOOKUP(C39,'SẢN LƯỢNG'!D45:AK125,34,0) -> 3323 | T39: =S39*50/100 -> 0 | U39: =R39 -> 3323 | V39: =VLOOKUP(C39,'Chấm công KT'!D41:AK121,34,0) -> 24 | W39: =VLOOKUP(C39,'Chấm công KT'!D41:AL121,35,0) -> 3 | Y39: =VLOOKUP(C39,'Chấm công KT'!D41:AN121,37,0) -> 0 | Z39: =VLOOKUP(C39,'Chấm công KT'!$D$13:$AO$92,38,0) -> 0 | AA39: =VLOOKUP(C39,'Chấm công KT'!$D$13:$AP$92,39,0) -> 0 | AC39: =Q39 -> 8 | AD39: =VLOOKUP(C39,'SẢN LƯỢNG'!$D$17:$AR$160,37,0) -> 4508
A40: 30 | B40: ='Chấm công KT'!C42 -> 03483 | C40: ='Chấm công KT'!D42 -> T. Viêng Sa Văn | D40: CN-KT | E40: =10/1.25 -> 8 | Q40: =SUM(E40:P40) -> 8 | R40: =VLOOKUP(C40,'SẢN LƯỢNG'!D46:AK126,34,0) -> 3485 | T40: =S40*50/100 -> 0 | U40: =R40 -> 3485 | V40: =VLOOKUP(C40,'Chấm công KT'!D42:AK122,34,0) -> 25 | W40: =VLOOKUP(C40,'Chấm công KT'!D42:AL122,35,0) -> 4 | Y40: =VLOOKUP(C40,'Chấm công KT'!D42:AN122,37,0) -> 0 | Z40: =VLOOKUP(C40,'Chấm công KT'!$D$13:$AO$92,38,0) -> 0 | AA40: =VLOOKUP(C40,'Chấm công KT'!$D$13:$AP$92,39,0) -> 0 | AC40: =Q40 -> 8 | AD40: =VLOOKUP(C40,'SẢN LƯỢNG'!$D$17:$AR$160,37,0) -> 4743
... A72: 62 | B72: ='Chấm công KT'!C74 -> 04067 | C72: ='Chấm công KT'!D74 -> N. Lăm Phay (2) | D72: CN-KT | E72: =10/1.25 -> 8 | Q72: =SUM(E72:P72) -> 8 | R72: =VLOOKUP(C72,'SẢN LƯỢNG'!D78:AK158,34,0) -> 3169 | T72: =S72*50/100 -> 0 | U72: =R72 -> 3169 | V72: =VLOOKUP(C72,'Chấm công KT'!D74:AK154,34,0) -> 25 | W72: =VLOOKUP(C72,'Chấm công KT'!D74:AL154,35,0) -> 4 | Y72: =VLOOKUP(C72,'Chấm công KT'!D74:AN154,37,0) -> 0 | Z72: =VLOOKUP(C72,'Chấm công KT'!$D$13:$AO$92,38,0) -> 0 | AA72: =VLOOKUP(C72,'Chấm công KT'!$D$13:$AP$92,39,0) -> 0 | AC72: =Q72 -> 8 | AD72: =VLOOKUP(C72,'SẢN LƯỢNG'!$D$17:$AR$160,37,0) -> 4031
A73: 63 | B73: ='Chấm công KT'!C75 -> 03508 | C73: ='Chấm công KT'!D75 -> T. Đèng | D73: CN-KT | E73: =10/1.25 -> 8 | Q73: =SUM(E73:P73) -> 8 | R73: =VLOOKUP(C73,'SẢN LƯỢNG'!D79:AK160,34,0) -> 2667 | T73: =S73*50/100 -> 0 | U73: =R73 -> 2667 | V73: =VLOOKUP(C73,'Chấm công KT'!D75:AK155,34,0) -> 23 | W73: =VLOOKUP(C73,'Chấm công KT'!D75:AL155,35,0) -> 3 | Y73: =VLOOKUP(C73,'Chấm công KT'!D75:AN155,37,0) -> 0 | Z73: =VLOOKUP(C73,'Chấm công KT'!$D$13:$AO$92,38,0) -> 0 | AA73: =VLOOKUP(C73,'Chấm công KT'!$D$13:$AP$92,39,0) -> 0 | AC73: =Q73 -> 8 | AD73: =VLOOKUP(C73,'SẢN LƯỢNG'!$D$17:$AR$160,37,0) -> 2921
A74: 64 | B74: ='Chấm công KT'!C76 -> 03512 | C74: ='Chấm công KT'!D76 -> N. Đon | D74: CN-KT | E74: =10/1.25 -> 8 | Q74: =SUM(E74:P74) -> 8 | R74: =VLOOKUP(C74,'SẢN LƯỢNG'!D80:AK160,34,0) -> 3839 | T74: =S74*50/100 -> 0 | U74: =R74 -> 3839 | V74: =VLOOKUP(C74,'Chấm công KT'!D76:AK156,34,0) -> 27 | W74: =VLOOKUP(C74,'Chấm công KT'!D76:AL156,35,0) -> 3 | Y74: =VLOOKUP(C74,'Chấm công KT'!D76:AN156,37,0) -> 0 | Z74: =VLOOKUP(C74,'Chấm công KT'!$D$13:$AO$92,38,0) -> 0 | AA74: =VLOOKUP(C74,'Chấm công KT'!$D$13:$AP$92,39,0) -> 0 | AC74: =Q74 -> 8 | AD74: =VLOOKUP(C74,'SẢN LƯỢNG'!$D$17:$AR$160,37,0) -> 3404
A75: 65 | B75: ='Chấm công KT'!C77 -> 04068 | C75: ='Chấm công KT'!D77 -> T. La | D75: CN-KT | E75: =10/1.25 -> 8 | Q75: =SUM(E75:P75) -> 8 | R75: =VLOOKUP(C75,'SẢN LƯỢNG'!D81:AK161,34,0) -> 3945 | T75: =S75*50/100 -> 0 | U75: =R75 -> 3945 | V75: =VLOOKUP(C75,'Chấm công KT'!D77:AK157,34,0) -> 25 | W75: =VLOOKUP(C75,'Chấm công KT'!D77:AL157,35,0) -> 4 | Y75: =VLOOKUP(C75,'Chấm công KT'!D77:AN157,37,0) -> 0 | Z75: =VLOOKUP(C75,'Chấm công KT'!$D$13:$AO$92,38,0) -> 0 | AA75: =VLOOKUP(C75,'Chấm công KT'!$D$13:$AP$92,39,0) -> 0 | AC75: =Q75 -> 8 | AD75: =VLOOKUP(C75,'SẢN LƯỢNG'!$D$17:$AR$160,37,0) -> 3302
A76: 66 | B76: ='Chấm công KT'!C78 -> 04069 | C76: ='Chấm công KT'!D78 -> T. Bờm | D76: CN-KT | E76: =10/1.25 -> 8 | Q76: =SUM(E76:P76) -> 8 | R76: =VLOOKUP(C76,'SẢN LƯỢNG'!D82:AK162,34,0) -> 4085 | T76: =S76*50/100 -> 0 | U76: =R76 -> 4085 | V76: =VLOOKUP(C76,'Chấm công KT'!D78:AK158,34,0) -> 26 | W76: =VLOOKUP(C76,'Chấm công KT'!D78:AL158,35,0) -> 3 | Y76: =VLOOKUP(C76,'Chấm công KT'!D78:AN158,37,0) -> 0 | Z76: =VLOOKUP(C76,'Chấm công KT'!$D$13:$AO$92,38,0) -> 0 | AA76: =VLOOKUP(C76,'Chấm công KT'!$D$13:$AP$92,39,0) -> 0 | AC76: =Q76 -> 8 | AD76: =VLOOKUP(C76,'SẢN LƯỢNG'!$D$17:$AR$160,37,0) -> 3281
A77: 67 | B77: ='Chấm công KT'!C79 -> 03546 | C77: ='Chấm công KT'!D79 -> T. Nọi | D77: CN-KT | E77: =10/1.25 -> 8 | Q77: =SUM(E77:P77) -> 8 | R77: =VLOOKUP(C77,'SẢN LƯỢNG'!D83:AK163,34,0) -> 3076 | T77: =S77*50/100 -> 0 | U77: =R77 -> 3076 | V77: =VLOOKUP(C77,'Chấm công KT'!D79:AK159,34,0) -> 25 | W77: =VLOOKUP(C77,'Chấm công KT'!D79:AL159,35,0) -> 4 | Y77: =VLOOKUP(C77,'Chấm công KT'!D79:AN159,37,0) -> 0 | Z77: =VLOOKUP(C77,'Chấm công KT'!$D$13:$AO$92,38,0) -> 0 | AA77: =VLOOKUP(C77,'Chấm công KT'!$D$13:$AP$92,39,0) -> 0 | AC77: =Q77 -> 8 | AD77: =VLOOKUP(C77,'SẢN LƯỢNG'!$D$17:$AR$160,37,0) -> 3627
A78: 68 | B78: ='Chấm công KT'!C80 -> 0 | C78: ='Chấm công KT'!D80 -> T. Kong Ma Ny | D78: CN-KT | E78: =10/1.25 -> 8 | Q78: =SUM(E78:P78) -> 8 | R78: =VLOOKUP(C78,'SẢN LƯỢNG'!D84:AK164,34,0) -> 3469 | T78: =S78*50/100 -> 0 | U78: =R78 -> 3469 | V78: =VLOOKUP(C78,'Chấm công KT'!D80:AK160,34,0) -> 27 | W78: =VLOOKUP(C78,'Chấm công KT'!D80:AL160,35,0) -> 4 | Y78: =VLOOKUP(C78,'Chấm công KT'!D80:AN160,37,0) -> 0 | Z78: =VLOOKUP(C78,'Chấm công KT'!$D$13:$AO$92,38,0) -> 0 | AA78: =VLOOKUP(C78,'Chấm công KT'!$D$13:$AP$92,39,0) -> 0 | AC78: =Q78 -> 8 | AD78: =VLOOKUP(C78,'SẢN LƯỢNG'!$D$17:$AR$160,37,0) -> 2977
A79: 69 | B79: ='Chấm công KT'!C81 -> 0 | C79: ='Chấm công KT'!D81 -> T. Hô Lông | D79: CN-KT | E79: =10/1.25 -> 8 | Q79: =SUM(E79:P79) -> 8 | R79: =VLOOKUP(C79,'SẢN LƯỢNG'!D85:AK165,34,0) -> 4583 | T79: =S79*50/100 -> 0 | U79: =R79 -> 4583 | V79: =VLOOKUP(C79,'Chấm công KT'!D81:AK161,34,0) -> 27 | W79: =VLOOKUP(C79,'Chấm công KT'!D81:AL161,35,0) -> 4 | Y79: =VLOOKUP(C79,'Chấm công KT'!D81:AN161,37,0) -> 0 | Z79: =VLOOKUP(C79,'Chấm công KT'!$D$13:$AO$92,38,0) -> 0 | AA79: =VLOOKUP(C79,'Chấm công KT'!$D$13:$AP$92,39,0) -> 0 | AC79: =Q79 -> 8 | AD79: =VLOOKUP(C79,'SẢN LƯỢNG'!$D$17:$AR$160,37,0) -> 3455
A80: 70 | B80: ='Chấm công KT'!C82 -> 03515 | C80: ='Chấm công KT'!D82 -> N. Xi | D80: CN-KT | E80: =10/1.25 -> 8 | Q80: =SUM(E80:P80) -> 8 | R80: =VLOOKUP(C80,'SẢN LƯỢNG'!D86:AK166,34,0) -> 4054 | T80: =S80*50/100 -> 0 | U80: =R80 -> 4054 | V80: =VLOOKUP(C80,'Chấm công KT'!D82:AK163,34,0) -> 27 | W80: =VLOOKUP(C80,'Chấm công KT'!D82:AL163,35,0) -> 4 | Y80: =VLOOKUP(C80,'Chấm công KT'!D82:AN162,37,0) -> 0 | Z80: =VLOOKUP(C80,'Chấm công KT'!$D$13:$AO$92,38,0) -> 0 | AA80: =VLOOKUP(C80,'Chấm công KT'!$D$13:$AP$92,39,0) -> 0 | AC80: =Q80 -> 8 | AD80: =VLOOKUP(C80,'SẢN LƯỢNG'!$D$17:$AR$160,37,0) -> 3934
A81: 71 | B81: ='Chấm công KT'!C83 -> 03516 | C81: ='Chấm công KT'!D83 -> N. Chay | D81: CN-KT | E81: =10/1.25 -> 8 | Q81: =SUM(E81:P81) -> 8 | R81: =VLOOKUP(C81,'SẢN LƯỢNG'!D87:AK167,34,0) -> 3541 | T81: =S81*50/100 -> 0 | U81: =R81 -> 3541 | V81: =VLOOKUP(C81,'Chấm công KT'!D83:AK164,34,0) -> 26 | W81: =VLOOKUP(C81,'Chấm công KT'!D83:AL164,35,0) -> 4 | Y81: =VLOOKUP(C81,'Chấm công KT'!D83:AN163,37,0) -> 0 | Z81: =VLOOKUP(C81,'Chấm công KT'!$D$13:$AO$92,38,0) -> 0 | AA81: =VLOOKUP(C81,'Chấm công KT'!$D$13:$AP$92,39,0) -> 0 | AC81: =Q81 -> 8 | AD81: =VLOOKUP(C81,'SẢN LƯỢNG'!$D$17:$AR$160,37,0) -> 3858
A82: 72 | B82: ='Chấm công KT'!C84 -> 03544 | C82: ='Chấm công KT'!D84 -> T. Ta | D82: CN-KT | E82: =10/1.25 -> 8 | Q82: =SUM(E82:P82) -> 8 | R82: =VLOOKUP(C82,'SẢN LƯỢNG'!D88:AK168,34,0) -> 2061 | T82: =S82*50/100 -> 0 | U82: =R82 -> 2061 | V82: =VLOOKUP(C82,'Chấm công KT'!D84:AK165,34,0) -> 21 | W82: =VLOOKUP(C82,'Chấm công KT'!D84:AL165,35,0) -> 4 | Y82: =VLOOKUP(C82,'Chấm công KT'!D84:AN164,37,0) -> 0 | Z82: =VLOOKUP(C82,'Chấm công KT'!$D$13:$AO$92,38,0) -> 0 | AA82: =VLOOKUP(C82,'Chấm công KT'!$D$13:$AP$92,39,0) -> 0 | AC82: =Q82 -> 8 | AD82: =VLOOKUP(C82,'SẢN LƯỢNG'!$D$17:$AR$160,37,0) -> 2714
A83: 73 | B83: ='Chấm công KT'!C85 -> 04071 | C83: ='Chấm công KT'!D85 -> T. Ne | D83: CN-KT | E83: =10/1.25 -> 8 | Q83: =SUM(E83:P83) -> 8 | R83: =VLOOKUP(C83,'SẢN LƯỢNG'!D89:AK169,34,0) -> 2063 | T83: =S83*50/100 -> 0 | U83: =R83 -> 2063 | V83: =VLOOKUP(C83,'Chấm công KT'!D85:AK166,34,0) -> 21 | W83: =VLOOKUP(C83,'Chấm công KT'!D85:AL166,35,0) -> 4 | Y83: =VLOOKUP(C83,'Chấm công KT'!D85:AN165,37,0) -> 0 | Z83: =VLOOKUP(C83,'Chấm công KT'!$D$13:$AO$92,38,0) -> 0 | AA83: =VLOOKUP(C83,'Chấm công KT'!$D$13:$AP$92,39,0) -> 0 | AC83: =Q83 -> 8 | AD83: =VLOOKUP(C83,'SẢN LƯỢNG'!$D$17:$AR$160,37,0) -> 2721
A84: 74 | C84: ='Chấm công KT'!D86 -> N. Khăn | D84: CN-KT | E84: =4/1.25 -> 3.2 | Q84: =SUM(E84:P84) -> 3.2 | R84: =VLOOKUP(C84,'SẢN LƯỢNG'!D90:AK170,34,0) -> 564 | T84: =S84*50/100 -> 0 | U84: =R84 -> 564 | V84: =VLOOKUP(C84,'Chấm công KT'!D86:AK167,34,0) -> 13 | W84: =VLOOKUP(C84,'Chấm công KT'!D86:AL167,35,0) -> 2 | Y84: =VLOOKUP(C84,'Chấm công KT'!D86:AN166,37,0) -> 0 | Z84: =VLOOKUP(C84,'Chấm công KT'!$D$13:$AO$92,38,0) -> 0 | AA84: =VLOOKUP(C84,'Chấm công KT'!$D$13:$AP$92,39,0) -> 0 | AC84: =Q84 -> 3.2 | AD84: =VLOOKUP(C84,'SẢN LƯỢNG'!$D$17:$AR$160,37,0) -> 2466
A85: 75 | C85: ='Chấm công KT'!D87 -> T. Lã | D85: CN-KT | Q85: =SUM(E85:P85) -> 0 | R85: =VLOOKUP(C85,'SẢN LƯỢNG'!D91:AK171,34,0) -> 2447 | T85: =S85*50/100 -> 0 | U85: =R85 -> 2447 | V85: =VLOOKUP(C85,'Chấm công KT'!D87:AK168,34,0) -> 20 | W85: =VLOOKUP(C85,'Chấm công KT'!D87:AL168,35,0) -> 3 | Y85: =VLOOKUP(C85,'Chấm công KT'!D87:AN167,37,0) -> 0 | Z85: =VLOOKUP(C85,'Chấm công KT'!$D$13:$AO$92,38,0) -> 0 | AA85: =VLOOKUP(C85,'Chấm công KT'!$D$13:$AP$92,39,0) -> 0 | AC85: =Q85 -> 0 | AD85: =VLOOKUP(C85,'SẢN LƯỢNG'!$D$17:$AR$160,37,0) -> 1079
A86: 76 | C86: ='Chấm công KT'!D88 -> N. Veo | D86: CN-KT | Q86: =SUM(E86:P86) -> 0 | R86: =VLOOKUP(C86,'SẢN LƯỢNG'!D92:AK172,34,0) -> 2022 | T86: =S86*50/100 -> 0 | U86: =R86 -> 2022 | V86: =VLOOKUP(C86,'Chấm công KT'!D88:AK169,34,0) -> 16 | W86: =VLOOKUP(C86,'Chấm công KT'!D88:AL169,35,0) -> 2 | Y86: =VLOOKUP(C86,'Chấm công KT'!D88:AN168,37,0) -> 0 | Z86: =VLOOKUP(C86,'Chấm công KT'!$D$13:$AO$92,38,0) -> 0 | AA86: =VLOOKUP(C86,'Chấm công KT'!$D$13:$AP$92,39,0) -> 0 | AC86: =Q86 -> 0 | AD86: =VLOOKUP(C86,'SẢN LƯỢNG'!$D$17:$AR$160,37,0) -> 456
A87: 77 | C87: ='Chấm công KT'!D89 -> T. Pu | D87: CN-KT | Q87: =SUM(E87:P87) -> 0 | R87: =VLOOKUP(C87,'SẢN LƯỢNG'!D93:AK173,34,0) -> 1284 | U87: =R87 -> 1284 | V87: =VLOOKUP(C87,'Chấm công KT'!D89:AK170,34,0) -> 10 | W87: =VLOOKUP(C87,'Chấm công KT'!D89:AL170,35,0) -> 1 | Y87: =VLOOKUP(C87,'Chấm công KT'!D89:AN169,37,0) -> 0 | Z87: =VLOOKUP(C87,'Chấm công KT'!$D$13:$AO$92,38,0) -> 0 | AA87: =VLOOKUP(C87,'Chấm công KT'!$D$13:$AP$92,39,0) -> 0 | AC87: =Q87 -> 0 | AD87: =VLOOKUP(C87,'SẢN LƯỢNG'!$D$17:$AR$160,37,0) -> 397
A88: 78 | C88: ='Chấm công KT'!D90 -> T. Ta. | D88: CN-KT | Q88: =SUM(E88:P88) -> 0 | R88: =VLOOKUP(C88,'SẢN LƯỢNG'!D94:AK174,34,0) -> 637 | U88: =R88 -> 637 | V88: =VLOOKUP(C88,'Chấm công KT'!D90:AK171,34,0) -> 7 | W88: =VLOOKUP(C88,'Chấm công KT'!D90:AL171,35,0) -> 1 | Y88: =VLOOKUP(C88,'Chấm công KT'!D90:AN170,37,0) -> 0 | Z88: =VLOOKUP(C88,'Chấm công KT'!$D$13:$AO$92,38,0) -> 0 | AA88: =VLOOKUP(C88,'Chấm công KT'!$D$13:$AP$92,39,0) -> 0 | AC88: =Q88 -> 0 | AD88: =VLOOKUP(C88,'SẢN LƯỢNG'!$D$17:$AR$160,37,0) -> 325
A89: 79 | C89: ='Chấm công KT'!D91 -> N. Nang | D89: CN-KT | Q89: =SUM(E89:P89) -> 0 | R89: =VLOOKUP(C89,'SẢN LƯỢNG'!D95:AK175,34,0) -> 427 | U89: =R89 -> 427 | V89: =VLOOKUP(C89,'Chấm công KT'!D91:AK172,34,0) -> 5 | W89: =VLOOKUP(C89,'Chấm công KT'!D91:AL172,35,0) -> 1 | Y89: =VLOOKUP(C89,'Chấm công KT'!D91:AN171,37,0) -> 0 | Z89: =VLOOKUP(C89,'Chấm công KT'!$D$13:$AO$92,38,0) -> 0 | AA89: =VLOOKUP(C89,'Chấm công KT'!$D$13:$AP$92,39,0) -> 0 | AC89: =Q89 -> 0 | AD89: =VLOOKUP(C89,'SẢN LƯỢNG'!$D$17:$AR$160,37,0) -> 0
A90: 80 | C90: ='Chấm công KT'!D92 -> T. Tan | D90: CNK | Q90: =SUM(E90:P90) -> 0 | R90: =VLOOKUP(C90,'SẢN LƯỢNG'!D96:AK176,34,0) -> 331 | U90: =R90 -> 331 | V90: =VLOOKUP(C90,'Chấm công KT'!D92:AK173,34,0) -> 4 | W90: =VLOOKUP(C90,'Chấm công KT'!D92:AL173,35,0) -> 0 | Y90: =VLOOKUP(C90,'Chấm công KT'!D92:AN172,37,0) -> 0 | Z90: =VLOOKUP(C90,'Chấm công KT'!$D$13:$AO$92,38,0) -> 0 | AA90: =VLOOKUP(C90,'Chấm công KT'!$D$13:$AP$92,39,0) -> 0 | AC90: =Q90 -> 0 | AD90: =VLOOKUP(C90,'SẢN LƯỢNG'!$D$17:$AR$160,37,0) -> 0
A91: 81 | C91: Mủ Xi Rum 1 | D91: CNK | Q91: =SUM(E91:P91) -> 0 | R91: =VLOOKUP(C91,'SẢN LƯỢNG'!D97:AK177,34,0) -> #N/A | U91: =R91 -> #N/A | AC91: =Q91 -> 0 | AD91: =VLOOKUP(C91,'SẢN LƯỢNG'!$D$17:$AR$160,37,0) -> #N/A
A92: 82 | C92: Keo | D92: CNK | Q92: =SUM(E92:P92) -> 0 | U92: =R92 -> 0 | AC92: =Q92 -> 0
A93: 83 | C93: A. Trí | D93: CNK | G93: 379.54 | M93: =150.69 -> 150.69 | Q93: =SUM(E93:P93) -> 530.23 | T93: =S93*50/100 -> 0 | U93: =R93 -> 0 | AC93: =Q93 -> 530.23
A94: 84 | C94: T. Tạch | D94: CNK | H94: =144+1273.6 -> 1417.6 | Q94: =SUM(E94:P94) -> 1417.6 | AC94: =Q94 -> 1417.6
B95: Trạm 2 | E95: =SUM(E96:E161) -> 464 | F95: =SUM(F96:F161) -> 0 | G95: =SUM(G96:G161) -> 0 | H95: =SUM(H96:H161) -> 710.2 | I95: =SUM(I96:I161) -> 0 | J95: =SUM(J96:J161) -> 0 | K95: =SUM(K96:K161) -> 0 | L95: =SUM(L96:L161) -> 0 | ... AC95: =SUM(AC96:AC161) -> 1616.87 | AE95: =SUM(AE96:AE159) -> 0 | AF95: 1121 | AG95: 135 | AH95: 1191 | AI95: 173
A96: 1 | B96: ='Chấm công KT'!C95 -> 04072 | C96: ='Chấm công KT'!D95 -> T. Lun | D96: CNKT | E96: =10/1.25 -> 8 | Q96: =SUM(E96:P96) -> 8 | R96: =VLOOKUP(C96,'SẢN LƯỢNG'!$D$99:$AK$160,34,0) -> 3742 | T96: =S96*50/100 -> 0 | U96: =R96 -> 3742 | V96: =VLOOKUP(C96,'Chấm công KT'!$D$95:$AK$156,34,0) -> 26 | W96: =VLOOKUP(C96,'Chấm công KT'!$D$95:$AL$156,35,0) -> 1 | X96: =VLOOKUP(C96,'Chấm công KT'!D95:AM156,36,0) -> 0 | Y96: =VLOOKUP(C96,'Chấm công KT'!D95:AN156,37,0) -> 3 | AC96: =Q96 -> 8 | AD96: =VLOOKUP(C96,'SẢN LƯỢNG'!$D$17:$AR$160,37,0) -> 4099
A97: 2 | B97: ='Chấm công KT'!C96 -> 03466 | C97: ='Chấm công KT'!D96 -> N. Keo | D97: CNKT | E97: =10/1.25 -> 8 | Q97: =SUM(E97:P97) -> 8 | R97: =VLOOKUP(C97,'SẢN LƯỢNG'!$D$99:$AK$160,34,0) -> 3580 | T97: =S97*50/100 -> 0 | U97: =R97 -> 3580 | V97: =VLOOKUP(C97,'Chấm công KT'!$D$95:$AK$156,34,0) -> 25 | W97: =VLOOKUP(C97,'Chấm công KT'!$D$95:$AL$156,35,0) -> 1 | X97: =VLOOKUP(C97,'Chấm công KT'!D96:AM156,36,0) -> 0 | Y97: =VLOOKUP(C97,'Chấm công KT'!D96:AN157,37,0) -> 3 | AC97: =Q97 -> 8 | AD97: =VLOOKUP(C97,'SẢN LƯỢNG'!$D$17:$AR$160,37,0) -> 4330
A98: 3 | B98: ='Chấm công KT'!C97 -> 03590 | C98: ='Chấm công KT'!D97 -> T .Nhum | D98: CNKT | E98: =10/1.25 -> 8 | Q98: =SUM(E98:P98) -> 8 | R98: =VLOOKUP(C98,'SẢN LƯỢNG'!$D$99:$AK$160,34,0) -> 3738 | T98: =S98*50/100 -> 0 | U98: =R98 -> 3738 | V98: =VLOOKUP(C98,'Chấm công KT'!$D$95:$AK$156,34,0) -> 27 | W98: =VLOOKUP(C98,'Chấm công KT'!$D$95:$AL$156,35,0) -> 1 | X98: =VLOOKUP(C98,'Chấm công KT'!D97:AM156,36,0) -> 0 | Y98: =VLOOKUP(C98,'Chấm công KT'!D97:AN158,37,0) -> 3 | AC98: =Q98 -> 8 | AD98: =VLOOKUP(C98,'SẢN LƯỢNG'!$D$17:$AR$160,37,0) -> 3851
A99: 4 | B99: ='Chấm công KT'!C98 -> 03591 | C99: ='Chấm công KT'!D98 -> N.Vông Ma Ni | D99: CNKT | E99: =10/1.25 -> 8 | Q99: =SUM(E99:P99) -> 8 | R99: =VLOOKUP(C99,'SẢN LƯỢNG'!$D$99:$AK$160,34,0) -> 3849 | T99: =S99*50/100 -> 0 | U99: =R99 -> 3849 | V99: =VLOOKUP(C99,'Chấm công KT'!$D$95:$AK$156,34,0) -> 26 | W99: =VLOOKUP(C99,'Chấm công KT'!$D$95:$AL$156,35,0) -> 1 | X99: =VLOOKUP(C99,'Chấm công KT'!D98:AM156,36,0) -> 0 | Y99: =VLOOKUP(C99,'Chấm công KT'!D98:AN159,37,0) -> 3 | AC99: =Q99 -> 8 | AD99: =VLOOKUP(C99,'SẢN LƯỢNG'!$D$17:$AR$160,37,0) -> 3696
A100: 5 | B100: ='Chấm công KT'!C99 -> 03592 | C100: ='Chấm công KT'!D99 -> Đao Hương | D100: CNKT | E100: =10/1.25 -> 8 | Q100: =SUM(E100:P100) -> 8 | R100: =VLOOKUP(C100,'SẢN LƯỢNG'!$D$99:$AK$160,34,0) -> 3654 | T100: =S100*50/100 -> 0 | U100: =R100 -> 3654 | V100: =VLOOKUP(C100,'Chấm công KT'!$D$95:$AK$156,34,0) -> 26 | W100: =VLOOKUP(C100,'Chấm công KT'!$D$95:$AL$156,35,0) -> 1 | X100: =VLOOKUP(C100,'Chấm công KT'!D99:AM156,36,0) -> 0 | Y100: =VLOOKUP(C100,'Chấm công KT'!D99:AN160,37,0) -> 3 | AC100: =Q100 -> 8 | AD100: =VLOOKUP(C100,'SẢN LƯỢNG'!$D$17:$AR$160,37,0) -> 3659 | AF100: =241.33-E95 -> -222.67
A101: 6 | B101: ='Chấm công KT'!C100 -> 03593 | C101: ='Chấm công KT'!D100 -> T. Xi Nun | D101: CNKT | E101: =10/1.25 -> 8 | Q101: =SUM(E101:P101) -> 8 | R101: =VLOOKUP(C101,'SẢN LƯỢNG'!$D$99:$AK$160,34,0) -> 3441 | T101: =S101*50/100 -> 0 | U101: =R101 -> 3441 | V101: =VLOOKUP(C101,'Chấm công KT'!$D$95:$AK$156,34,0) -> 20 | W101: =VLOOKUP(C101,'Chấm công KT'!$D$95:$AL$156,35,0) -> 1 | X101: =VLOOKUP(C101,'Chấm công KT'!D100:AM156,36,0) -> 0 | Y101: =VLOOKUP(C101,'Chấm công KT'!D100:AN161,37,0) -> 2 | AC101: =Q101 -> 8 | AD101: =VLOOKUP(C101,'SẢN LƯỢNG'!$D$17:$AR$160,37,0) -> 4836 | AG101: =183*0.5 -> 91.5
A102: 7 | B102: ='Chấm công KT'!C101 -> 03594 | C102: ='Chấm công KT'!D101 -> T. Bun Hinh | D102: CNKT | E102: =10/1.25 -> 8 | Q102: =SUM(E102:P102) -> 8 | R102: =VLOOKUP(C102,'SẢN LƯỢNG'!$D$99:$AK$160,34,0) -> 2889 | T102: =S102*50/100 -> 0 | U102: =R102 -> 2889 | V102: =VLOOKUP(C102,'Chấm công KT'!$D$95:$AK$156,34,0) -> 27 | W102: =VLOOKUP(C102,'Chấm công KT'!$D$95:$AL$156,35,0) -> 1 | X102: =VLOOKUP(C102,'Chấm công KT'!D101:AM156,36,0) -> 0 | Y102: =VLOOKUP(C102,'Chấm công KT'!D101:AN162,37,0) -> 3 | AC102: =Q102 -> 8 | AD102: =VLOOKUP(C102,'SẢN LƯỢNG'!$D$17:$AR$160,37,0) -> 3280
A103: 8 | B103: ='Chấm công KT'!C102 -> 04073 | C103: ='Chấm công KT'!D102 -> T. Miềng | D103: CNKT | E103: =10/1.25 -> 8 | Q103: =SUM(E103:P103) -> 8 | R103: =VLOOKUP(C103,'SẢN LƯỢNG'!$D$99:$AK$160,34,0) -> 2394 | T103: =S103*50/100 -> 0 | U103: =R103 -> 2394 | V103: =VLOOKUP(C103,'Chấm công KT'!$D$95:$AK$156,34,0) -> 22 | W103: =VLOOKUP(C103,'Chấm công KT'!$D$95:$AL$156,35,0) -> 0 | X103: =VLOOKUP(C103,'Chấm công KT'!D102:AM156,36,0) -> 0 | Y103: =VLOOKUP(C103,'Chấm công KT'!D102:AN163,37,0) -> 0 | AC103: =Q103 -> 8 | AD103: =VLOOKUP(C103,'SẢN LƯỢNG'!$D$17:$AR$160,37,0) -> 3374
A104: 9 | B104: ='Chấm công KT'!C103 -> 03596 | C104: ='Chấm công KT'!D103 -> N. Xúc | D104: CNKT | E104: =10/1.25 -> 8 | Q104: =SUM(E104:P104) -> 8 | R104: =VLOOKUP(C104,'SẢN LƯỢNG'!$D$99:$AK$160,34,0) -> 3481 | T104: =S104*50/100 -> 0 | U104: =R104 -> 3481 | V104: =VLOOKUP(C104,'Chấm công KT'!$D$95:$AK$156,34,0) -> 26 | W104: =VLOOKUP(C104,'Chấm công KT'!$D$95:$AL$156,35,0) -> 1 | X104: =VLOOKUP(C104,'Chấm công KT'!D103:AM156,36,0) -> 0 | Y104: =VLOOKUP(C104,'Chấm công KT'!D103:AN164,37,0) -> 3 | AC104: =Q104 -> 8 | AD104: =VLOOKUP(C104,'SẢN LƯỢNG'!$D$17:$AR$160,37,0) -> 3360
A105: 10 | B105: ='Chấm công KT'!C104 -> 03597 | C105: ='Chấm công KT'!D104 -> N. Lẹ | D105: CNKT | E105: =10/1.25 -> 8 | Q105: =SUM(E105:P105) -> 8 | R105: =VLOOKUP(C105,'SẢN LƯỢNG'!$D$99:$AK$160,34,0) -> 3868 | T105: =S105*50/100 -> 0 | U105: =R105 -> 3868 | V105: =VLOOKUP(C105,'Chấm công KT'!$D$95:$AK$156,34,0) -> 27 | W105: =VLOOKUP(C105,'Chấm công KT'!$D$95:$AL$156,35,0) -> 1 | X105: =VLOOKUP(C105,'Chấm công KT'!D104:AM156,36,0) -> 0 | Y105: =VLOOKUP(C105,'Chấm công KT'!D104:AN165,37,0) -> 3 | AC105: =Q105 -> 8 | AD105: =VLOOKUP(C105,'SẢN LƯỢNG'!$D$17:$AR$160,37,0) -> 3684
A106: 11 | B106: ='Chấm công KT'!C105 -> 03598 | C106: ='Chấm công KT'!D105 -> N . Thích | D106: CNKT | E106: =10/1.25 -> 8 | Q106: =SUM(E106:P106) -> 8 | R106: =VLOOKUP(C106,'SẢN LƯỢNG'!$D$99:$AK$160,34,0) -> 3755 | T106: =S106*50/100 -> 0 | U106: =R106 -> 3755 | V106: =VLOOKUP(C106,'Chấm công KT'!$D$95:$AK$156,34,0) -> 27 | W106: =VLOOKUP(C106,'Chấm công KT'!$D$95:$AL$156,35,0) -> 1 | X106: =VLOOKUP(C106,'Chấm công KT'!D105:AM156,36,0) -> 0 | Y106: =VLOOKUP(C106,'Chấm công KT'!D105:AN166,37,0) -> 3 | AC106: =Q106 -> 8 | AD106: =VLOOKUP(C106,'SẢN LƯỢNG'!$D$17:$AR$160,37,0) -> 3611
A107: 12 | B107: ='Chấm công KT'!C106 -> 03599 | C107: ='Chấm công KT'!D106 -> N. Cong Mi | D107: CNKT | E107: =10/1.25 -> 8 | Q107: =SUM(E107:P107) -> 8 | R107: =VLOOKUP(C107,'SẢN LƯỢNG'!$D$99:$AK$160,34,0) -> 2704 | T107: =S107*50/100 -> 0 | U107: =R107 -> 2704 | V107: =VLOOKUP(C107,'Chấm công KT'!$D$95:$AK$156,34,0) -> 27 | W107: =VLOOKUP(C107,'Chấm công KT'!$D$95:$AL$156,35,0) -> 0 | X107: =VLOOKUP(C107,'Chấm công KT'!D106:AM156,36,0) -> 0 | Y107: =VLOOKUP(C107,'Chấm công KT'!D106:AN167,37,0) -> 3 | AC107: =Q107 -> 8 | AD107: =VLOOKUP(C107,'SẢN LƯỢNG'!$D$17:$AR$160,37,0) -> 3380
A108: 13 | B108: ='Chấm công KT'!C107 -> 04074 | C108: ='Chấm công KT'!D107 -> T. Na | D108: CNKT | E108: =10/1.25 -> 8 | Q108: =SUM(E108:P108) -> 8 | R108: =VLOOKUP(C108,'SẢN LƯỢNG'!$D$99:$AK$160,34,0) -> 1763 | T108: =S108*50/100 -> 0 | U108: =R108 -> 1763 | V108: =VLOOKUP(C108,'Chấm công KT'!$D$95:$AK$156,34,0) -> 21 | W108: =VLOOKUP(C108,'Chấm công KT'!$D$95:$AL$156,35,0) -> 0 | X108: =VLOOKUP(C108,'Chấm công KT'!D107:AM156,36,0) -> 0 | Y108: =VLOOKUP(C108,'Chấm công KT'!D107:AN168,37,0) -> 0 | AC108: =Q108 -> 8 | AD108: =VLOOKUP(C108,'SẢN LƯỢNG'!$D$17:$AR$160,37,0) -> 3343
A109: 14 | B109: ='Chấm công KT'!C108 -> 03601 | C109: ='Chấm công KT'!D108 -> T. Khăm Mặn | D109: CNKT | E109: =10/1.25 -> 8 | Q109: =SUM(E109:P109) -> 8 | R109: =VLOOKUP(C109,'SẢN LƯỢNG'!$D$99:$AK$160,34,0) -> 5322 | T109: =S109*50/100 -> 0 | U109: =R109 -> 5322 | V109: =VLOOKUP(C109,'Chấm công KT'!$D$95:$AK$156,34,0) -> 27 | W109: =VLOOKUP(C109,'Chấm công KT'!$D$95:$AL$156,35,0) -> 1 | X109: =VLOOKUP(C109,'Chấm công KT'!D108:AM156,36,0) -> 0 | Y109: =VLOOKUP(C109,'Chấm công KT'!D108:AN169,37,0) -> 3 | AC109: =Q109 -> 8 | AD109: =VLOOKUP(C109,'SẢN LƯỢNG'!$D$17:$AR$160,37,0) -> 5122
A110: 15 | B110: ='Chấm công KT'!C109 -> 03602 | C110: ='Chấm công KT'!D109 -> T . In Tong | D110: CNKT | E110: =10/1.25 -> 8 | Q110: =SUM(E110:P110) -> 8 | R110: =VLOOKUP(C110,'SẢN LƯỢNG'!$D$99:$AK$160,34,0) -> 4106 | T110: =S110*50/100 -> 0 | U110: =R110 -> 4106 | V110: =VLOOKUP(C110,'Chấm công KT'!$D$95:$AK$156,34,0) -> 27 | W110: =VLOOKUP(C110,'Chấm công KT'!$D$95:$AL$156,35,0) -> 1 | X110: =VLOOKUP(C110,'Chấm công KT'!D109:AM156,36,0) -> 0 | Y110: =VLOOKUP(C110,'Chấm công KT'!D109:AN170,37,0) -> 3 | AC110: =Q110 -> 8 | AD110: =VLOOKUP(C110,'SẢN LƯỢNG'!$D$17:$AR$160,37,0) -> 3751
A111: 16 | B111: ='Chấm công KT'!C110 -> 03496 | C111: ='Chấm công KT'!D110 -> T. Lốp | D111: CNKT | E111: =10/1.25 -> 8 | Q111: =SUM(E111:P111) -> 8 | R111: =VLOOKUP(C111,'SẢN LƯỢNG'!$D$99:$AK$160,34,0) -> 3593 | T111: =S111*50/100 -> 0 | U111: =R111 -> 3593 | V111: =VLOOKUP(C111,'Chấm công KT'!$D$95:$AK$156,34,0) -> 27 | W111: =VLOOKUP(C111,'Chấm công KT'!$D$95:$AL$156,35,0) -> 1 | X111: =VLOOKUP(C111,'Chấm công KT'!D110:AM156,36,0) -> 0 | Y111: =VLOOKUP(C111,'Chấm công KT'!D110:AN171,37,0) -> 3 | AC111: =Q111 -> 8 | AD111: =VLOOKUP(C111,'SẢN LƯỢNG'!$D$17:$AR$160,37,0) -> 5104
A112: 17 | B112: ='Chấm công KT'!C111 -> 03604 | C112: ='Chấm công KT'!D111 -> T. Lăm Phêng | D112: CNKT | E112: =10/1.25 -> 8 | Q112: =SUM(E112:P112) -> 8 | R112: =VLOOKUP(C112,'SẢN LƯỢNG'!$D$99:$AK$160,34,0) -> 6230 | T112: =S112*50/100 -> 0 | U112: =R112 -> 6230 | V112: =VLOOKUP(C112,'Chấm công KT'!$D$95:$AK$156,34,0) -> 27 | W112: =VLOOKUP(C112,'Chấm công KT'!$D$95:$AL$156,35,0) -> 2 | X112: =VLOOKUP(C112,'Chấm công KT'!D111:AM156,36,0) -> 0 | Y112: =VLOOKUP(C112,'Chấm công KT'!D111:AN172,37,0) -> 2 | AC112: =Q112 -> 8 | AD112: =VLOOKUP(C112,'SẢN LƯỢNG'!$D$17:$AR$160,37,0) -> 5990
A113: 18 | B113: ='Chấm công KT'!C112 -> 04075 | C113: ='Chấm công KT'!D112 -> T Xèng | D113: CNKT | E113: =10/1.25 -> 8 | Q113: =SUM(E113:P113) -> 8 | R113: =VLOOKUP(C113,'SẢN LƯỢNG'!$D$99:$AK$160,34,0) -> 4370 | T113: =S113*50/100 -> 0 | U113: =R113 -> 4370 | V113: =VLOOKUP(C113,'Chấm công KT'!$D$95:$AK$156,34,0) -> 27 | W113: =VLOOKUP(C113,'Chấm công KT'!$D$95:$AL$156,35,0) -> 1 | X113: =VLOOKUP(C113,'Chấm công KT'!D112:AM156,36,0) -> 0 | Y113: =VLOOKUP(C113,'Chấm công KT'!D112:AN173,37,0) -> 3 | AC113: =Q113 -> 8 | AD113: =VLOOKUP(C113,'SẢN LƯỢNG'!$D$17:$AR$160,37,0) -> 4489
A114: 19 | B114: ='Chấm công KT'!C113 -> 03509 | C114: ='Chấm công KT'!D113 -> T. May | D114: CNKT | E114: =10/1.25 -> 8 | Q114: =SUM(E114:P114) -> 8 | R114: =VLOOKUP(C114,'SẢN LƯỢNG'!$D$99:$AK$160,34,0) -> 3980 | T114: =S114*50/100 -> 0 | U114: =R114 -> 3980 | V114: =VLOOKUP(C114,'Chấm công KT'!$D$95:$AK$156,34,0) -> 26 | W114: =VLOOKUP(C114,'Chấm công KT'!$D$95:$AL$156,35,0) -> 1 | X114: =VLOOKUP(C114,'Chấm công KT'!D113:AM156,36,0) -> 0 | Y114: =VLOOKUP(C114,'Chấm công KT'!D113:AN174,37,0) -> 3 | AC114: =Q114 -> 8 | AD114: =VLOOKUP(C114,'SẢN LƯỢNG'!$D$17:$AR$160,37,0) -> 4071
A115: 20 | B115: ='Chấm công KT'!C114 -> 03607 | C115: ='Chấm công KT'!D114 -> T. Huôn | D115: CNKT | E115: =10/1.25 -> 8 | Q115: =SUM(E115:P115) -> 8 | R115: =VLOOKUP(C115,'SẢN LƯỢNG'!$D$99:$AK$160,34,0) -> 2789 | T115: =S115*50/100 -> 0 | U115: =R115 -> 2789 | V115: =VLOOKUP(C115,'Chấm công KT'!$D$95:$AK$156,34,0) -> 25 | W115: =VLOOKUP(C115,'Chấm công KT'!$D$95:$AL$156,35,0) -> 1 | X115: =VLOOKUP(C115,'Chấm công KT'!D114:AM156,36,0) -> 0 | Y115: =VLOOKUP(C115,'Chấm công KT'!D114:AN175,37,0) -> 3 | AC115: =Q115 -> 8 | AD115: =VLOOKUP(C115,'SẢN LƯỢNG'!$D$17:$AR$160,37,0) -> 3307
A116: 21 | B116: ='Chấm công KT'!C115 -> 02729 | C116: ='Chấm công KT'!D115 -> N. Lay | D116: CNKT | E116: =10/1.25 -> 8 | Q116: =SUM(E116:P116) -> 8 | R116: =VLOOKUP(C116,'SẢN LƯỢNG'!$D$99:$AK$160,34,0) -> 2775 | T116: =S116*50/100 -> 0 | U116: =R116 -> 2775 | V116: =VLOOKUP(C116,'Chấm công KT'!$D$95:$AK$156,34,0) -> 25 | W116: =VLOOKUP(C116,'Chấm công KT'!$D$95:$AL$156,35,0) -> 1 | X116: =VLOOKUP(C116,'Chấm công KT'!D115:AM156,36,0) -> 0 | Y116: =VLOOKUP(C116,'Chấm công KT'!D115:AN176,37,0) -> 3 | AC116: =Q116 -> 8 | AD116: =VLOOKUP(C116,'SẢN LƯỢNG'!$D$17:$AR$160,37,0) -> 3221
A117: 22 | B117: ='Chấm công KT'!C116 -> 03608 | C117: ='Chấm công KT'!D116 -> N. Pon | D117: CNKT | E117: =10/1.25 -> 8 | Q117: =SUM(E117:P117) -> 8 | R117: =VLOOKUP(C117,'SẢN LƯỢNG'!$D$99:$AK$160,34,0) -> 3557 | T117: =S117*50/100 -> 0 | U117: =R117 -> 3557 | V117: =VLOOKUP(C117,'Chấm công KT'!$D$95:$AK$156,34,0) -> 25 | W117: =VLOOKUP(C117,'Chấm công KT'!$D$95:$AL$156,35,0) -> 1 | X117: =VLOOKUP(C117,'Chấm công KT'!D116:AM156,36,0) -> 0 | Y117: =VLOOKUP(C117,'Chấm công KT'!D116:AN177,37,0) -> 3 | AC117: =Q117 -> 8 | AD117: =VLOOKUP(C117,'SẢN LƯỢNG'!$D$17:$AR$160,37,0) -> 4600
A118: 23 | B118: ='Chấm công KT'!C117 -> 03609 | C118: ='Chấm công KT'!D117 -> N. Bun Đi | D118: CNKT | E118: =10/1.25 -> 8 | Q118: =SUM(E118:P118) -> 8 | R118: =VLOOKUP(C118,'SẢN LƯỢNG'!$D$99:$AK$160,34,0) -> 3436 | T118: =S118*50/100 -> 0 | U118: =R118 -> 3436 | V118: =VLOOKUP(C118,'Chấm công KT'!$D$95:$AK$156,34,0) -> 27 | W118: =VLOOKUP(C118,'Chấm công KT'!$D$95:$AL$156,35,0) -> 1 | X118: =VLOOKUP(C118,'Chấm công KT'!D117:AM156,36,0) -> 0 | Y118: =VLOOKUP(C118,'Chấm công KT'!D117:AN178,37,0) -> 3 | AC118: =Q118 -> 8 | AD118: =VLOOKUP(C118,'SẢN LƯỢNG'!$D$17:$AR$160,37,0) -> 3770
A119: 24 | B119: ='Chấm công KT'!C118 -> 03610 | C119: ='Chấm công KT'!D118 -> N. Phon | D119: CNKT | E119: =10/1.25 -> 8 | Q119: =SUM(E119:P119) -> 8 | R119: =VLOOKUP(C119,'SẢN LƯỢNG'!$D$99:$AK$160,34,0) -> 3600 | T119: =S119*50/100 -> 0 | U119: =R119 -> 3600 | V119: =VLOOKUP(C119,'Chấm công KT'!$D$95:$AK$156,34,0) -> 27 | W119: =VLOOKUP(C119,'Chấm công KT'!$D$95:$AL$156,35,0) -> 1 | X119: =VLOOKUP(C119,'Chấm công KT'!D118:AM156,36,0) -> 0 | Y119: =VLOOKUP(C119,'Chấm công KT'!D118:AN179,37,0) -> 3 | AC119: =Q119 -> 8 | AD119: =VLOOKUP(C119,'SẢN LƯỢNG'!$D$17:$AR$160,37,0) -> 3706
A120: 25 | B120: ='Chấm công KT'!C119 -> 04076 | C120: ='Chấm công KT'!D119 -> N. Bun | D120: CNKT | E120: =10/1.25 -> 8 | Q120: =SUM(E120:P120) -> 8 | R120: =VLOOKUP(C120,'SẢN LƯỢNG'!$D$99:$AK$160,34,0) -> 4260 | T120: =S120*50/100 -> 0 | U120: =R120 -> 4260 | V120: =VLOOKUP(C120,'Chấm công KT'!$D$95:$AK$156,34,0) -> 27 | W120: =VLOOKUP(C120,'Chấm công KT'!$D$95:$AL$156,35,0) -> 1 | X120: =VLOOKUP(C120,'Chấm công KT'!D119:AM156,36,0) -> 0 | Y120: =VLOOKUP(C120,'Chấm công KT'!D119:AN180,37,0) -> 3 | AC120: =Q120 -> 8 | AD120: =VLOOKUP(C120,'SẢN LƯỢNG'!$D$17:$AR$160,37,0) -> 4599
A121: 26 | B121: ='Chấm công KT'!C120 -> 03612 | C121: ='Chấm công KT'!D120 -> N. Phu Văn | D121: CNKT | E121: =10/1.25 -> 8 | Q121: =SUM(E121:P121) -> 8 | R121: =VLOOKUP(C121,'SẢN LƯỢNG'!$D$99:$AK$160,34,0) -> 4453 | T121: =S121*50/100 -> 0 | U121: =R121 -> 4453 | V121: =VLOOKUP(C121,'Chấm công KT'!$D$95:$AK$156,34,0) -> 27 | W121: =VLOOKUP(C121,'Chấm công KT'!$D$95:$AL$156,35,0) -> 1 | X121: =VLOOKUP(C121,'Chấm công KT'!D120:AM156,36,0) -> 0 | Y121: =VLOOKUP(C121,'Chấm công KT'!D120:AN181,37,0) -> 3 | AC121: =Q121 -> 8 | AD121: =VLOOKUP(C121,'SẢN LƯỢNG'!$D$17:$AR$160,37,0) -> 4476
A122: 27 | B122: ='Chấm công KT'!C121 -> 03613 | C122: ='Chấm công KT'!D121 -> N. Lỷ | D122: CNKT | E122: =10/1.25 -> 8 | Q122: =SUM(E122:P122) -> 8 | R122: =VLOOKUP(C122,'SẢN LƯỢNG'!$D$99:$AK$160,34,0) -> 5145 | T122: =S122*50/100 -> 0 | U122: =R122 -> 5145 | V122: =VLOOKUP(C122,'Chấm công KT'!$D$95:$AK$156,34,0) -> 27 | W122: =VLOOKUP(C122,'Chấm công KT'!$D$95:$AL$156,35,0) -> 1 | X122: =VLOOKUP(C122,'Chấm công KT'!D121:AM156,36,0) -> 0 | Y122: =VLOOKUP(C122,'Chấm công KT'!D121:AN182,37,0) -> 3 | AC122: =Q122 -> 8 | AD122: =VLOOKUP(C122,'SẢN LƯỢNG'!$D$17:$AR$160,37,0) -> 5498
A123: 28 | B123: ='Chấm công KT'!C122 -> 04077 | C123: ='Chấm công KT'!D122 -> N. Quen | D123: CNKT | E123: =10/1.25 -> 8 | Q123: =SUM(E123:P123) -> 8 | R123: =VLOOKUP(C123,'SẢN LƯỢNG'!$D$99:$AK$160,34,0) -> 4697 | T123: =S123*50/100 -> 0 | U123: =R123 -> 4697 | V123: =VLOOKUP(C123,'Chấm công KT'!$D$95:$AK$156,34,0) -> 27 | W123: =VLOOKUP(C123,'Chấm công KT'!$D$95:$AL$156,35,0) -> 2 | X123: =VLOOKUP(C123,'Chấm công KT'!D122:AM156,36,0) -> 0 | Y123: =VLOOKUP(C123,'Chấm công KT'!D122:AN183,37,0) -> 2 | AC123: =Q123 -> 8 | AD123: =VLOOKUP(C123,'SẢN LƯỢNG'!$D$17:$AR$160,37,0) -> 4337
A124: 29 | B124: ='Chấm công KT'!C123 -> 03615 | C124: ='Chấm công KT'!D123 -> T. Xi Nuôn | D124: CNKT | E124: =10/1.25 -> 8 | Q124: =SUM(E124:P124) -> 8 | R124: =VLOOKUP(C124,'SẢN LƯỢNG'!$D$99:$AK$160,34,0) -> 3585 | T124: =S124*50/100 -> 0 | U124: =R124 -> 3585 | V124: =VLOOKUP(C124,'Chấm công KT'!$D$95:$AK$156,34,0) -> 27 | W124: =VLOOKUP(C124,'Chấm công KT'!$D$95:$AL$156,35,0) -> 1 | X124: =VLOOKUP(C124,'Chấm công KT'!D123:AM156,36,0) -> 0 | Y124: =VLOOKUP(C124,'Chấm công KT'!D123:AN184,37,0) -> 3 | AC124: =Q124 -> 8 | AD124: =VLOOKUP(C124,'SẢN LƯỢNG'!$D$17:$AR$160,37,0) -> 3743
A125: 30 | B125: ='Chấm công KT'!C124 -> 03616 | C125: ='Chấm công KT'!D124 -> N. Ốc | D125: CNKT | E125: =10/1.25 -> 8 | Q125: =SUM(E125:P125) -> 8 | R125: =VLOOKUP(C125,'SẢN LƯỢNG'!$D$99:$AK$160,34,0) -> 4983 | T125: =S125*50/100 -> 0 | U125: =R125 -> 4983 | V125: =VLOOKUP(C125,'Chấm công KT'!$D$95:$AK$156,34,0) -> 27 | W125: =VLOOKUP(C125,'Chấm công KT'!$D$95:$AL$156,35,0) -> 1 | X125: =VLOOKUP(C125,'Chấm công KT'!D124:AM156,36,0) -> 0 | Y125: =VLOOKUP(C125,'Chấm công KT'!D124:AN185,37,0) -> 3 | AC125: =Q125 -> 8 | AD125: =VLOOKUP(C125,'SẢN LƯỢNG'!$D$17:$AR$160,37,0) -> 5520
A126: 31 | B126: ='Chấm công KT'!C125 -> 03617 | C126: ='Chấm công KT'!D125 -> T. Văn Nô | D126: CNKT | E126: =10/1.25 -> 8 | Q126: =SUM(E126:P126) -> 8 | R126: =VLOOKUP(C126,'SẢN LƯỢNG'!$D$99:$AK$160,34,0) -> 4530 | T126: =S126*50/100 -> 0 | U126: =R126 -> 4530 | V126: =VLOOKUP(C126,'Chấm công KT'!$D$95:$AK$156,34,0) -> 27 | W126: =VLOOKUP(C126,'Chấm công KT'!$D$95:$AL$156,35,0) -> 1 | X126: =VLOOKUP(C126,'Chấm công KT'!D125:AM156,36,0) -> 0 | Y126: =VLOOKUP(C126,'Chấm công KT'!D125:AN186,37,0) -> 3 | AC126: =Q126 -> 8 | AD126: =VLOOKUP(C126,'SẢN LƯỢNG'!$D$17:$AR$160,37,0) -> 4670
A127: 32 | B127: ='Chấm công KT'!C126 -> 03618 | C127: ='Chấm công KT'!D126 -> N. Văn Ta | D127: CNKT | E127: =10/1.25 -> 8 | Q127: =SUM(E127:P127) -> 8 | R127: =VLOOKUP(C127,'SẢN LƯỢNG'!$D$99:$AK$160,34,0) -> 3958 | T127: =S127*50/100 -> 0 | U127: =R127 -> 3958 | V127: =VLOOKUP(C127,'Chấm công KT'!$D$95:$AK$156,34,0) -> 25 | W127: =VLOOKUP(C127,'Chấm công KT'!$D$95:$AL$156,35,0) -> 2 | X127: =VLOOKUP(C127,'Chấm công KT'!D126:AM156,36,0) -> 0 | Y127: =VLOOKUP(C127,'Chấm công KT'!D126:AN187,37,0) -> 2 | AC127: =Q127 -> 8 | AD127: =VLOOKUP(C127,'SẢN LƯỢNG'!$D$17:$AR$160,37,0) -> 4914
A128: 33 | B128: ='Chấm công KT'!C127 -> 03619 | C128: ='Chấm công KT'!D127 -> T. Thon | D128: CNKT | E128: =10/1.25 -> 8 | Q128: =SUM(E128:P128) -> 8 | R128: =VLOOKUP(C128,'SẢN LƯỢNG'!$D$99:$AK$160,34,0) -> 3969 | T128: =S128*50/100 -> 0 | U128: =R128 -> 3969 | V128: =VLOOKUP(C128,'Chấm công KT'!$D$95:$AK$156,34,0) -> 26 | W128: =VLOOKUP(C128,'Chấm công KT'!$D$95:$AL$156,35,0) -> 1 | X128: =VLOOKUP(C128,'Chấm công KT'!D127:AM156,36,0) -> 0 | Y128: =VLOOKUP(C128,'Chấm công KT'!D127:AN188,37,0) -> 3 | AC128: =Q128 -> 8 | AD128: =VLOOKUP(C128,'SẢN LƯỢNG'!$D$17:$AR$160,37,0) -> 3610
A129: 34 | B129: ='Chấm công KT'!C128 -> 03620 | C129: ='Chấm công KT'!D128 -> Bun Thon | D129: CNKT | E129: =10/1.25 -> 8 | Q129: =SUM(E129:P129) -> 8 | R129: =VLOOKUP(C129,'SẢN LƯỢNG'!$D$99:$AK$160,34,0) -> 2800 | T129: =S129*50/100 -> 0 | U129: =R129 -> 2800 | V129: =VLOOKUP(C129,'Chấm công KT'!$D$95:$AK$156,34,0) -> 23 | W129: =VLOOKUP(C129,'Chấm công KT'!$D$95:$AL$156,35,0) -> 1 | X129: =VLOOKUP(C129,'Chấm công KT'!D128:AM156,36,0) -> 0 | Y129: =VLOOKUP(C129,'Chấm công KT'!D128:AN189,37,0) -> 3 | AC129: =Q129 -> 8 | AD129: =VLOOKUP(C129,'SẢN LƯỢNG'!$D$17:$AR$160,37,0) -> 3738
A130: 35 | B130: ='Chấm công KT'!C129 -> 04078 | C130: ='Chấm công KT'!D129 -> Lăm Thong | D130: CNKT | E130: =10/1.25 -> 8 | Q130: =SUM(E130:P130) -> 8 | R130: =VLOOKUP(C130,'SẢN LƯỢNG'!$D$99:$AK$160,34,0) -> 3870 | T130: =S130*50/100 -> 0 | U130: =R130 -> 3870 | V130: =VLOOKUP(C130,'Chấm công KT'!$D$95:$AK$156,34,0) -> 24 | W130: =VLOOKUP(C130,'Chấm công KT'!$D$95:$AL$156,35,0) -> 1 | X130: =VLOOKUP(C130,'Chấm công KT'!D129:AM156,36,0) -> 0 | Y130: =VLOOKUP(C130,'Chấm công KT'!D129:AN190,37,0) -> 3 | AC130: =Q130 -> 8 | AD130: =VLOOKUP(C130,'SẢN LƯỢNG'!$D$17:$AR$160,37,0) -> 3820
A131: 36 | B131: ='Chấm công KT'!C130 -> 03622 | C131: ='Chấm công KT'!D130 -> N. Xeo Khăm | D131: CNKT | E131: =10/1.25 -> 8 | Q131: =SUM(E131:P131) -> 8 | R131: =VLOOKUP(C131,'SẢN LƯỢNG'!$D$99:$AK$160,34,0) -> 5094 | T131: =S131*50/100 -> 0 | U131: =R131 -> 5094 | V131: =VLOOKUP(C131,'Chấm công KT'!$D$95:$AK$156,34,0) -> 27 | W131: =VLOOKUP(C131,'Chấm công KT'!$D$95:$AL$156,35,0) -> 1 | X131: =VLOOKUP(C131,'Chấm công KT'!D130:AM156,36,0) -> 0 | Y131: =VLOOKUP(C131,'Chấm công KT'!D130:AN191,37,0) -> 3 | AC131: =Q131 -> 8 | AD131: =VLOOKUP(C131,'SẢN LƯỢNG'!$D$17:$AR$160,37,0) -> 4770
A132: 37 | B132: ='Chấm công KT'!C131 -> 03623 | C132: ='Chấm công KT'!D131 -> T. Khăm... | D132: CNKT | E132: =10/1.25 -> 8 | Q132: =SUM(E132:P132) -> 8 | R132: =VLOOKUP(C132,'SẢN LƯỢNG'!$D$99:$AK$160,34,0) -> 4669 | T132: =S132*50/100 -> 0 | U132: =R132 -> 4669 | V132: =VLOOKUP(C132,'Chấm công KT'!$D$95:$AK$156,34,0) -> 26 | W132: =VLOOKUP(C132,'Chấm công KT'!$D$95:$AL$156,35,0) -> 1 | X132: =VLOOKUP(C132,'Chấm công KT'!D131:AM156,36,0) -> 0 | Y132: =VLOOKUP(C132,'Chấm công KT'!D131:AN192,37,0) -> 2 | AC132: =Q132 -> 8 | AD132: =VLOOKUP(C132,'SẢN LƯỢNG'!$D$17:$AR$160,37,0) -> 4945
...

Sheet Trạm 1
A1: CỘNG HÒA DÂN CHỦ NHÂN DÂN LÀO
A2: Hòa Bình - Độc Lập - Dân Chủ - Thống Nhất - Thịnh Vượng
A3: -----o0o-----
A5: CÔNG TY TNHH MTV QUASA - GERUCO LÀO
A6: ĐỘI SẢN XUẤT SỐ 4
A8: BẢNG LƯƠNG KHAI THÁC TRẠM 1 THÁNG 10 NĂM 2025
AC9: Mủ tạp | AD9: ='SẢN LƯỢNG'!AK16 -> 292536
AC10: mủ QK | AD10: ='SẢN LƯỢNG'!AM16 -> 129136.23
E11: ='CNKT '!F10 -> 611 | AC11: DRC mủ dây | AD11: 0.5
C12: Tỷ giá Bath qua Kip: | E12: ='CNKT '!F11 -> 659.96 | AB12: =AD10/AD9 -> 0.44143706 | AC12: DRC mủ serum | AD12: 0.5499
A13: STT | B13: Mã số nhân viên | C13: Họ và tên | D13: Kí nhận | E13: LƯƠNG | Z13: Tổng lương | AA13: Thuế TNCN | AB13: Tiền lương còn lại
E14: Lương chăm sóc ( đơn giá 25.000 kíp/ công) | J14: Lương sản lượng | O14: Phụ cấp khai thác
E15: Ngày công | F15: Thành tiền | G15: Mủ tạp (kg) | H15: Mủ dây (kg) | I15: Mủ xirum (kg) | J15: Quy khô ( kg) | K15: Mủ quy khô truy lĩnh T8 (kg) | L15: Tổng mủ trả lương | M15: Hạng kỹ thuật | N15: Thành tiền | O15: Ngày công thường | P15: Ngày công chủ nhật | Q15: Ngày công đi cạo 2 lát | R15: Ngày chủ nhật cạo 2 lát | S15: Phụ cấp tiền lương (500.000 kíp/phần) | T15: Ngày chủ nhật cạo gia tăng 2 miệng | U15: Phụ cấp tiền lương (500.000 kíp/phần) | V15: Phụ cấp thêm cạo 2 lát | W15: Phụ cấp tiền lương (30.000 kíp/phần) | Y15: Thành tiền | AD15: =5.5*E12 -> 3629.78 | AE15: =265*AD15 -> 961891.7
A16: 1 | B16: ='Chấm công KT'!C13 -> 0 | C16: =TONGHOPCONGDOI!C11 -> T. Lăm | F16: =E16*25000 -> 0 | G16: =VLOOKUP(C16,TONGHOPCONGDOI!C11:AE93,16,0) -> 4114 | H16: =VLOOKUP(C16,TONGHOPCONGDOI!C11:AE93,17,0) -> 0 | J16: =$AD$10/$AD$9*G16+H16*$AD$11+I16*$AD$12 -> 1816.0721 | K16: ='SẢN LƯỢNG'!AP17 -> 131.49148 | L16: ='SẢN LƯỢNG'!AQ17 -> 1947.5635 | M16: =VLOOKUP(C16,'SẢN LƯỢNG'!D17:AR95,41,0) -> B | N16: =ROUND((IF(M16="A",(L16*6.1),IF(M16="B",(L16*5.8),IF(M16="C",(L16*5.5),IF(M16="C.",(L16*5.5),IF(M16="D",(L16*5.2),0)))))*$E$11),0) -> 6901776 | O16: =VLOOKUP(C16,TONGHOPCONGDOI!$C$11:$V$91,20,0) -> 27 | P16: =VLOOKUP(C16,TONGHOPCONGDOI!$C$11:$W$91,21,0) -> 4 | Q16: =VLOOKUP(C16,TONGHOPCONGDOI!$C$11:$AD$93,22,0) -> 0 | R16: =VLOOKUP(C16,TONGHOPCONGDOI!$C$11:$AD$93,23,0) -> 0 | S16: =VLOOKUP(C16,TONGHOPCONGDOI!$C$11:$AD$93,24,0) -> 0 | T16: =VLOOKUP(C16,TONGHOPCONGDOI!$C$11:$AD$93,25,0) -> 0 | V16: =R16 -> 0 | Y16: =ROUND(((O16*46.1)+(P16*76.9)+(Q16*92.2)+(R16*153.8)+(S16*92.2)+(T16*153.8))*$E$12+(U16*25000)+(V16*100000),0) -> 1024456 | Z16: =F16+N16+Y16 -> 7926232 | AB16: =VLOOKUP(C16,'CNKT '!D16:AC93,24,0) -> 7926232 | AC16: =AB16-Z16 -> 0
A17: 2 | B17: ='Chấm công KT'!C14 -> 04052 | C17: =TONGHOPCONGDOI!C12 -> T. Feng | F17: =E17*25000 -> 0 | G17: =VLOOKUP(C17,TONGHOPCONGDOI!C12:AE94,16,0) -> 4202 | H17: =VLOOKUP(C17,TONGHOPCONGDOI!C12:AE94,17,0) -> 0 | J17: =$AD$10/$AD$9*G17+H17*$AD$11+I17*$AD$12 -> 1854.9185 | K17: ='SẢN LƯỢNG'!AP18 -> 131.79696 | L17: ='SẢN LƯỢNG'!AQ18 -> 1986.7155 | M17: =VLOOKUP(C17,'SẢN LƯỢNG'!D18:AR96,41,0) -> B | N17: =ROUND((IF(M17="A",(L17*6.1),IF(M17="B",(L17*5.8),IF(M17="C",(L17*5.5),IF(M17="C.",(L17*5.5),IF(M17="D",(L17*5.2),0)))))*$E$11),0) -> 7040522 | O17: =VLOOKUP(C17,TONGHOPCONGDOI!$C$11:$V$91,20,0) -> 27 | P17: =VLOOKUP(C17,TONGHOPCONGDOI!$C$11:$W$91,21,0) -> 4 | Q17: =VLOOKUP(C17,TONGHOPCONGDOI!$C$11:$AD$93,22,0) -> 0 | R17: =VLOOKUP(C17,TONGHOPCONGDOI!$C$11:$AD$93,23,0) -> 0 | S17: =VLOOKUP(C17,TONGHOPCONGDOI!$C$11:$AD$93,24,0) -> 0 | T17: =VLOOKUP(C17,TONGHOPCONGDOI!$C$11:$AD$93,25,0) -> 0 | V17: =R17 -> 0 | Y17: =ROUND(((O17*46.1)+(P17*76.9)+(Q17*92.2)+(R17*153.8)+(S17*92.2)+(T17*153.8))*$E$12+(U17*25000)+(V17*100000),0) -> 1024456 | Z17: =F17+N17+Y17 -> 8064978 | AB17: =VLOOKUP(C17,'CNKT '!D17:AC94,24,0) -> 8064978 | AC17: =AB17-Z17 -> 0
A18: 3 | B18: ='Chấm công KT'!C15 -> 02725 | C18: =TONGHOPCONGDOI!C13 -> T. Sa Văn | F18: =E18*25000 -> 0 | G18: =VLOOKUP(C18,TONGHOPCONGDOI!C13:AE94,16,0) -> 4404 | H18: =VLOOKUP(C18,TONGHOPCONGDOI!C13:AE94,17,0) -> 0 | J18: =$AD$10/$AD$9*G18+H18*$AD$11+I18*$AD$12 -> 1944.0888 | K18: ='SẢN LƯỢNG'!AP19 -> 170.8982 | L18: ='SẢN LƯỢNG'!AQ19 -> 2114.987 | M18: =VLOOKUP(C18,'SẢN LƯỢNG'!D19:AR97,41,0) -> B | N18: =ROUND((IF(M18="A",(L18*6.1),IF(M18="B",(L18*5.8),IF(M18="C",(L18*5.5),IF(M18="C.",(L18*5.5),IF(M18="D",(L18*5.2),0)))))*$E$11),0) -> 7495091 | O18: =VLOOKUP(C18,TONGHOPCONGDOI!$C$11:$V$91,20,0) -> 26 | P18: =VLOOKUP(C18,TONGHOPCONGDOI!$C$11:$W$91,21,0) -> 4 | Q18: =VLOOKUP(C18,TONGHOPCONGDOI!$C$11:$AD$93,22,0) -> 0 | R18: =VLOOKUP(C18,TONGHOPCONGDOI!$C$11:$AD$93,23,0) -> 0 | S18: =VLOOKUP(C18,TONGHOPCONGDOI!$C$11:$AD$93,24,0) -> 0 | T18: =VLOOKUP(C18,TONGHOPCONGDOI!$C$11:$AD$93,25,0) -> 0 | V18: =R18 -> 0 | Y18: =ROUND(((O18*46.1)+(P18*76.9)+(Q18*92.2)+(R18*153.8)+(S18*92.2)+(T18*153.8))*$E$12+(U18*25000)+(V18*100000),0) -> 994032 | Z18: =F18+N18+Y18 -> 8489123 | AB18: =VLOOKUP(C18,'CNKT '!D18:AC95,24,0) -> 8489123 | AC18: =AB18-Z18 -> 0
A19: 4 | B19: ='Chấm công KT'!C16 -> 04053 | C19: =TONGHOPCONGDOI!C14 -> Lăm Ma Thu | F19: =E19*25000 -> 0 | G19: =VLOOKUP(C19,TONGHOPCONGDOI!C14:AE94,16,0) -> 3213 | H19: =VLOOKUP(C19,TONGHOPCONGDOI!C14:AE94,17,0) -> 0 | J19: =$AD$10/$AD$9*G19+H19*$AD$11+I19*$AD$12 -> 1418.3373 | K19: ='SẢN LƯỢNG'!AP20 -> 132.78128 | L19: ='SẢN LƯỢNG'!AQ20 -> 1551.1185 | M19: =VLOOKUP(C19,'SẢN LƯỢNG'!D20:AR98,41,0) -> B | N19: =ROUND((IF(M19="A",(L19*6.1),IF(M19="B",(L19*5.8),IF(M19="C",(L19*5.5),IF(M19="C.",(L19*5.5),IF(M19="D",(L19*5.2),0)))))*$E$11),0) -> 5496854 | O19: =VLOOKUP(C19,TONGHOPCONGDOI!$C$11:$V$91,20,0) -> 25 | P19: =VLOOKUP(C19,TONGHOPCONGDOI!$C$11:$W$91,21,0) -> 4 | Q19: =VLOOKUP(C19,TONGHOPCONGDOI!$C$11:$AD$93,22,0) -> 0 | R19: =VLOOKUP(C19,TONGHOPCONGDOI!$C$11:$AD$93,23,0) -> 0 | S19: =VLOOKUP(C19,TONGHOPCONGDOI!$C$11:$AD$93,24,0) -> 0 | T19: =VLOOKUP(C19,TONGHOPCONGDOI!$C$11:$AD$93,25,0) -> 0 | V19: =R19 -> 0 | Y19: =ROUND(((O19*46.1)+(P19*76.9)+(Q19*92.2)+(R19*153.8)+(S19*92.2)+(T19*153.8))*$E$12+(U19*25000)+(V19*100000),0) -> 963608 | Z19: =F19+N19+Y19 -> 6460462 | AB19: =VLOOKUP(C19,'CNKT '!D19:AC96,24,0) -> 6460462 | AC19: =AB19-Z19 -> 0
A20: 5 | B20: ='Chấm công KT'!C17 -> 03459 | C20: =TONGHOPCONGDOI!C15 -> N. Vạt | F20: =E20*25000 -> 0 | G20: =VLOOKUP(C20,TONGHOPCONGDOI!C15:AE94,16,0) -> 3660 | H20: =VLOOKUP(C20,TONGHOPCONGDOI!C15:AE94,17,0) -> 0 | J20: =$AD$10/$AD$9*G20+H20*$AD$11+I20*$AD$12 -> 1615.6596 | K20: ='SẢN LƯỢNG'!AP21 -> 117.81284 | L20: ='SẢN LƯỢNG'!AQ21 -> 1733.4725 | M20: =VLOOKUP(C20,'SẢN LƯỢNG'!D21:AR99,41,0) -> B | N20: =ROUND((IF(M20="A",(L20*6.1),IF(M20="B",(L20*5.8),IF(M20="C",(L20*5.5),IF(M20="C.",(L20*5.5),IF(M20="D",(L20*5.2),0)))))*$E$11),0) -> 6143080 | O20: =VLOOKUP(C20,TONGHOPCONGDOI!$C$11:$V$91,20,0) -> 26 | P20: =VLOOKUP(C20,TONGHOPCONGDOI!$C$11:$W$91,21,0) -> 3 | Q20: =VLOOKUP(C20,TONGHOPCONGDOI!$C$11:$AD$93,22,0) -> 0 | R20: =VLOOKUP(C20,TONGHOPCONGDOI!$C$11:$AD$93,23,0) -> 0 | S20: =VLOOKUP(C20,TONGHOPCONGDOI!$C$11:$AD$93,24,0) -> 0 | T20: =VLOOKUP(C20,TONGHOPCONGDOI!$C$11:$AD$93,25,0) -> 0 | V20: =R20 -> 0 | Y20: =ROUND(((O20*46.1)+(P20*76.9)+(Q20*92.2)+(R20*153.8)+(S20*92.2)+(T20*153.8))*$E$12+(U20*25000)+(V20*100000),0) -> 943281 | Z20: =F20+N20+Y20 -> 7086361 | AB20: =VLOOKUP(C20,'CNKT '!D20:AC97,24,0) -> 7086361 | AC20: =AB20-Z20 -> 0
A21: 6 | B21: ='Chấm công KT'!C18 -> 04054 | C21: =TONGHOPCONGDOI!C16 -> N. Kay Son | F21: =E21*25000 -> 0 | G21: =VLOOKUP(C21,TONGHOPCONGDOI!C16:AE94,16,0) -> 4449 | H21: =VLOOKUP(C21,TONGHOPCONGDOI!C16:AE94,17,0) -> 0 | J21: =$AD$10/$AD$9*G21+H21*$AD$11+I21*$AD$12 -> 1963.9535 | K21: ='SẢN LƯỢNG'!AP22 -> 145.67926 | L21: ='SẢN LƯỢNG'!AQ22 -> 2109.6327 | M21: =VLOOKUP(C21,'SẢN LƯỢNG'!D22:AR100,41,0) -> B | N21: =ROUND((IF(M21="A",(L21*6.1),IF(M21="B",(L21*5.8),IF(M21="C",(L21*5.5),IF(M21="C.",(L21*5.5),IF(M21="D",(L21*5.2),0)))))*$E$11),0) -> 7476116 | O21: =VLOOKUP(C21,TONGHOPCONGDOI!$C$11:$V$91,20,0) -> 27 | P21: =VLOOKUP(C21,TONGHOPCONGDOI!$C$11:$W$91,21,0) -> 4 | Q21: =VLOOKUP(C21,TONGHOPCONGDOI!$C$11:$AD$93,22,0) -> 0 | R21: =VLOOKUP(C21,TONGHOPCONGDOI!$C$11:$AD$93,23,0) -> 0 | S21: =VLOOKUP(C21,TONGHOPCONGDOI!$C$11:$AD$93,24,0) -> 0 | T21: =VLOOKUP(C21,TONGHOPCONGDOI!$C$11:$AD$93,25,0) -> 0 | V21: =R21 -> 0 | Y21: =ROUND(((O21*46.1)+(P21*76.9)+(Q21*92.2)+(R21*153.8)+(S21*92.2)+(T21*153.8))*$E$12+(U21*25000)+(V21*100000),0) -> 1024456 | Z21: =F21+N21+Y21 -> 8500572 | AB21: =VLOOKUP(C21,'CNKT '!D21:AC97,24,0) -> 8500572 | AC21: =AB21-Z21 -> 0
A22: 7 | B22: ='Chấm công KT'!C19 -> 04055 | C22: =TONGHOPCONGDOI!C17 -> T. Đèng 1 | F22: =E22*25000 -> 0 | G22: =VLOOKUP(C22,TONGHOPCONGDOI!C17:AE94,16,0) -> 3953 | H22: =VLOOKUP(C22,TONGHOPCONGDOI!C17:AE94,17,0) -> 0 | J22: =$AD$10/$AD$9*G22+H22*$AD$11+I22*$AD$12 -> 1745.0007 | K22: ='SẢN LƯỢNG'!AP23 -> 128.26699 | L22: ='SẢN LƯỢNG'!AQ23 -> 1873.2677 | M22: =VLOOKUP(C22,'SẢN LƯỢNG'!D23:AR101,41,0) -> A | N22: =ROUND((IF(M22="A",(L22*6.1),IF(M22="B",(L22*5.8),IF(M22="C",(L22*5.5),IF(M22="C.",(L22*5.5),IF(M22="D",(L22*5.2),0)))))*$E$11),0) -> 6981856 | O22: =VLOOKUP(C22,TONGHOPCONGDOI!$C$11:$V$91,20,0) -> 26 | P22: =VLOOKUP(C22,TONGHOPCONGDOI!$C$11:$W$91,21,0) -> 4 | Q22: =VLOOKUP(C22,TONGHOPCONGDOI!$C$11:$AD$93,22,0) -> 0 | R22: =VLOOKUP(C22,TONGHOPCONGDOI!$C$11:$AD$93,23,0) -> 0 | S22: =VLOOKUP(C22,TONGHOPCONGDOI!$C$11:$AD$93,24,0) -> 0 | T22: =VLOOKUP(C22,TONGHOPCONGDOI!$C$11:$AD$93,25,0) -> 0 | V22: =R22 -> 0 | Y22: =ROUND(((O22*46.1)+(P22*76.9)+(Q22*92.2)+(R22*153.8)+(S22*92.2)+(T22*153.8))*$E$12+(U22*25000)+(V22*100000),0) -> 994032 | Z22: =F22+N22+Y22 -> 7975888 | AB22: =VLOOKUP(C22,'CNKT '!D22:AC98,24,0) -> 7975888 | AC22: =AB22-Z22 -> 0
A23: 8 | B23: ='Chấm công KT'!C20 -> 03462 | C23: =TONGHOPCONGDOI!C18 -> T . Bua Ngân | F23: =E23*25000 -> 0 | G23: =VLOOKUP(C23,TONGHOPCONGDOI!C18:AE94,16,0) -> 3619 | H23: =VLOOKUP(C23,TONGHOPCONGDOI!C18:AE94,17,0) -> 0 | J23: =$AD$10/$AD$9*G23+H23*$AD$11+I23*$AD$12 -> 1597.5607 | K23: ='SẢN LƯỢNG'!AP24 -> 114.48652 | L23: ='SẢN LƯỢNG'!AQ24 -> 1712.0472 | M23: =VLOOKUP(C23,'SẢN LƯỢNG'!D24:AR102,41,0) -> A | N23: =ROUND((IF(M23="A",(L23*6.1),IF(M23="B",(L23*5.8),IF(M23="C",(L23*5.5),IF(M23="C.",(L23*5.5),IF(M23="D",(L23*5.2),0)))))*$E$11),0) -> 6380971 | O23: =VLOOKUP(C23,TONGHOPCONGDOI!$C$11:$V$91,20,0) -> 27 | P23: =VLOOKUP(C23,TONGHOPCONGDOI!$C$11:$W$91,21,0) -> 4 | Q23: =VLOOKUP(C23,TONGHOPCONGDOI!$C$11:$AD$93,22,0) -> 0 | R23: =VLOOKUP(C23,TONGHOPCONGDOI!$C$11:$AD$93,23,0) -> 0 | S23: =VLOOKUP(C23,TONGHOPCONGDOI!$C$11:$AD$93,24,0) -> 0 | T23: =VLOOKUP(C23,TONGHOPCONGDOI!$C$11:$AD$93,25,0) -> 0 | V23: =R23 -> 0 | Y23: =ROUND(((O23*46.1)+(P23*76.9)+(Q23*92.2)+(R23*153.8)+(S23*92.2)+(T23*153.8))*$E$12+(U23*25000)+(V23*100000),0) -> 1024456 | Z23: =F23+N23+Y23 -> 7405427 | AB23: =VLOOKUP(C23,'CNKT '!D23:AC98,24,0) -> 7405427 | AC23: =AB23-Z23 -> 0
A24: 9 | B24: ='Chấm công KT'!C21 -> 03463 | C24: =TONGHOPCONGDOI!C19 -> T Căng | F24: =E24*25000 -> 0 | G24: =VLOOKUP(C24,TONGHOPCONGDOI!C19:AE94,16,0) -> 4653 | H24: =VLOOKUP(C24,TONGHOPCONGDOI!C19:AE94,17,0) -> 0 | J24: =$AD$10/$AD$9*G24+H24*$AD$11+I24*$AD$12 -> 2054.0066 | K24: ='SẢN LƯỢNG'!AP25 -> 162.37874 | L24: ='SẢN LƯỢNG'!AQ25 -> 2216.3854 | M24: =VLOOKUP(C24,'SẢN LƯỢNG'!D25:AR103,41,0) -> A | N24: =ROUND((IF(M24="A",(L24*6.1),IF(M24="B",(L24*5.8),IF(M24="C",(L24*5.5),IF(M24="C.",(L24*5.5),IF(M24="D",(L24*5.2),0)))))*$E$11),0) -> 8260690 | O24: =VLOOKUP(C24,TONGHOPCONGDOI!$C$11:$V$91,20,0) -> 27 | P24: =VLOOKUP(C24,TONGHOPCONGDOI!$C$11:$W$91,21,0) -> 4 | Q24: =VLOOKUP(C24,TONGHOPCONGDOI!$C$11:$AD$93,22,0) -> 0 | R24: =VLOOKUP(C24,TONGHOPCONGDOI!$C$11:$AD$93,23,0) -> 0 | S24: =VLOOKUP(C24,TONGHOPCONGDOI!$C$11:$AD$93,24,0) -> 0 | T24: =VLOOKUP(C24,TONGHOPCONGDOI!$C$11:$AD$93,25,0) -> 0 | V24: =R24 -> 0 | Y24: =ROUND(((O24*46.1)+(P24*76.9)+(Q24*92.2)+(R24*153.8)+(S24*92.2)+(T24*153.8))*$E$12+(U24*25000)+(V24*100000),0) -> 1024456 | Z24: =F24+N24+Y24 -> 9285146 | AB24: =VLOOKUP(C24,'CNKT '!D24:AC98,24,0) -> 9285146 | AC24: =AB24-Z24 -> 0
A25: 10 | B25: ='Chấm công KT'!C22 -> 03464 | C25: =TONGHOPCONGDOI!C20 -> N. Phôn 1 | F25: =E25*25000 -> 0 | G25: =VLOOKUP(C25,TONGHOPCONGDOI!C20:AE94,16,0) -> 4785 | H25: =VLOOKUP(C25,TONGHOPCONGDOI!C20:AE94,17,0) -> 0 | J25: =$AD$10/$AD$9*G25+H25*$AD$11+I25*$AD$12 -> 2112.2763 | K25: ='SẢN LƯỢNG'!AP26 -> 163.97402 | L25: ='SẢN LƯỢNG'!AQ26 -> 2276.2503 | M25: =VLOOKUP(C25,'SẢN LƯỢNG'!D26:AR104,41,0) -> A | N25: =ROUND((IF(M25="A",(L25*6.1),IF(M25="B",(L25*5.8),IF(M25="C",(L25*5.5),IF(M25="C.",(L25*5.5),IF(M25="D",(L25*5.2),0)))))*$E$11),0) -> 8483813 | O25: =VLOOKUP(C25,TONGHOPCONGDOI!$C$11:$V$91,20,0) -> 27 | P25: =VLOOKUP(C25,TONGHOPCONGDOI!$C$11:$W$91,21,0) -> 4 | Q25: =VLOOKUP(C25,TONGHOPCONGDOI!$C$11:$AD$93,22,0) -> 0 | R25: =VLOOKUP(C25,TONGHOPCONGDOI!$C$11:$AD$93,23,0) -> 0 | S25: =VLOOKUP(C25,TONGHOPCONGDOI!$C$11:$AD$93,24,0) -> 0 | T25: =VLOOKUP(C25,TONGHOPCONGDOI!$C$11:$AD$93,25,0) -> 0 | V25: =R25 -> 0 | Y25: =ROUND(((O25*46.1)+(P25*76.9)+(Q25*92.2)+(R25*153.8)+(S25*92.2)+(T25*153.8))*$E$12+(U25*25000)+(V25*100000),0) -> 1024456 | Z25: =F25+N25+Y25 -> 9508269 | AB25: =VLOOKUP(C25,'CNKT '!D25:AC98,24,0) -> 9508269 | AC25: =AB25-Z25 -> 0
A26: 11 | B26: ='Chấm công KT'!C23 -> 03465 | C26: =TONGHOPCONGDOI!C21 -> T. In Păn | F26: =E26*25000 -> 0 | G26: =VLOOKUP(C26,TONGHOPCONGDOI!C21:AE94,16,0) -> 4097 | H26: =VLOOKUP(C26,TONGHOPCONGDOI!C21:AE94,17,0) -> 0 | J26: =$AD$10/$AD$9*G26+H26*$AD$11+I26*$AD$12 -> 1808.5676 | K26: ='SẢN LƯỢNG'!AP27 -> 134.03714 | L26: ='SẢN LƯỢNG'!AQ27 -> 1942.6048 | M26: =VLOOKUP(C26,'SẢN LƯỢNG'!D27:AR105,41,0) -> A | N26: =ROUND((IF(M26="A",(L26*6.1),IF(M26="B",(L26*5.8),IF(M26="C",(L26*5.5),IF(M26="C.",(L26*5.5),IF(M26="D",(L26*5.2),0)))))*$E$11),0) -> 7240282 | O26: =VLOOKUP(C26,TONGHOPCONGDOI!$C$11:$V$91,20,0) -> 26 | P26: =VLOOKUP(C26,TONGHOPCONGDOI!$C$11:$W$91,21,0) -> 4 | Q26: =VLOOKUP(C26,TONGHOPCONGDOI!$C$11:$AD$93,22,0) -> 0 | R26: =VLOOKUP(C26,TONGHOPCONGDOI!$C$11:$AD$93,23,0) -> 0 | S26: =VLOOKUP(C26,TONGHOPCONGDOI!$C$11:$AD$93,24,0) -> 0 | T26: =VLOOKUP(C26,TONGHOPCONGDOI!$C$11:$AD$93,25,0) -> 0 | V26: =R26 -> 0 | Y26: =ROUND(((O26*46.1)+(P26*76.9)+(Q26*92.2)+(R26*153.8)+(S26*92.2)+(T26*153.8))*$E$12+(U26*25000)+(V26*100000),0) -> 994032 | Z26: =F26+N26+Y26 -> 8234314 | AB26: =VLOOKUP(C26,'CNKT '!D26:AC98,24,0) -> 8234314 | AC26: =AB26-Z26 -> 0
A27: 12 | B27: ='Chấm công KT'!C24 -> 03466 | C27: =TONGHOPCONGDOI!C22 -> N. Keo | F27: =E27*25000 -> 0 | G27: =VLOOKUP(C27,TONGHOPCONGDOI!C22:AE94,16,0) -> 4510 | H27: =VLOOKUP(C27,TONGHOPCONGDOI!C22:AE94,17,0) -> 0 | J27: =$AD$10/$AD$9*G27+H27*$AD$11+I27*$AD$12 -> 1990.8811 | K27: ='SẢN LƯỢNG'!AP28 -> 146.96906 | L27: ='SẢN LƯỢNG'!AQ28 -> 2137.8502 | M27: =VLOOKUP(C27,'SẢN LƯỢNG'!D28:AR106,41,0) -> A | N27: =ROUND((IF(M27="A",(L27*6.1),IF(M27="B",(L27*5.8),IF(M27="C",(L27*5.5),IF(M27="C.",(L27*5.5),IF(M27="D",(L27*5.2),0)))))*$E$11),0) -> 7967981 | O27: =VLOOKUP(C27,TONGHOPCONGDOI!$C$11:$V$91,20,0) -> 27 | P27: =VLOOKUP(C27,TONGHOPCONGDOI!$C$11:$W$91,21,0) -> 4 | Q27: =VLOOKUP(C27,TONGHOPCONGDOI!$C$11:$AD$93,22,0) -> 0 | R27: =VLOOKUP(C27,TONGHOPCONGDOI!$C$11:$AD$93,23,0) -> 0 | S27: =VLOOKUP(C27,TONGHOPCONGDOI!$C$11:$AD$93,24,0) -> 0 | T27: =VLOOKUP(C27,TONGHOPCONGDOI!$C$11:$AD$93,25,0) -> 0 | V27: =R27 -> 0 | Y27: =ROUND(((O27*46.1)+(P27*76.9)+(Q27*92.2)+(R27*153.8)+(S27*92.2)+(T27*153.8))*$E$12+(U27*25000)+(V27*100000),0) -> 1024456 | Z27: =F27+N27+Y27 -> 8992437 | AB27: =VLOOKUP(C27,'CNKT '!D27:AC98,24,0) -> 8992437 | AC27: =AB27-Z27 -> 0
A28: 13 | B28: ='Chấm công KT'!C25 -> 02727 | C28: =TONGHOPCONGDOI!C23 -> T. Thong Đon | F28: =E28*25000 -> 0 | G28: =VLOOKUP(C28,TONGHOPCONGDOI!C23:AE94,16,0) -> 4650 | H28: =VLOOKUP(C28,TONGHOPCONGDOI!C23:AE94,17,0) -> 0 | J28: =$AD$10/$AD$9*G28+H28*$AD$11+I28*$AD$12 -> 2052.6823 | K28: ='SẢN LƯỢNG'!AP29 -> 144.49129 | L28: ='SẢN LƯỢNG'!AQ29 -> 2197.1736 | M28: =VLOOKUP(C28,'SẢN LƯỢNG'!D29:AR107,41,0) -> B | N28: =ROUND((IF(M28="A",(L28*6.1),IF(M28="B",(L28*5.8),IF(M28="C",(L28*5.5),IF(M28="C.",(L28*5.5),IF(M28="D",(L28*5.2),0)))))*$E$11),0) -> 7786344 | O28: =VLOOKUP(C28,TONGHOPCONGDOI!$C$11:$V$91,20,0) -> 27 | P28: =VLOOKUP(C28,TONGHOPCONGDOI!$C$11:$W$91,21,0) -> 4 | Q28: =VLOOKUP(C28,TONGHOPCONGDOI!$C$11:$AD$93,22,0) -> 0 | R28: =VLOOKUP(C28,TONGHOPCONGDOI!$C$11:$AD$93,23,0) -> 0 | S28: =VLOOKUP(C28,TONGHOPCONGDOI!$C$11:$AD$93,24,0) -> 0 | T28: =VLOOKUP(C28,TONGHOPCONGDOI!$C$11:$AD$93,25,0) -> 0 | V28: =R28 -> 0 | Y28: =ROUND(((O28*46.1)+(P28*76.9)+(Q28*92.2)+(R28*153.8)+(S28*92.2)+(T28*153.8))*$E$12+(U28*25000)+(V28*100000),0) -> 1024456 | Z28: =F28+N28+Y28 -> 8810800 | AB28: =VLOOKUP(C28,'CNKT '!D28:AC98,24,0) -> 8810800 | AC28: =AB28-Z28 -> 0
A29: 14 | B29: ='Chấm công KT'!C26 -> 03467 | C29: =TONGHOPCONGDOI!C24 -> T. Hin | F29: =E29*25000 -> 0 | G29: =VLOOKUP(C29,TONGHOPCONGDOI!C24:AE94,16,0) -> 3720 | H29: =VLOOKUP(C29,TONGHOPCONGDOI!C24:AE94,17,0) -> 0 | J29: =$AD$10/$AD$9*G29+H29*$AD$11+I29*$AD$12 -> 1642.1459 | K29: ='SẢN LƯỢNG'!AP30 -> 118.32197 | L29: ='SẢN LƯỢNG'!AQ30 -> 1760.4678 | M29: =VLOOKUP(C29,'SẢN LƯỢNG'!D30:AR108,41,0) -> A | N29: =ROUND((IF(M29="A",(L29*6.1),IF(M29="B",(L29*5.8),IF(M29="C",(L29*5.5),IF(M29="C.",(L29*5.5),IF(M29="D",(L29*5.2),0)))))*$E$11),0) -> 6561440 | O29: =VLOOKUP(C29,TONGHOPCONGDOI!$C$11:$V$91,20,0) -> 27 | P29: =VLOOKUP(C29,TONGHOPCONGDOI!$C$11:$W$91,21,0) -> 4 | Q29: =VLOOKUP(C29,TONGHOPCONGDOI!$C$11:$AD$93,22,0) -> 0 | R29: =VLOOKUP(C29,TONGHOPCONGDOI!$C$11:$AD$93,23,0) -> 0 | S29: =VLOOKUP(C29,TONGHOPCONGDOI!$C$11:$AD$93,24,0) -> 0 | T29: =VLOOKUP(C29,TONGHOPCONGDOI!$C$11:$AD$93,25,0) -> 0 | V29: =R29 -> 0 | Y29: =ROUND(((O29*46.1)+(P29*76.9)+(Q29*92.2)+(R29*153.8)+(S29*92.2)+(T29*153.8))*$E$12+(U29*25000)+(V29*100000),0) -> 1024456 | Z29: =F29+N29+Y29 -> 7585896 | AB29: =VLOOKUP(C29,'CNKT '!D29:AC98,24,0) -> 7585896 | AC29: =AB29-Z29 -> 0
A30: 15 | B30: ='Chấm công KT'!C27 -> 04056 | C30: =TONGHOPCONGDOI!C25 -> N. Ly Phon | F30: =E30*25000 -> 0 | G30: =VLOOKUP(C30,TONGHOPCONGDOI!C25:AE94,16,0) -> 3893 | H30: =VLOOKUP(C30,TONGHOPCONGDOI!C25:AE94,17,0) -> 0 | J30: =$AD$10/$AD$9*G30+H30*$AD$11+I30*$AD$12 -> 1718.5145 | K30: ='SẢN LƯỢNG'!AP31 -> 116.62487 | L30: ='SẢN LƯỢNG'!AQ31 -> 1835.1393 | M30: =VLOOKUP(C30,'SẢN LƯỢNG'!D31:AR109,41,0) -> A | N30: =ROUND((IF(M30="A",(L30*6.1),IF(M30="B",(L30*5.8),IF(M30="C",(L30*5.5),IF(M30="C.",(L30*5.5),IF(M30="D",(L30*5.2),0)))))*$E$11),0) -> 6839748 | O30: =VLOOKUP(C30,TONGHOPCONGDOI!$C$11:$V$91,20,0) -> 27 | P30: =VLOOKUP(C30,TONGHOPCONGDOI!$C$11:$W$91,21,0) -> 4 | Q30: =VLOOKUP(C30,TONGHOPCONGDOI!$C$11:$AD$93,22,0) -> 0 | R30: =VLOOKUP(C30,TONGHOPCONGDOI!$C$11:$AD$93,23,0) -> 0 | S30: =VLOOKUP(C30,TONGHOPCONGDOI!$C$11:$AD$93,24,0) -> 0 | T30: =VLOOKUP(C30,TONGHOPCONGDOI!$C$11:$AD$93,25,0) -> 0 | V30: =R30 -> 0 | Y30: =ROUND(((O30*46.1)+(P30*76.9)+(Q30*92.2)+(R30*153.8)+(S30*92.2)+(T30*153.8))*$E$12+(U30*25000)+(V30*100000),0) -> 1024456 | Z30: =F30+N30+Y30 -> 7864204 | AB30: =VLOOKUP(C30,'CNKT '!D30:AC98,24,0) -> 7864204 | AC30: =AB30-Z30 -> 0
A31: 16 | B31: ='Chấm công KT'!C28 -> 03469 | C31: =TONGHOPCONGDOI!C26 -> T. Xôm Va Nít | F31: =E31*25000 -> 0 | G31: =VLOOKUP(C31,TONGHOPCONGDOI!C26:AE94,16,0) -> 4412 | H31: =VLOOKUP(C31,TONGHOPCONGDOI!C26:AE94,17,0) -> 0 | J31: =$AD$10/$AD$9*G31+H31*$AD$11+I31*$AD$12 -> 1947.6203 | K31: ='SẢN LƯỢNG'!AP32 -> 147.74972 | L31: ='SẢN LƯỢNG'!AQ32 -> 2095.37 | M31: =VLOOKUP(C31,'SẢN LƯỢNG'!D32:AR110,41,0) -> A | N31: =ROUND((IF(M31="A",(L31*6.1),IF(M31="B",(L31*5.8),IF(M31="C",(L31*5.5),IF(M31="C.",(L31*5.5),IF(M31="D",(L31*5.2),0)))))*$E$11),0) -> 7809654 | O31: =VLOOKUP(C31,TONGHOPCONGDOI!$C$11:$V$91,20,0) -> 26 | P31: =VLOOKUP(C31,TONGHOPCONGDOI!$C$11:$W$91,21,0) -> 4 | Q31: =VLOOKUP(C31,TONGHOPCONGDOI!$C$11:$AD$93,22,0) -> 0 | R31: =VLOOKUP(C31,TONGHOPCONGDOI!$C$11:$AD$93,23,0) -> 0 | S31: =VLOOKUP(C31,TONGHOPCONGDOI!$C$11:$AD$93,24,0) -> 0 | T31: =VLOOKUP(C31,TONGHOPCONGDOI!$C$11:$AD$93,25,0) -> 0 | V31: =R31 -> 0 | Y31: =ROUND(((O31*46.1)+(P31*76.9)+(Q31*92.2)+(R31*153.8)+(S31*92.2)+(T31*153.8))*$E$12+(U31*25000)+(V31*100000),0) -> 994032 | Z31: =F31+N31+Y31 -> 8803686 | AB31: =VLOOKUP(C31,'CNKT '!D31:AC98,24,0) -> 8803686 | AC31: =AB31-Z31 -> 0
A32: 17 | B32: ='Chấm công KT'!C29 -> 03470 | C32: =TONGHOPCONGDOI!C27 -> T. Lọi | F32: =E32*25000 -> 0 | G32: =VLOOKUP(C32,TONGHOPCONGDOI!C27:AE94,16,0) -> 3677 | H32: =VLOOKUP(C32,TONGHOPCONGDOI!C27:AE94,17,0) -> 0 | J32: =$AD$10/$AD$9*G32+H32*$AD$11+I32*$AD$12 -> 1623.1641 | K32: ='SẢN LƯỢNG'!AP33 -> 117.5413 | L32: ='SẢN LƯỢNG'!AQ33 -> 1740.7054 | M32: =VLOOKUP(C32,'SẢN LƯỢNG'!D33:AR111,41,0) -> A | N32: =ROUND((IF(M32="A",(L32*6.1),IF(M32="B",(L32*5.8),IF(M32="C",(L32*5.5),IF(M32="C.",(L32*5.5),IF(M32="D",(L32*5.2),0)))))*$E$11),0) -> 6487783 | O32: =VLOOKUP(C32,TONGHOPCONGDOI!$C$11:$V$91,20,0) -> 26 | P32: =VLOOKUP(C32,TONGHOPCONGDOI!$C$11:$W$91,21,0) -> 3 | Q32: =VLOOKUP(C32,TONGHOPCONGDOI!$C$11:$AD$93,22,0) -> 0 | R32: =VLOOKUP(C32,TONGHOPCONGDOI!$C$11:$AD$93,23,0) -> 0 | S32: =VLOOKUP(C32,TONGHOPCONGDOI!$C$11:$AD$93,24,0) -> 0 | T32: =VLOOKUP(C32,TONGHOPCONGDOI!$C$11:$AD$93,25,0) -> 0 | V32: =R32 -> 0 | Y32: =ROUND(((O32*46.1)+(P32*76.9)+(Q32*92.2)+(R32*153.8)+(S32*92.2)+(T32*153.8))*$E$12+(U32*25000)+(V32*100000),0) -> 943281 | Z32: =F32+N32+Y32 -> 7431064 | AB32: =VLOOKUP(C32,'CNKT '!D32:AC98,24,0) -> 7431064 | AC32: =AB32-Z32 -> 0
A33: 18 | B33: ='Chấm công KT'!C30 -> 03471 | C33: =TONGHOPCONGDOI!C28 -> T. Phô Thong | F33: =E33*25000 -> 0 | G33: =VLOOKUP(C33,TONGHOPCONGDOI!C28:AE94,16,0) -> 5164 | H33: =VLOOKUP(C33,TONGHOPCONGDOI!C28:AE94,17,0) -> 0 | J33: =$AD$10/$AD$9*G33+H33*$AD$11+I33*$AD$12 -> 2279.581 | K33: ='SẢN LƯỢNG'!AP34 -> 149.48077 | L33: ='SẢN LƯỢNG'!AQ34 -> 2429.0617 | M33: =VLOOKUP(C33,'SẢN LƯỢNG'!D34:AR112,41,0) -> A | N33: =ROUND((IF(M33="A",(L33*6.1),IF(M33="B",(L33*5.8),IF(M33="C",(L33*5.5),IF(M33="C.",(L33*5.5),IF(M33="D",(L33*5.2),0)))))*$E$11),0) -> 9053356 | O33: =VLOOKUP(C33,TONGHOPCONGDOI!$C$11:$V$91,20,0) -> 27 | P33: =VLOOKUP(C33,TONGHOPCONGDOI!$C$11:$W$91,21,0) -> 4 | Q33: =VLOOKUP(C33,TONGHOPCONGDOI!$C$11:$AD$93,22,0) -> 0 | R33: =VLOOKUP(C33,TONGHOPCONGDOI!$C$11:$AD$93,23,0) -> 0 | S33: =VLOOKUP(C33,TONGHOPCONGDOI!$C$11:$AD$93,24,0) -> 0 | T33: =VLOOKUP(C33,TONGHOPCONGDOI!$C$11:$AD$93,25,0) -> 0 | V33: =R33 -> 0 | Y33: =ROUND(((O33*46.1)+(P33*76.9)+(Q33*92.2)+(R33*153.8)+(S33*92.2)+(T33*153.8))*$E$12+(U33*25000)+(V33*100000),0) -> 1024456 | Z33: =F33+N33+Y33 -> 10077812 | AB33: =VLOOKUP(C33,'CNKT '!D33:AC98,24,0) -> 10077812 | AC33: =AB33-Z33 -> 0
A34: 19 | B34: ='Chấm công KT'!C31 -> 03472 | C34: =TONGHOPCONGDOI!C29 -> N. Soi | F34: =E34*25000 -> 0 | G34: =VLOOKUP(C34,TONGHOPCONGDOI!C29:AE94,16,0) -> 3965 | H34: =VLOOKUP(C34,TONGHOPCONGDOI!C29:AE94,17,0) -> 0 | J34: =$AD$10/$AD$9*G34+H34*$AD$11+I34*$AD$12 -> 1750.2979 | K34: ='SẢN LƯỢNG'!AP35 -> 113.12884 | L34: ='SẢN LƯỢNG'!AQ35 -> 1863.4268 | M34: =VLOOKUP(C34,'SẢN LƯỢNG'!D35:AR113,41,0) -> A | N34: =ROUND((IF(M34="A",(L34*6.1),IF(M34="B",(L34*5.8),IF(M34="C",(L34*5.5),IF(M34="C.",(L34*5.5),IF(M34="D",(L34*5.2),0)))))*$E$11),0) -> 6945178 | O34: =VLOOKUP(C34,TONGHOPCONGDOI!$C$11:$V$91,20,0) -> 26 | P34: =VLOOKUP(C34,TONGHOPCONGDOI!$C$11:$W$91,21,0) -> 4 | Q34: =VLOOKUP(C34,TONGHOPCONGDOI!$C$11:$AD$93,22,0) -> 0 | R34: =VLOOKUP(C34,TONGHOPCONGDOI!$C$11:$AD$93,23,0) -> 0 | S34: =VLOOKUP(C34,TONGHOPCONGDOI!$C$11:$AD$93,24,0) -> 0 | T34: =VLOOKUP(C34,TONGHOPCONGDOI!$C$11:$AD$93,25,0) -> 0 | V34: =R34 -> 0 | Y34: =ROUND(((O34*46.1)+(P34*76.9)+(Q34*92.2)+(R34*153.8)+(S34*92.2)+(T34*153.8))*$E$12+(U34*25000)+(V34*100000),0) -> 994032 | Z34: =F34+N34+Y34 -> 7939210 | AB34: =VLOOKUP(C34,'CNKT '!D34:AC98,24,0) -> 7939210 | AC34: =AB34-Z34 -> 0
A35: 20 | B35: ='Chấm công KT'!C32 -> 03473 | C35: =TONGHOPCONGDOI!C30 -> N. Me Kha La | F35: =E35*25000 -> 0 | G35: =VLOOKUP(C35,TONGHOPCONGDOI!C30:AE94,16,0) -> 4666 | H35: =VLOOKUP(C35,TONGHOPCONGDOI!C30:AE94,17,0) -> 0 | J35: =$AD$10/$AD$9*G35+H35*$AD$11+I35*$AD$12 -> 2059.7453 | K35: ='SẢN LƯỢNG'!AP36 -> 161.53019 | L35: ='SẢN LƯỢNG'!AQ36 -> 2221.2755 | M35: =VLOOKUP(C35,'SẢN LƯỢNG'!D36:AR114,41,0) -> A | N35: =ROUND((IF(M35="A",(L35*6.1),IF(M35="B",(L35*5.8),IF(M35="C",(L35*5.5),IF(M35="C.",(L35*5.5),IF(M35="D",(L35*5.2),0)))))*$E$11),0) -> 8278916 | O35: =VLOOKUP(C35,TONGHOPCONGDOI!$C$11:$V$91,20,0) -> 27 | P35: =VLOOKUP(C35,TONGHOPCONGDOI!$C$11:$W$91,21,0) -> 4 | Q35: =VLOOKUP(C35,TONGHOPCONGDOI!$C$11:$AD$93,22,0) -> 0 | R35: =VLOOKUP(C35,TONGHOPCONGDOI!$C$11:$AD$93,23,0) -> 0 | S35: =VLOOKUP(C35,TONGHOPCONGDOI!$C$11:$AD$93,24,0) -> 0 | T35: =VLOOKUP(C35,TONGHOPCONGDOI!$C$11:$AD$93,25,0) -> 0 | V35: =R35 -> 0 | Y35: =ROUND(((O35*46.1)+(P35*76.9)+(Q35*92.2)+(R35*153.8)+(S35*92.2)+(T35*153.8))*$E$12+(U35*25000)+(V35*100000),0) -> 1024456 | Z35: =F35+N35+Y35 -> 9303372 | AB35: =VLOOKUP(C35,'CNKT '!D35:AC98,24,0) -> 9303372 | AC35: =AB35-Z35 -> 0
A36: 21 | B36: ='Chấm công KT'!C33 -> 03474 | C36: =TONGHOPCONGDOI!C31 -> N. Mon Khăm | F36: =E36*25000 -> 0 | G36: =VLOOKUP(C36,TONGHOPCONGDOI!C31:AE94,16,0) -> 3785 | H36: =VLOOKUP(C36,TONGHOPCONGDOI!C31:AE94,17,0) -> 0 | J36: =$AD$10/$AD$9*G36+H36*$AD$11+I36*$AD$12 -> 1670.8393 | K36: ='SẢN LƯỢNG'!AP37 -> 129.4889 | L36: ='SẢN LƯỢNG'!AQ37 -> 1800.3282 | M36: =VLOOKUP(C36,'SẢN LƯỢNG'!D37:AR115,41,0) -> B | N36: =ROUND((IF(M36="A",(L36*6.1),IF(M36="B",(L36*5.8),IF(M36="C",(L36*5.5),IF(M36="C.",(L36*5.5),IF(M36="D",(L36*5.2),0)))))*$E$11),0) -> 6380003 | O36: =VLOOKUP(C36,TONGHOPCONGDOI!$C$11:$V$91,20,0) -> 24 | P36: =VLOOKUP(C36,TONGHOPCONGDOI!$C$11:$W$91,21,0) -> 4 | Q36: =VLOOKUP(C36,TONGHOPCONGDOI!$C$11:$AD$93,22,0) -> 0 | R36: =VLOOKUP(C36,TONGHOPCONGDOI!$C$11:$AD$93,23,0) -> 0 | S36: =VLOOKUP(C36,TONGHOPCONGDOI!$C$11:$AD$93,24,0) -> 0 | T36: =VLOOKUP(C36,TONGHOPCONGDOI!$C$11:$AD$93,25,0) -> 0 | V36: =R36 -> 0 | Y36: =ROUND(((O36*46.1)+(P36*76.9)+(Q36*92.2)+(R36*153.8)+(S36*92.2)+(T36*153.8))*$E$12+(U36*25000)+(V36*100000),0) -> 933183 | Z36: =F36+N36+Y36 -> 7313186 | AB36: =VLOOKUP(C36,'CNKT '!D36:AC98,24,0) -> 7313186 | AC36: =AB36-Z36 -> 0
A37: 22 | B37: ='Chấm công KT'!C34 -> 0 | C37: =TONGHOPCONGDOI!C32 -> N.Choi | F37: =E37*25000 -> 0 | G37: =VLOOKUP(C37,TONGHOPCONGDOI!C32:AE94,16,0) -> 3604 | H37: =VLOOKUP(C37,TONGHOPCONGDOI!C32:AE94,17,0) -> 0 | J37: =$AD$10/$AD$9*G37+H37*$AD$11+I37*$AD$12 -> 1590.9392 | K37: ='SẢN LƯỢNG'!AP38 -> 130.84658 | L37: ='SẢN LƯỢNG'!AQ38 -> 1721.7857 | M37: =VLOOKUP(C37,'SẢN LƯỢNG'!D38:AR116,41,0) -> A | N37: =ROUND((IF(M37="A",(L37*6.1),IF(M37="B",(L37*5.8),IF(M37="C",(L37*5.5),IF(M37="C.",(L37*5.5),IF(M37="D",(L37*5.2),0)))))*$E$11),0) -> 6417268 | O37: =VLOOKUP(C37,TONGHOPCONGDOI!$C$11:$V$91,20,0) -> 26 | P37: =VLOOKUP(C37,TONGHOPCONGDOI!$C$11:$W$91,21,0) -> 4 | Q37: =VLOOKUP(C37,TONGHOPCONGDOI!$C$11:$AD$93,22,0) -> 0 | R37: =VLOOKUP(C37,TONGHOPCONGDOI!$C$11:$AD$93,23,0) -> 0 | S37: =VLOOKUP(C37,TONGHOPCONGDOI!$C$11:$AD$93,24,0) -> 0 | T37: =VLOOKUP(C37,TONGHOPCONGDOI!$C$11:$AD$93,25,0) -> 0 | V37: =R37 -> 0 | Y37: =ROUND(((O37*46.1)+(P37*76.9)+(Q37*92.2)+(R37*153.8)+(S37*92.2)+(T37*153.8))*$E$12+(U37*25000)+(V37*100000),0) -> 994032 | Z37: =F37+N37+Y37 -> 7411300 | AB37: =VLOOKUP(C37,'CNKT '!D37:AC98,24,0) -> 7411300 | AC37: =AB37-Z37 -> 0
A38: 23 | B38: ='Chấm công KT'!C35 -> 03476 | C38: =TONGHOPCONGDOI!C33 -> T. Bin Ly. | F38: =E38*25000 -> 0 | G38: =VLOOKUP(C38,TONGHOPCONGDOI!C33:AE94,16,0) -> 3954 | H38: =VLOOKUP(C38,TONGHOPCONGDOI!C33:AE94,17,0) -> 0 | J38: =$AD$10/$AD$9*G38+H38*$AD$11+I38*$AD$12 -> 1745.4421 | K38: ='SẢN LƯỢNG'!AP39 -> 146.15445 | L38: ='SẢN LƯỢNG'!AQ39 -> 1891.5966 | M38: =VLOOKUP(C38,'SẢN LƯỢNG'!D39:AR117,41,0) -> A | N38: =ROUND((IF(M38="A",(L38*6.1),IF(M38="B",(L38*5.8),IF(M38="C",(L38*5.5),IF(M38="C.",(L38*5.5),IF(M38="D",(L38*5.2),0)))))*$E$11),0) -> 7050170 | O38: =VLOOKUP(C38,TONGHOPCONGDOI!$C$11:$V$91,20,0) -> 27 | P38: =VLOOKUP(C38,TONGHOPCONGDOI!$C$11:$W$91,21,0) -> 4 | Q38: =VLOOKUP(C38,TONGHOPCONGDOI!$C$11:$AD$93,22,0) -> 0 | R38: =VLOOKUP(C38,TONGHOPCONGDOI!$C$11:$AD$93,23,0) -> 0 | S38: =VLOOKUP(C38,TONGHOPCONGDOI!$C$11:$AD$93,24,0) -> 0 | T38: =VLOOKUP(C38,TONGHOPCONGDOI!$C$11:$AD$93,25,0) -> 0 | V38: =R38 -> 0 | Y38: =ROUND(((O38*46.1)+(P38*76.9)+(Q38*92.2)+(R38*153.8)+(S38*92.2)+(T38*153.8))*$E$12+(U38*25000)+(V38*100000),0) -> 1024456 | Z38: =F38+N38+Y38 -> 8074626 | AB38: =VLOOKUP(C38,'CNKT '!D38:AC98,24,0) -> 8074626 | AC38: =AB38-Z38 -> 0
A39: 24 | B39: ='Chấm công KT'!C36 -> 0 | C39: =TONGHOPCONGDOI!C34 -> N. Tinh | F39: =E39*25000 -> 0 | G39: =VLOOKUP(C39,TONGHOPCONGDOI!C34:AE94,16,0) -> 4040 | H39: =VLOOKUP(C39,TONGHOPCONGDOI!C34:AE94,17,0) -> 0 | J39: =$AD$10/$AD$9*G39+H39*$AD$11+I39*$AD$12 -> 1783.4057 | K39: ='SẢN LƯỢNG'!AP40 -> 132.20427 | L39: ='SẢN LƯỢNG'!AQ40 -> 1915.61 | M39: =VLOOKUP(C39,'SẢN LƯỢNG'!D40:AR118,41,0) -> A | N39: =ROUND((IF(M39="A",(L39*6.1),IF(M39="B",(L39*5.8),IF(M39="C",(L39*5.5),IF(M39="C.",(L39*5.5),IF(M39="D",(L39*5.2),0)))))*$E$11),0) -> 7139670 | O39: =VLOOKUP(C39,TONGHOPCONGDOI!$C$11:$V$91,20,0) -> 27 | P39: =VLOOKUP(C39,TONGHOPCONGDOI!$C$11:$W$91,21,0) -> 4 | Q39: =VLOOKUP(C39,TONGHOPCONGDOI!$C$11:$AD$93,22,0) -> 0 | R39: =VLOOKUP(C39,TONGHOPCONGDOI!$C$11:$AD$93,23,0) -> 0 | S39: =VLOOKUP(C39,TONGHOPCONGDOI!$C$11:$AD$93,24,0) -> 0 | T39: =VLOOKUP(C39,TONGHOPCONGDOI!$C$11:$AD$93,25,0) -> 0 | V39: =R39 -> 0 | Y39: =ROUND(((O39*46.1)+(P39*76.9)+(Q39*92.2)+(R39*153.8)+(S39*92.2)+(T39*153.8))*$E$12+(U39*25000)+(V39*100000),0) -> 1024456 | Z39: =F39+N39+Y39 -> 8164126 | AB39: =VLOOKUP(C39,'CNKT '!D39:AC98,24,0) -> 8164126 | AC39: =AB39-Z39 -> 0
A40: 25 | B40: ='Chấm công KT'!C37 -> 03478 | C40: =TONGHOPCONGDOI!C35 -> N. Nong | F40: =E40*25000 -> 0 | G40: =VLOOKUP(C40,TONGHOPCONGDOI!C35:AE94,16,0) -> 4012 | H40: =VLOOKUP(C40,TONGHOPCONGDOI!C35:AE94,17,0) -> 0 | J40: =$AD$10/$AD$9*G40+H40*$AD$11+I40*$AD$12 -> 1771.0455 | K40: ='SẢN LƯỢNG'!AP41 -> 151.0421 | L40: ='SẢN LƯỢNG'!AQ41 -> 1922.0876 | M40: =VLOOKUP(C40,'SẢN LƯỢNG'!D41:AR119,41,0) -> A | N40: =ROUND((IF(M40="A",(L40*6.1),IF(M40="B",(L40*5.8),IF(M40="C",(L40*5.5),IF(M40="C.",(L40*5.5),IF(M40="D",(L40*5.2),0)))))*$E$11),0) -> 7163813 | O40: =VLOOKUP(C40,TONGHOPCONGDOI!$C$11:$V$91,20,0) -> 27 | P40: =VLOOKUP(C40,TONGHOPCONGDOI!$C$11:$W$91,21,0) -> 4 | Q40: =VLOOKUP(C40,TONGHOPCONGDOI!$C$11:$AD$93,22,0) -> 0 | R40: =VLOOKUP(C40,TONGHOPCONGDOI!$C$11:$AD$93,23,0) -> 0 | S40: =VLOOKUP(C40,TONGHOPCONGDOI!$C$11:$AD$93,24,0) -> 0 | T40: =VLOOKUP(C40,TONGHOPCONGDOI!$C$11:$AD$93,25,0) -> 0 | V40: =R40 -> 0 | Y40: =ROUND(((O40*46.1)+(P40*76.9)+(Q40*92.2)+(R40*153.8)+(S40*92.2)+(T40*153.8))*$E$12+(U40*25000)+(V40*100000),0) -> 1024456 | Z40: =F40+N40+Y40 -> 8188269 | AB40: =VLOOKUP(C40,'CNKT '!D40:AC98,24,0) -> 8188269 | AC40: =AB40-Z40 -> 0
A41: 26 | B41: ='Chấm công KT'!C38 -> 03479 | C41: =TONGHOPCONGDOI!C36 -> N. Tun 1 | F41: =E41*25000 -> 0 | G41: =VLOOKUP(C41,TONGHOPCONGDOI!C36:AE94,16,0) -> 3517 | H41: =VLOOKUP(C41,TONGHOPCONGDOI!C36:AE94,17,0) -> 0 | J41: =$AD$10/$AD$9*G41+H41*$AD$11+I41*$AD$12 -> 1552.5341 | K41: ='SẢN LƯỢNG'!AP42 -> 141.87775 | L41: ='SẢN LƯỢNG'!AQ42 -> 1694.4119 | M41: =VLOOKUP(C41,'SẢN LƯỢNG'!D42:AR120,41,0) -> B | N41: =ROUND((IF(M41="A",(L41*6.1),IF(M41="B",(L41*5.8),IF(M41="C",(L41*5.5),IF(M41="C.",(L41*5.5),IF(M41="D",(L41*5.2),0)))))*$E$11),0) -> 6004657 | O41: =VLOOKUP(C41,TONGHOPCONGDOI!$C$11:$V$91,20,0) -> 25 | P41: =VLOOKUP(C41,TONGHOPCONGDOI!$C$11:$W$91,21,0) -> 4 | Q41: =VLOOKUP(C41,TONGHOPCONGDOI!$C$11:$AD$93,22,0) -> 0 | R41: =VLOOKUP(C41,TONGHOPCONGDOI!$C$11:$AD$93,23,0) -> 0 | S41: =VLOOKUP(C41,TONGHOPCONGDOI!$C$11:$AD$93,24,0) -> 0 | T41: =VLOOKUP(C41,TONGHOPCONGDOI!$C$11:$AD$93,25,0) -> 0 | V41: =R41 -> 0 | Y41: =ROUND(((O41*46.1)+(P41*76.9)+(Q41*92.2)+(R41*153.8)+(S41*92.2)+(T41*153.8))*$E$12+(U41*25000)+(V41*100000),0) -> 963608 | Z41: =F41+N41+Y41 -> 6968265 | AB41: =VLOOKUP(C41,'CNKT '!D41:AC98,24,0) -> 6968265 | AC41: =AB41-Z41 -> 0
A42: 27 | B42: ='Chấm công KT'!C39 -> 03480 | C42: =TONGHOPCONGDOI!C37 -> T . Lốc | F42: =E42*25000 -> 0 | G42: =VLOOKUP(C42,TONGHOPCONGDOI!C37:AE94,16,0) -> 3582 | H42: =VLOOKUP(C42,TONGHOPCONGDOI!C37:AE94,17,0) -> 0 | J42: =$AD$10/$AD$9*G42+H42*$AD$11+I42*$AD$12 -> 1581.2275 | K42: ='SẢN LƯỢNG'!AP43 -> 142.52265 | L42: ='SẢN LƯỢNG'!AQ43 -> 1723.7502 | M42: =VLOOKUP(C42,'SẢN LƯỢNG'!D43:AR121,41,0) -> A | N42: =ROUND((IF(M42="A",(L42*6.1),IF(M42="B",(L42*5.8),IF(M42="C",(L42*5.5),IF(M42="C.",(L42*5.5),IF(M42="D",(L42*5.2),0)))))*$E$11),0) -> 6424589 | O42: =VLOOKUP(C42,TONGHOPCONGDOI!$C$11:$V$91,20,0) -> 25 | P42: =VLOOKUP(C42,TONGHOPCONGDOI!$C$11:$W$91,21,0) -> 4 | Q42: =VLOOKUP(C42,TONGHOPCONGDOI!$C$11:$AD$93,22,0) -> 0 | R42: =VLOOKUP(C42,TONGHOPCONGDOI!$C$11:$AD$93,23,0) -> 0 | S42: =VLOOKUP(C42,TONGHOPCONGDOI!$C$11:$AD$93,24,0) -> 0 | T42: =VLOOKUP(C42,TONGHOPCONGDOI!$C$11:$AD$93,25,0) -> 0 | V42: =R42 -> 0 | Y42: =ROUND(((O42*46.1)+(P42*76.9)+(Q42*92.2)+(R42*153.8)+(S42*92.2)+(T42*153.8))*$E$12+(U42*25000)+(V42*100000),0) -> 963608 | Z42: =F42+N42+Y42 -> 7388197 | AB42: =VLOOKUP(C42,'CNKT '!D42:AC98,24,0) -> 7388197 | AC42: =AB42-Z42 -> 0
A43: 28 | B43: ='Chấm công KT'!C40 -> 03481 | C43: =TONGHOPCONGDOI!C38 -> N . Khâm (1) | F43: =E43*25000 -> 0 | G43: =VLOOKUP(C43,TONGHOPCONGDOI!C38:AE94,16,0) -> 3187 | H43: =VLOOKUP(C43,TONGHOPCONGDOI!C38:AE94,17,0) -> 0 | J43: =$AD$10/$AD$9*G43+H43*$AD$11+I43*$AD$12 -> 1406.8599 | K43: ='SẢN LƯỢNG'!AP44 -> 149.03952 | L43: ='SẢN LƯỢNG'!AQ44 -> 1555.8994 | M43: =VLOOKUP(C43,'SẢN LƯỢNG'!D44:AR122,41,0) -> A | N43: =ROUND((IF(M43="A",(L43*6.1),IF(M43="B",(L43*5.8),IF(M43="C",(L43*5.5),IF(M43="C.",(L43*5.5),IF(M43="D",(L43*5.2),0)))))*$E$11),0) -> 5798993 | O43: =VLOOKUP(C43,TONGHOPCONGDOI!$C$11:$V$91,20,0) -> 24 | P43: =VLOOKUP(C43,TONGHOPCONGDOI!$C$11:$W$91,21,0) -> 3 | Q43: =VLOOKUP(C43,TONGHOPCONGDOI!$C$11:$AD$93,22,0) -> 0 | R43: =VLOOKUP(C43,TONGHOPCONGDOI!$C$11:$AD$93,23,0) -> 0 | S43: =VLOOKUP(C43,TONGHOPCONGDOI!$C$11:$AD$93,24,0) -> 0 | T43: =VLOOKUP(C43,TONGHOPCONGDOI!$C$11:$AD$93,25,0) -> 0 | V43: =R43 -> 0 | Y43: =ROUND(((O43*46.1)+(P43*76.9)+(Q43*92.2)+(R43*153.8)+(S43*92.2)+(T43*153.8))*$E$12+(U43*25000)+(V43*100000),0) -> 882433 | Z43: =F43+N43+Y43 -> 6681426 | AB43: =VLOOKUP(C43,'CNKT '!D43:AC98,24,0) -> 6681426 | AC43: =AB43-Z43 -> 0
A44: 29 | B44: ='Chấm công KT'!C41 -> 03482 | C44: =TONGHOPCONGDOI!C39 -> T . Phết | F44: =E44*25000 -> 0 | G44: =VLOOKUP(C44,TONGHOPCONGDOI!C39:AE94,16,0) -> 3323 | H44: =VLOOKUP(C44,TONGHOPCONGDOI!C39:AE94,17,0) -> 0 | J44: =$AD$10/$AD$9*G44+H44*$AD$11+I44*$AD$12 -> 1466.8953 | K44: ='SẢN LƯỢNG'!AP45 -> 153.01074 | L44: ='SẢN LƯỢNG'!AQ45 -> 1619.9061 | M44: =VLOOKUP(C44,'SẢN LƯỢNG'!D45:AR123,41,0) -> A | N44: =ROUND((IF(M44="A",(L44*6.1),IF(M44="B",(L44*5.8),IF(M44="C",(L44*5.5),IF(M44="C.",(L44*5.5),IF(M44="D",(L44*5.2),0)))))*$E$11),0) -> 6037552 | O44: =VLOOKUP(C44,TONGHOPCONGDOI!$C$11:$V$91,20,0) -> 24 | P44: =VLOOKUP(C44,TONGHOPCONGDOI!$C$11:$W$91,21,0) -> 3 | Q44: =VLOOKUP(C44,TONGHOPCONGDOI!$C$11:$AD$93,22,0) -> 0 | R44: =VLOOKUP(C44,TONGHOPCONGDOI!$C$11:$AD$93,23,0) -> 0 | S44: =VLOOKUP(C44,TONGHOPCONGDOI!$C$11:$AD$93,24,0) -> 0 | T44: =VLOOKUP(C44,TONGHOPCONGDOI!$C$11:$AD$93,25,0) -> 0 | V44: =R44 -> 0 | Y44: =ROUND(((O44*46.1)+(P44*76.9)+(Q44*92.2)+(R44*153.8)+(S44*92.2)+(T44*153.8))*$E$12+(U44*25000)+(V44*100000),0) -> 882433 | Z44: =F44+N44+Y44 -> 6919985 | AB44: =VLOOKUP(C44,'CNKT '!D44:AC98,24,0) -> 6919985 | AC44: =AB44-Z44 -> 0
A45: 30 | B45: ='Chấm công KT'!C42 -> 03483 | C45: =TONGHOPCONGDOI!C40 -> T. Viêng Sa Văn | F45: =E45*25000 -> 0 | G45: =VLOOKUP(C45,TONGHOPCONGDOI!C40:AE94,16,0) -> 3485 | H45: =VLOOKUP(C45,TONGHOPCONGDOI!C40:AE94,17,0) -> 0 | J45: =$AD$10/$AD$9*G45+H45*$AD$11+I45*$AD$12 -> 1538.4081 | K45: ='SẢN LƯỢNG'!AP46 -> 160.98712 | L45: ='SẢN LƯỢNG'!AQ46 -> 1699.3953 | M45: =VLOOKUP(C45,'SẢN LƯỢNG'!D46:AR124,41,0) -> A | N45: =ROUND((IF(M45="A",(L45*6.1),IF(M45="B",(L45*5.8),IF(M45="C",(L45*5.5),IF(M45="C.",(L45*5.5),IF(M45="D",(L45*5.2),0)))))*$E$11),0) -> 6333816 | O45: =VLOOKUP(C45,TONGHOPCONGDOI!$C$11:$V$91,20,0) -> 25 | P45: =VLOOKUP(C45,TONGHOPCONGDOI!$C$11:$W$91,21,0) -> 4 | Q45: =VLOOKUP(C45,TONGHOPCONGDOI!$C$11:$AD$93,22,0) -> 0 | R45: =VLOOKUP(C45,TONGHOPCONGDOI!$C$11:$AD$93,23,0) -> 0 | S45: =VLOOKUP(C45,TONGHOPCONGDOI!$C$11:$AD$93,24,0) -> 0 | T45: =VLOOKUP(C45,TONGHOPCONGDOI!$C$11:$AD$93,25,0) -> 0 | V45: =R45 -> 0 | Y45: =ROUND(((O45*46.1)+(P45*76.9)+(Q45*92.2)+(R45*153.8)+(S45*92.2)+(T45*153.8))*$E$12+(U45*25000)+(V45*100000),0) -> 963608 | Z45: =F45+N45+Y45 -> 7297424 | AB45: =VLOOKUP(C45,'CNKT '!D45:AC98,24,0) -> 7297424 | AC45: =AB45-Z45 -> 0
A46: 31 | B46: ='Chấm công KT'!C43 -> 03484 | C46: =TONGHOPCONGDOI!C41 -> T. Ca Te | F46: =E46*25000 -> 0 | G46: =VLOOKUP(C46,TONGHOPCONGDOI!C41:AE94,16,0) -> 4270 | H46: =VLOOKUP(C46,TONGHOPCONGDOI!C41:AE94,17,0) -> 0 | J46: =$AD$10/$AD$9*G46+H46*$AD$11+I46*$AD$12 -> 1884.9362 | K46: ='SẢN LƯỢNG'!AP47 -> 143.30331 | L46: ='SẢN LƯỢNG'!AQ47 -> 2028.2395 | M46: =VLOOKUP(C46,'SẢN LƯỢNG'!D47:AR125,41,0) -> B | N46: =ROUND((IF(M46="A",(L46*6.1),IF(M46="B",(L46*5.8),IF(M46="C",(L46*5.5),IF(M46="C.",(L46*5.5),IF(M46="D",(L46*5.2),0)))))*$E$11),0) -> 7187675 | O46: =VLOOKUP(C46,TONGHOPCONGDOI!$C$11:$V$91,20,0) -> 27 | P46: =VLOOKUP(C46,TONGHOPCONGDOI!$C$11:$W$91,21,0) -> 4 | Q46: =VLOOKUP(C46,TONGHOPCONGDOI!$C$11:$AD$93,22,0) -> 0 | R46: =VLOOKUP(C46,TONGHOPCONGDOI!$C$11:$AD$93,23,0) -> 0 | S46: =VLOOKUP(C46,TONGHOPCONGDOI!$C$11:$AD$93,24,0) -> 0 | T46: =VLOOKUP(C46,TONGHOPCONGDOI!$C$11:$AD$93,25,0) -> 0 | V46: =R46 -> 0 | Y46: =ROUND(((O46*46.1)+(P46*76.9)+(Q46*92.2)+(R46*153.8)+(S46*92.2)+(T46*153.8))*$E$12+(U46*25000)+(V46*100000),0) -> 1024456 | Z46: =F46+N46+Y46 -> 8212131 | AB46: =VLOOKUP(C46,'CNKT '!D46:AC98,24,0) -> 8212131 | AC46: =AB46-Z46 -> 0
