Workbook
Name a: #REF!
Name aí6: #REF!
Name So_XN: [1]PHATSINH!$B$6:$B$2093

Sheet thưởng 300
A1: CỘNG HÒA DÂN CHỦ NHÂN DÂN LÀO
A2: Hòa Bình - Độc Lập - Dân Chủ - Thống Nhất - Thịnh Vượng
A3: -----oOo-----
A5: CÔNG TY TNHH CỔ PHẦN QUASA - GERUCO LÀO
A6: ĐƠN VỊ: NÔNG TRƯỜNG 1
A8: BẢNG THANH TOÁN PHỤ CẤP TRANG BỊ VẬT TƯ - XÃ MIỆNG CẠO CHO CÔNG NHÂN KHAI THÁC
A10: STT | C10: Mã số nhân viên | E10: Tên công nhân | F10: Chức vụ | G10: Thành tiền(kíp) | H10: Kí Nhận | I10: Ghi chú
A11: ĐỘI 1 | G11: =SUM(G12:G54) -> 21500000
A12: 1 | B12: 1 | E12: Bôn | F12: CNKT | G12: 500000 | I12: =E12 -> Bôn
A13: 2 | B13: 2 | E13: E | F13: CNKT | G13: 500000 | I13: =E13 -> E
A14: 3 | B14: 3 | E14: Khương (3) | F14: CNKT | G14: 500000 | I14: =E14 -> Khương (3)
A15: 4 | B15: 4 | E15: Nít Ni Lanh | F15: CNKT | G15: 500000 | I15: =E15 -> Nít Ni Lanh
A16: 5 | B16: 5 | E16: Khăm Đeng | F16: CNKT | G16: 500000 | I16: =E16 -> Khăm Đeng
A17: 6 | B17: 6 | E17: Nàng Năt | F17: CNKT | G17: 500000 | I17: =E17 -> Nàng Năt
A18: 7 | B18: 7 | E18: Xay (3) | F18: CNKT | G18: 500000 | I18: =E18 -> Xay (3)
A19: 8 | B19: 8 | E19: Xôn | F19: CNKT | G19: 500000 | I19: =E19 -> Xôn
A20: 9 | B20: 9 | E20: Phum Hom | F20: CNKT | G20: 500000 | I20: =E20 -> Phum Hom
A21: 10 | B21: 10 | E21: Pa Lay | F21: CNKT | G21: 500000 | I21: =E21 -> Pa Lay
A22: 11 | B22: 11 | E22: Măm | F22: CNKT | G22: 500000 | I22: =E22 -> Măm
A23: 12 | B23: 12 | E23: Muôi | F23: CNKT | G23: 500000 | I23: =E23 -> Muôi
... A54: 43 | B54: 43 | E54: Me Son | F54: CNKT | G54: 500000 | I54: =E54 -> Me Son
A55: ĐỘI 2 | G55: =SUM(G56:G112) -> 28500000
A56: 44 | B56: 1 | E56: Bôn | F56: CNKT | G56: 500000 | I56: =E56 -> Bôn
A57: 45 | B57: 2 | E57: E | F57: CNKT | G57: 500000 | I57: =E57 -> E
A58: 46 | B58: 3 | E58: Khương (3) | F58: CNKT | G58: 500000 | I58: =E58 -> Khương (3)
A59: 47 | B59: 4 | E59: Nít Ni Lanh | F59: CNKT | G59: 500000 | I59: =E59 -> Nít Ni Lanh
A60: 48 | B60: 5 | E60: Khăm Đeng | F60: CNKT | G60: 500000 | I60: =E60 -> Khăm Đeng
A61: 49 | B61: 6 | E61: Nàng Năt | F61: CNKT | G61: 500000 | I61: =E61 -> Nàng Năt
A62: 50 | B62: 7 | E62: Xay (3) | F62: CNKT | G62: 500000 | I62: =E62 -> Xay (3)
A63: 51 | B63: 8 | E63: Xôn | F63: CNKT | G63: 500000 | I63: =E63 -> Xôn
A64: 52 | B64: 9 | E64: Phum Hom | F64: CNKT | G64: 500000 | I64: =E64 -> Phum Hom
A65: 53 | B65: 10 | E65: Pa Lay | F65: CNKT | G65: 500000 | I65: =E65 -> Pa Lay
A66: 54 | B66: 11 | E66: Măm | F66: CNKT | G66: 500000 | I66: =E66 -> Măm
A67: 55 | B67: 12 | E67: Muôi | F67: CNKT | G67: 500000 | I67: =E67 -> Muôi
... A99: 87 | B99: 44 | E99: Nít | F99: CNKT | G99: 500000 | I99: =E99 -> Nít
A100: 88 | B100: 45 | E100: Nui | F100: CNKT | G100: 500000 | I100: =E100 -> Nui | Q100: =760.5-48.5 -> 712
A101: 89 | B101: 46 | E101: Đuông Chăn | F101: CNKT | G101: 500000 | I101: =E101 -> Đuông Chăn | Q101: =+Q100*30 -> 21360
A102: 90 | B102: 47 | E102: Đăm (3) | F102: CNKT | G102: 500000 | I102: =E102 -> Đăm (3)
A103: 91 | B103: 48 | E103: Hăm Nọi A | F103: CNKT | G103: 500000 | I103: =E103 -> Hăm Nọi A
A104: 92 | B104: 49 | E104: Hip | F104: CNKT | G104: 500000 | I104: =E104 -> Hip
A105: 93 | B105: 50 | E105: Hăm Noi B | F105: CNKT | G105: 500000 | I105: =E105 -> Hăm Noi B
A106: 94 | B106: 51 | E106: Tụp | F106: CNKT | G106: 500000 | I106: =E106 -> Tụp
A107: 95 | B107: 52 | E107: S Ting | F107: CNKT | G107: 500000 | I107: =E107 -> S Ting
A108: 96 | B108: 53 | E108: Tom | F108: CNKT | G108: 500000 | I108: =E108 -> Tom
A109: 97 | B109: 54 | E109: Nang Py | F109: CNKT | G109: 500000 | I109: =E109 -> Nang Py
A110: 98 | B110: 55 | E110: Ô | F110: CNKT | G110: 500000 | I110: =E110 -> Ô
A111: 99 | B111: 56 | E111: Văn Thong | F111: CNKT | G111: 500000 | I111: =E111 -> Văn Thong
A112: 100 | B112: 57 | E112: Va | F112: CNKT | G112: 500000 | I112: =E112 -> Va
A113: ĐỘI 3 | G113: =SUM(G114:G199) -> 43000000
A114: 101 | B114: 1 | E114: Bôn | F114: CNKT | G114: 500000 | I114: =E114 -> Bôn
A115: 102 | B115: 2 | E115: E | F115: CNKT | G115: 500000 | I115: =E115 -> E
A116: 103 | B116: 3 | E116: Khương (3) | F116: CNKT | G116: 500000 | I116: =E116 -> Khương (3)
A117: 104 | B117: 4 | E117: Nít Ni Lanh | F117: CNKT | G117: 500000 | I117: =E117 -> Nít Ni Lanh
A118: 105 | B118: 5 | E118: Khăm Đeng | F118: CNKT | G118: 500000 | I118: =E118 -> Khăm Đeng
A119: 106 | B119: 6 | E119: Nàng Năt | F119: CNKT | G119: 500000 | I119: =E119 -> Nàng Năt
A120: 107 | B120: 7 | E120: Xay (3) | F120: CNKT | G120: 500000 | I120: =E120 -> Xay (3)
A121: 108 | B121: 8 | E121: Xôn | F121: CNKT | G121: 500000 | I121: =E121 -> Xôn
A122: 109 | B122: 9 | E122: Phum Hom | F122: CNKT | G122: 500000 | I122: =E122 -> Phum Hom
A123: 110 | B123: 10 | E123: Pa Lay | F123: CNKT | G123: 500000 | I123: =E123 -> Pa Lay
A124: 111 | B124: 11 | E124: Măm | F124: CNKT | G124: 500000 | I124: =E124 -> Măm
A125: 112 | B125: 12 | E125: Muôi | F125: CNKT | G125: 500000 | I125: =E125 -> Muôi
... A157: 144 | B157: 44 | E157: Nít | F157: CNKT | G157: 500000 | I157: =E157 -> Nít
A158: 145 | B158: 45 | E158: Nui | F158: CNKT | G158: 500000 | I158: =E158 -> Nui | Q158: =760.5-48.5 -> 712
A159: 146 | B159: 46 | E159: Đuông Chăn | F159: CNKT | G159: 500000 | I159: =E159 -> Đuông Chăn | Q159: =+Q158*30 -> 21360
A160: 147 | B160: 47 | E160: Đăm (3) | F160: CNKT | G160: 500000 | I160: =E160 -> Đăm (3)
A161: 148 | B161: 48 | E161: Hăm Nọi A | F161: CNKT | G161: 500000 | I161: =E161 -> Hăm Nọi A
A162: 149 | B162: 49 | E162: Hip | F162: CNKT | G162: 500000 | I162: =E162 -> Hip
A163: 150 | B163: 50 | E163: Hăm Noi B | F163: CNKT | G163: 500000 | I163: =E163 -> Hăm Noi B
A164: 151 | B164: 51 | E164: Tụp | F164: CNKT | G164: 500000 | I164: =E164 -> Tụp
A165: 152 | B165: 52 | E165: S Ting | F165: CNKT | G165: 500000 | I165: =E165 -> S Ting
A166: 153 | B166: 53 | E166: Tom | F166: CNKT | G166: 500000 | I166: =E166 -> Tom
A167: 154 | B167: 54 | E167: Nang Py | F167: CNKT | G167: 500000 | I167: =E167 -> Nang Py
A168: 155 | B168: 55 | E168: Ô | F168: CNKT | G168: 500000 | I168: =E168 -> Ô
A169: 156 | B169: 56 | E169: Văn Thong | F169: CNKT | G169: 500000 | I169: =E169 -> Văn Thong
A170: 157 | B170: 57 | E170: Va | F170: CNKT | G170: 500000 | I170: =E170 -> Va
A171: 158 | B171: 58 | E171: Pông | F171: CNKT | G171: 500000 | I171: =E171 -> Pông
... A199: 186 | B199: 86 | E199: Tha Mon Ta | F199: CNKT | G199: 500000 | I199: =E199 -> Tha Mon Ta
A200: Trạm cán | G200: =SUM(G201:G211) -> 5500000
A201: 187 | B201: 1 | E201: Thon | F201: CNKT | G201: 500000 | I201: =E201 -> Thon
A202: 188 | B202: 2 | E202: Nhon | F202: CNKT | G202: 500000 | I202: =E202 -> Nhon
A203: 189 | B203: 3 | E203: Nàng Núi | F203: CNKT | G203: 500000 | I203: =E203 -> Nàng Núi
A204: 190 | B204: 4 | E204: Nàng Nú | F204: CNKT | G204: 500000 | I204: =E204 -> Nàng Nú
A205: 191 | B205: 5 | E205: Khăm | F205: CNKT | G205: 500000 | I205: =E205 -> Khăm
A206: 192 | B206: 6 | E206: Nàng Bát | F206: CNKT | G206: 500000 | I206: =E206 -> Nàng Bát
A207: 193 | B207: 7 | E207: Dộc | F207: CNKT | G207: 500000 | I207: =E207 -> Dộc
A208: 194 | B208: 8 | E208: Chăn (3) | F208: CNKT | G208: 500000 | I208: =E208 -> Chăn (3)
A209: 195 | B209: 9 | E209: Hát | F209: CNKT | G209: 500000 | I209: =E209 -> Hát
A210: 196 | B210: 8 | E210: Bun (3) | F210: CNKT | G210: 500000 | I210: =E210 -> Bun (3)
A211: 197 | B211: 9 | E211: Hông Khăm | F211: CNKT | G211: 500000 | I211: =E211 -> Hông Khăm
A212: Xưởng Cưa | G212: =SUM(G213:G219) -> 3500000 | I212: =E212 -> 0
A213: 198 | B213: 1 | E213: Pan | F213: CNKT | G213: 500000 | I213: =E213 -> Pan
A214: 199 | B214: 2 | E214: Vi Say | F214: CNKT | G214: 500000 | I214: =E214 -> Vi Say
A215: 200 | B215: 3 | E215: Ka Púc | F215: CNKT | G215: 500000 | I215: =E215 -> Ka Púc
A216: 201 | B216: 4 | E216: Chay Đi | F216: CNKT | G216: 500000 | I216: =E216 -> Chay Đi
A217: 202 | B217: 5 | E217: Lăng B | F217: CNKT | G217: 500000 | I217: =E217 -> Lăng B
A218: 203 | B218: 6 | E218: Tuc | F218: CNKT | G218: 500000 | I218: =E218 -> Tuc
A219: 204 | B219: 7 | E219: On | F219: CNKT | G219: 500000 | I219: =E219 -> On
A220: Đội 4 | G220: =SUM(G221:G302) -> 41000000 | I220: =E220 -> 0
A221: 205 | B221: 1 | E221: Sốt | F221: CNKT | G221: 500000 | I221: =E221 -> Sốt
A222: 206 | B222: 2 | E222: Thảo A Tiền | F222: CNKT | G222: 500000 | I222: =E222 -> Thảo A Tiền
...

Sheet PLC   (2)
A1: ĐỘI 1
A2: =$K$2 -> THÁNG 09/2024 | G2: =$K$2 -> THÁNG 09/2024 | K2: THÁNG 09/2024
A3: Họ và tên | B3: Thô | G3: Họ và tên | H3: Mè Ta Van | L3: 680.47
A4: Công sản phẩm | B4: ²½ìò©ªະພັນ | C4: =VLOOKUP(B3,'LƯƠNG KT'!$D$15:$U$94,3,0) -> #N/A | D4: =+C4*25000 -> #N/A | G4: Công sản phẩm | H4: ²½ìò©ªະພັນ | I4: =VLOOKUP(H3,'LƯƠNG KT'!$D$15:$U$94,3,0) -> #N/A | J4: =+I4*25000 -> #N/A | K4: Công đi cạo | L4: =46.1*L3 -> 31369.667
A5: Công đi cạo | B5: ໝວດໄປຂີດ | C5: =VLOOKUP(B3,'LƯƠNG KT'!$D$15:$U$94,14,0) -> #N/A | D5: =C5*$L$4 -> #N/A | G5: Công đi cạo | H5: ໝວດໄປຂີດ | I5: =VLOOKUP(H3,'LƯƠNG KT'!$D$15:$U$94,14,0) -> #N/A | J5: =I5*$L$4 -> #N/A | K5: Công chủ nhật | L5: =76.9*L3 -> 52328.143
A6: Công làm ngày chủ nhật | B6: ໝວດເຮັດວຽກວັນທິດ | C6: =VLOOKUP(B3,'LƯƠNG KT'!$D$15:$U$94,15,0) -> #N/A | D6: =C6*$L$5 -> #N/A | G6: Công làm ngày chủ nhật | H6: ໝວດເຮັດວຽກວັນທິດ | I6: =VLOOKUP(H3,'LƯƠNG KT'!$D$15:$U$94,15,0) -> #N/A | J6: =I6*$L$5 -> #N/A | K6: PC đánh axit | L6: 10000
A7: Công nhỏ axit đánh đông | C7: =VLOOKUP(B3,'LƯƠNG KT'!$D$15:$U$94,16,0) -> #N/A | D7: =+C7*$L$6 -> #N/A | G7: Công nhỏ axit đánh đông | I7: =VLOOKUP(H3,'LƯƠNG KT'!$D$15:$U$94,16,0) -> #N/A | J7: =+I7*$L$6 -> #N/A | K7: PC cây non | L7: =30.7*L3 -> 20890.429
A8: Phụ cấp cạo 2 lát | C8: =VLOOKUP(B4,'LƯƠNG KT'!$D$15:$U$94,16,0) -> #N/A | D8: =+C8*$L$6 -> #N/A | G8: Công nhỏ axit đánh đông | I8: =VLOOKUP(H4,'LƯƠNG KT'!$D$15:$U$94,16,0) -> #N/A | J8: =+I8*$L$6 -> #N/A | K8: PC cây non | L8: =30.7*L4 -> 963048.78
A9: Phụ cấp tiền lương | C9: =VLOOKUP(B5,'LƯƠNG KT'!$D$15:$U$94,16,0) -> #N/A | D9: =+C9*$L$6 -> #N/A | G9: Công nhỏ axit đánh đông | I9: =VLOOKUP(H5,'LƯƠNG KT'!$D$15:$U$94,16,0) -> #N/A | J9: =+I9*$L$6 -> #N/A | K9: PC cây non | L9: =30.7*L5 -> 1606474
A10: Mủ dây | B10: ຢ່າງເສັ້ນ | C10: =VLOOKUP(B3,'LƯƠNG KT'!$D$15:$U$94,9,0)*$L$10 -> #N/A | D10: =+C10*0.5*3000 -> #N/A | G10: Mủ dây | H10: ຢ່າງເສັ້ນ | I10: =VLOOKUP(H3,'LƯƠNG KT'!$D$15:$U$94,9,0)*$L$10 -> #N/A | J10: =+I10*0.5*3000 -> #N/A | K10: DRC mủ dây | L10: 0.5
A11: Sản lượng mủ | B11: ໝວດຂີດທັບເກັບຢາງ | C11: =VLOOKUP(B3,'LƯƠNG KT'!$D$15:$U$94,8,0)*$L$11 -> #N/A | D11: =VLOOKUP(B3,'LƯƠNG KT'!$D$15:$U$94,13,0)-D10 -> #N/A | G11: Sản lượng mủ | H11: ໝວດຂີດທັບເກັບຢາງ | I11: =VLOOKUP(H3,'LƯƠNG KT'!$D$15:$U$94,8,0)*$L$11 -> #N/A | J11: =VLOOKUP(H3,'LƯƠNG KT'!$D$15:$U$94,13,0)-J10 -> #N/A | K11: DRC mủ tạp | L11: 0.42315994
A12: Các khoản trừ | B12: ການຫັກລົບ | G12: Các khoản trừ | H12: ການຫັກລົບ
A13: Tạm ứng | B13: ຄວາມກ້າວໜ້າ | D13: =56*25000 -> 1400000 | G13: Tạm ứng | H13: ຄວາມກ້າວໜ້າ | J13: =56*25000 -> 1400000
A14: Tổng trừ: | B14: ລວມທັງໝົດ | D14: =D13 -> 1400000 | G14: Tổng trừ: | H14: ລວມທັງໝົດ | J14: =J13 -> 1400000
A15: Còn lãnh | B15: ຍັງເຫລືອ | D15: =SUM(D4:D11)-D14 -> #N/A | G15: Còn lãnh | H15: ຍັງເຫລືອ | J15: =SUM(J4:J11)-J14 -> #N/A
L16: Phụ cấp cạo 2 lát | M16: Phụ cấp tiền lương
A18: =$K$2 -> THÁNG 09/2024 | G18: =$K$2 -> THÁNG 09/2024
A19: Họ và tên | B19: Ka Tho | G19: Họ và tên | H19: Xay
A20: Công sản phẩm | B20: ²½ìò©ªະພັນ | C20: =VLOOKUP(B19,'LƯƠNG KT'!$D$15:$U$94,3,0) -> #N/A | D20: =+C20*25000 -> #N/A | G20: Công sản phẩm | H20: ²½ìò©ªະພັນ | I20: =VLOOKUP(H19,'LƯƠNG KT'!$D$15:$U$94,3,0) -> #N/A | J20: =+I20*25000 -> #N/A
A21: Công đi cạo | B21: ໝວດໄປຂີດ | C21: =VLOOKUP(B19,'LƯƠNG KT'!$D$15:$U$94,14,0) -> #N/A | D21: =C21*$L$4 -> #N/A | G21: Công đi cạo | H21: ໝວດໄປຂີດ | I21: =VLOOKUP(H19,'LƯƠNG KT'!$D$15:$U$94,14,0) -> #N/A | J21: =I21*$L$4 -> #N/A
A22: Công làm ngày chủ nhật | B22: ໝວດເຮັດວຽກວັນທິດ | C22: =VLOOKUP(B19,'LƯƠNG KT'!$D$15:$U$94,15,0) -> #N/A | D22: =C22*$L$5 -> #N/A | G22: Công làm ngày chủ nhật | H22: ໝວດເຮັດວຽກວັນທິດ | I22: =VLOOKUP(H19,'LƯƠNG KT'!$D$15:$U$94,15,0) -> #N/A | J22: =I22*$L$5 -> #N/A
A23: Công nhỏ axit đánh đông | C23: =VLOOKUP(B19,'LƯƠNG KT'!$D$15:$U$94,16,0) -> #N/A | D23: =+C23*$L$6 -> #N/A | G23: Công nhỏ axit đánh đông | I23: =VLOOKUP(H19,'LƯƠNG KT'!$D$15:$U$94,16,0) -> #N/A | J23: =+I23*$L$6 -> #N/A | M23: =425*50 -> 21250
A24: Công nhỏ axit đánh đông | C24: =VLOOKUP(B20,'LƯƠNG KT'!$D$15:$U$94,16,0) -> #N/A | D24: =+C24*$L$6 -> #N/A | G24: Công nhỏ axit đánh đông | I24: =VLOOKUP(H20,'LƯƠNG KT'!$D$15:$U$94,16,0) -> #N/A | J24: =+I24*$L$6 -> #N/A | M24: =425*50 -> 21250
A25: Công nhỏ axit đánh đông | C25: =VLOOKUP(B21,'LƯƠNG KT'!$D$15:$U$94,16,0) -> #N/A | D25: =+C25*$L$6 -> #N/A | G25: Công nhỏ axit đánh đông | I25: =VLOOKUP(H21,'LƯƠNG KT'!$D$15:$U$94,16,0) -> #N/A | J25: =+I25*$L$6 -> #N/A | M25: =425*50 -> 21250
A26: Mủ dây | B26: ຢ່າງເສັ້ນ | C26: =VLOOKUP(B19,'LƯƠNG KT'!$D$15:$U$94,9,0)*$L$10 -> #N/A | D26: =+C26*0.5*3000 -> #N/A | G26: Mủ dây | H26: ຢ່າງເສັ້ນ | I26: =VLOOKUP(H19,'LƯƠNG KT'!$D$15:$U$94,9,0)*$L$10 -> #N/A | J26: =+I26*0.5*3000 -> #N/A
A27: Sản lượng mủ | B27: ໝວດຂີດທັບເກັບຢາງ | C27: =VLOOKUP(B19,'LƯƠNG KT'!$D$15:$U$94,8,0)*$L$11 -> #N/A | D27: =VLOOKUP(B19,'LƯƠNG KT'!$D$15:$U$94,13,0)-D26 -> #N/A | G27: Sản lượng mủ | H27: ໝວດຂີດທັບເກັບຢາງ | I27: =VLOOKUP(H19,'LƯƠNG KT'!$D$15:$U$94,8,0)*$L$11 -> #N/A | J27: =VLOOKUP(H19,'LƯƠNG KT'!$D$15:$U$94,13,0)-J26+I21*20000+I22*20000 -> #N/A
A28: Các khoản trừ | B28: ການຫັກລົບ | G28: Các khoản trừ | H28: ການຫັກລົບ
A29: Tạm ứng | B29: ຄວາມກ້າວໜ້າ | D29: =56*25000 -> 1400000 | G29: Tạm ứng | H29: ຄວາມກ້າວໜ້າ | J29: =56*25000 -> 1400000 | M29: =425+9 -> 434 | N29: =+M29*20 -> 8680
A30: Tổng trừ: | B30: ລວມທັງໝົດ | D30: =D29 -> 1400000 | G30: Tổng trừ: | H30: ລວມທັງໝົດ | J30: =J29 -> 1400000 | M30: =+M29*50 -> 21700
A31: Còn lãnh | B31: ຍັງເຫລືອ | D31: =SUM(D20:D27)-D30 -> #N/A | G31: Còn lãnh | H31: ຍັງເຫລືອ | J31: =SUM(J20:J27)-J30 -> #N/A
A34: =$K$2 -> THÁNG 09/2024 | G34: =$K$2 -> THÁNG 09/2024
A35: Họ và tên | B35: Thảo In | G35: Họ và tên | H35: Cha La
A36: Công sản phẩm | B36: ²½ìò©ªະພັນ | C36: =VLOOKUP(B35,'LƯƠNG KT'!$D$15:$U$94,3,0) -> #N/A | D36: =+C36*25000 -> #N/A | G36: Công sản phẩm | H36: ²½ìò©ªະພັນ | I36: =VLOOKUP(H35,'LƯƠNG KT'!$D$15:$U$94,3,0) -> #N/A | J36: =+I36*25000 -> #N/A
A37: Công đi cạo | B37: ໝວດໄປຂີດ | C37: =VLOOKUP(B35,'LƯƠNG KT'!$D$15:$U$94,14,0) -> #N/A | D37: =C37*$L$4 -> #N/A | G37: Công đi cạo | H37: ໝວດໄປຂີດ | I37: =VLOOKUP(H35,'LƯƠNG KT'!$D$15:$U$94,14,0) -> #N/A | J37: =I37*$L$4 -> #N/A
A38: Công làm ngày chủ nhật | B38: ໝວດເຮັດວຽກວັນທິດ | C38: =VLOOKUP(B35,'LƯƠNG KT'!$D$15:$U$94,15,0) -> #N/A | D38: =C38*$L$5 -> #N/A | G38: Công làm ngày chủ nhật | H38: ໝວດເຮັດວຽກວັນທິດ | I38: =VLOOKUP(H35,'LƯƠNG KT'!$D$15:$U$94,15,0) -> #N/A | J38: =I38*$L$5 -> #N/A
A39: Công nhỏ axit đánh đông | C39: =VLOOKUP(B35,'LƯƠNG KT'!$D$15:$U$94,16,0) -> #N/A | D39: =+C39*$L$6 -> #N/A | G39: Công nhỏ axit đánh đông | I39: =VLOOKUP(H35,'LƯƠNG KT'!$D$15:$U$94,16,0) -> #N/A | J39: =+I39*$L$6 -> #N/A
A42: Mủ dây | B42: ຢ່າງເສັ້ນ | C42: =VLOOKUP(B35,'LƯƠNG KT'!$D$15:$U$94,9,0)*$L$10 -> #N/A | D42: =+C42*0.5*3000 -> #N/A | G42: Mủ dây | H42: ຢ່າງເສັ້ນ | I42: =VLOOKUP(H35,'LƯƠNG KT'!$D$15:$U$94,9,0)*$L$10 -> #N/A | J42: =+I42*0.5*3000 -> #N/A
A43: Sản lượng mủ | B43: ໝວດຂີດທັບເກັບຢາງ | C43: =VLOOKUP(B35,'LƯƠNG KT'!$D$15:$U$94,8,0)*$L$11 -> #N/A | D43: =VLOOKUP(B35,'LƯƠNG KT'!$D$15:$U$94,13,0)-D42+C37*20000+C38*20000 -> #N/A | G43: Sản lượng mủ | H43: ໝວດຂີດທັບເກັບຢາງ | I43: =VLOOKUP(H35,'LƯƠNG KT'!$D$15:$U$94,8,0)*$L$11 -> #N/A | J43: =VLOOKUP(H35,'LƯƠNG KT'!$D$15:$U$94,13,0)-J42 -> #N/A
A44: Các khoản trừ | B44: ການຫັກລົບ | G44: Các khoản trừ | H44: ການຫັກລົບ
A45: Tạm ứng | B45: ຄວາມກ້າວໜ້າ | D45: =56*25000 -> 1400000 | G45: Tạm ứng | H45: ຄວາມກ້າວໜ້າ | J45: =56*25000 -> 1400000
A46: Tổng trừ: | B46: ລວມທັງໝົດ | D46: =D45 -> 1400000 | G46: Tổng trừ: | H46: ລວມທັງໝົດ | J46: =J45 -> 1400000
A47: Còn lãnh | B47: ຍັງເຫລືອ | D47: =SUM(D36:D43)-D46 -> #N/A | G47: Còn lãnh | H47: ຍັງເຫລືອ | J47: =SUM(J36:J43)-J46 -> #N/A
A50: =$K$2 -> THÁNG 09/2024 | G50: =$K$2 -> THÁNG 09/2024
A51: Họ và tên | B51: Nang Nga | G51: Họ và tên | H51: Khăm Đi
A52: Công sản phẩm | B52: ²½ìò©ªະພັນ | C52: =VLOOKUP(B51,'LƯƠNG KT'!$D$15:$U$94,3,0) -> #N/A | D52: =+C52*25000 -> #N/A | G52: Công sản phẩm | H52: ²½ìò©ªະພັນ | I52: =VLOOKUP(H51,'LƯƠNG KT'!$D$15:$U$94,3,0) -> #N/A | J52: =+I52*25000 -> #N/A
A53: Công đi cạo | B53: ໝວດໄປຂີດ | C53: =VLOOKUP(B51,'LƯƠNG KT'!$D$15:$U$94,14,0) -> #N/A | D53: =C53*$L$4 -> #N/A | G53: Công đi cạo | H53: ໝວດໄປຂີດ | I53: =VLOOKUP(H51,'LƯƠNG KT'!$D$15:$U$94,14,0) -> #N/A | J53: =I53*$L$4 -> #N/A
A54: Công làm ngày chủ nhật | B54: ໝວດເຮັດວຽກວັນທິດ | C54: =VLOOKUP(B51,'LƯƠNG KT'!$D$15:$U$94,15,0) -> #N/A | D54: =C54*$L$5 -> #N/A | G54: Công làm ngày chủ nhật | H54: ໝວດເຮັດວຽກວັນທິດ | I54: =VLOOKUP(H51,'LƯƠNG KT'!$D$15:$U$94,15,0) -> #N/A | J54: =I54*$L$5 -> #N/A
A55: Công nhỏ axit đánh đông | C55: =VLOOKUP(B51,'LƯƠNG KT'!$D$15:$U$94,16,0) -> #N/A | D55: =+C55*$L$6 -> #N/A | G55: Công nhỏ axit đánh đông | I55: =VLOOKUP(H51,'LƯƠNG KT'!$D$15:$U$94,16,0) -> #N/A | J55: =+I55*$L$6 -> #N/A
A58: Mủ dây | B58: ຢ່າງເສັ້ນ | C58: =VLOOKUP(B51,'LƯƠNG KT'!$D$15:$U$94,9,0)*$L$10 -> #N/A | D58: =+C58*0.5*3000 -> #N/A | G58: Mủ dây | H58: ຢ່າງເສັ້ນ | I58: =VLOOKUP(H51,'LƯƠNG KT'!$D$15:$U$94,9,0)*$L$10 -> #N/A | J58: =+I58*0.5*3000 -> #N/A
A59: Sản lượng mủ | B59: ໝວດຂີດທັບເກັບຢາງ | C59: =VLOOKUP(B51,'LƯƠNG KT'!$D$15:$U$94,8,0)*$L$11 -> #N/A | D59: =VLOOKUP(B51,'LƯƠNG KT'!$D$15:$U$94,13,0)-D58 -> #N/A | G59: Sản lượng mủ | H59: ໝວດຂີດທັບເກັບຢາງ | I59: =VLOOKUP(H51,'LƯƠNG KT'!$D$15:$U$94,8,0)*$L$11 -> #N/A | J59: =VLOOKUP(H51,'LƯƠNG KT'!$D$15:$U$94,13,0)-J58 -> #N/A
A60: Các khoản trừ | B60: ການຫັກລົບ | G60: Các khoản trừ | H60: ການຫັກລົບ
A61: Tạm ứng | B61: ຄວາມກ້າວໜ້າ | D61: =56*25000 -> 1400000 | G61: Tạm ứng | H61: ຄວາມກ້າວໜ້າ | J61: =56*25000 -> 1400000
A62: Tổng trừ: | B62: ລວມທັງໝົດ | D62: =D61 -> 1400000 | G62: Tổng trừ: | H62: ລວມທັງໝົດ | J62: =J61 -> 1400000
A63: Còn lãnh | B63: ຍັງເຫລືອ | D63: =SUM(D52:D59)-D62 -> #N/A | G63: Còn lãnh | H63: ຍັງເຫລືອ | J63: =SUM(J52:J59)-J62 -> #N/A
A67: =$K$2 -> THÁNG 09/2024 | G67: =$K$2 -> THÁNG 09/2024
A68: Họ và tên | B68: Me Đuông | G68: Họ và tên | H68: Nang Môn
A69: Công sản phẩm | B69: ²½ìò©ªະພັນ | C69: =VLOOKUP(B68,'LƯƠNG KT'!$D$15:$U$94,3,0) -> #N/A | D69: =+C69*25000 -> #N/A | G69: Công sản phẩm | H69: ²½ìò©ªະພັນ | I69: =VLOOKUP(H68,'LƯƠNG KT'!$D$15:$U$94,3,0) -> #N/A | J69: =+I69*25000 -> #N/A
A70: Công đi cạo | B70: ໝວດໄປຂີດ | C70: =VLOOKUP(B68,'LƯƠNG KT'!$D$15:$U$94,14,0) -> #N/A | D70: =C70*$L$4 -> #N/A | G70: Công đi cạo | H70: ໝວດໄປຂີດ | I70: =VLOOKUP(H68,'LƯƠNG KT'!$D$15:$U$94,14,0) -> #N/A | J70: =I70*$L$4 -> #N/A
A71: Công làm ngày chủ nhật | B71: ໝວດເຮັດວຽກວັນທິດ | C71: =VLOOKUP(B68,'LƯƠNG KT'!$D$15:$U$94,15,0) -> #N/A | D71: =C71*$L$5 -> #N/A | G71: Công làm ngày chủ nhật | H71: ໝວດເຮັດວຽກວັນທິດ | I71: =VLOOKUP(H68,'LƯƠNG KT'!$D$15:$U$94,15,0) -> #N/A | J71: =I71*$L$5 -> #N/A
A72: Công nhỏ axit đánh đông | C72: =VLOOKUP(B68,'LƯƠNG KT'!$D$15:$U$94,16,0) -> #N/A | D72: =+C72*$L$6 -> #N/A | G72: Công nhỏ axit đánh đông | I72: =VLOOKUP(H68,'LƯƠNG KT'!$D$15:$U$94,16,0) -> #N/A | J72: =+I72*$L$6 -> #N/A
A75: Mủ dây | B75: ຢ່າງເສັ້ນ | C75: =VLOOKUP(B68,'LƯƠNG KT'!$D$15:$U$94,9,0)*$L$10 -> #N/A | D75: =+C75*0.5*3000 -> #N/A | G75: Mủ dây | H75: ຢ່າງເສັ້ນ | I75: =VLOOKUP(H68,'LƯƠNG KT'!$D$15:$U$94,9,0)*$L$10 -> #N/A | J75: =+I75*0.5*3000 -> #N/A
A76: Sản lượng mủ | B76: ໝວດຂີດທັບເກັບຢາງ | C76: =VLOOKUP(B68,'LƯƠNG KT'!$D$15:$U$94,8,0)*$L$11 -> #N/A | D76: =VLOOKUP(B68,'LƯƠNG KT'!$D$15:$U$94,13,0)-D75 -> #N/A | G76: Sản lượng mủ | H76: ໝວດຂີດທັບເກັບຢາງ | I76: =VLOOKUP(H68,'LƯƠNG KT'!$D$15:$U$94,8,0)*$L$11 -> #N/A | J76: =VLOOKUP(H68,'LƯƠNG KT'!$D$15:$U$94,13,0)-J75 -> #N/A
A77: Các khoản trừ | B77: ການຫັກລົບ | G77: Các khoản trừ | H77: ການຫັກລົບ
A78: Tạm ứng | B78: ຄວາມກ້າວໜ້າ | D78: =56*25000 -> 1400000 | G78: Tạm ứng | H78: ຄວາມກ້າວໜ້າ | J78: =56*25000 -> 1400000
A79: Tổng trừ: | B79: ລວມທັງໝົດ | D79: =D78 -> 1400000 | G79: Tổng trừ: | H79: ລວມທັງໝົດ | J79: =J78 -> 1400000
A80: Còn lãnh | B80: ຍັງເຫລືອ | D80: =SUM(D69:D76)-D79 -> #N/A | G80: Còn lãnh | H80: ຍັງເຫລືອ | J80: =SUM(J69:J76)-J79 -> #N/A
A83: =$K$2 -> THÁNG 09/2024 | G83: =$K$2 -> THÁNG 09/2024
A84: Họ và tên | B84: Ziên | G84: Họ và tên | H84: Me Pê
A85: Công sản phẩm | B85: ²½ìò©ªະພັນ | C85: =VLOOKUP(B84,'LƯƠNG KT'!$D$15:$U$94,3,0) -> #N/A | D85: =+C85*25000 -> #N/A | G85: Công sản phẩm | H85: ²½ìò©ªະພັນ | I85: =VLOOKUP(H84,'LƯƠNG KT'!$D$15:$U$94,3,0) -> #N/A | J85: =+I85*25000 -> #N/A
A86: Công đi cạo | B86: ໝວດໄປຂີດ | C86: =VLOOKUP(B84,'LƯƠNG KT'!$D$15:$U$94,14,0) -> #N/A | D86: =C86*$L$4 -> #N/A | G86: Công đi cạo | H86: ໝວດໄປຂີດ | I86: =VLOOKUP(H84,'LƯƠNG KT'!$D$15:$U$94,14,0) -> #N/A | J86: =I86*$L$4 -> #N/A
A87: Công làm ngày chủ nhật | B87: ໝວດເຮັດວຽກວັນທິດ | C87: =VLOOKUP(B84,'LƯƠNG KT'!$D$15:$U$94,15,0) -> #N/A | D87: =C87*$L$5 -> #N/A | G87: Công làm ngày chủ nhật | H87: ໝວດເຮັດວຽກວັນທິດ | I87: =VLOOKUP(H84,'LƯƠNG KT'!$D$15:$U$94,15,0) -> #N/A | J87: =I87*$L$5 -> #N/A
A88: Công nhỏ axit đánh đông | C88: =VLOOKUP(B84,'LƯƠNG KT'!$D$15:$U$94,16,0) -> #N/A | D88: =+C88*$L$6 -> #N/A | G88: Công nhỏ axit đánh đông | I88: =VLOOKUP(H84,'LƯƠNG KT'!$D$15:$U$94,16,0) -> #N/A | J88: =+I88*$L$6 -> #N/A
A91: Mủ dây | B91: ຢ່າງເສັ້ນ | C91: =VLOOKUP(B84,'LƯƠNG KT'!$D$15:$U$94,9,0)*$L$10 -> #N/A | D91: =+C91*0.5*3000 -> #N/A | G91: Mủ dây | H91: ຢ່າງເສັ້ນ | I91: =VLOOKUP(H84,'LƯƠNG KT'!$D$15:$U$94,9,0)*$L$10 -> #N/A | J91: =+I91*0.5*3000 -> #N/A
A92: Sản lượng mủ | B92: ໝວດຂີດທັບເກັບຢາງ | C92: =VLOOKUP(B84,'LƯƠNG KT'!$D$15:$U$94,8,0)*$L$11 -> #N/A | D92: =VLOOKUP(B84,'LƯƠNG KT'!$D$15:$U$94,13,0)-D91+C86*20000+C87*20000 -> #N/A | G92: Sản lượng mủ | H92: ໝວດຂີດທັບເກັບຢາງ | I92: =VLOOKUP(H84,'LƯƠNG KT'!$D$15:$U$94,8,0)*$L$11 -> #N/A | J92: =VLOOKUP(H84,'LƯƠNG KT'!$D$15:$U$94,13,0)-J91 -> #N/A
A93: Các khoản trừ | B93: ການຫັກລົບ | G93: Các khoản trừ | H93: ການຫັກລົບ
A94: Tạm ứng | B94: ຄວາມກ້າວໜ້າ | D94: =56*25000 -> 1400000 | G94: Tạm ứng | H94: ຄວາມກ້າວໜ້າ | J94: =56*25000 -> 1400000
A95: Tổng trừ: | B95: ລວມທັງໝົດ | D95: =D94 -> 1400000 | G95: Tổng trừ: | H95: ລວມທັງໝົດ | J95: =J94 -> 1400000
A96: Còn lãnh | B96: ຍັງເຫລືອ | D96: =SUM(D85:D92)-D95 -> #N/A | G96: Còn lãnh | H96: ຍັງເຫລືອ | J96: =SUM(J85:J92)-J95 -> #N/A
A99: =$K$2 -> THÁNG 09/2024 | G99: =$K$2 -> THÁNG 09/2024
A100: Họ và tên | B100: Thảo Chòi | G100: Họ và tên | H100: Tìng A
A101: Công sản phẩm | B101: ²½ìò©ªະພັນ | C101: =VLOOKUP(B100,'LƯƠNG KT'!$D$15:$U$94,3,0) -> 0 | D101: =+C101*25000 -> 0 | G101: Công sản phẩm | H101: ²½ìò©ªະພັນ | I101: =VLOOKUP(H100,'LƯƠNG KT'!$D$15:$U$94,3,0) -> #N/A | J101: =+I101*25000 -> #N/A
A102: Công đi cạo | B102: ໝວດໄປຂີດ | C102: =VLOOKUP(B100,'LƯƠNG KT'!$D$15:$U$94,14,0) -> 0 | D102: =C102*$L$4 -> 0 | G102: Công đi cạo | H102: ໝວດໄປຂີດ | I102: =VLOOKUP(H100,'LƯƠNG KT'!$D$15:$U$94,14,0) -> #N/A | J102: =I102*$L$4 -> #N/A
A103: Công làm ngày chủ nhật | B103: ໝວດເຮັດວຽກວັນທິດ | C103: =VLOOKUP(B100,'LƯƠNG KT'!$D$15:$U$94,15,0) -> 1628607 | D103: =C103*$L$5 -> 8.522198e+10 | G103: Công làm ngày chủ nhật | H103: ໝວດເຮັດວຽກວັນທິດ | I103: =VLOOKUP(H100,'LƯƠNG KT'!$D$15:$U$94,15,0) -> #N/A | J103: =I103*$L$5 -> #N/A
A104: Công nhỏ axit đánh đông | C104: =VLOOKUP(B100,'LƯƠNG KT'!$D$15:$U$94,16,0) -> 4689127 | D104: =+C104*$L$6 -> 46891270000 | G104: Công nhỏ axit đánh đông | I104: =VLOOKUP(H100,'LƯƠNG KT'!$D$15:$U$94,16,0) -> #N/A | J104: =+I104*$L$6 -> #N/A
A107: Mủ dây | B107: ຢ່າງເສັ້ນ | C107: =VLOOKUP(B100,'LƯƠNG KT'!$D$15:$U$94,9,0)*$L$10 -> 1530260 | D107: =+C107*0.5*3000 -> 2295390000 | G107: Mủ dây | H107: ຢ່າງເສັ້ນ | I107: =VLOOKUP(H100,'LƯƠNG KT'!$D$15:$U$94,9,0)*$L$10 -> #N/A | J107: =+I107*0.5*3000 -> #N/A
A108: Sản lượng mủ | B108: ໝວດຂີດທັບເກັບຢາງ | C108: =VLOOKUP(B100,'LƯƠNG KT'!$D$15:$U$94,8,0)*$L$11 -> #VALUE! | D108: =VLOOKUP(B100,'LƯƠNG KT'!$D$15:$U$94,13,0)-D107 -> -2295389971 | G108: Sản lượng mủ | H108: ໝວດຂີດທັບເກັບຢາງ | I108: =VLOOKUP(H100,'LƯƠNG KT'!$D$15:$U$94,8,0)*$L$11 -> #N/A | J108: =VLOOKUP(H100,'LƯƠNG KT'!$D$15:$U$94,13,0)-J107 -> #N/A
A109: Các khoản trừ | B109: ການຫັກລົບ | G109: Các khoản trừ | H109: ການຫັກລົບ
A110: Tạm ứng | B110: ຄວາມກ້າວໜ້າ | D110: =56*25000 -> 1400000 | G110: Tạm ứng | H110: ຄວາມກ້າວໜ້າ | J110: =56*25000 -> 1400000
A111: Tổng trừ: | B111: ລວມທັງໝົດ | D111: =D110 -> 1400000 | G111: Tổng trừ: | H111: ລວມທັງໝົດ | J111: =J110 -> 1400000
A112: Còn lãnh | B112: ຍັງເຫລືອ | D112: =SUM(D101:D108)-D111 -> 1.3211185e+11 | G112: Còn lãnh | H112: ຍັງເຫລືອ | J112: =SUM(J101:J108)-J111 -> #N/A
A115: =$K$2 -> THÁNG 09/2024 | G115: =$K$2 -> THÁNG 09/2024
A116: Họ và tên | B116: Phò Set Tha | G116: Họ và tên | H116: Sắt
A117: Công sản phẩm | B117: ²½ìò©ªະພັນ | C117: =VLOOKUP(B116,'LƯƠNG KT'!$D$15:$U$94,3,0) -> #N/A | D117: =+C117*25000 -> #N/A | G117: Công sản phẩm | H117: ²½ìò©ªະພັນ | I117: =VLOOKUP(H116,'LƯƠNG KT'!$D$15:$U$94,3,0) -> #N/A | J117: =+I117*25000 -> #N/A
A118: Công đi cạo | B118: ໝວດໄປຂີດ | C118: =VLOOKUP(B116,'LƯƠNG KT'!$D$15:$U$94,14,0) -> #N/A | D118: =C118*$L$4 -> #N/A | G118: Công đi cạo | H118: ໝວດໄປຂີດ | I118: =VLOOKUP(H116,'LƯƠNG KT'!$D$15:$U$94,14,0) -> #N/A | J118: =I118*$L$4 -> #N/A
A119: Công làm ngày chủ nhật | B119: ໝວດເຮັດວຽກວັນທິດ | C119: =VLOOKUP(B116,'LƯƠNG KT'!$D$15:$U$94,15,0) -> #N/A | D119: =C119*$L$5 -> #N/A | G119: Công làm ngày chủ nhật | H119: ໝວດເຮັດວຽກວັນທິດ | I119: =VLOOKUP(H116,'LƯƠNG KT'!$D$15:$U$94,15,0) -> #N/A | J119: =I119*$L$5 -> #N/A
A120: Công nhỏ axit đánh đông | C120: =VLOOKUP(B116,'LƯƠNG KT'!$D$15:$U$94,16,0) -> #N/A | D120: =+C120*$L$6 -> #N/A | G120: Công nhỏ axit đánh đông | I120: =VLOOKUP(H116,'LƯƠNG KT'!$D$15:$U$94,16,0) -> #N/A | J120: =+I120*$L$6 -> #N/A
A123: Mủ dây | B123: ຢ່າງເສັ້ນ | C123: =VLOOKUP(B116,'LƯƠNG KT'!$D$15:$U$94,9,0)*$L$10 -> #N/A | D123: =+C123*0.5*3000 -> #N/A | G123: Mủ dây | H123: ຢ່າງເສັ້ນ | I123: =VLOOKUP(H116,'LƯƠNG KT'!$D$15:$U$94,9,0)*$L$10 -> #N/A | J123: =+I123*0.5*3000 -> #N/A
A124: Sản lượng mủ | B124: ໝວດຂີດທັບເກັບຢາງ | C124: =VLOOKUP(B116,'LƯƠNG KT'!$D$15:$U$94,8,0)*$L$11 -> #N/A | D124: =VLOOKUP(B116,'LƯƠNG KT'!$D$15:$U$94,13,0)-D123 -> #N/A | G124: Sản lượng mủ | H124: ໝວດຂີດທັບເກັບຢາງ | I124: =VLOOKUP(H116,'LƯƠNG KT'!$D$15:$U$94,8,0)*$L$11 -> #N/A | J124: =VLOOKUP(H116,'LƯƠNG KT'!$D$15:$U$94,13,0)-J123 -> #N/A
A125: Các khoản trừ | B125: ການຫັກລົບ | G125: Các khoản trừ | H125: ການຫັກລົບ
A126: Tạm ứng | B126: ຄວາມກ້າວໜ້າ | D126: =56*25000 -> 1400000 | G126: Tạm ứng | H126: ຄວາມກ້າວໜ້າ | J126: =56*25000 -> 1400000
...

Sheet PCNC BUN 
A1: CỘNG HÒA DÂN CHỦ NHÂN DÂN LÀO
A2: Hòa Bình - Độc Lập - Dân Chủ - Thống Nhất - Thịnh Vượng
A3: -----oOo-----
A5: CÔNG TY TNHH CỔ PHẦN QUASA - GERUCO LÀO
A6: ĐƠN VỊ: NÔNG TRƯỜNG 1
A8: BẢNG THANH TOÁN PHỤ CẤP NGÀY CÔNG CHO CÔNG NHÂN TRỰC TIẾP THÁNG 11 NĂM 2024
A10: STT | C10: Mã số nhân viên | E10: Tên công nhân | F10: Chức vụ | G10: Ngày công | K10: Tổng công | L10: Thành tiền(kíp) | M10: Ký nhận
G11: 2/11 | H11: 3/11 | I11: 4/11 | J11: 5/11
A12: ĐỘI 1 | G12: =COUNTIF(G13:G55,"X") -> 43 | H12: =COUNTIF(H13:H55,"X") -> 43 | I12: =COUNTIF(I13:I55,"X") -> 42 | J12: =COUNTIF(J13:J55,"X") -> 40 | K12: =SUM(K13:K55) -> 168 | L12: =SUM(L13:L55) -> 16800000
A13: 1 | B13: 1 | E13: Thô | F13: CNKT | G13: X | H13: X | I13: X | J13: X | K13: =COUNTIF(G13:J13,"X") -> 4 | L13: =K13*100000 -> 400000
A14: 2 | B14: 2 | E14: Mè Ta Van | F14: CNKT | G14: X | H14: X | I14: X | K14: =COUNTIF(G14:J14,"X") -> 3 | L14: =K14*100000 -> 300000
A15: 3 | B15: 3 | E15: Ka Tho | F15: CNKT | G15: X | H15: X | I15: X | J15: X | K15: =COUNTIF(G15:J15,"X") -> 4 | L15: =K15*100000 -> 400000
A16: 4 | B16: 4 | E16: Xay | F16: CNKT | G16: X | H16: X | I16: X | K16: =COUNTIF(G16:J16,"X") -> 3 | L16: =K16*100000 -> 300000
A17: 5 | B17: 5 | E17: Thảo In | F17: CNKT | G17: X | H17: X | K17: =COUNTIF(G17:J17,"X") -> 2 | L17: =K17*100000 -> 200000
A18: 6 | B18: 6 | E18: Cha La | F18: CNKT | G18: X | H18: X | I18: X | J18: X | K18: =COUNTIF(G18:J18,"X") -> 4 | L18: =K18*100000 -> 400000
A19: 7 | B19: 7 | E19: Nang Nga | F19: CNKT | G19: X | H19: X | I19: X | J19: X | K19: =COUNTIF(G19:J19,"X") -> 4 | L19: =K19*100000 -> 400000
A20: 8 | B20: 8 | E20: Khăm Đi | F20: CNKT | G20: X | H20: X | I20: X | J20: X | K20: =COUNTIF(G20:J20,"X") -> 4 | L20: =K20*100000 -> 400000
A21: 9 | B21: 9 | E21: Me Đuông | F21: CNKT | G21: X | H21: X | I21: X | J21: X | K21: =COUNTIF(G21:J21,"X") -> 4 | L21: =K21*100000 -> 400000
A22: 10 | B22: 10 | E22: Nang Môn | F22: CNKT | G22: X | H22: X | I22: X | J22: X | K22: =COUNTIF(G22:J22,"X") -> 4 | L22: =K22*100000 -> 400000
A23: 11 | B23: 11 | E23: Ziên | F23: CNKT | G23: X | H23: X | I23: X | J23: X | K23: =COUNTIF(G23:J23,"X") -> 4 | L23: =K23*100000 -> 400000
A24: 12 | B24: 12 | E24: Me Pê | F24: CNKT | G24: X | H24: X | I24: X | J24: X | K24: =COUNTIF(G24:J24,"X") -> 4 | L24: =K24*100000 -> 400000
A25: 13 | B25: 13 | E25: Thảo chòi | F25: CNKT | G25: X | H25: X | I25: X | J25: X | K25: =COUNTIF(G25:J25,"X") -> 4 | L25: =K25*100000 -> 400000
A26: 14 | B26: 14 | E26: Tìng A | F26: CNKT | G26: X | H26: X | I26: X | J26: X | K26: =COUNTIF(G26:J26,"X") -> 4 | L26: =K26*100000 -> 400000
A27: 15 | B27: 15 | E27: Phò Set Tha | F27: CNKT | G27: X | H27: X | I27: X | J27: X | K27: =COUNTIF(G27:J27,"X") -> 4 | L27: =K27*100000 -> 400000
A28: 16 | B28: 16 | E28: Sắt | F28: CNKT | G28: X | H28: X | I28: X | J28: X | K28: =COUNTIF(G28:J28,"X") -> 4 | L28: =K28*100000 -> 400000
A29: 17 | B29: 17 | E29: Khăm | F29: CNKT | G29: X | H29: X | I29: X | J29: X | K29: =COUNTIF(G29:J29,"X") -> 4 | L29: =K29*100000 -> 400000
... A55: 43 | B55: 43 | E55: Nang Hỏm | F55: CNKT | G55: X | H55: X | I55: X | J55: X | K55: =COUNTIF(G55:J55,"X") -> 4 | L55: =K55*100000 -> 400000
A56: ĐỘI 2 | G56: =COUNTIF(G57:G111,"X") -> 50 | H56: =COUNTIF(H57:H111,"X") -> 53 | I56: =COUNTIF(I57:I111,"X") -> 52 | J56: =COUNTIF(J57:J111,"X") -> 49 | K56: =SUM(K57:K111) -> 204 | L56: =SUM(L57:L111) -> 20400000
A57: 44 | B57: 1 | E57: Lếc | F57: CNKT | I57: X | K57: =COUNTIF(G57:J57,"X") -> 1 | L57: =K57*100000 -> 100000
A58: 45 | B58: 2 | E58: Hăm Lẹ | F58: CNKT | G58: X | H58: X | I58: X | J58: X | K58: =COUNTIF(G58:J58,"X") -> 4 | L58: =K58*100000 -> 400000
A59: 46 | B59: 3 | E59: Vông | F59: CNKT | G59: X | H59: X | I59: X | J59: X | K59: =COUNTIF(G59:J59,"X") -> 4 | L59: =K59*100000 -> 400000
A60: 47 | B60: 4 | E60: Ma Ni Son | F60: CNKT | G60: X | H60: X | I60: X | J60: X | K60: =COUNTIF(G60:J60,"X") -> 4 | L60: =K60*100000 -> 400000
A61: 48 | B61: 5 | E61: Cong Ma | F61: CNKT | G61: X | H61: X | I61: X | J61: X | K61: =COUNTIF(G61:J61,"X") -> 4 | L61: =K61*100000 -> 400000 | P61: =5+2+3+6 -> 16
A62: 49 | B62: 6 | E62: Kệt | F62: CNKT | H62: X | I62: X | J62: X | K62: =COUNTIF(G62:J62,"X") -> 3 | L62: =K62*100000 -> 300000 | P62: =55*4 -> 220
A63: 50 | B63: 7 | E63: Măn | F63: CNKT | G63: X | H63: X | I63: X | J63: X | K63: =COUNTIF(G63:J63,"X") -> 4 | L63: =K63*100000 -> 400000 | P63: =+P62-P61 -> 204
A64: 51 | B64: 8 | E64: Soi | F64: CNKT | G64: X | H64: X | J64: X | K64: =COUNTIF(G64:J64,"X") -> 3 | L64: =K64*100000 -> 300000
A65: 52 | B65: 9 | E65: Phò Mom | F65: CNKT | G65: X | H65: X | I65: X | J65: X | K65: =COUNTIF(G65:J65,"X") -> 4 | L65: =K65*100000 -> 400000
A66: 53 | B66: 10 | E66: Pệt | F66: CNKT | G66: X | H66: X | I66: X | K66: =COUNTIF(G66:J66,"X") -> 3 | L66: =K66*100000 -> 300000
A67: 54 | B67: 11 | E67: Khay Khăm | F67: CNKT | G67: X | H67: X | I67: X | J67: X | K67: =COUNTIF(G67:J67,"X") -> 4 | L67: =K67*100000 -> 400000
A68: 55 | B68: 12 | E68: Ô Lích | F68: CNKT | G68: X | H68: X | I68: X | J68: X | K68: =COUNTIF(G68:J68,"X") -> 4 | L68: =K68*100000 -> 400000
A69: 56 | B69: 13 | E69: Va Khăm | F69: CNKT | G69: X | H69: X | I69: X | J69: X | K69: =COUNTIF(G69:J69,"X") -> 4 | L69: =K69*100000 -> 400000
A70: 57 | B70: 14 | E70: Căn Nha | F70: CNKT | G70: X | H70: X | I70: X | J70: X | K70: =COUNTIF(G70:J70,"X") -> 4 | L70: =K70*100000 -> 400000
A71: 58 | B71: 15 | E71: Nọi | F71: CNKT | G71: X | H71: X | I71: X | J71: X | K71: =COUNTIF(G71:J71,"X") -> 4 | L71: =K71*100000 -> 400000
A72: 59 | B72: 16 | E72: Lợt | F72: CNKT | H72: X | I72: X | J72: X | K72: =COUNTIF(G72:J72,"X") -> 3 | L72: =K72*100000 -> 300000
A73: 60 | B73: 17 | E73: Éc ( Thỉa) | F73: CNKT | G73: X | H73: X | I73: X | K73: =COUNTIF(G73:J73,"X") -> 3 | L73: =K73*100000 -> 300000
A74: 61 | B74: 18 | E74: Hắm ( Say) | F74: CNKT | G74: X | H74: X | I74: X | K74: =COUNTIF(G74:J74,"X") -> 3 | L74: =K74*100000 -> 300000
A75: 62 | B75: 19 | E75: Híp | F75: CNKT | G75: X | H75: X | I75: X | J75: X | K75: =COUNTIF(G75:J75,"X") -> 4 | L75: =K75*100000 -> 400000
A76: 63 | B76: 20 | E76: Pử | F76: CNKT | G76: X | H76: X | I76: X | J76: X | K76: =COUNTIF(G76:J76,"X") -> 4 | L76: =K76*100000 -> 400000
A77: 64 | B77: 21 | E77: Mi | F77: CNKT | G77: X | H77: X | I77: X | J77: X | K77: =COUNTIF(G77:J77,"X") -> 4 | L77: =K77*100000 -> 400000
A78: 65 | B78: 22 | E78: Ửm | F78: CNKT | G78: X | H78: X | I78: X | J78: X | K78: =COUNTIF(G78:J78,"X") -> 4 | L78: =K78*100000 -> 400000
A79: 66 | B79: 23 | E79: Thông May | F79: CNKT | G79: X | H79: X | I79: X | J79: X | K79: =COUNTIF(G79:J79,"X") -> 4 | L79: =K79*100000 -> 400000
A80: 67 | B80: 24 | E80: Su Ki | F80: CNKT | G80: X | H80: X | I80: X | J80: X | K80: =COUNTIF(G80:J80,"X") -> 4 | L80: =K80*100000 -> 400000
A81: 68 | B81: 25 | E81: Xút Chay | F81: CNKT | G81: X | H81: X | I81: X | J81: X | K81: =COUNTIF(G81:J81,"X") -> 4 | L81: =K81*100000 -> 400000
A82: 69 | B82: 26 | E82: Khăm Ma Ni | F82: CNKT | G82: X | H82: X | I82: X | K82: =COUNTIF(G82:J82,"X") -> 3 | L82: =K82*100000 -> 300000
A83: 70 | B83: 27 | E83: Lúi | F83: CNKT | G83: X | H83: X | I83: X | J83: X | K83: =COUNTIF(G83:J83,"X") -> 4 | L83: =K83*100000 -> 400000
A84: 71 | B84: 28 | E84: Thong Đeng | F84: CNKT | H84: X | J84: X | K84: =COUNTIF(G84:J84,"X") -> 2 | L84: =K84*100000 -> 200000
A85: 72 | B85: 29 | E85: Choi | F85: CNKT | H85: X | I85: X | J85: X | K85: =COUNTIF(G85:J85,"X") -> 3 | L85: =K85*100000 -> 300000
A86: 73 | B86: 30 | E86: Bua Pha | F86: CNKT | G86: X | H86: X | I86: X | J86: X | K86: =COUNTIF(G86:J86,"X") -> 4 | L86: =K86*100000 -> 400000
A87: 74 | B87: 31 | E87: Thong La | F87: CNKT | G87: X | H87: X | I87: X | J87: X | K87: =COUNTIF(G87:J87,"X") -> 4 | L87: =K87*100000 -> 400000
A88: 75 | B88: 32 | E88: A Nan | F88: CNKT | G88: X | H88: X | I88: X | J88: X | K88: =COUNTIF(G88:J88,"X") -> 4 | L88: =K88*100000 -> 400000
A89: 76 | B89: 33 | E89: In Pon | F89: CNKT | G89: X | H89: X | I89: X | J89: X | K89: =COUNTIF(G89:J89,"X") -> 4 | L89: =K89*100000 -> 400000
A90: 77 | B90: 34 | E90: Xi Đa | F90: CNKT | G90: X | H90: X | I90: X | J90: X | K90: =COUNTIF(G90:J90,"X") -> 4 | L90: =K90*100000 -> 400000
A91: 78 | B91: 35 | E91: Bun Sóng | F91: CNKT | G91: X | H91: X | I91: X | K91: =COUNTIF(G91:J91,"X") -> 3 | L91: =K91*100000 -> 300000
A92: 79 | B92: 36 | E92: Tông | F92: CNKT | G92: X | H92: X | I92: X | J92: X | K92: =COUNTIF(G92:J92,"X") -> 4 | L92: =K92*100000 -> 400000
A93: 80 | B93: 37 | E93: Vá | F93: CNKT | G93: X | H93: X | I93: X | J93: X | K93: =COUNTIF(G93:J93,"X") -> 4 | L93: =K93*100000 -> 400000
A94: 81 | B94: 38 | E94: Su Ly | F94: CNKT | G94: X | H94: X | I94: X | J94: X | K94: =COUNTIF(G94:J94,"X") -> 4 | L94: =K94*100000 -> 400000
A95: 82 | B95: 39 | E95: Phò Vy | F95: CNKT | G95: X | H95: X | I95: X | J95: X | K95: =COUNTIF(G95:J95,"X") -> 4 | L95: =K95*100000 -> 400000
A96: 83 | B96: 40 | E96: Đeng | F96: CNKT | G96: X | H96: X | I96: X | J96: X | K96: =COUNTIF(G96:J96,"X") -> 4 | L96: =K96*100000 -> 400000
A97: 84 | B97: 41 | E97: Pừng | F97: CNKT | G97: X | H97: X | I97: X | J97: X | K97: =COUNTIF(G97:J97,"X") -> 4 | L97: =K97*100000 -> 400000
A98: 85 | B98: 42 | E98: Xi Chăn | F98: CNKT | G98: X | H98: X | I98: X | J98: X | K98: =COUNTIF(G98:J98,"X") -> 4 | L98: =K98*100000 -> 400000
A99: 86 | B99: 43 | E99: Na ly | F99: CNKT | G99: X | H99: X | I99: X | J99: X | K99: =COUNTIF(G99:J99,"X") -> 4 | L99: =K99*100000 -> 400000
A100: 87 | B100: 44 | E100: Chăn Đi | F100: CNKT | G100: X | H100: X | I100: X | J100: X | K100: =COUNTIF(G100:J100,"X") -> 4 | L100: =K100*100000 -> 400000
A101: 88 | B101: 45 | E101: Phôm Ma | F101: CNKT | G101: X | H101: X | I101: X | J101: X | K101: =COUNTIF(G101:J101,"X") -> 4 | L101: =K101*100000 -> 400000
A102: 89 | B102: 46 | E102: Lăm | F102: CNKT | G102: X | H102: X | I102: X | J102: X | K102: =COUNTIF(G102:J102,"X") -> 4 | L102: =K102*100000 -> 400000
A103: 90 | B103: 47 | E103: Lích | F103: CNKT | G103: X | H103: X | I103: X | J103: X | K103: =COUNTIF(G103:J103,"X") -> 4 | L103: =K103*100000 -> 400000
... A108: 95 | B108: 52 | E108: Tu La | F108: CNKT | G108: X | H108: X | I108: X | J108: X | K108: =COUNTIF(G108:J108,"X") -> 4 | L108: =K108*100000 -> 400000
A109: 96 | B109: 53 | E109: Noi | F109: CNKT | G109: X | J109: X | K109: =COUNTIF(G109:J109,"X") -> 2 | L109: =K109*100000 -> 200000
A110: 97 | B110: 54 | E110: Hăm Nọi | F110: CNKT | G110: X | H110: X | I110: X | J110: X | K110: =COUNTIF(G110:J110,"X") -> 4 | L110: =K110*100000 -> 400000
A111: 98 | B111: 55 | E111: Pheng Phăn | F111: CNKT | G111: X | H111: X | I111: X | J111: X | K111: =COUNTIF(G111:J111,"X") -> 4 | L111: =K111*100000 -> 400000
A112: ĐỘI 3 | G112: =COUNTIF(G113:G205,"X") -> 86 | H112: =COUNTIF(H113:H205,"X") -> 81 | I112: =COUNTIF(I113:I205,"X") -> 63 | J112: =COUNTIF(J113:J205,"X") -> 65 | K112: =SUM(K113:K205) -> 295 | L112: =SUM(L113:L205) -> 29500000 | O112: =+G112+G206+G218 -> 104 | P112: =+H112+H206+H218 -> 99 | Q112: =+I112+I206+I218 -> 76 | R112: =+J112+J206+J218 -> 83
A113: 99 | B113: 1 | E113: Bôn | F113: CNKT | G113: X | J113: X | K113: =COUNTIF(G113:J113,"X") -> 2 | L113: =K113*100000 -> 200000 | O113: 0 | R113: =111-33 -> 78
A114: 100 | B114: 2 | E114: E | F114: CNKT | G114: X | H114: X | I114: X | J114: X | K114: =COUNTIF(G114:J114,"X") -> 4 | L114: =K114*100000 -> 400000 | N114: CN | O114: 72 | R114: =111-24 -> 87
A115: 101 | B115: 3 | E115: Khương | F115: CNKT | G115: X | H115: X | I115: X | J115: X | K115: =COUNTIF(G115:J115,"X") -> 4 | L115: =K115*100000 -> 400000 | N115: CN | O115: 45 | R115: =111-24 -> 87
A116: 102 | B116: 4 | E116: Nít Ni Lanh | F116: CNKT | G116: X | H116: X | I116: X | J116: X | K116: =COUNTIF(G116:J116,"X") -> 4 | L116: =K116*100000 -> 400000 | N116: CN | O116: 45
A117: 103 | B117: 5 | E117: Chec | F117: CNKT | G117: X | H117: X | I117: X | J117: X | K117: =COUNTIF(G117:J117,"X") -> 4 | L117: =K117*100000 -> 400000 | N117: CN | O117: 40
A118: 104 | B118: 6 | E118: Tảnh | F118: CNKT | G118: X | H118: X | K118: =COUNTIF(G118:J118,"X") -> 2 | L118: =K118*100000 -> 200000 | N118: CN | O118: 84
A119: 105 | B119: 7 | E119: Xay (3) | F119: CNKT | G119: X | H119: X | I119: X | J119: X | K119: =COUNTIF(G119:J119,"X") -> 4 | L119: =K119*100000 -> 400000 | N119: CN | O119: 52
A120: 106 | B120: 8 | E120: Xôn | F120: CNKT | G120: X | H120: X | I120: X | J120: X | K120: =COUNTIF(G120:J120,"X") -> 4 | L120: =K120*100000 -> 400000 | N120: CN | O120: 58
A121: 107 | B121: 9 | E121: Phum Hom | F121: CNKT | G121: X | H121: X | I121: X | J121: X | K121: =COUNTIF(G121:J121,"X") -> 4 | L121: =K121*100000 -> 400000 | N121: CN | O121: 62
A122: 108 | B122: 10 | E122: Pa Lay | F122: CNKT | G122: X | K122: =COUNTIF(G122:J122,"X") -> 1 | L122: =K122*100000 -> 100000 | O122: 0
A123: 109 | B123: 11 | E123: Măm | F123: CNKT | G123: X | H123: X | I123: X | K123: =COUNTIF(G123:J123,"X") -> 3 | L123: =K123*100000 -> 300000 | N123: CN | O123: 67
A124: 110 | B124: 12 | E124: Muôi | F124: CNKT | G124: X | H124: X | I124: X | J124: X | K124: =COUNTIF(G124:J124,"X") -> 4 | L124: =K124*100000 -> 400000 | N124: CN | O124: 55
A125: 111 | B125: 13 | E125: Vat Sa Na | F125: CNKT | G125: X | H125: X | I125: X | J125: X | K125: =COUNTIF(G125:J125,"X") -> 4 | L125: =K125*100000 -> 400000 | N125: CN | O125: 146
A126: 112 | B126: 14 | E126: Xi La | F126: CNKT | G126: X | H126: X | I126: X | J126: X | K126: =COUNTIF(G126:J126,"X") -> 4 | L126: =K126*100000 -> 400000 | N126: CN | O126: 147
A127: 113 | B127: 15 | E127: Me Nhon | F127: CNKT | G127: X | H127: X | J127: X | K127: =COUNTIF(G127:J127,"X") -> 3 | L127: =K127*100000 -> 300000 | N127: CN | O127: 64
A128: 114 | B128: 16 | E128: Ten (3) | F128: CNKT | G128: X | H128: X | J128: X | K128: =COUNTIF(G128:J128,"X") -> 3 | L128: =K128*100000 -> 300000 | N128: CN | O128: 71
A129: 115 | B129: 17 | E129: Ki | F129: CNKT | G129: X | H129: X | I129: X | J129: X | K129: =COUNTIF(G129:J129,"X") -> 4 | L129: =K129*100000 -> 400000 | N129: CN | O129: 65
A130: 116 | B130: 18 | E130: Phết (3) | F130: CNKT | G130: X | H130: X | I130: X | J130: X | K130: =COUNTIF(G130:J130,"X") -> 4 | L130: =K130*100000 -> 400000 | N130: CN | O130: 60
A131: 117 | B131: 19 | E131: Phon (3) | F131: CNKT | G131: X | H131: X | I131: X | J131: X | K131: =COUNTIF(G131:J131,"X") -> 4 | L131: =K131*100000 -> 400000 | N131: CN | O131: 58
A132: 118 | B132: 20 | E132: Nang Vone | F132: CNKT | G132: X | K132: =COUNTIF(G132:J132,"X") -> 1 | L132: =K132*100000 -> 100000 | O132: 0
...

Sheet LƯƠNG GIA THUỘC THÁNG 11
A1: CỘNG HOÀ DÂN CHỦ NHÂN DÂN LÀO
A2: Hoà bình - Độc lập - Dân chủ - Thống nhất - Thịnh vượng
A3: ----oOo----
A4: CÔNG TY TNHH CỔ PHẦN QUASA - GERUCO LÀO
A5: NÔNG TRƯỜNG CAO SU SỐ 1
A6: BẢNG LƯƠNG CB QUẢN LÝ & CN TRỰC TIẾP NGƯỜI LÀO THÁNG 11 NĂM 2024
D8: Tỷ giá Bath qua Kip | F8: 660
A10: Stt | B10: Mã nhân viên | C10: Lào | D10: Việt Nam | E10: Chức vụ | F10: Ký tên | G10: Lương | J10: Tổng tiền lương | K10: Thưởng hoàn thanh nước rút | L10: Thuế TNCN | M10: Tiền lương còn lại | N10: Ghi chú
G11: Lương chăm sóc | H11: Lương sản lượng | I11: Lương phụ cấp
A12: ì© | C12: §ˆ²¾¦¾ì¾¸ | D12: §ˆ²¾¦¾¹¸¼© | E12: ª¿ÁÎÈ¤ | G12: ¸ñ­¤¾­ | H12: À¤ò­À©õº­ª¾ ´°½ìò©ª½²ñ­ | I12: º÷©Îø­¡ó©µ¾¤* | J12: ລວມເປັນເເງິນ | K12: ì¸´À¤ò­»ñ® | L12: º¾¡º­ì¾¨ Ä©É | M12: À¤ò­»ñ ®ªö¸¥ò¤
A13: 1 | C13: ອ່ວນ | D13: Sủng | E13: CNKT | G13: 40000 | H13: 614840.62 | I13: 118679 | J13: =SUM(G13:I13) -> 773519.62 | M13: =J13-L13 -> 773519.62 | O13: =1300000-M13 -> 526480.38
A14: 2 | C14: ຕອງ | D14: Thảo Mút | E14: CNKT | G14: 40000 | H14: 554373.1 | I14: 107985.27 | J14: =SUM(G14:I14) -> 702358.37 | M14: =J14-L14 -> 702358.37 | O14: =MIN(M14:M193,M195:M524,M526:M1097,M1099:M1141,M1143:M1183,M1185:M1694,M1696:M2162,M2164:M2552) -> 544338.9
A15: 3 | B15: =VLOOKUP(D15,'[2]DS CN MOI UP'!$B$11:$C$447,2,0) -> 02429 | C15: ຄຳບຸນ | D15: Nang Thôn | E15: CNKT | G15: 40000 | H15: 554373.1 | I15: 106506.79 | J15: =SUM(G15:I15) -> 700879.89 | M15: =J15-L15 -> 700879.89
A16: 4 | B16: =VLOOKUP(D16,'[2]DS CN MOI UP'!$B$11:$C$447,2,0) -> #N/A | C16: ນ ວັນ | D16: Khai Thong | E16: CNKT | G16: 40000 | H16: 554373.1 | I16: 75304.754 | J16: =SUM(G16:I16) -> 669677.85 | M16: =J16-L16 -> 669677.85
A17: 5 | B17: =VLOOKUP(D17,'[2]DS CN MOI UP'!$B$11:$C$447,2,0) -> 02431 | C17: ນ ວັນ | D17: Xăm Phon | E17: CNKT | G17: 40000 | H17: 635040.19 | I17: 150609.51 | J17: =SUM(G17:I17) -> 825649.7 | M17: =J17-L17 -> 825649.7
A18: 6 | B18: =VLOOKUP(D18,'[2]DS CN MOI UP'!$B$11:$C$447,2,0) -> #N/A | C18: ນ ວັນ | D18: Nang Tìng | E18: CNKT | G18: 40000 | H18: 544338.9 | I18: 146532.6 | J18: =SUM(G18:I18) -> 730871.5 | M18: =J18-L18 -> 730871.5
A19: 7 | B19: =VLOOKUP(D19,'[2]DS CN MOI UP'!$B$11:$C$447,2,0) -> 02433 | C19: ນ ວັນ | D19: Me Đuông | E19: CNKT | G19: 40000 | H19: 574572.66 | I19: 107519.12 | J19: =SUM(G19:I19) -> 722091.79 | M19: =J19-L19 -> 722091.79
A20: 8 | B20: =VLOOKUP(D20,'[2]DS CN MOI UP'!$B$11:$C$447,2,0) -> #N/A | C20: ນ ວັນ | D20: Xơi | E20: CNKT | G20: 40000 | H20: 604806.43 | I20: 109019.12 | J20: =SUM(G20:I20) -> 753825.55 | M20: =J20-L20 -> 753825.55
A21: 9 | B21: =VLOOKUP(D21,'[2]DS CN MOI UP'!$B$11:$C$447,2,0) -> 03436 | C21: ນ ວັນ | D21: Sắt | E21: CNKT | G21: 40000 | H21: 584606.86 | I21: 229728.84 | J21: =SUM(G21:I21) -> 854335.7 | M21: =J21-L21 -> 854335.7
A22: 10 | B22: =VLOOKUP(D22,'[2]DS CN MOI UP'!$B$11:$C$447,2,0) -> 02638 | C22: ນ ວັນ | D22: Đăm | E22: CNKT | G22: 40000 | H22: 635040.19 | I22: 193212.23 | J22: =SUM(G22:I22) -> 868252.41 | M22: =J22-L22 -> 868252.41
A23: 11 | B23: =VLOOKUP(D23,'[2]DS CN MOI UP'!$B$11:$C$447,2,0) -> 02437 | C23: ນ ວັນ | D23: Bun Nác | E23: CNKT | G23: 40000 | H23: 524139.34 | I23: 524139.34 | J23: =SUM(G23:I23) -> 1088278.7 | M23: =J23-L23 -> 1088278.7
A24: 12 | B24: =VLOOKUP(D24,'[2]DS CN MOI UP'!$B$11:$C$447,2,0) -> 02438 | C24: ນ ວັນ | D24: Nàng Chăn A | E24: CNKT | G24: 40000 | H24: 635040.19 | I24: 524139.34 | J24: =SUM(G24:I24) -> 1199179.5 | M24: =J24-L24 -> 1199179.5
A25: 13 | B25: =VLOOKUP(D25,'[2]DS CN MOI UP'!$B$11:$C$447,2,0) -> 02440 | C25: ນ ວັນ | D25: Thô | E25: CNKT | G25: 40000 | H25: 635040.19 | I25: 524139.34 | J25: =SUM(G25:I25) -> 1199179.5 | M25: =J25-L25 -> 1199179.5
A26: 14 | B26: =VLOOKUP(D26,'[2]DS CN MOI UP'!$B$11:$C$447,2,0) -> 02442 | C26: ນ ວັນ | D26: Nang Thong | E26: CNKT | G26: 40000 | H26: 554373.1 | I26: 524139.34 | J26: =SUM(G26:I26) -> 1118512.4 | M26: =J26-L26 -> 1118512.4
... A33: 21 | B33: =VLOOKUP(D33,'[2]DS CN MOI UP'!$B$11:$C$447,2,0) -> #N/A | C33: ແຕງ | D33: Thảo Nọi | E33: CNKT | G33: 40000 | H33: 554373.1 | I33: 554373.1 | J33: =SUM(G33:I33) -> 1148746.2 | M33: =J33-L33 -> 1148746.2
A34: 22 | B34: =VLOOKUP(D34,'[2]DS CN MOI UP'!$B$11:$C$447,2,0) -> #N/A | C34: ແຕງ | D34: Phò Thiêm | E34: CNKT | H34: 635040.19 | I34: 635040.19 | J34: =SUM(G34:I34) -> 1270080.4 | M34: =J34-L34 -> 1270080.4
A35: 23 | B35: =VLOOKUP(D35,'[2]DS CN MOI UP'!$B$11:$C$447,2,0) -> #N/A | C35: ແຕງ | D35: Nàng Nun | E35: CNKT | G35: 40000 | H35: 544338.9 | I35: 544338.9 | J35: =SUM(G35:I35) -> 1128677.8 | M35: =J35-L35 -> 1128677.8
A36: 24 | B36: =VLOOKUP(D36,'[2]DS CN MOI UP'!$B$11:$C$447,2,0) -> #N/A | C36: ແຕງ | D36: Thảo Bổ | E36: CNKT | G36: 40000 | H36: 574572.66 | I36: 574572.66 | J36: =SUM(G36:I36) -> 1189145.3 | M36: =J36-L36 -> 1189145.3
A37: 25 | B37: =VLOOKUP(D37,'[2]DS CN MOI UP'!$B$11:$C$447,2,0) -> #N/A | C37: ແຕງ | D37: Nàng Tủi | E37: CNKT | G37: 40000 | H37: 604806.43 | I37: 604806.43 | J37: =SUM(G37:I37) -> 1249612.9 | M37: =J37-L37 -> 1249612.9
A38: 26 | B38: =VLOOKUP(D38,'[2]DS CN MOI UP'!$B$11:$C$447,2,0) -> #N/A | C38: ແຕງ | D38: Nang Miu | E38: CNKT | G38: 40000 | H38: 584606.86 | I38: 584606.86 | J38: =SUM(G38:I38) -> 1209213.7 | M38: =J38-L38 -> 1209213.7
A39: 27 | B39: =VLOOKUP(D39,'[2]DS CN MOI UP'!$B$11:$C$447,2,0) -> 03442 | C39: ແຕງ | D39: Lec | E39: CNKT | H39: 635040.19 | I39: 635040.19 | J39: =SUM(G39:I39) -> 1270080.4 | M39: =J39-L39 -> 1270080.4
A40: 28 | B40: =VLOOKUP(D40,'[2]DS CN MOI UP'!$B$11:$C$447,2,0) -> 03439 | C40: ແຕງ | D40: Khu | E40: CNKT | G40: 40000 | H40: 524139.34 | I40: 524139.34 | J40: =SUM(G40:I40) -> 1088278.7 | M40: =J40-L40 -> 1088278.7
A41: 29 | B41: =VLOOKUP(D41,'[2]DS CN MOI UP'!$B$11:$C$447,2,0) -> #N/A | C41: ແຕງ | D41: Hài | E41: CNKT | G41: 40000 | H41: 554373.1 | I41: 554373.1 | J41: =SUM(G41:I41) -> 1148746.2 | M41: =J41-L41 -> 1148746.2
A42: 30 | B42: =VLOOKUP(D42,'[2]DS CN MOI UP'!$B$11:$C$447,2,0) -> 03443 | C42: ແຕງ | D42: Chun | E42: CNKT | G42: 40000 | H42: 554373.1 | I42: 265581.23 | J42: =SUM(G42:I42) -> 859954.33 | M42: =J42-L42 -> 859954.33
A43: 31 | B43: =VLOOKUP(D43,'[2]DS CN MOI UP'!$B$11:$C$447,2,0) -> #N/A | C43: ແຕງ | D43: Phò Đon | E43: CNKT | G43: 40000 | H43: 614840.62 | I43: 118679 | J43: =SUM(G43:I43) -> 773519.62 | M43: =J43-L43 -> 773519.62
A44: 32 | B44: =VLOOKUP(D44,'[2]DS CN MOI UP'!$B$11:$C$447,2,0) -> 03446 | C44: ແຕງ | D44: Thảo Công | E44: CNKT | G44: 40000 | H44: 554373.1 | I44: 107985.27 | J44: =SUM(G44:I44) -> 702358.37 | M44: =J44-L44 -> 702358.37
A45: 33 | B45: =VLOOKUP(D45,'[2]DS CN MOI UP'!$B$11:$C$447,2,0) -> 03440 | C45: ແຕງ | D45: Xeng | E45: CNKT | G45: 40000 | H45: 554373.1 | I45: 106506.79 | J45: =SUM(G45:I45) -> 700879.89 | M45: =J45-L45 -> 700879.89
A46: 34 | B46: =VLOOKUP(D46,'[2]DS CN MOI UP'!$B$11:$C$447,2,0) -> 03852 | C46: ແຕງ | D46: Na Ly | E46: CNKT | G46: 40000 | H46: 554373.1 | I46: 75304.754 | J46: =SUM(G46:I46) -> 669677.85 | M46: =J46-L46 -> 669677.85
A47: 35 | B47: =VLOOKUP(D47,'[2]DS CN MOI UP'!$B$11:$C$447,2,0) -> #N/A | C47: ແຕງ | D47: Ngui | E47: CNKT | G47: 40000 | H47: 635040.19 | I47: 150609.51 | J47: =SUM(G47:I47) -> 825649.7 | M47: =J47-L47 -> 825649.7
A48: 36 | B48: =VLOOKUP(D48,'[2]DS CN MOI UP'!$B$11:$C$447,2,0) -> #N/A | C48: ແຕງ | D48: Ca Lo | E48: CNKT | G48: 40000 | H48: 544338.9 | I48: 146532.6 | J48: =SUM(G48:I48) -> 730871.5 | M48: =J48-L48 -> 730871.5
A49: 37 | B49: =VLOOKUP(D49,'[2]DS CN MOI UP'!$B$11:$C$447,2,0) -> #N/A | C49: ແຕງ | D49: Ký | E49: CNKT | G49: 40000 | H49: 574572.66 | I49: 107519.12 | J49: =SUM(G49:I49) -> 722091.79 | M49: =J49-L49 -> 722091.79
A50: 38 | B50: =VLOOKUP(D50,'[2]DS CN MOI UP'!$B$11:$C$447,2,0) -> #N/A | C50: ແຕງ | D50: Xa Thít | E50: CNKT | G50: 40000 | H50: 604806.43 | I50: 109019.12 | J50: =SUM(G50:I50) -> 753825.55 | M50: =J50-L50 -> 753825.55
A51: 39 | B51: =VLOOKUP(D51,'[2]DS CN MOI UP'!$B$11:$C$447,2,0) -> #N/A | C51: ແຕງ | D51: Ting Nọi | E51: CNKT | G51: 40000 | H51: 584606.86 | I51: 229728.84 | J51: =SUM(G51:I51) -> 854335.7 | M51: =J51-L51 -> 854335.7
... A55: 43 | B55: =VLOOKUP(D55,'[2]DS CN MOI UP'!$B$11:$C$447,2,0) -> 03438 | C55: ແຕງ | D55: Nàng Ni | E55: CNKT | G55: 40000 | H55: 635040.19 | I55: 524139.34 | J55: =SUM(G55:I55) -> 1199179.5 | M55: =J55-L55 -> 1199179.5
A56: 44 | C56: ຕອງ | D56: Xang | E56: CNKT | G56: 40000 | H56: 554373.1 | I56: 524139.34 | J56: =SUM(G56:I56) -> 1118512.4 | M56: =J56-L56 -> 1118512.4
A57: 45 | B57: =VLOOKUP(D57,'[2]DS CN MOI UP'!$B$11:$C$447,2,0) -> 03432 | C57: ຄຳບຸນ | D57: Me Pê | E57: CNKT | G57: 40000 | H57: 635040.19 | I57: 524139.34 | J57: =SUM(G57:I57) -> 1199179.5 | M57: =J57-L57 -> 1199179.5
A58: 46 | B58: =VLOOKUP(D58,'[2]DS CN MOI UP'!$B$11:$C$447,2,0) -> 02680 | C58: ນ ວັນ | D58: Thảo Pha | E58: CNKT | G58: 40000 | H58: 635040.19 | I58: 524139.34 | J58: =SUM(G58:I58) -> 1199179.5 | M58: =J58-L58 -> 1199179.5
A59: 47 | B59: =VLOOKUP(D59,'[2]DS CN MOI UP'!$B$11:$C$447,2,0) -> 03444 | C59: ນ ວັນ | D59: Nàng Nọi | E59: CNKT | G59: 40000 | H59: 635040.19 | I59: 524139.34 | J59: =SUM(G59:I59) -> 1199179.5 | M59: =J59-L59 -> 1199179.5
A60: 48 | B60: =VLOOKUP(D60,'[2]DS CN MOI UP'!$B$11:$C$447,2,0) -> #N/A | C60: ນ ວັນ | D60: Chăm Pa Thong | E60: CNKT | G60: 40000 | H60: 614840.62 | I60: 614840.62 | J60: =SUM(G60:I60) -> 1269681.2 | M60: =J60-L60 -> 1269681.2
A61: 49 | B61: =VLOOKUP(D61,'[2]DS CN MOI UP'!$B$11:$C$447,2,0) -> #N/A | C61: ນ ວັນ | D61: Om | E61: CNKT | G61: 40000 | H61: 554373.1 | I61: 554373.1 | J61: =SUM(G61:I61) -> 1148746.2 | M61: =J61-L61 -> 1148746.2
A62: 50 | B62: =VLOOKUP(D62,'[2]DS CN MOI UP'!$B$11:$C$447,2,0) -> #N/A | C62: ນ ວັນ | D62: Vay | E62: CNKT | G62: 40000 | H62: 554373.1 | I62: 554373.1 | J62: =SUM(G62:I62) -> 1148746.2 | M62: =J62-L62 -> 1148746.2
A63: 51 | B63: =VLOOKUP(D63,'[2]DS CN MOI UP'!$B$11:$C$447,2,0) -> #N/A | C63: ນ ວັນ | D63: Dom | E63: CNKT | G63: 40000 | H63: 554373.1 | I63: 554373.1 | J63: =SUM(G63:I63) -> 1148746.2 | M63: =J63-L63 -> 1148746.2
A64: 52 | B64: =VLOOKUP(D64,'[2]DS CN MOI UP'!$B$11:$C$447,2,0) -> 03433 | C64: ນ ວັນ | D64: Thảo chòi | E64: CNKT | H64: 635040.19 | I64: 635040.19 | J64: =SUM(G64:I64) -> 1270080.4 | M64: =J64-L64 -> 1270080.4
A65: 53 | B65: =VLOOKUP(D65,'[2]DS CN MOI UP'!$B$11:$C$447,2,0) -> 03427 | C65: ນ ວັນ | D65: Thảo In | E65: CNKT | G65: 40000 | H65: 544338.9 | I65: 544338.9 | J65: =SUM(G65:I65) -> 1128677.8 | M65: =J65-L65 -> 1128677.8
A66: 54 | B66: =VLOOKUP(D66,'[2]DS CN MOI UP'!$B$11:$C$447,2,0) -> #N/A | C66: ນ ວັນ | D66: Thảo Vê | E66: CNKT | G66: 40000 | H66: 574572.66 | I66: 574572.66 | J66: =SUM(G66:I66) -> 1189145.3 | M66: =J66-L66 -> 1189145.3
A67: 55 | B67: =VLOOKUP(D67,'[2]DS CN MOI UP'!$B$11:$C$447,2,0) -> #N/A | C67: ນ ວັນ | D67: Thảo Păng | E67: CNKT | G67: 40000 | H67: 604806.43 | I67: 604806.43 | J67: =SUM(G67:I67) -> 1249612.9 | M67: =J67-L67 -> 1249612.9
A68: 56 | B68: =VLOOKUP(D68,'[2]DS CN MOI UP'!$B$11:$C$447,2,0) -> #N/A | C68: ນ ວັນ | D68: Na Đi | E68: CNKT | G68: 40000 | H68: 584606.86 | I68: 584606.86 | J68: =SUM(G68:I68) -> 1209213.7 | M68: =J68-L68 -> 1209213.7
A69: 57 | B69: =VLOOKUP(D69,'[2]DS CN MOI UP'!$B$11:$C$447,2,0) -> #N/A | C69: ນ ວັນ | D69: Lâm Ngân (1) | E69: CNKT | H69: 635040.19 | I69: 635040.19 | J69: =SUM(G69:I69) -> 1270080.4 | M69: =J69-L69 -> 1270080.4
A70: 58 | B70: =VLOOKUP(D70,'[2]DS CN MOI UP'!$B$11:$C$447,2,0) -> #N/A | C70: ແຕງ | D70: Nong Đeng | E70: CNKT | G70: 80000 | H70: 524139.34 | I70: 524139.34 | J70: =SUM(G70:I70) -> 1128278.7 | M70: =J70-L70 -> 1128278.7
A71: 59 | B71: =VLOOKUP(D71,'[2]DS CN MOI UP'!$B$11:$C$447,2,0) -> 02499 | C71: ແຕງ | D71: Đen | E71: CNKT | G71: 40000 | H71: 554373.1 | I71: 554373.1 | J71: =SUM(G71:I71) -> 1148746.2 | M71: =J71-L71 -> 1148746.2
A72: 60 | B72: =VLOOKUP(D72,'[2]DS CN MOI UP'!$B$11:$C$447,2,0) -> #N/A | C72: ແຕງ | D72: Cong Li | E72: CNKT | G72: 40000 | H72: 554373.1 | I72: 554373.1 | J72: =SUM(G72:I72) -> 1148746.2 | M72: =J72-L72 -> 1148746.2
A73: 61 | B73: =VLOOKUP(D73,'[2]DS CN MOI UP'!$B$11:$C$447,2,0) -> 02594 | C73: ແຕງ | D73: Bun | E73: CNKT | G73: 40000 | H73: 614840.62 | I73: 554373.1 | J73: =SUM(G73:I73) -> 1209213.7 | M73: =J73-L73 -> 1209213.7
A74: 62 | B74: =VLOOKUP(D74,'[2]DS CN MOI UP'!$B$11:$C$447,2,0) -> #N/A | C74: ແຕງ | D74: Cong | E74: CNKT | G74: 40000 | H74: 614840.62 | I74: 554373.1 | J74: =SUM(G74:I74) -> 1209213.7 | M74: =J74-L74 -> 1209213.7
A75: 63 | B75: =VLOOKUP(D75,'[2]DS CN MOI UP'!$B$11:$C$447,2,0) -> #N/A | C75: ແຕງ | D75: Khăm Bun | E75: CNKT | G75: 40000 | H75: 614840.62 | I75: 554373.1 | J75: =SUM(G75:I75) -> 1209213.7 | M75: =J75-L75 -> 1209213.7
A76: 64 | B76: =VLOOKUP(D76,'[2]DS CN MOI UP'!$B$11:$C$447,2,0) -> #N/A | C76: ແຕງ | D76: Bô Nát | E76: CNKT | G76: 40000 | H76: 614840.62 | I76: 554373.1 | J76: =SUM(G76:I76) -> 1209213.7 | M76: =J76-L76 -> 1209213.7
A77: 65 | B77: =VLOOKUP(D77,'[2]DS CN MOI UP'!$B$11:$C$447,2,0) -> #N/A | C77: ແຕງ | D77: Xiểng Miệng | E77: CNKT | G77: 40000 | H77: 614840.62 | I77: 554373.1 | J77: =SUM(G77:I77) -> 1209213.7 | M77: =J77-L77 -> 1209213.7
A78: 66 | B78: =VLOOKUP(D78,'[2]DS CN MOI UP'!$B$11:$C$447,2,0) -> #N/A | C78: ແຕງ | D78: Nang Vanh | E78: CNKT | G78: 40000 | H78: 544338.9 | I78: 554373.1 | J78: =SUM(G78:I78) -> 1138712 | M78: =J78-L78 -> 1138712
A79: 67 | B79: =VLOOKUP(D79,'[2]DS CN MOI UP'!$B$11:$C$447,2,0) -> #N/A | C79: ແຕງ | D79: Nang | E79: CNKT | G79: 40000 | H79: 574572.66 | I79: 554373.1 | J79: =SUM(G79:I79) -> 1168945.8 | M79: =J79-L79 -> 1168945.8
A80: 68 | B80: =VLOOKUP(D80,'[2]DS CN MOI UP'!$B$11:$C$447,2,0) -> 02437 | C80: ແຕງ | D80: Bun Nác | E80: CNKT | G80: 40000 | H80: 604806.43 | I80: 554373.1 | J80: =SUM(G80:I80) -> 1199179.5 | M80: =J80-L80 -> 1199179.5
A81: 69 | B81: =VLOOKUP(D81,'[2]DS CN MOI UP'!$B$11:$C$447,2,0) -> #N/A | C81: ແຕງ | D81: Nàng Nga | E81: CNKT | G81: 40000 | H81: 584606.86 | I81: 554373.1 | J81: =SUM(G81:I81) -> 1178980 | M81: =J81-L81 -> 1178980
... A93: 81 | B93: =VLOOKUP(D93,'[2]DS CN MOI UP'!$B$11:$C$447,2,0) -> #N/A | C93: ແຕງ | D93: Khăm Bun | E93: CNKT | G93: 40000 | H93: 554373.1 | I93: 554373.1 | J93: =SUM(G93:I93) -> 1148746.2 | M93: =J93-L93 -> 1148746.2
A94: 82 | B94: =VLOOKUP(D94,'[2]DS CN MOI UP'!$B$11:$C$447,2,0) -> #N/A | C94: ແຕງ | D94: Khụ | E94: CNKT | H94: 635040.19 | I94: 635040.19 | J94: =SUM(G94:I94) -> 1270080.4 | M94: =J94-L94 -> 1270080.4
A95: 83 | B95: =VLOOKUP(D95,'[2]DS CN MOI UP'!$B$11:$C$447,2,0) -> #N/A | C95: ແຕງ | D95: Phê | E95: CNKT | G95: 40000 | H95: 544338.9 | I95: 544338.9 | J95: =SUM(G95:I95) -> 1128677.8 | M95: =J95-L95 -> 1128677.8
A96: 84 | B96: =VLOOKUP(D96,'[2]DS CN MOI UP'!$B$11:$C$447,2,0) -> #N/A | C96: ແຕງ | D96: Làm Phiềng | E96: CNKT | G96: 40000 | H96: 574572.66 | I96: 574572.66 | J96: =SUM(G96:I96) -> 1189145.3 | M96: =J96-L96 -> 1189145.3
A97: 85 | B97: =VLOOKUP(D97,'[2]DS CN MOI UP'!$B$11:$C$447,2,0) -> #N/A | C97: ແຕງ | D97: Lam | E97: CNKT | G97: 40000 | H97: 604806.43 | I97: 604806.43 | J97: =SUM(G97:I97) -> 1249612.9 | M97: =J97-L97 -> 1249612.9
A98: 86 | C98: ຕອງ | D98: Pu | E98: CNKT | H98: 554373.1 | I98: 604806.43 | J98: =SUM(G98:I98) -> 1159179.5 | M98: =J98-L98 -> 1159179.5
A99: 87 | B99: =VLOOKUP(D99,'[2]DS CN MOI UP'!$B$11:$C$447,2,0) -> #N/A | C99: ຄຳບຸນ | D99: Tôn | E99: CNKT | H99: 554373.1 | I99: 604806.43 | J99: =SUM(G99:I99) -> 1159179.5 | M99: =J99-L99 -> 1159179.5
A100: 88 | B100: =VLOOKUP(D100,'[2]DS CN MOI UP'!$B$11:$C$447,2,0) -> #N/A | C100: ນ ວັນ | D100: Nàng Híp | E100: CNKT | H100: 554373.1 | I100: 604806.43 | J100: =SUM(G100:I100) -> 1159179.5 | M100: =J100-L100 -> 1159179.5
A101: 89 | B101: =VLOOKUP(D101,'[2]DS CN MOI UP'!$B$11:$C$447,2,0) -> #N/A | C101: ນ ວັນ | D101: Khăn Ta | E101: CNKT | H101: 635040.19 | I101: 604806.43 | J101: =SUM(G101:I101) -> 1239846.6 | M101: =J101-L101 -> 1239846.6
A102: 90 | B102: =VLOOKUP(D102,'[2]DS CN MOI UP'!$B$11:$C$447,2,0) -> #N/A | C102: ນ ວັນ | D102: Phươn | E102: CNKT | H102: 544338.9 | I102: 604806.43 | J102: =SUM(G102:I102) -> 1149145.3 | M102: =J102-L102 -> 1149145.3
A103: 91 | B103: =VLOOKUP(D103,'[2]DS CN MOI UP'!$B$11:$C$447,2,0) -> 02622 | C103: ນ ວັນ | D103: Thôn | E103: CNKT | H103: 574572.66 | I103: 604806.43 | J103: =SUM(G103:I103) -> 1179379.1 | M103: =J103-L103 -> 1179379.1
A104: 92 | B104: =VLOOKUP(D104,'[2]DS CN MOI UP'!$B$11:$C$447,2,0) -> #N/A | C104: ນ ວັນ | D104: Điêu | E104: CNKT | H104: 604806.43 | I104: 604806.43 | J104: =SUM(G104:I104) -> 1209612.9 | M104: =J104-L104 -> 1209612.9
A105: 93 | B105: =VLOOKUP(D105,'[2]DS CN MOI UP'!$B$11:$C$447,2,0) -> #N/A | C105: ນ ວັນ | D105: Mút | E105: CNKT | H105: 584606.86 | I105: 604806.43 | J105: =SUM(G105:I105) -> 1189413.3 | M105: =J105-L105 -> 1189413.3
A106: 94 | B106: =VLOOKUP(D106,'[2]DS CN MOI UP'!$B$11:$C$447,2,0) -> #N/A | C106: ນ ວັນ | D106: Phơi | E106: CNKT | H106: 635040.19 | I106: 604806.43 | J106: =SUM(G106:I106) -> 1239846.6 | M106: =J106-L106 -> 1239846.6
A107: 95 | B107: =VLOOKUP(D107,'[2]DS CN MOI UP'!$B$11:$C$447,2,0) -> #N/A | C107: ນ ວັນ | D107: Lầm Xi | E107: CNKT | H107: 524139.34 | I107: 524139.34 | J107: =SUM(G107:I107) -> 1048278.7 | M107: =J107-L107 -> 1048278.7
A108: 96 | B108: =VLOOKUP(D108,'[2]DS CN MOI UP'!$B$11:$C$447,2,0) -> #N/A | C108: ນ ວັນ | D108: Chum | E108: CNKT | H108: 635040.19 | I108: 524139.34 | J108: =SUM(G108:I108) -> 1159179.5 | M108: =J108-L108 -> 1159179.5
A109: 97 | B109: =VLOOKUP(D109,'[2]DS CN MOI UP'!$B$11:$C$447,2,0) -> #N/A | C109: ນ ວັນ | D109: Chòi | E109: CNKT | H109: 635040.19 | I109: 524139.34 | J109: =SUM(G109:I109) -> 1159179.5 | M109: =J109-L109 -> 1159179.5
A110: 98 | B110: =VLOOKUP(D110,'[2]DS CN MOI UP'!$B$11:$C$447,2,0) -> 02691 | C110: ນ ວັນ | D110: Sun | E110: CNKT | H110: 635040.19 | I110: 524139.34 | J110: =SUM(G110:I110) -> 1159179.5 | M110: =J110-L110 -> 1159179.5
... A113: 101 | B113: =VLOOKUP(D113,'[2]DS CN MOI UP'!$B$11:$C$447,2,0) -> #N/A | C113: ແຕງ | D113: Chek | E113: CNKT | H113: 635040.19 | I113: 152246.34 | J113: =SUM(G113:I113) -> 787286.52 | M113: =J113-L113 -> 787286.52
A114: 102 | B114: =VLOOKUP(D114,'[2]DS CN MOI UP'!$B$11:$C$447,2,0) -> #N/A | C114: ແຕງ | D114: T. Thô | E114: CNKT | H114: 614840.62 | J114: =SUM(G114:I114) -> 614840.62 | M114: =J114-L114 -> 614840.62
A115: 103 | B115: =VLOOKUP(D115,'[2]DS CN MOI UP'!$B$11:$C$447,2,0) -> #N/A | C115: ແຕງ | D115: La | E115: CNKT | H115: 554373.1 | J115: =SUM(G115:I115) -> 554373.1 | M115: =J115-L115 -> 554373.1
A116: 104 | B116: =VLOOKUP(D116,'[2]DS CN MOI UP'!$B$11:$C$447,2,0) -> #N/A | C116: ແຕງ | D116: Ni | E116: CNKT | H116: 1250645 | J116: =SUM(G116:I116) -> 1250645 | M116: =J116-L116 -> 1250645
A117: 105 | B117: =VLOOKUP(D117,'[2]DS CN MOI UP'!$B$11:$C$447,2,0) -> #N/A | C117: ແຕງ | D117: Nàng Mi | E117: CNKT | H117: 554373.1 | J117: =SUM(G117:I117) -> 554373.1 | M117: =J117-L117 -> 554373.1
A118: 106 | B118: =VLOOKUP(D118,'[2]DS CN MOI UP'!$B$11:$C$447,2,0) -> #N/A | C118: ແຕງ | D118: Na Li | E118: CNKT | H118: 635040.19 | J118: =SUM(G118:I118) -> 635040.19 | M118: =J118-L118 -> 635040.19
A119: 107 | B119: =VLOOKUP(D119,'[2]DS CN MOI UP'!$B$11:$C$447,2,0) -> #N/A | C119: ແຕງ | D119: Cha Lon | E119: CNKT | H119: 544338.9 | J119: =SUM(G119:I119) -> 544338.9 | M119: =J119-L119 -> 544338.9
A120: 108 | B120: =VLOOKUP(D120,'[2]DS CN MOI UP'!$B$11:$C$447,2,0) -> #N/A | C120: ແຕງ | D120: Kong Chai | E120: CNKT | G120: 200000 | H120: 574572.66 | J120: =SUM(G120:I120) -> 774572.66 | M120: =J120-L120 -> 774572.66
A121: 109 | B121: =VLOOKUP(D121,'[2]DS CN MOI UP'!$B$11:$C$447,2,0) -> #N/A | C121: ແຕງ | D121: Thảo Súc | E121: CNKT | H121: 1148746.2 | J121: =SUM(G121:I121) -> 1148746.2 | M121: =J121-L121 -> 1148746.2
A122: 110 | B122: =VLOOKUP(D122,'[2]DS CN MOI UP'!$B$11:$C$447,2,0) -> #N/A | C122: ແຕງ | D122: Thảo | E122: CNKT | H122: 1270080.4 | J122: =SUM(G122:I122) -> 1270080.4 | M122: =J122-L122 -> 1270080.4
A123: 111 | B123: =VLOOKUP(D123,'[2]DS CN MOI UP'!$B$11:$C$447,2,0) -> 02433 | C123: ແຕງ | D123: Me Đuông | E123: CNKT | H123: 1128677.8 | J123: =SUM(G123:I123) -> 1128677.8 | M123: =J123-L123 -> 1128677.8
A124: 112 | B124: =VLOOKUP(D124,'[2]DS CN MOI UP'!$B$11:$C$447,2,0) -> #N/A | C124: ແຕງ | D124: Hỏm | E124: CNKT | H124: 1189145.3 | J124: =SUM(G124:I124) -> 1189145.3 | M124: =J124-L124 -> 1189145.3
...

Sheet CHẤM CÔNG Axit
A1: CÔNG TY TNHH CP QUASA-GERUCO | R1: CỘNG HÒA DÂN CHỦ NHÂN DÂN LÀO
A2: NÔNG TRƯỜNG 1 | R2: Hòa Bình - Độc Lập - Dân Chủ - Thống Nhất - Thịnh Vượng
R3: ----oOo----
A4: BẢNG CHẤM CÔNG THEO DÕI CHẤM CÔNG SỬ DỤNG AXIT ĐÁNH ĐÔNG THÁNG 06 NĂM 2024
A5: (Từ ngày 01 đến 30/06/2024)
A6: Stt | B6: MSNV | C6: Họ và tên | D6: Ngày công | AI6: Tổng số ngày làm việc | AJ6: Ký tên CN
D7: 1 | E7: 2 | F7: 3 | G7: 4 | H7: 5 | I7: 6 | J7: 7 | K7: 8 | L7: 9 | M7: 10 | N7: 11 | O7: 12 | P7: 13 | Q7: 14 | R7: 15 | S7: 16 | T7: 17 | U7: 18 | V7: 19 | W7: 20 | X7: 21 | Y7: 22 | Z7: 23 | AA7: 24 | AB7: 25 | AC7: 26 | AD7: 27 | AE7: 28 | AF7: 29 | AG7: 30 | AH7: 31
C8: Tên Việt
A9: Đội 1 | D9: =COUNTIF(D10:D52,"X")+COUNTIF(D10:D52,"CN") -> 0 | E9: =COUNTIF(E10:E52,"X")+COUNTIF(E10:E52,"CN") -> 0 | F9: =COUNTIF(F10:F52,"X")+COUNTIF(F10:F52,"CN") -> 0 | G9: =COUNTIF(G10:G52,"X")+COUNTIF(G10:G52,"CN") -> 0 | H9: =COUNTIF(H10:H52,"X")+COUNTIF(H10:H52,"CN") -> 0 | I9: =COUNTIF(I10:I52,"X")+COUNTIF(I10:I52,"CN") -> 0 | J9: =COUNTIF(J10:J52,"X")+COUNTIF(J10:J52,"CN") -> 0 | K9: =COUNTIF(K10:K52,"X")+COUNTIF(K10:K52,"CN") -> 0 | ... AH9: =COUNTIF(AH10:AH52,"X")+COUNTIF(AH10:AH52,"CN") -> 0 | AI9: =SUM(AI10:AI52) -> 0
A10: 1 | B10: =VLOOKUP(C10,'DS CN MOI UP'!$B$10:$C$347,2,0) -> #N/A | C10: Thô | AI10: =COUNTIF(D10:AH10,"X") -> 0
A11: 2 | B11: =VLOOKUP(C11,'DS CN MOI UP'!$B$10:$C$347,2,0) -> #N/A | C11: Mè Ta Van | AI11: =COUNTIF(D11:AH11,"X") -> 0
A12: 3 | B12: =VLOOKUP(C12,'DS CN MOI UP'!$B$10:$C$347,2,0) -> #N/A | C12: Ka Tho | AI12: =COUNTIF(D12:AH12,"X") -> 0
A13: 4 | B13: =VLOOKUP(C13,'DS CN MOI UP'!$B$10:$C$347,2,0) -> #N/A | C13: Tô Tộ | AI13: =COUNTIF(D13:AH13,"X") -> 0
A14: 5 | B14: =VLOOKUP(C14,'DS CN MOI UP'!$B$10:$C$347,2,0) -> #N/A | C14: Thảo In | AI14: =COUNTIF(D14:AH14,"X") -> 0
A15: 6 | B15: =VLOOKUP(C15,'DS CN MOI UP'!$B$10:$C$347,2,0) -> #N/A | C15: Cha La | AI15: =COUNTIF(D15:AH15,"X") -> 0
A16: 7 | B16: =VLOOKUP(C16,'DS CN MOI UP'!$B$10:$C$347,2,0) -> #N/A | C16: Nang Nga | AI16: =COUNTIF(D16:AH16,"X") -> 0
A17: 8 | B17: =VLOOKUP(C17,'DS CN MOI UP'!$B$10:$C$347,2,0) -> #N/A | C17: Viêng (1) | AI17: =COUNTIF(D17:AH17,"X") -> 0
A18: 9 | B18: =VLOOKUP(C18,'DS CN MOI UP'!$B$10:$C$347,2,0) -> #N/A | C18: Me Đuông | AI18: =COUNTIF(D18:AH18,"X") -> 0
A19: 10 | B19: =VLOOKUP(C19,'DS CN MOI UP'!$B$10:$C$347,2,0) -> #N/A | C19: Nang Môn | AI19: =COUNTIF(D19:AH19,"X") -> 0
A20: 11 | B20: =VLOOKUP(C20,'DS CN MOI UP'!$B$10:$C$347,2,0) -> #N/A | C20: Ziên | AI20: =COUNTIF(D20:AH20,"X") -> 0
A21: 12 | B21: =VLOOKUP(C21,'DS CN MOI UP'!$B$10:$C$347,2,0) -> #N/A | C21: Me Pê | AI21: =COUNTIF(D21:AH21,"X") -> 0
... A52: 43 | B52: =VLOOKUP(C52,'DS CN MOI UP'!$B$10:$C$347,2,0) -> #N/A | C52: Nang Hỏm | AI52: =COUNTIF(D52:AH52,"X") -> 0
A53: Đội 2 | B53: =VLOOKUP(C53,'DS CN MOI UP'!$B$10:$C$347,2,0) -> #N/A | D53: =COUNTIF(D54:D108,"X")+COUNTIF(D54:D108,"CN") -> 0 | E53: =COUNTIF(E54:E108,"X")+COUNTIF(E54:E108,"CN") -> 0 | F53: =COUNTIF(F54:F108,"X")+COUNTIF(F54:F108,"CN") -> 12 | G53: =COUNTIF(G54:G108,"X")+COUNTIF(G54:G108,"CN") -> 0 | H53: =COUNTIF(H54:H108,"X")+COUNTIF(H54:H108,"CN") -> 15 | I53: =COUNTIF(I54:I108,"X")+COUNTIF(I54:I108,"CN") -> 16 | J53: =COUNTIF(J54:J108,"X")+COUNTIF(J54:J108,"CN") -> 12 | K53: =COUNTIF(K54:K108,"X")+COUNTIF(K54:K108,"CN") -> 21 | ... AH53: =COUNTIF(AH54:AH108,"X")+COUNTIF(AH54:AH108,"CN") -> 0 | AI53: =SUM(AI54:AI108) -> 173
A54: 1 | B54: =VLOOKUP(C54,'DS CN MOI UP'!$B$10:$C$347,2,0) -> #N/A | C54: Lếc | AI54: =COUNTIF(D54:AH54,"X") -> 0
A55: 2 | B55: =VLOOKUP(C55,'DS CN MOI UP'!$B$10:$C$347,2,0) -> #N/A | C55: Hăm Lẹ | R55: X | T55: X | AI55: =COUNTIF(D55:AH55,"X") -> 2
A56: 3 | B56: =VLOOKUP(C56,'DS CN MOI UP'!$B$10:$C$347,2,0) -> #N/A | C56: Vông | F56: X | H56: X | O56: X | T56: X | AI56: =COUNTIF(D56:AH56,"X") -> 4
A57: 4 | B57: =VLOOKUP(C57,'DS CN MOI UP'!$B$10:$C$347,2,0) -> #N/A | C57: Ma Ni Son | H57: X | K57: X | Q57: X | R57: X | AI57: =COUNTIF(D57:AH57,"X") -> 4
A58: 5 | B58: =VLOOKUP(C58,'DS CN MOI UP'!$B$10:$C$347,2,0) -> #N/A | C58: Cong Ma | H58: X | Q58: X | U58: X | AI58: =COUNTIF(D58:AH58,"X") -> 3
A59: 6 | B59: =VLOOKUP(C59,'DS CN MOI UP'!$B$10:$C$347,2,0) -> #N/A | C59: Két | H59: X | K59: X | AI59: =COUNTIF(D59:AH59,"X") -> 2
A60: 7 | B60: =VLOOKUP(C60,'DS CN MOI UP'!$B$10:$C$347,2,0) -> #N/A | C60: Măn | AI60: =COUNTIF(D60:AH60,"X") -> 0
A61: 8 | B61: =VLOOKUP(C61,'DS CN MOI UP'!$B$10:$C$347,2,0) -> #N/A | C61: Soi | I61: X | K61: X | O61: X | AI61: =COUNTIF(D61:AH61,"X") -> 3
A62: 9 | B62: =VLOOKUP(C62,'DS CN MOI UP'!$B$10:$C$347,2,0) -> #N/A | C62: Pò Mòm | F62: X | I62: X | K62: X | O62: X | P62: X | Q62: X | T62: X | U62: X | AI62: =COUNTIF(D62:AH62,"X") -> 8
A63: 10 | B63: =VLOOKUP(C63,'DS CN MOI UP'!$B$10:$C$347,2,0) -> #N/A | C63: Pệt | AI63: =COUNTIF(D63:AH63,"X") -> 0
A64: 11 | B64: =VLOOKUP(C64,'DS CN MOI UP'!$B$10:$C$347,2,0) -> #N/A | C64: Khay Khăm | H64: X | O64: X | AI64: =COUNTIF(D64:AH64,"X") -> 2
A65: 12 | B65: =VLOOKUP(C65,'DS CN MOI UP'!$B$10:$C$347,2,0) -> #N/A | C65: Ô Lích | I65: X | K65: X | P65: X | R65: X | T65: X | U65: X | AI65: =COUNTIF(D65:AH65,"X") -> 6
A66: 13 | B66: =VLOOKUP(C66,'DS CN MOI UP'!$B$10:$C$347,2,0) -> #N/A | C66: Va Khăm | I66: X | K66: X | Q66: X | AI66: =COUNTIF(D66:AH66,"X") -> 3
A67: 14 | B67: =VLOOKUP(C67,'DS CN MOI UP'!$B$10:$C$347,2,0) -> #N/A | C67: Căn Nha | I67: X | R67: X | AI67: =COUNTIF(D67:AH67,"X") -> 2
A68: 15 | B68: =VLOOKUP(C68,'DS CN MOI UP'!$B$10:$C$347,2,0) -> #N/A | C68: Nọi (2) | P68: X | AI68: =COUNTIF(D68:AH68,"X") -> 1
A69: 16 | B69: =VLOOKUP(C69,'DS CN MOI UP'!$B$10:$C$347,2,0) -> #N/A | C69: Lợt | H69: X | K69: X | Q69: X | T69: X | AI69: =COUNTIF(D69:AH69,"X") -> 4
A70: 17 | B70: =VLOOKUP(C70,'DS CN MOI UP'!$B$10:$C$347,2,0) -> #N/A | C70: Ếch | H70: X | K70: X | O70: X | Q70: X | T70: X | AI70: =COUNTIF(D70:AH70,"X") -> 5
A71: 18 | B71: =VLOOKUP(C71,'DS CN MOI UP'!$B$10:$C$347,2,0) -> #N/A | C71: Hắm | AI71: =COUNTIF(D71:AH71,"X") -> 0
A72: 19 | B72: =VLOOKUP(C72,'DS CN MOI UP'!$B$10:$C$347,2,0) -> #N/A | C72: Híp | H72: X | J72: X | Q72: X | AI72: =COUNTIF(D72:AH72,"X") -> 3
A73: 20 | B73: =VLOOKUP(C73,'DS CN MOI UP'!$B$10:$C$347,2,0) -> #N/A | C73: Pử | AI73: =COUNTIF(D73:AH73,"X") -> 0
A74: 21 | B74: =VLOOKUP(C74,'DS CN MOI UP'!$B$10:$C$347,2,0) -> #N/A | C74: Mi | J74: X | K74: X | Q74: X | AI74: =COUNTIF(D74:AH74,"X") -> 3
A75: 22 | B75: =VLOOKUP(C75,'DS CN MOI UP'!$B$10:$C$347,2,0) -> #N/A | C75: Ừm | F75: X | I75: X | J75: X | K75: X | O75: X | Q75: X | T75: X | AI75: =COUNTIF(D75:AH75,"X") -> 7
A76: 23 | B76: =VLOOKUP(C76,'DS CN MOI UP'!$B$10:$C$347,2,0) -> #N/A | C76: Thông May | I76: X | O76: X | Q76: X | AI76: =COUNTIF(D76:AH76,"X") -> 3
A77: 24 | B77: =VLOOKUP(C77,'DS CN MOI UP'!$B$10:$C$347,2,0) -> #N/A | C77: Su Ki | Q77: X | U77: X | AI77: =COUNTIF(D77:AH77,"X") -> 2
A78: 25 | B78: =VLOOKUP(C78,'DS CN MOI UP'!$B$10:$C$347,2,0) -> #N/A | C78: Xút Chay | T78: X | U78: X | AI78: =COUNTIF(D78:AH78,"X") -> 2
A79: 26 | B79: =VLOOKUP(C79,'DS CN MOI UP'!$B$10:$C$347,2,0) -> #N/A | C79: Khăm Ma Ny | O79: X | T79: X | U79: X | AI79: =COUNTIF(D79:AH79,"X") -> 3
A80: 27 | B80: =VLOOKUP(C80,'DS CN MOI UP'!$B$10:$C$347,2,0) -> #N/A | C80: Lúi | AI80: =COUNTIF(D80:AH80,"X") -> 0
A81: 28 | B81: =VLOOKUP(C81,'DS CN MOI UP'!$B$10:$C$347,2,0) -> #N/A | C81: Thong Đeng | AI81: =COUNTIF(D81:AH81,"X") -> 0
A82: 29 | B82: =VLOOKUP(C82,'DS CN MOI UP'!$B$10:$C$347,2,0) -> #N/A | C82: Choi (2) | H82: X | K82: X | O82: X | P82: X | T82: X | U82: X | AI82: =COUNTIF(D82:AH82,"X") -> 6
A83: 30 | B83: =VLOOKUP(C83,'DS CN MOI UP'!$B$10:$C$347,2,0) -> #N/A | C83: Bua Pha | AI83: =COUNTIF(D83:AH83,"X") -> 0
A84: 31 | B84: =VLOOKUP(C84,'DS CN MOI UP'!$B$10:$C$347,2,0) -> #N/A | C84: Thong La | F84: X | H84: X | I84: X | O84: X | Q84: X | R84: X | U84: X | AI84: =COUNTIF(D84:AH84,"X") -> 7
A85: 32 | B85: =VLOOKUP(C85,'DS CN MOI UP'!$B$10:$C$347,2,0) -> #N/A | C85: A Nan | H85: X | I85: X | J85: X | R85: X | AI85: =COUNTIF(D85:AH85,"X") -> 4
A86: 33 | B86: =VLOOKUP(C86,'DS CN MOI UP'!$B$10:$C$347,2,0) -> #N/A | C86: In Pon | I86: X | J86: X | K86: X | T86: X | AI86: =COUNTIF(D86:AH86,"X") -> 4
A87: 34 | B87: =VLOOKUP(C87,'DS CN MOI UP'!$B$10:$C$347,2,0) -> #N/A | C87: Xi Đa (2) | I87: X | J87: X | K87: X | R87: X | AI87: =COUNTIF(D87:AH87,"X") -> 4
A88: 35 | B88: =VLOOKUP(C88,'DS CN MOI UP'!$B$10:$C$347,2,0) -> #N/A | C88: Bun Sóng | H88: X | O88: X | U88: X | AI88: =COUNTIF(D88:AH88,"X") -> 3
A89: 36 | B89: =VLOOKUP(C89,'DS CN MOI UP'!$B$10:$C$347,2,0) -> #N/A | C89: Tỏng | H89: X | I89: X | K89: X | O89: X | P89: X | Q89: X | AI89: =COUNTIF(D89:AH89,"X") -> 6
A90: 37 | B90: =VLOOKUP(C90,'DS CN MOI UP'!$B$10:$C$347,2,0) -> #N/A | C90: Vá | F90: X | K90: X | O90: X | P90: X | Q90: X | T90: X | U90: X | AI90: =COUNTIF(D90:AH90,"X") -> 7
A91: 38 | B91: =VLOOKUP(C91,'DS CN MOI UP'!$B$10:$C$347,2,0) -> #N/A | C91: Su Ly | Q91: X | AI91: =COUNTIF(D91:AH91,"X") -> 1
A92: 39 | B92: =VLOOKUP(C92,'DS CN MOI UP'!$B$10:$C$347,2,0) -> #N/A | C92: Pò Vy | F92: X | H92: X | O92: X | Q92: X | R92: X | T92: X | U92: X | AI92: =COUNTIF(D92:AH92,"X") -> 7
A93: 40 | B93: =VLOOKUP(C93,'DS CN MOI UP'!$B$10:$C$347,2,0) -> #N/A | C93: Đeng | AI93: =COUNTIF(D93:AH93,"X") -> 0
A94: 41 | B94: =VLOOKUP(C94,'DS CN MOI UP'!$B$10:$C$347,2,0) -> #N/A | C94: Pừng | F94: X | H94: X | I94: X | O94: X | R94: X | U94: X | AI94: =COUNTIF(D94:AH94,"X") -> 6
A95: 42 | B95: =VLOOKUP(C95,'DS CN MOI UP'!$B$10:$C$347,2,0) -> #N/A | C95: Xi Chăn | F95: X | J95: X | K95: X | O95: X | P95: X | AI95: =COUNTIF(D95:AH95,"X") -> 5
A96: 43 | B96: =VLOOKUP(C96,'DS CN MOI UP'!$B$10:$C$347,2,0) -> #N/A | C96: Na Ly | F96: X | I96: X | J96: X | K96: X | O96: X | Q96: X | R96: X | T96: X | U96: X | AI96: =COUNTIF(D96:AH96,"X") -> 9
A97: 44 | B97: =VLOOKUP(C97,'DS CN MOI UP'!$B$10:$C$347,2,0) -> #N/A | C97: Chăn Đi | U97: X | AI97: =COUNTIF(D97:AH97,"X") -> 1
A98: 45 | B98: =VLOOKUP(C98,'DS CN MOI UP'!$B$10:$C$347,2,0) -> #N/A | C98: Phôm Ma | J98: X | K98: X | O98: X | T98: X | AI98: =COUNTIF(D98:AH98,"X") -> 4
A99: 46 | B99: =VLOOKUP(C99,'DS CN MOI UP'!$B$10:$C$347,2,0) -> #N/A | C99: Lăm (2) | AI99: =COUNTIF(D99:AH99,"X") -> 0
A100: 47 | B100: =VLOOKUP(C100,'DS CN MOI UP'!$B$10:$C$347,2,0) -> #N/A | C100: Lích | I100: X | K100: X | O100: X | R100: X | AI100: =COUNTIF(D100:AH100,"X") -> 4
A101: 48 | B101: =VLOOKUP(C101,'DS CN MOI UP'!$B$10:$C$347,2,0) -> #N/A | C101: Lăm Phon (2) | F101: X | J101: X | K101: X | AI101: =COUNTIF(D101:AH101,"X") -> 3
A102: 49 | B102: =VLOOKUP(C102,'DS CN MOI UP'!$B$10:$C$347,2,0) -> #N/A | C102: Bun Thay | T102: X | U102: X | AI102: =COUNTIF(D102:AH102,"X") -> 2
A103: 50 | B103: =VLOOKUP(C103,'DS CN MOI UP'!$B$10:$C$347,2,0) -> #N/A | C103: Ta Luông | F103: X | Q103: X | T103: X | AI103: =COUNTIF(D103:AH103,"X") -> 3
A104: 51 | B104: =VLOOKUP(C104,'DS CN MOI UP'!$B$10:$C$347,2,0) -> #N/A | C104: Phim Phon | F104: X | J104: X | O104: X | R104: X | AI104: =COUNTIF(D104:AH104,"X") -> 4
A105: 52 | B105: =VLOOKUP(C105,'DS CN MOI UP'!$B$10:$C$347,2,0) -> #N/A | C105: Tu La | J105: X | K105: X | O105: X | Q105: X | T105: X | U105: X | AI105: =COUNTIF(D105:AH105,"X") -> 6
A106: 53 | B106: =VLOOKUP(C106,'DS CN MOI UP'!$B$10:$C$347,2,0) -> #N/A | C106: Noi | AI106: =COUNTIF(D106:AH106,"X") -> 0
A107: 54 | B107: =VLOOKUP(C107,'DS CN MOI UP'!$B$10:$C$347,2,0) -> #N/A | C107: Hắm Nọi | T107: X | AI107: =COUNTIF(D107:AH107,"X") -> 1
A108: 55 | B108: =VLOOKUP(C108,'DS CN MOI UP'!$B$10:$C$347,2,0) -> #N/A | C108: Pheng Phăn | I108: X | P108: X | Q108: X | U108: X | AI108: =COUNTIF(D108:AH108,"X") -> 4
A109: Đội 3 | B109: =VLOOKUP(C109,'DS CN MOI UP'!$B$10:$C$347,2,0) -> #N/A | C109: Mủ xirum | D109: =COUNTIF(D110:D203,"X")+COUNTIF(D110:D203,"CN") -> 0 | E109: =COUNTIF(E110:E203,"X")+COUNTIF(E110:E203,"CN") -> 29 | F109: =COUNTIF(F110:F203,"X")+COUNTIF(F110:F203,"CN") -> 22 | G109: =COUNTIF(G110:G203,"X")+COUNTIF(G110:G203,"CN") -> 51 | H109: =COUNTIF(H110:H203,"X")+COUNTIF(H110:H203,"CN") -> 0 | I109: =COUNTIF(I110:I203,"X")+COUNTIF(I110:I203,"CN") -> 0 | J109: =COUNTIF(J110:J203,"X")+COUNTIF(J110:J203,"CN") -> 0 | K109: =COUNTIF(K110:K203,"X")+COUNTIF(K110:K203,"CN") -> 0 | ... AH109: =COUNTIF(AH110:AH203,"X")+COUNTIF(AH110:AH203,"CN") -> 0 | AI109: =SUM(AI110:AI203) -> 758
A110: 1 | B110: =VLOOKUP(C110,'DS CN MOI UP'!$B$10:$C$347,2,0) -> 03319 | C110: Bôn | E110: X | G110: X | Q110: X | R110: X | S110: X | T110: X | U110: X | X110: X | AA110: X | AF110: X | AG110: X | AI110: =COUNTIF(D110:AH110,"X") -> 11
A111: 2 | B111: =VLOOKUP(C111,'DS CN MOI UP'!$B$10:$C$347,2,0) -> 03320 | C111: E | E111: X | G111: X | Q111: X | R111: X | S111: X | T111: X | U111: X | V111: X | X111: X | AA111: X | AF111: X | AG111: X | AI111: =COUNTIF(D111:AH111,"X") -> 12
A112: 3 | B112: =VLOOKUP(C112,'DS CN MOI UP'!$B$10:$C$347,2,0) -> 02453 | C112: Khương (3) | E112: X | G112: X | Q112: X | R112: X | S112: X | T112: X | U112: X | AF112: X | AG112: X | AI112: =COUNTIF(D112:AH112,"X") -> 9
A113: 4 | B113: =VLOOKUP(C113,'DS CN MOI UP'!$B$10:$C$347,2,0) -> 02471 | C113: Nít Ni Lanh | E113: X | G113: X | Q113: X | R113: X | T113: X | U113: X | V113: X | X113: X | AA113: X | AF113: X | AG113: X | AI113: =COUNTIF(D113:AH113,"X") -> 11
A114: 5 | B114: =VLOOKUP(C114,'DS CN MOI UP'!$B$10:$C$347,2,0) -> #N/A | C114: Chec | E114: X | G114: X | Q114: X | R114: X | S114: X | T114: X | U114: X | V114: X | AG114: X | AI114: =COUNTIF(D114:AH114,"X") -> 9
A115: 6 | B115: =VLOOKUP(C115,'DS CN MOI UP'!$B$10:$C$347,2,0) -> #N/A | C115: Tảnh | G115: X | Q115: X | R115: X | S115: X | T115: X | U115: X | W115: X | X115: X | AG115: X | AI115: =COUNTIF(D115:AH115,"X") -> 9
A116: 7 | B116: =VLOOKUP(C116,'DS CN MOI UP'!$B$10:$C$347,2,0) -> 03322 | C116: Xay (3) | E116: X | R116: X | T116: X | X116: X | AF116: X | AG116: X | AI116: =COUNTIF(D116:AH116,"X") -> 6
A117: 8 | B117: =VLOOKUP(C117,'DS CN MOI UP'!$B$10:$C$347,2,0) -> 02452 | C117: Xôn | Q117: X | R117: X | S117: X | T117: X | U117: X | W117: X | X117: X | AA117: X | AF117: X | AG117: X | AI117: =COUNTIF(D117:AH117,"X") -> 10
A118: 9 | B118: =VLOOKUP(C118,'DS CN MOI UP'!$B$10:$C$347,2,0) -> 02508 | C118: Phum Hom | Q118: X | R118: X | S118: X | T118: X | U118: X | W118: X | X118: X | AA118: X | AF118: X | AG118: X | AI118: =COUNTIF(D118:AH118,"X") -> 10
A119: 10 | B119: =VLOOKUP(C119,'DS CN MOI UP'!$B$10:$C$347,2,0) -> 03323 | C119: Pa Lay | E119: X | F119: X | G119: X | Q119: X | R119: X | S119: X | U119: X | W119: X | X119: X | AA119: X | AF119: X | AG119: X | AI119: =COUNTIF(D119:AH119,"X") -> 12
A120: 11 | B120: =VLOOKUP(C120,'DS CN MOI UP'!$B$10:$C$347,2,0) -> 02466 | C120: Măm | E120: X | F120: X | G120: X | Q120: X | U120: X | X120: X | AA120: X | AF120: X | AG120: X | AI120: =COUNTIF(D120:AH120,"X") -> 9
A121: 12 | B121: =VLOOKUP(C121,'DS CN MOI UP'!$B$10:$C$347,2,0) -> 02493 | C121: Muôi | E121: X | F121: X | G121: X | S121: X | T121: X | U121: X | X121: X | AA121: X | AF121: X | AG121: X | AI121: =COUNTIF(D121:AH121,"X") -> 10
A122: 13 | B122: =VLOOKUP(C122,'DS CN MOI UP'!$B$10:$C$347,2,0) -> 03324 | C122: Vat Sa Na | F122: X | Q122: X | U122: X | V122: X | X122: X | AF122: X | AG122: X | AI122: =COUNTIF(D122:AH122,"X") -> 7
A123: 14 | B123: =VLOOKUP(C123,'DS CN MOI UP'!$B$10:$C$347,2,0) -> 03325 | C123: Xi La | F123: X | Q123: X | U123: X | V123: X | X123: X | AA123: X | AF123: X | AG123: X | AI123: =COUNTIF(D123:AH123,"X") -> 8
A124: 15 | B124: =VLOOKUP(C124,'DS CN MOI UP'!$B$10:$C$347,2,0) -> 03326 | C124: Me Nhon | E124: X | G124: X | V124: X | AA124: X | AG124: X | AI124: =COUNTIF(D124:AH124,"X") -> 5
A125: 16 | B125: =VLOOKUP(C125,'DS CN MOI UP'!$B$10:$C$347,2,0) -> 02492 | C125: Ten (3) | R125: X | U125: X | W125: X | AF125: X | AG125: X | AI125: =COUNTIF(D125:AH125,"X") -> 5
A126: 17 | B126: =VLOOKUP(C126,'DS CN MOI UP'!$B$10:$C$347,2,0) -> 02485 | C126: Ki | G126: X | Q126: X | R126: X | S126: X | T126: X | U126: X | W126: X | X126: X | AA126: X | AF126: X | AG126: X | AI126: =COUNTIF(D126:AH126,"X") -> 11
A127: 18 | B127: =VLOOKUP(C127,'DS CN MOI UP'!$B$10:$C$347,2,0) -> 02487 | C127: Phết (3) | G127: X | Q127: X | R127: X | S127: X | T127: X | U127: X | W127: X | X127: X | AA127: X | AF127: X | AG127: X | AI127: =COUNTIF(D127:AH127,"X") -> 11
A128: 19 | B128: =VLOOKUP(C128,'DS CN MOI UP'!$B$10:$C$347,2,0) -> 03327 | C128: Phon (3) | Q128: X | R128: X | S128: X | T128: X | U128: X | V128: X | X128: X | AA128: X | AF128: X | AG128: X | AI128: =COUNTIF(D128:AH128,"X") -> 10
A129: 20 | B129: =VLOOKUP(C129,'DS CN MOI UP'!$B$10:$C$347,2,0) -> 02684 | C129: Nang Vone | Q129: X | R129: X | S129: X | T129: X | U129: X | W129: X | X129: X | AF129: X | AG129: X | AI129: =COUNTIF(D129:AH129,"X") -> 9
A130: 21 | B130: =VLOOKUP(C130,'DS CN MOI UP'!$B$10:$C$347,2,0) -> 02488 | C130: Lăng A | Q130: X | R130: X | S130: X | T130: X | U130: X | X130: X | AF130: X | AI130: =COUNTIF(D130:AH130,"X") -> 7
...

Sheet MỦ XIRUM
A1: CÔNG TY TNHH CP QUASA-GERUCO LÀO | S1: CỘNG HÒA DÂN CHỦ NHÂN DÂN LÀO
A2: NÔNG TRƯỜNG 1 | S2: Hòa Bình - Độc Lập - Dân Chủ - Thống Nhất - Thịnh Vượng
S3: ----oOo----
A4: BẢNG THEO DÕI SẢN LƯỢNG MỦ TẠP THÁNG 09 NĂM 2024
A5: (Từ ngày 01 đến 31/07/2024) | AK5: DRC | AL5: 0.4986
A6: Stt | B6: Stt | C6: MSNV | D6: Họ và tên | E6: Ngày | AL6: Ký tên
E7: 1 | F7: 2 | G7: 3 | H7: 4 | I7: 5 | J7: 6 | K7: 7 | L7: 8 | M7: 9 | N7: 10 | O7: 11 | P7: 12 | Q7: 13 | R7: 14 | S7: 15 | T7: 16 | U7: 17 | V7: 18 | W7: 19 | X7: 20 | Y7: 21 | Z7: 22 | AA7: 23 | AB7: 24 | AC7: 25 | AD7: 26 | AE7: 27 | AF7: 28 | AG7: 29 | AH7: 30 | AI7: 31 | AJ7: Tổng mủ Xirum | AK7: Quy khô
A8: Lát bốc | E8: B | F8: C | G8: A | H8: B | I8: C | J8: A | K8: B | L8: C | M8: A | N8: B | O8: C | P8: A | Q8: B | R8: C | S8: A | T8: B | U8: C | V8: A | W8: B | X8: C | Y8: A | Z8: B | AA8: C | AB8: A | AC8: B | AD8: C | AE8: A | AF8: B | AG8: C | AH8: A | AI8: B | AM8: DRC | AN8: 0.42315994
A9: Đội 1 | E9: =SUM(E10:E10) -> 0 | F9: =SUM(F10:F10) -> 0 | G9: =SUM(G10:G10) -> 0 | H9: =SUM(H10:H10) -> 0 | I9: =SUM(I10:I10) -> 0 | J9: =SUM(J10:J10) -> 0 | K9: =SUM(K10:K10) -> 0 | L9: =SUM(L10:L10) -> 0 | ... AI9: =SUM(AI10:AI10) -> 0 | AJ9: =AJ10 -> 0 | AK9: =AK10 -> 0
A10: 1 | B10: 1 | C10: Mủ xirum | D10: Mủ xirum 1 | AJ10: =SUM(E10:AI10) -> 0 | AK10: =+AJ10*$AL$5 -> 0 | AM10: =SUM(E10:AI10) -> 0 | AN10: Mủ serum Đội 3 | AO10: 0.17504745
A11: Đội 2 | E11: =SUM(E12:E12) -> 0 | F11: =SUM(F12:F12) -> 0 | G11: =SUM(G12:G12) -> 0 | H11: =SUM(H12:H12) -> 0 | I11: =SUM(I12:I12) -> 0 | J11: =SUM(J12:J12) -> 0 | K11: =SUM(K12:K12) -> 0 | L11: =SUM(L12:L12) -> 0 | ... AI11: =SUM(AI12:AI12) -> 0 | AJ11: =AJ12 -> 290 | AK11: =AK12 -> 144.594 | AN11: Mủ serum Đội 4 | AO11: 0.31672615
A12: 1 | B12: 1 | C12: Mủ xirum | D12: Mủ xirum 2 | AH12: 290 | AJ12: =SUM(E12:AI12) -> 290 | AK12: =+AJ12*$AL$5 -> 144.594 | AM12: =SUM(E12:AI12) -> 290 | AN12: Mủ serum Đội 5 | AO12: 0.4986
A13: Đội 3 | E13: =SUM(E14:E14) -> 0 | F13: =SUM(F14:F14) -> 0 | G13: =SUM(G14:G14) -> 0 | H13: =SUM(H14:H14) -> 0 | I13: =SUM(I14:I14) -> 0 | J13: =SUM(J14:J14) -> 0 | K13: =SUM(K14:K14) -> 0 | L13: =SUM(L14:L14) -> 0 | ... AI13: =SUM(AI14:AI14) -> 0 | AJ13: =AJ14 -> 0 | AK13: =AK14 -> 0
A14: 2 | B14: 1 | C14: Phong | D14: Mủ xirum 3 | AJ14: =SUM(E14:AI14) -> 0 | AK14: =+AJ14*$AO$10 -> 0
A15: Đội 4 | E15: =SUM(E16:E16) -> 0 | F15: =SUM(F16:F16) -> 0 | G15: =SUM(G16:G16) -> 0 | H15: =SUM(H16:H16) -> 0 | I15: =SUM(I16:I16) -> 0 | J15: =SUM(J16:J16) -> 0 | K15: =SUM(K16:K16) -> 0 | L15: =SUM(L16:L16) -> 0 | ... AI15: =SUM(AI16:AI16) -> 0 | AJ15: =AJ16 -> 0 | AK15: =AK16 -> 0 | AM15: =SUM(AK9,AK11,AK13,AK15) -> 144.594
A16: 2 | B16: 1 | C16: Phong | D16: Mủ xirum 4 | AJ16: =SUM(E16:AI16) -> 0 | AK16: =+AJ16*$AO$11 -> 0
A17: Đội 5 | E17: =SUM(E18:E18) -> 0 | F17: =SUM(F18:F18) -> 0 | G17: =SUM(G18:G18) -> 0 | H17: =SUM(H18:H18) -> 0 | I17: =SUM(I18:I18) -> 0 | J17: =SUM(J18:J18) -> 0 | K17: =SUM(K18:K18) -> 0 | L17: =SUM(L18:L18) -> 0 | ... AI17: =SUM(AI18:AI18) -> 0 | AJ17: =SUM(E17:AI17) -> 0 | AK17: =SUM(AK18:AK18) -> 0
A18: 3 | B18: 1 | C18: Nàng Mon | D18: Mủ xirum 5 | AJ18: =SUM(E18:AI18) -> 0 | AK18: =+AJ18*$AO$12 -> 0
A19: Tổng | E19: =E11+E13+E15 -> 0 | F19: =F11+F13+F15 -> 0 | G19: =G11+G13+G15 -> 0 | H19: =H11+H13+H15 -> 0 | I19: =I11+I13+I15 -> 0 | J19: =J11+J13+J15 -> 0 | K19: =K11+K13+K15 -> 0 | L19: =L11+L13+L15 -> 0 | ... AI19: =AI11+AI13+AI15 -> 0 | AJ19: =AJ11+AJ13+AJ15+AJ9+AJ18 -> 290 | AK19: =AK11+AK13+AK15+AK9+AK18 -> 144.594 | AM19: =+AK19+'sản lượng'!AL90 -> 64092.594
A22: TỔNG GIÁM ĐỐC | J22: PHÒNG KT - NN | Q22: GĐ. NÔNG TRƯỜNG | Z22: TL. TC - KT | AG22: TL. KH - NN | AJ22: NGƯỜI LẬP BIỂU

Sheet MỦ DÂY
A1: CÔNG TY TNHH CP QUASA-GERUCO LÀO | S1: CỘNG HÒA DÂN CHỦ NHÂN DÂN LÀO
A2: NÔNG TRƯỜNG 1 | S2: Hòa Bình - Độc Lập - Dân Chủ - Thống Nhất - Thịnh Vượng
S3: ----oOo----
A4: BẢNG THEO DÕI SẢN LƯỢNG MỦ TẠP THÁNG 07 NĂM 2024
A5: (Từ ngày 01 đến 31/07/2024)
A6: Stt | B6: Stt | C6: MSNV | D6: Họ và tên | E6: Ngày | AJ6: Tổng mủ dây | AK6: Quy khô | AL6: Ký tên | AM6: DRC | AN6: 0.5
E7: 1 | F7: 2 | G7: 3 | H7: 4 | I7: 5 | J7: 6 | K7: 7 | L7: 8 | M7: 9 | N7: 10 | O7: 11 | P7: 12 | Q7: 13 | R7: 14 | S7: 15 | T7: 16 | U7: 17 | V7: 18 | W7: 19 | X7: 20 | Y7: 21 | Z7: 22 | AA7: 23 | AB7: 24 | AC7: 25 | AD7: 26 | AE7: 27 | AF7: 28 | AG7: 29 | AH7: 30 | AI7: 31
A8: Lát bốc | E8: B | F8: C | G8: A | H8: B | I8: C | J8: A | K8: B | L8: C | M8: A | N8: B | O8: C | P8: A | Q8: B | R8: C | S8: A | T8: B | U8: C | V8: A | W8: B | X8: C | Y8: A | Z8: B | AA8: C | AB8: A | AC8: B | AD8: C | AE8: A | AF8: B | AG8: C | AH8: A | AI8: B
A9: Đội 1 | E9: =SUM(E10:E52) -> 0 | F9: =SUM(F10:F52) -> 0 | G9: =SUM(G10:G52) -> 0 | H9: =SUM(H10:H52) -> 0 | I9: =SUM(I10:I52) -> 0 | J9: =SUM(J10:J52) -> 0 | K9: =SUM(K10:K52) -> 0 | L9: =SUM(L10:L52) -> 0 | ... AK9: =SUM(AK10:AK52) -> 0
A10: 1 | B10: 1 | C10: =VLOOKUP(D10,'DS CN MOI UP'!$B$10:$C$347,2,0) -> #N/A | D10: Thô | AJ10: =SUM(E10:AI10) -> 0 | AK10: =AJ10*$AN$6 -> 0
A11: 2 | B11: 2 | C11: =VLOOKUP(D11,'DS CN MOI UP'!$B$10:$C$347,2,0) -> #N/A | D11: Mè Ta Van | AJ11: =SUM(E11:AI11) -> 0 | AK11: =AJ11*$AN$6 -> 0
A12: 3 | B12: 3 | C12: =VLOOKUP(D12,'DS CN MOI UP'!$B$10:$C$347,2,0) -> #N/A | D12: Ka Tho | AJ12: =SUM(E12:AI12) -> 0 | AK12: =AJ12*$AN$6 -> 0
A13: 4 | B13: 4 | C13: =VLOOKUP(D13,'DS CN MOI UP'!$B$10:$C$347,2,0) -> #N/A | D13: Tô Tộ | AJ13: =SUM(E13:AI13) -> 0 | AK13: =AJ13*$AN$6 -> 0
A14: 5 | B14: 5 | C14: =VLOOKUP(D14,'DS CN MOI UP'!$B$10:$C$347,2,0) -> #N/A | D14: Thảo In | AJ14: =SUM(E14:AI14) -> 0 | AK14: =AJ14*$AN$6 -> 0
A15: 6 | B15: 6 | C15: =VLOOKUP(D15,'DS CN MOI UP'!$B$10:$C$347,2,0) -> #N/A | D15: Cha La | AJ15: =SUM(E15:AI15) -> 0 | AK15: =AJ15*$AN$6 -> 0
A16: 7 | B16: 7 | C16: =VLOOKUP(D16,'DS CN MOI UP'!$B$10:$C$347,2,0) -> #N/A | D16: Nang Nga | AJ16: =SUM(E16:AI16) -> 0 | AK16: =AJ16*$AN$6 -> 0
A17: 8 | B17: 8 | C17: =VLOOKUP(D17,'DS CN MOI UP'!$B$10:$C$347,2,0) -> #N/A | D17: Viêng (1) | AJ17: =SUM(E17:AI17) -> 0 | AK17: =AJ17*$AN$6 -> 0
A18: 9 | B18: 9 | C18: =VLOOKUP(D18,'DS CN MOI UP'!$B$10:$C$347,2,0) -> #N/A | D18: Me Đuông | AJ18: =SUM(E18:AI18) -> 0 | AK18: =AJ18*$AN$6 -> 0
A19: 10 | B19: 10 | C19: =VLOOKUP(D19,'DS CN MOI UP'!$B$10:$C$347,2,0) -> #N/A | D19: Nang Môn | AJ19: =SUM(E19:AI19) -> 0 | AK19: =AJ19*$AN$6 -> 0
A20: 11 | B20: 11 | C20: =VLOOKUP(D20,'DS CN MOI UP'!$B$10:$C$347,2,0) -> #N/A | D20: Ziên | AJ20: =SUM(E20:AI20) -> 0 | AK20: =AJ20*$AN$6 -> 0
A21: 12 | B21: 12 | C21: =VLOOKUP(D21,'DS CN MOI UP'!$B$10:$C$347,2,0) -> #N/A | D21: Me Pê | AJ21: =SUM(E21:AI21) -> 0 | AK21: =AJ21*$AN$6 -> 0
... A52: 43 | B52: 43 | C52: =VLOOKUP(D52,'DS CN MOI UP'!$B$10:$C$347,2,0) -> #N/A | D52: Nang Hỏm | AJ52: =SUM(E52:AI52) -> 0 | AK52: =AJ52*$AN$6 -> 0
A53: Đội 2 | C53: =VLOOKUP(D53,'DS CN MOI UP'!$B$10:$C$347,2,0) -> #N/A | AJ53: =SUM(AJ54:AJ109) -> 0 | AK53: =SUM(AK54:AK109) -> 0
A54: 44 | B54: 1 | C54: =VLOOKUP(D54,'DS CN MOI UP'!$B$10:$C$347,2,0) -> #N/A | D54: Lếc | AJ54: =SUM(E54:AI54) -> 0 | AK54: =AJ54*$AN$6 -> 0 | AM54: =SUM(E54:AI54) -> 0 | AN54: =+#REF!-AM54 -> #REF!
A55: 45 | B55: 2 | C55: =VLOOKUP(D55,'DS CN MOI UP'!$B$10:$C$347,2,0) -> #N/A | D55: Hăm Lẹ | AJ55: =SUM(E55:AI55) -> 0 | AK55: =AJ55*$AN$6 -> 0 | AM55: =SUM(E55:AI55) -> 0 | AN55: =+#REF!-AM55 -> #REF!
A56: 46 | B56: 3 | C56: =VLOOKUP(D56,'DS CN MOI UP'!$B$10:$C$347,2,0) -> #N/A | D56: Vông | AJ56: =SUM(E56:AI56) -> 0 | AK56: =AJ56*$AN$6 -> 0 | AM56: =SUM(E56:AI56) -> 0 | AN56: =+#REF!-AM56 -> #REF!
A57: 47 | B57: 4 | C57: =VLOOKUP(D57,'DS CN MOI UP'!$B$10:$C$347,2,0) -> #N/A | D57: Ma Ni Son | AJ57: =SUM(E57:AI57) -> 0 | AK57: =AJ57*$AN$6 -> 0 | AM57: =SUM(E57:AI57) -> 0 | AN57: =+#REF!-AM57 -> #REF!
A58: 48 | B58: 5 | C58: =VLOOKUP(D58,'DS CN MOI UP'!$B$10:$C$347,2,0) -> #N/A | D58: Cong Ma | AJ58: =SUM(E58:AI58) -> 0 | AK58: =AJ58*$AN$6 -> 0 | AM58: =SUM(E58:AI58) -> 0 | AN58: =+#REF!-AM58 -> #REF!
A59: 49 | B59: 6 | C59: =VLOOKUP(D59,'DS CN MOI UP'!$B$10:$C$347,2,0) -> #N/A | D59: Két | AJ59: =SUM(E59:AI59) -> 0 | AK59: =AJ59*$AN$6 -> 0 | AM59: =SUM(E59:AI59) -> 0 | AN59: =+#REF!-AM59 -> #REF!
A60: 50 | B60: 7 | C60: =VLOOKUP(D60,'DS CN MOI UP'!$B$10:$C$347,2,0) -> #N/A | D60: Măn | AJ60: =SUM(E60:AI60) -> 0 | AK60: =AJ60*$AN$6 -> 0 | AM60: =SUM(E60:AI60) -> 0 | AN60: =+#REF!-AM60 -> #REF!
A61: 51 | B61: 8 | C61: =VLOOKUP(D61,'DS CN MOI UP'!$B$10:$C$347,2,0) -> #N/A | D61: Soi | AJ61: =SUM(E61:AI61) -> 0 | AK61: =AJ61*$AN$6 -> 0 | AM61: =SUM(E61:AI61) -> 0 | AN61: =+#REF!-AM61 -> #REF!
A62: 52 | B62: 9 | C62: =VLOOKUP(D62,'DS CN MOI UP'!$B$10:$C$347,2,0) -> #N/A | D62: Pò Mòm | AJ62: =SUM(E62:AI62) -> 0 | AK62: =AJ62*$AN$6 -> 0 | AM62: =SUM(E62:AI62) -> 0 | AN62: =+#REF!-AM62 -> #REF!
A63: 53 | B63: 10 | C63: =VLOOKUP(D63,'DS CN MOI UP'!$B$10:$C$347,2,0) -> #N/A | D63: Pệt | AJ63: =SUM(E63:AI63) -> 0 | AK63: =AJ63*$AN$6 -> 0 | AM63: =SUM(E63:AI63) -> 0 | AN63: =+#REF!-AM63 -> #REF!
A64: 54 | B64: 11 | C64: =VLOOKUP(D64,'DS CN MOI UP'!$B$10:$C$347,2,0) -> #N/A | D64: Khay Khăm | AJ64: =SUM(E64:AI64) -> 0 | AK64: =AJ64*$AN$6 -> 0 | AM64: =SUM(E64:AI64) -> 0 | AN64: =+#REF!-AM64 -> #REF!
A65: 55 | B65: 12 | C65: =VLOOKUP(D65,'DS CN MOI UP'!$B$10:$C$347,2,0) -> #N/A | D65: Ô Lích | AJ65: =SUM(E65:AI65) -> 0 | AK65: =AJ65*$AN$6 -> 0 | AM65: =SUM(E65:AI65) -> 0 | AN65: =+#REF!-AM65 -> #REF!
... A109: 99 | B109: 55 | C109: =VLOOKUP(D109,'DS CN MOI UP'!$B$10:$C$347,2,0) -> #N/A | D109: Mủ xirum | AJ109: =SUM(E109:AI109) -> 0 | AK109: =AJ109*$AN$6 -> 0 | AM109: =SUM(E109:AI109) -> 0 | AN109: =+#REF!-AM109 -> #REF!
A110: Đội 3 | C110: =VLOOKUP(D110,'DS CN MOI UP'!$B$10:$C$347,2,0) -> #N/A | AJ110: =SUM(AJ111:AJ204) -> 0 | AK110: =SUM(AK111:AK204) -> 0
A111: 100 | B111: 1 | C111: =VLOOKUP(D111,'DS CN MOI UP'!$B$10:$C$347,2,0) -> 03319 | D111: Bôn | AJ111: =SUM(E111:AI111) -> 0 | AK111: =AJ111*$AN$6 -> 0
A112: 101 | B112: 2 | C112: =VLOOKUP(D112,'DS CN MOI UP'!$B$10:$C$347,2,0) -> 03320 | D112: E | AJ112: =SUM(E112:AI112) -> 0 | AK112: =AJ112*$AN$6 -> 0
A113: 102 | B113: 3 | C113: =VLOOKUP(D113,'DS CN MOI UP'!$B$10:$C$347,2,0) -> 02453 | D113: Khương (3) | AJ113: =SUM(E113:AI113) -> 0 | AK113: =AJ113*$AN$6 -> 0
A114: 103 | B114: 4 | C114: =VLOOKUP(D114,'DS CN MOI UP'!$B$10:$C$347,2,0) -> 02471 | D114: Nít Ni Lanh | AJ114: =SUM(E114:AI114) -> 0 | AK114: =AJ114*$AN$6 -> 0
A115: 104 | B115: 5 | C115: =VLOOKUP(D115,'DS CN MOI UP'!$B$10:$C$347,2,0) -> #N/A | D115: Chec | AJ115: =SUM(E115:AI115) -> 0 | AK115: =AJ115*$AN$6 -> 0
A116: 105 | B116: 6 | C116: =VLOOKUP(D116,'DS CN MOI UP'!$B$10:$C$347,2,0) -> #N/A | D116: Tảnh | AJ116: =SUM(E116:AI116) -> 0 | AK116: =AJ116*$AN$6 -> 0
A117: 106 | B117: 7 | C117: =VLOOKUP(D117,'DS CN MOI UP'!$B$10:$C$347,2,0) -> 03322 | D117: Xay (3) | AJ117: =SUM(E117:AI117) -> 0 | AK117: =AJ117*$AN$6 -> 0
A118: 107 | B118: 8 | C118: =VLOOKUP(D118,'DS CN MOI UP'!$B$10:$C$347,2,0) -> 02452 | D118: Xôn | AJ118: =SUM(E118:AI118) -> 0 | AK118: =AJ118*$AN$6 -> 0
A119: 108 | B119: 9 | C119: =VLOOKUP(D119,'DS CN MOI UP'!$B$10:$C$347,2,0) -> 02508 | D119: Phum Hom | AJ119: =SUM(E119:AI119) -> 0 | AK119: =AJ119*$AN$6 -> 0
A120: 109 | B120: 10 | C120: =VLOOKUP(D120,'DS CN MOI UP'!$B$10:$C$347,2,0) -> 03323 | D120: Pa Lay | AJ120: =SUM(E120:AI120) -> 0 | AK120: =AJ120*$AN$6 -> 0
A121: 110 | B121: 11 | C121: =VLOOKUP(D121,'DS CN MOI UP'!$B$10:$C$347,2,0) -> 02466 | D121: Măm | AJ121: =SUM(E121:AI121) -> 0 | AK121: =AJ121*$AN$6 -> 0
A122: 111 | B122: 12 | C122: =VLOOKUP(D122,'DS CN MOI UP'!$B$10:$C$347,2,0) -> 02493 | D122: Muôi | AJ122: =SUM(E122:AI122) -> 0 | AK122: =AJ122*$AN$6 -> 0
... A204: 193 | B204: 94 | C204: =VLOOKUP(D204,'DS CN MOI UP'!$B$10:$C$347,2,0) -> #N/A | D204: Nhôn | AJ204: =SUM(E204:AI204) -> 0 | AK204: =AJ204*$AN$6 -> 0
A205: Đội 3- Trạm cán | C205: =VLOOKUP(D205,'DS CN MOI UP'!$B$10:$C$347,2,0) -> #N/A | AJ205: =SUM(AJ206:AJ216) -> 0 | AK205: =AJ205*$AN$6 -> 0
A206: 194 | B206: 1 | C206: =VLOOKUP(D206,'DS CN MOI UP'!$B$10:$C$347,2,0) -> 03343 | D206: Thon | AJ206: =SUM(E206:AI206) -> 0 | AK206: =AJ206*$AN$6 -> 0
A207: 195 | B207: 2 | C207: =VLOOKUP(D207,'DS CN MOI UP'!$B$10:$C$347,2,0) -> 02444 | D207: Nhon | AJ207: =SUM(E207:AI207) -> 0 | AK207: =AJ207*$AN$6 -> 0
A208: 196 | B208: 3 | C208: =VLOOKUP(D208,'DS CN MOI UP'!$B$10:$C$347,2,0) -> 02447 | D208: Hăm (3) | AJ208: =SUM(E208:AI208) -> 0 | AK208: =AJ208*$AN$6 -> 0
A209: 197 | B209: 4 | C209: =VLOOKUP(D209,'DS CN MOI UP'!$B$10:$C$347,2,0) -> 03344 | D209: Nang (3) | AJ209: =SUM(E209:AI209) -> 0 | AK209: =AJ209*$AN$6 -> 0
A210: 198 | B210: 5 | C210: =VLOOKUP(D210,'DS CN MOI UP'!$B$10:$C$347,2,0) -> 02449 | D210: Khăm | AJ210: =SUM(E210:AI210) -> 0 | AK210: =AJ210*$AN$6 -> 0
A211: 199 | B211: 6 | C211: =VLOOKUP(D211,'DS CN MOI UP'!$B$10:$C$347,2,0) -> 02445 | D211: Nàng Bát | AJ211: =SUM(E211:AI211) -> 0 | AK211: =AJ211*$AN$6 -> 0
A212: 200 | B212: 7 | C212: =VLOOKUP(D212,'DS CN MOI UP'!$B$10:$C$347,2,0) -> 02446 | D212: Dộc | AJ212: =SUM(E212:AI212) -> 0 | AK212: =AJ212*$AN$6 -> 0
A213: 201 | B213: 8 | C213: =VLOOKUP(D213,'DS CN MOI UP'!$B$10:$C$347,2,0) -> 03345 | D213: Chăn (3) | AJ213: =SUM(E213:AI213) -> 0 | AK213: =AJ213*$AN$6 -> 0
A214: 202 | B214: 9 | C214: =VLOOKUP(D214,'DS CN MOI UP'!$B$10:$C$347,2,0) -> 03854 | D214: Hát | AJ214: =SUM(E214:AI214) -> 0 | AK214: =AJ214*$AN$6 -> 0
A215: 203 | B215: 9 | C215: =VLOOKUP(D215,'DS CN MOI UP'!$B$10:$C$347,2,0) -> 03855 | D215: Bun (3) | AJ215: =SUM(E215:AI215) -> 0 | AK215: =AJ215*$AN$6 -> 0
A216: 204 | B216: 9 | C216: =VLOOKUP(D216,'DS CN MOI UP'!$B$10:$C$347,2,0) -> 03856 | D216: My | AJ216: =SUM(E216:AI216) -> 0 | AK216: =AJ216*$AN$6 -> 0
A217: Đội 3- Xưởng cưa | C217: =VLOOKUP(D217,'DS CN MOI UP'!$B$10:$C$347,2,0) -> #N/A | AJ217: =SUM(AJ218:AJ224) -> 0 | AK217: =AJ217*$AN$6 -> 0
A218: 205 | B218: 1 | C218: =VLOOKUP(D218,'DS CN MOI UP'!$B$10:$C$347,2,0) -> 03346 | D218: Pho Thông | AJ218: =SUM(E218:AI218) -> 0 | AK218: =AJ218*$AN$6 -> 0
A219: 206 | B219: 2 | C219: =VLOOKUP(D219,'DS CN MOI UP'!$B$10:$C$347,2,0) -> #N/A | D219: Ka Púc | AJ219: =SUM(E219:AI219) -> 0 | AK219: =AJ219*$AN$6 -> 0
A220: 207 | B220: 3 | C220: =VLOOKUP(D220,'DS CN MOI UP'!$B$10:$C$347,2,0) -> 02477 | D220: Chay Đi | AJ220: =SUM(E220:AI220) -> 0 | AK220: =AJ220*$AN$6 -> 0
A221: 208 | B221: 4 | C221: =VLOOKUP(D221,'DS CN MOI UP'!$B$10:$C$347,2,0) -> 02495 | D221: Lăng B | AJ221: =SUM(E221:AI221) -> 0 | AK221: =AJ221*$AN$6 -> 0
A222: 209 | B222: 5 | C222: =VLOOKUP(D222,'DS CN MOI UP'!$B$10:$C$347,2,0) -> 02505 | D222: Vi Say | AJ222: =SUM(E222:AI222) -> 0 | AK222: =AJ222*$AN$6 -> 0
A223: 210 | B223: 6 | C223: =VLOOKUP(D223,'DS CN MOI UP'!$B$10:$C$347,2,0) -> 02516 | D223: On | AJ223: =SUM(E223:AI223) -> 0 | AK223: =AJ223*$AN$6 -> 0
A224: 211 | B224: 7 | C224: =VLOOKUP(D224,'DS CN MOI UP'!$B$10:$C$347,2,0) -> 03347 | D224: Tuc | AJ224: =SUM(E224:AI224) -> 0 | AK224: =AJ224*$AN$6 -> 0
A225: Đội 4 | C225: =VLOOKUP(D225,'DS CN MOI UP'!$B$10:$C$347,2,0) -> #N/A | AJ225: =SUM(AJ226:AJ310) -> 0 | AK225: =AJ225*$AN$6 -> 0
A226: 212 | B226: 1 | C226: =VLOOKUP(D226,'DS CN MOI UP'!$B$10:$C$347,2,0) -> 03348 | D226: Sốt | AJ226: =SUM(E226:AI226) -> 0 | AK226: =AJ226*$AN$6 -> 0
A227: 213 | B227: 2 | C227: =VLOOKUP(D227,'DS CN MOI UP'!$B$10:$C$347,2,0) -> 03349 | D227: Thảo A Tiền | AJ227: =SUM(E227:AI227) -> 0 | AK227: =AJ227*$AN$6 -> 0
A228: 214 | B228: 3 | C228: =VLOOKUP(D228,'DS CN MOI UP'!$B$10:$C$347,2,0) -> 02545 | D228: Sít | AJ228: =SUM(E228:AI228) -> 0 | AK228: =AJ228*$AN$6 -> 0
A229: 215 | B229: 4 | C229: =VLOOKUP(D229,'DS CN MOI UP'!$B$10:$C$347,2,0) -> 02693 | D229: Nghiệp | AJ229: =SUM(E229:AI229) -> 0 | AK229: =AJ229*$AN$6 -> 0
A230: 216 | B230: 5 | C230: =VLOOKUP(D230,'DS CN MOI UP'!$B$10:$C$347,2,0) -> 03350 | D230: Bun Theo | AJ230: =SUM(E230:AI230) -> 0 | AK230: =AJ230*$AN$6 -> 0
A231: 217 | B231: 6 | C231: =VLOOKUP(D231,'DS CN MOI UP'!$B$10:$C$347,2,0) -> 02526 | D231: Núi | AJ231: =SUM(E231:AI231) -> 0 | AK231: =AJ231*$AN$6 -> 0
A232: 218 | B232: 7 | C232: =VLOOKUP(D232,'DS CN MOI UP'!$B$10:$C$347,2,0) -> 03351 | D232: Xa Mon | AJ232: =SUM(E232:AI232) -> 0 | AK232: =AJ232*$AN$6 -> 0
A233: 219 | B233: 8 | C233: =VLOOKUP(D233,'DS CN MOI UP'!$B$10:$C$347,2,0) -> 03352 | D233: Thảo Thúc | AJ233: =SUM(E233:AI233) -> 0 | AK233: =AJ233*$AN$6 -> 0
A234: 220 | B234: 9 | C234: =VLOOKUP(D234,'DS CN MOI UP'!$B$10:$C$347,2,0) -> 02567 | D234: Bo Loi | AJ234: =SUM(E234:AI234) -> 0 | AK234: =AJ234*$AN$6 -> 0
A235: 221 | B235: 10 | C235: =VLOOKUP(D235,'DS CN MOI UP'!$B$10:$C$347,2,0) -> 02564 | D235: Xoong | AJ235: =SUM(E235:AI235) -> 0 | AK235: =AJ235*$AN$6 -> 0
A236: 222 | B236: 11 | C236: =VLOOKUP(D236,'DS CN MOI UP'!$B$10:$C$347,2,0) -> 03353 | D236: Ta Văn | AJ236: =SUM(E236:AI236) -> 0 | AK236: =AJ236*$AN$6 -> 0
A237: 223 | B237: 12 | C237: =VLOOKUP(D237,'DS CN MOI UP'!$B$10:$C$347,2,0) -> 02518 | D237: Khăm Măn | AJ237: =SUM(E237:AI237) -> 0 | AK237: =AJ237*$AN$6 -> 0
... A310: 295 | B310: 84 | C310: =VLOOKUP(D310,'DS CN MOI UP'!$B$10:$C$347,2,0) -> #N/A | D310: Hắc Xa Mi | AJ310: =SUM(E310:AI310) -> 0 | AK310: =AJ310*$AN$6 -> 0
A311: Đội 5 | C311: =VLOOKUP(D311,'DS CN MOI UP'!$B$10:$C$347,2,0) -> #N/A | AJ311: =SUM(AJ312:AJ383) -> 0 | AK311: =AJ311*$AN$6 -> 0
A312: 296 | B312: 1 | C312: =VLOOKUP(D312,'DS CN MOI UP'!$B$10:$C$347,2,0) -> 02615 | D312: Nàng Mon | AJ312: =SUM(E312:AI312) -> 0 | AK312: =AJ312*$AN$6 -> 0
A313: 297 | B313: 2 | C313: =VLOOKUP(D313,'DS CN MOI UP'!$B$10:$C$347,2,0) -> 02594 | D313: Bun | AJ313: =SUM(E313:AI313) -> 0 | AK313: =AJ313*$AN$6 -> 0
A314: 298 | B314: 3 | C314: =VLOOKUP(D314,'DS CN MOI UP'!$B$10:$C$347,2,0) -> 02596 | D314: Xôm Bách | AJ314: =SUM(E314:AI314) -> 0 | AK314: =AJ314*$AN$6 -> 0
A315: 299 | B315: 4 | C315: =VLOOKUP(D315,'DS CN MOI UP'!$B$10:$C$347,2,0) -> 02601 | D315: Thảo Tịa | AJ315: =SUM(E315:AI315) -> 0 | AK315: =AJ315*$AN$6 -> 0
A316: 300 | B316: 5 | C316: =VLOOKUP(D316,'DS CN MOI UP'!$B$10:$C$347,2,0) -> 02697 | D316: Hám Lae | AJ316: =SUM(E316:AI316) -> 0 | AK316: =AJ316*$AN$6 -> 0
A317: 301 | B317: 6 | C317: =VLOOKUP(D317,'DS CN MOI UP'!$B$10:$C$347,2,0) -> 02610 | D317: Lan (5) | AJ317: =SUM(E317:AI317) -> 0 | AK317: =AJ317*$AN$6 -> 0
A318: 302 | B318: 7 | C318: =VLOOKUP(D318,'DS CN MOI UP'!$B$10:$C$347,2,0) -> 02611 | D318: Năm | AJ318: =SUM(E318:AI318) -> 0 | AK318: =AJ318*$AN$6 -> 0
A319: 303 | B319: 8 | C319: =VLOOKUP(D319,'DS CN MOI UP'!$B$10:$C$347,2,0) -> 02602 | D319: Thảo Sum | AJ319: =SUM(E319:AI319) -> 0 | AK319: =AJ319*$AN$6 -> 0
A320: 304 | B320: 9 | C320: =VLOOKUP(D320,'DS CN MOI UP'!$B$10:$C$347,2,0) -> 02609 | D320: A Sung | AJ320: =SUM(E320:AI320) -> 0 | AK320: =AJ320*$AN$6 -> 0
A321: 305 | B321: 10 | C321: =VLOOKUP(D321,'DS CN MOI UP'!$B$10:$C$347,2,0) -> 02569 | D321: Phết Sa Mon | AJ321: =SUM(E321:AI321) -> 0 | AK321: =AJ321*$AN$6 -> 0
A322: 306 | B322: 11 | C322: =VLOOKUP(D322,'DS CN MOI UP'!$B$10:$C$347,2,0) -> 02583 | D322: Nàng Von | AJ322: =SUM(E322:AI322) -> 0 | AK322: =AJ322*$AN$6 -> 0
A323: 307 | B323: 12 | C323: =VLOOKUP(D323,'DS CN MOI UP'!$B$10:$C$347,2,0) -> 02604 | D323: T. Chòi | AJ323: =SUM(E323:AI323) -> 0 | AK323: =AJ323*$AN$6 -> 0
... A383: 367 | B383: 69 | C383: =VLOOKUP(D383,'DS CN MOI UP'!$B$10:$C$347,2,0) -> #N/A | D383: Thảo Len | AJ383: =SUM(E383:AI383) -> 0 | AK383: =AJ383*$AN$6 -> 0
A384: Đội 6 | C384: =VLOOKUP(D384,'DS CN MOI UP'!$B$10:$C$347,2,0) -> #N/A | AJ384: =SUM(AJ385:AJ442) -> 0 | AK384: =AJ384*$AN$6 -> 0
A385: 368 | B385: 1 | C385: =VLOOKUP(D385,'DS CN MOI UP'!$B$10:$C$347,2,0) -> 02616 | D385: A Lem | AJ385: =SUM(E385:AI385) -> 0 | AK385: =AJ385*$AN$6 -> 0
...

Sheet DS CN MOI UP
A1: CÔNG TY TNHH CP QUASA-GERUCO LÀO | D1: CỘNG HÒA DÂN CHỦ NHÂN DÂN LÀO
A2: NÔNG TRƯỜNG 1 | D2: Hòa bình - Độc lập - Dân chủ - Thống nhất - Thịnh vượng
A4: DANH SÁCH CÔNG NHÂN KHAI THÁC + BẢO VỆ
A7: Stt | B7: Họ và tên | C7: MSNV | D7: Giới tính | E7: Ngày tháng năm sinh | F7: Nơi ở | G7: Ghi chú
A8: A | B8: CÔNG NHÂN KHAI THÁC
A10: Đội 3
A11: 1 | B11: Bôn | C11: 03319 | D11: Nam | F11: Non Say
A12: 2 | B12: E | C12: 03320 | D12: Nam | F12: Non Say
A13: 3 | B13: Khương (3) | C13: 02453 | D13: Nam | F13: Non Say
A14: 4 | B14: Nít Ni Lanh | C14: 02471 | D14: Nam | F14: Non Say
A15: 5 | B15: Khăm Đeng | C15: 02465 | D15: Nam | F15: Non Say
A16: 6 | B16: Nàng Năt | C16: 03321 | D16: Nữ | F16: Non Say
A17: 7 | B17: Xay (3) | C17: 03322 | D17: Nam | F17: Non Say
A18: 8 | B18: Xôn | C18: 02452 | D18: Nam | F18: Non Say
A19: 9 | B19: Phum Hom | C19: 02508 | D19: Nam | F19: Non Say
A20: 10 | B20: Pa Lay | C20: 03323 | D20: Nam | F20: Non Say
A21: 11 | B21: Măm | C21: 02466 | D21: Nam | F21: Non Say
A22: 12 | B22: Muôi | C22: 02493 | D22: Nữ | F22: Non Say
... A103: 93 | B103: Chinh | C103: 02480 | D103: Nữ | F103: Non Say
A104: XC
A105: 1 | B105: Pho Thông | C105: 03346 | D105: Nam | E105: 26696 | F105: Non Say
A106: 2 | B106: Ka Púc | C106: 02472 | D106: Nam | E106: 32579 | F106: Non Say
A107: 3 | B107: Chay Đi | C107: 02477 | D107: Nữ | E107: 34889 | F107: Non Say
A108: 4 | B108: Lăng B | C108: 02495 | D108: Nam | E108: 25486 | F108: Non Say
A109: 5 | B109: Vi Say | C109: 02505 | D109: Nam | E109: 26183 | F109: Non Say
A110: 6 | B110: On | C110: 02516 | D110: Nữ | E110: 35013 | F110: Non Say
A111: 7 | B111: Tuc | C111: 03347 | D111: Nữ | E111: 26671 | F111: Non Say
A112: TC
A113: 1 | B113: Thon | C113: 03343 | D113: Nam | E113: 38400 | F113: Non Say
A114: 2 | B114: Nhon | C114: 02444 | D114: Nữ | E114: 29503 | F114: Non Say
A115: 3 | B115: Hăm (3) | C115: 02447 | D115: Nam | E115: 32960 | F115: Xay Xăm Bun
A116: 4 | B116: Nang (3) | C116: 03344 | D116: Nữ | E116: 36203 | F116: Xay Xăm Bun
A117: 5 | B117: Khăm | C117: 02449 | D117: Nam | E117: 28619 | F117: Non Say
A118: 6 | B118: Nàng Bát | C118: 02445 | D118: Nữ | E118: 29405 | F118: Non Say
A119: 7 | B119: Dộc | C119: 02446 | D119: Nam | E119: 29803 | F119: Non Say
A120: 8 | B120: Chăn (3) | C120: 03345 | D120: Nam | E120: 32762 | F120: Xi Bun Hương
A121: 9 | B121: Hát | C121: 03854 | D121: Nam | E121: =2024-1982 -> 42 | F121: Xay Xăm Bun | G121: Chưa có HĐ
A122: 10 | B122: Bun (3) | C122: 03855 | D122: Nam | E122: =2024-1975 -> 49 | F122: Bản Cang | G122: Chưa có HĐ
A123: 11 | B123: My | C123: 03856 | D123: Nữ | E123: =2024-1986 -> 38 | F123: Xay Xăm Bun | G123: Chưa có HĐ
A124: Đội 4
A125: 1 | B125: Sốt | C125: 03348 | D125: Nam | E125: 34825 | F125: Non Say
A126: 2 | B126: Thảo A Tiền | C126: 03349 | D126: Nam | E126: 36777 | F126: Khọc Pun
A127: 3 | B127: Kong Ta | C127: 02543 | D127: Nam | E127: 28709 | F127: Xi Bun Hương
A128: 4 | B128: Nghiệp | C128: 02693 | D128: Nam | E128: 31998 | F128: Non Say
A129: 5 | B129: Bun Theo | C129: 03350 | D129: Nam | E129: 34822 | F129: Khọc Pun
A130: 6 | B130: Núi | C130: 02526 | D130: Nam | E130: 35925 | F130: Khọc Pun
A131: 7 | B131: Xa Mon | C131: 03351
A132: 8 | B132: Thảo Thúc | C132: 03352 | D132: Nam | E132: 28613 | F132: Khọc Pun
A133: 9 | B133: Bo Loi | C133: 02567 | D133: Nam | E133: 29039 | F133: Khọc Pun
A134: 10 | B134: Xoong | C134: 02564 | D134: Nam | E134: 31658 | F134: Khọc Pun
A135: 11 | B135: Ta Văn | C135: 03353 | D135: Nam | E135: 34768 | F135: Khọc Pun
A136: 12 | B136: Khăm Măn | C136: 02518 | D136: Nam | E136: 33770 | F136: Khọc Pun
A137: 13 | B137: Ninh | C137: 03354 | D137: Nam | E137: 35530 | F137: Non Say
A138: 14 | B138: Vôn | C138: 03355 | D138: Nam | E138: 36229 | F138: Non Say
A139: 15 | B139: Khăm Thạ Von | C139: 02521 | D139: Nam | E139: 31787 | F139: Khọc Pun
A140: 16 | B140: Minh | C140: 03356 | D140: Nam | E140: 34188 | F140: Xay Xăm Bun
A141: 17 | B141: Đan | C141: 02524 | D141: Nam | E141: 35951 | F141: Khọc Pun
A142: 18 | B142: Nội | C142: 03357 | D142: Nam | E142: 36314 | F142: Khọc Pun
A143: 19 | B143: Keo La | C143: 03358 | D143: Nam | E143: 36621 | F143: Khọc Pun
... A206: 82 | B206: Khăm Lổ | C206: 02559 | D206: Nam | E206: 31963 | F206: Thìn
A207: Đội 5
A208: 1 | B208: Nàng Mon | C208: 02615 | D208: Nữ | E208: 37664 | F208: Sa Khuôn
A209: 2 | B209: Bun | C209: 02594 | D209: Nam | E209: 29678 | F209: Thơm
A210: 3 | B210: Xôm Bách | C210: 02596 | D210: Nam | E210: 38068 | F210: Thơm
A211: 4 | B211: Thảo Tịa | C211: 02601 | D211: Nam | E211: 34861 | F211: Sa Khuôn
A212: 5 | B212: Hám Lae | C212: 02697 | D212: Nam | E212: 32784 | F212: Sa Khuôn
A213: 6 | B213: Lan (5) | C213: 02610 | D213: Nữ | E213: 32605 | F213: Sa Khuôn
A214: 7 | B214: Năm | C214: 02611 | D214: Nam | E214: 31190 | F214: Sa Khuôn
A215: 8 | B215: Thảo Sum | C215: 02602 | D215: Nam | E215: 37784 | F215: Sa Khuôn
A216: 9 | B216: A Sung | C216: 02609 | D216: Nam | E216: 37114 | F216: Sa Loi Nọi
A217: 10 | B217: Phết Sa Mon | C217: 02569 | D217: Nam | E217: 30361 | F217: Sa Khuôn
A218: 11 | B218: Nàng Von | C218: 02583 | D218: Nữ | E218: 38180 | F218: Sa Khuôn
A219: 12 | B219: T. Chòi | C219: 02604 | D219: Nam | E219: 37104 | F219: Sa Khuôn
... A261: 54 | B261: A Vun | C261: 02577 | D261: Nam | E261: 30085 | F261: Sa Khuôn
A262: 55 | B262: Thảo Bơt | C262: 03857 | D262: Nam | E262: 27 | F262: Xạ Xuông | G262: Chưa có HĐ
A263: 56 | B263: Say (5) | C263: 02597 | D263: Nam | E263: 35102 | F263: Sa Khuôn
A264: 57 | B264: Đăm (5) | C264: 02590 | D264: Nam | E264: 33697 | F264: Sa Khuôn
A265: 58 | B265: Viêng | C265: 02585 | D265: Nam | E265: 32710 | F265: Sa Khuôn
A266: 59 | B266: Săn | C266: 03399 | D266: Nam | E266: 34562 | F266: Hủa Bun
A267: 60 | B267: Nàng Loi | C267: 02584 | D267: Nữ | E267: 33770 | F267: Thơm
A268: 61 | B268: A Săn | C268: 02698 | D268: Nam | E268: 38870 | F268: Thơm
A269: 62 | B269: Sa Máy | C269: 03858 | D269: Nam | E269: 23 | F269: Xạ Xuông | G269: Chưa có HĐ
A270: 63 | B270: Khăm Bay (5) | C270: 02591 | D270: Nam | E270: 37727 | F270: Thơm
A271: 64 | B271: Chôn | C271: 02595 | D271: Nam | E271: 38544 | F271: Hủa Bun
A272: 65 | B272: Lâm Ngân | C272: 02582
A273: 66 | B273: A Nha | C273: 02572
A274: 67 | B274: Tảo Pheo | C274: 02694 | D274: Nam | E274: 31521 | F274: Sa Khuôn
A275: 68 | B275: P. Mong | C275: 02699 | D275: Nam | E275: 32275 | F275: Sa Loi Nọi
A276: 69 | B276: A Chon | C276: 03400 | D276: Nam | E276: 32734 | F276: Sa Loi Nọi
A277: KV 71
A278: 1 | B278: Tà Lòi | C278: 02658 | D278: Nam | E278: 35981 | F278: Buôn Tây
A279: 2 | B279: Bay | C279: 02660 | D279: Nam | E279: 35982 | F279: Buôn
A280: 3 | B280: LạC Khon | C280: 02657 | D280: Nam | E280: 33636 | F280: A Cây
A281: 4 | B281: Tà (5) | C281: 02659 | D281: Nam | E281: 27212 | F281: Buôn Nưa
A282: 5 | B282: Xay (5) | C282: 02662 | D282: Nam | E282: 35951 | F282: Buôn Tây
A283: 6 | B283: Ka Tun | C283: 02661 | D283: Nam | E283: 30072 | F283: Buôn Tây
A284: 6 | B284: Lây | C284: 02705 | D284: Nam | E284: 33822 | F284: Buôn Tây
A285: ĐỘI 6
A286: 1 | B286: A Lem | C286: 02616
A287: 2 | B287: Bun Nhèng | C287: 02617
...

Sheet BCSX T6 CHỈNH SỬA
A1: CỘNG HÒA DÂN CHỦ NHÂN DÂN LÀO
A2: Hoà Bình - Độc Lập - Dân Chủ - Thống Nhất - Thịnh Vượng
A3: -----oOo-----
A4: CÔNG TY TNHH MTV QUASA- GERUCO LÀO
A5: Đội sản xuất số 8
A7: BÁO CÁO SẢN XUẤT THÁNG 06 NĂM 2025
A8: ( Từ ngày 01 tháng 06 năm 2025 đến ngày 30 tháng 6 năm 2025 )
A10: STT | B10: DANH MỤC | C10: ĐVT | D10: Định mức | E10: Địa điểm và khối lương thực hiện | M10: Tổng khối lượng | N10: Số lần | O10: Tổng công | P10: Ghi chú
E11: Tên lô | F11: KL | G11: Tên lô | H11: KL | I11: Tên lô | J11: KL | K11: Tên lô | L11: KL | O11: 25.000 kíp
A12: A | B12: VƯỜN CÂY KINH DOANH | O12: =O17+O21 -> 2134.48
A13: I | B13: SẢN LƯỢNG | C13: Kg
A14: 1.1 | B14: Mủ tạp (Quy khô) | C14: kg | Q14: =97+52+23 -> 172
A15: 1.2 | B15: Mủ dây ( Quy khô ) | C15: kg | Q15: =Q14/4 -> 43
A16: 1.3 | B16: Mủ Sirum ( Quy khô) | C16: kg
A17: II | B17: PHỤ CẤP CẠO MỦ | C17: Công | O17: =SUM(O18:O20) -> 0
A18: 2.1 | B18: Phụ cấp ngày công đi cạo | C18: công | O18: =ROUND(M18*30/25,2) -> 0 | R18: 59
A19: 2.2 | B19: Phụ cấp đi cạo ngày chủ nhật | C19: công | O19: =ROUND(M19*50/25,2) -> 0 | Q19: 78 | R19: 25
A20: 2.3 | B20: Phu cấp ngày công cho công nhân vùng khó khăn | C20: công | O20: =ROUND(M20*20/25,2) -> 0 | R20: 12
A21: III | B21: CHĂM SÓC | O21: =SUBTOTAL(9,O22:O46) -> 2134.48 | Q21: =SUM(Q18:Q20) -> 78 | R21: =SUM(R18:R20) -> 96
A22: 1 | B22: Vườn cây kinh doanh năm 1 | O22: =SUBTOTAL(9,O23:O27) -> 379.68
A23: 1.1 | B23: Bôi thuốc kích thích | C23: phần | D23: 1.25 | M23: 24 | O23: =M23/D23 -> 19.2 | Q23: =1/D23 -> 0.8
A24: 1.2 | B24: Bôi thuốc phòng bệnh loét sọc miệng cạo | C24: phần | D24: 1.25 | M24: 24 | O24: =M24/D24 -> 19.2
A25: 1.3 | B25: Phun thuốc diệt cỏ đại trà
B26: Trạm 2 | C26: ha | D26: =1/4.8 -> 0.20833333 | E26: 20A | F26: 13.56 | G26: 22A | H26: 5.62 | I26: 14A | J26: 2.6 | K26: 21A | L26: 17.53 | M26: =SUM(E26:L27) -> 71.1 | O26: =M26/D26 -> 341.28 | Q26: =[3]KHSXT7!M31 -> 11.84 | R26: =M26+Q26 -> 82.94
E27: 15A | F27: 2.5 | G27: 16A | H27: 6.5 | I27: 20C | J27: 5.04 | K27: 17A | L27: 17.75
A28: 2 | B28: Vườn cây kinh doanh năm 6 | O28: =SUBTOTAL(9,O29:O32) -> 27.6
A29: 2.1 | B29: Bôi thuốc kích thích | C29: phần | D29: 1.25 | M29: 12 | O29: =M29/D29 -> 9.6
A30: 2.2 | B30: Bôi thuốc phòng bệnh loét sọc miệng cạo | C30: phần | D30: 1.25 | M30: 12 | O30: =M30/D30 -> 9.6
A31: 2.3 | B31: Phun thuốc diệt cỏ đại trà
B32: Trạm 1 | C32: ha | D32: =1/4.8 -> 0.20833333 | E32: 13I | F32: 1.75 | M32: =F32 -> 1.75 | O32: =M32/D32 -> 8.4 | Q32: =M32 -> 1.75
A33: 3 | B33: Vườn cây kinh doanh năm 8 | O33: =SUBTOTAL(9,O34:O41) -> 1230.08 | Q33: =[3]KHSXT7!M45 -> 15.26
A34: 3.1 | B34: Bôi thuốc kích thích | C34: phần | D34: 1.25 | M34: 180 | O34: =M34/D34 -> 144
A35: 3.2 | B35: Bôi thuốc phòng bệnh loét sọc miệng cạo | C35: phần | D35: 1.25 | M35: =180-101 -> 79 | O35: =M35/D35 -> 63.2
A36: 3.3 | B36: Phát chồi đại trà | C36: ha | D36: =1/16 -> 0.0625 | E36: 18E | F36: =11.6+4 -> 15.6 | G36: 19K | H36: 6.1 | I36: 13J | J36: 11.45 | M36: =SUM(E36:L36) -> 33.15 | O36: =M36/D36 -> 530.4 | Q36: =M36-F36 -> 17.55
A37: 3.4 | B37: Phun thuốc diệt cỏ đại trà
B38: Trạm 1 | C38: ha | D38: =1/4.8 -> 0.20833333 | E38: 15I | F38: 9.16 | G38: 16I | H38: 4.52 | I38: 15K | J38: 3.77 | K38: 14J | L38: 7.1 | M38: =SUM(E38:L39) -> 32.4 | O38: =M38/D38 -> 155.52
E39: 14K | F39: 7.85
B41: Trạm 2 | C41: ha | D41: =1/4.8 -> 0.20833333 | E41: 16E | F41: 14.42 | G41: 17E | H41: 19.89 | I41: 18F | J41: 31.95 | K41: 18A | L41: 3.94 | M41: =SUM(E41:L41) -> 70.2 | O41: =M41/D41 -> 336.96
A42: 4 | B42: Vườn cây tận thu | O42: =SUBTOTAL(9,O43:O46) -> 497.12
A43: 4.1 | B43: Phát chồi đại trà | C43: ha | D43: =1/16 -> 0.0625 | E43: 18E | F43: =15.79+2.82 -> 18.61 | G43: 19K | H43: 6 | I43: 13J | J43: 3.1 | M43: =SUM(E43:L43) -> 27.71 | O43: =M43/D43 -> 443.36 | Q43: =M46 -> 11.2
A45: 4.2 | B45: Phun thuốc diệt cỏ đại trà
B46: Trạm 1 | C46: ha | D46: =1/4.8 -> 0.20833333 | E46: 16I | F46: 2.79 | G46: 15K | H46: 6.56 | I46: 14K | J46: =9.7-7.85 -> 1.85 | M46: =SUM(E46:L46) -> 11.2 | O46: =M46/D46 -> 53.76
A47: B | B47: VƯỜN CÂY KTCB | O47: =SUBTOTAL(9,O48:O48) -> 0
A48: I | B48: Vườn cây năm 2018
A49: C | B49: CÔNG BẢO VỆ | O49: =SUM(O50:O50) -> 416
A50: 1 | B50: Bảo vệ Lào | C50: công | E50: 4 người * 2,600.000 Kíp/tháng | O50: =+(2600000*4)/25000 -> 416
A51: D | B51: CÔNG VIỆC KHÁC | O51: 0
A52: TỔNG CÔNG SẢN PHẨM = A+B+C+D | O52: =O51+O49+O12+O47 -> 2550.48
I53: Huyện Noong, ngày tháng năm 2025
B54: PHÓ PHÒNG PHỤ TRÁCH | F54: ĐỘI TRƯỞNG | M54: THỐNG KÊ - TỔNG HỢP
B60: Hoàng Tấn Thảo | F60: Lương Đức Tính | M60: Lê Thị Mai Huân
A62: Đoàn nghiệm thu Công ty:
B64: TỔNG GIÁM ĐỐC | C64: PHÒNG TC-KT | G64: PHÒNG TC-HC | J64: PHÒNG KH-XDCB | M64: PHÒNG KT-NN

Sheet CÔNG CHĂM SÓC
A2: BẢNG TỔNG HỢP CÁC CÔNG CHĂM SÓC
A4: STT | B4: Tên CN | C4: Tên công việc | M4: Tổng
C5: Bôi kích thích | D5: bôi loét sọc | E5: Phun cỏ | F5: Phát chồi | O5: Bấm mái chắn mưa | P5: Bấm mái chắn mưa HO4 | Q5: Bấm màng phủ chén | R5: Bôi thuốc kích thích
A7: Trạm 1 | C7: =SUM(C8:C33) -> 76.8 | D7: =SUM(D8:D33) -> 29.6 | E7: =SUM(E8:E33) -> 217.68 | F7: =SUM(F8:F33) -> 530.4 | G7: =SUM(G8:G33) -> 0 | H7: =SUM(H8:H33) -> 0 | I7: =SUM(I8:I33) -> 0 | J7: =SUM(J8:J33) -> 0 | ... M7: =SUM(M8:M33) -> 854.48
A8: 1 | B8: Phương | C8: 3.2 | M8: =SUM(C8:L8) -> 3.2 | O8: 2 | P8: 1 | Q8: 3 | R8: 3
A9: 2 | B9: Nhung | C9: 3.2 | D9: 0.8 | M9: =SUM(C9:L9) -> 4 | O9: 1 | P9: 2 | Q9: 3 | R9: 3
A10: 3 | B10: Xăm Chết | C10: 3.2 | D10: 0.8 | M10: =SUM(C10:L10) -> 4 | O10: 1 | P10: 2 | Q10: 3 | R10: 3
A11: 4 | B11: Thảo Po Mua | C11: 3.2 | D11: 0.8 | M11: =SUM(C11:L11) -> 4 | O11: 1 | P11: 2 | Q11: 3 | R11: 3
A12: 5 | B12: Thảo Từn Vàng | C12: 3.2 | M12: =SUM(C12:L12) -> 3.2 | O12: 1 | P12: 2 | Q12: 3 | R12: 3
A13: 6 | B13: Thảo Cua Vư | C13: 3.2 | M13: =SUM(C13:L13) -> 3.2 | O13: 1 | P13: 2 | Q13: 3 | R13: 3
A14: 7 | B14: Mèo | C14: 3.2 | D14: 0.8 | M14: =SUM(C14:L14) -> 4 | O14: 1 | P14: 2 | Q14: 3 | R14: 3
A15: 8 | B15: A Pan | C15: 3.2 | D15: 0.8 | M15: =SUM(C15:L15) -> 4 | O15: 1 | P15: 2 | Q15: 3 | R15: 3
A16: 9 | B16: A Thay | C16: 3.2 | D16: 0.8 | M16: =SUM(C16:L16) -> 4 | O16: 1 | P16: 2 | Q16: 3 | R16: 3
A17: 10 | B17: Cha | C17: 3.2 | D17: 0.8 | M17: =SUM(C17:L17) -> 4 | O17: 1 | P17: 2 | Q17: 3 | R17: 3
A18: 11 | B18: Thọ Tinh | C18: 3.2 | D18: 1.6 | M18: =SUM(C18:L18) -> 4.8 | O18: 1 | P18: 2 | Q18: 3 | R18: 3
A19: 12 | B19: Sinh Thoong | C19: 3.2 | D19: 1.6 | M19: =SUM(C19:L19) -> 4.8 | O19: 1 | P19: 2 | Q19: 3 | R19: 3
A20: 13 | B20: Bố Nọi | C20: 3.2 | D20: 0.8 | M20: =SUM(C20:L20) -> 4 | O20: 1 | P20: 2 | Q20: 3 | R20: 3
A21: 14 | B21: A Thưng | C21: 3.2 | D21: 0.8 | M21: =SUM(C21:L21) -> 4 | O21: 1 | P21: 2 | Q21: 3 | R21: 3
A22: 15 | B22: Xì xung | C22: 3.2 | D22: 1.6 | M22: =SUM(C22:L22) -> 4.8 | O22: 1 | P22: 2 | Q22: 3 | R22: 3
A23: 16 | B23: Cha Chiệp | C23: 3.2 | D23: 1.6 | M23: =SUM(C23:L23) -> 4.8 | O23: 1 | P23: 2 | Q23: 3 | R23: 3
A24: 17 | B24: Cha Măn | C24: 3.2 | D24: 1.6 | M24: =SUM(C24:L24) -> 4.8 | O24: 1 | P24: 2 | Q24: 3 | R24: 3
A25: 18 | B25: A Nem | C25: 3.2 | D25: 1.6 | M25: =SUM(C25:L25) -> 4.8 | O25: 1 | P25: 2 | Q25: 3 | R25: 3
A26: 19 | B26: Muôi | M26: =SUM(C26:L26) -> 0 | O26: 1 | P26: 2 | Q26: 3 | R26: 3
A27: 20 | B27: A Hông | C27: 3.2 | D27: 1.6 | M27: =SUM(C27:L27) -> 4.8 | O27: 1 | P27: 2 | Q27: 3 | R27: 3
A28: 21 | B28: Ka Văng | M28: =SUM(C28:L28) -> 0 | O28: 1 | P28: 2 | Q28: 3 | R28: 3
A29: 22 | B29: Xăm Mái | C29: 3.2 | D29: 0.8 | M29: =SUM(C29:L29) -> 4 | O29: 1 | P29: 2 | Q29: 3 | R29: 3
A30: 23 | B30: Ly | C30: 3.2 | D30: 0.8 | M30: =SUM(C30:L30) -> 4 | O30: 1 | P30: 2 | Q30: 3 | R30: 3
A31: 24 | B31: A Tè | C31: 3.2 | D31: 1.6 | M31: =SUM(C31:L31) -> 4.8 | O31: 1 | P31: 2 | Q31: 3 | R31: 3
B32: A Pót | C32: 3.2 | D32: =3.2+1.6 -> 4.8 | E32: 217.68 | M32: =SUM(C32:L32) -> 225.68
B33: Sún | C33: 3.2 | D33: 3.2 | F33: 530.4 | M33: =SUM(C33:L33) -> 536.8
A34: Trạm 2 | C34: =SUM(C35:C66) -> 96 | D34: =SUM(D35:D66) -> 62.4 | E34: =SUM(E35:E66) -> 678.24 | F34: =SUM(F35:F66) -> 443.36 | G34: =SUM(G35:G66) -> 0 | H34: =SUM(H35:H66) -> 0 | I34: =SUM(I35:I66) -> 0 | J34: =SUM(J35:J66) -> 0 | ... M34: =SUM(M35:M66) -> 1280 | O34: Bấm mái chắn mưa | Q34: Bấm màng phủ chén | R34: Bôi thuốc kích thích | S34: Gia cố mái chắn mưa
A35: 1 | B35: Thông Đăm | C35: 3.2 | D35: 2.4 | M35: =SUM(C35:L35) -> 5.6 | O35: 4 | Q35: 4 | R35: 4
A36: 2 | B36: A Bươi | C36: 3.2 | D36: 2.4 | M36: =SUM(C36:L36) -> 5.6 | O36: 4 | Q36: 4 | R36: 4
A37: 3 | B37: Lun | C37: 3.2 | D37: 2.4 | M37: =SUM(C37:L37) -> 5.6 | O37: 4 | Q37: 4 | R37: 4
A38: 4 | B38: A Phay | C38: 3.2 | D38: 2.4 | M38: =SUM(C38:L38) -> 5.6 | O38: 4 | Q38: 4 | R38: 4
A39: 5 | B39: A Pon | C39: 3.2 | D39: 2.4 | M39: =SUM(C39:L39) -> 5.6 | O39: 4 | Q39: 4 | R39: 4
A40: 6 | B40: Ta Lốt | C40: 3.2 | D40: 2.4 | M40: =SUM(C40:L40) -> 5.6 | O40: 4 | Q40: 4 | R40: 4
A41: 7 | B41: Phò Lăng | C41: 3.2 | D41: 1.6 | M41: =SUM(C41:L41) -> 4.8 | O41: 4 | Q41: 4 | R41: 4
A42: 8 | B42: A Têng | C42: 3.2 | D42: 1.6 | M42: =SUM(C42:L42) -> 4.8 | O42: 4 | Q42: 4 | R42: 4
A43: 9 | B43: Ói | C43: 3.2 | D43: 1.6 | M43: =SUM(C43:L43) -> 4.8 | O43: 4 | Q43: 4 | R43: 4
A44: 10 | B44: Ta Dạt | C44: 3.2 | D44: 1.6 | M44: =SUM(C44:L44) -> 4.8 | O44: 4 | Q44: 4 | R44: 4
A45: 11 | B45: Ra Măn | C45: 3.2 | D45: 1.6 | M45: =SUM(C45:L45) -> 4.8 | O45: 4 | Q45: 4 | R45: 4
A46: 12 | B46: Ta Học | C46: 3.2 | D46: 1.6 | M46: =SUM(C46:L46) -> 4.8 | O46: 4 | Q46: 4 | R46: 4
... A64: 30 | B64: A Bưng | C64: 3.2 | D64: 3.2 | M64: =SUM(C64:L64) -> 6.4 | O64: 4 | Q64: 4 | R64: 4
A65: 31 | B65: Xi | E65: 678.24 | M65: =SUM(C65:L65) -> 678.24
A66: 32 | B66: Phắt | F66: 443.36 | M66: =SUM(C66:L66) -> 443.36
A67: TỔNG | C67: =SUM(C7,C34) -> 172.8 | D67: =SUM(D7,D34) -> 92 | E67: =SUM(E7,E34) -> 895.92 | F67: =SUM(F7,F34) -> 973.76 | G67: =SUM(G7,G34) -> 0 | H67: =SUM(H7,H34) -> 0 | I67: =SUM(I7,I34) -> 0 | J67: =SUM(J7,J34) -> 0 | ... M67: =SUM(M7,M34) -> 2134.48

Sheet BCSX T6
A1: CỘNG HÒA DÂN CHỦ NHÂN DÂN LÀO
A2: Hoà Bình - Độc Lập - Dân Chủ - Thống Nhất - Thịnh Vượng
A3: -----oOo-----
A4: CÔNG TY TNHH MTV QUASA- GERUCO LÀO
A5: ĐỘI SẢN XUẤT SỐ 6
A7: BÁO CÁO SẢN XUẤT THÁNG 06 NĂM 2025
A8: ( Từ ngày 01 tháng 06 đến ngày 30 tháng 6 năm 2025 )
A10: STT | B10: DANH MỤC | C10: ĐVT | D10: Định mức | E10: Địa điểm và khối lương thực hiện | M10: Tổng khối lượng | N10: Tổng công | O10: Ghi chú
E11: Tên lô | F11: KL | G11: Tên lô | H11: KL | I11: Tên lô | J11: KL | K11: Tên lô | L11: KL | N11: 25.000 kíp
A12: A | B12: VƯỜN CÂY KINH DOANH | N12: =SUBTOTAL(9,N13:N56) -> 1536.8019
A13: I | B13: SẢN LƯỢNG | C13: Kg
A14: 1.1 | B14: Mủ tạp (Quy khô) | C14: kg | P14: =31/0.4 -> 77.5
A15: 1.2 | B15: Mủ dây ( Quy khô ) | C15: Kg
A16: 1.3 | B16: Mủ Sirum ( Quy khô) | C16: Kg
A17: II | B17: PHỤ CẤP CẠO MỦ | C17: Công | N17: =+SUBTOTAL(9,N18:N21) -> 0
A18: 2.1 | B18: Phụ cấp ngày công đi cạo | C18: Công
A19: 2.2 | B19: Phụ cấp đi cạo ngày chủ nhật | C19: Công
A20: 2.3 | B20: Phu cấp ngày công cho công nhân vùng khó khăn | C20: Công
A21: 2.4 | B21: Phu cấp cạo cây non | C21: Công
A22: III | B22: CHĂM SÓC | N22: =SUBTOTAL(9,N23:N56) -> 1536.8019
A23: 1 | B23: Vườn cây kinh doanh năm 1 | N23: =+SUBTOTAL(9,N24:N31) -> 399.10286
A24: 1.1 | B24: Bôi thuốc kích thích mủ | C24: Phần | D24: =25/20 -> 1.25 | M24: 23 | N24: =+M24/D24 -> 18.4
A25: 1.2 | B25: Bôi thuốc loét sọc miệng cạo | C25: Phần | D25: =25/20 -> 1.25 | M25: 23 | N25: =+M25/D25 -> 18.4
A26: 1.3 | B26: Dọn cành nhánh trên lô | C26: Phần | D26: 0.5 | M26: =+SUM(E27:L27) -> 22 | N26: =+M26/D26 -> 44
E27: X1 | F27: 6 | G27: X2 | H27: 10 | I27: X33 | J27: 5 | K27: X25 | L27: 1 | Q27: =+#REF!+#REF!+#REF!+#REF! -> #REF! | R27: 94.57
A28: 1.4 | B28: Phun thuốc diệt cỏ đại trà | C28: ha | D28: 0.21 | M28: =+SUM(E29:L29) -> 1.29 | N28: =+M28/D28 -> 6.1428571
B29: Trạm 2 | E29: X25 | F29: 1.29 | Q29: =+M28+M40+M49 -> 61.69 | R29: =+M59+M62 -> 114.68
A30: 1.5 | B30: Phát chồi đại trà | C30: Ha | D30: =1/16 -> 0.0625 | M30: =+SUM(E31:L31) -> 19.51 | N30: =+M30/D30 -> 312.16 | Q30: =+Q29+R29 -> 176.37 | R30: phun
B31: Trạm 2 | E31: X22 | F31: 10.75 | G31: X33 | H31: 8.76
A32: 2 | B32: Vườn cây kinh doanh năm 2 | N32: =+SUBTOTAL(9,N33:N36) -> 164.16
A33: 2.1 | B33: Bôi thuốc kích thích mủ | C33: Phần | D33: =25/20 -> 1.25 | M33: 33 | N33: =+M33/D33 -> 26.4
A34: 2.2 | B34: Bôi thuốc loét sọc miệng cạo | C34: Phần | D34: =25/20 -> 1.25 | M34: 33 | N34: =+M34/D34 -> 26.4
A35: 2.4 | B35: Phát chồi đại trà | C35: Ha | D35: =1/16 -> 0.0625 | M35: =+SUM(E36:J36) -> 6.96 | N35: =+M35/D35 -> 111.36
B36: Trạm 2 | E36: X29 | F36: 6.96
A37: 3 | B37: Vườn cây kinh doanh năm 4 | N37: =+SUBTOTAL(9,N38:N45) -> 402.8019 | Q37: 50
A38: 3.1 | B38: Bôi thuốc kích thích mủ | C38: Phần | D38: =25/20 -> 1.25 | M38: 64 | N38: =+M38/D38 -> 51.2
A39: 3.2 | B39: Bôi thuốc loét sọc miệng cạo | C39: Phần | D39: =25/20 -> 1.25 | M39: 64 | N39: =+M39/D39 -> 51.2
A40: 3.5 | B40: Phun thuốc diệt cỏ đại trà | C40: ha | D40: 0.21 | M40: =SUM(E41:L41) -> 34.81 | N40: =+M40/D40 -> 165.7619
B41: Trạm 2 | E41: X25 | F41: 16.31 | G41: X20a | H41: 5.9 | I41: X20b | J41: 12.6
A42: 3.6 | B42: Phát chồi đại trà | C42: Ha | D42: =1/16 -> 0.0625 | M42: =+SUM(E43:L43) -> 4.59 | N42: =+M42/D42 -> 73.44
B43: Trạm 2 | E43: X23 | F43: 2.5 | G43: X22 | H43: 2.09
A44: 3.7 | B44: Phát chồi đại trà | C44: Ha | D44: =1/12 -> 0.083333333 | M44: =SUM(E45:L45) -> 5.1 | N44: =+M44/D44 -> 61.2
B45: Trạm 2 | E45: X23 | F45: 5.1
A46: 4 | B46: Vườn cây kinh doanh năm 6 | N46: =+SUBTOTAL(9,N47:N51) -> 205.05714
A47: 4.1 | B47: Bôi thuốc kích thích mủ | C47: Phần | D47: =25/20 -> 1.25 | M47: 52 | N47: =+M47/D47 -> 41.6
A48: 4.2 | B48: Bôi thuốc loét sọc miệng cạo | C48: Phần | D48: =25/20 -> 1.25 | M48: 52 | N48: =+M48/D48 -> 41.6
A49: 4.6 | B49: Phun thuốc diệt cỏ đại trà | C49: ha | D49: 0.21 | M49: =+SUM(E50:L51) -> 25.59 | N49: =+M49/D49 -> 121.85714
E50: X8b | F50: 2.57 | G50: X9b | H50: 10.5 | I50: X10a | J50: 3.68 | K50: X14 | L50: 5.64
E51: X9a | F51: 3.2
A52: 5 | B52: Vườn cây kinh doanh năm 8 | N52: =+SUBTOTAL(9,N53:N56) -> 365.68
A53: 5.1 | B53: Bôi thuốc kích thích mủ | C53: Phần | D53: =25/20 -> 1.25 | M53: =34*4 -> 136 | N53: =+M53/D53 -> 108.8
A54: 5.2 | B54: Bôi thuốc loét sọc miệng cạo ngữa | C54: Phần | D54: =25/20 -> 1.25 | M54: 61 | N54: =+M54/D54 -> 48.8
A55: 5.5 | B55: Phát chồi đại trà | C55: Ha | D55: =1/12 -> 0.083333333 | M55: =+SUM(E56:L56) -> 17.34 | N55: =+M55/D55 -> 208.08
B56: Trạm 1 | E56: L4 | F56: 17.34
A57: B | B57: VƯỜN CÂY KTCB | N57: =SUBTOTAL(9,N58:N65) -> 546.09524
A58: 1 | B58: Vườn cây năm 2017 | N58: =SUBTOTAL(9,N59:N60) -> 25.761905
A59: 1.1 | B59: Phun thuốc diệt cỏ đại trà | C59: ha | D59: 0.21 | M59: =F60+H60+J60+L60 -> 5.41 | N59: =M59/D59 -> 25.761905
B60: Trạm 2 | E60: X9a | F60: 5.41
A61: 2 | B61: Vườn cây năm 2018 | N61: =+SUBTOTAL(9,N62:N65) -> 520.33333
A62: 2.1 | B62: Phun thuốc diệt cỏ đại trà | C62: ha | D62: 0.21 | M62: =+SUM(E63:L65) -> 109.27 | N62: =M62/D62 -> 520.33333
B63: Trạm 2 | E63: X8b | F63: 3.7 | G63: X11b | H63: 3.55 | I63: X15 | J63: 9.75 | K63: X18 | L63: 20.09
E64: X9a | F64: 5.41 | G64: X12 | H64: 17.63 | I64: X10b | J64: 6.4 | K64: X19 | L64: 7.6
E65: X10a | F65: 6.02 | G65: X13 | H65: 6.78 | I65: X17 | J65: 19.04 | K65: X20a | L65: 3.3
A66: C | B66: CÔNG BẢO VỆ | N66: =+SUBTOTAL(9,N67:N67) -> 208
A67: 1 | B67: Bảo vệ Lào | C67: Công | E67: 2 người * 2,600.000 Kíp/tháng | N67: =2*2600000/25000 -> 208
A68: D | B68: CÔNG VIỆC KHÁC | N68: =SUBTOTAL(9,N69:N70) -> 176
A69: 1 | B69: Đào hố rác khu vực 3 dãy nhà ở công nhân trạm 2 | C69: hố | M69: 3 | N69: =M69*800000/25000 -> 96
A70: 2 | B70: Lót bạt vệ sinh hồ chứa mủ sirum | C70: công | N70: 80
A71: TỔNG CÔNG SẢN PHẨM = A+B+C+D | N71: =SUBTOTAL(9,N12:N70) -> 2466.8971
I72: Đội 6, ngày…...tháng…...năm 2025
A73: PHÓ PHÒNG PHỤ TRÁCH | D73: ĐỘI TRƯỞNG | I73: THỐNG KÊ - TỔNG HỢP
A80: Đoàn nghiệm thu Công ty:
A82: TỔNG GIÁM ĐỐC | C82: PHÒNG TC-KT | G82: PHÒNG TC-HC | J82: PHÒNG KH-XDCB | M82: PHÒNG KT-NN

Sheet TTTX
B1: CỘNG HOÀ DÂN CHỦ NHÂN DÂN LÀO
B2: Hoà bình - Độc Lập - Dân chủ - Thống nhất - Thịnh vượng
B3: ----oOo----
B4: CÔNG TY TNHH CỔ PHẦN QUASA - GERUCO LÀO
B5: ĐỘI SẢN XUẤT SỐ 06
B7: BẢNG THANH TOÁN TIỀN PHỤ CẤP TIỀN XĂNG CB.CNV THÁNG 05 NĂM 2025
A9: STT | B9: Họ và tên | C9: Số ngày | D9: Đơn giá ( Kíp) | E9: Thành tiền ( Kíp) | F9: Ký nhận | G9: Ghi chú
A10: 1 | B10: Trần Quang Thiện | C10: =+VLOOKUP(B10,'[4]CHẤM CÔNG XĂNG'!$C$12:$AM$17,37,0) -> 15 | D10: 20000 | E10: =+C10*D10 -> 300000
A11: 2 | B11: Trần Thanh Hải | C11: =+VLOOKUP(B11,'[4]CHẤM CÔNG XĂNG'!$C$12:$AM$17,37,0) -> 7 | D11: 20000 | E11: =+C11*D11 -> 140000
A12: 3 | B12: Vương Thành Long | C12: =+VLOOKUP(B12,'[4]CHẤM CÔNG XĂNG'!$C$12:$AM$17,37,0) -> 15 | D12: 20000 | E12: =+C12*D12 -> 300000
A13: 4 | B13: Hồ Dũng Cảm | C13: =+VLOOKUP(B13,'[4]CHẤM CÔNG XĂNG'!$C$12:$AM$17,37,0) -> 15 | D13: 20000 | E13: =+C13*D13 -> 300000
A14: 5 | B14: Nguyễn Tất Châu | C14: =+VLOOKUP(B14,'[4]CHẤM CÔNG XĂNG'!$C$12:$AM$17,37,0) -> 15 | D14: 20000 | E14: =+C14*D14 -> 300000
A15: 6 | B15: Nguyễn Phúc Hào | C15: =+VLOOKUP(B15,'[4]CHẤM CÔNG XĂNG'!$C$12:$AM$17,37,0) -> 15 | D15: 20000 | E15: =+C15*D15 -> 300000
A16: Tộng cộng | C16: =SUM(C10:C15) -> 82 | E16: =SUM(E10:E15) -> 1640000
A17: Bằng chữ: Ba triệu bảy trăm hai mươi nghìn kíp
D18: Huyện Nong, ngày 03 tháng 06 năm 2025
A19: P.PHÒNG PHỤ TRÁCH | C19: ĐỘI TRƯỞNG | F19: NGƯỜI LẬP
A27: PHÒNG TC - KT | D27: PHÒNG TC - HC

Sheet CHẤM CÔNG XĂNG
A1: CỘNG HÒA DÂN CHỦ NHÂN DÂN LÀO
A2: Hòa bình - Độc lập - Dân chủ - Thống nhất - Thịnh vượng
A3: -----oOo-----
A4: CÔNG TY TNHH CP QUASA - GERUCO LÀO | AN4: 1 | AO4: 2 | AP4: 3 | AQ4: 4 | AR4: 5 | AS4: 6 | AT4: 7
A5: ĐỘI SẢN XUẤT SỐ 6 | AN5: CN | AO5: Hai | AP5: Ba | AQ5: Tư | AR5: Năm | AS5: Sáu | AT5: Bảy
A7: BẢNG CHẤM CÔNG PHỤ CẤP TIỀN XĂNG THÁNG 05 NĂM 2025
B8: NĂM | C8: 2025
B9: THÁNG | C9: 05
A10: STT | B10: Mã NV | C10: Ngày/thứ Họ và tên | D10: Chức vụ | E10: 1 | F10: 2 | G10: 3 | H10: 4 | I10: 5 | J10: 6 | K10: 7 | L10: 8 | M10: 9 | N10: 10 | O10: 11 | P10: 12 | Q10: 13 | R10: 14 | S10: 15 | T10: 16 | U10: 17 | V10: 18 | W10: 19 | X10: 20 | Y10: 21 | Z10: 22 | AA10: 23 | AB10: 24 | AC10: 25 | AD10: 26 | AE10: 27 | AF10: 28 | AG10: =IF(DAY(DATE(C8,C9+1,1)-1)<29,"",29) -> 29 | AH10: 30 | AI10: 31 | AJ10: Ngày công đi làm | AK10: Ngày nghĩ phép | AL10: Ngày công trực tết | AM10: Tổng cộng | AN10: Ghi chú
E11: =IF(E10="","",HLOOKUP(WEEKDAY(DATE($C$8,$C$9,E10)),$AN$4:$AT$5,2,0)) -> Năm | F11: =IF(F10="","",HLOOKUP(WEEKDAY(DATE($C$8,$C$9,F10)),$AN$4:$AT$5,2,0)) -> Sáu | G11: =IF(G10="","",HLOOKUP(WEEKDAY(DATE($C$8,$C$9,G10)),$AN$4:$AT$5,2,0)) -> Bảy | H11: =IF(H10="","",HLOOKUP(WEEKDAY(DATE($C$8,$C$9,H10)),$AN$4:$AT$5,2,0)) -> CN | I11: =IF(I10="","",HLOOKUP(WEEKDAY(DATE($C$8,$C$9,I10)),$AN$4:$AT$5,2,0)) -> Hai | J11: =IF(J10="","",HLOOKUP(WEEKDAY(DATE($C$8,$C$9,J10)),$AN$4:$AT$5,2,0)) -> Ba | K11: =IF(K10="","",HLOOKUP(WEEKDAY(DATE($C$8,$C$9,K10)),$AN$4:$AT$5,2,0)) -> Tư | L11: =IF(L10="","",HLOOKUP(WEEKDAY(DATE($C$8,$C$9,L10)),$AN$4:$AT$5,2,0)) -> Năm | ... AG11: =IF(AG10="","",HLOOKUP(WEEKDAY(DATE($C$8,$C$9,AG10)),$AN$4:$AT$5,2,0)) -> Năm | AH11: Năm | AI11: =IF(AI10="","",HLOOKUP(WEEKDAY(DATE($C$8,$C$9,AI10)),$AN$4:$AT$5,2,0)) -> Bảy
A12: 1 | C12: Trần Quang Thiện | D12: Đội trưởng | E12: X | F12: X | G12: X | H12: X | I12: X | J12: X | K12: X | L12: X | M12: X | N12: X | O12: X | P12: X | Q12: X | R12: X | S12: X | AJ12: =COUNTIF(E12:AI12,"X") -> 15 | AK12: =COUNTIF(E12:AJ12,"P") -> 0 | AL12: =COUNTIF(E12:AJ12,"TT") -> 0 | AM12: =+AJ12+AL12+AK12 -> 15
A13: 2 | C13: Trần Thanh Hải | D13: Đội Phó | E13: X | F13: X | G13: X | H13: X | I13: X | J13: X | S13: X | AJ13: =COUNTIF(E13:AI13,"X") -> 7 | AK13: =COUNTIF(E13:AJ13,"P") -> 0 | AM13: =+AJ13+AL13+AK13 -> 7
A14: 3 | C14: Vương Thành Long | D14: Đội Phó | E14: X | F14: X | G14: X | H14: X | I14: X | J14: X | K14: X | L14: X | M14: X | N14: X | O14: X | P14: X | Q14: X | R14: X | S14: X | AJ14: =COUNTIF(E14:AI14,"X") -> 15 | AK14: =COUNTIF(E14:AJ14,"P") -> 0 | AL14: =COUNTIF(E14:AJ14,"TT") -> 0 | AM14: =+AJ14+AL14+AK14 -> 15
A15: 4 | C15: Hồ Dũng Cảm | D15: Thống kê - tổng hợp | E15: X | F15: X | G15: X | H15: X | I15: X | J15: X | K15: X | L15: X | M15: X | N15: X | O15: X | P15: X | Q15: X | R15: X | S15: X | AJ15: =COUNTIF(E15:AI15,"X") -> 15 | AK15: =COUNTIF(E15:AJ15,"P") -> 0 | AL15: =COUNTIF(E15:AJ15,"TT") -> 0 | AM15: =+AJ15+AL15+AK15 -> 15
A16: 5 | C16: Nguyễn Tất Châu | D16: Nhân viên kỷ thuật | E16: X | F16: X | G16: X | H16: X | I16: X | J16: X | K16: X | L16: X | M16: X | N16: X | O16: X | P16: X | Q16: X | R16: X | S16: X | AJ16: =COUNTIF(E16:AI16,"X") -> 15 | AM16: =+AJ16+AL16+AK16 -> 15
A17: 6 | C17: Nguyễn Phúc Hào | D17: Nhân viên kỷ thuật | E17: X | F17: X | G17: X | H17: X | I17: X | J17: X | K17: X | L17: X | M17: X | N17: X | O17: X | P17: X | Q17: X | R17: X | S17: X | AJ17: =COUNTIF(E17:AI17,"X") -> 15 | AK17: =COUNTIF(E17:AJ17,"P") -> 0 | AM17: =+AJ17+AL17+AK17 -> 15
A18: TỔNG CỘNG | S18: =COUNTIF(S12:S17,"X") -> 6 | T18: =COUNTIF(T12:T17,"X") -> 0 | U18: =COUNTIF(U12:U17,"X") -> 0 | V18: =COUNTIF(V12:V17,"X") -> 0 | W18: =COUNTIF(W12:W17,"X") -> 0 | X18: =COUNTIF(X12:X17,"X") -> 0 | Y18: =COUNTIF(Y12:Y17,"X") -> 0 | Z18: =COUNTIF(Z12:Z17,"X") -> 0 | ... AI18: =COUNTIF(AI12:AI17,"X") -> 0 | AJ18: =SUM(AJ12:AJ17) -> 82 | AK18: =SUM(AK12:AK15) -> 0 | AL18: =SUM(AL12:AL15) -> 0 | AM18: =SUM(AM12:AM17) -> 82
A19: Ghi chú: | AA19: Huyện Noong, ngày 01 tháng 06 năm 2025
A20: x | B20: Ghi chú: | C20: Ngày công đi làm | D20: P .TC - HC | I20: P.PHÒNG KTNN PHỤ TRÁCH | S20: ĐỘI TRƯỞNG | AB20: NGƯỜI LẬP

Sheet Thanh toán mủ dây
A1: CỘNG HÒA DÂN CHỦ NHÂN DÂN LÀO
A2: Hòa Bình -Độc Lập - Dân Chủ - thống Nhất - Thịnh Vượng
A3: -----oOo-----
A4: CÔNG TY TNHH CP QUASA - GERUCO LÀO
A5: ĐỘI SẢN XUẤT SỐ 6
A7: BẢNG THANH TOÁN TIỀN LƯƠNG MỦ DÂY THÁNG 06 NĂM 2025
A8: (Từ ngày 01 tháng 06 đến ngày 30 tháng 06 năm 2025)
A11: Stt | B11: Họ và tên | C11: Ngày | AG11: Sản lượng mủ dây | AH11: Đơn giá ( Kíp) | AI11: Thành tiền | AJ11: Ký tên
C12: 1 | D12: 2 | E12: 3 | F12: 4 | G12: 5 | H12: 6 | I12: 7 | J12: 8 | K12: 9 | L12: 10 | M12: 11 | N12: 12 | O12: 13 | P12: 14 | Q12: 15 | R12: 16 | S12: 17 | T12: 18 | U12: 19 | V12: 20 | W12: 21 | X12: 22 | Y12: 23 | Z12: 24 | AA12: 25 | AB12: 26 | AC12: 27 | AD12: 28 | AE12: 29 | AF12: 30
A13: 1 | B13: Tà Lọt | T13: 20 | AG13: =+VLOOKUP(B13,'Biểu 2 TH MỦ dây'!$C$11:$AI$87,33,0) -> 27 | AH13: 8000 | AI13: =+AG13*AH13 -> 216000
A14: 2 | B14: A Nhớp | R14: 20 | AG14: =+VLOOKUP(B14,'Biểu 2 TH MỦ dây'!$C$11:$AI$87,33,0) -> 27 | AH14: 8000 | AI14: =+AG14*AH14 -> 216000
A15: 3 | B15: A Chan | Q15: 15 | AG15: =+VLOOKUP(B15,'Biểu 2 TH MỦ dây'!$C$11:$AI$87,33,0) -> 27 | AH15: 8000 | AI15: =+AG15*AH15 -> 216000
A16: 4 | B16: Phò Đưa | Q16: 16 | AG16: =+VLOOKUP(B16,'Biểu 2 TH MỦ dây'!$C$11:$AI$87,33,0) -> 27 | AH16: 8000 | AI16: =+AG16*AH16 -> 216000
A17: 5 | B17: Xúc | S17: 20 | AG17: =+VLOOKUP(B17,'Biểu 2 TH MỦ dây'!$C$11:$AI$87,33,0) -> 27 | AH17: 8000 | AI17: =+AG17*AH17 -> 216000
A18: 6 | B18: Phơ | S18: 12 | AG18: =+VLOOKUP(B18,'Biểu 2 TH MỦ dây'!$C$11:$AI$87,33,0) -> 27 | AH18: 8000 | AI18: =+AG18*AH18 -> 216000
A19: 7 | B19: A Phơ | S19: 21 | AG19: =+VLOOKUP(B19,'Biểu 2 TH MỦ dây'!$C$11:$AI$87,33,0) -> 27 | AH19: 8000 | AI19: =+AG19*AH19 -> 216000
A20: 8 | B20: Phò Lấp | T20: 17 | AG20: =+VLOOKUP(B20,'Biểu 2 TH MỦ dây'!$C$11:$AI$87,33,0) -> 27 | AH20: 8000 | AI20: =+AG20*AH20 -> 216000
A21: 9 | B21: Nang Sun | R21: 20 | AG21: =+VLOOKUP(B21,'Biểu 2 TH MỦ dây'!$C$11:$AI$87,33,0) -> 26 | AH21: 8000 | AI21: =+AG21*AH21 -> 208000
A22: 10 | B22: A Nhem | S22: 10 | AG22: =+VLOOKUP(B22,'Biểu 2 TH MỦ dây'!$C$11:$AI$87,33,0) -> 26 | AH22: 8000 | AI22: =+AG22*AH22 -> 208000
A23: 11 | B23: Ton | R23: 18 | AG23: =+VLOOKUP(B23,'Biểu 2 TH MỦ dây'!$C$11:$AI$87,33,0) -> 25 | AH23: 8000 | AI23: =+AG23*AH23 -> 200000
A24: 12 | B24: Phò Thít | O24: 13 | S24: 6 | AG24: =+VLOOKUP(B24,'Biểu 2 TH MỦ dây'!$C$11:$AI$87,33,0) -> 25 | AH24: 8000 | AI24: =+AG24*AH24 -> 200000
A25: 13 | B25: A Bớp | O25: 12 | AG25: =+VLOOKUP(B25,'Biểu 2 TH MỦ dây'!$C$11:$AI$87,33,0) -> 25 | AH25: 8000 | AI25: =+AG25*AH25 -> 200000
A26: 14 | B26: A Cơ | AG26: =+VLOOKUP(B26,'Biểu 2 TH MỦ dây'!$C$11:$AI$87,33,0) -> 25 | AH26: 8000 | AI26: =+AG26*AH26 -> 200000
A27: 15 | B27: Võ Thị Nguyên | AG27: =+VLOOKUP(B27,'Biểu 2 TH MỦ dây'!$C$11:$AI$87,33,0) -> 25 | AH27: 8000 | AI27: =+AG27*AH27 -> 200000
A28: 16 | B28: Nguyễn Thị Thanh Trà | AG28: =+VLOOKUP(B28,'Biểu 2 TH MỦ dây'!$C$11:$AI$87,33,0) -> 25 | AH28: 8000 | AI28: =+AG28*AH28 -> 200000
A29: 17 | B29: A Han | AG29: =+VLOOKUP(B29,'Biểu 2 TH MỦ dây'!$C$11:$AI$87,33,0) -> 25 | AH29: 8000 | AI29: =+AG29*AH29 -> 200000
A30: 18 | B30: Thảo Bun Ten | AG30: =+VLOOKUP(B30,'Biểu 2 TH MỦ dây'!$C$11:$AI$87,33,0) -> 25 | AH30: 8000 | AI30: =+AG30*AH30 -> 200000
A31: 19 | B31: Nang Đào | AG31: =+VLOOKUP(B31,'Biểu 2 TH MỦ dây'!$C$11:$AI$87,33,0) -> 25 | AH31: 8000 | AI31: =+AG31*AH31 -> 200000
A32: 20 | B32: Phò Nhạt | AG32: =+VLOOKUP(B32,'Biểu 2 TH MỦ dây'!$C$11:$AI$87,33,0) -> 25 | AH32: 8000 | AI32: =+AG32*AH32 -> 200000
A33: 21 | B33: Nang Xây | AG33: =+VLOOKUP(B33,'Biểu 2 TH MỦ dây'!$C$11:$AI$87,33,0) -> 25 | AH33: 8000 | AI33: =+AG33*AH33 -> 200000
A34: 22 | B34: Thảo Anh | AG34: =+VLOOKUP(B34,'Biểu 2 TH MỦ dây'!$C$11:$AI$87,33,0) -> 25 | AH34: 8000 | AI34: =+AG34*AH34 -> 200000
A35: 23 | B35: Húc | AG35: =+VLOOKUP(B35,'Biểu 2 TH MỦ dây'!$C$11:$AI$87,33,0) -> 25 | AH35: 8000 | AI35: =+AG35*AH35 -> 200000
A36: 24 | B36: Thảo Nét | AG36: =+VLOOKUP(B36,'Biểu 2 TH MỦ dây'!$C$11:$AI$87,33,0) -> 25 | AH36: 8000 | AI36: =+AG36*AH36 -> 200000
A37: 25 | B37: Thảo út | AG37: =+VLOOKUP(B37,'Biểu 2 TH MỦ dây'!$C$11:$AI$87,33,0) -> 25 | AH37: 8000 | AI37: =+AG37*AH37 -> 200000
... A75: 63 | B75: Thảo Uổn | AG75: =+VLOOKUP(B75,'Biểu 2 TH MỦ dây'!$C$11:$AI$87,33,0) -> 5 | AH75: 8000 | AI75: =+AG75*AH75 -> 40000
A76: 64 | B76: Nàng Văn | S76: 19 | AG76: =+VLOOKUP(B76,'Biểu 2 TH MỦ dây'!$C$11:$AI$87,33,0) -> 5 | AH76: 8000 | AI76: =+AG76*AH76 -> 40000
A77: 65 | B77: Thảo Chòi | O77: 11 | AG77: =+VLOOKUP(B77,'Biểu 2 TH MỦ dây'!$C$11:$AI$87,33,0) -> 5 | AH77: 8000 | AI77: =+AG77*AH77 -> 40000
A78: 66 | B78: Thảo Chanh | S78: 30 | AG78: =+VLOOKUP(B78,'Biểu 2 TH MỦ dây'!$C$11:$AI$87,33,0) -> 5 | AH78: 8000 | AI78: =+AG78*AH78 -> 40000
A79: 67 | B79: Thảo Sa | S79: 21 | AG79: =+VLOOKUP(B79,'Biểu 2 TH MỦ dây'!$C$11:$AI$87,33,0) -> 5 | AH79: 8000 | AI79: =+AG79*AH79 -> 40000
A80: 68 | B80: Nàng Phôn | S80: 18 | AG80: =+VLOOKUP(B80,'Biểu 2 TH MỦ dây'!$C$11:$AI$87,33,0) -> 5 | AH80: 8000 | AI80: =+AG80*AH80 -> 40000
A81: 69 | B81: Thảo Mon | Q81: 6 | AG81: =+VLOOKUP(B81,'Biểu 2 TH MỦ dây'!$C$11:$AI$87,33,0) -> 5 | AH81: 8000 | AI81: =+AG81*AH81 -> 40000
A82: 70 | B82: Thảo Vông Xay | P82: 5 | AG82: =+VLOOKUP(B82,'Biểu 2 TH MỦ dây'!$C$11:$AI$87,33,0) -> 5 | AH82: 8000 | AI82: =+AG82*AH82 -> 40000
A83: 71 | B83: Nàng Lun | P83: 6 | AG83: =+VLOOKUP(B83,'Biểu 2 TH MỦ dây'!$C$11:$AI$87,33,0) -> 5 | AH83: 8000 | AI83: =+AG83*AH83 -> 40000
A84: 72 | B84: Thảo Vong | Q84: 6 | AG84: =+VLOOKUP(B84,'Biểu 2 TH MỦ dây'!$C$11:$AI$87,33,0) -> 5 | AH84: 8000 | AI84: =+AG84*AH84 -> 40000
A85: 73 | B85: Nàng Veng | P85: 6 | AG85: =+VLOOKUP(B85,'Biểu 2 TH MỦ dây'!$C$11:$AI$87,33,0) -> 5 | AH85: 8000 | AI85: =+AG85*AH85 -> 40000
A86: 74 | B86: Thảo Đuông Chăn | P86: 6 | AG86: =+VLOOKUP(B86,'Biểu 2 TH MỦ dây'!$C$11:$AI$87,33,0) -> 5 | AH86: 8000 | AI86: =+AG86*AH86 -> 40000
A87: 75 | B87: Nàng Peng | Q87: 8 | AG87: =+VLOOKUP(B87,'Biểu 2 TH MỦ dây'!$C$11:$AI$87,33,0) -> 5 | AH87: 8000 | AI87: =+AG87*AH87 -> 40000
A88: 76 | B88: Thảo Xay Tho | Q88: 7 | AG88: =+VLOOKUP(B88,'Biểu 2 TH MỦ dây'!$C$11:$AI$87,33,0) -> 5 | AH88: 8000 | AI88: =+AG88*AH88 -> 40000
A89: 77 | B89: Nàng Xia Lô | AG89: =+VLOOKUP(B89,'Biểu 2 TH MỦ dây'!$C$11:$AI$87,33,0) -> 5 | AH89: 8000 | AI89: =+AG89*AH89 -> 40000
A90: 78 | B90: Trần Quang Thiện | AG90: 1070 | AH90: 700 | AI90: =+AG90*AH90 -> 749000
A91: 79 | B91: Hoàng Tấn Thảo | AG91: 1070 | AH91: 300 | AI91: =+AG91*AH91 -> 321000
A92: 80 | B92: Vương Thanh Long | AG92: 1070 | AH92: 1000 | AI92: =+AG92*AH92 -> 1070000
A93: Tổng | C93: =#REF!+#REF!+#REF!+#REF! -> #REF! | D93: =#REF!+#REF!+#REF!+#REF! -> #REF! | E93: =#REF!+#REF!+#REF!+#REF! -> #REF! | F93: =#REF!+#REF!+#REF!+#REF! -> #REF! | G93: =#REF!+#REF!+#REF!+#REF! -> #REF! | H93: =#REF!+#REF!+#REF!+#REF! -> #REF! | I93: =#REF!+#REF!+#REF!+#REF! -> #REF! | J93: =#REF!+#REF!+#REF!+#REF! -> #REF! | ... AF93: =#REF!+#REF!+#REF!+#REF! -> #REF! | AG93: =+SUM(AG13:AG89) -> 1070 | AI93: =+SUM(AI13:AI92) -> 10700000 | AK93: =+AG93*9000 -> 9630000
A94: Số tiền bằng chữ: Mười triệu bảy trăm nghìn kíp | AM94: =+AG93*9000 -> 9630000
AD96: Huyện Noong, ngày 02 tháng 07 năm 2025
A98: TỔNG GIÁM ĐỐC PHÒNG TC - KT PHÒNG TC - HC P.PHÒNG PHỤ TRÁCH ĐỘI TRƯỞNG NGƯỜI LẬP

Sheet THUÊ TNCN
A1: CỘNG HÒA DÂN CHỦ NHÂN DÂN LÀO
A2: Hòa Bình - Độc Lập - Dân Chủ - Thống Nhất - Thịnh Vượng
A3: ----- o0o-----
A5: CÔNG TY TNHH MTV QUASA - GERUCO LÀO
A6: ĐỘI SẢN XUẤT SỐ 6
A8: DANH SÁCH CB.CNV NỘP THUẾ TNCN THÁNG 06/2025
A10: STT | B10: HỌ VÀ TÊN | C10: CHỨC VỤ | D10: LƯƠNG | E10: Thuế TNCN | F10: Ghi chú
A12: 1 | B12: Võ Thị Nguyên | C12: CNKT | D12: =+VLOOKUP(B12,'Phụ cấp người việt'!$B$12:$F$12,5,0) -> 2400000 | E12: =IF(D12>65000000,((D12-65000000)*25%+10685000),IF(D12>25000000,((D12-25000000)*20%+2685000),IF(D12>15000000,((D12-15000000)*15%+1185000),IF(D12>5000000,(D12-5000000)*10%+185000,IF(D12>1300000,(D12-1300000)*5%,0))))) -> 55000
A13: 2 | B13: Nguyễn Thị Thanh Trà | C13: CNKT | D13: =+VLOOKUP(B13,'Phụ cấp người việt'!B13:F13,5,0) -> 2400000 | E13: =IF(D13>65000000,((D13-65000000)*25%+10685000),IF(D13>25000000,((D13-25000000)*20%+2685000),IF(D13>15000000,((D13-15000000)*15%+1185000),IF(D13>5000000,(D13-5000000)*10%+185000,IF(D13>1300000,(D13-1300000)*5%,0))))) -> 55000
A14: Tổng cộng | D14: =SUM(D12:D13) -> 4800000 | E14: =SUM(E12:E13) -> 110000
A15: Số tiền bằng chữ: Một trăm mười nghìn kíp
D16: Huyện Noong, ngày 02 tháng 07 năm 2025
A17: PHÒNG TC - KT | D17: PHÒNG TC - HC | E17: ĐỘI TRƯỞNG

Sheet Phụ cấp người việt
A1: CỘNG HÒA DÂN CHỦ NHÂN DÂN LÀO
A2: Hòa Bình - Độc Lập - Dân Chủ - Thống Nhất - Thịnh Vượng
A3: ----- o0o-----
A5: CÔNG TY TNHH MTV QUASA - GERUCO LÀO
A6: ĐỘI SẢN XUẤT SỐ 6
A8: BẢNG THANH TOÁN TIỀN PHỤ CẤP THÁNG 06 NĂM 2025
I9: ĐVT : Kíp
A10: STT | B10: Tên Công nhân | C10: Chức Vụ | D10: Ngày công | E10: Đơn giá | F10: Thành tiền | G10: Thuế TNCN | H10: Thực nhận | I10: Ký nhận | J10: Ghi chú
A12: 1 | B12: =+'[4]CHẤM CÔNG '!C26 -> Võ Thị Nguyên | C12: CNKT | D12: =+VLOOKUP(B12,'Biểu 1 TH CÔNG'!$C$25:$AO$26,39,0) -> 30 | E12: 80000 | F12: =D12*E12 -> 2400000 | G12: =IF(F12>65000000,((F12-65000000)*25%+10685000),IF(F12>25000000,((F12-25000000)*20%+2685000),IF(F12>15000000,((F12-15000000)*15%+1185000),IF(F12>5000000,(F12-5000000)*10%+185000,IF(F12>1300000,(F12-1300000)*5%,0))))) -> 55000 | H12: =+F12-G12 -> 2345000
A13: 2 | B13: =+'[4]CHẤM CÔNG '!C27 -> Nguyễn Thị Thanh Trà | C13: CNKT | D13: =+VLOOKUP(B13,'Biểu 1 TH CÔNG'!$C$25:$AO$26,39,0) -> 30 | E13: 80000 | F13: =D13*E13 -> 2400000 | G13: =IF(F13>65000000,((F13-65000000)*25%+10685000),IF(F13>25000000,((F13-25000000)*20%+2685000),IF(F13>15000000,((F13-15000000)*15%+1185000),IF(F13>5000000,(F13-5000000)*10%+185000,IF(F13>1300000,(F13-1300000)*5%,0))))) -> 55000 | H13: =+F13-G13 -> 2345000
A14: Tổng cộng | D14: =SUM(D12:D13) -> 60 | F14: =SUM(F12:F13) -> 4800000 | G14: =SUM(G12:G13) -> 110000 | H14: =SUM(H12:H13) -> 4690000
A15: Số tiền bằng chữ: Bốn triệu tám trăm nghìn kíp
G16: Huyện Noong, ngày 02 tháng 07 năm 2025
A17: TỔNG GIÁM ĐỐC | C17: PHÒNG TC - KT | E17: PHÒNG TC - HC | G17: P.PHÒNG PHỤ TRÁCH | I17: ĐỘI TRƯỞNG NGƯỜI LẬP | M17: P.PHÒNG PHỤ TRÁCH | P17: ĐỘI TRƯỞNG NGƯỜI LẬP

Sheet chấm công  nv đội 6
B1: CỘNG HOÀ DÂN CHỦ NHÂN DÂN LÀO | AO1: 1 | AP1: 2 | AQ1: 3 | AR1: 4 | AS1: 5 | AT1: 6 | AU1: 7
B2: Hoà bình - Độc lập - Dân chủ - Thống nhất - Thịnh vượng | AO2: CN | AP2: Hai | AQ2: Ba | AR2: Tư | AS2: Năm | AT2: Sáu | AU2: Bảy
B3: ----oOo----
B4: CÔNG TY TNHH MTV QUASA - GERUCO LÀO
B5: ĐỘI SẢN XUẤT SỐ 06
E6: BẢNG CHẤM CÔNG
B7: NĂM | D7: 2025 | E7: ="Tháng "&IF(LEN($D$8)=1,"0"&$D$8,$D$8)&" năm "&D7 -> Tháng 06 năm 2025
B8: THÁNG | D8: 6
B9: STT | C9: Họ và tên | D9: Chức vụ | E9: 1 | F9: 2 | G9: 3 | H9: 4 | I9: 5 | J9: 6 | K9: 7 | L9: 8 | M9: 9 | N9: 10 | O9: 11 | P9: 12 | Q9: 13 | R9: 14 | S9: 15 | T9: 16 | U9: 17 | V9: 18 | W9: 19 | X9: 20 | Y9: 21 | Z9: 22 | AA9: 23 | AB9: 24 | AC9: 25 | AD9: 26 | AE9: 27 | AF9: 28 | AG9: =IF(DAY(DATE(D7,D8+1,1)-1)<29,"",29) -> 29 | AH9: 30 | AI9: 31 | AJ9: Ngày công | AK9: Tổng công trực tết | AL9: Ghi chú
E10: =IF(E9="","",HLOOKUP(WEEKDAY(DATE($D$7,$D$8,E9)),$AO$1:$AU$2,2,0)) -> CN | F10: =IF(F9="","",HLOOKUP(WEEKDAY(DATE($D$7,$D$8,F9)),$AO$1:$AU$2,2,0)) -> Hai | G10: =IF(G9="","",HLOOKUP(WEEKDAY(DATE($D$7,$D$8,G9)),$AO$1:$AU$2,2,0)) -> Ba | H10: =IF(H9="","",HLOOKUP(WEEKDAY(DATE($D$7,$D$8,H9)),$AO$1:$AU$2,2,0)) -> Tư | I10: =IF(I9="","",HLOOKUP(WEEKDAY(DATE($D$7,$D$8,I9)),$AO$1:$AU$2,2,0)) -> Năm | J10: =IF(J9="","",HLOOKUP(WEEKDAY(DATE($D$7,$D$8,J9)),$AO$1:$AU$2,2,0)) -> Sáu | K10: =IF(K9="","",HLOOKUP(WEEKDAY(DATE($D$7,$D$8,K9)),$AO$1:$AU$2,2,0)) -> Bảy | L10: =IF(L9="","",HLOOKUP(WEEKDAY(DATE($D$7,$D$8,L9)),$AO$1:$AU$2,2,0)) -> CN | ... AI10: =IF(AI9="","",HLOOKUP(WEEKDAY(DATE($D$7,$D$8,AI9)),$AO$1:$AU$2,2,0)) -> Ba
B11: 1 | C11: Trần Quang Thiện | D11: Đội trưởng | E11: =IF(WEEKDAY(DATE($D$7,$D$8,E$9),2)>'[5]Khai báo'!$B$4,"","X") | F11: =IF(WEEKDAY(DATE($D$7,$D$8,F$9),2)>'[5]Khai báo'!$B$4,"","X") -> X | G11: =IF(WEEKDAY(DATE($D$7,$D$8,G$9),2)>'[5]Khai báo'!$B$4,"","X") -> X | H11: =IF(WEEKDAY(DATE($D$7,$D$8,H$9),2)>'[5]Khai báo'!$B$4,"","X") -> X | I11: =IF(WEEKDAY(DATE($D$7,$D$8,I$9),2)>'[5]Khai báo'!$B$4,"","X") -> X | J11: =IF(WEEKDAY(DATE($D$7,$D$8,J$9),2)>'[5]Khai báo'!$B$4,"","X") -> X | K11: X | L11: =IF(WEEKDAY(DATE($D$7,$D$8,L$9),2)>'[5]Khai báo'!$B$4,"","X") | M11: X | N11: X | O11: X | P11: X | Q11: X | R11: =IF(WEEKDAY(DATE($D$7,$D$8,R$9),2)>'[5]Khai báo'!$B$4,"","X") -> X | S11: =IF(WEEKDAY(DATE($D$7,$D$8,S$9),2)>'[5]Khai báo'!$B$4,"","X") | T11: =IF(WEEKDAY(DATE($D$7,$D$8,T$9),2)>'[5]Khai báo'!$B$4,"","X") -> X | U11: =IF(WEEKDAY(DATE($D$7,$D$8,U$9),2)>'[5]Khai báo'!$B$4,"","X") -> X | V11: =IF(WEEKDAY(DATE($D$7,$D$8,V$9),2)>'[5]Khai báo'!$B$4,"","X") -> X | W11: =IF(WEEKDAY(DATE($D$7,$D$8,W$9),2)>'[5]Khai báo'!$B$4,"","X") -> X | X11: =IF(WEEKDAY(DATE($D$7,$D$8,X$9),2)>'[5]Khai báo'!$B$4,"","X") -> X | Y11: =IF(WEEKDAY(DATE($D$7,$D$8,Y$9),2)>'[5]Khai báo'!$B$4,"","X") -> X | ... AH11: =IF(WEEKDAY(DATE($D$7,$D$8,AH$9),2)>'[5]Khai báo'!$B$4,"","X") -> X | AJ11: =COUNTIF(E11:AI11,"X")+COUNTIF(E11:AI11,"P")+COUNTIF(E11:AI11,"PT") -> 25 | AK11: =COUNTIF(E11:AI11,"TT") -> 0 | AW11: =+AK11-#REF! -> #REF!
B12: 2 | C12: Trần Thanh Hải | D12: Đội Phó | E12: =IF(WEEKDAY(DATE($D$7,$D$8,E$9),2)>'[5]Khai báo'!$B$4,"","X") | F12: X | G12: X | H12: X | I12: X | J12: =IF(WEEKDAY(DATE($D$7,$D$8,J$9),2)>'[5]Khai báo'!$B$4,"","X") -> X | K12: =IF(WEEKDAY(DATE($D$7,$D$8,K$9),2)>'[5]Khai báo'!$B$4,"","X") -> X | L12: =IF(WEEKDAY(DATE($D$7,$D$8,L$9),2)>'[5]Khai báo'!$B$4,"","X") | M12: =IF(WEEKDAY(DATE($D$7,$D$8,M$9),2)>'[5]Khai báo'!$B$4,"","X") -> X | N12: =IF(WEEKDAY(DATE($D$7,$D$8,N$9),2)>'[5]Khai báo'!$B$4,"","X") -> X | O12: =IF(WEEKDAY(DATE($D$7,$D$8,O$9),2)>'[5]Khai báo'!$B$4,"","X") -> X | P12: =IF(WEEKDAY(DATE($D$7,$D$8,P$9),2)>'[5]Khai báo'!$B$4,"","X") -> X | Q12: =IF(WEEKDAY(DATE($D$7,$D$8,Q$9),2)>'[5]Khai báo'!$B$4,"","X") -> X | ... AH12: =IF(WEEKDAY(DATE($D$7,$D$8,AH$9),2)>'[5]Khai báo'!$B$4,"","X") -> X | AJ12: =COUNTIF(E12:AI12,"X")+COUNTIF(E12:AI12,"P")+COUNTIF(E12:AI12,"PT") -> 25 | AK12: =COUNTIF(E12:AI12,"TT") -> 0 | AW12: =+AK12-#REF! -> #REF!
B13: 3 | C13: Vương Thành Long | D13: Đội Phó | E13: =IF(WEEKDAY(DATE($D$7,$D$8,E$9),2)>'[5]Khai báo'!$B$4,"","X") | F13: =IF(WEEKDAY(DATE($D$7,$D$8,F$9),2)>'[5]Khai báo'!$B$4,"","X") -> X | G13: =IF(WEEKDAY(DATE($D$7,$D$8,G$9),2)>'[5]Khai báo'!$B$4,"","X") -> X | H13: =IF(WEEKDAY(DATE($D$7,$D$8,H$9),2)>'[5]Khai báo'!$B$4,"","X") -> X | I13: =IF(WEEKDAY(DATE($D$7,$D$8,I$9),2)>'[5]Khai báo'!$B$4,"","X") -> X | J13: =IF(WEEKDAY(DATE($D$7,$D$8,J$9),2)>'[5]Khai báo'!$B$4,"","X") -> X | K13: P | L13: =IF(WEEKDAY(DATE($D$7,$D$8,L$9),2)>'[5]Khai báo'!$B$4,"","X") | M13: P | N13: P | O13: P | P13: P | Q13: P | R13: P | S13: =IF(WEEKDAY(DATE($D$7,$D$8,S$9),2)>'[5]Khai báo'!$B$4,"","X") | T13: =IF(WEEKDAY(DATE($D$7,$D$8,T$9),2)>'[5]Khai báo'!$B$4,"","X") -> X | U13: =IF(WEEKDAY(DATE($D$7,$D$8,U$9),2)>'[5]Khai báo'!$B$4,"","X") -> X | V13: =IF(WEEKDAY(DATE($D$7,$D$8,V$9),2)>'[5]Khai báo'!$B$4,"","X") -> X | W13: =IF(WEEKDAY(DATE($D$7,$D$8,W$9),2)>'[5]Khai báo'!$B$4,"","X") -> X | X13: =IF(WEEKDAY(DATE($D$7,$D$8,X$9),2)>'[5]Khai báo'!$B$4,"","X") -> X | Y13: =IF(WEEKDAY(DATE($D$7,$D$8,Y$9),2)>'[5]Khai báo'!$B$4,"","X") -> X | Z13: =IF(WEEKDAY(DATE($D$7,$D$8,Z$9),2)>'[5]Khai báo'!$B$4,"","X") | ... AG13: =IF(WEEKDAY(DATE($D$7,$D$8,AG$9),2)>'[5]Khai báo'!$B$4,"","X") | AH13: P | AJ13: =COUNTIF(E13:AI13,"X")+COUNTIF(E13:AI13,"P")+COUNTIF(E13:AI13,"PT") -> 25 | AK13: =COUNTIF(E13:AI13,"TT") -> 0 | AW13: =+AK13-#REF! -> #REF!
B14: 4 | C14: Hồ Dũng Cảm | D14: Thống kê - tổng hơp | E14: =IF(WEEKDAY(DATE($D$7,$D$8,E$9),2)>'[5]Khai báo'!$B$4,"","X") | F14: =IF(WEEKDAY(DATE($D$7,$D$8,F$9),2)>'[5]Khai báo'!$B$4,"","X") -> X | G14: =IF(WEEKDAY(DATE($D$7,$D$8,G$9),2)>'[5]Khai báo'!$B$4,"","X") -> X | H14: =IF(WEEKDAY(DATE($D$7,$D$8,H$9),2)>'[5]Khai báo'!$B$4,"","X") -> X | I14: =IF(WEEKDAY(DATE($D$7,$D$8,I$9),2)>'[5]Khai báo'!$B$4,"","X") -> X | J14: =IF(WEEKDAY(DATE($D$7,$D$8,J$9),2)>'[5]Khai báo'!$B$4,"","X") -> X | K14: =IF(WEEKDAY(DATE($D$7,$D$8,K$9),2)>'[5]Khai báo'!$B$4,"","X") -> X | L14: =IF(WEEKDAY(DATE($D$7,$D$8,L$9),2)>'[5]Khai báo'!$B$4,"","X") | ... U14: =IF(WEEKDAY(DATE($D$7,$D$8,U$9),2)>'[5]Khai báo'!$B$4,"","X") -> X | V14: P | W14: P | X14: P | Y14: P | Z14: =IF(WEEKDAY(DATE($D$7,$D$8,Z$9),2)>'[5]Khai báo'!$B$4,"","X") | AA14: P | AB14: P | AC14: P | AD14: P | AE14: P | AF14: =IF(WEEKDAY(DATE($D$7,$D$8,AF$9),2)>'[5]Khai báo'!$B$4,"","X") -> X | AG14: =IF(WEEKDAY(DATE($D$7,$D$8,AG$9),2)>'[5]Khai báo'!$B$4,"","X") | AH14: =IF(WEEKDAY(DATE($D$7,$D$8,AH$9),2)>'[5]Khai báo'!$B$4,"","X") -> X | AJ14: =COUNTIF(E14:AI14,"X")+COUNTIF(E14:AI14,"P")+COUNTIF(E14:AI14,"PT") -> 25 | AK14: =COUNTIF(E14:AI14,"TT") -> 0 | AW14: =+AK14-#REF! -> #REF!
B15: 5 | C15: Nguyễn Tất Châu | D15: Nhân viên kỹ thuật | E15: =IF(WEEKDAY(DATE($D$7,$D$8,E$9),2)>'[5]Khai báo'!$B$4,"","X") | F15: =IF(WEEKDAY(DATE($D$7,$D$8,F$9),2)>'[5]Khai báo'!$B$4,"","X") -> X | G15: =IF(WEEKDAY(DATE($D$7,$D$8,G$9),2)>'[5]Khai báo'!$B$4,"","X") -> X | H15: =IF(WEEKDAY(DATE($D$7,$D$8,H$9),2)>'[5]Khai báo'!$B$4,"","X") -> X | I15: =IF(WEEKDAY(DATE($D$7,$D$8,I$9),2)>'[5]Khai báo'!$B$4,"","X") -> X | J15: =IF(WEEKDAY(DATE($D$7,$D$8,J$9),2)>'[5]Khai báo'!$B$4,"","X") -> X | K15: =IF(WEEKDAY(DATE($D$7,$D$8,K$9),2)>'[5]Khai báo'!$B$4,"","X") -> X | L15: =IF(WEEKDAY(DATE($D$7,$D$8,L$9),2)>'[5]Khai báo'!$B$4,"","X") | ... AH15: =IF(WEEKDAY(DATE($D$7,$D$8,AH$9),2)>'[5]Khai báo'!$B$4,"","X") -> X | AJ15: =COUNTIF(E15:AI15,"X")+COUNTIF(E15:AI15,"P")+COUNTIF(E15:AI15,"PT") -> 25 | AK15: =COUNTIF(E15:AI15,"TT") -> 0 | AW15: =+AK15-#REF! -> #REF!
B16: 6 | C16: Nguyễn Phúc Hào | D16: Nhân viên kỹ thuật | F16: =IF(WEEKDAY(DATE($D$7,$D$8,F$9),2)>'[5]Khai báo'!$B$4,"","X") -> X | G16: =IF(WEEKDAY(DATE($D$7,$D$8,G$9),2)>'[5]Khai báo'!$B$4,"","X") -> X | H16: =IF(WEEKDAY(DATE($D$7,$D$8,H$9),2)>'[5]Khai báo'!$B$4,"","X") -> X | I16: =IF(WEEKDAY(DATE($D$7,$D$8,I$9),2)>'[5]Khai báo'!$B$4,"","X") -> X | J16: =IF(WEEKDAY(DATE($D$7,$D$8,J$9),2)>'[5]Khai báo'!$B$4,"","X") -> X | K16: =IF(WEEKDAY(DATE($D$7,$D$8,K$9),2)>'[5]Khai báo'!$B$4,"","X") -> X | L16: =IF(WEEKDAY(DATE($D$7,$D$8,L$9),2)>'[5]Khai báo'!$B$4,"","X") | M16: =IF(WEEKDAY(DATE($D$7,$D$8,M$9),2)>'[5]Khai báo'!$B$4,"","X") -> X | ... AH16: =IF(WEEKDAY(DATE($D$7,$D$8,AH$9),2)>'[5]Khai báo'!$B$4,"","X") -> X | AJ16: =COUNTIF(E16:AI16,"X")+COUNTIF(E16:AI16,"P")+COUNTIF(E16:AI16,"PT") -> 25
B17: 7 | C17: Nguyễn Thị Thu Hiền | D17: Cấp dưỡng | E17: =IF(WEEKDAY(DATE($D$7,$D$8,E$9),2)>'[5]Khai báo'!$B$4,"","X") | F17: =IF(WEEKDAY(DATE($D$7,$D$8,F$9),2)>'[5]Khai báo'!$B$4,"","X") -> X | G17: =IF(WEEKDAY(DATE($D$7,$D$8,G$9),2)>'[5]Khai báo'!$B$4,"","X") -> X | H17: =IF(WEEKDAY(DATE($D$7,$D$8,H$9),2)>'[5]Khai báo'!$B$4,"","X") -> X | I17: =IF(WEEKDAY(DATE($D$7,$D$8,I$9),2)>'[5]Khai báo'!$B$4,"","X") -> X | J17: =IF(WEEKDAY(DATE($D$7,$D$8,J$9),2)>'[5]Khai báo'!$B$4,"","X") -> X | K17: =IF(WEEKDAY(DATE($D$7,$D$8,K$9),2)>'[5]Khai báo'!$B$4,"","X") -> X | L17: =IF(WEEKDAY(DATE($D$7,$D$8,L$9),2)>'[5]Khai báo'!$B$4,"","X") | ... AH17: =IF(WEEKDAY(DATE($D$7,$D$8,AH$9),2)>'[5]Khai báo'!$B$4,"","X") -> X | AJ17: =COUNTIF(E17:AI17,"X")+COUNTIF(E17:AI17,"P")+COUNTIF(E17:AI17,"PT") -> 25 | AK17: =COUNTIF(E17:AI17,"TT") -> 0 | AW17: =+AK17-#REF! -> #REF!
B18: Tổng công | E18: =COUNTIF(E11:E17,"X")+COUNTIF(E11:E17,"P") -> 0 | F18: =COUNTIF(F11:F17,"X")+COUNTIF(F11:F17,"P") -> 7 | G18: =COUNTIF(G11:G17,"X")+COUNTIF(G11:G17,"P") -> 7 | H18: =COUNTIF(H11:H17,"X")+COUNTIF(H11:H17,"P") -> 7 | I18: =COUNTIF(I11:I17,"X")+COUNTIF(I11:I17,"P") -> 7 | J18: =COUNTIF(J11:J17,"X")+COUNTIF(J11:J17,"P") -> 7 | K18: =COUNTIF(K11:K17,"X")+COUNTIF(K11:K17,"P") -> 7 | L18: =COUNTIF(L11:L17,"X")+COUNTIF(L11:L17,"P") -> 0 | ... AI18: =COUNTIF(AI11:AI17,"X")+COUNTIF(AI11:AI17,"P") -> 0 | AJ18: =SUM(AJ11:AJ17) -> 175 | AK18: =SUM(#REF!,#REF!,#REF!,#REF!) -> #REF! | AW18: =18*7 -> 126
A19: Ghi chú: | C19: X: ngày làm việc
C20: P: Phép
C21: TR: Trễ phép
C22: TR: Trễ phép | AA22: Huyện Noong, ngày 02 tháng 07 năm 2025
A23: PHÒNG TC - HC | I23: P.PHÒNG PHỤ TRÁCH | V23: ĐỘI TRƯỞNG | AF23: NGƯỜI LẬP
I30: Hoàng Tấn Thảo | V30: Trần Quang Thiện | AE30: Hồ Dũng Cảm

Sheet Phu cấp cây non
A1: CỘNG HÒA DÂN CHỦ NHÂN DÂN LÀO
A2: Hòa bình - Độc lập - Dân chủ - Thống nhất - Thịnh vượng
A3: ----oOo----
A4: CÔNG TY TNHH MTV QUASA-GERUCO LÀO
A5: ĐỘI SẢN XUẤT SỐ 6
A7: BẢNG CHẤM CÔNG PHỤ CẤP CÂY NON KHAI THÁC THÁNG 6 NĂM 2025
A9: Stt | B9: Họ và tên | C9: Ngày công | AH9: Tổng ngày công đi cạo | AI9: Ký tên
C10: 1 | D10: 2 | E10: 3 | F10: 4 | G10: 5 | H10: 6 | I10: 7 | J10: 8 | K10: 9 | L10: 10 | M10: 11 | N10: 12 | O10: 13 | P10: 14 | Q10: 15 | R10: 16 | S10: 17 | T10: 18 | U10: 19 | V10: 20 | W10: 21 | X10: 22 | Y10: 23 | Z10: 24 | AA10: 25 | AB10: 26 | AC10: 27 | AD10: 28 | AE10: 29 | AF10: 30
A11: II | B11: TRẠM 2 | C11: =COUNTIF(C12:C17,"x")+COUNTIF(C12:C17,"cn")+COUNTIF(C12:C17,"cnđ")+COUNTIF(C12:C17,"đ") -> 6 | D11: =COUNTIF(D12:D17,"x")+COUNTIF(D12:D17,"cn")+COUNTIF(D12:D17,"cnđ")+COUNTIF(D12:D17,"đ") -> 6 | E11: =COUNTIF(E12:E17,"x")+COUNTIF(E12:E17,"cn")+COUNTIF(E12:E17,"cnđ")+COUNTIF(E12:E17,"đ") -> 6 | F11: =COUNTIF(F12:F17,"x")+COUNTIF(F12:F17,"cn")+COUNTIF(F12:F17,"cnđ")+COUNTIF(F12:F17,"đ") -> 6 | G11: =COUNTIF(G12:G17,"x")+COUNTIF(G12:G17,"cn")+COUNTIF(G12:G17,"cnđ")+COUNTIF(G12:G17,"đ") -> 6 | H11: =COUNTIF(H12:H17,"x")+COUNTIF(H12:H17,"cn")+COUNTIF(H12:H17,"cnđ")+COUNTIF(H12:H17,"đ") -> 6 | I11: =COUNTIF(I12:I17,"x")+COUNTIF(I12:I17,"cn")+COUNTIF(I12:I17,"cnđ")+COUNTIF(I12:I17,"đ") -> 6 | J11: =COUNTIF(J12:J17,"x")+COUNTIF(J12:J17,"cn")+COUNTIF(J12:J17,"cnđ")+COUNTIF(J12:J17,"đ") -> 6 | ... AG11: =COUNTIF(AG12:AG17,"x")+COUNTIF(AG12:AG17,"cn")+COUNTIF(AG12:AG17,"cnđ")+COUNTIF(AG12:AG17,"đ") -> 0 | AH11: =SUM(AH12:AH17) -> 174
A12: 1 | B12: =+'[6]Biểu 1 TH CÔNG copy'!C83 -> Thảo Vong | C12: x | D12: x | E12: x | F12: x | G12: x | H12: x | I12: x | J12: x | K12: x | L12: x | M12: x | O12: x | P12: x | Q12: x | R12: x | S12: x | T12: x | U12: x | V12: x | W12: x | X12: x | Y12: x | Z12: x | AA12: x | AB12: x | AC12: x | AD12: x | AE12: x | AF12: x | AH12: =COUNTIF(C12:AG12,"X") -> 29
A13: 2 | B13: =+'[6]Biểu 1 TH CÔNG copy'!C84 -> Nàng Veng | C13: x | D13: x | E13: x | F13: x | G13: x | H13: x | I13: x | J13: x | K13: x | L13: x | M13: x | O13: x | P13: x | Q13: x | R13: x | S13: x | T13: x | U13: x | V13: x | W13: x | X13: x | Y13: x | Z13: x | AA13: x | AB13: x | AC13: x | AD13: x | AE13: x | AF13: x | AH13: =COUNTIF(C13:AG13,"X") -> 29
A14: 3 | B14: =+'[6]Biểu 1 TH CÔNG copy'!C85 -> Thảo Đuông Chăn | C14: x | D14: x | E14: x | F14: x | G14: x | H14: x | I14: x | J14: x | K14: x | L14: x | M14: x | O14: x | P14: x | Q14: x | R14: x | S14: x | T14: x | U14: x | V14: x | W14: x | X14: x | Y14: x | Z14: x | AA14: x | AB14: x | AC14: x | AD14: x | AE14: x | AF14: x | AH14: =COUNTIF(C14:AG14,"X") -> 29
A15: 4 | B15: =+'[6]Biểu 1 TH CÔNG copy'!C86 -> Nàng Peng | C15: x | D15: x | E15: x | F15: x | G15: x | H15: x | I15: x | J15: x | K15: x | L15: x | M15: x | O15: x | P15: x | Q15: x | R15: x | S15: x | T15: x | U15: x | V15: x | W15: x | X15: x | Y15: x | Z15: x | AA15: x | AB15: x | AC15: x | AD15: x | AE15: x | AF15: x | AH15: =COUNTIF(C15:AG15,"X") -> 29
A16: 5 | B16: =+'[6]Biểu 1 TH CÔNG copy'!C87 -> Thảo Xay Tho | C16: x | D16: x | E16: x | F16: x | G16: x | H16: x | I16: x | J16: x | K16: x | L16: x | M16: x | O16: x | P16: x | Q16: x | R16: x | S16: x | T16: x | U16: x | V16: x | W16: x | X16: x | Y16: x | Z16: x | AA16: x | AB16: x | AC16: x | AD16: x | AE16: x | AF16: x | AH16: =COUNTIF(C16:AG16,"X") -> 29
A17: 6 | B17: =+'[6]Biểu 1 TH CÔNG copy'!C88 -> Nàng Xia Lô | C17: x | D17: x | E17: x | F17: x | G17: x | H17: x | I17: x | J17: x | K17: x | L17: x | M17: x | O17: x | P17: x | Q17: x | R17: x | S17: x | T17: x | U17: x | V17: x | W17: x | X17: x | Y17: x | Z17: x | AA17: x | AB17: x | AC17: x | AD17: x | AE17: x | AF17: x | AH17: =COUNTIF(C17:AG17,"X") -> 29
B18: TỔNG CỘNG | C18: =+C11 -> 6 | D18: =+D11 -> 6 | E18: =+E11 -> 6 | F18: =+F11 -> 6 | G18: =+G11 -> 6 | H18: =+H11 -> 6 | I18: =+I11 -> 6 | J18: =+J11 -> 6 | ... AH18: =+AH11 -> 174
B19: Ghi chú:
B20: x: Ngày công cạo thường
B21: cn: Ngày công cạo chủ nhật
AC22: Huyện Noong, ngày 30 tháng 06 năm 2025
B23: TỔNG GIÁM ĐỐC | H23: PHÒNG TC-HC | N23: PHÒNG KT-NN | T23: PHÓ PHÒNG PHỤ TRÁCH | AB23: ĐỘI TRƯỞNG | AF23: NGƯỜI LẬP

Sheet Biểu 2 TH MỦ dây
A1: CỘNG HÒA DÂN CHỦ NHÂN DÂN LÀO
A2: Hòa bình - Độc lập - Dân chủ - Thống nhất - Thịnh vượng
A4: CÔNG TY TNHH MTV QUASA-GERUCO LÀO
A5: ĐỘI SẢN XUẤT SỐ 6
A7: BẢNG THEO DÕI SẢN LƯỢNG MỦ DÂY THÁNG 6 NĂM 2025
AI8: Biểu 2
A9: Stt | C9: Họ và tên | D9: Ngày công | AI9: Tổng mủ dây | AJ9: DRC bình quân | AK9: Mủ dây quy khô (DRC công nhân) | AL9: Xếp hạng kỹ thuật | AM9: Ký tên CN
D10: 1 | E10: 2 | F10: 3 | G10: 4 | H10: 5 | I10: 6 | J10: 7 | K10: 8 | L10: 9 | M10: 10 | N10: 11 | O10: 12 | P10: 13 | Q10: 14 | R10: 15 | S10: 16 | T10: 17 | U10: 18 | V10: 19 | W10: 20 | X10: 21 | Y10: 22 | Z10: 23 | AA10: 24 | AB10: 25 | AC10: 26 | AD10: 27 | AE10: 28 | AF10: 29 | AG10: 30 | AH10: 31
A11: 1 | C11: =+'[6]Biểu 1 TH CÔNG copy'!C11 -> Tà Lọt | K11: 16 | R11: 4 | AB11: 7 | AI11: =SUM(D11:AH11) -> 27 | AK11: =AI11*AJ11/100 -> 0
A12: 2 | C12: =+'[6]Biểu 1 TH CÔNG copy'!C12 -> A Nhớp | K12: 16 | R12: 4 | AB12: 7 | AI12: =SUM(D12:AH12) -> 27 | AK12: =AI12*AJ12/100 -> 0 | AO12: 46.656799
A13: 3 | C13: =+'[6]Biểu 1 TH CÔNG copy'!C13 -> A Chan | K13: 16 | R13: 4 | AB13: 7 | AI13: =SUM(D13:AH13) -> 27 | AK13: =AI13*AJ13/100 -> 0 | AO13: =AO12/100 -> 0.46656799
A14: 4 | C14: =+'[6]Biểu 1 TH CÔNG copy'!C14 -> Phò Đưa | K14: 16 | R14: 4 | AB14: 7 | AI14: =SUM(D14:AH14) -> 27 | AK14: =AI14*AJ14/100 -> 0
A15: 5 | C15: =+'[6]Biểu 1 TH CÔNG copy'!C15 -> Xúc | K15: 16 | R15: 4 | AB15: 7 | AI15: =SUM(D15:AH15) -> 27 | AK15: =AI15*AJ15/100 -> 0
A16: 6 | C16: =+'[6]Biểu 1 TH CÔNG copy'!C16 -> Phơ | K16: 16 | R16: 4 | AB16: 7 | AI16: =SUM(D16:AH16) -> 27 | AK16: =AI16*AJ16/100 -> 0
A17: 7 | C17: =+'[6]Biểu 1 TH CÔNG copy'!C17 -> A Phơ | K17: 16 | R17: 4 | AB17: 7 | AI17: =SUM(D17:AH17) -> 27 | AK17: =AI17*AJ17/100 -> 0
A18: 8 | C18: =+'[6]Biểu 1 TH CÔNG copy'!C18 -> Phò Lấp | K18: 16 | R18: 4 | AB18: 7 | AI18: =SUM(D18:AH18) -> 27 | AK18: =AI18*AJ18/100 -> 0
A19: 9 | C19: =+'[6]Biểu 1 TH CÔNG copy'!C19 -> Nang Sun | K19: 16 | R19: 3 | AB19: 7 | AI19: =SUM(D19:AH19) -> 26 | AK19: =AI19*AJ19/100 -> 0
A20: 10 | C20: =+'[6]Biểu 1 TH CÔNG copy'!C20 -> A Nhem | K20: 16 | R20: 3 | AB20: 7 | AI20: =SUM(D20:AH20) -> 26 | AK20: =AI20*AJ20/100 -> 0
A21: 11 | C21: =+'[6]Biểu 1 TH CÔNG copy'!C21 -> Ton | K21: 15 | R21: 3 | AB21: 7 | AI21: =SUM(D21:AH21) -> 25 | AK21: =AI21*AJ21/100 -> 0
A22: 12 | C22: =+'[6]Biểu 1 TH CÔNG copy'!C22 -> Phò Thít | K22: 15 | R22: 3 | AB22: 7 | AI22: =SUM(D22:AH22) -> 25 | AK22: =AI22*AJ22/100 -> 0
A23: 13 | C23: =+'[6]Biểu 1 TH CÔNG copy'!C23 -> A Bớp | K23: 15 | R23: 3 | AB23: 7 | AI23: =SUM(D23:AH23) -> 25 | AK23: =AI23*AJ23/100 -> 0
A24: 14 | C24: =+'[6]Biểu 1 TH CÔNG copy'!C24 -> A Cơ | K24: 15 | R24: 3 | AB24: 7 | AI24: =SUM(D24:AH24) -> 25 | AK24: =AI24*AJ24/100 -> 0
A25: 15 | C25: =+'[6]Biểu 1 TH CÔNG copy'!C25 -> Võ Thị Nguyên | K25: 15 | R25: 3 | AB25: 7 | AI25: =SUM(D25:AH25) -> 25 | AK25: =AI25*AJ25/100 -> 0
... A44: 34 | C44: =+'[6]Biểu 1 TH CÔNG copy'!C44 -> Thảo Xen | K44: 15 | R44: 3 | AB44: 6 | AI44: =SUM(D44:AH44) -> 24 | AK44: =AI44*AJ44/100 -> 0
A45: 36 | B45: 1 | C45: =+'[6]Biểu 1 TH CÔNG copy'!C46 -> Nàng Ăn | AB45: 4 | AI45: =SUM(D45:AH45) -> 4 | AK45: =AI45*AJ45/100 -> 0
A46: 37 | B46: 2 | C46: =+'[6]Biểu 1 TH CÔNG copy'!C47 -> Thảo Ơ | AB46: 4 | AI46: =SUM(D46:AH46) -> 4 | AK46: =AI46*AJ46/100 -> 0 | AN46: 46.604897
A47: 38 | B47: 3 | C47: =+'[6]Biểu 1 TH CÔNG copy'!C48 -> Thảo Ui | AB47: 4 | AI47: =SUM(D47:AH47) -> 4 | AK47: =AI47*AJ47/100 -> 0 | AN47: =AN46/100 -> 0.46604897
A48: 39 | B48: 4 | C48: =+'[6]Biểu 1 TH CÔNG copy'!C49 -> Thảo Tin | AB48: 4 | AI48: =SUM(D48:AH48) -> 4 | AK48: =AI48*AJ48/100 -> 0
A49: 40 | B49: 5 | C49: =+'[6]Biểu 1 TH CÔNG copy'!C50 -> Nàng Xái | AB49: 4 | AI49: =SUM(D49:AH49) -> 4 | AK49: =AI49*AJ49/100 -> 0
A50: 41 | B50: 6 | C50: =+'[6]Biểu 1 TH CÔNG copy'!C51 -> Thảo Phôn Xay | AB50: 4 | AI50: =SUM(D50:AH50) -> 4 | AK50: =AI50*AJ50/100 -> 0
A51: 42 | B51: 7 | C51: =+'[6]Biểu 1 TH CÔNG copy'!C52 -> Nàng Phêng | AB51: 4 | AI51: =SUM(D51:AH51) -> 4 | AK51: =AI51*AJ51/100 -> 0
A52: 43 | B52: 8 | C52: =+'[6]Biểu 1 TH CÔNG copy'!C53 -> Thảo Phíc | AB52: 4 | AI52: =SUM(D52:AH52) -> 4 | AK52: =AI52*AJ52/100 -> 0
A53: 44 | B53: 9 | C53: =+'[6]Biểu 1 TH CÔNG copy'!C54 -> Nàng Chai | AB53: 4 | AI53: =SUM(D53:AH53) -> 4 | AK53: =AI53*AJ53/100 -> 0
A54: 45 | B54: 10 | C54: =+'[6]Biểu 1 TH CÔNG copy'!C55 -> Nàng Xanh | AB54: 4 | AI54: =SUM(D54:AH54) -> 4 | AK54: =AI54*AJ54/100 -> 0
A55: 46 | B55: 11 | C55: =+'[6]Biểu 1 TH CÔNG copy'!C56 -> Thảo Xượm | AB55: 4 | AI55: =SUM(D55:AH55) -> 4 | AK55: =AI55*AJ55/100 -> 0
A56: 47 | B56: 12 | C56: =+'[6]Biểu 1 TH CÔNG copy'!C57 -> Thảo Tích | AB56: 5 | AI56: =SUM(D56:AH56) -> 5 | AK56: =AI56*AJ56/100 -> 0
A57: 48 | B57: 13 | C57: =+'[6]Biểu 1 TH CÔNG copy'!C58 -> Nàng Thoong | AB57: 5 | AI57: =SUM(D57:AH57) -> 5 | AK57: =AI57*AJ57/100 -> 0
A58: 49 | B58: 14 | C58: =+'[6]Biểu 1 TH CÔNG copy'!C59 -> Thảo Xoan Chay | AB58: 5 | AI58: =SUM(D58:AH58) -> 5 | AK58: =AI58*AJ58/100 -> 0
A59: 50 | B59: 15 | C59: =+'[6]Biểu 1 TH CÔNG copy'!C60 -> Nàng Út | AB59: 5 | AI59: =SUM(D59:AH59) -> 5 | AK59: =AI59*AJ59/100 -> 0
... A87: 78 | B87: 43 | C87: =+'[6]Biểu 1 TH CÔNG copy'!C88 -> Nàng Xia Lô | AB87: 5 | AI87: =SUM(D87:AH87) -> 5 | AK87: =AI87*AJ87/100 -> 0
C88: TỔNG | D88: =SUM(D11:D87) -> 0 | E88: =SUM(E11:E87) -> 0 | F88: =SUM(F11:F87) -> 0 | G88: =SUM(G11:G87) -> 0 | H88: =SUM(H11:H87) -> 0 | I88: =SUM(I11:I87) -> 0 | J88: =SUM(J11:J87) -> 0 | K88: =SUM(K11:K87) -> 520 | ... AI88: =SUM(AI11:AI87) -> 1070
AB89: Huyện Noong, ngày 30 tháng 06 năm 2025
C91: TỔNG GIÁM ĐỐC | I91: PHÒNG TC-HC | O91: PHÒNG KT-NN | U91: PHÓ PHÒNG PHỤ TRÁCH | AC91: ĐỘI TRƯỞNG | AH91: NGƯỜI LẬP
D93: Cuối tháng chốt 1 bản, ký công nhân và các thành phần đầy đủ, đóng giáp lai. Hàng tháng đều kẹp vào cuốn sổ đủ 12 tháng đóng cuốn lại. (Vì lý do công nhân sẽ có lúc thay đổi nên ko thể đóng đầu năm từ tháng 1-12)

Sheet Biểu 1 TH CÔNG
A1: CỘNG HÒA DÂN CHỦ NHÂN DÂN LÀO
A2: Hòa bình - Độc lập - Dân chủ - Thống nhất - Thịnh vượng
A3: ----oOo----
A4: CÔNG TY TNHH MTV QUASA-GERUCO LÀO
A5: ĐỘI SẢN XUẤT SỐ 6
A7: BẢNG CHẤM CÔNG THEO DÕI CÔNG NHÂN KHAI THÁC THÁNG 6 NĂM 2025
AJ8: Biểu 1
A9: Stt | C9: Họ và tên | D9: Ngày công | AI9: Trong đó | AP9: Ký tên
D10: 1 | E10: 2 | F10: 3 | G10: 4 | H10: 5 | I10: 6 | J10: 7 | K10: 8 | L10: 9 | M10: 10 | N10: 11 | O10: 12 | P10: 13 | Q10: 14 | R10: 15 | S10: 16 | T10: 17 | U10: 18 | V10: 19 | W10: 20 | X10: 21 | Y10: 22 | Z10: 23 | AA10: 24 | AB10: 25 | AC10: 26 | AD10: 27 | AE10: 28 | AF10: 29 | AG10: 30 | AH10: 31 | AI10: Ngày công cạo thường (x) | AJ10: Ngày công chủ nhật (cn) | AK10: Ngày công cạo đúp (đ) | AL10: Cạo đúp chủ nhật (đc) | AM10: Cạo 2 miệng (gt) | AN10: Cạo 2 miệng chủ nhật (ct) | AO10: Tổng ngày công đi cạo
A11: 1 | C11: Tà Lọt | E11: x | F11: x | G11: x | H11: x | I11: x | J11: x | K11: cn | L11: x | M11: x | N11: x | P11: x | R11: cn | S11: x | T11: x | U11: x | V11: x | W11: x | X11: x | Y11: cn | Z11: x | AB11: x | AC11: x | AD11: x | AE11: x | AF11: cn | AG11: x | AI11: =COUNTIF(D11:AH11,"x") -> 22 | AJ11: =COUNTIF(D11:AH11,"cn") -> 4 | AK11: =COUNTIF(D11:AJ11,"đ") -> 0 | AL11: =COUNTIF(D11:AH11,"đc") -> 0 | AM11: =COUNTIF(D11:AH11,"gt") -> 0 | AN11: =COUNTIF(D11:AH11,"ct") -> 0 | AO11: =SUM(AI11:AN11) -> 26
A12: 2 | C12: A Nhớp | D12: cn | E12: x | F12: x | G12: x | H12: x | I12: x | J12: x | K12: cn | L12: x | M12: x | N12: x | P12: x | Q12: x | R12: cn | S12: x | T12: x | U12: x | V12: x | W12: x | X12: x | Y12: cn | Z12: x | AA12: x | AB12: x | AC12: x | AD12: x | AE12: x | AF12: cn | AG12: x | AI12: =COUNTIF(D12:AH12,"x") -> 24 | AJ12: =COUNTIF(D12:AH12,"cn") -> 5 | AK12: =COUNTIF(D12:AJ12,"đ") -> 0 | AL12: =COUNTIF(D12:AH12,"đc") -> 0 | AM12: =COUNTIF(D12:AH12,"gt") -> 0 | AN12: =COUNTIF(D12:AH12,"ct") -> 0 | AO12: =SUM(AI12:AN12) -> 29
A13: 3 | C13: A Chan | E13: x | F13: x | G13: x | H13: x | I13: x | J13: x | L13: x | N13: x | P13: x | Q13: x | R13: cn | S13: x | T13: x | U13: x | V13: x | W13: x | X13: x | Y13: cn | Z13: x | AA13: x | AB13: x | AC13: x | AD13: x | AF13: cn | AG13: x | AI13: =COUNTIF(D13:AH13,"x") -> 22 | AJ13: =COUNTIF(D13:AH13,"cn") -> 3 | AK13: =COUNTIF(D13:AJ13,"đ") -> 0 | AL13: =COUNTIF(D13:AH13,"đc") -> 0 | AM13: =COUNTIF(D13:AH13,"gt") -> 0 | AN13: =COUNTIF(D13:AH13,"ct") -> 0 | AO13: =SUM(AI13:AN13) -> 25
A14: 4 | C14: Phò Đưa | D14: cn | E14: x | F14: x | G14: x | H14: x | I14: x | J14: x | K14: cn | L14: x | M14: x | N14: x | P14: x | Q14: x | R14: cn | S14: x | T14: x | U14: x | V14: x | W14: x | X14: x | Y14: cn | Z14: x | AA14: x | AB14: x | AC14: x | AD14: x | AE14: x | AF14: cn | AG14: x | AI14: =COUNTIF(D14:AH14,"x") -> 24 | AJ14: =COUNTIF(D14:AH14,"cn") -> 5 | AK14: =COUNTIF(D14:AJ14,"đ") -> 0 | AL14: =COUNTIF(D14:AH14,"đc") -> 0 | AM14: =COUNTIF(D14:AH14,"gt") -> 0 | AN14: =COUNTIF(D14:AH14,"ct") -> 0 | AO14: =SUM(AI14:AN14) -> 29
A15: 5 | C15: Xúc | D15: cn | E15: x | F15: x | G15: x | H15: x | I15: x | K15: cn | L15: x | M15: x | N15: x | P15: x | R15: cn | S15: x | T15: x | U15: x | V15: x | W15: x | X15: x | Y15: cn | Z15: x | AA15: x | AB15: x | AC15: x | AD15: x | AE15: x | AF15: cn | AG15: x | AI15: =COUNTIF(D15:AH15,"x") -> 22 | AJ15: =COUNTIF(D15:AH15,"cn") -> 5 | AK15: =COUNTIF(D15:AJ15,"đ") -> 0 | AL15: =COUNTIF(D15:AH15,"đc") -> 0 | AM15: =COUNTIF(D15:AH15,"gt") -> 0 | AN15: =COUNTIF(D15:AH15,"ct") -> 0 | AO15: =SUM(AI15:AN15) -> 27
A16: 6 | C16: Phơ | D16: cn | E16: x | F16: x | G16: x | H16: x | I16: x | J16: x | K16: cn | L16: x | M16: x | P16: x | Q16: x | R16: cn | S16: x | T16: x | U16: x | V16: x | W16: x | X16: x | Y16: cn | Z16: x | AA16: x | AB16: x | AC16: x | AD16: x | AE16: x | AF16: cn | AG16: x | AI16: =COUNTIF(D16:AH16,"x") -> 23 | AJ16: =COUNTIF(D16:AH16,"cn") -> 5 | AK16: =COUNTIF(D16:AJ16,"đ") -> 0 | AL16: =COUNTIF(D16:AH16,"đc") -> 0 | AM16: =COUNTIF(D16:AH16,"gt") -> 0 | AN16: =COUNTIF(D16:AH16,"ct") -> 0 | AO16: =SUM(AI16:AN16) -> 28
A17: 7 | C17: A Phơ | D17: cn | E17: x | F17: x | G17: x | H17: x | I17: x | J17: x | K17: cn | L17: x | M17: x | N17: x | P17: x | Q17: x | R17: cn | S17: x | T17: x | U17: x | V17: x | W17: x | X17: x | Y17: cn | Z17: x | AA17: x | AB17: x | AC17: x | AD17: x | AE17: x | AF17: cn | AG17: x | AI17: =COUNTIF(D17:AH17,"x") -> 24 | AJ17: =COUNTIF(D17:AH17,"cn") -> 5 | AK17: =COUNTIF(D17:AJ17,"đ") -> 0 | AL17: =COUNTIF(D17:AH17,"đc") -> 0 | AM17: =COUNTIF(D17:AH17,"gt") -> 0 | AN17: =COUNTIF(D17:AH17,"ct") -> 0 | AO17: =SUM(AI17:AN17) -> 29
A18: 8 | C18: Phò Lấp | D18: cn | E18: x | F18: x | G18: x | H18: x | I18: x | J18: x | N18: x | T18: x | U18: x | V18: x | W18: x | X18: x | Y18: cn | Z18: x | AA18: x | AB18: x | AC18: x | AD18: x | AE18: x | AF18: cn | AG18: x | AI18: =COUNTIF(D18:AH18,"x") -> 19 | AJ18: =COUNTIF(D18:AH18,"cn") -> 3 | AK18: =COUNTIF(D18:AJ18,"đ") -> 0 | AL18: =COUNTIF(D18:AH18,"đc") -> 0 | AM18: =COUNTIF(D18:AH18,"gt") -> 0 | AN18: =COUNTIF(D18:AH18,"ct") -> 0 | AO18: =SUM(AI18:AN18) -> 22
A19: 9 | C19: Nang Sun | D19: cn | E19: x | F19: x | G19: x | H19: x | I19: x | J19: x | K19: cn | L19: x | M19: x | N19: x | O19: x | Q19: x | R19: cn | S19: x | T19: x | U19: x | V19: x | W19: x | X19: x | Y19: cn | Z19: x | AA19: x | AB19: x | AC19: x | AD19: x | AE19: x | AF19: cn | AG19: x | AI19: =COUNTIF(D19:AH19,"x") -> 24 | AJ19: =COUNTIF(D19:AH19,"cn") -> 5 | AK19: =COUNTIF(D19:AJ19,"đ") -> 0 | AL19: =COUNTIF(D19:AH19,"đc") -> 0 | AM19: =COUNTIF(D19:AH19,"gt") -> 0 | AN19: =COUNTIF(D19:AH19,"ct") -> 0 | AO19: =SUM(AI19:AN19) -> 29
A20: 10 | C20: A Nhem | D20: cn | E20: x | F20: x | G20: x | H20: x | I20: x | J20: x | K20: cn | L20: x | M20: x | N20: x | P20: x | Q20: x | R20: cn | S20: x | T20: x | U20: x | W20: x | X20: x | Y20: cn | Z20: x | AA20: x | AB20: x | AC20: x | AD20: x | AE20: x | AF20: cn | AG20: x | AI20: =COUNTIF(D20:AH20,"x") -> 23 | AJ20: =COUNTIF(D20:AH20,"cn") -> 5 | AK20: =COUNTIF(D20:AJ20,"đ") -> 0 | AL20: =COUNTIF(D20:AH20,"đc") -> 0 | AM20: =COUNTIF(D20:AH20,"gt") -> 0 | AN20: =COUNTIF(D20:AH20,"ct") -> 0 | AO20: =SUM(AI20:AN20) -> 28
A21: 11 | C21: Ton | D21: cn | E21: x | F21: x | G21: x | H21: x | I21: x | J21: x | K21: cn | L21: x | M21: x | N21: x | P21: x | Q21: x | R21: cn | S21: x | T21: x | U21: x | W21: x | X21: x | Y21: cn | Z21: x | AA21: x | AB21: x | AC21: x | AD21: x | AE21: x | AF21: cn | AG21: x | AI21: =COUNTIF(D21:AH21,"x") -> 23 | AJ21: =COUNTIF(D21:AH21,"cn") -> 5 | AK21: =COUNTIF(D21:AJ21,"đ") -> 0 | AL21: =COUNTIF(D21:AH21,"đc") -> 0 | AM21: =COUNTIF(D21:AH21,"gt") -> 0 | AN21: =COUNTIF(D21:AH21,"ct") -> 0 | AO21: =SUM(AI21:AN21) -> 28
A22: 12 | C22: Phò Thít | D22: cn | E22: x | F22: x | G22: x | H22: x | I22: x | J22: x | K22: cn | L22: x | M22: x | N22: x | O22: x | P22: x | Q22: x | R22: cn | S22: x | T22: x | U22: x | V22: x | W22: x | X22: x | Y22: cn | Z22: x | AA22: x | AB22: x | AC22: x | AD22: x | AE22: x | AF22: cn | AG22: x | AI22: =COUNTIF(D22:AH22,"x") -> 25 | AJ22: =COUNTIF(D22:AH22,"cn") -> 5 | AK22: =COUNTIF(D22:AJ22,"đ") -> 0 | AL22: =COUNTIF(D22:AH22,"đc") -> 0 | AM22: =COUNTIF(D22:AH22,"gt") -> 0 | AN22: =COUNTIF(D22:AH22,"ct") -> 0 | AO22: =SUM(AI22:AN22) -> 30
A23: 13 | C23: A Bớp | D23: cn | E23: x | F23: x | G23: x | H23: x | I23: x | J23: x | K23: cn | L23: x | M23: x | N23: x | P23: x | Q23: x | R23: cn | S23: x | T23: x | U23: x | V23: x | W23: x | X23: x | Y23: cn | Z23: x | AA23: x | AB23: x | AC23: x | AD23: x | AE23: x | AF23: cn | AG23: x | AI23: =COUNTIF(D23:AH23,"x") -> 24 | AJ23: =COUNTIF(D23:AH23,"cn") -> 5 | AK23: =COUNTIF(D23:AJ23,"đ") -> 0 | AL23: =COUNTIF(D23:AH23,"đc") -> 0 | AM23: =COUNTIF(D23:AH23,"gt") -> 0 | AN23: =COUNTIF(D23:AH23,"ct") -> 0 | AO23: =SUM(AI23:AN23) -> 29
A24: 14 | C24: A Cơ | D24: cn | E24: x | F24: x | G24: x | H24: x | I24: x | J24: x | K24: cn | L24: x | M24: x | N24: x | P24: x | Q24: x | R24: cn | S24: x | T24: x | U24: x | V24: x | W24: x | X24: x | Y24: cn | Z24: x | AA24: x | AB24: x | AC24: x | AD24: x | AE24: x | AF24: cn | AG24: x | AI24: =COUNTIF(D24:AH24,"x") -> 24 | AJ24: =COUNTIF(D24:AH24,"cn") -> 5 | AK24: =COUNTIF(D24:AJ24,"đ") -> 0 | AL24: =COUNTIF(D24:AH24,"đc") -> 0 | AM24: =COUNTIF(D24:AH24,"gt") -> 0 | AN24: =COUNTIF(D24:AH24,"ct") -> 0 | AO24: =SUM(AI24:AN24) -> 29
A25: 15 | C25: Võ Thị Nguyên | D25: cn | E25: x | F25: x | G25: x | H25: x | I25: x | J25: x | K25: cn | L25: x | M25: x | N25: x | O25: x | P25: x | Q25: x | R25: cn | S25: x | T25: x | U25: x | V25: x | W25: x | X25: x | Y25: cn | Z25: x | AA25: x | AB25: x | AC25: x | AD25: x | AE25: x | AF25: cn | AG25: x | AI25: =COUNTIF(D25:AH25,"x") -> 25 | AJ25: =COUNTIF(D25:AH25,"cn") -> 5 | AK25: =COUNTIF(D25:AJ25,"đ") -> 0 | AL25: =COUNTIF(D25:AH25,"đc") -> 0 | AM25: =COUNTIF(D25:AH25,"gt") -> 0 | AN25: =COUNTIF(D25:AH25,"ct") -> 0 | AO25: =SUM(AI25:AN25) -> 30
A26: 16 | C26: Nguyễn Thị Thanh Trà | D26: cn | E26: x | F26: x | G26: x | H26: x | I26: x | J26: x | K26: cn | L26: x | M26: x | N26: x | O26: x | P26: x | Q26: x | R26: cn | S26: x | T26: x | U26: x | V26: x | W26: x | X26: x | Y26: cn | Z26: x | AA26: x | AB26: x | AC26: x | AD26: x | AE26: x | AF26: cn | AG26: x | AI26: =COUNTIF(D26:AH26,"x") -> 25 | AJ26: =COUNTIF(D26:AH26,"cn") -> 5 | AK26: =COUNTIF(D26:AJ26,"đ") -> 0 | AL26: =COUNTIF(D26:AH26,"đc") -> 0 | AM26: =COUNTIF(D26:AH26,"gt") -> 0 | AN26: =COUNTIF(D26:AH26,"ct") -> 0 | AO26: =SUM(AI26:AN26) -> 30
A27: 17 | C27: A Han | D27: cn | E27: x | F27: x | G27: x | H27: x | J27: x | K27: cn | L27: x | M27: x | N27: x | P27: x | Q27: x | R27: cn | S27: x | T27: x | U27: x | V27: x | W27: x | X27: x | Y27: cn | Z27: x | AA27: x | AB27: x | AC27: x | AD27: x | AE27: x | AF27: cn | AG27: x | AI27: =COUNTIF(D27:AH27,"x") -> 23 | AJ27: =COUNTIF(D27:AH27,"cn") -> 5 | AK27: =COUNTIF(D27:AJ27,"đ") -> 0 | AL27: =COUNTIF(D27:AH27,"đc") -> 0 | AM27: =COUNTIF(D27:AH27,"gt") -> 0 | AN27: =COUNTIF(D27:AH27,"ct") -> 0 | AO27: =SUM(AI27:AN27) -> 28
A28: 18 | C28: Thảo Bun Ten | D28: cn | E28: x | F28: x | G28: x | H28: x | I28: x | J28: x | K28: cn | L28: x | M28: x | N28: x | P28: x | Q28: x | R28: cn | S28: x | T28: x | U28: x | V28: x | W28: x | X28: x | Y28: cn | Z28: x | AA28: x | AB28: x | AC28: x | AD28: x | AE28: x | AF28: cn | AG28: x | AI28: =COUNTIF(D28:AH28,"x") -> 24 | AJ28: =COUNTIF(D28:AH28,"cn") -> 5 | AK28: =COUNTIF(D28:AJ28,"đ") -> 0 | AL28: =COUNTIF(D28:AH28,"đc") -> 0 | AM28: =COUNTIF(D28:AH28,"gt") -> 0 | AN28: =COUNTIF(D28:AH28,"ct") -> 0 | AO28: =SUM(AI28:AN28) -> 29
A29: 19 | C29: Nang Đào | D29: cn | E29: x | F29: x | G29: x | H29: x | I29: x | J29: x | K29: cn | L29: x | M29: x | N29: x | O29: x | Q29: x | R29: cn | S29: x | V29: x | W29: x | X29: x | Y29: cn | Z29: x | AA29: x | AB29: x | AC29: x | AD29: x | AE29: x | AF29: cn | AG29: x | AI29: =COUNTIF(D29:AH29,"x") -> 22 | AJ29: =COUNTIF(D29:AH29,"cn") -> 5 | AK29: =COUNTIF(D29:AJ29,"đ") -> 0 | AL29: =COUNTIF(D29:AH29,"đc") -> 0 | AM29: =COUNTIF(D29:AH29,"gt") -> 0 | AN29: =COUNTIF(D29:AH29,"ct") -> 0 | AO29: =SUM(AI29:AN29) -> 27
A30: 20 | C30: Phò Nhạt | D30: cn | E30: x | F30: x | G30: x | H30: x | I30: x | J30: x | K30: cn | L30: x | M30: x | N30: x | P30: x | Q30: x | R30: cn | S30: x | T30: x | U30: x | V30: x | W30: x | X30: x | Y30: cn | Z30: x | AA30: x | AB30: x | AC30: x | AD30: x | AE30: x | AF30: cn | AG30: x | AI30: =COUNTIF(D30:AH30,"x") -> 24 | AJ30: =COUNTIF(D30:AH30,"cn") -> 5 | AK30: =COUNTIF(D30:AJ30,"đ") -> 0 | AL30: =COUNTIF(D30:AH30,"đc") -> 0 | AM30: =COUNTIF(D30:AH30,"gt") -> 0 | AN30: =COUNTIF(D30:AH30,"ct") -> 0 | AO30: =SUM(AI30:AN30) -> 29
A31: 21 | C31: Nang Xây | D31: cn | E31: x | F31: x | G31: x | H31: x | I31: x | J31: x | K31: cn | L31: x | M31: x | N31: x | P31: x | Q31: x | R31: cn | S31: x | T31: x | U31: x | V31: x | W31: x | X31: x | Y31: cn | Z31: x | AA31: x | AB31: x | AC31: x | AE31: x | AF31: cn | AG31: x | AI31: =COUNTIF(D31:AH31,"x") -> 23 | AJ31: =COUNTIF(D31:AH31,"cn") -> 5 | AK31: =COUNTIF(D31:AJ31,"đ") -> 0 | AL31: =COUNTIF(D31:AH31,"đc") -> 0 | AM31: =COUNTIF(D31:AH31,"gt") -> 0 | AN31: =COUNTIF(D31:AH31,"ct") -> 0 | AO31: =SUM(AI31:AN31) -> 28
A32: 22 | C32: Thảo Anh | D32: cn | E32: x | F32: x | G32: x | H32: x | I32: x | J32: x | K32: cn | L32: x | M32: x | N32: x | P32: x | Q32: x | R32: cn | S32: x | T32: x | U32: x | V32: x | W32: x | X32: x | Y32: cn | Z32: x | AA32: x | AB32: x | AC32: x | AD32: x | AE32: x | AF32: cn | AG32: x | AI32: =COUNTIF(D32:AH32,"x") -> 24 | AJ32: =COUNTIF(D32:AH32,"cn") -> 5 | AK32: =COUNTIF(D32:AJ32,"đ") -> 0 | AL32: =COUNTIF(D32:AH32,"đc") -> 0 | AM32: =COUNTIF(D32:AH32,"gt") -> 0 | AN32: =COUNTIF(D32:AH32,"ct") -> 0 | AO32: =SUM(AI32:AN32) -> 29
A33: 23 | C33: Húc | D33: cn | E33: x | F33: x | G33: x | H33: x | I33: x | J33: x | K33: cn | L33: x | M33: x | N33: x | P33: x | S33: x | T33: x | U33: x | V33: x | W33: x | X33: x | Y33: cn | Z33: x | AA33: x | AB33: x | AC33: x | AD33: x | AE33: x | AF33: cn | AG33: x | AI33: =COUNTIF(D33:AH33,"x") -> 23 | AJ33: =COUNTIF(D33:AH33,"cn") -> 4 | AK33: =COUNTIF(D33:AJ33,"đ") -> 0 | AL33: =COUNTIF(D33:AH33,"đc") -> 0 | AM33: =COUNTIF(D33:AH33,"gt") -> 0 | AN33: =COUNTIF(D33:AH33,"ct") -> 0 | AO33: =SUM(AI33:AN33) -> 27
A34: 24 | C34: Thảo Nét | D34: cn | E34: x | F34: x | G34: x | H34: x | I34: x | J34: x | M34: x | N34: x | P34: x | Q34: x | R34: cn | U34: x | X34: x | Y34: cn | AA34: x | AB34: x | AC34: x | AD34: x | AE34: x | AF34: cn | AG34: x | AI34: =COUNTIF(D34:AH34,"x") -> 18 | AJ34: =COUNTIF(D34:AH34,"cn") -> 4 | AK34: =COUNTIF(D34:AJ34,"đ") -> 0 | AL34: =COUNTIF(D34:AH34,"đc") -> 0 | AM34: =COUNTIF(D34:AH34,"gt") -> 0 | AN34: =COUNTIF(D34:AH34,"ct") -> 0 | AO34: =SUM(AI34:AN34) -> 22
A35: 25 | C35: Thảo út | D35: cn | E35: x | F35: x | G35: x | H35: x | I35: x | J35: x | K35: cn | L35: x | M35: x | N35: x | V35: x | W35: x | X35: x | Y35: cn | Z35: x | AA35: x | AB35: x | AC35: x | AD35: x | AE35: x | AF35: cn | AG35: x | AI35: =COUNTIF(D35:AH35,"x") -> 19 | AJ35: =COUNTIF(D35:AH35,"cn") -> 4 | AK35: =COUNTIF(D35:AJ35,"đ") -> 0 | AL35: =COUNTIF(D35:AH35,"đc") -> 0 | AM35: =COUNTIF(D35:AH35,"gt") -> 0 | AN35: =COUNTIF(D35:AH35,"ct") -> 0 | AO35: =SUM(AI35:AN35) -> 23
A36: 26 | C36: Nang Nhăn | D36: cn | E36: x | F36: x | G36: x | H36: x | I36: x | J36: x | N36: x | V36: x | W36: x | X36: x | Y36: cn | Z36: x | AA36: x | AB36: x | AC36: x | AD36: x | AE36: x | AF36: cn | AG36: x | AI36: =COUNTIF(D36:AH36,"x") -> 17 | AJ36: =COUNTIF(D36:AH36,"cn") -> 3 | AK36: =COUNTIF(D36:AJ36,"đ") -> 0 | AL36: =COUNTIF(D36:AH36,"đc") -> 0 | AM36: =COUNTIF(D36:AH36,"gt") -> 0 | AN36: =COUNTIF(D36:AH36,"ct") -> 0 | AO36: =SUM(AI36:AN36) -> 20
A37: 27 | C37: A Nghen | D37: cn | E37: x | F37: x | G37: x | H37: x | I37: x | K37: cn | L37: x | M37: x | N37: x | P37: x | Q37: x | R37: cn | S37: x | T37: x | U37: x | V37: x | W37: x | X37: x | Y37: cn | Z37: x | AA37: x | AB37: x | AC37: x | AD37: x | AE37: x | AF37: cn | AG37: x | AI37: =COUNTIF(D37:AH37,"x") -> 23 | AJ37: =COUNTIF(D37:AH37,"cn") -> 5 | AK37: =COUNTIF(D37:AJ37,"đ") -> 0 | AL37: =COUNTIF(D37:AH37,"đc") -> 0 | AM37: =COUNTIF(D37:AH37,"gt") -> 0 | AN37: =COUNTIF(D37:AH37,"ct") -> 0 | AO37: =SUM(AI37:AN37) -> 28
A38: 28 | C38: Thảo Xâm | D38: cn | E38: x | F38: x | G38: x | H38: x | I38: x | J38: x | K38: cn | L38: x | M38: x | N38: x | P38: x | Q38: x | R38: cn | S38: x | T38: x | U38: x | V38: x | W38: x | X38: x | Y38: cn | Z38: x | AA38: x | AB38: x | AC38: x | AD38: x | AE38: x | AF38: cn | AG38: x | AI38: =COUNTIF(D38:AH38,"x") -> 24 | AJ38: =COUNTIF(D38:AH38,"cn") -> 5 | AK38: =COUNTIF(D38:AJ38,"đ") -> 0 | AL38: =COUNTIF(D38:AH38,"đc") -> 0 | AM38: =COUNTIF(D38:AH38,"gt") -> 0 | AN38: =COUNTIF(D38:AH38,"ct") -> 0 | AO38: =SUM(AI38:AN38) -> 29
A39: 29 | C39: Thảo Von | D39: cn | E39: x | F39: x | G39: x | H39: x | I39: x | J39: x | K39: cn | L39: x | M39: x | N39: x | P39: x | Q39: x | R39: cn | S39: x | T39: x | V39: x | W39: x | X39: x | Y39: cn | Z39: x | AA39: x | AB39: x | AC39: x | AD39: x | AE39: x | AF39: cn | AG39: x | AI39: =COUNTIF(D39:AH39,"x") -> 23 | AJ39: =COUNTIF(D39:AH39,"cn") -> 5 | AK39: =COUNTIF(D39:AJ39,"đ") -> 0 | AL39: =COUNTIF(D39:AH39,"đc") -> 0 | AM39: =COUNTIF(D39:AH39,"gt") -> 0 | AN39: =COUNTIF(D39:AH39,"ct") -> 0 | AO39: =SUM(AI39:AN39) -> 28
A40: 30 | C40: Nang Phen | D40: cn | E40: x | F40: x | G40: x | H40: x | I40: x | J40: x | K40: cn | L40: x | M40: x | N40: x | O40: x | Q40: x | R40: cn | S40: x | T40: x | U40: x | V40: x | W40: x | X40: x | Y40: cn | Z40: x | AA40: x | AB40: x | AC40: x | AD40: x | AE40: x | AF40: cn | AG40: x | AI40: =COUNTIF(D40:AH40,"x") -> 24 | AJ40: =COUNTIF(D40:AH40,"cn") -> 5 | AK40: =COUNTIF(D40:AJ40,"đ") -> 0 | AL40: =COUNTIF(D40:AH40,"đc") -> 0 | AM40: =COUNTIF(D40:AH40,"gt") -> 0 | AN40: =COUNTIF(D40:AH40,"ct") -> 0 | AO40: =SUM(AI40:AN40) -> 29
A41: 31 | C41: Nang Bun Ten | D41: cn | E41: x | F41: x | G41: x | H41: x | I41: x | J41: x | K41: cn | L41: x | M41: x | N41: x | O41: x | Q41: x | R41: cn | S41: x | T41: x | U41: x | V41: x | W41: x | X41: x | Y41: cn | Z41: x | AA41: x | AB41: x | AC41: x | AD41: x | AE41: x | AF41: cn | AG41: x | AI41: =COUNTIF(D41:AH41,"x") -> 24 | AJ41: =COUNTIF(D41:AH41,"cn") -> 5 | AK41: =COUNTIF(D41:AJ41,"đ") -> 0 | AL41: =COUNTIF(D41:AH41,"đc") -> 0 | AM41: =COUNTIF(D41:AH41,"gt") -> 0 | AN41: =COUNTIF(D41:AH41,"ct") -> 0 | AO41: =SUM(AI41:AN41) -> 29
A42: 32 | C42: Thảo Ben | D42: cn | E42: x | F42: x | G42: x | H42: x | I42: x | J42: x | V42: x | W42: x | X42: x | Y42: cn | Z42: x | AA42: x | AB42: x | AC42: x | AD42: x | AE42: x | AF42: cn | AG42: x | AI42: =COUNTIF(D42:AH42,"x") -> 16 | AJ42: =COUNTIF(D42:AH42,"cn") -> 3 | AK42: =COUNTIF(D42:AJ42,"đ") -> 0 | AL42: =COUNTIF(D42:AH42,"đc") -> 0 | AM42: =COUNTIF(D42:AH42,"gt") -> 0 | AN42: =COUNTIF(D42:AH42,"ct") -> 0 | AO42: =SUM(AI42:AN42) -> 19
A43: 33 | C43: Da Lây | I43: x | J43: x | K43: cn | L43: x | M43: x | N43: x | P43: x | V43: x | W43: x | X43: x | Y43: cn | Z43: x | AA43: x | AB43: x | AC43: x | AD43: x | AE43: x | AF43: cn | AG43: x | AI43: =COUNTIF(D43:AH43,"x") -> 16 | AJ43: =COUNTIF(D43:AH43,"cn") -> 3 | AK43: =COUNTIF(D43:AJ43,"đ") -> 0 | AL43: =COUNTIF(D43:AH43,"đc") -> 0 | AM43: =COUNTIF(D43:AH43,"gt") -> 0 | AN43: =COUNTIF(D43:AH43,"ct") -> 0 | AO43: =SUM(AI43:AN43) -> 19
A44: 34 | C44: Thảo Xen | D44: cn | E44: x | F44: x | G44: x | H44: x | I44: x | J44: x | K44: cn | L44: x | M44: x | N44: x | P44: x | Q44: x | R44: cn | S44: x | U44: x | V44: x | W44: x | X44: x | Y44: cn | Z44: x | AA44: x | AB44: x | AC44: x | AD44: x | AE44: x | AF44: cn | AG44: x | AI44: =COUNTIF(D44:AH44,"x") -> 23 | AJ44: =COUNTIF(D44:AH44,"cn") -> 5 | AK44: =COUNTIF(D44:AJ44,"đ") -> 0 | AL44: =COUNTIF(D44:AH44,"đc") -> 0 | AM44: =COUNTIF(D44:AH44,"gt") -> 0 | AN44: =COUNTIF(D44:AH44,"ct") -> 0 | AO44: =SUM(AI44:AN44) -> 28
A45: 35 | C45: Phò Nhuận | J45: x | M45: x | N45: x | P45: x | Q45: x | R45: cn | S45: x | U45: x | V45: x | W45: x | Z45: x | AA45: x | AD45: x | AE45: x | AI45: =COUNTIF(D45:AH45,"x") -> 13 | AJ45: =COUNTIF(D45:AH45,"cn") -> 1 | AK45: =COUNTIF(D45:AJ45,"đ") -> 0 | AL45: =COUNTIF(D45:AH45,"dcn") -> 0 | AM45: =COUNTIF(D45:AH45,"gt") -> 0 | AN45: =COUNTIF(D45:AH45,"ct") -> 0 | AO45: =SUM(AI45:AN45) -> 14 | AQ45: =SUM(AO11:AO45) -> 933 | AR45: KX
A46: 36 | B46: 1 | C46: Nàng Ăn | D46: cn | E46: x | F46: x | G46: x | H46: x | I46: x | J46: x | K46: cn | L46: x | M46: x | N46: x | P46: x | Q46: x | R46: cn | S46: x | T46: x | U46: x | V46: x | W46: x | X46: x | Y46: cn | Z46: x | AA46: x | AB46: x | AC46: x | AD46: x | AE46: x | AF46: đc | AG46: x | AI46: =COUNTIF(D46:AH46,"x") -> 24 | AJ46: =SUM(COUNTIF(D46:AH46,"cn")) -> 4 | AK46: =SUM(COUNTIF(D46:AH46,"đ")) -> 0 | AL46: =COUNTIF(D46:AH46,"đc") -> 1 | AM46: =COUNTIF(D46:AH46,"gt") -> 0 | AN46: =COUNTIF(D46:AH46,"ct") -> 0 | AO46: =SUM(AI46:AN46) -> 29 | AQ46: =SUM(AO46:AO88) -> 1247 | AR46: ST
A47: 37 | B47: 2 | C47: Thảo Ơ | D47: cn | E47: x | F47: x | G47: x | H47: x | I47: x | J47: x | K47: cn | L47: x | M47: x | N47: x | P47: x | Q47: x | R47: cn | S47: x | T47: x | U47: x | V47: x | W47: x | X47: x | Y47: cn | Z47: x | AA47: x | AB47: x | AC47: x | AD47: x | AE47: x | AF47: đc | AG47: x | AI47: =COUNTIF(D47:AH47,"x") -> 24 | AJ47: =SUM(COUNTIF(D47:AH47,"cn")) -> 4 | AK47: =SUM(COUNTIF(D47:AH47,"đ")) -> 0 | AL47: =COUNTIF(D47:AH47,"đc") -> 1 | AM47: =COUNTIF(D47:AH47,"gt") -> 0 | AN47: =COUNTIF(D47:AH47,"ct") -> 0 | AO47: =SUM(AI47:AN47) -> 29
A48: 38 | B48: 3 | C48: Thảo Ui | D48: cn | E48: x | F48: x | G48: x | H48: x | I48: x | J48: x | K48: cn | L48: x | M48: x | N48: x | P48: x | Q48: x | R48: cn | S48: x | T48: x | U48: x | V48: x | W48: x | X48: x | Y48: cn | Z48: x | AA48: x | AB48: x | AC48: x | AD48: x | AE48: x | AF48: đc | AG48: x | AI48: =COUNTIF(D48:AH48,"x") -> 24 | AJ48: =SUM(COUNTIF(D48:AH48,"cn")) -> 4 | AK48: =SUM(COUNTIF(D48:AH48,"đ")) -> 0 | AL48: =COUNTIF(D48:AH48,"đc") -> 1 | AM48: =COUNTIF(D48:AH48,"gt") -> 0 | AN48: =COUNTIF(D48:AH48,"ct") -> 0 | AO48: =SUM(AI48:AN48) -> 29
A49: 39 | B49: 4 | C49: Thảo Tin | D49: cn | E49: x | F49: x | G49: x | H49: x | I49: x | J49: x | K49: cn | L49: x | M49: x | N49: x | P49: x | Q49: x | R49: cn | S49: x | T49: x | U49: x | V49: x | W49: x | X49: x | Y49: cn | Z49: x | AA49: x | AB49: x | AC49: x | AD49: x | AE49: x | AF49: đc | AG49: x | AI49: =COUNTIF(D49:AH49,"x") -> 24 | AJ49: =SUM(COUNTIF(D49:AH49,"cn")) -> 4 | AK49: =SUM(COUNTIF(D49:AH49,"đ")) -> 0 | AL49: =COUNTIF(D49:AH49,"đc") -> 1 | AM49: =COUNTIF(D49:AH49,"gt") -> 0 | AN49: =COUNTIF(D49:AH49,"ct") -> 0 | AO49: =SUM(AI49:AN49) -> 29
A50: 40 | B50: 5 | C50: Nàng Xái | D50: cn | E50: x | F50: x | G50: x | H50: x | I50: x | J50: x | K50: cn | L50: x | M50: x | N50: x | P50: x | Q50: x | R50: cn | S50: x | T50: x | U50: x | V50: x | W50: x | X50: x | Y50: cn | Z50: x | AA50: x | AB50: x | AC50: x | AD50: x | AE50: x | AF50: đc | AG50: x | AI50: =COUNTIF(D50:AH50,"x") -> 24 | AJ50: =SUM(COUNTIF(D50:AH50,"cn")) -> 4 | AK50: =SUM(COUNTIF(D50:AH50,"đ")) -> 0 | AL50: =COUNTIF(D50:AH50,"đc") -> 1 | AM50: =COUNTIF(D50:AH50,"gt") -> 0 | AN50: =COUNTIF(D50:AH50,"ct") -> 0 | AO50: =SUM(AI50:AN50) -> 29
A51: 41 | B51: 6 | C51: Thảo Phôn Xay | D51: cn | E51: x | F51: x | G51: x | H51: x | I51: x | J51: x | K51: cn | L51: x | M51: x | N51: x | P51: x | Q51: x | R51: cn | S51: x | T51: x | U51: x | V51: x | W51: x | X51: x | Y51: cn | Z51: x | AA51: x | AB51: x | AC51: x | AD51: x | AE51: x | AF51: đc | AG51: x | AI51: =COUNTIF(D51:AH51,"x") -> 24 | AJ51: =SUM(COUNTIF(D51:AH51,"cn")) -> 4 | AK51: =SUM(COUNTIF(D51:AH51,"đ")) -> 0 | AL51: =COUNTIF(D51:AH51,"đc") -> 1 | AM51: =COUNTIF(D51:AH51,"gt") -> 0 | AN51: =COUNTIF(D51:AH51,"ct") -> 0 | AO51: =SUM(AI51:AN51) -> 29
A52: 42 | B52: 7 | C52: Nàng Phêng | D52: cn | E52: x | F52: x | G52: x | H52: x | I52: x | J52: x | K52: cn | L52: x | M52: x | N52: x | P52: x | Q52: x | R52: cn | S52: x | T52: x | U52: x | V52: x | W52: x | X52: x | Y52: cn | Z52: x | AA52: x | AB52: x | AC52: x | AD52: x | AE52: x | AF52: đc | AG52: x | AI52: =COUNTIF(D52:AH52,"x") -> 24 | AJ52: =SUM(COUNTIF(D52:AH52,"cn")) -> 4 | AK52: =SUM(COUNTIF(D52:AH52,"đ")) -> 0 | AL52: =COUNTIF(D52:AH52,"đc") -> 1 | AM52: =COUNTIF(D52:AH52,"gt") -> 0 | AN52: =COUNTIF(D52:AH52,"ct") -> 0 | AO52: =SUM(AI52:AN52) -> 29
A53: 43 | B53: 8 | C53: Thảo Phíc | D53: cn | E53: x | F53: x | G53: x | H53: x | I53: x | J53: x | K53: cn | L53: x | M53: x | N53: x | P53: x | Q53: x | R53: cn | S53: x | T53: x | U53: x | V53: x | W53: x | X53: x | Y53: cn | Z53: x | AA53: x | AB53: x | AC53: x | AD53: x | AE53: x | AF53: đc | AG53: x | AI53: =COUNTIF(D53:AH53,"x") -> 24 | AJ53: =SUM(COUNTIF(D53:AH53,"cn")) -> 4 | AK53: =SUM(COUNTIF(D53:AH53,"đ")) -> 0 | AL53: =COUNTIF(D53:AH53,"đc") -> 1 | AM53: =COUNTIF(D53:AH53,"gt") -> 0 | AN53: =COUNTIF(D53:AH53,"ct") -> 0 | AO53: =SUM(AI53:AN53) -> 29
A54: 44 | B54: 9 | C54: Nàng Chai | D54: cn | E54: x | F54: x | G54: x | H54: x | I54: x | J54: x | K54: cn | L54: x | M54: x | N54: x | P54: x | Q54: x | R54: cn | S54: x | T54: x | U54: x | V54: x | W54: x | X54: x | Y54: cn | Z54: x | AA54: x | AB54: x | AC54: x | AD54: x | AE54: x | AF54: đc | AG54: x | AI54: =COUNTIF(D54:AH54,"x") -> 24 | AJ54: =SUM(COUNTIF(D54:AH54,"cn")) -> 4 | AK54: =SUM(COUNTIF(D54:AH54,"đ")) -> 0 | AL54: =COUNTIF(D54:AH54,"đc") -> 1 | AM54: =COUNTIF(D54:AH54,"gt") -> 0 | AN54: =COUNTIF(D54:AH54,"ct") -> 0 | AO54: =SUM(AI54:AN54) -> 29
A55: 45 | B55: 10 | C55: Nàng Xanh | D55: cn | E55: x | F55: x | G55: x | H55: x | I55: x | J55: x | K55: cn | L55: x | M55: x | N55: x | P55: x | Q55: x | R55: cn | S55: x | T55: x | U55: x | V55: x | W55: x | X55: x | Y55: cn | Z55: x | AA55: x | AB55: x | AC55: x | AD55: x | AE55: x | AF55: đc | AG55: x | AI55: =COUNTIF(D55:AH55,"x") -> 24 | AJ55: =SUM(COUNTIF(D55:AH55,"cn")) -> 4 | AK55: =SUM(COUNTIF(D55:AH55,"đ")) -> 0 | AL55: =COUNTIF(D55:AH55,"đc") -> 1 | AM55: =COUNTIF(D55:AH55,"gt") -> 0 | AN55: =COUNTIF(D55:AH55,"ct") -> 0 | AO55: =SUM(AI55:AN55) -> 29
A56: 46 | B56: 11 | C56: Thảo Xượm | D56: cn | E56: x | F56: x | G56: x | H56: x | I56: x | J56: x | K56: cn | L56: x | M56: x | N56: x | P56: x | Q56: x | R56: cn | S56: x | T56: x | U56: x | V56: x | W56: x | X56: x | Y56: cn | Z56: x | AA56: x | AB56: x | AC56: x | AD56: x | AE56: x | AF56: đc | AG56: x | AI56: =COUNTIF(D56:AH56,"x") -> 24 | AJ56: =SUM(COUNTIF(D56:AH56,"cn")) -> 4 | AK56: =SUM(COUNTIF(D56:AH56,"đ")) -> 0 | AL56: =COUNTIF(D56:AH56,"đc") -> 1 | AM56: =COUNTIF(D56:AH56,"gt") -> 0 | AN56: =COUNTIF(D56:AH56,"ct") -> 0 | AO56: =SUM(AI56:AN56) -> 29
A57: 47 | B57: 12 | C57: Thảo Tích | D57: cn | E57: x | F57: x | G57: x | H57: x | I57: x | J57: x | K57: cn | L57: x | M57: x | N57: x | P57: x | Q57: x | R57: cn | S57: x | T57: x | U57: x | V57: x | W57: x | X57: x | Y57: cn | Z57: x | AA57: x | AB57: x | AC57: x | AD57: x | AE57: x | AF57: đc | AG57: x | AI57: =COUNTIF(D57:AH57,"x") -> 24 | AJ57: =SUM(COUNTIF(D57:AH57,"cn")) -> 4 | AK57: =SUM(COUNTIF(D57:AH57,"đ")) -> 0 | AL57: =COUNTIF(D57:AH57,"đc") -> 1 | AM57: =COUNTIF(D57:AH57,"gt") -> 0 | AN57: =COUNTIF(D57:AH57,"ct") -> 0 | AO57: =SUM(AI57:AN57) -> 29
A58: 48 | B58: 13 | C58: Nàng Thoong | D58: cn | E58: x | F58: x | G58: x | H58: x | I58: x | J58: x | K58: cn | L58: x | M58: x | N58: x | P58: x | Q58: x | R58: cn | S58: x | T58: x | U58: x | V58: x | W58: x | X58: x | Y58: cn | Z58: x | AA58: x | AB58: x | AC58: x | AD58: x | AE58: x | AF58: đc | AG58: x | AI58: =COUNTIF(D58:AH58,"x") -> 24 | AJ58: =SUM(COUNTIF(D58:AH58,"cn")) -> 4 | AK58: =SUM(COUNTIF(D58:AH58,"đ")) -> 0 | AL58: =COUNTIF(D58:AH58,"đc") -> 1 | AM58: =COUNTIF(D58:AH58,"gt") -> 0 | AN58: =COUNTIF(D58:AH58,"ct") -> 0 | AO58: =SUM(AI58:AN58) -> 29
... A87: 77 | B87: 42 | C87: Thảo Xay Tho | D87: cn | E87: x | F87: x | G87: x | H87: x | I87: x | J87: x | K87: cn | L87: x | M87: x | N87: x | P87: x | Q87: x | R87: cn | S87: x | T87: x | U87: x | V87: x | W87: x | X87: x | Y87: cn | Z87: x | AA87: x | AB87: x | AC87: x | AD87: x | AE87: x | AF87: đc | AG87: x | AI87: =COUNTIF(D87:AH87,"x") -> 24 | AJ87: =SUM(COUNTIF(D87:AH87,"cn")) -> 4 | AK87: =SUM(COUNTIF(D87:AH87,"đ")) -> 0 | AL87: =COUNTIF(D87:AH87,"đc") -> 1 | AM87: =COUNTIF(D87:AH87,"gt") -> 0 | AN87: =COUNTIF(D87:AH87,"ct") -> 0 | AO87: =SUM(AI87:AN87) -> 29
A88: 78 | B88: 43 | C88: Nàng Xia Lô | D88: cn | E88: x | F88: x | G88: x | H88: x | I88: x | J88: x | K88: cn | L88: x | M88: x | N88: x | P88: x | Q88: x | R88: cn | S88: x | T88: x | U88: x | V88: x | W88: x | X88: x | Y88: cn | Z88: x | AA88: x | AB88: x | AC88: x | AD88: x | AE88: x | AF88: đc | AG88: x | AI88: =COUNTIF(D88:AH88,"x") -> 24 | AJ88: =SUM(COUNTIF(D88:AH88,"cn")) -> 4 | AK88: =SUM(COUNTIF(D88:AH88,"đ")) -> 0 | AL88: =COUNTIF(D88:AH88,"đc") -> 1 | AM88: =COUNTIF(D88:AH88,"gt") -> 0 | AN88: =COUNTIF(D88:AH88,"ct") -> 0 | AO88: =SUM(AI88:AN88) -> 29 | AQ88: =SUM(AO46:AO88) -> 1247
C89: TỔNG CỘNG | D89: =COUNTA(D11:D88) -> 74 | E89: =COUNTA(E11:E88) -> 76 | F89: =COUNTA(F11:F88) -> 76 | G89: =COUNTA(G11:G88) -> 76 | H89: =COUNTA(H11:H88) -> 76 | I89: =COUNTA(I11:I88) -> 76 | J89: =COUNTA(J11:J88) -> 76 | K89: =COUNTA(K11:K88) -> 72 | ... AH89: =COUNTA(AH11:AH88) -> 0 | AI89: =SUM(AI11:AI88) -> 1808 | AJ89: =SUM(AJ11:AJ88) -> 329 | AK89: =SUM(AK11:AK88) -> 0 | AL89: =SUM(AL11:AL88) -> 43 | AM89: =SUM(AM11:AM88) -> 0 | AN89: =SUM(AN11:AN88) -> 0 | AO89: =SUM(AO11:AO88) -> 2180
C90: Ghi chú: | AO90: 43
C91: x: Ngày công cạo thường | AO91: =+AO89+AO90 -> 2223
C92: cn: Ngày công cạo chủ nhật
C93: đ: Ngày công cạo đúp
C94: đc: Ngày công chủ nhật đúp
C95: gt: Ngày công cạo 2 miệng
C96: ct: Ngày công cạo 2 miệng chủ nhật
AD97: Huyện Noong, ngày 30 tháng 06 năm 2025
C98: TỔNG GIÁM ĐỐC | I98: PHÒNG TC-HC | O98: PHÒNG KT-NN | U98: PHÓ PHÒNG PHỤ TRÁCH | AC98: ĐỘI TRƯỞNG | AH98: NGƯỜI LẬP
F101: Cuối tháng chốt 1 bản, ký công nhân và các thành phần đầy đủ, đóng giáp lai. Hàng tháng đều kẹp vào cuốn sổ đủ 12 tháng đóng cuốn lại. (Vì lý do công nhân sẽ có lúc thay đổi nên ko thể đóng đầu năm từ tháng 1-12)

Sheet Biểu 2 TH MỦ TẠP
A1: CỘNG HÒA DÂN CHỦ NHÂN DÂN LÀO
A2: Hòa bình - Độc lập - Dân chủ - Thống nhất - Thịnh vượng
A3: ----oOo----
A4: CÔNG TY TNHH MTV QUASA-GERUCO LÀO
A5: ĐỘI SẢN XUẤT SỐ 6
A7: BẢNG THEO DÕI SẢN LƯỢNG MỦ TẠP THÁNG 6 NĂM 2025
AI8: Biểu 2
A9: Stt | C9: Họ và tên | D9: Ngày công | AI9: Tổng mủ tạp | AJ9: DRC bình quân | AK9: Mủ tạp quy khô (DRC công nhân) | AL9: Xếp hạng kỹ thuật | AM9: Ký tên CN | AR9: drc | AS9: 0.48055188
D10: 1 | E10: 2 | F10: 3 | G10: 4 | H10: 5 | I10: 6 | J10: 7 | K10: 8 | L10: 9 | M10: 10 | N10: 11 | O10: 12 | P10: 13 | Q10: 14 | R10: 15 | S10: 16 | T10: 17 | U10: 18 | V10: 19 | W10: 20 | X10: 21 | Y10: 22 | Z10: 23 | AA10: 24 | AB10: 25 | AC10: 26 | AD10: 27 | AE10: 28 | AF10: 29 | AG10: 30 | AH10: 31
A11: 1 | C11: =+'[6]Biểu 1 TH CÔNG copy'!C11 -> Tà Lọt | D11: 0 | E11: 150 | F11: 21 | G11: 91 | H11: 25 | I11: 55 | J11: 0 | K11: 0 | L11: 0 | M11: 58 | N11: 0 | O11: 68 | P11: 0 | Q11: 40 | R11: 0 | S11: 85 | T11: 0 | U11: 0 | V11: 150 | W11: 65 | X11: 95 | Y11: 0 | Z11: 86 | AA11: 0 | AB11: 55 | AC11: 68 | AD11: 78 | AE11: 78 | AF11: 0 | AG11: 49 | AI11: =SUM(D11:AH11) -> 1317 | AJ11: =+$AS$9*100 -> 48.055188 | AK11: =+AI11*AJ11/100 -> 632.88683 | AL11: B
A12: 2 | C12: =+'[6]Biểu 1 TH CÔNG copy'!C12 -> A Nhớp | D12: 44 | E12: 92 | F12: 25 | G12: 40 | H12: 37 | I12: 61 | J12: 15 | K12: 39 | L12: 41 | M12: 52 | N12: 30 | O12: 120 | P12: 0 | Q12: 0 | R12: 0 | S12: 0 | T12: 76 | U12: 156 | V12: 68 | W12: 102 | X12: 108 | Y12: 130 | Z12: 92 | AA12: 142 | AB12: 115 | AC12: 125 | AD12: 80 | AE12: 130 | AF12: 83 | AG12: 99 | AI12: =SUM(D12:AH12) -> 2102 | AJ12: =+$AS$9*100 -> 48.055188 | AK12: =+AI12*AJ12/100 -> 1010.1201 | AL12: B
A13: 3 | C13: =+'[6]Biểu 1 TH CÔNG copy'!C13 -> A Chan | D13: 0 | E13: 0 | F13: 50 | G13: 0 | H13: 0 | I13: 22 | J13: 53 | K13: 0 | L13: 0 | M13: 62 | N13: 0 | O13: 105 | P13: 0 | Q13: 0 | R13: 0 | S13: 0 | T13: 0 | U13: 0 | V13: 74 | W13: 180 | X13: 120 | Y13: 0 | Z13: 0 | AA13: 0 | AB13: 102 | AC13: 135 | AD13: 0 | AE13: 156 | AF13: 63 | AG13: 67 | AI13: =SUM(D13:AH13) -> 1189 | AJ13: =+$AS$9*100 -> 48.055188 | AK13: =+AI13*AJ13/100 -> 571.37619 | AL13: B
A14: 4 | C14: =+'[6]Biểu 1 TH CÔNG copy'!C14 -> Phò Đưa | D14: 54 | E14: 45 | F14: 55 | G14: 32 | H14: 45 | I14: 16 | J14: 26 | K14: 20 | L14: 29 | M14: 15 | N14: 25 | O14: 61 | P14: 0 | Q14: 93 | R14: 17 | S14: 61 | T14: 82 | U14: 86 | V14: 25 | W14: 67 | X14: 51 | Y14: 82 | Z14: 23 | AA14: 63 | AB14: 50 | AC14: 80 | AD14: 25 | AE14: 44 | AF14: 66 | AG14: 82 | AI14: =SUM(D14:AH14) -> 1420 | AJ14: =+$AS$9*100 -> 48.055188 | AK14: =+AI14*AJ14/100 -> 682.38367 | AL14: B
A15: 5 | C15: =+'[6]Biểu 1 TH CÔNG copy'!C15 -> Xúc | D15: 76 | E15: 125 | F15: 80 | G15: 85 | H15: 0 | I15: 0 | J15: 0 | K15: 0 | L15: 36 | M15: 32 | N15: 86 | O15: 93 | P15: 0 | Q15: 0 | R15: 20 | S15: 0 | T15: 100 | U15: 109 | V15: 50 | W15: 93 | X15: 59 | Y15: 65 | Z15: 73 | AA15: 0 | AB15: 0 | AC15: 95 | AD15: 0 | AE15: 115 | AF15: 110 | AG15: 70 | AI15: =SUM(D15:AH15) -> 1572 | AJ15: =+$AS$9*100 -> 48.055188 | AK15: =+AI15*AJ15/100 -> 755.42756 | AL15: B
A16: 6 | C16: =+'[6]Biểu 1 TH CÔNG copy'!C16 -> Phơ | D16: 73 | E16: 60 | F16: 22 | G16: 36 | H16: 0 | I16: 0 | J16: 0 | K16: 22 | L16: 85 | M16: 150 | N16: 35 | O16: 120 | P16: 0 | Q16: 110 | R16: 0 | S16: 0 | T16: 102 | U16: 90 | V16: 67 | W16: 128 | X16: 66 | Y16: 120 | Z16: 110 | AA16: 60 | AB16: 58 | AC16: 73 | AD16: 90 | AE16: 56 | AF16: 77 | AG16: 69 | AI16: =SUM(D16:AH16) -> 1879 | AJ16: =+$AS$9*100 -> 48.055188 | AK16: =+AI16*AJ16/100 -> 902.95698 | AL16: A
A17: 7 | C17: =+'[6]Biểu 1 TH CÔNG copy'!C17 -> A Phơ | D17: 64 | E17: 28 | F17: 42 | G17: 59 | H17: 38 | I17: 43 | J17: 39 | K17: 64 | L17: 42 | M17: 44 | N17: 0 | O17: 148 | P17: 0 | Q17: 120 | R17: 0 | S17: 120 | T17: 130 | U17: 105 | V17: 87 | W17: 90 | X17: 140 | Y17: 120 | Z17: 53 | AA17: 90 | AB17: 113 | AC17: 90 | AD17: 55 | AE17: 88 | AF17: 110 | AG17: 90 | AI17: =SUM(D17:AH17) -> 2212 | AJ17: =+$AS$9*100 -> 48.055188 | AK17: =+AI17*AJ17/100 -> 1062.9808 | AL17: B
A18: 8 | C18: =+'[6]Biểu 1 TH CÔNG copy'!C18 -> Phò Lấp | D18: 52 | E18: 20 | F18: 35 | G18: 93 | H18: 22 | I18: 10 | J18: 0 | K18: 0 | L18: 0 | M18: 0 | N18: 0 | O18: 0 | P18: 0 | Q18: 0 | R18: 0 | S18: 0 | T18: 0 | U18: 0 | V18: 0 | W18: 25 | X18: 95 | Y18: 63 | Z18: 49 | AA18: 17 | AB18: 0 | AC18: 105 | AD18: 44 | AE18: 75 | AF18: 170 | AG18: 95 | AI18: =SUM(D18:AH18) -> 970 | AJ18: =+$AS$9*100 -> 48.055188 | AK18: =+AI18*AJ18/100 -> 466.13532 | AL18: A
A19: 9 | C19: =+'[6]Biểu 1 TH CÔNG copy'!C19 -> Nang Sun | D19: 48 | E19: 45 | F19: 45 | G19: 29 | H19: 0 | I19: 40 | J19: 0 | K19: 30 | L19: 140 | M19: 40 | N19: 50 | O19: 101 | P19: 0 | Q19: 80 | R19: 30 | S19: 79 | T19: 71 | U19: 105 | V19: 83 | W19: 130 | X19: 85 | Y19: 135 | Z19: 0 | AA19: 47 | AB19: 76 | AC19: 95 | AD19: 190 | AE19: 0 | AF19: 55 | AG19: 92 | AI19: =SUM(D19:AH19) -> 1921 | AJ19: =+$AS$9*100 -> 48.055188 | AK19: =+AI19*AJ19/100 -> 923.14016 | AL19: B
A20: 10 | C20: =+'[6]Biểu 1 TH CÔNG copy'!C20 -> A Nhem | D20: 0 | E20: 40 | F20: 39 | G20: 52 | H20: 26 | I20: 0 | J20: 0 | K20: 0 | L20: 0 | M20: 33 | N20: 0 | O20: 0 | P20: 0 | Q20: 0 | R20: 0 | S20: 0 | T20: 0 | U20: 100 | V20: 0 | W20: 156 | X20: 45 | Y20: 41 | Z20: 72 | AA20: 120 | AB20: 85 | AC20: 105 | AD20: 0 | AE20: 97 | AF20: 0 | AG20: 0 | AI20: =SUM(D20:AH20) -> 1011 | AJ20: =+$AS$9*100 -> 48.055188 | AK20: =+AI20*AJ20/100 -> 485.83795 | AL20: B
A21: 11 | C21: =+'[6]Biểu 1 TH CÔNG copy'!C21 -> Ton | D21: 0 | E21: 40 | F21: 40 | G21: 52 | H21: 26 | I21: 0 | J21: 0 | K21: 0 | L21: 0 | M21: 33 | N21: 0 | O21: 0 | P21: 0 | Q21: 0 | R21: 0 | S21: 0 | T21: 0 | U21: 101 | V21: 0 | W21: 156 | X21: 45 | Y21: 42 | Z21: 73 | AA21: 120 | AB21: 85 | AC21: 105 | AD21: 0 | AE21: 97 | AF21: 77 | AG21: 0 | AI21: =SUM(D21:AH21) -> 1092 | AJ21: =+$AS$9*100 -> 48.055188 | AK21: =+AI21*AJ21/100 -> 524.76265 | AL21: B
A22: 12 | C22: =+'[6]Biểu 1 TH CÔNG copy'!C22 -> Phò Thít | D22: 45 | E22: 42 | F22: 60 | G22: 65 | H22: 45 | I22: 45 | J22: 56 | K22: 51 | L22: 55 | M22: 35 | N22: 59 | O22: 90 | P22: 0 | Q22: 95 | R22: 40 | S22: 135 | T22: 102 | U22: 80 | V22: 0 | W22: 92 | X22: 95 | Y22: 72 | Z22: 90 | AA22: 75 | AB22: 75 | AC22: 84 | AD22: 69 | AE22: 80 | AF22: 79 | AG22: 74 | AI22: =SUM(D22:AH22) -> 1985 | AJ22: =+$AS$9*100 -> 48.055188 | AK22: =+AI22*AJ22/100 -> 953.89548 | AL22: B
... A44: 34 | C44: =+'[6]Biểu 1 TH CÔNG copy'!C44 -> Thảo Xen | D44: 38 | E44: 42 | F44: 34 | G44: 35 | H44: 32 | I44: 0 | J44: 40 | K44: 45 | L44: 45 | M44: 72 | N44: 109 | O44: 63 | P44: 0 | Q44: 0 | R44: 0 | S44: 55 | T44: 71 | U44: 55 | V44: 0 | W44: 0 | X44: 68 | Y44: 58 | Z44: 60 | AA44: 51 | AB44: 51 | AC44: 43 | AD44: 120 | AE44: 55 | AF44: 58 | AG44: 47 | AI44: =SUM(D44:AH44) -> 1347 | AJ44: =+$AS$9*100 -> 48.055188 | AK44: =+AI44*AJ44/100 -> 647.30338 | AL44: A
A45: 35 | C45: =+'[6]Biểu 1 TH CÔNG copy'!C45 -> Phò Nhuận | D45: 0 | E45: 0 | F45: 0 | G45: 0 | H45: 0 | I45: 0 | J45: 0 | K45: 0 | L45: 0 | M45: 0 | N45: 0 | O45: 0 | P45: 0 | Q45: 0 | R45: 0 | S45: 0 | T45: 52 | U45: 0 | V45: 0 | W45: 63 | X45: 0 | Y45: 47 | Z45: 0 | AA45: 0 | AB45: 0 | AC45: 0 | AD45: 0 | AE45: 0 | AF45: 0 | AG45: 0 | AI45: =SUM(D45:AH45) -> 162 | AJ45: =+$AS$9*100 -> 48.055188 | AK45: 77.844931 | AL45: C | AN45: 77.849405 | AO45: =AN45+AR97 -> 77.849405
A46: 36 | B46: 1 | C46: =+'[6]Biểu 1 TH CÔNG copy'!C46 -> Nàng Ăn | D46: 37 | E46: 40 | F46: 23 | G46: 70 | H46: 36 | I46: 65 | J46: 78 | K46: 47 | L46: 33 | M46: 41 | N46: 48 | O46: 46 | P46: 44 | Q46: 0 | R46: 22 | S46: 73 | T46: 38 | U46: 33 | V46: 51 | W46: 34 | X46: 80 | Y46: 74 | Z46: 75 | AA46: 93 | AB46: 111 | AC46: 61 | AD46: 69 | AE46: 185 | AF46: 54 | AG46: 73 | AI46: =SUM(D46:AH46) -> 1734 | AJ46: =+$AS$9*100 -> 48.055188 | AK46: =+AI46*AJ46/100 -> 833.27696 | AL46: B
A47: 37 | B47: 2 | C47: =+'[6]Biểu 1 TH CÔNG copy'!C47 -> Thảo Ơ | D47: 38 | E47: 39 | F47: 23 | G47: 70 | H47: 36 | I47: 63 | J47: 78 | K47: 48 | L47: 34 | M47: 42 | N47: 49 | O47: 46 | P47: 45 | Q47: 0 | R47: 20 | S47: 78 | T47: 38 | U47: 33 | V47: 51 | W47: 34 | X47: 80 | Y47: 74 | Z47: 75 | AA47: 93 | AB47: 111 | AC47: 60 | AD47: 69 | AE47: 185 | AF47: 54 | AG47: 73 | AI47: =SUM(D47:AH47) -> 1739 | AJ47: =+$AS$9*100 -> 48.055188 | AK47: =+AI47*AJ47/100 -> 835.67972 | AL47: A
A48: 38 | B48: 3 | C48: =+'[6]Biểu 1 TH CÔNG copy'!C48 -> Thảo Ui | D48: 37 | E48: 40 | F48: 24 | G48: 70 | H48: 36 | I48: 65 | J48: 78 | K48: 48 | L48: 34 | M48: 42 | N48: 49 | O48: 47 | P48: 45 | Q48: 0 | R48: 22 | S48: 73 | T48: 38 | U48: 33 | V48: 52 | W48: 35 | X48: 77 | Y48: 75 | Z48: 74 | AA48: 94 | AB48: 111 | AC48: 61 | AD48: 69 | AE48: 186 | AF48: 55 | AG48: 75 | AI48: =SUM(D48:AH48) -> 1745 | AJ48: =+$AS$9*100 -> 48.055188 | AK48: =+AI48*AJ48/100 -> 838.56303 | AL48: A
A49: 39 | B49: 4 | C49: =+'[6]Biểu 1 TH CÔNG copy'!C49 -> Thảo Tin | D49: 38 | E49: 40 | F49: 138 | G49: 67 | H49: 77 | I49: 83 | J49: 35 | K49: 28 | L49: 46 | M49: 64 | N49: 66 | O49: 44 | P49: 33 | Q49: 0 | R49: 0 | S49: 95 | T49: 32 | U49: 70 | V49: 131 | W49: 34 | X49: 35 | Y49: 91 | Z49: 117 | AA49: 102 | AB49: 74 | AC49: 92 | AD49: 127 | AE49: 160 | AF49: 97 | AG49: 119 | AI49: =SUM(D49:AH49) -> 2135 | AJ49: =+$AS$9*100 -> 48.055188 | AK49: =+AI49*AJ49/100 -> 1025.9783 | AL49: A
A50: 40 | B50: 5 | C50: =+'[6]Biểu 1 TH CÔNG copy'!C50 -> Nàng Xái | D50: 40 | E50: 41 | F50: 140 | G50: 67 | H50: 80 | I50: 84 | J50: 36 | K50: 28 | L50: 46 | M50: 65 | N50: 67 | O50: 43 | P50: 34 | Q50: 0 | R50: 0 | S50: 96 | T50: 31 | U50: 68 | V50: 132 | W50: 34 | X50: 35 | Y50: 92 | Z50: 118 | AA50: 103 | AB50: 74 | AC50: 93 | AD50: 128 | AE50: 162 | AF50: 98 | AG50: 119 | AI50: =SUM(D50:AH50) -> 2154 | AJ50: =+$AS$9*100 -> 48.055188 | AK50: =+AI50*AJ50/100 -> 1035.1088 | AL50: A
A51: 41 | B51: 6 | C51: =+'[6]Biểu 1 TH CÔNG copy'!C51 -> Thảo Phôn Xay | D51: 37 | E51: 30 | F51: 68 | G51: 82 | H51: 33 | I51: 52 | J51: 60 | K51: 51 | L51: 33 | M51: 42 | N51: 66 | O51: 44 | P51: 0 | Q51: 0 | R51: 30 | S51: 53 | T51: 33 | U51: 55 | V51: 66 | W51: 40 | X51: 58 | Y51: 55 | Z51: 78 | AA51: 114 | AB51: 104 | AC51: 47 | AD51: 79 | AE51: 190 | AF51: 43 | AG51: 68 | AI51: =SUM(D51:AH51) -> 1711 | AJ51: =+$AS$9*100 -> 48.055188 | AK51: =+AI51*AJ51/100 -> 822.22427 | AL51: A
A52: 42 | B52: 7 | C52: =+'[6]Biểu 1 TH CÔNG copy'!C52 -> Nàng Phêng | D52: 34 | E52: 15 | F52: 84 | G52: 70 | H52: 35 | I52: 42 | J52: 46 | K52: 32 | L52: 30 | M52: 29 | N52: 60 | O52: 31 | P52: 21 | Q52: 0 | R52: 15 | S52: 134 | T52: 29 | U52: 54 | V52: 20 | W52: 25 | X52: 46 | Y52: 45 | Z52: 58 | AA52: 140 | AB52: 69 | AC52: 43 | AD52: 47 | AE52: 165 | AF52: 54 | AG52: 43 | AI52: =SUM(D52:AH52) -> 1516 | AJ52: =+$AS$9*100 -> 48.055188 | AK52: =+AI52*AJ52/100 -> 728.51665 | AL52: B
A53: 43 | B53: 8 | C53: =+'[6]Biểu 1 TH CÔNG copy'!C53 -> Thảo Phíc | D53: 34 | E53: 15 | F53: 82 | G53: 69 | H53: 35 | I53: 43 | J53: 47 | K53: 32 | L53: 30 | M53: 30 | N53: 60 | O53: 31 | P53: 22 | Q53: 0 | R53: 16 | S53: 134 | T53: 30 | U53: 53 | V53: 20 | W53: 25 | X53: 45 | Y53: 46 | Z53: 60 | AA53: 140 | AB53: 70 | AC53: 44 | AD53: 47 | AE53: 167 | AF53: 54 | AG53: 43 | AI53: =SUM(D53:AH53) -> 1524 | AJ53: =+$AS$9*100 -> 48.055188 | AK53: =+AI53*AJ53/100 -> 732.36107 | AL53: A
A54: 44 | B54: 9 | C54: =+'[6]Biểu 1 TH CÔNG copy'!C54 -> Nàng Chai | D54: 38 | E54: 30 | F54: 68 | G54: 80 | H54: 33 | I54: 54 | J54: 61 | K54: 51 | L54: 33 | M54: 43 | N54: 65 | O54: 44 | P54: 0 | Q54: 0 | R54: 30 | S54: 53 | T54: 34 | U54: 55 | V54: 66 | W54: 41 | X54: 59 | Y54: 55 | Z54: 78 | AA54: 114 | AB54: 104 | AC54: 47 | AD54: 79 | AE54: 190 | AF54: 43 | AG54: 68 | AI54: =SUM(D54:AH54) -> 1716 | AJ54: =+$AS$9*100 -> 48.055188 | AK54: =+AI54*AJ54/100 -> 824.62703 | AL54: A
A55: 45 | B55: 10 | C55: =+'[6]Biểu 1 TH CÔNG copy'!C55 -> Nàng Xanh | D55: 37 | E55: 29 | F55: 68 | G55: 80 | H55: 32 | I55: 52 | J55: 60 | K55: 52 | L55: 33 | M55: 43 | N55: 49 | O55: 45 | P55: 0 | Q55: 0 | R55: 28 | S55: 52 | T55: 34 | U55: 55 | V55: 66 | W55: 41 | X55: 59 | Y55: 56 | Z55: 77 | AA55: 115 | AB55: 104 | AC55: 48 | AD55: 79 | AE55: 192 | AF55: 42 | AG55: 70 | AI55: =SUM(D55:AH55) -> 1698 | AJ55: =+$AS$9*100 -> 48.055188 | AK55: =+AI55*AJ55/100 -> 815.97709 | AL55: B
A56: 46 | B56: 11 | C56: =+'[6]Biểu 1 TH CÔNG copy'!C56 -> Thảo Xượm | D56: 43 | E56: 20 | F56: 107 | G56: 78 | H56: 52 | I56: 31 | J56: 81 | K56: 61 | L56: 43 | M56: 24 | N56: 146 | O56: 58 | P56: 0 | Q56: 0 | R56: 0 | S56: 103 | T56: 68 | U56: 84 | V56: 65 | W56: 119 | X56: 44 | Y56: 78 | Z56: 104 | AA56: 181 | AB56: 139 | AC56: 93 | AD56: 83 | AE56: 325 | AF56: 38 | AG56: 63 | AI56: =SUM(D56:AH56) -> 2331 | AJ56: =+$AS$9*100 -> 48.055188 | AK56: =+AI56*AJ56/100 -> 1120.1664 | AL56: A
A57: 47 | B57: 12 | C57: =+'[6]Biểu 1 TH CÔNG copy'!C57 -> Thảo Tích | D57: 0 | E57: 37 | F57: 35 | G57: 40 | H57: 50 | I57: 38 | J57: 73 | K57: 73 | L57: 22 | M57: 29 | N57: 68 | O57: 45 | P57: 22 | Q57: 0 | R57: 0 | S57: 105 | T57: 72 | U57: 14 | V57: 56 | W57: 65 | X57: 49 | Y57: 51 | Z57: 101 | AA57: 135 | AB57: 132 | AC57: 45 | AD57: 60 | AE57: 231 | AF57: 53 | AG57: 66 | AI57: =SUM(D57:AH57) -> 1767 | AJ57: =+$AS$9*100 -> 48.055188 | AK57: =+AI57*AJ57/100 -> 849.13517 | AL57: B
... A85: 75 | B85: 40 | C85: =+'[6]Biểu 1 TH CÔNG copy'!C85 -> Thảo Đuông Chăn | D85: 200 | E85: 130 | F85: 44 | G85: 60 | H85: 0 | I85: 80 | J85: 53 | K85: 43 | L85: 93 | M85: 78 | N85: 43 | O85: 70 | P85: 0 | Q85: 50 | R85: 0 | S85: 40 | T85: 60 | U85: 78 | V85: 96 | W85: 56 | X85: 68 | Y85: 143 | Z85: 85 | AA85: 68 | AB85: 127 | AC85: 110 | AD85: 80 | AE85: 189 | AF85: 99 | AG85: 88 | AI85: =SUM(D85:AH85) -> 2331 | AJ85: =+$AS$9*100 -> 48.055188 | AK85: =+AI85*AJ85/100 -> 1120.1664 | AL85: B
