Workbook
Name ten_hang_muc_KD: '[1]Ten hang muc (2)'!$B$1:$C$31

Sheet Tên thang 01-26
AC1: TUỔI | AE1: TUỔI
A2: STT | B2: ប្រុល់ | C2: ស្រី | D2: CMNN | E2: TÊN | G2: GA | H2: Tổ | I2: Số phần cây
AC3: NAM | AD3: NỮ | AE3: NAM | AF3: NỮ
A4: 1 | B4: 33030 | C4: ស្រី | D4: 150429518 | E4: ឆែម ហុង | F4: CHHEM HONG | G4: 1 | H4: I | I4: 1 | W4: SAO PHEAROM | AC4: =YEAR(NOW())-YEAR(B4) -> 36 | AD4: =YEAR(NOW())-YEAR(C4) -> #VALUE! | AE4: =IF(AC4<=69,AC4,IF(AC4=70,1)) -> 36 | AF4: =IF(AD4<=69,AD4,IF(AD4=70,1)) -> #VALUE!
A5: 2 | B5: 35982 | C5: ប្រុស | D5: 220140698 | E5: សុទ្ធ សីថា | F5: SOT SEYTHA | G5: 1 | H5: I | I5: 2 | W5: PECH CHAN | AC5: =YEAR(NOW())-YEAR(B5) -> 28 | AD5: =YEAR(NOW())-YEAR(C5) -> #VALUE! | AE5: =IF(AC5<=69,AC5,IF(AC5=70,1)) -> 28 | AF5: =IF(AD5<=69,AD5,IF(AD5=70,1)) -> #VALUE!
A6: 3 | B6: 38457 | C6: ប្រុស | D6: 151027370 | E6: រ៉ន ចាន់រាជ | F6: RORN CHANREACH | G6: 1 | H6: I | I6: 3 | W6: NUON SAROEUN | AC6: =YEAR(NOW())-YEAR(B6) -> 21 | AD6: =YEAR(NOW())-YEAR(C6) -> #VALUE! | AE6: =IF(AC6<=69,AC6,IF(AC6=70,1)) -> 21 | AF6: =IF(AD6<=69,AD6,IF(AD6=70,1)) -> #VALUE!
A7: 4 | B7: 36175 | C7: ស្រី | D7: 150815265 | E7: ណំ ធីងធីង | F7: NON THING THING | G7: 1 | H7: I | I7: 4 | W7: HEAN CHANROTH | AC7: =YEAR(NOW())-YEAR(B7) -> 27 | AD7: =YEAR(NOW())-YEAR(C7) -> #VALUE! | AE7: =IF(AC7<=69,AC7,IF(AC7=70,1)) -> 27 | AF7: =IF(AD7<=69,AD7,IF(AD7=70,1)) -> #VALUE!
A8: 5 | B8: 33615 | C8: ប្រុស | D8: 150523483 | E8: វ៉ាន់ បូរ៉ុង | F8: VANN BORONG | G8: 1 | H8: I | I8: 5 | W8: CHOUN SAMUN | AC8: =YEAR(NOW())-YEAR(B8) -> 34 | AD8: =YEAR(NOW())-YEAR(C8) -> #VALUE! | AE8: =IF(AC8<=69,AC8,IF(AC8=70,1)) -> 34 | AF8: =IF(AD8<=69,AD8,IF(AD8=70,1)) -> #VALUE!
A9: 6 | B9: 35986 | C9: ប្រុស | D9: 220152906 | E9: យឿង សុខជា | F9: YOEUNG SOKCHEA | G9: 1 | H9: I | I9: 6 | W9: MORN POV | AC9: =YEAR(NOW())-YEAR(B9) -> 28 | AD9: =YEAR(NOW())-YEAR(C9) -> #VALUE! | AE9: =IF(AC9<=69,AC9,IF(AC9=70,1)) -> 28 | AF9: =IF(AD9<=69,AD9,IF(AD9=70,1)) -> #VALUE!
A10: 7 | B10: 36651 | C10: ប្រុស | D10: 220175364 | E10: អួន សុភាព | F10: OURN SOPHEAP | G10: 1 | H10: I | I10: 7 | W10: TRI MAK | AC10: =YEAR(NOW())-YEAR(B10) -> 26 | AD10: =YEAR(NOW())-YEAR(C10) -> #VALUE! | AE10: =IF(AC10<=69,AC10,IF(AC10=70,1)) -> 26 | AF10: =IF(AD10<=69,AD10,IF(AD10=70,1)) -> #VALUE!
A11: 8 | B11: 35950 | C11: ប្រុស | D11: 220209900 | E11: ភួន ភី | F11: PHUON PHY | G11: 1 | H11: I | I11: 8 | W11: YET YEN | AC11: =YEAR(NOW())-YEAR(B11) -> 28 | AD11: =YEAR(NOW())-YEAR(C11) -> #VALUE! | AE11: =IF(AC11<=69,AC11,IF(AC11=70,1)) -> 28 | AF11: =IF(AD11<=69,AD11,IF(AD11=70,1)) -> #VALUE!
A12: 9 | B12: 36447 | C12: ប្រុស | D12: 150789799 | E12: ទូ គុលា | F12: TO TOKLA | G12: 1 | H12: I | I12: 9 | W12: TANN NAVEN | AC12: =YEAR(NOW())-YEAR(B12) -> 27 | AD12: =YEAR(NOW())-YEAR(C12) -> #VALUE! | AE12: =IF(AC12<=69,AC12,IF(AC12=70,1)) -> 27 | AF12: =IF(AD12<=69,AD12,IF(AD12=70,1)) -> #VALUE!
A13: 10 | B13: 38244 | C13: ស្រី | D13: 150983095 | E13: ណំ សិទ្ធិ | F13: NOM SITH | G13: 1 | H13: I | I13: 10 | W13: NON THING THING | AC13: =YEAR(NOW())-YEAR(B13) -> 22 | AD13: =YEAR(NOW())-YEAR(C13) -> #VALUE! | AE13: =IF(AC13<=69,AC13,IF(AC13=70,1)) -> 22 | AF13: =IF(AD13<=69,AD13,IF(AD13=70,1)) -> #VALUE!
A14: 11 | B14: 29073 | C14: ស្រី | D14: 150814730 | E14: ធ្លក រាន់ | F14: THLOK ROIN | G14: 1 | H14: I | I14: 11 | W14: SOT SEYTHA | AC14: =YEAR(NOW())-YEAR(B14) -> 47 | AD14: =YEAR(NOW())-YEAR(C14) -> #VALUE! | AE14: =IF(AC14<=69,AC14,IF(AC14=70,1)) -> 47 | AF14: =IF(AD14<=69,AD14,IF(AD14=70,1)) -> #VALUE!
A15: 12 | B15: 29082 | C15: ស្រី | D15: 150427542 | E15: យ៉ែម ឃឿន | F15: YEM KHOEUN | G15: 1 | H15: I | I15: 12 | W15: CHHON YIN | AC15: =YEAR(NOW())-YEAR(B15) -> 47 | AD15: =YEAR(NOW())-YEAR(C15) -> #VALUE! | AE15: =IF(AC15<=69,AC15,IF(AC15=70,1)) -> 47 | AF15: =IF(AD15<=69,AD15,IF(AD15=70,1)) -> #VALUE!
A16: 13 | B16: 37848 | C16: ប្រុស | D16: 220234084 | E16: យឿង រ៉ាឌី | F16: YOEUNG RADIN | G16: 1 | H16: I | I16: 13 | W16: PHORN SAMBIEN | AC16: =YEAR(NOW())-YEAR(B16) -> 23 | AD16: =YEAR(NOW())-YEAR(C16) -> #VALUE! | AE16: =IF(AC16<=69,AC16,IF(AC16=70,1)) -> 23 | AF16: =IF(AD16<=69,AD16,IF(AD16=70,1)) -> #VALUE!
A17: 14 | B17: 34127 | C17: ប្រុស | D17: 150468345 | E17: វ៉ាន់ បូរិទ្ធ | F17: VANN BORITH | G17: 1 | H17: I | I17: 14 | W17: HAUY VEASNA | AC17: =YEAR(NOW())-YEAR(B17) -> 33 | AD17: =YEAR(NOW())-YEAR(C17) -> #VALUE! | AE17: =IF(AC17<=69,AC17,IF(AC17=70,1)) -> 33 | AF17: =IF(AD17<=69,AD17,IF(AD17=70,1)) -> #VALUE!
A18: 15 | B18: 30477 | C18: ស្រី | D18: 250230683 | E18: ឆែម ហ៊ាច | F18: CHHEM HEACH | G18: 1 | H18: I | I18: 15 | W18: SRENG NARIN | AC18: =YEAR(NOW())-YEAR(B18) -> 43 | AD18: =YEAR(NOW())-YEAR(C18) -> #VALUE! | AE18: =IF(AC18<=69,AC18,IF(AC18=70,1)) -> 43 | AF18: =IF(AD18<=69,AD18,IF(AD18=70,1)) -> #VALUE!
A19: 16 | B19: 34095 | C19: ប្រុស | D19: 150523533 | E19: ឆែម ឆុន | F19: CHHEN CHHON | G19: 1 | H19: I | I19: 16 | W19: SEK SAMON | AC19: =YEAR(NOW())-YEAR(B19) -> 33 | AD19: =YEAR(NOW())-YEAR(C19) -> #VALUE! | AE19: =IF(AC19<=69,AC19,IF(AC19=70,1)) -> 33 | AF19: =IF(AD19<=69,AD19,IF(AD19=70,1)) -> #VALUE!
... A27: 24 | B27: 35189 | C27: ប្រុស | D27: 220208788 | E27: សុទ្ធ សុខជា | F27: SOTH SOKCHEA | G27: 1 | H27: I | I27: 24 | W27: SOT LAYHORN | AC27: =YEAR(NOW())-YEAR(B27) -> 30 | AD27: =YEAR(NOW())-YEAR(C27) -> #VALUE! | AE27: =IF(AC27<=69,AC27,IF(AC27=70,1)) -> 30 | AF27: =IF(AD27<=69,AD27,IF(AD27=70,1)) -> #VALUE!
A28: 25 | B28: 31200 | C28: ស្រី | D28: 060541171 | E28: ពិន ឆេន | F28: PIN CHHEN | G28: 1 | H28: I | I28: 25 | W28: KHOURN HOUY | AC28: =YEAR(NOW())-YEAR(B28) -> 41 | AD28: =YEAR(NOW())-YEAR(C28) -> #VALUE! | AE28: =IF(AC28<=69,AC28,IF(AC28=70,1)) -> 41 | AF28: =IF(AD28<=69,AD28,IF(AD28=70,1)) -> #VALUE!
A29: 26 | B29: 30904 | C29: ប្រុស | D29: 060540793 | E29: កេត នី | F29: KET NY | G29: 1 | H29: I | I29: 26 | W29: LAY NHOENG | AC29: =YEAR(NOW())-YEAR(B29) -> 42 | AD29: =YEAR(NOW())-YEAR(C29) -> #VALUE! | AE29: =IF(AC29<=69,AC29,IF(AC29=70,1)) -> 42 | AF29: =IF(AD29<=69,AD29,IF(AD29=70,1)) -> #VALUE!
A30: 27 | B30: 38861 | C30: ប្រុស | D30: 250373915 | E30: គៀវ និ | F30: KIEV NIK | G30: 1 | H30: I | I30: 27 | W30: CHHENG CHAMRAEUN | AC30: =YEAR(NOW())-YEAR(B30) -> 20 | AD30: =YEAR(NOW())-YEAR(C30) -> #VALUE! | AE30: =IF(AC30<=69,AC30,IF(AC30=70,1)) -> 20 | AF30: =IF(AD30<=69,AD30,IF(AD30=70,1)) -> #VALUE!
A31: 28 | B31: 39434 | C31: ប្រុស | D31: 151065238 | E31: ដួត ដែន | F31: DOUT DEN | G31: 1 | H31: I | I31: 28 | W31: KHOEUN KHEN | AC31: =YEAR(NOW())-YEAR(B31) -> 19 | AD31: =YEAR(NOW())-YEAR(C31) -> #VALUE! | AE31: =IF(AC31<=69,AC31,IF(AC31=70,1)) -> 19 | AF31: =IF(AD31<=69,AD31,IF(AD31=70,1)) -> #VALUE!
A32: 29 | B32: 39615 | C32: ស្រី | D32: 151057212 | E32: ចាយ ពន្លក | F32: CHAY PONLOK | G32: 1 | H32: I | I32: 29 | W32: TAN VOT | AC32: =YEAR(NOW())-YEAR(B32) -> 18 | AD32: =YEAR(NOW())-YEAR(C32) -> #VALUE! | AE32: =IF(AC32<=69,AC32,IF(AC32=70,1)) -> 18 | AF32: =IF(AD32<=69,AD32,IF(AD32=70,1)) -> #VALUE!
A33: 30 | B33: 28982 | C33: ប្រុស | D33: 150978869 | E33: សំ ផុន | F33: SOM PHON | G33: 1 | H33: I | I33: 30 | W33: POV CHHONG | AC33: =YEAR(NOW())-YEAR(B33) -> 47 | AD33: =YEAR(NOW())-YEAR(C33) -> #VALUE! | AE33: =IF(AC33<=69,AC33,IF(AC33=70,1)) -> 47 | AF33: =IF(AD33<=69,AD33,IF(AD33=70,1)) -> #VALUE!
A34: 31 | B34: 38595 | C34: ស្រី | D34: 150983094 | E34: អ៊ុន ឆវ័ន | F34: UN CHORVON | G34: 1 | H34: I | I34: 31 | W34: SIEK SOM | AC34: =YEAR(NOW())-YEAR(B34) -> 21 | AD34: =YEAR(NOW())-YEAR(C34) -> #VALUE! | AE34: =IF(AC34<=69,AC34,IF(AC34=70,1)) -> 21 | AF34: =IF(AD34<=69,AD34,IF(AD34=70,1)) -> #VALUE!
A35: 32 | B35: 30503 | C35: ប្រុស | D35: 220175216 | E35: ប៉ិល ថា | F35: PEL THA | G35: 1 | H35: I | I35: 32 | W35: CHHIV PHALL | AC35: =YEAR(NOW())-YEAR(B35) -> 43 | AD35: =YEAR(NOW())-YEAR(C35) -> #VALUE! | AE35: =IF(AC35<=69,AC35,IF(AC35=70,1)) -> 43 | AF35: =IF(AD35<=69,AD35,IF(AD35=70,1)) -> #VALUE!
A36: 33 | B36: 31663 | C36: ប្រុស | D36: 220175443 | E36: ប៉ិល ផល្លា | F36: PEL PHALLA | G36: 1 | H36: I | I36: 33 | W36: VEAT TY | AC36: =YEAR(NOW())-YEAR(B36) -> 40 | AD36: =YEAR(NOW())-YEAR(C36) -> #VALUE! | AE36: =IF(AC36<=69,AC36,IF(AC36=70,1)) -> 40 | AF36: =IF(AD36<=69,AD36,IF(AD36=70,1)) -> #VALUE!
A37: 34 | B37: 37412 | C37: ប្រុស | D37: 220208812 | E37: យៀត ឌី | F37: YIEN DY | G37: 1 | H37: I | I37: 34 | J37: 37309 | L37: 150935164 | M37: ណំ វ៉ាន់​ស៊ីង | N37: NOM VANSING | W37: SIE RITH | AC37: =YEAR(NOW())-YEAR(B37) -> 24 | AD37: =YEAR(NOW())-YEAR(C37) -> #VALUE! | AE37: =IF(AC37<=69,AC37,IF(AC37=70,1)) -> 24 | AF37: =IF(AD37<=69,AD37,IF(AD37=70,1)) -> #VALUE!
A38: 35 | B38: 30868 | C38: ស្រី | D38: 220175374 | E38: រឿន ចាន់រ៉ា | F38: ROEUN CHANRA | G38: 1 | H38: I | I38: 35 | W38: TOCH CHANTHA | AC38: =YEAR(NOW())-YEAR(B38) -> 42 | AD38: =YEAR(NOW())-YEAR(C38) -> #VALUE! | AE38: =IF(AC38<=69,AC38,IF(AC38=70,1)) -> 42 | AF38: =IF(AD38<=69,AD38,IF(AD38=70,1)) -> #VALUE!
A39: 36 | B39: 38777 | C39: ស្រី | D39: 220234356 | E39: អៀវ សុភ័ណ្ឌ | F39: IEV SOPHORN | G39: 1 | H39: I | I39: 36 | W39: ROEUN SARANN | AC39: =YEAR(NOW())-YEAR(B39) -> 20 | AD39: =YEAR(NOW())-YEAR(C39) -> #VALUE! | AE39: =IF(AC39<=69,AC39,IF(AC39=70,1)) -> 20 | AF39: =IF(AD39<=69,AD39,IF(AD39=70,1)) -> #VALUE!
A40: 37 | B40: 30835 | C40: ប្រុស | D40: 160485580 | E40: គុយ សឿន | F40: KUY SOEUN | G40: 1 | H40: I | I40: 37 | W40: MEN MOEUN | AC40: =YEAR(NOW())-YEAR(B40) -> 42 | AD40: =YEAR(NOW())-YEAR(C40) -> #VALUE! | AE40: =IF(AC40<=69,AC40,IF(AC40=70,1)) -> 42 | AF40: =IF(AD40<=69,AD40,IF(AD40=70,1)) -> #VALUE!
A41: 38 | B41: 35066 | C41: ស្រី | D41: 150523513 | E41: សាំ សុរីសា | F41: SAM SORYSA | G41: 1 | H41: I | I41: 38 | J41: 35351 | L41: 150650748 | M41: លឿន ឡែម | N41: LOEUN LEM | W41: SAL SOPHORN | AC41: =YEAR(NOW())-YEAR(B41) -> 30 | AD41: =YEAR(NOW())-YEAR(C41) -> #VALUE! | AE41: =IF(AC41<=69,AC41,IF(AC41=70,1)) -> 30 | AF41: =IF(AD41<=69,AD41,IF(AD41=70,1)) -> #VALUE!
A42: 39 | B42: 33401 | C42: ប្រុស | D42: 150648033 | E42: មាស សំបាន | F42: MEAS SOM BAN | G42: 1 | H42: I | I42: 39 | W42: PHAN SOPHY | AC42: =YEAR(NOW())-YEAR(B42) -> 35 | AD42: =YEAR(NOW())-YEAR(C42) -> #VALUE! | AE42: =IF(AC42<=69,AC42,IF(AC42=70,1)) -> 35 | AF42: =IF(AD42<=69,AD42,IF(AD42=70,1)) -> #VALUE!
A43: 40 | B43: 38363 | C43: ស្រី | D43: 220220033 | E43: សុទ្ធ ឡៃហ័ន | F43: SOT LAYHORN | G43: 1 | H43: I | I43: 40 | W43: CHORN SOCHEAT | AC43: =YEAR(NOW())-YEAR(B43) -> 21 | AD43: =YEAR(NOW())-YEAR(C43) -> #VALUE! | AE43: =IF(AC43<=69,AC43,IF(AC43=70,1)) -> 21 | AF43: =IF(AD43<=69,AD43,IF(AD43=70,1)) -> #VALUE!
A44: 41 | B44: 37441 | C44: ប្រុស | D44: 150935343 | E44: អឿង សំអុល | F44: OENG SAMOL | G44: 1 | H44: I | I44: 41 | W44: SAL SOPHY | AC44: =YEAR(NOW())-YEAR(B44) -> 24 | AD44: =YEAR(NOW())-YEAR(C44) -> #VALUE! | AE44: =IF(AC44<=69,AC44,IF(AC44=70,1)) -> 24 | AF44: =IF(AD44<=69,AD44,IF(AD44=70,1)) -> #VALUE!
A45: 42 | B45: 33796 | C45: ប្រុស | D45: 150468460 | E45: ឡា​ឡច | F45: LA LOCH | G45: 1 | H45: I | I45: 42 | W45: HON HIM | AC45: =YEAR(NOW())-YEAR(B45) -> 34 | AD45: =YEAR(NOW())-YEAR(C45) -> #VALUE! | AE45: =IF(AC45<=69,AC45,IF(AC45=70,1)) -> 34 | AF45: =IF(AD45<=69,AD45,IF(AD45=70,1)) -> #VALUE! | AH45: 30201 | AI45: 250121370 | AJ45: ពិន ឈាន | AK45: PIN CHHEAN
A46: 43 | B46: 32968 | C46: ប្រុស | D46: 220175299 | E46: សៀក សំ | F46: SIEK SOM | G46: 1 | H46: I | I46: 43 | K46: 37162 | L46: 220217470 | M46: សៀក ពេញ | N46: SEAK PENH | W46: SEAK PENH | AC46: =YEAR(NOW())-YEAR(B46) -> 36 | AD46: =YEAR(NOW())-YEAR(C46) -> #VALUE! | AE46: =IF(AC46<=69,AC46,IF(AC46=70,1)) -> 36 | AF46: =IF(AD46<=69,AD46,IF(AD46=70,1)) -> #VALUE! | AG46: 30796 | AI46: 250121371 | AJ46: ហ៊ីម ហៀក | AK46: HIM HIEK
A47: 44 | B47: 36783 | C47: ស្រី | D47: 150982919 | E47: អ៊ីម សារ៉ាន | F47: IM SARAN | G47: 1 | H47: I | I47: 44 | J47: 37316 | K47: 220210781 | L47: ស្រេង ស្រីអូន | M47: SRENG SREY OUN | W47: PHANN PHANNY | AC47: =YEAR(NOW())-YEAR(B47) -> 26 | AD47: =YEAR(NOW())-YEAR(C47) -> #VALUE! | AE47: =IF(AC47<=69,AC47,IF(AC47=70,1)) -> 26 | AF47: =IF(AD47<=69,AD47,IF(AD47=70,1)) -> #VALUE! | AG47: 38971 | AI47: 250373914 | AJ47: ហៀក ហ៊ា | AK47: HIEK HEA
A48: 45 | B48: 36670 | C48: ប្រុស | D48: 150865342 | E48: គាន ខេន | F48: KEAN KHEN | G48: 1 | H48: I | I48: 45 | W48: LOEURN CHA | AC48: =YEAR(NOW())-YEAR(B48) -> 26 | AD48: =YEAR(NOW())-YEAR(C48) -> #VALUE! | AE48: =IF(AC48<=69,AC48,IF(AC48=70,1)) -> 26 | AF48: =IF(AD48<=69,AD48,IF(AD48=70,1)) -> #VALUE!
A49: 46 | B49: 37842 | C49: ប្រុស | D49: 151016972 | E49: ទួច សុភាន់ | F49: TUOCH SOPHOIN | G49: 1 | H49: I | I49: 46 | W49: TRY CHANTHOU | AC49: =YEAR(NOW())-YEAR(B49) -> 23 | AD49: =YEAR(NOW())-YEAR(C49) -> #VALUE! | AE49: =IF(AC49<=69,AC49,IF(AC49=70,1)) -> 23 | AF49: =IF(AD49<=69,AD49,IF(AD49=70,1)) -> #VALUE!
A50: 47 | B50: 30868 | C50: ស្រី | D50: 150574873 | E50: ឆេង យីន | F50: CHHENG YIN | G50: 1 | H50: I | I50: 47 | W50: LENG PHAN | AC50: =YEAR(NOW())-YEAR(B50) -> 42 | AD50: =YEAR(NOW())-YEAR(C50) -> #VALUE! | AE50: =IF(AC50<=69,AC50,IF(AC50=70,1)) -> 42 | AF50: =IF(AD50<=69,AD50,IF(AD50=70,1)) -> #VALUE!
A51: 48 | B51: 32151 | C51: ប្រុស | D51: 200053838 | E51: ឆែម អ៊ិន | F51: CHHEM IN | G51: 4 | H51: I | I51: 137 | V51: 2 | W51: SIM SEYLA | AC51: =YEAR(NOW())-YEAR(B51) -> 38 | AD51: =YEAR(NOW())-YEAR(C51) -> #VALUE! | AE51: =IF(AC51<=69,AC51,IF(AC51=70,1)) -> 38 | AF51: =IF(AD51<=69,AD51,IF(AD51=70,1)) -> #VALUE!
A52: 49 | B52: 31426 | C52: ស្រី | D52: 200053839 | E52: វឿន លីម | F52: VOEUN LIM | G52: 4 | H52: I | I52: 138 | W52: CHHUN SOKHOEUN | AC52: =YEAR(NOW())-YEAR(B52) -> 40 | AD52: =YEAR(NOW())-YEAR(C52) -> #VALUE! | AE52: =IF(AC52<=69,AC52,IF(AC52=70,1)) -> 40 | AF52: =IF(AD52<=69,AD52,IF(AD52=70,1)) -> #VALUE!
A53: 50 | B53: 30921 | C53: ស្រី | D53: 150236406 | E53: ហោ យ៉ាន | F53: HO YAN | G53: 4 | H53: I | I53: 139 | W53: KOA LINA | AC53: =YEAR(NOW())-YEAR(B53) -> 42 | AD53: =YEAR(NOW())-YEAR(C53) -> #VALUE! | AE53: =IF(AC53<=69,AC53,IF(AC53=70,1)) -> 42 | AF53: =IF(AD53<=69,AD53,IF(AD53=70,1)) -> #VALUE!
A54: 51 | B54: 33136 | C54: ប្រុស | D54: 150468401 | E54: តោ ទឿន | F54: TOR TOEUN | G54: 4 | H54: I | I54: 140 | W54: KHOEUN HE | AC54: =YEAR(NOW())-YEAR(B54) -> 36 | AD54: =YEAR(NOW())-YEAR(C54) -> #VALUE! | AE54: =IF(AC54<=69,AC54,IF(AC54=70,1)) -> 36 | AF54: =IF(AD54<=69,AD54,IF(AD54=70,1)) -> #VALUE!
A55: 52 | B55: 28896 | C55: ប្រុស | D55: 150113053 | E55: ញ៉ុវ ញឹម | F55: NHOV NHIM | G55: 4 | H55: I | I55: 141 | W55: PHAL CHANNA | AC55: =YEAR(NOW())-YEAR(B55) -> 47 | AD55: =YEAR(NOW())-YEAR(C55) -> #VALUE! | AE55: =IF(AC55<=69,AC55,IF(AC55=70,1)) -> 47 | AF55: =IF(AD55<=69,AD55,IF(AD55=70,1)) -> #VALUE!
A56: 53 | B56: 31780 | C56: ប្រុស | D56: 220140705 | E56: តូច ចាន់លី | F56: TOUCH CHANLY | G56: 4 | H56: I | I56: 142 | W56: SEN SOUEN | AC56: =YEAR(NOW())-YEAR(B56) -> 39 | AD56: =YEAR(NOW())-YEAR(C56) -> #VALUE! | AE56: =IF(AC56<=69,AC56,IF(AC56=70,1)) -> 39 | AF56: =IF(AD56<=69,AD56,IF(AD56=70,1)) -> #VALUE!
A57: 54 | B57: 29482 | C57: ស្រី | D57: 150865582 | E57: ឡោ ហ៊ុន | F57: LAO HUN | G57: 4 | H57: I | I57: 143 | W57: PHORN PHEAK | AC57: =YEAR(NOW())-YEAR(B57) -> 46 | AD57: =YEAR(NOW())-YEAR(C57) -> #VALUE! | AE57: =IF(AC57<=69,AC57,IF(AC57=70,1)) -> 46 | AF57: =IF(AD57<=69,AD57,IF(AD57=70,1)) -> #VALUE!
A58: 55 | B58: 31940 | C58: ស្រី | D58: 150427588 | E58: ឈាន អន | F58: CHHEAN ORN | G58: 4 | H58: I | I58: 144 | W58: NAT PISEY | AC58: =YEAR(NOW())-YEAR(B58) -> 39 | AD58: =YEAR(NOW())-YEAR(C58) -> #VALUE! | AE58: =IF(AC58<=69,AC58,IF(AC58=70,1)) -> 39 | AF58: =IF(AD58<=69,AD58,IF(AD58=70,1)) -> #VALUE!
A59: 56 | B59: 32554 | C59: ស្រី | D59: 150429561 | E59: មាស ណាលីន | F59: MEAS NALIN | G59: 4 | H59: I | I59: 145 | W59: CHON CHAEUT | AC59: =YEAR(NOW())-YEAR(B59) -> 37 | AD59: =YEAR(NOW())-YEAR(C59) -> #VALUE! | AE59: =IF(AC59<=69,AC59,IF(AC59=70,1)) -> 37 | AF59: =IF(AD59<=69,AD59,IF(AD59=70,1)) -> #VALUE!
A60: 57 | B60: 38127 | C60: ស្រី | D60: 150949342 | E60: ម៉ួន ហ៊ាង | F60: MUON HEANG | G60: 4 | H60: I | I60: 146 | W60: MORN VICHET | AC60: =YEAR(NOW())-YEAR(B60) -> 22 | AD60: =YEAR(NOW())-YEAR(C60) -> #VALUE! | AE60: =IF(AC60<=69,AC60,IF(AC60=70,1)) -> 22 | AF60: =IF(AD60<=69,AD60,IF(AD60=70,1)) -> #VALUE!
A61: 58 | B61: 37818 | C61: ប្រុស | D61: 051669732 | E61: យ៉េន ហៃ | F61: YEN HAI | G61: 4 | H61: I | I61: 147 | W61: SUT SOPHAL | AC61: =YEAR(NOW())-YEAR(B61) -> 23 | AD61: =YEAR(NOW())-YEAR(C61) -> #VALUE! | AE61: =IF(AC61<=69,AC61,IF(AC61=70,1)) -> 23 | AF61: =IF(AD61<=69,AD61,IF(AD61=70,1)) -> #VALUE!
A62: 59 | B62: 24275 | C62: ប្រុស | D62: 150360039 | E62: ស្រី អ៊ឹម | F62: SREY OEM | G62: 4 | H62: I | I62: 148 | W62: RA HEN | AC62: =YEAR(NOW())-YEAR(B62) -> 60 | AD62: =YEAR(NOW())-YEAR(C62) -> #VALUE! | AE62: =IF(AC62<=69,AC62,IF(AC62=70,1)) -> 60 | AF62: =IF(AD62<=69,AD62,IF(AD62=70,1)) -> #VALUE!
A63: 60 | B63: 33636 | C63: ប្រុស | D63: 150523030 | E63: ណេ សារ៉ាត់ | F63: NE SARATH | G63: 4 | H63: I | I63: 149 | W63: KY SAMBATH | AC63: =YEAR(NOW())-YEAR(B63) -> 34 | AD63: =YEAR(NOW())-YEAR(C63) -> #VALUE! | AE63: =IF(AC63<=69,AC63,IF(AC63=70,1)) -> 34 | AF63: =IF(AD63<=69,AD63,IF(AD63=70,1)) -> #VALUE!
A64: 61 | B64: 30757 | C64: ស្រី | D64: 150236408 | E64: សន ធីន | F64: SORN THIN | G64: 4 | H64: I | I64: 150 | W64: YOEUNG SOCHEAT | AC64: =YEAR(NOW())-YEAR(B64) -> 42 | AD64: =YEAR(NOW())-YEAR(C64) -> #VALUE! | AE64: =IF(AC64<=69,AC64,IF(AC64=70,1)) -> 42 | AF64: =IF(AD64<=69,AD64,IF(AD64=70,1)) -> #VALUE!
A65: 62 | B65: 28445 | C65: ប្រុស | D65: 150523289 | E65: ម៉ន ម៉ៃ | F65: MORN MAY | G65: 4 | H65: I | I65: 151 | W65: SIEK SAM | AC65: =YEAR(NOW())-YEAR(B65) -> 49 | AD65: =YEAR(NOW())-YEAR(C65) -> #VALUE! | AE65: =IF(AC65<=69,AC65,IF(AC65=70,1)) -> 49 | AF65: =IF(AD65<=69,AD65,IF(AD65=70,1)) -> #VALUE!
A66: 63 | B66: 28158 | C66: ស្រី | D66: 150523290 | E66: ជន សាមាក់ | F66: CHORN SAMAK | G66: 4 | H66: I | I66: 152 | W66: YONG RY | AC66: =YEAR(NOW())-YEAR(B66) -> 49 | AD66: =YEAR(NOW())-YEAR(C66) -> #VALUE! | AE66: =IF(AC66<=69,AC66,IF(AC66=70,1)) -> 49 | AF66: =IF(AD66<=69,AD66,IF(AD66=70,1)) -> #VALUE!
A67: 64 | B67: 37640 | C67: ស្រី | D67: 150938986 | E67: សេង មករា | F67: SENG MEAKARA | G67: 4 | H67: I | I67: 153 | W67: SAY SENG | AC67: =YEAR(NOW())-YEAR(B67) -> 23 | AD67: =YEAR(NOW())-YEAR(C67) -> #VALUE! | AE67: =IF(AC67<=69,AC67,IF(AC67=70,1)) -> 23 | AF67: =IF(AD67<=69,AD67,IF(AD67=70,1)) -> #VALUE!
A68: 65 | B68: 30443 | C68: ប្រុស | D68: 150612485 | E68: ហ៊ាវ ហៃ | F68: HEAV HAI | G68: 4 | H68: I | I68: 154 | W68: VANN KEAT | AC68: =YEAR(NOW())-YEAR(B68) -> 43 | AD68: =YEAR(NOW())-YEAR(C68) -> #VALUE! | AE68: =IF(AC68<=69,AC68,IF(AC68=70,1)) -> 43 | AF68: =IF(AD68<=69,AD68,IF(AD68=70,1)) -> #VALUE!
A69: 66 | B69: 29954 | C69: ស្រី | D69: 150612484 | E69: មឿន សាវន | F69: MOEUN SAVON | G69: 4 | H69: I | I69: 155 | W69: THOUN BHIB | AC69: =YEAR(NOW())-YEAR(B69) -> 44 | AD69: =YEAR(NOW())-YEAR(C69) -> #VALUE! | AE69: =IF(AC69<=69,AC69,IF(AC69=70,1)) -> 44 | AF69: =IF(AD69<=69,AD69,IF(AD69=70,1)) -> #VALUE!
A70: 67 | B70: 35930 | C70: ប្រុស | D70: 150755457 | E70: មឿន សុខា | F70: MAEUN SOKHA | G70: 4 | H70: I | I70: 156 | W70: KHOEUN SOK | AC70: =YEAR(NOW())-YEAR(B70) -> 28 | AD70: =YEAR(NOW())-YEAR(C70) -> #VALUE! | AE70: =IF(AC70<=69,AC70,IF(AC70=70,1)) -> 28 | AF70: =IF(AD70<=69,AD70,IF(AD70=70,1)) -> #VALUE!
A71: 68 | B71: 33339 | C71: ស្រី | D71: 150469788 | E71: ម៉ិក ស្រីលាក់ | F71: MIK SREYLEAK | G71: 4 | H71: I | I71: 157 | W71: HAL OL | AC71: =YEAR(NOW())-YEAR(B71) -> 35 | AD71: =YEAR(NOW())-YEAR(C71) -> #VALUE! | AE71: =IF(AC71<=69,AC71,IF(AC71=70,1)) -> 35 | AF71: =IF(AD71<=69,AD71,IF(AD71=70,1)) -> #VALUE!
A72: 69 | B72: 38045 | C72: ប្រុស | D72: 220244414 | E72: គង់ ពន្លឺ | F72: KONG PUNLEU | G72: 4 | H72: I | I72: 158 | W72: TAK MAO | AC72: =YEAR(NOW())-YEAR(B72) -> 22 | AD72: =YEAR(NOW())-YEAR(C72) -> #VALUE! | AE72: =IF(AC72<=69,AC72,IF(AC72=70,1)) -> 22 | AF72: =IF(AD72<=69,AD72,IF(AD72=70,1)) -> #VALUE!
A73: 70 | B73: 31265 | C73: ប្រុស | D73: 220171344 | E73: បាន សុខឿន | F73: BAN SOKHOEUN | G73: 4 | H73: I | I73: 159 | W73: SAT SOKNENG | AC73: =YEAR(NOW())-YEAR(B73) -> 41 | AD73: =YEAR(NOW())-YEAR(C73) -> #VALUE! | AE73: =IF(AC73<=69,AC73,IF(AC73=70,1)) -> 41 | AF73: =IF(AD73<=69,AD73,IF(AD73=70,1)) -> #VALUE!
... A79: 76 | B79: 34231 | C79: ស្រី | D79: 150523250 | E79: វ៉ា វាសនា | F79: VA VEASNA | G79: 4 | H79: I | I79: 165 | W79: UT EN | AC79: =YEAR(NOW())-YEAR(B79) -> 33 | AD79: =YEAR(NOW())-YEAR(C79) -> #VALUE! | AE79: =IF(AC79<=69,AC79,IF(AC79=70,1)) -> 33 | AF79: =IF(AD79<=69,AD79,IF(AD79=70,1)) -> #VALUE!
A80: 77 | B80: 28865 | C80: ប្រុស | D80: 060581849 | E80: សុត តក់ | F80: SOT TORK | G80: 4 | H80: I | I80: 166 | W80: OEM CHANNA | AC80: =YEAR(NOW())-YEAR(B80) -> 47 | AD80: =YEAR(NOW())-YEAR(C80) -> #VALUE! | AE80: =IF(AC80<=69,AC80,IF(AC80=70,1)) -> 47 | AF80: =IF(AD80<=69,AD80,IF(AD80=70,1)) -> #VALUE!
A81: 78 | B81: 32333 | C81: ស្រី | D81: 220175240 | E81: បាន ល្អិត | F81: BAN LOITH | G81: 4 | H81: I | I81: 167 | W81: PY PATH | AC81: =YEAR(NOW())-YEAR(B81) -> 38 | AD81: =YEAR(NOW())-YEAR(C81) -> #VALUE! | AE81: =IF(AC81<=69,AC81,IF(AC81=70,1)) -> 38 | AF81: =IF(AD81<=69,AD81,IF(AD81=70,1)) -> #VALUE!
A82: 79 | B82: 36832 | C82: ស្រី | D82: 150895877 | E82: ដា វ៉ាន់ណា | F82: DA VANNA | G82: 4 | H82: I | I82: 168 | W82: TOB TORNG | AC82: =YEAR(NOW())-YEAR(B82) -> 26 | AD82: =YEAR(NOW())-YEAR(C82) -> #VALUE! | AE82: =IF(AC82<=69,AC82,IF(AC82=70,1)) -> 26 | AF82: =IF(AD82<=69,AD82,IF(AD82=70,1)) -> #VALUE!
A83: 80 | B83: 31584 | C83: ស្រី | D83: 150873361 | E83: ទៀន ចែម | F83: TEAN CHEM | G83: 4 | H83: I | I83: 169 | W83: UK RATH | AC83: =YEAR(NOW())-YEAR(B83) -> 40 | AD83: =YEAR(NOW())-YEAR(C83) -> #VALUE! | AE83: =IF(AC83<=69,AC83,IF(AC83=70,1)) -> 40 | AF83: =IF(AD83<=69,AD83,IF(AD83=70,1)) -> #VALUE!
A84: 81 | B84: 30531 | C84: ប្រុស | D84: 150657963 | E84: លី ឡាត់ | F84: LY LAYH | G84: 4 | H84: I | I84: 170 | W84: DENG SAN | AC84: =YEAR(NOW())-YEAR(B84) -> 43 | AD84: =YEAR(NOW())-YEAR(C84) -> #VALUE! | AE84: =IF(AC84<=69,AC84,IF(AC84=70,1)) -> 43 | AF84: =IF(AD84<=69,AD84,IF(AD84=70,1)) -> #VALUE!
A85: 82 | B85: 33299 | C85: ស្រី | D85: 150468339 | E85: ទូច ណាង | F85: TOUCH NANG | G85: 4 | H85: I | I85: 171 | W85: SEN PA | AC85: =YEAR(NOW())-YEAR(B85) -> 35 | AD85: =YEAR(NOW())-YEAR(C85) -> #VALUE! | AE85: =IF(AC85<=69,AC85,IF(AC85=70,1)) -> 35 | AF85: =IF(AD85<=69,AD85,IF(AD85=70,1)) -> #VALUE!
A86: 83 | B86: 32036 | C86: ប្រុស | D86: 150307661 | E86: មាំង ម៉ែន | F86: MANG MAN | G86: 4 | H86: I | I86: 172 | W86: SEN SAT | AC86: =YEAR(NOW())-YEAR(B86) -> 39 | AD86: =YEAR(NOW())-YEAR(C86) -> #VALUE! | AE86: =IF(AC86<=69,AC86,IF(AC86=70,1)) -> 39 | AF86: =IF(AD86<=69,AD86,IF(AD86=70,1)) -> #VALUE!
A87: 84 | B87: 36348 | C87: ស្រី | D87: 220208910 | E87: សាត សុខណេង | F87: SAT SOKNENG | G87: 4 | H87: I | I87: 173 | W87: JOY SOKNA | AC87: =YEAR(NOW())-YEAR(B87) -> 27 | AD87: =YEAR(NOW())-YEAR(C87) -> #VALUE! | AE87: =IF(AC87<=69,AC87,IF(AC87=70,1)) -> 27 | AF87: =IF(AD87<=69,AD87,IF(AD87=70,1)) -> #VALUE!
A88: 85 | B88: 33710 | C88: ប្រុស | D88: 220243810 | E88: ស៊ុយ ចាន់នី | F88: SUY CHANNY | G88: 4 | H88: I | I88: 174 | W88: NAK SOKNE | AC88: =YEAR(NOW())-YEAR(B88) -> 34 | AD88: =YEAR(NOW())-YEAR(C88) -> #VALUE! | AE88: =IF(AC88<=69,AC88,IF(AC88=70,1)) -> 34 | AF88: =IF(AD88<=69,AD88,IF(AD88=70,1)) -> #VALUE!
A89: 86 | B89: 33362 | C89: ប្រុស | D89: 150946031 | E89: ហង់ ហើយ | F89: HANG HAEUY | G89: 4 | H89: I | I89: 175 | W89: NAK NAN | AC89: =YEAR(NOW())-YEAR(B89) -> 35 | AD89: =YEAR(NOW())-YEAR(C89) -> #VALUE! | AE89: =IF(AC89<=69,AC89,IF(AC89=70,1)) -> 35 | AF89: =IF(AD89<=69,AD89,IF(AD89=70,1)) -> #VALUE!
A90: 87 | B90: 35394 | C90: ប្រុស | D90: 150522887 | E90: ឡៃ គុណ | F90: LAY KUN | G90: 5 | H90: I | I90: 176 | W90: CHOUN SOKOUN THEA | AC90: =YEAR(NOW())-YEAR(B90) -> 30 | AD90: =YEAR(NOW())-YEAR(C90) -> #VALUE! | AE90: =IF(AC90<=69,AC90,IF(AC90=70,1)) -> 30 | AF90: =IF(AD90<=69,AD90,IF(AD90=70,1)) -> #VALUE!
A91: 88 | B91: 36743 | C91: ស្រី | D91: 150761767 | E91: ភា ស្រីភិច | F91: PHEA SREYPHICH | G91: 5 | H91: I | I91: 177 | W91: CHOUN LOM | AC91: =YEAR(NOW())-YEAR(B91) -> 26 | AD91: =YEAR(NOW())-YEAR(C91) -> #VALUE! | AE91: =IF(AC91<=69,AC91,IF(AC91=70,1)) -> 26 | AF91: =IF(AD91<=69,AD91,IF(AD91=70,1)) -> #VALUE!
A92: 89 | B92: 38363 | C92: ស្រី | D92: 150961109 | E92: ពិន ចាន់ណា | F92: PIN CHANNA | G92: 5 | H92: I | I92: 178 | W92: SIEK SITH | AC92: =YEAR(NOW())-YEAR(B92) -> 21 | AD92: =YEAR(NOW())-YEAR(C92) -> #VALUE! | AE92: =IF(AC92<=69,AC92,IF(AC92=70,1)) -> 21 | AF92: =IF(AD92<=69,AD92,IF(AD92=70,1)) -> #VALUE!
... A94: 91 | B94: 30139 | C94: ប្រុស | D94: 150354785 | E94: មឿន ម៉ាក់ | F94: MOEUN MAK | G94: 5 | H94: I | I94: 180 | W94: SOR THEANG | AC94: =YEAR(NOW())-YEAR(B94) -> 44 | AD94: =YEAR(NOW())-YEAR(C94) -> #VALUE! | AE94: =IF(AC94<=69,AC94,IF(AC94=70,1)) -> 44 | AF94: =IF(AD94<=69,AD94,IF(AD94=70,1)) -> #VALUE!
A95: 92 | B95: 12/02/1984 | C95: ស្រី | D95: 150354789 | E95: ស សឿ | F95: SOR SOEU | G95: 5 | H95: I | I95: 181 | W95: TRY ON | AC95: =YEAR(NOW())-YEAR(B95) -> 42 | AD95: =YEAR(NOW())-YEAR(C95) -> #VALUE! | AE95: =IF(AC95<=69,AC95,IF(AC95=70,1)) -> 42 | AF95: =IF(AD95<=69,AD95,IF(AD95=70,1)) -> #VALUE!
A96: 93 | B96: 30843 | C96: ប្រុស | D96: 150113757 | E96: ស៊ន សី | F96: SORN SEY | G96: 5 | H96: I | I96: 182 | V96: 3 | W96: HEANG HEN | AC96: =YEAR(NOW())-YEAR(B96) -> 42 | AD96: =YEAR(NOW())-YEAR(C96) -> #VALUE! | AE96: =IF(AC96<=69,AC96,IF(AC96=70,1)) -> 42 | AF96: =IF(AD96<=69,AD96,IF(AD96=70,1)) -> #VALUE!
A97: 94 | B97: 31575 | C97: ស្រី | D97: 150360266 | E97: ឡុន លាង | F97: LAUN LENG | G97: 5 | H97: I | I97: 183 | W97: HET PHAN | AC97: =YEAR(NOW())-YEAR(B97) -> 40 | AD97: =YEAR(NOW())-YEAR(C97) -> #VALUE! | AE97: =IF(AC97<=69,AC97,IF(AC97=70,1)) -> 40 | AF97: =IF(AD97<=69,AD97,IF(AD97=70,1)) -> #VALUE!
A98: 95 | B98: 31593 | C98: ប្រុស | D98: 150427531 | E98: ស៊ាន ពិន | F98: SEAN PIN | G98: 5 | H98: I | I98: 184 | W98: AN TETYA | AC98: =YEAR(NOW())-YEAR(B98) -> 40 | AD98: =YEAR(NOW())-YEAR(C98) -> #VALUE! | AE98: =IF(AC98<=69,AC98,IF(AC98=70,1)) -> 40 | AF98: =IF(AD98<=69,AD98,IF(AD98=70,1)) -> #VALUE! | AH98: 29975 | AI98: 150114845 | AJ98: ង៉ា អែម | AK98: NGA EM
A99: 96 | B99: 32539 | C99: ស្រី | D99: 150354762 | E99: ប៊ូ ផៃ | F99: BOU PHAY | G99: 5 | H99: I | I99: 185 | W99: PAT HIEK | AC99: =YEAR(NOW())-YEAR(B99) -> 37 | AD99: =YEAR(NOW())-YEAR(C99) -> #VALUE! | AE99: =IF(AC99<=69,AC99,IF(AC99=70,1)) -> 37 | AF99: =IF(AD99<=69,AD99,IF(AD99=70,1)) -> #VALUE!
A100: 97 | B100: 26831 | C100: ប្រុស | D100: 150574729 | E100: ហួន​ ហ៊ាន | F100: HOURN HEAN | G100: 5 | H100: I | I100: 186 | W100: MORN SIN | AC100: =YEAR(NOW())-YEAR(B100) -> 53 | AD100: =YEAR(NOW())-YEAR(C100) -> #VALUE! | AE100: =IF(AC100<=69,AC100,IF(AC100=70,1)) -> 53 | AF100: =IF(AD100<=69,AD100,IF(AD100=70,1)) -> #VALUE!
A101: 98 | B101: 39014 | C101: ស្រី | D101: 151013388 | E101: ហ៊ាន តុលា | F101: HAN TOLA | G101: 5 | H101: I | I101: 187 | W101: TOUCH LIM | AC101: =YEAR(NOW())-YEAR(B101) -> 20 | AD101: =YEAR(NOW())-YEAR(C101) -> #VALUE! | AE101: =IF(AC101<=69,AC101,IF(AC101=70,1)) -> 20 | AF101: =IF(AD101<=69,AD101,IF(AD101=70,1)) -> #VALUE!
A102: 99 | B102: 29173 | C102: ប្រុស | D102: 110334693 | E102: ទេព មឿន | F102: TEP MOEUN | G102: 5 | H102: I | I102: 188 | W102: HAM SREY | Y102: 37491 | Z102: 220233821 | AA102: ថា សុខគី | AB102: THA SOKY | AC102: =YEAR(NOW())-YEAR(B102) -> 47 | AD102: =YEAR(NOW())-YEAR(C102) -> #VALUE! | AE102: =IF(AC102<=69,AC102,IF(AC102=70,1)) -> 47 | AF102: =IF(AD102<=69,AD102,IF(AD102=70,1)) -> #VALUE!
A103: 100 | B103: 33073 | C103: ប្រុស | D103: 150523506 | E103: ប៊ូ បឿន | F103: BOU BOEUN | G103: 5 | H103: I | I103: 189 | W103: MON MAO | X103: 35344 | Z103: 220164355 | AA103: ហឿង ខេន | AB103: HOEUNG KHEN | AC103: =YEAR(NOW())-YEAR(B103) -> 36 | AD103: =YEAR(NOW())-YEAR(C103) -> #VALUE! | AE103: =IF(AC103<=69,AC103,IF(AC103=70,1)) -> 36 | AF103: =IF(AD103<=69,AD103,IF(AD103=70,1)) -> #VALUE!
A104: 101 | B104: 29504 | C104: ប្រុស | D104: 150788568 | E104: ញ៉ីវ ហាន | F104: NHIV HAN | G104: 5 | H104: I | I104: 190 | W104: POENG THA | AC104: =YEAR(NOW())-YEAR(B104) -> 46 | AD104: =YEAR(NOW())-YEAR(C104) -> #VALUE! | AE104: =IF(AC104<=69,AC104,IF(AC104=70,1)) -> 46 | AF104: =IF(AD104<=69,AD104,IF(AD104=70,1)) -> #VALUE!
A105: 102 | B105: 29648 | C105: ស្រី | D105: 150788567 | E105: ម៉ៅ អ៊ីម | F105: MAO IM | G105: 5 | H105: I | I105: 191 | W105: UK SOKOURN | AC105: =YEAR(NOW())-YEAR(B105) -> 45 | AD105: =YEAR(NOW())-YEAR(C105) -> #VALUE! | AE105: =IF(AC105<=69,AC105,IF(AC105=70,1)) -> 45 | AF105: =IF(AD105<=69,AD105,IF(AD105=70,1)) -> #VALUE!
A106: 103 | B106: 35326 | C106: ប្រុស | D106: 220204515 | E106: អ៊ុង សុភ័ក្រ | F106: UNG SOPHEAK | G106: 5 | H106: I | I106: 192 | W106: HEN HOY | AC106: =YEAR(NOW())-YEAR(B106) -> 30 | AD106: =YEAR(NOW())-YEAR(C106) -> #VALUE! | AE106: =IF(AC106<=69,AC106,IF(AC106=70,1)) -> 30 | AF106: =IF(AD106<=69,AD106,IF(AD106=70,1)) -> #VALUE!
A107: 104 | B107: 35806 | C107: ស្រី | D107: 150648532 | E107: លាង ចន្ធី | F107: LEANG CHATHY | G107: 5 | H107: I | I107: 193 | W107: BIT SOKNOV | Y107: 30384 | Z107: 150113662 | AA107: ផាន់ ហ៊ីម | AB107: PHAN HIM | AC107: =YEAR(NOW())-YEAR(B107) -> 28 | AD107: =YEAR(NOW())-YEAR(C107) -> #VALUE! | AE107: =IF(AC107<=69,AC107,IF(AC107=70,1)) -> 28 | AF107: =IF(AD107<=69,AD107,IF(AD107=70,1)) -> #VALUE!
A108: 105 | B108: 29356 | C108: ប្រុស | D108: 220234432 | E108: ភូន ខេត | F108: PHOUN KHET | G108: 5 | H108: I | I108: 194 | W108: RY THIM | AC108: =YEAR(NOW())-YEAR(B108) -> 46 | AD108: =YEAR(NOW())-YEAR(C108) -> #VALUE! | AE108: =IF(AC108<=69,AC108,IF(AC108=70,1)) -> 46 | AF108: =IF(AD108<=69,AD108,IF(AD108=70,1)) -> #VALUE!
A109: 106 | B109: 32996 | C109: ស្រី | D109: 220234344 | E109: ហ៊ាន់ គី | F109: HOINN KY | G109: 5 | H109: I | I109: 195 | W109: YOEUNG SOKCHEA | X109: 31087 | Z109: 220060477 | AA109: ហ៊ិត ថាន | AB109: HIT THAN | AC109: =YEAR(NOW())-YEAR(B109) -> 36 | AD109: =YEAR(NOW())-YEAR(C109) -> #VALUE! | AE109: =IF(AC109<=69,AC109,IF(AC109=70,1)) -> 36 | AF109: =IF(AD109<=69,AD109,IF(AD109=70,1)) -> #VALUE!
A110: 107 | B110: 31797 | C110: ស្រី | D110: 150326632 | E110: ឃាន អំ | F110: KHEAN AM | G110: 5 | H110: I | I110: 196 | W110: POL VET | AC110: =YEAR(NOW())-YEAR(B110) -> 39 | AD110: =YEAR(NOW())-YEAR(C110) -> #VALUE! | AE110: =IF(AC110<=69,AC110,IF(AC110=70,1)) -> 39 | AF110: =IF(AD110<=69,AD110,IF(AD110=70,1)) -> #VALUE! | AH110: 29866 | AI110: 150612311 | AJ110: ប៉ុល វ៉េត | AK110: POL VET
A111: 108 | B111: 31610 | C111: ប្រុស | D111: 150959866 | E111: សុខ ទ្រី | F111: SOK TRY | G111: 5 | H111: I | I111: 197 | W111: NORN RANN | AC111: =YEAR(NOW())-YEAR(B111) -> 40 | AD111: =YEAR(NOW())-YEAR(C111) -> #VALUE! | AE111: =IF(AC111<=69,AC111,IF(AC111=70,1)) -> 40 | AF111: =IF(AD111<=69,AD111,IF(AD111=70,1)) -> #VALUE!
A112: 109 | B112: 31413 | C112: ប្រុស | D112: 150326792 | E112: ហួន​ ហេត | F112: HOUN HET | G112: 5 | H112: I | I112: 198 | W112: NGIN MOT | AC112: =YEAR(NOW())-YEAR(B112) -> 40 | AD112: =YEAR(NOW())-YEAR(C112) -> #VALUE! | AE112: =IF(AC112<=69,AC112,IF(AC112=70,1)) -> 40 | AF112: =IF(AD112<=69,AD112,IF(AD112=70,1)) -> #VALUE!
A113: 110 | B113: 30108 | C113: ស្រី | D113: 150113301 | E113: សុក ចិន | F113: SOK CHIN | G113: 5 | H113: I | I113: 199 | W113: VORN SOPHY | AC113: =YEAR(NOW())-YEAR(B113) -> 44 | AD113: =YEAR(NOW())-YEAR(C113) -> #VALUE! | AE113: =IF(AC113<=69,AC113,IF(AC113=70,1)) -> 44 | AF113: =IF(AD113<=69,AD113,IF(AD113=70,1)) -> #VALUE!
...

Sheet tên hang mục
A1: A | B1: CHĂM SÓC | C1: ការថែទាំ
A2: 1 | B2: Phát cỏ luồng | C2: ជម្រះស្មៅចន្លោះរង
A3: 2 | B3: Bón phân | C3: ដាក់ជី
A4: 3 | B4: Phòng trị bệnh | C4: បង្ការព្យាបាលជម្ងឺ
A5: 4 | B5: Làm giàn mủ tạp | C5: ធ្វើរានដាក់ជ័រចម្រុះ
A6: 5 | B6: Phòng chống cháy + gác lửa | C6: ការពារភ្លើងឆេះ + យាមភ្លើង
A7: B | B7: THU HOẠCH | C7: ប្រមូលផល
A8: 1 | B8: Kiểm kê cây cao su đầu vụ cạo | C8: ជំរឿនដើមកៅស៊ូនៅដើមរដូវចៀរ
A9: 2 | B9: Thiết kế mặt cạo | C9: បែងចែកផ្ទាំងចៀរ
A10: 3 | B10: Đánh dấu hao dăm quý, năm | C10: គូសសញ្ញាចំណាយអាចម៍ពន្លាក់ប្រចាំត្រីមាស​និងឆ្នាំ
A11: 4 | B11: Chia, đánh số phần cạo | C11: បែងចែកនិងគូសលេខរានចៀរ
A12: 5 | B12: Trang bị vật tư (Kiềng, chén) | C12: បំពាក់ឧបករណ៍ (កង, ចាន)
A13: 6 | B13: Cạo xả miệng, đóng máng, gắn mái che chén | C13: បើកមុខចៀរជ័រដំបូង ដោតស្លាបព្រា​និងទគម្របចាន
A14: 7 | B14: Gắn máng chắn mưa | C14: ការបំពាក់ក្បាំងទឹកភ្លៀង
A15: 8 | B15: Vệ sinh cây cạo | C15: សំអាតដើមចៀរ
A16: 9 | B16: Bôi thuốc kích thích | C16: លាបថ្នាំរំញោច
A17: 10 | B17: Thu dọn cuối vụ cạo | C17: ប្រមូលសម្ភារៈចុងរដូវចៀរ
A18: 11 | B18: Cạo, trút và giao nộp mủ | C18: ចៀរ សារនិងប្រគូលជ័រ
A19: 12 | B19: Công nhật (16.000 KHR) | C19: កម្លាំងចៀរ
A20: 13 | B20: Công trả sản lượng mủ | C20: កម្លាំងចំណាយទៅលើផលិតផលជ័រ
A21: C | B21: Bảo vệ vườn cây | C21: សន្តិសុខការពារចំការ
B22: Kinh doanh nhóm 1 | C22: អាជីវកម្មក្រុមទី​១
B23: Kinh doanh năm 4 | C23: អាជីវកម្មឆ្នាំទី​៤
B24: Kinh doanh năm 3 | C24: អាជីវកម្មឆ្នាំទី​៣
B25: Kinh doanh năm 2 | C25: អាជីវកម្មឆ្នាំទី​២
B26: Mở cạo 2021 | C26: បើកមុខចៀរជ័រឆ្នាំ​២០២១
B27: Công/ha | C27: កម្លាំង/ហិតា
B28: Đợt 1 | C28: វគ្គទី​១
B29: Đợt 2 | C29: វគ្គទី​២
B30: Tổng 2 đợt | C30: សរុបទាំង​២វគ្គ
B31: Công/ngày | C31: កម្លាំង/ថ្ងៃ
A32: Hạng mục KTCB | C32: មុខងាររយៈមុនពេលប្រមូលផល
B33: Phun thuốc cỏ hàng | C33: បាញ់ថ្នាំរង
B34: Phát cỏ luồng | C34: ជម្រះស្មៅចន្លោះរង
B35: Phát dọn, phòng chống cháy | C35: ជម្រះការពារភ្លើងឆេះ
B36: Phòng trị bệnh | C36: បង្ការព្យាបាលជម្ងឺ
B37: Bảo vệ thường xuyên | C37: ការពារជាប្រចាំ
B38: Kiểm kê cuối năm | C38: ជំរឿនដើមកៅស៊ូនៅចុងរដូវចៀរ

Sheet SAN LUONG
BD1: A | BE1: B | BF1: C | BG1: D | BH1: TỔNG CỘNG | CU1: A | CV1: B | CW1: C | CX1: D | CY1: TỔNG CỘNG | DG1: =DG8+DG177+#REF!+#REF!+#REF!+#REF!+#REF! -> #REF! | DH1: =BA6 -> #REF! | DI1: đợt 1 | DK1: =#REF! -> #REF! | DM1: =#REF! -> #REF! | EC1: Tiền điện | ED1: Tạm ứng | EE1: Tiền dao | EF1: Mủ dây
BC2: Tổ 1 | BD2: =AW8 -> 35596 | BE2: =AX8 -> 0 | BF2: =AY8 -> 23294 | BG2: =AZ8 -> 0 | BH2: =SUM(BD2:BG2) -> 58890 | CT2: Tổ 1 | CU2: =CM8 -> 0 | CV2: =CN8 -> 0 | CW2: =CO8 -> 0 | CX2: =CP8 -> 0 | CY2: =SUM(CU2:CX2) -> 0 | DG2: =DG1-SUM(DH1:DH2) -> #REF! | DH2: =CE6 -> #REF! | DI2: đợt 2 | DK2: =#REF! -> #REF! | DM2: =#REF! -> #REF! | EC2: =SUM(EC3:EC10) -> #REF! | ED2: =SUM(ED3:ED10) -> #REF! | EE2: =SUM(EE3:EE10) -> #REF! | EF2: =SUM(EF3:EF10) -> #REF! | EH2: =SUM(EH3:EH10) -> #REF!
BC3: Tổ 2 | BD3: =AW177 -> 29095 | BE3: =AX177 -> 0 | BF3: =AY177 -> 0 | BG3: =AZ177 -> 0 | BH3: =SUM(BD3:BG3) -> 29095 | CT3: Tổ 2 | CU3: =CM177 -> 0 | CV3: =CN177 -> 0 | CW3: =CO177 -> 0 | CX3: =CP177 -> 0 | CY3: =SUM(CU3:CX3) -> 0 | DK3: =#REF! -> #REF! | DM3: =#REF! -> #REF! | EB3: 1 | EC3: =DR8 -> 0 | ED3: =DT8 -> 0 | EE3: =DV8 -> 0 | EF3: =DW8 -> 3608.1 | EH3: =DY8 -> 1218
T4: B | U4: C | V4: A | Z4: C | AA4: A | AB4: B | AF4: A | AG4: B | AH4: C | AM4: 8659.5 | AP4: 3 | AV4: 6 | AW4: 3100 | AX4: 8 | AY4: 3080 | AZ4: 10 | BA4: 2340 | BC4: Tổ 3 | BD4: =#REF! -> #REF! | BE4: =#REF! -> #REF! | BF4: =#REF! -> #REF! | BG4: =#REF! -> #REF! | BH4: =SUM(BD4:BG4) -> #REF! | CT4: Tổ 3 | CU4: =#REF! -> #REF! | CV4: =#REF! -> #REF! | CW4: =#REF! -> #REF! | CX4: =#REF! -> #REF! | CY4: =SUM(CU4:CX4) -> #REF! | DK4: =#REF! -> #REF! | EB4: 2 | EC4: =DR177 -> 0 | ED4: =DT177 -> 0 | EE4: =DV177 -> 0 | EF4: =DW177 -> 3022.5 | EH4: =DY177 -> 1217
A5: SẢN LƯỢNG THÁNG 01/2026 đ2 | AN5: 4 | AP5: 2 | AV5: 5 | AW5: 2880 | AX5: 7 | AY5: 2700 | AZ5: 9 | BA5: 2720 | BC5: Tổ 4 | BD5: =#REF! -> #REF! | BE5: =#REF! -> #REF! | BF5: =#REF! -> #REF! | BG5: =#REF! -> #REF! | BH5: =SUM(BD5:BG5) -> #REF! | BK5: =A5 -> SẢN LƯỢNG THÁNG 01/2026 đ2 | CT5: Tổ 4 | CU5: =#REF! -> #REF! | CV5: =#REF! -> #REF! | CW5: =#REF! -> #REF! | CX5: =#REF! -> #REF! | CY5: =SUM(CU5:CX5) -> #REF! | DK5: =#REF! -> #REF! | EB5: 3 | EC5: =#REF! -> #REF! | ED5: =#REF! -> #REF! | EE5: =#REF! -> #REF! | EF5: =#REF! -> #REF! | EH5: =#REF! -> #REF!
C6: 1 | D6: 2 | E6: 3 | F6: 4 | G6: 5 | H6: 6 | I6: 7 | J6: 8 | K6: 9 | L6: 10 | M6: 11 | N6: 12 | O6: 13 | P6: 14 | Q6: 15 | R6: tổng đ1 | S6: 16 | T6: 17 | U6: 18 | V6: 19 | W6: 20 | X6: 21 | Y6: 22 | Z6: 23 | AA6: 24 | AB6: 25 | AC6: 26 | AD6: 27 | AE6: 28 | AF6: 29 | AG6: 30 | AH6: 31 | AM6: =AM500/2 -> 402704.5 | AN6: tổng 2 đợt | AP6: 1 | AR6: Công đợt I | AW6: Sản lượng đợt I | BA6: =BA8+BA177+#REF!+#REF!+#REF!+#REF!+#REF!+#REF! -> #REF! | BC6: Tổ 5 | BD6: =#REF! -> #REF! | BE6: =#REF! -> #REF! | BF6: =#REF! -> #REF! | BG6: =#REF! -> #REF! | BH6: =SUM(BD6:BG6) -> #REF! | CE6: =CE8+CE177+#REF!+#REF!+#REF!+#REF!+#REF!+#REF! -> #REF! | CG6: Công đợt II | CM6: Sản lượng đợt II | CQ6: =CQ8+CQ177+#REF!+#REF!+#REF!+#REF!+#REF!+#REF! -> #REF! | CS6: =CS8+CS177+#REF!+#REF!+#REF!+#REF!+#REF!+#REF! -> #REF! | CT6: Tổ 5 | CU6: =#REF! -> #REF! | CV6: =#REF! -> #REF! | CW6: =#REF! -> #REF! | CX6: =#REF! -> #REF! | CY6: =SUM(CU6:CX6) -> #REF! | DC6: Sản lượng 2 đợt | DR6: tháng 04 | DS6: điện tháng 03 | DW6: 1 | EB6: 4 | EC6: =#REF! -> #REF! | ED6: =#REF! -> #REF! | EE6: =#REF! -> #REF! | EF6: =#REF! -> #REF! | EH6: =#REF! -> #REF!
A7: STT | H7: A | I7: B | J7: C | S7: D-B | T7: A-C | Y7: D | Z7: A | AA7: B | AB7: C | AG7: B-D | AH7: C-A | AO7: 505 | AP7: 455 | AQ7: đạt sản lượng | AR7: A | AS7: B | AT7: C | AU7: D | AV7: 555 | AW7: A | AX7: B | AY7: C | AZ7: D | BC7: Tổ 6 | BD7: =#REF! -> #REF! | BE7: =#REF! -> #REF! | BF7: =#REF! -> #REF! | BG7: =#REF! -> #REF! | BH7: =SUM(BD7:BG7) -> #REF! | BK7: A | BL7: B | BM7: C | BN7: D | BO7: A | BP7: B | BQ7: C | BR7: D | BS7: A | BT7: B | BU7: C | BV7: D | BW7: A | BX7: B | BY7: C | BZ7: D | CA7: A | CE7: TỔNG CỘNG | CG7: A | CH7: B | CI7: C | CJ7: D | CM7: A | CN7: B | CO7: C | CP7: D | CS7: Mủ dây | CT7: Tổ 6 | CU7: =#REF! -> #REF! | CV7: =#REF! -> #REF! | CW7: =#REF! -> #REF! | CX7: =#REF! -> #REF! | CY7: =SUM(CU7:CX7) -> #REF! | DC7: A | DD7: B | DE7: C | DF7: D | DH7: KH GIAO KHOÁN | DL7: Tổng SL 2 đợt | DM7: Bôi KT | DN7: Bôi Phòng | DP7: LỄ (PCHUM BANH) | DQ7: tiền nước | DR7: Tiền điện | DS7: Tiền điện | DT7: Tạm ứng | DU7: Đá mài | DV7: Tiền dao | DW7: Mủ dây | EB7: 5 | EC7: =#REF! -> #REF! | ED7: =#REF! -> #REF! | EE7: =#REF! -> #REF! | EF7: =#REF! -> #REF! | EH7: =#REF! -> #REF!
A8: GA 1 | C8: =SUM(C9:C175) -> 0 | D8: =SUM(D9:D175) -> 0 | E8: =SUM(E9:E175) -> 0 | F8: =SUM(F9:F175) -> 0 | G8: =SUM(G9:G175) -> 0 | H8: =SUM(H9:H175) -> 0 | I8: =SUM(I9:I175) -> 0 | J8: =SUM(J9:J175) -> 0 | ... DW8: =SUM(DW9:DW175) -> 3608.1 | DX8: tổ1 | DY8: =SUM(DW9:DW55) -> 1218 | EB8: 6 | EC8: =#REF! -> #REF! | ED8: =#REF! -> #REF! | EE8: =#REF! -> #REF! | EF8: =#REF! -> #REF! | EH8: =#REF! -> #REF!
A9: 1 | B9: 1 | R9: =SUM(C9:Q9) -> 0 | T9: 187 | U9: 177 | V9: 126 | Z9: 85 | AA9: 120 | AB9: 256 | AF9: 54 | AG9: 130 | AH9: 108 | AM9: =SUM(S9:AL9) -> 1243 | AN9: =R9+AM9 -> 1243 | AV9: =AN9 -> 1243 | AW9: =T9+AC9 -> 187 | AX9: =AD9 -> 0 | AY9: =S9+AE9 -> 0 | DM9: 3 | DW9: 20 | EB9: 7 | EC9: =#REF! -> #REF! | ED9: =#REF! -> #REF! | EE9: =#REF! -> #REF! | EF9: =#REF! -> #REF! | EH9: =#REF! -> #REF!
A10: 2 | B10: 1 | R10: =SUM(C10:Q10) -> 0 | T10: 172 | U10: 155 | V10: 174 | Z10: 80 | AA10: 72 | AB10: 158 | AF10: 74 | AG10: 145 | AH10: 129 | AM10: =SUM(S10:AL10) -> 1159 | AN10: =R10+AM10 -> 1159 | AQ10: =#N/A -> #N/A | AV10: =AN10 -> 1159 | AW10: =T10+AC10 -> 172 | AX10: =AD10 -> 0 | AY10: =S10+AE10 -> 0 | DM10: 3 | DW10: 15 | EB10: 8 | EC10: =#REF! -> #REF! | ED10: =#REF! -> #REF! | EE10: =#REF! -> #REF! | EF10: =#REF! -> #REF! | EH10: =#REF! -> #REF!
A11: 3 | B11: 1 | R11: =SUM(C11:Q11) -> 0 | T11: 223 | U11: 188 | V11: 181 | Z11: 0 | AA11: 164 | AB11: 286 | AF11: 81 | AG11: 167 | AH11: 113 | AM11: =SUM(S11:AL11) -> 1403 | AN11: =R11+AM11 -> 1403 | AQ11: =#N/A -> #N/A | AV11: =AN11 -> 1403 | AW11: =T11+AC11 -> 223 | AX11: =AD11 -> 0 | AY11: =S11+AE11 -> 0 | DM11: 3 | DW11: 36
A12: 4 | B12: 1 | R12: =SUM(C12:Q12) -> 0 | T12: 173 | U12: 158 | V12: 170 | Z12: 75 | AA12: 66 | AB12: 154 | AF12: 92 | AG12: 145 | AH12: 130 | AM12: =SUM(S12:AL12) -> 1163 | AN12: =R12+AM12 -> 1163 | AQ12: =#N/A -> #N/A | AV12: =AN12 -> 1163 | AW12: =T12+AC12 -> 173 | AX12: =AD12 -> 0 | AY12: =S12+AE12 -> 0 | DM12: 3 | DW12: 14
A13: 5 | B13: 1 | R13: =SUM(C13:Q13) -> 0 | T13: 196 | U13: 214 | V13: 256 | Z13: 124 | AA13: 172 | AB13: 266 | AF13: 91 | AG13: 158 | AH13: 216 | AM13: =SUM(S13:AL13) -> 1693 | AN13: =R13+AM13 -> 1693 | AQ13: =#N/A -> #N/A | AV13: =AN13 -> 1693 | AW13: =T13+AC13 -> 196 | AX13: =AD13 -> 0 | AY13: =S13+AE13 -> 0 | DM13: 3 | DW13: 58
A14: 6 | B14: 1 | R14: =SUM(C14:Q14) -> 0 | T14: 227 | U14: 209 | V14: 195 | Z14: 69 | AA14: 91 | AB14: 223 | AF14: 90 | AG14: 186 | AH14: 196 | AM14: =SUM(S14:AL14) -> 1486 | AN14: =R14+AM14 -> 1486 | AQ14: =#N/A -> #N/A | AV14: =AN14 -> 1486 | AW14: =T14+AC14 -> 227 | AX14: =AD14 -> 0 | AY14: =S14+AE14 -> 0 | DM14: 3 | DW14: 27
A15: 7 | B15: 1 | R15: =SUM(C15:Q15) -> 0 | T15: 187 | U15: 129 | V15: 199 | Z15: 62 | AA15: 172 | AB15: 217 | AF15: 94 | AG15: 80 | AH15: 86 | AM15: =SUM(S15:AL15) -> 1226 | AN15: =R15+AM15 -> 1226 | AQ15: =#N/A -> #N/A | AV15: =AN15 -> 1226 | AW15: =T15+AC15 -> 187 | AX15: =AD15 -> 0 | AY15: =S15+AE15 -> 0 | DM15: 3 | DW15: 15
A16: 8 | B16: 1 | R16: =SUM(C16:Q16) -> 0 | T16: 175 | U16: 83 | V16: 169 | Z16: 91 | AA16: 166 | AB16: 190 | AF16: 82 | AG16: 144 | AH16: 176 | AM16: =SUM(S16:AL16) -> 1276 | AN16: =R16+AM16 -> 1276 | AQ16: =#N/A -> #N/A | AV16: =AN16 -> 1276 | AW16: =T16+AC16 -> 175 | AX16: =AD16 -> 0 | AY16: =S16+AE16 -> 0 | DM16: 3 | DW16: 18
A17: 9 | B17: 1 | R17: =SUM(C17:Q17) -> 0 | T17: 0 | U17: 252 | V17: 68 | Z17: 51 | AA17: 85 | AB17: 207 | AF17: 49 | AG17: 114 | AH17: 72 | AM17: =SUM(S17:AL17) -> 898 | AN17: =R17+AM17 -> 898 | AQ17: =#N/A -> #N/A | AV17: =AN17 -> 898 | AW17: =T17+AC17 -> 0 | AX17: =AD17 -> 0 | AY17: =S17+AE17 -> 0 | DM17: 2 | DW17: 42
A18: 10 | B18: 1 | R18: =SUM(C18:Q18) -> 0 | T18: 218 | U18: 101 | V18: 212 | Z18: 103 | AA18: 144 | AB18: 274 | AF18: 42 | AG18: 50 | AH18: 150 | AM18: =SUM(S18:AL18) -> 1294 | AN18: =R18+AM18 -> 1294 | AQ18: =#N/A -> #N/A | AV18: =AN18 -> 1294 | AW18: =T18+AC18 -> 218 | AX18: =AD18 -> 0 | AY18: =S18+AE18 -> 0 | DM18: 3 | DW18: 20
A19: 11 | B19: 1 | R19: =SUM(C19:Q19) -> 0 | T19: 180 | U19: 124 | V19: 183 | Z19: 100 | AA19: 166 | AB19: 132 | AF19: 100 | AG19: 178 | AH19: 139 | AM19: =SUM(S19:AL19) -> 1302 | AN19: =R19+AM19 -> 1302 | AQ19: =#N/A -> #N/A | AV19: =AN19 -> 1302 | AW19: =T19+AC19 -> 180 | AX19: =AD19 -> 0 | AY19: =S19+AE19 -> 0 | DM19: 3 | DW19: 18
A20: 12 | B20: 1 | R20: =SUM(C20:Q20) -> 0 | T20: 59 | U20: 110 | V20: 121 | Z20: 46 | AA20: 57 | AB20: 140 | AF20: 58 | AG20: 90 | AH20: 86 | AM20: =SUM(S20:AL20) -> 767 | AN20: =R20+AM20 -> 767 | AQ20: =#N/A -> #N/A | AV20: =AN20 -> 767 | AW20: =T20+AC20 -> 59 | AX20: =AD20 -> 0 | AY20: =S20+AE20 -> 0 | DM20: 3 | DW20: 25
A21: 13 | B21: 1 | R21: =SUM(C21:Q21) -> 0 | T21: 213 | U21: 203 | V21: 230 | Z21: 90 | AA21: 180 | AB21: 247 | AF21: 73 | AG21: 94 | AH21: 164 | AM21: =SUM(S21:AL21) -> 1494 | AN21: =R21+AM21 -> 1494 | AQ21: =#N/A -> #N/A | AV21: =AN21 -> 1494 | AW21: =T21+AC21 -> 213 | AX21: =AD21 -> 0 | AY21: =S21+AE21 -> 0 | DM21: 3 | DW21: 17
A22: 14 | B22: 1 | R22: =SUM(C22:Q22) -> 0 | T22: 176 | U22: 167 | V22: 160 | Z22: 82 | AA22: 134 | AB22: 225 | AF22: 62 | AG22: 128 | AH22: 107 | AM22: =SUM(S22:AL22) -> 1241 | AN22: =R22+AM22 -> 1241 | AQ22: =#N/A -> #N/A | AV22: =AN22 -> 1241 | AW22: =T22+AC22 -> 176 | AX22: =AD22 -> 0 | AY22: =S22+AE22 -> 0 | DM22: 3 | DW22: 21
... A39: 31 | B39: 1 | R39: =SUM(C39:Q39) -> 0 | T39: 175 | U39: 211 | V39: 265 | Z39: 91 | AA39: 121 | AB39: 203 | AF39: 128 | AG39: 72 | AH39: 245 | AM39: =SUM(S39:AL39) -> 1511 | AN39: =R39+AM39 -> 1511 | AQ39: =#N/A -> #N/A | AV39: =AN39 -> 1511 | AW39: =T39+AC39 -> 175 | AX39: =AD39 -> 0 | AY39: =S39+AE39 -> 0 | DM39: 3 | DW39: 15
A40: 32 | B40: 1 | R40: =SUM(C40:Q40) -> 0 | T40: 206 | U40: 133 | V40: 226 | Z40: 75 | AA40: 185 | AB40: 230 | AF40: 0 | AG40: 144 | AH40: 174 | AM40: =SUM(S40:AL40) -> 1373 | AN40: =R40+AM40 -> 1373 | AQ40: =IF(AN40>=$AQ$6,1,0) -> 1 | AV40: =AN40 -> 1373 | AW40: =T40+AC40 -> 206 | AX40: =AD40 -> 0 | AY40: =S40+AE40 -> 0 | DM40: 3 | DW40: 31
A41: 33 | B41: 1 | R41: =SUM(C41:Q41) -> 0 | T41: 228 | U41: 173 | V41: 277 | Z41: 83 | AA41: 132 | AB41: 299 | AF41: 139 | AG41: 170 | AH41: 150 | AM41: =SUM(S41:AL41) -> 1651 | AN41: =R41+AM41 -> 1651 | AQ41: =IF(AN41>=$AQ$6,1,0) -> 1 | AV41: =AN41 -> 1651 | AW41: =T41+AC41 -> 228 | AX41: =AD41 -> 0 | AY41: =S41+AE41 -> 0 | DM41: 3 | DW41: 31
A42: 34 | B42: 1 | R42: =SUM(C42:Q42) -> 0 | T42: 182 | U42: 168 | V42: 234 | Z42: 83 | AA42: 212 | AB42: 227 | AF42: 110 | AG42: 150 | AH42: 180 | AM42: =SUM(S42:AL42) -> 1546 | AN42: =R42+AM42 -> 1546 | AQ42: =IF(AN42>=$AQ$6,1,0) -> 1 | AV42: =AN42 -> 1546 | AW42: =T42+AC42 -> 182 | AX42: =AD42 -> 0 | AY42: =S42+AE42 -> 0 | DM42: 3 | DW42: 38
A43: 35 | B43: 1 | R43: =SUM(C43:Q43) -> 0 | T43: 198 | U43: 139 | V43: 246 | Z43: 53 | AA43: 185 | AB43: 225 | AF43: 0 | AG43: 135 | AH43: 112 | AM43: =SUM(S43:AL43) -> 1293 | AN43: =R43+AM43 -> 1293 | AQ43: =IF(AN43>=$AQ$6,1,0) -> 1 | AV43: =AN43 -> 1293 | AW43: =T43+AC43 -> 198 | AX43: =AD43 -> 0 | AY43: =S43+AE43 -> 0 | DM43: 3 | DW43: 39
A44: 36 | B44: 1 | R44: =SUM(C44:Q44) -> 0 | T44: 185 | U44: 147 | V44: 267 | Z44: 72 | AA44: 130 | AB44: 218 | AF44: 122 | AG44: 129 | AH44: 169 | AM44: =SUM(S44:AL44) -> 1439 | AN44: =R44+AM44 -> 1439 | AQ44: =IF(AN44>=$AQ$6,1,0) -> 1 | AV44: =AN44 -> 1439 | AW44: =T44+AC44 -> 185 | AX44: =AD44 -> 0 | AY44: =S44+AE44 -> 0 | DM44: 3 | DW44: 24
A45: 37 | B45: 1 | R45: =SUM(C45:Q45) -> 0 | T45: 182 | U45: 154 | V45: 247 | Z45: 70 | AA45: 204 | AB45: 232 | AF45: 99 | AG45: 132 | AH45: 155 | AM45: =SUM(S45:AL45) -> 1475 | AN45: =R45+AM45 -> 1475 | AQ45: =IF(AN45>=$AQ$6,1,0) -> 1 | AV45: =AN45 -> 1475 | AW45: =T45+AC45 -> 182 | AX45: =AD45 -> 0 | AY45: =S45+AE45 -> 0 | DM45: 3 | DW45: 26
A46: 38 | B46: 1 | R46: =SUM(C46:Q46) -> 0 | T46: 180 | U46: 152 | V46: 241 | Z46: 71 | AA46: 236 | AB46: 218 | AF46: 119 | AG46: 99 | AH46: 162 | AM46: =SUM(S46:AL46) -> 1478 | AN46: =R46+AM46 -> 1478 | AQ46: =IF(AN46>=$AQ$6,1,0) -> 1 | AV46: =AN46 -> 1478 | AW46: =T46+AC46 -> 180 | AX46: =AD46 -> 0 | AY46: =S46+AE46 -> 0 | DM46: 3 | DW46: 28
A47: 39 | B47: 1 | R47: =SUM(C47:Q47) -> 0 | T47: 178 | U47: 188 | V47: 247 | Z47: 0 | AA47: 0 | AB47: 0 | AF47: 112 | AG47: 121 | AH47: 107 | AM47: =SUM(S47:AL47) -> 953 | AN47: =R47+AM47 -> 953 | AQ47: =IF(AN47>=$AQ$6,1,0) -> 1 | AV47: =AN47 -> 953 | AW47: =T47+AC47 -> 178 | AX47: =AD47 -> 0 | AY47: =S47+AE47 -> 0 | DM47: 3 | DW47: 32
A48: 40 | B48: 1 | R48: =SUM(C48:Q48) -> 0 | T48: 182 | U48: 166 | V48: 320 | Z48: 83 | AA48: 107 | AB48: 208 | AF48: 162 | AG48: 125 | AH48: 149 | AM48: =SUM(S48:AL48) -> 1502 | AN48: =R48+AM48 -> 1502 | AQ48: =IF(AN48>=$AQ$6,1,0) -> 1 | AV48: =AN48 -> 1502 | AW48: =T48+AC48 -> 182 | AX48: =AD48 -> 0 | AY48: =S48+AE48 -> 0 | DM48: 3 | DW48: 15
A49: 41 | B49: 1 | R49: =SUM(C49:Q49) -> 0 | T49: 179 | U49: 184 | V49: 247 | Z49: 81 | AA49: 87 | AB49: 217 | AF49: 147 | AG49: 116 | AH49: 160 | AM49: =SUM(S49:AL49) -> 1418 | AN49: =R49+AM49 -> 1418 | AQ49: =IF(AN49>=$AQ$6,1,0) -> 1 | AV49: =AN49 -> 1418 | AW49: =T49+AC49 -> 179 | AX49: =AD49 -> 0 | AY49: =S49+AE49 -> 0 | DM49: 3 | DW49: 15
A50: 42 | B50: 1 | R50: =SUM(C50:Q50) -> 0 | T50: 232 | U50: 124 | V50: 360 | Z50: 235 | AA50: 232 | AB50: 303 | AF50: 113 | AG50: 187 | AH50: 253 | AM50: =SUM(S50:AL50) -> 2039 | AN50: =R50+AM50 -> 2039 | AQ50: =IF(AN50>=$AQ$6,1,0) -> 1 | AV50: =AN50 -> 2039 | AW50: =T50+AC50 -> 232 | AX50: =AD50 -> 0 | AY50: =S50+AE50 -> 0 | DM50: 3 | DW50: 33
A51: 43 | B51: 1 | R51: =SUM(C51:Q51) -> 0 | T51: 202 | U51: 102 | V51: 187 | Z51: 97 | AA51: 89 | AB51: 259 | AF51: 80 | AG51: 151 | AH51: 204 | AM51: =SUM(S51:AL51) -> 1371 | AN51: =R51+AM51 -> 1371 | AQ51: =IF(AN51>=$AQ$6,1,0) -> 1 | AV51: =AN51 -> 1371 | AW51: =T51+AC51 -> 202 | AX51: =AD51 -> 0 | AY51: =S51+AE51 -> 0 | DM51: 3 | DW51: 32
... A54: 46 | B54: 1 | R54: =SUM(C54:Q54) -> 0 | T54: 187 | U54: 240 | V54: 242 | Z54: 108 | AA54: 234 | AB54: 112 | AF54: 114 | AG54: 88 | AH54: 214 | AM54: =SUM(S54:AL54) -> 1539 | AN54: =R54+AM54 -> 1539 | AQ54: =IF(AN54>=$AQ$6,1,0) -> 1 | AV54: =AN54 -> 1539 | AW54: =T54+AC54 -> 187 | AX54: =AD54 -> 0 | AY54: =S54+AE54 -> 0 | DM54: 3 | DW54: 32
A55: 47 | B55: 1 | T55: 144 | U55: 103 | V55: 112 | Z55: 50 | AA55: 50 | AB55: 237 | AF55: 44 | AG55: 81 | AH55: 77 | AM55: =SUM(S55:AL55) -> 898 | AN55: =R55+AM55 -> 898 | AQ55: =IF(AN55>=$AQ$6,1,0) -> 1 | AV55: =AN55 -> 898 | AW55: =T55+AC55 -> 144 | AX55: =AD55 -> 0 | AY55: =S55+AE55 -> 0 | DM55: 3 | DW55: 24 | DX55: tổ 4 | DY55: =SUM(DW56:DW94) -> 717.3
A56: 137 | B56: 4 | S56: 204 | T56: 186 | Y56: 220 | Z56: 184 | AA56: 281 | AB56: 324 | AG56: 184 | AH56: 175 | AM56: =SUM(S56:AL56) -> 1758 | AN56: =R56+AM56 -> 1758 | AP56: =AM56 -> 1758 | AQ56: =IF(AN56>=$AQ$6,1,0) -> 1 | AW56: =T56+AC56 -> 186 | AX56: =AD56 -> 0 | AY56: =S56+AE56 -> 204 | DM56: 4 | DW56: 11.2
A57: 138 | B57: 4 | S57: 331 | T57: 250 | Y57: 328 | Z57: 240 | AA57: 335 | AB57: 338 | AG57: 183 | AH57: 193 | AM57: =SUM(S57:AL57) -> 2198 | AN57: =R57+AM57 -> 2198 | AP57: =AM57 -> 2198 | AQ57: =IF(AN57>=$AQ$6,1,0) -> 1 | AW57: =T57+AC57 -> 250 | AX57: =AD57 -> 0 | AY57: =S57+AE57 -> 331 | DM57: 4 | DW57: 12
A58: 139 | B58: 4 | S58: 291 | T58: 152 | Y58: 236 | Z58: 192 | AA58: 282 | AB58: 344 | AG58: 237 | AH58: 145 | AM58: =SUM(S58:AL58) -> 1879 | AN58: =R58+AM58 -> 1879 | AP58: =AM58 -> 1879 | AQ58: =IF(AN58>=$AQ$6,1,0) -> 1 | AW58: =T58+AC58 -> 152 | AX58: =AD58 -> 0 | AY58: =S58+AE58 -> 291 | DM58: 4 | DW58: 20
A59: 140 | B59: 4 | S59: 286 | T59: 177 | Y59: 291 | Z59: 196 | AA59: 278 | AB59: 292 | AG59: 100 | AH59: 161 | AM59: =SUM(S59:AL59) -> 1781 | AN59: =R59+AM59 -> 1781 | AP59: =AM59 -> 1781 | AQ59: =IF(AN59>=$AQ$6,1,0) -> 1 | AW59: =T59+AC59 -> 177 | AX59: =AD59 -> 0 | AY59: =S59+AE59 -> 286 | DM59: 4 | DW59: 22
A60: 141 | B60: 4 | S60: 292 | T60: 170 | Y60: 247 | Z60: 143 | AA60: 230 | AB60: 104 | AG60: 128 | AH60: 60 | AM60: =SUM(S60:AL60) -> 1374 | AN60: =R60+AM60 -> 1374 | AP60: =AM60 -> 1374 | AQ60: =IF(AN60>=$AQ$6,1,0) -> 1 | AW60: =T60+AC60 -> 170 | AX60: =AD60 -> 0 | AY60: =S60+AE60 -> 292 | DM60: 4 | DW60: 9
A61: 142 | B61: 4 | S61: 257 | T61: 171 | Y61: 231 | Z61: 94 | AA61: 144 | AB61: 91 | AG61: 141 | AH61: 88 | AM61: =SUM(S61:AL61) -> 1217 | AN61: =R61+AM61 -> 1217 | AP61: =AM61 -> 1217 | AQ61: =IF(AN61>=$AQ$6,1,0) -> 1 | AW61: =T61+AC61 -> 171 | AX61: =AD61 -> 0 | AY61: =S61+AE61 -> 257 | DM61: 4 | DW61: 12
A62: 143 | B62: 4 | S62: 235 | T62: 155 | Y62: 170 | Z62: 148 | AA62: 360 | AB62: 170 | AG62: 182 | AH62: 110 | AM62: =SUM(S62:AL62) -> 1530 | AN62: =R62+AM62 -> 1530 | AP62: =AM62 -> 1530 | AQ62: =IF(AN62>=$AQ$6,1,0) -> 1 | AW62: =T62+AC62 -> 155 | AX62: =AD62 -> 0 | AY62: =S62+AE62 -> 235 | DM62: 4 | DW62: 28
A63: 144 | B63: 4 | S63: 326 | T63: 293 | Y63: 341 | Z63: 236 | AA63: 345 | AB63: 278 | AG63: 237 | AH63: 156 | AM63: =SUM(S63:AL63) -> 2212 | AN63: =R63+AM63 -> 2212 | AP63: =AM63 -> 2212 | AQ63: =IF(AN63>=$AQ$6,1,0) -> 1 | AW63: =T63+AC63 -> 293 | AX63: =AD63 -> 0 | AY63: =S63+AE63 -> 326 | DM63: 4 | DW63: 23
A64: 145 | B64: 4 | S64: 256 | T64: 242 | Y64: 116 | Z64: 102 | AA64: 189 | AB64: 207 | AG64: 134 | AH64: 116 | AM64: =SUM(S64:AL64) -> 1362 | AN64: =R64+AM64 -> 1362 | AP64: =AM64 -> 1362 | AQ64: =IF(AN64>=$AQ$6,1,0) -> 1 | AW64: =T64+AC64 -> 242 | AX64: =AD64 -> 0 | AY64: =S64+AE64 -> 256 | DM64: 4 | DW64: 11
A65: 146 | B65: 4 | S65: 326 | T65: 296 | Y65: 347 | Z65: 329 | AA65: 300 | AB65: 383 | AG65: 166 | AH65: 206 | AM65: =SUM(S65:AL65) -> 2353 | AN65: =R65+AM65 -> 2353 | AP65: =AM65 -> 2353 | AQ65: =IF(AN65>=$AQ$6,1,0) -> 1 | AW65: =T65+AC65 -> 296 | AX65: =AD65 -> 0 | AY65: =S65+AE65 -> 326 | DM65: 4 | DW65: 22.5
A66: 147 | B66: 4 | S66: 373 | T66: 280 | Y66: 365 | Z66: 302 | AA66: 437 | AB66: 398 | AG66: 217 | AH66: 220 | AM66: =SUM(S66:AL66) -> 2592 | AN66: =R66+AM66 -> 2592 | AP66: =AM66 -> 2592 | AQ66: =IF(AN66>=$AQ$6,1,0) -> 1 | AW66: =T66+AC66 -> 280 | AX66: =AD66 -> 0 | AY66: =S66+AE66 -> 373 | DM66: 4 | DW66: 25
A67: 148 | B67: 4 | S67: 305 | T67: 225 | Y67: 284 | Z67: 229 | AA67: 389 | AB67: 385 | AG67: 256 | AH67: 226 | AM67: =SUM(S67:AL67) -> 2299 | AN67: =R67+AM67 -> 2299 | AP67: =AM67 -> 2299 | AQ67: =IF(AN67>=$AQ$6,1,0) -> 1 | AW67: =T67+AC67 -> 225 | AX67: =AD67 -> 0 | AY67: =S67+AE67 -> 305 | DM67: 4 | DW67: 93
... A93: 174 | B93: 4 | S93: 114 | T93: 104 | Y93: 80 | Z93: 117 | AA93: 268 | AB93: 202 | AG93: 0 | AH93: 217 | AM93: =SUM(S93:AL93) -> 1102 | AN93: =R93+AM93 -> 1102 | AP93: =AM93 -> 1102 | AQ93: =IF(AN93>=$AQ$6,1,0) -> 1 | AW93: =T93+AC93 -> 104 | AX93: =AD93 -> 0 | AY93: =S93+AE93 -> 114 | DM93: 4 | DW93: 19
A94: 175 | B94: 4 | S94: 193 | T94: 269 | Y94: 195 | Z94: 275 | AA94: 421 | AB94: 311 | AG94: 120 | AH94: 209 | AM94: =SUM(S94:AL94) -> 1993 | AN94: =R94+AM94 -> 1993 | AP94: =AM94 -> 1993 | AQ94: =IF(AN94>=$AQ$6,1,0) -> 1 | AW94: =T94+AC94 -> 269 | AX94: =AD94 -> 0 | AY94: =S94+AE94 -> 193 | DM94: 4 | DW94: 15 | DY94: =SUM(DW95:DW133) -> 761.8
A95: 176 | B95: 5 | S95: 218 | T95: 328 | Y95: 218 | Z95: 285 | AA95: 423 | AB95: 165 | AG95: 244 | AH95: 186 | AM95: =SUM(S95:AL95) -> 2067 | AN95: =R95+AM95 -> 2067 | AP95: =AM95 -> 2067 | AQ95: =IF(AN95>=$AQ$6,1,0) -> 1 | AW95: =T95+AC95 -> 328 | AX95: =AD95 -> 0 | AY95: =S95+AE95 -> 218 | DM95: 4 | DW95: 12.4
A96: 177 | B96: 5 | S96: 186 | T96: 313 | Y96: 210 | Z96: 357 | AA96: 402 | AB96: 143 | AG96: 254 | AH96: 134 | AM96: =SUM(S96:AL96) -> 1999 | AN96: =R96+AM96 -> 1999 | AP96: =AM96 -> 1999 | AQ96: =IF(AN96>=$AQ$6,1,0) -> 1 | AW96: =T96+AC96 -> 313 | AX96: =AD96 -> 0 | AY96: =S96+AE96 -> 186 | DM96: 4 | DW96: 13
A97: 178 | B97: 5 | S97: 129 | T97: 417 | Y97: 134 | Z97: 398 | AA97: 298 | AB97: 337 | AG97: 263 | AH97: 173 | AM97: =SUM(S97:AL97) -> 2149 | AN97: =R97+AM97 -> 2149 | AP97: =AM97 -> 2149 | AQ97: =IF(AN97>=$AQ$6,1,0) -> 1 | AW97: =T97+AC97 -> 417 | AX97: =AD97 -> 0 | AY97: =S97+AE97 -> 129 | DM97: 4 | DW97: 20
A98: 179 | B98: 5 | S98: 142 | T98: 456 | Y98: 127 | Z98: 446 | AA98: 485 | AB98: 471 | AG98: 264 | AH98: 293 | AM98: =SUM(S98:AL98) -> 2684 | AN98: =R98+AM98 -> 2684 | AP98: =AM98 -> 2684 | AQ98: =IF(AN98>=$AQ$6,1,0) -> 1 | AW98: =T98+AC98 -> 456 | AX98: =AD98 -> 0 | AY98: =S98+AE98 -> 142 | DM98: 4 | DW98: 25
A99: 180 | B99: 5 | S99: 123 | T99: 377 | Y99: 133 | Z99: 395 | AA99: 432 | AB99: 323 | AG99: 248 | AH99: 194 | AM99: =SUM(S99:AL99) -> 2225 | AN99: =R99+AM99 -> 2225 | AP99: =AM99 -> 2225 | AQ99: =IF(AN99>=$AQ$6,1,0) -> 1 | AW99: =T99+AC99 -> 377 | AX99: =AD99 -> 0 | AY99: =S99+AE99 -> 123 | DM99: 4 | DW99: 12
A100: 181 | B100: 5 | S100: 155 | T100: 338 | Y100: 127 | Z100: 364 | AA100: 419 | AB100: 307 | AG100: 233 | AH100: 197 | AM100: =SUM(S100:AL100) -> 2140 | AN100: =R100+AM100 -> 2140 | AP100: =AM100 -> 2140 | AQ100: =IF(AN100>=$AQ$6,1,0) -> 1 | AW100: =T100+AC100 -> 338 | AX100: =AD100 -> 0 | AY100: =S100+AE100 -> 155 | DM100: 4 | DW100: 12
A101: 182 | B101: 5 | S101: 152 | T101: 290 | Y101: 108 | Z101: 278 | AA101: 379 | AB101: 315 | AG101: 200 | AH101: 194 | AM101: =SUM(S101:AL101) -> 1916 | AN101: =R101+AM101 -> 1916 | AP101: =AM101 -> 1916 | AQ101: =IF(AN101>=$AQ$6,1,0) -> 1 | AW101: =T101+AC101 -> 290 | AX101: =AD101 -> 0 | AY101: =S101+AE101 -> 152 | DM101: 4 | DW101: 13
A102: 183 | B102: 5 | S102: 122 | T102: 313 | Y102: 96 | Z102: 280 | AA102: 366 | AB102: 327 | AG102: 212 | AH102: 198 | AM102: =SUM(S102:AL102) -> 1914 | AN102: =R102+AM102 -> 1914 | AP102: =AM102 -> 1914 | AQ102: =IF(AN102>=$AQ$6,1,0) -> 1 | AW102: =T102+AC102 -> 313 | AX102: =AD102 -> 0 | AY102: =S102+AE102 -> 122 | DM102: 4 | DW102: 13
A103: 184 | B103: 5 | S103: 113 | T103: 277 | Y103: 115 | Z103: 266 | AA103: 295 | AB103: 373 | AG103: 202 | AH103: 178 | AM103: =SUM(S103:AL103) -> 1819 | AN103: =R103+AM103 -> 1819 | AP103: =AM103 -> 1819 | AQ103: =IF(AN103>=$AQ$6,1,0) -> 1 | AW103: =T103+AC103 -> 277 | AX103: =AD103 -> 0 | AY103: =S103+AE103 -> 113 | DM103: 4 | DW103: 21
A104: 185 | B104: 5 | S104: 100 | T104: 304 | Y104: 113 | Z104: 353 | AA104: 361 | AB104: 400 | AG104: 238 | AH104: 214 | AM104: =SUM(S104:AL104) -> 2083 | AN104: =R104+AM104 -> 2083 | AP104: =AM104 -> 2083 | AQ104: =IF(AN104>=$AQ$6,1,0) -> 1 | AW104: =T104+AC104 -> 304 | AX104: =AD104 -> 0 | AY104: =S104+AE104 -> 100 | DM104: 4 | DW104: 21
A105: 186 | B105: 5 | S105: 285 | T105: 334 | Y105: 283 | Z105: 310 | AA105: 538 | AB105: 451 | AG105: 293 | AH105: 300 | AM105: =SUM(S105:AL105) -> 2794 | AN105: =R105+AM105 -> 2794 | AP105: =AM105 -> 2794 | AQ105: =IF(AN105>=$AQ$6,1,0) -> 1 | AW105: =T105+AC105 -> 334 | AX105: =AD105 -> 0 | AY105: =S105+AE105 -> 285 | DM105: 4 | DW105: 25
A106: 187 | B106: 5 | S106: 217 | T106: 340 | Y106: 235 | Z106: 367 | AA106: 512 | AB106: 417 | AG106: 312 | AH106: 255 | AM106: =SUM(S106:AL106) -> 2655 | AN106: =R106+AM106 -> 2655 | AP106: =AM106 -> 2655 | AQ106: =IF(AN106>=$AQ$6,1,0) -> 1 | AW106: =T106+AC106 -> 340 | AX106: =AD106 -> 0 | AY106: =S106+AE106 -> 217 | DM106: 4 | DW106: 24
... A132: 213 | B132: 5 | S132: 235 | T132: 289 | Y132: 138 | Z132: 331 | AA132: 288 | AB132: 298 | AG132: 161 | AH132: 223 | AM132: =SUM(S132:AL132) -> 1963 | AN132: =R132+AM132 -> 1963 | AP132: =AM132 -> 1963 | AQ132: =IF(AN132>=$AQ$6,1,0) -> 1 | AW132: =T132+AC132 -> 289 | AX132: =AD132 -> 0 | AY132: =S132+AE132 -> 235 | DM132: 4 | DW132: 18.3
A133: 214 | B133: 5 | S133: 247 | T133: 199 | Y133: 231 | Z133: 167 | AA133: 385 | AB133: 429 | AG133: 229 | AH133: 259 | AM133: =SUM(S133:AL133) -> 2146 | AN133: =R133+AM133 -> 2146 | AP133: =AM133 -> 2146 | AQ133: =IF(AN133>=$AQ$6,1,0) -> 1 | AW133: =T133+AC133 -> 199 | AX133: =AD133 -> 0 | AY133: =S133+AE133 -> 247 | DM133: 4 | DW133: 11.3 | DY133: =SUM(DW134:DW175) -> 911
A134: 251 | B134: 7 | S134: 40 | T134: 158 | Y134: 170 | Z134: 138 | AA134: 70 | AB134: 97 | AG134: 170 | AH134: 157 | AM134: =SUM(S134:AL134) -> 1000 | AN134: =R134+AM134 -> 1000 | AO134: =AM134 -> 1000 | AQ134: =IF(AN134>=$AQ$6,1,0) -> 1 | AW134: =T134+AC134 -> 158 | AX134: =AD134 -> 0 | AY134: =S134+AE134 -> 40 | DM134: 0 | DW134: 16
A135: 252 | B135: 7 | S135: 0 | T135: 141 | Y135: 165 | Z135: 143 | AA135: 74 | AB135: 97 | AG135: 167 | AH135: 107 | AM135: =SUM(S135:AL135) -> 894 | AN135: =R135+AM135 -> 894 | AO135: =AM135 -> 894 | AQ135: =IF(AN135>=$AQ$6,1,0) -> 1 | AW135: =T135+AC135 -> 141 | AX135: =AD135 -> 0 | AY135: =S135+AE135 -> 0 | DM135: 0 | DW135: 16.1
A136: 253 | B136: 7 | S136: 0 | T136: 129 | Y136: 166 | Z136: 136 | AA136: 73 | AB136: 93 | AG136: 172 | AH136: 116 | AM136: =SUM(S136:AL136) -> 885 | AN136: =R136+AM136 -> 885 | AO136: =AM136 -> 885 | AQ136: =IF(AN136>=$AQ$6,1,0) -> 1 | AW136: =T136+AC136 -> 129 | AX136: =AD136 -> 0 | AY136: =S136+AE136 -> 0 | DM136: 0 | DW136: 15.4
A137: 254 | B137: 7 | S137: 0 | T137: 0 | Y137: 209 | Z137: 91 | AA137: 88 | AB137: 137 | AG137: 114 | AH137: 144 | AM137: =SUM(S137:AL137) -> 783 | AN137: =R137+AM137 -> 783 | AO137: =AM137 -> 783 | AQ137: =IF(AN137>=$AQ$6,1,0) -> 1 | AW137: =T137+AC137 -> 0 | AX137: =AD137 -> 0 | AY137: =S137+AE137 -> 0 | DM137: 1 | DW137: 14
A138: 255 | B138: 7 | S138: 65 | T138: 83 | Y138: 69 | Z138: 160 | AA138: 79 | AB138: 51 | AG138: 65 | AH138: 125 | AM138: =SUM(S138:AL138) -> 697 | AN138: =R138+AM138 -> 697 | AO138: =AM138 -> 697 | AQ138: =IF(AN138>=$AQ$6,1,0) -> 1 | AW138: =T138+AC138 -> 83 | AX138: =AD138 -> 0 | AY138: =S138+AE138 -> 65 | DM138: 4 | DW138: 33.3
A139: 256 | B139: 7 | S139: 62 | T139: 119 | Y139: 159 | Z139: 126 | AA139: 60 | AB139: 104 | AG139: 118 | AH139: 120 | AM139: =SUM(S139:AL139) -> 868 | AN139: =R139+AM139 -> 868 | AO139: =AM139 -> 868 | AQ139: =IF(AN139>=$AQ$6,1,0) -> 1 | AW139: =T139+AC139 -> 119 | AX139: =AD139 -> 0 | AY139: =S139+AE139 -> 62 | DM139: 4 | DW139: 17.1
A140: 257 | B140: 7 | S140: 60 | T140: 121 | Y140: 145 | Z140: 116 | AA140: 57 | AB140: 114 | AG140: 117 | AH140: 100 | AM140: =SUM(S140:AL140) -> 830 | AN140: =R140+AM140 -> 830 | AO140: =AM140 -> 830 | AQ140: =IF(AN140>=$AQ$6,1,0) -> 1 | AW140: =T140+AC140 -> 121 | AX140: =AD140 -> 0 | AY140: =S140+AE140 -> 60 | DM140: 4 | DW140: 17.8
A141: 258 | B141: 7 | S141: 41 | T141: 131 | Y141: 162 | Z141: 134 | AA141: 79 | AB141: 84 | AG141: 109 | AH141: 114 | AM141: =SUM(S141:AL141) -> 854 | AN141: =R141+AM141 -> 854 | AO141: =AM141 -> 854 | AQ141: =IF(AN141>=$AQ$6,1,0) -> 1 | AW141: =T141+AC141 -> 131 | AX141: =AD141 -> 0 | AY141: =S141+AE141 -> 41 | DM141: 0 | DW141: 13.5
A142: 259 | B142: 7 | S142: 111 | T142: 211 | Y142: 244 | Z142: 154 | AA142: 106 | AB142: 143 | AG142: 146 | AH142: 119 | AM142: =SUM(S142:AL142) -> 1234 | AN142: =R142+AM142 -> 1234 | AO142: =AM142 -> 1234 | AQ142: =IF(AN142>=$AQ$6,1,0) -> 1 | AW142: =T142+AC142 -> 211 | AX142: =AD142 -> 0 | AY142: =S142+AE142 -> 111 | DM142: 4 | DW142: 20.8
A143: 260 | B143: 7 | S143: 108 | T143: 212 | Y143: 238 | Z143: 152 | AA143: 105 | AB143: 143 | AG143: 158 | AH143: 121 | AM143: =SUM(S143:AL143) -> 1237 | AN143: =R143+AM143 -> 1237 | AO143: =AM143 -> 1237 | AQ143: =IF(AN143>=$AQ$6,1,0) -> 1 | AW143: =T143+AC143 -> 212 | AX143: =AD143 -> 0 | AY143: =S143+AE143 -> 108 | DM143: 4 | DW143: 20.4
A144: 261 | B144: 7 | S144: 62 | T144: 55 | Y144: 226 | Z144: 136 | AA144: 46 | AB144: 77 | AG144: 139 | AH144: 105 | AM144: =SUM(S144:AL144) -> 846 | AN144: =R144+AM144 -> 846 | AO144: =AM144 -> 846 | AQ144: =IF(AN144>=$AQ$6,1,0) -> 1 | AW144: =T144+AC144 -> 55 | AX144: =AD144 -> 0 | AY144: =S144+AE144 -> 62 | DM144: 4 | DW144: 12.1
A145: 262 | B145: 7 | S145: 63 | T145: 58 | Y145: 201 | Z145: 137 | AA145: 46 | AB145: 70 | AG145: 136 | AH145: 117 | AM145: =SUM(S145:AL145) -> 828 | AN145: =R145+AM145 -> 828 | AO145: =AM145 -> 828 | AQ145: =IF(AN145>=$AQ$6,1,0) -> 1 | AW145: =T145+AC145 -> 58 | AX145: =AD145 -> 0 | AY145: =S145+AE145 -> 63 | DM145: 4 | DW145: 12.3
... A174: 291 | B174: 7 | S174: 251 | T174: 149 | Y174: 149 | Z174: 93 | AA174: 214 | AB174: 142 | AG174: 116 | AH174: 35 | AM174: =SUM(S174:AL174) -> 1149 | AN174: =R174+AM174 -> 1149 | AO174: =AM174 -> 1149 | AQ174: =IF(AN174>=$AQ$6,1,0) -> 1 | AW174: =T174+AC174 -> 149 | AX174: =AD174 -> 0 | AY174: =S174+AE174 -> 251 | DM174: 4 | DW174: 24.8
A175: 292 | B175: 7 | R175: =SUM(C175:Q175) -> 0 | S175: 137 | T175: 212 | Y175: 133 | Z175: 132 | AA175: 228 | AB175: 122 | AG175: 102 | AH175: 105 | AM175: =SUM(S175:AL175) -> 1171 | AN175: =R175+AM175 -> 1171 | AO175: =AM175 -> 1171 | AQ175: =#N/A -> #N/A | AW175: =T175+AC175 -> 212 | AX175: =AD175 -> 0 | AY175: =S175+AE175 -> 137 | DM175: 4 | DW175: 29.7
R176: =SUM(C176:Q176) -> 0 | T176: A | U176: B | V176: C | Z176: B | AA176: C | AB176: A | AF176: C | AG176: A | AH176: B | CE176: =SUM(BK176:CD176) -> 0 | DM176: K | DW176: =DY176+DZ176 -> 2390.1 | DY176: =SUM(DY9:DY175) -> 2390.1 | DZ176: =SUM(DZ9:DZ175) -> 0
A177: GA 2 | C177: =SUM(C178:C266) -> 0 | D177: =SUM(D178:D266) -> 0 | E177: =SUM(E178:E266) -> 0 | F177: =SUM(F178:F266) -> 0 | G177: =SUM(G178:G266) -> 0 | H177: =SUM(H178:H266) -> 0 | I177: =SUM(I178:I266) -> 0 | J177: =SUM(J178:J266) -> 0 | ... R177: =SUM(R178:R266) -> 0 | S177: =SUM(S178:S314) -> 0 | T177: =SUM(T178:T314) -> 29095 | U177: =SUM(U178:U314) -> 29510 | V177: =SUM(V178:V314) -> 33678 | W177: =SUM(W178:W314) -> 0 | X177: =SUM(X178:X314) -> 0 | Y177: =SUM(Y178:Y314) -> 0 | Z177: =SUM(Z178:Z314) -> 16279 | ... DW177: =SUM(DW178:DW314) -> 3022.5 | DY177: =SUM(DW178:DW222) -> 1217
A178: 48 | B178: 2 | R178: =SUM(C178:Q178) -> 0 | T178: 121 | U178: 123 | V178: 170 | Z178: 76 | AA178: 128 | AB178: 108 | AF178: 49 | AG178: 106 | AH178: 126 | AM178: =SUM(S178:AL178) -> 1007 | AN178: =R178+AM178 -> 1007 | AQ178: =IF(AN178>=$AQ$5,1,0) -> 1 | AV178: =AM178 -> 1007 | AW178: =T178+AC178 -> 121 | AX178: =AD178 -> 0 | AY178: =S178+AE178 -> 0 | DM178: 3 | DW178: 20.1
A179: 49 | B179: 2 | R179: =SUM(C179:Q179) -> 0 | T179: 112 | U179: 151 | V179: 179 | Z179: 78 | AA179: 120 | AB179: 107 | AF179: 52 | AG179: 107 | AH179: 123 | AM179: =SUM(S179:AL179) -> 1029 | AN179: =R179+AM179 -> 1029 | AQ179: =IF(AN179>=$AQ$5,1,0) -> 1 | AV179: =AM179 -> 1029 | AW179: =T179+AC179 -> 112 | AX179: =AD179 -> 0 | AY179: =S179+AE179 -> 0 | DM179: 3 | DW179: 19.4
A180: 50 | B180: 2 | R180: =SUM(C180:Q180) -> 0 | T180: 177 | U180: 193 | V180: 184 | Z180: 108 | AA180: 140 | AB180: 144 | AF180: 103 | AG180: 155 | AH180: 238 | AM180: =SUM(S180:AL180) -> 1442 | AN180: =R180+AM180 -> 1442 | AQ180: =IF(AN180>=$AQ$5,1,0) -> 1 | AV180: =AM180 -> 1442 | AW180: =T180+AC180 -> 177 | AX180: =AD180 -> 0 | AY180: =S180+AE180 -> 0 | DM180: 3 | DW180: 16.3
A181: 51 | B181: 2 | R181: =SUM(C181:Q181) -> 0 | T181: 170 | U181: 189 | V181: 193 | Z181: 105 | AA181: 135 | AB181: 141 | AF181: 112 | AG181: 151 | AH181: 235 | AM181: =SUM(S181:AL181) -> 1431 | AN181: =R181+AM181 -> 1431 | AQ181: =IF(AN181>=$AQ$5,1,0) -> 1 | AV181: =AM181 -> 1431 | AW181: =T181+AC181 -> 170 | AX181: =AD181 -> 0 | AY181: =S181+AE181 -> 0 | DM181: 3 | DW181: 16.4
A182: 52 | B182: 2 | R182: =SUM(C182:Q182) -> 0 | T182: 0 | U182: 276 | V182: 76 | Z182: 51 | AA182: 61 | AB182: 117 | AF182: 41 | AG182: 0 | AH182: 197 | AM182: =SUM(S182:AL182) -> 819 | AN182: =R182+AM182 -> 819 | AQ182: =IF(AN182>=$AQ$5,1,0) -> 1 | AV182: =AM182 -> 819 | AW182: =T182+AC182 -> 0 | AX182: =AD182 -> 0 | AY182: =S182+AE182 -> 0 | DM182: 2 | DW182: 38
A183: 53 | B183: 2 | R183: =SUM(C183:Q183) -> 0 | T183: 207 | U183: 256 | V183: 185 | Z183: 103 | AA183: 143 | AB183: 239 | AF183: 52 | AG183: 147 | AH183: 239 | AM183: =SUM(S183:AL183) -> 1571 | AN183: =R183+AM183 -> 1571 | AQ183: =IF(AN183>=$AQ$5,1,0) -> 1 | AV183: =AM183 -> 1571 | AW183: =T183+AC183 -> 207 | AX183: =AD183 -> 0 | AY183: =S183+AE183 -> 0 | DM183: 3 | DW183: 48.7
A184: 54 | B184: 2 | R184: =SUM(C184:Q184) -> 0 | T184: 220 | U184: 235 | V184: 207 | Z184: 224 | AA184: 172 | AB184: 279 | AF184: 131 | AG184: 182 | AH184: 253 | AM184: =SUM(S184:AL184) -> 1903 | AN184: =R184+AM184 -> 1903 | AQ184: =IF(AN184>=$AQ$5,1,0) -> 1 | AV184: =AM184 -> 1903 | AW184: =T184+AC184 -> 220 | AX184: =AD184 -> 0 | AY184: =S184+AE184 -> 0 | DM184: 3 | DW184: 38.4
A185: 55 | B185: 2 | R185: =SUM(C185:Q185) -> 0 | T185: 0 | U185: 376 | V185: 187 | Z185: 101 | AA185: 135 | AB185: 212 | AF185: 59 | AG185: 154 | AH185: 210 | AM185: =SUM(S185:AL185) -> 1434 | AN185: =R185+AM185 -> 1434 | AQ185: =IF(AN185>=$AQ$5,1,0) -> 1 | AV185: =AM185 -> 1434 | AW185: =T185+AC185 -> 0 | AX185: =AD185 -> 0 | AY185: =S185+AE185 -> 0 | DM185: 3 | DW185: 16.5
A186: 56 | B186: 2 | R186: =SUM(C186:Q186) -> 0 | T186: 189 | U186: 149 | V186: 201 | Z186: 0 | AA186: 113 | AB186: 235 | AF186: 40 | AG186: 165 | AH186: 191 | AM186: =SUM(S186:AL186) -> 1283 | AN186: =R186+AM186 -> 1283 | AQ186: =IF(AN186>=$AQ$5,1,0) -> 1 | AV186: =AM186 -> 1283 | AW186: =T186+AC186 -> 189 | AX186: =AD186 -> 0 | AY186: =S186+AE186 -> 0 | DM186: 3 | DW186: 34.1
A187: 57 | B187: 2 | R187: =SUM(C187:Q187) -> 0 | T187: 119 | U187: 184 | V187: 186 | Z187: 84 | AA187: 150 | AB187: 120 | AF187: 63 | AG187: 223 | AH187: 193 | AM187: =SUM(S187:AL187) -> 1322 | AN187: =R187+AM187 -> 1322 | AQ187: =IF(AN187>=$AQ$5,1,0) -> 1 | AV187: =AM187 -> 1322 | AW187: =T187+AC187 -> 119 | AX187: =AD187 -> 0 | AY187: =S187+AE187 -> 0 | DM187: 3 | DW187: 9.9
A188: 58 | B188: 2 | R188: =SUM(C188:Q188) -> 0 | T188: 221 | U188: 205 | V188: 239 | Z188: 96 | AA188: 189 | AB188: 284 | AF188: 88 | AG188: 184 | AH188: 213 | AM188: =SUM(S188:AL188) -> 1719 | AN188: =R188+AM188 -> 1719 | AQ188: =IF(AN188>=$AQ$5,1,0) -> 1 | AV188: =AM188 -> 1719 | AW188: =T188+AC188 -> 221 | AX188: =AD188 -> 0 | AY188: =S188+AE188 -> 0 | DM188: 3 | DW188: 40.9
A189: 59 | B189: 2 | R189: =SUM(C189:Q189) -> 0 | T189: 0 | U189: 0 | V189: 0 | Z189: 0 | AA189: 0 | AB189: 0 | AF189: 0 | AG189: 0 | AH189: 0 | AM189: =SUM(S189:AL189) -> 0 | AN189: =R189+AM189 -> 0 | AQ189: =IF(AN189>=$AQ$5,1,0) -> 1 | AV189: =AM189 -> 0 | AW189: =T189+AC189 -> 0 | AX189: =AD189 -> 0 | AY189: =S189+AE189 -> 0 | DM189: 0 | DW189: 2.8
... A221: 91 | B221: 2 | R221: =SUM(C221:Q221) -> 0 | T221: 199 | U221: 232 | V221: 190 | Z221: 110 | AA221: 139 | AB221: 236 | AF221: 69 | AG221: 125 | AH221: 224 | AM221: =SUM(S221:AL221) -> 1524 | AN221: =R221+AM221 -> 1524 | AQ221: =IF(AN221>=$AQ$5,1,0) -> 1 | AV221: =AM221 -> 1524 | AW221: =T221+AC221 -> 199 | AX221: =AD221 -> 0 | AY221: =S221+AE221 -> 0 | DM221: 3 | DW221: 39
A222: 92 | B222: 2 | T222: 251 | U222: 207 | V222: 285 | Z222: 101 | AA222: 228 | AB222: 298 | AF222: 78 | AG222: 94 | AH222: 190 | AM222: =SUM(S222:AL222) -> 1732 | AN222: =R222+AM222 -> 1732 | AQ222: =IF(AN222>=$AQ$5,1,0) -> 1 | AV222: =AM222 -> 1732 | AW222: =T222+AC222 -> 251 | AX222: =AD222 -> 0 | AY222: =S222+AE222 -> 0 | DM222: 3 | DW222: 47.3 | DY222: =SUM(DW223:DW266) -> 1265
A223: 93 | B223: 3 | T223: 185 | U223: 205 | V223: 375 | Z223: 102 | AA223: 242 | AB223: 221 | AF223: 93 | AG223: 159 | AH223: 165 | AM223: =SUM(S223:AL223) -> 1747 | AN223: =R223+AM223 -> 1747 | AQ223: =IF(AN223>=$AQ$5,1,0) -> 1 | AV223: =AM223 -> 1747 | AW223: =T223+AC223 -> 185 | AX223: =AD223 -> 0 | AY223: =S223+AE223 -> 0 | DM223: 3 | DW223: 18.6
A224: 94 | B224: 3 | T224: 0 | U224: 0 | V224: 0 | Z224: 0 | AA224: 0 | AB224: 0 | AF224: 0 | AG224: 0 | AH224: 0 | AM224: =SUM(S224:AL224) -> 0 | AN224: =R224+AM224 -> 0 | AQ224: =IF(AN224>=$AQ$5,1,0) -> 1 | AV224: =AM224 -> 0 | AW224: =T224+AC224 -> 0 | AX224: =AD224 -> 0 | AY224: =S224+AE224 -> 0 | DM224: 3 | DW224: 9.2
A225: 95 | B225: 3 | T225: 255 | U225: 183 | V225: 308 | Z225: 86 | AA225: 221 | AB225: 241 | AF225: 112 | AG225: 168 | AH225: 185 | AM225: =SUM(S225:AL225) -> 1759 | AN225: =R225+AM225 -> 1759 | AQ225: =IF(AN225>=$AQ$5,1,0) -> 1 | AV225: =AM225 -> 1759 | AW225: =T225+AC225 -> 255 | AX225: =AD225 -> 0 | AY225: =S225+AE225 -> 0 | DM225: 3 | DW225: 19
A226: 96 | B226: 3 | T226: 211 | U226: 233 | V226: 270 | Z226: 98 | AA226: 210 | AB226: 267 | AF226: 94 | AG226: 155 | AH226: 208 | AM226: =SUM(S226:AL226) -> 1746 | AN226: =R226+AM226 -> 1746 | AQ226: =IF(AN226>=$AQ$5,1,0) -> 1 | AV226: =AM226 -> 1746 | AW226: =T226+AC226 -> 211 | AX226: =AD226 -> 0 | AY226: =S226+AE226 -> 0 | DM226: 3 | DW226: 18.7
A227: 97 | B227: 3 | T227: 190 | U227: 199 | V227: 264 | Z227: 103 | AA227: 104 | AB227: 255 | AF227: 83 | AG227: 111 | AH227: 186 | AM227: =SUM(S227:AL227) -> 1495 | AN227: =R227+AM227 -> 1495 | AQ227: =IF(AN227>=$AQ$5,1,0) -> 1 | AV227: =AM227 -> 1495 | AW227: =T227+AC227 -> 190 | AX227: =AD227 -> 0 | AY227: =S227+AE227 -> 0 | DM227: 3 | DW227: 23.5
...

Sheet CHAM CONG
BY1: ĐỢT I | CF1: 31 | CG1: 47 | CH1: Tổ 1 | CI1: =SUM(BB7:BB173) -> 2195 | CJ1: =SUM(BC7:BC173) -> 2482 | CK1: =ROUND((SUM(CI1:CJ1)/CG1/$CF$1)*100,1) -> 321 | CL1: ĐỢT II | CT1: Tổ 1 | CU1: =SUM(BC7:BC173) -> 2482
A2: BẢNG CHẤM CÔNG CẠO MỦ THÁNG 01/2026 | BR2: D | CD2: 2011 | CF2: =SUM(BY7:CA311) -> #N/A | CG2: 45 | CH2: Tổ 2 | CI2: =SUM(BB175:BB311) -> 1642 | CJ2: =SUM(BC175:BC311) -> 1946 | CK2: =ROUND((SUM(CI2:CJ2)/CG2/$CF$1)*100,1) -> 257.2 | CL2: =CK1 -> 321 | CQ2: 2011 | CR2: =SUM(CL7:CN311) -> #N/A | CT2: Tổ 2 | CU2: =SUM(BC175:BC311) -> 1946
AL3: D2 | BB3: =SUM(BB7:BB355)/2 -> 4113 | BC3: =SUM(BC7:BC355)/2 -> 4741.5 | BE3: D2 | BO3: =BO498 -> 12192 | BP3: 16000 | BQ3: 25500 | BT3: =BT498 -> 432 | CD3: 2012 | CF3: =SUM(CB7:CB311)+SUM(#REF!)+SUM(#REF!) -> #N/A | CG3: 44 | CH3: Tổ 3 | CI3: =SUM(#REF!) -> #REF! | CJ3: =SUM(#REF!) -> #REF! | CK3: =ROUND((SUM(CI3:CJ3)/CG3/$CF$1)*100,1) -> #REF! | CQ3: 2012 | CR3: =SUM(CO7:CO311)+SUM(#REF!) -> #N/A | CT3: Tổ 3 | CU3: =SUM(#REF!) -> #REF!
A4: Stt | B4: TỔ | C4: Mã số CN | D4: Họ và tên | F4: Tổ khai thác | G4: Các ngày trong tháng | AL4: D2 | AV4: CẠO ÚP | AY4: 29 | AZ4: 30 | BA4: CẠO XẢ | BB4: Tổng công | BK4: MÌ (D2) | BL4: CCAN | BR4: Lễ chol chnam thmay | BS4: chuyển cần đã tách | BT4: mì | BU4: KIỂM TRA KỸ THUẬT | CD4: 2013 | CF4: =SUM(#REF!) -> #REF! | CG4: 52 | CH4: Tổ 4 | CI4: =SUM(#REF!) -> #REF! | CJ4: =SUM(#REF!) -> #REF! | CK4: =ROUND((SUM(CI4:CJ4)/CG4/$CF$1)*100,1) -> #REF! | CQ4: 2013 | CR4: =SUM(#REF!) -> #REF! | CT4: Tổ 4 | CU4: =SUM(#REF!) -> #REF!
D5: Khmer | E5: Latinh | G5: 1 | H5: 2 | I5: 3 | J5: 4 | K5: 5 | L5: 6 | M5: 7 | N5: 8 | O5: 9 | P5: 10 | Q5: 11 | R5: 12 | S5: 13 | T5: 14 | U5: 15 | V5: 16 | W5: 17 | X5: 18 | Y5: 19 | Z5: 20 | AA5: 21 | AB5: 22 | AC5: 23 | AD5: 24 | AE5: 25 | AF5: 26 | AG5: 27 | AH5: 28 | AI5: 29 | AJ5: 30 | AK5: 31 | AL5: 16 | AM5: 18 | AN5: 19 | AO5: 20 | AP5: 21 | AQ5: 23 | AR5: 24 | AS5: 27 | AT5: 28 | AU5: 31 | BB5: 1-15 | BC5: 16-30 | BD5: D2 | BE5: HỌC CẠO | BF5: Tổng | BG5: tháng 05+ t6 đ1 | BH5: tháng 05+06 | BI5: 255000 | BJ5: 16000 | BM5: 19000 (4/6 -6/6) | BN5: 16000 (4/6 -6/6) | BO5: chuyên cần | BP5: cạo choàn | BU5: HS NT | BW5: CTY | BY5: Cộng phiên A | BZ5: Cộng phiên B | CA5: Cộng phiên C | CB5: Cộng phiên D | CC5: Tổng cộng | CF5: =SUM(CF2:CF4) -> #N/A | CG5: 52 | CH5: Tổ 5 | CI5: =SUM(#REF!) -> #REF! | CJ5: =SUM(#REF!) -> #REF! | CK5: =ROUND((SUM(CI5:CJ5)/CG5/$CF$1)*100,1) -> #REF! | CL5: Cộng phiên A | CM5: Cộng phiên B | CN5: Cộng phiên C | CO5: Cộng phiên D | CP5: Tổng cộng | CR5: =SUM(CR2:CR4) -> #N/A | CT5: Tổ 5 | CU5: =SUM(#REF!) -> #REF!
A6: GA 1 | F6: Phiên cạo | BD6: Đ1 | BE6: D 2 | BP6: CÔNG | BQ6: TIỀN | CE6: công cao nhất | CG6: 48 | CH6: Tổ 6 | CI6: =SUM(#REF!) -> #REF! | CJ6: =SUM(#REF!) -> #REF! | CK6: =ROUND((SUM(CI6:CJ6)/CG6/$CF$1)*100,1) -> #REF! | CR6: =SUM(CU1:CU7)-CR5 -> #REF! | CT6: Tổ 6 | CU6: =SUM(#REF!) -> #REF! | DD6: =DD8+DD177+#REF!+#REF!+#REF!+#REF!+#REF!+#REF! -> #REF!
A7: 1 | B7: 1 | C7: 1 | G7: 0 | H7: 0 | I7: x | K7: 0 | L7: 0 | M7: x | N7: x | O7: x | P7: x | Q7: x | R7: x | S7: x | T7: x | U7: x | V7: x | W7: x | X7: x | Y7: x | Z7: x | AA7: x | AB7: x | AC7: x | AD7: x | AE7: x | AF7: x | AG7: 0 | AH7: x | AI7: x | AJ7: x | AK7: x | AP7: x | BB7: =COUNTIF(G7:U7,"X") -> 10 | BC7: =COUNTIF(V7:AK7,"X") -> 15 | BD7: =COUNTIF(AL7:BA7,"X") -> 1 | BE7: =COUNTIF(AU7:BA7,"x") -> 0 | BF7: =BB7+BC7 -> 25 | BK7: =IF(BO7>=26,1,0) -> 0 | BL7: =(BB7+BC7) -> 25 | BO7: =IF(BT7>0,BF7,0) -> 0 | BT7: =IF(BF7>=26,1,0) -> 0 | BV7: =IF(AND(BU7>0,BU7<=1),50000,IF(AND(BU7>1,BU7<=3),40000,IF(AND(BU7>3,BU7<=5),20000,IF(AND(BU7>5,BU7<=9),0,IF(AND(BU7>9,BU7<=11),-20000,IF(AND(BU7>11,BU7<=13),-40000,IF(BU7>13,-50000,0))))))) -> 0 | BX7: =IF(AND(BW7>0,BW7<=1),1.15,IF(AND(BW7>1,BW7<=3),1.1,IF(AND(BW7>3,BW7<=5),1.05,IF(AND(BW7>5,BW7<=9),1,IF(AND(BW7>9,BW7<=11),-0.05,IF(AND(BW7>11,BW7<=13),-0.1,IF(BW7>13,-0.15,0))))))) -> 0 | BY7: =#N/A -> #N/A | BZ7: =#N/A -> #N/A | CA7: =#N/A -> #N/A | CB7: =#N/A -> #N/A | CC7: =SUM(BY7:CB7) -> #N/A | CD7: =CC7-BB7 -> #N/A | CE7: =IF(CF7>0,BF7,0) -> 0 | CF7: =IF(BF7>=26,1,0) -> 0 | CG7: 56 | CH7: Tổ 7 | CI7: =SUM(#REF!) -> #REF! | CJ7: =SUM(#REF!) -> #REF! | CK7: =ROUND((SUM(CI7:CJ7)/CG7/$CF$1)*100,1) -> #REF! | CL7: =#N/A -> #N/A | CM7: =#N/A -> #N/A | CN7: =#N/A -> #N/A | CO7: =#N/A -> #N/A | CP7: =SUM(CL7:CO7) -> #N/A | CQ7: =CP7-BC7 -> #N/A | CT7: Tổ 7 | CU7: =SUM(#REF!) -> #REF! | CW7: =BU7 -> 0 | CX7: =BW7 -> 0 | CY7: =IF(COUNT(CW7:CX7)=2,ROUND((CW7+CX7)/2,2),CW7) -> 0
A8: 2 | B8: 1 | C8: 2 | G8: 0 | H8: x | I8: x | K8: x | L8: x | M8: x | N8: x | O8: x | P8: x | Q8: x | R8: x | S8: x | T8: x | U8: x | V8: x | W8: x | X8: x | Y8: x | Z8: x | AA8: x | AB8: 0 | AC8: 0 | AD8: x | AE8: x | AF8: x | AG8: x | AH8: x | AI8: x | AJ8: x | AK8: x | AP8: x | BB8: =COUNTIF(G8:U8,"X") -> 13 | BC8: =COUNTIF(V8:AK8,"X") -> 14 | BD8: =COUNTIF(AL8:BA8,"X") -> 1 | BE8: =COUNTIF(AU8:BA8,"x") -> 0 | BF8: =BB8+BC8 -> 27 | BK8: =IF(BO8>=26,1,0) -> 1 | BL8: =(BB8+BC8) -> 27 | BO8: =IF(BT8>0,BF8,0) -> 27 | BT8: =IF(BF8>=26,1,0) -> 1 | BV8: =IF(AND(BU8>0,BU8<=1),50000,IF(AND(BU8>1,BU8<=3),40000,IF(AND(BU8>3,BU8<=5),20000,IF(AND(BU8>5,BU8<=9),0,IF(AND(BU8>9,BU8<=11),-20000,IF(AND(BU8>11,BU8<=13),-40000,IF(BU8>13,-50000,0))))))) -> 0 | BX8: =IF(AND(BW8>0,BW8<=1),1.15,IF(AND(BW8>1,BW8<=3),1.1,IF(AND(BW8>3,BW8<=5),1.05,IF(AND(BW8>5,BW8<=9),1,IF(AND(BW8>9,BW8<=11),-0.05,IF(AND(BW8>11,BW8<=13),-0.1,IF(BW8>13,-0.15,0))))))) -> 0 | BY8: =#N/A -> #N/A | BZ8: =#N/A -> #N/A | CA8: =#N/A -> #N/A | CB8: =#N/A -> #N/A | CC8: =SUM(BY8:CB8) -> #N/A | CD8: =CC8-BB8 -> #N/A | CE8: =IF(CF8>0,BF8,0) -> 27 | CF8: =IF(BF8>=26,1,0) -> 1 | CG8: 51 | CH8: Tổ 8 | CI8: =BB313 -> 1642 | CJ8: =BC313 -> 1946 | CK8: =ROUND((SUM(CI8:CJ8)/CG8/$CF$1)*100,1) -> 226.9 | CL8: =#N/A -> #N/A | CM8: =#N/A -> #N/A | CN8: =#N/A -> #N/A | CO8: =#N/A -> #N/A | CP8: =SUM(CL8:CO8) -> #N/A | CQ8: =CP8-BC8 -> #N/A | CT8: Tổ 8 | CU8: =SUM(#REF!) -> #REF! | CW8: =BU8 -> 0 | CX8: =BW8 -> 0 | CY8: =IF(COUNT(CW8:CX8)=2,ROUND((CW8+CX8)/2,2),CW8) -> 0 | DD8: =SUM(DD9:DD175) -> 0
A9: 3 | B9: 1 | C9: 3 | G9: x | H9: x | I9: x | K9: x | L9: x | M9: x | N9: x | O9: x | P9: x | Q9: x | R9: x | S9: x | T9: x | U9: x | V9: x | W9: x | X9: x | Y9: 0 | Z9: x | AA9: x | AB9: x | AC9: x | AD9: 0 | AE9: x | AF9: x | AG9: x | AH9: x | AI9: x | AJ9: x | AK9: x | AP9: x | BB9: =COUNTIF(G9:U9,"X") -> 14 | BC9: =COUNTIF(V9:AK9,"X") -> 14 | BD9: =COUNTIF(AL9:BA9,"X") -> 1 | BE9: =COUNTIF(AU9:BA9,"x") -> 0 | BF9: =BB9+BC9 -> 28 | BK9: =IF(BO9>=26,1,0) -> 1 | BL9: =(BB9+BC9) -> 28 | BO9: =IF(BT9>0,BF9,0) -> 28 | BT9: =IF(BF9>=26,1,0) -> 1 | BV9: =IF(AND(BU9>0,BU9<=1),50000,IF(AND(BU9>1,BU9<=3),40000,IF(AND(BU9>3,BU9<=5),20000,IF(AND(BU9>5,BU9<=9),0,IF(AND(BU9>9,BU9<=11),-20000,IF(AND(BU9>11,BU9<=13),-40000,IF(BU9>13,-50000,0))))))) -> 0 | BX9: =IF(AND(BW9>0,BW9<=1),1.15,IF(AND(BW9>1,BW9<=3),1.1,IF(AND(BW9>3,BW9<=5),1.05,IF(AND(BW9>5,BW9<=9),1,IF(AND(BW9>9,BW9<=11),-0.05,IF(AND(BW9>11,BW9<=13),-0.1,IF(BW9>13,-0.15,0))))))) -> 0 | BY9: =#N/A -> #N/A | BZ9: =#N/A -> #N/A | CA9: =#N/A -> #N/A | CB9: =#N/A -> #N/A | CC9: =SUM(BY9:CB9) -> #N/A | CD9: =CC9-BB9 -> #N/A | CE9: =IF(CF9>0,BF9,0) -> 28 | CF9: =IF(BF9>=26,1,0) -> 1 | CH9: Thưởng ngày công | CL9: =#N/A -> #N/A | CM9: =#N/A -> #N/A | CN9: =#N/A -> #N/A | CO9: =#N/A -> #N/A | CP9: =SUM(CL9:CO9) -> #N/A | CQ9: =CP9-BC9 -> #N/A | CT9: Tổ 9 | CW9: =BU9 -> 0 | CX9: =BW9 -> 0 | CY9: =IF(COUNT(CW9:CX9)=2,ROUND((CW9+CX9)/2,2),CW9) -> 0
A10: 4 | B10: 1 | C10: 4 | G10: 0 | H10: x | I10: x | K10: x | L10: x | M10: x | N10: x | O10: x | P10: x | Q10: x | R10: x | S10: x | T10: x | U10: x | V10: x | W10: x | X10: x | Y10: x | Z10: x | AA10: x | AB10: 0 | AC10: 0 | AD10: x | AE10: x | AF10: x | AG10: x | AH10: x | AI10: x | AJ10: x | AK10: x | AP10: x | BB10: =COUNTIF(G10:U10,"X") -> 13 | BC10: =COUNTIF(V10:AK10,"X") -> 14 | BD10: =COUNTIF(AL10:BA10,"X") -> 1 | BE10: =COUNTIF(AU10:BA10,"x") -> 0 | BF10: =BB10+BC10 -> 27 | BK10: =IF(BO10>=26,1,0) -> 1 | BL10: =(BB10+BC10) -> 27 | BO10: =IF(BT10>0,BF10,0) -> 27 | BT10: =IF(BF10>=26,1,0) -> 1 | BV10: =IF(AND(BU10>0,BU10<=1),50000,IF(AND(BU10>1,BU10<=3),40000,IF(AND(BU10>3,BU10<=5),20000,IF(AND(BU10>5,BU10<=9),0,IF(AND(BU10>9,BU10<=11),-20000,IF(AND(BU10>11,BU10<=13),-40000,IF(BU10>13,-50000,0))))))) -> 0 | BX10: =IF(AND(BW10>0,BW10<=1),1.15,IF(AND(BW10>1,BW10<=3),1.1,IF(AND(BW10>3,BW10<=5),1.05,IF(AND(BW10>5,BW10<=9),1,IF(AND(BW10>9,BW10<=11),-0.05,IF(AND(BW10>11,BW10<=13),-0.1,IF(BW10>13,-0.15,0))))))) -> 0 | BY10: =#N/A -> #N/A | BZ10: =#N/A -> #N/A | CA10: =#N/A -> #N/A | CB10: =#N/A -> #N/A | CC10: =SUM(BY10:CB10) -> #N/A | CD10: =CC10-BB10 -> #N/A | CE10: =IF(CF10>0,BF10,0) -> 27 | CF10: =IF(BF10>=26,1,0) -> 1 | CH10: Tổ 1 | CI10: =IF(CK1>=98,60000,IF(CK1>95,40000,0)) -> 60000 | CJ10: =SUM(CI10:CI12) -> #REF! | CL10: =#N/A -> #N/A | CM10: =#N/A -> #N/A | CN10: =#N/A -> #N/A | CO10: =#N/A -> #N/A | CP10: =SUM(CL10:CO10) -> #N/A | CQ10: =CP10-BC10 -> #N/A | CW10: =BU10 -> 0 | CX10: =BW10 -> 0 | CY10: =IF(COUNT(CW10:CX10)=2,ROUND((CW10+CX10)/2,2),CW10) -> 0
A11: 5 | B11: 1 | C11: 5 | G11: x | H11: x | I11: x | K11: x | L11: x | M11: x | N11: x | O11: x | P11: x | Q11: x | R11: x | S11: x | T11: x | U11: x | V11: x | W11: x | X11: x | Y11: x | Z11: x | AA11: x | AB11: x | AC11: x | AD11: x | AE11: x | AF11: x | AG11: x | AH11: x | AI11: x | AJ11: x | AK11: x | AP11: x | BB11: =COUNTIF(G11:U11,"X") -> 14 | BC11: =COUNTIF(V11:AK11,"X") -> 16 | BD11: =COUNTIF(AL11:BA11,"X") -> 1 | BE11: =COUNTIF(AU11:BA11,"x") -> 0 | BF11: =BB11+BC11 -> 30 | BK11: =IF(BO11>=26,1,0) -> 1 | BL11: =(BB11+BC11) -> 30 | BO11: =IF(BT11>0,BF11,0) -> 30 | BT11: =IF(BF11>=26,1,0) -> 1 | BV11: =IF(AND(BU11>0,BU11<=1),50000,IF(AND(BU11>1,BU11<=3),40000,IF(AND(BU11>3,BU11<=5),20000,IF(AND(BU11>5,BU11<=9),0,IF(AND(BU11>9,BU11<=11),-20000,IF(AND(BU11>11,BU11<=13),-40000,IF(BU11>13,-50000,0))))))) -> 0 | BX11: =IF(AND(BW11>0,BW11<=1),1.15,IF(AND(BW11>1,BW11<=3),1.1,IF(AND(BW11>3,BW11<=5),1.05,IF(AND(BW11>5,BW11<=9),1,IF(AND(BW11>9,BW11<=11),-0.05,IF(AND(BW11>11,BW11<=13),-0.1,IF(BW11>13,-0.15,0))))))) -> 0 | BY11: =#N/A -> #N/A | BZ11: =#N/A -> #N/A | CA11: =#N/A -> #N/A | CB11: =#N/A -> #N/A | CC11: =SUM(BY11:CB11) -> #N/A | CD11: =CC11-BB11 -> #N/A | CE11: =IF(CF11>0,BF11,0) -> 30 | CF11: =IF(BF11>=26,1,0) -> 1 | CH11: Tổ 2 | CI11: =IF(CK2>=98,60000,IF(CK2>95,40000,0)) -> 60000 | CL11: =#N/A -> #N/A | CM11: =#N/A -> #N/A | CN11: =#N/A -> #N/A | CO11: =#N/A -> #N/A | CP11: =SUM(CL11:CO11) -> #N/A | CQ11: =CP11-BC11 -> #N/A | CW11: =BU11 -> 0 | CX11: =BW11 -> 0 | CY11: =IF(COUNT(CW11:CX11)=2,ROUND((CW11+CX11)/2,2),CW11) -> 0
A12: 6 | B12: 1 | C12: 6 | G12: x | H12: x | I12: x | K12: 0 | L12: x | M12: x | N12: x | O12: x | P12: x | Q12: x | R12: x | S12: x | T12: x | U12: x | V12: x | W12: x | X12: 0 | Y12: x | Z12: x | AA12: x | AB12: 0 | AC12: x | AD12: x | AE12: x | AF12: x | AG12: x | AH12: x | AI12: x | AJ12: x | AK12: x | AP12: x | BB12: =COUNTIF(G12:U12,"X") -> 13 | BC12: =COUNTIF(V12:AK12,"X") -> 14 | BD12: =COUNTIF(AL12:BA12,"X") -> 1 | BE12: =COUNTIF(AU12:BA12,"x") -> 0 | BF12: =BB12+BC12 -> 27 | BK12: =IF(BO12>=26,1,0) -> 1 | BL12: =(BB12+BC12) -> 27 | BO12: =IF(BT12>0,BF12,0) -> 27 | BT12: =IF(BF12>=26,1,0) -> 1 | BV12: =IF(AND(BU12>0,BU12<=1),50000,IF(AND(BU12>1,BU12<=3),40000,IF(AND(BU12>3,BU12<=5),20000,IF(AND(BU12>5,BU12<=9),0,IF(AND(BU12>9,BU12<=11),-20000,IF(AND(BU12>11,BU12<=13),-40000,IF(BU12>13,-50000,0))))))) -> 0 | BX12: =IF(AND(BW12>0,BW12<=1),1.15,IF(AND(BW12>1,BW12<=3),1.1,IF(AND(BW12>3,BW12<=5),1.05,IF(AND(BW12>5,BW12<=9),1,IF(AND(BW12>9,BW12<=11),-0.05,IF(AND(BW12>11,BW12<=13),-0.1,IF(BW12>13,-0.15,0))))))) -> 0 | BY12: =#N/A -> #N/A | BZ12: =#N/A -> #N/A | CA12: =#N/A -> #N/A | CB12: =#N/A -> #N/A | CC12: =SUM(BY12:CB12) -> #N/A | CD12: =CC12-BB12 -> #N/A | CE12: =IF(CF12>0,BF12,0) -> 27 | CF12: =IF(BF12>=26,1,0) -> 1 | CH12: Tổ 3 | CI12: =IF(CK3>=98,60000,IF(CK3>95,40000,0)) -> #REF! | CL12: =#N/A -> #N/A | CM12: =#N/A -> #N/A | CN12: =#N/A -> #N/A | CO12: =#N/A -> #N/A | CP12: =SUM(CL12:CO12) -> #N/A | CQ12: =CP12-BC12 -> #N/A | CW12: =BU12 -> 0 | CX12: =BW12 -> 0 | CY12: =IF(COUNT(CW12:CX12)=2,ROUND((CW12+CX12)/2,2),CW12) -> 0
A13: 7 | B13: 1 | C13: 7 | G13: 0 | H13: x | I13: x | K13: x | L13: 0 | M13: x | N13: x | O13: x | P13: x | Q13: x | R13: x | S13: x | T13: x | U13: x | V13: x | W13: x | X13: x | Y13: x | Z13: x | AA13: x | AB13: x | AC13: x | AD13: 0 | AE13: x | AF13: x | AG13: x | AH13: 0 | AI13: x | AJ13: x | AK13: x | AP13: x | BB13: =COUNTIF(G13:U13,"X") -> 12 | BC13: =COUNTIF(V13:AK13,"X") -> 14 | BD13: =COUNTIF(AL13:BA13,"X") -> 1 | BE13: =COUNTIF(AU13:BA13,"x") -> 0 | BF13: =BB13+BC13 -> 26 | BK13: =IF(BO13>=26,1,0) -> 1 | BL13: =(BB13+BC13) -> 26 | BO13: =IF(BT13>0,BF13,0) -> 26 | BT13: =IF(BF13>=26,1,0) -> 1 | BV13: =IF(AND(BU13>0,BU13<=1),50000,IF(AND(BU13>1,BU13<=3),40000,IF(AND(BU13>3,BU13<=5),20000,IF(AND(BU13>5,BU13<=9),0,IF(AND(BU13>9,BU13<=11),-20000,IF(AND(BU13>11,BU13<=13),-40000,IF(BU13>13,-50000,0))))))) -> 0 | BX13: =IF(AND(BW13>0,BW13<=1),1.15,IF(AND(BW13>1,BW13<=3),1.1,IF(AND(BW13>3,BW13<=5),1.05,IF(AND(BW13>5,BW13<=9),1,IF(AND(BW13>9,BW13<=11),-0.05,IF(AND(BW13>11,BW13<=13),-0.1,IF(BW13>13,-0.15,0))))))) -> 0 | BY13: =#N/A -> #N/A | BZ13: =#N/A -> #N/A | CA13: =#N/A -> #N/A | CB13: =#N/A -> #N/A | CC13: =SUM(BY13:CB13) -> #N/A | CD13: =CC13-BB13 -> #N/A | CE13: =IF(CF13>0,BF13,0) -> 26 | CF13: =IF(BF13>=26,1,0) -> 1 | CH13: Tổ 4 | CI13: =IF(CK4>=98,60000,IF(CK4>95,40000,0)) -> #REF! | CL13: =#N/A -> #N/A | CM13: =#N/A -> #N/A | CN13: =#N/A -> #N/A | CO13: =#N/A -> #N/A | CP13: =SUM(CL13:CO13) -> #N/A | CQ13: =CP13-BC13 -> #N/A | CW13: =BU13 -> 0 | CX13: =BW13 -> 0 | CY13: =IF(COUNT(CW13:CX13)=2,ROUND((CW13+CX13)/2,2),CW13) -> 0
A14: 8 | B14: 1 | C14: 8 | G14: x | H14: x | I14: x | K14: x | L14: x | M14: x | N14: x | O14: x | P14: x | Q14: x | R14: x | S14: x | T14: 0 | U14: x | V14: x | W14: x | X14: 0 | Y14: x | Z14: x | AA14: x | AB14: x | AC14: x | AD14: x | AE14: x | AF14: x | AG14: x | AH14: x | AI14: x | AJ14: x | AK14: x | AP14: x | BB14: =COUNTIF(G14:U14,"X") -> 13 | BC14: =COUNTIF(V14:AK14,"X") -> 15 | BD14: =COUNTIF(AL14:BA14,"X") -> 1 | BE14: =COUNTIF(AU14:BA14,"x") -> 0 | BF14: =BB14+BC14 -> 28 | BK14: =IF(BO14>=26,1,0) -> 1 | BL14: =(BB14+BC14) -> 28 | BO14: =IF(BT14>0,BF14,0) -> 28 | BT14: =IF(BF14>=26,1,0) -> 1 | BV14: =IF(AND(BU14>0,BU14<=1),50000,IF(AND(BU14>1,BU14<=3),40000,IF(AND(BU14>3,BU14<=5),20000,IF(AND(BU14>5,BU14<=9),0,IF(AND(BU14>9,BU14<=11),-20000,IF(AND(BU14>11,BU14<=13),-40000,IF(BU14>13,-50000,0))))))) -> 0 | BX14: =IF(AND(BW14>0,BW14<=1),1.15,IF(AND(BW14>1,BW14<=3),1.1,IF(AND(BW14>3,BW14<=5),1.05,IF(AND(BW14>5,BW14<=9),1,IF(AND(BW14>9,BW14<=11),-0.05,IF(AND(BW14>11,BW14<=13),-0.1,IF(BW14>13,-0.15,0))))))) -> 0 | BY14: =#N/A -> #N/A | BZ14: =#N/A -> #N/A | CA14: =#N/A -> #N/A | CB14: =#N/A -> #N/A | CC14: =SUM(BY14:CB14) -> #N/A | CD14: =CC14-BB14 -> #N/A | CE14: =IF(CF14>0,BF14,0) -> 28 | CF14: =IF(BF14>=26,1,0) -> 1 | CH14: Tổ 5 | CI14: =IF(CK5>=98,60000,IF(CK5>95,40000,0)) -> #REF! | CL14: =#N/A -> #N/A | CM14: =#N/A -> #N/A | CN14: =#N/A -> #N/A | CO14: =#N/A -> #N/A | CP14: =SUM(CL14:CO14) -> #N/A | CQ14: =CP14-BC14 -> #N/A | CW14: =BU14 -> 0 | CX14: =BW14 -> 0 | CY14: =IF(COUNT(CW14:CX14)=2,ROUND((CW14+CX14)/2,2),CW14) -> 0
A15: 9 | B15: 1 | C15: 9 | G15: x | H15: x | I15: x | K15: x | L15: x | M15: x | N15: 0 | O15: x | P15: x | Q15: 0 | R15: x | S15: x | T15: x | U15: x | V15: x | W15: 0 | X15: x | Y15: x | Z15: x | AA15: x | AB15: 0 | AC15: x | AD15: x | AE15: x | AF15: x | AG15: x | AH15: x | AI15: x | AJ15: 0 | AK15: x | AP15: x | BB15: =COUNTIF(G15:U15,"X") -> 12 | BC15: =COUNTIF(V15:AK15,"X") -> 13 | BD15: =COUNTIF(AL15:BA15,"X") -> 1 | BE15: =COUNTIF(AU15:BA15,"x") -> 0 | BF15: =BB15+BC15 -> 25 | BK15: =IF(BO15>=26,1,0) -> 0 | BL15: =(BB15+BC15) -> 25 | BO15: =IF(BT15>0,BF15,0) -> 0 | BT15: =IF(BF15>=26,1,0) -> 0 | BV15: =IF(AND(BU15>0,BU15<=1),50000,IF(AND(BU15>1,BU15<=3),40000,IF(AND(BU15>3,BU15<=5),20000,IF(AND(BU15>5,BU15<=9),0,IF(AND(BU15>9,BU15<=11),-20000,IF(AND(BU15>11,BU15<=13),-40000,IF(BU15>13,-50000,0))))))) -> 0 | BX15: =IF(AND(BW15>0,BW15<=1),1.15,IF(AND(BW15>1,BW15<=3),1.1,IF(AND(BW15>3,BW15<=5),1.05,IF(AND(BW15>5,BW15<=9),1,IF(AND(BW15>9,BW15<=11),-0.05,IF(AND(BW15>11,BW15<=13),-0.1,IF(BW15>13,-0.15,0))))))) -> 0 | BY15: =#N/A -> #N/A | BZ15: =#N/A -> #N/A | CA15: =#N/A -> #N/A | CB15: =#N/A -> #N/A | CC15: =SUM(BY15:CB15) -> #N/A | CD15: =CC15-BB15 -> #N/A | CE15: =IF(CF15>0,BF15,0) -> 0 | CF15: =IF(BF15>=26,1,0) -> 0 | CH15: Tổ 6 | CI15: =IF(CK6>=98,60000,IF(CK6>95,40000,0)) -> #REF! | CJ15: =SUM(CI15:CI16) -> #REF! | CL15: =#N/A -> #N/A | CM15: =#N/A -> #N/A | CN15: =#N/A -> #N/A | CO15: =#N/A -> #N/A | CP15: =SUM(CL15:CO15) -> #N/A | CQ15: =CP15-BC15 -> #N/A | CW15: =BU15 -> 0 | CX15: =BW15 -> 0 | CY15: =IF(COUNT(CW15:CX15)=2,ROUND((CW15+CX15)/2,2),CW15) -> 0
A16: 10 | B16: 1 | C16: 10 | G16: x | H16: x | I16: x | K16: 0 | L16: x | M16: x | N16: x | O16: x | P16: x | Q16: x | R16: x | S16: x | T16: x | U16: x | V16: 0 | W16: x | X16: x | Y16: x | Z16: x | AA16: x | AB16: x | AC16: x | AD16: x | AE16: x | AF16: x | AG16: x | AH16: 0 | AI16: x | AJ16: x | AK16: x | AP16: x | BB16: =COUNTIF(G16:U16,"X") -> 13 | BC16: =COUNTIF(V16:AK16,"X") -> 14 | BD16: =COUNTIF(AL16:BA16,"X") -> 1 | BE16: =COUNTIF(AU16:BA16,"x") -> 0 | BF16: =BB16+BC16 -> 27 | BK16: =IF(BO16>=26,1,0) -> 1 | BL16: =(BB16+BC16) -> 27 | BO16: =IF(BT16>0,BF16,0) -> 27 | BT16: =IF(BF16>=26,1,0) -> 1 | BV16: =IF(AND(BU16>0,BU16<=1),50000,IF(AND(BU16>1,BU16<=3),40000,IF(AND(BU16>3,BU16<=5),20000,IF(AND(BU16>5,BU16<=9),0,IF(AND(BU16>9,BU16<=11),-20000,IF(AND(BU16>11,BU16<=13),-40000,IF(BU16>13,-50000,0))))))) -> 0 | BX16: =IF(AND(BW16>0,BW16<=1),1.15,IF(AND(BW16>1,BW16<=3),1.1,IF(AND(BW16>3,BW16<=5),1.05,IF(AND(BW16>5,BW16<=9),1,IF(AND(BW16>9,BW16<=11),-0.05,IF(AND(BW16>11,BW16<=13),-0.1,IF(BW16>13,-0.15,0))))))) -> 0 | BY16: =#N/A -> #N/A | BZ16: =#N/A -> #N/A | CA16: =#N/A -> #N/A | CB16: =#N/A -> #N/A | CC16: =SUM(BY16:CB16) -> #N/A | CD16: =CC16-BB16 -> #N/A | CE16: =IF(CF16>0,BF16,0) -> 27 | CF16: =IF(BF16>=26,1,0) -> 1 | CH16: Tổ 7 | CI16: =IF(CK7>=98,60000,IF(CK7>95,40000,0)) -> #REF! | CL16: =#N/A -> #N/A | CM16: =#N/A -> #N/A | CN16: =#N/A -> #N/A | CO16: =#N/A -> #N/A | CP16: =SUM(CL16:CO16) -> #N/A | CQ16: =CP16-BC16 -> #N/A | CW16: =BU16 -> 0 | CX16: =BW16 -> 0 | CY16: =IF(COUNT(CW16:CX16)=2,ROUND((CW16+CX16)/2,2),CW16) -> 0
A17: 11 | B17: 1 | C17: 11 | G17: x | H17: x | I17: 0 | K17: 0 | L17: x | M17: x | N17: x | O17: x | P17: x | Q17: x | R17: x | S17: x | T17: x | U17: x | V17: x | W17: x | X17: x | Y17: x | Z17: x | AA17: x | AB17: x | AC17: 0 | AD17: x | AE17: x | AF17: x | AG17: x | AH17: x | AI17: x | AJ17: x | AK17: x | AP17: x | BB17: =COUNTIF(G17:U17,"X") -> 12 | BC17: =COUNTIF(V17:AK17,"X") -> 15 | BD17: =COUNTIF(AL17:BA17,"X") -> 1 | BE17: =COUNTIF(AU17:BA17,"x") -> 0 | BF17: =BB17+BC17 -> 27 | BK17: =IF(BO17>=26,1,0) -> 1 | BL17: =(BB17+BC17) -> 27 | BO17: =IF(BT17>0,BF17,0) -> 27 | BT17: =IF(BF17>=26,1,0) -> 1 | BV17: =IF(AND(BU17>0,BU17<=1),50000,IF(AND(BU17>1,BU17<=3),40000,IF(AND(BU17>3,BU17<=5),20000,IF(AND(BU17>5,BU17<=9),0,IF(AND(BU17>9,BU17<=11),-20000,IF(AND(BU17>11,BU17<=13),-40000,IF(BU17>13,-50000,0))))))) -> 0 | BX17: =IF(AND(BW17>0,BW17<=1),1.15,IF(AND(BW17>1,BW17<=3),1.1,IF(AND(BW17>3,BW17<=5),1.05,IF(AND(BW17>5,BW17<=9),1,IF(AND(BW17>9,BW17<=11),-0.05,IF(AND(BW17>11,BW17<=13),-0.1,IF(BW17>13,-0.15,0))))))) -> 0 | BY17: =#N/A -> #N/A | BZ17: =#N/A -> #N/A | CA17: =#N/A -> #N/A | CB17: =#N/A -> #N/A | CC17: =SUM(BY17:CB17) -> #N/A | CD17: =CC17-BB17 -> #N/A | CE17: =IF(CF17>0,BF17,0) -> 27 | CF17: =IF(BF17>=26,1,0) -> 1 | CH17: Tổ 8 | CI17: =IF(CK8>=98,60000,IF(CK8>95,40000,0)) -> 60000 | CJ17: =SUM(CI13:CI14,CI17) -> #REF! | CL17: =#N/A -> #N/A | CM17: =#N/A -> #N/A | CN17: =#N/A -> #N/A | CO17: =#N/A -> #N/A | CP17: =SUM(CL17:CO17) -> #N/A | CQ17: =CP17-BC17 -> #N/A | CW17: =BU17 -> 0 | CX17: =BW17 -> 0 | CY17: =IF(COUNT(CW17:CX17)=2,ROUND((CW17+CX17)/2,2),CW17) -> 0
A18: 12 | B18: 1 | C18: 12 | G18: x | H18: x | I18: x | K18: x | L18: x | M18: 0 | N18: x | O18: 0 | P18: x | Q18: x | R18: x | S18: x | T18: x | U18: x | V18: x | W18: x | X18: x | Y18: x | Z18: x | AA18: x | AB18: 0 | AC18: x | AD18: x | AE18: x | AF18: x | AG18: 0 | AH18: x | AI18: x | AJ18: 0 | AK18: x | AP18: x | BB18: =COUNTIF(G18:U18,"X") -> 12 | BC18: =COUNTIF(V18:AK18,"X") -> 13 | BD18: =COUNTIF(AL18:BA18,"X") -> 1 | BE18: =COUNTIF(AU18:BA18,"x") -> 0 | BF18: =BB18+BC18 -> 25 | BK18: =IF(BO18>=26,1,0) -> 0 | BL18: =(BB18+BC18) -> 25 | BO18: =IF(BT18>0,BF18,0) -> 0 | BT18: =IF(BF18>=26,1,0) -> 0 | BV18: =IF(AND(BU18>0,BU18<=1),50000,IF(AND(BU18>1,BU18<=3),40000,IF(AND(BU18>3,BU18<=5),20000,IF(AND(BU18>5,BU18<=9),0,IF(AND(BU18>9,BU18<=11),-20000,IF(AND(BU18>11,BU18<=13),-40000,IF(BU18>13,-50000,0))))))) -> 0 | BX18: =IF(AND(BW18>0,BW18<=1),1.15,IF(AND(BW18>1,BW18<=3),1.1,IF(AND(BW18>3,BW18<=5),1.05,IF(AND(BW18>5,BW18<=9),1,IF(AND(BW18>9,BW18<=11),-0.05,IF(AND(BW18>11,BW18<=13),-0.1,IF(BW18>13,-0.15,0))))))) -> 0 | BY18: =#N/A -> #N/A | BZ18: =#N/A -> #N/A | CA18: =#N/A -> #N/A | CB18: =#N/A -> #N/A | CC18: =SUM(BY18:CB18) -> #N/A | CD18: =CC18-BB18 -> #N/A | CE18: =IF(CF18>0,BF18,0) -> 0 | CF18: =IF(BF18>=26,1,0) -> 0 | CG18: 42 | CH18: Tổ 9 | CI18: =IF(CK18>=98,60000,IF(CK18>95,40000,0)) -> #REF! | CJ18: =#REF! -> #REF! | CK18: =ROUND((SUM(CJ18)/CG18/$CF$1)*100,1) -> #REF! | CL18: =#N/A -> #N/A | CM18: =#N/A -> #N/A | CN18: =#N/A -> #N/A | CO18: =#N/A -> #N/A | CP18: =SUM(CL18:CO18) -> #N/A | CQ18: =CP18-BC18 -> #N/A | CW18: =BU18 -> 0 | CX18: =BW18 -> 0 | CY18: =IF(COUNT(CW18:CX18)=2,ROUND((CW18+CX18)/2,2),CW18) -> 0
A19: 13 | B19: 1 | C19: 13 | G19: 0 | H19: x | I19: x | K19: 0 | L19: x | M19: 0 | N19: x | O19: x | P19: x | Q19: x | R19: x | S19: x | T19: x | U19: x | V19: x | W19: x | X19: x | Y19: x | Z19: x | AA19: x | AB19: x | AC19: x | AD19: x | AE19: x | AF19: 0 | AG19: x | AH19: x | AI19: x | AJ19: x | AK19: x | AP19: x | BB19: =COUNTIF(G19:U19,"X") -> 11 | BC19: =COUNTIF(V19:AK19,"X") -> 15 | BD19: =COUNTIF(AL19:BA19,"X") -> 1 | BE19: =COUNTIF(AU19:BA19,"x") -> 0 | BF19: =BB19+BC19 -> 26 | BK19: =IF(BO19>=26,1,0) -> 1 | BL19: =(BB19+BC19) -> 26 | BO19: =IF(BT19>0,BF19,0) -> 26 | BT19: =IF(BF19>=26,1,0) -> 1 | BV19: =IF(AND(BU19>0,BU19<=1),50000,IF(AND(BU19>1,BU19<=3),40000,IF(AND(BU19>3,BU19<=5),20000,IF(AND(BU19>5,BU19<=9),0,IF(AND(BU19>9,BU19<=11),-20000,IF(AND(BU19>11,BU19<=13),-40000,IF(BU19>13,-50000,0))))))) -> 0 | BX19: =IF(AND(BW19>0,BW19<=1),1.15,IF(AND(BW19>1,BW19<=3),1.1,IF(AND(BW19>3,BW19<=5),1.05,IF(AND(BW19>5,BW19<=9),1,IF(AND(BW19>9,BW19<=11),-0.05,IF(AND(BW19>11,BW19<=13),-0.1,IF(BW19>13,-0.15,0))))))) -> 0 | BY19: =#N/A -> #N/A | BZ19: =#N/A -> #N/A | CA19: =#N/A -> #N/A | CB19: =#N/A -> #N/A | CC19: =SUM(BY19:CB19) -> #N/A | CD19: =CC19-BB19 -> #N/A | CE19: =IF(CF19>0,BF19,0) -> 26 | CF19: =IF(BF19>=26,1,0) -> 1 | CG19: 42 | CH19: Tổ 10 | CI19: =IF(CK19>=98,60000,IF(CK19>95,40000,0)) -> 60000 | CJ19: =BF399 -> 2394 | CK19: =ROUND((SUM(CJ19)/CG19/$CF$1)*100,1) -> 183.9 | CL19: =#N/A -> #N/A | CM19: =#N/A -> #N/A | CN19: =#N/A -> #N/A | CO19: =#N/A -> #N/A | CP19: =SUM(CL19:CO19) -> #N/A | CQ19: =CP19-BC19 -> #N/A | CW19: =BU19 -> 0 | CX19: =BW19 -> 0 | CY19: =IF(COUNT(CW19:CX19)=2,ROUND((CW19+CX19)/2,2),CW19) -> 0
A20: 14 | B20: 1 | C20: 14 | G20: 0 | H20: 0 | I20: x | K20: 0 | L20: 0 | M20: x | N20: x | O20: x | P20: x | Q20: x | R20: x | S20: x | T20: x | U20: x | V20: x | W20: x | X20: x | Y20: x | Z20: x | AA20: x | AB20: x | AC20: x | AD20: x | AE20: x | AF20: x | AG20: 0 | AH20: x | AI20: x | AJ20: x | AK20: x | AP20: x | BB20: =COUNTIF(G20:U20,"X") -> 10 | BC20: =COUNTIF(V20:AK20,"X") -> 15 | BD20: =COUNTIF(AL20:BA20,"X") -> 1 | BE20: =COUNTIF(AU20:BA20,"x") -> 0 | BF20: =BB20+BC20 -> 25 | BK20: =IF(BO20>=26,1,0) -> 0 | BL20: =(BB20+BC20) -> 25 | BO20: =IF(BT20>0,BF20,0) -> 0 | BT20: =IF(BF20>=26,1,0) -> 0 | BV20: =IF(AND(BU20>0,BU20<=1),50000,IF(AND(BU20>1,BU20<=3),40000,IF(AND(BU20>3,BU20<=5),20000,IF(AND(BU20>5,BU20<=9),0,IF(AND(BU20>9,BU20<=11),-20000,IF(AND(BU20>11,BU20<=13),-40000,IF(BU20>13,-50000,0))))))) -> 0 | BX20: =IF(AND(BW20>0,BW20<=1),1.15,IF(AND(BW20>1,BW20<=3),1.1,IF(AND(BW20>3,BW20<=5),1.05,IF(AND(BW20>5,BW20<=9),1,IF(AND(BW20>9,BW20<=11),-0.05,IF(AND(BW20>11,BW20<=13),-0.1,IF(BW20>13,-0.15,0))))))) -> 0 | BY20: =#N/A -> #N/A | BZ20: =#N/A -> #N/A | CA20: =#N/A -> #N/A | CB20: =#N/A -> #N/A | CC20: =SUM(BY20:CB20) -> #N/A | CD20: =CC20-BB20 -> #N/A | CE20: =IF(CF20>0,BF20,0) -> 0 | CF20: =IF(BF20>=26,1,0) -> 0 | CG20: 45 | CH20: Tổ 11 | CI20: =IF(CK20>=98,60000,IF(CK20>95,40000,0)) -> 60000 | CJ20: =BF497 -> 2669 | CK20: =ROUND((SUM(CJ20)/CG20/$CF$1)*100,1) -> 191.3 | CL20: =#N/A -> #N/A | CM20: =#N/A -> #N/A | CN20: =#N/A -> #N/A | CO20: =#N/A -> #N/A | CP20: =SUM(CL20:CO20) -> #N/A | CQ20: =CP20-BC20 -> #N/A | CW20: =BU20 -> 0 | CX20: =BW20 -> 0 | CY20: =IF(COUNT(CW20:CX20)=2,ROUND((CW20+CX20)/2,2),CW20) -> 0
A21: 15 | B21: 1 | C21: 15 | G21: 0 | H21: 0 | I21: x | K21: x | L21: x | M21: x | N21: x | O21: x | P21: x | Q21: x | R21: x | S21: x | T21: x | U21: x | V21: x | W21: x | X21: x | Y21: x | Z21: x | AA21: x | AB21: x | AC21: x | AD21: x | AE21: x | AF21: x | AG21: 0 | AH21: x | AI21: x | AJ21: x | AK21: x | AP21: x | BB21: =COUNTIF(G21:U21,"X") -> 12 | BC21: =COUNTIF(V21:AK21,"X") -> 15 | BD21: =COUNTIF(AL21:BA21,"X") -> 1 | BE21: =COUNTIF(AU21:BA21,"x") -> 0 | BF21: =BB21+BC21 -> 27 | BK21: =IF(BO21>=26,1,0) -> 1 | BL21: =(BB21+BC21) -> 27 | BO21: =IF(BT21>0,BF21,0) -> 27 | BT21: =IF(BF21>=26,1,0) -> 1 | BV21: =IF(AND(BU21>0,BU21<=1),50000,IF(AND(BU21>1,BU21<=3),40000,IF(AND(BU21>3,BU21<=5),20000,IF(AND(BU21>5,BU21<=9),0,IF(AND(BU21>9,BU21<=11),-20000,IF(AND(BU21>11,BU21<=13),-40000,IF(BU21>13,-50000,0))))))) -> 0 | BX21: =IF(AND(BW21>0,BW21<=1),1.15,IF(AND(BW21>1,BW21<=3),1.1,IF(AND(BW21>3,BW21<=5),1.05,IF(AND(BW21>5,BW21<=9),1,IF(AND(BW21>9,BW21<=11),-0.05,IF(AND(BW21>11,BW21<=13),-0.1,IF(BW21>13,-0.15,0))))))) -> 0 | BY21: =#N/A -> #N/A | BZ21: =#N/A -> #N/A | CA21: =#N/A -> #N/A | CB21: =#N/A -> #N/A | CC21: =SUM(BY21:CB21) -> #N/A | CD21: =CC21-BB21 -> #N/A | CE21: =IF(CF21>0,BF21,0) -> 27 | CF21: =IF(BF21>=26,1,0) -> 1 | CH21: t 1.2.3 | CI21: 420 | CL21: =#N/A -> #N/A | CM21: =#N/A -> #N/A | CN21: =#N/A -> #N/A | CO21: =#N/A -> #N/A | CP21: =SUM(CL21:CO21) -> #N/A | CQ21: =CP21-BC21 -> #N/A | CW21: =BU21 -> 0 | CX21: =BW21 -> 0 | CY21: =IF(COUNT(CW21:CX21)=2,ROUND((CW21+CX21)/2,2),CW21) -> 0
A22: 16 | B22: 1 | C22: 16 | G22: 0 | H22: 0 | I22: x | K22: x | L22: x | M22: x | N22: x | O22: x | P22: x | Q22: x | R22: x | S22: x | T22: x | U22: x | V22: x | W22: x | X22: x | Y22: x | Z22: x | AA22: x | AB22: x | AC22: x | AD22: x | AE22: x | AF22: x | AG22: x | AH22: x | AI22: x | AJ22: x | AK22: x | AP22: 0 | AS22: x | BB22: =COUNTIF(G22:U22,"X") -> 12 | BC22: =COUNTIF(V22:AK22,"X") -> 16 | BD22: =COUNTIF(AL22:BA22,"X") -> 1 | BE22: =COUNTIF(AU22:BA22,"x") -> 0 | BF22: =BB22+BC22 -> 28 | BK22: =IF(BO22>=26,1,0) -> 1 | BL22: =(BB22+BC22) -> 28 | BO22: =IF(BT22>0,BF22,0) -> 28 | BT22: =IF(BF22>=26,1,0) -> 1 | BV22: =IF(AND(BU22>0,BU22<=1),50000,IF(AND(BU22>1,BU22<=3),40000,IF(AND(BU22>3,BU22<=5),20000,IF(AND(BU22>5,BU22<=9),0,IF(AND(BU22>9,BU22<=11),-20000,IF(AND(BU22>11,BU22<=13),-40000,IF(BU22>13,-50000,0))))))) -> 0 | BX22: =IF(AND(BW22>0,BW22<=1),1.15,IF(AND(BW22>1,BW22<=3),1.1,IF(AND(BW22>3,BW22<=5),1.05,IF(AND(BW22>5,BW22<=9),1,IF(AND(BW22>9,BW22<=11),-0.05,IF(AND(BW22>11,BW22<=13),-0.1,IF(BW22>13,-0.15,0))))))) -> 0 | BY22: =#N/A -> #N/A | BZ22: =#N/A -> #N/A | CA22: =#N/A -> #N/A | CB22: =#N/A -> #N/A | CC22: =SUM(BY22:CB22) -> #N/A | CD22: =CC22-BB22 -> #N/A | CE22: =IF(CF22>0,BF22,0) -> 28 | CF22: =IF(BF22>=26,1,0) -> 1 | CH22: T 4.5.8 | CI22: 440 | CL22: =#N/A -> #N/A | CM22: =#N/A -> #N/A | CN22: =#N/A -> #N/A | CO22: =#N/A -> #N/A | CP22: =SUM(CL22:CO22) -> #N/A | CQ22: =CP22-BC22 -> #N/A | CW22: =BU22 -> 0 | CX22: =BW22 -> 0 | CY22: =IF(COUNT(CW22:CX22)=2,ROUND((CW22+CX22)/2,2),CW22) -> 0
A23: 17 | B23: 1 | C23: 17 | G23: 0 | H23: x | I23: x | K23: x | L23: x | M23: 0 | N23: x | O23: x | P23: x | Q23: x | R23: x | S23: x | T23: x | U23: 0 | V23: x | W23: x | X23: x | Y23: x | Z23: x | AA23: x | AB23: x | AC23: x | AD23: x | AE23: x | AF23: x | AG23: x | AH23: x | AI23: 0 | AJ23: x | AK23: x | AP23: x | BB23: =COUNTIF(G23:U23,"X") -> 11 | BC23: =COUNTIF(V23:AK23,"X") -> 15 | BD23: =COUNTIF(AL23:BA23,"X") -> 1 | BE23: =COUNTIF(AU23:BA23,"x") -> 0 | BF23: =BB23+BC23 -> 26 | BK23: =IF(BO23>=26,1,0) -> 1 | BL23: =(BB23+BC23) -> 26 | BO23: =IF(BT23>0,BF23,0) -> 26 | BT23: =IF(BF23>=26,1,0) -> 1 | BV23: =IF(AND(BU23>0,BU23<=1),50000,IF(AND(BU23>1,BU23<=3),40000,IF(AND(BU23>3,BU23<=5),20000,IF(AND(BU23>5,BU23<=9),0,IF(AND(BU23>9,BU23<=11),-20000,IF(AND(BU23>11,BU23<=13),-40000,IF(BU23>13,-50000,0))))))) -> 0 | BX23: =IF(AND(BW23>0,BW23<=1),1.15,IF(AND(BW23>1,BW23<=3),1.1,IF(AND(BW23>3,BW23<=5),1.05,IF(AND(BW23>5,BW23<=9),1,IF(AND(BW23>9,BW23<=11),-0.05,IF(AND(BW23>11,BW23<=13),-0.1,IF(BW23>13,-0.15,0))))))) -> 0 | BY23: =#N/A -> #N/A | BZ23: =#N/A -> #N/A | CA23: =#N/A -> #N/A | CB23: =#N/A -> #N/A | CC23: =SUM(BY23:CB23) -> #N/A | CD23: =CC23-BB23 -> #N/A | CE23: =IF(CF23>0,BF23,0) -> 26 | CF23: =IF(BF23>=26,1,0) -> 1 | CH23: T 6.7 | CI23: 505 | CL23: =#N/A -> #N/A | CM23: =#N/A -> #N/A | CN23: =#N/A -> #N/A | CO23: =#N/A -> #N/A | CP23: =SUM(CL23:CO23) -> #N/A | CQ23: =CP23-BC23 -> #N/A | CW23: =BU23 -> 0 | CX23: =BW23 -> 0 | CY23: =IF(COUNT(CW23:CX23)=2,ROUND((CW23+CX23)/2,2),CW23) -> 0
A24: 18 | B24: 1 | C24: 18 | G24: 0 | H24: x | I24: x | K24: 0 | L24: x | M24: x | N24: 0 | O24: x | P24: x | Q24: x | R24: x | S24: x | T24: x | U24: x | V24: 0 | W24: x | X24: x | Y24: x | Z24: x | AA24: x | AB24: x | AC24: x | AD24: x | AE24: x | AF24: x | AG24: x | AH24: x | AI24: 0 | AJ24: x | AK24: 0 | AP24: x | BB24: =COUNTIF(G24:U24,"X") -> 11 | BC24: =COUNTIF(V24:AK24,"X") -> 13 | BD24: =COUNTIF(AL24:BA24,"X") -> 1 | BE24: =COUNTIF(AU24:BA24,"x") -> 0 | BF24: =BB24+BC24 -> 24 | BK24: =IF(BO24>=26,1,0) -> 0 | BL24: =(BB24+BC24) -> 24 | BO24: =IF(BT24>0,BF24,0) -> 0 | BT24: =IF(BF24>=26,1,0) -> 0 | BV24: =IF(AND(BU24>0,BU24<=1),50000,IF(AND(BU24>1,BU24<=3),40000,IF(AND(BU24>3,BU24<=5),20000,IF(AND(BU24>5,BU24<=9),0,IF(AND(BU24>9,BU24<=11),-20000,IF(AND(BU24>11,BU24<=13),-40000,IF(BU24>13,-50000,0))))))) -> 0 | BX24: =IF(AND(BW24>0,BW24<=1),1.15,IF(AND(BW24>1,BW24<=3),1.1,IF(AND(BW24>3,BW24<=5),1.05,IF(AND(BW24>5,BW24<=9),1,IF(AND(BW24>9,BW24<=11),-0.05,IF(AND(BW24>11,BW24<=13),-0.1,IF(BW24>13,-0.15,0))))))) -> 0 | BY24: =#N/A -> #N/A | BZ24: =#N/A -> #N/A | CA24: =#N/A -> #N/A | CB24: =#N/A -> #N/A | CC24: =SUM(BY24:CB24) -> #N/A | CD24: =CC24-BB24 -> #N/A | CE24: =IF(CF24>0,BF24,0) -> 0 | CF24: =IF(BF24>=26,1,0) -> 0 | CH24: T 9.10 | CI24: 570 | CL24: =#N/A -> #N/A | CM24: =#N/A -> #N/A | CN24: =#N/A -> #N/A | CO24: =#N/A -> #N/A | CP24: =SUM(CL24:CO24) -> #N/A | CQ24: =CP24-BC24 -> #N/A | CW24: =BU24 -> 0 | CX24: =BW24 -> 0 | CY24: =IF(COUNT(CW24:CX24)=2,ROUND((CW24+CX24)/2,2),CW24) -> 0
A25: 19 | B25: 1 | C25: 19 | G25: 0 | H25: 0 | I25: x | K25: x | L25: x | M25: x | N25: x | O25: x | P25: x | Q25: x | R25: x | S25: x | T25: x | U25: x | V25: x | W25: x | X25: x | Y25: x | Z25: x | AA25: x | AB25: x | AC25: x | AD25: x | AE25: x | AF25: x | AG25: 0 | AH25: x | AI25: x | AJ25: x | AK25: x | AP25: x | BB25: =COUNTIF(G25:U25,"X") -> 12 | BC25: =COUNTIF(V25:AK25,"X") -> 15 | BD25: =COUNTIF(AL25:BA25,"X") -> 1 | BE25: =COUNTIF(AU25:BA25,"x") -> 0 | BF25: =BB25+BC25 -> 27 | BK25: =IF(BO25>=26,1,0) -> 1 | BL25: =(BB25+BC25) -> 27 | BO25: =IF(BT25>0,BF25,0) -> 27 | BT25: =IF(BF25>=26,1,0) -> 1 | BV25: =IF(AND(BU25>0,BU25<=1),50000,IF(AND(BU25>1,BU25<=3),40000,IF(AND(BU25>3,BU25<=5),20000,IF(AND(BU25>5,BU25<=9),0,IF(AND(BU25>9,BU25<=11),-20000,IF(AND(BU25>11,BU25<=13),-40000,IF(BU25>13,-50000,0))))))) -> 0 | BX25: =IF(AND(BW25>0,BW25<=1),1.15,IF(AND(BW25>1,BW25<=3),1.1,IF(AND(BW25>3,BW25<=5),1.05,IF(AND(BW25>5,BW25<=9),1,IF(AND(BW25>9,BW25<=11),-0.05,IF(AND(BW25>11,BW25<=13),-0.1,IF(BW25>13,-0.15,0))))))) -> 0 | BY25: =#N/A -> #N/A | BZ25: =#N/A -> #N/A | CA25: =#N/A -> #N/A | CB25: =#N/A -> #N/A | CC25: =SUM(BY25:CB25) -> #N/A | CD25: =CC25-BB25 -> #N/A | CE25: =IF(CF25>0,BF25,0) -> 27 | CF25: =IF(BF25>=26,1,0) -> 1 | CH25: MỚI | CI25: 600 | CL25: =#N/A -> #N/A | CM25: =#N/A -> #N/A | CN25: =#N/A -> #N/A | CO25: =#N/A -> #N/A | CP25: =SUM(CL25:CO25) -> #N/A | CQ25: =CP25-BC25 -> #N/A | CW25: =BU25 -> 0 | CX25: =BW25 -> 0 | CY25: =IF(COUNT(CW25:CX25)=2,ROUND((CW25+CX25)/2,2),CW25) -> 0
A26: 20 | B26: 1 | C26: 20 | G26: x | H26: x | I26: x | J26: x | K26: 0 | L26: x | M26: x | N26: x | O26: x | P26: x | Q26: x | R26: x | S26: 0 | T26: x | U26: x | V26: x | W26: x | X26: x | Y26: x | Z26: x | AA26: 0 | AB26: 0 | AC26: x | AD26: x | AE26: x | AF26: 0 | AG26: x | AH26: x | AI26: x | AJ26: x | AK26: x | AP26: x | BB26: =COUNTIF(G26:U26,"X") -> 13 | BC26: =COUNTIF(V26:AK26,"X") -> 13 | BD26: =COUNTIF(AL26:BA26,"X") -> 1 | BE26: =COUNTIF(AU26:BA26,"x") -> 0 | BF26: =BB26+BC26 -> 26 | BK26: =IF(BO26>=26,1,0) -> 1 | BL26: =(BB26+BC26) -> 26 | BO26: =IF(BT26>0,BF26,0) -> 26 | BT26: =IF(BF26>=26,1,0) -> 1 | BV26: =IF(AND(BU26>0,BU26<=1),50000,IF(AND(BU26>1,BU26<=3),40000,IF(AND(BU26>3,BU26<=5),20000,IF(AND(BU26>5,BU26<=9),0,IF(AND(BU26>9,BU26<=11),-20000,IF(AND(BU26>11,BU26<=13),-40000,IF(BU26>13,-50000,0))))))) -> 0 | BX26: =IF(AND(BW26>0,BW26<=1),1.15,IF(AND(BW26>1,BW26<=3),1.1,IF(AND(BW26>3,BW26<=5),1.05,IF(AND(BW26>5,BW26<=9),1,IF(AND(BW26>9,BW26<=11),-0.05,IF(AND(BW26>11,BW26<=13),-0.1,IF(BW26>13,-0.15,0))))))) -> 0 | BY26: =#N/A -> #N/A | BZ26: =#N/A -> #N/A | CA26: =#N/A -> #N/A | CB26: =#N/A -> #N/A | CC26: =SUM(BY26:CB26) -> #N/A | CD26: =CC26-BB26 -> #N/A | CE26: =IF(CF26>0,BF26,0) -> 26 | CF26: =IF(BF26>=26,1,0) -> 1 | CL26: =#N/A -> #N/A | CM26: =#N/A -> #N/A | CN26: =#N/A -> #N/A | CO26: =#N/A -> #N/A | CP26: =SUM(CL26:CO26) -> #N/A | CQ26: =CP26-BC26 -> #N/A | CW26: =BU26 -> 0 | CX26: =BW26 -> 0 | CY26: =IF(COUNT(CW26:CX26)=2,ROUND((CW26+CX26)/2,2),CW26) -> 0
A27: 21 | B27: 1 | C27: 21 | G27: x | H27: 0 | I27: x | K27: x | L27: x | M27: x | N27: x | O27: x | P27: x | Q27: x | R27: x | S27: x | T27: x | U27: x | V27: x | W27: x | X27: x | Y27: x | Z27: x | AA27: x | AB27: 0 | AC27: x | AD27: x | AE27: x | AF27: x | AG27: x | AH27: x | AI27: x | AJ27: x | AK27: x | AP27: x | BB27: =COUNTIF(G27:U27,"X") -> 13 | BC27: =COUNTIF(V27:AK27,"X") -> 15 | BD27: =COUNTIF(AL27:BA27,"X") -> 1 | BE27: =COUNTIF(AU27:BA27,"x") -> 0 | BF27: =BB27+BC27 -> 28 | BK27: =IF(BO27>=26,1,0) -> 1 | BL27: =(BB27+BC27) -> 28 | BO27: =IF(BT27>0,BF27,0) -> 28 | BT27: =IF(BF27>=26,1,0) -> 1 | BV27: =IF(AND(BU27>0,BU27<=1),50000,IF(AND(BU27>1,BU27<=3),40000,IF(AND(BU27>3,BU27<=5),20000,IF(AND(BU27>5,BU27<=9),0,IF(AND(BU27>9,BU27<=11),-20000,IF(AND(BU27>11,BU27<=13),-40000,IF(BU27>13,-50000,0))))))) -> 0 | BX27: =IF(AND(BW27>0,BW27<=1),1.15,IF(AND(BW27>1,BW27<=3),1.1,IF(AND(BW27>3,BW27<=5),1.05,IF(AND(BW27>5,BW27<=9),1,IF(AND(BW27>9,BW27<=11),-0.05,IF(AND(BW27>11,BW27<=13),-0.1,IF(BW27>13,-0.15,0))))))) -> 0 | BY27: =#N/A -> #N/A | BZ27: =#N/A -> #N/A | CA27: =#N/A -> #N/A | CB27: =#N/A -> #N/A | CC27: =SUM(BY27:CB27) -> #N/A | CD27: =CC27-BB27 -> #N/A | CE27: =IF(CF27>0,BF27,0) -> 28 | CF27: =IF(BF27>=26,1,0) -> 1 | CL27: =#N/A -> #N/A | CM27: =#N/A -> #N/A | CN27: =#N/A -> #N/A | CO27: =#N/A -> #N/A | CP27: =SUM(CL27:CO27) -> #N/A | CQ27: =CP27-BC27 -> #N/A | CW27: =BU27 -> 0 | CX27: =BW27 -> 0 | CY27: =IF(COUNT(CW27:CX27)=2,ROUND((CW27+CX27)/2,2),CW27) -> 0
A28: 22 | B28: 1 | C28: 22 | G28: 0 | H28: x | I28: x | K28: x | L28: 0 | M28: x | N28: x | O28: 0 | P28: 0 | Q28: 0 | R28: 0 | S28: 0 | T28: 0 | U28: 0 | V28: 0 | W28: 0 | X28: 0 | Y28: 0 | Z28: 0 | AA28: 0 | AB28: 0 | AC28: 0 | AD28: 0 | AE28: 0 | AF28: 0 | AG28: 0 | AH28: 0 | AI28: 0 | AJ28: 0 | AK28: 0 | AP28: x | BB28: =COUNTIF(G28:U28,"X") -> 5 | BC28: =COUNTIF(V28:AK28,"X") -> 0 | BD28: =COUNTIF(AL28:BA28,"X") -> 1 | BE28: =COUNTIF(AU28:BA28,"x") -> 0 | BF28: =BB28+BC28 -> 5 | BK28: =IF(BO28>=26,1,0) -> 0 | BL28: =(BB28+BC28) -> 5 | BO28: =IF(BT28>0,BF28,0) -> 0 | BT28: =IF(BF28>=26,1,0) -> 0 | BV28: =IF(AND(BU28>0,BU28<=1),50000,IF(AND(BU28>1,BU28<=3),40000,IF(AND(BU28>3,BU28<=5),20000,IF(AND(BU28>5,BU28<=9),0,IF(AND(BU28>9,BU28<=11),-20000,IF(AND(BU28>11,BU28<=13),-40000,IF(BU28>13,-50000,0))))))) -> 0 | BX28: =IF(AND(BW28>0,BW28<=1),1.15,IF(AND(BW28>1,BW28<=3),1.1,IF(AND(BW28>3,BW28<=5),1.05,IF(AND(BW28>5,BW28<=9),1,IF(AND(BW28>9,BW28<=11),-0.05,IF(AND(BW28>11,BW28<=13),-0.1,IF(BW28>13,-0.15,0))))))) -> 0 | BY28: =#N/A -> #N/A | BZ28: =#N/A -> #N/A | CA28: =#N/A -> #N/A | CB28: =#N/A -> #N/A | CC28: =SUM(BY28:CB28) -> #N/A | CD28: =CC28-BB28 -> #N/A | CE28: =IF(CF28>0,BF28,0) -> 0 | CF28: =IF(BF28>=26,1,0) -> 0 | CL28: =#N/A -> #N/A | CM28: =#N/A -> #N/A | CN28: =#N/A -> #N/A | CO28: =#N/A -> #N/A | CP28: =SUM(CL28:CO28) -> #N/A | CQ28: =CP28-BC28 -> #N/A | CW28: =BU28 -> 0 | CX28: =BW28 -> 0 | CY28: =IF(COUNT(CW28:CX28)=2,ROUND((CW28+CX28)/2,2),CW28) -> 0
A29: 23 | B29: 1 | C29: 23 | G29: 0 | H29: x | I29: x | K29: x | L29: x | M29: x | N29: x | O29: x | P29: x | Q29: x | R29: x | S29: x | T29: x | U29: x | V29: x | W29: x | X29: x | Y29: x | Z29: x | AA29: x | AB29: x | AC29: x | AD29: x | AE29: x | AF29: x | AG29: x | AH29: x | AI29: x | AJ29: x | AK29: x | AP29: x | BB29: =COUNTIF(G29:U29,"X") -> 13 | BC29: =COUNTIF(V29:AK29,"X") -> 16 | BD29: =COUNTIF(AL29:BA29,"X") -> 1 | BE29: =COUNTIF(AU29:BA29,"x") -> 0 | BF29: =BB29+BC29 -> 29 | BK29: =IF(BO29>=26,1,0) -> 1 | BL29: =(BB29+BC29) -> 29 | BO29: =IF(BT29>0,BF29,0) -> 29 | BT29: =IF(BF29>=26,1,0) -> 1 | BV29: =IF(AND(BU29>0,BU29<=1),50000,IF(AND(BU29>1,BU29<=3),40000,IF(AND(BU29>3,BU29<=5),20000,IF(AND(BU29>5,BU29<=9),0,IF(AND(BU29>9,BU29<=11),-20000,IF(AND(BU29>11,BU29<=13),-40000,IF(BU29>13,-50000,0))))))) -> 0 | BX29: =IF(AND(BW29>0,BW29<=1),1.15,IF(AND(BW29>1,BW29<=3),1.1,IF(AND(BW29>3,BW29<=5),1.05,IF(AND(BW29>5,BW29<=9),1,IF(AND(BW29>9,BW29<=11),-0.05,IF(AND(BW29>11,BW29<=13),-0.1,IF(BW29>13,-0.15,0))))))) -> 0 | BY29: =#N/A -> #N/A | BZ29: =#N/A -> #N/A | CA29: =#N/A -> #N/A | CB29: =#N/A -> #N/A | CC29: =SUM(BY29:CB29) -> #N/A | CD29: =CC29-BB29 -> #N/A | CE29: =IF(CF29>0,BF29,0) -> 29 | CF29: =IF(BF29>=26,1,0) -> 1 | CL29: =#N/A -> #N/A | CM29: =#N/A -> #N/A | CN29: =#N/A -> #N/A | CO29: =#N/A -> #N/A | CP29: =SUM(CL29:CO29) -> #N/A | CQ29: =CP29-BC29 -> #N/A | CW29: =BU29 -> 0 | CX29: =BW29 -> 0 | CY29: =IF(COUNT(CW29:CX29)=2,ROUND((CW29+CX29)/2,2),CW29) -> 0
A30: 24 | B30: 1 | C30: 24 | G30: x | H30: x | I30: x | K30: x | L30: x | M30: x | N30: x | O30: x | P30: x | Q30: x | R30: x | S30: x | T30: x | U30: x | V30: 0 | W30: x | X30: x | Y30: x | Z30: x | AA30: x | AB30: x | AC30: x | AD30: x | AE30: x | AF30: x | AG30: x | AH30: x | AI30: x | AJ30: x | AK30: x | AP30: x | BB30: =COUNTIF(G30:U30,"X") -> 14 | BC30: =COUNTIF(V30:AK30,"X") -> 15 | BD30: =COUNTIF(AL30:BA30,"X") -> 1 | BE30: =COUNTIF(AU30:BA30,"x") -> 0 | BF30: =BB30+BC30 -> 29 | BK30: =IF(BO30>=26,1,0) -> 1 | BL30: =(BB30+BC30) -> 29 | BO30: =IF(BT30>0,BF30,0) -> 29 | BT30: =IF(BF30>=26,1,0) -> 1 | BV30: =IF(AND(BU30>0,BU30<=1),50000,IF(AND(BU30>1,BU30<=3),40000,IF(AND(BU30>3,BU30<=5),20000,IF(AND(BU30>5,BU30<=9),0,IF(AND(BU30>9,BU30<=11),-20000,IF(AND(BU30>11,BU30<=13),-40000,IF(BU30>13,-50000,0))))))) -> 0 | BX30: =IF(AND(BW30>0,BW30<=1),1.15,IF(AND(BW30>1,BW30<=3),1.1,IF(AND(BW30>3,BW30<=5),1.05,IF(AND(BW30>5,BW30<=9),1,IF(AND(BW30>9,BW30<=11),-0.05,IF(AND(BW30>11,BW30<=13),-0.1,IF(BW30>13,-0.15,0))))))) -> 0 | BY30: =#N/A -> #N/A | BZ30: =#N/A -> #N/A | CA30: =#N/A -> #N/A | CB30: =#N/A -> #N/A | CC30: =SUM(BY30:CB30) -> #N/A | CD30: =CC30-BB30 -> #N/A | CE30: =IF(CF30>0,BF30,0) -> 29 | CF30: =IF(BF30>=26,1,0) -> 1 | CL30: =#N/A -> #N/A | CM30: =#N/A -> #N/A | CN30: =#N/A -> #N/A | CO30: =#N/A -> #N/A | CP30: =SUM(CL30:CO30) -> #N/A | CQ30: =CP30-BC30 -> #N/A | CW30: =BU30 -> 0 | CX30: =BW30 -> 0 | CY30: =IF(COUNT(CW30:CX30)=2,ROUND((CW30+CX30)/2,2),CW30) -> 0
A31: 25 | B31: 1 | C31: 25 | G31: 0 | H31: x | I31: x | K31: x | L31: x | M31: x | N31: x | O31: x | P31: x | Q31: x | R31: x | S31: x | T31: x | U31: x | V31: x | W31: x | X31: x | Y31: x | Z31: x | AA31: x | AB31: x | AC31: x | AD31: x | AE31: x | AF31: x | AG31: x | AH31: x | AI31: x | AJ31: x | AK31: x | AP31: x | BB31: =COUNTIF(G31:U31,"X") -> 13 | BC31: =COUNTIF(V31:AK31,"X") -> 16 | BD31: =COUNTIF(AL31:BA31,"X") -> 1 | BE31: =COUNTIF(AU31:BA31,"x") -> 0 | BF31: =BB31+BC31 -> 29 | BK31: =IF(BO31>=26,1,0) -> 1 | BL31: =(BB31+BC31) -> 29 | BO31: =IF(BT31>0,BF31,0) -> 29 | BT31: =IF(BF31>=26,1,0) -> 1 | BV31: =IF(AND(BU31>0,BU31<=1),50000,IF(AND(BU31>1,BU31<=3),40000,IF(AND(BU31>3,BU31<=5),20000,IF(AND(BU31>5,BU31<=9),0,IF(AND(BU31>9,BU31<=11),-20000,IF(AND(BU31>11,BU31<=13),-40000,IF(BU31>13,-50000,0))))))) -> 0 | BX31: =IF(AND(BW31>0,BW31<=1),1.15,IF(AND(BW31>1,BW31<=3),1.1,IF(AND(BW31>3,BW31<=5),1.05,IF(AND(BW31>5,BW31<=9),1,IF(AND(BW31>9,BW31<=11),-0.05,IF(AND(BW31>11,BW31<=13),-0.1,IF(BW31>13,-0.15,0))))))) -> 0 | BY31: =#N/A -> #N/A | BZ31: =#N/A -> #N/A | CA31: =#N/A -> #N/A | CB31: =#N/A -> #N/A | CC31: =SUM(BY31:CB31) -> #N/A | CD31: =CC31-BB31 -> #N/A | CE31: =IF(CF31>0,BF31,0) -> 29 | CF31: =IF(BF31>=26,1,0) -> 1 | CL31: =#N/A -> #N/A | CM31: =#N/A -> #N/A | CN31: =#N/A -> #N/A | CO31: =#N/A -> #N/A | CP31: =SUM(CL31:CO31) -> #N/A | CQ31: =CP31-BC31 -> #N/A | CW31: =BU31 -> 0 | CX31: =BW31 -> 0 | CY31: =IF(COUNT(CW31:CX31)=2,ROUND((CW31+CX31)/2,2),CW31) -> 0
A32: 26 | B32: 1 | C32: 26 | G32: 0 | H32: x | I32: x | K32: x | L32: x | M32: x | N32: x | O32: x | P32: x | Q32: x | R32: x | S32: x | T32: x | U32: x | V32: x | W32: x | X32: x | Y32: x | Z32: x | AA32: x | AB32: x | AC32: x | AD32: x | AE32: x | AF32: x | AG32: x | AH32: x | AI32: x | AJ32: x | AK32: x | AP32: x | BB32: =COUNTIF(G32:U32,"X") -> 13 | BC32: =COUNTIF(V32:AK32,"X") -> 16 | BD32: =COUNTIF(AL32:BA32,"X") -> 1 | BE32: =COUNTIF(AU32:BA32,"x") -> 0 | BF32: =BB32+BC32 -> 29 | BK32: =IF(BO32>=26,1,0) -> 1 | BL32: =(BB32+BC32) -> 29 | BO32: =IF(BT32>0,BF32,0) -> 29 | BT32: =IF(BF32>=26,1,0) -> 1 | BV32: =IF(AND(BU32>0,BU32<=1),50000,IF(AND(BU32>1,BU32<=3),40000,IF(AND(BU32>3,BU32<=5),20000,IF(AND(BU32>5,BU32<=9),0,IF(AND(BU32>9,BU32<=11),-20000,IF(AND(BU32>11,BU32<=13),-40000,IF(BU32>13,-50000,0))))))) -> 0 | BX32: =IF(AND(BW32>0,BW32<=1),1.15,IF(AND(BW32>1,BW32<=3),1.1,IF(AND(BW32>3,BW32<=5),1.05,IF(AND(BW32>5,BW32<=9),1,IF(AND(BW32>9,BW32<=11),-0.05,IF(AND(BW32>11,BW32<=13),-0.1,IF(BW32>13,-0.15,0))))))) -> 0 | BY32: =#N/A -> #N/A | BZ32: =#N/A -> #N/A | CA32: =#N/A -> #N/A | CB32: =#N/A -> #N/A | CC32: =SUM(BY32:CB32) -> #N/A | CD32: =CC32-BB32 -> #N/A | CE32: =IF(CF32>0,BF32,0) -> 29 | CF32: =IF(BF32>=26,1,0) -> 1 | CL32: =#N/A -> #N/A | CM32: =#N/A -> #N/A | CN32: =#N/A -> #N/A | CO32: =#N/A -> #N/A | CP32: =SUM(CL32:CO32) -> #N/A | CQ32: =CP32-BC32 -> #N/A | CW32: =BU32 -> 0 | CX32: =BW32 -> 0 | CY32: =IF(COUNT(CW32:CX32)=2,ROUND((CW32+CX32)/2,2),CW32) -> 0
A33: 27 | B33: 1 | C33: 27 | G33: 0 | H33: x | I33: x | K33: x | L33: x | M33: x | N33: 0 | O33: x | P33: x | Q33: x | R33: x | S33: x | T33: x | U33: x | V33: x | W33: x | X33: x | Y33: x | Z33: x | AA33: x | AB33: x | AC33: x | AD33: x | AE33: x | AF33: x | AG33: 0 | AH33: x | AI33: x | AJ33: x | AK33: x | AP33: x | BB33: =COUNTIF(G33:U33,"X") -> 12 | BC33: =COUNTIF(V33:AK33,"X") -> 15 | BD33: =COUNTIF(AL33:BA33,"X") -> 1 | BE33: =COUNTIF(AU33:BA33,"x") -> 0 | BF33: =BB33+BC33 -> 27 | BK33: =IF(BO33>=26,1,0) -> 1 | BL33: =(BB33+BC33) -> 27 | BO33: =IF(BT33>0,BF33,0) -> 27 | BT33: =IF(BF33>=26,1,0) -> 1 | BV33: =IF(AND(BU33>0,BU33<=1),50000,IF(AND(BU33>1,BU33<=3),40000,IF(AND(BU33>3,BU33<=5),20000,IF(AND(BU33>5,BU33<=9),0,IF(AND(BU33>9,BU33<=11),-20000,IF(AND(BU33>11,BU33<=13),-40000,IF(BU33>13,-50000,0))))))) -> 0 | BX33: =IF(AND(BW33>0,BW33<=1),1.15,IF(AND(BW33>1,BW33<=3),1.1,IF(AND(BW33>3,BW33<=5),1.05,IF(AND(BW33>5,BW33<=9),1,IF(AND(BW33>9,BW33<=11),-0.05,IF(AND(BW33>11,BW33<=13),-0.1,IF(BW33>13,-0.15,0))))))) -> 0 | BY33: =#N/A -> #N/A | BZ33: =#N/A -> #N/A | CA33: =#N/A -> #N/A | CB33: =#N/A -> #N/A | CC33: =SUM(BY33:CB33) -> #N/A | CD33: =CC33-BB33 -> #N/A | CE33: =IF(CF33>0,BF33,0) -> 27 | CF33: =IF(BF33>=26,1,0) -> 1 | CL33: =#N/A -> #N/A | CM33: =#N/A -> #N/A | CN33: =#N/A -> #N/A | CO33: =#N/A -> #N/A | CP33: =SUM(CL33:CO33) -> #N/A | CQ33: =CP33-BC33 -> #N/A | CW33: =BU33 -> 0 | CX33: =BW33 -> 0 | CY33: =IF(COUNT(CW33:CX33)=2,ROUND((CW33+CX33)/2,2),CW33) -> 0
A34: 28 | B34: 1 | C34: 28 | G34: x | H34: x | I34: x | K34: x | L34: x | M34: 0 | N34: x | O34: x | P34: x | Q34: x | R34: x | S34: x | T34: x | U34: x | V34: x | W34: x | X34: x | Y34: x | Z34: x | AA34: x | AB34: 0 | AC34: x | AD34: x | AE34: x | AF34: x | AG34: x | AH34: x | AI34: x | AJ34: 0 | AK34: x | AP34: x | BB34: =COUNTIF(G34:U34,"X") -> 13 | BC34: =COUNTIF(V34:AK34,"X") -> 14 | BD34: =COUNTIF(AL34:BA34,"X") -> 1 | BE34: =COUNTIF(AU34:BA34,"x") -> 0 | BF34: =BB34+BC34 -> 27 | BK34: =IF(BO34>=26,1,0) -> 1 | BL34: =(BB34+BC34) -> 27 | BO34: =IF(BT34>0,BF34,0) -> 27 | BT34: =IF(BF34>=26,1,0) -> 1 | BV34: =IF(AND(BU34>0,BU34<=1),50000,IF(AND(BU34>1,BU34<=3),40000,IF(AND(BU34>3,BU34<=5),20000,IF(AND(BU34>5,BU34<=9),0,IF(AND(BU34>9,BU34<=11),-20000,IF(AND(BU34>11,BU34<=13),-40000,IF(BU34>13,-50000,0))))))) -> 0 | BX34: =IF(AND(BW34>0,BW34<=1),1.15,IF(AND(BW34>1,BW34<=3),1.1,IF(AND(BW34>3,BW34<=5),1.05,IF(AND(BW34>5,BW34<=9),1,IF(AND(BW34>9,BW34<=11),-0.05,IF(AND(BW34>11,BW34<=13),-0.1,IF(BW34>13,-0.15,0))))))) -> 0 | BY34: =#N/A -> #N/A | BZ34: =#N/A -> #N/A | CA34: =#N/A -> #N/A | CB34: =#N/A -> #N/A | CC34: =SUM(BY34:CB34) -> #N/A | CD34: =CC34-BB34 -> #N/A | CE34: =IF(CF34>0,BF34,0) -> 27 | CF34: =IF(BF34>=26,1,0) -> 1 | CL34: =#N/A -> #N/A | CM34: =#N/A -> #N/A | CN34: =#N/A -> #N/A | CO34: =#N/A -> #N/A | CP34: =SUM(CL34:CO34) -> #N/A | CQ34: =CP34-BC34 -> #N/A | CW34: =BU34 -> 0 | CX34: =BW34 -> 0 | CY34: =IF(COUNT(CW34:CX34)=2,ROUND((CW34+CX34)/2,2),CW34) -> 0
A35: 29 | B35: 1 | C35: 29 | G35: x | H35: x | I35: 0 | K35: x | L35: 0 | M35: x | N35: x | O35: x | P35: x | Q35: x | R35: x | S35: x | T35: 0 | U35: x | V35: x | W35: x | X35: x | Y35: x | Z35: 0 | AA35: x | AB35: x | AC35: 0 | AD35: x | AE35: x | AF35: x | AG35: x | AH35: x | AI35: x | AJ35: x | AK35: x | AP35: x | BB35: =COUNTIF(G35:U35,"X") -> 11 | BC35: =COUNTIF(V35:AK35,"X") -> 14 | BD35: =COUNTIF(AL35:BA35,"X") -> 1 | BE35: =COUNTIF(AU35:BA35,"x") -> 0 | BF35: =BB35+BC35 -> 25 | BK35: =IF(BO35>=26,1,0) -> 0 | BL35: =(BB35+BC35) -> 25 | BO35: =IF(BT35>0,BF35,0) -> 0 | BT35: =IF(BF35>=26,1,0) -> 0 | BV35: =IF(AND(BU35>0,BU35<=1),50000,IF(AND(BU35>1,BU35<=3),40000,IF(AND(BU35>3,BU35<=5),20000,IF(AND(BU35>5,BU35<=9),0,IF(AND(BU35>9,BU35<=11),-20000,IF(AND(BU35>11,BU35<=13),-40000,IF(BU35>13,-50000,0))))))) -> 0 | BX35: =IF(AND(BW35>0,BW35<=1),1.15,IF(AND(BW35>1,BW35<=3),1.1,IF(AND(BW35>3,BW35<=5),1.05,IF(AND(BW35>5,BW35<=9),1,IF(AND(BW35>9,BW35<=11),-0.05,IF(AND(BW35>11,BW35<=13),-0.1,IF(BW35>13,-0.15,0))))))) -> 0 | BY35: =#N/A -> #N/A | BZ35: =#N/A -> #N/A | CA35: =#N/A -> #N/A | CB35: =#N/A -> #N/A | CC35: =SUM(BY35:CB35) -> #N/A | CD35: =CC35-BB35 -> #N/A | CE35: =IF(CF35>0,BF35,0) -> 0 | CF35: =IF(BF35>=26,1,0) -> 0 | CL35: =#N/A -> #N/A | CM35: =#N/A -> #N/A | CN35: =#N/A -> #N/A | CO35: =#N/A -> #N/A | CP35: =SUM(CL35:CO35) -> #N/A | CQ35: =CP35-BC35 -> #N/A | CW35: =BU35 -> 0 | CX35: =BW35 -> 0 | CY35: =IF(COUNT(CW35:CX35)=2,ROUND((CW35+CX35)/2,2),CW35) -> 0
A36: 30 | B36: 1 | C36: 30 | G36: x | H36: x | I36: x | K36: x | L36: x | M36: x | N36: x | O36: x | P36: x | Q36: x | R36: x | S36: x | T36: x | U36: x | V36: x | W36: x | X36: x | Y36: x | Z36: x | AA36: x | AB36: 0 | AC36: x | AD36: x | AE36: x | AF36: x | AG36: x | AH36: 0 | AI36: x | AJ36: x | AK36: x | AP36: x | BB36: =COUNTIF(G36:U36,"X") -> 14 | BC36: =COUNTIF(V36:AK36,"X") -> 14 | BD36: =COUNTIF(AL36:BA36,"X") -> 1 | BE36: =COUNTIF(AU36:BA36,"x") -> 0 | BF36: =BB36+BC36 -> 28 | BK36: =IF(BO36>=26,1,0) -> 1 | BL36: =(BB36+BC36) -> 28 | BO36: =IF(BT36>0,BF36,0) -> 28 | BT36: =IF(BF36>=26,1,0) -> 1 | BV36: =IF(AND(BU36>0,BU36<=1),50000,IF(AND(BU36>1,BU36<=3),40000,IF(AND(BU36>3,BU36<=5),20000,IF(AND(BU36>5,BU36<=9),0,IF(AND(BU36>9,BU36<=11),-20000,IF(AND(BU36>11,BU36<=13),-40000,IF(BU36>13,-50000,0))))))) -> 0 | BX36: =IF(AND(BW36>0,BW36<=1),1.15,IF(AND(BW36>1,BW36<=3),1.1,IF(AND(BW36>3,BW36<=5),1.05,IF(AND(BW36>5,BW36<=9),1,IF(AND(BW36>9,BW36<=11),-0.05,IF(AND(BW36>11,BW36<=13),-0.1,IF(BW36>13,-0.15,0))))))) -> 0 | BY36: =#N/A -> #N/A | BZ36: =#N/A -> #N/A | CA36: =#N/A -> #N/A | CB36: =#N/A -> #N/A | CC36: =SUM(BY36:CB36) -> #N/A | CD36: =CC36-BB36 -> #N/A | CE36: =IF(CF36>0,BF36,0) -> 28 | CF36: =IF(BF36>=26,1,0) -> 1 | CL36: =#N/A -> #N/A | CM36: =#N/A -> #N/A | CN36: =#N/A -> #N/A | CO36: =#N/A -> #N/A | CP36: =SUM(CL36:CO36) -> #N/A | CQ36: =CP36-BC36 -> #N/A | CW36: =BU36 -> 0 | CX36: =BW36 -> 0 | CY36: =IF(COUNT(CW36:CX36)=2,ROUND((CW36+CX36)/2,2),CW36) -> 0
A37: 31 | B37: 1 | C37: 31 | G37: x | H37: 0 | I37: x | K37: x | L37: x | M37: x | N37: x | O37: x | P37: x | Q37: x | R37: x | S37: x | T37: x | U37: x | V37: x | W37: x | X37: x | Y37: x | Z37: x | AA37: x | AB37: 0 | AC37: x | AD37: x | AE37: x | AF37: 0 | AG37: x | AH37: x | AI37: x | AJ37: x | AK37: x | AP37: x | BB37: =COUNTIF(G37:U37,"X") -> 13 | BC37: =COUNTIF(V37:AK37,"X") -> 14 | BD37: =COUNTIF(AL37:BA37,"X") -> 1 | BE37: =COUNTIF(AU37:BA37,"x") -> 0 | BF37: =BB37+BC37 -> 27 | BK37: =IF(BO37>=26,1,0) -> 1 | BL37: =(BB37+BC37) -> 27 | BO37: =IF(BT37>0,BF37,0) -> 27 | BT37: =IF(BF37>=26,1,0) -> 1 | BV37: =IF(AND(BU37>0,BU37<=1),50000,IF(AND(BU37>1,BU37<=3),40000,IF(AND(BU37>3,BU37<=5),20000,IF(AND(BU37>5,BU37<=9),0,IF(AND(BU37>9,BU37<=11),-20000,IF(AND(BU37>11,BU37<=13),-40000,IF(BU37>13,-50000,0))))))) -> 0 | BX37: =IF(AND(BW37>0,BW37<=1),1.15,IF(AND(BW37>1,BW37<=3),1.1,IF(AND(BW37>3,BW37<=5),1.05,IF(AND(BW37>5,BW37<=9),1,IF(AND(BW37>9,BW37<=11),-0.05,IF(AND(BW37>11,BW37<=13),-0.1,IF(BW37>13,-0.15,0))))))) -> 0 | BY37: =#N/A -> #N/A | BZ37: =#N/A -> #N/A | CA37: =#N/A -> #N/A | CB37: =#N/A -> #N/A | CC37: =SUM(BY37:CB37) -> #N/A | CD37: =CC37-BB37 -> #N/A | CE37: =IF(CF37>0,BF37,0) -> 27 | CF37: =IF(BF37>=26,1,0) -> 1 | CL37: =#N/A -> #N/A | CM37: =#N/A -> #N/A | CN37: =#N/A -> #N/A | CO37: =#N/A -> #N/A | CP37: =SUM(CL37:CO37) -> #N/A | CQ37: =CP37-BC37 -> #N/A | CW37: =BU37 -> 0 | CX37: =BW37 -> 0 | CY37: =IF(COUNT(CW37:CX37)=2,ROUND((CW37+CX37)/2,2),CW37) -> 0
A38: 32 | B38: 1 | C38: 32 | G38: x | H38: x | I38: x | K38: x | L38: x | M38: x | N38: x | O38: x | P38: x | Q38: x | R38: x | S38: x | T38: x | U38: x | V38: x | W38: x | X38: x | Y38: x | Z38: x | AA38: x | AB38: x | AC38: x | AD38: x | AE38: 0 | AF38: x | AG38: x | AH38: x | AI38: x | AJ38: x | AK38: x | AP38: x | BB38: =COUNTIF(G38:U38,"X") -> 14 | BC38: =COUNTIF(V38:AK38,"X") -> 15 | BD38: =COUNTIF(AL38:BA38,"X") -> 1 | BE38: =COUNTIF(AU38:BA38,"x") -> 0 | BF38: =BB38+BC38 -> 29 | BK38: =IF(BO38>=26,1,0) -> 1 | BL38: =(BB38+BC38) -> 29 | BO38: =IF(BT38>0,BF38,0) -> 29 | BT38: =IF(BF38>=26,1,0) -> 1 | BV38: =IF(AND(BU38>0,BU38<=1),50000,IF(AND(BU38>1,BU38<=3),40000,IF(AND(BU38>3,BU38<=5),20000,IF(AND(BU38>5,BU38<=9),0,IF(AND(BU38>9,BU38<=11),-20000,IF(AND(BU38>11,BU38<=13),-40000,IF(BU38>13,-50000,0))))))) -> 0 | BX38: =IF(AND(BW38>0,BW38<=1),1.15,IF(AND(BW38>1,BW38<=3),1.1,IF(AND(BW38>3,BW38<=5),1.05,IF(AND(BW38>5,BW38<=9),1,IF(AND(BW38>9,BW38<=11),-0.05,IF(AND(BW38>11,BW38<=13),-0.1,IF(BW38>13,-0.15,0))))))) -> 0 | BY38: =#N/A -> #N/A | BZ38: =#N/A -> #N/A | CA38: =#N/A -> #N/A | CB38: =#N/A -> #N/A | CC38: =SUM(BY38:CB38) -> #N/A | CD38: =CC38-BB38 -> #N/A | CE38: =IF(CF38>0,BF38,0) -> 29 | CF38: =IF(BF38>=26,1,0) -> 1 | CL38: =#N/A -> #N/A | CM38: =#N/A -> #N/A | CN38: =#N/A -> #N/A | CO38: =#N/A -> #N/A | CP38: =SUM(CL38:CO38) -> #N/A | CQ38: =CP38-BC38 -> #N/A | CW38: =BU38 -> 0 | CX38: =BW38 -> 0 | CY38: =IF(COUNT(CW38:CX38)=2,ROUND((CW38+CX38)/2,2),CW38) -> 0
A39: 33 | B39: 1 | C39: 33 | G39: x | H39: x | I39: x | K39: x | L39: x | M39: x | N39: x | O39: x | P39: x | Q39: x | R39: x | S39: x | T39: x | U39: x | V39: x | W39: x | X39: x | Y39: x | Z39: x | AA39: x | AB39: 0 | AC39: x | AD39: x | AE39: x | AF39: x | AG39: x | AH39: x | AI39: x | AJ39: x | AK39: x | AP39: x | BB39: =COUNTIF(G39:U39,"X") -> 14 | BC39: =COUNTIF(V39:AK39,"X") -> 15 | BD39: =COUNTIF(AL39:BA39,"X") -> 1 | BE39: =COUNTIF(AU39:BA39,"x") -> 0 | BF39: =BB39+BC39 -> 29 | BK39: =IF(BO39>=26,1,0) -> 1 | BL39: =(BB39+BC39) -> 29 | BO39: =IF(BT39>0,BF39,0) -> 29 | BT39: =IF(BF39>=26,1,0) -> 1 | BV39: =IF(AND(BU39>0,BU39<=1),50000,IF(AND(BU39>1,BU39<=3),40000,IF(AND(BU39>3,BU39<=5),20000,IF(AND(BU39>5,BU39<=9),0,IF(AND(BU39>9,BU39<=11),-20000,IF(AND(BU39>11,BU39<=13),-40000,IF(BU39>13,-50000,0))))))) -> 0 | BX39: =IF(AND(BW39>0,BW39<=1),1.15,IF(AND(BW39>1,BW39<=3),1.1,IF(AND(BW39>3,BW39<=5),1.05,IF(AND(BW39>5,BW39<=9),1,IF(AND(BW39>9,BW39<=11),-0.05,IF(AND(BW39>11,BW39<=13),-0.1,IF(BW39>13,-0.15,0))))))) -> 0 | BY39: =#N/A -> #N/A | BZ39: =#N/A -> #N/A | CA39: =#N/A -> #N/A | CB39: =#N/A -> #N/A | CC39: =SUM(BY39:CB39) -> #N/A | CD39: =CC39-BB39 -> #N/A | CE39: =IF(CF39>0,BF39,0) -> 29 | CF39: =IF(BF39>=26,1,0) -> 1 | CL39: =#N/A -> #N/A | CM39: =#N/A -> #N/A | CN39: =#N/A -> #N/A | CO39: =#N/A -> #N/A | CP39: =SUM(CL39:CO39) -> #N/A | CQ39: =CP39-BC39 -> #N/A | CW39: =BU39 -> 0 | CX39: =BW39 -> 0 | CY39: =IF(COUNT(CW39:CX39)=2,ROUND((CW39+CX39)/2,2),CW39) -> 0
A40: 34 | B40: 1 | C40: 34 | G40: x | H40: x | I40: x | K40: x | L40: x | M40: x | N40: x | O40: x | P40: x | Q40: x | R40: x | S40: x | T40: x | U40: x | V40: x | W40: x | X40: x | Y40: x | Z40: x | AA40: x | AB40: x | AC40: x | AD40: x | AE40: x | AF40: x | AG40: x | AH40: x | AI40: x | AJ40: x | AK40: x | AP40: x | BB40: =COUNTIF(G40:U40,"X") -> 14 | BC40: =COUNTIF(V40:AK40,"X") -> 16 | BD40: =COUNTIF(AL40:BA40,"X") -> 1 | BE40: =COUNTIF(AU40:BA40,"x") -> 0 | BF40: =BB40+BC40 -> 30 | BK40: =IF(BO40>=26,1,0) -> 1 | BL40: =(BB40+BC40) -> 30 | BO40: =IF(BT40>0,BF40,0) -> 30 | BT40: =IF(BF40>=26,1,0) -> 1 | BV40: =IF(AND(BU40>0,BU40<=1),50000,IF(AND(BU40>1,BU40<=3),40000,IF(AND(BU40>3,BU40<=5),20000,IF(AND(BU40>5,BU40<=9),0,IF(AND(BU40>9,BU40<=11),-20000,IF(AND(BU40>11,BU40<=13),-40000,IF(BU40>13,-50000,0))))))) -> 0 | BX40: =IF(AND(BW40>0,BW40<=1),1.15,IF(AND(BW40>1,BW40<=3),1.1,IF(AND(BW40>3,BW40<=5),1.05,IF(AND(BW40>5,BW40<=9),1,IF(AND(BW40>9,BW40<=11),-0.05,IF(AND(BW40>11,BW40<=13),-0.1,IF(BW40>13,-0.15,0))))))) -> 0 | BY40: =#N/A -> #N/A | BZ40: =#N/A -> #N/A | CA40: =#N/A -> #N/A | CB40: =#N/A -> #N/A | CC40: =SUM(BY40:CB40) -> #N/A | CD40: =CC40-BB40 -> #N/A | CE40: =IF(CF40>0,BF40,0) -> 30 | CF40: =IF(BF40>=26,1,0) -> 1 | CL40: =#N/A -> #N/A | CM40: =#N/A -> #N/A | CN40: =#N/A -> #N/A | CO40: =#N/A -> #N/A | CP40: =SUM(CL40:CO40) -> #N/A | CQ40: =CP40-BC40 -> #N/A | CW40: =BU40 -> 0 | CX40: =BW40 -> 0 | CY40: =IF(COUNT(CW40:CX40)=2,ROUND((CW40+CX40)/2,2),CW40) -> 0
A41: 35 | B41: 1 | C41: 35 | G41: x | H41: x | I41: x | K41: x | L41: x | M41: x | N41: x | O41: x | P41: x | Q41: x | R41: x | S41: x | T41: x | U41: x | V41: x | W41: x | X41: x | Y41: x | Z41: x | AA41: x | AB41: x | AC41: x | AD41: x | AE41: 0 | AF41: x | AG41: x | AH41: x | AI41: x | AJ41: x | AK41: x | AP41: x | BB41: =COUNTIF(G41:U41,"X") -> 14 | BC41: =COUNTIF(V41:AK41,"X") -> 15 | BD41: =COUNTIF(AL41:BA41,"X") -> 1 | BE41: =COUNTIF(AU41:BA41,"x") -> 0 | BF41: =BB41+BC41 -> 29 | BK41: =IF(BO41>=26,1,0) -> 1 | BL41: =(BB41+BC41) -> 29 | BO41: =IF(BT41>0,BF41,0) -> 29 | BT41: =IF(BF41>=26,1,0) -> 1 | BV41: =IF(AND(BU41>0,BU41<=1),50000,IF(AND(BU41>1,BU41<=3),40000,IF(AND(BU41>3,BU41<=5),20000,IF(AND(BU41>5,BU41<=9),0,IF(AND(BU41>9,BU41<=11),-20000,IF(AND(BU41>11,BU41<=13),-40000,IF(BU41>13,-50000,0))))))) -> 0 | BX41: =IF(AND(BW41>0,BW41<=1),1.15,IF(AND(BW41>1,BW41<=3),1.1,IF(AND(BW41>3,BW41<=5),1.05,IF(AND(BW41>5,BW41<=9),1,IF(AND(BW41>9,BW41<=11),-0.05,IF(AND(BW41>11,BW41<=13),-0.1,IF(BW41>13,-0.15,0))))))) -> 0 | BY41: =#N/A -> #N/A | BZ41: =#N/A -> #N/A | CA41: =#N/A -> #N/A | CB41: =#N/A -> #N/A | CC41: =SUM(BY41:CB41) -> #N/A | CD41: =CC41-BB41 -> #N/A | CE41: =IF(CF41>0,BF41,0) -> 0 | CL41: =#N/A -> #N/A | CM41: =#N/A -> #N/A | CN41: =#N/A -> #N/A | CO41: =#N/A -> #N/A | CP41: =SUM(CL41:CO41) -> #N/A | CQ41: =CP41-BC41 -> #N/A | CW41: =BU41 -> 0 | CX41: =BW41 -> 0 | CY41: =IF(COUNT(CW41:CX41)=2,ROUND((CW41+CX41)/2,2),CW41) -> 0
A42: 36 | B42: 1 | C42: 36 | G42: x | H42: x | I42: x | K42: x | L42: x | M42: x | N42: x | O42: x | P42: x | Q42: x | R42: x | S42: x | T42: x | U42: x | V42: x | W42: x | X42: x | Y42: x | Z42: 0 | AA42: x | AB42: x | AC42: x | AD42: x | AE42: x | AF42: x | AG42: x | AH42: x | AI42: x | AJ42: x | AK42: x | AP42: x | BB42: =COUNTIF(G42:U42,"X") -> 14 | BC42: =COUNTIF(V42:AK42,"X") -> 15 | BD42: =COUNTIF(AL42:BA42,"X") -> 1 | BE42: =COUNTIF(AU42:BA42,"x") -> 0 | BF42: =BB42+BC42 -> 29 | BK42: =IF(BO42>=26,1,0) -> 1 | BL42: =(BB42+BC42) -> 29 | BO42: =IF(BT42>0,BF42,0) -> 29 | BT42: =IF(BF42>=26,1,0) -> 1 | BV42: =IF(AND(BU42>0,BU42<=1),50000,IF(AND(BU42>1,BU42<=3),40000,IF(AND(BU42>3,BU42<=5),20000,IF(AND(BU42>5,BU42<=9),0,IF(AND(BU42>9,BU42<=11),-20000,IF(AND(BU42>11,BU42<=13),-40000,IF(BU42>13,-50000,0))))))) -> 0 | BX42: =IF(AND(BW42>0,BW42<=1),1.15,IF(AND(BW42>1,BW42<=3),1.1,IF(AND(BW42>3,BW42<=5),1.05,IF(AND(BW42>5,BW42<=9),1,IF(AND(BW42>9,BW42<=11),-0.05,IF(AND(BW42>11,BW42<=13),-0.1,IF(BW42>13,-0.15,0))))))) -> 0 | BY42: =#N/A -> #N/A | BZ42: =#N/A -> #N/A | CA42: =#N/A -> #N/A | CB42: =#N/A -> #N/A | CC42: =SUM(BY42:CB42) -> #N/A | CD42: =CC42-BB42 -> #N/A | CE42: =IF(CF42>0,BF42,0) -> 0 | CL42: =#N/A -> #N/A | CM42: =#N/A -> #N/A | CN42: =#N/A -> #N/A | CO42: =#N/A -> #N/A | CP42: =SUM(CL42:CO42) -> #N/A | CQ42: =CP42-BC42 -> #N/A | CW42: =BU42 -> 0 | CX42: =BW42 -> 0 | CY42: =IF(COUNT(CW42:CX42)=2,ROUND((CW42+CX42)/2,2),CW42) -> 0
A43: 37 | B43: 1 | C43: 37 | G43: x | H43: x | I43: x | K43: x | L43: x | M43: x | N43: x | O43: x | P43: x | Q43: x | R43: x | S43: x | T43: x | U43: x | V43: x | W43: x | X43: x | Y43: x | Z43: x | AA43: x | AB43: x | AC43: x | AD43: x | AE43: x | AF43: x | AG43: x | AH43: x | AI43: x | AJ43: x | AK43: 0 | AP43: x | BB43: =COUNTIF(G43:U43,"X") -> 14 | BC43: =COUNTIF(V43:AK43,"X") -> 15 | BD43: =COUNTIF(AL43:BA43,"X") -> 1 | BE43: =COUNTIF(AU43:BA43,"x") -> 0 | BF43: =BB43+BC43 -> 29 | BK43: =IF(BO43>=26,1,0) -> 1 | BL43: =(BB43+BC43) -> 29 | BO43: =IF(BT43>0,BF43,0) -> 29 | BT43: =IF(BF43>=26,1,0) -> 1 | BV43: =IF(AND(BU43>0,BU43<=1),50000,IF(AND(BU43>1,BU43<=3),40000,IF(AND(BU43>3,BU43<=5),20000,IF(AND(BU43>5,BU43<=9),0,IF(AND(BU43>9,BU43<=11),-20000,IF(AND(BU43>11,BU43<=13),-40000,IF(BU43>13,-50000,0))))))) -> 0 | BX43: =IF(AND(BW43>0,BW43<=1),1.15,IF(AND(BW43>1,BW43<=3),1.1,IF(AND(BW43>3,BW43<=5),1.05,IF(AND(BW43>5,BW43<=9),1,IF(AND(BW43>9,BW43<=11),-0.05,IF(AND(BW43>11,BW43<=13),-0.1,IF(BW43>13,-0.15,0))))))) -> 0 | BY43: =#N/A -> #N/A | BZ43: =#N/A -> #N/A | CA43: =#N/A -> #N/A | CB43: =#N/A -> #N/A | CC43: =SUM(BY43:CB43) -> #N/A | CD43: =CC43-BB43 -> #N/A | CE43: =IF(CF43>0,BF43,0) -> 29 | CF43: =IF(BF43>=26,1,0) -> 1 | CL43: =#N/A -> #N/A | CM43: =#N/A -> #N/A | CN43: =#N/A -> #N/A | CO43: =#N/A -> #N/A | CP43: =SUM(CL43:CO43) -> #N/A | CQ43: =CP43-BC43 -> #N/A | CW43: =BU43 -> 0 | CX43: =BW43 -> 0 | CY43: =IF(COUNT(CW43:CX43)=2,ROUND((CW43+CX43)/2,2),CW43) -> 0
A44: 38 | B44: 1 | C44: 38 | G44: x | H44: x | I44: x | K44: x | L44: x | M44: x | N44: x | O44: x | P44: x | Q44: x | R44: x | S44: x | T44: x | U44: x | V44: x | W44: x | X44: x | Y44: x | Z44: x | AA44: x | AB44: x | AC44: x | AD44: x | AE44: x | AF44: x | AG44: x | AH44: x | AI44: x | AJ44: x | AK44: 0 | AP44: x | BB44: =COUNTIF(G44:U44,"X") -> 14 | BC44: =COUNTIF(V44:AK44,"X") -> 15 | BD44: =COUNTIF(AL44:BA44,"X") -> 1 | BE44: =COUNTIF(AU44:BA44,"x") -> 0 | BF44: =BB44+BC44 -> 29 | BK44: =IF(BO44>=26,1,0) -> 1 | BL44: =(BB44+BC44) -> 29 | BO44: =IF(BT44>0,BF44,0) -> 29 | BT44: =IF(BF44>=26,1,0) -> 1 | BV44: =IF(AND(BU44>0,BU44<=1),50000,IF(AND(BU44>1,BU44<=3),40000,IF(AND(BU44>3,BU44<=5),20000,IF(AND(BU44>5,BU44<=9),0,IF(AND(BU44>9,BU44<=11),-20000,IF(AND(BU44>11,BU44<=13),-40000,IF(BU44>13,-50000,0))))))) -> 0 | BX44: =IF(AND(BW44>0,BW44<=1),1.15,IF(AND(BW44>1,BW44<=3),1.1,IF(AND(BW44>3,BW44<=5),1.05,IF(AND(BW44>5,BW44<=9),1,IF(AND(BW44>9,BW44<=11),-0.05,IF(AND(BW44>11,BW44<=13),-0.1,IF(BW44>13,-0.15,0))))))) -> 0 | BY44: =#N/A -> #N/A | BZ44: =#N/A -> #N/A | CA44: =#N/A -> #N/A | CB44: =#N/A -> #N/A | CC44: =SUM(BY44:CB44) -> #N/A | CD44: =CC44-BB44 -> #N/A | CE44: =IF(CF44>0,BF44,0) -> 29 | CF44: =IF(BF44>=26,1,0) -> 1 | CL44: =#N/A -> #N/A | CM44: =#N/A -> #N/A | CN44: =#N/A -> #N/A | CO44: =#N/A -> #N/A | CP44: =SUM(CL44:CO44) -> #N/A | CQ44: =CP44-BC44 -> #N/A | CW44: =BU44 -> 0 | CX44: =BW44 -> 0 | CY44: =IF(COUNT(CW44:CX44)=2,ROUND((CW44+CX44)/2,2),CW44) -> 0
A45: 39 | B45: 1 | C45: 39 | G45: x | H45: x | I45: x | K45: x | L45: x | M45: 0 | N45: x | O45: x | P45: x | Q45: x | R45: x | S45: x | T45: x | U45: x | V45: x | W45: x | X45: 0 | Y45: 0 | Z45: 0 | AA45: 0 | AB45: 0 | AC45: 0 | AD45: 0 | AE45: x | AF45: x | AG45: x | AH45: x | AI45: x | AJ45: x | AK45: x | AP45: x | BB45: =COUNTIF(G45:U45,"X") -> 13 | BC45: =COUNTIF(V45:AK45,"X") -> 9 | BD45: =COUNTIF(AL45:BA45,"X") -> 1 | BE45: =COUNTIF(AU45:BA45,"x") -> 0 | BF45: =BB45+BC45 -> 22 | BK45: =IF(BO45>=26,1,0) -> 0 | BL45: =(BB45+BC45) -> 22 | BO45: =IF(BT45>0,BF45,0) -> 0 | BT45: =IF(BF45>=26,1,0) -> 0 | BV45: =IF(AND(BU45>0,BU45<=1),50000,IF(AND(BU45>1,BU45<=3),40000,IF(AND(BU45>3,BU45<=5),20000,IF(AND(BU45>5,BU45<=9),0,IF(AND(BU45>9,BU45<=11),-20000,IF(AND(BU45>11,BU45<=13),-40000,IF(BU45>13,-50000,0))))))) -> 0 | BX45: =IF(AND(BW45>0,BW45<=1),1.15,IF(AND(BW45>1,BW45<=3),1.1,IF(AND(BW45>3,BW45<=5),1.05,IF(AND(BW45>5,BW45<=9),1,IF(AND(BW45>9,BW45<=11),-0.05,IF(AND(BW45>11,BW45<=13),-0.1,IF(BW45>13,-0.15,0))))))) -> 0 | BY45: =#N/A -> #N/A | BZ45: =#N/A -> #N/A | CA45: =#N/A -> #N/A | CB45: =#N/A -> #N/A | CC45: =SUM(BY45:CB45) -> #N/A | CD45: =CC45-BB45 -> #N/A | CE45: =IF(CF45>0,BF45,0) -> 0 | CF45: =IF(BF45>=26,1,0) -> 0 | CL45: =#N/A -> #N/A | CM45: =#N/A -> #N/A | CN45: =#N/A -> #N/A | CO45: =#N/A -> #N/A | CP45: =SUM(CL45:CO45) -> #N/A | CQ45: =CP45-BC45 -> #N/A | CW45: =BU45 -> 0 | CX45: =BW45 -> 0 | CY45: =IF(COUNT(CW45:CX45)=2,ROUND((CW45+CX45)/2,2),CW45) -> 0
A46: 40 | B46: 1 | C46: 40 | G46: x | H46: x | I46: x | K46: x | L46: x | M46: x | N46: 0 | O46: x | P46: x | Q46: x | R46: x | S46: x | T46: x | U46: x | V46: x | W46: x | X46: x | Y46: x | Z46: x | AA46: x | AB46: 0 | AC46: x | AD46: x | AE46: x | AF46: x | AG46: x | AH46: x | AI46: x | AJ46: x | AK46: x | AP46: x | AS46: x | BB46: =COUNTIF(G46:U46,"X") -> 13 | BC46: =COUNTIF(V46:AK46,"X") -> 15 | BD46: =COUNTIF(AL46:BA46,"X") -> 2 | BE46: =COUNTIF(AU46:BA46,"x") -> 0 | BF46: =BB46+BC46 -> 28 | BK46: =IF(BO46>=26,1,0) -> 1 | BL46: =(BB46+BC46) -> 28 | BO46: =IF(BT46>0,BF46,0) -> 28 | BT46: =IF(BF46>=26,1,0) -> 1 | BV46: =IF(AND(BU46>0,BU46<=1),50000,IF(AND(BU46>1,BU46<=3),40000,IF(AND(BU46>3,BU46<=5),20000,IF(AND(BU46>5,BU46<=9),0,IF(AND(BU46>9,BU46<=11),-20000,IF(AND(BU46>11,BU46<=13),-40000,IF(BU46>13,-50000,0))))))) -> 0 | BX46: =IF(AND(BW46>0,BW46<=1),1.15,IF(AND(BW46>1,BW46<=3),1.1,IF(AND(BW46>3,BW46<=5),1.05,IF(AND(BW46>5,BW46<=9),1,IF(AND(BW46>9,BW46<=11),-0.05,IF(AND(BW46>11,BW46<=13),-0.1,IF(BW46>13,-0.15,0))))))) -> 0 | BY46: =#N/A -> #N/A | BZ46: =#N/A -> #N/A | CA46: =#N/A -> #N/A | CB46: =#N/A -> #N/A | CC46: =SUM(BY46:CB46) -> #N/A | CD46: =CC46-BB46 -> #N/A | CE46: =IF(CF46>0,BF46,0) -> 28 | CF46: =IF(BF46>=26,1,0) -> 1 | CL46: =#N/A -> #N/A | CM46: =#N/A -> #N/A | CN46: =#N/A -> #N/A | CO46: =#N/A -> #N/A | CP46: =SUM(CL46:CO46) -> #N/A | CQ46: =CP46-BC46 -> #N/A | CW46: =BU46 -> 0 | CX46: =BW46 -> 0 | CY46: =IF(COUNT(CW46:CX46)=2,ROUND((CW46+CX46)/2,2),CW46) -> 0
A47: 41 | B47: 1 | C47: 41 | G47: x | H47: x | I47: x | K47: x | L47: x | M47: x | N47: 0 | O47: x | P47: x | Q47: x | R47: x | S47: x | T47: x | U47: x | V47: x | W47: x | X47: x | Y47: x | Z47: x | AA47: x | AB47: 0 | AC47: x | AD47: x | AE47: x | AF47: x | AG47: x | AH47: x | AI47: x | AJ47: x | AK47: 0 | AP47: x | AS47: x | BB47: =COUNTIF(G47:U47,"X") -> 13 | BC47: =COUNTIF(V47:AK47,"X") -> 14 | BD47: =COUNTIF(AL47:BA47,"X") -> 2 | BE47: =COUNTIF(AU47:BA47,"x") -> 0 | BF47: =BB47+BC47 -> 27 | BK47: =IF(BO47>=26,1,0) -> 1 | BL47: =(BB47+BC47) -> 27 | BO47: =IF(BT47>0,BF47,0) -> 27 | BT47: =IF(BF47>=26,1,0) -> 1 | BV47: =IF(AND(BU47>0,BU47<=1),50000,IF(AND(BU47>1,BU47<=3),40000,IF(AND(BU47>3,BU47<=5),20000,IF(AND(BU47>5,BU47<=9),0,IF(AND(BU47>9,BU47<=11),-20000,IF(AND(BU47>11,BU47<=13),-40000,IF(BU47>13,-50000,0))))))) -> 0 | BX47: =IF(AND(BW47>0,BW47<=1),1.15,IF(AND(BW47>1,BW47<=3),1.1,IF(AND(BW47>3,BW47<=5),1.05,IF(AND(BW47>5,BW47<=9),1,IF(AND(BW47>9,BW47<=11),-0.05,IF(AND(BW47>11,BW47<=13),-0.1,IF(BW47>13,-0.15,0))))))) -> 0 | BY47: =#N/A -> #N/A | BZ47: =#N/A -> #N/A | CA47: =#N/A -> #N/A | CB47: =#N/A -> #N/A | CC47: =SUM(BY47:CB47) -> #N/A | CD47: =CC47-BB47 -> #N/A | CE47: =IF(CF47>0,BF47,0) -> 27 | CF47: =IF(BF47>=26,1,0) -> 1 | CL47: =#N/A -> #N/A | CM47: =#N/A -> #N/A | CN47: =#N/A -> #N/A | CO47: =#N/A -> #N/A | CP47: =SUM(CL47:CO47) -> #N/A | CQ47: =CP47-BC47 -> #N/A | CW47: =BU47 -> 0 | CX47: =BW47 -> 0 | CY47: =IF(COUNT(CW47:CX47)=2,ROUND((CW47+CX47)/2,2),CW47) -> 0
A48: 42 | B48: 1 | C48: 42 | G48: 0 | H48: x | I48: x | K48: x | L48: x | M48: x | N48: x | O48: x | P48: x | Q48: x | R48: x | S48: x | T48: x | U48: x | V48: 0 | W48: x | X48: x | Y48: x | Z48: x | AA48: x | AB48: x | AC48: x | AD48: x | AE48: x | AF48: x | AG48: x | AH48: x | AI48: x | AJ48: x | AK48: x | AP48: 0 | BB48: =COUNTIF(G48:U48,"X") -> 13 | BC48: =COUNTIF(V48:AK48,"X") -> 15 | BD48: =COUNTIF(AL48:BA48,"X") -> 0 | BE48: =COUNTIF(AU48:BA48,"x") -> 0 | BF48: =BB48+BC48 -> 28 | BK48: =IF(BO48>=26,1,0) -> 1 | BL48: =(BB48+BC48) -> 28 | BO48: =IF(BT48>0,BF48,0) -> 28 | BT48: =IF(BF48>=26,1,0) -> 1 | BV48: =IF(AND(BU48>0,BU48<=1),50000,IF(AND(BU48>1,BU48<=3),40000,IF(AND(BU48>3,BU48<=5),20000,IF(AND(BU48>5,BU48<=9),0,IF(AND(BU48>9,BU48<=11),-20000,IF(AND(BU48>11,BU48<=13),-40000,IF(BU48>13,-50000,0))))))) -> 0 | BX48: =IF(AND(BW48>0,BW48<=1),1.15,IF(AND(BW48>1,BW48<=3),1.1,IF(AND(BW48>3,BW48<=5),1.05,IF(AND(BW48>5,BW48<=9),1,IF(AND(BW48>9,BW48<=11),-0.05,IF(AND(BW48>11,BW48<=13),-0.1,IF(BW48>13,-0.15,0))))))) -> 0 | BY48: =#N/A -> #N/A | BZ48: =#N/A -> #N/A | CA48: =#N/A -> #N/A | CB48: =#N/A -> #N/A | CC48: =SUM(BY48:CB48) -> #N/A | CD48: =CC48-BB48 -> #N/A | CE48: =IF(CF48>0,BF48,0) -> 28 | CF48: =IF(BF48>=26,1,0) -> 1 | CL48: =#N/A -> #N/A | CM48: =#N/A -> #N/A | CN48: =#N/A -> #N/A | CO48: =#N/A -> #N/A | CP48: =SUM(CL48:CO48) -> #N/A | CQ48: =CP48-BC48 -> #N/A | CW48: =BU48 -> 0 | CX48: =BW48 -> 0 | CY48: =IF(COUNT(CW48:CX48)=2,ROUND((CW48+CX48)/2,2),CW48) -> 0
A49: 43 | B49: 1 | C49: 43 | G49: 0 | H49: x | I49: x | K49: 0 | L49: x | M49: x | N49: x | O49: x | P49: x | Q49: x | R49: x | S49: x | T49: 0 | U49: x | V49: x | W49: x | X49: x | Y49: x | Z49: x | AA49: x | AB49: 0 | AC49: x | AD49: x | AE49: x | AF49: x | AG49: x | AH49: x | AI49: x | AJ49: x | AK49: x | AP49: x | BB49: =COUNTIF(G49:U49,"X") -> 11 | BC49: =COUNTIF(V49:AK49,"X") -> 15 | BD49: =COUNTIF(AL49:BA49,"X") -> 1 | BE49: =COUNTIF(AU49:BA49,"x") -> 0 | BF49: =BB49+BC49 -> 26 | BK49: =IF(BO49>=26,1,0) -> 1 | BL49: =(BB49+BC49) -> 26 | BO49: =IF(BT49>0,BF49,0) -> 26 | BT49: =IF(BF49>=26,1,0) -> 1 | BV49: =IF(AND(BU49>0,BU49<=1),50000,IF(AND(BU49>1,BU49<=3),40000,IF(AND(BU49>3,BU49<=5),20000,IF(AND(BU49>5,BU49<=9),0,IF(AND(BU49>9,BU49<=11),-20000,IF(AND(BU49>11,BU49<=13),-40000,IF(BU49>13,-50000,0))))))) -> 0 | BX49: =IF(AND(BW49>0,BW49<=1),1.15,IF(AND(BW49>1,BW49<=3),1.1,IF(AND(BW49>3,BW49<=5),1.05,IF(AND(BW49>5,BW49<=9),1,IF(AND(BW49>9,BW49<=11),-0.05,IF(AND(BW49>11,BW49<=13),-0.1,IF(BW49>13,-0.15,0))))))) -> 0 | BY49: =#N/A -> #N/A | BZ49: =#N/A -> #N/A | CA49: =#N/A -> #N/A | CB49: =#N/A -> #N/A | CC49: =SUM(BY49:CB49) -> #N/A | CD49: =CC49-BB49 -> #N/A | CE49: =IF(CF49>0,BF49,0) -> 26 | CF49: =IF(BF49>=26,1,0) -> 1 | CL49: =#N/A -> #N/A | CM49: =#N/A -> #N/A | CN49: =#N/A -> #N/A | CO49: =#N/A -> #N/A | CP49: =SUM(CL49:CO49) -> #N/A | CQ49: =CP49-BC49 -> #N/A | CW49: =BU49 -> 0 | CX49: =BW49 -> 0 | CY49: =IF(COUNT(CW49:CX49)=2,ROUND((CW49+CX49)/2,2),CW49) -> 0
A50: 44 | B50: 1 | C50: 44 | G50: x | H50: 0 | I50: x | K50: x | L50: x | M50: x | N50: x | O50: x | P50: x | Q50: x | R50: x | S50: x | T50: x | U50: x | V50: x | W50: x | X50: 0 | Y50: x | Z50: x | AA50: x | AB50: x | AC50: x | AD50: x | AE50: x | AF50: 0 | AG50: x | AH50: x | AI50: x | AJ50: x | AK50: x | AP50: x | BB50: =COUNTIF(G50:U50,"X") -> 13 | BC50: =COUNTIF(V50:AK50,"X") -> 14 | BD50: =COUNTIF(AL50:BA50,"X") -> 1 | BE50: =COUNTIF(AU50:BA50,"x") -> 0 | BF50: =BB50+BC50 -> 27 | BK50: =IF(BO50>=26,1,0) -> 1 | BL50: =(BB50+BC50) -> 27 | BO50: =IF(BT50>0,BF50,0) -> 27 | BT50: =IF(BF50>=26,1,0) -> 1 | BV50: =IF(AND(BU50>0,BU50<=1),50000,IF(AND(BU50>1,BU50<=3),40000,IF(AND(BU50>3,BU50<=5),20000,IF(AND(BU50>5,BU50<=9),0,IF(AND(BU50>9,BU50<=11),-20000,IF(AND(BU50>11,BU50<=13),-40000,IF(BU50>13,-50000,0))))))) -> 0 | BX50: =IF(AND(BW50>0,BW50<=1),1.15,IF(AND(BW50>1,BW50<=3),1.1,IF(AND(BW50>3,BW50<=5),1.05,IF(AND(BW50>5,BW50<=9),1,IF(AND(BW50>9,BW50<=11),-0.05,IF(AND(BW50>11,BW50<=13),-0.1,IF(BW50>13,-0.15,0))))))) -> 0 | BY50: =#N/A -> #N/A | BZ50: =#N/A -> #N/A | CA50: =#N/A -> #N/A | CB50: =#N/A -> #N/A | CC50: =SUM(BY50:CB50) -> #N/A | CD50: =CC50-BB50 -> #N/A | CE50: =IF(CF50>0,BF50,0) -> 27 | CF50: =IF(BF50>=26,1,0) -> 1 | CL50: =#N/A -> #N/A | CM50: =#N/A -> #N/A | CN50: =#N/A -> #N/A | CO50: =#N/A -> #N/A | CP50: =SUM(CL50:CO50) -> #N/A | CQ50: =CP50-BC50 -> #N/A | CW50: =BU50 -> 0 | CX50: =BW50 -> 0 | CY50: =IF(COUNT(CW50:CX50)=2,ROUND((CW50+CX50)/2,2),CW50) -> 0
A51: 45 | B51: 1 | C51: 45 | G51: 0 | H51: x | I51: x | K51: x | L51: x | M51: 0 | N51: x | O51: x | P51: x | Q51: x | R51: x | S51: x | T51: 0 | U51: x | V51: x | W51: x | X51: x | Y51: x | Z51: 0 | AA51: 0 | AB51: x | AC51: x | AD51: x | AE51: 0 | AF51: x | AG51: 0 | AH51: x | AI51: 0 | AJ51: x | AK51: x | AP51: x | BB51: =COUNTIF(G51:U51,"X") -> 11 | BC51: =COUNTIF(V51:AK51,"X") -> 11 | BD51: =COUNTIF(AL51:BA51,"X") -> 1 | BE51: =COUNTIF(AU51:BA51,"x") -> 0 | BF51: =BB51+BC51 -> 22 | BK51: =IF(BO51>=26,1,0) -> 0 | BL51: =(BB51+BC51) -> 22 | BO51: =IF(BT51>0,BF51,0) -> 0 | BT51: =IF(BF51>=26,1,0) -> 0 | BV51: =IF(AND(BU51>0,BU51<=1),50000,IF(AND(BU51>1,BU51<=3),40000,IF(AND(BU51>3,BU51<=5),20000,IF(AND(BU51>5,BU51<=9),0,IF(AND(BU51>9,BU51<=11),-20000,IF(AND(BU51>11,BU51<=13),-40000,IF(BU51>13,-50000,0))))))) -> 0 | BX51: =IF(AND(BW51>0,BW51<=1),1.15,IF(AND(BW51>1,BW51<=3),1.1,IF(AND(BW51>3,BW51<=5),1.05,IF(AND(BW51>5,BW51<=9),1,IF(AND(BW51>9,BW51<=11),-0.05,IF(AND(BW51>11,BW51<=13),-0.1,IF(BW51>13,-0.15,0))))))) -> 0 | BY51: =#N/A -> #N/A | BZ51: =#N/A -> #N/A | CA51: =#N/A -> #N/A | CB51: =#N/A -> #N/A | CC51: =SUM(BY51:CB51) -> #N/A | CD51: =CC51-BB51 -> #N/A | CE51: =IF(CF51>0,BF51,0) -> 0 | CF51: =IF(BF51>=26,1,0) -> 0 | CL51: =#N/A -> #N/A | CM51: =#N/A -> #N/A | CN51: =#N/A -> #N/A | CO51: =#N/A -> #N/A | CP51: =SUM(CL51:CO51) -> #N/A | CQ51: =CP51-BC51 -> #N/A | CW51: =BU51 -> 0 | CX51: =BW51 -> 0 | CY51: =IF(COUNT(CW51:CX51)=2,ROUND((CW51+CX51)/2,2),CW51) -> 0
A52: 46 | B52: 1 | C52: 46 | G52: 0 | H52: x | I52: x | K52: x | L52: x | M52: x | N52: 0 | O52: x | P52: x | Q52: x | R52: x | S52: x | T52: x | U52: x | V52: x | W52: x | X52: 0 | Y52: x | Z52: x | AA52: x | AB52: x | AC52: 0 | AD52: x | AE52: x | AF52: 0 | AG52: x | AH52: x | AI52: x | AJ52: x | AK52: x | AP52: x | BB52: =COUNTIF(G52:U52,"X") -> 12 | BC52: =COUNTIF(V52:AK52,"X") -> 13 | BD52: =COUNTIF(AL52:BA52,"X") -> 1 | BE52: =COUNTIF(AU52:BA52,"x") -> 0 | BF52: =BB52+BC52 -> 25 | BK52: =IF(BO52>=26,1,0) -> 0 | BL52: =(BB52+BC52) -> 25 | BO52: =IF(BT52>0,BF52,0) -> 0 | BT52: =IF(BF52>=26,1,0) -> 0 | BV52: =IF(AND(BU52>0,BU52<=1),50000,IF(AND(BU52>1,BU52<=3),40000,IF(AND(BU52>3,BU52<=5),20000,IF(AND(BU52>5,BU52<=9),0,IF(AND(BU52>9,BU52<=11),-20000,IF(AND(BU52>11,BU52<=13),-40000,IF(BU52>13,-50000,0))))))) -> 0 | BX52: =IF(AND(BW52>0,BW52<=1),1.15,IF(AND(BW52>1,BW52<=3),1.1,IF(AND(BW52>3,BW52<=5),1.05,IF(AND(BW52>5,BW52<=9),1,IF(AND(BW52>9,BW52<=11),-0.05,IF(AND(BW52>11,BW52<=13),-0.1,IF(BW52>13,-0.15,0))))))) -> 0 | BY52: =#N/A -> #N/A | BZ52: =#N/A -> #N/A | CA52: =#N/A -> #N/A | CB52: =#N/A -> #N/A | CC52: =SUM(BY52:CB52) -> #N/A | CD52: =CC52-BB52 -> #N/A | CE52: =IF(CF52>0,BF52,0) -> 0 | CF52: =IF(BF52>=26,1,0) -> 0 | CL52: =#N/A -> #N/A | CM52: =#N/A -> #N/A | CN52: =#N/A -> #N/A | CO52: =#N/A -> #N/A | CP52: =SUM(CL52:CO52) -> #N/A | CQ52: =CP52-BC52 -> #N/A | CW52: =BU52 -> 0 | CX52: =BW52 -> 0 | CY52: =IF(COUNT(CW52:CX52)=2,ROUND((CW52+CX52)/2,2),CW52) -> 0
A53: 47 | B53: 1 | C53: 47 | G53: x | H53: x | I53: x | K53: x | L53: x | M53: 0 | N53: x | O53: x | P53: x | Q53: x | R53: x | S53: 0 | T53: x | U53: x | V53: x | W53: x | X53: x | Y53: x | Z53: x | AA53: x | AB53: 0 | AC53: x | AD53: x | AE53: x | AF53: x | AG53: x | AH53: x | AI53: 0 | AJ53: 0 | AK53: x | AP53: x | BB53: =COUNTIF(G53:U53,"X") -> 12 | BC53: =COUNTIF(V53:AK53,"X") -> 13 | BD53: =COUNTIF(AL53:BA53,"X") -> 1 | BE53: =COUNTIF(AU53:BA53,"x") -> 0 | BF53: =BB53+BC53 -> 25 | BK53: =IF(BO53>=26,1,0) -> 0 | BL53: =(BB53+BC53) -> 25 | BO53: =IF(BT53>0,BF53,0) -> 0 | BT53: =IF(BF53>=26,1,0) -> 0 | BV53: =IF(AND(BU53>0,BU53<=1),50000,IF(AND(BU53>1,BU53<=3),40000,IF(AND(BU53>3,BU53<=5),20000,IF(AND(BU53>5,BU53<=9),0,IF(AND(BU53>9,BU53<=11),-20000,IF(AND(BU53>11,BU53<=13),-40000,IF(BU53>13,-50000,0))))))) -> 0 | BX53: =IF(AND(BW53>0,BW53<=1),1.15,IF(AND(BW53>1,BW53<=3),1.1,IF(AND(BW53>3,BW53<=5),1.05,IF(AND(BW53>5,BW53<=9),1,IF(AND(BW53>9,BW53<=11),-0.05,IF(AND(BW53>11,BW53<=13),-0.1,IF(BW53>13,-0.15,0))))))) -> 0 | BY53: =#N/A -> #N/A | BZ53: =#N/A -> #N/A | CA53: =#N/A -> #N/A | CB53: =#N/A -> #N/A | CC53: =SUM(BY53:CB53) -> #N/A | CD53: =CC53-BB53 -> #N/A | CE53: =IF(CF53>0,BF53,0) -> 0 | CF53: =IF(BF53>=26,1,0) -> 0
A54: 48 | B54: 4 | C54: 137 | G54: x | H54: x | I54: x | J54: x | K54: x | L54: x | M54: x | N54: x | O54: x | P54: x | Q54: x | R54: x | S54: x | T54: x | U54: x | V54: x | W54: x | X54: x | Y54: x | Z54: x | AA54: x | AB54: x | AC54: x | AD54: x | AE54: x | AF54: x | AG54: x | AH54: x | AI54: x | AJ54: x | AK54: x | AN54: x | AO54: x | AS54: x | AT54: x | BB54: =COUNTIF(G54:U54,"X") -> 15 | BC54: =COUNTIF(V54:AK54,"X") -> 16 | BD54: =COUNTIF(AL54:BA54,"X") -> 4 | BE54: =COUNTIF(AU54:BA54,"x") -> 0 | BF54: =BB54+BC54 -> 31 | BK54: =IF(BO54>=26,1,0) -> 1 | BL54: =(BB54+BC54) -> 31 | BO54: =IF(BT54>0,BF54,0) -> 31 | BT54: =IF(BF54>=26,1,0) -> 1 | BV54: =IF(AND(BU54>0,BU54<=1),50000,IF(AND(BU54>1,BU54<=3),40000,IF(AND(BU54>3,BU54<=5),20000,IF(AND(BU54>5,BU54<=9),0,IF(AND(BU54>9,BU54<=11),-20000,IF(AND(BU54>11,BU54<=13),-40000,IF(BU54>13,-50000,0))))))) -> 0 | BX54: =IF(AND(BW54>0,BW54<=1),1.15,IF(AND(BW54>1,BW54<=3),1.1,IF(AND(BW54>3,BW54<=5),1.05,IF(AND(BW54>5,BW54<=9),1,IF(AND(BW54>9,BW54<=11),-0.05,IF(AND(BW54>11,BW54<=13),-0.1,IF(BW54>13,-0.15,0))))))) -> 0 | BY54: =#N/A -> #N/A | BZ54: =#N/A -> #N/A | CA54: =#N/A -> #N/A | CB54: =#N/A -> #N/A | CC54: =SUM(BY54:CB54) -> #N/A | CD54: =CC54-BB54 -> #N/A | CE54: =IF(CF54>0,BF54,0) -> 31 | CF54: =IF(BF54>=26,1,0) -> 1
A55: 49 | B55: 4 | C55: 138 | G55: x | H55: x | I55: x | J55: x | K55: x | L55: x | M55: x | N55: x | O55: x | P55: x | Q55: x | R55: x | S55: x | T55: x | U55: x | V55: x | W55: x | X55: x | Y55: x | Z55: x | AA55: x | AB55: x | AC55: x | AD55: x | AE55: x | AF55: x | AG55: x | AH55: x | AI55: x | AJ55: x | AK55: x | AN55: x | AO55: x | AS55: x | AT55: x | BB55: =COUNTIF(G55:U55,"X") -> 15 | BC55: =COUNTIF(V55:AK55,"X") -> 16 | BD55: =COUNTIF(AL55:BA55,"X") -> 4 | BE55: =COUNTIF(AU55:BA55,"x") -> 0 | BF55: =BB55+BC55 -> 31 | BK55: =IF(BO55>=26,1,0) -> 1 | BL55: =(BB55+BC55) -> 31 | BO55: =IF(BT55>0,BF55,0) -> 31 | BT55: =IF(BF55>=26,1,0) -> 1 | BV55: =IF(AND(BU55>0,BU55<=1),50000,IF(AND(BU55>1,BU55<=3),40000,IF(AND(BU55>3,BU55<=5),20000,IF(AND(BU55>5,BU55<=9),0,IF(AND(BU55>9,BU55<=11),-20000,IF(AND(BU55>11,BU55<=13),-40000,IF(BU55>13,-50000,0))))))) -> 0 | BX55: =IF(AND(BW55>0,BW55<=1),1.15,IF(AND(BW55>1,BW55<=3),1.1,IF(AND(BW55>3,BW55<=5),1.05,IF(AND(BW55>5,BW55<=9),1,IF(AND(BW55>9,BW55<=11),-0.05,IF(AND(BW55>11,BW55<=13),-0.1,IF(BW55>13,-0.15,0))))))) -> 0 | BY55: =#N/A -> #N/A | BZ55: =#N/A -> #N/A | CA55: =#N/A -> #N/A | CB55: =#N/A -> #N/A | CC55: =SUM(BY55:CB55) -> #N/A | CD55: =CC55-BB55 -> #N/A | CE55: =IF(CF55>0,BF55,0) -> 31 | CF55: =IF(BF55>=26,1,0) -> 1
A56: 50 | B56: 4 | C56: 139 | G56: x | H56: x | I56: x | J56: x | K56: x | L56: x | M56: x | N56: x | O56: x | P56: x | Q56: x | R56: x | S56: x | T56: x | U56: x | V56: x | W56: x | X56: x | Y56: x | Z56: x | AA56: x | AB56: x | AC56: x | AD56: x | AE56: x | AF56: x | AG56: 0 | AH56: x | AI56: x | AJ56: x | AK56: x | AN56: x | AO56: x | AS56: 0 | AT56: x | BB56: =COUNTIF(G56:U56,"X") -> 15 | BC56: =COUNTIF(V56:AK56,"X") -> 15 | BD56: =COUNTIF(AL56:BA56,"X") -> 3 | BE56: =COUNTIF(AU56:BA56,"x") -> 0 | BF56: =BB56+BC56 -> 30 | BK56: =IF(BO56>=26,1,0) -> 1 | BL56: =(BB56+BC56) -> 30 | BO56: =IF(BT56>0,BF56,0) -> 30 | BT56: =IF(BF56>=26,1,0) -> 1 | BV56: =IF(AND(BU56>0,BU56<=1),50000,IF(AND(BU56>1,BU56<=3),40000,IF(AND(BU56>3,BU56<=5),20000,IF(AND(BU56>5,BU56<=9),0,IF(AND(BU56>9,BU56<=11),-20000,IF(AND(BU56>11,BU56<=13),-40000,IF(BU56>13,-50000,0))))))) -> 0 | BX56: =IF(AND(BW56>0,BW56<=1),1.15,IF(AND(BW56>1,BW56<=3),1.1,IF(AND(BW56>3,BW56<=5),1.05,IF(AND(BW56>5,BW56<=9),1,IF(AND(BW56>9,BW56<=11),-0.05,IF(AND(BW56>11,BW56<=13),-0.1,IF(BW56>13,-0.15,0))))))) -> 0 | BY56: =#N/A -> #N/A | BZ56: =#N/A -> #N/A | CA56: =#N/A -> #N/A | CB56: =#N/A -> #N/A | CC56: =SUM(BY56:CB56) -> #N/A | CD56: =CC56-BB56 -> #N/A | CE56: =IF(CF56>0,BF56,0) -> 30 | CF56: =IF(BF56>=26,1,0) -> 1
A57: 51 | B57: 4 | C57: 140 | G57: 0 | H57: x | I57: x | J57: x | K57: x | L57: x | M57: 0 | N57: x | O57: x | P57: x | Q57: x | R57: x | S57: x | T57: x | U57: x | V57: x | W57: x | X57: x | Y57: x | Z57: x | AA57: x | AB57: x | AC57: x | AD57: x | AE57: 0 | AF57: x | AG57: x | AH57: x | AI57: x | AJ57: x | AK57: x | AN57: x | AO57: x | AS57: x | AT57: x | BB57: =COUNTIF(G57:U57,"X") -> 13 | BC57: =COUNTIF(V57:AK57,"X") -> 15 | BD57: =COUNTIF(AL57:BA57,"X") -> 4 | BE57: =COUNTIF(AU57:BA57,"x") -> 0 | BF57: =BB57+BC57 -> 28 | BK57: =IF(BO57>=26,1,0) -> 1 | BL57: =(BB57+BC57) -> 28 | BO57: =IF(BT57>0,BF57,0) -> 28 | BT57: =IF(BF57>=26,1,0) -> 1 | BV57: =IF(AND(BU57>0,BU57<=1),50000,IF(AND(BU57>1,BU57<=3),40000,IF(AND(BU57>3,BU57<=5),20000,IF(AND(BU57>5,BU57<=9),0,IF(AND(BU57>9,BU57<=11),-20000,IF(AND(BU57>11,BU57<=13),-40000,IF(BU57>13,-50000,0))))))) -> 0 | BX57: =IF(AND(BW57>0,BW57<=1),1.15,IF(AND(BW57>1,BW57<=3),1.1,IF(AND(BW57>3,BW57<=5),1.05,IF(AND(BW57>5,BW57<=9),1,IF(AND(BW57>9,BW57<=11),-0.05,IF(AND(BW57>11,BW57<=13),-0.1,IF(BW57>13,-0.15,0))))))) -> 0 | BY57: =#N/A -> #N/A | BZ57: =#N/A -> #N/A | CA57: =#N/A -> #N/A | CB57: =#N/A -> #N/A | CC57: =SUM(BY57:CB57) -> #N/A | CD57: =CC57-BB57 -> #N/A | CE57: =IF(CF57>0,BF57,0) -> 28 | CF57: =IF(BF57>=26,1,0) -> 1
A58: 52 | B58: 4 | C58: 141 | G58: x | H58: x | I58: x | J58: x | K58: x | L58: x | M58: x | N58: x | O58: x | P58: x | Q58: x | R58: x | S58: x | T58: x | U58: x | V58: x | W58: x | X58: x | Y58: x | Z58: x | AA58: x | AB58: x | AC58: x | AD58: x | AE58: x | AF58: x | AG58: x | AH58: x | AI58: x | AJ58: x | AK58: x | AN58: x | AO58: x | AS58: x | AT58: x | BB58: =COUNTIF(G58:U58,"X") -> 15 | BC58: =COUNTIF(V58:AK58,"X") -> 16 | BD58: =COUNTIF(AL58:BA58,"X") -> 4 | BE58: =COUNTIF(AU58:BA58,"x") -> 0 | BF58: =BB58+BC58 -> 31 | BK58: =IF(BO58>=26,1,0) -> 1 | BL58: =(BB58+BC58) -> 31 | BO58: =IF(BT58>0,BF58,0) -> 31 | BT58: =IF(BF58>=26,1,0) -> 1 | BV58: =IF(AND(BU58>0,BU58<=1),50000,IF(AND(BU58>1,BU58<=3),40000,IF(AND(BU58>3,BU58<=5),20000,IF(AND(BU58>5,BU58<=9),0,IF(AND(BU58>9,BU58<=11),-20000,IF(AND(BU58>11,BU58<=13),-40000,IF(BU58>13,-50000,0))))))) -> 0 | BX58: =IF(AND(BW58>0,BW58<=1),1.15,IF(AND(BW58>1,BW58<=3),1.1,IF(AND(BW58>3,BW58<=5),1.05,IF(AND(BW58>5,BW58<=9),1,IF(AND(BW58>9,BW58<=11),-0.05,IF(AND(BW58>11,BW58<=13),-0.1,IF(BW58>13,-0.15,0))))))) -> 0 | BY58: =#N/A -> #N/A | BZ58: =#N/A -> #N/A | CA58: =#N/A -> #N/A | CB58: =#N/A -> #N/A | CC58: =SUM(BY58:CB58) -> #N/A | CD58: =CC58-BB58 -> #N/A | CE58: =IF(CF58>0,BF58,0) -> 31 | CF58: =IF(BF58>=26,1,0) -> 1
A59: 53 | B59: 4 | C59: 142 | G59: x | H59: x | I59: x | J59: 0 | K59: x | L59: x | M59: x | N59: x | O59: x | P59: x | Q59: x | R59: x | S59: x | T59: x | U59: x | V59: x | W59: x | X59: x | Y59: x | Z59: x | AA59: 0 | AB59: x | AC59: x | AD59: x | AE59: x | AF59: x | AG59: x | AH59: x | AI59: x | AJ59: x | AK59: x | AN59: x | AO59: 0 | AS59: x | AT59: x | BB59: =COUNTIF(G59:U59,"X") -> 14 | BC59: =COUNTIF(V59:AK59,"X") -> 15 | BD59: =COUNTIF(AL59:BA59,"X") -> 3 | BE59: =COUNTIF(AU59:BA59,"x") -> 0 | BF59: =BB59+BC59 -> 29 | BK59: =IF(BO59>=26,1,0) -> 1 | BL59: =(BB59+BC59) -> 29 | BO59: =IF(BT59>0,BF59,0) -> 29 | BT59: =IF(BF59>=26,1,0) -> 1 | BV59: =IF(AND(BU59>0,BU59<=1),50000,IF(AND(BU59>1,BU59<=3),40000,IF(AND(BU59>3,BU59<=5),20000,IF(AND(BU59>5,BU59<=9),0,IF(AND(BU59>9,BU59<=11),-20000,IF(AND(BU59>11,BU59<=13),-40000,IF(BU59>13,-50000,0))))))) -> 0 | BX59: =IF(AND(BW59>0,BW59<=1),1.15,IF(AND(BW59>1,BW59<=3),1.1,IF(AND(BW59>3,BW59<=5),1.05,IF(AND(BW59>5,BW59<=9),1,IF(AND(BW59>9,BW59<=11),-0.05,IF(AND(BW59>11,BW59<=13),-0.1,IF(BW59>13,-0.15,0))))))) -> 0 | BY59: =#N/A -> #N/A | BZ59: =#N/A -> #N/A | CA59: =#N/A -> #N/A | CB59: =#N/A -> #N/A | CC59: =SUM(BY59:CB59) -> #N/A | CD59: =CC59-BB59 -> #N/A | CE59: =IF(CF59>0,BF59,0) -> 29 | CF59: =IF(BF59>=26,1,0) -> 1
A60: 54 | B60: 4 | C60: 143 | G60: x | H60: x | I60: x | J60: x | K60: x | L60: x | M60: x | N60: x | O60: x | P60: x | Q60: x | R60: x | S60: x | T60: x | U60: x | V60: x | W60: x | X60: x | Y60: x | Z60: x | AA60: x | AB60: x | AC60: x | AD60: x | AE60: x | AF60: x | AG60: x | AH60: x | AI60: x | AJ60: x | AK60: x | AN60: x | AO60: x | AS60: x | AT60: x | BB60: =COUNTIF(G60:U60,"X") -> 15 | BC60: =COUNTIF(V60:AK60,"X") -> 16 | BD60: =COUNTIF(AL60:BA60,"X") -> 4 | BE60: =COUNTIF(AU60:BA60,"x") -> 0 | BF60: =BB60+BC60 -> 31 | BK60: =IF(BO60>=26,1,0) -> 1 | BL60: =(BB60+BC60) -> 31 | BO60: =IF(BT60>0,BF60,0) -> 31 | BT60: =IF(BF60>=26,1,0) -> 1 | BV60: =IF(AND(BU60>0,BU60<=1),50000,IF(AND(BU60>1,BU60<=3),40000,IF(AND(BU60>3,BU60<=5),20000,IF(AND(BU60>5,BU60<=9),0,IF(AND(BU60>9,BU60<=11),-20000,IF(AND(BU60>11,BU60<=13),-40000,IF(BU60>13,-50000,0))))))) -> 0 | BX60: =IF(AND(BW60>0,BW60<=1),1.15,IF(AND(BW60>1,BW60<=3),1.1,IF(AND(BW60>3,BW60<=5),1.05,IF(AND(BW60>5,BW60<=9),1,IF(AND(BW60>9,BW60<=11),-0.05,IF(AND(BW60>11,BW60<=13),-0.1,IF(BW60>13,-0.15,0))))))) -> 0 | BY60: =#N/A -> #N/A | BZ60: =#N/A -> #N/A | CA60: =#N/A -> #N/A | CB60: =#N/A -> #N/A | CC60: =SUM(BY60:CB60) -> #N/A | CD60: =CC60-BB60 -> #N/A | CE60: =IF(CF60>0,BF60,0) -> 31 | CF60: =IF(BF60>=26,1,0) -> 1
A61: 55 | B61: 4 | C61: 144 | G61: x | H61: x | I61: x | J61: 0 | K61: x | L61: x | M61: x | N61: x | O61: x | P61: x | Q61: x | R61: x | S61: x | T61: x | U61: x | V61: x | W61: x | X61: x | Y61: x | Z61: x | AA61: x | AB61: x | AC61: x | AD61: x | AE61: x | AF61: x | AG61: x | AH61: x | AI61: x | AJ61: x | AK61: x | AN61: x | AO61: x | AS61: x | AT61: x | BB61: =COUNTIF(G61:U61,"X") -> 14 | BC61: =COUNTIF(V61:AK61,"X") -> 16 | BD61: =COUNTIF(AL61:BA61,"X") -> 4 | BE61: =COUNTIF(AU61:BA61,"x") -> 0 | BF61: =BB61+BC61 -> 30 | BK61: =IF(BO61>=26,1,0) -> 1 | BL61: =(BB61+BC61) -> 30 | BO61: =IF(BT61>0,BF61,0) -> 30 | BT61: =IF(BF61>=26,1,0) -> 1 | BV61: =IF(AND(BU61>0,BU61<=1),50000,IF(AND(BU61>1,BU61<=3),40000,IF(AND(BU61>3,BU61<=5),20000,IF(AND(BU61>5,BU61<=9),0,IF(AND(BU61>9,BU61<=11),-20000,IF(AND(BU61>11,BU61<=13),-40000,IF(BU61>13,-50000,0))))))) -> 0 | BX61: =IF(AND(BW61>0,BW61<=1),1.15,IF(AND(BW61>1,BW61<=3),1.1,IF(AND(BW61>3,BW61<=5),1.05,IF(AND(BW61>5,BW61<=9),1,IF(AND(BW61>9,BW61<=11),-0.05,IF(AND(BW61>11,BW61<=13),-0.1,IF(BW61>13,-0.15,0))))))) -> 0 | BY61: =#N/A -> #N/A | BZ61: =#N/A -> #N/A | CA61: =#N/A -> #N/A | CB61: =#N/A -> #N/A | CC61: =SUM(BY61:CB61) -> #N/A | CD61: =CC61-BB61 -> #N/A | CE61: =IF(CF61>0,BF61,0) -> 30 | CF61: =IF(BF61>=26,1,0) -> 1
A62: 56 | B62: 4 | C62: 145 | G62: x | H62: x | I62: x | J62: x | K62: x | L62: x | M62: x | N62: x | O62: x | P62: x | Q62: x | R62: x | S62: x | T62: x | U62: x | V62: x | W62: x | X62: x | Y62: x | Z62: 0 | AA62: 0 | AB62: 0 | AC62: x | AD62: x | AE62: x | AF62: x | AG62: x | AH62: x | AI62: x | AJ62: x | AK62: x | AN62: x | AO62: 0 | AS62: x | AT62: x | BB62: =COUNTIF(G62:U62,"X") -> 15 | BC62: =COUNTIF(V62:AK62,"X") -> 13 | BD62: =COUNTIF(AL62:BA62,"X") -> 3 | BE62: =COUNTIF(AU62:BA62,"x") -> 0 | BF62: =BB62+BC62 -> 28 | BK62: =IF(BO62>=26,1,0) -> 1 | BL62: =(BB62+BC62) -> 28 | BO62: =IF(BT62>0,BF62,0) -> 28 | BT62: =IF(BF62>=26,1,0) -> 1 | BV62: =IF(AND(BU62>0,BU62<=1),50000,IF(AND(BU62>1,BU62<=3),40000,IF(AND(BU62>3,BU62<=5),20000,IF(AND(BU62>5,BU62<=9),0,IF(AND(BU62>9,BU62<=11),-20000,IF(AND(BU62>11,BU62<=13),-40000,IF(BU62>13,-50000,0))))))) -> 0 | BX62: =IF(AND(BW62>0,BW62<=1),1.15,IF(AND(BW62>1,BW62<=3),1.1,IF(AND(BW62>3,BW62<=5),1.05,IF(AND(BW62>5,BW62<=9),1,IF(AND(BW62>9,BW62<=11),-0.05,IF(AND(BW62>11,BW62<=13),-0.1,IF(BW62>13,-0.15,0))))))) -> 0 | BY62: =#N/A -> #N/A | BZ62: =#N/A -> #N/A | CA62: =#N/A -> #N/A | CB62: =#N/A -> #N/A | CC62: =SUM(BY62:CB62) -> #N/A | CD62: =CC62-BB62 -> #N/A | CE62: =IF(CF62>0,BF62,0) -> 28 | CF62: =IF(BF62>=26,1,0) -> 1
A63: 57 | B63: 4 | C63: 146 | G63: x | H63: x | I63: x | J63: 0 | K63: x | L63: x | M63: x | N63: x | O63: x | P63: x | Q63: x | R63: x | S63: x | T63: x | U63: x | V63: x | W63: x | X63: x | Y63: x | Z63: x | AA63: x | AB63: x | AC63: x | AD63: x | AE63: x | AF63: x | AG63: x | AH63: x | AI63: x | AJ63: x | AK63: x | AN63: x | AO63: x | AS63: x | AT63: x | BB63: =COUNTIF(G63:U63,"X") -> 14 | BC63: =COUNTIF(V63:AK63,"X") -> 16 | BD63: =COUNTIF(AL63:BA63,"X") -> 4 | BE63: =COUNTIF(AU63:BA63,"x") -> 0 | BF63: =BB63+BC63 -> 30 | BK63: =IF(BO63>=26,1,0) -> 1 | BL63: =(BB63+BC63) -> 30 | BO63: =IF(BT63>0,BF63,0) -> 30 | BT63: =IF(BF63>=26,1,0) -> 1 | BV63: =IF(AND(BU63>0,BU63<=1),50000,IF(AND(BU63>1,BU63<=3),40000,IF(AND(BU63>3,BU63<=5),20000,IF(AND(BU63>5,BU63<=9),0,IF(AND(BU63>9,BU63<=11),-20000,IF(AND(BU63>11,BU63<=13),-40000,IF(BU63>13,-50000,0))))))) -> 0 | BX63: =IF(AND(BW63>0,BW63<=1),1.15,IF(AND(BW63>1,BW63<=3),1.1,IF(AND(BW63>3,BW63<=5),1.05,IF(AND(BW63>5,BW63<=9),1,IF(AND(BW63>9,BW63<=11),-0.05,IF(AND(BW63>11,BW63<=13),-0.1,IF(BW63>13,-0.15,0))))))) -> 0 | BY63: =#N/A -> #N/A | BZ63: =#N/A -> #N/A | CA63: =#N/A -> #N/A | CB63: =#N/A -> #N/A | CC63: =SUM(BY63:CB63) -> #N/A | CD63: =CC63-BB63 -> #N/A | CE63: =IF(CF63>0,BF63,0) -> 30 | CF63: =IF(BF63>=26,1,0) -> 1
A64: 58 | B64: 4 | C64: 147 | G64: x | H64: x | I64: x | J64: 0 | K64: x | L64: x | M64: x | N64: x | O64: x | P64: x | Q64: x | R64: x | S64: x | T64: x | U64: x | V64: x | W64: x | X64: x | Y64: x | Z64: x | AA64: x | AB64: x | AC64: x | AD64: x | AE64: x | AF64: x | AG64: x | AH64: x | AI64: x | AJ64: x | AK64: x | AN64: x | AO64: x | AS64: x | AT64: x | BB64: =COUNTIF(G64:U64,"X") -> 14 | BC64: =COUNTIF(V64:AK64,"X") -> 16 | BD64: =COUNTIF(AL64:BA64,"X") -> 4 | BE64: =COUNTIF(AU64:BA64,"x") -> 0 | BF64: =BB64+BC64 -> 30 | BK64: =IF(BO64>=26,1,0) -> 1 | BL64: =(BB64+BC64) -> 30 | BO64: =IF(BT64>0,BF64,0) -> 30 | BT64: =IF(BF64>=26,1,0) -> 1 | BV64: =IF(AND(BU64>0,BU64<=1),50000,IF(AND(BU64>1,BU64<=3),40000,IF(AND(BU64>3,BU64<=5),20000,IF(AND(BU64>5,BU64<=9),0,IF(AND(BU64>9,BU64<=11),-20000,IF(AND(BU64>11,BU64<=13),-40000,IF(BU64>13,-50000,0))))))) -> 0 | BX64: =IF(AND(BW64>0,BW64<=1),1.15,IF(AND(BW64>1,BW64<=3),1.1,IF(AND(BW64>3,BW64<=5),1.05,IF(AND(BW64>5,BW64<=9),1,IF(AND(BW64>9,BW64<=11),-0.05,IF(AND(BW64>11,BW64<=13),-0.1,IF(BW64>13,-0.15,0))))))) -> 0 | BY64: =#N/A -> #N/A | BZ64: =#N/A -> #N/A | CA64: =#N/A -> #N/A | CB64: =#N/A -> #N/A | CC64: =SUM(BY64:CB64) -> #N/A | CD64: =CC64-BB64 -> #N/A | CE64: =IF(CF64>0,BF64,0) -> 30 | CF64: =IF(BF64>=26,1,0) -> 1
A65: 59 | B65: 4 | C65: 148 | G65: x | H65: x | I65: x | J65: x | K65: x | L65: x | M65: x | N65: x | O65: x | P65: x | Q65: x | R65: x | S65: x | T65: x | U65: x | V65: x | W65: x | X65: x | Y65: x | Z65: x | AA65: x | AB65: x | AC65: x | AD65: x | AE65: x | AF65: x | AG65: x | AH65: x | AI65: x | AJ65: x | AK65: x | AN65: x | AO65: x | AS65: x | AT65: x | BB65: =COUNTIF(G65:U65,"X") -> 15 | BC65: =COUNTIF(V65:AK65,"X") -> 16 | BD65: =COUNTIF(AL65:BA65,"X") -> 4 | BE65: =COUNTIF(AU65:BA65,"x") -> 0 | BF65: =BB65+BC65 -> 31 | BK65: =IF(BO65>=26,1,0) -> 1 | BL65: =(BB65+BC65) -> 31 | BO65: =IF(BT65>0,BF65,0) -> 31 | BT65: =IF(BF65>=26,1,0) -> 1 | BV65: =IF(AND(BU65>0,BU65<=1),50000,IF(AND(BU65>1,BU65<=3),40000,IF(AND(BU65>3,BU65<=5),20000,IF(AND(BU65>5,BU65<=9),0,IF(AND(BU65>9,BU65<=11),-20000,IF(AND(BU65>11,BU65<=13),-40000,IF(BU65>13,-50000,0))))))) -> 0 | BX65: =IF(AND(BW65>0,BW65<=1),1.15,IF(AND(BW65>1,BW65<=3),1.1,IF(AND(BW65>3,BW65<=5),1.05,IF(AND(BW65>5,BW65<=9),1,IF(AND(BW65>9,BW65<=11),-0.05,IF(AND(BW65>11,BW65<=13),-0.1,IF(BW65>13,-0.15,0))))))) -> 0 | BY65: =#N/A -> #N/A | BZ65: =#N/A -> #N/A | CA65: =#N/A -> #N/A | CB65: =#N/A -> #N/A | CC65: =SUM(BY65:CB65) -> #N/A | CD65: =CC65-BB65 -> #N/A | CE65: =IF(CF65>0,BF65,0) -> 31 | CF65: =IF(BF65>=26,1,0) -> 1
A66: 60 | B66: 4 | C66: 149 | G66: x | H66: x | I66: x | J66: 0 | K66: x | L66: x | M66: x | N66: 0 | O66: x | P66: x | Q66: x | R66: x | S66: x | T66: x | U66: x | V66: x | W66: x | X66: x | Y66: x | Z66: x | AA66: 0 | AB66: x | AC66: x | AD66: x | AE66: x | AF66: x | AG66: x | AH66: x | AI66: x | AJ66: x | AK66: x | AN66: x | AO66: x | AS66: x | AT66: x | BB66: =COUNTIF(G66:U66,"X") -> 13 | BC66: =COUNTIF(V66:AK66,"X") -> 15 | BD66: =COUNTIF(AL66:BA66,"X") -> 4 | BE66: =COUNTIF(AU66:BA66,"x") -> 0 | BF66: =BB66+BC66 -> 28 | BK66: =IF(BO66>=26,1,0) -> 1 | BL66: =(BB66+BC66) -> 28 | BO66: =IF(BT66>0,BF66,0) -> 28 | BT66: =IF(BF66>=26,1,0) -> 1 | BV66: =IF(AND(BU66>0,BU66<=1),50000,IF(AND(BU66>1,BU66<=3),40000,IF(AND(BU66>3,BU66<=5),20000,IF(AND(BU66>5,BU66<=9),0,IF(AND(BU66>9,BU66<=11),-20000,IF(AND(BU66>11,BU66<=13),-40000,IF(BU66>13,-50000,0))))))) -> 0 | BX66: =IF(AND(BW66>0,BW66<=1),1.15,IF(AND(BW66>1,BW66<=3),1.1,IF(AND(BW66>3,BW66<=5),1.05,IF(AND(BW66>5,BW66<=9),1,IF(AND(BW66>9,BW66<=11),-0.05,IF(AND(BW66>11,BW66<=13),-0.1,IF(BW66>13,-0.15,0))))))) -> 0 | BY66: =#N/A -> #N/A | BZ66: =#N/A -> #N/A | CA66: =#N/A -> #N/A | CB66: =#N/A -> #N/A | CC66: =SUM(BY66:CB66) -> #N/A | CD66: =CC66-BB66 -> #N/A | CE66: =IF(CF66>0,BF66,0) -> 28 | CF66: =IF(BF66>=26,1,0) -> 1
A67: 61 | B67: 4 | C67: 150 | G67: x | H67: 0 | I67: x | J67: 0 | K67: x | L67: x | M67: x | N67: x | O67: x | P67: x | Q67: x | R67: x | S67: x | T67: x | U67: x | V67: x | W67: x | X67: x | Y67: x | Z67: x | AA67: x | AB67: x | AC67: x | AD67: x | AE67: x | AF67: x | AG67: x | AH67: x | AI67: x | AJ67: x | AK67: 0 | AN67: x | AO67: x | AS67: x | AT67: x | BB67: =COUNTIF(G67:U67,"X") -> 13 | BC67: =COUNTIF(V67:AK67,"X") -> 15 | BD67: =COUNTIF(AL67:BA67,"X") -> 4 | BE67: =COUNTIF(AU67:BA67,"x") -> 0 | BF67: =BB67+BC67 -> 28 | BK67: =IF(BO67>=26,1,0) -> 1 | BL67: =(BB67+BC67) -> 28 | BO67: =IF(BT67>0,BF67,0) -> 28 | BT67: =IF(BF67>=26,1,0) -> 1 | BV67: =IF(AND(BU67>0,BU67<=1),50000,IF(AND(BU67>1,BU67<=3),40000,IF(AND(BU67>3,BU67<=5),20000,IF(AND(BU67>5,BU67<=9),0,IF(AND(BU67>9,BU67<=11),-20000,IF(AND(BU67>11,BU67<=13),-40000,IF(BU67>13,-50000,0))))))) -> 0 | BX67: =IF(AND(BW67>0,BW67<=1),1.15,IF(AND(BW67>1,BW67<=3),1.1,IF(AND(BW67>3,BW67<=5),1.05,IF(AND(BW67>5,BW67<=9),1,IF(AND(BW67>9,BW67<=11),-0.05,IF(AND(BW67>11,BW67<=13),-0.1,IF(BW67>13,-0.15,0))))))) -> 0 | BY67: =#N/A -> #N/A | BZ67: =#N/A -> #N/A | CA67: =#N/A -> #N/A | CB67: =#N/A -> #N/A | CC67: =SUM(BY67:CB67) -> #N/A | CD67: =CC67-BB67 -> #N/A | CE67: =IF(CF67>0,BF67,0) -> 28 | CF67: =IF(BF67>=26,1,0) -> 1
A68: 62 | B68: 4 | C68: 151 | G68: x | H68: x | I68: x | J68: 0 | K68: x | L68: x | M68: x | N68: x | O68: x | P68: x | Q68: 0 | R68: x | S68: x | T68: x | U68: x | V68: x | W68: x | X68: x | Y68: x | Z68: x | AA68: x | AB68: x | AC68: 0 | AD68: x | AE68: x | AF68: x | AG68: x | AH68: x | AI68: x | AJ68: x | AK68: x | AN68: x | AO68: x | AS68: x | AT68: x | BB68: =COUNTIF(G68:U68,"X") -> 13 | BC68: =COUNTIF(V68:AK68,"X") -> 15 | BD68: =COUNTIF(AL68:BA68,"X") -> 4 | BE68: =COUNTIF(AU68:BA68,"x") -> 0 | BF68: =BB68+BC68 -> 28 | BK68: =IF(BO68>=26,1,0) -> 1 | BL68: =(BB68+BC68) -> 28 | BO68: =IF(BT68>0,BF68,0) -> 28 | BT68: =IF(BF68>=26,1,0) -> 1 | BV68: =IF(AND(BU68>0,BU68<=1),50000,IF(AND(BU68>1,BU68<=3),40000,IF(AND(BU68>3,BU68<=5),20000,IF(AND(BU68>5,BU68<=9),0,IF(AND(BU68>9,BU68<=11),-20000,IF(AND(BU68>11,BU68<=13),-40000,IF(BU68>13,-50000,0))))))) -> 0 | BX68: =IF(AND(BW68>0,BW68<=1),1.15,IF(AND(BW68>1,BW68<=3),1.1,IF(AND(BW68>3,BW68<=5),1.05,IF(AND(BW68>5,BW68<=9),1,IF(AND(BW68>9,BW68<=11),-0.05,IF(AND(BW68>11,BW68<=13),-0.1,IF(BW68>13,-0.15,0))))))) -> 0 | BY68: =#N/A -> #N/A | BZ68: =#N/A -> #N/A | CA68: =#N/A -> #N/A | CB68: =#N/A -> #N/A | CC68: =SUM(BY68:CB68) -> #N/A | CD68: =CC68-BB68 -> #N/A | CE68: =IF(CF68>0,BF68,0) -> 28 | CF68: =IF(BF68>=26,1,0) -> 1
A69: 63 | B69: 4 | C69: 152 | G69: x | H69: x | I69: x | J69: x | K69: x | L69: x | M69: x | N69: x | O69: x | P69: x | Q69: 0 | R69: x | S69: x | T69: x | U69: x | V69: x | W69: x | X69: x | Y69: x | Z69: x | AA69: x | AB69: x | AC69: 0 | AD69: x | AE69: x | AF69: x | AG69: x | AH69: x | AI69: x | AJ69: x | AK69: x | AN69: x | AO69: x | AS69: x | AT69: x | BB69: =COUNTIF(G69:U69,"X") -> 14 | BC69: =COUNTIF(V69:AK69,"X") -> 15 | BD69: =COUNTIF(AL69:BA69,"X") -> 4 | BE69: =COUNTIF(AU69:BA69,"x") -> 0 | BF69: =BB69+BC69 -> 29 | BK69: =IF(BO69>=26,1,0) -> 1 | BL69: =(BB69+BC69) -> 29 | BO69: =IF(BT69>0,BF69,0) -> 29 | BT69: =IF(BF69>=26,1,0) -> 1 | BV69: =IF(AND(BU69>0,BU69<=1),50000,IF(AND(BU69>1,BU69<=3),40000,IF(AND(BU69>3,BU69<=5),20000,IF(AND(BU69>5,BU69<=9),0,IF(AND(BU69>9,BU69<=11),-20000,IF(AND(BU69>11,BU69<=13),-40000,IF(BU69>13,-50000,0))))))) -> 0 | BX69: =IF(AND(BW69>0,BW69<=1),1.15,IF(AND(BW69>1,BW69<=3),1.1,IF(AND(BW69>3,BW69<=5),1.05,IF(AND(BW69>5,BW69<=9),1,IF(AND(BW69>9,BW69<=11),-0.05,IF(AND(BW69>11,BW69<=13),-0.1,IF(BW69>13,-0.15,0))))))) -> 0 | BY69: =#N/A -> #N/A | BZ69: =#N/A -> #N/A | CA69: =#N/A -> #N/A | CB69: =#N/A -> #N/A | CC69: =SUM(BY69:CB69) -> #N/A | CD69: =CC69-BB69 -> #N/A | CE69: =IF(CF69>0,BF69,0) -> 29 | CF69: =IF(BF69>=26,1,0) -> 1
A70: 64 | B70: 4 | C70: 153 | G70: x | H70: x | I70: x | J70: 0 | K70: x | L70: x | M70: x | N70: x | O70: x | P70: x | Q70: x | R70: x | S70: x | T70: x | U70: x | V70: x | W70: x | X70: x | Y70: x | Z70: x | AA70: x | AB70: x | AC70: x | AD70: x | AE70: x | AF70: x | AG70: x | AH70: x | AI70: x | AJ70: x | AK70: x | AN70: x | AO70: x | AS70: x | AT70: x | BB70: =COUNTIF(G70:U70,"X") -> 14 | BC70: =COUNTIF(V70:AK70,"X") -> 16 | BD70: =COUNTIF(AL70:BA70,"X") -> 4 | BE70: =COUNTIF(AU70:BA70,"x") -> 0 | BF70: =BB70+BC70 -> 30 | BK70: =IF(BO70>=26,1,0) -> 1 | BL70: =(BB70+BC70) -> 30 | BO70: =IF(BT70>0,BF70,0) -> 30 | BT70: =IF(BF70>=26,1,0) -> 1 | BV70: =IF(AND(BU70>0,BU70<=1),50000,IF(AND(BU70>1,BU70<=3),40000,IF(AND(BU70>3,BU70<=5),20000,IF(AND(BU70>5,BU70<=9),0,IF(AND(BU70>9,BU70<=11),-20000,IF(AND(BU70>11,BU70<=13),-40000,IF(BU70>13,-50000,0))))))) -> 0 | BX70: =IF(AND(BW70>0,BW70<=1),1.15,IF(AND(BW70>1,BW70<=3),1.1,IF(AND(BW70>3,BW70<=5),1.05,IF(AND(BW70>5,BW70<=9),1,IF(AND(BW70>9,BW70<=11),-0.05,IF(AND(BW70>11,BW70<=13),-0.1,IF(BW70>13,-0.15,0))))))) -> 0 | BY70: =#N/A -> #N/A | BZ70: =#N/A -> #N/A | CA70: =#N/A -> #N/A | CB70: =#N/A -> #N/A | CC70: =SUM(BY70:CB70) -> #N/A | CD70: =CC70-BB70 -> #N/A | CE70: =IF(CF70>0,BF70,0) -> 30 | CF70: =IF(BF70>=26,1,0) -> 1
A71: 65 | B71: 4 | C71: 154 | G71: x | H71: x | I71: x | J71: x | K71: x | L71: x | M71: x | N71: x | O71: x | P71: x | Q71: x | R71: x | S71: x | T71: x | U71: x | V71: x | W71: x | X71: x | Y71: x | Z71: x | AA71: x | AB71: x | AC71: x | AD71: x | AE71: x | AF71: x | AG71: x | AH71: x | AI71: x | AJ71: x | AK71: x | AN71: x | AO71: x | AS71: x | AT71: x | BB71: =COUNTIF(G71:U71,"X") -> 15 | BC71: =COUNTIF(V71:AK71,"X") -> 16 | BD71: =COUNTIF(AL71:BA71,"X") -> 4 | BE71: =COUNTIF(AU71:BA71,"x") -> 0 | BF71: =BB71+BC71 -> 31 | BK71: =IF(BO71>=26,1,0) -> 1 | BL71: =(BB71+BC71) -> 31 | BO71: =IF(BT71>0,BF71,0) -> 31 | BT71: =IF(BF71>=26,1,0) -> 1 | BV71: =IF(AND(BU71>0,BU71<=1),50000,IF(AND(BU71>1,BU71<=3),40000,IF(AND(BU71>3,BU71<=5),20000,IF(AND(BU71>5,BU71<=9),0,IF(AND(BU71>9,BU71<=11),-20000,IF(AND(BU71>11,BU71<=13),-40000,IF(BU71>13,-50000,0))))))) -> 0 | BX71: =IF(AND(BW71>0,BW71<=1),1.15,IF(AND(BW71>1,BW71<=3),1.1,IF(AND(BW71>3,BW71<=5),1.05,IF(AND(BW71>5,BW71<=9),1,IF(AND(BW71>9,BW71<=11),-0.05,IF(AND(BW71>11,BW71<=13),-0.1,IF(BW71>13,-0.15,0))))))) -> 0 | BY71: =#N/A -> #N/A | BZ71: =#N/A -> #N/A | CA71: =#N/A -> #N/A | CB71: =#N/A -> #N/A | CC71: =SUM(BY71:CB71) -> #N/A | CD71: =CC71-BB71 -> #N/A | CE71: =IF(CF71>0,BF71,0) -> 31 | CF71: =IF(BF71>=26,1,0) -> 1
A72: 66 | B72: 4 | C72: 155 | G72: x | H72: x | I72: x | J72: x | K72: x | L72: 0 | M72: x | N72: x | O72: x | P72: x | Q72: x | R72: x | S72: x | T72: x | U72: x | V72: x | W72: x | X72: x | Y72: x | Z72: x | AA72: x | AB72: x | AC72: x | AD72: x | AE72: x | AF72: x | AG72: x | AH72: x | AI72: x | AJ72: x | AK72: x | AN72: x | AO72: x | AS72: x | AT72: x | BB72: =COUNTIF(G72:U72,"X") -> 14 | BC72: =COUNTIF(V72:AK72,"X") -> 16 | BD72: =COUNTIF(AL72:BA72,"X") -> 4 | BE72: =COUNTIF(AU72:BA72,"x") -> 0 | BF72: =BB72+BC72 -> 30 | BK72: =IF(BO72>=26,1,0) -> 1 | BL72: =(BB72+BC72) -> 30 | BO72: =IF(BT72>0,BF72,0) -> 30 | BT72: =IF(BF72>=26,1,0) -> 1 | BV72: =IF(AND(BU72>0,BU72<=1),50000,IF(AND(BU72>1,BU72<=3),40000,IF(AND(BU72>3,BU72<=5),20000,IF(AND(BU72>5,BU72<=9),0,IF(AND(BU72>9,BU72<=11),-20000,IF(AND(BU72>11,BU72<=13),-40000,IF(BU72>13,-50000,0))))))) -> 0 | BX72: =IF(AND(BW72>0,BW72<=1),1.15,IF(AND(BW72>1,BW72<=3),1.1,IF(AND(BW72>3,BW72<=5),1.05,IF(AND(BW72>5,BW72<=9),1,IF(AND(BW72>9,BW72<=11),-0.05,IF(AND(BW72>11,BW72<=13),-0.1,IF(BW72>13,-0.15,0))))))) -> 0 | BY72: =#N/A -> #N/A | BZ72: =#N/A -> #N/A | CA72: =#N/A -> #N/A | CB72: =#N/A -> #N/A | CC72: =SUM(BY72:CB72) -> #N/A | CD72: =CC72-BB72 -> #N/A | CE72: =IF(CF72>0,BF72,0) -> 30 | CF72: =IF(BF72>=26,1,0) -> 1
A73: 67 | B73: 4 | C73: 156 | G73: 0 | H73: x | I73: x | J73: x | K73: x | L73: x | M73: 0 | N73: x | O73: x | P73: x | Q73: x | R73: x | S73: x | T73: x | U73: x | V73: x | W73: x | X73: x | Y73: x | Z73: x | AA73: x | AB73: x | AC73: x | AD73: x | AE73: x | AF73: x | AG73: x | AH73: x | AI73: x | AJ73: x | AK73: x | AN73: x | AO73: x | AS73: x | AT73: x | BB73: =COUNTIF(G73:U73,"X") -> 13 | BC73: =COUNTIF(V73:AK73,"X") -> 16 | BD73: =COUNTIF(AL73:BA73,"X") -> 4 | BE73: =COUNTIF(AU73:BA73,"x") -> 0 | BF73: =BB73+BC73 -> 29 | BK73: =IF(BO73>=26,1,0) -> 1 | BL73: =(BB73+BC73) -> 29 | BO73: =IF(BT73>0,BF73,0) -> 29 | BT73: =IF(BF73>=26,1,0) -> 1 | BV73: =IF(AND(BU73>0,BU73<=1),50000,IF(AND(BU73>1,BU73<=3),40000,IF(AND(BU73>3,BU73<=5),20000,IF(AND(BU73>5,BU73<=9),0,IF(AND(BU73>9,BU73<=11),-20000,IF(AND(BU73>11,BU73<=13),-40000,IF(BU73>13,-50000,0))))))) -> 0 | BX73: =IF(AND(BW73>0,BW73<=1),1.15,IF(AND(BW73>1,BW73<=3),1.1,IF(AND(BW73>3,BW73<=5),1.05,IF(AND(BW73>5,BW73<=9),1,IF(AND(BW73>9,BW73<=11),-0.05,IF(AND(BW73>11,BW73<=13),-0.1,IF(BW73>13,-0.15,0))))))) -> 0 | BY73: =#N/A -> #N/A | BZ73: =#N/A -> #N/A | CA73: =#N/A -> #N/A | CB73: =#N/A -> #N/A | CC73: =SUM(BY73:CB73) -> #N/A | CD73: =CC73-BB73 -> #N/A | CE73: =IF(CF73>0,BF73,0) -> 29 | CF73: =IF(BF73>=26,1,0) -> 1
A74: 68 | B74: 4 | C74: 157 | G74: 0 | H74: x | I74: x | J74: x | K74: x | L74: x | M74: 0 | N74: x | O74: x | P74: x | Q74: x | R74: x | S74: x | T74: x | U74: x | V74: x | W74: x | X74: x | Y74: x | Z74: x | AA74: x | AB74: x | AC74: x | AD74: x | AE74: x | AF74: x | AG74: x | AH74: x | AI74: x | AJ74: x | AK74: x | AN74: x | AO74: x | AS74: x | AT74: x | BB74: =COUNTIF(G74:U74,"X") -> 13 | BC74: =COUNTIF(V74:AK74,"X") -> 16 | BD74: =COUNTIF(AL74:BA74,"X") -> 4 | BE74: =COUNTIF(AU74:BA74,"x") -> 0 | BF74: =BB74+BC74 -> 29 | BK74: =IF(BO74>=26,1,0) -> 1 | BL74: =(BB74+BC74) -> 29 | BO74: =IF(BT74>0,BF74,0) -> 29 | BT74: =IF(BF74>=26,1,0) -> 1 | BV74: =IF(AND(BU74>0,BU74<=1),50000,IF(AND(BU74>1,BU74<=3),40000,IF(AND(BU74>3,BU74<=5),20000,IF(AND(BU74>5,BU74<=9),0,IF(AND(BU74>9,BU74<=11),-20000,IF(AND(BU74>11,BU74<=13),-40000,IF(BU74>13,-50000,0))))))) -> 0 | BX74: =IF(AND(BW74>0,BW74<=1),1.15,IF(AND(BW74>1,BW74<=3),1.1,IF(AND(BW74>3,BW74<=5),1.05,IF(AND(BW74>5,BW74<=9),1,IF(AND(BW74>9,BW74<=11),-0.05,IF(AND(BW74>11,BW74<=13),-0.1,IF(BW74>13,-0.15,0))))))) -> 0 | BY74: =#N/A -> #N/A | BZ74: =#N/A -> #N/A | CA74: =#N/A -> #N/A | CB74: =#N/A -> #N/A | CC74: =SUM(BY74:CB74) -> #N/A | CD74: =CC74-BB74 -> #N/A | CE74: =IF(CF74>0,BF74,0) -> 29 | CF74: =IF(BF74>=26,1,0) -> 1
A75: 69 | B75: 4 | C75: 158 | G75: x | H75: x | I75: x | J75: 0 | K75: x | L75: x | M75: 0 | N75: x | O75: x | P75: x | Q75: x | R75: x | S75: x | T75: x | U75: x | V75: x | W75: x | X75: x | Y75: x | Z75: x | AA75: x | AB75: x | AC75: x | AD75: x | AE75: x | AF75: x | AG75: x | AH75: x | AI75: x | AJ75: x | AK75: x | AN75: 0 | AO75: x | AS75: x | AT75: x | BB75: =COUNTIF(G75:U75,"X") -> 13 | BC75: =COUNTIF(V75:AK75,"X") -> 16 | BD75: =COUNTIF(AL75:BA75,"X") -> 3 | BE75: =COUNTIF(AU75:BA75,"x") -> 0 | BF75: =BB75+BC75 -> 29 | BK75: =IF(BO75>=26,1,0) -> 1 | BL75: =(BB75+BC75) -> 29 | BO75: =IF(BT75>0,BF75,0) -> 29 | BT75: =IF(BF75>=26,1,0) -> 1 | BV75: =IF(AND(BU75>0,BU75<=1),50000,IF(AND(BU75>1,BU75<=3),40000,IF(AND(BU75>3,BU75<=5),20000,IF(AND(BU75>5,BU75<=9),0,IF(AND(BU75>9,BU75<=11),-20000,IF(AND(BU75>11,BU75<=13),-40000,IF(BU75>13,-50000,0))))))) -> 0 | BX75: =IF(AND(BW75>0,BW75<=1),1.15,IF(AND(BW75>1,BW75<=3),1.1,IF(AND(BW75>3,BW75<=5),1.05,IF(AND(BW75>5,BW75<=9),1,IF(AND(BW75>9,BW75<=11),-0.05,IF(AND(BW75>11,BW75<=13),-0.1,IF(BW75>13,-0.15,0))))))) -> 0 | BY75: =#N/A -> #N/A | BZ75: =#N/A -> #N/A | CA75: =#N/A -> #N/A | CB75: =#N/A -> #N/A | CC75: =SUM(BY75:CB75) -> #N/A | CD75: =CC75-BB75 -> #N/A | CE75: =IF(CF75>0,BF75,0) -> 29 | CF75: =IF(BF75>=26,1,0) -> 1
A76: 70 | B76: 4 | C76: 159 | G76: x | H76: x | I76: x | J76: x | K76: x | L76: x | M76: x | N76: x | O76: x | P76: x | Q76: x | R76: x | S76: x | T76: x | U76: x | V76: x | W76: x | X76: x | Y76: x | Z76: x | AA76: x | AB76: x | AC76: x | AD76: x | AE76: x | AF76: x | AG76: x | AH76: x | AI76: x | AJ76: x | AK76: x | AN76: x | AO76: x | AS76: x | AT76: x | BB76: =COUNTIF(G76:U76,"X") -> 15 | BC76: =COUNTIF(V76:AK76,"X") -> 16 | BD76: =COUNTIF(AL76:BA76,"X") -> 4 | BE76: =COUNTIF(AU76:BA76,"x") -> 0 | BF76: =BB76+BC76 -> 31 | BK76: =IF(BO76>=26,1,0) -> 1 | BL76: =(BB76+BC76) -> 31 | BO76: =IF(BT76>0,BF76,0) -> 31 | BT76: =IF(BF76>=26,1,0) -> 1 | BV76: =IF(AND(BU76>0,BU76<=1),50000,IF(AND(BU76>1,BU76<=3),40000,IF(AND(BU76>3,BU76<=5),20000,IF(AND(BU76>5,BU76<=9),0,IF(AND(BU76>9,BU76<=11),-20000,IF(AND(BU76>11,BU76<=13),-40000,IF(BU76>13,-50000,0))))))) -> 0 | BX76: =IF(AND(BW76>0,BW76<=1),1.15,IF(AND(BW76>1,BW76<=3),1.1,IF(AND(BW76>3,BW76<=5),1.05,IF(AND(BW76>5,BW76<=9),1,IF(AND(BW76>9,BW76<=11),-0.05,IF(AND(BW76>11,BW76<=13),-0.1,IF(BW76>13,-0.15,0))))))) -> 0 | BY76: =#N/A -> #N/A | BZ76: =#N/A -> #N/A | CA76: =#N/A -> #N/A | CB76: =#N/A -> #N/A | CC76: =SUM(BY76:CB76) -> #N/A | CD76: =CC76-BB76 -> #N/A | CE76: =IF(CF76>0,BF76,0) -> 31 | CF76: =IF(BF76>=26,1,0) -> 1
A77: 71 | B77: 4 | C77: 160 | G77: x | H77: x | I77: x | J77: x | K77: x | L77: x | M77: x | N77: x | O77: x | P77: x | Q77: x | R77: x | S77: x | T77: x | U77: x | V77: x | W77: x | X77: x | Y77: x | Z77: x | AA77: x | AB77: x | AC77: x | AD77: x | AE77: x | AF77: x | AG77: x | AH77: x | AI77: x | AJ77: x | AK77: x | AN77: x | AO77: x | AS77: x | AT77: x | BB77: =COUNTIF(G77:U77,"X") -> 15 | BC77: =COUNTIF(V77:AK77,"X") -> 16 | BD77: =COUNTIF(AL77:BA77,"X") -> 4 | BE77: =COUNTIF(AU77:BA77,"x") -> 0 | BF77: =BB77+BC77 -> 31 | BK77: =IF(BO77>=26,1,0) -> 1 | BL77: =(BB77+BC77) -> 31 | BO77: =IF(BT77>0,BF77,0) -> 31 | BT77: =IF(BF77>=26,1,0) -> 1 | BV77: =IF(AND(BU77>0,BU77<=1),50000,IF(AND(BU77>1,BU77<=3),40000,IF(AND(BU77>3,BU77<=5),20000,IF(AND(BU77>5,BU77<=9),0,IF(AND(BU77>9,BU77<=11),-20000,IF(AND(BU77>11,BU77<=13),-40000,IF(BU77>13,-50000,0))))))) -> 0 | BX77: =IF(AND(BW77>0,BW77<=1),1.15,IF(AND(BW77>1,BW77<=3),1.1,IF(AND(BW77>3,BW77<=5),1.05,IF(AND(BW77>5,BW77<=9),1,IF(AND(BW77>9,BW77<=11),-0.05,IF(AND(BW77>11,BW77<=13),-0.1,IF(BW77>13,-0.15,0))))))) -> 0 | BY77: =#N/A -> #N/A | BZ77: =#N/A -> #N/A | CA77: =#N/A -> #N/A | CB77: =#N/A -> #N/A | CC77: =SUM(BY77:CB77) -> #N/A | CD77: =CC77-BB77 -> #N/A | CE77: =IF(CF77>0,BF77,0) -> 31 | CF77: =IF(BF77>=26,1,0) -> 1
A78: 72 | B78: 4 | C78: 161 | G78: x | H78: x | I78: x | J78: 0 | K78: x | L78: x | M78: x | N78: x | O78: x | P78: x | Q78: x | R78: x | S78: x | T78: x | U78: x | V78: x | W78: 0 | X78: x | Y78: 0 | Z78: x | AA78: x | AB78: x | AC78: x | AD78: x | AE78: x | AF78: x | AG78: x | AH78: x | AI78: x | AJ78: x | AK78: x | AN78: x | AO78: x | AS78: x | AT78: x | BB78: =COUNTIF(G78:U78,"X") -> 14 | BC78: =COUNTIF(V78:AK78,"X") -> 14 | BD78: =COUNTIF(AL78:BA78,"X") -> 4 | BE78: =COUNTIF(AU78:BA78,"x") -> 0 | BF78: =BB78+BC78 -> 28 | BK78: =IF(BO78>=26,1,0) -> 1 | BL78: =(BB78+BC78) -> 28 | BO78: =IF(BT78>0,BF78,0) -> 28 | BT78: =IF(BF78>=26,1,0) -> 1 | BV78: =IF(AND(BU78>0,BU78<=1),50000,IF(AND(BU78>1,BU78<=3),40000,IF(AND(BU78>3,BU78<=5),20000,IF(AND(BU78>5,BU78<=9),0,IF(AND(BU78>9,BU78<=11),-20000,IF(AND(BU78>11,BU78<=13),-40000,IF(BU78>13,-50000,0))))))) -> 0 | BX78: =IF(AND(BW78>0,BW78<=1),1.15,IF(AND(BW78>1,BW78<=3),1.1,IF(AND(BW78>3,BW78<=5),1.05,IF(AND(BW78>5,BW78<=9),1,IF(AND(BW78>9,BW78<=11),-0.05,IF(AND(BW78>11,BW78<=13),-0.1,IF(BW78>13,-0.15,0))))))) -> 0 | BY78: =#N/A -> #N/A | BZ78: =#N/A -> #N/A | CA78: =#N/A -> #N/A | CB78: =#N/A -> #N/A | CC78: =SUM(BY78:CB78) -> #N/A | CD78: =CC78-BB78 -> #N/A | CE78: =IF(CF78>0,BF78,0) -> 28 | CF78: =IF(BF78>=26,1,0) -> 1
A79: 73 | B79: 4 | C79: 162 | G79: x | H79: x | I79: x | J79: x | K79: x | L79: x | M79: 0 | N79: x | O79: x | P79: x | Q79: x | R79: x | S79: x | T79: x | U79: x | V79: x | W79: x | X79: x | Y79: x | Z79: x | AA79: x | AB79: x | AC79: x | AD79: x | AE79: x | AF79: x | AG79: x | AH79: x | AI79: x | AJ79: x | AK79: 0 | AN79: x | AO79: x | AS79: x | AT79: x | BB79: =COUNTIF(G79:U79,"X") -> 14 | BC79: =COUNTIF(V79:AK79,"X") -> 15 | BD79: =COUNTIF(AL79:BA79,"X") -> 4 | BE79: =COUNTIF(AU79:BA79,"x") -> 0 | BF79: =BB79+BC79 -> 29 | BK79: =IF(BO79>=26,1,0) -> 1 | BL79: =(BB79+BC79) -> 29 | BO79: =IF(BT79>0,BF79,0) -> 29 | BT79: =IF(BF79>=26,1,0) -> 1 | BV79: =IF(AND(BU79>0,BU79<=1),50000,IF(AND(BU79>1,BU79<=3),40000,IF(AND(BU79>3,BU79<=5),20000,IF(AND(BU79>5,BU79<=9),0,IF(AND(BU79>9,BU79<=11),-20000,IF(AND(BU79>11,BU79<=13),-40000,IF(BU79>13,-50000,0))))))) -> 0 | BX79: =IF(AND(BW79>0,BW79<=1),1.15,IF(AND(BW79>1,BW79<=3),1.1,IF(AND(BW79>3,BW79<=5),1.05,IF(AND(BW79>5,BW79<=9),1,IF(AND(BW79>9,BW79<=11),-0.05,IF(AND(BW79>11,BW79<=13),-0.1,IF(BW79>13,-0.15,0))))))) -> 0 | BY79: =#N/A -> #N/A | BZ79: =#N/A -> #N/A | CA79: =#N/A -> #N/A | CB79: =#N/A -> #N/A | CC79: =SUM(BY79:CB79) -> #N/A | CD79: =CC79-BB79 -> #N/A | CE79: =IF(CF79>0,BF79,0) -> 29 | CF79: =IF(BF79>=26,1,0) -> 1
A80: 74 | B80: 4 | C80: 163 | G80: x | H80: x | I80: x | J80: x | K80: x | L80: x | M80: x | N80: x | O80: x | P80: x | Q80: x | R80: x | S80: x | T80: x | U80: x | V80: x | W80: x | X80: x | Y80: x | Z80: x | AA80: x | AB80: x | AC80: x | AD80: x | AE80: x | AF80: x | AG80: x | AH80: x | AI80: x | AJ80: x | AK80: x | AN80: x | AO80: x | AS80: x | AT80: x | BB80: =COUNTIF(G80:U80,"X") -> 15 | BC80: =COUNTIF(V80:AK80,"X") -> 16 | BD80: =COUNTIF(AL80:BA80,"X") -> 4 | BE80: =COUNTIF(AU80:BA80,"x") -> 0 | BF80: =BB80+BC80 -> 31 | BK80: =IF(BO80>=26,1,0) -> 1 | BL80: =(BB80+BC80) -> 31 | BO80: =IF(BT80>0,BF80,0) -> 31 | BT80: =IF(BF80>=26,1,0) -> 1 | BV80: =IF(AND(BU80>0,BU80<=1),50000,IF(AND(BU80>1,BU80<=3),40000,IF(AND(BU80>3,BU80<=5),20000,IF(AND(BU80>5,BU80<=9),0,IF(AND(BU80>9,BU80<=11),-20000,IF(AND(BU80>11,BU80<=13),-40000,IF(BU80>13,-50000,0))))))) -> 0 | BX80: =IF(AND(BW80>0,BW80<=1),1.15,IF(AND(BW80>1,BW80<=3),1.1,IF(AND(BW80>3,BW80<=5),1.05,IF(AND(BW80>5,BW80<=9),1,IF(AND(BW80>9,BW80<=11),-0.05,IF(AND(BW80>11,BW80<=13),-0.1,IF(BW80>13,-0.15,0))))))) -> 0 | BY80: =#N/A -> #N/A | BZ80: =#N/A -> #N/A | CA80: =#N/A -> #N/A | CB80: =#N/A -> #N/A | CC80: =SUM(BY80:CB80) -> #N/A | CD80: =CC80-BB80 -> #N/A | CE80: =IF(CF80>0,BF80,0) -> 31 | CF80: =IF(BF80>=26,1,0) -> 1
A81: 75 | B81: 4 | C81: 164 | G81: 0 | H81: x | I81: x | J81: 0 | K81: x | L81: x | M81: x | N81: x | O81: x | P81: x | Q81: x | R81: x | S81: x | T81: x | U81: x | V81: x | W81: x | X81: x | Y81: x | Z81: x | AA81: x | AB81: x | AC81: x | AD81: x | AE81: x | AF81: x | AG81: x | AH81: x | AI81: x | AJ81: x | AK81: x | AN81: x | AO81: x | AS81: x | AT81: x | BB81: =COUNTIF(G81:U81,"X") -> 13 | BC81: =COUNTIF(V81:AK81,"X") -> 16 | BD81: =COUNTIF(AL81:BA81,"X") -> 4 | BE81: =COUNTIF(AU81:BA81,"x") -> 0 | BF81: =BB81+BC81 -> 29 | BK81: =IF(BO81>=26,1,0) -> 1 | BL81: =(BB81+BC81) -> 29 | BO81: =IF(BT81>0,BF81,0) -> 29 | BT81: =IF(BF81>=26,1,0) -> 1 | BV81: =IF(AND(BU81>0,BU81<=1),50000,IF(AND(BU81>1,BU81<=3),40000,IF(AND(BU81>3,BU81<=5),20000,IF(AND(BU81>5,BU81<=9),0,IF(AND(BU81>9,BU81<=11),-20000,IF(AND(BU81>11,BU81<=13),-40000,IF(BU81>13,-50000,0))))))) -> 0 | BX81: =IF(AND(BW81>0,BW81<=1),1.15,IF(AND(BW81>1,BW81<=3),1.1,IF(AND(BW81>3,BW81<=5),1.05,IF(AND(BW81>5,BW81<=9),1,IF(AND(BW81>9,BW81<=11),-0.05,IF(AND(BW81>11,BW81<=13),-0.1,IF(BW81>13,-0.15,0))))))) -> 0 | BY81: =#N/A -> #N/A | BZ81: =#N/A -> #N/A | CA81: =#N/A -> #N/A | CB81: =#N/A -> #N/A | CC81: =SUM(BY81:CB81) -> #N/A | CD81: =CC81-BB81 -> #N/A | CE81: =IF(CF81>0,BF81,0) -> 29 | CF81: =IF(BF81>=26,1,0) -> 1
A82: 76 | B82: 4 | C82: 165 | G82: 0 | H82: x | I82: x | J82: x | K82: x | L82: x | M82: x | N82: x | O82: x | P82: x | Q82: x | R82: x | S82: x | T82: x | U82: x | V82: x | W82: x | X82: x | Y82: x | Z82: x | AA82: x | AB82: x | AC82: x | AD82: x | AE82: x | AF82: x | AG82: x | AH82: x | AI82: x | AJ82: x | AK82: x | AN82: x | AO82: x | AS82: x | AT82: x | BB82: =COUNTIF(G82:U82,"X") -> 14 | BC82: =COUNTIF(V82:AK82,"X") -> 16 | BD82: =COUNTIF(AL82:BA82,"X") -> 4 | BE82: =COUNTIF(AU82:BA82,"x") -> 0 | BF82: =BB82+BC82 -> 30 | BK82: =IF(BO82>=26,1,0) -> 1 | BL82: =(BB82+BC82) -> 30 | BO82: =IF(BT82>0,BF82,0) -> 30 | BT82: =IF(BF82>=26,1,0) -> 1 | BV82: =IF(AND(BU82>0,BU82<=1),50000,IF(AND(BU82>1,BU82<=3),40000,IF(AND(BU82>3,BU82<=5),20000,IF(AND(BU82>5,BU82<=9),0,IF(AND(BU82>9,BU82<=11),-20000,IF(AND(BU82>11,BU82<=13),-40000,IF(BU82>13,-50000,0))))))) -> 0 | BX82: =IF(AND(BW82>0,BW82<=1),1.15,IF(AND(BW82>1,BW82<=3),1.1,IF(AND(BW82>3,BW82<=5),1.05,IF(AND(BW82>5,BW82<=9),1,IF(AND(BW82>9,BW82<=11),-0.05,IF(AND(BW82>11,BW82<=13),-0.1,IF(BW82>13,-0.15,0))))))) -> 0 | BY82: =#N/A -> #N/A | BZ82: =#N/A -> #N/A | CA82: =#N/A -> #N/A | CB82: =#N/A -> #N/A | CC82: =SUM(BY82:CB82) -> #N/A | CD82: =CC82-BB82 -> #N/A | CE82: =IF(CF82>0,BF82,0) -> 30 | CF82: =IF(BF82>=26,1,0) -> 1
A83: 77 | B83: 4 | C83: 166 | G83: x | H83: x | I83: x | J83: x | K83: x | L83: x | M83: x | N83: x | O83: x | P83: x | Q83: x | R83: x | S83: x | T83: x | U83: x | V83: x | W83: x | X83: x | Y83: x | Z83: x | AA83: x | AB83: x | AC83: x | AD83: x | AE83: x | AF83: x | AG83: x | AH83: x | AI83: x | AJ83: x | AK83: x | AN83: x | AO83: x | AS83: x | AT83: x | BB83: =COUNTIF(G83:U83,"X") -> 15 | BC83: =COUNTIF(V83:AK83,"X") -> 16 | BD83: =COUNTIF(AL83:BA83,"X") -> 4 | BE83: =COUNTIF(AU83:BA83,"x") -> 0 | BF83: =BB83+BC83 -> 31 | BK83: =IF(BO83>=26,1,0) -> 1 | BL83: =(BB83+BC83) -> 31 | BO83: =IF(BT83>0,BF83,0) -> 31 | BT83: =IF(BF83>=26,1,0) -> 1 | BV83: =IF(AND(BU83>0,BU83<=1),50000,IF(AND(BU83>1,BU83<=3),40000,IF(AND(BU83>3,BU83<=5),20000,IF(AND(BU83>5,BU83<=9),0,IF(AND(BU83>9,BU83<=11),-20000,IF(AND(BU83>11,BU83<=13),-40000,IF(BU83>13,-50000,0))))))) -> 0 | BX83: =IF(AND(BW83>0,BW83<=1),1.15,IF(AND(BW83>1,BW83<=3),1.1,IF(AND(BW83>3,BW83<=5),1.05,IF(AND(BW83>5,BW83<=9),1,IF(AND(BW83>9,BW83<=11),-0.05,IF(AND(BW83>11,BW83<=13),-0.1,IF(BW83>13,-0.15,0))))))) -> 0 | BY83: =#N/A -> #N/A | BZ83: =#N/A -> #N/A | CA83: =#N/A -> #N/A | CB83: =#N/A -> #N/A | CC83: =SUM(BY83:CB83) -> #N/A | CD83: =CC83-BB83 -> #N/A | CE83: =IF(CF83>0,BF83,0) -> 31 | CF83: =IF(BF83>=26,1,0) -> 1
A84: 78 | B84: 4 | C84: 167 | G84: x | H84: x | I84: x | J84: x | K84: x | L84: x | M84: x | N84: x | O84: x | P84: x | Q84: x | R84: x | S84: x | T84: x | U84: x | V84: x | W84: x | X84: x | Y84: x | Z84: x | AA84: x | AB84: x | AC84: x | AD84: x | AE84: x | AF84: x | AG84: x | AH84: x | AI84: x | AJ84: x | AK84: x | AN84: x | AO84: x | AS84: x | AT84: x | BB84: =COUNTIF(G84:U84,"X") -> 15 | BC84: =COUNTIF(V84:AK84,"X") -> 16 | BD84: =COUNTIF(AL84:BA84,"X") -> 4 | BE84: =COUNTIF(AU84:BA84,"x") -> 0 | BF84: =BB84+BC84 -> 31 | BK84: =IF(BO84>=26,1,0) -> 1 | BL84: =(BB84+BC84) -> 31 | BO84: =IF(BT84>0,BF84,0) -> 31 | BT84: =IF(BF84>=26,1,0) -> 1 | BV84: =IF(AND(BU84>0,BU84<=1),50000,IF(AND(BU84>1,BU84<=3),40000,IF(AND(BU84>3,BU84<=5),20000,IF(AND(BU84>5,BU84<=9),0,IF(AND(BU84>9,BU84<=11),-20000,IF(AND(BU84>11,BU84<=13),-40000,IF(BU84>13,-50000,0))))))) -> 0 | BX84: =IF(AND(BW84>0,BW84<=1),1.15,IF(AND(BW84>1,BW84<=3),1.1,IF(AND(BW84>3,BW84<=5),1.05,IF(AND(BW84>5,BW84<=9),1,IF(AND(BW84>9,BW84<=11),-0.05,IF(AND(BW84>11,BW84<=13),-0.1,IF(BW84>13,-0.15,0))))))) -> 0 | BY84: =#N/A -> #N/A | BZ84: =#N/A -> #N/A | CA84: =#N/A -> #N/A | CB84: =#N/A -> #N/A | CC84: =SUM(BY84:CB84) -> #N/A | CD84: =CC84-BB84 -> #N/A | CE84: =IF(CF84>0,BF84,0) -> 31 | CF84: =IF(BF84>=26,1,0) -> 1
A85: 79 | B85: 4 | C85: 168 | G85: x | H85: x | I85: x | J85: x | K85: x | L85: x | M85: x | N85: x | O85: x | P85: x | Q85: x | R85: x | S85: x | T85: x | U85: x | V85: x | W85: x | X85: x | Y85: x | Z85: x | AA85: x | AB85: x | AC85: x | AD85: x | AE85: x | AF85: x | AG85: x | AH85: x | AI85: x | AJ85: x | AK85: x | AN85: x | AO85: x | AS85: x | AT85: x | BB85: =COUNTIF(G85:U85,"X") -> 15 | BC85: =COUNTIF(V85:AK85,"X") -> 16 | BD85: =COUNTIF(AL85:BA85,"X") -> 4 | BE85: =COUNTIF(AU85:BA85,"x") -> 0 | BF85: =BB85+BC85 -> 31 | BK85: =IF(BO85>=26,1,0) -> 1 | BL85: =(BB85+BC85) -> 31 | BO85: =IF(BT85>0,BF85,0) -> 31 | BT85: =IF(BF85>=26,1,0) -> 1 | BV85: =IF(AND(BU85>0,BU85<=1),50000,IF(AND(BU85>1,BU85<=3),40000,IF(AND(BU85>3,BU85<=5),20000,IF(AND(BU85>5,BU85<=9),0,IF(AND(BU85>9,BU85<=11),-20000,IF(AND(BU85>11,BU85<=13),-40000,IF(BU85>13,-50000,0))))))) -> 0 | BX85: =IF(AND(BW85>0,BW85<=1),1.15,IF(AND(BW85>1,BW85<=3),1.1,IF(AND(BW85>3,BW85<=5),1.05,IF(AND(BW85>5,BW85<=9),1,IF(AND(BW85>9,BW85<=11),-0.05,IF(AND(BW85>11,BW85<=13),-0.1,IF(BW85>13,-0.15,0))))))) -> 0 | BY85: =#N/A -> #N/A | BZ85: =#N/A -> #N/A | CA85: =#N/A -> #N/A | CB85: =#N/A -> #N/A | CC85: =SUM(BY85:CB85) -> #N/A | CD85: =CC85-BB85 -> #N/A | CE85: =IF(CF85>0,BF85,0) -> 31 | CF85: =IF(BF85>=26,1,0) -> 1
A86: 80 | B86: 4 | C86: 169 | G86: x | H86: x | I86: x | J86: x | K86: x | L86: x | M86: x | N86: x | O86: x | P86: x | Q86: x | R86: x | S86: x | T86: x | U86: x | V86: x | W86: x | X86: x | Y86: x | Z86: x | AA86: 0 | AB86: x | AC86: x | AD86: x | AE86: x | AF86: x | AG86: x | AH86: x | AI86: x | AJ86: x | AK86: x | AN86: x | AO86: x | AS86: x | AT86: x | BB86: =COUNTIF(G86:U86,"X") -> 15 | BC86: =COUNTIF(V86:AK86,"X") -> 15 | BD86: =COUNTIF(AL86:BA86,"X") -> 4 | BE86: =COUNTIF(AU86:BA86,"x") -> 0 | BF86: =BB86+BC86 -> 30 | BK86: =IF(BO86>=26,1,0) -> 1 | BL86: =(BB86+BC86) -> 30 | BO86: =IF(BT86>0,BF86,0) -> 30 | BT86: =IF(BF86>=26,1,0) -> 1 | BV86: =IF(AND(BU86>0,BU86<=1),50000,IF(AND(BU86>1,BU86<=3),40000,IF(AND(BU86>3,BU86<=5),20000,IF(AND(BU86>5,BU86<=9),0,IF(AND(BU86>9,BU86<=11),-20000,IF(AND(BU86>11,BU86<=13),-40000,IF(BU86>13,-50000,0))))))) -> 0 | BX86: =IF(AND(BW86>0,BW86<=1),1.15,IF(AND(BW86>1,BW86<=3),1.1,IF(AND(BW86>3,BW86<=5),1.05,IF(AND(BW86>5,BW86<=9),1,IF(AND(BW86>9,BW86<=11),-0.05,IF(AND(BW86>11,BW86<=13),-0.1,IF(BW86>13,-0.15,0))))))) -> 0 | BY86: =#N/A -> #N/A | BZ86: =#N/A -> #N/A | CA86: =#N/A -> #N/A | CB86: =#N/A -> #N/A | CC86: =SUM(BY86:CB86) -> #N/A | CD86: =CC86-BB86 -> #N/A | CE86: =IF(CF86>0,BF86,0) -> 30 | CF86: =IF(BF86>=26,1,0) -> 1
A87: 81 | B87: 4 | C87: 170 | G87: x | H87: x | I87: x | J87: x | K87: x | L87: x | M87: x | N87: x | O87: x | P87: x | Q87: x | R87: x | S87: x | T87: x | U87: x | V87: x | W87: x | X87: x | Y87: x | Z87: x | AA87: x | AB87: x | AC87: x | AD87: x | AE87: x | AF87: 0 | AG87: x | AH87: x | AI87: x | AJ87: x | AK87: x | AN87: x | AO87: x | AS87: x | AT87: x | BB87: =COUNTIF(G87:U87,"X") -> 15 | BC87: =COUNTIF(V87:AK87,"X") -> 15 | BD87: =COUNTIF(AL87:BA87,"X") -> 4 | BE87: =COUNTIF(AU87:BA87,"x") -> 0 | BF87: =BB87+BC87 -> 30 | BK87: =IF(BO87>=26,1,0) -> 1 | BL87: =(BB87+BC87) -> 30 | BO87: =IF(BT87>0,BF87,0) -> 30 | BT87: =IF(BF87>=26,1,0) -> 1 | BV87: =IF(AND(BU87>0,BU87<=1),50000,IF(AND(BU87>1,BU87<=3),40000,IF(AND(BU87>3,BU87<=5),20000,IF(AND(BU87>5,BU87<=9),0,IF(AND(BU87>9,BU87<=11),-20000,IF(AND(BU87>11,BU87<=13),-40000,IF(BU87>13,-50000,0))))))) -> 0 | BX87: =IF(AND(BW87>0,BW87<=1),1.15,IF(AND(BW87>1,BW87<=3),1.1,IF(AND(BW87>3,BW87<=5),1.05,IF(AND(BW87>5,BW87<=9),1,IF(AND(BW87>9,BW87<=11),-0.05,IF(AND(BW87>11,BW87<=13),-0.1,IF(BW87>13,-0.15,0))))))) -> 0 | BY87: =#N/A -> #N/A | BZ87: =#N/A -> #N/A | CA87: =#N/A -> #N/A | CB87: =#N/A -> #N/A | CC87: =SUM(BY87:CB87) -> #N/A | CD87: =CC87-BB87 -> #N/A | CE87: =IF(CF87>0,BF87,0) -> 30 | CF87: =IF(BF87>=26,1,0) -> 1
A88: 82 | B88: 4 | C88: 171 | G88: x | H88: x | I88: x | J88: x | K88: x | L88: x | M88: x | N88: x | O88: x | P88: x | Q88: x | R88: x | S88: x | T88: x | U88: x | V88: x | W88: x | X88: x | Y88: x | Z88: x | AA88: x | AB88: x | AC88: x | AD88: x | AE88: x | AF88: x | AG88: x | AH88: x | AI88: x | AJ88: x | AK88: x | AN88: x | AO88: x | AS88: x | AT88: x | BB88: =COUNTIF(G88:U88,"X") -> 15 | BC88: =COUNTIF(V88:AK88,"X") -> 16 | BD88: =COUNTIF(AL88:BA88,"X") -> 4 | BE88: =COUNTIF(AU88:BA88,"x") -> 0 | BF88: =BB88+BC88 -> 31 | BK88: =IF(BO88>=26,1,0) -> 1 | BL88: =(BB88+BC88) -> 31 | BO88: =IF(BT88>0,BF88,0) -> 31 | BT88: =IF(BF88>=26,1,0) -> 1 | BV88: =IF(AND(BU88>0,BU88<=1),50000,IF(AND(BU88>1,BU88<=3),40000,IF(AND(BU88>3,BU88<=5),20000,IF(AND(BU88>5,BU88<=9),0,IF(AND(BU88>9,BU88<=11),-20000,IF(AND(BU88>11,BU88<=13),-40000,IF(BU88>13,-50000,0))))))) -> 0 | BX88: =IF(AND(BW88>0,BW88<=1),1.15,IF(AND(BW88>1,BW88<=3),1.1,IF(AND(BW88>3,BW88<=5),1.05,IF(AND(BW88>5,BW88<=9),1,IF(AND(BW88>9,BW88<=11),-0.05,IF(AND(BW88>11,BW88<=13),-0.1,IF(BW88>13,-0.15,0))))))) -> 0 | BY88: =#N/A -> #N/A | BZ88: =#N/A -> #N/A | CA88: =#N/A -> #N/A | CB88: =#N/A -> #N/A | CC88: =SUM(BY88:CB88) -> #N/A | CD88: =CC88-BB88 -> #N/A | CE88: =IF(CF88>0,BF88,0) -> 31 | CF88: =IF(BF88>=26,1,0) -> 1
A89: 83 | B89: 4 | C89: 172 | G89: x | H89: x | I89: x | J89: 0 | K89: x | L89: x | M89: x | N89: x | O89: x | P89: x | Q89: x | R89: x | S89: x | T89: x | U89: x | V89: x | W89: x | X89: x | Y89: x | Z89: x | AA89: x | AB89: x | AC89: x | AD89: x | AE89: x | AF89: x | AG89: x | AH89: x | AI89: x | AJ89: x | AK89: x | AN89: x | AO89: x | AS89: x | AT89: x | BB89: =COUNTIF(G89:U89,"X") -> 14 | BC89: =COUNTIF(V89:AK89,"X") -> 16 | BD89: =COUNTIF(AL89:BA89,"X") -> 4 | BE89: =COUNTIF(AU89:BA89,"x") -> 0 | BF89: =BB89+BC89 -> 30 | BK89: =IF(BO89>=26,1,0) -> 1 | BL89: =(BB89+BC89) -> 30 | BO89: =IF(BT89>0,BF89,0) -> 30 | BT89: =IF(BF89>=26,1,0) -> 1 | BV89: =IF(AND(BU89>0,BU89<=1),50000,IF(AND(BU89>1,BU89<=3),40000,IF(AND(BU89>3,BU89<=5),20000,IF(AND(BU89>5,BU89<=9),0,IF(AND(BU89>9,BU89<=11),-20000,IF(AND(BU89>11,BU89<=13),-40000,IF(BU89>13,-50000,0))))))) -> 0 | BX89: =IF(AND(BW89>0,BW89<=1),1.15,IF(AND(BW89>1,BW89<=3),1.1,IF(AND(BW89>3,BW89<=5),1.05,IF(AND(BW89>5,BW89<=9),1,IF(AND(BW89>9,BW89<=11),-0.05,IF(AND(BW89>11,BW89<=13),-0.1,IF(BW89>13,-0.15,0))))))) -> 0 | BY89: =#N/A -> #N/A | BZ89: =#N/A -> #N/A | CA89: =#N/A -> #N/A | CB89: =#N/A -> #N/A | CC89: =SUM(BY89:CB89) -> #N/A | CD89: =CC89-BB89 -> #N/A | CE89: =IF(CF89>0,BF89,0) -> 30 | CF89: =IF(BF89>=26,1,0) -> 1
A90: 84 | B90: 4 | C90: 173 | G90: 0 | H90: x | I90: x | J90: 0 | K90: x | L90: x | M90: x | N90: x | O90: x | P90: x | Q90: x | R90: x | S90: x | T90: x | U90: x | V90: 0 | W90: x | X90: x | Y90: x | Z90: x | AA90: x | AB90: x | AC90: x | AD90: x | AE90: x | AF90: x | AG90: x | AH90: 0 | AI90: 0 | AJ90: x | AK90: x | AN90: x | AO90: x | AS90: x | AT90: 0 | BB90: =COUNTIF(G90:U90,"X") -> 13 | BC90: =COUNTIF(V90:AK90,"X") -> 13 | BD90: =COUNTIF(AL90:BA90,"X") -> 3 | BE90: =COUNTIF(AU90:BA90,"x") -> 0 | BF90: =BB90+BC90 -> 26 | BK90: =IF(BO90>=26,1,0) -> 1 | BL90: =(BB90+BC90) -> 26 | BO90: =IF(BT90>0,BF90,0) -> 26 | BT90: =IF(BF90>=26,1,0) -> 1 | BV90: =IF(AND(BU90>0,BU90<=1),50000,IF(AND(BU90>1,BU90<=3),40000,IF(AND(BU90>3,BU90<=5),20000,IF(AND(BU90>5,BU90<=9),0,IF(AND(BU90>9,BU90<=11),-20000,IF(AND(BU90>11,BU90<=13),-40000,IF(BU90>13,-50000,0))))))) -> 0 | BX90: =IF(AND(BW90>0,BW90<=1),1.15,IF(AND(BW90>1,BW90<=3),1.1,IF(AND(BW90>3,BW90<=5),1.05,IF(AND(BW90>5,BW90<=9),1,IF(AND(BW90>9,BW90<=11),-0.05,IF(AND(BW90>11,BW90<=13),-0.1,IF(BW90>13,-0.15,0))))))) -> 0 | BY90: =#N/A -> #N/A | BZ90: =#N/A -> #N/A | CA90: =#N/A -> #N/A | CB90: =#N/A -> #N/A | CC90: =SUM(BY90:CB90) -> #N/A | CD90: =CC90-BB90 -> #N/A | CE90: =IF(CF90>0,BF90,0) -> 26 | CF90: =IF(BF90>=26,1,0) -> 1
A91: 85 | B91: 4 | C91: 174 | G91: 0 | H91: x | I91: x | J91: 0 | K91: x | L91: x | M91: x | N91: x | O91: x | P91: 0 | Q91: x | R91: x | S91: x | T91: x | U91: x | V91: x | W91: x | X91: x | Y91: x | Z91: x | AA91: x | AB91: x | AC91: x | AD91: x | AE91: x | AF91: x | AG91: x | AH91: x | AI91: 0 | AJ91: x | AK91: x | AN91: x | AO91: x | AS91: x | AT91: 0 | BB91: =COUNTIF(G91:U91,"X") -> 12 | BC91: =COUNTIF(V91:AK91,"X") -> 15 | BD91: =COUNTIF(AL91:BA91,"X") -> 3 | BE91: =COUNTIF(AU91:BA91,"x") -> 0 | BF91: =BB91+BC91 -> 27 | BK91: =IF(BO91>=26,1,0) -> 1 | BL91: =(BB91+BC91) -> 27 | BO91: =IF(BT91>0,BF91,0) -> 27 | BT91: =IF(BF91>=26,1,0) -> 1 | BV91: =IF(AND(BU91>0,BU91<=1),50000,IF(AND(BU91>1,BU91<=3),40000,IF(AND(BU91>3,BU91<=5),20000,IF(AND(BU91>5,BU91<=9),0,IF(AND(BU91>9,BU91<=11),-20000,IF(AND(BU91>11,BU91<=13),-40000,IF(BU91>13,-50000,0))))))) -> 0 | BX91: =IF(AND(BW91>0,BW91<=1),1.15,IF(AND(BW91>1,BW91<=3),1.1,IF(AND(BW91>3,BW91<=5),1.05,IF(AND(BW91>5,BW91<=9),1,IF(AND(BW91>9,BW91<=11),-0.05,IF(AND(BW91>11,BW91<=13),-0.1,IF(BW91>13,-0.15,0))))))) -> 0 | BY91: =#N/A -> #N/A | BZ91: =#N/A -> #N/A | CA91: =#N/A -> #N/A | CB91: =#N/A -> #N/A | CC91: =SUM(BY91:CB91) -> #N/A | CD91: =CC91-BB91 -> #N/A | CE91: =IF(CF91>0,BF91,0) -> 27 | CF91: =IF(BF91>=26,1,0) -> 1
A92: 86 | B92: 4 | C92: 175 | G92: 0 | H92: x | I92: x | J92: 0 | K92: x | L92: x | M92: x | N92: x | O92: x | P92: x | Q92: x | R92: x | S92: x | T92: x | U92: x | V92: x | W92: x | X92: x | Y92: x | Z92: x | AA92: x | AB92: x | AC92: x | AD92: x | AE92: 0 | AF92: x | AG92: x | AH92: x | AI92: x | AJ92: x | AK92: x | AN92: x | AO92: x | AS92: x | AT92: x | BB92: =COUNTIF(G92:U92,"X") -> 13 | BC92: =COUNTIF(V92:AK92,"X") -> 15 | BD92: =COUNTIF(AL92:BA92,"X") -> 4 | BE92: =COUNTIF(AU92:BA92,"x") -> 0 | BF92: =BB92+BC92 -> 28 | BK92: =IF(BO92>=26,1,0) -> 1 | BL92: =(BB92+BC92) -> 28 | BO92: =IF(BT92>0,BF92,0) -> 28 | BT92: =IF(BF92>=26,1,0) -> 1 | BV92: =IF(AND(BU92>0,BU92<=1),50000,IF(AND(BU92>1,BU92<=3),40000,IF(AND(BU92>3,BU92<=5),20000,IF(AND(BU92>5,BU92<=9),0,IF(AND(BU92>9,BU92<=11),-20000,IF(AND(BU92>11,BU92<=13),-40000,IF(BU92>13,-50000,0))))))) -> 0 | BX92: =IF(AND(BW92>0,BW92<=1),1.15,IF(AND(BW92>1,BW92<=3),1.1,IF(AND(BW92>3,BW92<=5),1.05,IF(AND(BW92>5,BW92<=9),1,IF(AND(BW92>9,BW92<=11),-0.05,IF(AND(BW92>11,BW92<=13),-0.1,IF(BW92>13,-0.15,0))))))) -> 0 | BY92: =#N/A -> #N/A | BZ92: =#N/A -> #N/A | CA92: =#N/A -> #N/A | CB92: =#N/A -> #N/A | CC92: =SUM(BY92:CB92) -> #N/A | CD92: =CC92-BB92 -> #N/A | CE92: =IF(CF92>0,BF92,0) -> 28 | CF92: =IF(BF92>=26,1,0) -> 1
A93: 87 | B93: 5 | C93: 176 | G93: x | H93: x | I93: x | J93: x | K93: x | L93: x | M93: x | N93: x | O93: x | P93: x | Q93: x | R93: x | S93: x | T93: x | U93: x | V93: x | W93: x | X93: x | Y93: x | Z93: x | AA93: x | AB93: 0 | AC93: x | AD93: x | AE93: x | AF93: x | AG93: x | AH93: x | AI93: x | AJ93: x | AK93: x | AN93: x | AO93: x | AS93: x | AT93: x | BB93: =COUNTIF(G93:U93,"X") -> 15 | BC93: =COUNTIF(V93:AK93,"X") -> 15 | BD93: =COUNTIF(AL93:BA93,"X") -> 4 | BE93: =COUNTIF(AU93:BA93,"x") -> 0 | BF93: =BB93+BC93 -> 30 | BK93: =IF(BO93>=26,1,0) -> 1 | BL93: =(BB93+BC93) -> 30 | BO93: =IF(BT93>0,BF93,0) -> 30 | BT93: =IF(BF93>=26,1,0) -> 1 | BV93: =IF(AND(BU93>0,BU93<=1),50000,IF(AND(BU93>1,BU93<=3),40000,IF(AND(BU93>3,BU93<=5),20000,IF(AND(BU93>5,BU93<=9),0,IF(AND(BU93>9,BU93<=11),-20000,IF(AND(BU93>11,BU93<=13),-40000,IF(BU93>13,-50000,0))))))) -> 0 | BX93: =IF(AND(BW93>0,BW93<=1),1.15,IF(AND(BW93>1,BW93<=3),1.1,IF(AND(BW93>3,BW93<=5),1.05,IF(AND(BW93>5,BW93<=9),1,IF(AND(BW93>9,BW93<=11),-0.05,IF(AND(BW93>11,BW93<=13),-0.1,IF(BW93>13,-0.15,0))))))) -> 0 | BY93: =#N/A -> #N/A | BZ93: =#N/A -> #N/A | CA93: =#N/A -> #N/A | CB93: =#N/A -> #N/A | CC93: =SUM(BY93:CB93) -> #N/A | CD93: =CC93-BB93 -> #N/A | CE93: =IF(CF93>0,BF93,0) -> 30 | CF93: =IF(BF93>=26,1,0) -> 1
A94: 88 | B94: 5 | C94: 177 | G94: x | H94: x | I94: x | J94: x | K94: x | L94: x | M94: x | N94: x | O94: x | P94: x | Q94: x | R94: x | S94: x | T94: x | U94: x | V94: 0 | W94: x | X94: x | Y94: x | Z94: x | AA94: x | AB94: 0 | AC94: x | AD94: x | AE94: x | AF94: x | AG94: x | AH94: x | AI94: x | AJ94: x | AK94: x | AN94: x | AO94: x | AS94: x | AT94: x | BB94: =COUNTIF(G94:U94,"X") -> 15 | BC94: =COUNTIF(V94:AK94,"X") -> 14 | BD94: =COUNTIF(AL94:BA94,"X") -> 4 | BE94: =COUNTIF(AU94:BA94,"x") -> 0 | BF94: =BB94+BC94 -> 29 | BK94: =IF(BO94>=26,1,0) -> 1 | BL94: =(BB94+BC94) -> 29 | BO94: =IF(BT94>0,BF94,0) -> 29 | BT94: =IF(BF94>=26,1,0) -> 1 | BV94: =IF(AND(BU94>0,BU94<=1),50000,IF(AND(BU94>1,BU94<=3),40000,IF(AND(BU94>3,BU94<=5),20000,IF(AND(BU94>5,BU94<=9),0,IF(AND(BU94>9,BU94<=11),-20000,IF(AND(BU94>11,BU94<=13),-40000,IF(BU94>13,-50000,0))))))) -> 0 | BX94: =IF(AND(BW94>0,BW94<=1),1.15,IF(AND(BW94>1,BW94<=3),1.1,IF(AND(BW94>3,BW94<=5),1.05,IF(AND(BW94>5,BW94<=9),1,IF(AND(BW94>9,BW94<=11),-0.05,IF(AND(BW94>11,BW94<=13),-0.1,IF(BW94>13,-0.15,0))))))) -> 0 | BY94: =#N/A -> #N/A | BZ94: =#N/A -> #N/A | CA94: =#N/A -> #N/A | CB94: =#N/A -> #N/A | CC94: =SUM(BY94:CB94) -> #N/A | CD94: =CC94-BB94 -> #N/A | CE94: =IF(CF94>0,BF94,0) -> 29 | CF94: =IF(BF94>=26,1,0) -> 1
A95: 89 | B95: 5 | C95: 178 | G95: x | H95: x | I95: x | J95: x | K95: x | L95: x | M95: x | N95: x | O95: x | P95: x | Q95: x | R95: x | S95: x | T95: x | U95: x | V95: x | W95: x | X95: x | Y95: 0 | Z95: x | AA95: x | AB95: x | AC95: x | AD95: x | AE95: x | AF95: x | AG95: x | AH95: x | AI95: x | AJ95: x | AK95: x | AN95: x | AO95: x | AS95: x | AT95: x | BB95: =COUNTIF(G95:U95,"X") -> 15 | BC95: =COUNTIF(V95:AK95,"X") -> 15 | BD95: =COUNTIF(AL95:BA95,"X") -> 4 | BE95: =COUNTIF(AU95:BA95,"x") -> 0 | BF95: =BB95+BC95 -> 30 | BK95: =IF(BO95>=26,1,0) -> 1 | BL95: =(BB95+BC95) -> 30 | BO95: =IF(BT95>0,BF95,0) -> 30 | BT95: =IF(BF95>=26,1,0) -> 1 | BV95: =IF(AND(BU95>0,BU95<=1),50000,IF(AND(BU95>1,BU95<=3),40000,IF(AND(BU95>3,BU95<=5),20000,IF(AND(BU95>5,BU95<=9),0,IF(AND(BU95>9,BU95<=11),-20000,IF(AND(BU95>11,BU95<=13),-40000,IF(BU95>13,-50000,0))))))) -> 0 | BX95: =IF(AND(BW95>0,BW95<=1),1.15,IF(AND(BW95>1,BW95<=3),1.1,IF(AND(BW95>3,BW95<=5),1.05,IF(AND(BW95>5,BW95<=9),1,IF(AND(BW95>9,BW95<=11),-0.05,IF(AND(BW95>11,BW95<=13),-0.1,IF(BW95>13,-0.15,0))))))) -> 0 | BY95: =#N/A -> #N/A | BZ95: =#N/A -> #N/A | CA95: =#N/A -> #N/A | CB95: =#N/A -> #N/A | CC95: =SUM(BY95:CB95) -> #N/A | CD95: =CC95-BB95 -> #N/A | CE95: =IF(CF95>0,BF95,0) -> 30 | CF95: =IF(BF95>=26,1,0) -> 1
A96: 90 | B96: 5 | C96: 179 | G96: 0 | H96: x | I96: x | J96: x | K96: x | L96: x | M96: x | N96: 0 | O96: x | P96: x | Q96: x | R96: x | S96: x | T96: x | U96: x | V96: x | W96: x | X96: x | Y96: x | Z96: x | AA96: x | AB96: x | AC96: x | AD96: x | AE96: x | AF96: x | AG96: x | AH96: x | AI96: 0 | AJ96: x | AK96: x | AN96: x | AO96: x | AS96: x | AT96: x | BB96: =COUNTIF(G96:U96,"X") -> 13 | BC96: =COUNTIF(V96:AK96,"X") -> 15 | BD96: =COUNTIF(AL96:BA96,"X") -> 4 | BE96: =COUNTIF(AU96:BA96,"x") -> 0 | BF96: =BB96+BC96 -> 28 | BK96: =IF(BO96>=26,1,0) -> 1 | BL96: =(BB96+BC96) -> 28 | BO96: =IF(BT96>0,BF96,0) -> 28 | BT96: =IF(BF96>=26,1,0) -> 1 | BV96: =IF(AND(BU96>0,BU96<=1),50000,IF(AND(BU96>1,BU96<=3),40000,IF(AND(BU96>3,BU96<=5),20000,IF(AND(BU96>5,BU96<=9),0,IF(AND(BU96>9,BU96<=11),-20000,IF(AND(BU96>11,BU96<=13),-40000,IF(BU96>13,-50000,0))))))) -> 0 | BX96: =IF(AND(BW96>0,BW96<=1),1.15,IF(AND(BW96>1,BW96<=3),1.1,IF(AND(BW96>3,BW96<=5),1.05,IF(AND(BW96>5,BW96<=9),1,IF(AND(BW96>9,BW96<=11),-0.05,IF(AND(BW96>11,BW96<=13),-0.1,IF(BW96>13,-0.15,0))))))) -> 0 | BY96: =#N/A -> #N/A | BZ96: =#N/A -> #N/A | CA96: =#N/A -> #N/A | CB96: =#N/A -> #N/A | CC96: =SUM(BY96:CB96) -> #N/A | CD96: =CC96-BB96 -> #N/A | CE96: =IF(CF96>0,BF96,0) -> 28 | CF96: =IF(BF96>=26,1,0) -> 1
