Workbook
Name ten_hang_muc_KD: '[1]Ten hang muc (2)'!$B$1:$C$31

Sheet SL KHOÁNG T10 NT
G1: Qui khô 44% | I1: tổ 2 | K1: tổ 3 | M1: tổ 4 | O1: tổ 5
A2: Tổ | B2: Tổng cây | C2: Sản lượng (kg) | D2: Quy khô 44% (kg) | G2: 1567.3 | H2: 3562 | I2: 1666.3 | J2: 3787 | K2: 1681.7 | L2: 3822 | M2: 1031.8 | N2: 2345 | O2: 1204.7 | P2: 2738
A3: 1 | B3: 123836 | C3: 173374 | D3: =ROUND(C3*0.44,0) -> 76285 | G3: 1557.2 | H3: 3539 | I3: 1640.3 | J3: 3728 | K3: 1662.8 | L3: 3779 | M3: 1100.4 | N3: 2501 | O3: 1196.8 | P3: 2720
A4: 2 | B4: 118640 | C4: 166096 | D4: =ROUND(C4*0.44,0) -> 73082 | G4: 1582.7 | H4: 3597 | I4: 1632.4 | J4: 3710 | K4: 1584.4 | L4: 3601 | M4: 1087.7 | N4: 2472 | O4: 1136.1 | P4: 2582
A5: 3 | B5: 115450 | C5: 161633 | D5: =ROUND(C5*0.44,0) -> 71119 | G5: 1617 | H5: 3675 | I5: 1590.6 | J5: 3615 | K5: 1584.9 | L5: 3602 | M5: 1057.3 | N5: 2403 | O5: 1173 | P5: 2666
A6: 4 | B6: 80347 | C6: 80347 | D6: =ROUND(C6*0.44,0) -> 35353 | G6: 1651.3 | H6: 3753 | I6: 1584.4 | J6: 3601 | K6: 1607.8 | L6: 3654 | M6: 1043.7 | N6: 2372 | O6: 1195.9 | P6: 2718
A7: 5 | B7: 79366 | C7: 87306 | D7: =ROUND(C7*0.44,0) -> 38415 | G7: 1662.8 | H7: 3779 | I7: 1564.2 | J7: 3555 | K7: 1599 | L7: 3634 | M7: 1035.3 | N7: 2353 | O7: 1253.6 | P7: 2849
G8: 1671.1 | H8: 3798 | I8: 1639.9 | J8: 3727 | K8: 1618.8 | L8: 3679 | M8: 1000.1 | N8: 2273 | O8: 1238.2 | P8: 2814
A9: TỔNG CỘNG | B9: =SUM(B3:B8) -> 517639 | C9: =SUM(C3:C8) -> 668756 | D9: =SUM(D3:D8) -> 294254 | G9: 1619.6 | H9: 3681 | I9: 1604.7 | J9: 3647 | K9: 1602 | L9: 3641 | M9: 985.2 | N9: 2239 | O9: 1243.9 | P9: 2827
G10: 1669.4 | H10: 3794 | I10: 1586.6 | J10: 3606 | K10: 1588.8 | L10: 3611 | M10: 963.2 | N10: 2189 | O10: 1222.8 | P10: 2779
G11: 1613.9 | H11: 3668 | I11: 1654.4 | J11: 3760 | K11: 1604.7 | L11: 3647 | M11: 1007.2 | N11: 2289 | O11: 1194.2 | P11: 2714
G12: 1635.5 | H12: 3717 | I12: 1654 | J12: 3759 | K12: 1585.8 | L12: 3604 | M12: 969.8 | N12: 2204 | O12: 1173.9 | P12: 2668
G13: 1614.4 | H13: 3669 | I13: 1641.2 | J13: 3730 | K13: 1564.2 | L13: 3555 | M13: 1018.2 | N13: 2314 | O13: 1169.5 | P13: 2658
G14: 1656.6 | H14: 3765 | I14: 1592.8 | J14: 3620 | K14: 1522.8 | L14: 3461 | M14: 1002.8 | N14: 2279 | O14: 1185.8 | P14: 2695
G15: 1561.1 | H15: 3548 | I15: 1610.4 | J15: 3660 | K15: 1527.2 | L15: 3471 | M15: 981.6 | N15: 2231 | O15: 1123.8 | P15: 2554
G16: 1601.6 | H16: 3640 | I16: 1620.1 | J16: 3682 | K16: 1570.4 | L16: 3569 | M16: 990.4 | N16: 2251 | O16: 1141.8 | P16: 2595
G17: 1676.8 | H17: 3811 | I17: 1687.4 | J17: 3835 | K17: 1594.1 | L17: 3623 | M17: 1024.8 | N17: 2329 | O17: 1111.4 | P17: 2526
G18: 1677.3 | H18: 3812 | I18: 1606 | J18: 3650 | K18: 1579.6 | L18: 3590 | M18: 1002.3 | N18: 2278 | O18: 1118.5 | P18: 2542
G19: 1676.8 | H19: 3811 | I19: 1634.2 | J19: 3714 | K19: 1575.2 | L19: 3580 | M19: 1013.8 | N19: 2304 | O19: 1107 | P19: 2516
G20: 1662.8 | H20: 3779 | I20: 1605.1 | J20: 3648 | K20: 1625.8 | L20: 3695 | M20: 1058.6 | N20: 2406 | O20: 1054.2 | P20: 2396
G21: 1672 | H21: 3800 | I21: 1567.3 | J21: 3562 | K21: 1692.2 | L21: 3846 | M21: 1079.3 | N21: 2453 | O21: 1085.9 | P21: 2468
... G35: 1656.6 | H35: 3765 | I35: 1630.6 | J35: 3706 | K35: 1578.7 | L35: 3588 | M35: 1114.1 | N35: 2532 | O35: 1035.8 | P35: 2354
G36: 1607.8 | H36: 3654 | I36: 1666.7 | J36: 3788 | K36: 1651.3 | L36: 3753
G37: 1669.8 | H37: 3795 | I37: 1641.2 | J37: 3730 | K37: 1638.1 | L37: 3723
G38: 1619.6 | H38: 3681 | I38: 1632.4 | J38: 3710 | K38: 1743.3 | L38: 3962
G39: 1647.4 | H39: 3744 | I39: 1657.5 | J39: 3767 | K39: 1743.3 | L39: 3962
G40: 1650.4 | H40: 3751 | I40: 1660.1 | J40: 3773 | K40: 1601.2 | L40: 3639
G41: 1551.9 | H41: 3527 | I41: 1649.1 | J41: 3748 | K41: 1651.3 | L41: 3753
G42: 1574.3 | H42: 3578 | I42: 1652.6 | J42: 3756 | K42: 1649.6 | L42: 3749
G43: 1607.3 | H43: 3653 | I43: 1659.7 | J43: 3772 | K43: 1656.6 | L43: 3765
G44: 1591.9 | H44: 3618 | I44: 1620.5 | J44: 3683 | K44: 1664.5 | L44: 3783
G45: 1589.3 | H45: 3612 | I45: 1612.6 | J45: 3665 | K45: 1659.7 | L45: 3772
G46: 1598.5 | H46: 3633 | I46: 1613.9 | J46: 3668
G47: 1592.8 | H47: 3620
G48: 1543.1 | H48: 3507

Sheet ct thuc te
A2: CHI TIẾT SẢN XUẤT NÔNG TRƯỜNG 1 KD THÁNG 06/2022
A3: S T T | B3: Tên lô | C3: Năm trồng | D3: Diện tích | E3: phát chổi | F3: bón phân | H3: t 4 | I3: t 5
D4: 2369.1
A5: KD 5 | B5: 0 | D5: =SUM(D6:D25) -> 474.2 | E5: =SUM(E6:E25) -> 0 | F5: =SUM(F6:F25) -> 218.3 | G5: 0
A6: 1 | B6: W 15 | C6: 2011 | D6: 24.3 | F6: =D6 -> 24.3
A7: 2 | B7: X 15 | C7: 2011 | D7: 24.3 | F7: =D7 -> 24.3
A8: 3 | B8: X 16 | C8: 2011 | D8: 24.3 | F8: =D8 -> 24.3
A9: 4 | B9: X 17 | C9: 2011 | D9: 24.3 | F9: =D9 -> 24.3
A10: 5 | B10: X 19 | C10: 2011 | D10: 24.3 | F10: =D10 -> 24.3
A11: 6 | B11: Y 12 | C11: 2011 | D11: 24.3 | H11: 24.3
A12: 7 | B12: Y 13 | C12: 2011 | D12: 23.8 | I12: 23.8
A13: 8 | B13: Y 15 | C13: 2011 | D13: 24.3 | I13: 24.3
A14: 9 | B14: Y 16 | C14: 2011 | D14: 24.3 | F14: =D14 -> 24.3
A15: 10 | B15: Y 19 | C15: 2011 | D15: 24.1 | F15: =D15 -> 24.1
A16: 11 | B16: Y 20 | C16: 2011 | D16: 24.1 | F16: =D16 -> 24.1
A17: 12 | B17: Y 21 | C17: 2011 | D17: 24.3 | F17: =D17 -> 24.3
A18: 13 | B18: Z 14 | C18: 2011 | D18: 22.9 | H18: 22.9
A19: 14 | B19: Z 15 | C19: 2011 | D19: 23.2 | H19: 23.2
A20: 15 | B20: Z 16 | C20: 2011 | D20: 23.2 | H20: 23.2
A21: 16 | B21: Z 17 | C21: 2011 | D21: 23.2 | H21: 23.2
A22: 17 | B22: Z 18 | C22: 2011 | D22: 23.3 | H22: 23.3
A23: 18 | B23: Z 19 | C23: 2011 | D23: 23.4 | H23: 23.4
A24: 19 | B24: Z 20 | C24: 2011 | D24: 22.3 | H24: 22.3
A25: 20 | B25: Z 21 | C25: 2011 | D25: 22 | H25: 22
A26: KD 4 | B26: 0 | D26: =SUM(D27:D58) -> 676.4 | E26: =SUM(E27:E58) -> 0 | F26: =SUM(F27:F58) -> 365.7 | G26: 0
A27: 1 | B27: X 20 | C27: 2011 | D27: 24.3 | F27: =D27 -> 24.3
A28: 2 | B28: X 18 | C28: 2011 | D28: 24.3 | F28: =D28 -> 24.3
A29: 3 | B29: Z 23 | C29: 2011 | D29: 11.6 | H29: 11.6
A30: 4 | B30: Z 22 | C30: 2011 | D30: 23.5 | H30: 23.5
A31: 5 | B31: Y 18 | C31: 2011 | D31: 24.3 | F31: =D31 -> 24.3
A32: 6 | B32: Y 17 | C32: 2011 | D32: 24.3 | F32: =D32 -> 24.3
A33: 7 | B33: V 15 | C33: 2011 | D33: 23 | F33: =D33 -> 23
A34: 8 | B34: Z 12 | C34: 2012 | D34: 8.9 | H34: 8.9
A35: 9 | B35: Z 11 | C35: 2012 | D35: 14.8 | H35: 14.8
A36: 10 | B36: Y 22 | C36: 2012 | D36: 15.9 | F36: =D36 -> 15.9
A37: 11 | B37: Y 14 | C37: 2012 | D37: 21.6 | I37: 21.6
A38: 12 | B38: Y 10+11 | C38: 2012 | D38: 27.3 | H38: 27.3
A39: 13 | B39: X 14 | C39: 2012 | D39: 24.3 | I39: 24.3
A40: 14 | B40: X 13 | C40: 2012 | D40: 24.3 | I40: 24.3
A41: 15 | B41: X 12 | C41: 2012 | D41: 24.3 | H41: 24.3
A42: 16 | B42: X 11 | C42: 2012 | D42: 24.3 | H42: 24.3
A43: 17 | B43: W 16 | C43: 2012 | D43: 24.3 | F43: =D43 -> 24.3
A44: 18 | B44: W 14 | C44: 2012 | D44: 24.3 | I44: 24.3
A45: 19 | B45: W 13 | C45: 2012 | D45: 24.3 | I45: 24.3
A46: 20 | B46: W 12 | C46: 2012 | D46: 24.3 | F46: =D46 -> 24.3
A47: 21 | B47: V 9+10 | C47: 2012 | D47: 27.4 | I47: 27.4
A48: 22 | B48: V 16 | C48: 2012 | D48: 16.4 | F48: =D48 -> 16.4
A49: 23 | B49: V 13 | C49: 2012 | D49: 24.3 | I49: 24.3
A50: 24 | B50: V 12 | C50: 2012 | D50: 24.3 | F50: =D50 -> 24.3
A51: 25 | B51: V 11 | C51: 2012 | D51: 24.3 | F51: =D51 -> 24.3
A52: 26 | B52: U 14 | C52: 2012 | D52: 24.3 | F52: =D52 -> 24.3
A53: 27 | B53: U 13 | C53: 2012 | D53: 24.3 | F53: =D53 -> 24.3
A54: 28 | B54: U 12 | C54: 2012 | D54: 24.3 | F54: =D54 -> 24.3
A55: 29 | B55: U 11 | C55: 2012 | D55: 24.3 | F55: =D55 -> 24.3
A56: 30 | B56: U 10 | C56: 2012 | D56: 5.5 | I56: 5.5
A57: 31 | B57: T 10 | C57: 2012 | D57: 2.6 | F57: =D57 -> 2.6
A58: 32 | B58: S 10 | C58: 2012 | D58: 16.2 | F58: =D58 -> 16.2
A59: KD 3 | B59: 0 | D59: =SUM(D60:D92) -> 511 | E59: =SUM(E60:E92) -> 0 | F59: =SUM(F60:F92) -> 429.4 | G59: =SUM(G60:G92) -> 0
A60: 1 | B60: X 21 | C60: 2012 | D60: 15.6 | F60: =D60 -> 15.6
A61: 2 | B61: X 10 | C61: 2012 | D61: 9 | I61: 9
A62: 3 | B62: W 9+10 | C62: 2012 | D62: 22.2 | I62: 22.2
A63: 4 | B63: W 20 | C63: 2012 | D63: 4.5 | F63: =D63 -> 4.5
A64: 5 | B64: W 17 | C64: 2012 | D64: 24.5 | F64: =D64 -> 24.5
A65: 6 | B65: W 11 | C65: 2012 | D65: 24.3 | I65: 24.3
A66: 7 | B66: V 14 | C66: 2012 | D66: 24.3 | I66: 24.3
A67: 8 | B67: U 16 | C67: 2012 | D67: 8.3 | F67: =D67 -> 8.3
A68: 9 | B68: U 15 | C68: 2012 | D68: 23.5 | F68: =D68 -> 23.5
A69: 10 | B69: T 15 | C69: 2012 | D69: 8.4 | F69: =D69 -> 8.4
A70: 11 | B70: T 12 | C70: 2012 | D70: 21.4 | F70: =D70 -> 21.4
A71: 12 | B71: T 11 | C71: 2012 | D71: 13.4 | F71: =D71 -> 13.4
A72: 13 | B72: ST 14 | C72: 2012 | D72: 27.9 | F72: =D72 -> 27.9
A73: 14 | B73: ST 13 | C73: 2012 | D73: 26.4 | F73: =D73 -> 26.4
A74: 66 | B74: U 9 | C74: 2013 | D74: 8.5 | F74: =D74 -> 8.5
A75: 67 | B75: U 10 | C75: 2013 | D75: 1.8 | I75: 1.8
A76: 68 | B76: T 9 T | C76: 2013 | D76: 6 | F76: =D76 -> 6
A77: 69 | B77: T 9 Đ | C77: 2013 | D77: 13.4 | F77: =D77 -> 13.4
A78: 70 | B78: T 8 | C78: 2013 | D78: 1.8 | F78: =D78 -> 1.8
A79: 71 | B79: T 10 | C79: 2013 | D79: 7.5 | F79: =D79 -> 7.5
A80: 72 | B80: S 9 | C80: 2013 | D80: 24.3 | F80: =D80 -> 24.3
A81: 73 | B81: S 8 | C81: 2013 | D81: 11.8 | F81: =D81 -> 11.8
A82: 74 | B82: RS 11 | C82: 2013 | D82: 25.6 | F82: =D82 -> 25.6
A83: 75 | B83: R 9 | C83: 2013 | D83: 22.8 | F83: =D83 -> 22.8
A84: 76 | B84: R 7+8 | C84: 2013 | D84: 21.2 | F84: =D84 -> 21.2
A85: 77 | B85: R 12 | C85: 2013 | D85: 11.8 | F85: =D85 -> 11.8
A86: 78 | B86: R 10 | C86: 2013 | D86: 2.2 | F86: =D86 -> 2.2
A87: 79 | B87: QR 13 | C87: 2013 | D87: 10.2 | F87: =D87 -> 10.2
... A92: 84 | B92: Q 11 | C92: 2013 | D92: 24.3 | F92: =D92 -> 24.3
A93: KD 2 | B93: 0 | D93: =SUM(D94:D137) -> 707.5 | E93: =SUM(E94:E137) -> 0 | F93: =SUM(F94:F137) -> 0 | G93: =SUM(G94:G137) -> 0
A94: 1 | B94: W 23 | C94: 2013 | D94: 24.4 | H94: 24.4
A95: 2 | B95: W 22 | C95: 2013 | D95: 14.7 | H95: 14.7
A96: 3 | B96: V 24 | C96: 2013 | D96: 24.3 | I96: 24.3
A97: 4 | B97: V 23 | C97: 2013 | D97: 24.3 | H97: 24.3
A98: 5 | B98: V 22 | C98: 2013 | D98: 24.3 | H98: 24.3
A99: 6 | B99: V 21 | C99: 2013 | D99: 14.7 | H99: 14.7
A100: 7 | B100: UV 20 | C100: 2013 | D100: 28.1 | H100: 28.1
A101: 8 | B101: UV 19 | C101: 2013 | D101: 24.9 | H101: 24.9
A102: 9 | B102: U 21 | C102: 2013 | D102: 24.3 | H102: 24.3
A103: 10 | B103: U 18 | C103: 2013 | D103: 12.3 | H103: 12.3
A104: 11 | B104: T 21 | C104: 2013 | D104: 24.3 | H104: 24.3
A105: 12 | B105: T 20 | C105: 2013 | D105: 24.3 | H105: 24.3
...

Sheet TÊN HÀNG MỤC
A1: A | B1: CHĂM SÓC | C1: ការថែទាំ
A2: 1 | B2: Phát cỏ luồng | C2: ជម្រះស្មៅចន្លោះរង
A3: 2 | B3: Bón phân | C3: ដាក់ជី
A4: 3 | B4: Phòng trị bệnh | C4: បង្ការព្យាបាលជម្ងឺ
A5: 4 | B5: Làm giàn mủ tạp | C5: ធ្វើរានដាក់ជ័រចម្រុះ
A6: 5 | B6: Phòng chống cháy + gác lửa | C6: ការពារភ្លើងឆេះ + យាមភ្លើង
A7: B | B7: THU HOẠCH | C7: ប្រមូលផល
A8: 1 | B8: Kiểm kê cây cao su đầu vụ cạo | C8: ជំរឿនដើមកៅស៊ូនៅដើមរដូវចៀរ
A9: 2 | B9: Thiết kế mặt cạo | C9: បែងចែកផ្ទាំងចៀរ
A10: 3 | B10: Đánh dấu hao dăm quý, năm | C10: គូសសញ្ញាចំណាយអាចម៍ពន្លាក់ប្រចាំត្រីមាស​និងឆ្នាំ
A11: 4 | B11: Chia, đánh số phần cạo | C11: បែងចែកនិងគូសលេខរានចៀរ
A12: 5 | B12: Trang bị vật tư (Kiềng, chén) | C12: បំពាក់ឧបករណ៍ (កង, ចាន)
A13: 6 | B13: Cạo xả miệng, đóng máng, gắn mái che chén | C13: បើកមុខចៀរជ័រដំបូង ដោតស្លាបព្រា​និងទគម្របចាន
A14: 7 | B14: Gắn máng chắn mưa | C14: ការបំពាក់ក្បាំងទឹកភ្លៀង
A15: 8 | B15: Vệ sinh cây cạo | C15: សំអាតដើមចៀរ
A16: 9 | B16: Bôi thuốc kích thích | C16: លាបថ្នាំរំញោច
A17: 10 | B17: Thu dọn cuối vụ cạo | C17: ប្រមូលសម្ភារៈចុងរដូវចៀរ
A18: 11 | B18: Cạo, trút và giao nộp mủ | C18: ចៀរ សារនិងប្រគូលជ័រ
A19: 12 | B19: Công nhật (25.500 KHR) | C19: កម្លាំងចៀរ
A20: 13 | B20: Công trả sản lượng mủ | C20: កម្លាំងចំណាយទៅលើផលិតផលជ័រ
A21: C | B21: Bảo vệ vườn cây | C21: សន្តិសុខការពារចំការ
B22: Kinh doanh nhóm 1 | C22: អាជីវកម្មក្រុមទី​១
B23: Kinh doanh năm 4 | C23: អាជីវកម្មឆ្នាំទី​៤
B24: Kinh doanh năm 3 | C24: អាជីវកម្មឆ្នាំទី​៣
B25: Kinh doanh năm 2 | C25: អាជីវកម្មឆ្នាំទី​២
B26: Mở cạo 2021 | C26: បើកមុខចៀរជ័រឆ្នាំ​២០២១
B27: Công/ha | C27: កម្លាំង/ហិតា
B28: Đợt 1 | C28: វគ្គទី​១
B29: Đợt 2 | C29: វគ្គទី​២
B30: Tổng 2 đợt | C30: សរុបទាំង​២វគ្គ
B31: Công/ngày | C31: កម្លាំង/ថ្ងៃ
A32: Hạng mục KTCB | C32: មុខងាររយៈមុនពេលប្រមូលផល
B33: Phun thuốc cỏ hàng | C33: បាញ់ថ្នាំរង
B34: Phát cỏ luồng | C34: ជម្រះស្មៅចន្លោះរង
B35: Phát dọn, phòng chống cháy | C35: ជម្រះការពារភ្លើងឆេះ
B36: Phòng trị bệnh | C36: បង្ការព្យាបាលជម្ងឺ
B37: Bảo vệ thường xuyên | C37: ការពារជាប្រចាំ
B38: Kiểm kê cuối năm | C38: ជំរឿនដើមកៅស៊ូនៅចុងរដូវចៀរ

Sheet Tên Tháng 1
P1: SỐ NĂM
A2: STT | B2: ប្រុល់ | C2: ស្រី | D2: CMNN | F2: TÊN | G2: Tổ | H2: Số phần cây
A4: 1 | B4: 33030 | C4: ស្រី | D4: 150429518 | E4: ឆែម ហុង | F4: CHHEM HONG | G4: 1 | H4: 1 | I4: GA 1 | O4: =YEAR(NOW())-YEAR(B4) -> 36 | P4: =IF(O4<=59,O4,IF(O4=60,1)) -> 36 | U4: 33030 | V4: NỮ
A5: 2 | B5: 35982 | C5: ប្រុស | D5: 220140698 | E5: សុទ្ធ សីថា | F5: SOT SEYTHA | G5: 1 | H5: 2 | I5: GA 1 | O5: =YEAR(NOW())-YEAR(B5) -> 28 | P5: =IF(O5<=59,O5,IF(O5=60,1)) -> 28 | U5: 35982 | V5: NAM
A6: 3 | B6: 38457 | C6: ប្រុស | D6: 151027370 | E6: រ៉ន ចាន់រាជ | F6: RORN CHANREACH | G6: 1 | H6: 3 | I6: GA 1 | O6: =YEAR(NOW())-YEAR(B6) -> 21 | P6: =IF(O6<=59,O6,IF(O6=60,1)) -> 21 | U6: 38457 | V6: NAM
A7: 4 | B7: 36175 | C7: ស្រី | D7: 150815265 | E7: ណំ ធីងធីង | F7: NON THING THING | G7: 1 | H7: 4 | I7: GA 1 | O7: =YEAR(NOW())-YEAR(B7) -> 27 | P7: =IF(O7<=59,O7,IF(O7=60,1)) -> 27 | U7: 36175 | V7: NỮ
A8: 5 | B8: 33615 | C8: ប្រុស | D8: 150523483 | E8: វ៉ាន់ បូរ៉ុង | F8: VANN BORONG | G8: 1 | H8: 5 | I8: GA 1 | O8: =YEAR(NOW())-YEAR(B8) -> 34 | P8: =IF(O8<=59,O8,IF(O8=60,1)) -> 34 | U8: 33615 | V8: NAM
A9: 6 | B9: 35986 | C9: ប្រុស | D9: 220152906 | E9: យឿង សុខជា | F9: YOEUNG SOKCHEA | G9: 1 | H9: 6 | I9: GA 1 | O9: =YEAR(NOW())-YEAR(B9) -> 28 | P9: =IF(O9<=59,O9,IF(O9=60,1)) -> 28 | U9: 35986 | V9: NAM
A10: 7 | B10: 36651 | C10: ប្រុស | D10: 220175364 | E10: អួន សុភាព | F10: OURN SOPHEAP | G10: 1 | H10: 7 | I10: GA 1 | O10: =YEAR(NOW())-YEAR(B10) -> 26 | P10: =IF(O10<=59,O10,IF(O10=60,1)) -> 26 | U10: 36651 | V10: NAM
A11: 8 | B11: 35950 | C11: ប្រុស | D11: 220209900 | E11: ភួន ភី | F11: PHUON PHY | G11: 1 | H11: 8 | I11: GA 1 | O11: =YEAR(NOW())-YEAR(B11) -> 28 | P11: =IF(O11<=59,O11,IF(O11=60,1)) -> 28 | U11: 35950 | V11: NAM
A12: 9 | B12: 36447 | C12: ប្រុស | D12: 150789799 | E12: ទូ គុលា | F12: TO TOKLA | G12: 1 | H12: 9 | I12: GA 1 | O12: =YEAR(NOW())-YEAR(B12) -> 27 | P12: =IF(O12<=59,O12,IF(O12=60,1)) -> 27 | U12: 36447 | V12: NAM
A13: 10 | B13: 38244 | C13: ស្រី | D13: 150983095 | E13: ណំ សិទ្ធិ | F13: NOM SITH | G13: 1 | H13: 10 | I13: GA 1 | O13: =YEAR(NOW())-YEAR(B13) -> 22 | P13: =IF(O13<=59,O13,IF(O13=60,1)) -> 22 | U13: 38244 | V13: NỮ
A14: 11 | B14: 29073 | C14: ស្រី | D14: 150814730 | E14: ធ្លក រាន់ | F14: THLOK ROIN | G14: 1 | H14: 11 | I14: GA 1 | O14: =YEAR(NOW())-YEAR(B14) -> 47 | P14: =IF(O14<=59,O14,IF(O14=60,1)) -> 47 | U14: 29073 | V14: NỮ
A15: 12 | B15: 29082 | C15: ស្រី | D15: 150427542 | E15: យ៉ែម ឃឿន | F15: YEM KHOEUN | G15: 1 | H15: 12 | I15: GA 1 | O15: =YEAR(NOW())-YEAR(B15) -> 47 | P15: =IF(O15<=59,O15,IF(O15=60,1)) -> 47 | U15: 29082 | V15: NỮ
A16: 13 | B16: 37848 | C16: ប្រុស | D16: 220234084 | E16: យឿង រ៉ាឌី | F16: YOEUNG RADIN | G16: 1 | H16: 13 | I16: GA 1 | O16: =YEAR(NOW())-YEAR(B16) -> 23 | P16: =IF(O16<=59,O16,IF(O16=60,1)) -> 23 | U16: 37848 | V16: NAM
A17: 14 | B17: 34127 | C17: ប្រុស | D17: 150468345 | E17: វ៉ាន់ បូរិទ្ធ | F17: VANN BORITH | G17: 1 | H17: 14 | I17: GA 1 | O17: =YEAR(NOW())-YEAR(B17) -> 33 | P17: =IF(O17<=59,O17,IF(O17=60,1)) -> 33 | U17: 34127 | V17: NAM
A18: 15 | B18: 30477 | C18: ស្រី | D18: 250230683 | E18: ឆែម ហ៊ាច | F18: CHHEM HEACH | G18: 1 | H18: 15 | I18: GA 1 | O18: =YEAR(NOW())-YEAR(B18) -> 43 | P18: =IF(O18<=59,O18,IF(O18=60,1)) -> 43 | U18: 30477 | V18: NỮ
A19: 16 | B19: 34095 | C19: ប្រុស | D19: 150523533 | E19: ឆែម ឆុន | F19: CHHEN CHHON | G19: 1 | H19: 16 | I19: GA 1 | O19: =YEAR(NOW())-YEAR(B19) -> 33 | P19: =IF(O19<=59,O19,IF(O19=60,1)) -> 33 | U19: 34095 | V19: NAM
... A27: 24 | B27: 35189 | C27: ប្រុស | D27: 220208788 | E27: សុទ្ធ សុខជា | F27: SOTH SOKCHEA | G27: 1 | H27: 24 | I27: GA 1 | O27: =YEAR(NOW())-YEAR(B27) -> 30 | P27: =IF(O27<=59,O27,IF(O27=60,1)) -> 30 | U27: 35189 | V27: NAM
A28: 25 | B28: 31200 | C28: ស្រី | D28: 060541171 | E28: ពិន ឆេន | F28: PIN CHHEN | G28: 1 | H28: 25 | I28: GA 1 | O28: =YEAR(NOW())-YEAR(B28) -> 41 | P28: =IF(O28<=59,O28,IF(O28=60,1)) -> 41 | U28: 31200 | V28: NỮ
A29: 26 | B29: 30904 | C29: ប្រុស | D29: 060540793 | E29: កេត នី | F29: KET NY | G29: 1 | H29: 26 | I29: GA 1 | O29: =YEAR(NOW())-YEAR(B29) -> 42 | P29: =IF(O29<=59,O29,IF(O29=60,1)) -> 42 | U29: 30904 | V29: NAM
A30: 27 | B30: 38861 | C30: ប្រុស | D30: 250373915 | E30: គៀវ និ | F30: KIEV NIK | G30: 1 | H30: 27 | I30: GA 1 | O30: =YEAR(NOW())-YEAR(B30) -> 20 | P30: =IF(O30<=59,O30,IF(O30=60,1)) -> 20 | U30: 38861 | V30: NAM
A31: 28 | B31: 39434 | C31: ប្រុស | D31: 151065238 | E31: ដួត ដែន | F31: DOUT DEN | G31: 1 | H31: 28 | I31: GA 1 | O31: =YEAR(NOW())-YEAR(B31) -> 19 | P31: =IF(O31<=59,O31,IF(O31=60,1)) -> 19 | U31: 39434 | V31: NAM
A32: 29 | B32: 39615 | C32: ស្រី | D32: 151057212 | E32: ចាយ ពន្លក | F32: CHAY PONLOK | G32: 1 | H32: 29 | I32: GA 1 | O32: =YEAR(NOW())-YEAR(B32) -> 18 | P32: =IF(O32<=59,O32,IF(O32=60,1)) -> 18 | U32: 39615 | V32: NỮ
A33: 30 | B33: 28982 | C33: ប្រុស | D33: 150978869 | E33: សំ ផុន | F33: SOM PHON | G33: 1 | H33: 30 | I33: GA 1 | O33: =YEAR(NOW())-YEAR(B33) -> 47 | P33: =IF(O33<=59,O33,IF(O33=60,1)) -> 47 | U33: 28982 | V33: NAM
A34: 31 | B34: 38595 | C34: ស្រី | D34: 150983094 | E34: អ៊ុន ឆវ័ន | F34: UN CHORVON | G34: 1 | H34: 31 | I34: GA 1 | O34: =YEAR(NOW())-YEAR(B34) -> 21 | P34: =IF(O34<=59,O34,IF(O34=60,1)) -> 21 | U34: 38595 | V34: NỮ
A35: 32 | B35: 30503 | C35: ប្រុស | D35: 220175216 | E35: ប៉ិល ថា | F35: PEL THA | G35: 1 | H35: 32 | I35: GA 1 | O35: =YEAR(NOW())-YEAR(B35) -> 43 | P35: =IF(O35<=59,O35,IF(O35=60,1)) -> 43 | U35: 30503 | V35: NAM
A36: 33 | B36: 31663 | C36: ប្រុស | D36: 220175443 | E36: ប៉ិល ផល្លា | F36: PEL PHALLA | G36: 1 | H36: 33 | I36: GA 1 | O36: =YEAR(NOW())-YEAR(B36) -> 40 | P36: =IF(O36<=59,O36,IF(O36=60,1)) -> 40 | U36: 31663 | V36: NAM
A37: 34 | B37: 37412 | C37: ប្រុស | D37: 220208812 | E37: យៀត ឌី | F37: YIEN DY | G37: 1 | H37: 34 | I37: GA 1 | O37: =YEAR(NOW())-YEAR(B37) -> 24 | P37: =IF(O37<=59,O37,IF(O37=60,1)) -> 24 | U37: 37412 | V37: NAM
A38: 35 | B38: 30868 | C38: ស្រី | D38: 220175374 | E38: រឿន ចាន់រ៉ា | F38: ROEUN CHANRA | G38: 1 | H38: 35 | I38: GA 1 | O38: =YEAR(NOW())-YEAR(B38) -> 42 | P38: =IF(O38<=59,O38,IF(O38=60,1)) -> 42 | U38: 30868 | V38: NỮ
A39: 36 | B39: 38777 | C39: ស្រី | D39: 220234356 | E39: អៀវ សុភ័ណ្ឌ | F39: IEV SOPHORN | G39: 1 | H39: 36 | I39: GA 1 | O39: =YEAR(NOW())-YEAR(B39) -> 20 | P39: =IF(O39<=59,O39,IF(O39=60,1)) -> 20 | U39: 38777 | V39: NỮ
A40: 37 | B40: 30835 | C40: ប្រុស | D40: 160485580 | E40: គុយ សឿន | F40: KUY SOEUN | G40: 1 | H40: 37 | I40: GA 1 | O40: =YEAR(NOW())-YEAR(B40) -> 42 | P40: =IF(O40<=59,O40,IF(O40=60,1)) -> 42 | U40: 30835 | V40: NAM
A41: 38 | B41: 35066 | C41: ស្រី | D41: 150523513 | E41: សាំ សុរីសា | F41: SAM SORYSA | G41: 1 | H41: 38 | I41: GA 1 | O41: =YEAR(NOW())-YEAR(B41) -> 30 | P41: =IF(O41<=59,O41,IF(O41=60,1)) -> 30 | U41: 35066 | V41: NỮ
... A60: 57 | B60: 38127 | C60: ស្រី | D60: 150949342 | E60: ម៉ួន ហ៊ាង | F60: MUON HEANG | G60: 4 | H60: 146 | I60: GA 1 | O60: =YEAR(NOW())-YEAR(B60) -> 22 | P60: =IF(O60<=59,O60,IF(O60=60,1)) -> 22 | U60: 38127 | V60: NỮ
A61: 58 | B61: 37818 | C61: ប្រុស | D61: 051669732 | E61: យ៉េន ហៃ | F61: YEN HAI | G61: 4 | H61: 147 | I61: GA 1 | O61: =YEAR(NOW())-YEAR(B61) -> 23 | P61: =IF(O61<=59,O61,IF(O61=60,1)) -> 23 | U61: 37818 | V61: NAM
A62: 59 | B62: 24275 | C62: ប្រុស | D62: 150360039 | E62: ស្រី អ៊ឹម | F62: SREY OEM | G62: 4 | H62: 148 | I62: GA 1 | O62: =YEAR(NOW())-YEAR(B62) -> 60 | P62: =IF(O62<=59,O62,IF(O62=60,1)) -> 1 | U62: 24275 | V62: NAM
A63: 60 | B63: 33636 | C63: ប្រុស | D63: 150523030 | E63: ណេ សារ៉ាត់ | F63: NE SARATH | G63: 4 | H63: 149 | I63: GA 1 | O63: =YEAR(NOW())-YEAR(B63) -> 34 | P63: =IF(O63<=59,O63,IF(O63=60,1)) -> 34 | U63: 33636 | V63: NAM
A64: 61 | B64: 30757 | C64: ស្រី | D64: 150236408 | E64: សន ធីន | F64: SORN THIN | G64: 4 | H64: 150 | I64: GA 1 | O64: =YEAR(NOW())-YEAR(B64) -> 42 | P64: =IF(O64<=59,O64,IF(O64=60,1)) -> 42 | U64: 30757 | V64: NỮ
A65: 62 | B65: 28445 | C65: ប្រុស | D65: 150523289 | E65: ម៉ន ម៉ៃ | F65: MORN MAY | G65: 4 | H65: 151 | I65: GA 1 | O65: =YEAR(NOW())-YEAR(B65) -> 49 | P65: =IF(O65<=59,O65,IF(O65=60,1)) -> 49 | U65: 28445 | V65: NAM
A66: 63 | B66: 28158 | C66: ស្រី | D66: 150523290 | E66: ជន សាមាក់ | F66: CHORN SAMAK | G66: 4 | H66: 152 | I66: GA 1 | O66: =YEAR(NOW())-YEAR(B66) -> 49 | P66: =IF(O66<=59,O66,IF(O66=60,1)) -> 49 | U66: 28158 | V66: NỮ
A67: 64 | B67: 37640 | C67: ស្រី | D67: 150938986 | E67: សេង មករា | F67: SENG MEAKARA | G67: 4 | H67: 153 | I67: GA 1 | O67: =YEAR(NOW())-YEAR(B67) -> 23 | P67: =IF(O67<=59,O67,IF(O67=60,1)) -> 23 | U67: 37640 | V67: NỮ
A68: 65 | B68: 30443 | C68: ប្រុស | D68: 150612485 | E68: ហ៊ាវ ហៃ | F68: HEAV HAI | G68: 4 | H68: 154 | I68: GA 1 | O68: =YEAR(NOW())-YEAR(B68) -> 43 | P68: =IF(O68<=59,O68,IF(O68=60,1)) -> 43 | U68: 30443 | V68: NAM
A69: 66 | B69: 29954 | C69: ស្រី | D69: 150612484 | E69: មឿន សាវន | F69: MOEUN SAVON | G69: 4 | H69: 155 | I69: GA 1 | O69: =YEAR(NOW())-YEAR(B69) -> 44 | P69: =IF(O69<=59,O69,IF(O69=60,1)) -> 44 | U69: 29954 | V69: NỮ
A70: 67 | B70: 35930 | C70: ប្រុស | D70: 150755457 | E70: មឿន សុខា | F70: MAEUN SOKHA | G70: 4 | H70: 156 | I70: GA 1 | O70: =YEAR(NOW())-YEAR(B70) -> 28 | P70: =IF(O70<=59,O70,IF(O70=60,1)) -> 28 | U70: 35930 | V70: NAM
A71: 68 | B71: 33339 | C71: ស្រី | D71: 150469788 | E71: ម៉ិក ស្រីលាក់ | F71: MIK SREYLEAK | G71: 4 | H71: 157 | I71: GA 1 | O71: =YEAR(NOW())-YEAR(B71) -> 35 | P71: =IF(O71<=59,O71,IF(O71=60,1)) -> 35 | U71: 33339 | V71: NỮ
A72: 69 | B72: 38045 | C72: ប្រុស | D72: 220244414 | E72: គង់ ពន្លឺ | F72: KONG PUNLEU | G72: 4 | H72: 158 | I72: GA 1 | O72: =YEAR(NOW())-YEAR(B72) -> 22 | P72: =IF(O72<=59,O72,IF(O72=60,1)) -> 22 | U72: 38045 | V72: NAM
A73: 70 | B73: 31265 | C73: ប្រុស | D73: 220171344 | E73: បាន សុខឿន | F73: BAN SOKHOEUN | G73: 4 | H73: 159 | I73: GA 1 | O73: =YEAR(NOW())-YEAR(B73) -> 41 | P73: =IF(O73<=59,O73,IF(O73=60,1)) -> 41 | U73: 31265 | V73: NAM
... A79: 76 | B79: 34231 | C79: ស្រី | D79: 150523250 | E79: វ៉ា វាសនា | F79: VA VEASNA | G79: 4 | H79: 165 | I79: GA 1 | O79: =YEAR(NOW())-YEAR(B79) -> 33 | P79: =IF(O79<=59,O79,IF(O79=60,1)) -> 33 | U79: 34231 | V79: NỮ
A80: 77 | B80: 28865 | C80: ប្រុស | D80: 060581849 | E80: សុត តក់ | F80: SOT TORK | G80: 4 | H80: 166 | I80: GA 1 | O80: =YEAR(NOW())-YEAR(B80) -> 47 | P80: =IF(O80<=59,O80,IF(O80=60,1)) -> 47 | U80: 28865 | V80: NAM
A81: 78 | B81: 32333 | C81: ស្រី | D81: 220175240 | E81: បាន ល្អិត | F81: BAN LOITH | G81: 4 | H81: 167 | I81: GA 1 | O81: =YEAR(NOW())-YEAR(B81) -> 38 | P81: =IF(O81<=59,O81,IF(O81=60,1)) -> 38 | U81: 32333 | V81: NỮ
A82: 79 | B82: 36832 | C82: ស្រី | D82: 150895877 | E82: ដា វ៉ាន់ណា | F82: DA VANNA | G82: 4 | H82: 168 | I82: GA 1 | O82: =YEAR(NOW())-YEAR(B82) -> 26 | P82: =IF(O82<=59,O82,IF(O82=60,1)) -> 26 | U82: 36832 | V82: NỮ
A83: 80 | B83: 31584 | C83: ស្រី | D83: 150873361 | E83: ទៀន ចែម | F83: TEAN CHEM | G83: 4 | H83: 169 | I83: GA 1 | O83: =YEAR(NOW())-YEAR(B83) -> 40 | P83: =IF(O83<=59,O83,IF(O83=60,1)) -> 40 | U83: 31584 | V83: NỮ
A84: 81 | B84: 30531 | C84: ប្រុស | D84: 150657963 | E84: លី ឡាត់ | F84: LY LAYH | G84: 4 | H84: 170 | I84: GA 1 | O84: =YEAR(NOW())-YEAR(B84) -> 43 | P84: =IF(O84<=59,O84,IF(O84=60,1)) -> 43 | U84: 30531 | V84: NAM
A85: 82 | B85: 33299 | C85: ស្រី | D85: 150468339 | E85: ទូច ណាង | F85: TOUCH NANG | G85: 4 | H85: 171 | I85: GA 1 | O85: =YEAR(NOW())-YEAR(B85) -> 35 | P85: =IF(O85<=59,O85,IF(O85=60,1)) -> 35 | U85: 33299 | V85: NỮ
A86: 83 | B86: 32036 | C86: ប្រុស | D86: 150307661 | E86: មាំង ម៉ែន | F86: MANG MAN | G86: 4 | H86: 172 | I86: GA 1 | O86: =YEAR(NOW())-YEAR(B86) -> 39 | P86: =IF(O86<=59,O86,IF(O86=60,1)) -> 39 | U86: 32036 | V86: NAM
A87: 84 | B87: 36348 | C87: ស្រី | D87: 220208910 | E87: សាត សុខណេង | F87: SAT SOKNENG | G87: 4 | H87: 173 | I87: GA 1 | O87: =YEAR(NOW())-YEAR(B87) -> 27 | P87: =IF(O87<=59,O87,IF(O87=60,1)) -> 27 | U87: 36348 | V87: NỮ
A88: 85 | B88: 33710 | C88: ប្រុស | D88: 220243810 | E88: ស៊ុយ ចាន់នី | F88: SUY CHANNY | G88: 4 | H88: 174 | I88: GA 1 | O88: =YEAR(NOW())-YEAR(B88) -> 34 | P88: =IF(O88<=59,O88,IF(O88=60,1)) -> 34 | U88: 33710 | V88: NAM
A89: 86 | B89: 33362 | C89: ប្រុស | D89: 150946031 | E89: ហង់ ហើយ | F89: HANG HAEUY | G89: 4 | H89: 175 | I89: GA 1 | O89: =YEAR(NOW())-YEAR(B89) -> 35 | P89: =IF(O89<=59,O89,IF(O89=60,1)) -> 35 | U89: 33362 | V89: NAM
A90: 87 | B90: 35394 | C90: ប្រុស | D90: 150522887 | E90: ឡៃ គុណ | F90: LAY KUN | G90: 5 | H90: 176 | I90: GA 1 | O90: =YEAR(NOW())-YEAR(B90) -> 30 | P90: =IF(O90<=59,O90,IF(O90=60,1)) -> 30 | U90: 35394 | V90: NAM
A91: 88 | B91: 36743 | C91: ស្រី | D91: 150761767 | E91: ភា ស្រីភិច | F91: PHEA SREYPHICH | G91: 5 | H91: 177 | I91: GA 1 | O91: =YEAR(NOW())-YEAR(B91) -> 26 | P91: =IF(O91<=59,O91,IF(O91=60,1)) -> 26 | U91: 36743 | V91: NỮ
A92: 89 | B92: 38363 | C92: ស្រី | D92: 150961109 | E92: ពិន ចាន់ណា | F92: PIN CHANNA | G92: 5 | H92: 178 | I92: GA 1 | O92: =YEAR(NOW())-YEAR(B92) -> 21 | P92: =IF(O92<=59,O92,IF(O92=60,1)) -> 21 | U92: 38363 | V92: NỮ
... A94: 91 | B94: 30139 | C94: ប្រុស | D94: 150354785 | E94: មឿន ម៉ាក់ | F94: MOEUN MAK | G94: 5 | H94: 180 | I94: GA 1 | O94: =YEAR(NOW())-YEAR(B94) -> 44 | P94: =IF(O94<=59,O94,IF(O94=60,1)) -> 44 | U94: 30139 | V94: NAM
A95: 92 | B95: 12/02/1984 | C95: ស្រី | D95: 150354789 | E95: ស សឿ | F95: SOR SOEU | G95: 5 | H95: 181 | I95: GA 1 | O95: =YEAR(NOW())-YEAR(B95) -> 42 | P95: =IF(O95<=59,O95,IF(O95=60,1)) -> 42 | U95: 12/02/1984 | V95: NỮ
A96: 93 | B96: 30843 | C96: ប្រុស | D96: 150113757 | E96: ស៊ន សី | F96: SORN SEY | G96: 5 | H96: 182 | I96: GA 1 | O96: =YEAR(NOW())-YEAR(B96) -> 42 | P96: =IF(O96<=59,O96,IF(O96=60,1)) -> 42 | U96: 30843 | V96: NAM
A97: 94 | B97: 31575 | C97: ស្រី | D97: 150360266 | E97: ឡុន លាង | F97: LAUN LENG | G97: 5 | H97: 183 | I97: GA 1 | O97: =YEAR(NOW())-YEAR(B97) -> 40 | P97: =IF(O97<=59,O97,IF(O97=60,1)) -> 40 | U97: 31575 | V97: NỮ
A98: 95 | B98: 31593 | C98: ប្រុស | D98: 150427531 | E98: ស៊ាន ពិន | F98: SEAN PIN | G98: 5 | H98: 184 | I98: GA 1 | O98: =YEAR(NOW())-YEAR(B98) -> 40 | P98: =IF(O98<=59,O98,IF(O98=60,1)) -> 40 | U98: 31593 | V98: NAM
A99: 96 | B99: 32539 | C99: ស្រី | D99: 150354762 | E99: ប៊ូ ផៃ | F99: BOU PHAY | G99: 5 | H99: 185 | I99: GA 1 | O99: =YEAR(NOW())-YEAR(B99) -> 37 | P99: =IF(O99<=59,O99,IF(O99=60,1)) -> 37 | U99: 32539 | V99: NỮ
A100: 97 | B100: 26831 | C100: ប្រុស | D100: 150574729 | E100: ហួន​ ហ៊ាន | F100: HOURN HEAN | G100: 5 | H100: 186 | I100: GA 1 | O100: =YEAR(NOW())-YEAR(B100) -> 53 | P100: =IF(O100<=59,O100,IF(O100=60,1)) -> 53 | U100: 26831 | V100: NAM
A101: 98 | B101: 39014 | C101: ស្រី | D101: 151013388 | E101: ហ៊ាន តុលា | F101: HAN TOLA | G101: 5 | H101: 187 | I101: GA 1 | O101: =YEAR(NOW())-YEAR(B101) -> 20 | P101: =IF(O101<=59,O101,IF(O101=60,1)) -> 20 | U101: 39014 | V101: NỮ
A102: 99 | B102: 29173 | C102: ប្រុស | D102: 110334693 | E102: ទេព មឿន | F102: TEP MOEUN | G102: 5 | H102: 188 | I102: GA 1 | O102: =YEAR(NOW())-YEAR(B102) -> 47 | P102: =IF(O102<=59,O102,IF(O102=60,1)) -> 47 | U102: 29173 | V102: NAM
A103: 100 | B103: 33073 | C103: ប្រុស | D103: 150523506 | E103: ប៊ូ បឿន | F103: BOU BOEUN | G103: 5 | H103: 189 | I103: GA 1 | O103: =YEAR(NOW())-YEAR(B103) -> 36 | P103: =IF(O103<=59,O103,IF(O103=60,1)) -> 36 | U103: 33073 | V103: NAM
A104: 101 | B104: 29504 | C104: ប្រុស | D104: 150788568 | E104: ញ៉ីវ ហាន | F104: NHIV HAN | G104: 5 | H104: 190 | I104: GA 1 | O104: =YEAR(NOW())-YEAR(B104) -> 46 | P104: =IF(O104<=59,O104,IF(O104=60,1)) -> 46 | U104: 29504 | V104: NAM
A105: 102 | B105: 29648 | C105: ស្រី | D105: 150788567 | E105: ម៉ៅ អ៊ីម | F105: MAO IM | G105: 5 | H105: 191 | I105: GA 1 | O105: =YEAR(NOW())-YEAR(B105) -> 45 | P105: =IF(O105<=59,O105,IF(O105=60,1)) -> 45 | U105: 29648 | V105: NỮ
A106: 103 | B106: 35326 | C106: ប្រុស | D106: 220204515 | E106: អ៊ុង សុភ័ក្រ | F106: UNG SOPHEAK | G106: 5 | H106: 192 | I106: GA 1 | O106: =YEAR(NOW())-YEAR(B106) -> 30 | P106: =IF(O106<=59,O106,IF(O106=60,1)) -> 30 | U106: 35326 | V106: NAM
A107: 104 | B107: 35806 | C107: ស្រី | D107: 150648532 | E107: លាង ចន្ធី | F107: LEANG CHATHY | G107: 5 | H107: 193 | I107: GA 1 | O107: =YEAR(NOW())-YEAR(B107) -> 28 | P107: =IF(O107<=59,O107,IF(O107=60,1)) -> 28 | U107: 35806 | V107: NỮ
... A138: 135 | B138: 31868 | C138: ស្រី | D138: 150429558 | E138: កើត អាត | F138: KOEUT AT | G138: 7 | H138: 260 | I138: GA 1 | O138: =YEAR(NOW())-YEAR(B138) -> 39 | P138: =IF(O138<=59,O138,IF(O138=60,1)) -> 39 | U138: 31868 | V138: NỮ
A139: 136 | B139: 30812 | C139: ប្រុស | D139: 150952466 | E139: ឆ្លាម ឆ្លាត | F139: CHLAM CHLAT | G139: 7 | H139: 261 | I139: GA 1 | O139: =YEAR(NOW())-YEAR(B139) -> 42 | P139: =IF(O139<=59,O139,IF(O139=60,1)) -> 42 | U139: 30812 | V139: NAM
A140: 137 | B140: 30812 | C140: ស្រី | D140: 150865362 | E140: សៅ​ ធី | F140: SOA THY | G140: 7 | H140: 262 | I140: GA 1 | O140: =YEAR(NOW())-YEAR(B140) -> 42 | P140: =IF(O140<=59,O140,IF(O140=60,1)) -> 42 | U140: 30812 | V140: NỮ
A141: 138 | B141: 35834 | C141: ស្រី | D141: 150842439 | E141: រី អឿន | F141: RY OEUN | G141: 7 | H141: 263 | I141: GA 1 | O141: =YEAR(NOW())-YEAR(B141) -> 28 | P141: =IF(O141<=59,O141,IF(O141=60,1)) -> 28 | U141: 35834 | V141: NỮ
A142: 139 | B142: 34134 | C142: ប្រុស | D142: 150925337 | E142: ប៊ុត សុគង់ | F142: BUT SOKONG | G142: 7 | H142: 264 | I142: GA 1 | O142: =YEAR(NOW())-YEAR(B142) -> 33 | P142: =IF(O142<=59,O142,IF(O142=60,1)) -> 33 | U142: 34134 | V142: NAM
A143: 140 | B143: 34678 | C143: ប្រុស | D143: 150469699 | E143: ឡាម វង្ស | F143: LAM VONG | G143: 7 | H143: 265 | I143: GA 1 | O143: =YEAR(NOW())-YEAR(B143) -> 32 | P143: =IF(O143<=59,O143,IF(O143=60,1)) -> 32 | U143: 34678 | V143: NAM
A144: 141 | B144: 34099 | C144: ស្រី | D144: 150484003 | E144: លីម ធា | F144: LIM THEA | G144: 7 | H144: 266 | I144: GA 1 | O144: =YEAR(NOW())-YEAR(B144) -> 33 | P144: =IF(O144<=59,O144,IF(O144=60,1)) -> 33 | U144: 34099 | V144: NỮ
A145: 142 | B145: 20/3/1993 | C145: ស្រី | D145: 150522984 | E145: យ៉ុន ឆាយ | F145: YON CHHAY | G145: 7 | H145: 267 | I145: GA 1 | O145: =YEAR(NOW())-YEAR(B145) -> 33 | P145: =IF(O145<=59,O145,IF(O145=60,1)) -> 33 | U145: 20/3/1993 | V145: NỮ
A146: 143 | B146: 35986 | C146: ស្រី | D146: 150849956 | E146: យ៉ាត សុឃីម | F146: YAT SOKHIM | G146: 7 | H146: 268 | I146: GA 1 | O146: =YEAR(NOW())-YEAR(B146) -> 28 | P146: =IF(O146<=59,O146,IF(O146=60,1)) -> 28 | U146: 35986 | V146: NỮ
A147: 144 | B147: 30081 | C147: ប្រុស | D147: 150699250 | E147: ឈន ប៊ន | F147: CHHON BORN | G147: 7 | H147: 269 | I147: GA 1 | O147: =YEAR(NOW())-YEAR(B147) -> 44 | P147: =IF(O147<=59,O147,IF(O147=60,1)) -> 44 | U147: 30081 | V147: NAM
A148: 145 | B148: 30555 | C148: ស្រី | D148: 061770457 | E148: ចន អ៊ន់ | F148: CHAN ON | G148: 7 | H148: 270 | I148: GA 1 | O148: =YEAR(NOW())-YEAR(B148) -> 43 | P148: =IF(O148<=59,O148,IF(O148=60,1)) -> 43 | U148: 30555 | V148: NỮ
A149: 146 | B149: 30817 | C149: ប្រុស | D149: 160541149 | E149: សែម ធឿន | F149: SEM THOEURN | G149: 7 | H149: 271 | I149: GA 1 | O149: =YEAR(NOW())-YEAR(B149) -> 42 | P149: =IF(O149<=59,O149,IF(O149=60,1)) -> 42 | U149: 30817 | V149: NAM
A150: 147 | B150: 30695 | C150: ប្រុស | D150: 150306097 | E150: ហ៊ាន ភ័ក្រ | F150: HEAN PHEAK | G150: 7 | H150: 272 | I150: GA 1 | O150: =YEAR(NOW())-YEAR(B150) -> 42 | P150: =IF(O150<=59,O150,IF(O150=60,1)) -> 42 | U150: 30695 | V150: NAM
A151: 148 | B151: 38240 | C151: ប្រុស | D151: 150983081 | E151: ឆ្លាមឆ្លាត សុខេន | F151: CHHLAMCHHAT SOKHEN | G151: 7 | H151: 273 | I151: GA 1 | O151: =YEAR(NOW())-YEAR(B151) -> 22 | P151: =IF(O151<=59,O151,IF(O151=60,1)) -> 22 | U151: 38240 | V151: NAM
A152: 149 | B152: 37895 | C152: ស្រី | D152: 200269631 | E152: ប៊ូ ស្រីណយ | F152: BOU SREYNOY | G152: 7 | H152: 274 | I152: GA 1 | O152: =YEAR(NOW())-YEAR(B152) -> 23 | P152: =IF(O152<=59,O152,IF(O152=60,1)) -> 23 | U152: 37895 | V152: NỮ
A153: 150 | B153: 35804 | C153: ប្រុស | D153: 150778859 | E153: អ៊ីវ សាវុន | F153: IV SAVUN | G153: 7 | H153: 275 | I153: GA 1 | O153: =YEAR(NOW())-YEAR(B153) -> 28 | P153: =IF(O153<=59,O153,IF(O153=60,1)) -> 28 | U153: 35804 | V153: NAM
A154: 151 | B154: 34805 | C154: ស្រី | D154: 150522917 | E154: សាត គឹមសេង | F154: SAT KIMSENG | G154: 7 | H154: 276 | I154: GA 1 | O154: =YEAR(NOW())-YEAR(B154) -> 31 | P154: =IF(O154<=59,O154,IF(O154=60,1)) -> 31 | U154: 34805 | V154: NỮ
A155: 152 | B155: 30362 | C155: ប្រុស | D155: 150468275 | E155: ធី សៀងហេង | F155: THY SEANG HENG | G155: 7 | H155: 277 | I155: GA 1 | O155: =YEAR(NOW())-YEAR(B155) -> 43 | P155: =IF(O155<=59,O155,IF(O155=60,1)) -> 43 | U155: 30362 | V155: NAM
A156: 153 | B156: 31294 | C156: ស្រី | D156: 150360124 | E156: វ៉ាត ចន្ធី | F156: VAT CHANTHY | G156: 7 | H156: 278 | I156: GA 1 | O156: =YEAR(NOW())-YEAR(B156) -> 41 | P156: =IF(O156<=59,O156,IF(O156=60,1)) -> 41 | U156: 31294 | V156: NỮ
A157: 154 | B157: 27931 | C157: ស្រី | D157: 061577117 | E157: តែ សុនាង | F157: TOE AONANG | G157: 7 | H157: 279 | I157: GA 1 | O157: =YEAR(NOW())-YEAR(B157) -> 50 | P157: =IF(O157<=59,O157,IF(O157=60,1)) -> 50 | U157: 27931 | V157: NỮ
A158: 155 | B158: 33624 | C158: ស្រី | D158: 150427585 | E158: យ៉ុន ឈីន | F158: YON CHHIN | G158: 7 | H158: 280 | I158: GA 1 | O158: =YEAR(NOW())-YEAR(B158) -> 34 | P158: =IF(O158<=59,O158,IF(O158=60,1)) -> 34 | U158: 33624 | V158: NỮ
A159: 156 | B159: 34145 | C159: ប្រុស | D159: 220157977 | E159: ហេង សុខ​ | F159: HENG SOK | G159: 7 | H159: 281 | I159: GA 1 | O159: =YEAR(NOW())-YEAR(B159) -> 33 | P159: =IF(O159<=59,O159,IF(O159=60,1)) -> 33 | U159: 34145 | V159: NAM
A160: 157 | B160: 34711 | C160: ស្រី | D160: 150523536 | E160: មឿន រម្យ | F160: MOEUN RUM | G160: 7 | H160: 282 | I160: GA 1 | O160: =YEAR(NOW())-YEAR(B160) -> 31 | P160: =IF(O160<=59,O160,IF(O160=60,1)) -> 31 | U160: 34711 | V160: NỮ
A161: 158 | B161: 34473 | C161: ប្រុស | D161: 220194831 | E161: សំ វិជ្ជា | F161: SAM VICHEA | G161: 7 | H161: 283 | I161: GA 1 | O161: =YEAR(NOW())-YEAR(B161) -> 32 | P161: =IF(O161<=59,O161,IF(O161=60,1)) -> 32 | U161: 34473 | V161: NAM
A162: 159 | B162: 37165 | C162: ប្រុស | D162: 220209055 | E162: គង់ កៀន | F162: KONG KIEN | G162: 7 | H162: 284 | I162: GA 1 | O162: =YEAR(NOW())-YEAR(B162) -> 25 | P162: =IF(O162<=59,O162,IF(O162=60,1)) -> 25 | U162: 37165 | V162: NAM
...

Sheet CHAM CONG
BI1: Tổ 1 | BJ1: =SUM(AQ8:AQ174) -> 2195 | BK1: =SUM(AR8:AR174) -> 91
A2: BẢNG CHẤM CÔNG CẠO MỦ THÁNG 01 /2026 | BF2: 2011 | BG2: =SUM(BA8:BC265) -> 0 | BI2: Tổ 2 | BJ2: =SUM(AQ177:AQ221) -> 513 | BK2: =SUM(AR177:AR221) -> 11
AQ3: =SUBTOTAL(9,AQ8:AQ314) -> 5479 | AR3: =SUBTOTAL(9,AR8:AR314) -> 293 | AV3: tổng 25.500 tháng 4,5 | AX3: =AX175+#REF!+#REF! -> #REF! | AY3: GHI CHÚ : NGÀY 1,4,5,6,7 THÁNG 11/2025 CHO NGƯƠNG CẠO | BF3: 2012 | BG3: =SUM(BD8:BD265)+SUM(#REF!) -> #REF! | BI3: Tổ 3 | BJ3: =SUM(AQ222:AQ265) -> 519 | BK3: =SUM(AR222:AR265) -> 26
A4: Stt | B4: Tổ | C4: Mã số CN | D4: Họ và tên | F4: Tổ khai thác | G4: Các ngày trong tháng | V4: D2 | AA4: cạo úp | AQ4: Tổng công | BF4: 2013 | BG4: =SUM(BA266:BD314) -> #N/A | BI4: Tổ 4 | BJ4: =SUM(#REF!) -> #REF! | BK4: =SUM(#REF!) -> #REF!
D5: Khmer | E5: Latinh | G5: 1 | H5: 2 | I5: 3 | J5: 4 | K5: 5 | L5: 6 | M5: 7 | N5: 8 | O5: 9 | P5: 10 | Q5: 11 | R5: 12 | S5: 13 | T5: 14 | U5: 15 | V5: 2 | W5: 3 | X5: 14 | Y5: 15 | AA5: 1 | AB5: 2 | AC5: 3 | AD5: 4 | AE5: 5 | AF5: 6 | AG5: 7 | AH5: 8 | AI5: 9 | AJ5: 10 | AK5: 11 | AL5: 12 | AM5: 13 | AN5: 14 | AO5: 15 | AP5: 31 | AQ5: 1-15 | AR5: D2 | AS5: Tổng | AT5: tháng 04/2025 | AU5: 25500 | AW5: 16000 | AX5: D | AY5: cạo choàn | AZ5: + | BA5: Cộng phiên A | BB5: Cộng phiên B | BC5: Cộng phiên C | BD5: Cộng phiên D | BE5: Tổng cộng | BF5: CC | BG5: =SUM(BG2:BG4) -> #REF! | BI5: Tổ 5 | BJ5: =SUM(#REF!) -> #REF! | BK5: =SUM(#REF!) -> #REF!
F6: Phiên cạo | AP6: A | AZ6: - | BF6: =SUM(BF8:BF265) -> 2492 | BG6: =SUM(BJ1:BJ9)-BG5 -> #REF! | BI6: Tổ 6 | BJ6: =SUM(AQ266:AQ313) -> 610 | BK6: =SUM(AR266:AR313) -> 64
B7: GA 1
A8: 1 | B8: 1 | C8: 1 | G8: 0 | H8: 0 | I8: x | K8: 0 | L8: 0 | M8: x | N8: x | O8: x | P8: x | Q8: x | R8: x | S8: x | T8: x | U8: x | AQ8: =COUNTIF(G8:U8,"X") -> 10 | AR8: =COUNTIF(V8:AA8,"X") -> 0 | AS8: =ROUND(COUNTIF(G8:AO8,"x"),0)+ROUND(COUNTIF(AA8:AP8,">0"),0) -> 10 | AT8: 9 | AZ8: =AY8*25000 -> 0 | BA8: =COUNTIFS($G8:$AP8,"x",$G$6:$AP$6,"A")+COUNTIFS($G8:$AP8,"xx",$G$6:$AP$6,"A") -> 0 | BB8: =COUNTIFS($G8:$AP8,"x",$G$6:$AP$6,"B")+COUNTIFS($G8:$AP8,"xx",$G$6:$AP$6,"B") -> 0 | BC8: =COUNTIFS($G8:$AP8,"x",$G$6:$AP$6,"C")+COUNTIFS($G8:$AP8,"xx",$G$6:$AP$6,"C") -> 0 | BD8: =COUNTIFS($G8:$AP8,"x",$G$6:$AP$6,"D")+COUNTIFS($G8:$AP8,"xx",$G$6:$AP$6,"D") -> 0 | BE8: =SUM(BA8:BD8) -> 0 | BF8: =IF(AS8>=13,AS8,0) -> 0 | BI8: Tổ 7 | BJ8: =SUM(#REF!) -> #REF! | BK8: =SUM(#REF!) -> #REF!
A9: 2 | B9: 1 | C9: 2 | G9: 0 | H9: x | I9: x | K9: x | L9: x | M9: x | N9: x | O9: x | P9: x | Q9: x | R9: x | S9: x | T9: x | U9: x | AQ9: =COUNTIF(G9:U9,"X") -> 13 | AR9: =COUNTIF(V9:AA9,"X") -> 0 | AS9: =ROUND(COUNTIF(G9:AO9,"x"),0)+ROUND(COUNTIF(AA9:AP9,">0"),0) -> 13 | AT9: 9 | AZ9: =AY9*25000 -> 0 | BA9: =COUNTIFS($G9:$AP9,"x",$G$6:$AP$6,"A")+COUNTIFS($G9:$AP9,"xx",$G$6:$AP$6,"A") -> 0 | BB9: =COUNTIFS($G9:$AP9,"x",$G$6:$AP$6,"B")+COUNTIFS($G9:$AP9,"xx",$G$6:$AP$6,"B") -> 0 | BC9: =COUNTIFS($G9:$AP9,"x",$G$6:$AP$6,"C")+COUNTIFS($G9:$AP9,"xx",$G$6:$AP$6,"C") -> 0 | BD9: =COUNTIFS($G9:$AP9,"x",$G$6:$AP$6,"D")+COUNTIFS($G9:$AP9,"xx",$G$6:$AP$6,"D") -> 0 | BE9: =SUM(BA9:BD9) -> 0 | BF9: =IF(AS9>=13,AS9,0) -> 13 | BI9: Tổ 8 | BJ9: =SUM(#REF!) -> #REF! | BK9: =SUM(#REF!) -> #REF!
A10: 3 | B10: 1 | C10: 3 | G10: x | H10: x | I10: x | K10: x | L10: x | M10: x | N10: x | O10: x | P10: x | Q10: x | R10: x | S10: x | T10: x | U10: x | V10: x | AQ10: =COUNTIF(G10:U10,"X") -> 14 | AR10: =COUNTIF(V10:AA10,"X") -> 1 | AS10: =ROUND(COUNTIF(G10:AO10,"x"),0)+ROUND(COUNTIF(AA10:AP10,">0"),0) -> 15 | AT10: 9 | AZ10: =AY10*25000 -> 0 | BA10: =COUNTIFS($G10:$AP10,"x",$G$6:$AP$6,"A")+COUNTIFS($G10:$AP10,"xx",$G$6:$AP$6,"A") -> 0 | BB10: =COUNTIFS($G10:$AP10,"x",$G$6:$AP$6,"B")+COUNTIFS($G10:$AP10,"xx",$G$6:$AP$6,"B") -> 0 | BC10: =COUNTIFS($G10:$AP10,"x",$G$6:$AP$6,"C")+COUNTIFS($G10:$AP10,"xx",$G$6:$AP$6,"C") -> 0 | BD10: =COUNTIFS($G10:$AP10,"x",$G$6:$AP$6,"D")+COUNTIFS($G10:$AP10,"xx",$G$6:$AP$6,"D") -> 0 | BE10: =SUM(BA10:BD10) -> 0 | BF10: =IF(AS10>=13,AS10,0) -> 15
A11: 4 | B11: 1 | C11: 4 | G11: 0 | H11: x | I11: x | K11: x | L11: x | M11: x | N11: x | O11: x | P11: x | Q11: x | R11: x | S11: x | T11: x | U11: x | AQ11: =COUNTIF(G11:U11,"X") -> 13 | AR11: =COUNTIF(V11:AA11,"X") -> 0 | AS11: =ROUND(COUNTIF(G11:AO11,"x"),0)+ROUND(COUNTIF(AA11:AP11,">0"),0) -> 13 | AT11: 9 | AZ11: =AY11*25000 -> 0 | BA11: =COUNTIFS($G11:$AP11,"x",$G$6:$AP$6,"A")+COUNTIFS($G11:$AP11,"xx",$G$6:$AP$6,"A") -> 0 | BB11: =COUNTIFS($G11:$AP11,"x",$G$6:$AP$6,"B")+COUNTIFS($G11:$AP11,"xx",$G$6:$AP$6,"B") -> 0 | BC11: =COUNTIFS($G11:$AP11,"x",$G$6:$AP$6,"C")+COUNTIFS($G11:$AP11,"xx",$G$6:$AP$6,"C") -> 0 | BD11: =COUNTIFS($G11:$AP11,"x",$G$6:$AP$6,"D")+COUNTIFS($G11:$AP11,"xx",$G$6:$AP$6,"D") -> 0 | BE11: =SUM(BA11:BD11) -> 0 | BF11: =IF(AS11>=13,AS11,0) -> 13
A12: 5 | B12: 1 | C12: 5 | G12: x | H12: x | I12: x | K12: x | L12: x | M12: x | N12: x | O12: x | P12: x | Q12: x | R12: x | S12: x | T12: x | U12: x | X12: x | AQ12: =COUNTIF(G12:U12,"X") -> 14 | AR12: =COUNTIF(V12:AA12,"X") -> 1 | AS12: =ROUND(COUNTIF(G12:AO12,"x"),0)+ROUND(COUNTIF(AA12:AP12,">0"),0) -> 15 | AT12: 9 | AZ12: =AY12*25000 -> 0 | BA12: =COUNTIFS($G12:$AP12,"x",$G$6:$AP$6,"A")+COUNTIFS($G12:$AP12,"xx",$G$6:$AP$6,"A") -> 0 | BB12: =COUNTIFS($G12:$AP12,"x",$G$6:$AP$6,"B")+COUNTIFS($G12:$AP12,"xx",$G$6:$AP$6,"B") -> 0 | BC12: =COUNTIFS($G12:$AP12,"x",$G$6:$AP$6,"C")+COUNTIFS($G12:$AP12,"xx",$G$6:$AP$6,"C") -> 0 | BD12: =COUNTIFS($G12:$AP12,"x",$G$6:$AP$6,"D")+COUNTIFS($G12:$AP12,"xx",$G$6:$AP$6,"D") -> 0 | BE12: =SUM(BA12:BD12) -> 0 | BF12: =IF(AS12>=13,AS12,0) -> 15
A13: 6 | B13: 1 | C13: 6 | G13: x | H13: x | I13: x | K13: 0 | L13: x | M13: x | N13: x | O13: x | P13: x | Q13: x | R13: x | S13: x | T13: x | U13: x | AQ13: =COUNTIF(G13:U13,"X") -> 13 | AR13: =COUNTIF(V13:AA13,"X") -> 0 | AS13: =ROUND(COUNTIF(G13:AO13,"x"),0)+ROUND(COUNTIF(AA13:AP13,">0"),0) -> 13 | AT13: 9 | AZ13: =AY13*25000 -> 0 | BA13: =COUNTIFS($G13:$AP13,"x",$G$6:$AP$6,"A")+COUNTIFS($G13:$AP13,"xx",$G$6:$AP$6,"A") -> 0 | BB13: =COUNTIFS($G13:$AP13,"x",$G$6:$AP$6,"B")+COUNTIFS($G13:$AP13,"xx",$G$6:$AP$6,"B") -> 0 | BC13: =COUNTIFS($G13:$AP13,"x",$G$6:$AP$6,"C")+COUNTIFS($G13:$AP13,"xx",$G$6:$AP$6,"C") -> 0 | BD13: =COUNTIFS($G13:$AP13,"x",$G$6:$AP$6,"D")+COUNTIFS($G13:$AP13,"xx",$G$6:$AP$6,"D") -> 0 | BE13: =SUM(BA13:BD13) -> 0 | BF13: =IF(AS13>=13,AS13,0) -> 13
A14: 7 | B14: 1 | C14: 7 | G14: 0 | H14: x | I14: x | K14: x | L14: 0 | M14: x | N14: x | O14: x | P14: x | Q14: x | R14: x | S14: x | T14: x | U14: x | V14: x | AQ14: =COUNTIF(G14:U14,"X") -> 12 | AR14: =COUNTIF(V14:AA14,"X") -> 1 | AS14: =ROUND(COUNTIF(G14:AO14,"x"),0)+ROUND(COUNTIF(AA14:AP14,">0"),0) -> 13 | AT14: 9 | AZ14: =AY14*25000 -> 0 | BA14: =COUNTIFS($G14:$AP14,"x",$G$6:$AP$6,"A")+COUNTIFS($G14:$AP14,"xx",$G$6:$AP$6,"A") -> 0 | BB14: =COUNTIFS($G14:$AP14,"x",$G$6:$AP$6,"B")+COUNTIFS($G14:$AP14,"xx",$G$6:$AP$6,"B") -> 0 | BC14: =COUNTIFS($G14:$AP14,"x",$G$6:$AP$6,"C")+COUNTIFS($G14:$AP14,"xx",$G$6:$AP$6,"C") -> 0 | BD14: =COUNTIFS($G14:$AP14,"x",$G$6:$AP$6,"D")+COUNTIFS($G14:$AP14,"xx",$G$6:$AP$6,"D") -> 0 | BE14: =SUM(BA14:BD14) -> 0 | BF14: =IF(AS14>=13,AS14,0) -> 13
A15: 8 | B15: 1 | C15: 8 | G15: x | H15: x | I15: x | K15: x | L15: x | M15: x | N15: x | O15: x | P15: x | Q15: x | R15: x | S15: x | T15: 0 | U15: x | AQ15: =COUNTIF(G15:U15,"X") -> 13 | AR15: =COUNTIF(V15:AA15,"X") -> 0 | AS15: =ROUND(COUNTIF(G15:AO15,"x"),0)+ROUND(COUNTIF(AA15:AP15,">0"),0) -> 13 | AT15: 9 | AZ15: =AY15*25000 -> 0 | BA15: =COUNTIFS($G15:$AP15,"x",$G$6:$AP$6,"A")+COUNTIFS($G15:$AP15,"xx",$G$6:$AP$6,"A") -> 0 | BB15: =COUNTIFS($G15:$AP15,"x",$G$6:$AP$6,"B")+COUNTIFS($G15:$AP15,"xx",$G$6:$AP$6,"B") -> 0 | BC15: =COUNTIFS($G15:$AP15,"x",$G$6:$AP$6,"C")+COUNTIFS($G15:$AP15,"xx",$G$6:$AP$6,"C") -> 0 | BD15: =COUNTIFS($G15:$AP15,"x",$G$6:$AP$6,"D")+COUNTIFS($G15:$AP15,"xx",$G$6:$AP$6,"D") -> 0 | BE15: =SUM(BA15:BD15) -> 0 | BF15: =IF(AS15>=13,AS15,0) -> 13
A16: 9 | B16: 1 | C16: 9 | G16: x | H16: x | I16: x | K16: x | L16: x | M16: x | N16: 0 | O16: x | P16: x | Q16: 0 | R16: x | S16: x | T16: x | U16: x | AQ16: =COUNTIF(G16:U16,"X") -> 12 | AR16: =COUNTIF(V16:AA16,"X") -> 0 | AS16: =ROUND(COUNTIF(G16:AO16,"x"),0)+ROUND(COUNTIF(AA16:AP16,">0"),0) -> 12 | AT16: 9 | AZ16: =AY16*25000 -> 0 | BA16: =COUNTIFS($G16:$AP16,"x",$G$6:$AP$6,"A")+COUNTIFS($G16:$AP16,"xx",$G$6:$AP$6,"A") -> 0 | BB16: =COUNTIFS($G16:$AP16,"x",$G$6:$AP$6,"B")+COUNTIFS($G16:$AP16,"xx",$G$6:$AP$6,"B") -> 0 | BC16: =COUNTIFS($G16:$AP16,"x",$G$6:$AP$6,"C")+COUNTIFS($G16:$AP16,"xx",$G$6:$AP$6,"C") -> 0 | BD16: =COUNTIFS($G16:$AP16,"x",$G$6:$AP$6,"D")+COUNTIFS($G16:$AP16,"xx",$G$6:$AP$6,"D") -> 0 | BE16: =SUM(BA16:BD16) -> 0 | BF16: =IF(AS16>=13,AS16,0) -> 0
A17: 10 | B17: 1 | C17: 10 | G17: x | H17: x | I17: x | K17: 0 | L17: x | M17: x | N17: x | O17: x | P17: x | Q17: x | R17: x | S17: x | T17: x | U17: x | AQ17: =COUNTIF(G17:U17,"X") -> 13 | AR17: =COUNTIF(V17:AA17,"X") -> 0 | AS17: =ROUND(COUNTIF(G17:AO17,"x"),0)+ROUND(COUNTIF(AA17:AP17,">0"),0) -> 13 | AT17: 9 | AZ17: =AY17*25000 -> 0 | BA17: =COUNTIFS($G17:$AP17,"x",$G$6:$AP$6,"A")+COUNTIFS($G17:$AP17,"xx",$G$6:$AP$6,"A") -> 0 | BB17: =COUNTIFS($G17:$AP17,"x",$G$6:$AP$6,"B")+COUNTIFS($G17:$AP17,"xx",$G$6:$AP$6,"B") -> 0 | BC17: =COUNTIFS($G17:$AP17,"x",$G$6:$AP$6,"C")+COUNTIFS($G17:$AP17,"xx",$G$6:$AP$6,"C") -> 0 | BD17: =COUNTIFS($G17:$AP17,"x",$G$6:$AP$6,"D")+COUNTIFS($G17:$AP17,"xx",$G$6:$AP$6,"D") -> 0 | BE17: =SUM(BA17:BD17) -> 0 | BF17: =IF(AS17>=13,AS17,0) -> 13
A18: 11 | B18: 1 | C18: 11 | G18: x | H18: x | I18: 0 | K18: 0 | L18: x | M18: x | N18: x | O18: x | P18: x | Q18: x | R18: x | S18: x | T18: x | U18: x | AQ18: =COUNTIF(G18:U18,"X") -> 12 | AR18: =COUNTIF(V18:AA18,"X") -> 0 | AS18: =ROUND(COUNTIF(G18:AO18,"x"),0)+ROUND(COUNTIF(AA18:AP18,">0"),0) -> 12 | AT18: 9 | AZ18: =AY18*25000 -> 0 | BA18: =COUNTIFS($G18:$AP18,"x",$G$6:$AP$6,"A")+COUNTIFS($G18:$AP18,"xx",$G$6:$AP$6,"A") -> 0 | BB18: =COUNTIFS($G18:$AP18,"x",$G$6:$AP$6,"B")+COUNTIFS($G18:$AP18,"xx",$G$6:$AP$6,"B") -> 0 | BC18: =COUNTIFS($G18:$AP18,"x",$G$6:$AP$6,"C")+COUNTIFS($G18:$AP18,"xx",$G$6:$AP$6,"C") -> 0 | BD18: =COUNTIFS($G18:$AP18,"x",$G$6:$AP$6,"D")+COUNTIFS($G18:$AP18,"xx",$G$6:$AP$6,"D") -> 0 | BE18: =SUM(BA18:BD18) -> 0 | BF18: =IF(AS18>=13,AS18,0) -> 0
A19: 12 | B19: 1 | C19: 12 | G19: x | H19: x | I19: x | K19: x | L19: x | M19: 0 | N19: x | O19: 0 | P19: x | Q19: x | R19: x | S19: x | T19: x | U19: x | AQ19: =COUNTIF(G19:U19,"X") -> 12 | AR19: =COUNTIF(V19:AA19,"X") -> 0 | AS19: =ROUND(COUNTIF(G19:AO19,"x"),0)+ROUND(COUNTIF(AA19:AP19,">0"),0) -> 12 | AT19: 9 | AZ19: =AY19*25000 -> 0 | BA19: =COUNTIFS($G19:$AP19,"x",$G$6:$AP$6,"A")+COUNTIFS($G19:$AP19,"xx",$G$6:$AP$6,"A") -> 0 | BB19: =COUNTIFS($G19:$AP19,"x",$G$6:$AP$6,"B")+COUNTIFS($G19:$AP19,"xx",$G$6:$AP$6,"B") -> 0 | BC19: =COUNTIFS($G19:$AP19,"x",$G$6:$AP$6,"C")+COUNTIFS($G19:$AP19,"xx",$G$6:$AP$6,"C") -> 0 | BD19: =COUNTIFS($G19:$AP19,"x",$G$6:$AP$6,"D")+COUNTIFS($G19:$AP19,"xx",$G$6:$AP$6,"D") -> 0 | BE19: =SUM(BA19:BD19) -> 0 | BF19: =IF(AS19>=13,AS19,0) -> 0
A20: 13 | B20: 1 | C20: 13 | G20: 0 | H20: x | I20: x | K20: 0 | L20: x | M20: 0 | N20: x | O20: x | P20: x | Q20: x | R20: x | S20: x | T20: x | U20: x | AQ20: =COUNTIF(G20:U20,"X") -> 11 | AR20: =COUNTIF(V20:AA20,"X") -> 0 | AS20: =ROUND(COUNTIF(G20:AO20,"x"),0)+ROUND(COUNTIF(AA20:AP20,">0"),0) -> 11 | AT20: 9 | AZ20: =AY20*25000 -> 0 | BA20: =COUNTIFS($G20:$AP20,"x",$G$6:$AP$6,"A")+COUNTIFS($G20:$AP20,"xx",$G$6:$AP$6,"A") -> 0 | BB20: =COUNTIFS($G20:$AP20,"x",$G$6:$AP$6,"B")+COUNTIFS($G20:$AP20,"xx",$G$6:$AP$6,"B") -> 0 | BC20: =COUNTIFS($G20:$AP20,"x",$G$6:$AP$6,"C")+COUNTIFS($G20:$AP20,"xx",$G$6:$AP$6,"C") -> 0 | BD20: =COUNTIFS($G20:$AP20,"x",$G$6:$AP$6,"D")+COUNTIFS($G20:$AP20,"xx",$G$6:$AP$6,"D") -> 0 | BE20: =SUM(BA20:BD20) -> 0 | BF20: =IF(AS20>=13,AS20,0) -> 0
A21: 14 | B21: 1 | C21: 14 | G21: 0 | H21: 0 | I21: x | K21: 0 | L21: 0 | M21: x | N21: x | O21: x | P21: x | Q21: x | R21: x | S21: x | T21: x | U21: x | AQ21: =COUNTIF(G21:U21,"X") -> 10 | AR21: =COUNTIF(V21:AA21,"X") -> 0 | AS21: =ROUND(COUNTIF(G21:AO21,"x"),0)+ROUND(COUNTIF(AA21:AP21,">0"),0) -> 10 | AT21: 9 | AZ21: =AY21*25000 -> 0 | BA21: =COUNTIFS($G21:$AP21,"x",$G$6:$AP$6,"A")+COUNTIFS($G21:$AP21,"xx",$G$6:$AP$6,"A") -> 0 | BB21: =COUNTIFS($G21:$AP21,"x",$G$6:$AP$6,"B")+COUNTIFS($G21:$AP21,"xx",$G$6:$AP$6,"B") -> 0 | BC21: =COUNTIFS($G21:$AP21,"x",$G$6:$AP$6,"C")+COUNTIFS($G21:$AP21,"xx",$G$6:$AP$6,"C") -> 0 | BD21: =COUNTIFS($G21:$AP21,"x",$G$6:$AP$6,"D")+COUNTIFS($G21:$AP21,"xx",$G$6:$AP$6,"D") -> 0 | BE21: =SUM(BA21:BD21) -> 0 | BF21: =IF(AS21>=13,AS21,0) -> 0
A22: 15 | B22: 1 | C22: 15 | G22: 0 | H22: 0 | I22: x | K22: x | L22: x | M22: x | N22: x | O22: x | P22: x | Q22: x | R22: x | S22: x | T22: x | U22: x | AQ22: =COUNTIF(G22:U22,"X") -> 12 | AR22: =COUNTIF(V22:AA22,"X") -> 0 | AS22: =ROUND(COUNTIF(G22:AO22,"x"),0)+ROUND(COUNTIF(AA22:AP22,">0"),0) -> 12 | AT22: 9 | AZ22: =AY22*25000 -> 0 | BA22: =COUNTIFS($G22:$AP22,"x",$G$6:$AP$6,"A")+COUNTIFS($G22:$AP22,"xx",$G$6:$AP$6,"A") -> 0 | BB22: =COUNTIFS($G22:$AP22,"x",$G$6:$AP$6,"B")+COUNTIFS($G22:$AP22,"xx",$G$6:$AP$6,"B") -> 0 | BC22: =COUNTIFS($G22:$AP22,"x",$G$6:$AP$6,"C")+COUNTIFS($G22:$AP22,"xx",$G$6:$AP$6,"C") -> 0 | BD22: =COUNTIFS($G22:$AP22,"x",$G$6:$AP$6,"D")+COUNTIFS($G22:$AP22,"xx",$G$6:$AP$6,"D") -> 0 | BE22: =SUM(BA22:BD22) -> 0 | BF22: =IF(AS22>=13,AS22,0) -> 0
A23: 16 | B23: 1 | C23: 16 | G23: 0 | H23: 0 | I23: x | K23: x | L23: x | M23: x | N23: x | O23: x | P23: x | Q23: x | R23: x | S23: x | T23: x | U23: x | X23: x | AQ23: =COUNTIF(G23:U23,"X") -> 12 | AR23: =COUNTIF(V23:AA23,"X") -> 1 | AS23: =ROUND(COUNTIF(G23:AO23,"x"),0)+ROUND(COUNTIF(AA23:AP23,">0"),0) -> 13 | AT23: 9 | AZ23: =AY23*25000 -> 0 | BA23: =COUNTIFS($G23:$AP23,"x",$G$6:$AP$6,"A")+COUNTIFS($G23:$AP23,"xx",$G$6:$AP$6,"A") -> 0 | BB23: =COUNTIFS($G23:$AP23,"x",$G$6:$AP$6,"B")+COUNTIFS($G23:$AP23,"xx",$G$6:$AP$6,"B") -> 0 | BC23: =COUNTIFS($G23:$AP23,"x",$G$6:$AP$6,"C")+COUNTIFS($G23:$AP23,"xx",$G$6:$AP$6,"C") -> 0 | BD23: =COUNTIFS($G23:$AP23,"x",$G$6:$AP$6,"D")+COUNTIFS($G23:$AP23,"xx",$G$6:$AP$6,"D") -> 0 | BE23: =SUM(BA23:BD23) -> 0 | BF23: =IF(AS23>=13,AS23,0) -> 13
A24: 17 | B24: 1 | C24: 17 | G24: 0 | H24: x | I24: x | K24: x | L24: x | M24: 0 | N24: x | O24: x | P24: x | Q24: x | R24: x | S24: x | T24: x | U24: 0 | AQ24: =COUNTIF(G24:U24,"X") -> 11 | AR24: =COUNTIF(V24:AA24,"X") -> 0 | AS24: =ROUND(COUNTIF(G24:AO24,"x"),0)+ROUND(COUNTIF(AA24:AP24,">0"),0) -> 11 | AT24: 9 | AZ24: =AY24*25000 -> 0 | BA24: =COUNTIFS($G24:$AP24,"x",$G$6:$AP$6,"A")+COUNTIFS($G24:$AP24,"xx",$G$6:$AP$6,"A") -> 0 | BB24: =COUNTIFS($G24:$AP24,"x",$G$6:$AP$6,"B")+COUNTIFS($G24:$AP24,"xx",$G$6:$AP$6,"B") -> 0 | BC24: =COUNTIFS($G24:$AP24,"x",$G$6:$AP$6,"C")+COUNTIFS($G24:$AP24,"xx",$G$6:$AP$6,"C") -> 0 | BD24: =COUNTIFS($G24:$AP24,"x",$G$6:$AP$6,"D")+COUNTIFS($G24:$AP24,"xx",$G$6:$AP$6,"D") -> 0 | BE24: =SUM(BA24:BD24) -> 0 | BF24: =IF(AS24>=13,AS24,0) -> 0
A25: 18 | B25: 1 | C25: 18 | G25: 0 | H25: x | I25: x | K25: 0 | L25: x | M25: x | N25: 0 | O25: x | P25: x | Q25: x | R25: x | S25: x | T25: x | U25: x | AQ25: =COUNTIF(G25:U25,"X") -> 11 | AR25: =COUNTIF(V25:AA25,"X") -> 0 | AS25: =ROUND(COUNTIF(G25:AO25,"x"),0)+ROUND(COUNTIF(AA25:AP25,">0"),0) -> 11 | AT25: 8 | AZ25: =AY25*25000 -> 0 | BA25: =COUNTIFS($G25:$AP25,"x",$G$6:$AP$6,"A")+COUNTIFS($G25:$AP25,"xx",$G$6:$AP$6,"A") -> 0 | BB25: =COUNTIFS($G25:$AP25,"x",$G$6:$AP$6,"B")+COUNTIFS($G25:$AP25,"xx",$G$6:$AP$6,"B") -> 0 | BC25: =COUNTIFS($G25:$AP25,"x",$G$6:$AP$6,"C")+COUNTIFS($G25:$AP25,"xx",$G$6:$AP$6,"C") -> 0 | BD25: =COUNTIFS($G25:$AP25,"x",$G$6:$AP$6,"D")+COUNTIFS($G25:$AP25,"xx",$G$6:$AP$6,"D") -> 0 | BE25: =SUM(BA25:BD25) -> 0 | BF25: =IF(AS25>=13,AS25,0) -> 0
A26: 19 | B26: 1 | C26: 19 | G26: 0 | H26: 0 | I26: x | K26: x | L26: x | M26: x | N26: x | O26: x | P26: x | Q26: x | R26: x | S26: x | T26: x | U26: x | AQ26: =COUNTIF(G26:U26,"X") -> 12 | AR26: =COUNTIF(V26:AA26,"X") -> 0 | AS26: =ROUND(COUNTIF(G26:AO26,"x"),0)+ROUND(COUNTIF(AA26:AP26,">0"),0) -> 12 | AT26: 9 | AZ26: =AY26*25000 -> 0 | BA26: =COUNTIFS($G26:$AP26,"x",$G$6:$AP$6,"A")+COUNTIFS($G26:$AP26,"xx",$G$6:$AP$6,"A") -> 0 | BB26: =COUNTIFS($G26:$AP26,"x",$G$6:$AP$6,"B")+COUNTIFS($G26:$AP26,"xx",$G$6:$AP$6,"B") -> 0 | BC26: =COUNTIFS($G26:$AP26,"x",$G$6:$AP$6,"C")+COUNTIFS($G26:$AP26,"xx",$G$6:$AP$6,"C") -> 0 | BD26: =COUNTIFS($G26:$AP26,"x",$G$6:$AP$6,"D")+COUNTIFS($G26:$AP26,"xx",$G$6:$AP$6,"D") -> 0 | BE26: =SUM(BA26:BD26) -> 0 | BF26: =IF(AS26>=13,AS26,0) -> 0
A27: 20 | B27: 1 | C27: 20 | G27: x | H27: x | I27: x | J27: x | K27: 0 | L27: x | M27: x | N27: x | O27: x | P27: x | Q27: x | R27: x | S27: 0 | T27: x | U27: x | AQ27: =COUNTIF(G27:U27,"X") -> 13 | AR27: =COUNTIF(V27:AA27,"X") -> 0 | AS27: =ROUND(COUNTIF(G27:AO27,"x"),0)+ROUND(COUNTIF(AA27:AP27,">0"),0) -> 13 | AT27: 9 | AZ27: =AY27*25000 -> 0 | BA27: =COUNTIFS($G27:$AP27,"x",$G$6:$AP$6,"A")+COUNTIFS($G27:$AP27,"xx",$G$6:$AP$6,"A") -> 0 | BB27: =COUNTIFS($G27:$AP27,"x",$G$6:$AP$6,"B")+COUNTIFS($G27:$AP27,"xx",$G$6:$AP$6,"B") -> 0 | BC27: =COUNTIFS($G27:$AP27,"x",$G$6:$AP$6,"C")+COUNTIFS($G27:$AP27,"xx",$G$6:$AP$6,"C") -> 0 | BD27: =COUNTIFS($G27:$AP27,"x",$G$6:$AP$6,"D")+COUNTIFS($G27:$AP27,"xx",$G$6:$AP$6,"D") -> 0 | BE27: =SUM(BA27:BD27) -> 0 | BF27: =IF(AS27>=13,AS27,0) -> 13
A28: 21 | B28: 1 | C28: 21 | G28: x | H28: 0 | I28: x | K28: x | L28: x | M28: x | N28: x | O28: x | P28: x | Q28: x | R28: x | S28: x | T28: x | U28: x | AQ28: =COUNTIF(G28:U28,"X") -> 13 | AR28: =COUNTIF(V28:AA28,"X") -> 0 | AS28: =ROUND(COUNTIF(G28:AO28,"x"),0)+ROUND(COUNTIF(AA28:AP28,">0"),0) -> 13 | AT28: 9 | AZ28: =AY28*25000 -> 0 | BA28: =COUNTIFS($G28:$AP28,"x",$G$6:$AP$6,"A")+COUNTIFS($G28:$AP28,"xx",$G$6:$AP$6,"A") -> 0 | BB28: =COUNTIFS($G28:$AP28,"x",$G$6:$AP$6,"B")+COUNTIFS($G28:$AP28,"xx",$G$6:$AP$6,"B") -> 0 | BC28: =COUNTIFS($G28:$AP28,"x",$G$6:$AP$6,"C")+COUNTIFS($G28:$AP28,"xx",$G$6:$AP$6,"C") -> 0 | BD28: =COUNTIFS($G28:$AP28,"x",$G$6:$AP$6,"D")+COUNTIFS($G28:$AP28,"xx",$G$6:$AP$6,"D") -> 0 | BE28: =SUM(BA28:BD28) -> 0 | BF28: =IF(AS28>=13,AS28,0) -> 13
A29: 22 | B29: 1 | C29: 22 | G29: 0 | H29: x | I29: x | K29: x | L29: 0 | M29: x | N29: x | O29: 0 | P29: 0 | Q29: 0 | R29: 0 | S29: 0 | T29: 0 | U29: 0 | AQ29: =COUNTIF(G29:U29,"X") -> 5 | AR29: =COUNTIF(V29:AA29,"X") -> 0 | AS29: =ROUND(COUNTIF(G29:AO29,"x"),0)+ROUND(COUNTIF(AA29:AP29,">0"),0) -> 5 | AT29: 9 | AZ29: =AY29*25000 -> 0 | BA29: =COUNTIFS($G29:$AP29,"x",$G$6:$AP$6,"A")+COUNTIFS($G29:$AP29,"xx",$G$6:$AP$6,"A") -> 0 | BB29: =COUNTIFS($G29:$AP29,"x",$G$6:$AP$6,"B")+COUNTIFS($G29:$AP29,"xx",$G$6:$AP$6,"B") -> 0 | BC29: =COUNTIFS($G29:$AP29,"x",$G$6:$AP$6,"C")+COUNTIFS($G29:$AP29,"xx",$G$6:$AP$6,"C") -> 0 | BD29: =COUNTIFS($G29:$AP29,"x",$G$6:$AP$6,"D")+COUNTIFS($G29:$AP29,"xx",$G$6:$AP$6,"D") -> 0 | BE29: =SUM(BA29:BD29) -> 0 | BF29: =IF(AS29>=13,AS29,0) -> 0
A30: 23 | B30: 1 | C30: 23 | G30: 0 | H30: x | I30: x | K30: x | L30: x | M30: x | N30: x | O30: x | P30: x | Q30: x | R30: x | S30: x | T30: x | U30: x | AQ30: =COUNTIF(G30:U30,"X") -> 13 | AR30: =COUNTIF(V30:AA30,"X") -> 0 | AS30: =ROUND(COUNTIF(G30:AO30,"x"),0)+ROUND(COUNTIF(AA30:AP30,">0"),0) -> 13 | AT30: 9 | AZ30: =AY30*25000 -> 0 | BA30: =COUNTIFS($G30:$AP30,"x",$G$6:$AP$6,"A")+COUNTIFS($G30:$AP30,"xx",$G$6:$AP$6,"A") -> 0 | BB30: =COUNTIFS($G30:$AP30,"x",$G$6:$AP$6,"B")+COUNTIFS($G30:$AP30,"xx",$G$6:$AP$6,"B") -> 0 | BC30: =COUNTIFS($G30:$AP30,"x",$G$6:$AP$6,"C")+COUNTIFS($G30:$AP30,"xx",$G$6:$AP$6,"C") -> 0 | BD30: =COUNTIFS($G30:$AP30,"x",$G$6:$AP$6,"D")+COUNTIFS($G30:$AP30,"xx",$G$6:$AP$6,"D") -> 0 | BE30: =SUM(BA30:BD30) -> 0 | BF30: =IF(AS30>=13,AS30,0) -> 13
A31: 24 | B31: 1 | C31: 24 | G31: x | H31: x | I31: x | K31: x | L31: x | M31: x | N31: x | O31: x | P31: x | Q31: x | R31: x | S31: x | T31: x | U31: x | V31: x | X31: x | AQ31: =COUNTIF(G31:U31,"X") -> 14 | AR31: =COUNTIF(V31:AA31,"X") -> 2 | AS31: =ROUND(COUNTIF(G31:AO31,"x"),0)+ROUND(COUNTIF(AA31:AP31,">0"),0) -> 16 | AT31: 9 | AZ31: =AY31*25000 -> 0 | BA31: =COUNTIFS($G31:$AP31,"x",$G$6:$AP$6,"A")+COUNTIFS($G31:$AP31,"xx",$G$6:$AP$6,"A") -> 0 | BB31: =COUNTIFS($G31:$AP31,"x",$G$6:$AP$6,"B")+COUNTIFS($G31:$AP31,"xx",$G$6:$AP$6,"B") -> 0 | BC31: =COUNTIFS($G31:$AP31,"x",$G$6:$AP$6,"C")+COUNTIFS($G31:$AP31,"xx",$G$6:$AP$6,"C") -> 0 | BD31: =COUNTIFS($G31:$AP31,"x",$G$6:$AP$6,"D")+COUNTIFS($G31:$AP31,"xx",$G$6:$AP$6,"D") -> 0 | BE31: =SUM(BA31:BD31) -> 0 | BF31: =IF(AS31>=13,AS31,0) -> 16
A32: 25 | B32: 1 | C32: 25 | G32: 0 | H32: x | I32: x | K32: x | L32: x | M32: x | N32: x | O32: x | P32: x | Q32: x | R32: x | S32: x | T32: x | U32: x | V32: x | AQ32: =COUNTIF(G32:U32,"X") -> 13 | AR32: =COUNTIF(V32:AA32,"X") -> 1 | AS32: =ROUND(COUNTIF(G32:AO32,"x"),0)+ROUND(COUNTIF(AA32:AP32,">0"),0) -> 14 | AT32: 9 | AZ32: =AY32*25000 -> 0 | BA32: =COUNTIFS($G32:$AP32,"x",$G$6:$AP$6,"A")+COUNTIFS($G32:$AP32,"xx",$G$6:$AP$6,"A") -> 0 | BB32: =COUNTIFS($G32:$AP32,"x",$G$6:$AP$6,"B")+COUNTIFS($G32:$AP32,"xx",$G$6:$AP$6,"B") -> 0 | BC32: =COUNTIFS($G32:$AP32,"x",$G$6:$AP$6,"C")+COUNTIFS($G32:$AP32,"xx",$G$6:$AP$6,"C") -> 0 | BD32: =COUNTIFS($G32:$AP32,"x",$G$6:$AP$6,"D")+COUNTIFS($G32:$AP32,"xx",$G$6:$AP$6,"D") -> 0 | BE32: =SUM(BA32:BD32) -> 0 | BF32: =IF(AS32>=13,AS32,0) -> 14
A33: 26 | B33: 1 | C33: 26 | G33: 0 | H33: x | I33: x | K33: x | L33: x | M33: x | N33: x | O33: x | P33: x | Q33: x | R33: x | S33: x | T33: x | U33: x | V33: x | AQ33: =COUNTIF(G33:U33,"X") -> 13 | AR33: =COUNTIF(V33:AA33,"X") -> 1 | AS33: =ROUND(COUNTIF(G33:AO33,"x"),0)+ROUND(COUNTIF(AA33:AP33,">0"),0) -> 14 | AT33: 9 | AZ33: =AY33*25000 -> 0 | BA33: =COUNTIFS($G33:$AP33,"x",$G$6:$AP$6,"A")+COUNTIFS($G33:$AP33,"xx",$G$6:$AP$6,"A") -> 0 | BB33: =COUNTIFS($G33:$AP33,"x",$G$6:$AP$6,"B")+COUNTIFS($G33:$AP33,"xx",$G$6:$AP$6,"B") -> 0 | BC33: =COUNTIFS($G33:$AP33,"x",$G$6:$AP$6,"C")+COUNTIFS($G33:$AP33,"xx",$G$6:$AP$6,"C") -> 0 | BD33: =COUNTIFS($G33:$AP33,"x",$G$6:$AP$6,"D")+COUNTIFS($G33:$AP33,"xx",$G$6:$AP$6,"D") -> 0 | BE33: =SUM(BA33:BD33) -> 0 | BF33: =IF(AS33>=13,AS33,0) -> 14
A34: 27 | B34: 1 | C34: 27 | G34: 0 | H34: x | I34: x | K34: x | L34: x | M34: x | N34: 0 | O34: x | P34: x | Q34: x | R34: x | S34: x | T34: x | U34: x | V34: x | AQ34: =COUNTIF(G34:U34,"X") -> 12 | AR34: =COUNTIF(V34:AA34,"X") -> 1 | AS34: =ROUND(COUNTIF(G34:AO34,"x"),0)+ROUND(COUNTIF(AA34:AP34,">0"),0) -> 13 | AT34: 9 | AZ34: =AY34*25000 -> 0 | BA34: =COUNTIFS($G34:$AP34,"x",$G$6:$AP$6,"A")+COUNTIFS($G34:$AP34,"xx",$G$6:$AP$6,"A") -> 0 | BB34: =COUNTIFS($G34:$AP34,"x",$G$6:$AP$6,"B")+COUNTIFS($G34:$AP34,"xx",$G$6:$AP$6,"B") -> 0 | BC34: =COUNTIFS($G34:$AP34,"x",$G$6:$AP$6,"C")+COUNTIFS($G34:$AP34,"xx",$G$6:$AP$6,"C") -> 0 | BD34: =COUNTIFS($G34:$AP34,"x",$G$6:$AP$6,"D")+COUNTIFS($G34:$AP34,"xx",$G$6:$AP$6,"D") -> 0 | BE34: =SUM(BA34:BD34) -> 0 | BF34: =IF(AS34>=13,AS34,0) -> 13
A35: 28 | B35: 1 | C35: 28 | G35: x | H35: x | I35: x | K35: x | L35: x | M35: 0 | N35: x | O35: x | P35: x | Q35: x | R35: x | S35: x | T35: x | U35: x | AQ35: =COUNTIF(G35:U35,"X") -> 13 | AR35: =COUNTIF(V35:AA35,"X") -> 0 | AS35: =ROUND(COUNTIF(G35:AO35,"x"),0)+ROUND(COUNTIF(AA35:AP35,">0"),0) -> 13 | AT35: 9 | AZ35: =AY35*25000 -> 0 | BA35: =COUNTIFS($G35:$AP35,"x",$G$6:$AP$6,"A")+COUNTIFS($G35:$AP35,"xx",$G$6:$AP$6,"A") -> 0 | BB35: =COUNTIFS($G35:$AP35,"x",$G$6:$AP$6,"B")+COUNTIFS($G35:$AP35,"xx",$G$6:$AP$6,"B") -> 0 | BC35: =COUNTIFS($G35:$AP35,"x",$G$6:$AP$6,"C")+COUNTIFS($G35:$AP35,"xx",$G$6:$AP$6,"C") -> 0 | BD35: =COUNTIFS($G35:$AP35,"x",$G$6:$AP$6,"D")+COUNTIFS($G35:$AP35,"xx",$G$6:$AP$6,"D") -> 0 | BE35: =SUM(BA35:BD35) -> 0 | BF35: =IF(AS35>=13,AS35,0) -> 13
A36: 29 | B36: 1 | C36: 29 | G36: x | H36: x | I36: 0 | K36: x | L36: 0 | M36: x | N36: x | O36: x | P36: x | Q36: x | R36: x | S36: x | T36: 0 | U36: x | AQ36: =COUNTIF(G36:U36,"X") -> 11 | AR36: =COUNTIF(V36:AA36,"X") -> 0 | AS36: =ROUND(COUNTIF(G36:AO36,"x"),0)+ROUND(COUNTIF(AA36:AP36,">0"),0) -> 11 | AT36: 9 | AZ36: =AY36*25000 -> 0 | BA36: =COUNTIFS($G36:$AP36,"x",$G$6:$AP$6,"A")+COUNTIFS($G36:$AP36,"xx",$G$6:$AP$6,"A") -> 0 | BB36: =COUNTIFS($G36:$AP36,"x",$G$6:$AP$6,"B")+COUNTIFS($G36:$AP36,"xx",$G$6:$AP$6,"B") -> 0 | BC36: =COUNTIFS($G36:$AP36,"x",$G$6:$AP$6,"C")+COUNTIFS($G36:$AP36,"xx",$G$6:$AP$6,"C") -> 0 | BD36: =COUNTIFS($G36:$AP36,"x",$G$6:$AP$6,"D")+COUNTIFS($G36:$AP36,"xx",$G$6:$AP$6,"D") -> 0 | BE36: =SUM(BA36:BD36) -> 0 | BF36: =IF(AS36>=13,AS36,0) -> 0
A37: 30 | B37: 1 | C37: 30 | G37: x | H37: x | I37: x | K37: x | L37: x | M37: x | N37: x | O37: x | P37: x | Q37: x | R37: x | S37: x | T37: x | U37: x | AQ37: =COUNTIF(G37:U37,"X") -> 14 | AR37: =COUNTIF(V37:AA37,"X") -> 0 | AS37: =ROUND(COUNTIF(G37:AO37,"x"),0)+ROUND(COUNTIF(AA37:AP37,">0"),0) -> 14 | AT37: 9 | AZ37: =AY37*25000 -> 0 | BA37: =COUNTIFS($G37:$AP37,"x",$G$6:$AP$6,"A")+COUNTIFS($G37:$AP37,"xx",$G$6:$AP$6,"A") -> 0 | BB37: =COUNTIFS($G37:$AP37,"x",$G$6:$AP$6,"B")+COUNTIFS($G37:$AP37,"xx",$G$6:$AP$6,"B") -> 0 | BC37: =COUNTIFS($G37:$AP37,"x",$G$6:$AP$6,"C")+COUNTIFS($G37:$AP37,"xx",$G$6:$AP$6,"C") -> 0 | BD37: =COUNTIFS($G37:$AP37,"x",$G$6:$AP$6,"D")+COUNTIFS($G37:$AP37,"xx",$G$6:$AP$6,"D") -> 0 | BE37: =SUM(BA37:BD37) -> 0 | BF37: =IF(AS37>=13,AS37,0) -> 14
A38: 31 | B38: 1 | C38: 31 | G38: x | H38: 0 | I38: x | K38: x | L38: x | M38: x | N38: x | O38: x | P38: x | Q38: x | R38: x | S38: x | T38: x | U38: x | AQ38: =COUNTIF(G38:U38,"X") -> 13 | AR38: =COUNTIF(V38:AA38,"X") -> 0 | AS38: =ROUND(COUNTIF(G38:AO38,"x"),0)+ROUND(COUNTIF(AA38:AP38,">0"),0) -> 13 | AT38: 9 | AZ38: =AY38*25000 -> 0 | BA38: =COUNTIFS($G38:$AP38,"x",$G$6:$AP$6,"A")+COUNTIFS($G38:$AP38,"xx",$G$6:$AP$6,"A") -> 0 | BB38: =COUNTIFS($G38:$AP38,"x",$G$6:$AP$6,"B")+COUNTIFS($G38:$AP38,"xx",$G$6:$AP$6,"B") -> 0 | BC38: =COUNTIFS($G38:$AP38,"x",$G$6:$AP$6,"C")+COUNTIFS($G38:$AP38,"xx",$G$6:$AP$6,"C") -> 0 | BD38: =COUNTIFS($G38:$AP38,"x",$G$6:$AP$6,"D")+COUNTIFS($G38:$AP38,"xx",$G$6:$AP$6,"D") -> 0 | BE38: =SUM(BA38:BD38) -> 0 | BF38: =IF(AS38>=13,AS38,0) -> 13
A39: 32 | B39: 1 | C39: 32 | G39: x | H39: x | I39: x | K39: x | L39: x | M39: x | N39: x | O39: x | P39: x | Q39: x | R39: x | S39: x | T39: x | U39: x | AQ39: =COUNTIF(G39:U39,"X") -> 14 | AR39: =COUNTIF(V39:AA39,"X") -> 0 | AS39: =ROUND(COUNTIF(G39:AO39,"x"),0)+ROUND(COUNTIF(AA39:AP39,">0"),0) -> 14 | AT39: 9 | AZ39: =AY39*25000 -> 0 | BA39: =COUNTIFS($G39:$AP39,"x",$G$6:$AP$6,"A")+COUNTIFS($G39:$AP39,"xx",$G$6:$AP$6,"A") -> 0 | BB39: =COUNTIFS($G39:$AP39,"x",$G$6:$AP$6,"B")+COUNTIFS($G39:$AP39,"xx",$G$6:$AP$6,"B") -> 0 | BC39: =COUNTIFS($G39:$AP39,"x",$G$6:$AP$6,"C")+COUNTIFS($G39:$AP39,"xx",$G$6:$AP$6,"C") -> 0 | BD39: =COUNTIFS($G39:$AP39,"x",$G$6:$AP$6,"D")+COUNTIFS($G39:$AP39,"xx",$G$6:$AP$6,"D") -> 0 | BE39: =SUM(BA39:BD39) -> 0 | BF39: =IF(AS39>=13,AS39,0) -> 14
A40: 33 | B40: 1 | C40: 33 | G40: x | H40: x | I40: x | K40: x | L40: x | M40: x | N40: x | O40: x | P40: x | Q40: x | R40: x | S40: x | T40: x | U40: x | AQ40: =COUNTIF(G40:U40,"X") -> 14 | AR40: =COUNTIF(V40:AA40,"X") -> 0 | AS40: =ROUND(COUNTIF(G40:AO40,"x"),0)+ROUND(COUNTIF(AA40:AP40,">0"),0) -> 14 | AT40: 9 | AZ40: =AY40*25000 -> 0 | BA40: =COUNTIFS($G40:$AP40,"x",$G$6:$AP$6,"A")+COUNTIFS($G40:$AP40,"xx",$G$6:$AP$6,"A") -> 0 | BB40: =COUNTIFS($G40:$AP40,"x",$G$6:$AP$6,"B")+COUNTIFS($G40:$AP40,"xx",$G$6:$AP$6,"B") -> 0 | BC40: =COUNTIFS($G40:$AP40,"x",$G$6:$AP$6,"C")+COUNTIFS($G40:$AP40,"xx",$G$6:$AP$6,"C") -> 0 | BD40: =COUNTIFS($G40:$AP40,"x",$G$6:$AP$6,"D")+COUNTIFS($G40:$AP40,"xx",$G$6:$AP$6,"D") -> 0 | BE40: =SUM(BA40:BD40) -> 0 | BF40: =IF(AS40>=13,AS40,0) -> 14
A41: 34 | B41: 1 | C41: 34 | G41: x | H41: x | I41: x | K41: x | L41: x | M41: x | N41: x | O41: x | P41: x | Q41: x | R41: x | S41: x | T41: x | U41: x | AQ41: =COUNTIF(G41:U41,"X") -> 14 | AR41: =COUNTIF(V41:AA41,"X") -> 0 | AS41: =ROUND(COUNTIF(G41:AO41,"x"),0)+ROUND(COUNTIF(AA41:AP41,">0"),0) -> 14 | AT41: 9 | AZ41: =AY41*25000 -> 0 | BA41: =COUNTIFS($G41:$AP41,"x",$G$6:$AP$6,"A")+COUNTIFS($G41:$AP41,"xx",$G$6:$AP$6,"A") -> 0 | BB41: =COUNTIFS($G41:$AP41,"x",$G$6:$AP$6,"B")+COUNTIFS($G41:$AP41,"xx",$G$6:$AP$6,"B") -> 0 | BC41: =COUNTIFS($G41:$AP41,"x",$G$6:$AP$6,"C")+COUNTIFS($G41:$AP41,"xx",$G$6:$AP$6,"C") -> 0 | BD41: =COUNTIFS($G41:$AP41,"x",$G$6:$AP$6,"D")+COUNTIFS($G41:$AP41,"xx",$G$6:$AP$6,"D") -> 0 | BE41: =SUM(BA41:BD41) -> 0 | BF41: =IF(AS41>=13,AS41,0) -> 14
A42: 35 | B42: 1 | C42: 35 | G42: x | H42: x | I42: x | K42: x | L42: x | M42: x | N42: x | O42: x | P42: x | Q42: x | R42: x | S42: x | T42: x | U42: x | AQ42: =COUNTIF(G42:U42,"X") -> 14 | AR42: =COUNTIF(V42:AA42,"X") -> 0 | AS42: =ROUND(COUNTIF(G42:AO42,"x"),0)+ROUND(COUNTIF(AA42:AP42,">0"),0) -> 14 | AT42: 6 | AZ42: =AY42*25000 -> 0 | BA42: =COUNTIFS($G42:$AP42,"x",$G$6:$AP$6,"A")+COUNTIFS($G42:$AP42,"xx",$G$6:$AP$6,"A") -> 0 | BB42: =COUNTIFS($G42:$AP42,"x",$G$6:$AP$6,"B")+COUNTIFS($G42:$AP42,"xx",$G$6:$AP$6,"B") -> 0 | BC42: =COUNTIFS($G42:$AP42,"x",$G$6:$AP$6,"C")+COUNTIFS($G42:$AP42,"xx",$G$6:$AP$6,"C") -> 0 | BD42: =COUNTIFS($G42:$AP42,"x",$G$6:$AP$6,"D")+COUNTIFS($G42:$AP42,"xx",$G$6:$AP$6,"D") -> 0 | BE42: =SUM(BA42:BD42) -> 0 | BF42: =IF(AS42>=13,AS42,0) -> 14
A43: 36 | B43: 1 | C43: 36 | G43: x | H43: x | I43: x | K43: x | L43: x | M43: x | N43: x | O43: x | P43: x | Q43: x | R43: x | S43: x | T43: x | U43: x | AQ43: =COUNTIF(G43:U43,"X") -> 14 | AR43: =COUNTIF(V43:AA43,"X") -> 0 | AS43: =ROUND(COUNTIF(G43:AO43,"x"),0)+ROUND(COUNTIF(AA43:AP43,">0"),0) -> 14 | AT43: 9 | AZ43: =AY43*25000 -> 0 | BA43: =COUNTIFS($G43:$AP43,"x",$G$6:$AP$6,"A")+COUNTIFS($G43:$AP43,"xx",$G$6:$AP$6,"A") -> 0 | BB43: =COUNTIFS($G43:$AP43,"x",$G$6:$AP$6,"B")+COUNTIFS($G43:$AP43,"xx",$G$6:$AP$6,"B") -> 0 | BC43: =COUNTIFS($G43:$AP43,"x",$G$6:$AP$6,"C")+COUNTIFS($G43:$AP43,"xx",$G$6:$AP$6,"C") -> 0 | BD43: =COUNTIFS($G43:$AP43,"x",$G$6:$AP$6,"D")+COUNTIFS($G43:$AP43,"xx",$G$6:$AP$6,"D") -> 0 | BE43: =SUM(BA43:BD43) -> 0 | BF43: =IF(AS43>=13,AS43,0) -> 14
A44: 37 | B44: 1 | C44: 37 | G44: x | H44: x | I44: x | K44: x | L44: x | M44: x | N44: x | O44: x | P44: x | Q44: x | R44: x | S44: x | T44: x | U44: x | AQ44: =COUNTIF(G44:U44,"X") -> 14 | AR44: =COUNTIF(V44:AA44,"X") -> 0 | AS44: =ROUND(COUNTIF(G44:AO44,"x"),0)+ROUND(COUNTIF(AA44:AP44,">0"),0) -> 14 | AT44: 9 | AZ44: =AY44*25000 -> 0 | BA44: =COUNTIFS($G44:$AP44,"x",$G$6:$AP$6,"A")+COUNTIFS($G44:$AP44,"xx",$G$6:$AP$6,"A") -> 0 | BB44: =COUNTIFS($G44:$AP44,"x",$G$6:$AP$6,"B")+COUNTIFS($G44:$AP44,"xx",$G$6:$AP$6,"B") -> 0 | BC44: =COUNTIFS($G44:$AP44,"x",$G$6:$AP$6,"C")+COUNTIFS($G44:$AP44,"xx",$G$6:$AP$6,"C") -> 0 | BD44: =COUNTIFS($G44:$AP44,"x",$G$6:$AP$6,"D")+COUNTIFS($G44:$AP44,"xx",$G$6:$AP$6,"D") -> 0 | BE44: =SUM(BA44:BD44) -> 0 | BF44: =IF(AS44>=13,AS44,0) -> 14
A45: 38 | B45: 1 | C45: 38 | G45: x | H45: x | I45: x | K45: x | L45: x | M45: x | N45: x | O45: x | P45: x | Q45: x | R45: x | S45: x | T45: x | U45: x | AQ45: =COUNTIF(G45:U45,"X") -> 14 | AR45: =COUNTIF(V45:AA45,"X") -> 0 | AS45: =ROUND(COUNTIF(G45:AO45,"x"),0)+ROUND(COUNTIF(AA45:AP45,">0"),0) -> 14 | AT45: 9 | AZ45: =AY45*25000 -> 0 | BA45: =COUNTIFS($G45:$AP45,"x",$G$6:$AP$6,"A")+COUNTIFS($G45:$AP45,"xx",$G$6:$AP$6,"A") -> 0 | BB45: =COUNTIFS($G45:$AP45,"x",$G$6:$AP$6,"B")+COUNTIFS($G45:$AP45,"xx",$G$6:$AP$6,"B") -> 0 | BC45: =COUNTIFS($G45:$AP45,"x",$G$6:$AP$6,"C")+COUNTIFS($G45:$AP45,"xx",$G$6:$AP$6,"C") -> 0 | BD45: =COUNTIFS($G45:$AP45,"x",$G$6:$AP$6,"D")+COUNTIFS($G45:$AP45,"xx",$G$6:$AP$6,"D") -> 0 | BE45: =SUM(BA45:BD45) -> 0 | BF45: =IF(AS45>=13,AS45,0) -> 14
A46: 39 | B46: 1 | C46: 39 | G46: x | H46: x | I46: x | K46: x | L46: x | M46: 0 | N46: x | O46: x | P46: x | Q46: x | R46: x | S46: x | T46: x | U46: x | AQ46: =COUNTIF(G46:U46,"X") -> 13 | AR46: =COUNTIF(V46:AA46,"X") -> 0 | AS46: =ROUND(COUNTIF(G46:AO46,"x"),0)+ROUND(COUNTIF(AA46:AP46,">0"),0) -> 13 | AT46: 9 | AZ46: =AY46*25000 -> 0 | BA46: =COUNTIFS($G46:$AP46,"x",$G$6:$AP$6,"A")+COUNTIFS($G46:$AP46,"xx",$G$6:$AP$6,"A") -> 0 | BB46: =COUNTIFS($G46:$AP46,"x",$G$6:$AP$6,"B")+COUNTIFS($G46:$AP46,"xx",$G$6:$AP$6,"B") -> 0 | BC46: =COUNTIFS($G46:$AP46,"x",$G$6:$AP$6,"C")+COUNTIFS($G46:$AP46,"xx",$G$6:$AP$6,"C") -> 0 | BD46: =COUNTIFS($G46:$AP46,"x",$G$6:$AP$6,"D")+COUNTIFS($G46:$AP46,"xx",$G$6:$AP$6,"D") -> 0 | BE46: =SUM(BA46:BD46) -> 0 | BF46: =IF(AS46>=13,AS46,0) -> 13
A47: 40 | B47: 1 | C47: 40 | G47: x | H47: x | I47: x | K47: x | L47: x | M47: x | N47: 0 | O47: x | P47: x | Q47: x | R47: x | S47: x | T47: x | U47: x | X47: x | AQ47: =COUNTIF(G47:U47,"X") -> 13 | AR47: =COUNTIF(V47:AA47,"X") -> 1 | AS47: =ROUND(COUNTIF(G47:AO47,"x"),0)+ROUND(COUNTIF(AA47:AP47,">0"),0) -> 14 | AT47: 9 | AX47: I | AZ47: =AY47*25000 -> 0 | BA47: =COUNTIFS($G47:$AP47,"x",$G$6:$AP$6,"A")+COUNTIFS($G47:$AP47,"xx",$G$6:$AP$6,"A") -> 0 | BB47: =COUNTIFS($G47:$AP47,"x",$G$6:$AP$6,"B")+COUNTIFS($G47:$AP47,"xx",$G$6:$AP$6,"B") -> 0 | BC47: =COUNTIFS($G47:$AP47,"x",$G$6:$AP$6,"C")+COUNTIFS($G47:$AP47,"xx",$G$6:$AP$6,"C") -> 0 | BD47: =COUNTIFS($G47:$AP47,"x",$G$6:$AP$6,"D")+COUNTIFS($G47:$AP47,"xx",$G$6:$AP$6,"D") -> 0 | BE47: =SUM(BA47:BD47) -> 0 | BF47: =IF(AS47>=13,AS47,0) -> 14
A48: 41 | B48: 1 | C48: 41 | G48: x | H48: x | I48: x | K48: x | L48: x | M48: x | N48: 0 | O48: x | P48: x | Q48: x | R48: x | S48: x | T48: x | U48: x | X48: x | AQ48: =COUNTIF(G48:U48,"X") -> 13 | AR48: =COUNTIF(V48:AA48,"X") -> 1 | AS48: =ROUND(COUNTIF(G48:AO48,"x"),0)+ROUND(COUNTIF(AA48:AP48,">0"),0) -> 14 | AT48: 9 | AZ48: =AY48*25000 -> 0 | BA48: =COUNTIFS($G48:$AP48,"x",$G$6:$AP$6,"A")+COUNTIFS($G48:$AP48,"xx",$G$6:$AP$6,"A") -> 0 | BB48: =COUNTIFS($G48:$AP48,"x",$G$6:$AP$6,"B")+COUNTIFS($G48:$AP48,"xx",$G$6:$AP$6,"B") -> 0 | BC48: =COUNTIFS($G48:$AP48,"x",$G$6:$AP$6,"C")+COUNTIFS($G48:$AP48,"xx",$G$6:$AP$6,"C") -> 0 | BD48: =COUNTIFS($G48:$AP48,"x",$G$6:$AP$6,"D")+COUNTIFS($G48:$AP48,"xx",$G$6:$AP$6,"D") -> 0 | BE48: =SUM(BA48:BD48) -> 0 | BF48: =IF(AS48>=13,AS48,0) -> 14
A49: 42 | B49: 1 | C49: 42 | G49: 0 | H49: x | I49: x | K49: x | L49: x | M49: x | N49: x | O49: x | P49: x | Q49: x | R49: x | S49: x | T49: x | U49: x | V49: x | X49: x | AQ49: =COUNTIF(G49:U49,"X") -> 13 | AR49: =COUNTIF(V49:AA49,"X") -> 2 | AS49: =ROUND(COUNTIF(G49:AO49,"x"),0)+ROUND(COUNTIF(AA49:AP49,">0"),0) -> 15 | AT49: 9 | AZ49: =AY49*25000 -> 0 | BA49: =COUNTIFS($G49:$AP49,"x",$G$6:$AP$6,"A")+COUNTIFS($G49:$AP49,"xx",$G$6:$AP$6,"A") -> 0 | BB49: =COUNTIFS($G49:$AP49,"x",$G$6:$AP$6,"B")+COUNTIFS($G49:$AP49,"xx",$G$6:$AP$6,"B") -> 0 | BC49: =COUNTIFS($G49:$AP49,"x",$G$6:$AP$6,"C")+COUNTIFS($G49:$AP49,"xx",$G$6:$AP$6,"C") -> 0 | BD49: =COUNTIFS($G49:$AP49,"x",$G$6:$AP$6,"D")+COUNTIFS($G49:$AP49,"xx",$G$6:$AP$6,"D") -> 0 | BE49: =SUM(BA49:BD49) -> 0 | BF49: =IF(AS49>=13,AS49,0) -> 15
A50: 43 | B50: 1 | C50: 43 | G50: 0 | H50: x | I50: x | K50: 0 | L50: x | M50: x | N50: x | O50: x | P50: x | Q50: x | R50: x | S50: x | T50: 0 | U50: x | AQ50: =COUNTIF(G50:U50,"X") -> 11 | AR50: =COUNTIF(V50:AA50,"X") -> 0 | AS50: =ROUND(COUNTIF(G50:AO50,"x"),0)+ROUND(COUNTIF(AA50:AP50,">0"),0) -> 11 | AT50: 9 | AZ50: =AY50*25000 -> 0 | BA50: =COUNTIFS($G50:$AP50,"x",$G$6:$AP$6,"A")+COUNTIFS($G50:$AP50,"xx",$G$6:$AP$6,"A") -> 0 | BB50: =COUNTIFS($G50:$AP50,"x",$G$6:$AP$6,"B")+COUNTIFS($G50:$AP50,"xx",$G$6:$AP$6,"B") -> 0 | BC50: =COUNTIFS($G50:$AP50,"x",$G$6:$AP$6,"C")+COUNTIFS($G50:$AP50,"xx",$G$6:$AP$6,"C") -> 0 | BD50: =COUNTIFS($G50:$AP50,"x",$G$6:$AP$6,"D")+COUNTIFS($G50:$AP50,"xx",$G$6:$AP$6,"D") -> 0 | BE50: =SUM(BA50:BD50) -> 0 | BF50: =IF(AS50>=13,AS50,0) -> 0
A51: 44 | B51: 1 | C51: 44 | G51: x | H51: 0 | I51: x | K51: x | L51: x | M51: x | N51: x | O51: x | P51: x | Q51: x | R51: x | S51: x | T51: x | U51: x | AQ51: =COUNTIF(G51:U51,"X") -> 13 | AR51: =COUNTIF(V51:AA51,"X") -> 0 | AS51: =ROUND(COUNTIF(G51:AO51,"x"),0)+ROUND(COUNTIF(AA51:AP51,">0"),0) -> 13 | AT51: 9 | AZ51: =AY51*25000 -> 0 | BA51: =COUNTIFS($G51:$AP51,"x",$G$6:$AP$6,"A")+COUNTIFS($G51:$AP51,"xx",$G$6:$AP$6,"A") -> 0 | BB51: =COUNTIFS($G51:$AP51,"x",$G$6:$AP$6,"B")+COUNTIFS($G51:$AP51,"xx",$G$6:$AP$6,"B") -> 0 | BC51: =COUNTIFS($G51:$AP51,"x",$G$6:$AP$6,"C")+COUNTIFS($G51:$AP51,"xx",$G$6:$AP$6,"C") -> 0 | BD51: =COUNTIFS($G51:$AP51,"x",$G$6:$AP$6,"D")+COUNTIFS($G51:$AP51,"xx",$G$6:$AP$6,"D") -> 0 | BE51: =SUM(BA51:BD51) -> 0 | BF51: =IF(AS51>=13,AS51,0) -> 13
A52: 45 | B52: 1 | C52: 45 | G52: 0 | H52: x | I52: x | K52: x | L52: x | M52: 0 | N52: x | O52: x | P52: x | Q52: x | R52: x | S52: x | T52: 0 | U52: x | AQ52: =COUNTIF(G52:U52,"X") -> 11 | AR52: =COUNTIF(V52:AA52,"X") -> 0 | AS52: =ROUND(COUNTIF(G52:AO52,"x"),0)+ROUND(COUNTIF(AA52:AP52,">0"),0) -> 11 | AT52: 9 | AZ52: =AY52*25000 -> 0 | BA52: =COUNTIFS($G52:$AP52,"x",$G$6:$AP$6,"A")+COUNTIFS($G52:$AP52,"xx",$G$6:$AP$6,"A") -> 0 | BB52: =COUNTIFS($G52:$AP52,"x",$G$6:$AP$6,"B")+COUNTIFS($G52:$AP52,"xx",$G$6:$AP$6,"B") -> 0 | BC52: =COUNTIFS($G52:$AP52,"x",$G$6:$AP$6,"C")+COUNTIFS($G52:$AP52,"xx",$G$6:$AP$6,"C") -> 0 | BD52: =COUNTIFS($G52:$AP52,"x",$G$6:$AP$6,"D")+COUNTIFS($G52:$AP52,"xx",$G$6:$AP$6,"D") -> 0 | BE52: =SUM(BA52:BD52) -> 0 | BF52: =IF(AS52>=13,AS52,0) -> 0
A53: 46 | B53: 1 | C53: 46 | G53: 0 | H53: x | I53: x | K53: x | L53: x | M53: x | N53: 0 | O53: x | P53: x | Q53: x | R53: x | S53: x | T53: x | U53: x | V53: x | AQ53: =COUNTIF(G53:U53,"X") -> 12 | AR53: =COUNTIF(V53:AA53,"X") -> 1 | AS53: =ROUND(COUNTIF(G53:AO53,"x"),0)+ROUND(COUNTIF(AA53:AP53,">0"),0) -> 13 | AT53: 6 | AZ53: =AY53*25000 -> 0 | BA53: =COUNTIFS($G53:$AP53,"x",$G$6:$AP$6,"A")+COUNTIFS($G53:$AP53,"xx",$G$6:$AP$6,"A") -> 0 | BB53: =COUNTIFS($G53:$AP53,"x",$G$6:$AP$6,"B")+COUNTIFS($G53:$AP53,"xx",$G$6:$AP$6,"B") -> 0 | BC53: =COUNTIFS($G53:$AP53,"x",$G$6:$AP$6,"C")+COUNTIFS($G53:$AP53,"xx",$G$6:$AP$6,"C") -> 0 | BD53: =COUNTIFS($G53:$AP53,"x",$G$6:$AP$6,"D")+COUNTIFS($G53:$AP53,"xx",$G$6:$AP$6,"D") -> 0 | BE53: =SUM(BA53:BD53) -> 0 | BF53: =IF(AS53>=13,AS53,0) -> 13
B54: 1 | C54: 47 | G54: x | H54: x | I54: x | K54: x | L54: x | M54: 0 | N54: x | O54: x | P54: x | Q54: x | R54: x | S54: 0 | T54: x | U54: x | AQ54: =COUNTIF(G54:U54,"X") -> 12 | AR54: =COUNTIF(V54:AA54,"X") -> 0 | AS54: =ROUND(COUNTIF(G54:AO54,"x"),0)+ROUND(COUNTIF(AA54:AP54,">0"),0) -> 12 | AT54: 6 | AZ54: =AY54*25000 -> 0 | BA54: =COUNTIFS($G54:$AP54,"x",$G$6:$AP$6,"A")+COUNTIFS($G54:$AP54,"xx",$G$6:$AP$6,"A") -> 0 | BB54: =COUNTIFS($G54:$AP54,"x",$G$6:$AP$6,"B")+COUNTIFS($G54:$AP54,"xx",$G$6:$AP$6,"B") -> 0 | BC54: =COUNTIFS($G54:$AP54,"x",$G$6:$AP$6,"C")+COUNTIFS($G54:$AP54,"xx",$G$6:$AP$6,"C") -> 0 | BD54: =COUNTIFS($G54:$AP54,"x",$G$6:$AP$6,"D")+COUNTIFS($G54:$AP54,"xx",$G$6:$AP$6,"D") -> 0 | BE54: =SUM(BA54:BD54) -> 0 | BF54: =IF(AS54>=13,AS54,0) -> 0
B55: 4 | C55: 137 | G55: x | H55: x | I55: x | J55: x | K55: x | L55: x | M55: x | N55: x | O55: x | P55: x | Q55: x | R55: x | S55: x | T55: x | U55: x | W55: x | AQ55: =COUNTIF(G55:U55,"X") -> 15 | AR55: =COUNTIF(V55:AA55,"X") -> 1 | AS55: =ROUND(COUNTIF(G55:AO55,"x"),0)+ROUND(COUNTIF(AA55:AP55,">0"),0) -> 16 | AT55: 12 | AZ55: =AY55*25000 -> 0 | BA55: =COUNTIFS($G55:$AP55,"x",$G$6:$AP$6,"A")+COUNTIFS($G55:$AP55,"xx",$G$6:$AP$6,"A") -> 0 | BB55: =COUNTIFS($G55:$AP55,"x",$G$6:$AP$6,"B")+COUNTIFS($G55:$AP55,"xx",$G$6:$AP$6,"B") -> 0 | BC55: =COUNTIFS($G55:$AP55,"x",$G$6:$AP$6,"C")+COUNTIFS($G55:$AP55,"xx",$G$6:$AP$6,"C") -> 0 | BD55: =COUNTIFS($G55:$AP55,"x",$G$6:$AP$6,"D")+COUNTIFS($G55:$AP55,"xx",$G$6:$AP$6,"D") -> 0 | BE55: =SUM(BA55:BD55) -> 0 | BF55: =IF(AS55>=13,AS55,0) -> 16
B56: 4 | C56: 138 | G56: x | H56: x | I56: x | J56: x | K56: x | L56: x | M56: x | N56: x | O56: x | P56: x | Q56: x | R56: x | S56: x | T56: x | U56: x | W56: x | AQ56: =COUNTIF(G56:U56,"X") -> 15 | AR56: =COUNTIF(V56:AA56,"X") -> 1 | AS56: =ROUND(COUNTIF(G56:AO56,"x"),0)+ROUND(COUNTIF(AA56:AP56,">0"),0) -> 16 | AT56: 11 | AZ56: =AY56*25000 -> 0 | BA56: =COUNTIFS($G56:$AP56,"x",$G$6:$AP$6,"A")+COUNTIFS($G56:$AP56,"xx",$G$6:$AP$6,"A") -> 0 | BB56: =COUNTIFS($G56:$AP56,"x",$G$6:$AP$6,"B")+COUNTIFS($G56:$AP56,"xx",$G$6:$AP$6,"B") -> 0 | BC56: =COUNTIFS($G56:$AP56,"x",$G$6:$AP$6,"C")+COUNTIFS($G56:$AP56,"xx",$G$6:$AP$6,"C") -> 0 | BD56: =COUNTIFS($G56:$AP56,"x",$G$6:$AP$6,"D")+COUNTIFS($G56:$AP56,"xx",$G$6:$AP$6,"D") -> 0 | BE56: =SUM(BA56:BD56) -> 0 | BF56: =IF(AS56>=13,AS56,0) -> 16
B57: 4 | C57: 139 | G57: x | H57: x | I57: x | J57: x | K57: x | L57: x | M57: x | N57: x | O57: x | P57: x | Q57: x | R57: x | S57: x | T57: x | U57: x | W57: x | AQ57: =COUNTIF(G57:U57,"X") -> 15 | AR57: =COUNTIF(V57:AA57,"X") -> 1 | AS57: =ROUND(COUNTIF(G57:AO57,"x"),0)+ROUND(COUNTIF(AA57:AP57,">0"),0) -> 16 | AT57: 12 | AZ57: =AY57*25000 -> 0 | BA57: =COUNTIFS($G57:$AP57,"x",$G$6:$AP$6,"A")+COUNTIFS($G57:$AP57,"xx",$G$6:$AP$6,"A") -> 0 | BB57: =COUNTIFS($G57:$AP57,"x",$G$6:$AP$6,"B")+COUNTIFS($G57:$AP57,"xx",$G$6:$AP$6,"B") -> 0 | BC57: =COUNTIFS($G57:$AP57,"x",$G$6:$AP$6,"C")+COUNTIFS($G57:$AP57,"xx",$G$6:$AP$6,"C") -> 0 | BD57: =COUNTIFS($G57:$AP57,"x",$G$6:$AP$6,"D")+COUNTIFS($G57:$AP57,"xx",$G$6:$AP$6,"D") -> 0 | BE57: =SUM(BA57:BD57) -> 0 | BF57: =IF(AS57>=13,AS57,0) -> 16
B58: 4 | C58: 140 | G58: 0 | H58: x | I58: x | J58: x | K58: x | L58: x | M58: 0 | N58: x | O58: x | P58: x | Q58: x | R58: x | S58: x | T58: x | U58: x | W58: x | AQ58: =COUNTIF(G58:U58,"X") -> 13 | AR58: =COUNTIF(V58:AA58,"X") -> 1 | AS58: =ROUND(COUNTIF(G58:AO58,"x"),0)+ROUND(COUNTIF(AA58:AP58,">0"),0) -> 14 | AT58: 12 | AZ58: =AY58*25000 -> 0 | BA58: =COUNTIFS($G58:$AP58,"x",$G$6:$AP$6,"A")+COUNTIFS($G58:$AP58,"xx",$G$6:$AP$6,"A") -> 0 | BB58: =COUNTIFS($G58:$AP58,"x",$G$6:$AP$6,"B")+COUNTIFS($G58:$AP58,"xx",$G$6:$AP$6,"B") -> 0 | BC58: =COUNTIFS($G58:$AP58,"x",$G$6:$AP$6,"C")+COUNTIFS($G58:$AP58,"xx",$G$6:$AP$6,"C") -> 0 | BD58: =COUNTIFS($G58:$AP58,"x",$G$6:$AP$6,"D")+COUNTIFS($G58:$AP58,"xx",$G$6:$AP$6,"D") -> 0 | BE58: =SUM(BA58:BD58) -> 0 | BF58: =IF(AS58>=13,AS58,0) -> 14
B59: 4 | C59: 141 | G59: x | H59: x | I59: x | J59: x | K59: x | L59: x | M59: x | N59: x | O59: x | P59: x | Q59: x | R59: x | S59: x | T59: x | U59: x | W59: x | AQ59: =COUNTIF(G59:U59,"X") -> 15 | AR59: =COUNTIF(V59:AA59,"X") -> 1 | AS59: =ROUND(COUNTIF(G59:AO59,"x"),0)+ROUND(COUNTIF(AA59:AP59,">0"),0) -> 16 | AT59: 12 | AZ59: =AY59*25000 -> 0 | BA59: =COUNTIFS($G59:$AP59,"x",$G$6:$AP$6,"A")+COUNTIFS($G59:$AP59,"xx",$G$6:$AP$6,"A") -> 0 | BB59: =COUNTIFS($G59:$AP59,"x",$G$6:$AP$6,"B")+COUNTIFS($G59:$AP59,"xx",$G$6:$AP$6,"B") -> 0 | BC59: =COUNTIFS($G59:$AP59,"x",$G$6:$AP$6,"C")+COUNTIFS($G59:$AP59,"xx",$G$6:$AP$6,"C") -> 0 | BD59: =COUNTIFS($G59:$AP59,"x",$G$6:$AP$6,"D")+COUNTIFS($G59:$AP59,"xx",$G$6:$AP$6,"D") -> 0 | BE59: =SUM(BA59:BD59) -> 0 | BF59: =IF(AS59>=13,AS59,0) -> 16
B60: 4 | C60: 142 | G60: x | H60: x | I60: x | J60: 0 | K60: x | L60: x | M60: x | N60: x | O60: x | P60: x | Q60: x | R60: x | S60: x | T60: x | U60: x | W60: x | AQ60: =COUNTIF(G60:U60,"X") -> 14 | AR60: =COUNTIF(V60:AA60,"X") -> 1 | AS60: =ROUND(COUNTIF(G60:AO60,"x"),0)+ROUND(COUNTIF(AA60:AP60,">0"),0) -> 15 | AT60: 12 | AZ60: =AY60*25000 -> 0 | BA60: =COUNTIFS($G60:$AP60,"x",$G$6:$AP$6,"A")+COUNTIFS($G60:$AP60,"xx",$G$6:$AP$6,"A") -> 0 | BB60: =COUNTIFS($G60:$AP60,"x",$G$6:$AP$6,"B")+COUNTIFS($G60:$AP60,"xx",$G$6:$AP$6,"B") -> 0 | BC60: =COUNTIFS($G60:$AP60,"x",$G$6:$AP$6,"C")+COUNTIFS($G60:$AP60,"xx",$G$6:$AP$6,"C") -> 0 | BD60: =COUNTIFS($G60:$AP60,"x",$G$6:$AP$6,"D")+COUNTIFS($G60:$AP60,"xx",$G$6:$AP$6,"D") -> 0 | BE60: =SUM(BA60:BD60) -> 0 | BF60: =IF(AS60>=13,AS60,0) -> 15
B61: 4 | C61: 143 | G61: x | H61: x | I61: x | J61: x | K61: x | L61: x | M61: x | N61: x | O61: x | P61: x | Q61: x | R61: x | S61: x | T61: x | U61: x | W61: x | AQ61: =COUNTIF(G61:U61,"X") -> 15 | AR61: =COUNTIF(V61:AA61,"X") -> 1 | AS61: =ROUND(COUNTIF(G61:AO61,"x"),0)+ROUND(COUNTIF(AA61:AP61,">0"),0) -> 16 | AT61: 12 | AZ61: =AY61*25000 -> 0 | BA61: =COUNTIFS($G61:$AP61,"x",$G$6:$AP$6,"A")+COUNTIFS($G61:$AP61,"xx",$G$6:$AP$6,"A") -> 0 | BB61: =COUNTIFS($G61:$AP61,"x",$G$6:$AP$6,"B")+COUNTIFS($G61:$AP61,"xx",$G$6:$AP$6,"B") -> 0 | BC61: =COUNTIFS($G61:$AP61,"x",$G$6:$AP$6,"C")+COUNTIFS($G61:$AP61,"xx",$G$6:$AP$6,"C") -> 0 | BD61: =COUNTIFS($G61:$AP61,"x",$G$6:$AP$6,"D")+COUNTIFS($G61:$AP61,"xx",$G$6:$AP$6,"D") -> 0 | BE61: =SUM(BA61:BD61) -> 0 | BF61: =IF(AS61>=13,AS61,0) -> 16
B62: 4 | C62: 144 | G62: x | H62: x | I62: x | J62: 0 | K62: x | L62: x | M62: x | N62: x | O62: x | P62: x | Q62: x | R62: x | S62: x | T62: x | U62: x | W62: x | AQ62: =COUNTIF(G62:U62,"X") -> 14 | AR62: =COUNTIF(V62:AA62,"X") -> 1 | AS62: =ROUND(COUNTIF(G62:AO62,"x"),0)+ROUND(COUNTIF(AA62:AP62,">0"),0) -> 15 | AT62: 12 | AZ62: =AY62*25000 -> 0 | BA62: =COUNTIFS($G62:$AP62,"x",$G$6:$AP$6,"A")+COUNTIFS($G62:$AP62,"xx",$G$6:$AP$6,"A") -> 0 | BB62: =COUNTIFS($G62:$AP62,"x",$G$6:$AP$6,"B")+COUNTIFS($G62:$AP62,"xx",$G$6:$AP$6,"B") -> 0 | BC62: =COUNTIFS($G62:$AP62,"x",$G$6:$AP$6,"C")+COUNTIFS($G62:$AP62,"xx",$G$6:$AP$6,"C") -> 0 | BD62: =COUNTIFS($G62:$AP62,"x",$G$6:$AP$6,"D")+COUNTIFS($G62:$AP62,"xx",$G$6:$AP$6,"D") -> 0 | BE62: =SUM(BA62:BD62) -> 0 | BF62: =IF(AS62>=13,AS62,0) -> 15
B63: 4 | C63: 145 | G63: x | H63: x | I63: x | J63: x | K63: x | L63: x | M63: x | N63: x | O63: x | P63: x | Q63: x | R63: x | S63: x | T63: x | U63: x | W63: x | AQ63: =COUNTIF(G63:U63,"X") -> 15 | AR63: =COUNTIF(V63:AA63,"X") -> 1 | AS63: =ROUND(COUNTIF(G63:AO63,"x"),0)+ROUND(COUNTIF(AA63:AP63,">0"),0) -> 16 | AT63: 12 | AZ63: =AY63*25000 -> 0 | BA63: =COUNTIFS($G63:$AP63,"x",$G$6:$AP$6,"A")+COUNTIFS($G63:$AP63,"xx",$G$6:$AP$6,"A") -> 0 | BB63: =COUNTIFS($G63:$AP63,"x",$G$6:$AP$6,"B")+COUNTIFS($G63:$AP63,"xx",$G$6:$AP$6,"B") -> 0 | BC63: =COUNTIFS($G63:$AP63,"x",$G$6:$AP$6,"C")+COUNTIFS($G63:$AP63,"xx",$G$6:$AP$6,"C") -> 0 | BD63: =COUNTIFS($G63:$AP63,"x",$G$6:$AP$6,"D")+COUNTIFS($G63:$AP63,"xx",$G$6:$AP$6,"D") -> 0 | BE63: =SUM(BA63:BD63) -> 0 | BF63: =IF(AS63>=13,AS63,0) -> 16
B64: 4 | C64: 146 | G64: x | H64: x | I64: x | J64: 0 | K64: x | L64: x | M64: x | N64: x | O64: x | P64: x | Q64: x | R64: x | S64: x | T64: x | U64: x | W64: x | AQ64: =COUNTIF(G64:U64,"X") -> 14 | AR64: =COUNTIF(V64:AA64,"X") -> 1 | AS64: =ROUND(COUNTIF(G64:AO64,"x"),0)+ROUND(COUNTIF(AA64:AP64,">0"),0) -> 15 | AT64: 12 | AZ64: =AY64*25000 -> 0 | BA64: =COUNTIFS($G64:$AP64,"x",$G$6:$AP$6,"A")+COUNTIFS($G64:$AP64,"xx",$G$6:$AP$6,"A") -> 0 | BB64: =COUNTIFS($G64:$AP64,"x",$G$6:$AP$6,"B")+COUNTIFS($G64:$AP64,"xx",$G$6:$AP$6,"B") -> 0 | BC64: =COUNTIFS($G64:$AP64,"x",$G$6:$AP$6,"C")+COUNTIFS($G64:$AP64,"xx",$G$6:$AP$6,"C") -> 0 | BD64: =COUNTIFS($G64:$AP64,"x",$G$6:$AP$6,"D")+COUNTIFS($G64:$AP64,"xx",$G$6:$AP$6,"D") -> 0 | BE64: =SUM(BA64:BD64) -> 0 | BF64: =IF(AS64>=13,AS64,0) -> 15
B65: 4 | C65: 147 | G65: x | H65: x | I65: x | J65: 0 | K65: x | L65: x | M65: x | N65: x | O65: x | P65: x | Q65: x | R65: x | S65: x | T65: x | U65: x | W65: x | AQ65: =COUNTIF(G65:U65,"X") -> 14 | AR65: =COUNTIF(V65:AA65,"X") -> 1 | AS65: =ROUND(COUNTIF(G65:AO65,"x"),0)+ROUND(COUNTIF(AA65:AP65,">0"),0) -> 15 | AT65: 12 | AZ65: =AY65*25000 -> 0 | BA65: =COUNTIFS($G65:$AP65,"x",$G$6:$AP$6,"A")+COUNTIFS($G65:$AP65,"xx",$G$6:$AP$6,"A") -> 0 | BB65: =COUNTIFS($G65:$AP65,"x",$G$6:$AP$6,"B")+COUNTIFS($G65:$AP65,"xx",$G$6:$AP$6,"B") -> 0 | BC65: =COUNTIFS($G65:$AP65,"x",$G$6:$AP$6,"C")+COUNTIFS($G65:$AP65,"xx",$G$6:$AP$6,"C") -> 0 | BD65: =COUNTIFS($G65:$AP65,"x",$G$6:$AP$6,"D")+COUNTIFS($G65:$AP65,"xx",$G$6:$AP$6,"D") -> 0 | BE65: =SUM(BA65:BD65) -> 0 | BF65: =IF(AS65>=13,AS65,0) -> 15
B66: 4 | C66: 148 | G66: x | H66: x | I66: x | J66: x | K66: x | L66: x | M66: x | N66: x | O66: x | P66: x | Q66: x | R66: x | S66: x | T66: x | U66: x | W66: x | AQ66: =COUNTIF(G66:U66,"X") -> 15 | AR66: =COUNTIF(V66:AA66,"X") -> 1 | AS66: =ROUND(COUNTIF(G66:AO66,"x"),0)+ROUND(COUNTIF(AA66:AP66,">0"),0) -> 16 | AT66: 12 | AZ66: =AY66*25000 -> 0 | BA66: =COUNTIFS($G66:$AP66,"x",$G$6:$AP$6,"A")+COUNTIFS($G66:$AP66,"xx",$G$6:$AP$6,"A") -> 0 | BB66: =COUNTIFS($G66:$AP66,"x",$G$6:$AP$6,"B")+COUNTIFS($G66:$AP66,"xx",$G$6:$AP$6,"B") -> 0 | BC66: =COUNTIFS($G66:$AP66,"x",$G$6:$AP$6,"C")+COUNTIFS($G66:$AP66,"xx",$G$6:$AP$6,"C") -> 0 | BD66: =COUNTIFS($G66:$AP66,"x",$G$6:$AP$6,"D")+COUNTIFS($G66:$AP66,"xx",$G$6:$AP$6,"D") -> 0 | BE66: =SUM(BA66:BD66) -> 0 | BF66: =IF(AS66>=13,AS66,0) -> 16
B67: 4 | C67: 149 | G67: x | H67: x | I67: x | J67: 0 | K67: x | L67: x | M67: x | N67: 0 | O67: x | P67: x | Q67: x | R67: x | S67: x | T67: x | U67: x | W67: x | AQ67: =COUNTIF(G67:U67,"X") -> 13 | AR67: =COUNTIF(V67:AA67,"X") -> 1 | AS67: =ROUND(COUNTIF(G67:AO67,"x"),0)+ROUND(COUNTIF(AA67:AP67,">0"),0) -> 14 | AT67: 11 | AZ67: =AY67*25000 -> 0 | BA67: =COUNTIFS($G67:$AP67,"x",$G$6:$AP$6,"A")+COUNTIFS($G67:$AP67,"xx",$G$6:$AP$6,"A") -> 0 | BB67: =COUNTIFS($G67:$AP67,"x",$G$6:$AP$6,"B")+COUNTIFS($G67:$AP67,"xx",$G$6:$AP$6,"B") -> 0 | BC67: =COUNTIFS($G67:$AP67,"x",$G$6:$AP$6,"C")+COUNTIFS($G67:$AP67,"xx",$G$6:$AP$6,"C") -> 0 | BD67: =COUNTIFS($G67:$AP67,"x",$G$6:$AP$6,"D")+COUNTIFS($G67:$AP67,"xx",$G$6:$AP$6,"D") -> 0 | BE67: =SUM(BA67:BD67) -> 0 | BF67: =IF(AS67>=13,AS67,0) -> 14
B68: 4 | C68: 150 | G68: x | H68: 0 | I68: x | J68: 0 | K68: x | L68: x | M68: x | N68: x | O68: x | P68: x | Q68: x | R68: x | S68: x | T68: x | U68: x | W68: x | AQ68: =COUNTIF(G68:U68,"X") -> 13 | AR68: =COUNTIF(V68:AA68,"X") -> 1 | AS68: =ROUND(COUNTIF(G68:AO68,"x"),0)+ROUND(COUNTIF(AA68:AP68,">0"),0) -> 14 | AT68: 12 | AZ68: =AY68*25000 -> 0 | BA68: =COUNTIFS($G68:$AP68,"x",$G$6:$AP$6,"A")+COUNTIFS($G68:$AP68,"xx",$G$6:$AP$6,"A") -> 0 | BB68: =COUNTIFS($G68:$AP68,"x",$G$6:$AP$6,"B")+COUNTIFS($G68:$AP68,"xx",$G$6:$AP$6,"B") -> 0 | BC68: =COUNTIFS($G68:$AP68,"x",$G$6:$AP$6,"C")+COUNTIFS($G68:$AP68,"xx",$G$6:$AP$6,"C") -> 0 | BD68: =COUNTIFS($G68:$AP68,"x",$G$6:$AP$6,"D")+COUNTIFS($G68:$AP68,"xx",$G$6:$AP$6,"D") -> 0 | BE68: =SUM(BA68:BD68) -> 0 | BF68: =IF(AS68>=13,AS68,0) -> 14
B69: 4 | C69: 151 | G69: x | H69: x | I69: x | J69: 0 | K69: x | L69: x | M69: x | N69: x | O69: x | P69: x | Q69: 0 | R69: x | S69: x | T69: x | U69: x | W69: x | AQ69: =COUNTIF(G69:U69,"X") -> 13 | AR69: =COUNTIF(V69:AA69,"X") -> 1 | AS69: =ROUND(COUNTIF(G69:AO69,"x"),0)+ROUND(COUNTIF(AA69:AP69,">0"),0) -> 14 | AT69: 11 | AZ69: =AY69*25000 -> 0 | BA69: =COUNTIFS($G69:$AP69,"x",$G$6:$AP$6,"A")+COUNTIFS($G69:$AP69,"xx",$G$6:$AP$6,"A") -> 0 | BB69: =COUNTIFS($G69:$AP69,"x",$G$6:$AP$6,"B")+COUNTIFS($G69:$AP69,"xx",$G$6:$AP$6,"B") -> 0 | BC69: =COUNTIFS($G69:$AP69,"x",$G$6:$AP$6,"C")+COUNTIFS($G69:$AP69,"xx",$G$6:$AP$6,"C") -> 0 | BD69: =COUNTIFS($G69:$AP69,"x",$G$6:$AP$6,"D")+COUNTIFS($G69:$AP69,"xx",$G$6:$AP$6,"D") -> 0 | BE69: =SUM(BA69:BD69) -> 0 | BF69: =IF(AS69>=13,AS69,0) -> 14
B70: 4 | C70: 152 | G70: x | H70: x | I70: x | J70: x | K70: x | L70: x | M70: x | N70: x | O70: x | P70: x | Q70: 0 | R70: x | S70: x | T70: x | U70: x | W70: x | AQ70: =COUNTIF(G70:U70,"X") -> 14 | AR70: =COUNTIF(V70:AA70,"X") -> 1 | AS70: =ROUND(COUNTIF(G70:AO70,"x"),0)+ROUND(COUNTIF(AA70:AP70,">0"),0) -> 15 | AT70: 11 | AZ70: =AY70*25000 -> 0 | BA70: =COUNTIFS($G70:$AP70,"x",$G$6:$AP$6,"A")+COUNTIFS($G70:$AP70,"xx",$G$6:$AP$6,"A") -> 0 | BB70: =COUNTIFS($G70:$AP70,"x",$G$6:$AP$6,"B")+COUNTIFS($G70:$AP70,"xx",$G$6:$AP$6,"B") -> 0 | BC70: =COUNTIFS($G70:$AP70,"x",$G$6:$AP$6,"C")+COUNTIFS($G70:$AP70,"xx",$G$6:$AP$6,"C") -> 0 | BD70: =COUNTIFS($G70:$AP70,"x",$G$6:$AP$6,"D")+COUNTIFS($G70:$AP70,"xx",$G$6:$AP$6,"D") -> 0 | BE70: =SUM(BA70:BD70) -> 0 | BF70: =IF(AS70>=13,AS70,0) -> 15
B71: 4 | C71: 153 | G71: x | H71: x | I71: x | J71: 0 | K71: x | L71: x | M71: x | N71: x | O71: x | P71: x | Q71: x | R71: x | S71: x | T71: x | U71: x | W71: x | AQ71: =COUNTIF(G71:U71,"X") -> 14 | AR71: =COUNTIF(V71:AA71,"X") -> 1 | AS71: =ROUND(COUNTIF(G71:AO71,"x"),0)+ROUND(COUNTIF(AA71:AP71,">0"),0) -> 15 | AT71: 12 | AZ71: =AY71*25000 -> 0 | BA71: =COUNTIFS($G71:$AP71,"x",$G$6:$AP$6,"A")+COUNTIFS($G71:$AP71,"xx",$G$6:$AP$6,"A") -> 0 | BB71: =COUNTIFS($G71:$AP71,"x",$G$6:$AP$6,"B")+COUNTIFS($G71:$AP71,"xx",$G$6:$AP$6,"B") -> 0 | BC71: =COUNTIFS($G71:$AP71,"x",$G$6:$AP$6,"C")+COUNTIFS($G71:$AP71,"xx",$G$6:$AP$6,"C") -> 0 | BD71: =COUNTIFS($G71:$AP71,"x",$G$6:$AP$6,"D")+COUNTIFS($G71:$AP71,"xx",$G$6:$AP$6,"D") -> 0 | BE71: =SUM(BA71:BD71) -> 0 | BF71: =IF(AS71>=13,AS71,0) -> 15
B72: 4 | C72: 154 | G72: x | H72: x | I72: x | J72: x | K72: x | L72: x | M72: x | N72: x | O72: x | P72: x | Q72: x | R72: x | S72: x | T72: x | U72: x | W72: x | AQ72: =COUNTIF(G72:U72,"X") -> 15 | AR72: =COUNTIF(V72:AA72,"X") -> 1 | AS72: =ROUND(COUNTIF(G72:AO72,"x"),0)+ROUND(COUNTIF(AA72:AP72,">0"),0) -> 16 | AT72: 8 | AZ72: =AY72*25000 -> 0 | BA72: =COUNTIFS($G72:$AP72,"x",$G$6:$AP$6,"A")+COUNTIFS($G72:$AP72,"xx",$G$6:$AP$6,"A") -> 0 | BB72: =COUNTIFS($G72:$AP72,"x",$G$6:$AP$6,"B")+COUNTIFS($G72:$AP72,"xx",$G$6:$AP$6,"B") -> 0 | BC72: =COUNTIFS($G72:$AP72,"x",$G$6:$AP$6,"C")+COUNTIFS($G72:$AP72,"xx",$G$6:$AP$6,"C") -> 0 | BD72: =COUNTIFS($G72:$AP72,"x",$G$6:$AP$6,"D")+COUNTIFS($G72:$AP72,"xx",$G$6:$AP$6,"D") -> 0 | BE72: =SUM(BA72:BD72) -> 0 | BF72: =IF(AS72>=13,AS72,0) -> 16
B73: 4 | C73: 155 | G73: x | H73: x | I73: x | J73: x | K73: x | L73: 0 | M73: x | N73: x | O73: x | P73: x | Q73: x | R73: x | S73: x | T73: x | U73: x | W73: x | AQ73: =COUNTIF(G73:U73,"X") -> 14 | AR73: =COUNTIF(V73:AA73,"X") -> 1 | AS73: =ROUND(COUNTIF(G73:AO73,"x"),0)+ROUND(COUNTIF(AA73:AP73,">0"),0) -> 15 | AT73: 8 | AZ73: =AY73*25000 -> 0 | BA73: =COUNTIFS($G73:$AP73,"x",$G$6:$AP$6,"A")+COUNTIFS($G73:$AP73,"xx",$G$6:$AP$6,"A") -> 0 | BB73: =COUNTIFS($G73:$AP73,"x",$G$6:$AP$6,"B")+COUNTIFS($G73:$AP73,"xx",$G$6:$AP$6,"B") -> 0 | BC73: =COUNTIFS($G73:$AP73,"x",$G$6:$AP$6,"C")+COUNTIFS($G73:$AP73,"xx",$G$6:$AP$6,"C") -> 0 | BD73: =COUNTIFS($G73:$AP73,"x",$G$6:$AP$6,"D")+COUNTIFS($G73:$AP73,"xx",$G$6:$AP$6,"D") -> 0 | BE73: =SUM(BA73:BD73) -> 0 | BF73: =IF(AS73>=13,AS73,0) -> 15
B74: 4 | C74: 156 | G74: 0 | H74: x | I74: x | J74: x | K74: x | L74: x | M74: 0 | N74: x | O74: x | P74: x | Q74: x | R74: x | S74: x | T74: x | U74: x | W74: x | AQ74: =COUNTIF(G74:U74,"X") -> 13 | AR74: =COUNTIF(V74:AA74,"X") -> 1 | AS74: =ROUND(COUNTIF(G74:AO74,"x"),0)+ROUND(COUNTIF(AA74:AP74,">0"),0) -> 14 | AT74: 11 | AZ74: =AY74*25000 -> 0 | BA74: =COUNTIFS($G74:$AP74,"x",$G$6:$AP$6,"A")+COUNTIFS($G74:$AP74,"xx",$G$6:$AP$6,"A") -> 0 | BB74: =COUNTIFS($G74:$AP74,"x",$G$6:$AP$6,"B")+COUNTIFS($G74:$AP74,"xx",$G$6:$AP$6,"B") -> 0 | BC74: =COUNTIFS($G74:$AP74,"x",$G$6:$AP$6,"C")+COUNTIFS($G74:$AP74,"xx",$G$6:$AP$6,"C") -> 0 | BD74: =COUNTIFS($G74:$AP74,"x",$G$6:$AP$6,"D")+COUNTIFS($G74:$AP74,"xx",$G$6:$AP$6,"D") -> 0 | BE74: =SUM(BA74:BD74) -> 0 | BF74: =IF(AS74>=13,AS74,0) -> 14
B75: 4 | C75: 157 | G75: 0 | H75: x | I75: x | J75: x | K75: x | L75: x | M75: 0 | N75: x | O75: x | P75: x | Q75: x | R75: x | S75: x | T75: x | U75: x | W75: x | AQ75: =COUNTIF(G75:U75,"X") -> 13 | AR75: =COUNTIF(V75:AA75,"X") -> 1 | AS75: =ROUND(COUNTIF(G75:AO75,"x"),0)+ROUND(COUNTIF(AA75:AP75,">0"),0) -> 14 | AT75: 12 | AZ75: =AY75*25000 -> 0 | BA75: =COUNTIFS($G75:$AP75,"x",$G$6:$AP$6,"A")+COUNTIFS($G75:$AP75,"xx",$G$6:$AP$6,"A") -> 0 | BB75: =COUNTIFS($G75:$AP75,"x",$G$6:$AP$6,"B")+COUNTIFS($G75:$AP75,"xx",$G$6:$AP$6,"B") -> 0 | BC75: =COUNTIFS($G75:$AP75,"x",$G$6:$AP$6,"C")+COUNTIFS($G75:$AP75,"xx",$G$6:$AP$6,"C") -> 0 | BD75: =COUNTIFS($G75:$AP75,"x",$G$6:$AP$6,"D")+COUNTIFS($G75:$AP75,"xx",$G$6:$AP$6,"D") -> 0 | BE75: =SUM(BA75:BD75) -> 0 | BF75: =IF(AS75>=13,AS75,0) -> 14
B76: 4 | C76: 158 | G76: x | H76: x | I76: x | J76: 0 | K76: x | L76: x | M76: 0 | N76: x | O76: x | P76: x | Q76: x | R76: x | S76: x | T76: x | U76: x | W76: 0 | AQ76: =COUNTIF(G76:U76,"X") -> 13 | AR76: =COUNTIF(V76:AA76,"X") -> 0 | AS76: =ROUND(COUNTIF(G76:AO76,"x"),0)+ROUND(COUNTIF(AA76:AP76,">0"),0) -> 13 | AT76: 12 | AZ76: =AY76*25000 -> 0 | BA76: =COUNTIFS($G76:$AP76,"x",$G$6:$AP$6,"A")+COUNTIFS($G76:$AP76,"xx",$G$6:$AP$6,"A") -> 0 | BB76: =COUNTIFS($G76:$AP76,"x",$G$6:$AP$6,"B")+COUNTIFS($G76:$AP76,"xx",$G$6:$AP$6,"B") -> 0 | BC76: =COUNTIFS($G76:$AP76,"x",$G$6:$AP$6,"C")+COUNTIFS($G76:$AP76,"xx",$G$6:$AP$6,"C") -> 0 | BD76: =COUNTIFS($G76:$AP76,"x",$G$6:$AP$6,"D")+COUNTIFS($G76:$AP76,"xx",$G$6:$AP$6,"D") -> 0 | BE76: =SUM(BA76:BD76) -> 0 | BF76: =IF(AS76>=13,AS76,0) -> 13
B77: 4 | C77: 159 | G77: x | H77: x | I77: x | J77: x | K77: x | L77: x | M77: x | N77: x | O77: x | P77: x | Q77: x | R77: x | S77: x | T77: x | U77: x | W77: x | AQ77: =COUNTIF(G77:U77,"X") -> 15 | AR77: =COUNTIF(V77:AA77,"X") -> 1 | AS77: =ROUND(COUNTIF(G77:AO77,"x"),0)+ROUND(COUNTIF(AA77:AP77,">0"),0) -> 16 | AT77: 12 | AZ77: =AY77*25000 -> 0 | BA77: =COUNTIFS($G77:$AP77,"x",$G$6:$AP$6,"A")+COUNTIFS($G77:$AP77,"xx",$G$6:$AP$6,"A") -> 0 | BB77: =COUNTIFS($G77:$AP77,"x",$G$6:$AP$6,"B")+COUNTIFS($G77:$AP77,"xx",$G$6:$AP$6,"B") -> 0 | BC77: =COUNTIFS($G77:$AP77,"x",$G$6:$AP$6,"C")+COUNTIFS($G77:$AP77,"xx",$G$6:$AP$6,"C") -> 0 | BD77: =COUNTIFS($G77:$AP77,"x",$G$6:$AP$6,"D")+COUNTIFS($G77:$AP77,"xx",$G$6:$AP$6,"D") -> 0 | BE77: =SUM(BA77:BD77) -> 0 | BF77: =IF(AS77>=13,AS77,0) -> 16
B78: 4 | C78: 160 | G78: x | H78: x | I78: x | J78: x | K78: x | L78: x | M78: x | N78: x | O78: x | P78: x | Q78: x | R78: x | S78: x | T78: x | U78: x | W78: x | AQ78: =COUNTIF(G78:U78,"X") -> 15 | AR78: =COUNTIF(V78:AA78,"X") -> 1 | AS78: =ROUND(COUNTIF(G78:AO78,"x"),0)+ROUND(COUNTIF(AA78:AP78,">0"),0) -> 16 | AT78: 12 | AZ78: =AY78*25000 -> 0 | BA78: =COUNTIFS($G78:$AP78,"x",$G$6:$AP$6,"A")+COUNTIFS($G78:$AP78,"xx",$G$6:$AP$6,"A") -> 0 | BB78: =COUNTIFS($G78:$AP78,"x",$G$6:$AP$6,"B")+COUNTIFS($G78:$AP78,"xx",$G$6:$AP$6,"B") -> 0 | BC78: =COUNTIFS($G78:$AP78,"x",$G$6:$AP$6,"C")+COUNTIFS($G78:$AP78,"xx",$G$6:$AP$6,"C") -> 0 | BD78: =COUNTIFS($G78:$AP78,"x",$G$6:$AP$6,"D")+COUNTIFS($G78:$AP78,"xx",$G$6:$AP$6,"D") -> 0 | BE78: =SUM(BA78:BD78) -> 0 | BF78: =IF(AS78>=13,AS78,0) -> 16
B79: 4 | C79: 161 | G79: x | H79: x | I79: x | J79: 0 | K79: x | L79: x | M79: x | N79: x | O79: x | P79: x | Q79: x | R79: x | S79: x | T79: x | U79: x | W79: x | AQ79: =COUNTIF(G79:U79,"X") -> 14 | AR79: =COUNTIF(V79:AA79,"X") -> 1 | AS79: =ROUND(COUNTIF(G79:AO79,"x"),0)+ROUND(COUNTIF(AA79:AP79,">0"),0) -> 15 | AT79: 12 | AZ79: =AY79*25000 -> 0 | BA79: =COUNTIFS($G79:$AP79,"x",$G$6:$AP$6,"A")+COUNTIFS($G79:$AP79,"xx",$G$6:$AP$6,"A") -> 0 | BB79: =COUNTIFS($G79:$AP79,"x",$G$6:$AP$6,"B")+COUNTIFS($G79:$AP79,"xx",$G$6:$AP$6,"B") -> 0 | BC79: =COUNTIFS($G79:$AP79,"x",$G$6:$AP$6,"C")+COUNTIFS($G79:$AP79,"xx",$G$6:$AP$6,"C") -> 0 | BD79: =COUNTIFS($G79:$AP79,"x",$G$6:$AP$6,"D")+COUNTIFS($G79:$AP79,"xx",$G$6:$AP$6,"D") -> 0 | BE79: =SUM(BA79:BD79) -> 0 | BF79: =IF(AS79>=13,AS79,0) -> 15
B80: 4 | C80: 162 | G80: x | H80: x | I80: x | J80: x | K80: x | L80: x | M80: 0 | N80: x | O80: x | P80: x | Q80: x | R80: x | S80: x | T80: x | U80: x | W80: x | AQ80: =COUNTIF(G80:U80,"X") -> 14 | AR80: =COUNTIF(V80:AA80,"X") -> 1 | AS80: =ROUND(COUNTIF(G80:AO80,"x"),0)+ROUND(COUNTIF(AA80:AP80,">0"),0) -> 15 | AT80: 9 | AZ80: =AY80*25000 -> 0 | BA80: =COUNTIFS($G80:$AP80,"x",$G$6:$AP$6,"A")+COUNTIFS($G80:$AP80,"xx",$G$6:$AP$6,"A") -> 0 | BB80: =COUNTIFS($G80:$AP80,"x",$G$6:$AP$6,"B")+COUNTIFS($G80:$AP80,"xx",$G$6:$AP$6,"B") -> 0 | BC80: =COUNTIFS($G80:$AP80,"x",$G$6:$AP$6,"C")+COUNTIFS($G80:$AP80,"xx",$G$6:$AP$6,"C") -> 0 | BD80: =COUNTIFS($G80:$AP80,"x",$G$6:$AP$6,"D")+COUNTIFS($G80:$AP80,"xx",$G$6:$AP$6,"D") -> 0 | BE80: =SUM(BA80:BD80) -> 0 | BF80: =IF(AS80>=13,AS80,0) -> 15
B81: 4 | C81: 163 | G81: x | H81: x | I81: x | J81: x | K81: x | L81: x | M81: x | N81: x | O81: x | P81: x | Q81: x | R81: x | S81: x | T81: x | U81: x | W81: x | AQ81: =COUNTIF(G81:U81,"X") -> 15 | AR81: =COUNTIF(V81:AA81,"X") -> 1 | AS81: =ROUND(COUNTIF(G81:AO81,"x"),0)+ROUND(COUNTIF(AA81:AP81,">0"),0) -> 16 | AT81: 12 | AZ81: =AY81*25000 -> 0 | BA81: =COUNTIFS($G81:$AP81,"x",$G$6:$AP$6,"A")+COUNTIFS($G81:$AP81,"xx",$G$6:$AP$6,"A") -> 0 | BB81: =COUNTIFS($G81:$AP81,"x",$G$6:$AP$6,"B")+COUNTIFS($G81:$AP81,"xx",$G$6:$AP$6,"B") -> 0 | BC81: =COUNTIFS($G81:$AP81,"x",$G$6:$AP$6,"C")+COUNTIFS($G81:$AP81,"xx",$G$6:$AP$6,"C") -> 0 | BD81: =COUNTIFS($G81:$AP81,"x",$G$6:$AP$6,"D")+COUNTIFS($G81:$AP81,"xx",$G$6:$AP$6,"D") -> 0 | BE81: =SUM(BA81:BD81) -> 0 | BF81: =IF(AS81>=13,AS81,0) -> 16
B82: 4 | C82: 164 | G82: 0 | H82: x | I82: x | J82: 0 | K82: x | L82: x | M82: x | N82: x | O82: x | P82: x | Q82: x | R82: x | S82: x | T82: x | U82: x | W82: x | AQ82: =COUNTIF(G82:U82,"X") -> 13 | AR82: =COUNTIF(V82:AA82,"X") -> 1 | AS82: =ROUND(COUNTIF(G82:AO82,"x"),0)+ROUND(COUNTIF(AA82:AP82,">0"),0) -> 14 | AT82: 12 | AZ82: =AY82*25000 -> 0 | BA82: =COUNTIFS($G82:$AP82,"x",$G$6:$AP$6,"A")+COUNTIFS($G82:$AP82,"xx",$G$6:$AP$6,"A") -> 0 | BB82: =COUNTIFS($G82:$AP82,"x",$G$6:$AP$6,"B")+COUNTIFS($G82:$AP82,"xx",$G$6:$AP$6,"B") -> 0 | BC82: =COUNTIFS($G82:$AP82,"x",$G$6:$AP$6,"C")+COUNTIFS($G82:$AP82,"xx",$G$6:$AP$6,"C") -> 0 | BD82: =COUNTIFS($G82:$AP82,"x",$G$6:$AP$6,"D")+COUNTIFS($G82:$AP82,"xx",$G$6:$AP$6,"D") -> 0 | BE82: =SUM(BA82:BD82) -> 0 | BF82: =IF(AS82>=13,AS82,0) -> 14
B83: 4 | C83: 165 | G83: 0 | H83: x | I83: x | J83: x | K83: x | L83: x | M83: x | N83: x | O83: x | P83: x | Q83: x | R83: x | S83: x | T83: x | U83: x | W83: x | AQ83: =COUNTIF(G83:U83,"X") -> 14 | AR83: =COUNTIF(V83:AA83,"X") -> 1 | AS83: =ROUND(COUNTIF(G83:AO83,"x"),0)+ROUND(COUNTIF(AA83:AP83,">0"),0) -> 15 | AT83: 12 | AZ83: =AY83*25000 -> 0 | BA83: =COUNTIFS($G83:$AP83,"x",$G$6:$AP$6,"A")+COUNTIFS($G83:$AP83,"xx",$G$6:$AP$6,"A") -> 0 | BB83: =COUNTIFS($G83:$AP83,"x",$G$6:$AP$6,"B")+COUNTIFS($G83:$AP83,"xx",$G$6:$AP$6,"B") -> 0 | BC83: =COUNTIFS($G83:$AP83,"x",$G$6:$AP$6,"C")+COUNTIFS($G83:$AP83,"xx",$G$6:$AP$6,"C") -> 0 | BD83: =COUNTIFS($G83:$AP83,"x",$G$6:$AP$6,"D")+COUNTIFS($G83:$AP83,"xx",$G$6:$AP$6,"D") -> 0 | BE83: =SUM(BA83:BD83) -> 0 | BF83: =IF(AS83>=13,AS83,0) -> 15
B84: 4 | C84: 166 | G84: x | H84: x | I84: x | J84: x | K84: x | L84: x | M84: x | N84: x | O84: x | P84: x | Q84: x | R84: x | S84: x | T84: x | U84: x | W84: x | AQ84: =COUNTIF(G84:U84,"X") -> 15 | AR84: =COUNTIF(V84:AA84,"X") -> 1 | AS84: =ROUND(COUNTIF(G84:AO84,"x"),0)+ROUND(COUNTIF(AA84:AP84,">0"),0) -> 16 | AT84: 12 | AZ84: =AY84*25000 -> 0 | BA84: =COUNTIFS($G84:$AP84,"x",$G$6:$AP$6,"A")+COUNTIFS($G84:$AP84,"xx",$G$6:$AP$6,"A") -> 0 | BB84: =COUNTIFS($G84:$AP84,"x",$G$6:$AP$6,"B")+COUNTIFS($G84:$AP84,"xx",$G$6:$AP$6,"B") -> 0 | BC84: =COUNTIFS($G84:$AP84,"x",$G$6:$AP$6,"C")+COUNTIFS($G84:$AP84,"xx",$G$6:$AP$6,"C") -> 0 | BD84: =COUNTIFS($G84:$AP84,"x",$G$6:$AP$6,"D")+COUNTIFS($G84:$AP84,"xx",$G$6:$AP$6,"D") -> 0 | BE84: =SUM(BA84:BD84) -> 0 | BF84: =IF(AS84>=13,AS84,0) -> 16
B85: 4 | C85: 167 | G85: x | H85: x | I85: x | J85: x | K85: x | L85: x | M85: x | N85: x | O85: x | P85: x | Q85: x | R85: x | S85: x | T85: x | U85: x | W85: x | AQ85: =COUNTIF(G85:U85,"X") -> 15 | AR85: =COUNTIF(V85:AA85,"X") -> 1 | AS85: =ROUND(COUNTIF(G85:AO85,"x"),0)+ROUND(COUNTIF(AA85:AP85,">0"),0) -> 16 | AT85: 12 | AZ85: =AY85*25000 -> 0 | BA85: =COUNTIFS($G85:$AP85,"x",$G$6:$AP$6,"A")+COUNTIFS($G85:$AP85,"xx",$G$6:$AP$6,"A") -> 0 | BB85: =COUNTIFS($G85:$AP85,"x",$G$6:$AP$6,"B")+COUNTIFS($G85:$AP85,"xx",$G$6:$AP$6,"B") -> 0 | BC85: =COUNTIFS($G85:$AP85,"x",$G$6:$AP$6,"C")+COUNTIFS($G85:$AP85,"xx",$G$6:$AP$6,"C") -> 0 | BD85: =COUNTIFS($G85:$AP85,"x",$G$6:$AP$6,"D")+COUNTIFS($G85:$AP85,"xx",$G$6:$AP$6,"D") -> 0 | BE85: =SUM(BA85:BD85) -> 0 | BF85: =IF(AS85>=13,AS85,0) -> 16
B86: 4 | C86: 168 | G86: x | H86: x | I86: x | J86: x | K86: x | L86: x | M86: x | N86: x | O86: x | P86: x | Q86: x | R86: x | S86: x | T86: x | U86: x | W86: x | AQ86: =COUNTIF(G86:U86,"X") -> 15 | AR86: =COUNTIF(V86:AA86,"X") -> 1 | AS86: =ROUND(COUNTIF(G86:AO86,"x"),0)+ROUND(COUNTIF(AA86:AP86,">0"),0) -> 16 | AT86: 12 | AZ86: =AY86*25000 -> 0 | BA86: =COUNTIFS($G86:$AP86,"x",$G$6:$AP$6,"A")+COUNTIFS($G86:$AP86,"xx",$G$6:$AP$6,"A") -> 0 | BB86: =COUNTIFS($G86:$AP86,"x",$G$6:$AP$6,"B")+COUNTIFS($G86:$AP86,"xx",$G$6:$AP$6,"B") -> 0 | BC86: =COUNTIFS($G86:$AP86,"x",$G$6:$AP$6,"C")+COUNTIFS($G86:$AP86,"xx",$G$6:$AP$6,"C") -> 0 | BD86: =COUNTIFS($G86:$AP86,"x",$G$6:$AP$6,"D")+COUNTIFS($G86:$AP86,"xx",$G$6:$AP$6,"D") -> 0 | BE86: =SUM(BA86:BD86) -> 0 | BF86: =IF(AS86>=13,AS86,0) -> 16
B87: 4 | C87: 169 | G87: x | H87: x | I87: x | J87: x | K87: x | L87: x | M87: x | N87: x | O87: x | P87: x | Q87: x | R87: x | S87: x | T87: x | U87: x | W87: x | AQ87: =COUNTIF(G87:U87,"X") -> 15 | AR87: =COUNTIF(V87:AA87,"X") -> 1 | AS87: =ROUND(COUNTIF(G87:AO87,"x"),0)+ROUND(COUNTIF(AA87:AP87,">0"),0) -> 16 | AT87: 12 | AZ87: =AY87*25000 -> 0 | BA87: =COUNTIFS($G87:$AP87,"x",$G$6:$AP$6,"A")+COUNTIFS($G87:$AP87,"xx",$G$6:$AP$6,"A") -> 0 | BB87: =COUNTIFS($G87:$AP87,"x",$G$6:$AP$6,"B")+COUNTIFS($G87:$AP87,"xx",$G$6:$AP$6,"B") -> 0 | BC87: =COUNTIFS($G87:$AP87,"x",$G$6:$AP$6,"C")+COUNTIFS($G87:$AP87,"xx",$G$6:$AP$6,"C") -> 0 | BD87: =COUNTIFS($G87:$AP87,"x",$G$6:$AP$6,"D")+COUNTIFS($G87:$AP87,"xx",$G$6:$AP$6,"D") -> 0 | BE87: =SUM(BA87:BD87) -> 0 | BF87: =IF(AS87>=13,AS87,0) -> 16
B88: 4 | C88: 170 | G88: x | H88: x | I88: x | J88: x | K88: x | L88: x | M88: x | N88: x | O88: x | P88: x | Q88: x | R88: x | S88: x | T88: x | U88: x | W88: x | AQ88: =COUNTIF(G88:U88,"X") -> 15 | AR88: =COUNTIF(V88:AA88,"X") -> 1 | AS88: =ROUND(COUNTIF(G88:AO88,"x"),0)+ROUND(COUNTIF(AA88:AP88,">0"),0) -> 16 | AT88: 12 | AZ88: =AY88*25000 -> 0 | BA88: =COUNTIFS($G88:$AP88,"x",$G$6:$AP$6,"A")+COUNTIFS($G88:$AP88,"xx",$G$6:$AP$6,"A") -> 0 | BB88: =COUNTIFS($G88:$AP88,"x",$G$6:$AP$6,"B")+COUNTIFS($G88:$AP88,"xx",$G$6:$AP$6,"B") -> 0 | BC88: =COUNTIFS($G88:$AP88,"x",$G$6:$AP$6,"C")+COUNTIFS($G88:$AP88,"xx",$G$6:$AP$6,"C") -> 0 | BD88: =COUNTIFS($G88:$AP88,"x",$G$6:$AP$6,"D")+COUNTIFS($G88:$AP88,"xx",$G$6:$AP$6,"D") -> 0 | BE88: =SUM(BA88:BD88) -> 0 | BF88: =IF(AS88>=13,AS88,0) -> 16
B89: 4 | C89: 171 | G89: x | H89: x | I89: x | J89: x | K89: x | L89: x | M89: x | N89: x | O89: x | P89: x | Q89: x | R89: x | S89: x | T89: x | U89: x | W89: x | AQ89: =COUNTIF(G89:U89,"X") -> 15 | AR89: =COUNTIF(V89:AA89,"X") -> 1 | AS89: =ROUND(COUNTIF(G89:AO89,"x"),0)+ROUND(COUNTIF(AA89:AP89,">0"),0) -> 16 | AT89: 12 | AZ89: =AY89*25000 -> 0 | BA89: =COUNTIFS($G89:$AP89,"x",$G$6:$AP$6,"A")+COUNTIFS($G89:$AP89,"xx",$G$6:$AP$6,"A") -> 0 | BB89: =COUNTIFS($G89:$AP89,"x",$G$6:$AP$6,"B")+COUNTIFS($G89:$AP89,"xx",$G$6:$AP$6,"B") -> 0 | BC89: =COUNTIFS($G89:$AP89,"x",$G$6:$AP$6,"C")+COUNTIFS($G89:$AP89,"xx",$G$6:$AP$6,"C") -> 0 | BD89: =COUNTIFS($G89:$AP89,"x",$G$6:$AP$6,"D")+COUNTIFS($G89:$AP89,"xx",$G$6:$AP$6,"D") -> 0 | BE89: =SUM(BA89:BD89) -> 0 | BF89: =IF(AS89>=13,AS89,0) -> 16
B90: 4 | C90: 172 | G90: x | H90: x | I90: x | J90: 0 | K90: x | L90: x | M90: x | N90: x | O90: x | P90: x | Q90: x | R90: x | S90: x | T90: x | U90: x | W90: x | AQ90: =COUNTIF(G90:U90,"X") -> 14 | AR90: =COUNTIF(V90:AA90,"X") -> 1 | AS90: =ROUND(COUNTIF(G90:AO90,"x"),0)+ROUND(COUNTIF(AA90:AP90,">0"),0) -> 15 | AT90: 12 | AZ90: =AY90*25000 -> 0 | BA90: =COUNTIFS($G90:$AP90,"x",$G$6:$AP$6,"A")+COUNTIFS($G90:$AP90,"xx",$G$6:$AP$6,"A") -> 0 | BB90: =COUNTIFS($G90:$AP90,"x",$G$6:$AP$6,"B")+COUNTIFS($G90:$AP90,"xx",$G$6:$AP$6,"B") -> 0 | BC90: =COUNTIFS($G90:$AP90,"x",$G$6:$AP$6,"C")+COUNTIFS($G90:$AP90,"xx",$G$6:$AP$6,"C") -> 0 | BD90: =COUNTIFS($G90:$AP90,"x",$G$6:$AP$6,"D")+COUNTIFS($G90:$AP90,"xx",$G$6:$AP$6,"D") -> 0 | BE90: =SUM(BA90:BD90) -> 0 | BF90: =IF(AS90>=13,AS90,0) -> 15
B91: 4 | C91: 173 | G91: 0 | H91: x | I91: x | J91: 0 | K91: x | L91: x | M91: x | N91: x | O91: x | P91: x | Q91: x | R91: x | S91: x | T91: x | U91: x | W91: x | AQ91: =COUNTIF(G91:U91,"X") -> 13 | AR91: =COUNTIF(V91:AA91,"X") -> 1 | AS91: =ROUND(COUNTIF(G91:AO91,"x"),0)+ROUND(COUNTIF(AA91:AP91,">0"),0) -> 14 | AT91: 12 | AZ91: =AY91*25000 -> 0 | BA91: =COUNTIFS($G91:$AP91,"x",$G$6:$AP$6,"A")+COUNTIFS($G91:$AP91,"xx",$G$6:$AP$6,"A") -> 0 | BB91: =COUNTIFS($G91:$AP91,"x",$G$6:$AP$6,"B")+COUNTIFS($G91:$AP91,"xx",$G$6:$AP$6,"B") -> 0 | BC91: =COUNTIFS($G91:$AP91,"x",$G$6:$AP$6,"C")+COUNTIFS($G91:$AP91,"xx",$G$6:$AP$6,"C") -> 0 | BD91: =COUNTIFS($G91:$AP91,"x",$G$6:$AP$6,"D")+COUNTIFS($G91:$AP91,"xx",$G$6:$AP$6,"D") -> 0 | BE91: =SUM(BA91:BD91) -> 0 | BF91: =IF(AS91>=13,AS91,0) -> 14
B92: 4 | C92: 174 | G92: 0 | H92: x | I92: x | J92: 0 | K92: x | L92: x | M92: x | N92: x | O92: x | P92: 0 | Q92: x | R92: x | S92: x | T92: x | U92: x | W92: x | AQ92: =COUNTIF(G92:U92,"X") -> 12 | AR92: =COUNTIF(V92:AA92,"X") -> 1 | AS92: =ROUND(COUNTIF(G92:AO92,"x"),0)+ROUND(COUNTIF(AA92:AP92,">0"),0) -> 13 | AT92: 12 | AZ92: =AY92*25000 -> 0 | BA92: =COUNTIFS($G92:$AP92,"x",$G$6:$AP$6,"A")+COUNTIFS($G92:$AP92,"xx",$G$6:$AP$6,"A") -> 0 | BB92: =COUNTIFS($G92:$AP92,"x",$G$6:$AP$6,"B")+COUNTIFS($G92:$AP92,"xx",$G$6:$AP$6,"B") -> 0 | BC92: =COUNTIFS($G92:$AP92,"x",$G$6:$AP$6,"C")+COUNTIFS($G92:$AP92,"xx",$G$6:$AP$6,"C") -> 0 | BD92: =COUNTIFS($G92:$AP92,"x",$G$6:$AP$6,"D")+COUNTIFS($G92:$AP92,"xx",$G$6:$AP$6,"D") -> 0 | BE92: =SUM(BA92:BD92) -> 0 | BF92: =IF(AS92>=13,AS92,0) -> 13
B93: 4 | C93: 175 | G93: 0 | H93: x | I93: x | J93: 0 | K93: x | L93: x | M93: x | N93: x | O93: x | P93: x | Q93: x | R93: x | S93: x | T93: x | U93: x | W93: x | AQ93: =COUNTIF(G93:U93,"X") -> 13 | AR93: =COUNTIF(V93:AA93,"X") -> 1 | AS93: =ROUND(COUNTIF(G93:AO93,"x"),0)+ROUND(COUNTIF(AA93:AP93,">0"),0) -> 14 | AT93: 12 | AZ93: =AY93*25000 -> 0 | BA93: =COUNTIFS($G93:$AP93,"x",$G$6:$AP$6,"A")+COUNTIFS($G93:$AP93,"xx",$G$6:$AP$6,"A") -> 0 | BB93: =COUNTIFS($G93:$AP93,"x",$G$6:$AP$6,"B")+COUNTIFS($G93:$AP93,"xx",$G$6:$AP$6,"B") -> 0 | BC93: =COUNTIFS($G93:$AP93,"x",$G$6:$AP$6,"C")+COUNTIFS($G93:$AP93,"xx",$G$6:$AP$6,"C") -> 0 | BD93: =COUNTIFS($G93:$AP93,"x",$G$6:$AP$6,"D")+COUNTIFS($G93:$AP93,"xx",$G$6:$AP$6,"D") -> 0 | BE93: =SUM(BA93:BD93) -> 0 | BF93: =IF(AS93>=13,AS93,0) -> 14
B94: 5 | C94: 176 | G94: x | H94: x | I94: x | J94: x | K94: x | L94: x | M94: x | N94: x | O94: x | P94: x | Q94: x | R94: x | S94: x | T94: x | U94: x | W94: x | AQ94: =COUNTIF(G94:U94,"X") -> 15 | AR94: =COUNTIF(V94:AA94,"X") -> 1 | AS94: =ROUND(COUNTIF(G94:AO94,"x"),0)+ROUND(COUNTIF(AA94:AP94,">0"),0) -> 16 | AT94: 11 | AZ94: =AY94*25000 -> 0 | BA94: =COUNTIFS($G94:$AP94,"x",$G$6:$AP$6,"A")+COUNTIFS($G94:$AP94,"xx",$G$6:$AP$6,"A") -> 0 | BB94: =COUNTIFS($G94:$AP94,"x",$G$6:$AP$6,"B")+COUNTIFS($G94:$AP94,"xx",$G$6:$AP$6,"B") -> 0 | BC94: =COUNTIFS($G94:$AP94,"x",$G$6:$AP$6,"C")+COUNTIFS($G94:$AP94,"xx",$G$6:$AP$6,"C") -> 0 | BD94: =COUNTIFS($G94:$AP94,"x",$G$6:$AP$6,"D")+COUNTIFS($G94:$AP94,"xx",$G$6:$AP$6,"D") -> 0 | BE94: =SUM(BA94:BD94) -> 0 | BF94: =IF(AS94>=13,AS94,0) -> 16
B95: 5 | C95: 177 | G95: x | H95: x | I95: x | J95: x | K95: x | L95: x | M95: x | N95: x | O95: x | P95: x | Q95: x | R95: x | S95: x | T95: x | U95: x | W95: x | AQ95: =COUNTIF(G95:U95,"X") -> 15 | AR95: =COUNTIF(V95:AA95,"X") -> 1 | AS95: =ROUND(COUNTIF(G95:AO95,"x"),0)+ROUND(COUNTIF(AA95:AP95,">0"),0) -> 16 | AT95: 11 | AZ95: =AY95*25000 -> 0 | BA95: =COUNTIFS($G95:$AP95,"x",$G$6:$AP$6,"A")+COUNTIFS($G95:$AP95,"xx",$G$6:$AP$6,"A") -> 0 | BB95: =COUNTIFS($G95:$AP95,"x",$G$6:$AP$6,"B")+COUNTIFS($G95:$AP95,"xx",$G$6:$AP$6,"B") -> 0 | BC95: =COUNTIFS($G95:$AP95,"x",$G$6:$AP$6,"C")+COUNTIFS($G95:$AP95,"xx",$G$6:$AP$6,"C") -> 0 | BD95: =COUNTIFS($G95:$AP95,"x",$G$6:$AP$6,"D")+COUNTIFS($G95:$AP95,"xx",$G$6:$AP$6,"D") -> 0 | BE95: =SUM(BA95:BD95) -> 0 | BF95: =IF(AS95>=13,AS95,0) -> 16
B96: 5 | C96: 178 | G96: x | H96: x | I96: x | J96: x | K96: x | L96: x | M96: x | N96: x | O96: x | P96: x | Q96: x | R96: x | S96: x | T96: x | U96: x | W96: x | AQ96: =COUNTIF(G96:U96,"X") -> 15 | AR96: =COUNTIF(V96:AA96,"X") -> 1 | AS96: =ROUND(COUNTIF(G96:AO96,"x"),0)+ROUND(COUNTIF(AA96:AP96,">0"),0) -> 16 | AT96: 12 | AZ96: =AY96*25000 -> 0 | BA96: =COUNTIFS($G96:$AP96,"x",$G$6:$AP$6,"A")+COUNTIFS($G96:$AP96,"xx",$G$6:$AP$6,"A") -> 0 | BB96: =COUNTIFS($G96:$AP96,"x",$G$6:$AP$6,"B")+COUNTIFS($G96:$AP96,"xx",$G$6:$AP$6,"B") -> 0 | BC96: =COUNTIFS($G96:$AP96,"x",$G$6:$AP$6,"C")+COUNTIFS($G96:$AP96,"xx",$G$6:$AP$6,"C") -> 0 | BD96: =COUNTIFS($G96:$AP96,"x",$G$6:$AP$6,"D")+COUNTIFS($G96:$AP96,"xx",$G$6:$AP$6,"D") -> 0 | BE96: =SUM(BA96:BD96) -> 0 | BF96: =IF(AS96>=13,AS96,0) -> 16
B97: 5 | C97: 179 | G97: 0 | H97: x | I97: x | J97: x | K97: x | L97: x | M97: x | N97: 0 | O97: x | P97: x | Q97: x | R97: x | S97: x | T97: x | U97: x | W97: x | AQ97: =COUNTIF(G97:U97,"X") -> 13 | AR97: =COUNTIF(V97:AA97,"X") -> 1 | AS97: =ROUND(COUNTIF(G97:AO97,"x"),0)+ROUND(COUNTIF(AA97:AP97,">0"),0) -> 14 | AT97: 12 | AZ97: =AY97*25000 -> 0 | BA97: =COUNTIFS($G97:$AP97,"x",$G$6:$AP$6,"A")+COUNTIFS($G97:$AP97,"xx",$G$6:$AP$6,"A") -> 0 | BB97: =COUNTIFS($G97:$AP97,"x",$G$6:$AP$6,"B")+COUNTIFS($G97:$AP97,"xx",$G$6:$AP$6,"B") -> 0 | BC97: =COUNTIFS($G97:$AP97,"x",$G$6:$AP$6,"C")+COUNTIFS($G97:$AP97,"xx",$G$6:$AP$6,"C") -> 0 | BD97: =COUNTIFS($G97:$AP97,"x",$G$6:$AP$6,"D")+COUNTIFS($G97:$AP97,"xx",$G$6:$AP$6,"D") -> 0 | BE97: =SUM(BA97:BD97) -> 0 | BF97: =IF(AS97>=13,AS97,0) -> 14
B98: 5 | C98: 180 | G98: x | H98: x | I98: x | J98: x | K98: x | L98: x | M98: x | N98: x | O98: x | P98: x | Q98: x | R98: x | S98: x | T98: x | U98: x | W98: x | AQ98: =COUNTIF(G98:U98,"X") -> 15 | AR98: =COUNTIF(V98:AA98,"X") -> 1 | AS98: =ROUND(COUNTIF(G98:AO98,"x"),0)+ROUND(COUNTIF(AA98:AP98,">0"),0) -> 16 | AT98: 12 | AZ98: =AY98*25000 -> 0 | BA98: =COUNTIFS($G98:$AP98,"x",$G$6:$AP$6,"A")+COUNTIFS($G98:$AP98,"xx",$G$6:$AP$6,"A") -> 0 | BB98: =COUNTIFS($G98:$AP98,"x",$G$6:$AP$6,"B")+COUNTIFS($G98:$AP98,"xx",$G$6:$AP$6,"B") -> 0 | BC98: =COUNTIFS($G98:$AP98,"x",$G$6:$AP$6,"C")+COUNTIFS($G98:$AP98,"xx",$G$6:$AP$6,"C") -> 0 | BD98: =COUNTIFS($G98:$AP98,"x",$G$6:$AP$6,"D")+COUNTIFS($G98:$AP98,"xx",$G$6:$AP$6,"D") -> 0 | BE98: =SUM(BA98:BD98) -> 0 | BF98: =IF(AS98>=13,AS98,0) -> 16
B99: 5 | C99: 181 | G99: x | H99: x | I99: x | J99: x | K99: x | L99: x | M99: x | N99: x | O99: x | P99: x | Q99: x | R99: x | S99: x | T99: x | U99: x | W99: x | AQ99: =COUNTIF(G99:U99,"X") -> 15 | AR99: =COUNTIF(V99:AA99,"X") -> 1 | AS99: =ROUND(COUNTIF(G99:AO99,"x"),0)+ROUND(COUNTIF(AA99:AP99,">0"),0) -> 16 | AT99: 12 | AZ99: =AY99*25000 -> 0 | BA99: =COUNTIFS($G99:$AP99,"x",$G$6:$AP$6,"A")+COUNTIFS($G99:$AP99,"xx",$G$6:$AP$6,"A") -> 0 | BB99: =COUNTIFS($G99:$AP99,"x",$G$6:$AP$6,"B")+COUNTIFS($G99:$AP99,"xx",$G$6:$AP$6,"B") -> 0 | BC99: =COUNTIFS($G99:$AP99,"x",$G$6:$AP$6,"C")+COUNTIFS($G99:$AP99,"xx",$G$6:$AP$6,"C") -> 0 | BD99: =COUNTIFS($G99:$AP99,"x",$G$6:$AP$6,"D")+COUNTIFS($G99:$AP99,"xx",$G$6:$AP$6,"D") -> 0 | BE99: =SUM(BA99:BD99) -> 0 | BF99: =IF(AS99>=13,AS99,0) -> 16
B100: 5 | C100: 182 | G100: x | H100: x | I100: x | J100: x | K100: x | L100: x | M100: x | N100: x | O100: x | P100: x | Q100: x | R100: x | S100: x | T100: x | U100: x | W100: x | AQ100: =COUNTIF(G100:U100,"X") -> 15 | AR100: =COUNTIF(V100:AA100,"X") -> 1 | AS100: =ROUND(COUNTIF(G100:AO100,"x"),0)+ROUND(COUNTIF(AA100:AP100,">0"),0) -> 16 | AT100: 12 | AZ100: =AY100*25000 -> 0 | BA100: =COUNTIFS($G100:$AP100,"x",$G$6:$AP$6,"A")+COUNTIFS($G100:$AP100,"xx",$G$6:$AP$6,"A") -> 0 | BB100: =COUNTIFS($G100:$AP100,"x",$G$6:$AP$6,"B")+COUNTIFS($G100:$AP100,"xx",$G$6:$AP$6,"B") -> 0 | BC100: =COUNTIFS($G100:$AP100,"x",$G$6:$AP$6,"C")+COUNTIFS($G100:$AP100,"xx",$G$6:$AP$6,"C") -> 0 | BD100: =COUNTIFS($G100:$AP100,"x",$G$6:$AP$6,"D")+COUNTIFS($G100:$AP100,"xx",$G$6:$AP$6,"D") -> 0 | BE100: =SUM(BA100:BD100) -> 0 | BF100: =IF(AS100>=13,AS100,0) -> 16
...

Sheet SAN LUONG
AE1: CẠO ÚP | AF1: 555 | AI1: 2011 | AJ1: =SUM(AQ2:AQ4) -> 0 | AM1: A | AN1: B | AO1: C | AP1: D | AQ1: TỔNG CỘNG
G2: A | H2: B | I2: C | M2: A | N2: B | O2: C | AE2: CẠO NGỮA | AF2: 455 | AI2: 2012 | AJ2: =SUM(AQ5:AQ6)+AQ9 -> 0 | AL2: Tổ 1 | AQ2: =SUM(AM2:AP2) -> 0
G3: TỔ 1 | P3: TỔ 1 | AE3: CẠO THẤP | AF3: 505 | AI3: 2013 | AJ3: =SUM(AQ7:AQ8) -> 455 | AL3: Tổ 2 | AQ3: =SUM(AM3:AP3) -> 0
AJ4: =SUM(AJ1:AJ3) -> 455 | AL4: Tổ 3 | AQ4: =SUM(AM4:AP4) -> 0
A5: SẢN LƯỢNG THÁNG 01/2026 đợt 1 | AL5: Tổ 4 | AQ5: =SUM(AM5:AP5) -> 0
C6: 1 | D6: 2 | E6: 3 | F6: 4 | G6: 5 | H6: 6 | I6: 7 | J6: 8 | K6: 9 | L6: 10 | M6: 11 | N6: 12 | O6: 13 | P6: 14 | Q6: 15 | R6: 30 | S6: 17 | T6: 18 | U6: 19 | V6: 20 | W6: =W499/2 -> 288490.5 | X6: 100 | Y6: 480 | AA6: Công đợt I | AE6: quy khô | AF6: Sản lượng đợt I | AJ6: =AJ8+AJ177+#REF!+#REF!+#REF!+#REF!+#REF!+#REF! -> #REF! | AL6: Tổ 5 | AQ6: =SUM(AM6:AP6) -> 0
A7: STT | H7: B-D | I7: C-A | J7: D-B | K7: A-C | P7: B-D | Q7: C-A | W7: TỔNG CỘNG | AA7: A | AB7: B | AC7: C | AD7: D | AF7: A | AG7: B | AH7: C | AI7: D | AL7: Tổ 6 | AQ7: =SUM(AM7:AP7) -> 0
B8: GA 1 | C8: =SUM(C9:C175) -> 0 | D8: =SUM(D9:D175) -> 0 | E8: =SUM(E9:E175) -> 0 | F8: =SUM(F9:F175) -> 0 | G8: =SUM(G9:G175) -> 6771 | H8: =SUM(H9:H175) -> 29941 | I8: =SUM(I9:I175) -> 21584 | J8: =SUM(J9:J175) -> 23636 | ... AJ8: =SUM(AJ9:AJ175) -> 182708 | AK8: TỔ 1 | AL8: Tổ 7 | AQ8: 455 | AU8: =SUM(AU9:AU175) -> 0
A9: 1 | B9: 1 | G9: 0 | H9: 171 | I9: 98 | M9: 67 | N9: 204 | O9: 177 | W9: =SUM(C9:V9) -> 717 | Y9: =W9-X9 -> 717 | AA9: =K9 -> 0 | AB9: =L9 -> 0 | AC9: ='CHAM CONG'!BC8 -> 0 | AD9: ='CHAM CONG'!BD8 -> 0 | AE9: =ROUND(W9*0.44,2) -> 315.48 | AF9: =G9+M9 -> 67 | AG9: =H9+N9 -> 375 | AH9: =I9+O9 -> 275 | AJ9: =SUM(AF9:AI9) -> 717 | AK9: =SUM(AJ9:AJ55) -> 48462 | AL9: Tổ 8 | AQ9: =SUM(AM9:AP9) -> 0 | AU9: =SUM(AS9:AT9)/10 -> 0
A10: 2 | B10: 1 | G10: 64 | H10: 206 | I10: 161 | M10: 172 | N10: 229 | O10: 203 | W10: =SUM(C10:V10) -> 1035 | Y10: =W10-X10 -> 1035 | AA10: ='CHAM CONG'!BA9 -> 0 | AB10: ='CHAM CONG'!BB9 -> 0 | AC10: ='CHAM CONG'!BC9 -> 0 | AD10: ='CHAM CONG'!BD9 -> 0 | AE10: =ROUND(W10*0.44,2) -> 455.4 | AF10: =G10+M10 -> 236 | AG10: =H10+N10 -> 435 | AH10: =I10+O10 -> 364 | AJ10: =SUM(AF10:AI10) -> 1035 | AL10: Tổ 9 | AQ10: =SUM(AM10:AP10) -> 0 | AU10: =SUM(AS10:AT10)/10 -> 0
A11: 3 | B11: 1 | G11: 170 | H11: 211 | I11: 258 | M11: 171 | N11: 252 | O11: 211 | W11: =SUM(C11:V11) -> 1273 | Y11: =W11-X11 -> 1273 | AA11: ='CHAM CONG'!BA10 -> 0 | AB11: ='CHAM CONG'!BB10 -> 0 | AC11: ='CHAM CONG'!BC10 -> 0 | AD11: ='CHAM CONG'!BD10 -> 0 | AE11: =ROUND(W11*0.44,2) -> 560.12 | AF11: =G11+M11 -> 341 | AG11: =H11+N11 -> 463 | AH11: =I11+O11 -> 469 | AJ11: =SUM(AF11:AI11) -> 1273 | AL11: Tổ 10 | AQ11: =SUM(AM11:AP11) -> 0 | AU11: =SUM(AS11:AT11)/10 -> 0
A12: 4 | B12: 1 | G12: 72 | H12: 168 | I12: 182 | M12: 167 | N12: 209 | O12: 172 | W12: =SUM(C12:V12) -> 970 | Y12: =W12-X12 -> 970 | AA12: ='CHAM CONG'!BA11 -> 0 | AB12: ='CHAM CONG'!BB11 -> 0 | AC12: ='CHAM CONG'!BC11 -> 0 | AD12: ='CHAM CONG'!BD11 -> 0 | AE12: =ROUND(W12*0.44,2) -> 426.8 | AF12: =G12+M12 -> 239 | AG12: =H12+N12 -> 377 | AH12: =I12+O12 -> 354 | AJ12: =SUM(AF12:AI12) -> 970 | AL12: Tổ 11 | AQ12: =SUM(AM12:AP12) -> 0 | AU12: =SUM(AS12:AT12)/10 -> 0
A13: 5 | B13: 1 | G13: 177 | H13: 203 | I13: 206 | M13: 176 | N13: 196 | O13: 227 | W13: =SUM(C13:V13) -> 1185 | Y13: =W13-X13 -> 1185 | AA13: ='CHAM CONG'!BA12 -> 0 | AB13: ='CHAM CONG'!BB12 -> 0 | AC13: ='CHAM CONG'!BC12 -> 0 | AD13: ='CHAM CONG'!BD12 -> 0 | AE13: =ROUND(W13*0.44,2) -> 521.4 | AF13: =G13+M13 -> 353 | AG13: =H13+N13 -> 399 | AH13: =I13+O13 -> 433 | AJ13: =SUM(AF13:AI13) -> 1185 | AQ13: =SUM(AQ2:AQ12) -> 455 | AU13: =SUM(AS13:AT13)/10 -> 0
A14: 6 | B14: 1 | G14: 173 | H14: 223 | I14: 95 | M14: 171 | N14: 251 | O14: 223 | W14: =SUM(C14:V14) -> 1136 | Y14: =W14-X14 -> 1136 | AA14: ='CHAM CONG'!BA13 -> 0 | AB14: ='CHAM CONG'!BB13 -> 0 | AC14: ='CHAM CONG'!BC13 -> 0 | AD14: ='CHAM CONG'!BD13 -> 0 | AE14: =ROUND(W14*0.44,2) -> 499.84 | AF14: =G14+M14 -> 344 | AG14: =H14+N14 -> 474 | AH14: =I14+O14 -> 318 | AJ14: =SUM(AF14:AI14) -> 1136 | AU14: =SUM(AS14:AT14)/10 -> 0
A15: 7 | B15: 1 | G15: 81 | H15: 174 | I15: 191 | M15: 82 | N15: 214 | O15: 143 | W15: =SUM(C15:V15) -> 885 | Y15: =W15-X15 -> 885 | AA15: ='CHAM CONG'!BA14 -> 0 | AB15: ='CHAM CONG'!BB14 -> 0 | AC15: ='CHAM CONG'!BC14 -> 0 | AD15: ='CHAM CONG'!BD14 -> 0 | AE15: =ROUND(W15*0.44,2) -> 389.4 | AF15: =G15+M15 -> 163 | AG15: =H15+N15 -> 388 | AH15: =I15+O15 -> 334 | AJ15: =SUM(AF15:AI15) -> 885 | AU15: =SUM(AS15:AT15)/10 -> 0
A16: 8 | B16: 1 | G16: 150 | H16: 177 | I16: 165 | M16: 154 | N16: 224 | O16: 204 | W16: =SUM(C16:V16) -> 1074 | Y16: =W16-X16 -> 1074 | AA16: ='CHAM CONG'!BA15 -> 0 | AB16: ='CHAM CONG'!BB15 -> 0 | AC16: ='CHAM CONG'!BC15 -> 0 | AD16: ='CHAM CONG'!BD15 -> 0 | AE16: =ROUND(W16*0.44,2) -> 472.56 | AF16: =G16+M16 -> 304 | AG16: =H16+N16 -> 401 | AH16: =I16+O16 -> 369 | AJ16: =SUM(AF16:AI16) -> 1074 | AU16: =SUM(AS16:AT16)/10 -> 0
A17: 9 | B17: 1 | G17: 120 | H17: 82 | I17: 78 | M17: 0 | N17: 282 | O17: 0 | W17: =SUM(C17:V17) -> 562 | Y17: =W17-X17 -> 562 | AA17: ='CHAM CONG'!BA16 -> 0 | AB17: ='CHAM CONG'!BB16 -> 0 | AC17: ='CHAM CONG'!BC16 -> 0 | AD17: ='CHAM CONG'!BD16 -> 0 | AE17: =ROUND(W17*0.44,2) -> 247.28 | AF17: =G17+M17 -> 120 | AG17: =H17+N17 -> 364 | AH17: =I17+O17 -> 78 | AJ17: =SUM(AF17:AI17) -> 562 | AU17: =SUM(AS17:AT17)/10 -> 0
A18: 10 | B18: 1 | G18: 0 | H18: 361 | I18: 90 | M18: 205 | N18: 242 | O18: 278 | W18: =SUM(C18:V18) -> 1176 | Y18: =W18-X18 -> 1176 | AA18: ='CHAM CONG'!BA17 -> 0 | AB18: ='CHAM CONG'!BB17 -> 0 | AC18: ='CHAM CONG'!BC17 -> 0 | AD18: ='CHAM CONG'!BD17 -> 0 | AE18: =ROUND(W18*0.44,2) -> 517.44 | AF18: =G18+M18 -> 205 | AG18: =H18+N18 -> 603 | AH18: =I18+O18 -> 368 | AJ18: =SUM(AF18:AI18) -> 1176 | AU18: =SUM(AS18:AT18)/10 -> 0
A19: 11 | B19: 1 | G19: 0 | H19: 227 | I19: 80 | M19: 124 | N19: 191 | O19: 108 | W19: =SUM(C19:V19) -> 730 | Y19: =W19-X19 -> 730 | AA19: ='CHAM CONG'!BA18 -> 0 | AB19: ='CHAM CONG'!BB18 -> 0 | AC19: ='CHAM CONG'!BC18 -> 0 | AD19: ='CHAM CONG'!BD18 -> 0 | AE19: =ROUND(W19*0.44,2) -> 321.2 | AF19: =G19+M19 -> 124 | AG19: =H19+N19 -> 418 | AH19: =I19+O19 -> 188 | AJ19: =SUM(AF19:AI19) -> 730 | AU19: =SUM(AS19:AT19)/10 -> 0
A20: 12 | B20: 1 | G20: 100 | H20: 118 | I20: 96 | M20: 50 | N20: 64 | O20: 115 | W20: =SUM(C20:V20) -> 543 | Y20: =W20-X20 -> 543 | AA20: ='CHAM CONG'!BA19 -> 0 | AB20: ='CHAM CONG'!BB19 -> 0 | AC20: ='CHAM CONG'!BC19 -> 0 | AD20: ='CHAM CONG'!BD19 -> 0 | AE20: =ROUND(W20*0.44,2) -> 238.92 | AF20: =G20+M20 -> 150 | AG20: =H20+N20 -> 182 | AH20: =I20+O20 -> 211 | AJ20: =SUM(AF20:AI20) -> 543 | AU20: =SUM(AS20:AT20)/10 -> 0
A21: 13 | B21: 1 | G21: 105 | H21: 209 | I21: 97 | M21: 194 | N21: 146 | O21: 214 | W21: =SUM(C21:V21) -> 965 | Y21: =W21-X21 -> 965 | AA21: ='CHAM CONG'!BA20 -> 0 | AB21: ='CHAM CONG'!BB20 -> 0 | AC21: ='CHAM CONG'!BC20 -> 0 | AD21: ='CHAM CONG'!BD20 -> 0 | AE21: =ROUND(W21*0.44,2) -> 424.6 | AF21: =G21+M21 -> 299 | AG21: =H21+N21 -> 355 | AH21: =I21+O21 -> 311 | AJ21: =SUM(AF21:AI21) -> 965 | AU21: =SUM(AS21:AT21)/10 -> 0
A22: 14 | B22: 1 | G22: 0 | H22: 199 | I22: 100 | M22: 77 | N22: 205 | O22: 185 | W22: =SUM(C22:V22) -> 766 | Y22: =W22-X22 -> 766 | AA22: ='CHAM CONG'!BA21 -> 0 | AB22: ='CHAM CONG'!BB21 -> 0 | AC22: ='CHAM CONG'!BC21 -> 0 | AD22: ='CHAM CONG'!BD21 -> 0 | AE22: =ROUND(W22*0.44,2) -> 337.04 | AF22: =G22+M22 -> 77 | AG22: =H22+N22 -> 404 | AH22: =I22+O22 -> 285 | AJ22: =SUM(AF22:AI22) -> 766 | AU22: =SUM(AS22:AT22)/10 -> 0
A23: 15 | B23: 1 | G23: 108 | H23: 114 | I23: 222 | M23: 177 | N23: 258 | O23: 242 | W23: =SUM(C23:V23) -> 1121 | Y23: =W23-X23 -> 1121 | AA23: ='CHAM CONG'!BA22 -> 0 | AB23: ='CHAM CONG'!BB22 -> 0 | AC23: ='CHAM CONG'!BC22 -> 0 | AD23: ='CHAM CONG'!BD22 -> 0 | AE23: =ROUND(W23*0.44,2) -> 493.24 | AF23: =G23+M23 -> 285 | AG23: =H23+N23 -> 372 | AH23: =I23+O23 -> 464 | AJ23: =SUM(AF23:AI23) -> 1121 | AU23: =SUM(AS23:AT23)/10 -> 0
A24: 16 | B24: 1 | G24: 104 | H24: 120 | I24: 155 | M24: 210 | N24: 276 | O24: 210 | W24: =SUM(C24:V24) -> 1075 | Y24: =W24-X24 -> 1075 | AA24: ='CHAM CONG'!BA23 -> 0 | AB24: ='CHAM CONG'!BB23 -> 0 | AC24: ='CHAM CONG'!BC23 -> 0 | AD24: ='CHAM CONG'!BD23 -> 0 | AE24: =ROUND(W24*0.44,2) -> 473 | AF24: =G24+M24 -> 314 | AG24: =H24+N24 -> 396 | AH24: =I24+O24 -> 365 | AJ24: =SUM(AF24:AI24) -> 1075 | AU24: =SUM(AS24:AT24)/10 -> 0
A25: 17 | B25: 1 | G25: 101 | H25: 215 | I25: 178 | M25: 172 | N25: 95 | O25: 179 | W25: =SUM(C25:V25) -> 940 | Y25: =W25-X25 -> 940 | AA25: ='CHAM CONG'!BA24 -> 0 | AB25: ='CHAM CONG'!BB24 -> 0 | AC25: ='CHAM CONG'!BC24 -> 0 | AD25: ='CHAM CONG'!BD24 -> 0 | AE25: =ROUND(W25*0.44,2) -> 413.6 | AF25: =G25+M25 -> 273 | AG25: =H25+N25 -> 310 | AH25: =I25+O25 -> 357 | AJ25: =SUM(AF25:AI25) -> 940 | AU25: =SUM(AS25:AT25)/10 -> 0
... A54: 46 | B54: 1 | G54: 133 | H54: 211 | I54: 344 | M54: 224 | N54: 230 | O54: 129 | W54: =SUM(C54:V54) -> 1271 | Y54: =W54-X54 -> 1271 | AA54: ='CHAM CONG'!BA53 -> 0 | AB54: ='CHAM CONG'!BB53 -> 0 | AC54: ='CHAM CONG'!BC53 -> 0 | AD54: ='CHAM CONG'!BD53 -> 0 | AE54: =ROUND(W54*0.44,2) -> 559.24 | AF54: =G54+M54 -> 357 | AG54: =H54+N54 -> 441 | AH54: =I54+O54 -> 473 | AJ54: =SUM(AF54:AI54) -> 1271 | AU54: =SUM(AS54:AT54)/10 -> 0
A55: 47 | B55: 1 | G55: 108 | H55: 106 | I55: 53 | M55: 111 | N55: 123 | O55: 92 | W55: =SUM(C55:V55) -> 593 | Y55: =W55-X55 -> 593 | AA55: ='CHAM CONG'!#REF! -> #REF! | AB55: ='CHAM CONG'!#REF! -> #REF! | AC55: ='CHAM CONG'!#REF! -> #REF! | AD55: ='CHAM CONG'!#REF! -> #REF! | AE55: =ROUND(W55*0.44,2) -> 260.92 | AF55: =G55+M55 -> 219 | AG55: =H55+N55 -> 229 | AH55: =I55+O55 -> 145 | AJ55: =SUM(AF55:AI55) -> 593 | AK55: TỔ 4
A56: 137 | B56: 4 | H56: 191 | I56: 149 | J56: 206 | K56: 200 | P56: 177 | Q56: 208 | W56: =SUM(C56:V56) -> 1131 | Y56: =W56-X56 -> 1131 | AA56: ='CHAM CONG'!BA175 -> 0 | AB56: ='CHAM CONG'!BB175 -> 0 | AC56: ='CHAM CONG'!BC175 -> 0 | AD56: ='CHAM CONG'!BD175 -> 0 | AE56: =ROUND(W56*0.44,2) -> 497.64 | AF56: =K56 -> 200 | AG56: =H56+P56 -> 368 | AH56: =I56+Q56 -> 357 | AI56: =J56 -> 206 | AJ56: =SUM(AF56:AI56) -> 1131 | AK56: =SUM(AJ56:AJ94) -> 48749
A57: 138 | B57: 4 | H57: 173 | I57: 154 | J57: 394 | K57: 292 | P57: 165 | Q57: 187 | W57: =SUM(C57:V57) -> 1365 | Y57: =W57-X57 -> 1365 | AA57: ='CHAM CONG'!BA176 -> 0 | AB57: ='CHAM CONG'!BB176 -> 0 | AC57: ='CHAM CONG'!BC176 -> 0 | AD57: ='CHAM CONG'!BD176 -> 0 | AE57: =ROUND(W57*0.44,2) -> 600.6 | AF57: =K57 -> 292 | AG57: =H57+P57 -> 338 | AH57: =I57+Q57 -> 341 | AI57: =J57 -> 394 | AJ57: =SUM(AF57:AI57) -> 1365
A58: 139 | B58: 4 | H58: 221 | I58: 130 | J58: 388 | K58: 216 | P58: 244 | Q58: 196 | W58: =SUM(C58:V58) -> 1395 | Y58: =W58-X58 -> 1395 | AA58: ='CHAM CONG'!BA177 -> 0 | AB58: ='CHAM CONG'!BB177 -> 0 | AC58: ='CHAM CONG'!BC177 -> 0 | AD58: ='CHAM CONG'!BD177 -> 0 | AE58: =ROUND(W58*0.44,2) -> 613.8 | AF58: =K58 -> 216 | AG58: =H58+P58 -> 465 | AH58: =I58+Q58 -> 326 | AI58: =J58 -> 388 | AJ58: =SUM(AF58:AI58) -> 1395
A59: 140 | B59: 4 | H59: 171 | I59: 60 | J59: 351 | K59: 194 | P59: 87 | Q59: 162 | W59: =SUM(C59:V59) -> 1025 | Y59: =W59-X59 -> 1025 | AA59: ='CHAM CONG'!BA178 -> 0 | AB59: ='CHAM CONG'!BB178 -> 0 | AC59: ='CHAM CONG'!BC178 -> 0 | AD59: ='CHAM CONG'!BD178 -> 0 | AE59: =ROUND(W59*0.44,2) -> 451 | AF59: =K59 -> 194 | AG59: =H59+P59 -> 258 | AH59: =I59+Q59 -> 222 | AI59: =J59 -> 351 | AJ59: =SUM(AF59:AI59) -> 1025
A60: 141 | B60: 4 | H60: 130 | I60: 58 | J60: 362 | K60: 210 | P60: 133 | Q60: 72 | W60: =SUM(C60:V60) -> 965 | Y60: =W60-X60 -> 965 | AA60: ='CHAM CONG'!BA179 -> 0 | AB60: ='CHAM CONG'!BB179 -> 0 | AC60: ='CHAM CONG'!BC179 -> 0 | AD60: ='CHAM CONG'!BD179 -> 0 | AE60: =ROUND(W60*0.44,2) -> 424.6 | AF60: =K60 -> 210 | AG60: =H60+P60 -> 263 | AH60: =I60+Q60 -> 130 | AI60: =J60 -> 362 | AJ60: =SUM(AF60:AI60) -> 965
A61: 142 | B61: 4 | H61: 196 | I61: 58 | J61: 381 | K61: 229 | P61: 157 | Q61: 107 | W61: =SUM(C61:V61) -> 1128 | Y61: =W61-X61 -> 1128 | AA61: ='CHAM CONG'!BA180 -> 0 | AB61: ='CHAM CONG'!BB180 -> 0 | AC61: ='CHAM CONG'!BC180 -> 0 | AD61: ='CHAM CONG'!BD180 -> 0 | AE61: =ROUND(W61*0.44,2) -> 496.32 | AF61: =K61 -> 229 | AG61: =H61+P61 -> 353 | AH61: =I61+Q61 -> 165 | AI61: =J61 -> 381 | AJ61: =SUM(AF61:AI61) -> 1128
A62: 143 | B62: 4 | H62: 154 | I62: 215 | J62: 279 | K62: 164 | P62: 155 | Q62: 73 | W62: =SUM(C62:V62) -> 1040 | Y62: =W62-X62 -> 1040 | AA62: ='CHAM CONG'!BA181 -> 0 | AB62: ='CHAM CONG'!BB181 -> 0 | AC62: ='CHAM CONG'!BC181 -> 0 | AD62: ='CHAM CONG'!BD181 -> 0 | AE62: =ROUND(W62*0.44,2) -> 457.6 | AF62: =K62 -> 164 | AG62: =H62+P62 -> 309 | AH62: =I62+Q62 -> 288 | AI62: =J62 -> 279 | AJ62: =SUM(AF62:AI62) -> 1040
A63: 144 | B63: 4 | H63: 224 | I63: 74 | J63: 309 | K63: 293 | P63: 184 | Q63: 255 | W63: =SUM(C63:V63) -> 1339 | Y63: =W63-X63 -> 1339 | AA63: ='CHAM CONG'!BA182 -> 0 | AB63: ='CHAM CONG'!BB182 -> 0 | AC63: ='CHAM CONG'!BC182 -> 0 | AD63: ='CHAM CONG'!BD182 -> 0 | AE63: =ROUND(W63*0.44,2) -> 589.16 | AF63: =K63 -> 293 | AG63: =H63+P63 -> 408 | AH63: =I63+Q63 -> 329 | AI63: =J63 -> 309 | AJ63: =SUM(AF63:AI63) -> 1339
A64: 145 | B64: 4 | H64: 148 | I64: 110 | J64: 255 | K64: 290 | P64: 142 | Q64: 138 | W64: =SUM(C64:V64) -> 1083 | Y64: =W64-X64 -> 1083 | AA64: ='CHAM CONG'!BA183 -> 0 | AB64: ='CHAM CONG'!BB183 -> 0 | AC64: ='CHAM CONG'!BC183 -> 0 | AD64: ='CHAM CONG'!BD183 -> 0 | AE64: =ROUND(W64*0.44,2) -> 476.52 | AF64: =K64 -> 290 | AG64: =H64+P64 -> 290 | AH64: =I64+Q64 -> 248 | AI64: =J64 -> 255 | AJ64: =SUM(AF64:AI64) -> 1083
A65: 146 | B65: 4 | H65: 178 | I65: 140 | J65: 349 | K65: 265 | P65: 151 | Q65: 193 | W65: =SUM(C65:V65) -> 1276 | Y65: =W65-X65 -> 1276 | AA65: ='CHAM CONG'!BA184 -> 0 | AB65: ='CHAM CONG'!BB184 -> 0 | AC65: ='CHAM CONG'!BC184 -> 0 | AD65: ='CHAM CONG'!BD184 -> 0 | AE65: =ROUND(W65*0.44,2) -> 561.44 | AF65: =K65 -> 265 | AG65: =H65+P65 -> 329 | AH65: =I65+Q65 -> 333 | AI65: =J65 -> 349 | AJ65: =SUM(AF65:AI65) -> 1276
A66: 147 | B66: 4 | H66: 241 | I66: 107 | J66: 374 | K66: 246 | P66: 258 | Q66: 232 | W66: =SUM(C66:V66) -> 1458 | Y66: =W66-X66 -> 1458 | AA66: ='CHAM CONG'!BA185 -> 0 | AB66: ='CHAM CONG'!BB185 -> 0 | AC66: ='CHAM CONG'!BC185 -> 0 | AD66: ='CHAM CONG'!BD185 -> 0 | AE66: =ROUND(W66*0.44,2) -> 641.52 | AF66: =K66 -> 246 | AG66: =H66+P66 -> 499 | AH66: =I66+Q66 -> 339 | AI66: =J66 -> 374 | AJ66: =SUM(AF66:AI66) -> 1458
A67: 148 | B67: 4 | H67: 233 | I67: 192 | J67: 342 | K67: 229 | P67: 237 | Q67: 279 | W67: =SUM(C67:V67) -> 1512 | Y67: =W67-X67 -> 1512 | AA67: ='CHAM CONG'!BA186 -> 0 | AB67: ='CHAM CONG'!BB186 -> 0 | AC67: ='CHAM CONG'!BC186 -> 0 | AD67: ='CHAM CONG'!BD186 -> 0 | AE67: =ROUND(W67*0.44,2) -> 665.28 | AF67: =K67 -> 229 | AG67: =H67+P67 -> 470 | AH67: =I67+Q67 -> 471 | AI67: =J67 -> 342 | AJ67: =SUM(AF67:AI67) -> 1512
A68: 149 | B68: 4 | H68: 197 | I68: 88 | J68: 369 | K68: 171 | P68: 205 | Q68: 196 | W68: =SUM(C68:V68) -> 1226 | Y68: =W68-X68 -> 1226 | AA68: ='CHAM CONG'!BA187 -> 0 | AB68: ='CHAM CONG'!BB187 -> 0 | AC68: ='CHAM CONG'!BC187 -> 0 | AD68: ='CHAM CONG'!BD187 -> 0 | AE68: =ROUND(W68*0.44,2) -> 539.44 | AF68: =K68 -> 171 | AG68: =H68+P68 -> 402 | AH68: =I68+Q68 -> 284 | AI68: =J68 -> 369 | AJ68: =SUM(AF68:AI68) -> 1226
... A93: 174 | B93: 4 | H93: 149 | I93: 0 | J93: 131 | K93: 199 | P93: 210 | Q93: 161 | W93: =SUM(C93:V93) -> 850 | Y93: =W93-X93 -> 850 | AA93: ='CHAM CONG'!BA212 -> 0 | AB93: ='CHAM CONG'!BB212 -> 0 | AC93: ='CHAM CONG'!BC212 -> 0 | AD93: ='CHAM CONG'!BD212 -> 0 | AE93: =ROUND(W93*0.44,2) -> 374 | AF93: =K93 -> 199 | AG93: =H93+P93 -> 359 | AH93: =I93+Q93 -> 161 | AI93: =J93 -> 131 | AJ93: =SUM(AF93:AI93) -> 850
A94: 175 | B94: 4 | H94: 211 | I94: 0 | J94: 240 | K94: 307 | P94: 112 | Q94: 240 | W94: =SUM(C94:V94) -> 1110 | Y94: =W94-X94 -> 1110 | AA94: ='CHAM CONG'!BA213 -> 0 | AB94: ='CHAM CONG'!BB213 -> 0 | AC94: ='CHAM CONG'!BC213 -> 0 | AD94: ='CHAM CONG'!BD213 -> 0 | AE94: =ROUND(W94*0.44,2) -> 488.4 | AF94: =K94 -> 307 | AG94: =H94+P94 -> 323 | AH94: =I94+Q94 -> 240 | AI94: =J94 -> 240 | AJ94: =SUM(AF94:AI94) -> 1110 | AK94: TỔ 5
A95: 176 | B95: 5 | H95: 233 | I95: 180 | J95: 220 | K95: 390 | P95: 207 | Q95: 219 | W95: =SUM(C95:V95) -> 1449 | Y95: =W95-X95 -> 1449 | AA95: ='CHAM CONG'!BA214 -> 0 | AB95: ='CHAM CONG'!BB214 -> 0 | AC95: ='CHAM CONG'!BC214 -> 0 | AD95: ='CHAM CONG'!BD214 -> 0 | AE95: =ROUND(W95*0.44,2) -> 637.56 | AF95: =K95 -> 390 | AG95: =H95+P95 -> 440 | AH95: =I95+Q95 -> 399 | AI95: =J95 -> 220 | AJ95: =SUM(AF95:AI95) -> 1449 | AK95: =SUM(AJ95:AJ133) -> 53645
A96: 177 | B96: 5 | H96: 177 | I96: 162 | J96: 235 | K96: 311 | P96: 179 | Q96: 190 | W96: =SUM(C96:V96) -> 1254 | Y96: =W96-X96 -> 1254 | AA96: ='CHAM CONG'!BA215 -> 0 | AB96: ='CHAM CONG'!BB215 -> 0 | AC96: ='CHAM CONG'!BC215 -> 0 | AD96: ='CHAM CONG'!BD215 -> 0 | AE96: =ROUND(W96*0.44,2) -> 551.76 | AF96: =K96 -> 311 | AG96: =H96+P96 -> 356 | AH96: =I96+Q96 -> 352 | AI96: =J96 -> 235 | AJ96: =SUM(AF96:AI96) -> 1254
A97: 178 | B97: 5 | H97: 223 | I97: 176 | J97: 167 | K97: 379 | P97: 281 | Q97: 239 | W97: =SUM(C97:V97) -> 1465 | Y97: =W97-X97 -> 1465 | AA97: ='CHAM CONG'!BA216 -> 0 | AB97: ='CHAM CONG'!BB216 -> 0 | AC97: ='CHAM CONG'!BC216 -> 0 | AD97: ='CHAM CONG'!BD216 -> 0 | AE97: =ROUND(W97*0.44,2) -> 644.6 | AF97: =K97 -> 379 | AG97: =H97+P97 -> 504 | AH97: =I97+Q97 -> 415 | AI97: =J97 -> 167 | AJ97: =SUM(AF97:AI97) -> 1465
A98: 179 | B98: 5 | H98: 280 | I98: 132 | J98: 167 | K98: 417 | P98: 223 | Q98: 191 | W98: =SUM(C98:V98) -> 1410 | Y98: =W98-X98 -> 1410 | AA98: ='CHAM CONG'!BA217 -> 0 | AB98: ='CHAM CONG'!BB217 -> 0 | AC98: ='CHAM CONG'!BC217 -> 0 | AD98: ='CHAM CONG'!BD217 -> 0 | AE98: =ROUND(W98*0.44,2) -> 620.4 | AF98: =K98 -> 417 | AG98: =H98+P98 -> 503 | AH98: =I98+Q98 -> 323 | AI98: =J98 -> 167 | AJ98: =SUM(AF98:AI98) -> 1410
A99: 180 | B99: 5 | H99: 244 | I99: 189 | J99: 187 | K99: 326 | P99: 234 | Q99: 250 | W99: =SUM(C99:V99) -> 1430 | Y99: =W99-X99 -> 1430 | AA99: ='CHAM CONG'!BA218 -> 0 | AB99: ='CHAM CONG'!BB218 -> 0 | AC99: ='CHAM CONG'!BC218 -> 0 | AD99: ='CHAM CONG'!BD218 -> 0 | AE99: =ROUND(W99*0.44,2) -> 629.2 | AF99: =K99 -> 326 | AG99: =H99+P99 -> 478 | AH99: =I99+Q99 -> 439 | AI99: =J99 -> 187 | AJ99: =SUM(AF99:AI99) -> 1430
A100: 181 | B100: 5 | H100: 204 | I100: 170 | J100: 120 | K100: 358 | P100: 186 | Q100: 188 | W100: =SUM(C100:V100) -> 1226 | Y100: =W100-X100 -> 1226 | AA100: ='CHAM CONG'!BA219 -> 0 | AB100: ='CHAM CONG'!BB219 -> 0 | AC100: ='CHAM CONG'!BC219 -> 0 | AD100: ='CHAM CONG'!BD219 -> 0 | AE100: =ROUND(W100*0.44,2) -> 539.44 | AF100: =K100 -> 358 | AG100: =H100+P100 -> 390 | AH100: =I100+Q100 -> 358 | AI100: =J100 -> 120 | AJ100: =SUM(AF100:AI100) -> 1226
A101: 182 | B101: 5 | H101: 275 | I101: 209 | J101: 195 | K101: 321 | P101: 278 | Q101: 256 | W101: =SUM(C101:V101) -> 1534 | Y101: =W101-X101 -> 1534 | AA101: ='CHAM CONG'!BA220 -> 0 | AB101: ='CHAM CONG'!BB220 -> 0 | AC101: ='CHAM CONG'!BC220 -> 0 | AD101: ='CHAM CONG'!BD220 -> 0 | AE101: =ROUND(W101*0.44,2) -> 674.96 | AF101: =K101 -> 321 | AG101: =H101+P101 -> 553 | AH101: =I101+Q101 -> 465 | AI101: =J101 -> 195 | AJ101: =SUM(AF101:AI101) -> 1534
A102: 183 | B102: 5 | H102: 217 | I102: 161 | J102: 164 | K102: 321 | P102: 234 | Q102: 206 | W102: =SUM(C102:V102) -> 1303 | Y102: =W102-X102 -> 1303 | AA102: ='CHAM CONG'!BA221 -> 0 | AB102: ='CHAM CONG'!BB221 -> 0 | AC102: ='CHAM CONG'!BC221 -> 0 | AD102: ='CHAM CONG'!BD221 -> 0 | AE102: =ROUND(W102*0.44,2) -> 573.32 | AF102: =K102 -> 321 | AG102: =H102+P102 -> 451 | AH102: =I102+Q102 -> 367 | AI102: =J102 -> 164 | AJ102: =SUM(AF102:AI102) -> 1303
A103: 184 | B103: 5 | H103: 209 | I103: 81 | J103: 117 | K103: 323 | P103: 191 | Q103: 170 | W103: =SUM(C103:V103) -> 1091 | Y103: =W103-X103 -> 1091 | AA103: ='CHAM CONG'!#REF! -> #REF! | AB103: ='CHAM CONG'!#REF! -> #REF! | AC103: ='CHAM CONG'!#REF! -> #REF! | AD103: ='CHAM CONG'!#REF! -> #REF! | AE103: =ROUND(W103*0.44,2) -> 480.04 | AF103: =K103 -> 323 | AG103: =H103+P103 -> 400 | AH103: =I103+Q103 -> 251 | AI103: =J103 -> 117 | AJ103: =SUM(AF103:AI103) -> 1091
A104: 185 | B104: 5 | H104: 191 | I104: 104 | J104: 140 | K104: 264 | P104: 191 | Q104: 184 | W104: =SUM(C104:V104) -> 1074 | Y104: =W104-X104 -> 1074 | AA104: ='CHAM CONG'!#REF! -> #REF! | AB104: ='CHAM CONG'!#REF! -> #REF! | AC104: ='CHAM CONG'!#REF! -> #REF! | AD104: ='CHAM CONG'!#REF! -> #REF! | AE104: =ROUND(W104*0.44,2) -> 472.56 | AF104: =K104 -> 264 | AG104: =H104+P104 -> 382 | AH104: =I104+Q104 -> 288 | AI104: =J104 -> 140 | AJ104: =SUM(AF104:AI104) -> 1074
A105: 186 | B105: 5 | H105: 319 | I105: 127 | J105: 325 | K105: 316 | P105: 324 | Q105: 319 | W105: =SUM(C105:V105) -> 1730 | Y105: =W105-X105 -> 1730 | AA105: ='CHAM CONG'!BA222 -> 0 | AB105: ='CHAM CONG'!BB222 -> 0 | AC105: ='CHAM CONG'!BC222 -> 0 | AD105: ='CHAM CONG'!BD222 -> 0 | AE105: =ROUND(W105*0.44,2) -> 761.2 | AF105: =K105 -> 316 | AG105: =H105+P105 -> 643 | AH105: =I105+Q105 -> 446 | AI105: =J105 -> 325 | AJ105: =SUM(AF105:AI105) -> 1730
A106: 187 | B106: 5 | H106: 306 | I106: 103 | J106: 280 | K106: 294 | P106: 373 | Q106: 250 | W106: =SUM(C106:V106) -> 1606 | Y106: =W106-X106 -> 1606 | AA106: ='CHAM CONG'!BA223 -> 0 | AB106: ='CHAM CONG'!BB223 -> 0 | AC106: ='CHAM CONG'!BC223 -> 0 | AD106: ='CHAM CONG'!BD223 -> 0 | AE106: =ROUND(W106*0.44,2) -> 706.64 | AF106: =K106 -> 294 | AG106: =H106+P106 -> 679 | AH106: =I106+Q106 -> 353 | AI106: =J106 -> 280 | AJ106: =SUM(AF106:AI106) -> 1606
A107: 188 | B107: 5 | H107: 177 | I107: 232 | J107: 309 | K107: 176 | P107: 199 | Q107: 305 | W107: =SUM(C107:V107) -> 1398 | Y107: =W107-X107 -> 1398 | AA107: ='CHAM CONG'!BA224 -> 0 | AB107: ='CHAM CONG'!BB224 -> 0 | AC107: ='CHAM CONG'!BC224 -> 0 | AD107: ='CHAM CONG'!BD224 -> 0 | AE107: =ROUND(W107*0.44,2) -> 615.12 | AF107: =K107 -> 176 | AG107: =H107+P107 -> 376 | AH107: =I107+Q107 -> 537 | AI107: =J107 -> 309 | AJ107: =SUM(AF107:AI107) -> 1398
A108: 189 | B108: 5 | H108: 197 | I108: 64 | J108: 251 | K108: 201 | P108: 187 | Q108: 124 | W108: =SUM(C108:V108) -> 1024 | Y108: =W108-X108 -> 1024 | AA108: ='CHAM CONG'!BA225 -> 0 | AB108: ='CHAM CONG'!BB225 -> 0 | AC108: ='CHAM CONG'!BC225 -> 0 | AD108: ='CHAM CONG'!BD225 -> 0 | AE108: =ROUND(W108*0.44,2) -> 450.56 | AF108: =K108 -> 201 | AG108: =H108+P108 -> 384 | AH108: =I108+Q108 -> 188 | AI108: =J108 -> 251 | AJ108: =SUM(AF108:AI108) -> 1024
A109: 190 | B109: 5 | H109: 300 | I109: 74 | J109: 294 | K109: 334 | P109: 263 | Q109: 207 | W109: =SUM(C109:V109) -> 1472 | Y109: =W109-X109 -> 1472 | AA109: ='CHAM CONG'!BA226 -> 0 | AB109: ='CHAM CONG'!BB226 -> 0 | AC109: ='CHAM CONG'!BC226 -> 0 | AD109: ='CHAM CONG'!BD226 -> 0 | AE109: =ROUND(W109*0.44,2) -> 647.68 | AF109: =K109 -> 334 | AG109: =H109+P109 -> 563 | AH109: =I109+Q109 -> 281 | AI109: =J109 -> 294 | AJ109: =SUM(AF109:AI109) -> 1472
A110: 191 | B110: 5 | H110: 213 | I110: 81 | J110: 275 | K110: 327 | P110: 327 | Q110: 209 | W110: =SUM(C110:V110) -> 1432 | Y110: =W110-X110 -> 1432 | AA110: ='CHAM CONG'!BA227 -> 0 | AB110: ='CHAM CONG'!BB227 -> 0 | AC110: ='CHAM CONG'!BC227 -> 0 | AD110: ='CHAM CONG'!BD227 -> 0 | AE110: =ROUND(W110*0.44,2) -> 630.08 | AF110: =K110 -> 327 | AG110: =H110+P110 -> 540 | AH110: =I110+Q110 -> 290 | AI110: =J110 -> 275 | AJ110: =SUM(AF110:AI110) -> 1432
A111: 192 | B111: 5 | H111: 219 | I111: 117 | J111: 292 | K111: 329 | P111: 214 | Q111: 308 | W111: =SUM(C111:V111) -> 1479 | Y111: =W111-X111 -> 1479 | AA111: ='CHAM CONG'!BA228 -> 0 | AB111: ='CHAM CONG'!BB228 -> 0 | AC111: ='CHAM CONG'!BC228 -> 0 | AD111: ='CHAM CONG'!BD228 -> 0 | AE111: =ROUND(W111*0.44,2) -> 650.76 | AF111: =K111 -> 329 | AG111: =H111+P111 -> 433 | AH111: =I111+Q111 -> 425 | AI111: =J111 -> 292 | AJ111: =SUM(AF111:AI111) -> 1479
A112: 193 | B112: 5 | H112: 226 | I112: 130 | J112: 326 | K112: 315 | P112: 213 | Q112: 223 | W112: =SUM(C112:V112) -> 1433 | Y112: =W112-X112 -> 1433 | AA112: ='CHAM CONG'!BA229 -> 0 | AB112: ='CHAM CONG'!BB229 -> 0 | AC112: ='CHAM CONG'!BC229 -> 0 | AD112: ='CHAM CONG'!BD229 -> 0 | AE112: =ROUND(W112*0.44,2) -> 630.52 | AF112: =K112 -> 315 | AG112: =H112+P112 -> 439 | AH112: =I112+Q112 -> 353 | AI112: =J112 -> 326 | AJ112: =SUM(AF112:AI112) -> 1433
A113: 194 | B113: 5 | H113: 242 | I113: 264 | J113: 401 | K113: 373 | P113: 235 | Q113: 339 | W113: =SUM(C113:V113) -> 1854 | Y113: =W113-X113 -> 1854 | AA113: ='CHAM CONG'!BA230 -> 0 | AB113: ='CHAM CONG'!BB230 -> 0 | AC113: ='CHAM CONG'!BC230 -> 0 | AD113: ='CHAM CONG'!BD230 -> 0 | AE113: =ROUND(W113*0.44,2) -> 815.76 | AF113: =K113 -> 373 | AG113: =H113+P113 -> 477 | AH113: =I113+Q113 -> 603 | AI113: =J113 -> 401 | AJ113: =SUM(AF113:AI113) -> 1854
A114: 195 | B114: 5 | H114: 259 | I114: 246 | J114: 366 | K114: 346 | P114: 285 | Q114: 238 | W114: =SUM(C114:V114) -> 1740 | Y114: =W114-X114 -> 1740 | AA114: ='CHAM CONG'!BA231 -> 0 | AB114: ='CHAM CONG'!BB231 -> 0 | AC114: ='CHAM CONG'!BC231 -> 0 | AD114: ='CHAM CONG'!BD231 -> 0 | AE114: =ROUND(W114*0.44,2) -> 765.6 | AF114: =K114 -> 346 | AG114: =H114+P114 -> 544 | AH114: =I114+Q114 -> 484 | AI114: =J114 -> 366 | AJ114: =SUM(AF114:AI114) -> 1740
A115: 196 | B115: 5 | H115: 134 | I115: 109 | J115: 222 | K115: 331 | P115: 126 | Q115: 198 | W115: =SUM(C115:V115) -> 1120 | Y115: =W115-X115 -> 1120 | AA115: ='CHAM CONG'!BA232 -> 0 | AB115: ='CHAM CONG'!BB232 -> 0 | AC115: ='CHAM CONG'!BC232 -> 0 | AD115: ='CHAM CONG'!BD232 -> 0 | AE115: =ROUND(W115*0.44,2) -> 492.8 | AF115: =K115 -> 331 | AG115: =H115+P115 -> 260 | AH115: =I115+Q115 -> 307 | AI115: =J115 -> 222 | AJ115: =SUM(AF115:AI115) -> 1120
A116: 197 | B116: 5 | H116: 132 | I116: 81 | J116: 126 | K116: 270 | P116: 130 | Q116: 139 | W116: =SUM(C116:V116) -> 878 | Y116: =W116-X116 -> 878 | AA116: ='CHAM CONG'!BA233 -> 0 | AB116: ='CHAM CONG'!BB233 -> 0 | AC116: ='CHAM CONG'!BC233 -> 0 | AD116: ='CHAM CONG'!BD233 -> 0 | AE116: =ROUND(W116*0.44,2) -> 386.32 | AF116: =K116 -> 270 | AG116: =H116+P116 -> 262 | AH116: =I116+Q116 -> 220 | AI116: =J116 -> 126 | AJ116: =SUM(AF116:AI116) -> 878
... A132: 213 | B132: 5 | H132: 173 | I132: 231 | J132: 177 | K132: 241 | P132: 160 | Q132: 263 | W132: =SUM(C132:V132) -> 1245 | Y132: =W132-X132 -> 1245 | AA132: ='CHAM CONG'!BA249 -> 0 | AB132: ='CHAM CONG'!BB249 -> 0 | AC132: ='CHAM CONG'!BC249 -> 0 | AD132: ='CHAM CONG'!BD249 -> 0 | AE132: =ROUND(W132*0.44,2) -> 547.8 | AF132: =K132 -> 241 | AG132: =H132+P132 -> 333 | AH132: =I132+Q132 -> 494 | AI132: =J132 -> 177 | AJ132: =SUM(AF132:AI132) -> 1245
A133: 214 | B133: 5 | H133: 233 | I133: 233 | J133: 287 | K133: 214 | P133: 211 | Q133: 306 | W133: =SUM(C133:V133) -> 1484 | Y133: =W133-X133 -> 1484 | AA133: ='CHAM CONG'!BA250 -> 0 | AB133: ='CHAM CONG'!BB250 -> 0 | AC133: ='CHAM CONG'!BC250 -> 0 | AD133: ='CHAM CONG'!BD250 -> 0 | AE133: =ROUND(W133*0.44,2) -> 652.96 | AF133: =K133 -> 214 | AG133: =H133+P133 -> 444 | AH133: =I133+Q133 -> 539 | AI133: =J133 -> 287 | AJ133: =SUM(AF133:AI133) -> 1484 | AK133: TỔ 7
A134: 251 | B134: 7 | H134: 0 | I134: 0 | J134: 0 | K134: 0 | P134: 163 | Q134: 157 | W134: =SUM(C134:V134) -> 320 | Y134: =W134-X134 -> 320 | AA134: ='CHAM CONG'!BA251 -> 0 | AB134: ='CHAM CONG'!BB251 -> 0 | AC134: ='CHAM CONG'!BC251 -> 0 | AD134: ='CHAM CONG'!BD251 -> 0 | AE134: =ROUND(W134*0.44,2) -> 140.8 | AF134: =I134+Q134 -> 157 | AG134: =J134 -> 0 | AH134: =K134 -> 0 | AI134: =H134+P134 -> 163 | AJ134: =SUM(AF134:AI134) -> 320 | AK134: =SUM(AJ134:AJ175) -> 31852
A135: 252 | B135: 7 | H135: 0 | I135: 0 | J135: 0 | K135: 0 | P135: 173 | Q135: 146 | W135: =SUM(C135:V135) -> 319 | Y135: =W135-X135 -> 319 | AA135: ='CHAM CONG'!BA252 -> 0 | AB135: ='CHAM CONG'!BB252 -> 0 | AC135: ='CHAM CONG'!BC252 -> 0 | AD135: ='CHAM CONG'!BD252 -> 0 | AE135: =ROUND(W135*0.44,2) -> 140.36 | AF135: =I135+Q135 -> 146 | AG135: =J135 -> 0 | AH135: =K135 -> 0 | AI135: =H135+P135 -> 173 | AJ135: =SUM(AF135:AI135) -> 319
A136: 253 | B136: 7 | H136: 0 | I136: 0 | J136: 0 | K136: 0 | P136: 166 | Q136: 140 | W136: =SUM(C136:V136) -> 306 | Y136: =W136-X136 -> 306 | AA136: ='CHAM CONG'!BA253 -> 0 | AB136: ='CHAM CONG'!BB253 -> 0 | AC136: ='CHAM CONG'!BC253 -> 0 | AD136: ='CHAM CONG'!BD253 -> 0 | AE136: =ROUND(W136*0.44,2) -> 134.64 | AF136: =I136+Q136 -> 140 | AG136: =J136 -> 0 | AH136: =K136 -> 0 | AI136: =H136+P136 -> 166 | AJ136: =SUM(AF136:AI136) -> 306
A137: 254 | B137: 7 | H137: 107 | I137: 93 | J137: 97 | K137: 142 | P137: 0 | Q137: 0 | W137: =SUM(C137:V137) -> 439 | Y137: =W137-X137 -> 439 | AA137: ='CHAM CONG'!BA254 -> 0 | AB137: ='CHAM CONG'!BB254 -> 0 | AC137: ='CHAM CONG'!BC254 -> 0 | AD137: ='CHAM CONG'!BD254 -> 0 | AE137: =ROUND(W137*0.44,2) -> 193.16 | AF137: =I137+Q137 -> 93 | AG137: =J137 -> 97 | AH137: =K137 -> 142 | AI137: =H137+P137 -> 107 | AJ137: =SUM(AF137:AI137) -> 439
A138: 255 | B138: 7 | H138: 128 | I138: 132 | J138: 75 | K138: 90 | P138: 112 | Q138: 90 | W138: =SUM(C138:V138) -> 627 | Y138: =W138-X138 -> 627 | AA138: ='CHAM CONG'!BA255 -> 0 | AB138: ='CHAM CONG'!BB255 -> 0 | AC138: ='CHAM CONG'!BC255 -> 0 | AD138: ='CHAM CONG'!BD255 -> 0 | AE138: =ROUND(W138*0.44,2) -> 275.88 | AF138: =I138+Q138 -> 222 | AG138: =J138 -> 75 | AH138: =K138 -> 90 | AI138: =H138+P138 -> 240 | AJ138: =SUM(AF138:AI138) -> 627
A139: 256 | B139: 7 | H139: 130 | I139: 64 | J139: 48 | K139: 148 | P139: 72 | Q139: 126 | W139: =SUM(C139:V139) -> 588 | Y139: =W139-X139 -> 588 | AA139: ='CHAM CONG'!BA256 -> 0 | AB139: ='CHAM CONG'!BB256 -> 0 | AC139: ='CHAM CONG'!BC256 -> 0 | AD139: ='CHAM CONG'!BD256 -> 0 | AE139: =ROUND(W139*0.44,2) -> 258.72 | AF139: =I139+Q139 -> 190 | AG139: =J139 -> 48 | AH139: =K139 -> 148 | AI139: =H139+P139 -> 202 | AJ139: =SUM(AF139:AI139) -> 588
A140: 257 | B140: 7 | H140: 121 | I140: 64 | J140: 52 | K140: 154 | P140: 115 | Q140: 147 | W140: =SUM(C140:V140) -> 653 | Y140: =W140-X140 -> 653 | AA140: ='CHAM CONG'!BA257 -> 0 | AB140: ='CHAM CONG'!BB257 -> 0 | AC140: ='CHAM CONG'!BC257 -> 0 | AD140: ='CHAM CONG'!BD257 -> 0 | AE140: =ROUND(W140*0.44,2) -> 287.32 | AF140: =I140+Q140 -> 211 | AG140: =J140 -> 52 | AH140: =K140 -> 154 | AI140: =H140+P140 -> 236 | AJ140: =SUM(AF140:AI140) -> 653
A141: 258 | B141: 7 | H141: 0 | I141: 0 | J141: 0 | K141: 0 | P141: 171 | Q141: 148 | W141: =SUM(C141:V141) -> 319 | Y141: =W141-X141 -> 319 | AA141: ='CHAM CONG'!BA258 -> 0 | AB141: ='CHAM CONG'!BB258 -> 0 | AC141: ='CHAM CONG'!BC258 -> 0 | AD141: ='CHAM CONG'!BD258 -> 0 | AE141: =ROUND(W141*0.44,2) -> 140.36 | AF141: =I141+Q141 -> 148 | AG141: =J141 -> 0 | AH141: =K141 -> 0 | AI141: =H141+P141 -> 171 | AJ141: =SUM(AF141:AI141) -> 319
A142: 259 | B142: 7 | H142: 101 | I142: 72 | J142: 124 | K142: 256 | P142: 177 | Q142: 153 | W142: =SUM(C142:V142) -> 883 | Y142: =W142-X142 -> 883 | AA142: ='CHAM CONG'!BA259 -> 0 | AB142: ='CHAM CONG'!BB259 -> 0 | AC142: ='CHAM CONG'!BC259 -> 0 | AD142: ='CHAM CONG'!BD259 -> 0 | AE142: =ROUND(W142*0.44,2) -> 388.52 | AF142: =I142+Q142 -> 225 | AG142: =J142 -> 124 | AH142: =K142 -> 256 | AI142: =H142+P142 -> 278 | AJ142: =SUM(AF142:AI142) -> 883
A143: 260 | B143: 7 | H143: 97 | I143: 73 | J143: 60 | K143: 262 | P143: 184 | Q143: 154 | W143: =SUM(C143:V143) -> 830 | Y143: =W143-X143 -> 830 | AA143: ='CHAM CONG'!BA260 -> 0 | AB143: ='CHAM CONG'!BB260 -> 0 | AC143: ='CHAM CONG'!BC260 -> 0 | AD143: ='CHAM CONG'!BD260 -> 0 | AE143: =ROUND(W143*0.44,2) -> 365.2 | AF143: =I143+Q143 -> 227 | AG143: =J143 -> 60 | AH143: =K143 -> 262 | AI143: =H143+P143 -> 281 | AJ143: =SUM(AF143:AI143) -> 830
A144: 261 | B144: 7 | H144: 112 | I144: 57 | J144: 63 | K144: 77 | P144: 146 | Q144: 118 | W144: =SUM(C144:V144) -> 573 | Y144: =W144-X144 -> 573 | AA144: ='CHAM CONG'!BA261 -> 0 | AB144: ='CHAM CONG'!BB261 -> 0 | AC144: ='CHAM CONG'!BC261 -> 0 | AD144: ='CHAM CONG'!BD261 -> 0 | AE144: =ROUND(W144*0.44,2) -> 252.12 | AF144: =I144+Q144 -> 175 | AG144: =J144 -> 63 | AH144: =K144 -> 77 | AI144: =H144+P144 -> 258 | AJ144: =SUM(AF144:AI144) -> 573
A145: 262 | B145: 7 | H145: 116 | I145: 88 | J145: 45 | K145: 81 | P145: 146 | Q145: 139 | W145: =SUM(C145:V145) -> 615 | Y145: =W145-X145 -> 615 | AA145: ='CHAM CONG'!BA262 -> 0 | AB145: ='CHAM CONG'!BB262 -> 0 | AC145: ='CHAM CONG'!BC262 -> 0 | AD145: ='CHAM CONG'!BD262 -> 0 | AE145: =ROUND(W145*0.44,2) -> 270.6 | AF145: =I145+Q145 -> 227 | AG145: =J145 -> 45 | AH145: =K145 -> 81 | AI145: =H145+P145 -> 262 | AJ145: =SUM(AF145:AI145) -> 615
A146: 263 | B146: 7 | H146: 129 | I146: 70 | J146: 48 | K146: 136 | P146: 129 | Q146: 138 | W146: =SUM(C146:V146) -> 650 | Y146: =W146-X146 -> 650 | AA146: ='CHAM CONG'!BA263 -> 0 | AB146: ='CHAM CONG'!BB263 -> 0 | AC146: ='CHAM CONG'!BC263 -> 0 | AD146: ='CHAM CONG'!BD263 -> 0 | AE146: =ROUND(W146*0.44,2) -> 286 | AF146: =I146+Q146 -> 208 | AG146: =J146 -> 48 | AH146: =K146 -> 136 | AI146: =H146+P146 -> 258 | AJ146: =SUM(AF146:AI146) -> 650
... A148: 265 | B148: 7 | H148: 208 | I148: 116 | J148: 51 | K148: 97 | P148: 231 | Q148: 120 | W148: =SUM(C148:V148) -> 823 | Y148: =W148-X148 -> 823 | AA148: ='CHAM CONG'!BA265 -> 0 | AB148: ='CHAM CONG'!BB265 -> 0 | AC148: ='CHAM CONG'!BC265 -> 0 | AD148: ='CHAM CONG'!BD265 -> 0 | AE148: =ROUND(W148*0.44,2) -> 362.12 | AF148: =I148+Q148 -> 236 | AG148: =J148 -> 51 | AH148: =K148 -> 97 | AI148: =H148+P148 -> 439 | AJ148: =SUM(AF148:AI148) -> 823
A149: 266 | B149: 7 | H149: 216 | I149: 111 | J149: 54 | K149: 116 | P149: 227 | Q149: 118 | W149: =SUM(C149:V149) -> 842 | Y149: =W149-X149 -> 842 | AA149: ='CHAM CONG'!#REF! -> #REF! | AB149: ='CHAM CONG'!#REF! -> #REF! | AC149: ='CHAM CONG'!#REF! -> #REF! | AD149: ='CHAM CONG'!#REF! -> #REF! | AE149: =ROUND(W149*0.44,2) -> 370.48 | AF149: =I149+Q149 -> 229 | AG149: =J149 -> 54 | AH149: =K149 -> 116 | AI149: =H149+P149 -> 443 | AJ149: =SUM(AF149:AI149) -> 842
A150: 267 | B150: 7 | H150: 162 | I150: 130 | J150: 87 | K150: 125 | P150: 175 | Q150: 164 | W150: =SUM(C150:V150) -> 843 | Y150: =W150-X150 -> 843 | AA150: ='CHAM CONG'!#REF! -> #REF! | AB150: ='CHAM CONG'!#REF! -> #REF! | AC150: ='CHAM CONG'!#REF! -> #REF! | AD150: ='CHAM CONG'!#REF! -> #REF! | AE150: =ROUND(W150*0.44,2) -> 370.92 | AF150: =I150+Q150 -> 294 | AG150: =J150 -> 87 | AH150: =K150 -> 125 | AI150: =H150+P150 -> 337 | AJ150: =SUM(AF150:AI150) -> 843
A151: 268 | B151: 7 | H151: 124 | I151: 45 | J151: 69 | K151: 42 | P151: 141 | Q151: 108 | W151: =SUM(C151:V151) -> 529 | Y151: =W151-X151 -> 529 | AA151: ='CHAM CONG'!#REF! -> #REF! | AB151: ='CHAM CONG'!#REF! -> #REF! | AC151: ='CHAM CONG'!#REF! -> #REF! | AD151: ='CHAM CONG'!#REF! -> #REF! | AE151: =ROUND(W151*0.44,2) -> 232.76 | AF151: =I151+Q151 -> 153 | AG151: =J151 -> 69 | AH151: =K151 -> 42 | AI151: =H151+P151 -> 265 | AJ151: =SUM(AF151:AI151) -> 529
A152: 269 | B152: 7 | H152: 192 | I152: 170 | J152: 144 | K152: 255 | P152: 168 | Q152: 156 | W152: =SUM(C152:V152) -> 1085 | Y152: =W152-X152 -> 1085 | AA152: ='CHAM CONG'!#REF! -> #REF! | AB152: ='CHAM CONG'!#REF! -> #REF! | AC152: ='CHAM CONG'!#REF! -> #REF! | AD152: ='CHAM CONG'!#REF! -> #REF! | AE152: =ROUND(W152*0.44,2) -> 477.4 | AF152: =I152+Q152 -> 326 | AG152: =J152 -> 144 | AH152: =K152 -> 255 | AI152: =H152+P152 -> 360 | AJ152: =SUM(AF152:AI152) -> 1085
A153: 270 | B153: 7 | H153: 247 | I153: 155 | J153: 93 | K153: 272 | P153: 203 | Q153: 152 | W153: =SUM(C153:V153) -> 1122 | Y153: =W153-X153 -> 1122 | AA153: ='CHAM CONG'!#REF! -> #REF! | AB153: ='CHAM CONG'!#REF! -> #REF! | AC153: ='CHAM CONG'!#REF! -> #REF! | AD153: ='CHAM CONG'!#REF! -> #REF! | AE153: =ROUND(W153*0.44,2) -> 493.68 | AF153: =I153+Q153 -> 307 | AG153: =J153 -> 93 | AH153: =K153 -> 272 | AI153: =H153+P153 -> 450 | AJ153: =SUM(AF153:AI153) -> 1122
A154: 271 | B154: 7 | H154: 180 | I154: 78 | J154: 43 | K154: 199 | P154: 166 | Q154: 170 | W154: =SUM(C154:V154) -> 836 | Y154: =W154-X154 -> 836 | AA154: ='CHAM CONG'!#REF! -> #REF! | AB154: ='CHAM CONG'!#REF! -> #REF! | AC154: ='CHAM CONG'!#REF! -> #REF! | AD154: ='CHAM CONG'!#REF! -> #REF! | AE154: =ROUND(W154*0.44,2) -> 367.84 | AF154: =I154+Q154 -> 248 | AG154: =J154 -> 43 | AH154: =K154 -> 199 | AI154: =H154+P154 -> 346 | AJ154: =SUM(AF154:AI154) -> 836
A155: 272 | B155: 7 | H155: 206 | I155: 226 | J155: 82 | K155: 147 | P155: 132 | Q155: 274 | W155: =SUM(C155:V155) -> 1067 | Y155: =W155-X155 -> 1067 | AA155: ='CHAM CONG'!#REF! -> #REF! | AB155: ='CHAM CONG'!#REF! -> #REF! | AC155: ='CHAM CONG'!#REF! -> #REF! | AD155: ='CHAM CONG'!#REF! -> #REF! | AE155: =ROUND(W155*0.44,2) -> 469.48 | AF155: =I155+Q155 -> 500 | AG155: =J155 -> 82 | AH155: =K155 -> 147 | AI155: =H155+P155 -> 338 | AJ155: =SUM(AF155:AI155) -> 1067
A156: 273 | B156: 7 | H156: 189 | I156: 95 | J156: 93 | K156: 108 | P156: 165 | Q156: 161 | W156: =SUM(C156:V156) -> 811 | Y156: =W156-X156 -> 811 | AA156: ='CHAM CONG'!#REF! -> #REF! | AB156: ='CHAM CONG'!#REF! -> #REF! | AC156: ='CHAM CONG'!#REF! -> #REF! | AD156: ='CHAM CONG'!#REF! -> #REF! | AE156: =ROUND(W156*0.44,2) -> 356.84 | AF156: =I156+Q156 -> 256 | AG156: =J156 -> 93 | AH156: =K156 -> 108 | AI156: =H156+P156 -> 354 | AJ156: =SUM(AF156:AI156) -> 811
A157: 274 | B157: 7 | H157: 181 | I157: 99 | J157: 147 | K157: 189 | P157: 163 | Q157: 108 | W157: =SUM(C157:V157) -> 887 | Y157: =W157-X157 -> 887 | AA157: ='CHAM CONG'!#REF! -> #REF! | AB157: ='CHAM CONG'!#REF! -> #REF! | AC157: ='CHAM CONG'!#REF! -> #REF! | AD157: ='CHAM CONG'!#REF! -> #REF! | AE157: =ROUND(W157*0.44,2) -> 390.28 | AF157: =I157+Q157 -> 207 | AG157: =J157 -> 147 | AH157: =K157 -> 189 | AI157: =H157+P157 -> 344 | AJ157: =SUM(AF157:AI157) -> 887
A158: 275 | B158: 7 | H158: 228 | I158: 156 | J158: 76 | K158: 183 | P158: 84 | Q158: 173 | W158: =SUM(C158:V158) -> 900 | Y158: =W158-X158 -> 900 | AA158: ='CHAM CONG'!#REF! -> #REF! | AB158: ='CHAM CONG'!#REF! -> #REF! | AC158: ='CHAM CONG'!#REF! -> #REF! | AD158: ='CHAM CONG'!#REF! -> #REF! | AE158: =ROUND(W158*0.44,2) -> 396 | AF158: =I158+Q158 -> 329 | AG158: =J158 -> 76 | AH158: =K158 -> 183 | AI158: =H158+P158 -> 312 | AJ158: =SUM(AF158:AI158) -> 900
A159: 276 | B159: 7 | H159: 172 | I159: 40 | J159: 112 | K159: 145 | P159: 184 | Q159: 112 | W159: =SUM(C159:V159) -> 765 | Y159: =W159-X159 -> 765 | AA159: ='CHAM CONG'!#REF! -> #REF! | AB159: ='CHAM CONG'!#REF! -> #REF! | AC159: ='CHAM CONG'!#REF! -> #REF! | AD159: ='CHAM CONG'!#REF! -> #REF! | AE159: =ROUND(W159*0.44,2) -> 336.6 | AF159: =I159+Q159 -> 152 | AG159: =J159 -> 112 | AH159: =K159 -> 145 | AI159: =H159+P159 -> 356 | AJ159: =SUM(AF159:AI159) -> 765
A160: 277 | B160: 7 | H160: 168 | I160: 44 | J160: 138 | K160: 116 | P160: 175 | Q160: 118 | W160: =SUM(C160:V160) -> 759 | Y160: =W160-X160 -> 759 | AA160: ='CHAM CONG'!#REF! -> #REF! | AB160: ='CHAM CONG'!#REF! -> #REF! | AC160: ='CHAM CONG'!#REF! -> #REF! | AD160: ='CHAM CONG'!#REF! -> #REF! | AE160: =ROUND(W160*0.44,2) -> 333.96 | AF160: =I160+Q160 -> 162 | AG160: =J160 -> 138 | AH160: =K160 -> 116 | AI160: =H160+P160 -> 343 | AJ160: =SUM(AF160:AI160) -> 759
... A175: 292 | B175: 7 | H175: 83 | I175: 51 | J175: 115 | K175: 211 | P175: 92 | Q175: 118 | W175: =SUM(C175:V175) -> 670 | Y175: =W175-X175 -> 670 | AA175: ='CHAM CONG'!#REF! -> #REF! | AB175: ='CHAM CONG'!#REF! -> #REF! | AC175: ='CHAM CONG'!#REF! -> #REF! | AD175: ='CHAM CONG'!#REF! -> #REF! | AE175: =ROUND(W175*0.44,2) -> 294.8 | AF175: =I175+Q175 -> 169 | AG175: =J175 -> 115 | AH175: =K175 -> 211 | AI175: =H175+P175 -> 175 | AJ175: =SUM(AF175:AI175) -> 670
G176: C | H176: A | I176: B | J176: B | M176: C | N176: A | O176: B | P176: B | AK176: TỔ 2
A177: GA 2 | C177: =SUM(C178:C314) -> 0 | D177: =SUM(D178:D314) -> 0 | E177: =SUM(E178:E314) -> 0 | F177: =SUM(F178:F314) -> 0 | G177: =SUM(G178:G314) -> 16908 | H177: =SUM(H178:H314) -> 30434 | I177: =SUM(I178:I314) -> 23859 | J177: =SUM(J178:J314) -> 433 | ... AJ177: =SUM(AJ178:AJ314) -> 154858 | AK177: =SUM(AJ178:AJ222) -> 38996 | AU177: =SUM(AU178:AU222) -> 0
A178: 48 | B178: 2 | G178: 0 | H178: 216 | I178: 93 | M178: 61 | N178: 141 | O178: 174 | W178: =SUM(C178:V178) -> 685 | Y178: =W178-X178 -> 685 | AA178: ='CHAM CONG'!BA177 -> 0 | AB178: ='CHAM CONG'!BB177 -> 0 | AC178: ='CHAM CONG'!BC177 -> 0 | AD178: ='CHAM CONG'!BD177 -> 0 | AE178: =ROUND(W178*0.44,2) -> 301.4 | AF178: =H178+N178 -> 357 | AG178: =I178+J178+O178+P178 -> 267 | AH178: =G178+M178 -> 61 | AJ178: =SUM(AF178:AI178) -> 685 | AU178: =SUM(AS178:AT178)/10 -> 0
A179: 49 | B179: 2 | G179: 0 | H179: 202 | I179: 90 | M179: 63 | N179: 134 | O179: 170 | W179: =SUM(C179:V179) -> 659 | Y179: =W179-X179 -> 659 | AA179: ='CHAM CONG'!BA178 -> 0 | AB179: ='CHAM CONG'!BB178 -> 0 | AC179: ='CHAM CONG'!BC178 -> 0 | AD179: ='CHAM CONG'!BD178 -> 0 | AE179: =ROUND(W179*0.44,2) -> 289.96 | AF179: =H179+N179 -> 336 | AG179: =I179+J179+O179+P179 -> 260 | AH179: =G179+M179 -> 63 | AJ179: =SUM(AF179:AI179) -> 659 | AU179: =SUM(AS179:AT179)/10 -> 0
A180: 50 | B180: 2 | G180: 0 | H180: 321 | I180: 95 | M180: 143 | N180: 161 | O180: 229 | W180: =SUM(C180:V180) -> 949 | Y180: =W180-X180 -> 949 | AA180: ='CHAM CONG'!BA179 -> 0 | AB180: ='CHAM CONG'!BB179 -> 0 | AC180: ='CHAM CONG'!BC179 -> 0 | AD180: ='CHAM CONG'!BD179 -> 0 | AE180: =ROUND(W180*0.44,2) -> 417.56 | AF180: =H180+N180 -> 482 | AG180: =I180+J180+O180+P180 -> 324 | AH180: =G180+M180 -> 143 | AJ180: =SUM(AF180:AI180) -> 949 | AU180: =SUM(AS180:AT180)/10 -> 0
A181: 51 | B181: 2 | G181: 0 | H181: 279 | I181: 99 | M181: 140 | N181: 153 | O181: 225 | W181: =SUM(C181:V181) -> 896 | Y181: =W181-X181 -> 896 | AA181: ='CHAM CONG'!BA180 -> 0 | AB181: ='CHAM CONG'!BB180 -> 0 | AC181: ='CHAM CONG'!BC180 -> 0 | AD181: ='CHAM CONG'!BD180 -> 0 | AE181: =ROUND(W181*0.44,2) -> 394.24 | AF181: =H181+N181 -> 432 | AG181: =I181+J181+O181+P181 -> 324 | AH181: =G181+M181 -> 140 | AJ181: =SUM(AF181:AI181) -> 896 | AU181: =SUM(AS181:AT181)/10 -> 0
A182: 52 | B182: 2 | G182: 0 | H182: 168 | I182: 66 | M182: 32 | N182: 61 | O182: 126 | W182: =SUM(C182:V182) -> 453 | Y182: =W182-X182 -> 453 | AA182: ='CHAM CONG'!BA181 -> 0 | AB182: ='CHAM CONG'!BB181 -> 0 | AC182: ='CHAM CONG'!BC181 -> 0 | AD182: ='CHAM CONG'!BD181 -> 0 | AE182: =ROUND(W182*0.44,2) -> 199.32 | AF182: =H182+N182 -> 229 | AG182: =I182+J182+O182+P182 -> 192 | AH182: =G182+M182 -> 32 | AJ182: =SUM(AF182:AI182) -> 453 | AU182: =SUM(AS182:AT182)/10 -> 0
...

Sheet GA 1
A1: CÔNG TY TNHH CAO SU MEKONG
A2: ĐƠN VỊ: ĐỘI SẢN XUẤT 1
A3: _________________
A4: BẢNG CHẤM CÔNG CÔNG NHÂN KHAI THÁC
A5: THÁNG 01 NĂM 2026
A6: ល.រ STT | B6: TỔ | C6: Phần cây | D6: ឆាំ​​​កំណើត​(ប្រុស)​ Năm Sinh (Nam) | E6: ឆាំ​កំណើត​(ស្រី)​ Năm Sinh (Nữ) | F6: អត្តសញ្ញាណCMND | G6: ត្រកូលនិងឈ្មោះ Họ và tên | H6: ត្រកូលនិងឈ្មោះ Họ và tên | I6: C | J6: A | K6: B | L6: C | M6: A | N6: B | O6: C | P6: A | Q6: B | R6: C | S6: A | T6: B | U6: C | V6: A | W6: B | X6: A | Y6: C | Z6: កម្លាំង Tổng công A-B-C | AB6: ជាប្រាក់ Thành tiền | AF6: D2 | AH6: សាំង/ XĂNG | AJ6: សរុប TỔNG TIỀN | AK6: ​ទិន្ទផលជ័រ /SẢN LƯỢNG MỦ ĐỢT I | AU6: MỦ DÂY | AX6: សរុប TỔNG TIỀN | AY6: TIỀN XĂNG ប្រាក់​សាំង | BB6: ត្រូវទទួល Thực nhận | BC6: GHI CHÚ
I7: 1 | J7: 2 | K7: 3 | L7: 4 | M7: 5 | N7: 6 | O7: 7 | P7: 8 | Q7: 9 | R7: 10 | S7: 11 | T7: 12 | U7: 13 | V7: 14 | W7: 15 | X7: 7 | Y7: 8 | AC7: 2 | AD7: 3 | AE7: 14 | AF7: កម្លាំង Công | AG7: ជាប្រាក់ Thành tiền | AH7: កម្លាំង Công | AI7: ជាប្រាក់ Thành tiền | AK7: A | AL7: B | AM7: C | AN7: D | AO7: សរុបជ័រ Công | AP7: ជាប្រាក់ Tiền (44%) | AQ7: សរុបជ័រ Công | AR7: ជាប្រាក់ Tiền (44%) | AS7: សរុបជ័រ Công | AT7: ជាប្រាក់ Tiền (44%) | AU7: Khối lượng (kg) | AV7: Công | AW7: Thành tiền | AY7: Công | AZ7: Thành tiền | BA7: Dao
A8: A | AB8: 16000 | AG8: 17000 | AI8: 1000 | AK8: A | AL8: B | AM8: C | AN8: D | AP8: 555 | AR8: 505 | AT8: 455 | AZ8: 2000
BB9: =AG9+AJ9 -> 0
A10: 1 | B10: 1 | C10: 1 | D10: ='Tên Tháng 1'!B4 -> 33030 | E10: ='Tên Tháng 1'!C4 -> ស្រី | F10: ='Tên Tháng 1'!D4 -> 150429518 | G10: ='Tên Tháng 1'!E4 -> ឆែម ហុង | H10: ='Tên Tháng 1'!F4 -> CHHEM HONG | I10: ='CHAM CONG'!G8 -> 0 | J10: ='CHAM CONG'!H8 -> 0 | K10: ='CHAM CONG'!I8 -> x | L10: ='CHAM CONG'!J8 -> 0 | M10: ='CHAM CONG'!K8 -> 0 | N10: ='CHAM CONG'!L8 -> 0 | O10: ='CHAM CONG'!M8 -> x | P10: ='CHAM CONG'!N8 -> x | ... W10: ='CHAM CONG'!U8 -> x | Z10: =COUNTIF(I10:W10,"X") -> 10 | AA10: =ROUND(Z10*$Z$8/30456,2)+$AA$2 -> 0 | AB10: =ROUND(Z10*$AB$8,0) -> 160000 | AC10: ='CHAM CONG'!V8 -> 0 | AD10: ='CHAM CONG'!W8 -> 0 | AE10: ='CHAM CONG'!X8 -> 0 | AF10: =COUNTIF(AC10:AE10,"X") -> 0 | AG10: =ROUND(AF10*$AG$8,0) -> 0 | AH10: =Z10 -> 10 | AI10: =ROUND(AH10*$AI$8,0) -> 10000 | AJ10: =AB10+AI10+AG10 -> 170000 | AK10: ='SAN LUONG'!AF9 -> 67 | AL10: ='SAN LUONG'!AG9 -> 375 | AM10: ='SAN LUONG'!AH9 -> 275 | AN10: ='SAN LUONG'!AI9 -> 0 | AO10: =SUM(AK10:AN10) -> 717 | AP10: =ROUND(AO10*0.44*$AP$8,0) -> 175091 | AR10: =ROUND(AQ10*0.44*$AR$8,0) -> 0 | AT10: =ROUND(AS10*0.44*$AT$8,0) -> 0 | AU10: ='SAN LUONG'!AU9 -> 0 | AV10: =ROUND((AU10*1000)/30456,2) -> 0 | AW10: =AU10*1000 -> 0 | AX10: =AJ10+AT10+AR10+AP10 -> 345091 | BB10: =AX10 -> 345091 | BD10: =ROUND(BB10/31947,2) -> 10.8
A11: 2 | B11: 1 | C11: 2 | D11: ='Tên Tháng 1'!B5 -> 35982 | E11: ='Tên Tháng 1'!C5 -> ប្រុស | F11: ='Tên Tháng 1'!D5 -> 220140698 | G11: ='Tên Tháng 1'!E5 -> សុទ្ធ សីថា | H11: ='Tên Tháng 1'!F5 -> SOT SEYTHA | I11: ='CHAM CONG'!G9 -> 0 | J11: ='CHAM CONG'!H9 -> x | K11: ='CHAM CONG'!I9 -> x | L11: ='CHAM CONG'!J9 -> 0 | M11: ='CHAM CONG'!K9 -> x | N11: ='CHAM CONG'!L9 -> x | O11: ='CHAM CONG'!M9 -> x | P11: ='CHAM CONG'!N9 -> x | ... W11: ='CHAM CONG'!U9 -> x | Z11: =COUNTIF(I11:W11,"X") -> 13 | AA11: =ROUND(Z11*$Z$8/30456,2)+$AA$2 -> 0 | AB11: =ROUND(Z11*$AB$8,0) -> 208000 | AC11: ='CHAM CONG'!V9 -> 0 | AD11: ='CHAM CONG'!W9 -> 0 | AE11: ='CHAM CONG'!X9 -> 0 | AF11: =COUNTIF(AC11:AE11,"X") -> 0 | AG11: =ROUND(AF11*$AG$8,0) -> 0 | AH11: =Z11 -> 13 | AI11: =ROUND(AH11*$AI$8,0) -> 13000 | AJ11: =AB11+AI11+AG11 -> 221000 | AK11: ='SAN LUONG'!AF10 -> 236 | AL11: ='SAN LUONG'!AG10 -> 435 | AM11: ='SAN LUONG'!AH10 -> 364 | AN11: ='SAN LUONG'!AI10 -> 0 | AO11: =SUM(AK11:AN11) -> 1035 | AP11: =ROUND(AO11*0.44*$AP$8,0) -> 252747 | AR11: =ROUND(AQ11*0.44*$AR$8,0) -> 0 | AT11: =ROUND(AS11*0.44*$AT$8,0) -> 0 | AU11: ='SAN LUONG'!AU10 -> 0 | AV11: =ROUND((AU11*1000)/30456,2) -> 0 | AW11: =AU11*1000 -> 0 | AX11: =AJ11+AT11+AR11+AP11 -> 473747 | BB11: =AX11 -> 473747 | BD11: =ROUND(BB11/31947,2) -> 14.83
A12: 3 | B12: 1 | C12: 3 | D12: ='Tên Tháng 1'!B6 -> 38457 | E12: ='Tên Tháng 1'!C6 -> ប្រុស | F12: ='Tên Tháng 1'!D6 -> 151027370 | G12: ='Tên Tháng 1'!E6 -> រ៉ន ចាន់រាជ | H12: ='Tên Tháng 1'!F6 -> RORN CHANREACH | I12: ='CHAM CONG'!G10 -> x | J12: ='CHAM CONG'!H10 -> x | K12: ='CHAM CONG'!I10 -> x | L12: ='CHAM CONG'!J10 -> 0 | M12: ='CHAM CONG'!K10 -> x | N12: ='CHAM CONG'!L10 -> x | O12: ='CHAM CONG'!M10 -> x | P12: ='CHAM CONG'!N10 -> x | ... W12: ='CHAM CONG'!U10 -> x | Z12: =COUNTIF(I12:W12,"X") -> 14 | AA12: =ROUND(Z12*$Z$8/30456,2)+$AA$2 -> 0 | AB12: =ROUND(Z12*$AB$8,0) -> 224000 | AC12: ='CHAM CONG'!V10 -> x | AD12: ='CHAM CONG'!W10 -> 0 | AE12: ='CHAM CONG'!X10 -> 0 | AF12: =COUNTIF(AC12:AE12,"X") -> 1 | AG12: =ROUND(AF12*$AG$8,0) -> 17000 | AH12: =Z12 -> 14 | AI12: =ROUND(AH12*$AI$8,0) -> 14000 | AJ12: =AB12+AI12+AG12 -> 255000 | AK12: ='SAN LUONG'!AF11 -> 341 | AL12: ='SAN LUONG'!AG11 -> 463 | AM12: ='SAN LUONG'!AH11 -> 469 | AN12: ='SAN LUONG'!AI11 -> 0 | AO12: =SUM(AK12:AN12) -> 1273 | AP12: =ROUND(AO12*0.44*$AP$8,0) -> 310867 | AR12: =ROUND(AQ12*0.44*$AR$8,0) -> 0 | AT12: =ROUND(AS12*0.44*$AT$8,0) -> 0 | AU12: ='SAN LUONG'!AU11 -> 0 | AV12: =ROUND((AU12*1000)/30456,2) -> 0 | AW12: =AU12*1000 -> 0 | AX12: =AJ12+AT12+AR12+AP12 -> 565867 | BB12: =AX12 -> 565867 | BD12: =ROUND(BB12/31947,2) -> 17.71
A13: 4 | B13: 1 | C13: 4 | D13: ='Tên Tháng 1'!B7 -> 36175 | E13: ='Tên Tháng 1'!C7 -> ស្រី | F13: ='Tên Tháng 1'!D7 -> 150815265 | G13: ='Tên Tháng 1'!E7 -> ណំ ធីងធីង | H13: ='Tên Tháng 1'!F7 -> NON THING THING | I13: ='CHAM CONG'!G11 -> 0 | J13: ='CHAM CONG'!H11 -> x | K13: ='CHAM CONG'!I11 -> x | L13: ='CHAM CONG'!J11 -> 0 | M13: ='CHAM CONG'!K11 -> x | N13: ='CHAM CONG'!L11 -> x | O13: ='CHAM CONG'!M11 -> x | P13: ='CHAM CONG'!N11 -> x | ... W13: ='CHAM CONG'!U11 -> x | Z13: =COUNTIF(I13:W13,"X") -> 13 | AA13: =ROUND(Z13*$Z$8/30456,2)+$AA$2 -> 0 | AB13: =ROUND(Z13*$AB$8,0) -> 208000 | AC13: ='CHAM CONG'!V11 -> 0 | AD13: ='CHAM CONG'!W11 -> 0 | AE13: ='CHAM CONG'!X11 -> 0 | AF13: =COUNTIF(AC13:AE13,"X") -> 0 | AG13: =ROUND(AF13*$AG$8,0) -> 0 | AH13: =Z13 -> 13 | AI13: =ROUND(AH13*$AI$8,0) -> 13000 | AJ13: =AB13+AI13+AG13 -> 221000 | AK13: ='SAN LUONG'!AF12 -> 239 | AL13: ='SAN LUONG'!AG12 -> 377 | AM13: ='SAN LUONG'!AH12 -> 354 | AN13: ='SAN LUONG'!AI12 -> 0 | AO13: =SUM(AK13:AN13) -> 970 | AP13: =ROUND(AO13*0.44*$AP$8,0) -> 236874 | AR13: =ROUND(AQ13*0.44*$AR$8,0) -> 0 | AT13: =ROUND(AS13*0.44*$AT$8,0) -> 0 | AU13: ='SAN LUONG'!AU12 -> 0 | AV13: =ROUND((AU13*1000)/30456,2) -> 0 | AW13: =AU13*1000 -> 0 | AX13: =AJ13+AT13+AR13+AP13 -> 457874 | BB13: =AX13 -> 457874 | BD13: =ROUND(BB13/31947,2) -> 14.33
A14: 5 | B14: 1 | C14: 5 | D14: ='Tên Tháng 1'!B9 -> 35986 | E14: ='Tên Tháng 1'!C9 -> ប្រុស | F14: ='Tên Tháng 1'!D9 -> 220152906 | G14: ='Tên Tháng 1'!E8 -> វ៉ាន់ បូរ៉ុង | H14: ='Tên Tháng 1'!F8 -> VANN BORONG | I14: ='CHAM CONG'!G12 -> x | J14: ='CHAM CONG'!H12 -> x | K14: ='CHAM CONG'!I12 -> x | L14: ='CHAM CONG'!J12 -> 0 | M14: ='CHAM CONG'!K12 -> x | N14: ='CHAM CONG'!L12 -> x | O14: ='CHAM CONG'!M12 -> x | P14: ='CHAM CONG'!N12 -> x | ... W14: ='CHAM CONG'!U12 -> x | Z14: =COUNTIF(I14:W14,"X") -> 14 | AA14: =ROUND(Z14*$Z$8/30456,2)+$AA$2 -> 0 | AB14: =ROUND(Z14*$AB$8,0) -> 224000 | AC14: ='CHAM CONG'!V12 -> 0 | AD14: ='CHAM CONG'!W12 -> 0 | AE14: ='CHAM CONG'!X12 -> x | AF14: =COUNTIF(AC14:AE14,"X") -> 1 | AG14: =ROUND(AF14*$AG$8,0) -> 17000 | AH14: =Z14 -> 14 | AI14: =ROUND(AH14*$AI$8,0) -> 14000 | AJ14: =AB14+AI14+AG14 -> 255000 | AK14: ='SAN LUONG'!AF13 -> 353 | AL14: ='SAN LUONG'!AG13 -> 399 | AM14: ='SAN LUONG'!AH13 -> 433 | AN14: ='SAN LUONG'!AI13 -> 0 | AO14: =SUM(AK14:AN14) -> 1185 | AP14: =ROUND(AO14*0.44*$AP$8,0) -> 289377 | AR14: =ROUND(AQ14*0.44*$AR$8,0) -> 0 | AT14: =ROUND(AS14*0.44*$AT$8,0) -> 0 | AU14: ='SAN LUONG'!AU13 -> 0 | AV14: =ROUND((AU14*1000)/30456,2) -> 0 | AW14: =AU14*1000 -> 0 | AX14: =AJ14+AT14+AR14+AP14 -> 544377 | BB14: =AX14 -> 544377 | BD14: =ROUND(BB14/31947,2) -> 17.04
A15: 6 | B15: 1 | C15: 6 | D15: ='Tên Tháng 1'!B10 -> 36651 | E15: ='Tên Tháng 1'!C10 -> ប្រុស | F15: ='Tên Tháng 1'!D10 -> 220175364 | G15: ='Tên Tháng 1'!E9 -> យឿង សុខជា | H15: ='Tên Tháng 1'!F9 -> YOEUNG SOKCHEA | I15: ='CHAM CONG'!G13 -> x | J15: ='CHAM CONG'!H13 -> x | K15: ='CHAM CONG'!I13 -> x | L15: ='CHAM CONG'!J13 -> 0 | M15: ='CHAM CONG'!K13 -> 0 | N15: ='CHAM CONG'!L13 -> x | O15: ='CHAM CONG'!M13 -> x | P15: ='CHAM CONG'!N13 -> x | ... W15: ='CHAM CONG'!U13 -> x | Z15: =COUNTIF(I15:W15,"X") -> 13 | AA15: =ROUND(Z15*$Z$8/30456,2)+$AA$2 -> 0 | AB15: =ROUND(Z15*$AB$8,0) -> 208000 | AC15: ='CHAM CONG'!V13 -> 0 | AD15: ='CHAM CONG'!W13 -> 0 | AE15: ='CHAM CONG'!X13 -> 0 | AF15: =COUNTIF(AC15:AE15,"X") -> 0 | AG15: =ROUND(AF15*$AG$8,0) -> 0 | AH15: =Z15 -> 13 | AI15: =ROUND(AH15*$AI$8,0) -> 13000 | AJ15: =AB15+AI15+AG15 -> 221000 | AK15: ='SAN LUONG'!AF14 -> 344 | AL15: ='SAN LUONG'!AG14 -> 474 | AM15: ='SAN LUONG'!AH14 -> 318 | AN15: ='SAN LUONG'!AI14 -> 0 | AO15: =SUM(AK15:AN15) -> 1136 | AP15: =ROUND(AO15*0.44*$AP$8,0) -> 277411 | AR15: =ROUND(AQ15*0.44*$AR$8,0) -> 0 | AT15: =ROUND(AS15*0.44*$AT$8,0) -> 0 | AU15: ='SAN LUONG'!AU14 -> 0 | AV15: =ROUND((AU15*1000)/30456,2) -> 0 | AW15: =AU15*1000 -> 0 | AX15: =AJ15+AT15+AR15+AP15 -> 498411 | BB15: =AX15 -> 498411 | BD15: =ROUND(BB15/31947,2) -> 15.6
A16: 7 | B16: 1 | C16: 7 | D16: ='Tên Tháng 1'!B11 -> 35950 | E16: ='Tên Tháng 1'!C11 -> ប្រុស | F16: ='Tên Tháng 1'!D11 -> 220209900 | G16: ='Tên Tháng 1'!E10 -> អួន សុភាព | H16: ='Tên Tháng 1'!F10 -> OURN SOPHEAP | I16: ='CHAM CONG'!G14 -> 0 | J16: ='CHAM CONG'!H14 -> x | K16: ='CHAM CONG'!I14 -> x | L16: ='CHAM CONG'!J14 -> 0 | M16: ='CHAM CONG'!K14 -> x | N16: ='CHAM CONG'!L14 -> 0 | O16: ='CHAM CONG'!M14 -> x | P16: ='CHAM CONG'!N14 -> x | ... W16: ='CHAM CONG'!U14 -> x | Z16: =COUNTIF(I16:W16,"X") -> 12 | AA16: =ROUND(Z16*$Z$8/30456,2)+$AA$2 -> 0 | AB16: =ROUND(Z16*$AB$8,0) -> 192000 | AC16: ='CHAM CONG'!V14 -> x | AD16: ='CHAM CONG'!W14 -> 0 | AE16: ='CHAM CONG'!X14 -> 0 | AF16: =COUNTIF(AC16:AE16,"X") -> 1 | AG16: =ROUND(AF16*$AG$8,0) -> 17000 | AH16: =Z16 -> 12 | AI16: =ROUND(AH16*$AI$8,0) -> 12000 | AJ16: =AB16+AI16+AG16 -> 221000 | AK16: ='SAN LUONG'!AF15 -> 163 | AL16: ='SAN LUONG'!AG15 -> 388 | AM16: ='SAN LUONG'!AH15 -> 334 | AN16: ='SAN LUONG'!AI15 -> 0 | AO16: =SUM(AK16:AN16) -> 885 | AP16: =ROUND(AO16*0.44*$AP$8,0) -> 216117 | AR16: =ROUND(AQ16*0.44*$AR$8,0) -> 0 | AT16: =ROUND(AS16*0.44*$AT$8,0) -> 0 | AU16: ='SAN LUONG'!AU15 -> 0 | AV16: =ROUND((AU16*1000)/30456,2) -> 0 | AW16: =AU16*1000 -> 0 | AX16: =AJ16+AT16+AR16+AP16 -> 437117 | BB16: =AX16 -> 437117 | BD16: =ROUND(BB16/31947,2) -> 13.68
A17: 8 | B17: 1 | C17: 8 | D17: ='Tên Tháng 1'!B12 -> 36447 | E17: ='Tên Tháng 1'!C12 -> ប្រុស | F17: ='Tên Tháng 1'!D12 -> 150789799 | G17: ='Tên Tháng 1'!E11 -> ភួន ភី | H17: ='Tên Tháng 1'!F11 -> PHUON PHY | I17: ='CHAM CONG'!G15 -> x | J17: ='CHAM CONG'!H15 -> x | K17: ='CHAM CONG'!I15 -> x | L17: ='CHAM CONG'!J15 -> 0 | M17: ='CHAM CONG'!K15 -> x | N17: ='CHAM CONG'!L15 -> x | O17: ='CHAM CONG'!M15 -> x | P17: ='CHAM CONG'!N15 -> x | ... W17: ='CHAM CONG'!U15 -> x | Z17: =COUNTIF(I17:W17,"X") -> 13 | AA17: =ROUND(Z17*$Z$8/30456,2)+$AA$2 -> 0 | AB17: =ROUND(Z17*$AB$8,0) -> 208000 | AC17: ='CHAM CONG'!V15 -> 0 | AD17: ='CHAM CONG'!W15 -> 0 | AE17: ='CHAM CONG'!X15 -> 0 | AF17: =COUNTIF(AC17:AE17,"X") -> 0 | AG17: =ROUND(AF17*$AG$8,0) -> 0 | AH17: =Z17 -> 13 | AI17: =ROUND(AH17*$AI$8,0) -> 13000 | AJ17: =AB17+AI17+AG17 -> 221000 | AK17: ='SAN LUONG'!AF16 -> 304 | AL17: ='SAN LUONG'!AG16 -> 401 | AM17: ='SAN LUONG'!AH16 -> 369 | AN17: ='SAN LUONG'!AI16 -> 0 | AO17: =SUM(AK17:AN17) -> 1074 | AP17: =ROUND(AO17*0.44*$AP$8,0) -> 262271 | AR17: =ROUND(AQ17*0.44*$AR$8,0) -> 0 | AT17: =ROUND(AS17*0.44*$AT$8,0) -> 0 | AU17: ='SAN LUONG'!AU16 -> 0 | AV17: =ROUND((AU17*1000)/30456,2) -> 0 | AW17: =AU17*1000 -> 0 | AX17: =AJ17+AT17+AR17+AP17 -> 483271 | BB17: =AX17 -> 483271 | BD17: =ROUND(BB17/31947,2) -> 15.13
A18: 9 | B18: 1 | C18: 9 | D18: ='Tên Tháng 1'!B13 -> 38244 | E18: ='Tên Tháng 1'!C13 -> ស្រី | F18: ='Tên Tháng 1'!D13 -> 150983095 | G18: ='Tên Tháng 1'!E12 -> ទូ គុលា | H18: ='Tên Tháng 1'!F12 -> TO TOKLA | I18: ='CHAM CONG'!G16 -> x | J18: ='CHAM CONG'!H16 -> x | K18: ='CHAM CONG'!I16 -> x | L18: ='CHAM CONG'!J16 -> 0 | M18: ='CHAM CONG'!K16 -> x | N18: ='CHAM CONG'!L16 -> x | O18: ='CHAM CONG'!M16 -> x | P18: ='CHAM CONG'!N16 -> 0 | ... W18: ='CHAM CONG'!U16 -> x | Z18: =COUNTIF(I18:W18,"X") -> 12 | AA18: =ROUND(Z18*$Z$8/30456,2)+$AA$2 -> 0 | AB18: =ROUND(Z18*$AB$8,0) -> 192000 | AC18: ='CHAM CONG'!V16 -> 0 | AD18: ='CHAM CONG'!W16 -> 0 | AE18: ='CHAM CONG'!X16 -> 0 | AF18: =COUNTIF(AC18:AE18,"X") -> 0 | AG18: =ROUND(AF18*$AG$8,0) -> 0 | AH18: =Z18 -> 12 | AI18: =ROUND(AH18*$AI$8,0) -> 12000 | AJ18: =AB18+AI18+AG18 -> 204000 | AK18: ='SAN LUONG'!AF17 -> 120 | AL18: ='SAN LUONG'!AG17 -> 364 | AM18: ='SAN LUONG'!AH17 -> 78 | AN18: ='SAN LUONG'!AI17 -> 0 | AO18: =SUM(AK18:AN18) -> 562 | AP18: =ROUND(AO18*0.44*$AP$8,0) -> 137240 | AR18: =ROUND(AQ18*0.44*$AR$8,0) -> 0 | AT18: =ROUND(AS18*0.44*$AT$8,0) -> 0 | AU18: ='SAN LUONG'!AU17 -> 0 | AV18: =ROUND((AU18*1000)/30456,2) -> 0 | AW18: =AU18*1000 -> 0 | AX18: =AJ18+AT18+AR18+AP18 -> 341240 | BB18: =AX18 -> 341240 | BD18: =ROUND(BB18/31947,2) -> 10.68
A19: 10 | B19: 1 | C19: 10 | D19: ='Tên Tháng 1'!B14 -> 29073 | E19: ='Tên Tháng 1'!C14 -> ស្រី | F19: ='Tên Tháng 1'!D14 -> 150814730 | G19: ='Tên Tháng 1'!E13 -> ណំ សិទ្ធិ | H19: ='Tên Tháng 1'!F13 -> NOM SITH | I19: ='CHAM CONG'!G17 -> x | J19: ='CHAM CONG'!H17 -> x | K19: ='CHAM CONG'!I17 -> x | L19: ='CHAM CONG'!J17 -> 0 | M19: ='CHAM CONG'!K17 -> 0 | N19: ='CHAM CONG'!L17 -> x | O19: ='CHAM CONG'!M17 -> x | P19: ='CHAM CONG'!N17 -> x | ... W19: ='CHAM CONG'!U17 -> x | Z19: =COUNTIF(I19:W19,"X") -> 13 | AA19: =ROUND(Z19*$Z$8/30456,2)+$AA$2 -> 0 | AB19: =ROUND(Z19*$AB$8,0) -> 208000 | AC19: ='CHAM CONG'!V17 -> 0 | AD19: ='CHAM CONG'!W17 -> 0 | AE19: ='CHAM CONG'!X17 -> 0 | AF19: =COUNTIF(AC19:AE19,"X") -> 0 | AG19: =ROUND(AF19*$AG$8,0) -> 0 | AH19: =Z19 -> 13 | AI19: =ROUND(AH19*$AI$8,0) -> 13000 | AJ19: =AB19+AI19+AG19 -> 221000 | AK19: ='SAN LUONG'!AF18 -> 205 | AL19: ='SAN LUONG'!AG18 -> 603 | AM19: ='SAN LUONG'!AH18 -> 368 | AN19: ='SAN LUONG'!AI18 -> 0 | AO19: =SUM(AK19:AN19) -> 1176 | AP19: =ROUND(AO19*0.44*$AP$8,0) -> 287179 | AR19: =ROUND(AQ19*0.44*$AR$8,0) -> 0 | AT19: =ROUND(AS19*0.44*$AT$8,0) -> 0 | AU19: ='SAN LUONG'!AU18 -> 0 | AV19: =ROUND((AU19*1000)/30456,2) -> 0 | AW19: =AU19*1000 -> 0 | AX19: =AJ19+AT19+AR19+AP19 -> 508179 | BB19: =AX19 -> 508179 | BD19: =ROUND(BB19/31947,2) -> 15.91
A20: 11 | B20: 1 | C20: 11 | D20: ='Tên Tháng 1'!B15 -> 29082 | E20: ='Tên Tháng 1'!C15 -> ស្រី | F20: ='Tên Tháng 1'!D15 -> 150427542 | G20: ='Tên Tháng 1'!E14 -> ធ្លក រាន់ | H20: ='Tên Tháng 1'!F14 -> THLOK ROIN | I20: ='CHAM CONG'!G18 -> x | J20: ='CHAM CONG'!H18 -> x | K20: ='CHAM CONG'!I18 -> 0 | L20: ='CHAM CONG'!J18 -> 0 | M20: ='CHAM CONG'!K18 -> 0 | N20: ='CHAM CONG'!L18 -> x | O20: ='CHAM CONG'!M18 -> x | P20: ='CHAM CONG'!N18 -> x | ... W20: ='CHAM CONG'!U18 -> x | Z20: =COUNTIF(I20:W20,"X") -> 12 | AA20: =ROUND(Z20*$Z$8/30456,2)+$AA$2 -> 0 | AB20: =ROUND(Z20*$AB$8,0) -> 192000 | AC20: ='CHAM CONG'!V18 -> 0 | AD20: ='CHAM CONG'!W18 -> 0 | AE20: ='CHAM CONG'!X18 -> 0 | AF20: =COUNTIF(AC20:AE20,"X") -> 0 | AG20: =ROUND(AF20*$AG$8,0) -> 0 | AH20: =Z20 -> 12 | AI20: =ROUND(AH20*$AI$8,0) -> 12000 | AJ20: =AB20+AI20+AG20 -> 204000 | AK20: ='SAN LUONG'!AF19 -> 124 | AL20: ='SAN LUONG'!AG19 -> 418 | AM20: ='SAN LUONG'!AH19 -> 188 | AN20: ='SAN LUONG'!AI19 -> 0 | AO20: =SUM(AK20:AN20) -> 730 | AP20: =ROUND(AO20*0.44*$AP$8,0) -> 178266 | AR20: =ROUND(AQ20*0.44*$AR$8,0) -> 0 | AT20: =ROUND(AS20*0.44*$AT$8,0) -> 0 | AU20: ='SAN LUONG'!AU19 -> 0 | AV20: =ROUND((AU20*1000)/30456,2) -> 0 | AW20: =AU20*1000 -> 0 | AX20: =AJ20+AT20+AR20+AP20 -> 382266 | BB20: =AX20 -> 382266 | BD20: =ROUND(BB20/31947,2) -> 11.97
A21: 12 | B21: 1 | C21: 12 | D21: ='Tên Tháng 1'!B16 -> 37848 | E21: ='Tên Tháng 1'!C16 -> ប្រុស | F21: ='Tên Tháng 1'!D16 -> 220234084 | G21: ='Tên Tháng 1'!E15 -> យ៉ែម ឃឿន | H21: ='Tên Tháng 1'!F15 -> YEM KHOEUN | I21: ='CHAM CONG'!G19 -> x | J21: ='CHAM CONG'!H19 -> x | K21: ='CHAM CONG'!I19 -> x | L21: ='CHAM CONG'!J19 -> 0 | M21: ='CHAM CONG'!K19 -> x | N21: ='CHAM CONG'!L19 -> x | O21: ='CHAM CONG'!M19 -> 0 | P21: ='CHAM CONG'!N19 -> x | ... W21: ='CHAM CONG'!U19 -> x | Z21: =COUNTIF(I21:W21,"X") -> 12 | AA21: =ROUND(Z21*$Z$8/30456,2)+$AA$2 -> 0 | AB21: =ROUND(Z21*$AB$8,0) -> 192000 | AC21: ='CHAM CONG'!V19 -> 0 | AD21: ='CHAM CONG'!W19 -> 0 | AE21: ='CHAM CONG'!X19 -> 0 | AF21: =COUNTIF(AC21:AE21,"X") -> 0 | AG21: =ROUND(AF21*$AG$8,0) -> 0 | AH21: =Z21 -> 12 | AI21: =ROUND(AH21*$AI$8,0) -> 12000 | AJ21: =AB21+AI21+AG21 -> 204000 | AK21: ='SAN LUONG'!AF20 -> 150 | AL21: ='SAN LUONG'!AG20 -> 182 | AM21: ='SAN LUONG'!AH20 -> 211 | AN21: ='SAN LUONG'!AI20 -> 0 | AO21: =SUM(AK21:AN21) -> 543 | AP21: =ROUND(AO21*0.44*$AP$8,0) -> 132601 | AR21: =ROUND(AQ21*0.44*$AR$8,0) -> 0 | AT21: =ROUND(AS21*0.44*$AT$8,0) -> 0 | AU21: ='SAN LUONG'!AU20 -> 0 | AV21: =ROUND((AU21*1000)/30456,2) -> 0 | AW21: =AU21*1000 -> 0 | AX21: =AJ21+AT21+AR21+AP21 -> 336601 | BB21: =AX21 -> 336601 | BD21: =ROUND(BB21/31947,2) -> 10.54
A22: 13 | B22: 1 | C22: 13 | D22: ='Tên Tháng 1'!B17 -> 34127 | E22: ='Tên Tháng 1'!C17 -> ប្រុស | F22: ='Tên Tháng 1'!D17 -> 150468345 | G22: ='Tên Tháng 1'!E16 -> យឿង រ៉ាឌី | H22: ='Tên Tháng 1'!F16 -> YOEUNG RADIN | I22: ='CHAM CONG'!G20 -> 0 | J22: ='CHAM CONG'!H20 -> x | K22: ='CHAM CONG'!I20 -> x | L22: ='CHAM CONG'!J20 -> 0 | M22: ='CHAM CONG'!K20 -> 0 | N22: ='CHAM CONG'!L20 -> x | O22: ='CHAM CONG'!M20 -> 0 | P22: ='CHAM CONG'!N20 -> x | ... W22: ='CHAM CONG'!U20 -> x | Z22: =COUNTIF(I22:W22,"X") -> 11 | AA22: =ROUND(Z22*$Z$8/30456,2)+$AA$2 -> 0 | AB22: =ROUND(Z22*$AB$8,0) -> 176000 | AC22: ='CHAM CONG'!V20 -> 0 | AD22: ='CHAM CONG'!W20 -> 0 | AE22: ='CHAM CONG'!X20 -> 0 | AF22: =COUNTIF(AC22:AE22,"X") -> 0 | AG22: =ROUND(AF22*$AG$8,0) -> 0 | AH22: =Z22 -> 11 | AI22: =ROUND(AH22*$AI$8,0) -> 11000 | AJ22: =AB22+AI22+AG22 -> 187000 | AK22: ='SAN LUONG'!AF21 -> 299 | AL22: ='SAN LUONG'!AG21 -> 355 | AM22: ='SAN LUONG'!AH21 -> 311 | AN22: ='SAN LUONG'!AI21 -> 0 | AO22: =SUM(AK22:AN22) -> 965 | AP22: =ROUND(AO22*0.44*$AP$8,0) -> 235653 | AR22: =ROUND(AQ22*0.44*$AR$8,0) -> 0 | AT22: =ROUND(AS22*0.44*$AT$8,0) -> 0 | AU22: ='SAN LUONG'!AU21 -> 0 | AV22: =ROUND((AU22*1000)/30456,2) -> 0 | AW22: =AU22*1000 -> 0 | AX22: =AJ22+AT22+AR22+AP22 -> 422653 | BB22: =AX22 -> 422653 | BD22: =ROUND(BB22/31947,2) -> 13.23
A23: 14 | B23: 1 | C23: 14 | D23: ='Tên Tháng 1'!B18 -> 30477 | E23: ='Tên Tháng 1'!C18 -> ស្រី | F23: ='Tên Tháng 1'!D18 -> 250230683 | G23: ='Tên Tháng 1'!E17 -> វ៉ាន់ បូរិទ្ធ | H23: ='Tên Tháng 1'!F17 -> VANN BORITH | I23: ='CHAM CONG'!G21 -> 0 | J23: ='CHAM CONG'!H21 -> 0 | K23: ='CHAM CONG'!I21 -> x | L23: ='CHAM CONG'!J21 -> 0 | M23: ='CHAM CONG'!K21 -> 0 | N23: ='CHAM CONG'!L21 -> 0 | O23: ='CHAM CONG'!M21 -> x | P23: ='CHAM CONG'!N21 -> x | ... W23: ='CHAM CONG'!U21 -> x | Z23: =COUNTIF(I23:W23,"X") -> 10 | AA23: =ROUND(Z23*$Z$8/30456,2)+$AA$2 -> 0 | AB23: =ROUND(Z23*$AB$8,0) -> 160000 | AC23: ='CHAM CONG'!V21 -> 0 | AD23: ='CHAM CONG'!W21 -> 0 | AE23: ='CHAM CONG'!X21 -> 0 | AF23: =COUNTIF(AC23:AE23,"X") -> 0 | AG23: =ROUND(AF23*$AG$8,0) -> 0 | AH23: =Z23 -> 10 | AI23: =ROUND(AH23*$AI$8,0) -> 10000 | AJ23: =AB23+AI23+AG23 -> 170000 | AK23: ='SAN LUONG'!AF22 -> 77 | AL23: ='SAN LUONG'!AG22 -> 404 | AM23: ='SAN LUONG'!AH22 -> 285 | AN23: ='SAN LUONG'!AI22 -> 0 | AO23: =SUM(AK23:AN23) -> 766 | AP23: =ROUND(AO23*0.44*$AP$8,0) -> 187057 | AR23: =ROUND(AQ23*0.44*$AR$8,0) -> 0 | AT23: =ROUND(AS23*0.44*$AT$8,0) -> 0 | AU23: ='SAN LUONG'!AU22 -> 0 | AV23: =ROUND((AU23*1000)/30456,2) -> 0 | AW23: =AU23*1000 -> 0 | AX23: =AJ23+AT23+AR23+AP23 -> 357057 | BB23: =AX23 -> 357057 | BD23: =ROUND(BB23/31947,2) -> 11.18
A24: 15 | B24: 1 | C24: 15 | D24: ='Tên Tháng 1'!B19 -> 34095 | E24: ='Tên Tháng 1'!C19 -> ប្រុស | F24: ='Tên Tháng 1'!D19 -> 150523533 | G24: ='Tên Tháng 1'!E18 -> ឆែម ហ៊ាច | H24: ='Tên Tháng 1'!F18 -> CHHEM HEACH | I24: ='CHAM CONG'!G22 -> 0 | J24: ='CHAM CONG'!H22 -> 0 | K24: ='CHAM CONG'!I22 -> x | L24: ='CHAM CONG'!J22 -> 0 | M24: ='CHAM CONG'!K22 -> x | N24: ='CHAM CONG'!L22 -> x | O24: ='CHAM CONG'!M22 -> x | P24: ='CHAM CONG'!N22 -> x | ... W24: ='CHAM CONG'!U22 -> x | Z24: =COUNTIF(I24:W24,"X") -> 12 | AA24: =ROUND(Z24*$Z$8/30456,2)+$AA$2 -> 0 | AB24: =ROUND(Z24*$AB$8,0) -> 192000 | AC24: ='CHAM CONG'!V22 -> 0 | AD24: ='CHAM CONG'!W22 -> 0 | AE24: ='CHAM CONG'!X22 -> 0 | AF24: =COUNTIF(AC24:AE24,"X") -> 0 | AG24: =ROUND(AF24*$AG$8,0) -> 0 | AH24: =Z24 -> 12 | AI24: =ROUND(AH24*$AI$8,0) -> 12000 | AJ24: =AB24+AI24+AG24 -> 204000 | AK24: ='SAN LUONG'!AF23 -> 285 | AL24: ='SAN LUONG'!AG23 -> 372 | AM24: ='SAN LUONG'!AH23 -> 464 | AN24: ='SAN LUONG'!AI23 -> 0 | AO24: =SUM(AK24:AN24) -> 1121 | AP24: =ROUND(AO24*0.44*$AP$8,0) -> 273748 | AR24: =ROUND(AQ24*0.44*$AR$8,0) -> 0 | AT24: =ROUND(AS24*0.44*$AT$8,0) -> 0 | AU24: ='SAN LUONG'!AU23 -> 0 | AV24: =ROUND((AU24*1000)/30456,2) -> 0 | AW24: =AU24*1000 -> 0 | AX24: =AJ24+AT24+AR24+AP24 -> 477748 | BB24: =AX24 -> 477748 | BD24: =ROUND(BB24/31947,2) -> 14.95
A25: 16 | B25: 1 | C25: 16 | D25: ='Tên Tháng 1'!B20 -> 34015 | E25: ='Tên Tháng 1'!C20 -> ស្រី | F25: ='Tên Tháng 1'!D20 -> 150483982 | G25: ='Tên Tháng 1'!E19 -> ឆែម ឆុន | H25: ='Tên Tháng 1'!F19 -> CHHEN CHHON | I25: ='CHAM CONG'!G23 -> 0 | J25: ='CHAM CONG'!H23 -> 0 | K25: ='CHAM CONG'!I23 -> x | L25: ='CHAM CONG'!J23 -> 0 | M25: ='CHAM CONG'!K23 -> x | N25: ='CHAM CONG'!L23 -> x | O25: ='CHAM CONG'!M23 -> x | P25: ='CHAM CONG'!N23 -> x | ... W25: ='CHAM CONG'!U23 -> x | Z25: =COUNTIF(I25:W25,"X") -> 12 | AA25: =ROUND(Z25*$Z$8/30456,2)+$AA$2 -> 0 | AB25: =ROUND(Z25*$AB$8,0) -> 192000 | AC25: ='CHAM CONG'!V23 -> 0 | AD25: ='CHAM CONG'!W23 -> 0 | AE25: ='CHAM CONG'!X23 -> x | AF25: =COUNTIF(AC25:AE25,"X") -> 1 | AG25: =ROUND(AF25*$AG$8,0) -> 17000 | AH25: =Z25 -> 12 | AI25: =ROUND(AH25*$AI$8,0) -> 12000 | AJ25: =AB25+AI25+AG25 -> 221000 | AK25: ='SAN LUONG'!AF24 -> 314 | AL25: ='SAN LUONG'!AG24 -> 396 | AM25: ='SAN LUONG'!AH24 -> 365 | AN25: ='SAN LUONG'!AI24 -> 0 | AO25: =SUM(AK25:AN25) -> 1075 | AP25: =ROUND(AO25*0.44*$AP$8,0) -> 262515 | AR25: =ROUND(AQ25*0.44*$AR$8,0) -> 0 | AT25: =ROUND(AS25*0.44*$AT$8,0) -> 0 | AU25: ='SAN LUONG'!AU24 -> 0 | AV25: =ROUND((AU25*1000)/30456,2) -> 0 | AW25: =AU25*1000 -> 0 | AX25: =AJ25+AT25+AR25+AP25 -> 483515 | BB25: =AX25 -> 483515 | BD25: =ROUND(BB25/31947,2) -> 15.13
... A31: 22 | B31: 1 | C31: 22 | D31: ='Tên Tháng 1'!B26 -> 36692 | E31: ='Tên Tháng 1'!C26 -> ប្រុស | F31: ='Tên Tháng 1'!D26 -> 150836178 | G31: ='Tên Tháng 1'!E25 -> សៀក សំ | H31: ='Tên Tháng 1'!F25 -> SIEK SAM | I31: ='CHAM CONG'!G29 -> 0 | J31: ='CHAM CONG'!H29 -> x | K31: ='CHAM CONG'!I29 -> x | L31: ='CHAM CONG'!J29 -> 0 | M31: ='CHAM CONG'!K29 -> x | N31: ='CHAM CONG'!L29 -> 0 | O31: ='CHAM CONG'!M29 -> x | P31: ='CHAM CONG'!N29 -> x | ... W31: ='CHAM CONG'!U29 -> 0 | Z31: =COUNTIF(I31:W31,"X") -> 5 | AA31: =ROUND(Z31*$Z$8/30456,2)+$AA$2 -> 0 | AB31: =ROUND(Z31*$AB$8,0) -> 80000 | AC31: ='CHAM CONG'!V29 -> 0 | AD31: ='CHAM CONG'!W29 -> 0 | AE31: ='CHAM CONG'!X29 -> 0 | AF31: =COUNTIF(AC31:AE31,"X") -> 0 | AG31: =ROUND(AF31*$AG$8,0) -> 0 | AH31: =Z31 -> 5 | AI31: =ROUND(AH31*$AI$8,0) -> 5000 | AJ31: =AB31+AI31+AG31 -> 85000 | AK31: ='SAN LUONG'!AF30 -> 120 | AL31: ='SAN LUONG'!AG30 -> 169 | AM31: ='SAN LUONG'!AH30 -> 140 | AN31: ='SAN LUONG'!AI30 -> 0 | AO31: =SUM(AK31:AN31) -> 429 | AP31: =ROUND(AO31*0.44*$AP$8,0) -> 104762 | AR31: =ROUND(AQ31*0.44*$AR$8,0) -> 0 | AT31: =ROUND(AS31*0.44*$AT$8,0) -> 0 | AU31: ='SAN LUONG'!AU30 -> 0 | AV31: =ROUND((AU31*1000)/30456,2) -> 0 | AW31: =AU31*1000 -> 0 | AX31: =AJ31+AT31+AR31+AP31 -> 189762 | BB31: =AX31 -> 189762 | BD31: =ROUND(BB31/31947,2) -> 5.94
A32: 23 | B32: 1 | C32: 23 | D32: ='Tên Tháng 1'!B28 -> 31200 | E32: ='Tên Tháng 1'!C28 -> ស្រី | F32: ='Tên Tháng 1'!D28 -> 060541171 | G32: ='Tên Tháng 1'!E26 -> ឆែម ឆុំ | H32: ='Tên Tháng 1'!F26 -> CHHEIM CHHOM | I32: ='CHAM CONG'!G30 -> 0 | J32: ='CHAM CONG'!H30 -> x | K32: ='CHAM CONG'!I30 -> x | L32: ='CHAM CONG'!J30 -> 0 | M32: ='CHAM CONG'!K30 -> x | N32: ='CHAM CONG'!L30 -> x | O32: ='CHAM CONG'!M30 -> x | P32: ='CHAM CONG'!N30 -> x | ... W32: ='CHAM CONG'!U30 -> x | Z32: =COUNTIF(I32:W32,"X") -> 13 | AA32: =ROUND(Z32*$Z$8/30456,2)+$AA$2 -> 0 | AB32: =ROUND(Z32*$AB$8,0) -> 208000 | AC32: ='CHAM CONG'!V30 -> 0 | AD32: ='CHAM CONG'!W30 -> 0 | AE32: ='CHAM CONG'!X30 -> 0 | AF32: =COUNTIF(AC32:AE32,"X") -> 0 | AG32: =ROUND(AF32*$AG$8,0) -> 0 | AH32: =Z32 -> 13 | AI32: =ROUND(AH32*$AI$8,0) -> 13000 | AJ32: =AB32+AI32+AG32 -> 221000 | AK32: ='SAN LUONG'!AF31 -> 400 | AL32: ='SAN LUONG'!AG31 -> 338 | AM32: ='SAN LUONG'!AH31 -> 390 | AN32: ='SAN LUONG'!AI31 -> 0 | AO32: =SUM(AK32:AN32) -> 1128 | AP32: =ROUND(AO32*0.44*$AP$8,0) -> 275458 | AR32: =ROUND(AQ32*0.44*$AR$8,0) -> 0 | AT32: =ROUND(AS32*0.44*$AT$8,0) -> 0 | AU32: ='SAN LUONG'!AU31 -> 0 | AV32: =ROUND((AU32*1000)/30456,2) -> 0 | AW32: =AU32*1000 -> 0 | AX32: =AJ32+AT32+AR32+AP32 -> 496458 | BB32: =AX32 -> 496458 | BD32: =ROUND(BB32/31947,2) -> 15.54
A33: 24 | B33: 1 | C33: 24 | D33: ='Tên Tháng 1'!B29 -> 30904 | E33: ='Tên Tháng 1'!C29 -> ប្រុស | F33: ='Tên Tháng 1'!D29 -> 060540793 | G33: ='Tên Tháng 1'!E27 -> សុទ្ធ សុខជា | H33: ='Tên Tháng 1'!F27 -> SOTH SOKCHEA | I33: ='CHAM CONG'!G31 -> x | J33: ='CHAM CONG'!H31 -> x | K33: ='CHAM CONG'!I31 -> x | L33: ='CHAM CONG'!J31 -> 0 | M33: ='CHAM CONG'!K31 -> x | N33: ='CHAM CONG'!L31 -> x | O33: ='CHAM CONG'!M31 -> x | P33: ='CHAM CONG'!N31 -> x | ... W33: ='CHAM CONG'!U31 -> x | Z33: =COUNTIF(I33:W33,"X") -> 14 | AA33: =ROUND(Z33*$Z$8/30456,2)+$AA$2 -> 0 | AB33: =ROUND(Z33*$AB$8,0) -> 224000 | AC33: ='CHAM CONG'!V31 -> x | AD33: ='CHAM CONG'!W31 -> 0 | AE33: ='CHAM CONG'!X31 -> x | AF33: =COUNTIF(AC33:AE33,"X") -> 2 | AG33: =ROUND(AF33*$AG$8,0) -> 34000 | AH33: =Z33 -> 14 | AI33: =ROUND(AH33*$AI$8,0) -> 14000 | AJ33: =AB33+AI33+AG33 -> 272000 | AK33: ='SAN LUONG'!AF32 -> 512 | AL33: ='SAN LUONG'!AG32 -> 372 | AM33: ='SAN LUONG'!AH32 -> 277 | AN33: ='SAN LUONG'!AI32 -> 0 | AO33: =SUM(AK33:AN33) -> 1161 | AP33: =ROUND(AO33*0.44*$AP$8,0) -> 283516 | AR33: =ROUND(AQ33*0.44*$AR$8,0) -> 0 | AT33: =ROUND(AS33*0.44*$AT$8,0) -> 0 | AU33: ='SAN LUONG'!AU32 -> 0 | AV33: =ROUND((AU33*1000)/30456,2) -> 0 | AW33: =AU33*1000 -> 0 | AX33: =AJ33+AT33+AR33+AP33 -> 555516 | BB33: =AX33 -> 555516 | BD33: =ROUND(BB33/31947,2) -> 17.39
A34: 25 | B34: 1 | C34: 25 | D34: ='Tên Tháng 1'!B30 -> 38861 | E34: ='Tên Tháng 1'!C30 -> ប្រុស | F34: ='Tên Tháng 1'!D30 -> 250373915 | G34: ='Tên Tháng 1'!E28 -> ពិន ឆេន | H34: ='Tên Tháng 1'!F28 -> PIN CHHEN | I34: ='CHAM CONG'!G32 -> 0 | J34: ='CHAM CONG'!H32 -> x | K34: ='CHAM CONG'!I32 -> x | L34: ='CHAM CONG'!J32 -> 0 | M34: ='CHAM CONG'!K32 -> x | N34: ='CHAM CONG'!L32 -> x | O34: ='CHAM CONG'!M32 -> x | P34: ='CHAM CONG'!N32 -> x | ... W34: ='CHAM CONG'!U32 -> x | Z34: =COUNTIF(I34:W34,"X") -> 13 | AA34: =ROUND(Z34*$Z$8/30456,2)+$AA$2 -> 0 | AB34: =ROUND(Z34*$AB$8,0) -> 208000 | AC34: ='CHAM CONG'!V32 -> x | AD34: ='CHAM CONG'!W32 -> 0 | AE34: ='CHAM CONG'!X32 -> 0 | AF34: =COUNTIF(AC34:AE34,"X") -> 1 | AG34: =ROUND(AF34*$AG$8,0) -> 17000 | AH34: =Z34 -> 13 | AI34: =ROUND(AH34*$AI$8,0) -> 13000 | AJ34: =AB34+AI34+AG34 -> 238000 | AK34: ='SAN LUONG'!AF33 -> 414 | AL34: ='SAN LUONG'!AG33 -> 342 | AM34: ='SAN LUONG'!AH33 -> 379 | AN34: ='SAN LUONG'!AI33 -> 0 | AO34: =SUM(AK34:AN34) -> 1135 | AP34: =ROUND(AO34*0.44*$AP$8,0) -> 277167 | AR34: =ROUND(AQ34*0.44*$AR$8,0) -> 0 | AT34: =ROUND(AS34*0.44*$AT$8,0) -> 0 | AU34: ='SAN LUONG'!AU33 -> 0 | AV34: =ROUND((AU34*1000)/30456,2) -> 0 | AW34: =AU34*1000 -> 0 | AX34: =AJ34+AT34+AR34+AP34 -> 515167 | BB34: =AX34 -> 515167 | BD34: =ROUND(BB34/31947,2) -> 16.13
A35: 26 | B35: 1 | C35: 26 | D35: ='Tên Tháng 1'!B31 -> 39434 | E35: ='Tên Tháng 1'!C31 -> ប្រុស | F35: ='Tên Tháng 1'!D31 -> 151065238 | G35: ='Tên Tháng 1'!E29 -> កេត នី | H35: ='Tên Tháng 1'!F29 -> KET NY | I35: ='CHAM CONG'!G33 -> 0 | J35: ='CHAM CONG'!H33 -> x | K35: ='CHAM CONG'!I33 -> x | L35: ='CHAM CONG'!J33 -> 0 | M35: ='CHAM CONG'!K33 -> x | N35: ='CHAM CONG'!L33 -> x | O35: ='CHAM CONG'!M33 -> x | P35: ='CHAM CONG'!N33 -> x | ... W35: ='CHAM CONG'!U33 -> x | Z35: =COUNTIF(I35:W35,"X") -> 13 | AA35: =ROUND(Z35*$Z$8/30456,2)+$AA$2 -> 0 | AB35: =ROUND(Z35*$AB$8,0) -> 208000 | AC35: ='CHAM CONG'!V33 -> x | AD35: ='CHAM CONG'!W33 -> 0 | AE35: ='CHAM CONG'!X33 -> 0 | AF35: =COUNTIF(AC35:AE35,"X") -> 1 | AG35: =ROUND(AF35*$AG$8,0) -> 17000 | AH35: =Z35 -> 13 | AI35: =ROUND(AH35*$AI$8,0) -> 13000 | AJ35: =AB35+AI35+AG35 -> 238000 | AK35: ='SAN LUONG'!AF34 -> 317 | AL35: ='SAN LUONG'!AG34 -> 362 | AM35: ='SAN LUONG'!AH34 -> 423 | AN35: ='SAN LUONG'!AI34 -> 0 | AO35: =SUM(AK35:AN35) -> 1102 | AP35: =ROUND(AO35*0.44*$AP$8,0) -> 269108 | AR35: =ROUND(AQ35*0.44*$AR$8,0) -> 0 | AT35: =ROUND(AS35*0.44*$AT$8,0) -> 0 | AU35: ='SAN LUONG'!AU34 -> 0 | AV35: =ROUND((AU35*1000)/30456,2) -> 0 | AW35: =AU35*1000 -> 0 | AX35: =AJ35+AT35+AR35+AP35 -> 507108 | BB35: =AX35 -> 507108 | BD35: =ROUND(BB35/31947,2) -> 15.87
A36: 27 | B36: 1 | C36: 27 | D36: ='Tên Tháng 1'!B32 -> 39615 | E36: ='Tên Tháng 1'!C32 -> ស្រី | F36: ='Tên Tháng 1'!D32 -> 151057212 | G36: ='Tên Tháng 1'!E30 -> គៀវ និ | H36: ='Tên Tháng 1'!F30 -> KIEV NIK | I36: ='CHAM CONG'!G34 -> 0 | J36: ='CHAM CONG'!H34 -> x | K36: ='CHAM CONG'!I34 -> x | L36: ='CHAM CONG'!J34 -> 0 | M36: ='CHAM CONG'!K34 -> x | N36: ='CHAM CONG'!L34 -> x | O36: ='CHAM CONG'!M34 -> x | P36: ='CHAM CONG'!N34 -> 0 | ... W36: ='CHAM CONG'!U34 -> x | Z36: =COUNTIF(I36:W36,"X") -> 12 | AA36: =ROUND(Z36*$Z$8/30456,2)+$AA$2 -> 0 | AB36: =ROUND(Z36*$AB$8,0) -> 192000 | AC36: ='CHAM CONG'!V34 -> x | AD36: ='CHAM CONG'!W34 -> 0 | AE36: ='CHAM CONG'!X34 -> 0 | AF36: =COUNTIF(AC36:AE36,"X") -> 1 | AG36: =ROUND(AF36*$AG$8,0) -> 17000 | AH36: =Z36 -> 12 | AI36: =ROUND(AH36*$AI$8,0) -> 12000 | AJ36: =AB36+AI36+AG36 -> 221000 | AK36: ='SAN LUONG'!AF35 -> 330 | AL36: ='SAN LUONG'!AG35 -> 369 | AM36: ='SAN LUONG'!AH35 -> 426 | AN36: ='SAN LUONG'!AI35 -> 0 | AO36: =SUM(AK36:AN36) -> 1125 | AP36: =ROUND(AO36*0.44*$AP$8,0) -> 274725 | AR36: =ROUND(AQ36*0.44*$AR$8,0) -> 0 | AT36: =ROUND(AS36*0.44*$AT$8,0) -> 0 | AU36: ='SAN LUONG'!AU35 -> 0 | AV36: =ROUND((AU36*1000)/30456,2) -> 0 | AW36: =AU36*1000 -> 0 | AX36: =AJ36+AT36+AR36+AP36 -> 495725 | BB36: =AX36 -> 495725 | BD36: =ROUND(BB36/31947,2) -> 15.52
A37: 28 | B37: 1 | C37: 28 | D37: ='Tên Tháng 1'!B33 -> 28982 | E37: ='Tên Tháng 1'!C33 -> ប្រុស | F37: ='Tên Tháng 1'!D33 -> 150978869 | G37: ='Tên Tháng 1'!E31 -> ដួត ដែន | H37: ='Tên Tháng 1'!F31 -> DOUT DEN | I37: ='CHAM CONG'!G35 -> x | J37: ='CHAM CONG'!H35 -> x | K37: ='CHAM CONG'!I35 -> x | L37: ='CHAM CONG'!J35 -> 0 | M37: ='CHAM CONG'!K35 -> x | N37: ='CHAM CONG'!L35 -> x | O37: ='CHAM CONG'!M35 -> 0 | P37: ='CHAM CONG'!N35 -> x | ... W37: ='CHAM CONG'!U35 -> x | Z37: =COUNTIF(I37:W37,"X") -> 13 | AA37: =ROUND(Z37*$Z$8/30456,2)+$AA$2 -> 0 | AB37: =ROUND(Z37*$AB$8,0) -> 208000 | AC37: ='CHAM CONG'!V35 -> 0 | AD37: ='CHAM CONG'!W35 -> 0 | AE37: ='CHAM CONG'!X35 -> 0 | AF37: =COUNTIF(AC37:AE37,"X") -> 0 | AG37: =ROUND(AF37*$AG$8,0) -> 0 | AH37: =Z37 -> 13 | AI37: =ROUND(AH37*$AI$8,0) -> 13000 | AJ37: =AB37+AI37+AG37 -> 221000 | AK37: ='SAN LUONG'!AF36 -> 356 | AL37: ='SAN LUONG'!AG36 -> 211 | AM37: ='SAN LUONG'!AH36 -> 299 | AN37: ='SAN LUONG'!AI36 -> 0 | AO37: =SUM(AK37:AN37) -> 866 | AP37: =ROUND(AO37*0.44*$AP$8,0) -> 211477 | AR37: =ROUND(AQ37*0.44*$AR$8,0) -> 0 | AT37: =ROUND(AS37*0.44*$AT$8,0) -> 0 | AU37: ='SAN LUONG'!AU36 -> 0 | AV37: =ROUND((AU37*1000)/30456,2) -> 0 | AW37: =AU37*1000 -> 0 | AX37: =AJ37+AT37+AR37+AP37 -> 432477 | BB37: =AX37 -> 432477 | BD37: =ROUND(BB37/31947,2) -> 13.54
A38: 29 | B38: 1 | C38: 29 | D38: ='Tên Tháng 1'!B34 -> 38595 | E38: ='Tên Tháng 1'!C34 -> ស្រី | F38: ='Tên Tháng 1'!D34 -> 150983094 | G38: ='Tên Tháng 1'!E32 -> ចាយ ពន្លក | H38: ='Tên Tháng 1'!F32 -> CHAY PONLOK | I38: ='CHAM CONG'!G36 -> x | J38: ='CHAM CONG'!H36 -> x | K38: ='CHAM CONG'!I36 -> 0 | L38: ='CHAM CONG'!J36 -> 0 | M38: ='CHAM CONG'!K36 -> x | N38: ='CHAM CONG'!L36 -> 0 | O38: ='CHAM CONG'!M36 -> x | P38: ='CHAM CONG'!N36 -> x | ... W38: ='CHAM CONG'!U36 -> x | Z38: =COUNTIF(I38:W38,"X") -> 11 | AA38: =ROUND(Z38*$Z$8/30456,2)+$AA$2 -> 0 | AB38: =ROUND(Z38*$AB$8,0) -> 176000 | AC38: ='CHAM CONG'!V36 -> 0 | AD38: ='CHAM CONG'!W36 -> 0 | AE38: ='CHAM CONG'!X36 -> 0 | AF38: =COUNTIF(AC38:AE38,"X") -> 0 | AG38: =ROUND(AF38*$AG$8,0) -> 0 | AH38: =Z38 -> 11 | AI38: =ROUND(AH38*$AI$8,0) -> 11000 | AJ38: =AB38+AI38+AG38 -> 187000 | AK38: ='SAN LUONG'!AF37 -> 208 | AL38: ='SAN LUONG'!AG37 -> 276 | AM38: ='SAN LUONG'!AH37 -> 306 | AN38: ='SAN LUONG'!AI37 -> 0 | AO38: =SUM(AK38:AN38) -> 790 | AP38: =ROUND(AO38*0.44*$AP$8,0) -> 192918 | AR38: =ROUND(AQ38*0.44*$AR$8,0) -> 0 | AT38: =ROUND(AS38*0.44*$AT$8,0) -> 0 | AU38: ='SAN LUONG'!AU37 -> 0 | AV38: =ROUND((AU38*1000)/30456,2) -> 0 | AW38: =AU38*1000 -> 0 | AX38: =AJ38+AT38+AR38+AP38 -> 379918 | BB38: =AX38 -> 379918 | BD38: =ROUND(BB38/31947,2) -> 11.89
A39: 30 | B39: 1 | C39: 30 | D39: ='Tên Tháng 1'!B35 -> 30503 | E39: ='Tên Tháng 1'!C35 -> ប្រុស | F39: ='Tên Tháng 1'!D35 -> 220175216 | G39: ='Tên Tháng 1'!E33 -> សំ ផុន | H39: ='Tên Tháng 1'!F33 -> SOM PHON | I39: ='CHAM CONG'!G37 -> x | J39: ='CHAM CONG'!H37 -> x | K39: ='CHAM CONG'!I37 -> x | L39: ='CHAM CONG'!J37 -> 0 | M39: ='CHAM CONG'!K37 -> x | N39: ='CHAM CONG'!L37 -> x | O39: ='CHAM CONG'!M37 -> x | P39: ='CHAM CONG'!N37 -> x | ... W39: ='CHAM CONG'!U37 -> x | Z39: =COUNTIF(I39:W39,"X") -> 14 | AA39: =ROUND(Z39*$Z$8/30456,2)+$AA$2 -> 0 | AB39: =ROUND(Z39*$AB$8,0) -> 224000 | AC39: ='CHAM CONG'!V37 -> 0 | AD39: ='CHAM CONG'!W37 -> 0 | AE39: ='CHAM CONG'!X37 -> 0 | AF39: =COUNTIF(AC39:AE39,"X") -> 0 | AG39: =ROUND(AF39*$AG$8,0) -> 0 | AH39: =Z39 -> 14 | AI39: =ROUND(AH39*$AI$8,0) -> 14000 | AJ39: =AB39+AI39+AG39 -> 238000 | AK39: ='SAN LUONG'!AF38 -> 554 | AL39: ='SAN LUONG'!AG38 -> 377 | AM39: ='SAN LUONG'!AH38 -> 434 | AN39: ='SAN LUONG'!AI38 -> 0 | AO39: =SUM(AK39:AN39) -> 1365 | AP39: =ROUND(AO39*0.44*$AP$8,0) -> 333333 | AR39: =ROUND(AQ39*0.44*$AR$8,0) -> 0 | AT39: =ROUND(AS39*0.44*$AT$8,0) -> 0 | AU39: ='SAN LUONG'!AU38 -> 0 | AV39: =ROUND((AU39*1000)/30456,2) -> 0 | AW39: =AU39*1000 -> 0 | AX39: =AJ39+AT39+AR39+AP39 -> 571333 | BB39: =AX39 -> 571333 | BD39: =ROUND(BB39/31947,2) -> 17.88
A40: 31 | B40: 1 | C40: 31 | D40: ='Tên Tháng 1'!B36 -> 31663 | E40: ='Tên Tháng 1'!C36 -> ប្រុស | F40: ='Tên Tháng 1'!D36 -> 220175443 | G40: ='Tên Tháng 1'!E34 -> អ៊ុន ឆវ័ន | H40: ='Tên Tháng 1'!F34 -> UN CHORVON | I40: ='CHAM CONG'!G38 -> x | J40: ='CHAM CONG'!H38 -> 0 | K40: ='CHAM CONG'!I38 -> x | L40: ='CHAM CONG'!J38 -> 0 | M40: ='CHAM CONG'!K38 -> x | N40: ='CHAM CONG'!L38 -> x | O40: ='CHAM CONG'!M38 -> x | P40: ='CHAM CONG'!N38 -> x | ... W40: ='CHAM CONG'!U38 -> x | Z40: =COUNTIF(I40:W40,"X") -> 13 | AA40: =ROUND(Z40*$Z$8/30456,2)+$AA$2 -> 0 | AB40: =ROUND(Z40*$AB$8,0) -> 208000 | AC40: ='CHAM CONG'!V38 -> 0 | AD40: ='CHAM CONG'!W38 -> 0 | AE40: ='CHAM CONG'!X38 -> 0 | AF40: =COUNTIF(AC40:AE40,"X") -> 0 | AG40: =ROUND(AF40*$AG$8,0) -> 0 | AH40: =Z40 -> 13 | AI40: =ROUND(AH40*$AI$8,0) -> 13000 | AJ40: =AB40+AI40+AG40 -> 221000 | AK40: ='SAN LUONG'!AF39 -> 530 | AL40: ='SAN LUONG'!AG39 -> 284 | AM40: ='SAN LUONG'!AH39 -> 461 | AN40: ='SAN LUONG'!AI39 -> 0 | AO40: =SUM(AK40:AN40) -> 1275 | AP40: =ROUND(AO40*0.44*$AP$8,0) -> 311355 | AR40: =ROUND(AQ40*0.44*$AR$8,0) -> 0 | AT40: =ROUND(AS40*0.44*$AT$8,0) -> 0 | AU40: ='SAN LUONG'!AU39 -> 0 | AV40: =ROUND((AU40*1000)/30456,2) -> 0 | AW40: =AU40*1000 -> 0 | AX40: =AJ40+AT40+AR40+AP40 -> 532355 | BB40: =AX40 -> 532355 | BD40: =ROUND(BB40/31947,2) -> 16.66
A41: 32 | B41: 1 | C41: 32 | D41: ='Tên Tháng 1'!B37 -> 37412 | E41: ='Tên Tháng 1'!C37 -> ប្រុស | F41: ='Tên Tháng 1'!D37 -> 220208812 | G41: ='Tên Tháng 1'!E35 -> ប៉ិល ថា | H41: ='Tên Tháng 1'!F35 -> PEL THA | I41: ='CHAM CONG'!G39 -> x | J41: ='CHAM CONG'!H39 -> x | K41: ='CHAM CONG'!I39 -> x | L41: ='CHAM CONG'!J39 -> 0 | M41: ='CHAM CONG'!K39 -> x | N41: ='CHAM CONG'!L39 -> x | O41: ='CHAM CONG'!M39 -> x | P41: ='CHAM CONG'!N39 -> x | ... W41: ='CHAM CONG'!U39 -> x | Z41: =COUNTIF(I41:W41,"X") -> 14 | AA41: =ROUND(Z41*$Z$8/30456,2)+$AA$2 -> 0 | AB41: =ROUND(Z41*$AB$8,0) -> 224000 | AC41: ='CHAM CONG'!V39 -> 0 | AD41: ='CHAM CONG'!W39 -> 0 | AE41: ='CHAM CONG'!X39 -> 0 | AF41: =COUNTIF(AC41:AE41,"X") -> 0 | AG41: =ROUND(AF41*$AG$8,0) -> 0 | AH41: =Z41 -> 14 | AI41: =ROUND(AH41*$AI$8,0) -> 14000 | AJ41: =AB41+AI41+AG41 -> 238000 | AK41: ='SAN LUONG'!AF40 -> 367 | AL41: ='SAN LUONG'!AG40 -> 377 | AM41: ='SAN LUONG'!AH40 -> 304 | AN41: ='SAN LUONG'!AI40 -> 0 | AO41: =SUM(AK41:AN41) -> 1048 | AP41: =ROUND(AO41*0.44*$AP$8,0) -> 255922 | AR41: =ROUND(AQ41*0.44*$AR$8,0) -> 0 | AT41: =ROUND(AS41*0.44*$AT$8,0) -> 0 | AU41: ='SAN LUONG'!AU40 -> 0 | AV41: =ROUND((AU41*1000)/30456,2) -> 0 | AW41: =AU41*1000 -> 0 | AX41: =AJ41+AT41+AR41+AP41 -> 493922 | BB41: =AX41 -> 493922 | BD41: =ROUND(BB41/31947,2) -> 15.46
A42: 33 | B42: 1 | C42: 33 | D42: ='Tên Tháng 1'!B39 -> 38777 | E42: ='Tên Tháng 1'!C39 -> ស្រី | F42: ='Tên Tháng 1'!D39 -> 220234356 | G42: ='Tên Tháng 1'!E36 -> ប៉ិល ផល្លា | H42: ='Tên Tháng 1'!F36 -> PEL PHALLA | I42: ='CHAM CONG'!G40 -> x | J42: ='CHAM CONG'!H40 -> x | K42: ='CHAM CONG'!I40 -> x | L42: ='CHAM CONG'!J40 -> 0 | M42: ='CHAM CONG'!K40 -> x | N42: ='CHAM CONG'!L40 -> x | O42: ='CHAM CONG'!M40 -> x | P42: ='CHAM CONG'!N40 -> x | ... W42: ='CHAM CONG'!U40 -> x | Z42: =COUNTIF(I42:W42,"X") -> 14 | AA42: =ROUND(Z42*$Z$8/30456,2)+$AA$2 -> 0 | AB42: =ROUND(Z42*$AB$8,0) -> 224000 | AC42: ='CHAM CONG'!V40 -> 0 | AD42: ='CHAM CONG'!W40 -> 0 | AE42: ='CHAM CONG'!X40 -> 0 | AF42: =COUNTIF(AC42:AE42,"X") -> 0 | AG42: =ROUND(AF42*$AG$8,0) -> 0 | AH42: =Z42 -> 14 | AI42: =ROUND(AH42*$AI$8,0) -> 14000 | AJ42: =AB42+AI42+AG42 -> 238000 | AK42: ='SAN LUONG'!AF41 -> 483 | AL42: ='SAN LUONG'!AG41 -> 480 | AM42: ='SAN LUONG'!AH41 -> 330 | AN42: ='SAN LUONG'!AI41 -> 0 | AO42: =SUM(AK42:AN42) -> 1293 | AP42: =ROUND(AO42*0.44*$AP$8,0) -> 315751 | AR42: =ROUND(AQ42*0.44*$AR$8,0) -> 0 | AT42: =ROUND(AS42*0.44*$AT$8,0) -> 0 | AU42: ='SAN LUONG'!AU41 -> 0 | AV42: =ROUND((AU42*1000)/30456,2) -> 0 | AW42: =AU42*1000 -> 0 | AX42: =AJ42+AT42+AR42+AP42 -> 553751 | BB42: =AX42 -> 553751 | BD42: =ROUND(BB42/31947,2) -> 17.33
A43: 34 | B43: 1 | C43: 34 | D43: ='Tên Tháng 1'!B40 -> 30835 | E43: ='Tên Tháng 1'!C40 -> ប្រុស | F43: ='Tên Tháng 1'!D40 -> 160485580 | G43: ='Tên Tháng 1'!E37 -> យៀត ឌី | H43: ='Tên Tháng 1'!F37 -> YIEN DY | I43: ='CHAM CONG'!G41 -> x | J43: ='CHAM CONG'!H41 -> x | K43: ='CHAM CONG'!I41 -> x | L43: ='CHAM CONG'!J41 -> 0 | M43: ='CHAM CONG'!K41 -> x | N43: ='CHAM CONG'!L41 -> x | O43: ='CHAM CONG'!M41 -> x | P43: ='CHAM CONG'!N41 -> x | ... W43: ='CHAM CONG'!U41 -> x | Z43: =COUNTIF(I43:W43,"X") -> 14 | AA43: =ROUND(Z43*$Z$8/30456,2)+$AA$2 -> 0 | AB43: =ROUND(Z43*$AB$8,0) -> 224000 | AC43: ='CHAM CONG'!V41 -> 0 | AD43: ='CHAM CONG'!W41 -> 0 | AE43: ='CHAM CONG'!X41 -> 0 | AF43: =COUNTIF(AC43:AE43,"X") -> 0 | AG43: =ROUND(AF43*$AG$8,0) -> 0 | AH43: =Z43 -> 14 | AI43: =ROUND(AH43*$AI$8,0) -> 14000 | AJ43: =AB43+AI43+AG43 -> 238000 | AK43: ='SAN LUONG'!AF42 -> 410 | AL43: ='SAN LUONG'!AG42 -> 385 | AM43: ='SAN LUONG'!AH42 -> 364 | AN43: ='SAN LUONG'!AI42 -> 0 | AO43: =SUM(AK43:AN43) -> 1159 | AP43: =ROUND(AO43*0.44*$AP$8,0) -> 283028 | AR43: =ROUND(AQ43*0.44*$AR$8,0) -> 0 | AT43: =ROUND(AS43*0.44*$AT$8,0) -> 0 | AU43: ='SAN LUONG'!AU42 -> 0 | AV43: =ROUND((AU43*1000)/30456,2) -> 0 | AW43: =AU43*1000 -> 0 | AX43: =AJ43+AT43+AR43+AP43 -> 521028 | BB43: =AX43 -> 521028 | BD43: =ROUND(BB43/31947,2) -> 16.31
A44: 35 | B44: 1 | C44: 35 | D44: ='Tên Tháng 1'!B41 -> 35066 | E44: ='Tên Tháng 1'!C41 -> ស្រី | F44: ='Tên Tháng 1'!D41 -> 150523513 | G44: ='Tên Tháng 1'!E38 -> រឿន ចាន់រ៉ា | H44: ='Tên Tháng 1'!F38 -> ROEUN CHANRA | I44: ='CHAM CONG'!G42 -> x | J44: ='CHAM CONG'!H42 -> x | K44: ='CHAM CONG'!I42 -> x | L44: ='CHAM CONG'!J42 -> 0 | M44: ='CHAM CONG'!K42 -> x | N44: ='CHAM CONG'!L42 -> x | O44: ='CHAM CONG'!M42 -> x | P44: ='CHAM CONG'!N42 -> x | ... W44: ='CHAM CONG'!U42 -> x | Z44: =COUNTIF(I44:W44,"X") -> 14 | AA44: =ROUND(Z44*$Z$8/30456,2)+$AA$2 -> 0 | AB44: =ROUND(Z44*$AB$8,0) -> 224000 | AC44: ='CHAM CONG'!V42 -> 0 | AD44: ='CHAM CONG'!W42 -> 0 | AE44: ='CHAM CONG'!X42 -> 0 | AF44: =COUNTIF(AC44:AE44,"X") -> 0 | AG44: =ROUND(AF44*$AG$8,0) -> 0 | AH44: =Z44 -> 14 | AI44: =ROUND(AH44*$AI$8,0) -> 14000 | AJ44: =AB44+AI44+AG44 -> 238000 | AK44: ='SAN LUONG'!AF43 -> 386 | AL44: ='SAN LUONG'!AG43 -> 347 | AM44: ='SAN LUONG'!AH43 -> 225 | AN44: ='SAN LUONG'!AI43 -> 0 | AO44: =SUM(AK44:AN44) -> 958 | AP44: =ROUND(AO44*0.44*$AP$8,0) -> 233944 | AR44: =ROUND(AQ44*0.44*$AR$8,0) -> 0 | AT44: =ROUND(AS44*0.44*$AT$8,0) -> 0 | AU44: ='SAN LUONG'!AU43 -> 0 | AV44: =ROUND((AU44*1000)/30456,2) -> 0 | AW44: =AU44*1000 -> 0 | AX44: =AJ44+AT44+AR44+AP44 -> 471944 | BB44: =AX44 -> 471944 | BD44: =ROUND(BB44/31947,2) -> 14.77
A45: 36 | B45: 1 | C45: 36 | D45: ='Tên Tháng 1'!B42 -> 33401 | E45: ='Tên Tháng 1'!C42 -> ប្រុស | F45: ='Tên Tháng 1'!D42 -> 150648033 | G45: ='Tên Tháng 1'!E39 -> អៀវ សុភ័ណ្ឌ | H45: ='Tên Tháng 1'!F39 -> IEV SOPHORN | I45: ='CHAM CONG'!G43 -> x | J45: ='CHAM CONG'!H43 -> x | K45: ='CHAM CONG'!I43 -> x | L45: ='CHAM CONG'!J43 -> 0 | M45: ='CHAM CONG'!K43 -> x | N45: ='CHAM CONG'!L43 -> x | O45: ='CHAM CONG'!M43 -> x | P45: ='CHAM CONG'!N43 -> x | ... W45: ='CHAM CONG'!U43 -> x | Z45: =COUNTIF(I45:W45,"X") -> 14 | AA45: =ROUND(Z45*$Z$8/30456,2)+$AA$2 -> 0 | AB45: =ROUND(Z45*$AB$8,0) -> 224000 | AC45: ='CHAM CONG'!V43 -> 0 | AD45: ='CHAM CONG'!W43 -> 0 | AE45: ='CHAM CONG'!X43 -> 0 | AF45: =COUNTIF(AC45:AE45,"X") -> 0 | AG45: =ROUND(AF45*$AG$8,0) -> 0 | AH45: =Z45 -> 14 | AI45: =ROUND(AH45*$AI$8,0) -> 14000 | AJ45: =AB45+AI45+AG45 -> 238000 | AK45: ='SAN LUONG'!AF44 -> 466 | AL45: ='SAN LUONG'!AG44 -> 379 | AM45: ='SAN LUONG'!AH44 -> 358 | AN45: ='SAN LUONG'!AI44 -> 0 | AO45: =SUM(AK45:AN45) -> 1203 | AP45: =ROUND(AO45*0.44*$AP$8,0) -> 293773 | AR45: =ROUND(AQ45*0.44*$AR$8,0) -> 0 | AT45: =ROUND(AS45*0.44*$AT$8,0) -> 0 | AU45: ='SAN LUONG'!AU44 -> 0 | AV45: =ROUND((AU45*1000)/30456,2) -> 0 | AW45: =AU45*1000 -> 0 | AX45: =AJ45+AT45+AR45+AP45 -> 531773 | BB45: =AX45 -> 531773 | BD45: =ROUND(BB45/31947,2) -> 16.65
A46: 37 | B46: 1 | C46: 37 | D46: ='Tên Tháng 1'!B43 -> 38363 | E46: ='Tên Tháng 1'!C43 -> ស្រី | F46: ='Tên Tháng 1'!D43 -> 220220033 | G46: ='Tên Tháng 1'!E40 -> គុយ សឿន | H46: ='Tên Tháng 1'!F40 -> KUY SOEUN | I46: ='CHAM CONG'!G44 -> x | J46: ='CHAM CONG'!H44 -> x | K46: ='CHAM CONG'!I44 -> x | L46: ='CHAM CONG'!J44 -> 0 | M46: ='CHAM CONG'!K44 -> x | N46: ='CHAM CONG'!L44 -> x | O46: ='CHAM CONG'!M44 -> x | P46: ='CHAM CONG'!N44 -> x | ... W46: ='CHAM CONG'!U44 -> x | Z46: =COUNTIF(I46:W46,"X") -> 14 | AA46: =ROUND(Z46*$Z$8/30456,2)+$AA$2 -> 0 | AB46: =ROUND(Z46*$AB$8,0) -> 224000 | AC46: ='CHAM CONG'!V44 -> 0 | AD46: ='CHAM CONG'!W44 -> 0 | AE46: ='CHAM CONG'!X44 -> 0 | AF46: =COUNTIF(AC46:AE46,"X") -> 0 | AG46: =ROUND(AF46*$AG$8,0) -> 0 | AH46: =Z46 -> 14 | AI46: =ROUND(AH46*$AI$8,0) -> 14000 | AJ46: =AB46+AI46+AG46 -> 238000 | AK46: ='SAN LUONG'!AF45 -> 434 | AL46: ='SAN LUONG'!AG45 -> 356 | AM46: ='SAN LUONG'!AH45 -> 339 | AN46: ='SAN LUONG'!AI45 -> 0 | AO46: =SUM(AK46:AN46) -> 1129 | AP46: =ROUND(AO46*0.44*$AP$8,0) -> 275702 | AR46: =ROUND(AQ46*0.44*$AR$8,0) -> 0 | AT46: =ROUND(AS46*0.44*$AT$8,0) -> 0 | AU46: ='SAN LUONG'!AU45 -> 0 | AV46: =ROUND((AU46*1000)/30456,2) -> 0 | AW46: =AU46*1000 -> 0 | AX46: =AJ46+AT46+AR46+AP46 -> 513702 | BB46: =AX46 -> 513702 | BD46: =ROUND(BB46/31947,2) -> 16.08
A47: 38 | B47: 1 | C47: 38 | D47: ='Tên Tháng 1'!B44 -> 37441 | E47: ='Tên Tháng 1'!C44 -> ប្រុស | F47: ='Tên Tháng 1'!D44 -> 150935343 | G47: ='Tên Tháng 1'!E41 -> សាំ សុរីសា | H47: ='Tên Tháng 1'!F41 -> SAM SORYSA | I47: ='CHAM CONG'!G45 -> x | J47: ='CHAM CONG'!H45 -> x | K47: ='CHAM CONG'!I45 -> x | L47: ='CHAM CONG'!J45 -> 0 | M47: ='CHAM CONG'!K45 -> x | N47: ='CHAM CONG'!L45 -> x | O47: ='CHAM CONG'!M45 -> x | P47: ='CHAM CONG'!N45 -> x | ... W47: ='CHAM CONG'!U45 -> x | Z47: =COUNTIF(I47:W47,"X") -> 14 | AA47: =ROUND(Z47*$Z$8/30456,2)+$AA$2 -> 0 | AB47: =ROUND(Z47*$AB$8,0) -> 224000 | AC47: ='CHAM CONG'!V45 -> 0 | AD47: ='CHAM CONG'!W45 -> 0 | AE47: ='CHAM CONG'!X45 -> 0 | AF47: =COUNTIF(AC47:AE47,"X") -> 0 | AG47: =ROUND(AF47*$AG$8,0) -> 0 | AH47: =Z47 -> 14 | AI47: =ROUND(AH47*$AI$8,0) -> 14000 | AJ47: =AB47+AI47+AG47 -> 238000 | AK47: ='SAN LUONG'!AF46 -> 440 | AL47: ='SAN LUONG'!AG46 -> 383 | AM47: ='SAN LUONG'!AH46 -> 340 | AN47: ='SAN LUONG'!AI46 -> 0 | AO47: =SUM(AK47:AN47) -> 1163 | AP47: =ROUND(AO47*0.44*$AP$8,0) -> 284005 | AR47: =ROUND(AQ47*0.44*$AR$8,0) -> 0 | AT47: =ROUND(AS47*0.44*$AT$8,0) -> 0 | AU47: ='SAN LUONG'!AU46 -> 0 | AV47: =ROUND((AU47*1000)/30456,2) -> 0 | AW47: =AU47*1000 -> 0 | AX47: =AJ47+AT47+AR47+AP47 -> 522005 | BB47: =AX47 -> 522005 | BD47: =ROUND(BB47/31947,2) -> 16.34
A48: 39 | B48: 1 | C48: 39 | D48: ='Tên Tháng 1'!B45 -> 33796 | E48: ='Tên Tháng 1'!C45 -> ប្រុស | F48: ='Tên Tháng 1'!D45 -> 150468460 | G48: ='Tên Tháng 1'!E42 -> មាស សំបាន | H48: ='Tên Tháng 1'!F42 -> MEAS SOM BAN | I48: ='CHAM CONG'!G46 -> x | J48: ='CHAM CONG'!H46 -> x | K48: ='CHAM CONG'!I46 -> x | L48: ='CHAM CONG'!J46 -> 0 | M48: ='CHAM CONG'!K46 -> x | N48: ='CHAM CONG'!L46 -> x | O48: ='CHAM CONG'!M46 -> 0 | P48: ='CHAM CONG'!N46 -> x | ... W48: ='CHAM CONG'!U46 -> x | Z48: =COUNTIF(I48:W48,"X") -> 13 | AA48: =ROUND(Z48*$Z$8/30456,2)+$AA$2 -> 0 | AB48: =ROUND(Z48*$AB$8,0) -> 208000 | AC48: ='CHAM CONG'!V46 -> 0 | AD48: ='CHAM CONG'!W46 -> 0 | AE48: ='CHAM CONG'!X46 -> 0 | AF48: =COUNTIF(AC48:AE48,"X") -> 0 | AG48: =ROUND(AF48*$AG$8,0) -> 0 | AH48: =Z48 -> 13 | AI48: =ROUND(AH48*$AI$8,0) -> 13000 | AJ48: =AB48+AI48+AG48 -> 221000 | AK48: ='SAN LUONG'!AF47 -> 406 | AL48: ='SAN LUONG'!AG47 -> 345 | AM48: ='SAN LUONG'!AH47 -> 372 | AN48: ='SAN LUONG'!AI47 -> 0 | AO48: =SUM(AK48:AN48) -> 1123 | AP48: =ROUND(AO48*0.44*$AP$8,0) -> 274237 | AR48: =ROUND(AQ48*0.44*$AR$8,0) -> 0 | AT48: =ROUND(AS48*0.44*$AT$8,0) -> 0 | AU48: ='SAN LUONG'!AU47 -> 0 | AV48: =ROUND((AU48*1000)/30456,2) -> 0 | AW48: =AU48*1000 -> 0 | AX48: =AJ48+AT48+AR48+AP48 -> 495237 | BB48: =AX48 -> 495237 | BD48: =ROUND(BB48/31947,2) -> 15.5
A49: 40 | B49: 1 | C49: 40 | D49: ='Tên Tháng 1'!B46 -> 32968 | E49: ='Tên Tháng 1'!C46 -> ប្រុស | F49: ='Tên Tháng 1'!D46 -> 220175299 | G49: ='Tên Tháng 1'!E43 -> សុទ្ធ ឡៃហ័ន | H49: ='Tên Tháng 1'!F43 -> SOT LAYHORN | I49: ='CHAM CONG'!G47 -> x | J49: ='CHAM CONG'!H47 -> x | K49: ='CHAM CONG'!I47 -> x | L49: ='CHAM CONG'!J47 -> 0 | M49: ='CHAM CONG'!K47 -> x | N49: ='CHAM CONG'!L47 -> x | O49: ='CHAM CONG'!M47 -> x | P49: ='CHAM CONG'!N47 -> 0 | ... W49: ='CHAM CONG'!U47 -> x | Z49: =COUNTIF(I49:W49,"X") -> 13 | AA49: =ROUND(Z49*$Z$8/30456,2)+$AA$2 -> 0 | AB49: =ROUND(Z49*$AB$8,0) -> 208000 | AC49: ='CHAM CONG'!V47 -> 0 | AD49: ='CHAM CONG'!W47 -> 0 | AE49: ='CHAM CONG'!X47 -> x | AF49: =COUNTIF(AC49:AE49,"X") -> 1 | AG49: =ROUND(AF49*$AG$8,0) -> 17000 | AH49: =Z49 -> 13 | AI49: =ROUND(AH49*$AI$8,0) -> 13000 | AJ49: =AB49+AI49+AG49 -> 238000 | AK49: ='SAN LUONG'!AF48 -> 403 | AL49: ='SAN LUONG'!AG48 -> 386 | AM49: ='SAN LUONG'!AH48 -> 261 | AN49: ='SAN LUONG'!AI48 -> 0 | AO49: =SUM(AK49:AN49) -> 1050 | AP49: =ROUND(AO49*0.44*$AP$8,0) -> 256410 | AR49: =ROUND(AQ49*0.44*$AR$8,0) -> 0 | AT49: =ROUND(AS49*0.44*$AT$8,0) -> 0 | AU49: ='SAN LUONG'!AU48 -> 0 | AV49: =ROUND((AU49*1000)/30456,2) -> 0 | AW49: =AU49*1000 -> 0 | AX49: =AJ49+AT49+AR49+AP49 -> 494410 | BB49: =AX49 -> 494410 | BD49: =ROUND(BB49/31947,2) -> 15.48
