Workbook

Sheet BCD D1T1
A1: ក្រុមហ៊ុន កៅស៊ូ មេគង្គ ខូ អិលធីឌី | G1: ព្រះរាជាណាចក្រ កម្ពុជា
A2: CÔNG TY TNHH CAO SU MEKONG | G2: VƯƠNG QUỐC CAMPUCHIA
A3: រោងចក្រកែច្នៃ | G3: ជាតិ សាសនា ព្រះមហាក្សត្រ
A4: XƯỞNG CHẾ BIẾN | G4: Dân tộc - Tôn giáo - Quốc vương
A6: តារាងតុល្យភាពបំណុល
A7: បៀវត្សកម្មកររោងចក្រកែច្នៃជ័រកៅស៊ូ ខែ ០១ ឆ្នាំ​ ២០២៦ (វគ្គទី១)
A8: BẢNG CÂN ĐỐI CÔNG NỢ
A9: LƯƠNG CÔNG NHÂN XƯỞNG CHẾ BIẾN THÁNG 01 NĂM 2026 (ĐỢT 1)
B11: I/ សរុបបៀវត្សខែ ០១/២០២៦ (Tổng lương tháng 01/2026): | G11: =G12+G13 -> 45775579 | H11: Riel | J11: ='TTL dot​2 (31947)'!K84 -> 45775579
B12: 1/ ប្រាក់បៀវត្សទី ១ (Tiền lương đợt 1) ៖ | G12: ='TTL dot​2 (31947)'!G84 -> 45775579 | H12: Riel | J12: =#REF! -> #REF!
B13: 2/ ប្រាក់បៀវត្សទី ២ (Tiền lương đợt 2) ៖ | G13: ='TTL dot​2 (31947)'!I84 -> 0 | H13: Riel | J13: ='[1]TTL dot 1 (31948)'!I84 -> 0
B14: II/ ប្រាក់បានទទួល (Các khoản đã nhận): | G14: =SUM(G15:G16) -> 932463 | H14: Riel | J14: =G14+G17 -> 932463
B15: 1/ទូទាត់ប្រាក់បៀវត្សលើកទី ១ (Thanh toán lương đợt 1) ៖ | G15: ='TTL dot​2 (31947)'!L84 -> 0 | H15: Riel
B16: 2/ ភាគទានប្រាក់សោធនវគ្គទី១​​​/ BHXH Đợt 1 | G16: ='TTL dot​2 (31947)'!M84 -> 932463 | H16: Riel
B17: III/ ប្រាក់ត្រូវប្រមូល (Các khoản phải thu): | G17: =SUM(G18:G21) -> 0 | H17: Riel | J17: ='TTL dot​2 (31947)'!Q84 -> 932463
B18: 1/ ពន្ធលើប្រាក់បៀវត្ស (Thuế TNCN): | G18: ='TTL dot​2 (31947)'!P84 -> 0 | H18: Riel
B19: 2/ ភាគទានប្រាក់សោធនវគ្គទី១​​​/ BHXH Đợt 1 | G19: 0 | H19: Riel
B20: 2/ ភាគទានប្រាក់សោធនវគ្គទី២​​​/ BHXH Đợt 2 | G20: ='TTL dot​2 (31947)'!O84 -> 0 | H20: Riel
B21: 3/ បុរេប្រទានផ្ទាល់ខ្លួន (Tạm ứng cá nhân): | G21: 0 | H21: Riel
B22: IV/ ប្រាក់ត្រូវទទួល (Thực nhận): | G22: =G23 -> 44843116 | H22: Riel | M22: សាមសិបប្រាំបួនលាន ប្រាំម៉ឺន ប្រាំពីរពាន់ ប្រាំរយ ហាសិបបួន រៀល
B23: 1/ ប្រាក់បៀវត្សត្រូវទទួល (Tiền lương thực nhận): | G23: =ROUND(G11-G14-G17,0) -> 44843116 | H23: Riel | J23: ='TTL dot​2 (31947)'!R84 -> 44843116 | M23: ( Bằng chữ: Ba mươi chín triệu không trăm năm mươi bảy nghìn năm trăm năm mươi bốn riel)
A25: សែសិបបួនលាន ប្រាំបីរយសែសិបបីពាន់ មួយរយដប់ប្រាំមួយ រៀលគត់។
A26: ( Bằng chữ: Bốn mươi bốn triệu tám trăm bốn mươi ba nghìn một trăm mười sáu riel)
F28: កំពង់ធំ, ថ្ងៃ (ngày) 31 ខែ (tháng) 01 ឆ្នាំ (năm) 2026
A29: ផ.ហិរ.គណនេយ្យ | E29: រោងចក្រកែច្នៃ | G29: អ្នករៀបចំ
A30: PHÒNG TCKT | E30: XƯỞNG CHẾ BIẾN | G30: Lập biểu
G34: Bùi Ngọc Triệu
A35: អនុម័តនាយកក្រុមហ៊ុន/DUYỆT GIÁM ĐỐC

Sheet BPTL D1T1
A2: ក្រុមហ៊ុន កៅស៊ូ មេគង្គ ខូ អិលធីឌី | G2: ព្រះរាជាណាចក្រ កម្ពុជា
A3: CÔNG TY TNHH CAO SU MEKONG | G3: VƯƠNG QUỐC CAMPUCHIA
A4: រោងចក្រកែច្នៃ | G4: ជាតិ សាសនា ព្រះមហាក្សត្រ
A5: XƯỞNG CHẾ BIẾN | G5: Dân tộc - Tôn giáo - Quốc vương
A7: តារាងបែងចែកប្រាក់បៀវត្សកម្មករ​រោងចក្រកែច្នៃជ័រកៅស៊ូខែ ១២ ឆ្នាំ​ ២០២៥(វគ្គទី ២)
A8: BẢNG PHÂN TOÁN LƯƠNG CÔNG NHÂN XƯỞNG CHẾ BIẾN THÁNG 12 NĂM 2025​​​ ( ĐỢT 2)
H10: ឯកតា/ | I10: ĐVT៖ Riel
A11: ល.រ | B11: រាយនាមការងារ | C11: តម្លៃ | D11: កម្លាំងថ្ងៃធម្មតា Công ngày | F11: កម្លាំងថែមម៉ោង Công làm thêm giờ | H11: សរុប | I11: កំណត់ចំណាំ
A12: STT | B12: Hạng mục công việc | C12: Đơn​ giá | D12: កម្លាំង Công | E12: ជាប្រាក់ Thành tiền | F12: កម្លាំង Công | G12: ជាប្រាក់ Thành tiền | H12: Tổng cộng | I12: Ghi chú
A13: A | B13: B | C13: 1 | D13: 2 | E13: 3=1x2 | F13: 4 | G13: 5=4x1 | H13: 6=3+5 | I13: 7
A14: I/ សរុបបៀវត្សខែ ០១/២០២៦ (Tổng lương tháng 01/2026): | E14: =SUM(E15:E22) -> 45775579 | H14: =SUM(H15:H22) -> 45775579
A15: 1 | B15: ជ័រកិន /Mủ cán vắt ( Gồm phụ cấp phụ trợ trực tiếp 10%) | C15: 31947 | D15: ='BTHKL D1 T1 (26)'!F12 -> 725.03 | E15: =ROUND(D15*C15,0) -> 23162533 | H15: =G15+E15 -> 23162533
A16: =+A15+1 -> 2 | B16: ជ័រសម្រេច/Mủ Thành phẩm (Gồm phụ cấp phụ trợ trực tiếp 15%) | C16: 31947 | D16: ='BTHKL D1 T1 (26)'!F13 -> 479.8 | E16: =ROUND(D16*C16,0) -> 15328171 | H16: =G16+E16 -> 15328171
A17: =+A16+1 -> 3 | B17: សន្ដិសុខការពារ​​​​​ (Bảo vệ) | C17: 31947 | D17: ='BTHKL D1 T1 (26)'!F14 -> 27.04 | E17: =ROUND(D17*C17,0) -> 863847 | H17: =G17+E17 -> 863847 | K17: =1*0.9391*C17 -> 30001.428 | L17: =SUM(#REF!)-K17 -> #REF! | M17: =H17-L17 -> #REF!
A18: =+A17+1 -> 4 | B18: កម្មករ មេកានិច (Công nhân cơ khí) | C18: 31947 | D18: ='BTHKL D1 T1 (26)'!F17 -> 52.59 | E18: =ROUND(D18*C18,0) -> 1680093 | H18: =G18+E18 -> 1680093 | K18: =33.17*C17 -> 1059682 | L18: =SUM(H18:H19) -> 4560115 | M18: =SUM(#REF!) -> #REF!
A19: =+A18+1 -> 5 | B19: អ្នកបើកឡាន (Tài xế) | C19: 31947 | D19: ='BTHKL D1 T1 (26)'!F18 -> 90.15 | E19: =ROUND(D19*C19,0) -> 2880022 | H19: =G19+E19 -> 2880022 | K19: =24.42*C22 -> 780145.74 | L19: =L18+K18+K19 -> 6399942.7
A20: =+A19+1 -> 6 | B20: សម្អាត (Vệ sinh) | C20: 31947 | D20: ='BTHKL D1 T1 (26)'!F19 -> 24.93 | E20: =ROUND(D20*C20,0) -> 796439 | H20: =G20+E20 -> 796439
A21: =+A20+1 -> 7 | B21: អ្នកធ្វើការមិនរើសមុខ (Tạp vụ) | C21: 31947 | D21: ='BTHKL D1 T1 (26)'!F20 -> 13.11 | E21: =ROUND(D21*C21,0) -> 418825 | H21: =G21+E21 -> 418825 | L21: =ROUND(D23*C22,0) -> 45775578
A22: =+A21+1 -> 8 | B22: កម្លាំងផ្សេង (Công Khác) | C22: 31947 | D22: ='BTHKL D1 T1 (26)'!F21 -> 20.21 | E22: =ROUND(D22*C22,0) -> 645649 | H22: =G22+E22 -> 645649 | L22: ='TTL dot​2 (31947)'!G84 -> 45775579
B23: សរុប (Tổng cộng) | D23: =SUM(D15:D22) -> 1432.86 | E23: =SUM(E15:E22) -> 45775579 | H23: =G23+E23 -> 45775579 | L23: =L22-L21 -> 1
A25: សែសិបប្រាំលាន ប្រាំពីររយចិតសិបប្រាំពាន់ ប្រាំរយចិតសិបប្រាំបួន រៀលគត់។ | L25: =A25=[2]Sheet1!$N$9 -> FALSE
A26: ( Bằng chữ: Bốn mươi lăm triệu, bảy trăm bảy mươi lăm nghìn năm trăm bảy mươi chín riel)
E28: កំពង់ធំ, ថ្ងៃ (ngày) 31 ខែ (tháng) 01 ឆ្នាំ (năm) 2026 | L28: សរុបបៀវត្សខែ ០៤/២០២៥ (Tổng lương tháng 04/2025)
A29: រោងចក្រកែច្នៃ/ XƯỞNG CHẾ BIẾN | E29: អ្នករៀបចំ/ LẬP BIỂU
E32: Bùi Ngọc Triệu
A33: ផ្នែក ចាត់តាំង រដ្ឋបាល/ PHÒNG TCHC | E33: ផ.ហិរ.គណនេយ្យ / PHÒNG TCKT
A38: អនុម័តនាយកក្រុមហ៊ុន/ DUYỆT GIÁM ĐỐC

Sheet BCC D1(26)
A1: ក្រុមហ៊ុន កៅស៊ូ មេគង្គ ខូ អិលធីឌី | P1: ព្រះរាជាណាចក្រ កម្ពុជា
A2: CÔNG TY TNHH CAO SU MEKONG | P2: VƯƠNG QUỐC CAMPUCHIA
A3: រោងចក្រកែច្នៃ | P3: ជាតិ សាសនា ព្រះមហាក្សត្រ
A4: XƯỞNG CHẾ BIẾN | P4: Dân tộc - Tôn giáo - Quốc vương
A6: ='[3]BCC D1'!A6:W6 -> តារាងវត្តមានកម្មកររោងចក្រកែច្នៃជ័រកៅស៊ូ
A7: ='[3]BCC D1'!A7:W7 -> ថ្ងៃ ០១ ៦ឥ ១៥ ខែ ០១ ឆ្នាំ ២០២៦ (វគ្គទី ១)
A8: ='[3]BCC D1'!A8:W8 -> BẢNG CHẤM CÔNG CÔNG NHÂN XƯỞNG CHẾ BIẾN
A9: ='[3]BCC D1'!A9:W9 -> NGÀY 01 ĐẾN​15 THÁNG 01 NĂM 2026 (ĐỢT 1) | Z9: =COUNTIF(F9:T9,"-") -> 0
A11: ល.រ STT | B11: ត្រកូលនិងឈ្មោះ | C11: HỌ VÀ TÊN | D11: លេខអត្តសញ្ញាណ​បណ្ណ Số CMND | E11: ថ្ងៃខែឆ្នាំកំណើត Năm sinh | F11: 1 | G11: =F11+1 -> 2 | H11: =G11+1 -> 3 | I11: =H11+1 -> 4 | J11: =I11+1 -> 5 | K11: =J11+1 -> 6 | L11: =K11+1 -> 7 | M11: =L11+1 -> 8 | N11: =M11+1 -> 9 | ... T11: =S11+1 -> 15 | U11: មី និងប្រេងឆាឲ្យកម្មករ (Mì, dầu ăn cho CN) | V11: សរុប TỔNG CỘNG | W11: សម្គាល់ GHI CHÚ | Z11: Vắng Đ 1 | AA11: Vắng Đ 2
A12: 1 | B12: រិន ច្រិប | C12: RIN CHRIB | D12: 150952531 | E12: 32274 | F12: / | G12: X | H12: X | J12: X | K12: X | L12: - | M12: - | N12: X | O12: X | Q12: X | R12: X | S12: X | T12: X | V12: =COUNTIF(F12:T12,"X")+0.5*COUNTIF(F12:T12,"/")+COUNTIF(F12:T12,"R1")+COUNTIF(F12:T12,"R")+COUNTIF(F12:T12,"R")+COUNTIF(F12:T12,"Xcv") -> 10.5 | X12: =#REF!='[3]BCC D1'!#REF! -> #REF! | Y12: =U12=#REF! -> #REF! | Z12: 1 | AA12: =COUNTIF(F12:T12,"-") -> 2 | AB12: =ROUND(AD12/AC12,4) -> 0.9545 | AC12: 11 | AD12: =V12 -> 10.5 | AE12: =ROUND(AD12*31947,0) -> 335444
A13: =+A12+1 -> 2 | B13: កែវ សម្បត្តិ | C13: KEO SAMBATH | D13: 110471355 | E13: 27485 | F13: X | G13: X | H13: X | J13: X | K13: X | L13: X | M13: X | N13: X | O13: X | Q13: X | R13: X | S13: X | T13: X | V13: =COUNTIF(F13:T13,"X")+0.5*COUNTIF(F13:T13,"/")+COUNTIF(F13:T13,"R1")+COUNTIF(F13:T13,"R")+COUNTIF(F13:T13,"R")+COUNTIF(F13:T13,"Xcv") -> 13 | X13: =#REF!='[3]BCC D1'!#REF! -> #REF! | Y13: =U13=#REF! -> #REF! | Z13: 0 | AA13: =COUNTIF(F13:T13,"-") -> 0 | AB13: =ROUND(AD13/AC13,4) -> 1.1818 | AC13: 11 | AD13: =V13 -> 13 | AE13: =ROUND(AD13*31947,0) -> 415311
B14: កែវ សម្បត្តិ | C14: KEO SAMBATH | D14: Làm thêm giờ | L14: X | M14: X | N14: X | V14: =COUNTIF(F14:T14,"X")+0.5*COUNTIF(F14:T14,"/")+COUNTIF(F14:T14,"R1")+COUNTIF(F14:T14,"R")+COUNTIF(F14:T14,"R")+COUNTIF(F14:T14,"Xcv") -> 3 | Y14: =U14=#REF! -> #REF! | AB14: =ROUND(AD14/AC14,4) -> 0.2727 | AC14: 11 | AD14: =V14 -> 3 | AE14: =ROUND(AD14*31947,0) -> 95841
A15: =+A13+1 -> 3 | B15: ផន ឃី | C15: PHORN KHY | D15: 150981478 | E15: 28166 | F15: X | G15: / | H15: X | J15: X | K15: X | L15: X | M15: X | N15: X | O15: X | Q15: X | R15: X | S15: X | T15: X | V15: =COUNTIF(F15:T15,"X")+0.5*COUNTIF(F15:T15,"/")+COUNTIF(F15:T15,"R1")+COUNTIF(F15:T15,"R")+COUNTIF(F15:T15,"R")+COUNTIF(F15:T15,"Xcv") -> 12.5 | X15: =#REF!='[3]BCC D1'!#REF! -> #REF! | Y15: =U15=#REF! -> #REF! | Z15: 0 | AA15: =COUNTIF(F15:T15,"-") -> 0 | AB15: =ROUND(AD15/AC15,4) -> 1.0564 | AC15: 10 | AD15: =V15*0.8451 -> 10.56375 | AE15: =ROUND(AD15*31947,0) -> 337480
A16: =+A15+1 -> 4 | B16: ថន ម៉ន | C16: THORN MORN | D16: 150644309 | E16: 30376 | F16: X | H16: X | J16: X | K16: X | L16: X | M16: X | N16: X | O16: X | Q16: X | R16: X | S16: X | T16: X | V16: =COUNTIF(F16:T16,"X")+0.5*COUNTIF(F16:T16,"/")+COUNTIF(F16:T16,"R1")+COUNTIF(F16:T16,"R")+COUNTIF(F16:T16,"R")+COUNTIF(F16:T16,"Xcv") -> 12 | X16: =#REF!='[3]BCC D1'!#REF! -> #REF! | Y16: =U16=#REF! -> #REF! | Z16: 0 | AA16: =COUNTIF(F16:T16,"-") -> 0 | AB16: =ROUND(AD16/AC16,4) -> 1.3659 | AC16: 11 | AD16: =V16*1.2521 -> 15.0252 | AE16: =ROUND(AD16*31947,0) -> 480010
B17: ថន ម៉ន | C17: THORN MORN | D17: Làm thêm giờ | H17: / | J17: / | K17: / | L17: / | M17: / | N17: / | O17: / | Q17: / | R17: / | S17: / | T17: / | V17: =COUNTIF(F17:T17,"X")+0.5*COUNTIF(F17:T17,"/")+COUNTIF(F17:T17,"R1")+COUNTIF(F17:T17,"R")+COUNTIF(F17:T17,"R")+COUNTIF(F17:T17,"Xcv") -> 5.5 | AB17: =V17 -> 5.5 | AE17: =AB17*5000 -> 27500
A18: 5 | B18: សៃ រិទ្ធី | C18: SAI RITHY | D18: 220195668 | E18: 37000 | G18: X | H18: X | J18: / | K18: X | O18: X | Q18: X | R18: X | S18: X | T18: X | V18: =COUNTIF(F18:T18,"X")+0.5*COUNTIF(F18:T18,"/")+COUNTIF(F18:T18,"R1")+COUNTIF(F18:T18,"R")+COUNTIF(F18:T18,"R")+COUNTIF(F18:T18,"Xcv") -> 8.5 | X18: =#REF!='[3]BCC D1'!#REF! -> #REF! | Y18: =U18=#REF! -> #REF! | Z18: 0 | AA18: =COUNTIF(F18:T18,"-") -> 0 | AB18: =ROUND(AD18/AC18,4) -> 0.9675 | AC18: 11 | AD18: =V18*1.2521 -> 10.64285 | AE18: =ROUND(AD18*31947,0) -> 340007
B19: សៃ រិទ្ធី | C19: SAI RITHY | D19: Làm thêm giờ | O19: / | Q19: / | R19: / | S19: / | T19: / | V19: =COUNTIF(F19:T19,"X")+0.5*COUNTIF(F19:T19,"/")+COUNTIF(F19:T19,"R1")+COUNTIF(F19:T19,"R")+COUNTIF(F19:T19,"R")+COUNTIF(F19:T19,"Xcv") -> 2.5 | AB19: =V19 -> 2.5 | AE19: =AB19*5000 -> 12500
A20: 6 | B20: សាត រិទ្ធិសាក់ | C20: SAT RITHYSAK | D20: 220208913 | E20: 36814 | G20: X | H20: X | J20: X | K20: X | L20: X | M20: X | N20: X | O20: X | Q20: X | R20: X | S20: X | T20: X | V20: =COUNTIF(F20:T20,"X")+0.5*COUNTIF(F20:T20,"/")+COUNTIF(F20:T20,"R1")+COUNTIF(F20:T20,"R")+COUNTIF(F20:T20,"R")+COUNTIF(F20:T20,"Xcv") -> 12 | X20: =#REF!='[3]BCC D1'!#REF! -> #REF! | Y20: =U20=#REF! -> #REF! | Z20: 0 | AA20: =COUNTIF(F20:T20,"-") -> 0 | AB20: =V20*1.2521 -> 15.0252 | AC20: =ROUND(V20*31947,0) -> 383364
B21: សាត រិទ្ធិសាក់ | C21: SAT RITHYSAK | D21: Làm thêm giờ | H21: / | J21: / | K21: / | L21: / | M21: / | N21: / | O21: / | Q21: / | R21: / | S21: / | T21: / | V21: =COUNTIF(F21:T21,"X")+0.5*COUNTIF(F21:T21,"/")+COUNTIF(F21:T21,"R1")+COUNTIF(F21:T21,"R")+COUNTIF(F21:T21,"R")+COUNTIF(F21:T21,"Xcv") -> 5.5 | AB21: =V21 -> 5.5 | AC21: =V21*5000 -> 27500
A22: 7 | B22: ហឿង សុជឿន | C22: HOEUNG SOCHOEUN | D22: 150911076 | E22: 37169 | J22: Xcv | K22: Xcv | M22: Xcv | N22: X | O22: X | P22: X | Q22: X | R22: X | S22: X | T22: X | V22: =COUNTIF(F22:T22,"X")+0.5*COUNTIF(F22:T22,"/")+COUNTIF(F22:T22,"R1")+COUNTIF(F22:T22,"R")+COUNTIF(F22:T22,"R")+COUNTIF(F22:T22,"Xcv") -> 10 | X22: =#REF!='[3]BCC D1'!#REF! -> #REF! | Z22: 1 | AA22: =COUNTIF(F22:T22,"-") -> 0
A23: =A22+1 -> 8 | B23: ថន សំណាង | C23: THAN SAMNANG | D23: 220102094 | E23: 34977 | J23: Xcv | K23: Xcv | L23: Xcv | M23: Xcv | N23: X | O23: X | P23: X | Q23: X | R23: X | S23: - | T23: X | V23: =COUNTIF(F23:T23,"X")+0.5*COUNTIF(F23:T23,"/")+COUNTIF(F23:T23,"R1")+COUNTIF(F23:T23,"R")+COUNTIF(F23:T23,"R")+COUNTIF(F23:T23,"Xcv") -> 10 | X23: =#REF!='[3]BCC D1'!#REF! -> #REF! | Z23: 0 | AA23: =COUNTIF(F23:T23,"-") -> 1
A24: =A23+1 -> 9 | B24: ថូរ សុភ័ណ្ឌ | C24: THO SOPHORN | D24: 210050404 | E24: 35370 | N24: X | O24: X | P24: X | Q24: X | R24: X | S24: X | T24: X | V24: =COUNTIF(F24:T24,"X")+0.5*COUNTIF(F24:T24,"/")+COUNTIF(F24:T24,"R1")+COUNTIF(F24:T24,"R")+COUNTIF(F24:T24,"R")+COUNTIF(F24:T24,"Xcv") -> 7 | X24: =#REF!='[3]BCC D1'!#REF! -> #REF! | Z24: 1 | AA24: =COUNTIF(F24:T24,"-") -> 0
A25: =A24+1 -> 10 | B25: ធៀម សំនាង | C25: THEAM SAMNEANG | D25: 151006137 | E25: 38944 | N25: X | O25: X | P25: X | Q25: X | R25: X | S25: X | T25: - | V25: =COUNTIF(F25:T25,"X")+0.5*COUNTIF(F25:T25,"/")+COUNTIF(F25:T25,"R1")+COUNTIF(F25:T25,"R")+COUNTIF(F25:T25,"R")+COUNTIF(F25:T25,"Xcv") -> 6 | X25: =#REF!='[3]BCC D1'!#REF! -> #REF! | Z25: 1 | AA25: =COUNTIF(F25:T25,"-") -> 1
A26: =A25+1 -> 11 | B26: អែល សាន់ | C26: EL SANN | D26: 040322767 | E26: 34973 | J26: Xcv | K26: Xcv | L26: Xcv | M26: Xcv | N26: X | O26: X | P26: X | Q26: X | R26: X | S26: X | T26: X | V26: =COUNTIF(F26:T26,"X")+0.5*COUNTIF(F26:T26,"/")+COUNTIF(F26:T26,"R1")+COUNTIF(F26:T26,"R")+COUNTIF(F26:T26,"R")+COUNTIF(F26:T26,"Xcv") -> 11 | X26: =#REF!='[3]BCC D1'!#REF! -> #REF! | Z26: 1 | AA26: =COUNTIF(F26:T26,"-") -> 0
A27: =A26+1 -> 12 | B27: អ៊ាវ ខាត់ | C27: EAV KHATH | D27: 150469697 | E27: 33704 | L27: Xcv | N27: X | O27: X | P27: X | Q27: X | R27: X | S27: X | T27: X | V27: =COUNTIF(F27:T27,"X")+0.5*COUNTIF(F27:T27,"/")+COUNTIF(F27:T27,"R1")+COUNTIF(F27:T27,"R")+COUNTIF(F27:T27,"R")+COUNTIF(F27:T27,"Xcv") -> 8 | X27: =#REF!='[3]BCC D1'!#REF! -> #REF! | Z27: 4 | AA27: =COUNTIF(F27:T27,"-") -> 0
A28: =A27+1 -> 13 | B28: ភី ផូ | C28: PHI PHO | D28: 150927708 | E28: 37085 | N28: X | O28: X | P28: X | Q28: X | R28: X | S28: X | T28: X | V28: =COUNTIF(F28:T28,"X")+0.5*COUNTIF(F28:T28,"/")+COUNTIF(F28:T28,"R1")+COUNTIF(F28:T28,"R")+COUNTIF(F28:T28,"R")+COUNTIF(F28:T28,"Xcv") -> 7 | X28: =#REF!='[3]BCC D1'!#REF! -> #REF! | Z28: 0 | AA28: =COUNTIF(F28:T28,"-") -> 0
A29: =A28+1 -> 14 | B29: វុន វណ្ណនី | C29: VON VANNY | D29: 151034061 | E29: 39153 | N29: X | O29: / | P29: X | Q29: X | R29: X | S29: X | T29: - | V29: =COUNTIF(F29:T29,"X")+0.5*COUNTIF(F29:T29,"/")+COUNTIF(F29:T29,"R1")+COUNTIF(F29:T29,"R")+COUNTIF(F29:T29,"R")+COUNTIF(F29:T29,"Xcv") -> 5.5 | X29: =#REF!='[3]BCC D1'!#REF! -> #REF! | Z29: 3 | AA29: =COUNTIF(F29:T29,"-") -> 1
A30: =A29+1 -> 15 | B30: លឿន ឆាលី | C30: LOEUN CHALY | D30: 150911069 | E30: 37366 | N30: X | O30: X | P30: X | Q30: X | R30: X | S30: - | T30: X | V30: =COUNTIF(F30:T30,"X")+0.5*COUNTIF(F30:T30,"/")+COUNTIF(F30:T30,"R1")+COUNTIF(F30:T30,"R")+COUNTIF(F30:T30,"R")+COUNTIF(F30:T30,"Xcv") -> 6 | X30: =#REF!='[3]BCC D1'!#REF! -> #REF! | Z30: 1 | AA30: =COUNTIF(F30:T30,"-") -> 1
A31: =A30+1 -> 16 | B31: ហឿន សាវុធ | C31: HOEURN SAVUTH | D31: 020520213 | E31: 31484 | J31: Xcv | K31: Xcv | L31: Xcv | M31: Xcv | N31: - | O31: X | P31: X | Q31: X | R31: X | S31: X | T31: X | V31: =COUNTIF(F31:T31,"X")+0.5*COUNTIF(F31:T31,"/")+COUNTIF(F31:T31,"R1")+COUNTIF(F31:T31,"R")+COUNTIF(F31:T31,"R")+COUNTIF(F31:T31,"Xcv") -> 10 | X31: =#REF!='[3]BCC D1'!#REF! -> #REF! | Z31: 0 | AA31: =COUNTIF(F31:T31,"-") -> 1
A32: =A31+1 -> 17 | B32: រឿន សារី | C32: ROEUN SARY | D32: 220175393 | E32: 31413 | N32: - | O32: - | P32: X | Q32: X | R32: X | S32: X | T32: - | V32: =COUNTIF(F32:T32,"X")+0.5*COUNTIF(F32:T32,"/")+COUNTIF(F32:T32,"R1")+COUNTIF(F32:T32,"R")+COUNTIF(F32:T32,"R")+COUNTIF(F32:T32,"Xcv") -> 4 | X32: =#REF!='[3]BCC D1'!#REF! -> #REF! | Z32: 1 | AA32: =COUNTIF(F32:T32,"-") -> 3
A33: =A32+1 -> 18 | B33: ហ៊ុច សំណាង | C33: HOCH SOMNANG | D33: 150936257 | E33: 37356 | N33: X | O33: X | P33: X | Q33: X | R33: X | S33: X | T33: X | V33: =COUNTIF(F33:T33,"X")+0.5*COUNTIF(F33:T33,"/")+COUNTIF(F33:T33,"R1")+COUNTIF(F33:T33,"R")+COUNTIF(F33:T33,"R")+COUNTIF(F33:T33,"Xcv") -> 7 | X33: =#REF!='[3]BCC D1'!#REF! -> #REF! | Z33: 1 | AA33: =COUNTIF(F33:T33,"-") -> 0
A34: =A33+1 -> 19 | B34: បាន ចន្ថា | C34: BAN CHANTHA | D34: 220137301 | E34: 30074 | J34: Xcv | K34: Xcv | L34: Xcv | M34: Xcv | N34: X | O34: - | P34: X | Q34: X | R34: X | S34: X | T34: X | V34: =COUNTIF(F34:T34,"X")+0.5*COUNTIF(F34:T34,"/")+COUNTIF(F34:T34,"R1")+COUNTIF(F34:T34,"R")+COUNTIF(F34:T34,"R")+COUNTIF(F34:T34,"Xcv") -> 10 | X34: =#REF!='[3]BCC D1'!#REF! -> #REF! | Z34: 3 | AA34: =COUNTIF(F34:T34,"-") -> 1
A35: =A34+1 -> 20 | B35: សាន់ យូស័រ | C35: SAN YUSOR | D35: 150940509 | E35: 37662 | J35: Xcv | K35: Xcv | L35: Xcv | M35: Xcv | N35: X | O35: - | P35: X | Q35: X | R35: - | S35: X | T35: X | V35: =COUNTIF(F35:T35,"X")+0.5*COUNTIF(F35:T35,"/")+COUNTIF(F35:T35,"R1")+COUNTIF(F35:T35,"R")+COUNTIF(F35:T35,"R")+COUNTIF(F35:T35,"Xcv") -> 9 | X35: =#REF!='[3]BCC D1'!#REF! -> #REF! | Z35: 0 | AA35: =COUNTIF(F35:T35,"-") -> 2
A36: =A35+1 -> 21 | B36: វុន វណ្ណា | C36: VUN VANNA | D36: 150657948 | E36: 36192 | J36: Xcv | M36: Xcv | N36: X | O36: X | P36: X | Q36: X | R36: X | S36: X | T36: - | V36: =COUNTIF(F36:T36,"X")+0.5*COUNTIF(F36:T36,"/")+COUNTIF(F36:T36,"R1")+COUNTIF(F36:T36,"R")+COUNTIF(F36:T36,"R")+COUNTIF(F36:T36,"Xcv") -> 8 | X36: =#REF!='[3]BCC D1'!#REF! -> #REF! | Z36: 0 | AA36: =COUNTIF(F36:T36,"-") -> 1
A37: =A36+1 -> 22 | B37: ជឿន នីន | C37: CHOEUN NIN | D37: 150952503 | E37: 38207 | N37: X | O37: X | P37: X | Q37: X | R37: X | S37: X | T37: X | V37: =COUNTIF(F37:T37,"X")+0.5*COUNTIF(F37:T37,"/")+COUNTIF(F37:T37,"R1")+COUNTIF(F37:T37,"R")+COUNTIF(F37:T37,"R")+COUNTIF(F37:T37,"Xcv") -> 7 | X37: =#REF!='[3]BCC D1'!#REF! -> #REF! | Z37: 3 | AA37: =COUNTIF(F37:T37,"-") -> 0
A38: =A37+1 -> 23 | B38: ហឿង ហេង | C38: HOEUNG HENG | D38: 220248893 | E38: 33855 | N38: X | O38: X | P38: X | Q38: X | R38: X | S38: X | T38: X | V38: =COUNTIF(F38:T38,"X")+0.5*COUNTIF(F38:T38,"/")+COUNTIF(F38:T38,"R1")+COUNTIF(F38:T38,"R")+COUNTIF(F38:T38,"R")+COUNTIF(F38:T38,"Xcv") -> 7 | X38: =#REF!='[3]BCC D1'!#REF! -> #REF! | Z38: 3 | AA38: =COUNTIF(F38:T38,"-") -> 0
A39: =A38+1 -> 24 | B39: គង់ ចាន់ទ្រឿន | C39: KONG CHANTROEUN | D39: 220105697 | E39: 35623 | N39: X | O39: X | P39: X | Q39: X | R39: X | S39: X | T39: X | V39: =COUNTIF(F39:T39,"X")+0.5*COUNTIF(F39:T39,"/")+COUNTIF(F39:T39,"R1")+COUNTIF(F39:T39,"R")+COUNTIF(F39:T39,"R")+COUNTIF(F39:T39,"Xcv") -> 7 | X39: =#REF!='[3]BCC D1'!#REF! -> #REF! | Z39: 1 | AA39: =COUNTIF(F39:T39,"-") -> 0
A40: =A39+1 -> 25 | B40: ទៀង ឡៃស៊ីម | C40: TIENG LAISIM | D40: 220216744 | E40: 37994 | N40: X | O40: X | P40: X | Q40: X | R40: X | S40: X | T40: X | V40: =COUNTIF(F40:T40,"X")+0.5*COUNTIF(F40:T40,"/")+COUNTIF(F40:T40,"R1")+COUNTIF(F40:T40,"R")+COUNTIF(F40:T40,"R")+COUNTIF(F40:T40,"Xcv") -> 7 | X40: =#REF!='[3]BCC D1'!#REF! -> #REF! | Z40: 1 | AA40: =COUNTIF(F40:T40,"-") -> 0
A41: =A40+1 -> 26 | B41: ម៉ុន ម៉ោល | C41: MON MORL | D41: 220211460 | E41: 37970 | J41: Xcv | K41: Xcv | L41: Xcv | M41: Xcv | N41: - | O41: - | P41: - | Q41: - | R41: X | S41: X | T41: X | V41: =COUNTIF(F41:T41,"X")+0.5*COUNTIF(F41:T41,"/")+COUNTIF(F41:T41,"R1")+COUNTIF(F41:T41,"R")+COUNTIF(F41:T41,"R")+COUNTIF(F41:T41,"Xcv") -> 7 | X41: =#REF!='[3]BCC D1'!#REF! -> #REF! | Z41: 1 | AA41: =COUNTIF(F41:T41,"-") -> 4
A42: =A41+1 -> 27 | B42: កែវ ប្រុសសុទ្ធ | C42: KEO BROSSOTH | D42: 151056059 | E42: 38810 | J42: / | N42: X | O42: X | P42: - | Q42: - | R42: X | S42: X | T42: X | V42: =COUNTIF(F42:T42,"X")+0.5*COUNTIF(F42:T42,"/")+COUNTIF(F42:T42,"R1")+COUNTIF(F42:T42,"R")+COUNTIF(F42:T42,"R")+COUNTIF(F42:T42,"Xcv") -> 5.5 | X42: =#REF!='[3]BCC D1'!#REF! -> #REF! | Z42: 2 | AA42: =COUNTIF(F42:T42,"-") -> 2
A43: =A42+1 -> 28 | B43: ម៉ុក សុធា | C43: MOK SOTHEA | D43: 150306182 (01) | E43: 31934 | K43: Xcv | M43: Xcv | N43: X | O43: X | P43: X | Q43: X | R43: X | S43: X | T43: X | V43: =COUNTIF(F43:T43,"X")+0.5*COUNTIF(F43:T43,"/")+COUNTIF(F43:T43,"R1")+COUNTIF(F43:T43,"R")+COUNTIF(F43:T43,"R")+COUNTIF(F43:T43,"Xcv") -> 9 | X43: =#REF!='[3]BCC D1'!#REF! -> #REF! | Z43: 0 | AA43: =COUNTIF(F43:T43,"-") -> 0
A44: 29 | B44: ជឿន ថា | C44: CHOEUN THA | D44: 150429482 (01) | E44: 32888 | H44: X | I44: X | J44: X | K44: X | L44: X | M44: X | N44: X | O44: X | P44: X | Q44: X | R44: X | S44: X | T44: X | V44: =COUNTIF(F44:T44,"X")+0.5*COUNTIF(F44:T44,"/")+COUNTIF(F44:T44,"R1")+COUNTIF(F44:T44,"R")+COUNTIF(F44:T44,"R")+COUNTIF(F44:T44,"Xcv") -> 13 | X44: =#REF!='[3]BCC D1'!#REF! -> #REF! | Z44: 0 | AA44: =COUNTIF(F44:T44,"-") -> 0
A45: =+A44+1 -> 30 | B45: ហ៊ុន ម៉ៅ | C45: HUN MAO | D45: 150839024 | E45: 29091 | H45: X | I45: X | J45: X | K45: X | L45: X | M45: X | N45: X | O45: X | P45: X | Q45: X | R45: X | S45: X | T45: X | V45: =COUNTIF(F45:T45,"X")+0.5*COUNTIF(F45:T45,"/")+COUNTIF(F45:T45,"R1")+COUNTIF(F45:T45,"R")+COUNTIF(F45:T45,"R")+COUNTIF(F45:T45,"Xcv") -> 13 | X45: =#REF!='[3]BCC D1'!#REF! -> #REF! | Z45: 2 | AA45: =COUNTIF(F45:T45,"-") -> 0
A46: =+A45+1 -> 31 | B46: ជឿន ថី | C46: CHOEUN THEY | D46: 150469703 (01) | E46: 34132 | H46: X | I46: X | J46: X | K46: X | L46: X | M46: X | N46: X | O46: X | P46: X | Q46: X | R46: X | S46: X | T46: X | V46: =COUNTIF(F46:T46,"X")+0.5*COUNTIF(F46:T46,"/")+COUNTIF(F46:T46,"R1")+COUNTIF(F46:T46,"R")+COUNTIF(F46:T46,"R")+COUNTIF(F46:T46,"Xcv") -> 13 | X46: =#REF!='[3]BCC D1'!#REF! -> #REF! | Z46: 0 | AA46: =COUNTIF(F46:T46,"-") -> 0
A47: =+A46+1 -> 32 | B47: ឆឹម ខុន | C47: CHHEOM KHON | D47: 150360208 (01) | E47: 33036 | H47: X | I47: X | J47: X | K47: X | L47: X | M47: X | N47: X | O47: X | P47: X | Q47: X | R47: X | S47: X | T47: X | V47: =COUNTIF(F47:T47,"X")+0.5*COUNTIF(F47:T47,"/")+COUNTIF(F47:T47,"R1")+COUNTIF(F47:T47,"R")+COUNTIF(F47:T47,"R")+COUNTIF(F47:T47,"Xcv") -> 13 | X47: =#REF!='[3]BCC D1'!#REF! -> #REF! | Z47: 2 | AA47: =COUNTIF(F47:T47,"-") -> 0
A48: =+A47+1 -> 33 | B48: ថន សុខធា | C48: THON SOKHTHEA | D48: 220137744 | E48: 36010 | H48: X | I48: X | J48: X | K48: X | L48: X | M48: X | N48: X | O48: X | P48: X | Q48: X | R48: X | S48: X | T48: X | V48: =COUNTIF(F48:T48,"X")+0.5*COUNTIF(F48:T48,"/")+COUNTIF(F48:T48,"R1")+COUNTIF(F48:T48,"R")+COUNTIF(F48:T48,"R")+COUNTIF(F48:T48,"Xcv") -> 13 | X48: =#REF!='[3]BCC D1'!#REF! -> #REF! | Z48: 0 | AA48: =COUNTIF(F48:T48,"-") -> 0
A49: =+A48+1 -> 34 | B49: នី គីន | C49: NY KIN | D49: 150627962 | E49: 30957 | H49: X | I49: X | J49: X | K49: X | L49: X | M49: X | N49: - | O49: X | P49: X | Q49: X | R49: X | S49: X | T49: X | V49: =COUNTIF(F49:T49,"X")+0.5*COUNTIF(F49:T49,"/")+COUNTIF(F49:T49,"R1")+COUNTIF(F49:T49,"R")+COUNTIF(F49:T49,"R")+COUNTIF(F49:T49,"Xcv") -> 12 | X49: =#REF!='[3]BCC D1'!#REF! -> #REF! | Z49: 0 | AA49: =COUNTIF(F49:T49,"-") -> 1
A50: =+A49+1 -> 35 | B50: វុន ហួន | C50: VUN HOUN | D50: 150523228 | E50: 34529 | H50: X | I50: X | J50: X | K50: X | L50: X | M50: X | N50: X | O50: X | P50: X | Q50: X | R50: X | S50: X | T50: X | V50: =COUNTIF(F50:T50,"X")+0.5*COUNTIF(F50:T50,"/")+COUNTIF(F50:T50,"R1")+COUNTIF(F50:T50,"R")+COUNTIF(F50:T50,"R")+COUNTIF(F50:T50,"Xcv") -> 13 | Z50: 3 | AA50: =COUNTIF(F50:T50,"-") -> 0
A51: =+A50+1 -> 36 | B51: លី​ ប៊ុនយ៉េន | C51: LY BUNYEN | D51: 151013383 | E51: 36565 | H51: X | I51: X | J51: X | K51: X | L51: X | M51: X | N51: X | O51: X | P51: X | Q51: X | R51: X | S51: X | T51: X | V51: =COUNTIF(F51:T51,"X")+0.5*COUNTIF(F51:T51,"/")+COUNTIF(F51:T51,"R1")+COUNTIF(F51:T51,"R")+COUNTIF(F51:T51,"R")+COUNTIF(F51:T51,"Xcv") -> 13
A52: =+A51+1 -> 37 | B52: ធឿន​ វុឌ្ឍី | C52: THOEUN VUTHY | D52: 150537069 | E52: 34890 | H52: X | I52: X | J52: X | K52: X | L52: X | M52: X | N52: X | O52: X | P52: X | Q52: X | R52: X | S52: X | T52: X | V52: =COUNTIF(F52:T52,"X")+0.5*COUNTIF(F52:T52,"/")+COUNTIF(F52:T52,"R1")+COUNTIF(F52:T52,"R")+COUNTIF(F52:T52,"R")+COUNTIF(F52:T52,"Xcv") -> 13 | X52: =#REF!='[3]BCC D1'!#REF! -> #REF! | Z52: 1 | AA52: =COUNTIF(F52:T52,"-") -> 0
A53: =+A52+1 -> 38 | B53: ឌូ ឌីន | C53: DOU DIN | D53: 151046569 | E53: 29407 | F53: X | G53: X | H53: X | J53: X | K53: X | L53: - | M53: - | N53: - | O53: X | Q53: X | R53: X | S53: X | T53: X | V53: =COUNTIF(F53:T53,"X")+0.5*COUNTIF(F53:T53,"/")+COUNTIF(F53:T53,"R1")+COUNTIF(F53:T53,"R")+COUNTIF(F53:T53,"R")+COUNTIF(F53:T53,"Xcv") -> 10 | X53: =#REF!='[3]BCC D1'!#REF! -> #REF! | AA53: =COUNTIF(F53:T53,"-") -> 3
B54: ឌូ ឌីន | C54: DOU DIN | D54: Làm thêm giờ | V54: =COUNTIF(F54:T54,"X")+0.5*COUNTIF(F54:T54,"/")+COUNTIF(F54:T54,"R1")+COUNTIF(F54:T54,"R")+COUNTIF(F54:T54,"R")+COUNTIF(F54:T54,"Xcv") -> 0 | Z54: 0 | AA54: =COUNTIF(F54:T54,"-") -> 0
A55: 39 | B55: ម៉ៅ ថី | C55: MAO THEY | D55: 150771197 | E55: 30844 | F55: X | G55: X | H55: X | J55: X | K55: X | L55: X | M55: X | N55: X | O55: X | Q55: X | R55: X | S55: X | T55: X | V55: =COUNTIF(F55:T55,"X")+0.5*COUNTIF(F55:T55,"/")+COUNTIF(F55:T55,"R1")+COUNTIF(F55:T55,"R")+COUNTIF(F55:T55,"R")+COUNTIF(F55:T55,"Xcv") -> 13 | X55: =#REF!='[3]BCC D1'!#REF! -> #REF! | Z55: 0 | AA55: =COUNTIF(F55:T55,"-") -> 0
A56: 40 | B56: ហៀង ហ័ង | C56: HEANG HORNG | D56: 150936930 | E56: 31695 | F56: X | G56: X | H56: X | J56: X | K56: X | L56: X | M56: X | N56: X | O56: X | Q56: X | R56: X | S56: X | T56: X | V56: =COUNTIF(F56:T56,"X")+0.5*COUNTIF(F56:T56,"/")+COUNTIF(F56:T56,"R1")+COUNTIF(F56:T56,"R")+COUNTIF(F56:T56,"R")+COUNTIF(F56:T56,"Xcv") -> 13
B57: ហៀង ហ័ង | C57: HEANG HORNG | D57: Làm thêm giờ | H57: / | J57: / | K57: / | L57: / | M57: / | N57: / | O57: / | Q57: / | R57: / | S57: / | T57: / | V57: =COUNTIF(F57:T57,"X")+0.5*COUNTIF(F57:T57,"/")+COUNTIF(F57:T57,"R1")+COUNTIF(F57:T57,"R")+COUNTIF(F57:T57,"R")+COUNTIF(F57:T57,"Xcv") -> 5.5 | X57: =#REF!='[3]BCC D1'!#REF! -> #REF! | Z57: 0 | AA57: =COUNTIF(F57:T57,"-") -> 0
A58: =+A56+1 -> 41 | B58: មឿន សេន | C58: MOEURN SEN | D58: 180753924 | E58: 31999 | F58: X | H58: X | J58: X | K58: X | M58: X | N58: X | O58: X | Q58: X | R58: X | S58: X | T58: X | V58: =COUNTIF(F58:T58,"X")+0.5*COUNTIF(F58:T58,"/")+COUNTIF(F58:T58,"R1")+COUNTIF(F58:T58,"R")+COUNTIF(F58:T58,"R")+COUNTIF(F58:T58,"Xcv") -> 11
B59: មឿន សេន | C59: MOEURN SEN | D59: Làm thêm giờ | N59: / | O59: / | Q59: / | R59: / | S59: / | T59: / | V59: =COUNTIF(F59:T59,"X")+0.5*COUNTIF(F59:T59,"/")+COUNTIF(F59:T59,"R1")+COUNTIF(F59:T59,"R")+COUNTIF(F59:T59,"R")+COUNTIF(F59:T59,"Xcv") -> 3 | X59: =#REF!='[3]BCC D1'!#REF! -> #REF! | Z59: 0 | AA59: =COUNTIF(F59:T59,"-") -> 0
A60: =+A58+1 -> 42 | B60: សួរ សាលូត | C60: SOUR SALOUTH | D60: 220208904 | E60: 36442 | F60: X | G60: X | H60: X | J60: X | K60: X | L60: X | M60: X | N60: X | O60: X | Q60: X | R60: X | S60: X | T60: X | V60: =COUNTIF(F60:T60,"X")+0.5*COUNTIF(F60:T60,"/")+COUNTIF(F60:T60,"R1")+COUNTIF(F60:T60,"R")+COUNTIF(F60:T60,"R")+COUNTIF(F60:T60,"Xcv") -> 13 | X60: =#REF!='[3]BCC D1'!#REF! -> #REF! | AA60: =COUNTIF(F60:T60,"-") -> 0
B61: សួរ សាលូត | C61: SOUR SALOUTH | D61: Làm thêm giờ | H61: / | J61: / | K61: / | L61: / | M61: / | N61: / | O61: / | Q61: / | R61: / | S61: / | T61: / | V61: =COUNTIF(F61:T61,"X")+0.5*COUNTIF(F61:T61,"/")+COUNTIF(F61:T61,"R1")+COUNTIF(F61:T61,"R")+COUNTIF(F61:T61,"R")+COUNTIF(F61:T61,"Xcv") -> 5.5 | X61: =#REF!='[3]BCC D1'!#REF! -> #REF! | Z61: 0 | AA61: =COUNTIF(F61:T61,"-") -> 0
A62: =+A60+1 -> 43 | B62: ហ៊ីម មករា | C62: HIM MAKRA | D62: 150978188 | E62: 37990 | K62: Xcv | L62: Xcv | M62: Xcv | O62: X | P62: X | Q62: X | R62: X | S62: X | T62: X | V62: =COUNTIF(F62:T62,"X")+0.5*COUNTIF(F62:T62,"/")+COUNTIF(F62:T62,"R1")+COUNTIF(F62:T62,"R")+COUNTIF(F62:T62,"R")+COUNTIF(F62:T62,"Xcv") -> 9 | X62: =#REF!='[3]BCC D1'!#REF! -> #REF! | Z62: 0 | AA62: =COUNTIF(F62:T62,"-") -> 0
A63: =+A62+1 -> 44 | B63: ហុក តុងសេង | C63: HUK TUNGSENG | D63: 210070000 | E63: 29441 | O63: X | P63: X | Q63: X | R63: X | S63: X | T63: X | V63: =COUNTIF(F63:T63,"X")+0.5*COUNTIF(F63:T63,"/")+COUNTIF(F63:T63,"R1")+COUNTIF(F63:T63,"R")+COUNTIF(F63:T63,"R")+COUNTIF(F63:T63,"Xcv") -> 6 | X63: =#REF!='[3]BCC D1'!#REF! -> #REF! | Z63: 1 | AA63: =COUNTIF(F63:T63,"-") -> 0
A64: =+A63+1 -> 45 | B64: គួន ធី | C64: KOURN THY | D64: 150582874 | E64: 31240 | K64: Xcv | O64: X | P64: X | Q64: X | R64: X | S64: X | T64: X | V64: =COUNTIF(F64:T64,"X")+0.5*COUNTIF(F64:T64,"/")+COUNTIF(F64:T64,"R1")+COUNTIF(F64:T64,"R")+COUNTIF(F64:T64,"R")+COUNTIF(F64:T64,"Xcv") -> 7 | X64: =#REF!='[3]BCC D1'!#REF! -> #REF! | Z64: 0 | AA64: =COUNTIF(F64:T64,"-") -> 0
A65: =+A64+1 -> 46 | B65: អៀង អ៊ា | C65: EANG EAR | D65: 150523495 (01) | E65: 35221 | O65: X | P65: - | Q65: X | R65: X | S65: X | T65: X | V65: =COUNTIF(F65:T65,"X")+0.5*COUNTIF(F65:T65,"/")+COUNTIF(F65:T65,"R1")+COUNTIF(F65:T65,"R")+COUNTIF(F65:T65,"R")+COUNTIF(F65:T65,"Xcv") -> 5 | X65: =#REF!='[3]BCC D1'!#REF! -> #REF! | Z65: 0 | AA65: =COUNTIF(F65:T65,"-") -> 1
A66: =+A65+1 -> 47 | B66: ម៉ៅ សុខនី | C66: MAO SOKNY | D66: 151058048 | E66: 39700 | K66: Xcv | L66: Xcv | O66: X | P66: X | Q66: X | R66: X | S66: X | T66: X | V66: =COUNTIF(F66:T66,"X")+0.5*COUNTIF(F66:T66,"/")+COUNTIF(F66:T66,"R1")+COUNTIF(F66:T66,"R")+COUNTIF(F66:T66,"R")+COUNTIF(F66:T66,"Xcv") -> 8 | X66: =#REF!='[3]BCC D1'!#REF! -> #REF! | Z66: 2 | AA66: =COUNTIF(F66:T66,"-") -> 0
A67: =+A66+1 -> 48 | B67: ម៉ឹង គា | C67: MOENG KEA | D67: 150925395 | E67: 26483 | K67: Xcv | L67: Xcv | M67: Xcv | O67: X | P67: X | Q67: X | R67: X | S67: X | T67: X | V67: =COUNTIF(F67:T67,"X")+0.5*COUNTIF(F67:T67,"/")+COUNTIF(F67:T67,"R1")+COUNTIF(F67:T67,"R")+COUNTIF(F67:T67,"R")+COUNTIF(F67:T67,"Xcv") -> 9 | X67: =#REF!='[3]BCC D1'!#REF! -> #REF! | Z67: 1 | AA67: =COUNTIF(F67:T67,"-") -> 0
A68: =+A67+1 -> 49 | B68: ម៉ៅ សុខម៉េង | C68: MAO SOKMENG | D68: 151075912 | E68: 40097 | K68: Xcv | L68: Xcv | O68: X | P68: X | Q68: X | R68: X | S68: X | T68: X | V68: =COUNTIF(F68:T68,"X")+0.5*COUNTIF(F68:T68,"/")+COUNTIF(F68:T68,"R1")+COUNTIF(F68:T68,"R")+COUNTIF(F68:T68,"R")+COUNTIF(F68:T68,"Xcv") -> 8 | X68: =#REF!='[3]BCC D1'!#REF! -> #REF! | Z68: 0 | AA68: =COUNTIF(F68:T68,"-") -> 0
A69: =+A68+1 -> 50 | B69: គា​ ទីណូ | C69: KHEA TINO | D69: 151055393 | E69: 39725 | K69: Xcv | L69: Xcv | M69: Xcv | O69: X | P69: X | Q69: X | R69: X | S69: X | T69: X | V69: =COUNTIF(F69:T69,"X")+0.5*COUNTIF(F69:T69,"/")+COUNTIF(F69:T69,"R1")+COUNTIF(F69:T69,"R")+COUNTIF(F69:T69,"R")+COUNTIF(F69:T69,"Xcv") -> 9 | X69: =#REF!='[3]BCC D1'!#REF! -> #REF! | Z69: 0 | AA69: =COUNTIF(F69:T69,"-") -> 0
A70: =+A69+1 -> 51 | B70: ធួន ធីម | C70: THUN THIM | D70: 150981411 | E70: 30228 | M70: Xcv | O70: X | P70: X | Q70: X | R70: X | S70: X | T70: X | V70: =COUNTIF(F70:T70,"X")+0.5*COUNTIF(F70:T70,"/")+COUNTIF(F70:T70,"R1")+COUNTIF(F70:T70,"R")+COUNTIF(F70:T70,"R")+COUNTIF(F70:T70,"Xcv") -> 7 | X70: =#REF!='[3]BCC D1'!#REF! -> #REF! | Z70: 1 | AA70: =COUNTIF(F70:T70,"-") -> 0
A71: =+A70+1 -> 52 | B71: មាស ភា | C71: MEAS PHEA | D71: 151029997 | E71: 39116 | O71: X | P71: X | Q71: X | R71: X | S71: X | T71: X | V71: =COUNTIF(F71:T71,"X")+0.5*COUNTIF(F71:T71,"/")+COUNTIF(F71:T71,"R1")+COUNTIF(F71:T71,"R")+COUNTIF(F71:T71,"R")+COUNTIF(F71:T71,"Xcv") -> 6 | X71: =#REF!='[3]BCC D1'!#REF! -> #REF! | Z71: 1 | AA71: =COUNTIF(F71:T71,"-") -> 0
A72: =+A71+1 -> 53 | B72: សេន សីហា | C72: SEN SEYHA | D72: 181167293 | E72: 39668 | M72: Xcv | O72: X | P72: X | Q72: X | R72: X | S72: X | T72: X | V72: =COUNTIF(F72:T72,"X")+0.5*COUNTIF(F72:T72,"/")+COUNTIF(F72:T72,"R1")+COUNTIF(F72:T72,"R")+COUNTIF(F72:T72,"R")+COUNTIF(F72:T72,"Xcv") -> 7 | X72: =#REF!='[3]BCC D1'!#REF! -> #REF! | Z72: 0 | AA72: =COUNTIF(F72:T72,"-") -> 0
A73: =+A72+1 -> 54 | B73: មេង បូរី | C73: MENG BOREY | D73: 151048971 | E73: 39552 | M73: Xcv | O73: X | P73: X | Q73: X | R73: X | S73: X | T73: X | V73: =COUNTIF(F73:T73,"X")+0.5*COUNTIF(F73:T73,"/")+COUNTIF(F73:T73,"R1")+COUNTIF(F73:T73,"R")+COUNTIF(F73:T73,"R")+COUNTIF(F73:T73,"Xcv") -> 7 | X73: =#REF!='[3]BCC D1'!#REF! -> #REF! | Z73: 0 | AA73: =COUNTIF(F73:T73,"-") -> 0
A74: =+A73+1 -> 55 | B74: មាស សៀក | C74: MEAS SEAK | D74: 150845321 | E74: 34279 | K74: Xcv | L74: Xcv | O74: X | P74: X | Q74: X | R74: X | S74: X | T74: X | V74: =COUNTIF(F74:T74,"X")+0.5*COUNTIF(F74:T74,"/")+COUNTIF(F74:T74,"R1")+COUNTIF(F74:T74,"R")+COUNTIF(F74:T74,"R")+COUNTIF(F74:T74,"Xcv") -> 8 | X74: =#REF!='[3]BCC D1'!#REF! -> #REF! | Z74: 0 | AA74: =COUNTIF(F74:T74,"-") -> 0
A75: =+A74+1 -> 56 | B75: ម៉ៅ ឆូន | C75: MAO CHHAUN | D75: 190569581 | E75: 34887 | O75: X | P75: X | Q75: X | R75: X | S75: X | T75: X | V75: =COUNTIF(F75:T75,"X")+0.5*COUNTIF(F75:T75,"/")+COUNTIF(F75:T75,"R1")+COUNTIF(F75:T75,"R")+COUNTIF(F75:T75,"R")+COUNTIF(F75:T75,"Xcv") -> 6 | X75: =#REF!='[3]BCC D1'!#REF! -> #REF! | Z75: 1 | AA75: =COUNTIF(F75:T75,"-") -> 0
A76: =+A75+1 -> 57 | B76: សាញ់ ខុម | C76: SANH KHOM | D76: 150273869 | E76: 29776 | O76: X | P76: X | Q76: X | R76: X | S76: X | T76: X | V76: =COUNTIF(F76:T76,"X")+0.5*COUNTIF(F76:T76,"/")+COUNTIF(F76:T76,"R1")+COUNTIF(F76:T76,"R")+COUNTIF(F76:T76,"R")+COUNTIF(F76:T76,"Xcv") -> 6 | X76: =#REF!='[3]BCC D1'!#REF! -> #REF! | Z76: 0 | AA76: =COUNTIF(F76:T76,"-") -> 0
A77: =+A76+1 -> 58 | B77: ទៀង ចាន់ថា | C77: TIENG CHANTHA | D77: 220175294 | E77: 34814 | K77: Xcv | L77: Xcv | O77: X | P77: X | Q77: X | R77: X | S77: X | T77: X | V77: =COUNTIF(F77:T77,"X")+0.5*COUNTIF(F77:T77,"/")+COUNTIF(F77:T77,"R1")+COUNTIF(F77:T77,"R")+COUNTIF(F77:T77,"R")+COUNTIF(F77:T77,"Xcv") -> 8 | X77: =#REF!='[3]BCC D1'!#REF! -> #REF! | Z77: 1 | AA77: =COUNTIF(F77:T77,"-") -> 0
A78: =+A77+1 -> 59 | B78: កិក រក្សា | C78: KEK REAKSA | D78: 181068674 | E78: 39000 | K78: Xcv | L78: Xcv | M78: Xcv | O78: X | P78: X | Q78: X | R78: X | S78: X | T78: - | V78: =COUNTIF(F78:T78,"X")+0.5*COUNTIF(F78:T78,"/")+COUNTIF(F78:T78,"R1")+COUNTIF(F78:T78,"R")+COUNTIF(F78:T78,"R")+COUNTIF(F78:T78,"Xcv") -> 8 | X78: =#REF!='[3]BCC D1'!#REF! -> #REF! | Z78: 0 | AA78: =COUNTIF(F78:T78,"-") -> 1
A79: =+A78+1 -> 60 | B79: ផាត ចាន់លី | C79: PHAT CHANLY | D79: 220139991 | E79: 32174 | O79: X | P79: X | Q79: X | R79: X | S79: X | T79: - | V79: =COUNTIF(F79:T79,"X")+0.5*COUNTIF(F79:T79,"/")+COUNTIF(F79:T79,"R1")+COUNTIF(F79:T79,"R")+COUNTIF(F79:T79,"R")+COUNTIF(F79:T79,"Xcv") -> 5 | X79: =#REF!='[3]BCC D1'!#REF! -> #REF! | Z79: 0 | AA79: =COUNTIF(F79:T79,"-") -> 1
A80: =+A79+1 -> 61 | B80: មាស ស៊ីន​ | C80: MEAS SIN | D80: 150582830 | E80: 35768 | M80: Xcv | O80: X | P80: - | Q80: X | R80: X | S80: X | T80: X | V80: =COUNTIF(F80:T80,"X")+0.5*COUNTIF(F80:T80,"/")+COUNTIF(F80:T80,"R1")+COUNTIF(F80:T80,"R")+COUNTIF(F80:T80,"R")+COUNTIF(F80:T80,"Xcv") -> 6 | X80: =#REF!='[3]BCC D1'!#REF! -> #REF! | Z80: 1 | AA80: =COUNTIF(F80:T80,"-") -> 1
A81: =+A80+1 -> 62 | B81: ស៊ុត លី | C81: SOTLY | D81: 150352388 | E81: 31707 | O81: X | P81: X | Q81: X | R81: X | S81: - | T81: X | V81: =COUNTIF(F81:T81,"X")+0.5*COUNTIF(F81:T81,"/")+COUNTIF(F81:T81,"R1")+COUNTIF(F81:T81,"R")+COUNTIF(F81:T81,"R")+COUNTIF(F81:T81,"Xcv") -> 5
A82: =+A81+1 -> 63 | B82: សន ម៉ាប់ | C82: SORN MAB | D82: 150740078 | E82: 35917 | H82: X | I82: X | J82: X | K82: X | L82: X | M82: X | N82: X | O82: X | P82: X | R82: X | S82: X | T82: X | V82: =COUNTIF(F82:T82,"X")+0.5*COUNTIF(F82:T82,"/")+COUNTIF(F82:T82,"R1")+COUNTIF(F82:T82,"R")+COUNTIF(F82:T82,"R")+COUNTIF(F82:T82,"Xcv") -> 12 | X82: =#REF!='[3]BCC D1'!#REF! -> #REF! | Z82: 1 | AA82: =COUNTIF(F82:T82,"-") -> 0
A83: =+A82+1 -> 64 | B83: ម៉ន ពឿយ | C83: MORN POEUY | D83: 150922981 | E83: 32243 | H83: X | I83: X | J83: X | K83: X | L83: X | M83: X | N83: X | O83: X | P83: X | R83: X | S83: X | T83: X | V83: =COUNTIF(F83:T83,"X")+0.5*COUNTIF(F83:T83,"/")+COUNTIF(F83:T83,"R1")+COUNTIF(F83:T83,"R")+COUNTIF(F83:T83,"R")+COUNTIF(F83:T83,"Xcv") -> 12 | X83: =#REF!='[3]BCC D1'!#REF! -> #REF! | Z83: 1 | AA83: =COUNTIF(F83:T83,"-") -> 0
A84: =+A83+1 -> 65 | B84: ថន ចារី | C84: THON CHAREY | D84: 150627964 | E84: 33054 | H84: X | I84: X | J84: X | K84: X | L84: X | M84: X | N84: X | O84: X | P84: X | R84: X | S84: X | T84: X | V84: =COUNTIF(F84:T84,"X")+0.5*COUNTIF(F84:T84,"/")+COUNTIF(F84:T84,"R1")+COUNTIF(F84:T84,"R")+COUNTIF(F84:T84,"R")+COUNTIF(F84:T84,"Xcv") -> 12 | X84: =#REF!='[3]BCC D1'!#REF! -> #REF! | Z84: 0 | AA84: =COUNTIF(F84:T84,"-") -> 0
A85: =+A84+1 -> 66 | B85: គ្រឿន រិត | C85: KROEUN RITH | D85: 220234318 | E85: 34825 | H85: - | I85: - | J85: - | K85: X | L85: X | M85: X | N85: X | O85: X | P85: X | R85: X | S85: X | T85: X | V85: =COUNTIF(F85:T85,"X")+0.5*COUNTIF(F85:T85,"/")+COUNTIF(F85:T85,"R1")+COUNTIF(F85:T85,"R")+COUNTIF(F85:T85,"R")+COUNTIF(F85:T85,"Xcv") -> 9 | X85: =#REF!='[3]BCC D1'!#REF! -> #REF! | Z85: 0 | AA85: =COUNTIF(F85:T85,"-") -> 3
A86: =+A85+1 -> 67 | B86: រឿន រឿង | C86: ROEUN ROEUNG | D86: 220175244 | E86: 35680 | H86: X | I86: X | J86: X | K86: X | L86: X | M86: X | N86: X | O86: X | P86: X | R86: X | S86: X | T86: X | V86: =COUNTIF(F86:T86,"X")+0.5*COUNTIF(F86:T86,"/")+COUNTIF(F86:T86,"R1")+COUNTIF(F86:T86,"R")+COUNTIF(F86:T86,"R")+COUNTIF(F86:T86,"Xcv") -> 12 | X86: =#REF!='[3]BCC D1'!#REF! -> #REF! | Z86: 0 | AA86: =COUNTIF(F86:T86,"-") -> 0
A87: =+A86+1 -> 68 | B87: អ៊ឹម ថាច | C87: OEM THACH | D87: 150565864 | E87: 32893 | H87: X | I87: X | J87: X | K87: X | L87: X | M87: X | N87: X | O87: X | P87: X | R87: X | S87: X | T87: X | V87: =COUNTIF(F87:T87,"X")+0.5*COUNTIF(F87:T87,"/")+COUNTIF(F87:T87,"R1")+COUNTIF(F87:T87,"R")+COUNTIF(F87:T87,"R")+COUNTIF(F87:T87,"Xcv") -> 12 | X87: =#REF!='[3]BCC D1'!#REF! -> #REF! | Z87: 0 | AA87: =COUNTIF(F87:T87,"-") -> 0
A88: =+A87+1 -> 69 | B88: សន ចាន់រី | C88: SORN CHANRY | D88: 150612355 | E88: 35107 | H88: X | I88: X | J88: X | K88: X | L88: X | M88: X | N88: X | O88: X | P88: X | R88: - | S88: X | T88: X | V88: =COUNTIF(F88:T88,"X")+0.5*COUNTIF(F88:T88,"/")+COUNTIF(F88:T88,"R1")+COUNTIF(F88:T88,"R")+COUNTIF(F88:T88,"R")+COUNTIF(F88:T88,"Xcv") -> 11 | Z88: 0 | AA88: =COUNTIF(F88:T88,"-") -> 1
A89: =+A88+1 -> 70 | B89: សន ហ៊ុច | C89: SORN HUCH | D89: 150468451 | E89: 32969 | H89: X | I89: X | J89: X | K89: X | L89: X | M89: X | N89: X | O89: X | P89: X | R89: X | S89: X | T89: X | V89: =COUNTIF(F89:T89,"X")+0.5*COUNTIF(F89:T89,"/")+COUNTIF(F89:T89,"R1")+COUNTIF(F89:T89,"R")+COUNTIF(F89:T89,"R")+COUNTIF(F89:T89,"Xcv") -> 12 | Z89: 0 | AA89: =COUNTIF(F89:T89,"-") -> 0
A90: =+A89+1 -> 71 | B90: សន ឆៃលី | C90: SORN CHHAILY | D90: 150952614 | E90: 37225 | H90: X | I90: X | J90: X | K90: X | L90: X | M90: X | N90: X | O90: X | P90: X | R90: X | S90: X | T90: X | V90: =COUNTIF(F90:T90,"X")+0.5*COUNTIF(F90:T90,"/")+COUNTIF(F90:T90,"R1")+COUNTIF(F90:T90,"R")+COUNTIF(F90:T90,"R")+COUNTIF(F90:T90,"Xcv") -> 12
A91: * | B91: Xịt cỏ, phát cỏ, tưới bùn | F91: 1 | G91: 2 | H91: 3 | I91: 4 | J91: 5 | K91: 6 | L91: 7 | M91: 8 | N91: 9 | O91: 10 | P91: 11 | Q91: 12 | R91: 13 | S91: 14 | T91: 15 | V91: =SUM(V92:V93) -> 5.5 | X91: =COUNTIF(U12:U74,0) -> 0
A92: 72 | B92: ឌូ ឌីន | C92: DOU DIN | D92: 151046569 | E92: 29407 | H92: X | L92: X | V92: =COUNTIF(F92:T92,"X")+0.5*COUNTIF(F92:T92,"/") -> 2
A93: 73 | B93: កែវ សម្បត្តិ | C93: KEO SAMBATH | D93: 110471355 | E93: 27485 | G93: X | J93: X | N93: / | T93: X | V93: =COUNTIF(F93:T93,"X")+0.5*COUNTIF(F93:T93,"/") -> 3.5
A94: * | B94: Vệ sinh thùng, | V94: =SUM(V95:V96) -> 8
A95: 74 | B95: បាន ចន្ថា | C95: BAN CHANTHA | D95: 220137301 | E95: 30074 | F95: X | G95: X | H95: X | I95: X | V95: =COUNTIF(F95:T95,"X")+0.5*COUNTIF(F95:T95,"/") -> 4
A96: =A95+1 -> 75 | B96: ម៉ុន ម៉ោល | C96: MON MORL | D96: 220211460 | E96: 37970 | F96: X | G96: X | H96: X | I96: X | V96: =COUNTIF(F96:T96,"X")+0.5*COUNTIF(F96:T96,"/") -> 4
A97: * | B97: Cân thảm kiểm kê VT | V97: =SUM(V98:V101) -> 6
A98: 76 | B98: ហ៊ីម មករា | C98: HIM MAKRA | D98: 150978188 | E98: 37990 | F98: / | G98: X | V98: =COUNTIF(F98:T98,"X")+0.5*COUNTIF(F98:T98,"/") -> 1.5
A99: =A98+1 -> 77 | B99: គា​ ទីណូ | C99: KHEA TINO | D99: 151055393 | E99: 39725 | F99: / | G99: X | V99: =COUNTIF(F99:T99,"X")+0.5*COUNTIF(F99:T99,"/") -> 1.5
A100: =A99+1 -> 78 | B100: ទៀង ចាន់ថា | C100: TIENG CHANTHA | D100: 220175294 | E100: 34814 | F100: / | G100: X | U100: =SUM(U12:U98) -> 0 | V100: =COUNTIF(F100:T100,"X")+0.5*COUNTIF(F100:T100,"/") -> 1.5
A101: =A100+1 -> 79 | B101: មាស ស៊ីន​ | C101: MEAS SIN | D101: 150582830 | E101: 35768 | F101: / | G101: X | V101: =COUNTIF(F101:T101,"X")+0.5*COUNTIF(F101:T101,"/") -> 1.5
B103: អ្នករៀបចំ/Lập biểu | P103: អង្គភាពអនុវត្ត
...

Sheet BTHKL D1 T1 (26)
A1: ក្រុមហ៊ុន កៅស៊ូ មេគង្គ ខូ អិលធីឌី | E1: ព្រះរាជាណាចក្រ កម្ពុជា
A2: CÔNG TY TNHH CAO SU MEKONG | E2: VƯƠNG QUỐC CAMPUCHIA
A3: រោងចក្រកែច្នៃ | E3: ជាតិ សាសនា ព្រះមហាក្សត្រ
A4: XƯỞNG CHẾ BIẾN | E4: Dân tộc - Tôn giáo - Quốc vương
A6: តារាងបូកសរុបបរិមាណ​ ចាប់ពីថ្ងៃ ០១-១៥ ខែ ១២ ឆ្នាំ ២០២៦ (វគ្គទី ១)
A7: BẢNG TỔNG HỢP KHỐI LƯỢNG (ĐỢT 1)
A8: NGÀY​​​​ 01 ĐẾN 15 THÁNG 01 NĂM 2026
A10: ល.រ STT | B10: រាយនាមការងារ/ Hạng mục công việc | C10: ឯកតា ĐVT | D10: កម្រិត Định mức | E10: អនុវត្ត/THỰC HIỆN | G10: សម្គាល់/ Ghi chú | I10: Đợt 1
E11: បរិមាណ/ Khối lượng | F11: កម្លាំង / Công | K11: BC hàng ngày
A12: 1 | B12: ជ័រកិន /Mủ cán vắt ( Gồm phụ cấp phụ trợ trực tiếp 10%) | C12: តោន (Tấn) | D12: =ROUND(23000/31947,4) -> 0.7199 | E12: ='[3]BTHKL D1 T1'!E13 -> 1007.12 | F12: =ROUND(E12*D12,2) -> 725.03
A13: =+A12+1 -> 2 | B13: ជ័រសម្រេច/Mủ Thành phẩm (Gồm phụ cấp phụ trợ trực tiếp 15%) | C13: តោន (Tấn) | D13: =ROUND(35000/31947,4) -> 1.0956 | E13: ='[3]BTHKL D1 T1'!E14 -> 437.93 | F13: =ROUND(E13*D13,2) -> 479.8
A14: =+A13+1 -> 3 | B14: សន្ដិសុខការពារ​​​​​ (Bảo vệ) | C14: កម្លាំង (Công) | F14: =SUM(F15:F16) -> 27.04
A15: + | B15: សន្ដិសុខការពារ​​​​​ (Bảo vệ) | C15: ថ្ងៃ (Ngày) | D15: 1.014 | E15: ='[3]BCC D1(26)'!V55 -> 10 | F15: =ROUND(D15*E15,2) -> 10.14 | G15: 1 người | I15: =ROUND(K15/J15,4) -> 1.1267 | J15: 9 | K15: =F15 -> 10.14 | L15: =ROUND(F15*31947,0) -> 323943
A16: + | B16: សន្ដិសុខការពារ​​​​​ (Bảo vệ biết TV) | C16: ថ្ងៃ (Ngày) | D16: 1.0563 | E16: =SUM('[3]BCC D1(26)'!V13:V14) -> 16 | F16: =ROUND(D16*E16,2) -> 16.9 | G16: 1 người | I16: =ROUND(K16/J16,4) -> 1.3 | J16: 13 | K16: =F16 -> 16.9 | L16: =F16*31947 -> 539904.3
A17: =+A14+1 -> 4 | B17: កម្មករ មេកានិច (Công nhân cơ khí) | C17: កម្លាំង (Công) | D17: 1.4608 | E17: =SUM('[3]BCC D1(26)'!V62:V63,'[3]BCC D1(26)'!V20:V21) -> 36 | F17: =ROUND(D17*E17,2) -> 52.59 | G17: 2 người | I17: =ROUND(K17/J17,4) -> 1.5026 | J17: 35 | K17: =F17 -> 52.59 | L17: =ROUND(F17*31947,0) -> 1680093 | M17: =K17*2 -> 105.18
A18: =+A17+1 -> 5 | B18: អ្នកបើកឡាន (Tài xế) | C18: ថ្ងៃ (Ngày) | D18: 1.4779 | E18: =SUM('[3]BCC D1(26)'!V16:V19,'[3]BCC D1(26)'!V58:V61) -> 61 | F18: =ROUND(D18*E18,2) -> 90.15 | G18: 4 người | I18: =ROUND(K18/J18,4) -> 1.6391 | J18: 55 | K18: =F18 -> 90.15 | L18: =ROUND(F18*31947/4,0) -> 720006 | M18: =K18*4 -> 360.6
A19: =+A18+1 -> 6 | B19: សម្អាត (Vệ sinh) | C19: ថ្ងៃ (Ngày) | D19: 0.9776 | E19: =SUM('[3]BCC D1(26)'!V15,'[3]BCC D1(26)'!V56) -> 25.5 | F19: =ROUND(D19*E19,2) -> 24.93 | G19: 2 người | I19: =ROUND(K19/J19,4) -> 1.385 | J19: 18 | K19: =F19 -> 24.93 | L19: =ROUND(F19*31947/2,0) -> 398219 | M19: =K19*2 -> 49.86
A20: =+A19+1 -> 7 | B20: អ្នកធ្វើការមិនរើសមុខ (Tạp vụ) | C20: ថ្ងៃ (Ngày) | D20: 1.2486 | E20: =SUM('[3]BCC D1(26)'!V12) -> 10.5 | F20: =ROUND(D20*E20,2) -> 13.11 | I20: =ROUND(K20/J20,4) -> 1.6388 | J20: 8 | K20: =F20 -> 13.11 | L20: =F20*31947 -> 418825.17
A21: =+A20+1 -> 8 | B21: កម្លាំងលើកជញ្ជូន (Công khác) | C21: កម្លាំង (Công) | F21: =SUM(F22:F25) -> 20.21 | I21: =ROUND(K21/J21,4) -> 1.8373 | J21: 11 | K21: =F21 -> 20.21 | L21: =F21*31947 -> 645648.87
A22: 8.1 | B22: លាងសម្អាតធុងសម្ងួតជ័រ/ vệ sinh thùng sấy mủ | C22: ថ្ងៃ (Ngày) | D22: 0.9391 | E22: ='[3]BCC D1(26)'!V98 -> 8 | F22: =ROUNDUP(D22*E22,2) -> 7.52 | I22: =ROUND(K22/J22,4) -> 0.5785 | J22: 13 | K22: =F22 -> 7.52 | L22: =F22*31947 -> 240241.44
A23: 8.2 | B23: កម្លាំងធ្វើបន្ថែមម៉ោងកម្លាំងឆ្កឹះជ័រឆៅចេញ ពេលនាំចេញជ័រទៅលក់ (Công xịt cỏ; phát cỏ; lễ mủ sống xuất hàng) | C23: កម្លាំង (Công) | D23: 0.9391 | E23: ='[3]BCC D1(26)'!V95 -> 5.5 | F23: =ROUND(D23*E23,2) -> 5.17 | I23: =ROUND(K23/J23,4) -> 0.6082 | J23: 8.5 | K23: =F23 -> 5.17 | L23: =F23*31947 -> 165165.99
A24: 8.3 | B24: ថ្លឹង កៅស៊ូ ប៉េអឺ ដើម្បីធើ្វសារពើភ័ណ្ឌ ថ្ងៃ ៣១/១២/២០២៥/ Cân thảm kiểm kê VT | C24: កម្លាំង (Công) | D24: =ROUND(40000/31947,4) -> 1.2521 | E24: ='[3]BCC D1(26)'!V101 -> 6 | F24: =ROUNDUP(D24*E24,2) -> 7.52
A25: 8.4 | B25: មី និងប្រេងឆាឲ្យកម្មករ (Mì, dầu ăn cho CN) | C25: កេះ (Thùng) | D25: =ROUND(35000/31947,4) -> 1.0956 | E25: ='[3]BCC D1(26)'!U104 -> 0 | F25: =ROUND(D25*E25,2) -> 0
A26: សរុប/Tổng cộng | F26: =ROUND(SUM(F12:F14,F17:F21),2) -> 1432.86 | I26: =F26*31947 -> 45775578
I27: =2290.11-627 -> 1663.11 | J27: =ROUND(F26*31947,0) -> 45775578 | K27: 1140.84
E28: កំពង់ធំ, ថ្ងៃ (ngày) 31 ខែ (tháng) 01 ឆ្នាំ (năm) 2026 | J28: =ROUND(K27*31947,0) -> 36446415
B29: អ្នករៀបចំ / Lập biểu | E29: អង្គភាពអនុវត្ត /ĐƠN VỊ THỰC HIỆN
B32: Bùi Ngọc Triệu
F36: ផ.ហិរ.គណនេយ្យ
F37: PHÒNG TCKT

Sheet BPHAN CHIA 
A1: ក្រុមហ៊ុន កៅស៊ូ មេគង្គ ខូ អិលធីឌី
A2: CÔNG TY TNHH CAO SU VRG MEKONG
A3: រោងចក្រកែច្នៃ
A4: XƯỞNG CHẾ BIẾN
A5: តារាងបែងចែកបរិមាណ កម្មករធើ្វជ័រកិនរមូរ ក្រុម ១
A6: ថ្ងៃ ០១-១៥ ខែ ០១ ឆ្នាំ ២០២៦
A7: BẢNG PHÂN CHIA KHỐI LƯỢNG CÔNG NHÂN LÀM MỦ CÁN VẮT TỔ 1
A8: ='[3]BKECHITIET TO2'!A5:N5 -> NGÀY​​​​ 01 ĐẾN 15 THÁNG 01 NĂM 2026
A10: ល.រ STT | B10: ត្រកូលនិងឈ្មោះ HỌ VÀ TÊN | D10: ឯកតា ĐVT | E10: 1 | F10: =E10+1 -> 2 | G10: =F10+1 -> 3 | H10: =G10+1 -> 4 | I10: =H10+1 -> 5 | J10: =I10+1 -> 6 | K10: =J10+1 -> 7 | L10: =K10+1 -> 8 | M10: =L10+1 -> 9 | ... S10: =R10+1 -> 15 | T10: សរុប TỔNG CỘNG | U10: សម្គាល់ GHI CHÚ | V10: ហត្ថលេខាទទួល Ký nhận
A11: 1 | B11: ជឿន ថា | C11: CHOEUN THA | D11: តោន (Tấn) | G11: 3587 | H11: 4098 | I11: 3587 | J11: 3074 | K11: 3330 | L11: 3842 | M11: 4035 | N11: 2306 | O11: 3586 | P11: 3330 | Q11: 4355 | R11: 4355 | S11: 4098 | T11: =ROUND(U11/1000,3) -> 47.583 | U11: =SUM(E11:S11) -> 47583 | X11: =T11+T64+T100+T136 -> 111.39 | Y11: =ROUND(T11*0.1,2) -> 4.76 | Z11: =Y11+T11 -> 52.343
A12: 2 | B12: ហ៊ុន ម៉ៅ | C12: HUN MAO | D12: តោន (Tấn) | G12: 3587 | H12: 4098 | I12: 3587 | J12: 3074 | K12: 3330 | L12: 3842 | M12: 4035 | N12: 2305 | O12: 3587 | P12: 3330 | Q12: 4355 | R12: 4355 | S12: 4098 | T12: =ROUND(U12/1000,3) -> 47.583 | U12: =SUM(E12:S12) -> 47583
A13: 3 | B13: ជឿន ថី | C13: CHOEUN THEY | D13: តោន (Tấn) | G13: 3587 | H13: 4098 | I13: 3587 | J13: 3074 | K13: 3330 | L13: 3842 | M13: 4035 | N13: 2305 | O13: 3587 | P13: 3330 | Q13: 4355 | R13: 4355 | S13: 4098 | T13: =ROUND(U13/1000,3) -> 47.583 | U13: =SUM(E13:S13) -> 47583
A14: 4 | B14: ឆឹម ខុន | C14: CHHEOM KHON | D14: តោន (Tấn) | G14: 3586 | H14: 4099 | I14: 3586 | J14: 3074 | K14: 3331 | L14: 3842 | M14: 4035 | N14: 2305 | O14: 3587 | P14: 3330 | Q14: 4355 | R14: 4355 | S14: 4098 | T14: =ROUND(U14/1000,3) -> 47.583 | U14: =SUM(E14:S14) -> 47583
A15: 5 | B15: ថន សុខធា | C15: THON SOKHTHEA | D15: តោន (Tấn) | G15: 3586 | H15: 4099 | I15: 3586 | J15: 3074 | K15: 3331 | L15: 3842 | M15: 4035 | N15: 2305 | O15: 3586 | P15: 3331 | Q15: 4355 | R15: 4355 | S15: 4098 | T15: =ROUND(U15/1000,3) -> 47.583 | U15: =SUM(E15:S15) -> 47583
A16: 6 | B16: នី គីន | C16: NY KIN | D16: តោន (Tấn) | G16: 3586 | H16: 4099 | I16: 3586 | J16: 3074 | K16: 3330 | L16: 3843 | M16: - | N16: 2306 | O16: 3586 | P16: 3331 | Q16: 4354 | R16: 4355 | S16: 4100 | T16: =ROUND(U16/1000,3) -> 43.55 | U16: =SUM(E16:S16) -> 43550
A17: 7 | B17: វុន ហួន | C17: VUN HOUN | D17: តោន (Tấn) | G17: 3586 | H17: 4099 | I17: 3586 | J17: 3074 | K17: 3330 | L17: 3843 | M17: 4034 | N17: 2306 | O17: 3586 | P17: 3330 | Q17: 4355 | R17: 4355 | S17: 4099 | T17: =ROUND(U17/1000,3) -> 47.583 | U17: =SUM(E17:S17) -> 47583
A18: 8 | B18: លី​ ប៊ុនយ៉េន | C18: LY BUNYEN | D18: តោន (Tấn) | G18: 3586 | H18: 4099 | I18: 3586 | J18: 3074 | K18: 3330 | L18: 3843 | M18: 4034 | N18: 2306 | O18: 3586 | P18: 3330 | Q18: 4355 | R18: 4355 | S18: 4099 | T18: =ROUND(U18/1000,3) -> 47.583 | U18: =SUM(E18:S18) -> 47583
A19: 9 | B19: ធឿន​ វុឌ្ឍី | C19: THOEUN VUTHY | D19: តោន (Tấn) | G19: 3586 | H19: 4099 | I19: 3586 | J19: 3074 | K19: 3330 | L19: 3843 | M19: 4034 | N19: 2306 | O19: 3586 | P19: 3330 | Q19: 4355 | R19: 4354 | S19: 4100 | T19: =ROUND(U19/1000,3) -> 47.583 | U19: =SUM(E19:S19) -> 47583
B20: Cộng | E20: =SUM(E11:E19) -> 0 | F20: =SUM(F11:F19) -> 0 | G20: =SUM(G11:G19) -> 32277 | H20: =SUM(H11:H19) -> 36888 | I20: =SUM(I11:I19) -> 32277 | J20: =SUM(J11:J19) -> 27666 | K20: =SUM(K11:K19) -> 29972 | L20: =SUM(L11:L19) -> 34582 | ... U20: =SUM(U11:U19) -> 424214 | X20: 143710 | Y20: =T20+T73 -> 804.624
E21: =VLOOKUP(E10,'[3]BKECHITIET TO1'!$A$11:$K$24,11) -> 0 | F21: =VLOOKUP(F10,'[3]BKECHITIET TO1'!$A$11:$K$24,11) -> 0 | G21: =VLOOKUP(G10,'[3]BKECHITIET TO1'!$A$11:$K$24,11) -> 32277 | H21: =VLOOKUP(H10,'[3]BKECHITIET TO1'!$A$11:$K$24,11) -> 36888 | I21: =VLOOKUP(I10,'[3]BKECHITIET TO1'!$A$11:$K$24,11) -> 32277 | J21: =VLOOKUP(J10,'[3]BKECHITIET TO1'!$A$11:$K$24,11) -> 27666 | K21: =VLOOKUP(K10,'[3]BKECHITIET TO1'!$A$11:$K$24,11) -> 29972 | L21: =VLOOKUP(L10,'[3]BKECHITIET TO1'!$A$11:$K$24,11) -> 34582 | ... R21: =VLOOKUP(R10,'[3]BKECHITIET TO1'!$A$11:$K$24,11) -> 39194 | S21: =VLOOKUP(S10,'[3]BKECHITIET TO1'!$A$11:$K$25,11) -> 36888 | T21: =SUM(E21:S21) -> 424214
E22: =E21-E20 -> 0 | F22: =F21-F20 -> 0 | G22: =G21-G20 -> 0 | H22: =H21-H20 -> 0 | I22: =I21-I20 -> 0 | J22: =J21-J20 -> 0 | K22: =K21-K20 -> 0 | L22: =L21-L20 -> 0 | ... S22: =S21-S20 -> 0 | T22: =T21-U20 -> 0
E23: =COUNTIF(E11:E19,"X")+0.5*COUNTIF(E11:E19,"/") -> 0 | F23: =COUNTIF(F11:F19,"X")+0.5*COUNTIF(F11:F19,"/") -> 0 | G23: =COUNTIF(G11:G19,"X")+0.5*COUNTIF(G11:G19,"/") -> 0 | H23: =COUNTIF(H11:H19,"X")+0.5*COUNTIF(H11:H19,"/") -> 0 | I23: =COUNTIF(I11:I19,"X")+0.5*COUNTIF(I11:I19,"/") -> 0 | J23: =COUNTIF(J11:J19,"X")+0.5*COUNTIF(J11:J19,"/") -> 0 | K23: =COUNTIF(K11:K19,"X")+0.5*COUNTIF(K11:K19,"/") -> 0 | L23: =COUNTIF(L11:L19,"X")+0.5*COUNTIF(L11:L19,"/") -> 0 | ... S23: =COUNTIF(S11:S19,"X")+0.5*COUNTIF(S11:S19,"/") -> 0
E24: 8 | F24: 9 | G24: 9 | H24: 9 | I24: 9 | J24: 9 | K24: 9 | L24: 9 | M24: 8 | N24: 9 | O24: 9 | P24: 9 | Q24: 9 | R24: 9 | S24: 9
E25: =ROUND(E21/E24,1) -> 0 | F25: =ROUND(F21/F24,1) -> 0 | G25: =ROUND(G21/G24,1) -> 3586.3 | H25: =ROUND(H21/H24,1) -> 4098.7 | I25: =ROUND(I21/I24,1) -> 3586.3 | J25: =ROUND(J21/J24,1) -> 3074 | K25: =ROUND(K21/K24,1) -> 3330.2 | L25: =ROUND(L21/L24,1) -> 3842.4 | ... S25: =ROUND(S21/S24,1) -> 4098.7
F26: =F25/2 -> 0 | G26: =G25/2 -> 1793.15 | H26: =H25/2 -> 2049.35 | I26: =I25/2 -> 1793.15 | K26: =K25/2 -> 1665.1 | N26: =N25/2 -> 1152.8 | O26: =O25/2 -> 1793.15 | Q26: =Q25/2 -> 2177.45 | R26: =R25/2 -> 2177.45 | S26: =S25/2 -> 2049.35
Y27: =10%*(T11+T64) -> 9.1612
C38: 26129
C39: 24592
C40: 15370
A52: ក្រុមហ៊ុន កៅស៊ូ មេគង្គ ខូ អិលធីឌី
A53: =A2 -> CÔNG TY TNHH CAO SU VRG MEKONG
A54: រោងចក្រកែច្នៃ
A55: XƯỞNG CHẾ BIẾN
A58: តារាងបែងចែកបរិមាណ កម្មករធើ្វជ័រកិនរមូរ ក្រុម ២
A59: =A6 -> ថ្ងៃ ០១-១៥ ខែ ០១ ឆ្នាំ ២០២៦
A60: BẢNG PHÂN CHIA KHỐI LƯỢNG CÔNG NHÂN LÀM MỦ CÁN VẮT TỔ 2
A61: =A8 -> NGÀY​​​​ 01 ĐẾN 15 THÁNG 01 NĂM 2026
A63: ល.រ STT | B63: ត្រកូលនិងឈ្មោះ HỌ VÀ TÊN | D63: ឯកតា ĐVT | E63: =E10 -> 1 | F63: =E63+1 -> 2 | G63: =F63+1 -> 3 | H63: =G63+1 -> 4 | I63: =H63+1 -> 5 | J63: =I63+1 -> 6 | K63: =J63+1 -> 7 | L63: =K63+1 -> 8 | M63: =L63+1 -> 9 | ... S63: =R63+1 -> 15 | T63: សរុប TỔNG CỘNG | U63: សម្គាល់ GHI CHÚ | V63: Ký nhận
A64: 1 | B64: សន ម៉ាប់ | C64: SORN MAB | D64: តោន (Tấn) | G64: 4035 | H64: 4035 | I64: 3746 | J64: 3074 | K64: 3586 | L64: 3843 | M64: 3330 | N64: 3074 | O64: 3330 | Q64: 4035 | R64: 3586 | S64: 4355 | T64: =ROUND(U64/1000,3) -> 44.029 | U64: =SUM(E64:S64) -> 44029 | X64: =T179+#REF! -> #REF! | Y64: =ROUND(T64*0.1,2) -> 4.4 | Z64: =Y64+T64 -> 48.429
A65: 2 | B65: ម៉ន ពឿយ | C65: MORN POEUY | D65: តោន (Tấn) | G65: 4035 | H65: 4035 | I65: 3746 | J65: 3074 | K65: 3586 | L65: 3843 | M65: 3330 | N65: 3074 | O65: 3330 | Q65: 4035 | R65: 3586 | S65: 4355 | T65: =ROUND(U65/1000,3) -> 44.029 | U65: =SUM(E65:S65) -> 44029
A66: 3 | B66: ថន ចារី | C66: THON CHAREY | D66: តោន (Tấn) | G66: 4035 | H66: 4034 | I66: 3747 | J66: 3074 | K66: 3586 | L66: 3843 | M66: 3330 | N66: 3074 | O66: 3330 | Q66: 4035 | R66: 3586 | S66: 4355 | T66: =ROUND(U66/1000,3) -> 44.029 | U66: =SUM(E66:S66) -> 44029
A67: 4 | B67: គ្រឿន រិត | C67: KROEUN RITH | D67: តោន (Tấn) | G67: - | H67: - | I67: - | J67: 3074 | K67: 3587 | L67: 3843 | M67: 3330 | N67: 3074 | O67: 3330 | Q67: 4035 | R67: 3586 | S67: 4354 | T67: =ROUND(U67/1000,3) -> 32.213 | U67: =SUM(E67:S67) -> 32213
A68: 5 | B68: រឿន រឿង | C68: ROEUN ROEUNG | D68: តោន (Tấn) | G68: 4035 | H68: 4034 | I68: 3747 | J68: 3074 | K68: 3586 | L68: 3843 | M68: 3330 | N68: 3074 | O68: 3330 | Q68: 4035 | R68: 3586 | S68: 4355 | T68: =ROUND(U68/1000,3) -> 44.029 | U68: =SUM(E68:S68) -> 44029
A69: 6 | B69: អ៊ឹម ថាច | C69: OEM THACH | D69: តោន (Tấn) | G69: 4035 | H69: 4034 | I69: 3747 | J69: 3074 | K69: 3586 | L69: 3842 | M69: 3331 | N69: 3074 | O69: 3330 | Q69: 4034 | R69: 3587 | S69: 4355 | T69: =ROUND(U69/1000,3) -> 44.029 | U69: =SUM(E69:S69) -> 44029
A70: 7 | B70: សន ចាន់រី | C70: SORN CHANRY | D70: តោន (Tấn) | G70: 4034 | H70: 4035 | I70: 3747 | J70: 3074 | K70: 3586 | L70: 3842 | M70: 3331 | N70: 3074 | O70: 3330 | Q70: - | R70: 3587 | S70: 4354 | T70: =ROUND(U70/1000,3) -> 39.994 | U70: =SUM(E70:S70) -> 39994
A71: 8 | B71: សន ហ៊ុច | C71: SORN HUCH | D71: តោន (Tấn) | G71: 4034 | H71: 4035 | I71: 3746 | J71: 3074 | K71: 3587 | L71: 3842 | M71: 3330 | N71: 3074 | O71: 3331 | Q71: 4034 | R71: 3587 | S71: 4355 | T71: =ROUND(U71/1000,3) -> 44.029 | U71: =SUM(E71:S71) -> 44029
A72: 9 | B72: សន ឆៃលី | C72: SORN CHHAILY | D72: តោន (Tấn) | G72: 4034 | H72: 4035 | I72: 3746 | J72: 3074 | K72: 3587 | L72: 3842 | M72: 3330 | N72: 3074 | O72: 3331 | Q72: 4034 | R72: 3586 | S72: 4356 | T72: =ROUND(U72/1000,3) -> 44.029 | U72: =SUM(E72:S72) -> 44029
B73: Cộng | E73: =SUM(E64:E72) -> 0 | F73: =SUM(F64:F72) -> 0 | G73: =SUM(G64:G72) -> 32277 | H73: =SUM(H64:H72) -> 32277 | I73: =SUM(I64:I72) -> 29972 | J73: =SUM(J64:J72) -> 27666 | K73: =SUM(K64:K72) -> 32277 | L73: =SUM(L64:L72) -> 34583 | ... U73: =SUM(U64:U72) -> 380410
E74: =VLOOKUP(E63,'[3]BKECHITIET TO2'!$A$11:$K$25,11) -> 0 | F74: =VLOOKUP(F63,'[3]BKECHITIET TO2'!$A$11:$K$25,11) -> 0 | G74: =VLOOKUP(G63,'[3]BKECHITIET TO2'!$A$11:$K$25,11) -> 32277 | H74: =VLOOKUP(H63,'[3]BKECHITIET TO2'!$A$11:$K$25,11) -> 32277 | I74: =VLOOKUP(I63,'[3]BKECHITIET TO2'!$A$11:$K$25,11) -> 29972 | J74: =VLOOKUP(J63,'[3]BKECHITIET TO2'!$A$11:$K$25,11) -> 27666 | K74: =VLOOKUP(K63,'[3]BKECHITIET TO2'!$A$11:$K$25,11) -> 32277 | L74: =VLOOKUP(L63,'[3]BKECHITIET TO2'!$A$11:$K$25,11) -> 34583 | ... S74: =VLOOKUP(S63,'[3]BKECHITIET TO2'!$A$11:$K$25,11) -> 39194 | T74: =ROUND(SUM(E74:S74)/1000,3) -> 380.41 | U74: =ROUND(SUM(E74:S74)/1000,3) -> 380.41
E75: =ROUND(E74/E77,1) -> 0 | F75: =ROUND(F74/F77,1) -> 0 | G75: =ROUND(G74/G77,1) -> 4034.6 | H75: =ROUND(H74/H77,1) -> 4034.6 | I75: =ROUND(I74/I77,1) -> 3746.5 | J75: =ROUND(J74/J77,1) -> 3074 | K75: =ROUND(K74/K77,1) -> 3586.3 | L75: =ROUND(L74/L77,1) -> 3842.6 | ... S75: =ROUND(S74/S77,1) -> 4354.9
E76: =COUNTIF(E64:E72,"X")+0.5*COUNTIF(E64:E72,"/") -> 0 | F76: =COUNTIF(F64:F72,"X")+0.5*COUNTIF(F64:F72,"/") -> 0 | G76: =COUNTIF(G64:G72,"X")+0.5*COUNTIF(G64:G72,"/") -> 0 | H76: =COUNTIF(H64:H72,"X")+0.5*COUNTIF(H64:H72,"/") -> 0 | I76: =COUNTIF(I64:I72,"X")+0.5*COUNTIF(I64:I72,"/") -> 0 | J76: =COUNTIF(J64:J72,"X")+0.5*COUNTIF(J64:J72,"/") -> 0 | K76: =COUNTIF(K64:K72,"X")+0.5*COUNTIF(K64:K72,"/") -> 0 | L76: =COUNTIF(L64:L72,"X")+0.5*COUNTIF(L64:L72,"/") -> 0 | ... S76: =COUNTIF(S64:S72,"X")+0.5*COUNTIF(S64:S72,"/") -> 0
E77: 9 | F77: 7 | G77: 8 | H77: 8 | I77: 8 | J77: 9 | K77: 9 | L77: 9 | M77: 9 | N77: 9 | O77: 9 | P77: 0 | Q77: 8 | R77: 9 | S77: 9 | T77: =T73-T74 -> 0
E78: =E73-E74 -> 0 | F78: =F73-F74 -> 0 | G78: =G73-G74 -> 0 | H78: =H73-H74 -> 0 | I78: =I73-I74 -> 0 | J78: =J73-J74 -> 0 | K78: =K73-K74 -> 0 | L78: =L73-L74 -> 0 | ... T78: =T73-T74 -> 0
A90: ក្រុមហ៊ុន កៅស៊ូ មេគង្គ ខូ អិលធីឌី
A91: CÔNG TY TNHH CAO SU VRG MEKONG
A92: រោងចក្រកែច្នៃ
A93: XƯỞNG CHẾ BIẾN
A94: តារាងបែងចែកបរិមាណ កម្មករធើ្វជ័រកិន ក្រុម ១ (ផលិតផលសម្រេច)
A95: =A59 -> ថ្ងៃ ០១-១៥ ខែ ០១ ឆ្នាំ ២០២៦
A96: BẢNG PHÂN CHIA KHỐI LƯỢNG CÔNG NHÂN LÀM MỦ CÁN VẮT (TỔ 1 -TP)
A97: =A61 -> NGÀY​​​​ 01 ĐẾN 15 THÁNG 01 NĂM 2026
A99: ល.រ STT | B99: ត្រកូលនិងឈ្មោះ HỌ VÀ TÊN | D99: ឯកតា ĐVT | E99: =E63 -> 1 | F99: =F63 -> 2 | G99: =G63 -> 3 | H99: =H63 -> 4 | I99: =I63 -> 5 | J99: =J63 -> 6 | K99: =K63 -> 7 | L99: =L63 -> 8 | ... S99: =S63 -> 15 | T99: សរុប TỔNG CỘNG | U99: សម្គាល់ GHI CHÚ | V99: Ký nhận
A100: 1 | B100: ហឿង សុជឿន | C100: HOEUNG SOCHOEUN | D100: តោន (Tấn) | I100: 3255 | J100: 2594 | L100: 3074 | T100: =ROUND(U100/1000,3) -> 8.923 | U100: =SUM(E100:S100) -> 8923 | Y100: =ROUND(T100*0.1,2) -> 0.89 | Z100: =Y100+T100 -> 9.813
A101: =+A100+1 -> 2 | B101: ថន សំណាង | C101: THAN SAMNANG | D101: តោន (Tấn) | I101: 3255 | J101: 2594 | K101: 3623 | L101: 3074 | T101: =ROUND(U101/1000,3) -> 12.546 | U101: =SUM(E101:S101) -> 12546
A102: =+A101+1 -> 3 | B102: អែល សាន់ | C102: EL SANN | D102: តោន (Tấn) | I102: 3255 | J102: 2594 | K102: 3623 | L102: 3074 | T102: =ROUND(U102/1000,3) -> 12.546 | U102: =SUM(E102:S102) -> 12546
A103: =+A102+1 -> 4 | B103: អ៊ាវ ខាត់ | C103: EAV KHATH | D103: តោន (Tấn) | K103: 3623 | T103: =ROUND(U103/1000,3) -> 3.623 | U103: =SUM(E103:S103) -> 3623
A104: =+A103+1 -> 5 | B104: ហឿន សាវុធ | C104: HOEURN SAVUTH | D104: តោន (Tấn) | I104: 3255 | J104: 2594 | K104: 3623 | L104: 3074 | T104: =ROUND(U104/1000,3) -> 12.546 | U104: =SUM(E104:S104) -> 12546
A105: =A104+1 -> 6 | B105: បាន ចន្ថា | C105: BAN CHANTHA | D105: តោន (Tấn) | I105: 3255 | J105: 2593 | K105: 3623 | L105: 3074 | T105: =ROUND(U105/1000,3) -> 12.545 | U105: =SUM(E105:S105) -> 12545
A106: =A105+1 -> 7 | B106: សាន់ យូស័រ | C106: SAN YUSOR | D106: តោន (Tấn) | I106: 3255 | J106: 2593 | K106: 3623 | L106: 3074 | T106: =ROUND(U106/1000,3) -> 12.545 | U106: =SUM(E106:S106) -> 12545
A107: =A106+1 -> 8 | B107: វុន វណ្ណា | C107: VUN VANNA | D107: តោន (Tấn) | I107: 3255 | L107: 3074 | T107: =ROUND(U107/1000,3) -> 6.329 | U107: =SUM(E107:S107) -> 6329
A108: =A107+1 -> 9 | B108: ម៉ុន ម៉ោល | C108: MON MORL | D108: តោន (Tấn) | I108: 3254 | J108: 2594 | K108: 3622 | L108: 3074 | T108: =ROUND(U108/1000,3) -> 12.544 | U108: =SUM(E108:S108) -> 12544
A109: =A108+1 -> 10 | B109: កែវ ប្រុសសុទ្ធ | C109: KEO BROSSOTH | D109: តោន (Tấn) | I109: 1627 | T109: =ROUND(U109/1000,3) -> 1.627 | U109: =SUM(E109:S109) -> 1627
A110: =A109+1 -> 11 | B110: ម៉ុក សុធា | C110: MOK SOTHEA | D110: តោន (Tấn) | J110: 2594 | L110: 3074 | T110: =ROUND(U110/1000,3) -> 5.668 | U110: =SUM(E110:S110) -> 5668
B111: Cộng | E111: =SUM(E100:E110) -> 0 | F111: =SUM(F100:F110) -> 0 | G111: =SUM(G100:G110) -> 0 | H111: =SUM(H100:H110) -> 0 | I111: =SUM(I100:I110) -> 27666 | J111: =SUM(J100:J110) -> 20750 | K111: =SUM(K100:K110) -> 25360 | L111: =SUM(L100:L110) -> 27666 | ... U111: =SUM(U100:U110) -> 101442
E112: =VLOOKUP(E99,'[3]BKECHITIET TO1 (tp)'!$A$11:$K$25,11) -> 0 | F112: =VLOOKUP(F99,'[3]BKECHITIET TO1 (tp)'!$A$11:$K$25,11) -> 0 | G112: =VLOOKUP(G99,'[3]BKECHITIET TO1 (tp)'!$A$11:$K$25,11) -> 0 | H112: =VLOOKUP(H99,'[3]BKECHITIET TO1 (tp)'!$A$11:$K$25,11) -> 0 | I112: =VLOOKUP(I99,'[3]BKECHITIET TO1 (tp)'!$A$11:$K$25,11) -> 27666 | J112: =VLOOKUP(J99,'[3]BKECHITIET TO1 (tp)'!$A$11:$K$25,11) -> 20750 | K112: =VLOOKUP(K99,'[3]BKECHITIET TO1 (tp)'!$A$11:$K$25,11) -> 25360 | L112: =VLOOKUP(L99,'[3]BKECHITIET TO1 (tp)'!$A$11:$K$25,11) -> 27666 | ... S112: =VLOOKUP(S99,'[3]BKECHITIET TO1 (tp)'!$A$11:$K$25,11) -> 0 | T112: =SUM(E112:S112) -> 101442
E113: 17 | F113: 19 | G113: 17 | H113: 20 | I113: 8.5 | J113: 8 | K113: 7 | L113: 9 | M113: 0 | N113: 0 | O113: 22 | P113: 18 | Q113: 22 | R113: 16 | S113: 16 | T113: =#REF!-#REF! -> #REF!
E114: =COUNTIF(E89:E110,"X")+0.5*COUNTIF(E89:E110,"/") -> 0 | F114: =COUNTIF(F89:F110,"X")+0.5*COUNTIF(F89:F110,"/") -> 0 | G114: =COUNTIF(G89:G110,"X")+0.5*COUNTIF(G89:G110,"/") -> 0 | H114: =COUNTIF(H89:H110,"X")+0.5*COUNTIF(H89:H110,"/") -> 0 | I114: =COUNTIF(I89:I110,"Xcv")+0.5*COUNTIF(I89:I110,"/") -> 0 | J114: =COUNTIF(J89:J110,"Xcv")+0.5*COUNTIF(J89:J110,"/") -> 0 | K114: =COUNTIF(K89:K110,"Xcv")+0.5*COUNTIF(K89:K110,"/") -> 0 | L114: =COUNTIF(L89:L110,"Xcv")+0.5*COUNTIF(L89:L110,"/") -> 0 | M114: =COUNTIF(M89:M110,"Xcv")+0.5*COUNTIF(M89:M110,"/") -> 0 | N114: =COUNTIF(N89:N110,"Xcv")+0.5*COUNTIF(N89:N110,"/") -> 0 | O114: =COUNTIF(O89:O110,"Xcv")+0.5*COUNTIF(O89:O110,"/") -> 0 | P114: =COUNTIF(P89:P110,"Xcv")+0.5*COUNTIF(P89:P110,"/") -> 0 | ... S114: =COUNTIF(S89:S110,"Xcv")+0.5*COUNTIF(S89:S110,"/") -> 0
E115: =ROUND(E112/E113,2) -> 0 | F115: =ROUND(F112/F113,2) -> 0 | G115: =ROUND(G112/G113,2) -> 0 | H115: =ROUND(H112/H113,2) -> 0 | I115: =ROUND(I112/I113,2) -> 3254.82 | J115: =ROUND(J112/J113,2) -> 2593.75 | K115: =ROUND(K112/K113,2) -> 3622.86 | L115: =ROUND(L112/L113,2) -> 3074 | ... T115: =ROUND(T112/T113,2) -> #REF!
E116: =E111-E112 -> 0 | F116: =F111-F112 -> 0 | G116: =G111-G112 -> 0 | H116: =H111-H112 -> 0 | I116: =I111-I112 -> 0 | J116: =J111-J112 -> 0 | K116: =K111-K112 -> 0 | L116: =L111-L112 -> 0 | ... S116: =S111-S112 -> 0
I117: =I115/2 -> 1627.41
A126: ក្រុមហ៊ុន កៅស៊ូ មេគង្គ ខូ អិលធីឌី
A127: CÔNG TY TNHH CAO SU VRG MEKONG
A128: រោងចក្រកែច្នៃ
A129: XƯỞNG CHẾ BIẾN
A130: តារាងបែងចែកបរិមាណ កម្មករធើ្វជ័រកិន ក្រុម ២ (ផលិតផលសម្រេច)
A131: =A95 -> ថ្ងៃ ០១-១៥ ខែ ០១ ឆ្នាំ ២០២៦
A132: BẢNG PHÂN CHIA KHỐI LƯỢNG CÔNG NHÂN LÀM MỦ CÁN VẮT (TỔ 2 -TP)
A133: =A97 -> NGÀY​​​​ 01 ĐẾN 15 THÁNG 01 NĂM 2026
A135: ល.រ STT | B135: ត្រកូលនិងឈ្មោះ HỌ VÀ TÊN | D135: ឯកតា ĐVT | E135: =E99 -> 1 | F135: =E135+1 -> 2 | G135: =F135+1 -> 3 | H135: =G135+1 -> 4 | I135: =H135+1 -> 5 | J135: =I135+1 -> 6 | K135: =J135+1 -> 7 | L135: =K135+1 -> 8 | M135: =L135+1 -> 9 | ... S135: =R135+1 -> 15 | T135: សរុប TỔNG CỘNG | U135: សម្គាល់ GHI CHÚ | V135: Ký nhận
A136: 1 | B136: ហ៊ីម មករា | C136: HIM MAKRA | D136: តោន (Tấn) | J136: 3074 | K136: 3747 | L136: 4034 | T136: =ROUND(U136/1000,3) -> 10.855 | U136: =SUM(E136:S136) -> 10855 | Y136: =ROUND(T136*0.1,2) -> 1.09 | Z136: =Y136+T136 -> 11.945
A137: =+A136+1 -> 2 | B137: គួន ធី | C137: KOURN THY | D137: តោន (Tấn) | J137: 3074 | T137: =ROUND(U137/1000,3) -> 3.074 | U137: =SUM(E137:S137) -> 3074
A138: =+A137+1 -> 3 | B138: ម៉ៅ សុខនី | C138: MAO SOKNY | D138: តោន (Tấn) | J138: 3074 | K138: 3747 | T138: =ROUND(U138/1000,3) -> 6.821 | U138: =SUM(E138:S138) -> 6821
A139: =+A138+1 -> 4 | B139: ម៉ឹង គា | C139: MOENG KEA | D139: តោន (Tấn) | J139: 3074 | K139: 3747 | L139: 4034 | T139: =ROUND(U139/1000,3) -> 10.855 | U139: =SUM(E139:S139) -> 10855
A140: =+A139+1 -> 5 | B140: ម៉ៅ សុខម៉េង | C140: MAO SOKMENG | D140: តោន (Tấn) | J140: 3074 | K140: 3747 | T140: =ROUND(U140/1000,3) -> 6.821 | U140: =SUM(E140:S140) -> 6821
A141: =+A140+1 -> 6 | B141: គា​ ទីណូ | C141: KHEA TINO | D141: តោន (Tấn) | J141: 3074 | K141: 3746 | L141: 4035 | T141: =ROUND(U141/1000,3) -> 10.855 | U141: =SUM(E141:S141) -> 10855
A142: =+A141+1 -> 7 | B142: ធួន ធីម | C142: THUN THIM | D142: តោន (Tấn) | L142: 4035 | T142: =ROUND(U142/1000,3) -> 4.035 | U142: =SUM(E142:S142) -> 4035
A143: =+A142+1 -> 8 | B143: សេន សីហា | C143: SEN SEYHA | D143: តោន (Tấn) | L143: 4035 | T143: =ROUND(U143/1000,3) -> 4.035 | U143: =SUM(E143:S143) -> 4035
A144: =+A143+1 -> 9 | B144: មេង បូរី | C144: MENG BOREY | D144: តោន (Tấn) | L144: 4035 | T144: =ROUND(U144/1000,3) -> 4.035 | U144: =SUM(E144:S144) -> 4035
A145: =+A144+1 -> 10 | B145: មាស សៀក | C145: MEAS SEAK | D145: តោន (Tấn) | J145: 3074 | K145: 3746 | T145: =ROUND(U145/1000,3) -> 6.82 | U145: =SUM(E145:S145) -> 6820
A146: =+A145+1 -> 11 | B146: ទៀង ចាន់ថា | C146: TIENG CHANTHA | D146: តោន (Tấn) | J146: 3074 | K146: 3746 | T146: =ROUND(U146/1000,3) -> 6.82 | U146: =SUM(E146:S146) -> 6820
...

Sheet KLCN t1 dot 1
A1: ក្រុមហ៊ុន កៅស៊ូ មេគង្គ ខូ អិលធីឌី | M1: ព្រះរាជាណាចក្រ កម្ពុជា
A2: CÔNG TY TNHH CAO SU MEKONG | M2: VƯƠNG QUỐC CAMPUCHIA
A3: រោងចក្រកែច្នៃ | M3: ជាតិ សាសនា ព្រះមហាក្សត្រ
A4: XƯỞNG CHẾ BIẾN | M4: Dân tộc - Tôn giáo - Quốc vương
A6: តារាងបរិមាណកម្មករ រោងចក្រកែច្នៃជ័រកៅស៊ូ ខែ ១២ ឆ្នាំ ២០២៥
A7: ចាប់ពីថ្ងៃ ០១-១៥ ខែ ១២ ឆ្នាំ ២០២៥ (វគ្គទី ១)
A8: BẢNG KHỐI LƯỢNG CÔNG NHÂN XƯỞNG CHẾ BIẾN THÁNG 12 NĂM 2025
A9: TỪ NGÀY 01-15 THÁNG 12 NĂM 2025 (ĐỢT 1)
A11: ល.រ STT | B11: ត្រកូលនិងឈ្មោះ Họ và tên | D11: ជ័រកិន (Làm mủ cán vắt) | F11: ជ័រសម្រេច (Làm mủ Thành phẩm) | H11: អ្នកធ្វើការមិនរើសមុខ (Tạp vụ) | J11: សន្ដិសុខការពារ​​​​​ (Bảo vệ) | L11: អ្នកបើកឡាន (Tài xế) | N11: សម្អាត (Vệ sinh) | P11: កម្មករ មេកានិច (Công nhân cơ khí) | R11: កម្លាំងកាត់ស្មៅបាញ់ថ្នាំស្មៅ ; ពេលនាំចេញជ័រទៅលក់/ (Công phát cỏ, xịt cỏ; xuất hàng) | T11: លាងសម្អាតធុងសម្ងួតជ័រ/ vệ sinh thùng sấy mủ | V11: ថ្លឹង កៅស៊ូ ប៉េអឺ ដើម្បីធើ្វសារពើភ័ណ្ឌ ថ្ងៃ ៣១/១២/២០២៥/ Cân thảm kiểm kê VT | X11: មី និងប្រេងឆាឲ្យកម្មករ (Mì, dầu ăn cho CN) | Z11: សរុប Tổng công | AA11: ហត្ថលេខា KÝ TÊN
B12: អក្សរខ្មែរ (Khmer) | C12: អក្សរ ឡាតាំង (La tinh) | D12: បរិមាណ Khối lượng | E12: កម្លាំង Công | F12: បរិមាណ Khối lượng | G12: កម្លាំង Công | H12: បរិមាណ Khối lượng | I12: កម្លាំង Công | J12: បរិមាណ Khối lượng | K12: កម្លាំង Công | L12: បរិមាណ Khối lượng | M12: កម្លាំង Công | N12: បរិមាណ Khối lượng | O12: កម្លាំង Công | P12: បរិមាណ Khối lượng | Q12: កម្លាំង Công | R12: បរិមាណ Khối lượng | S12: កម្លាំង Công | T12: បរិមាណ Khối lượng | U12: កម្លាំង Công | V12: បរិមាណ Khối lượng | W12: កម្លាំង Công | X12: បរិមាណ Khối lượng | Y12: កម្លាំង Công
A13: 1 | B13: រិន ច្រិប | C13: RIN CHRIB | H13: ='BCC D1(26)'!V12 -> 10.5 | I13: =ROUND(H13*1.2486,2) -> 13.11 | Z13: =SUM(G13,E13,S13,Q13,O13,M13,K13,I13,U13,W13,Y13) -> 13.11
A14: =+A13+1 -> 2 | B14: កែវ សម្បត្តិ | C14: KEO SAMBATH | J14: ='BCC D1(26)'!V13+'BCC D1(26)'!V14 -> 16 | K14: =ROUND(J14*1.0563,2) -> 16.9 | R14: ='BCC D1(26)'!V93 -> 3.5 | S14: =ROUND(R14*0.9391,2) -> 3.29 | Z14: =SUM(G14,E14,S14,Q14,O14,M14,K14,I14,U14,W14,Y14) -> 20.19 | AD14: គី គីន
A15: =+A14+1 -> 3 | B15: ផន ឃី | C15: PHORN KHY | N15: ='BCC D1(26)'!V15 -> 12.5 | O15: =ROUND(N15*0.9776,2) -> 12.22 | Z15: =SUM(G15,E15,S15,Q15,O15,M15,K15,I15,U15,W15,Y15) -> 12.22
A16: =+A15+1 -> 4 | B16: ថន ម៉ន | C16: THORN MORN | L16: =SUM('BCC D1(26)'!V16:V17) -> 17.5 | M16: =ROUND(L16*1.4667,2)-0.01 -> 25.66 | Z16: =SUM(G16,E16,S16,Q16,O16,M16,K16,I16,U16,W16,Y16) -> 25.66
A17: =+A16+1 -> 5 | B17: សៃ រិទ្ធី | C17: SAI RITHY | L17: =SUM('BCC D1(26)'!V18:V19) -> 11 | M17: =ROUND(L17*1.4779,2) -> 16.26 | Z17: =SUM(G17,E17,S17,Q17,O17,M17,K17,I17,U17,W17,Y17) -> 16.26
A18: =+A17+1 -> 6 | B18: សាត រិទ្ធិសាក់ | C18: SAT RITHYSAK | P18: =SUM('BCC D1(26)'!V20:V21) -> 17.5 | Q18: =ROUND(P18*1.4608,2) -> 25.56 | Z18: =SUM(G18,E18,S18,Q18,O18,M18,K18,I18,U18,W18,Y18) -> 25.56
A19: =+A18+1 -> 7 | B19: ហឿង សុជឿន | C19: HOEUNG SOCHOEUN | D19: =ROUND(VLOOKUP(B19,'BPHAN CHIA '!$B$100:$T$110,19,0)*1.1,2) -> 9.82 | E19: =ROUND(0.7199*D19,2) -> 7.07 | F19: =ROUND(1.15*VLOOKUP(B19,'BPHAN CHIA '!$B$179:$T$200,19,0),2) -> 13.75 | G19: =ROUND(F19*1.0956,2) -> 15.06 | U19: =ROUND(T19*0.9391,2) -> 0 | Z19: =SUM(G19,E19,S19,Q19,O19,M19,K19,I19,U19,W19,Y19) -> 22.13
A20: =+A19+1 -> 8 | B20: ថន សំណាង | C20: THAN SAMNANG | D20: =ROUND(VLOOKUP(B20,'BPHAN CHIA '!$B$100:$T$110,19,0),2) -> 12.55 | E20: =ROUND(0.7199*D20,2) -> 9.03 | F20: =ROUND(VLOOKUP(B20,'BPHAN CHIA '!$B$179:$T$200,19,0),2) -> 10.35 | G20: =ROUND(F20*1.0956,2) -> 11.34 | Z20: =SUM(G20,E20,S20,Q20,O20,M20,K20,I20,U20,W20,Y20) -> 20.37
A21: =+A20+1 -> 9 | B21: ថូរ សុភ័ណ្ឌ | C21: THO SOPHORN | F21: =ROUND(VLOOKUP(B21,'BPHAN CHIA '!$B$179:$T$200,19,0),2) -> 11.95 | G21: =ROUND(F21*1.0956,2) -> 13.09 | Z21: =SUM(G21,E21,S21,Q21,O21,M21,K21,I21,U21,W21,Y21) -> 13.09
A22: =+A21+1 -> 10 | B22: ធៀម សំនាង | C22: THEAM SAMNEANG | F22: =ROUND(VLOOKUP(B22,'BPHAN CHIA '!$B$179:$T$200,19,0),2) -> 9.96 | G22: =ROUND(F22*1.0956,2) -> 10.91 | Z22: =SUM(G22,E22,S22,Q22,O22,M22,K22,I22,U22,W22,Y22) -> 10.91
A23: =+A22+1 -> 11 | B23: អែល សាន់ | C23: EL SANN | D23: =ROUND(VLOOKUP(B23,'BPHAN CHIA '!$B$100:$T$110,19,0),2) -> 12.55 | E23: =ROUND(0.7199*D23,2) -> 9.03 | F23: =ROUND(VLOOKUP(B23,'BPHAN CHIA '!$B$179:$T$200,19,0),2) -> 11.95 | G23: =ROUND(F23*1.0956,2) -> 13.09 | Z23: =SUM(G23,E23,S23,Q23,O23,M23,K23,I23,U23,W23,Y23) -> 22.12
A24: =+A23+1 -> 12 | B24: អ៊ាវ ខាត់ | C24: EAV KHATH | D24: =ROUND(VLOOKUP(B24,'BPHAN CHIA '!$B$100:$T$110,19,0),2) -> 3.62 | E24: =ROUND(0.7199*D24,2) -> 2.61 | F24: =ROUND(VLOOKUP(B24,'BPHAN CHIA '!$B$179:$T$200,19,0),2) -> 11.95 | G24: =ROUND(F24*1.0956,2) -> 13.09 | Z24: =SUM(G24,E24,S24,Q24,O24,M24,K24,I24,U24,W24,Y24) -> 15.7
A25: =+A24+1 -> 13 | B25: ភី ផូ | C25: PHI PHO | F25: =ROUND(VLOOKUP(B25,'BPHAN CHIA '!$B$179:$T$200,19,0),2) -> 11.95 | G25: =ROUND(F25*1.0956,2) -> 13.09 | Z25: =SUM(G25,E25,S25,Q25,O25,M25,K25,I25,U25,W25,Y25) -> 13.09
A26: =+A25+1 -> 14 | B26: វុន វណ្ណនី | C26: VON VANNY | F26: =ROUND(VLOOKUP(B26,'BPHAN CHIA '!$B$179:$T$200,19,0),2) -> 8.99 | G26: =ROUND(F26*1.0956,2) -> 9.85 | Z26: =SUM(G26,E26,S26,Q26,O26,M26,K26,I26,U26,W26,Y26) -> 9.85
A27: =+A26+1 -> 15 | B27: លឿន ឆាលី | C27: LOEUN CHALY | F27: =ROUND(VLOOKUP(B27,'BPHAN CHIA '!$B$179:$T$200,19,0),2) -> 10.35 | G27: =ROUND(F27*1.0956,2) -> 11.34 | Z27: =SUM(G27,E27,S27,Q27,O27,M27,K27,I27,U27,W27,Y27) -> 11.34
A28: =+A27+1 -> 16 | B28: ហឿន សាវុធ | C28: HOEURN SAVUTH | D28: =ROUND(VLOOKUP(B28,'BPHAN CHIA '!$B$100:$T$110,19,0),2) -> 12.55 | E28: =ROUND(0.7199*D28,2) -> 9.03 | F28: =ROUND(VLOOKUP(B28,'BPHAN CHIA '!$B$179:$T$200,19,0),2) -> 10.58 | G28: =ROUND(F28*1.0956,2) -> 11.59 | Z28: =SUM(G28,E28,S28,Q28,O28,M28,K28,I28,U28,W28,Y28) -> 20.62
A29: =+A28+1 -> 17 | B29: រឿន សារី | C29: ROEUN SARY | F29: =ROUND(VLOOKUP(B29,'BPHAN CHIA '!$B$179:$T$200,19,0),2) -> 6.65 | G29: =ROUND(F29*1.0956,2) -> 7.29 | Z29: =SUM(G29,E29,S29,Q29,O29,M29,K29,I29,U29,W29,Y29) -> 7.29
A30: =+A29+1 -> 18 | B30: ហ៊ុច សំណាង | C30: HOCH SOMNANG | F30: =ROUND(VLOOKUP(B30,'BPHAN CHIA '!$B$179:$T$200,19,0),2) -> 11.95 | G30: =ROUND(F30*1.0956,2) -> 13.09 | Z30: =SUM(G30,E30,S30,Q30,O30,M30,K30,I30,U30,W30,Y30) -> 13.09
A31: =+A30+1 -> 19 | B31: បាន ចន្ថា | C31: BAN CHANTHA | D31: =ROUND(VLOOKUP(B31,'BPHAN CHIA '!$B$100:$T$110,19,0),2) -> 12.55 | E31: =ROUND(0.7199*D31,2) -> 9.03 | F31: =ROUND(VLOOKUP(B31,'BPHAN CHIA '!$B$179:$T$200,19,0),2) -> 10.01 | G31: =ROUND(F31*1.0956,2) -> 10.97 | T31: ='BCC D1(26)'!V95 -> 4 | U31: =ROUND(T31*0.9391,2) -> 3.76 | Z31: =SUM(G31,E31,S31,Q31,O31,M31,K31,I31,U31,W31,Y31) -> 23.76
A32: =+A31+1 -> 20 | B32: សាន់ យូស័រ | C32: SAN YUSOR | D32: =ROUND(VLOOKUP(B32,'BPHAN CHIA '!$B$100:$T$110,19,0),2) -> 12.55 | E32: =ROUND(0.7199*D32,2) -> 9.03 | F32: =ROUND(VLOOKUP(B32,'BPHAN CHIA '!$B$179:$T$200,19,0),2) -> 8.39 | G32: =ROUND(F32*1.0956,2) -> 9.19 | Z32: =SUM(G32,E32,S32,Q32,O32,M32,K32,I32,U32,W32,Y32) -> 18.22
A33: =+A32+1 -> 21 | B33: វុន វណ្ណា | C33: VUN VANNA | D33: =ROUND(VLOOKUP(B33,'BPHAN CHIA '!$B$100:$T$110,19,0),2) -> 6.33 | E33: =ROUND(0.7199*D33,2) -> 4.56 | F33: =ROUND(VLOOKUP(B33,'BPHAN CHIA '!$B$179:$T$200,19,0),2) -> 9.96 | G33: =ROUND(F33*1.0956,2) -> 10.91 | U33: =ROUND(T33*0.9391,2) -> 0 | Z33: =SUM(G33,E33,S33,Q33,O33,M33,K33,I33,U33,W33,Y33) -> 15.47
A34: =+A33+1 -> 22 | B34: ជឿន នីន | C34: CHOEUN NIN | F34: =ROUND(VLOOKUP(B34,'BPHAN CHIA '!$B$179:$T$200,19,0),2) -> 11.95 | G34: =ROUND(F34*1.0956,2) -> 13.09 | Z34: =SUM(G34,E34,S34,Q34,O34,M34,K34,I34,U34,W34,Y34) -> 13.09
A35: =+A34+1 -> 23 | B35: ហឿង ហេង | C35: HOEUNG HENG | F35: =ROUND(VLOOKUP(B35,'BPHAN CHIA '!$B$179:$T$200,19,0),2) -> 11.95 | G35: =ROUND(F35*1.0956,2) -> 13.09 | Z35: =SUM(G35,E35,S35,Q35,O35,M35,K35,I35,U35,W35,Y35) -> 13.09
A36: =+A35+1 -> 24 | B36: គង់ ចាន់ទ្រឿន | C36: KONG CHANTROEUN | F36: =ROUND(VLOOKUP(B36,'BPHAN CHIA '!$B$179:$T$200,19,0),2) -> 11.95 | G36: =ROUND(F36*1.0956,2) -> 13.09 | Z36: =SUM(G36,E36,S36,Q36,O36,M36,K36,I36,U36,W36,Y36) -> 13.09
A37: =+A36+1 -> 25 | B37: ទៀង ឡៃស៊ីម | C37: TIENG LAISIM | F37: =ROUND(VLOOKUP(B37,'BPHAN CHIA '!$B$179:$T$200,19,0),2) -> 11.95 | G37: =ROUND(F37*1.0956,2) -> 13.09 | Z37: =SUM(G37,E37,S37,Q37,O37,M37,K37,I37,U37,W37,Y37) -> 13.09
A38: =+A37+1 -> 26 | B38: ម៉ុន ម៉ោល | C38: MON MORL | D38: =ROUND(VLOOKUP(B38,'BPHAN CHIA '!$B$100:$T$110,19,0),2) -> 12.54 | E38: =ROUND(0.7199*D38,2) -> 9.03 | F38: =ROUND(VLOOKUP(B38,'BPHAN CHIA '!$B$179:$T$200,19,0),2) -> 5.22 | G38: =ROUND(F38*1.0956,2) -> 5.72 | T38: ='BCC D1(26)'!V96 -> 4 | U38: =ROUND(T38*0.9391,2) -> 3.76 | Z38: =SUM(G38,E38,S38,Q38,O38,M38,K38,I38,U38,W38,Y38) -> 18.51
A39: =+A38+1 -> 27 | B39: កែវ ប្រុសសុទ្ធ | C39: KEO BROSSOTH | D39: =ROUND(VLOOKUP(B39,'BPHAN CHIA '!$B$100:$T$110,19,0),2) -> 1.63 | E39: =ROUND(0.7199*D39,2) -> 1.17 | F39: =ROUND(VLOOKUP(B39,'BPHAN CHIA '!$B$179:$T$200,19,0),2) -> 8.53 | G39: =ROUND(F39*1.0956,2) -> 9.35 | Z39: =SUM(G39,E39,S39,Q39,O39,M39,K39,I39,U39,W39,Y39) -> 10.52
A40: =+A39+1 -> 28 | B40: ម៉ុក សុធា | C40: MOK SOTHEA | D40: =ROUND(VLOOKUP(B40,'BPHAN CHIA '!$B$100:$T$110,19,0),2) -> 5.67 | E40: =ROUND(0.7199*D40,2) -> 4.08 | F40: =ROUND(VLOOKUP(B40,'BPHAN CHIA '!$B$179:$T$200,19,0),2) -> 11.95 | G40: =ROUND(F40*1.0956,2) -> 13.09 | Z40: =SUM(G40,E40,S40,Q40,O40,M40,K40,I40,U40,W40,Y40) -> 17.17
A41: =+A40+1 -> 29 | B41: ជឿន ថា | C41: CHOEUN THA | D41: =ROUND(VLOOKUP(B41,'BPHAN CHIA '!$B$11:$T$19,19,0)*1.1,2) -> 52.34 | E41: =ROUND(0.7199*D41,2) -> 37.68 | Z41: =SUM(G41,E41,S41,Q41,O41,M41,K41,I41,U41,W41,Y41) -> 37.68
A42: =+A41+1 -> 30 | B42: ហ៊ុន ម៉ៅ | C42: HUN MAO | D42: =ROUND(VLOOKUP(B42,'BPHAN CHIA '!$B$11:$T$19,19,0),2) -> 47.58 | E42: =ROUND(0.7199*D42,2) -> 34.25 | Z42: =SUM(G42,E42,S42,Q42,O42,M42,K42,I42,U42,W42,Y42) -> 34.25
A43: =+A42+1 -> 31 | B43: ជឿន ថី | C43: CHOEUN THEY | D43: =ROUND(VLOOKUP(B43,'BPHAN CHIA '!$B$11:$T$19,19,0),2) -> 47.58 | E43: =ROUND(0.7199*D43,2) -> 34.25 | Z43: =SUM(G43,E43,S43,Q43,O43,M43,K43,I43,U43,W43,Y43) -> 34.25
A44: =+A43+1 -> 32 | B44: ឆឹម ខុន | C44: CHHEOM KHON | D44: =ROUND(VLOOKUP(B44,'BPHAN CHIA '!$B$11:$T$19,19,0),2) -> 47.58 | E44: =ROUND(0.7199*D44,2) -> 34.25 | Z44: =SUM(G44,E44,S44,Q44,O44,M44,K44,I44,U44,W44,Y44) -> 34.25
A45: =+A44+1 -> 33 | B45: ថន សុខធា | C45: THON SOKHTHEA | D45: =ROUND(VLOOKUP(B45,'BPHAN CHIA '!$B$11:$T$19,19,0),2) -> 47.58 | E45: =ROUND(0.7199*D45,2) -> 34.25 | Z45: =SUM(G45,E45,S45,Q45,O45,M45,K45,I45,U45,W45,Y45) -> 34.25
A46: =+A45+1 -> 34 | B46: នី គីន | C46: NY KIN | D46: =ROUND(VLOOKUP(B46,'BPHAN CHIA '!$B$11:$T$19,19,0),2) -> 43.55 | E46: =ROUND(0.7199*D46,2) -> 31.35 | Z46: =SUM(G46,E46,S46,Q46,O46,M46,K46,I46,U46,W46,Y46) -> 31.35
A47: =+A46+1 -> 35 | B47: វុន ហួន | C47: VUN HOUN | D47: =ROUND(VLOOKUP(B47,'BPHAN CHIA '!$B$11:$T$19,19,0),2) -> 47.58 | E47: =ROUND(0.7199*D47,2) -> 34.25 | Z47: =SUM(G47,E47,S47,Q47,O47,M47,K47,I47,U47,W47,Y47) -> 34.25
A48: =+A47+1 -> 36 | B48: លី​ ប៊ុនយ៉េន | C48: LY BUNYEN | D48: =ROUND(VLOOKUP(B48,'BPHAN CHIA '!$B$11:$T$19,19,0),2) -> 47.58 | E48: =ROUND(0.7199*D48,2) -> 34.25 | Z48: =SUM(G48,E48,S48,Q48,O48,M48,K48,I48,U48,W48,Y48) -> 34.25
A49: =+A48+1 -> 37 | B49: ធឿន​ វុឌ្ឍី | C49: THOEUN VUTHY | D49: =ROUND(VLOOKUP(B49,'BPHAN CHIA '!$B$11:$T$19,19,0),2) -> 47.58 | E49: =ROUND(0.7199*D49,2) -> 34.25 | Z49: =SUM(G49,E49,S49,Q49,O49,M49,K49,I49,U49,W49,Y49) -> 34.25
A50: =+A49+1 -> 38 | B50: ឌូ ឌីន | C50: DOU DIN | J50: ='BCC D1(26)'!V53 -> 10 | K50: =ROUND(J50*1.014,2) -> 10.14 | R50: ='[4]BCC D1 (26)'!X93 -> 2 | S50: =ROUND(R50*0.9391,2) -> 1.88 | Z50: =SUM(G50,E50,S50,Q50,O50,M50,K50,I50,U50,W50,Y50) -> 12.02
A51: =+A50+1 -> 39 | B51: ម៉ៅ ថី | C51: MAO THEY | N51: ='BCC D1(26)'!V55 -> 13 | O51: =ROUND(N51*0.9776,2) -> 12.71 | Z51: =SUM(G51,E51,S51,Q51,O51,M51,K51,I51,U51,W51,Y51) -> 12.71
A52: =+A51+1 -> 40 | B52: ហៀង ហ័ង | C52: HEANG HORNG | L52: =SUM('BCC D1(26)'!V56:V57) -> 18.5 | M52: =ROUND(L52*1.4889,2) -> 27.54 | Z52: =SUM(G52,E52,S52,Q52,O52,M52,K52,I52,U52,W52,Y52) -> 27.54
A53: =+A52+1 -> 41 | B53: មឿន សេន | C53: MOEURN SEN | L53: =SUM('BCC D1(26)'!V58:V59) -> 14 | M53: =ROUND(L53*1.4779,2) -> 20.69 | Z53: =SUM(G53,E53,S53,Q53,O53,M53,K53,I53,U53,W53,Y53) -> 20.69
A54: =+A53+1 -> 42 | B54: សួរ សាលូត | C54: SOUR SALOUTH | P54: =SUM('BCC D1(26)'!V60:V61) -> 18.5 | Q54: =ROUND(P54*1.4608,2)+0.01 -> 27.03 | Z54: =SUM(G54,E54,S54,Q54,O54,M54,K54,I54,U54,W54,Y54) -> 27.03
A55: =+A54+1 -> 43 | B55: ហ៊ីម មករា | C55: HIM MAKRA | D55: =ROUND(VLOOKUP(B55,'BPHAN CHIA '!$B$136:$T$148,19,0)*1.1,2) -> 11.94 | E55: =ROUND(0.7199*D55,2) -> 8.6 | F55: =ROUND(1.15*VLOOKUP(B55,'BPHAN CHIA '!$B$222:$T$241,19,0),2) -> 12.37 | G55: =ROUND(F55*1.0956,2) -> 13.55 | U55: =ROUND(T55*0.9391,2) -> 0 | V55: =VLOOKUP(B55,'BCC D1(26)'!$B$98:$V$101,21,0) -> 1.5 | W55: =ROUND(V55*1.2521,2) -> 1.88 | Z55: =SUM(G55,E55,S55,Q55,O55,M55,K55,I55,U55,W55,Y55) -> 24.03
A56: =+A55+1 -> 44 | B56: ហុក តុងសេង | C56: HUK TUNGSENG | F56: =ROUND(VLOOKUP(B56,'BPHAN CHIA '!$B$222:$T$241,19,0),2) -> 10.76 | G56: =ROUND(F56*1.0956,2) -> 11.79 | Z56: =SUM(G56,E56,S56,Q56,O56,M56,K56,I56,U56,W56,Y56) -> 11.79
A57: =+A56+1 -> 45 | B57: គួន ធី | C57: KOURN THY | D57: =ROUND(VLOOKUP(B57,'BPHAN CHIA '!$B$136:$T$148,19,0),2) -> 3.07 | E57: =ROUND(0.7199*D57,2) -> 2.21 | F57: =ROUND(VLOOKUP(B57,'BPHAN CHIA '!$B$222:$T$241,19,0),2) -> 10.76 | G57: =ROUND(F57*1.0956,2) -> 11.79 | Z57: =SUM(G57,E57,S57,Q57,O57,M57,K57,I57,U57,W57,Y57) -> 14
A58: =+A57+1 -> 46 | B58: អៀង អ៊ា | C58: EANG EAR | F58: =ROUND(VLOOKUP(B58,'BPHAN CHIA '!$B$222:$T$241,19,0),2)-0.01 -> 8.86 | G58: =ROUND(F58*1.0956,2) -> 9.71 | Z58: =SUM(G58,E58,S58,Q58,O58,M58,K58,I58,U58,W58,Y58) -> 9.71
A59: =+A58+1 -> 47 | B59: ម៉ៅ សុខនី | C59: MAO SOKNY | D59: =ROUND(VLOOKUP(B59,'BPHAN CHIA '!$B$136:$T$148,19,0),2) -> 6.82 | E59: =ROUND(0.7199*D59,2) -> 4.91 | F59: =ROUND(VLOOKUP(B59,'BPHAN CHIA '!$B$222:$T$241,19,0),2) -> 10.76 | G59: =ROUND(F59*1.0956,2) -> 11.79 | Z59: =SUM(G59,E59,S59,Q59,O59,M59,K59,I59,U59,W59,Y59) -> 16.7
A60: =+A59+1 -> 48 | B60: ម៉ឹង គា | C60: MOENG KEA | D60: =ROUND(VLOOKUP(B60,'BPHAN CHIA '!$B$136:$T$148,19,0),2) -> 10.86 | E60: =ROUND(0.7199*D60,2) -> 7.82 | F60: =ROUND(VLOOKUP(B60,'BPHAN CHIA '!$B$222:$T$241,19,0),2) -> 10.76 | G60: =ROUND(F60*1.0956,2) -> 11.79 | U60: =ROUND(T60*0.9391,2) -> 0 | Z60: =SUM(G60,E60,S60,Q60,O60,M60,K60,I60,U60,W60,Y60) -> 19.61
A61: =+A60+1 -> 49 | B61: ម៉ៅ សុខម៉េង | C61: MAO SOKMENG | D61: =ROUND(VLOOKUP(B61,'BPHAN CHIA '!$B$136:$T$148,19,0),2) -> 6.82 | E61: =ROUND(0.7199*D61,2) -> 4.91 | F61: =ROUND(VLOOKUP(B61,'BPHAN CHIA '!$B$222:$T$241,19,0),2) -> 10.76 | G61: =ROUND(F61*1.0956,2) -> 11.79 | Z61: =SUM(G61,E61,S61,Q61,O61,M61,K61,I61,U61,W61,Y61) -> 16.7
A62: =+A61+1 -> 50 | B62: គា​ ទីណូ | C62: KHEA TINO | D62: =ROUND(VLOOKUP(B62,'BPHAN CHIA '!$B$136:$T$148,19,0),2) -> 10.86 | E62: =ROUND(0.7199*D62,2) -> 7.82 | F62: =ROUND(VLOOKUP(B62,'BPHAN CHIA '!$B$222:$T$241,19,0),2) -> 10.76 | G62: =ROUND(F62*1.0956,2) -> 11.79 | U62: =ROUND(T62*0.9391,2) -> 0 | V62: =VLOOKUP(B62,'BCC D1(26)'!$B$98:$V$101,21,0) -> 1.5 | W62: =ROUND(V62*1.2521,2) -> 1.88 | Z62: =SUM(G62,E62,S62,Q62,O62,M62,K62,I62,U62,W62,Y62) -> 21.49
A63: =+A62+1 -> 51 | B63: ធួន ធីម | C63: THUN THIM | D63: =ROUND(VLOOKUP(B63,'BPHAN CHIA '!$B$136:$T$148,19,0),2) -> 4.04 | E63: =ROUND(0.7199*D63,2) -> 2.91 | F63: =ROUND(VLOOKUP(B63,'BPHAN CHIA '!$B$222:$T$241,19,0),2) -> 10.76 | G63: =ROUND(F63*1.0956,2) -> 11.79 | U63: =ROUND(T63*0.9391,2) -> 0 | Z63: =SUM(G63,E63,S63,Q63,O63,M63,K63,I63,U63,W63,Y63) -> 14.7
A64: =+A63+1 -> 52 | B64: មាស ភា | C64: MEAS PHEA | F64: =ROUND(VLOOKUP(B64,'BPHAN CHIA '!$B$222:$T$241,19,0),2) -> 10.76 | G64: =ROUND(F64*1.0956,2) -> 11.79 | Z64: =SUM(G64,E64,S64,Q64,O64,M64,K64,I64,U64,W64,Y64) -> 11.79
A65: =+A64+1 -> 53 | B65: សេន សីហា | C65: SEN SEYHA | D65: =ROUND(VLOOKUP(B65,'BPHAN CHIA '!$B$136:$T$148,19,0),2) -> 4.04 | E65: =ROUND(0.7199*D65,2) -> 2.91 | F65: =ROUND(VLOOKUP(B65,'BPHAN CHIA '!$B$222:$T$241,19,0),2) -> 10.76 | G65: =ROUND(F65*1.0956,2) -> 11.79 | Z65: =SUM(G65,E65,S65,Q65,O65,M65,K65,I65,U65,W65,Y65) -> 14.7
A66: =+A65+1 -> 54 | B66: មេង បូរី | C66: MENG BOREY | D66: =ROUND(VLOOKUP(B66,'BPHAN CHIA '!$B$136:$T$148,19,0),2) -> 4.04 | E66: =ROUND(0.7199*D66,2) -> 2.91 | F66: =ROUND(VLOOKUP(B66,'BPHAN CHIA '!$B$222:$T$241,19,0),2) -> 10.76 | G66: =ROUND(F66*1.0956,2) -> 11.79 | Z66: =SUM(G66,E66,S66,Q66,O66,M66,K66,I66,U66,W66,Y66) -> 14.7
A67: =+A66+1 -> 55 | B67: មាស សៀក | C67: MEAS SEAK | D67: =ROUND(VLOOKUP(B67,'BPHAN CHIA '!$B$136:$T$148,19,0),2) -> 6.82 | E67: =ROUND(0.7199*D67,2) -> 4.91 | F67: =ROUND(VLOOKUP(B67,'BPHAN CHIA '!$B$222:$T$241,19,0),2) -> 10.76 | G67: =ROUND(F67*1.0956,2) -> 11.79 | Z67: =SUM(G67,E67,S67,Q67,O67,M67,K67,I67,U67,W67,Y67) -> 16.7
A68: =+A67+1 -> 56 | B68: ម៉ៅ ឆូន | C68: MAO CHHAUN | F68: =ROUND(VLOOKUP(B68,'BPHAN CHIA '!$B$222:$T$241,19,0),2) -> 10.76 | G68: =ROUND(F68*1.0956,2) -> 11.79 | Z68: =SUM(G68,E68,S68,Q68,O68,M68,K68,I68,U68,W68,Y68) -> 11.79
A69: =+A68+1 -> 57 | B69: សាញ់ ខុម | C69: SANH KHOM | F69: =ROUND(VLOOKUP(B69,'BPHAN CHIA '!$B$222:$T$241,19,0),2) -> 10.76 | G69: =ROUND(F69*1.0956,2) -> 11.79 | U69: =ROUND(T69*0.9391,2) -> 0 | Z69: =SUM(G69,E69,S69,Q69,O69,M69,K69,I69,U69,W69,Y69) -> 11.79
A70: =+A69+1 -> 58 | B70: ទៀង ចាន់ថា | C70: TIENG CHANTHA | D70: =ROUND(VLOOKUP(B70,'BPHAN CHIA '!$B$136:$T$148,19,0),2) -> 6.82 | E70: =ROUND(0.7199*D70,2) -> 4.91 | F70: =ROUND(VLOOKUP(B70,'BPHAN CHIA '!$B$222:$T$241,19,0),2) -> 10.76 | G70: =ROUND(F70*1.0956,2)-0.01 -> 11.78 | V70: =VLOOKUP(B70,'BCC D1(26)'!$B$98:$V$101,21,0) -> 1.5 | W70: =ROUND(V70*1.2521,2) -> 1.88 | Z70: =SUM(G70,E70,S70,Q70,O70,M70,K70,I70,U70,W70,Y70) -> 18.57
A71: =+A70+1 -> 59 | B71: កិក រក្សា | C71: KEK REAKSA | D71: =ROUND(VLOOKUP(B71,'BPHAN CHIA '!$B$136:$T$148,19,0),2) -> 10.86 | E71: =ROUND(0.7199*D71,2) -> 7.82 | F71: =ROUND(VLOOKUP(B71,'BPHAN CHIA '!$B$222:$T$241,19,0),2)-0.01 -> 8.88 | G71: =ROUND(F71*1.0956,2) -> 9.73 | Z71: =SUM(G71,E71,S71,Q71,O71,M71,K71,I71,U71,W71,Y71) -> 17.55
A72: =+A71+1 -> 60 | B72: ផាត ចាន់លី | C72: PHAT CHANLY | F72: =ROUND(VLOOKUP(B72,'BPHAN CHIA '!$B$222:$T$241,19,0),2)-0.01 -> 8.88 | G72: =ROUND(F72*1.0956,2)-0.01 -> 9.72 | Z72: =SUM(G72,E72,S72,Q72,O72,M72,K72,I72,U72,W72,Y72) -> 9.72
A73: =+A72+1 -> 61 | B73: មាស ស៊ីន​ | C73: MEAS SIN | D73: =ROUND(VLOOKUP(B73,'BPHAN CHIA '!$B$136:$T$148,19,0),2) -> 4.03 | E73: =ROUND(0.7199*D73,2) -> 2.9 | F73: =ROUND(VLOOKUP(B73,'BPHAN CHIA '!$B$222:$T$241,19,0),2)-0.01 -> 8.86 | G73: =ROUND(F73*1.0956,2)+0.01 -> 9.72 | U73: =ROUND(T73*0.9391,2) -> 0 | V73: =VLOOKUP(B73,'BCC D1(26)'!$B$98:$V$101,21,0) -> 1.5 | W73: =ROUND(V73*1.2521,2) -> 1.88 | Z73: =SUM(G73,E73,S73,Q73,O73,M73,K73,I73,U73,W73,Y73) -> 14.5
A74: =+A73+1 -> 62 | B74: ស៊ុត លី | C74: SOTLY | F74: =ROUND(VLOOKUP(B74,'BPHAN CHIA '!$B$222:$T$241,19,0),2) -> 7.2 | G74: =ROUND(F74*1.0956,2)+0.01 -> 7.9 | Z74: =SUM(G74,E74,S74,Q74,O74,M74,K74,I74,U74,W74,Y74) -> 7.9
A75: =+A74+1 -> 63 | B75: សន ម៉ាប់ | C75: SORN MAB | D75: =ROUND(VLOOKUP(B75,'BPHAN CHIA '!$B$64:$T$72,19,0)*1.1,2) -> 48.43 | E75: =ROUND(0.7199*D75,2) -> 34.86 | Z75: =SUM(G75,E75,S75,Q75,O75,M75,K75,I75,U75,W75,Y75) -> 34.86
A76: =+A75+1 -> 64 | B76: ម៉ន ពឿយ | C76: MORN POEUY | D76: =ROUND(VLOOKUP(B76,'BPHAN CHIA '!$B$64:$T$72,19,0),2) -> 44.03 | E76: =ROUND(0.7199*D76,2) -> 31.7 | Z76: =SUM(G76,E76,S76,Q76,O76,M76,K76,I76,U76,W76,Y76) -> 31.7
A77: =+A76+1 -> 65 | B77: ថន ចារី | C77: THON CHAREY | D77: =ROUND(VLOOKUP(B77,'BPHAN CHIA '!$B$64:$T$72,19,0),2) -> 44.03 | E77: =ROUND(0.7199*D77,2) -> 31.7 | Z77: =SUM(G77,E77,S77,Q77,O77,M77,K77,I77,U77,W77,Y77) -> 31.7
A78: =+A77+1 -> 66 | B78: គ្រឿន រិត | C78: KROEUN RITH | D78: =ROUND(VLOOKUP(B78,'BPHAN CHIA '!$B$64:$T$72,19,0),2)-0.01 -> 32.2 | E78: =ROUND(0.7199*D78,2)+0.01 -> 23.19 | Z78: =SUM(G78,E78,S78,Q78,O78,M78,K78,I78,U78,W78,Y78) -> 23.19
A79: =+A78+1 -> 67 | B79: រឿន រឿង | C79: ROEUN ROEUNG | D79: =ROUND(VLOOKUP(B79,'BPHAN CHIA '!$B$64:$T$72,19,0),2) -> 44.03 | E79: =ROUND(0.7199*D79,2) -> 31.7 | Z79: =SUM(G79,E79,S79,Q79,O79,M79,K79,I79,U79,W79,Y79) -> 31.7
A80: =+A79+1 -> 68 | B80: អ៊ឹម ថាច | C80: OEM THACH | D80: =ROUND(VLOOKUP(B80,'BPHAN CHIA '!$B$64:$T$72,19,0),2) -> 44.03 | E80: =ROUND(0.7199*D80,2) -> 31.7 | Z80: =SUM(G80,E80,S80,Q80,O80,M80,K80,I80,U80,W80,Y80) -> 31.7
A81: =+A80+1 -> 69 | B81: សន ចាន់រី | C81: SORN CHANRY | D81: =ROUND(VLOOKUP(B81,'BPHAN CHIA '!$B$64:$T$72,19,0),2)-0.01 -> 39.98 | E81: =ROUND(0.7199*D81,2)+0.01 -> 28.79 | Z81: =SUM(G81,E81,S81,Q81,O81,M81,K81,I81,U81,W81,Y81) -> 28.79
A82: =+A81+1 -> 70 | B82: សន ហ៊ុច | C82: SORN HUCH | D82: =ROUND(VLOOKUP(B82,'BPHAN CHIA '!$B$64:$T$72,19,0),2) -> 44.03 | E82: =ROUND(0.7199*D82,2) -> 31.7 | Z82: =SUM(G82,E82,S82,Q82,O82,M82,K82,I82,U82,W82,Y82) -> 31.7
A83: =+A82+1 -> 71 | B83: សន ឆៃលី | C83: SORN CHHAILY | D83: =ROUND(VLOOKUP(B83,'BPHAN CHIA '!$B$64:$T$72,19,0),2) -> 44.03 | E83: =ROUND(0.7199*D83,2) -> 31.7 | Z83: =SUM(G83,E83,S83,Q83,O83,M83,K83,I83,U83,W83,Y83) -> 31.7
B84: សរុប (Tổng cộng) | D84: =SUM(D13:D83) -> 1007.12 | E84: =SUM(E13:E83) -> 725.03 | F84: =SUM(F13:F83) -> 437.93 | G84: =SUM(G13:G83) -> 479.8 | H84: =SUM(H13:H83) -> 10.5 | I84: =SUM(I13:I83) -> 13.11 | J84: =SUM(J13:J83) -> 26 | K84: =SUM(K13:K83) -> 27.04 | ... Z84: =SUM(Z13:Z83) -> 1432.86 | AD84: =#REF!+#REF!+#REF!+I84+K84+M84+O84+Q84+#REF!+S84 -> #REF!
A86: រោងចក្រកែច្នៃ/ XƯỞNG CHẾ BIẾN | R86: អ្នករៀបចំ / Lập biểu
R89: Bùi Ngọc Triệu

Sheet TTL dot​2 (31947)
A1: ក្រុមហ៊ុន កៅស៊ូ មេគង្គ ខូ អិលធីឌី | P1: ព្រះរាជាណាចក្រ កម្ពុជា
A2: CÔNG TY TNHH CAO SU MEKONG | P2: VƯƠNG QUỐC CAMPUCHIA
A3: រោងចក្រកែច្នៃ | P3: ជាតិ សាសនា ព្រះមហាក្សត្រ
A4: XƯỞNG CHẾ BIẾN | P4: Dân tộc - Tôn giáo - Quốc vương
A5: តារាងទូទាត់បៀវត្សកម្មកររោងចក្រកែច្នៃជ័រកៅស៊ូ ខែ ០១ ឆ្នាំ ២០២៦
A6: ចាប់ពីថ្ងៃ ០១-១៥ ខែ ០១ ឆ្នាំ ២០២៦ (វគ្គទី ១)
A7: BẢNG THANH TOÁN LƯƠNG CÔNG NHÂN XƯỞNG CHẾ BIẾN THÁNG 01 NĂM 2026​​ (ĐỢT 1)
A8: TỪ NGÀY 01-15 THÁNG​ 01 NĂM 2026
R9: ឯកតា/ | S9: ĐVT: Riel
A10: ល.រ STT | B10: ត្រកូល និង ឈ្មោះ / Họ và tên | D10: លេខអត្តសញ្ញាណ​បណ្ណ Số CMND | E10: បទដ្ឋាន Định mức 31.947 Riel/ công | F10: បៀវត្សថ្ងៃធម្មតា វគ្គទី១ Lương ngày | H10: បៀវត្សថ្ងៃធម្មតា វគ្គទី​​​២ Lương ngày | J10: បៀវត្សដាច់ឆ្នាំ (Lương thâm niên) | K10: សរុប Tổng lương | L10: បំណុល/ Công nợ | Q10: សរុបបំណុល Tổng nợ | R10: ត្រូវទទួល Thực nhận | S10: ហត្ថលេខាទទួល KÝ NHẬN | U10: Tạm ứng lương | V10: Thực lãnh
B11: អក្សរខ្មែរ (Khmer) | C11: អក្សរ ឡាតាំង (La tinh) | F11: កម្លាំង Công | G11: ជាប្រាក់ Thành Tiền | H11: កម្លាំង Công | I11: ជាប្រាក់ Thành Tiền | L11: បុរេប្រទាន បៀវត្ស T/ứ lương | M11: ភាគទានប្រាក់សោធនវគ្គទី១​​​/ BHXH đợt 1 | N11: ភាគទានប្រាក់សោធន​​​/ BHXH | O11: ភាគទានប្រាក់សោធនវគ្គទី២​​​/ BHXH đợt 2 | P11: ពន្ធលើប្រាក់បៀវត្ស/ TNCN | W11: Gia cảnh
A12: A | B12: B | C12: C | D12: D | E12: 1 | F12: 2 | G12: 3 | H12: 4 | I12: 5 | J12: 6 | K12: 6 | L12: 7 | M12: 8 | N12: 9 | O12: 10 | P12: 11 | Q12: 12 | R12: 13 | S12: 14
A13: 1 | B13: រិន ច្រិប | C13: RIN CHRIB | D13: 150952531 | E13: 31947 | F13: =VLOOKUP(B13,'KLCN t1 dot 1'!$B$13:$Z$83,25,0) -> 13.11 | G13: =ROUND(F13*E13,0) -> 418825 | K13: =I13+J13+G13 -> 418825 | M13: =IF(G13<=400000,400000*2%,IF(G13<=1200000,ROUND(G13*2%,0),ROUND(1200000*2%,0))) -> 8377 | P13: =ROUND(IF((K13-J13-N13)<=1500000,0,IF(AND(((K13-J13-N13))>1500000,((K13-J13-N13))<=2000000),((K13-J13-N13))*5%-75000,IF(AND(((K13-J13-N13))>2000000,((K13-J13-N13))<=8500000),((K13-J13-N13))*10%-175000))),0) -> 0 | Q13: =L13+M13+O13+P13 -> 8377 | R13: =ROUND(K13-Q13,0) -> 410448 | U13: 50000 | V13: =+R13-U13 -> 360448 | W13: =#REF! -> #REF! | X13: 200000
A14: =+A13+1 -> 2 | B14: កែវ សម្បត្តិ | C14: KEO SAMBATH | D14: 110471355 | E14: 31947 | F14: =VLOOKUP(B14,'KLCN t1 dot 1'!$B$13:$Z$83,25,0) -> 20.19 | G14: =ROUND(F14*E14,0) -> 645010 | K14: =I14+J14+G14 -> 645010 | M14: =IF(G14<=400000,400000*2%,IF(G14<=1200000,ROUND(G14*2%,0),ROUND(1200000*2%,0))) -> 12900 | P14: =ROUND(IF((K14-J14-N14)<=1500000,0,IF(AND(((K14-J14-N14))>1500000,((K14-J14-N14))<=2000000),((K14-J14-N14))*5%-75000,IF(AND(((K14-J14-N14))>2000000,((K14-J14-N14))<=8500000),((K14-J14-N14))*10%-175000))),0) -> 0 | Q14: =L14+M14+O14+P14 -> 12900 | R14: =ROUND(K14-Q14,0) -> 632110 | U14: 200000 | V14: =+R14-U14 -> 432110 | W14: =+#REF! -> #REF! | X14: 300000
A15: =+A14+1 -> 3 | B15: ផន ឃី | C15: PHORN KHY | D15: 150981478 | E15: 31947 | F15: =VLOOKUP(B15,'KLCN t1 dot 1'!$B$13:$Z$83,25,0) -> 12.22 | G15: =ROUND(F15*E15,0) -> 390392 | K15: =I15+J15+G15 -> 390392 | M15: =IF(G15<=400000,400000*2%,IF(G15<=1200000,ROUND(G15*2%,0),ROUND(1200000*2%,0))) -> 8000 | P15: =ROUND(IF((K15-J15-N15)<=1500000,0,IF(AND(((K15-J15-N15))>1500000,((K15-J15-N15))<=2000000),((K15-J15-N15))*5%-75000,IF(AND(((K15-J15-N15))>2000000,((K15-J15-N15))<=8500000),((K15-J15-N15))*10%-175000))),0) -> 0 | Q15: =L15+M15+O15+P15 -> 8000 | R15: =ROUND(K15-Q15,0) -> 382392 | V15: =R15-U15 -> 382392 | W15: =+#REF! -> #REF! | X15: 200000
A16: =+A15+1 -> 4 | B16: ថន ម៉ន | C16: THORN MORN | D16: 150644309 | E16: 31947 | F16: =VLOOKUP(B16,'KLCN t1 dot 1'!$B$13:$Z$83,25,0) -> 25.66 | G16: =ROUND(F16*E16,0) -> 819760 | K16: =I16+J16+G16 -> 819760 | M16: =IF(G16<=400000,400000*2%,IF(G16<=1200000,ROUND(G16*2%,0),ROUND(1200000*2%,0))) -> 16395 | P16: =ROUND(IF((K16-J16-N16)<=1500000,0,IF(AND(((K16-J16-N16))>1500000,((K16-J16-N16))<=2000000),((K16-J16-N16))*5%-75000,IF(AND(((K16-J16-N16))>2000000,((K16-J16-N16))<=8500000),((K16-J16-N16))*10%-175000))),0) -> 0 | Q16: =L16+M16+O16+P16 -> 16395 | R16: =ROUND(K16-Q16,0) -> 803365 | U16: 100000 | V16: =R16-U16 -> 703365 | W16: =+#REF! -> #REF! | X16: 200000
A17: =+A16+1 -> 5 | B17: សៃ រិទ្ធី | C17: SAI RITHY | D17: 220195668 | E17: 31947 | F17: =VLOOKUP(B17,'KLCN t1 dot 1'!$B$13:$Z$83,25,0) -> 16.26 | G17: =ROUND(F17*E17,0) -> 519458 | K17: =I17+J17+G17 -> 519458 | M17: =IF(G17<=400000,400000*2%,IF(G17<=1200000,ROUND(G17*2%,0),ROUND(1200000*2%,0))) -> 10389 | P17: =ROUND(IF((K17-J17-N17)<=1500000,0,IF(AND(((K17-J17-N17))>1500000,((K17-J17-N17))<=2000000),((K17-J17-N17))*5%-75000,IF(AND(((K17-J17-N17))>2000000,((K17-J17-N17))<=8500000),((K17-J17-N17))*10%-175000))),0) -> 0 | Q17: =L17+M17+O17+P17 -> 10389 | R17: =ROUND(K17-Q17,0) -> 509069 | U17: 200000 | V17: =R17-U17 -> 309069 | W17: =+#REF! -> #REF! | X17: 300000
A18: =+A17+1 -> 6 | B18: សាត រិទ្ធិសាក់ | C18: SAT RITHYSAK | D18: 220208913 | E18: 31947 | F18: =VLOOKUP(B18,'KLCN t1 dot 1'!$B$13:$Z$83,25,0) -> 25.56 | G18: =ROUND(F18*E18,0) -> 816565 | K18: =I18+J18+G18 -> 816565 | M18: =IF(G18<=400000,400000*2%,IF(G18<=1200000,ROUND(G18*2%,0),ROUND(1200000*2%,0))) -> 16331 | P18: =ROUND(IF((K18-J18-N18)<=1500000,0,IF(AND(((K18-J18-N18))>1500000,((K18-J18-N18))<=2000000),((K18-J18-N18))*5%-75000,IF(AND(((K18-J18-N18))>2000000,((K18-J18-N18))<=8500000),((K18-J18-N18))*10%-175000))),0) -> 0 | Q18: =L18+M18+O18+P18 -> 16331 | R18: =ROUND(K18-Q18,0) -> 800234 | V18: =SUM(V32:V66) -> 2266470 | X18: =SUM(X32:X66) -> 600000
A19: =+A18+1 -> 7 | B19: ហឿង សុជឿន | C19: HOEUNG SOCHOEUN | D19: 150911076 | E19: 31947 | F19: =VLOOKUP(B19,'KLCN t1 dot 1'!$B$13:$Z$83,25,0) -> 22.13 | G19: =ROUND(F19*E19,0) -> 706987 | K19: =I19+J19+G19 -> 706987 | M19: =IF(G19<=400000,400000*2%,IF(G19<=1200000,ROUND(G19*2%,0),ROUND(1200000*2%,0))) -> 14140 | P19: =ROUND(IF((K19-J19-N19)<=1500000,0,IF(AND(((K19-J19-N19))>1500000,((K19-J19-N19))<=2000000),((K19-J19-N19))*5%-75000,IF(AND(((K19-J19-N19))>2000000,((K19-J19-N19))<=8500000),((K19-J19-N19))*10%-175000))),0) -> 0 | Q19: =L19+M19+O19+P19 -> 14140 | R19: =ROUND(K19-Q19,0) -> 692847
A20: =+A19+1 -> 8 | B20: ថន សំណាង | C20: THAN SAMNANG | D20: 220102094 | E20: 31947 | F20: =VLOOKUP(B20,'KLCN t1 dot 1'!$B$13:$Z$83,25,0) -> 20.37 | G20: =ROUND(F20*E20,0) -> 650760 | K20: =I20+J20+G20 -> 650760 | M20: =IF(G20<=400000,400000*2%,IF(G20<=1200000,ROUND(G20*2%,0),ROUND(1200000*2%,0))) -> 13015 | P20: =ROUND(IF((K20-J20-N20)<=1500000,0,IF(AND(((K20-J20-N20))>1500000,((K20-J20-N20))<=2000000),((K20-J20-N20))*5%-75000,IF(AND(((K20-J20-N20))>2000000,((K20-J20-N20))<=8500000),((K20-J20-N20))*10%-175000))),0) -> 0 | Q20: =L20+M20+O20+P20 -> 13015 | R20: =ROUND(K20-Q20,0) -> 637745
A21: =+A20+1 -> 9 | B21: ថូរ សុភ័ណ្ឌ | C21: THO SOPHORN | D21: 210050404 | E21: 31947 | F21: =VLOOKUP(B21,'KLCN t1 dot 1'!$B$13:$Z$83,25,0) -> 13.09 | G21: =ROUND(F21*E21,0) -> 418186 | K21: =I21+J21+G21 -> 418186 | M21: =IF(G21<=400000,400000*2%,IF(G21<=1200000,ROUND(G21*2%,0),ROUND(1200000*2%,0))) -> 8364 | P21: =ROUND(IF((K21-J21-N21)<=1500000,0,IF(AND(((K21-J21-N21))>1500000,((K21-J21-N21))<=2000000),((K21-J21-N21))*5%-75000,IF(AND(((K21-J21-N21))>2000000,((K21-J21-N21))<=8500000),((K21-J21-N21))*10%-175000))),0) -> 0 | Q21: =L21+M21+O21+P21 -> 8364 | R21: =ROUND(K21-Q21,0) -> 409822
A22: =+A21+1 -> 10 | B22: ធៀម សំនាង | C22: THEAM SAMNEANG | D22: 151006137 | E22: 31947 | F22: =VLOOKUP(B22,'KLCN t1 dot 1'!$B$13:$Z$83,25,0) -> 10.91 | G22: =ROUND(F22*E22,0) -> 348542 | K22: =I22+J22+G22 -> 348542 | M22: =IF(G22<=400000,400000*2%,IF(G22<=1200000,ROUND(G22*2%,0),ROUND(1200000*2%,0))) -> 8000 | P22: =ROUND(IF((K22-J22-N22)<=1500000,0,IF(AND(((K22-J22-N22))>1500000,((K22-J22-N22))<=2000000),((K22-J22-N22))*5%-75000,IF(AND(((K22-J22-N22))>2000000,((K22-J22-N22))<=8500000),((K22-J22-N22))*10%-175000))),0) -> 0 | Q22: =L22+M22+O22+P22 -> 8000 | R22: =ROUND(K22-Q22,0) -> 340542
A23: =+A22+1 -> 11 | B23: អែល សាន់ | C23: EL SANN | D23: 040322767 | E23: 31947 | F23: =VLOOKUP(B23,'KLCN t1 dot 1'!$B$13:$Z$83,25,0) -> 22.12 | G23: =ROUND(F23*E23,0) -> 706668 | K23: =I23+J23+G23 -> 706668 | M23: =IF(G23<=400000,400000*2%,IF(G23<=1200000,ROUND(G23*2%,0),ROUND(1200000*2%,0))) -> 14133 | P23: =ROUND(IF((K23-J23-N23)<=1500000,0,IF(AND(((K23-J23-N23))>1500000,((K23-J23-N23))<=2000000),((K23-J23-N23))*5%-75000,IF(AND(((K23-J23-N23))>2000000,((K23-J23-N23))<=8500000),((K23-J23-N23))*10%-175000))),0) -> 0 | Q23: =L23+M23+O23+P23 -> 14133 | R23: =ROUND(K23-Q23,0) -> 692535
A24: =+A23+1 -> 12 | B24: អ៊ាវ ខាត់ | C24: EAV KHATH | D24: 150469697 | E24: 31947 | F24: =VLOOKUP(B24,'KLCN t1 dot 1'!$B$13:$Z$83,25,0) -> 15.7 | G24: =ROUND(F24*E24,0) -> 501568 | K24: =I24+J24+G24 -> 501568 | M24: =IF(G24<=400000,400000*2%,IF(G24<=1200000,ROUND(G24*2%,0),ROUND(1200000*2%,0))) -> 10031 | P24: =ROUND(IF((K24-J24-N24)<=1500000,0,IF(AND(((K24-J24-N24))>1500000,((K24-J24-N24))<=2000000),((K24-J24-N24))*5%-75000,IF(AND(((K24-J24-N24))>2000000,((K24-J24-N24))<=8500000),((K24-J24-N24))*10%-175000))),0) -> 0 | Q24: =L24+M24+O24+P24 -> 10031 | R24: =ROUND(K24-Q24,0) -> 491537
A25: =+A24+1 -> 13 | B25: ភី ផូ | C25: PHI PHO | D25: 150927708 | E25: 31947 | F25: =VLOOKUP(B25,'KLCN t1 dot 1'!$B$13:$Z$83,25,0) -> 13.09 | G25: =ROUND(F25*E25,0) -> 418186 | K25: =I25+J25+G25 -> 418186 | M25: =IF(G25<=400000,400000*2%,IF(G25<=1200000,ROUND(G25*2%,0),ROUND(1200000*2%,0))) -> 8364 | P25: =ROUND(IF((K25-J25-N25)<=1500000,0,IF(AND(((K25-J25-N25))>1500000,((K25-J25-N25))<=2000000),((K25-J25-N25))*5%-75000,IF(AND(((K25-J25-N25))>2000000,((K25-J25-N25))<=8500000),((K25-J25-N25))*10%-175000))),0) -> 0 | Q25: =L25+M25+O25+P25 -> 8364 | R25: =ROUND(K25-Q25,0) -> 409822
A26: =+A25+1 -> 14 | B26: វុន វណ្ណនី | C26: VON VANNY | D26: 151034061 | E26: 31947 | F26: =VLOOKUP(B26,'KLCN t1 dot 1'!$B$13:$Z$83,25,0) -> 9.85 | G26: =ROUND(F26*E26,0) -> 314678 | K26: =I26+J26+G26 -> 314678 | M26: =IF(G26<=400000,400000*2%,IF(G26<=1200000,ROUND(G26*2%,0),ROUND(1200000*2%,0))) -> 8000 | P26: =ROUND(IF((K26-J26-N26)<=1500000,0,IF(AND(((K26-J26-N26))>1500000,((K26-J26-N26))<=2000000),((K26-J26-N26))*5%-75000,IF(AND(((K26-J26-N26))>2000000,((K26-J26-N26))<=8500000),((K26-J26-N26))*10%-175000))),0) -> 0 | Q26: =L26+M26+O26+P26 -> 8000 | R26: =ROUND(K26-Q26,0) -> 306678
A27: =+A26+1 -> 15 | B27: លឿន ឆាលី | C27: LOEUN CHALY | D27: 150911069 | E27: 31947 | F27: =VLOOKUP(B27,'KLCN t1 dot 1'!$B$13:$Z$83,25,0) -> 11.34 | G27: =ROUND(F27*E27,0) -> 362279 | K27: =I27+J27+G27 -> 362279 | M27: =IF(G27<=400000,400000*2%,IF(G27<=1200000,ROUND(G27*2%,0),ROUND(1200000*2%,0))) -> 8000 | P27: =ROUND(IF((K27-J27-N27)<=1500000,0,IF(AND(((K27-J27-N27))>1500000,((K27-J27-N27))<=2000000),((K27-J27-N27))*5%-75000,IF(AND(((K27-J27-N27))>2000000,((K27-J27-N27))<=8500000),((K27-J27-N27))*10%-175000))),0) -> 0 | Q27: =L27+M27+O27+P27 -> 8000 | R27: =ROUND(K27-Q27,0) -> 354279
A28: =+A27+1 -> 16 | B28: ហឿន សាវុធ | C28: HOEURN SAVUTH | D28: 020520213 | E28: 31947 | F28: =VLOOKUP(B28,'KLCN t1 dot 1'!$B$13:$Z$83,25,0) -> 20.62 | G28: =ROUND(F28*E28,0) -> 658747 | K28: =I28+J28+G28 -> 658747 | M28: =IF(G28<=400000,400000*2%,IF(G28<=1200000,ROUND(G28*2%,0),ROUND(1200000*2%,0))) -> 13175 | P28: =ROUND(IF((K28-J28-N28)<=1500000,0,IF(AND(((K28-J28-N28))>1500000,((K28-J28-N28))<=2000000),((K28-J28-N28))*5%-75000,IF(AND(((K28-J28-N28))>2000000,((K28-J28-N28))<=8500000),((K28-J28-N28))*10%-175000))),0) -> 0 | Q28: =L28+M28+O28+P28 -> 13175 | R28: =ROUND(K28-Q28,0) -> 645572
A29: =+A28+1 -> 17 | B29: រឿន សារី | C29: ROEUN SARY | D29: 220175393 | E29: 31947 | F29: =VLOOKUP(B29,'KLCN t1 dot 1'!$B$13:$Z$83,25,0) -> 7.29 | G29: =ROUND(F29*E29,0) -> 232894 | K29: =I29+J29+G29 -> 232894 | M29: =IF(G29<=400000,400000*2%,IF(G29<=1200000,ROUND(G29*2%,0),ROUND(1200000*2%,0))) -> 8000 | P29: =ROUND(IF((K29-J29-N29)<=1500000,0,IF(AND(((K29-J29-N29))>1500000,((K29-J29-N29))<=2000000),((K29-J29-N29))*5%-75000,IF(AND(((K29-J29-N29))>2000000,((K29-J29-N29))<=8500000),((K29-J29-N29))*10%-175000))),0) -> 0 | Q29: =L29+M29+O29+P29 -> 8000 | R29: =ROUND(K29-Q29,0) -> 224894
A30: =+A29+1 -> 18 | B30: ហ៊ុច សំណាង | C30: HOCH SOMNANG | D30: 150936257 | E30: 31947 | F30: =VLOOKUP(B30,'KLCN t1 dot 1'!$B$13:$Z$83,25,0) -> 13.09 | G30: =ROUND(F30*E30,0) -> 418186 | K30: =I30+J30+G30 -> 418186 | M30: =IF(G30<=400000,400000*2%,IF(G30<=1200000,ROUND(G30*2%,0),ROUND(1200000*2%,0))) -> 8364 | P30: =ROUND(IF((K30-J30-N30)<=1500000,0,IF(AND(((K30-J30-N30))>1500000,((K30-J30-N30))<=2000000),((K30-J30-N30))*5%-75000,IF(AND(((K30-J30-N30))>2000000,((K30-J30-N30))<=8500000),((K30-J30-N30))*10%-175000))),0) -> 0 | Q30: =L30+M30+O30+P30 -> 8364 | R30: =ROUND(K30-Q30,0) -> 409822
A31: =+A30+1 -> 19 | B31: បាន ចន្ថា | C31: BAN CHANTHA | D31: 220137301 | E31: 31947 | F31: =VLOOKUP(B31,'KLCN t1 dot 1'!$B$13:$Z$83,25,0) -> 23.76 | G31: =ROUND(F31*E31,0) -> 759061 | K31: =I31+J31+G31 -> 759061 | M31: =IF(G31<=400000,400000*2%,IF(G31<=1200000,ROUND(G31*2%,0),ROUND(1200000*2%,0))) -> 15181 | P31: =ROUND(IF((K31-J31-N31)<=1500000,0,IF(AND(((K31-J31-N31))>1500000,((K31-J31-N31))<=2000000),((K31-J31-N31))*5%-75000,IF(AND(((K31-J31-N31))>2000000,((K31-J31-N31))<=8500000),((K31-J31-N31))*10%-175000))),0) -> 0 | Q31: =L31+M31+O31+P31 -> 15181 | R31: =ROUND(K31-Q31,0) -> 743880
A32: =+A31+1 -> 20 | B32: សាន់ យូស័រ | C32: SAN YUSOR | D32: 150940509 | E32: 31947 | F32: =VLOOKUP(B32,'KLCN t1 dot 1'!$B$13:$Z$83,25,0) -> 18.22 | G32: =ROUND(F32*E32,0) -> 582074 | K32: =I32+J32+G32 -> 582074 | M32: =IF(G32<=400000,400000*2%,IF(G32<=1200000,ROUND(G32*2%,0),ROUND(1200000*2%,0))) -> 11641 | P32: =ROUND(IF((K32-J32-N32)<=1500000,0,IF(AND(((K32-J32-N32))>1500000,((K32-J32-N32))<=2000000),((K32-J32-N32))*5%-75000,IF(AND(((K32-J32-N32))>2000000,((K32-J32-N32))<=8500000),((K32-J32-N32))*10%-175000))),0) -> 0 | Q32: =L32+M32+O32+P32 -> 11641 | R32: =ROUND(K32-Q32,0) -> 570433 | U32: 200000 | V32: =R32-U32 -> 370433 | W32: =#REF! -> #REF! | X32: 250000
A33: =+A32+1 -> 21 | B33: វុន វណ្ណា | C33: VUN VANNA | D33: 150657948 | E33: 31947 | F33: =VLOOKUP(B33,'KLCN t1 dot 1'!$B$13:$Z$83,25,0) -> 15.47 | G33: =ROUND(F33*E33,0) -> 494220 | K33: =I33+J33+G33 -> 494220 | M33: =IF(G33<=400000,400000*2%,IF(G33<=1200000,ROUND(G33*2%,0),ROUND(1200000*2%,0))) -> 9884 | P33: =ROUND(IF((K33-J33-N33)<=1500000,0,IF(AND(((K33-J33-N33))>1500000,((K33-J33-N33))<=2000000),((K33-J33-N33))*5%-75000,IF(AND(((K33-J33-N33))>2000000,((K33-J33-N33))<=8500000),((K33-J33-N33))*10%-175000))),0) -> 0 | Q33: =L33+M33+O33+P33 -> 9884 | R33: =ROUND(K33-Q33,0) -> 484336
A34: =+A33+1 -> 22 | B34: ជឿន នីន | C34: CHOEUN NIN | D34: 150952503 | E34: 31947 | F34: =VLOOKUP(B34,'KLCN t1 dot 1'!$B$13:$Z$83,25,0) -> 13.09 | G34: =ROUND(F34*E34,0) -> 418186 | K34: =I34+J34+G34 -> 418186 | M34: =IF(G34<=400000,400000*2%,IF(G34<=1200000,ROUND(G34*2%,0),ROUND(1200000*2%,0))) -> 8364 | P34: =ROUND(IF((K34-J34-N34)<=1500000,0,IF(AND(((K34-J34-N34))>1500000,((K34-J34-N34))<=2000000),((K34-J34-N34))*5%-75000,IF(AND(((K34-J34-N34))>2000000,((K34-J34-N34))<=8500000),((K34-J34-N34))*10%-175000))),0) -> 0 | Q34: =L34+M34+O34+P34 -> 8364 | R34: =ROUND(K34-Q34,0) -> 409822
A35: =+A34+1 -> 23 | B35: ហឿង ហេង | C35: HOEUNG HENG | D35: 220248893 | E35: 31947 | F35: =VLOOKUP(B35,'KLCN t1 dot 1'!$B$13:$Z$83,25,0) -> 13.09 | G35: =ROUND(F35*E35,0) -> 418186 | K35: =I35+J35+G35 -> 418186 | M35: =IF(G35<=400000,400000*2%,IF(G35<=1200000,ROUND(G35*2%,0),ROUND(1200000*2%,0))) -> 8364 | P35: =ROUND(IF((K35-J35-N35)<=1500000,0,IF(AND(((K35-J35-N35))>1500000,((K35-J35-N35))<=2000000),((K35-J35-N35))*5%-75000,IF(AND(((K35-J35-N35))>2000000,((K35-J35-N35))<=8500000),((K35-J35-N35))*10%-175000))),0) -> 0 | Q35: =L35+M35+O35+P35 -> 8364 | R35: =ROUND(K35-Q35,0) -> 409822
A36: =+A35+1 -> 24 | B36: គង់ ចាន់ទ្រឿន | C36: KONG CHANTROEUN | D36: 220105697 | E36: 31947 | F36: =VLOOKUP(B36,'KLCN t1 dot 1'!$B$13:$Z$83,25,0) -> 13.09 | G36: =ROUND(F36*E36,0) -> 418186 | K36: =I36+J36+G36 -> 418186 | M36: =IF(G36<=400000,400000*2%,IF(G36<=1200000,ROUND(G36*2%,0),ROUND(1200000*2%,0))) -> 8364 | P36: =ROUND(IF((K36-J36-N36)<=1500000,0,IF(AND(((K36-J36-N36))>1500000,((K36-J36-N36))<=2000000),((K36-J36-N36))*5%-75000,IF(AND(((K36-J36-N36))>2000000,((K36-J36-N36))<=8500000),((K36-J36-N36))*10%-175000))),0) -> 0 | Q36: =L36+M36+O36+P36 -> 8364 | R36: =ROUND(K36-Q36,0) -> 409822
A37: =+A36+1 -> 25 | B37: ទៀង ឡៃស៊ីម | C37: TIENG LAISIM | D37: 220216744 | E37: 31947 | F37: =VLOOKUP(B37,'KLCN t1 dot 1'!$B$13:$Z$83,25,0) -> 13.09 | G37: =ROUND(F37*E37,0) -> 418186 | K37: =I37+J37+G37 -> 418186 | M37: =IF(G37<=400000,400000*2%,IF(G37<=1200000,ROUND(G37*2%,0),ROUND(1200000*2%,0))) -> 8364 | P37: =ROUND(IF((K37-J37-N37)<=1500000,0,IF(AND(((K37-J37-N37))>1500000,((K37-J37-N37))<=2000000),((K37-J37-N37))*5%-75000,IF(AND(((K37-J37-N37))>2000000,((K37-J37-N37))<=8500000),((K37-J37-N37))*10%-175000))),0) -> 0 | Q37: =L37+M37+O37+P37 -> 8364 | R37: =ROUND(K37-Q37,0) -> 409822
A38: =+A37+1 -> 26 | B38: ម៉ុន ម៉ោល | C38: MON MORL | D38: 220211460 | E38: 31947 | F38: =VLOOKUP(B38,'KLCN t1 dot 1'!$B$13:$Z$83,25,0) -> 18.51 | G38: =ROUND(F38*E38,0) -> 591339 | K38: =I38+J38+G38 -> 591339 | M38: =IF(G38<=400000,400000*2%,IF(G38<=1200000,ROUND(G38*2%,0),ROUND(1200000*2%,0))) -> 11827 | P38: =ROUND(IF((K38-J38-N38)<=1500000,0,IF(AND(((K38-J38-N38))>1500000,((K38-J38-N38))<=2000000),((K38-J38-N38))*5%-75000,IF(AND(((K38-J38-N38))>2000000,((K38-J38-N38))<=8500000),((K38-J38-N38))*10%-175000))),0) -> 0 | Q38: =L38+M38+O38+P38 -> 11827 | R38: =ROUND(K38-Q38,0) -> 579512
A39: =+A38+1 -> 27 | B39: កែវ ប្រុសសុទ្ធ | C39: KEO BROSSOTH | D39: 151056059 | E39: 31947 | F39: =VLOOKUP(B39,'KLCN t1 dot 1'!$B$13:$Z$83,25,0) -> 10.52 | G39: =ROUND(F39*E39,0) -> 336082 | K39: =I39+J39+G39 -> 336082 | M39: =IF(G39<=400000,400000*2%,IF(G39<=1200000,ROUND(G39*2%,0),ROUND(1200000*2%,0))) -> 8000 | P39: =ROUND(IF((K39-J39-N39)<=1500000,0,IF(AND(((K39-J39-N39))>1500000,((K39-J39-N39))<=2000000),((K39-J39-N39))*5%-75000,IF(AND(((K39-J39-N39))>2000000,((K39-J39-N39))<=8500000),((K39-J39-N39))*10%-175000))),0) -> 0 | Q39: =L39+M39+O39+P39 -> 8000 | R39: =ROUND(K39-Q39,0) -> 328082
A40: =+A39+1 -> 28 | B40: ម៉ុក សុធា | C40: MOK SOTHEA | D40: 150306182 (01) | E40: 31947 | F40: =VLOOKUP(B40,'KLCN t1 dot 1'!$B$13:$Z$83,25,0) -> 17.17 | G40: =ROUND(F40*E40,0) -> 548530 | K40: =I40+J40+G40 -> 548530 | M40: =IF(G40<=400000,400000*2%,IF(G40<=1200000,ROUND(G40*2%,0),ROUND(1200000*2%,0))) -> 10971 | P40: =ROUND(IF((K40-J40-N40)<=1500000,0,IF(AND(((K40-J40-N40))>1500000,((K40-J40-N40))<=2000000),((K40-J40-N40))*5%-75000,IF(AND(((K40-J40-N40))>2000000,((K40-J40-N40))<=8500000),((K40-J40-N40))*10%-175000))),0) -> 0 | Q40: =L40+M40+O40+P40 -> 10971 | R40: =ROUND(K40-Q40,0) -> 537559
A41: =+A40+1 -> 29 | B41: ជឿន ថា | C41: CHOEUN THA | D41: 150429482 (01) | E41: 31947 | F41: =VLOOKUP(B41,'KLCN t1 dot 1'!$B$13:$Z$83,25,0) -> 37.68 | G41: =ROUND(F41*E41,0) -> 1203763 | K41: =I41+J41+G41 -> 1203763 | M41: =IF(G41<=400000,400000*2%,IF(G41<=1200000,ROUND(G41*2%,0),ROUND(1200000*2%,0))) -> 24000 | P41: =ROUND(IF((K41-J41-N41)<=1500000,0,IF(AND(((K41-J41-N41))>1500000,((K41-J41-N41))<=2000000),((K41-J41-N41))*5%-75000,IF(AND(((K41-J41-N41))>2000000,((K41-J41-N41))<=8500000),((K41-J41-N41))*10%-175000))),0) -> 0 | Q41: =L41+M41+O41+P41 -> 24000 | R41: =ROUND(K41-Q41,0) -> 1179763
A42: =+A41+1 -> 30 | B42: ហ៊ុន ម៉ៅ | C42: HUN MAO | D42: 150839024 | E42: 31947 | F42: =VLOOKUP(B42,'KLCN t1 dot 1'!$B$13:$Z$83,25,0) -> 34.25 | G42: =ROUND(F42*E42,0) -> 1094185 | K42: =I42+J42+G42 -> 1094185 | M42: =IF(G42<=400000,400000*2%,IF(G42<=1200000,ROUND(G42*2%,0),ROUND(1200000*2%,0))) -> 21884 | P42: =ROUND(IF((K42-J42-N42)<=1500000,0,IF(AND(((K42-J42-N42))>1500000,((K42-J42-N42))<=2000000),((K42-J42-N42))*5%-75000,IF(AND(((K42-J42-N42))>2000000,((K42-J42-N42))<=8500000),((K42-J42-N42))*10%-175000))),0) -> 0 | Q42: =L42+M42+O42+P42 -> 21884 | R42: =ROUND(K42-Q42,0) -> 1072301
A43: =+A42+1 -> 31 | B43: ជឿន ថី | C43: CHOEUN THEY | D43: 150469703 (01) | E43: 31947 | F43: =VLOOKUP(B43,'KLCN t1 dot 1'!$B$13:$Z$83,25,0) -> 34.25 | G43: =ROUND(F43*E43,0) -> 1094185 | K43: =I43+J43+G43 -> 1094185 | M43: =IF(G43<=400000,400000*2%,IF(G43<=1200000,ROUND(G43*2%,0),ROUND(1200000*2%,0))) -> 21884 | P43: =ROUND(IF((K43-J43-N43)<=1500000,0,IF(AND(((K43-J43-N43))>1500000,((K43-J43-N43))<=2000000),((K43-J43-N43))*5%-75000,IF(AND(((K43-J43-N43))>2000000,((K43-J43-N43))<=8500000),((K43-J43-N43))*10%-175000))),0) -> 0 | Q43: =L43+M43+O43+P43 -> 21884 | R43: =ROUND(K43-Q43,0) -> 1072301
A44: =+A43+1 -> 32 | B44: ឆឹម ខុន | C44: CHHEOM KHON | D44: 150360208 (01) | E44: 31947 | F44: =VLOOKUP(B44,'KLCN t1 dot 1'!$B$13:$Z$83,25,0) -> 34.25 | G44: =ROUND(F44*E44,0) -> 1094185 | K44: =I44+J44+G44 -> 1094185 | M44: =IF(G44<=400000,400000*2%,IF(G44<=1200000,ROUND(G44*2%,0),ROUND(1200000*2%,0))) -> 21884 | P44: =ROUND(IF((K44-J44-N44)<=1500000,0,IF(AND(((K44-J44-N44))>1500000,((K44-J44-N44))<=2000000),((K44-J44-N44))*5%-75000,IF(AND(((K44-J44-N44))>2000000,((K44-J44-N44))<=8500000),((K44-J44-N44))*10%-175000))),0) -> 0 | Q44: =L44+M44+O44+P44 -> 21884 | R44: =ROUND(K44-Q44,0) -> 1072301
A45: =+A44+1 -> 33 | B45: ថន សុខធា | C45: THON SOKHTHEA | D45: 220137744 | E45: 31947 | F45: =VLOOKUP(B45,'KLCN t1 dot 1'!$B$13:$Z$83,25,0) -> 34.25 | G45: =ROUND(F45*E45,0) -> 1094185 | K45: =I45+J45+G45 -> 1094185 | M45: =IF(G45<=400000,400000*2%,IF(G45<=1200000,ROUND(G45*2%,0),ROUND(1200000*2%,0))) -> 21884 | P45: =ROUND(IF((K45-J45-N45)<=1500000,0,IF(AND(((K45-J45-N45))>1500000,((K45-J45-N45))<=2000000),((K45-J45-N45))*5%-75000,IF(AND(((K45-J45-N45))>2000000,((K45-J45-N45))<=8500000),((K45-J45-N45))*10%-175000))),0) -> 0 | Q45: =L45+M45+O45+P45 -> 21884 | R45: =ROUND(K45-Q45,0) -> 1072301
A46: =+A45+1 -> 34 | B46: នី គីន | C46: NY KIN | D46: 150627962 | E46: 31947 | F46: =VLOOKUP(B46,'KLCN t1 dot 1'!$B$13:$Z$83,25,0) -> 31.35 | G46: =ROUND(F46*E46,0) -> 1001538 | K46: =I46+J46+G46 -> 1001538 | M46: =IF(G46<=400000,400000*2%,IF(G46<=1200000,ROUND(G46*2%,0),ROUND(1200000*2%,0))) -> 20031 | P46: =ROUND(IF((K46-J46-N46)<=1500000,0,IF(AND(((K46-J46-N46))>1500000,((K46-J46-N46))<=2000000),((K46-J46-N46))*5%-75000,IF(AND(((K46-J46-N46))>2000000,((K46-J46-N46))<=8500000),((K46-J46-N46))*10%-175000))),0) -> 0 | Q46: =L46+M46+O46+P46 -> 20031 | R46: =ROUND(K46-Q46,0) -> 981507
A47: =+A46+1 -> 35 | B47: វុន ហួន | C47: VUN HOUN | D47: 150523228 | E47: 31947 | F47: =VLOOKUP(B47,'KLCN t1 dot 1'!$B$13:$Z$83,25,0) -> 34.25 | G47: =ROUND(F47*E47,0) -> 1094185 | K47: =I47+J47+G47 -> 1094185 | M47: =IF(G47<=400000,400000*2%,IF(G47<=1200000,ROUND(G47*2%,0),ROUND(1200000*2%,0))) -> 21884 | P47: =ROUND(IF((K47-J47-N47)<=1500000,0,IF(AND(((K47-J47-N47))>1500000,((K47-J47-N47))<=2000000),((K47-J47-N47))*5%-75000,IF(AND(((K47-J47-N47))>2000000,((K47-J47-N47))<=8500000),((K47-J47-N47))*10%-175000))),0) -> 0 | Q47: =L47+M47+O47+P47 -> 21884 | R47: =ROUND(K47-Q47,0) -> 1072301
A48: =+A47+1 -> 36 | B48: លី​ ប៊ុនយ៉េន | C48: LY BUNYEN | D48: 151013383 | E48: 31947 | F48: =VLOOKUP(B48,'KLCN t1 dot 1'!$B$13:$Z$83,25,0) -> 34.25 | G48: =ROUND(F48*E48,0) -> 1094185 | K48: =I48+J48+G48 -> 1094185 | M48: =IF(G48<=400000,400000*2%,IF(G48<=1200000,ROUND(G48*2%,0),ROUND(1200000*2%,0))) -> 21884 | P48: =ROUND(IF((K48-J48-N48)<=1500000,0,IF(AND(((K48-J48-N48))>1500000,((K48-J48-N48))<=2000000),((K48-J48-N48))*5%-75000,IF(AND(((K48-J48-N48))>2000000,((K48-J48-N48))<=8500000),((K48-J48-N48))*10%-175000))),0) -> 0 | Q48: =L48+M48+O48+P48 -> 21884 | R48: =ROUND(K48-Q48,0) -> 1072301
A49: =+A48+1 -> 37 | B49: ធឿន​ វុឌ្ឍី | C49: THOEUN VUTHY | D49: 150537069 | E49: 31947 | F49: =VLOOKUP(B49,'KLCN t1 dot 1'!$B$13:$Z$83,25,0) -> 34.25 | G49: =ROUND(F49*E49,0) -> 1094185 | K49: =I49+J49+G49 -> 1094185 | M49: =IF(G49<=400000,400000*2%,IF(G49<=1200000,ROUND(G49*2%,0),ROUND(1200000*2%,0))) -> 21884 | P49: =ROUND(IF((K49-J49-N49)<=1500000,0,IF(AND(((K49-J49-N49))>1500000,((K49-J49-N49))<=2000000),((K49-J49-N49))*5%-75000,IF(AND(((K49-J49-N49))>2000000,((K49-J49-N49))<=8500000),((K49-J49-N49))*10%-175000))),0) -> 0 | Q49: =L49+M49+O49+P49 -> 21884 | R49: =ROUND(K49-Q49,0) -> 1072301
A50: =+A49+1 -> 38 | B50: ឌូ ឌីន | C50: DOU DIN | D50: 151046569 | E50: 31947 | F50: =VLOOKUP(B50,'KLCN t1 dot 1'!$B$13:$Z$83,25,0) -> 12.02 | G50: =ROUND(F50*E50,0) -> 384003 | K50: =I50+J50+G50 -> 384003 | M50: =IF(G50<=400000,400000*2%,IF(G50<=1200000,ROUND(G50*2%,0),ROUND(1200000*2%,0))) -> 8000 | P50: =ROUND(IF((K50-J50-N50)<=1500000,0,IF(AND(((K50-J50-N50))>1500000,((K50-J50-N50))<=2000000),((K50-J50-N50))*5%-75000,IF(AND(((K50-J50-N50))>2000000,((K50-J50-N50))<=8500000),((K50-J50-N50))*10%-175000))),0) -> 0 | Q50: =L50+M50+O50+P50 -> 8000 | R50: =ROUND(K50-Q50,0) -> 376003
A51: =+A50+1 -> 39 | B51: ម៉ៅ ថី | C51: MAO THEY | D51: 150771197 | E51: 31947 | F51: =VLOOKUP(B51,'KLCN t1 dot 1'!$B$13:$Z$83,25,0) -> 12.71 | G51: =ROUND(F51*E51,0) -> 406046 | K51: =I51+J51+G51 -> 406046 | M51: =IF(G51<=400000,400000*2%,IF(G51<=1200000,ROUND(G51*2%,0),ROUND(1200000*2%,0))) -> 8121 | P51: =ROUND(IF((K51-J51-N51)<=1500000,0,IF(AND(((K51-J51-N51))>1500000,((K51-J51-N51))<=2000000),((K51-J51-N51))*5%-75000,IF(AND(((K51-J51-N51))>2000000,((K51-J51-N51))<=8500000),((K51-J51-N51))*10%-175000))),0) -> 0 | Q51: =L51+M51+O51+P51 -> 8121 | R51: =ROUND(K51-Q51,0) -> 397925
A52: =+A51+1 -> 40 | B52: ហៀង ហ័ង | C52: HEANG HORNG | D52: 150936930 | E52: 31947 | F52: =VLOOKUP(B52,'KLCN t1 dot 1'!$B$13:$Z$83,25,0) -> 27.54 | G52: =ROUND(F52*E52,0) -> 879820 | K52: =I52+J52+G52 -> 879820 | M52: =IF(G52<=400000,400000*2%,IF(G52<=1200000,ROUND(G52*2%,0),ROUND(1200000*2%,0))) -> 17596 | P52: =ROUND(IF((K52-J52-N52)<=1500000,0,IF(AND(((K52-J52-N52))>1500000,((K52-J52-N52))<=2000000),((K52-J52-N52))*5%-75000,IF(AND(((K52-J52-N52))>2000000,((K52-J52-N52))<=8500000),((K52-J52-N52))*10%-175000))),0) -> 0 | Q52: =L52+M52+O52+P52 -> 17596 | R52: =ROUND(K52-Q52,0) -> 862224
A53: =+A52+1 -> 41 | B53: មឿន សេន | C53: MOEURN SEN | D53: 180753924 | E53: 31947 | F53: =VLOOKUP(B53,'KLCN t1 dot 1'!$B$13:$Z$83,25,0) -> 20.69 | G53: =ROUND(F53*E53,0) -> 660983 | K53: =I53+J53+G53 -> 660983 | M53: =IF(G53<=400000,400000*2%,IF(G53<=1200000,ROUND(G53*2%,0),ROUND(1200000*2%,0))) -> 13220 | P53: =ROUND(IF((K53-J53-N53)<=1500000,0,IF(AND(((K53-J53-N53))>1500000,((K53-J53-N53))<=2000000),((K53-J53-N53))*5%-75000,IF(AND(((K53-J53-N53))>2000000,((K53-J53-N53))<=8500000),((K53-J53-N53))*10%-175000))),0) -> 0 | Q53: =L53+M53+O53+P53 -> 13220 | R53: =ROUND(K53-Q53,0) -> 647763
A54: =+A53+1 -> 42 | B54: សួរ សាលូត | C54: SOUR SALOUTH | D54: 220208904 | E54: 31947 | F54: =VLOOKUP(B54,'KLCN t1 dot 1'!$B$13:$Z$83,25,0) -> 27.03 | G54: =ROUND(F54*E54,0) -> 863527 | K54: =I54+J54+G54 -> 863527 | M54: =IF(G54<=400000,400000*2%,IF(G54<=1200000,ROUND(G54*2%,0),ROUND(1200000*2%,0))) -> 17271 | P54: =ROUND(IF((K54-J54-N54)<=1500000,0,IF(AND(((K54-J54-N54))>1500000,((K54-J54-N54))<=2000000),((K54-J54-N54))*5%-75000,IF(AND(((K54-J54-N54))>2000000,((K54-J54-N54))<=8500000),((K54-J54-N54))*10%-175000))),0) -> 0 | Q54: =L54+M54+O54+P54 -> 17271 | R54: =ROUND(K54-Q54,0) -> 846256
A55: =+A54+1 -> 43 | B55: ហ៊ីម មករា | C55: HIM MAKRA | D55: 150978188 | E55: 31947 | F55: =VLOOKUP(B55,'KLCN t1 dot 1'!$B$13:$Z$83,25,0) -> 24.03 | G55: =ROUND(F55*E55,0) -> 767686 | K55: =I55+J55+G55 -> 767686 | M55: =IF(G55<=400000,400000*2%,IF(G55<=1200000,ROUND(G55*2%,0),ROUND(1200000*2%,0))) -> 15354 | P55: =ROUND(IF((K55-J55-N55)<=1500000,0,IF(AND(((K55-J55-N55))>1500000,((K55-J55-N55))<=2000000),((K55-J55-N55))*5%-75000,IF(AND(((K55-J55-N55))>2000000,((K55-J55-N55))<=8500000),((K55-J55-N55))*10%-175000))),0) -> 0 | Q55: =L55+M55+O55+P55 -> 15354 | R55: =ROUND(K55-Q55,0) -> 752332 | V55: =R55-U55 -> 752332 | W55: =#REF! -> #REF!
A56: =+A55+1 -> 44 | B56: ហុក តុងសេង | C56: HUK TUNGSENG | D56: 210070000 | E56: 31947 | F56: =VLOOKUP(B56,'KLCN t1 dot 1'!$B$13:$Z$83,25,0) -> 11.79 | G56: =ROUND(F56*E56,0) -> 376655 | K56: =I56+J56+G56 -> 376655 | M56: =IF(G56<=400000,400000*2%,IF(G56<=1200000,ROUND(G56*2%,0),ROUND(1200000*2%,0))) -> 8000 | P56: =ROUND(IF((K56-J56-N56)<=1500000,0,IF(AND(((K56-J56-N56))>1500000,((K56-J56-N56))<=2000000),((K56-J56-N56))*5%-75000,IF(AND(((K56-J56-N56))>2000000,((K56-J56-N56))<=8500000),((K56-J56-N56))*10%-175000))),0) -> 0 | Q56: =L56+M56+O56+P56 -> 8000 | R56: =ROUND(K56-Q56,0) -> 368655
A57: =+A56+1 -> 45 | B57: គួន ធី | C57: KOURN THY | D57: 150582874 | E57: 31947 | F57: =VLOOKUP(B57,'KLCN t1 dot 1'!$B$13:$Z$83,25,0) -> 14 | G57: =ROUND(F57*E57,0) -> 447258 | K57: =I57+J57+G57 -> 447258 | M57: =IF(G57<=400000,400000*2%,IF(G57<=1200000,ROUND(G57*2%,0),ROUND(1200000*2%,0))) -> 8945 | P57: =ROUND(IF((K57-J57-N57)<=1500000,0,IF(AND(((K57-J57-N57))>1500000,((K57-J57-N57))<=2000000),((K57-J57-N57))*5%-75000,IF(AND(((K57-J57-N57))>2000000,((K57-J57-N57))<=8500000),((K57-J57-N57))*10%-175000))),0) -> 0 | Q57: =L57+M57+O57+P57 -> 8945 | R57: =ROUND(K57-Q57,0) -> 438313
A58: =+A57+1 -> 46 | B58: អៀង អ៊ា | C58: EANG EAR | D58: 150523495 (01) | E58: 31947 | F58: =VLOOKUP(B58,'KLCN t1 dot 1'!$B$13:$Z$83,25,0) -> 9.71 | G58: =ROUND(F58*E58,0) -> 310205 | K58: =I58+J58+G58 -> 310205 | M58: =IF(G58<=400000,400000*2%,IF(G58<=1200000,ROUND(G58*2%,0),ROUND(1200000*2%,0))) -> 8000 | P58: =ROUND(IF((K58-J58-N58)<=1500000,0,IF(AND(((K58-J58-N58))>1500000,((K58-J58-N58))<=2000000),((K58-J58-N58))*5%-75000,IF(AND(((K58-J58-N58))>2000000,((K58-J58-N58))<=8500000),((K58-J58-N58))*10%-175000))),0) -> 0 | Q58: =L58+M58+O58+P58 -> 8000 | R58: =ROUND(K58-Q58,0) -> 302205 | V58: =R58-U58 -> 302205 | W58: =#REF! -> #REF! | X58: 150000
A59: =+A58+1 -> 47 | B59: ម៉ៅ សុខនី | C59: MAO SOKNY | D59: 151058048 | E59: 31947 | F59: =VLOOKUP(B59,'KLCN t1 dot 1'!$B$13:$Z$83,25,0) -> 16.7 | G59: =ROUND(F59*E59,0) -> 533515 | K59: =I59+J59+G59 -> 533515 | M59: =IF(G59<=400000,400000*2%,IF(G59<=1200000,ROUND(G59*2%,0),ROUND(1200000*2%,0))) -> 10670 | P59: =ROUND(IF((K59-J59-N59)<=1500000,0,IF(AND(((K59-J59-N59))>1500000,((K59-J59-N59))<=2000000),((K59-J59-N59))*5%-75000,IF(AND(((K59-J59-N59))>2000000,((K59-J59-N59))<=8500000),((K59-J59-N59))*10%-175000))),0) -> 0 | Q59: =L59+M59+O59+P59 -> 10670 | R59: =ROUND(K59-Q59,0) -> 522845
A60: =+A59+1 -> 48 | B60: ម៉ឹង គា | C60: MOENG KEA | D60: 150925395 | E60: 31947 | F60: =VLOOKUP(B60,'KLCN t1 dot 1'!$B$13:$Z$83,25,0) -> 19.61 | G60: =ROUND(F60*E60,0) -> 626481 | K60: =I60+J60+G60 -> 626481 | M60: =IF(G60<=400000,400000*2%,IF(G60<=1200000,ROUND(G60*2%,0),ROUND(1200000*2%,0))) -> 12530 | P60: =ROUND(IF((K60-J60-N60)<=1500000,0,IF(AND(((K60-J60-N60))>1500000,((K60-J60-N60))<=2000000),((K60-J60-N60))*5%-75000,IF(AND(((K60-J60-N60))>2000000,((K60-J60-N60))<=8500000),((K60-J60-N60))*10%-175000))),0) -> 0 | Q60: =L60+M60+O60+P60 -> 12530 | R60: =ROUND(K60-Q60,0) -> 613951
A61: =+A60+1 -> 49 | B61: ម៉ៅ សុខម៉េង | C61: MAO SOKMENG | D61: 151075912 | E61: 31947 | F61: =VLOOKUP(B61,'KLCN t1 dot 1'!$B$13:$Z$83,25,0) -> 16.7 | G61: =ROUND(F61*E61,0) -> 533515 | K61: =I61+J61+G61 -> 533515 | M61: =IF(G61<=400000,400000*2%,IF(G61<=1200000,ROUND(G61*2%,0),ROUND(1200000*2%,0))) -> 10670 | P61: =ROUND(IF((K61-J61-N61)<=1500000,0,IF(AND(((K61-J61-N61))>1500000,((K61-J61-N61))<=2000000),((K61-J61-N61))*5%-75000,IF(AND(((K61-J61-N61))>2000000,((K61-J61-N61))<=8500000),((K61-J61-N61))*10%-175000))),0) -> 0 | Q61: =L61+M61+O61+P61 -> 10670 | R61: =ROUND(K61-Q61,0) -> 522845 | V61: =R61-U61 -> 522845 | W61: =#REF! -> #REF! | X61: 100000
A62: =+A61+1 -> 50 | B62: គា​ ទីណូ | C62: KHEA TINO | D62: 151055393 | E62: 31947 | F62: =VLOOKUP(B62,'KLCN t1 dot 1'!$B$13:$Z$83,25,0) -> 21.49 | G62: =ROUND(F62*E62,0) -> 686541 | K62: =I62+J62+G62 -> 686541 | M62: =IF(G62<=400000,400000*2%,IF(G62<=1200000,ROUND(G62*2%,0),ROUND(1200000*2%,0))) -> 13731 | P62: =ROUND(IF((K62-J62-N62)<=1500000,0,IF(AND(((K62-J62-N62))>1500000,((K62-J62-N62))<=2000000),((K62-J62-N62))*5%-75000,IF(AND(((K62-J62-N62))>2000000,((K62-J62-N62))<=8500000),((K62-J62-N62))*10%-175000))),0) -> 0 | Q62: =L62+M62+O62+P62 -> 13731 | R62: =ROUND(K62-Q62,0) -> 672810
A63: =+A62+1 -> 51 | B63: ធួន ធីម | C63: THUN THIM | D63: 150981411 | E63: 31947 | F63: =VLOOKUP(B63,'KLCN t1 dot 1'!$B$13:$Z$83,25,0) -> 14.7 | G63: =ROUND(F63*E63,0) -> 469621 | K63: =I63+J63+G63 -> 469621 | M63: =IF(G63<=400000,400000*2%,IF(G63<=1200000,ROUND(G63*2%,0),ROUND(1200000*2%,0))) -> 9392 | P63: =ROUND(IF((K63-J63-N63)<=1500000,0,IF(AND(((K63-J63-N63))>1500000,((K63-J63-N63))<=2000000),((K63-J63-N63))*5%-75000,IF(AND(((K63-J63-N63))>2000000,((K63-J63-N63))<=8500000),((K63-J63-N63))*10%-175000))),0) -> 0 | Q63: =L63+M63+O63+P63 -> 9392 | R63: =ROUND(K63-Q63,0) -> 460229
A64: =+A63+1 -> 52 | B64: មាស ភា | C64: MEAS PHEA | D64: 151029997 | E64: 31947 | F64: =VLOOKUP(B64,'KLCN t1 dot 1'!$B$13:$Z$83,25,0) -> 11.79 | G64: =ROUND(F64*E64,0) -> 376655 | K64: =I64+J64+G64 -> 376655 | M64: =IF(G64<=400000,400000*2%,IF(G64<=1200000,ROUND(G64*2%,0),ROUND(1200000*2%,0))) -> 8000 | P64: =ROUND(IF((K64-J64-N64)<=1500000,0,IF(AND(((K64-J64-N64))>1500000,((K64-J64-N64))<=2000000),((K64-J64-N64))*5%-75000,IF(AND(((K64-J64-N64))>2000000,((K64-J64-N64))<=8500000),((K64-J64-N64))*10%-175000))),0) -> 0 | Q64: =L64+M64+O64+P64 -> 8000 | R64: =ROUND(K64-Q64,0) -> 368655 | U64: 50000 | V64: =R64-U64 -> 318655 | W64: =#REF! -> #REF! | X64: 100000
A65: =+A64+1 -> 53 | B65: សេន សីហា | C65: SEN SEYHA | D65: 181167293 | E65: 31947 | F65: =VLOOKUP(B65,'KLCN t1 dot 1'!$B$13:$Z$83,25,0) -> 14.7 | G65: =ROUND(F65*E65,0) -> 469621 | K65: =I65+J65+G65 -> 469621 | M65: =IF(G65<=400000,400000*2%,IF(G65<=1200000,ROUND(G65*2%,0),ROUND(1200000*2%,0))) -> 9392 | P65: =ROUND(IF((K65-J65-N65)<=1500000,0,IF(AND(((K65-J65-N65))>1500000,((K65-J65-N65))<=2000000),((K65-J65-N65))*5%-75000,IF(AND(((K65-J65-N65))>2000000,((K65-J65-N65))<=8500000),((K65-J65-N65))*10%-175000))),0) -> 0 | Q65: =L65+M65+O65+P65 -> 9392 | R65: =ROUND(K65-Q65,0) -> 460229
A66: =+A65+1 -> 54 | B66: មេង បូរី | C66: MENG BOREY | D66: 151048971 | E66: 31947 | F66: =VLOOKUP(B66,'KLCN t1 dot 1'!$B$13:$Z$83,25,0) -> 14.7 | G66: =ROUND(F66*E66,0) -> 469621 | K66: =I66+J66+G66 -> 469621 | M66: =IF(G66<=400000,400000*2%,IF(G66<=1200000,ROUND(G66*2%,0),ROUND(1200000*2%,0))) -> 9392 | P66: =ROUND(IF((K66-J66-N66)<=1500000,0,IF(AND(((K66-J66-N66))>1500000,((K66-J66-N66))<=2000000),((K66-J66-N66))*5%-75000,IF(AND(((K66-J66-N66))>2000000,((K66-J66-N66))<=8500000),((K66-J66-N66))*10%-175000))),0) -> 0 | Q66: =L66+M66+O66+P66 -> 9392 | R66: =ROUND(K66-Q66,0) -> 460229
A67: =+A66+1 -> 55 | B67: មាស សៀក | C67: MEAS SEAK | D67: 150845321 | E67: 31947 | F67: =VLOOKUP(B67,'KLCN t1 dot 1'!$B$13:$Z$83,25,0) -> 16.7 | G67: =ROUND(F67*E67,0) -> 533515 | K67: =I67+J67+G67 -> 533515 | M67: =IF(G67<=400000,400000*2%,IF(G67<=1200000,ROUND(G67*2%,0),ROUND(1200000*2%,0))) -> 10670 | P67: =ROUND(IF((K67-J67-N67)<=1500000,0,IF(AND(((K67-J67-N67))>1500000,((K67-J67-N67))<=2000000),((K67-J67-N67))*5%-75000,IF(AND(((K67-J67-N67))>2000000,((K67-J67-N67))<=8500000),((K67-J67-N67))*10%-175000))),0) -> 0 | Q67: =L67+M67+O67+P67 -> 10670 | R67: =ROUND(K67-Q67,0) -> 522845
A68: =+A67+1 -> 56 | B68: ម៉ៅ ឆូន | C68: MAO CHHAUN | D68: 190569581 | E68: 31947 | F68: =VLOOKUP(B68,'KLCN t1 dot 1'!$B$13:$Z$83,25,0) -> 11.79 | G68: =ROUND(F68*E68,0) -> 376655 | K68: =I68+J68+G68 -> 376655 | M68: =IF(G68<=400000,400000*2%,IF(G68<=1200000,ROUND(G68*2%,0),ROUND(1200000*2%,0))) -> 8000 | P68: =ROUND(IF((K68-J68-N68)<=1500000,0,IF(AND(((K68-J68-N68))>1500000,((K68-J68-N68))<=2000000),((K68-J68-N68))*5%-75000,IF(AND(((K68-J68-N68))>2000000,((K68-J68-N68))<=8500000),((K68-J68-N68))*10%-175000))),0) -> 0 | Q68: =L68+M68+O68+P68 -> 8000 | R68: =ROUND(K68-Q68,0) -> 368655
A69: =+A68+1 -> 57 | B69: សាញ់ ខុម | C69: SANH KHOM | D69: 150273869 | E69: 31947 | F69: =VLOOKUP(B69,'KLCN t1 dot 1'!$B$13:$Z$83,25,0) -> 11.79 | G69: =ROUND(F69*E69,0) -> 376655 | K69: =I69+J69+G69 -> 376655 | M69: =IF(G69<=400000,400000*2%,IF(G69<=1200000,ROUND(G69*2%,0),ROUND(1200000*2%,0))) -> 8000 | P69: =ROUND(IF((K69-J69-N69)<=1500000,0,IF(AND(((K69-J69-N69))>1500000,((K69-J69-N69))<=2000000),((K69-J69-N69))*5%-75000,IF(AND(((K69-J69-N69))>2000000,((K69-J69-N69))<=8500000),((K69-J69-N69))*10%-175000))),0) -> 0 | Q69: =L69+M69+O69+P69 -> 8000 | R69: =ROUND(K69-Q69,0) -> 368655 | V69: =R69-U69 -> 368655 | W69: =#REF! -> #REF!
A70: =+A69+1 -> 58 | B70: ទៀង ចាន់ថា | C70: TIENG CHANTHA | D70: 220175294 | E70: 31947 | F70: =VLOOKUP(B70,'KLCN t1 dot 1'!$B$13:$Z$83,25,0) -> 18.57 | G70: =ROUND(F70*E70,0) -> 593256 | K70: =I70+J70+G70 -> 593256 | M70: =IF(G70<=400000,400000*2%,IF(G70<=1200000,ROUND(G70*2%,0),ROUND(1200000*2%,0))) -> 11865 | P70: =ROUND(IF((K70-J70-N70)<=1500000,0,IF(AND(((K70-J70-N70))>1500000,((K70-J70-N70))<=2000000),((K70-J70-N70))*5%-75000,IF(AND(((K70-J70-N70))>2000000,((K70-J70-N70))<=8500000),((K70-J70-N70))*10%-175000))),0) -> 0 | Q70: =L70+M70+O70+P70 -> 11865 | R70: =ROUND(K70-Q70,0) -> 581391
A71: =+A70+1 -> 59 | B71: កិក រក្សា | C71: KEK REAKSA | D71: 181068674 | E71: 31947 | F71: =VLOOKUP(B71,'KLCN t1 dot 1'!$B$13:$Z$83,25,0) -> 17.55 | G71: =ROUND(F71*E71,0) -> 560670 | K71: =I71+J71+G71 -> 560670 | M71: =IF(G71<=400000,400000*2%,IF(G71<=1200000,ROUND(G71*2%,0),ROUND(1200000*2%,0))) -> 11213 | P71: =ROUND(IF((K71-J71-N71)<=1500000,0,IF(AND(((K71-J71-N71))>1500000,((K71-J71-N71))<=2000000),((K71-J71-N71))*5%-75000,IF(AND(((K71-J71-N71))>2000000,((K71-J71-N71))<=8500000),((K71-J71-N71))*10%-175000))),0) -> 0 | Q71: =L71+M71+O71+P71 -> 11213 | R71: =ROUND(K71-Q71,0) -> 549457
A72: =+A71+1 -> 60 | B72: ផាត ចាន់លី | C72: PHAT CHANLY | D72: 220139991 | E72: 31947 | F72: =VLOOKUP(B72,'KLCN t1 dot 1'!$B$13:$Z$83,25,0) -> 9.72 | G72: =ROUND(F72*E72,0) -> 310525 | K72: =I72+J72+G72 -> 310525 | M72: =IF(G72<=400000,400000*2%,IF(G72<=1200000,ROUND(G72*2%,0),ROUND(1200000*2%,0))) -> 8000 | P72: =ROUND(IF((K72-J72-N72)<=1500000,0,IF(AND(((K72-J72-N72))>1500000,((K72-J72-N72))<=2000000),((K72-J72-N72))*5%-75000,IF(AND(((K72-J72-N72))>2000000,((K72-J72-N72))<=8500000),((K72-J72-N72))*10%-175000))),0) -> 0 | Q72: =L72+M72+O72+P72 -> 8000 | R72: =ROUND(K72-Q72,0) -> 302525
A73: =+A72+1 -> 61 | B73: មាស ស៊ីន​ | C73: MEAS SIN | D73: 150582830 | E73: 31947 | F73: =VLOOKUP(B73,'KLCN t1 dot 1'!$B$13:$Z$83,25,0) -> 14.5 | G73: =ROUND(F73*E73,0) -> 463232 | K73: =I73+J73+G73 -> 463232 | M73: =IF(G73<=400000,400000*2%,IF(G73<=1200000,ROUND(G73*2%,0),ROUND(1200000*2%,0))) -> 9265 | P73: =ROUND(IF((K73-J73-N73)<=1500000,0,IF(AND(((K73-J73-N73))>1500000,((K73-J73-N73))<=2000000),((K73-J73-N73))*5%-75000,IF(AND(((K73-J73-N73))>2000000,((K73-J73-N73))<=8500000),((K73-J73-N73))*10%-175000))),0) -> 0 | Q73: =L73+M73+O73+P73 -> 9265 | R73: =ROUND(K73-Q73,0) -> 453967
A74: =+A73+1 -> 62 | B74: ស៊ុត លី | C74: SOTLY | D74: 150352388 | E74: 31947 | F74: =VLOOKUP(B74,'KLCN t1 dot 1'!$B$13:$Z$83,25,0) -> 7.9 | G74: =ROUND(F74*E74,0) -> 252381 | K74: =I74+J74+G74 -> 252381 | M74: =IF(G74<=400000,400000*2%,IF(G74<=1200000,ROUND(G74*2%,0),ROUND(1200000*2%,0))) -> 8000 | P74: =ROUND(IF((K74-J74-N74)<=1500000,0,IF(AND(((K74-J74-N74))>1500000,((K74-J74-N74))<=2000000),((K74-J74-N74))*5%-75000,IF(AND(((K74-J74-N74))>2000000,((K74-J74-N74))<=8500000),((K74-J74-N74))*10%-175000))),0) -> 0 | Q74: =L74+M74+O74+P74 -> 8000 | R74: =ROUND(K74-Q74,0) -> 244381
A75: =+A74+1 -> 63 | B75: សន ម៉ាប់ | C75: SORN MAB | D75: 150740078 | E75: 31947 | F75: =VLOOKUP(B75,'KLCN t1 dot 1'!$B$13:$Z$83,25,0) -> 34.86 | G75: =ROUND(F75*E75,0) -> 1113672 | K75: =I75+J75+G75 -> 1113672 | M75: =IF(G75<=400000,400000*2%,IF(G75<=1200000,ROUND(G75*2%,0),ROUND(1200000*2%,0))) -> 22273 | P75: =ROUND(IF((K75-J75-N75)<=1500000,0,IF(AND(((K75-J75-N75))>1500000,((K75-J75-N75))<=2000000),((K75-J75-N75))*5%-75000,IF(AND(((K75-J75-N75))>2000000,((K75-J75-N75))<=8500000),((K75-J75-N75))*10%-175000))),0) -> 0 | Q75: =L75+M75+O75+P75 -> 22273 | R75: =ROUND(K75-Q75,0) -> 1091399
A76: =+A75+1 -> 64 | B76: ម៉ន ពឿយ | C76: MORN POEUY | D76: 150922981 | E76: 31947 | F76: =VLOOKUP(B76,'KLCN t1 dot 1'!$B$13:$Z$83,25,0) -> 31.7 | G76: =ROUND(F76*E76,0) -> 1012720 | K76: =I76+J76+G76 -> 1012720 | M76: =IF(G76<=400000,400000*2%,IF(G76<=1200000,ROUND(G76*2%,0),ROUND(1200000*2%,0))) -> 20254 | P76: =ROUND(IF((K76-J76-N76)<=1500000,0,IF(AND(((K76-J76-N76))>1500000,((K76-J76-N76))<=2000000),((K76-J76-N76))*5%-75000,IF(AND(((K76-J76-N76))>2000000,((K76-J76-N76))<=8500000),((K76-J76-N76))*10%-175000))),0) -> 0 | Q76: =L76+M76+O76+P76 -> 20254 | R76: =ROUND(K76-Q76,0) -> 992466
A77: =+A76+1 -> 65 | B77: ថន ចារី | C77: THON CHAREY | D77: 150627964 | E77: 31947 | F77: =VLOOKUP(B77,'KLCN t1 dot 1'!$B$13:$Z$83,25,0) -> 31.7 | G77: =ROUND(F77*E77,0) -> 1012720 | K77: =I77+J77+G77 -> 1012720 | M77: =IF(G77<=400000,400000*2%,IF(G77<=1200000,ROUND(G77*2%,0),ROUND(1200000*2%,0))) -> 20254 | P77: =ROUND(IF((K77-J77-N77)<=1500000,0,IF(AND(((K77-J77-N77))>1500000,((K77-J77-N77))<=2000000),((K77-J77-N77))*5%-75000,IF(AND(((K77-J77-N77))>2000000,((K77-J77-N77))<=8500000),((K77-J77-N77))*10%-175000))),0) -> 0 | Q77: =L77+M77+O77+P77 -> 20254 | R77: =ROUND(K77-Q77,0) -> 992466
A78: =+A77+1 -> 66 | B78: គ្រឿន រិត | C78: KROEUN RITH | D78: 220234318 | E78: 31947 | F78: =VLOOKUP(B78,'KLCN t1 dot 1'!$B$13:$Z$83,25,0) -> 23.19 | G78: =ROUND(F78*E78,0) -> 740851 | K78: =I78+J78+G78 -> 740851 | M78: =IF(G78<=400000,400000*2%,IF(G78<=1200000,ROUND(G78*2%,0),ROUND(1200000*2%,0))) -> 14817 | P78: =ROUND(IF((K78-J78-N78)<=1500000,0,IF(AND(((K78-J78-N78))>1500000,((K78-J78-N78))<=2000000),((K78-J78-N78))*5%-75000,IF(AND(((K78-J78-N78))>2000000,((K78-J78-N78))<=8500000),((K78-J78-N78))*10%-175000))),0) -> 0 | Q78: =L78+M78+O78+P78 -> 14817 | R78: =ROUND(K78-Q78,0) -> 726034
A79: =+A78+1 -> 67 | B79: រឿន រឿង | C79: ROEUN ROEUNG | D79: 220175244 | E79: 31947 | F79: =VLOOKUP(B79,'KLCN t1 dot 1'!$B$13:$Z$83,25,0) -> 31.7 | G79: =ROUND(F79*E79,0) -> 1012720 | K79: =I79+J79+G79 -> 1012720 | M79: =IF(G79<=400000,400000*2%,IF(G79<=1200000,ROUND(G79*2%,0),ROUND(1200000*2%,0))) -> 20254 | P79: =ROUND(IF((K79-J79-N79)<=1500000,0,IF(AND(((K79-J79-N79))>1500000,((K79-J79-N79))<=2000000),((K79-J79-N79))*5%-75000,IF(AND(((K79-J79-N79))>2000000,((K79-J79-N79))<=8500000),((K79-J79-N79))*10%-175000))),0) -> 0 | Q79: =L79+M79+O79+P79 -> 20254 | R79: =ROUND(K79-Q79,0) -> 992466
A80: =+A79+1 -> 68 | B80: អ៊ឹម ថាច | C80: OEM THACH | D80: 150565864 | E80: 31947 | F80: =VLOOKUP(B80,'KLCN t1 dot 1'!$B$13:$Z$83,25,0) -> 31.7 | G80: =ROUND(F80*E80,0) -> 1012720 | K80: =I80+J80+G80 -> 1012720 | M80: =IF(G80<=400000,400000*2%,IF(G80<=1200000,ROUND(G80*2%,0),ROUND(1200000*2%,0))) -> 20254 | P80: =ROUND(IF((K80-J80-N80)<=1500000,0,IF(AND(((K80-J80-N80))>1500000,((K80-J80-N80))<=2000000),((K80-J80-N80))*5%-75000,IF(AND(((K80-J80-N80))>2000000,((K80-J80-N80))<=8500000),((K80-J80-N80))*10%-175000))),0) -> 0 | Q80: =L80+M80+O80+P80 -> 20254 | R80: =ROUND(K80-Q80,0) -> 992466
A81: =+A80+1 -> 69 | B81: សន ចាន់រី | C81: SORN CHANRY | D81: 150612355 | E81: 31947 | F81: =VLOOKUP(B81,'KLCN t1 dot 1'!$B$13:$Z$83,25,0) -> 28.79 | G81: =ROUND(F81*E81,0)+3 -> 919757 | K81: =I81+J81+G81 -> 919757 | M81: =IF(G81<=400000,400000*2%,IF(G81<=1200000,ROUND(G81*2%,0),ROUND(1200000*2%,0))) -> 18395 | P81: =ROUND(IF((K81-J81-N81)<=1500000,0,IF(AND(((K81-J81-N81))>1500000,((K81-J81-N81))<=2000000),((K81-J81-N81))*5%-75000,IF(AND(((K81-J81-N81))>2000000,((K81-J81-N81))<=8500000),((K81-J81-N81))*10%-175000))),0) -> 0 | Q81: =L81+M81+O81+P81 -> 18395 | R81: =ROUND(K81-Q81,0) -> 901362
A82: =+A81+1 -> 70 | B82: សន ហ៊ុច | C82: SORN HUCH | D82: 150468451 | E82: 31947 | F82: =VLOOKUP(B82,'KLCN t1 dot 1'!$B$13:$Z$83,25,0) -> 31.7 | G82: =ROUND(F82*E82,0) -> 1012720 | K82: =I82+J82+G82 -> 1012720 | M82: =IF(G82<=400000,400000*2%,IF(G82<=1200000,ROUND(G82*2%,0),ROUND(1200000*2%,0))) -> 20254 | P82: =ROUND(IF((K82-J82-N82)<=1500000,0,IF(AND(((K82-J82-N82))>1500000,((K82-J82-N82))<=2000000),((K82-J82-N82))*5%-75000,IF(AND(((K82-J82-N82))>2000000,((K82-J82-N82))<=8500000),((K82-J82-N82))*10%-175000))),0) -> 0 | Q82: =L82+M82+O82+P82 -> 20254 | R82: =ROUND(K82-Q82,0) -> 992466
A83: =+A82+1 -> 71 | B83: សន ឆៃលី | C83: SORN CHHAILY | D83: 150952614 | E83: 31947 | F83: =VLOOKUP(B83,'KLCN t1 dot 1'!$B$13:$Z$83,25,0) -> 31.7 | G83: =ROUND(F83*E83,0) -> 1012720 | K83: =I83+J83+G83 -> 1012720 | M83: =IF(G83<=400000,400000*2%,IF(G83<=1200000,ROUND(G83*2%,0),ROUND(1200000*2%,0))) -> 20254 | P83: =ROUND(IF((K83-J83-N83)<=1500000,0,IF(AND(((K83-J83-N83))>1500000,((K83-J83-N83))<=2000000),((K83-J83-N83))*5%-75000,IF(AND(((K83-J83-N83))>2000000,((K83-J83-N83))<=8500000),((K83-J83-N83))*10%-175000))),0) -> 0 | Q83: =L83+M83+O83+P83 -> 20254 | R83: =ROUND(K83-Q83,0) -> 992466
A84: សរុប (Tổng cộng) | F84: =SUM(F13:F83) -> 1432.86 | G84: =SUM(G13:G83) -> 45775579 | H84: =SUM(H13:H83) -> 0 | I84: =SUM(I13:I83) -> 0 | J84: =SUM(J13:J83) -> 0 | K84: =SUM(K13:K83) -> 45775579 | L84: =SUM(L13:L83) -> 0 | M84: =SUM(M13:M83) -> 932463 | ... R84: =SUM(R13:R83) -> 44843116 | U84: =SUM(U13:U66) -> 800000 | V84: =+#REF!+#REF!+#REF!+V18+#REF!+#REF!+#REF!+#REF!+#REF!+#REF! -> #REF! | W84: =ROUND(#REF!*#REF!,0) -> #REF! | X84: =SUM(#REF!,#REF!,X32:X66,X13:X17) -> #REF!
A86: សែសិបបួនលាន ប្រាំបីរយសែសិបបីពាន់ មួយរយដប់ប្រាំមួយ រៀលគត់។ | V86: =R84-U84 -> 44043116 | X86: =A86=[2]Sheet1!$N$9 -> FALSE
A87: ( Bằng chữ: Bốn mươi bốn triệu tám trăm bốn mươi ba nghìn một trăm mười lăm riel) | X87: =ROUND(H84*31947,0) -> 0
A88: រោងចក្រកែច្នៃ / XƯỞNG CHẾ BIẾN | O88: អ្នករៀបចំ / Lập biểu | X88: =#REF!+#REF! -> #REF! | AC88: =#REF!-AC87 -> #REF!
X89: =R84=X88 -> #REF!
O91: Bùi Ngọc Triệu
