Workbook

Sheet BCD D1T1
A1: ក្រុមហ៊ុន កៅស៊ូ មេគង្គ ខូ អិលធីឌី | G1: ព្រះរាជាណាចក្រ កម្ពុជា
A2: CÔNG TY TNHH CAO SU MEKONG | G2: VƯƠNG QUỐC CAMPUCHIA
A3: រោងចក្រកែច្នៃ | G3: ជាតិ សាសនា ព្រះមហាក្សត្រ
A4: XƯỞNG CHẾ BIẾN | G4: Dân tộc - Tôn giáo - Quốc vương
A6: តារាងតុល្យភាពបំណុល
A7: បៀវត្សកម្មកររោងចក្រកែច្នៃជ័រកៅស៊ូ ខែ ០១ ឆ្នាំ​ ២០២៦ (វគ្គទី២)
A8: BẢNG CÂN ĐỐI CÔNG NỢ
A9: LƯƠNG CÔNG NHÂN XƯỞNG CHẾ BIẾN THÁNG 01 NĂM 2026 (ĐỢT 2)
B11: I/ សរុបបៀវត្សខែ ០១/២០២៦ (Tổng lương tháng 01/2026): | G11: =G12+G13 -> 94283904 | H11: Riel | J11: ='TTL dot​2 (31947)'!K84 -> 94283904
B12: 1/ ប្រាក់បៀវត្សទី ១ (Tiền lương đợt 1) ៖ | G12: ='TTL dot​2 (31947)'!G84 -> 45775579 | H12: Riel | J12: =#REF! -> #REF!
B13: 2/ ប្រាក់បៀវត្សទី ២ (Tiền lương đợt 2) ៖ | G13: ='TTL dot​2 (31947)'!I84 -> 48508325 | H13: Riel | J13: ='[1]TTL dot 1 (31948)'!I84 -> 0
B14: II/ ប្រាក់បានទទួល (Các khoản đã nhận): | G14: =SUM(G15:G16) -> 45775579 | H14: Riel | J14: =G14+G17 -> 47266149
B15: 1/ទូទាត់ប្រាក់បៀវត្សលើកទី ១ (Thanh toán lương đợt 1) ៖ | G15: ='TTL dot​2 (31947)'!L84 -> 44843116 | H15: Riel
B16: 2/ ភាគទានប្រាក់សោធនវគ្គទី១​​​/ BHXH Đợt 1 | G16: ='TTL dot​2 (31947)'!M84 -> 932463 | H16: Riel
B17: III/ ប្រាក់ត្រូវប្រមូល (Các khoản phải thu): | G17: =SUM(G18:G21) -> 1490570 | H17: Riel | J17: ='TTL dot​2 (31947)'!Q84 -> 47266149
B18: 1/ ពន្ធលើប្រាក់បៀវត្ស (Thuế TNCN): | G18: ='TTL dot​2 (31947)'!P84 -> 1011620 | H18: Riel
B19: 2/ ភាគទានប្រាក់សោធនវគ្គទី១​​​/ BHXH Đợt 1 | G19: 0 | H19: Riel
B20: 2/ ភាគទានប្រាក់សោធនវគ្គទី២​​​/ BHXH Đợt 2 | G20: ='TTL dot​2 (31947)'!O84 -> 478950 | H20: Riel
B21: 3/ បុរេប្រទានផ្ទាល់ខ្លួន (Tạm ứng cá nhân): | G21: 0 | H21: Riel
B22: IV/ ប្រាក់ត្រូវទទួល (Thực nhận): | G22: =G23 -> 47017755 | H22: Riel | M22: សាមសិបប្រាំបួនលាន ប្រាំម៉ឺន ប្រាំពីរពាន់ ប្រាំរយ ហាសិបបួន រៀល
B23: 1/ ប្រាក់បៀវត្សត្រូវទទួល (Tiền lương thực nhận): | G23: =ROUND(G11-G14-G17,0) -> 47017755 | H23: Riel | J23: ='TTL dot​2 (31947)'!R84 -> 47017755 | M23: ( Bằng chữ: Ba mươi chín triệu không trăm năm mươi bảy nghìn năm trăm năm mươi bốn riel)
A25: សែសិបប្រាំពីរលាន សូន្យរយដប់ប្រាំពីរពាន់ ប្រាំពីររយហាសិបប្រាំរៀលគត។
A26: ( Bằng chữ: Bốn mươi bảy triệu không trăm mươi bảy nghìn bảy trăm năm mươi lăm riel)
F28: កំពង់ធំ, ថ្ងៃ (ngày) 31 ខែ (tháng) 01 ឆ្នាំ (năm) 2026
A29: ផ.ហិរ.គណនេយ្យ | E29: រោងចក្រកែច្នៃ | G29: អ្នករៀបចំ
A30: PHÒNG TCKT | E30: XƯỞNG CHẾ BIẾN | G30: Lập biểu
G34: Bùi Ngọc Triệu
A35: អនុម័តនាយកក្រុមហ៊ុន/DUYỆT GIÁM ĐỐC

Sheet BPTL D1T1
A2: ក្រុមហ៊ុន កៅស៊ូ មេគង្គ ខូ អិលធីឌី | G2: ព្រះរាជាណាចក្រ កម្ពុជា
A3: CÔNG TY TNHH CAO SU MEKONG | G3: VƯƠNG QUỐC CAMPUCHIA
A4: រោងចក្រកែច្នៃ | G4: ជាតិ សាសនា ព្រះមហាក្សត្រ
A5: XƯỞNG CHẾ BIẾN | G5: Dân tộc - Tôn giáo - Quốc vương
A7: តារាងបែងចែកប្រាក់បៀវត្សកម្មករ​រោងចក្រកែច្នៃជ័រកៅស៊ូខែ ០១ ឆ្នាំ​ ២០២៦(វគ្គទី ២)
A8: BẢNG PHÂN TOÁN LƯƠNG CÔNG NHÂN XƯỞNG CHẾ BIẾN THÁNG 01 NĂM 2026​​​ ( ĐỢT 2)
H10: ឯកតា/ | I10: ĐVT៖ Riel
A11: ល.រ | B11: រាយនាមការងារ | C11: តម្លៃ | D11: កម្លាំងថ្ងៃធម្មតា Công ngày | F11: កម្លាំងថែមម៉ោង Công làm thêm giờ | H11: សរុប | I11: កំណត់ចំណាំ
A12: STT | B12: Hạng mục công việc | C12: Đơn​ giá | D12: កម្លាំង Công | E12: ជាប្រាក់ Thành tiền | F12: កម្លាំង Công | G12: ជាប្រាក់ Thành tiền | H12: Tổng cộng | I12: Ghi chú
A13: A | B13: B | C13: 1 | D13: 2 | E13: 3=1x2 | F13: 4 | G13: 5=4x1 | H13: 6=3+5 | I13: 7
A14: I/ សរុបបៀវត្សខែ ០១/២០២៦ (Tổng lương tháng 01/2026): | E14: =SUM(E15:E22) -> 48508325 | H14: =SUM(H15:H22) -> 48508325
A15: 1 | B15: ជ័រកិន /Mủ cán vắt ( Gồm phụ cấp phụ trợ trực tiếp 10%) | C15: 31947 | D15: ='BTHKL D1 T1 (26)'!F12 -> 680.41 | E15: =ROUND(D15*C15,0) -> 21737058 | H15: =G15+E15 -> 21737058
A16: =+A15+1 -> 2 | B16: ជ័រសម្រេច/Mủ Thành phẩm (Gồm phụ cấp phụ trợ trực tiếp 15%) | C16: 31947 | D16: ='BTHKL D1 T1 (26)'!F13 -> 398.63 | E16: =ROUND(D16*C16,0) -> 12735033 | H16: =G16+E16 -> 12735033
A17: =+A16+1 -> 3 | B17: សន្ដិសុខការពារ​​​​​ (Bảo vệ) | C17: 31947 | D17: ='BTHKL D1 T1 (26)'!F14 -> 28.55 | E17: =ROUND(D17*C17,0) -> 912087 | H17: =G17+E17 -> 912087 | K17: =1*0.9391*C17 -> 30001.428 | L17: =SUM(#REF!)-K17 -> #REF! | M17: =H17-L17 -> #REF!
A18: =+A17+1 -> 4 | B18: កម្មករ មេកានិច (Công nhân cơ khí) | C18: 31947 | D18: ='BTHKL D1 T1 (26)'!F17 -> 57.6 | E18: =ROUND(D18*C18,0) -> 1840147 | H18: =G18+E18 -> 1840147 | K18: =33.17*C17 -> 1059682 | L18: =SUM(H18:H19) -> 5120145 | M18: =SUM(#REF!) -> #REF!
A19: =+A18+1 -> 5 | B19: អ្នកបើកឡាន (Tài xế) | C19: 31947 | D19: ='BTHKL D1 T1 (26)'!F18 -> 102.67 | E19: =ROUND(D19*C19,0) -> 3279998 | H19: =G19+E19 -> 3279998 | K19: =24.42*C22 -> 780145.74 | L19: =L18+K18+K19 -> 6959972.7
A20: =+A19+1 -> 6 | B20: សម្អាត (Vệ sinh) | C20: 31947 | D20: ='BTHKL D1 T1 (26)'!F19 -> 26.2 | E20: =ROUND(D20*C20,0) -> 837011 | H20: =G20+E20 -> 837011
A21: =+A20+1 -> 7 | B21: អ្នកធ្វើការមិនរើសមុខ (Tạp vụ) | C21: 31947 | D21: ='BTHKL D1 T1 (26)'!F20 -> 14.68 | E21: =ROUND(D21*C21,0) -> 468982 | H21: =G21+E21 -> 468982 | L21: =ROUND(D23*C22,0) -> 48508325
A22: =+A21+1 -> 8 | B22: កម្លាំងផ្សេង (Công Khác) | C22: 31947 | D22: ='BTHKL D1 T1 (26)'!F21 -> 209.66 | E22: =ROUND(D22*C22,0)+1 -> 6698009 | H22: =G22+E22 -> 6698009 | L22: ='TTL dot​2 (31947)'!I84 -> 48508325
B23: សរុប (Tổng cộng) | D23: =SUM(D15:D22) -> 1518.4 | E23: =SUM(E15:E22) -> 48508325 | H23: =G23+E23 -> 48508325 | L23: =L22-L21 -> 0
A25: សែសិបប្រាំបីលាន ប្រាំរយប្រាំបីពាន់ បីរយម្ភៃប្រាំ រៀលគត់។ | L25: =A25=[2]Sheet1!$N$9 -> FALSE
A26: ( Bằng chữ: Bốn mươi tám triệu, năm trăm lẻ tám nghìn ba trăm hai mươi lăm riel)
E28: កំពង់ធំ, ថ្ងៃ (ngày) 31 ខែ (tháng) 01 ឆ្នាំ (năm) 2026 | L28: សរុបបៀវត្សខែ ០៤/២០២៥ (Tổng lương tháng 04/2025)
A29: រោងចក្រកែច្នៃ/ XƯỞNG CHẾ BIẾN | E29: អ្នករៀបចំ/ LẬP BIỂU
E32: Bùi Ngọc Triệu
A33: ផ្នែក ចាត់តាំង រដ្ឋបាល/ PHÒNG TCHC | E33: ផ.ហិរ.គណនេយ្យ / PHÒNG TCKT
A38: អនុម័តនាយកក្រុមហ៊ុន/ DUYỆT GIÁM ĐỐC

Sheet BCC D1(26)
A1: ក្រុមហ៊ុន កៅស៊ូ មេគង្គ ខូ អិលធីឌី | P1: ព្រះរាជាណាចក្រ កម្ពុជា
A2: CÔNG TY TNHH CAO SU MEKONG | P2: VƯƠNG QUỐC CAMPUCHIA
A3: រោងចក្រកែច្នៃ | P3: ជាតិ សាសនា ព្រះមហាក្សត្រ
A4: XƯỞNG CHẾ BIẾN | P4: Dân tộc - Tôn giáo - Quốc vương
A6: តារាងវត្តមានកម្មកររោងចក្រកែច្នៃជ័រកៅស៊ូ
A7: ថ្ងៃ ១៦ ដល់ ៣១ ខែ ០១ ឆ្នាំ ២០២៦ (វគ្គទី ២)
A8: BẢNG CHẤM CÔNG CÔNG NHÂN XƯỞNG CHẾ BIẾN
A9: NGÀY 16 ĐẾN ​31 THÁNG 01 NĂM 2026 (ĐỢT 2) | Z9: =COUNTIF(F9:T9,"-") -> 0
A11: ល.រ STT | B11: ត្រកូលនិងឈ្មោះ | C11: HỌ VÀ TÊN | D11: លេខអត្តសញ្ញាណ​បណ្ណ Số CMND | E11: ថ្ងៃខែឆ្នាំកំណើត Năm sinh | F11: 16 | G11: =F11+1 -> 17 | H11: =G11+1 -> 18 | I11: =H11+1 -> 19 | J11: =I11+1 -> 20 | K11: =J11+1 -> 21 | L11: =K11+1 -> 22 | M11: =L11+1 -> 23 | N11: =M11+1 -> 24 | ... U11: =T11+1 -> 31 | V11: ប្រាក់ថ្ងៃបុណ្យភ្ជុំបិណ្ឌ (Tiền lễ dương lịch 1/1/2026) | W11: មី និងប្រេងឆាឲ្យកម្មករ (Mì, dầu ăn cho CN) | X11: សរុប TỔNG CỘNG | Y11: សម្គាល់ GHI CHÚ | Z11: Vắng Đ 1 | AA11: Vắng Đ 2
A12: 1 | B12: រិន ច្រិប | C12: RIN CHRIB | D12: 150952531 | E12: 32274 | F12: X | G12: X | I12: X | J12: X | K12: X | L12: X | M12: X | N12: X | P12: - | Q12: - | R12: X | S12: X | T12: X | U12: X | V12: 1 | W12: =IF(SUM(Z12:AA12)<=2,1,0) -> 0 | X12: =COUNTIF(F12:U12,"X")+0.5*COUNTIF(F12:U12,"/")+COUNTIF(F12:U12,"R1")+COUNTIF(F12:U12,"R")+COUNTIF(F12:U12,"R")+COUNTIF(F12:U12,"Xcv") -> 12 | Z12: 1 | AA12: =COUNTIF(F12:U12,"-") -> 2 | AB12: =ROUND(AD12/AC12,4) -> 0.0909 | AC12: 11 | AD12: =V12 -> 1 | AE12: =ROUND(AD12*31947,0) -> 31947
A13: =+A12+1 -> 2 | B13: កែវ សម្បត្តិ | C13: KEO SAMBATH | D13: 110471355 | E13: 27485 | F13: X | G13: X | I13: X | J13: X | K13: X | L13: X | M13: X | N13: X | P13: X | Q13: X | R13: X | S13: X | T13: X | U13: X | V13: 1 | W13: =IF(SUM(Z13:AA13)<=2,1,0) -> 1 | X13: =COUNTIF(F13:U13,"X")+0.5*COUNTIF(F13:U13,"/")+COUNTIF(F13:U13,"R1")+COUNTIF(F13:U13,"R")+COUNTIF(F13:U13,"R")+COUNTIF(F13:U13,"Xcv") -> 14 | Z13: 0 | AA13: =COUNTIF(F13:U13,"-") -> 0 | AB13: =ROUND(AD13/AC13,4) -> 0.0909 | AC13: 11 | AD13: =V13 -> 1 | AE13: =ROUND(AD13*31947,0) -> 31947
A14: =+A13+1 -> 3 | B14: ផន ឃី | C14: PHORN KHY | D14: 150981478 | E14: 28166 | F14: - | G14: X | I14: X | J14: X | K14: X | L14: X | M14: X | N14: X | P14: X | Q14: X | R14: X | S14: X | T14: X | U14: X | V14: 1 | W14: =IF(SUM(Z14:AA14)<=2,1,0) -> 1 | X14: =COUNTIF(F14:U14,"X")+0.5*COUNTIF(F14:U14,"/")+COUNTIF(F14:U14,"R1")+COUNTIF(F14:U14,"R")+COUNTIF(F14:U14,"R")+COUNTIF(F14:U14,"Xcv") -> 13 | Z14: 0 | AA14: =COUNTIF(F14:U14,"-") -> 1 | AB14: =ROUND(AD14/AC14,4) -> 0.0845 | AC14: 10 | AD14: =V14*0.8451 -> 0.8451 | AE14: =ROUND(AD14*31947,0) -> 26998
A15: =+A14+1 -> 4 | B15: ថន ម៉ន | C15: THORN MORN | D15: 150644309 | E15: 30376 | F15: X | G15: X | I15: X | J15: X | K15: X | L15: X | M15: X | N15: X | P15: X | Q15: X | R15: X | S15: X | T15: X | U15: X | V15: 1 | W15: =IF(SUM(Z15:AA15)<=2,1,0) -> 1 | X15: =COUNTIF(F15:U15,"X")+0.5*COUNTIF(F15:U15,"/")+COUNTIF(F15:U15,"R1")+COUNTIF(F15:U15,"R")+COUNTIF(F15:U15,"R")+COUNTIF(F15:U15,"Xcv") -> 14 | Z15: 0 | AA15: =COUNTIF(F15:T15,"-") -> 0 | AB15: =ROUND(AD15/AC15,4) -> 0.1138 | AC15: 11 | AD15: =V15*1.2521 -> 1.2521 | AE15: =ROUND(AD15*31947,0) -> 40001
B16: ថន ម៉ន | C16: THORN MORN | D16: Làm thêm giờ | F16: / | I16: / | J16: / | K16: / | L16: / | M16: / | N16: / | P16: / | Q16: / | R16: / | S16: / | T16: / | U16: / | X16: =COUNTIF(F16:U16,"X")+0.5*COUNTIF(F16:U16,"/")+COUNTIF(F16:U16,"R1")+COUNTIF(F16:U16,"R")+COUNTIF(F16:U16,"R")+COUNTIF(F16:U16,"Xcv") -> 6.5 | AB16: =V16 -> 0 | AE16: =AB16*5000 -> 0
A17: 5 | B17: សៃ រិទ្ធី | C17: SAI RITHY | D17: 220195668 | E17: 37000 | F17: X | G17: X | I17: X | J17: X | K17: X | L17: X | M17: X | N17: X | P17: X | Q17: X | R17: X | T17: / | U17: X | V17: 1 | W17: =IF(SUM(Z17:AA17)<=2,1,0) -> 1 | X17: =COUNTIF(F17:U17,"X")+0.5*COUNTIF(F17:U17,"/")+COUNTIF(F17:U17,"R1")+COUNTIF(F17:U17,"R")+COUNTIF(F17:U17,"R")+COUNTIF(F17:U17,"Xcv") -> 12.5 | Z17: 0 | AA17: =COUNTIF(F17:T17,"-") -> 0 | AB17: =ROUND(AD17/AC17,4) -> 0.1138 | AC17: 11 | AD17: =V17*1.2521 -> 1.2521 | AE17: =ROUND(AD17*31947,0) -> 40001
B18: សៃ រិទ្ធី | C18: SAI RITHY | D18: Làm thêm giờ | F18: / | J18: / | K18: / | L18: / | M18: / | N18: / | Q18: / | R18: / | X18: =COUNTIF(F18:U18,"X")+0.5*COUNTIF(F18:U18,"/")+COUNTIF(F18:U18,"R1")+COUNTIF(F18:U18,"R")+COUNTIF(F18:U18,"R")+COUNTIF(F18:U18,"Xcv") -> 4 | AB18: =V18 -> 0 | AE18: =AB18*5000 -> 0
A19: 6 | B19: សាត រិទ្ធិសាក់ | C19: SAT RITHYSAK | D19: 220208913 | E19: 36814 | F19: X | G19: X | I19: X | J19: X | K19: X | L19: X | M19: X | N19: X | P19: X | Q19: X | R19: X | S19: X | T19: X | U19: X | V19: 1 | W19: =IF(SUM(Z19:AA19)<=2,1,0) -> 1 | X19: =COUNTIF(F19:U19,"X")+0.5*COUNTIF(F19:U19,"/")+COUNTIF(F19:U19,"R1")+COUNTIF(F19:U19,"R")+COUNTIF(F19:U19,"R")+COUNTIF(F19:U19,"Xcv") -> 14 | Z19: 0 | AA19: =COUNTIF(F19:T19,"-") -> 0 | AB19: =V19*1.2521 -> 1.2521 | AC19: =ROUND(V19*31947,0) -> 31947
B20: សាត រិទ្ធិសាក់ | C20: SAT RITHYSAK | D20: Làm thêm giờ | F20: / | I20: / | J20: / | K20: / | L20: / | M20: / | N20: / | P20: / | Q20: / | R20: / | S20: / | T20: / | U20: / | X20: =COUNTIF(F20:U20,"X")+0.5*COUNTIF(F20:U20,"/")+COUNTIF(F20:U20,"R1")+COUNTIF(F20:U20,"R")+COUNTIF(F20:U20,"R")+COUNTIF(F20:U20,"Xcv") -> 6.5 | AB20: =V20 -> 0 | AC20: =V20*5000 -> 0
A21: =+A19+1 -> 7 | B21: ហឿង សុជឿន | C21: HOEUNG SOCHOEUN | D21: 150911076 | E21: 37169 | J21: X | K21: X | L21: X | M21: X | N21: X | V21: 1 | W21: =IF(SUM(Z21:AA21)<=2,1,0) -> 1 | X21: =COUNTIF(F21:U21,"X")+0.5*COUNTIF(F21:U21,"/")+COUNTIF(F21:U21,"R1")+COUNTIF(F21:U21,"R")+COUNTIF(F21:U21,"R")+COUNTIF(F21:U21,"Xcv") -> 5 | Z21: 0 | AA21: =COUNTIF(F21:T21,"-") -> 0
A22: =A21+1 -> 8 | B22: ថន សំណាង | C22: THAN SAMNANG | D22: 220102094 | E22: 34977 | J22: X | K22: X | L22: X | M22: X | N22: X | V22: 1 | W22: =IF(SUM(Z22:AA22)<=2,1,0) -> 1 | X22: =COUNTIF(F22:U22,"X")+0.5*COUNTIF(F22:U22,"/")+COUNTIF(F22:U22,"R1")+COUNTIF(F22:U22,"R")+COUNTIF(F22:U22,"R")+COUNTIF(F22:U22,"Xcv") -> 5 | Z22: 1 | AA22: =COUNTIF(F22:T22,"-") -> 0
A23: =A22+1 -> 9 | B23: ថូរ សុភ័ណ្ឌ | C23: THO SOPHORN | D23: 210050404 | E23: 35370 | J23: X | K23: X | L23: X | M23: X | N23: - | V23: 1 | W23: =IF(SUM(Z23:AA23)<=2,1,0) -> 1 | X23: =COUNTIF(F23:U23,"X")+0.5*COUNTIF(F23:U23,"/")+COUNTIF(F23:U23,"R1")+COUNTIF(F23:U23,"R")+COUNTIF(F23:U23,"R")+COUNTIF(F23:U23,"Xcv") -> 4 | Z23: 0 | AA23: =COUNTIF(F23:T23,"-") -> 1
A24: =A23+1 -> 10 | B24: ធៀម សំនាង | C24: THEAM SAMNEANG | D24: 151006137 | E24: 38944 | J24: X | K24: X | L24: X | M24: X | N24: X | V24: 1 | W24: =IF(SUM(Z24:AA24)<=2,1,0) -> 1 | X24: =COUNTIF(F24:U24,"X")+0.5*COUNTIF(F24:U24,"/")+COUNTIF(F24:U24,"R1")+COUNTIF(F24:U24,"R")+COUNTIF(F24:U24,"R")+COUNTIF(F24:U24,"Xcv") -> 5 | Z24: 1 | AA24: =COUNTIF(F24:T24,"-") -> 0
A25: =A24+1 -> 11 | B25: អែល សាន់ | C25: EL SANN | D25: 040322767 | E25: 34973 | J25: X | K25: - | L25: X | M25: X | N25: X | V25: 1 | W25: =IF(SUM(Z25:AA25)<=2,1,0) -> 1 | X25: =COUNTIF(F25:U25,"X")+0.5*COUNTIF(F25:U25,"/")+COUNTIF(F25:U25,"R1")+COUNTIF(F25:U25,"R")+COUNTIF(F25:U25,"R")+COUNTIF(F25:U25,"Xcv") -> 4 | Z25: 1 | AA25: =COUNTIF(F25:T25,"-") -> 1
A26: =A25+1 -> 12 | B26: អ៊ាវ ខាត់ | C26: EAV KHATH | D26: 150469697 | E26: 33704 | J26: X | K26: - | L26: X | M26: X | N26: X | V26: 1 | W26: =IF(SUM(Z26:AA26)<=2,1,0) -> 1 | X26: =COUNTIF(F26:U26,"X")+0.5*COUNTIF(F26:U26,"/")+COUNTIF(F26:U26,"R1")+COUNTIF(F26:U26,"R")+COUNTIF(F26:U26,"R")+COUNTIF(F26:U26,"Xcv") -> 4 | Z26: 1 | AA26: =COUNTIF(F26:T26,"-") -> 1
A27: =A26+1 -> 13 | B27: ភី ផូ | C27: PHI PHO | D27: 150927708 | E27: 37085 | J27: X | K27: X | L27: X | M27: X | N27: X | V27: 1 | W27: =IF(SUM(Z27:AA27)<=2,1,0) -> 0 | X27: =COUNTIF(F27:U27,"X")+0.5*COUNTIF(F27:U27,"/")+COUNTIF(F27:U27,"R1")+COUNTIF(F27:U27,"R")+COUNTIF(F27:U27,"R")+COUNTIF(F27:U27,"Xcv") -> 5 | Z27: 4 | AA27: =COUNTIF(F27:T27,"-") -> 0
A28: =A27+1 -> 14 | B28: វុន វណ្ណនី | C28: VON VANNY | D28: 151034061 | E28: 39153 | J28: - | K28: - | L28: X | M28: - | N28: - | V28: 1 | W28: =IF(SUM(Z28:AA28)<=2,1,0) -> 0 | X28: =COUNTIF(F28:U28,"X")+0.5*COUNTIF(F28:U28,"/")+COUNTIF(F28:U28,"R1")+COUNTIF(F28:U28,"R")+COUNTIF(F28:U28,"R")+COUNTIF(F28:U28,"Xcv") -> 1 | Z28: 0 | AA28: =COUNTIF(F28:T28,"-") -> 4
A29: =A28+1 -> 15 | B29: លឿន ឆាលី | C29: LOEUN CHALY | D29: 150911069 | E29: 37366 | J29: X | K29: X | L29: - | M29: X | N29: X | V29: 1 | W29: =IF(SUM(Z29:AA29)<=2,1,0) -> 0 | X29: =COUNTIF(F29:U29,"X")+0.5*COUNTIF(F29:U29,"/")+COUNTIF(F29:U29,"R1")+COUNTIF(F29:U29,"R")+COUNTIF(F29:U29,"R")+COUNTIF(F29:U29,"Xcv") -> 4 | Z29: 3 | AA29: =COUNTIF(F29:T29,"-") -> 1
A30: =A29+1 -> 16 | B30: ហឿន សាវុធ | C30: HOEURN SAVUTH | D30: 020520213 | E30: 31484 | J30: X | K30: - | L30: X | M30: X | N30: X | V30: 1 | W30: =IF(SUM(Z30:AA30)<=2,1,0) -> 1 | X30: =COUNTIF(F30:U30,"X")+0.5*COUNTIF(F30:U30,"/")+COUNTIF(F30:U30,"R1")+COUNTIF(F30:U30,"R")+COUNTIF(F30:U30,"R")+COUNTIF(F30:U30,"Xcv") -> 4 | Z30: 1 | AA30: =COUNTIF(F30:T30,"-") -> 1
A31: =A30+1 -> 17 | B31: រឿន សារី | C31: ROEUN SARY | D31: 220175393 | E31: 31413 | J31: X | K31: X | L31: X | M31: X | N31: X | V31: 1 | W31: =IF(SUM(Z31:AA31)<=2,1,0) -> 1 | X31: =COUNTIF(F31:U31,"X")+0.5*COUNTIF(F31:U31,"/")+COUNTIF(F31:U31,"R1")+COUNTIF(F31:U31,"R")+COUNTIF(F31:U31,"R")+COUNTIF(F31:U31,"Xcv") -> 5 | Z31: 0 | AA31: =COUNTIF(F31:T31,"-") -> 0
A32: =A31+1 -> 18 | B32: ហ៊ុច សំណាង | C32: HOCH SOMNANG | D32: 150936257 | E32: 37356 | J32: X | K32: X | L32: - | M32: X | N32: X | V32: 1 | W32: =IF(SUM(Z32:AA32)<=2,1,0) -> 1 | X32: =COUNTIF(F32:U32,"X")+0.5*COUNTIF(F32:U32,"/")+COUNTIF(F32:U32,"R1")+COUNTIF(F32:U32,"R")+COUNTIF(F32:U32,"R")+COUNTIF(F32:U32,"Xcv") -> 4 | Z32: 1 | AA32: =COUNTIF(F32:T32,"-") -> 1
A33: =A32+1 -> 19 | B33: បាន ចន្ថា | C33: BAN CHANTHA | D33: 220137301 | E33: 30074 | J33: X | K33: - | L33: X | M33: X | N33: X | V33: 1 | W33: =IF(SUM(Z33:AA33)<=2,1,0) -> 1 | X33: =COUNTIF(F33:U33,"X")+0.5*COUNTIF(F33:U33,"/")+COUNTIF(F33:U33,"R1")+COUNTIF(F33:U33,"R")+COUNTIF(F33:U33,"R")+COUNTIF(F33:U33,"Xcv") -> 4 | Z33: 1 | AA33: =COUNTIF(F33:T33,"-") -> 1
A34: =A33+1 -> 20 | B34: សាន់ យូស័រ | C34: SAN YUSOR | D34: 150940509 | E34: 37662 | J34: X | K34: X | L34: X | M34: X | N34: X | V34: 1 | W34: =IF(SUM(Z34:AA34)<=2,1,0) -> 0 | X34: =COUNTIF(F34:U34,"X")+0.5*COUNTIF(F34:U34,"/")+COUNTIF(F34:U34,"R1")+COUNTIF(F34:U34,"R")+COUNTIF(F34:U34,"R")+COUNTIF(F34:U34,"Xcv") -> 5 | Z34: 4 | AA34: =COUNTIF(F34:T34,"-") -> 0
A35: =A34+1 -> 21 | B35: វុន វណ្ណា | C35: VUN VANNA | D35: 150657948 | E35: 36192 | J35: - | K35: - | L35: X | M35: / | N35: X | V35: 1 | W35: =IF(SUM(Z35:AA35)<=2,1,0) -> 1 | X35: =COUNTIF(F35:U35,"X")+0.5*COUNTIF(F35:U35,"/")+COUNTIF(F35:U35,"R1")+COUNTIF(F35:U35,"R")+COUNTIF(F35:U35,"R")+COUNTIF(F35:U35,"Xcv") -> 2.5 | Z35: 0 | AA35: =COUNTIF(F35:T35,"-") -> 2
A36: =A35+1 -> 22 | B36: ជឿន នីន | C36: CHOEUN NIN | D36: 150952503 | E36: 38207 | J36: X | K36: X | L36: X | M36: X | N36: X | V36: 1 | W36: =IF(SUM(Z36:AA36)<=2,1,0) -> 1 | X36: =COUNTIF(F36:U36,"X")+0.5*COUNTIF(F36:U36,"/")+COUNTIF(F36:U36,"R1")+COUNTIF(F36:U36,"R")+COUNTIF(F36:U36,"R")+COUNTIF(F36:U36,"Xcv") -> 5 | Z36: 0 | AA36: =COUNTIF(F36:T36,"-") -> 0
A37: =A36+1 -> 23 | B37: ហឿង ហេង | C37: HOEUNG HENG | D37: 220248893 | E37: 33855 | J37: - | K37: X | L37: X | M37: X | N37: X | V37: 1 | W37: =IF(SUM(Z37:AA37)<=2,1,0) -> 0 | X37: =COUNTIF(F37:U37,"X")+0.5*COUNTIF(F37:U37,"/")+COUNTIF(F37:U37,"R1")+COUNTIF(F37:U37,"R")+COUNTIF(F37:U37,"R")+COUNTIF(F37:U37,"Xcv") -> 4 | Z37: 3 | AA37: =COUNTIF(F37:T37,"-") -> 1
A38: =A37+1 -> 24 | B38: គង់ ចាន់ទ្រឿន | C38: KONG CHANTROEUN | D38: 220105697 | E38: 35623 | J38: - | K38: X | L38: X | M38: X | N38: X | V38: 1 | W38: =IF(SUM(Z38:AA38)<=2,1,0) -> 0 | X38: =COUNTIF(F38:U38,"X")+0.5*COUNTIF(F38:U38,"/")+COUNTIF(F38:U38,"R1")+COUNTIF(F38:U38,"R")+COUNTIF(F38:U38,"R")+COUNTIF(F38:U38,"Xcv") -> 4 | Z38: 3 | AA38: =COUNTIF(F38:T38,"-") -> 1
A39: =A38+1 -> 25 | B39: ទៀង ឡៃស៊ីម | C39: TIENG LAISIM | D39: 220216744 | E39: 37994 | J39: X | K39: X | L39: X | M39: X | N39: X | V39: 1 | W39: =IF(SUM(Z39:AA39)<=2,1,0) -> 1 | X39: =COUNTIF(F39:U39,"X")+0.5*COUNTIF(F39:U39,"/")+COUNTIF(F39:U39,"R1")+COUNTIF(F39:U39,"R")+COUNTIF(F39:U39,"R")+COUNTIF(F39:U39,"Xcv") -> 5 | Z39: 1 | AA39: =COUNTIF(F39:T39,"-") -> 0
A40: =A39+1 -> 26 | B40: ម៉ុន ម៉ោល | C40: MON MORL | D40: 220211460 | E40: 37970 | J40: X | K40: X | L40: X | M40: X | N40: X | V40: 1 | W40: =IF(SUM(Z40:AA40)<=2,1,0) -> 1 | X40: =COUNTIF(F40:U40,"X")+0.5*COUNTIF(F40:U40,"/")+COUNTIF(F40:U40,"R1")+COUNTIF(F40:U40,"R")+COUNTIF(F40:U40,"R")+COUNTIF(F40:U40,"Xcv") -> 5 | Z40: 1 | AA40: =COUNTIF(F40:T40,"-") -> 0
A41: =A40+1 -> 27 | B41: កែវ ប្រុសសុទ្ធ | C41: KEO BROSSOTH | D41: 151056059 | E41: 38810 | J41: X | K41: X | L41: X | M41: - | N41: X | V41: 1 | W41: =IF(SUM(Z41:AA41)<=2,1,0) -> 1 | X41: =COUNTIF(F41:U41,"X")+0.5*COUNTIF(F41:U41,"/")+COUNTIF(F41:U41,"R1")+COUNTIF(F41:U41,"R")+COUNTIF(F41:U41,"R")+COUNTIF(F41:U41,"Xcv") -> 4 | Z41: 1 | AA41: =COUNTIF(F41:T41,"-") -> 1
A42: =A41+1 -> 28 | B42: ម៉ុក សុធា | C42: MOK SOTHEA | D42: 150306182 (01) | E42: 31934 | J42: X | K42: - | L42: X | M42: X | N42: X | V42: 1 | W42: =IF(SUM(Z42:AA42)<=2,1,0) -> 0 | X42: =COUNTIF(F42:U42,"X")+0.5*COUNTIF(F42:U42,"/")+COUNTIF(F42:U42,"R1")+COUNTIF(F42:U42,"R")+COUNTIF(F42:U42,"R")+COUNTIF(F42:U42,"Xcv") -> 4 | Z42: 2 | AA42: =COUNTIF(F42:T42,"-") -> 1
A43: =A42+1 -> 29 | B43: ជឿន ថា | C43: CHOEUN THA | D43: 150429482 (01) | E43: 32888 | F43: X | H43: X | I43: X | K43: X | L43: X | M43: X | N43: X | O43: X | P43: X | Q43: X | R43: X | S43: X | T43: X | V43: 1 | W43: =IF(SUM(Z43:AA43)<=2,1,0) -> 1 | X43: =COUNTIF(F43:U43,"X")+0.5*COUNTIF(F43:U43,"/")+COUNTIF(F43:U43,"R1")+COUNTIF(F43:U43,"R")+COUNTIF(F43:U43,"R")+COUNTIF(F43:U43,"Xcv") -> 13 | Z43: 0 | AA43: =COUNTIF(F43:T43,"-") -> 0
A44: =+A43+1 -> 30 | B44: ហ៊ុន ម៉ៅ | C44: HUN MAO | D44: 150839024 | E44: 29091 | F44: X | H44: X | I44: X | K44: X | L44: X | M44: X | N44: X | O44: X | P44: X | Q44: X | R44: X | S44: X | T44: X | V44: 1 | W44: =IF(SUM(Z44:AA44)<=2,1,0) -> 1 | X44: =COUNTIF(F44:U44,"X")+0.5*COUNTIF(F44:U44,"/")+COUNTIF(F44:U44,"R1")+COUNTIF(F44:U44,"R")+COUNTIF(F44:U44,"R")+COUNTIF(F44:U44,"Xcv") -> 13 | Z44: 0 | AA44: =COUNTIF(F44:T44,"-") -> 0
A45: =+A44+1 -> 31 | B45: ជឿន ថី | C45: CHOEUN THEY | D45: 150469703 (01) | E45: 34132 | F45: X | H45: X | I45: X | K45: X | L45: X | M45: X | N45: X | O45: X | P45: X | Q45: X | R45: X | S45: X | T45: X | V45: 1 | W45: =IF(SUM(Z45:AA45)<=2,1,0) -> 1 | X45: =COUNTIF(F45:U45,"X")+0.5*COUNTIF(F45:U45,"/")+COUNTIF(F45:U45,"R1")+COUNTIF(F45:U45,"R")+COUNTIF(F45:U45,"R")+COUNTIF(F45:U45,"Xcv") -> 13 | Z45: 2 | AA45: =COUNTIF(F45:T45,"-") -> 0
A46: =+A45+1 -> 32 | B46: ឆឹម ខុន | C46: CHHEOM KHON | D46: 150360208 (01) | E46: 33036 | F46: X | H46: X | I46: X | K46: X | L46: X | M46: X | N46: X | O46: X | P46: X | Q46: X | R46: X | S46: X | T46: X | V46: 1 | W46: =IF(SUM(Z46:AA46)<=2,1,0) -> 1 | X46: =COUNTIF(F46:U46,"X")+0.5*COUNTIF(F46:U46,"/")+COUNTIF(F46:U46,"R1")+COUNTIF(F46:U46,"R")+COUNTIF(F46:U46,"R")+COUNTIF(F46:U46,"Xcv") -> 13 | Z46: 0 | AA46: =COUNTIF(F46:T46,"-") -> 0
A47: =+A46+1 -> 33 | B47: ថន សុខធា | C47: THON SOKHTHEA | D47: 220137744 | E47: 36010 | F47: X | H47: X | I47: X | K47: X | L47: X | M47: X | N47: X | O47: X | P47: X | Q47: X | R47: X | S47: X | T47: X | V47: 1 | W47: =IF(SUM(Z47:AA47)<=2,1,0) -> 1 | X47: =COUNTIF(F47:U47,"X")+0.5*COUNTIF(F47:U47,"/")+COUNTIF(F47:U47,"R1")+COUNTIF(F47:U47,"R")+COUNTIF(F47:U47,"R")+COUNTIF(F47:U47,"Xcv") -> 13 | Z47: 2 | AA47: =COUNTIF(F47:T47,"-") -> 0
A48: =+A47+1 -> 34 | B48: នី គីន | C48: NY KIN | D48: 150627962 | E48: 30957 | F48: X | H48: X | I48: X | K48: X | L48: X | M48: X | N48: X | O48: X | P48: X | Q48: X | R48: X | S48: X | T48: X | V48: 1 | W48: =IF(SUM(Z48:AA48)<=2,1,0) -> 1 | X48: =COUNTIF(F48:U48,"X")+0.5*COUNTIF(F48:U48,"/")+COUNTIF(F48:U48,"R1")+COUNTIF(F48:U48,"R")+COUNTIF(F48:U48,"R")+COUNTIF(F48:U48,"Xcv") -> 13 | Z48: 0 | AA48: =COUNTIF(F48:T48,"-") -> 0
A49: =+A48+1 -> 35 | B49: វុន ហួន | C49: VUN HOUN | D49: 150523228 | E49: 34529 | F49: X | H49: X | I49: X | K49: X | L49: X | M49: X | N49: X | O49: X | P49: X | Q49: X | R49: X | S49: X | T49: X | V49: 1 | W49: =IF(SUM(Z49:AA49)<=2,1,0) -> 1 | X49: =COUNTIF(F49:U49,"X")+0.5*COUNTIF(F49:U49,"/")+COUNTIF(F49:U49,"R1")+COUNTIF(F49:U49,"R")+COUNTIF(F49:U49,"R")+COUNTIF(F49:U49,"Xcv") -> 13 | Z49: 0 | AA49: =COUNTIF(F49:T49,"-") -> 0
A50: =+A49+1 -> 36 | B50: លី​ ប៊ុនយ៉េន | C50: LY BUNYEN | D50: 151013383 | E50: 36565 | F50: X | H50: X | I50: X | K50: X | L50: X | M50: X | N50: X | O50: X | P50: X | Q50: X | R50: X | S50: X | T50: X | V50: 1 | W50: =IF(SUM(Z50:AA50)<=2,1,0) -> 1 | X50: =COUNTIF(F50:U50,"X")+0.5*COUNTIF(F50:U50,"/")+COUNTIF(F50:U50,"R1")+COUNTIF(F50:U50,"R")+COUNTIF(F50:U50,"R")+COUNTIF(F50:U50,"Xcv") -> 13 | Z50: 0 | AA50: =COUNTIF(F50:T50,"-") -> 0
A51: =+A50+1 -> 37 | B51: ធឿន​ វុឌ្ឍី | C51: THOEUN VUTHY | D51: 150537069 | E51: 34890 | F51: X | H51: X | I51: X | K51: X | L51: X | M51: X | N51: X | O51: X | P51: X | Q51: X | R51: X | S51: X | T51: X | V51: 1 | W51: =IF(SUM(Z51:AA51)<=2,1,0) -> 1 | X51: =COUNTIF(F51:U51,"X")+0.5*COUNTIF(F51:U51,"/")+COUNTIF(F51:U51,"R1")+COUNTIF(F51:U51,"R")+COUNTIF(F51:U51,"R")+COUNTIF(F51:U51,"Xcv") -> 13 | Z51: 0 | AA51: =COUNTIF(F51:T51,"-") -> 0
A52: =+A51+1 -> 38 | B52: ឌូ ឌីន | C52: DOU DIN | D52: 151046569 | E52: 29407 | F52: X | G52: X | I52: X | J52: X | K52: X | L52: X | M52: X | N52: X | P52: X | Q52: X | R52: X | S52: X | T52: X | U52: X | V52: 1 | W52: =IF(SUM(Z52:AA52)<=2,1,0) -> 0 | X52: =COUNTIF(F52:U52,"X")+0.5*COUNTIF(F52:U52,"/")+COUNTIF(F52:U52,"R1")+COUNTIF(F52:U52,"R")+COUNTIF(F52:U52,"R")+COUNTIF(F52:U52,"Xcv") -> 14 | Z52: 3 | AA52: =COUNTIF(F52:T52,"-") -> 0
A53: =+A52+1 -> 39 | B53: ម៉ៅ ថី | C53: MAO THEY | D53: 150771197 | E53: 30844 | F53: X | G53: X | I53: X | J53: X | K53: X | L53: X | M53: X | N53: X | P53: X | Q53: X | R53: X | S53: X | T53: X | U53: X | V53: 1 | W53: =IF(SUM(Z53:AA53)<=2,1,0) -> 1 | X53: =COUNTIF(F53:U53,"X")+0.5*COUNTIF(F53:U53,"/")+COUNTIF(F53:U53,"R1")+COUNTIF(F53:U53,"R")+COUNTIF(F53:U53,"R")+COUNTIF(F53:U53,"Xcv") -> 14 | Z53: 0 | AA53: =COUNTIF(F53:T53,"-") -> 0
A54: =+A53+1 -> 40 | B54: ហៀង ហ័ង | C54: HEANG HORNG | D54: 150936930 | E54: 31695 | F54: X | G54: X | I54: X | J54: X | K54: X | L54: X | M54: X | N54: X | P54: X | Q54: X | R54: X | S54: X | T54: X | V54: 1 | W54: =IF(SUM(Z54:AA54)<=2,1,0) -> 1 | X54: =COUNTIF(F54:U54,"X")+0.5*COUNTIF(F54:U54,"/")+COUNTIF(F54:U54,"R1")+COUNTIF(F54:U54,"R")+COUNTIF(F54:U54,"R")+COUNTIF(F54:U54,"Xcv") -> 13 | Z54: 0 | AA54: =COUNTIF(F54:T54,"-") -> 0
B55: ហៀង ហ័ង | C55: HEANG HORNG | D55: Làm thêm giờ | F55: / | G55: / | I55: / | J55: / | K55: / | L55: / | M55: / | N55: / | P55: / | Q55: / | R55: / | S55: / | T55: / | X55: =COUNTIF(F55:U55,"X")+0.5*COUNTIF(F55:U55,"/")+COUNTIF(F55:U55,"R1")+COUNTIF(F55:U55,"R")+COUNTIF(F55:U55,"R")+COUNTIF(F55:U55,"Xcv") -> 6.5 | Z55: 0 | AA55: =COUNTIF(F55:T55,"-") -> 0
A56: =+A54+1 -> 41 | B56: មឿន សេន | C56: MOEURN SEN | D56: 180753924 | E56: 31999 | F56: X | G56: X | I56: X | J56: X | K56: X | L56: X | M56: X | N56: X | P56: X | Q56: X | R56: X | S56: X | T56: / | V56: 1 | W56: =IF(SUM(Z56:AA56)<=2,1,0) -> 1 | X56: =COUNTIF(F56:U56,"X")+0.5*COUNTIF(F56:U56,"/")+COUNTIF(F56:U56,"R1")+COUNTIF(F56:U56,"R")+COUNTIF(F56:U56,"R")+COUNTIF(F56:U56,"Xcv") -> 12.5 | AA56: =COUNTIF(F56:T56,"-") -> 0
B57: មឿន សេន | C57: MOEURN SEN | D57: Làm thêm giờ | K57: / | L57: / | M57: / | N57: / | Q57: / | R57: / | X57: =COUNTIF(F57:U57,"X")+0.5*COUNTIF(F57:U57,"/")+COUNTIF(F57:U57,"R1")+COUNTIF(F57:U57,"R")+COUNTIF(F57:U57,"R")+COUNTIF(F57:U57,"Xcv") -> 3 | Z57: 0 | AA57: =COUNTIF(F57:T57,"-") -> 0
A58: =+A56+1 -> 42 | B58: សួរ សាលូត | C58: SOUR SALOUTH | D58: 220208904 | E58: 36442 | F58: X | G58: X | I58: X | J58: X | K58: X | L58: X | M58: X | N58: X | P58: X | Q58: X | R58: X | S58: X | T58: X | U58: X | V58: 1 | W58: =IF(SUM(Z58:AA58)<=2,1,0) -> 1 | X58: =COUNTIF(F58:U58,"X")+0.5*COUNTIF(F58:U58,"/")+COUNTIF(F58:U58,"R1")+COUNTIF(F58:U58,"R")+COUNTIF(F58:U58,"R")+COUNTIF(F58:U58,"Xcv") -> 14 | Z58: 0 | AA58: =COUNTIF(F58:T58,"-") -> 0
B59: សួរ សាលូត | C59: SOUR SALOUTH | D59: Làm thêm giờ | F59: / | I59: / | J59: / | K59: / | L59: / | M59: / | N59: / | P59: / | Q59: / | R59: / | S59: / | T59: / | X59: =COUNTIF(F59:U59,"X")+0.5*COUNTIF(F59:U59,"/")+COUNTIF(F59:U59,"R1")+COUNTIF(F59:U59,"R")+COUNTIF(F59:U59,"R")+COUNTIF(F59:U59,"Xcv") -> 6 | Z59: 1 | AA59: =COUNTIF(F59:T59,"-") -> 0
A60: =1+A58 -> 43 | B60: ហ៊ីម មករា | C60: HIM MAKRA | D60: 150978188 | E60: 37990 | K60: X | L60: X | M60: X | N60: X | O60: X | V60: 1 | W60: =IF(SUM(Z60:AA60)<=2,1,0) -> 1 | X60: =COUNTIF(F60:U60,"X")+0.5*COUNTIF(F60:U60,"/")+COUNTIF(F60:U60,"R1")+COUNTIF(F60:U60,"R")+COUNTIF(F60:U60,"R")+COUNTIF(F60:U60,"Xcv") -> 5 | Z60: 0 | AA60: =COUNTIF(F60:T60,"-") -> 0
A61: =+A60+1 -> 44 | B61: ហុក តុងសេង | C61: HUK TUNGSENG | D61: 210070000 | E61: 29441 | K61: X | L61: X | M61: X | N61: X | O61: X | V61: 1 | W61: =IF(SUM(Z61:AA61)<=2,1,0) -> 1 | X61: =COUNTIF(F61:U61,"X")+0.5*COUNTIF(F61:U61,"/")+COUNTIF(F61:U61,"R1")+COUNTIF(F61:U61,"R")+COUNTIF(F61:U61,"R")+COUNTIF(F61:U61,"Xcv") -> 5 | Z61: 2 | AA61: =COUNTIF(F61:T61,"-") -> 0
A62: =+A61+1 -> 45 | B62: គួន ធី | C62: KOURN THY | D62: 150582874 | E62: 31240 | K62: X | L62: X | M62: X | N62: X | O62: - | V62: 1 | W62: =IF(SUM(Z62:AA62)<=2,1,0) -> 1 | X62: =COUNTIF(F62:U62,"X")+0.5*COUNTIF(F62:U62,"/")+COUNTIF(F62:U62,"R1")+COUNTIF(F62:U62,"R")+COUNTIF(F62:U62,"R")+COUNTIF(F62:U62,"Xcv") -> 4 | Z62: 1 | AA62: =COUNTIF(F62:T62,"-") -> 1
A63: =+A62+1 -> 46 | B63: អៀង អ៊ា | C63: EANG EAR | D63: 150523495 (01) | E63: 35221 | K63: - | L63: X | M63: X | N63: X | O63: X | V63: 1 | W63: =IF(SUM(Z63:AA63)<=2,1,0) -> 1 | X63: =COUNTIF(F63:U63,"X")+0.5*COUNTIF(F63:U63,"/")+COUNTIF(F63:U63,"R1")+COUNTIF(F63:U63,"R")+COUNTIF(F63:U63,"R")+COUNTIF(F63:U63,"Xcv") -> 4 | Z63: 0 | AA63: =COUNTIF(F63:T63,"-") -> 1
A64: =+A63+1 -> 47 | B64: ម៉ៅ សុខនី | C64: MAO SOKNY | D64: 151058048 | E64: 39700 | K64: X | L64: X | M64: X | N64: X | O64: X | V64: 1 | W64: =IF(SUM(Z64:AA64)<=2,1,0) -> 1 | X64: =COUNTIF(F64:U64,"X")+0.5*COUNTIF(F64:U64,"/")+COUNTIF(F64:U64,"R1")+COUNTIF(F64:U64,"R")+COUNTIF(F64:U64,"R")+COUNTIF(F64:U64,"Xcv") -> 5 | Z64: 0 | AA64: =COUNTIF(F64:T64,"-") -> 0
A65: =+A64+1 -> 48 | B65: ម៉ឹង គា | C65: MOENG KEA | D65: 150925395 | E65: 26483 | K65: X | L65: X | M65: X | N65: X | O65: X | V65: 1 | W65: =IF(SUM(Z65:AA65)<=2,1,0) -> 1 | X65: =COUNTIF(F65:U65,"X")+0.5*COUNTIF(F65:U65,"/")+COUNTIF(F65:U65,"R1")+COUNTIF(F65:U65,"R")+COUNTIF(F65:U65,"R")+COUNTIF(F65:U65,"Xcv") -> 5 | Z65: 1 | AA65: =COUNTIF(F65:T65,"-") -> 0
A66: =+A65+1 -> 49 | B66: ម៉ៅ សុខម៉េង | C66: MAO SOKMENG | D66: 151075912 | E66: 40097 | K66: X | L66: X | M66: X | N66: X | O66: X | V66: 1 | W66: =IF(SUM(Z66:AA66)<=2,1,0) -> 1 | X66: =COUNTIF(F66:U66,"X")+0.5*COUNTIF(F66:U66,"/")+COUNTIF(F66:U66,"R1")+COUNTIF(F66:U66,"R")+COUNTIF(F66:U66,"R")+COUNTIF(F66:U66,"Xcv") -> 5 | Z66: 1 | AA66: =COUNTIF(F66:T66,"-") -> 0
A67: =+A66+1 -> 50 | B67: គា​ ទីណូ | C67: KHEA TINO | D67: 151055393 | E67: 39725 | K67: X | L67: X | M67: X | N67: X | O67: X | V67: 1 | W67: =IF(SUM(Z67:AA67)<=2,1,0) -> 1 | X67: =COUNTIF(F67:U67,"X")+0.5*COUNTIF(F67:U67,"/")+COUNTIF(F67:U67,"R1")+COUNTIF(F67:U67,"R")+COUNTIF(F67:U67,"R")+COUNTIF(F67:U67,"Xcv") -> 5 | Z67: 0 | AA67: =COUNTIF(F67:T67,"-") -> 0
A68: =+A67+1 -> 51 | B68: ធួន ធីម | C68: THUN THIM | D68: 150981411 | E68: 30228 | K68: X | L68: X | M68: X | N68: X | O68: X | V68: 1 | W68: =IF(SUM(Z68:AA68)<=2,1,0) -> 1 | X68: =COUNTIF(F68:U68,"X")+0.5*COUNTIF(F68:U68,"/")+COUNTIF(F68:U68,"R1")+COUNTIF(F68:U68,"R")+COUNTIF(F68:U68,"R")+COUNTIF(F68:U68,"Xcv") -> 5 | Z68: 0 | AA68: =COUNTIF(F68:T68,"-") -> 0
A69: =+A68+1 -> 52 | B69: មាស ភា | C69: MEAS PHEA | D69: 151029997 | E69: 39116 | K69: X | L69: X | M69: X | N69: X | O69: X | V69: 1 | W69: =IF(SUM(Z69:AA69)<=2,1,0) -> 1 | X69: =COUNTIF(F69:U69,"X")+0.5*COUNTIF(F69:U69,"/")+COUNTIF(F69:U69,"R1")+COUNTIF(F69:U69,"R")+COUNTIF(F69:U69,"R")+COUNTIF(F69:U69,"Xcv") -> 5 | Z69: 0 | AA69: =COUNTIF(F69:T69,"-") -> 0
A70: =+A69+1 -> 53 | B70: សេន សីហា | C70: SEN SEYHA | D70: 181167293 | E70: 39668 | K70: X | L70: X | M70: X | N70: X | O70: X | V70: 1 | W70: =IF(SUM(Z70:AA70)<=2,1,0) -> 1 | X70: =COUNTIF(F70:U70,"X")+0.5*COUNTIF(F70:U70,"/")+COUNTIF(F70:U70,"R1")+COUNTIF(F70:U70,"R")+COUNTIF(F70:U70,"R")+COUNTIF(F70:U70,"Xcv") -> 5 | Z70: 1 | AA70: =COUNTIF(F70:T70,"-") -> 0
A71: =+A70+1 -> 54 | B71: មេង បូរី | C71: MENG BOREY | D71: 151048971 | E71: 39552 | K71: X | L71: X | M71: X | N71: X | O71: X | V71: 1 | W71: =IF(SUM(Z71:AA71)<=2,1,0) -> 1 | X71: =COUNTIF(F71:U71,"X")+0.5*COUNTIF(F71:U71,"/")+COUNTIF(F71:U71,"R1")+COUNTIF(F71:U71,"R")+COUNTIF(F71:U71,"R")+COUNTIF(F71:U71,"Xcv") -> 5 | Z71: 0 | AA71: =COUNTIF(F71:T71,"-") -> 0
A72: =+A71+1 -> 55 | B72: មាស សៀក | C72: MEAS SEAK | D72: 150845321 | E72: 34279 | K72: X | L72: X | M72: X | N72: X | O72: X | V72: 1 | W72: =IF(SUM(Z72:AA72)<=2,1,0) -> 1 | X72: =COUNTIF(F72:U72,"X")+0.5*COUNTIF(F72:U72,"/")+COUNTIF(F72:U72,"R1")+COUNTIF(F72:U72,"R")+COUNTIF(F72:U72,"R")+COUNTIF(F72:U72,"Xcv") -> 5 | Z72: 1 | AA72: =COUNTIF(F72:T72,"-") -> 0
A73: =+A72+1 -> 56 | B73: ម៉ៅ ឆូន | C73: MAO CHHAUN | D73: 190569581 | E73: 34887 | K73: X | L73: X | M73: X | N73: X | O73: X | V73: 1 | W73: =IF(SUM(Z73:AA73)<=2,1,0) -> 1 | X73: =COUNTIF(F73:U73,"X")+0.5*COUNTIF(F73:U73,"/")+COUNTIF(F73:U73,"R1")+COUNTIF(F73:U73,"R")+COUNTIF(F73:U73,"R")+COUNTIF(F73:U73,"Xcv") -> 5 | Z73: 0 | AA73: =COUNTIF(F73:T73,"-") -> 0
A74: =+A73+1 -> 57 | B74: សាញ់ ខុម | C74: SANH KHOM | D74: 150273869 | E74: 29776 | K74: X | L74: X | M74: X | N74: - | O74: - | V74: 1 | W74: =IF(SUM(Z74:AA74)<=2,1,0) -> 1 | X74: =COUNTIF(F74:U74,"X")+0.5*COUNTIF(F74:U74,"/")+COUNTIF(F74:U74,"R1")+COUNTIF(F74:U74,"R")+COUNTIF(F74:U74,"R")+COUNTIF(F74:U74,"Xcv") -> 3 | Z74: 0 | AA74: =COUNTIF(F74:T74,"-") -> 2
A75: =+A74+1 -> 58 | B75: ទៀង ចាន់ថា | C75: TIENG CHANTHA | D75: 220175294 | E75: 34814 | K75: X | L75: X | M75: X | N75: X | O75: X | V75: 1 | W75: =IF(SUM(Z75:AA75)<=2,1,0) -> 1 | X75: =COUNTIF(F75:U75,"X")+0.5*COUNTIF(F75:U75,"/")+COUNTIF(F75:U75,"R1")+COUNTIF(F75:U75,"R")+COUNTIF(F75:U75,"R")+COUNTIF(F75:U75,"Xcv") -> 5 | Z75: 1 | AA75: =COUNTIF(F75:T75,"-") -> 0
A76: =+A75+1 -> 59 | B76: កិក រក្សា | C76: KEK REAKSA | D76: 181068674 | E76: 39000 | K76: X | L76: - | M76: - | N76: - | O76: X | V76: 1 | W76: =IF(SUM(Z76:AA76)<=2,1,0) -> 0 | X76: =COUNTIF(F76:U76,"X")+0.5*COUNTIF(F76:U76,"/")+COUNTIF(F76:U76,"R1")+COUNTIF(F76:U76,"R")+COUNTIF(F76:U76,"R")+COUNTIF(F76:U76,"Xcv") -> 2 | AA76: =COUNTIF(F76:T76,"-") -> 3
A77: =+A76+1 -> 60 | B77: ផាត ចាន់លី | C77: PHAT CHANLY | D77: 220139991 | E77: 32174 | K77: X | L77: X | M77: X | N77: X | O77: X | V77: 1 | W77: =IF(SUM(Z77:AA77)<=2,1,0) -> 1 | X77: =COUNTIF(F77:U77,"X")+0.5*COUNTIF(F77:U77,"/")+COUNTIF(F77:U77,"R1")+COUNTIF(F77:U77,"R")+COUNTIF(F77:U77,"R")+COUNTIF(F77:U77,"Xcv") -> 5 | Z77: 1 | AA77: =COUNTIF(F77:T77,"-") -> 0
A78: =+A77+1 -> 61 | B78: មាស ស៊ីន​ | C78: MEAS SIN | D78: 150582830 | E78: 35768 | K78: X | L78: X | M78: X | N78: X | O78: X | V78: 1 | W78: =IF(SUM(Z78:AA78)<=2,1,0) -> 1 | X78: =COUNTIF(F78:U78,"X")+0.5*COUNTIF(F78:U78,"/")+COUNTIF(F78:U78,"R1")+COUNTIF(F78:U78,"R")+COUNTIF(F78:U78,"R")+COUNTIF(F78:U78,"Xcv") -> 5 | Z78: 1 | AA78: =COUNTIF(F78:T78,"-") -> 0
A79: =+A78+1 -> 62 | B79: ស៊ុត លី | C79: SOTLY | D79: 150352388 | E79: 31707 | K79: X | L79: X | M79: X | N79: X | O79: X | V79: 1 | W79: =IF(SUM(Z79:AA79)<=2,1,0) -> 1 | X79: =COUNTIF(F79:U79,"X")+0.5*COUNTIF(F79:U79,"/")+COUNTIF(F79:U79,"R1")+COUNTIF(F79:U79,"R")+COUNTIF(F79:U79,"R")+COUNTIF(F79:U79,"Xcv") -> 5 | Z79: 0 | AA79: =COUNTIF(F79:T79,"-") -> 0
A80: 63 | B80: សន ម៉ាប់ | C80: SORN MAB | D80: 150740078 | E80: 35917 | F80: X | G80: X | H80: X | I80: X | L80: X | M80: X | N80: X | O80: X | P80: X | Q80: X | R80: X | S80: X | T80: X | V80: 1 | W80: =IF(SUM(Z80:AA80)<=2,1,0) -> 1 | X80: =COUNTIF(F80:U80,"X")+0.5*COUNTIF(F80:U80,"/")+COUNTIF(F80:U80,"R1")+COUNTIF(F80:U80,"R")+COUNTIF(F80:U80,"R")+COUNTIF(F80:U80,"Xcv") -> 13 | Z80: 0 | AA80: =COUNTIF(F80:T80,"-") -> 0
A81: =+A80+1 -> 64 | B81: ម៉ន ពឿយ | C81: MORN POEUY | D81: 150922981 | E81: 32243 | F81: - | G81: X | H81: X | I81: X | L81: X | M81: X | N81: X | O81: X | P81: - | Q81: X | R81: X | S81: X | T81: X | V81: 1 | W81: =IF(SUM(Z81:AA81)<=2,1,0) -> 0 | X81: =COUNTIF(F81:U81,"X")+0.5*COUNTIF(F81:U81,"/")+COUNTIF(F81:U81,"R1")+COUNTIF(F81:U81,"R")+COUNTIF(F81:U81,"R")+COUNTIF(F81:U81,"Xcv") -> 11 | Z81: 1 | AA81: =COUNTIF(F81:T81,"-") -> 2
A82: =+A81+1 -> 65 | B82: ថន ចារី | C82: THON CHAREY | D82: 150627964 | E82: 33054 | F82: X | G82: X | H82: X | I82: - | L82: X | M82: X | N82: X | O82: X | P82: X | Q82: X | R82: X | S82: X | T82: X | V82: 1 | W82: =IF(SUM(Z82:AA82)<=2,1,0) -> 1 | X82: =COUNTIF(F82:U82,"X")+0.5*COUNTIF(F82:U82,"/")+COUNTIF(F82:U82,"R1")+COUNTIF(F82:U82,"R")+COUNTIF(F82:U82,"R")+COUNTIF(F82:U82,"Xcv") -> 12 | Z82: 0 | AA82: =COUNTIF(F82:T82,"-") -> 1
A83: =+A82+1 -> 66 | B83: គ្រឿន រិត | C83: KROEUN RITH | D83: 220234318 | E83: 34825 | F83: X | G83: X | H83: - | I83: X | L83: X | M83: X | N83: - | O83: X | P83: X | Q83: X | R83: X | S83: X | T83: X | V83: 1 | W83: =IF(SUM(Z83:AA83)<=2,1,0) -> 1 | X83: =COUNTIF(F83:U83,"X")+0.5*COUNTIF(F83:U83,"/")+COUNTIF(F83:U83,"R1")+COUNTIF(F83:U83,"R")+COUNTIF(F83:U83,"R")+COUNTIF(F83:U83,"Xcv") -> 11 | Z83: 0 | AA83: =COUNTIF(F83:T83,"-") -> 2
A84: =+A83+1 -> 67 | B84: រឿន រឿង | C84: ROEUN ROEUNG | D84: 220175244 | E84: 35680 | F84: X | G84: X | H84: X | I84: X | L84: - | M84: X | N84: X | O84: X | P84: X | Q84: X | R84: X | S84: X | T84: X | V84: 1 | W84: =IF(SUM(Z84:AA84)<=2,1,0) -> 1 | X84: =COUNTIF(F84:U84,"X")+0.5*COUNTIF(F84:U84,"/")+COUNTIF(F84:U84,"R1")+COUNTIF(F84:U84,"R")+COUNTIF(F84:U84,"R")+COUNTIF(F84:U84,"Xcv") -> 12 | Z84: 0 | AA84: =COUNTIF(F84:T84,"-") -> 1
A85: =+A84+1 -> 68 | B85: អ៊ឹម ថាច | C85: OEM THACH | D85: 150565864 | E85: 32893 | F85: X | G85: X | H85: X | I85: X | L85: - | M85: X | N85: X | O85: X | P85: X | Q85: X | R85: X | S85: X | T85: X | V85: 1 | W85: =IF(SUM(Z85:AA85)<=2,1,0) -> 1 | X85: =COUNTIF(F85:U85,"X")+0.5*COUNTIF(F85:U85,"/")+COUNTIF(F85:U85,"R1")+COUNTIF(F85:U85,"R")+COUNTIF(F85:U85,"R")+COUNTIF(F85:U85,"Xcv") -> 12 | Z85: 0 | AA85: =COUNTIF(F85:T85,"-") -> 1
A86: =+A85+1 -> 69 | B86: សន ចាន់រី | C86: SORN CHANRY | D86: 150612355 | E86: 35107 | F86: X | G86: X | H86: X | I86: X | L86: X | M86: X | N86: X | O86: X | P86: X | Q86: X | R86: X | S86: X | T86: X | V86: 1 | W86: =IF(SUM(Z86:AA86)<=2,1,0) -> 1 | X86: =COUNTIF(F86:U86,"X")+0.5*COUNTIF(F86:U86,"/")+COUNTIF(F86:U86,"R1")+COUNTIF(F86:U86,"R")+COUNTIF(F86:U86,"R")+COUNTIF(F86:U86,"Xcv") -> 13 | Z86: 0 | AA86: =COUNTIF(F86:T86,"-") -> 0
A87: =+A86+1 -> 70 | B87: សន ហ៊ុច | C87: SORN HUCH | D87: 150468451 | E87: 32969 | F87: X | G87: X | H87: X | I87: X | L87: X | M87: X | N87: X | O87: X | P87: X | Q87: X | R87: X | S87: X | T87: X | V87: 1 | W87: =IF(SUM(Z87:AA87)<=2,1,0) -> 1 | X87: =COUNTIF(F87:U87,"X")+0.5*COUNTIF(F87:U87,"/")+COUNTIF(F87:U87,"R1")+COUNTIF(F87:U87,"R")+COUNTIF(F87:U87,"R")+COUNTIF(F87:U87,"Xcv") -> 13 | Z87: 0 | AA87: =COUNTIF(F87:T87,"-") -> 0
A88: =+A87+1 -> 71 | B88: សន ឆៃលី | C88: SORN CHHAILY | D88: 150952614 | E88: 37225 | F88: X | G88: X | H88: X | I88: X | L88: - | M88: - | N88: X | O88: X | P88: X | Q88: X | R88: X | S88: X | T88: X | V88: 1 | W88: =IF(SUM(Z88:AA88)<=2,1,0) -> 1 | X88: =COUNTIF(F88:U88,"X")+0.5*COUNTIF(F88:U88,"/")+COUNTIF(F88:U88,"R1")+COUNTIF(F88:U88,"R")+COUNTIF(F88:U88,"R")+COUNTIF(F88:U88,"Xcv") -> 11 | Z88: 0 | AA88: =COUNTIF(F88:T88,"-") -> 2
A89: IX | B89: Phát cỏ phòng chống cháy, | F89: 16 | G89: 17 | H89: 18 | I89: 19 | J89: 20 | K89: 21 | L89: 22 | M89: 23 | N89: 24 | O89: 25 | P89: 26 | Q89: 27 | R89: 28 | S89: 29 | T89: 30 | U89: 31 | X89: =SUM(X90:X91) -> 10.5
A90: 73 | B90: ឌូ ឌីន | C90: DOU DIN | D90: 151046569 | E90: 29407 | Q90: / | X90: =COUNTIF(F90:U90,"X")+0.5*COUNTIF(F90:U90,"/")+COUNTIF(F90:U90,"R1")+COUNTIF(F90:U90,"R")+COUNTIF(F90:U90,"R")+COUNTIF(F90:U90,"Xcv") -> 0.5
A91: 74 | B91: កែវ សម្បត្តិ | C91: KEO SAMBATH | D91: 110471355 | E91: 27485 | F91: X | G91: / | H91: X | I91: / | J91: X | K91: / | L91: / | M91: X | N91: / | O91: X | P91: / | R91: X | T91: X | X91: =COUNTIF(F91:U91,"X")+0.5*COUNTIF(F91:U91,"/") -> 10
A92: X | B92: Vệ sinh thùng, | X92: =SUM(X93:X100) -> 15.5
A93: 75 | B93: ហឿង សុជឿន | C93: HOEUNG SOCHOEUN | D93: 150911076 | E93: 37169 | G93: X | X93: =COUNTIF(F93:U93,"X")+0.5*COUNTIF(F93:U93,"/") -> 1
A94: 76 | B94: ធៀម សំនាង | C94: THEAM SAMNEANG | D94: 151006137 | E94: 38944 | F94: X | X94: =COUNTIF(F94:U94,"X")+0.5*COUNTIF(F94:U94,"/") -> 1
A95: 77 | B95: ជឿន នីន | C95: CHOEUN NIN | D95: 150952503 | E95: 38207 | F95: X | X95: =COUNTIF(F95:U95,"X")+0.5*COUNTIF(F95:U95,"/") -> 1
A96: 78 | B96: ហ៊ីម មករា | C96: HIM MAKRA | D96: 150978188 | E96: 37990 | J96: / | P96: X | Q96: X | R96: / | T96: / | X96: =COUNTIF(F96:U96,"X")+0.5*COUNTIF(F96:U96,"/") -> 3.5
A97: 79 | B97: ម៉ៅ សុខម៉េង | C97: MAO SOKMENG | D97: 151075912 | E97: 40097 | F97: X | T97: X | X97: =COUNTIF(F97:U97,"X")+0.5*COUNTIF(F97:U97,"/") -> 2
A98: 80 | B98: គា​ ទីណូ | C98: KHEA TINO | D98: 151055393 | E98: 39725 | J98: / | P98: X | Q98: X | R98: / | T98: X | X98: =COUNTIF(F98:U98,"X")+0.5*COUNTIF(F98:U98,"/") -> 4
A99: 81 | B99: មាស សៀក | C99: MEAS SEAK | D99: 150845321 | E99: 34279 | F99: X | G99: X | H99: / | X99: =COUNTIF(F99:U99,"X")+0.5*COUNTIF(F99:U99,"/") -> 2.5
A100: 82 | B100: ទៀង ចាន់ថា | C100: TIENG CHANTHA | D100: 220175294 | E100: 34814 | F100: / | X100: =COUNTIF(F100:U100,"X")+0.5*COUNTIF(F100:U100,"/") -> 0.5
A101: XI | B101: Thay tem nhãn | F101: 16 | G101: 17 | H101: 18 | I101: 19 | J101: 20 | K101: 21 | L101: 22 | M101: 23 | N101: 24 | O101: 25 | P101: 26 | Q101: 27 | R101: 28 | S101: 29 | T101: 30 | U101: 31 | X101: =SUM(X102:X114) -> 64
A102: 83 | B102: ហឿង សុជឿន | C102: HOEUNG SOCHOEUN | D102: 150911076 | E102: 37169 | F102: X | G102: X | H102: X | I102: X | P102: X | X102: =COUNTIF(F102:U102,"X")+0.5*COUNTIF(F102:U102,"/") -> 5
...

Sheet BTHKL D1 T1 (26)
A1: ក្រុមហ៊ុន កៅស៊ូ មេគង្គ ខូ អិលធីឌី | E1: ព្រះរាជាណាចក្រ កម្ពុជា
A2: CÔNG TY TNHH CAO SU MEKONG | E2: VƯƠNG QUỐC CAMPUCHIA
A3: រោងចក្រកែច្នៃ | E3: ជាតិ សាសនា ព្រះមហាក្សត្រ
A4: XƯỞNG CHẾ BIẾN | E4: Dân tộc - Tôn giáo - Quốc vương
A6: តារាងបូកសរុបបរិមាណ​ ចាប់ពីថ្ងៃ ០១-១៥ ខែ ០១ ឆ្នាំ ២០២៦ (វគ្គទី ១)
A7: BẢNG TỔNG HỢP KHỐI LƯỢNG (ĐỢT 1)
A8: NGÀY​​​​ 01 ĐẾN 15 THÁNG 01 NĂM 2026
A10: ល.រ STT | B10: រាយនាមការងារ/ Hạng mục công việc | C10: ឯកតា ĐVT | D10: កម្រិត Định mức | E10: អនុវត្ត/THỰC HIỆN | G10: សម្គាល់/ Ghi chú | I10: Đợt 1
E11: បរិមាណ/ Khối lượng | F11: កម្លាំង / Công | K11: BC hàng ngày
A12: 1 | B12: ជ័រកិន /Mủ cán vắt ( Gồm phụ cấp phụ trợ trực tiếp 10%) | C12: តោន (Tấn) | D12: =ROUND(23000/31947,4) -> 0.7199 | E12: ='[3]BTHKL D1 T1'!E13 -> 945.15 | F12: =ROUND(E12*D12,2) -> 680.41
A13: =+A12+1 -> 2 | B13: ជ័រសម្រេច/Mủ Thành phẩm (Gồm phụ cấp phụ trợ trực tiếp 15%) | C13: តោន (Tấn) | D13: =ROUND(35000/31947,4) -> 1.0956 | E13: ='[3]BTHKL D1 T1'!E14 -> 363.85 | F13: =ROUND(E13*D13,2) -> 398.63
A14: =+A13+1 -> 3 | B14: សន្ដិសុខការពារ​​​​​ (Bảo vệ) | C14: កម្លាំង (Công) | F14: =SUM(F15:F16) -> 28.55
A15: + | B15: សន្ដិសុខការពារ​​​​​ (Bảo vệ) | C15: ថ្ងៃ (Ngày) | D15: 0.9657 | E15: ='[3]BCC D1 (26)'!X55 -> 14 | F15: =ROUND(D15*E15,2) -> 13.52 | G15: 1 người | I15: =ROUND(K15/J15,4) -> 1.5022 | J15: 9 | K15: =F15 -> 13.52 | L15: =ROUND(F15*31947,0) -> 431923
A16: + | B16: សន្ដិសុខការពារ​​​​​ (Bảo vệ biết TV) | C16: ថ្ងៃ (Ngày) | D16: 1.0736 | E16: ='[3]BCC D1 (26)'!X13 -> 14 | F16: =ROUND(D16*E16,2) -> 15.03 | G16: 1 người | I16: =ROUND(K16/J16,4) -> 1.1562 | J16: 13 | K16: =F16 -> 15.03 | L16: =F16*31947 -> 480163.41
A17: =+A14+1 -> 4 | B17: កម្មករ មេកានិច (Công nhân cơ khí) | C17: កម្លាំង (Công) | D17: 1.4222 | E17: ='[3]BTHKL D1 T1'!J18 -> 40.5 | F17: =ROUND(D17*E17,2) -> 57.6 | G17: 2 người | I17: =ROUND(K17/J17,4) -> 1.6457 | J17: 35 | K17: =F17 -> 57.6 | L17: =ROUND(F17*31947,0) -> 1840147 | M17: =K17*2 -> 115.2
A18: =+A17+1 -> 5 | B18: អ្នកបើកឡាន (Tài xế) | C18: ថ្ងៃ (Ngày) | D18: 1.426 | E18: =SUM('BCC D1(26)'!X54:X57,'BCC D1(26)'!X15:X18) -> 72 | F18: =ROUND(D18*E18,2) -> 102.67 | G18: 4 người | I18: =ROUND(K18/J18,4) -> 1.8667 | J18: 55 | K18: =F18 -> 102.67 | L18: =ROUND(F18*31947/4,0) -> 820000 | M18: =K18*4 -> 410.68
A19: =+A18+1 -> 6 | B19: សម្អាត (Vệ sinh) | C19: ថ្ងៃ (Ngày) | D19: 0.9704 | E19: ='[3]BTHKL D1 T1'!J20 -> 27 | F19: =ROUND(D19*E19,2) -> 26.2 | G19: 2 người | I19: =ROUND(K19/J19,4) -> 1.4556 | J19: 18 | K19: =F19 -> 26.2 | L19: =ROUND(F19*31947/2,0) -> 418506 | M19: =K19*2 -> 52.4
A20: =+A19+1 -> 7 | B20: អ្នកធ្វើការមិនរើសមុខ (Tạp vụ) | C20: ថ្ងៃ (Ngày) | D20: 1.2233 | E20: ='[3]BTHKL D1 T1'!J21 -> 12 | F20: =ROUND(D20*E20,2) -> 14.68 | I20: =ROUND(K20/J20,4) -> 1.835 | J20: 8 | K20: =F20 -> 14.68 | L20: =F20*31947 -> 468981.96
A21: =+A20+1 -> 8 | B21: កម្លាំងលើកជញ្ជូន (Công khác) | C21: កម្លាំង (Công) | F21: =SUM(F22:F26) -> 209.66 | I21: =ROUND(K21/J21,4) -> 19.06 | J21: 11 | K21: =F21 -> 209.66 | L21: =F21*31947 -> 6698008
A22: 8.1 | B22: លាងសម្អាតធុងសម្ងួតជ័រ/ vệ sinh thùng sấy mủ | C22: ថ្ងៃ (Ngày) | D22: 0.9391 | E22: ='[3]BCC D1 (26)'!X98 -> 15.5 | F22: =ROUND(D22*E22,2) -> 14.56 | I22: =ROUND(K22/J22,4) -> 1.12 | J22: 13 | K22: =F22 -> 14.56 | L22: =F22*31947 -> 465148.32
A23: 8.2 | B23: ប្ដូរតែម/Thay tem nhãn | C23: កម្លាំង (Công) | D23: 1.2501 | E23: ='[3]BCC D1 (26)'!X107 -> 64 | F23: =ROUNDDOWN(D23*E23,2) -> 80 | I23: =ROUND(K23/J23,4) -> 9.4118 | J23: 8.5 | K23: =F23 -> 80 | L23: =F23*31947 -> 2555760
A24: 8.3 | B24: កាត់ស្មៅ ពន្លត់អគ្គីភ័យ/Phát cỏ phòng chống cháy | C24: កម្លាំង (Công) | D24: 1.3147 | E24: ='[3]BCC D1 (26)'!X95 -> 10.5 | F24: =ROUND(D24*E24,2) -> 13.8
A25: 8.4 | B25: ប្រាក់ថ្ងៃបុណ្យចូលឆ្នាំសកល (Tiền lễ dương lịch 1/1/2026) | C25: ថ្ងៃ (Ngày) | D25: =ROUND(16000/31947,4) -> 0.5008 | E25: ='[3]BCC D1 (26)'!V121 -> 71 | F25: =ROUND(D25*E25,2) -> 35.56
A26: 8.5 | B26: មី និងប្រេងឆាឲ្យកម្មករ (Mì, dầu ăn cho CN) | C26: កេះ (Thùng) | D26: =ROUND(35000/31947,4) -> 1.0956 | E26: ='[3]BCC D1 (26)'!W121 -> 60 | F26: =ROUND(D26*E26,2) -> 65.74
A27: សរុប/Tổng cộng | F27: =ROUND(SUM(F12:F14,F17:F21),2) -> 1518.4 | I27: =F27*31947 -> 48508325
I29: =2290.11-627 -> 1663.11 | J29: =ROUND(F27*31947,0) -> 48508325 | K29: 1140.84
E30: កំពង់ធំ, ថ្ងៃ (ngày) 15 ខែ (tháng) 01 ឆ្នាំ (năm) 2026 | J30: =ROUND(K29*31947,0) -> 36446415
B31: អ្នករៀបចំ / Lập biểu | E31: អង្គភាពអនុវត្ត /ĐƠN VỊ THỰC HIỆN
B34: Bùi Ngọc Triệu
F38: ផ.ហិរ.គណនេយ្យ
F39: PHÒNG TCKT

Sheet BPHAN CHIA 
A1: ក្រុមហ៊ុន កៅស៊ូ មេគង្គ ខូ អិលធីឌី
A2: CÔNG TY TNHH CAO SU VRG MEKONG
A3: រោងចក្រកែច្នៃ
A4: XƯỞNG CHẾ BIẾN
A5: តារាងបែងចែកបរិមាណ កម្មករធើ្វជ័រកិនរមូរ ក្រុម ១
A6: ថ្ងៃ ១៦-៣១ ខែ ០១ ឆ្នាំ ២០២៦
A7: BẢNG PHÂN CHIA KHỐI LƯỢNG CÔNG NHÂN LÀM MỦ CÁN VẮT TỔ 1
A8: ='[3]BKECHITIET TO2'!A5:N5 -> NGÀY​​​​ 16 ĐẾN 31 THÁNG 01 NĂM 2026
A10: ល.រ STT | B10: ត្រកូលនិងឈ្មោះ HỌ VÀ TÊN | D10: ឯកតា ĐVT | E10: 16 | F10: =E10+1 -> 17 | G10: =F10+1 -> 18 | H10: =G10+1 -> 19 | I10: =H10+1 -> 20 | J10: =I10+1 -> 21 | K10: =J10+1 -> 22 | L10: =K10+1 -> 23 | M10: =L10+1 -> 24 | ... T10: =S10+1 -> 31 | U10: សរុប TỔNG CỘNG | V10: សម្គាល់ GHI CHÚ | W10: ហត្ថលេខាទទួល Ký nhận
A11: 1 | B11: ជឿន ថា | C11: CHOEUN THA | D11: តោន (Tấn) | E11: 4099 | G11: 3843 | H11: 5379 | J11: 4355 | K11: 3074 | L11: 4099 | M11: 4099 | N11: 4099 | O11: 4099 | P11: 4422 | Q11: 4099 | R11: 4355 | S11: 5123 | U11: =ROUND(V11/1000,3) -> 55.145 | V11: =SUM(E11:T11) -> 55145 | Y11: =U11+U64+U100+U136 -> 124.752 | Z11: =ROUND(U11*0.1,2) -> 5.51 | AA11: =Z11+U11 -> 60.655
A12: 2 | B12: ហ៊ុន ម៉ៅ | C12: HUN MAO | D12: តោន (Tấn) | E12: 4099 | G12: 3842 | H12: 5380 | J12: 4355 | K12: 3074 | L12: 4099 | M12: 4099 | N12: 4099 | O12: 4099 | P12: 4422 | Q12: 4099 | R12: 4355 | S12: 5123 | U12: =ROUND(V12/1000,3) -> 55.145 | V12: =SUM(E12:T12) -> 55145
A13: 3 | B13: ជឿន ថី | C13: CHOEUN THEY | D13: តោន (Tấn) | E13: 4099 | G13: 3842 | H13: 5380 | J13: 4355 | K13: 3074 | L13: 4099 | M13: 4099 | N13: 4099 | O13: 4099 | P13: 4422 | Q13: 4099 | R13: 4355 | S13: 5123 | U13: =ROUND(V13/1000,3) -> 55.145 | V13: =SUM(E13:T13) -> 55145
A14: 4 | B14: ឆឹម ខុន | C14: CHHEOM KHON | D14: តោន (Tấn) | E14: 4099 | G14: 3842 | H14: 5380 | J14: 4355 | K14: 3074 | L14: 4099 | M14: 4098 | N14: 4099 | O14: 4098 | P14: 4422 | Q14: 4099 | R14: 4355 | S14: 5123 | U14: =ROUND(V14/1000,3) -> 55.143 | V14: =SUM(E14:T14) -> 55143
A15: 5 | B15: ថន សុខធា | C15: THON SOKHTHEA | D15: តោន (Tấn) | E15: 4099 | G15: 3842 | H15: 5380 | J15: 4354 | K15: 3074 | L15: 4099 | M15: 4098 | N15: 4099 | O15: 4098 | P15: 4423 | Q15: 4099 | R15: 4355 | S15: 5123 | U15: =ROUND(V15/1000,3) -> 55.143 | V15: =SUM(E15:T15) -> 55143
A16: 6 | B16: នី គីន | C16: NY KIN | D16: តោន (Tấn) | E16: 4099 | G16: 3842 | H16: 5379 | J16: 4355 | K16: 3074 | L16: 4099 | M16: 4098 | N16: 4099 | O16: 4098 | P16: 4423 | Q16: 4099 | R16: 4354 | S16: 5124 | U16: =ROUND(V16/1000,3) -> 55.143 | V16: =SUM(E16:T16) -> 55143
A17: 7 | B17: វុន ហួន | C17: VUN HOUN | D17: តោន (Tấn) | E17: 4098 | G17: 3843 | H17: 5379 | J17: 4355 | K17: 3074 | L17: 4098 | M17: 4099 | N17: 4098 | O17: 4099 | P17: 4423 | Q17: 4098 | R17: 4355 | S17: 5124 | U17: =ROUND(V17/1000,3) -> 55.143 | V17: =SUM(E17:T17) -> 55143
A18: 8 | B18: លី​ ប៊ុនយ៉េន | C18: LY BUNYEN | D18: តោន (Tấn) | E18: 4098 | G18: 3843 | H18: 5379 | J18: 4355 | K18: 3074 | L18: 4098 | M18: 4099 | N18: 4098 | O18: 4099 | P18: 4423 | Q18: 4098 | R18: 4355 | S18: 5124 | U18: =ROUND(V18/1000,3) -> 55.143 | V18: =SUM(E18:T18) -> 55143
A19: 9 | B19: ធឿន​ វុឌ្ឍី | C19: THOEUN VUTHY | D19: តោន (Tấn) | E19: 4098 | G19: 3843 | H19: 5379 | J19: 4355 | K19: 3074 | L19: 4098 | M19: 4099 | N19: 4098 | O19: 4099 | P19: 4423 | Q19: 4098 | R19: 4355 | S19: 5123 | U19: =ROUND(V19/1000,3) -> 55.142 | V19: =SUM(E19:T19) -> 55142
B20: Cộng | E20: =SUM(E11:E19) -> 36888 | F20: =SUM(F11:F19) -> 0 | G20: =SUM(G11:G19) -> 34582 | H20: =SUM(H11:H19) -> 48415 | I20: =SUM(I11:I19) -> 0 | J20: =SUM(J11:J19) -> 39194 | K20: =SUM(K11:K19) -> 27666 | L20: =SUM(L11:L19) -> 36888 | ... V20: =SUM(V11:V19) -> 496292 | Y20: 143710 | Z20: =U20+U73 -> 934.34
E21: =VLOOKUP(E10,'[3]BKECHITIET TO1'!$A$11:$K$27,11) -> 36888 | F21: =VLOOKUP(F10,'[3]BKECHITIET TO1'!$A$11:$K$27,11) -> 0 | G21: =VLOOKUP(G10,'[3]BKECHITIET TO1'!$A$11:$K$27,11) -> 34582 | H21: =VLOOKUP(H10,'[3]BKECHITIET TO1'!$A$11:$K$27,11) -> 48415 | I21: =VLOOKUP(I10,'[3]BKECHITIET TO1'!$A$11:$K$27,11) -> 0 | J21: =VLOOKUP(J10,'[3]BKECHITIET TO1'!$A$11:$K$27,11) -> 39194 | K21: =VLOOKUP(K10,'[3]BKECHITIET TO1'!$A$11:$K$27,11) -> 27666 | L21: =VLOOKUP(L10,'[3]BKECHITIET TO1'!$A$11:$K$27,11) -> 36888 | ... O21: =VLOOKUP(O10,'[3]BKECHITIET TO1'!$A$11:$K$27,11) -> 36888 | P21: 39803 | Q21: =VLOOKUP(Q10,'[3]BKECHITIET TO1'!$A$11:$K$27,11) -> 36888 | R21: =VLOOKUP(R10,'[3]BKECHITIET TO1'!$A$11:$K$27,11) -> 39194 | S21: =VLOOKUP(S10,'[3]BKECHITIET TO1'!$A$11:$K$27,11) -> 46110 | T21: =VLOOKUP(T10,'[3]BKECHITIET TO1'!$A$11:$K$27,11) -> 0 | U21: =SUM(E21:T21) -> 496292
E22: =E21-E20 -> 0 | F22: =F21-F20 -> 0 | G22: =G21-G20 -> 0 | H22: =H21-H20 -> 0 | I22: =I21-I20 -> 0 | J22: =J21-J20 -> 0 | K22: =K21-K20 -> 0 | L22: =L21-L20 -> 0 | ... T22: =T21-T20 -> 0 | U22: =U21-V20 -> 0
E23: =COUNTIF(E11:E19,"X")+0.5*COUNTIF(E11:E19,"/") -> 0 | F23: =COUNTIF(F11:F19,"X")+0.5*COUNTIF(F11:F19,"/") -> 0 | G23: =COUNTIF(G11:G19,"X")+0.5*COUNTIF(G11:G19,"/") -> 0 | H23: =COUNTIF(H11:H19,"X")+0.5*COUNTIF(H11:H19,"/") -> 0 | I23: =COUNTIF(I11:I19,"X")+0.5*COUNTIF(I11:I19,"/") -> 0 | J23: =COUNTIF(J11:J19,"X")+0.5*COUNTIF(J11:J19,"/") -> 0 | K23: =COUNTIF(K11:K19,"X")+0.5*COUNTIF(K11:K19,"/") -> 0 | L23: =COUNTIF(L11:L19,"X")+0.5*COUNTIF(L11:L19,"/") -> 0 | ... R23: =COUNTIF(R11:R19,"X")+0.5*COUNTIF(R11:R19,"/") -> 0 | T23: =COUNTIF(T11:T19,"X")+0.5*COUNTIF(T11:T19,"/") -> 0
E24: 9 | F24: 0 | G24: 9 | H24: 9 | I24: 0 | J24: 9 | K24: 9 | L24: 9 | M24: 9 | N24: 9 | O24: 9 | P24: 9 | Q24: 9 | R24: 9 | S24: 9 | T24: 9
E25: =ROUND(E21/E24,1) -> 4098.7 | F25: =ROUND(F21/F24,1) -> #DIV/0! | G25: =ROUND(G21/G24,1) -> 3842.4 | H25: =ROUND(H21/H24,1) -> 5379.4 | I25: =ROUND(I21/I24,1) -> #DIV/0! | J25: =ROUND(J21/J24,1) -> 4354.9 | K25: =ROUND(K21/K24,1) -> 3074 | L25: =ROUND(L21/L24,1) -> 4098.7 | ... T25: =ROUND(T21/T24,1) -> 0
F26: =F25/2 -> #DIV/0! | G26: =G25/2 -> 1921.2 | H26: =H25/2 -> 2689.7 | I26: =I25/2 -> #DIV/0! | K26: =K25/2 -> 1537 | N26: =N25/2 -> 2049.35 | O26: =O25/2 -> 2049.35 | Q26: =Q25/2 -> 2049.35 | R26: =R25/2 -> 2177.45 | T26: =T25/2 -> 0
Z27: =10%*(U11+U64) -> 10.8172
C38: 26129
C39: 24592
C40: 15370
A52: ក្រុមហ៊ុន កៅស៊ូ មេគង្គ ខូ អិលធីឌី
A53: =A2 -> CÔNG TY TNHH CAO SU VRG MEKONG
A54: រោងចក្រកែច្នៃ
A55: XƯỞNG CHẾ BIẾN
A58: តារាងបែងចែកបរិមាណ កម្មករធើ្វជ័រកិនរមូរ ក្រុម ២
A59: =A6 -> ថ្ងៃ ១៦-៣១ ខែ ០១ ឆ្នាំ ២០២៦
A60: BẢNG PHÂN CHIA KHỐI LƯỢNG CÔNG NHÂN LÀM MỦ CÁN VẮT TỔ 2
A61: =A8 -> NGÀY​​​​ 16 ĐẾN 31 THÁNG 01 NĂM 2026
A63: ល.រ STT | B63: ត្រកូលនិងឈ្មោះ HỌ VÀ TÊN | D63: ឯកតា ĐVT | E63: =E10 -> 16 | F63: =E63+1 -> 17 | G63: =F63+1 -> 18 | H63: =G63+1 -> 19 | I63: =H63+1 -> 20 | J63: =I63+1 -> 21 | K63: =J63+1 -> 22 | L63: =K63+1 -> 23 | M63: =L63+1 -> 24 | ... T63: =S63+1 -> 31 | U63: សរុប TỔNG CỘNG | V63: សម្គាល់ GHI CHÚ | W63: Ký nhận
A64: 1 | B64: សន ម៉ាប់ | C64: SORN MAB | D64: តោន (Tấn) | E64: 4323 | F64: 2562 | G64: 3746 | H64: 4323 | K64: 4611 | L64: 4035 | M64: 4323 | N64: 3842 | O64: 4611 | P64: 4099 | Q64: 3843 | R64: 4098 | S64: 4611 | U64: =ROUND(V64/1000,3) -> 53.027 | V64: =SUM(E64:T64) -> 53027 | Y64: =U179+#REF! -> #REF! | Z64: =ROUND(U64*0.1,2) -> 5.3 | AA64: =Z64+U64 -> 58.327
A65: 2 | B65: ម៉ន ពឿយ | C65: MORN POEUY | D65: តោន (Tấn) | E65: - | F65: 2562 | G65: 3746 | H65: 4323 | K65: 4611 | L65: 4035 | M65: 4323 | N65: 3842 | O65: - | P65: 4099 | Q65: 3843 | R65: 4098 | S65: 4611 | U65: =ROUND(V65/1000,3) -> 44.093 | V65: =SUM(E65:T65) -> 44093
A66: 3 | B66: ថន ចារី | C66: THON CHAREY | D66: តោន (Tấn) | E66: 4323 | F66: 2562 | G66: 3746 | H66: - | K66: 4611 | L66: 4035 | M66: 4323 | N66: 3842 | O66: 4611 | P66: 4099 | Q66: 3842 | R66: 4099 | S66: 4611 | U66: =ROUND(V66/1000,3) -> 48.704 | V66: =SUM(E66:T66) -> 48704
A67: 4 | B67: គ្រឿន រិត | C67: KROEUN RITH | D67: តោន (Tấn) | E67: 4323 | F67: 2562 | G67: - | H67: 4323 | K67: 4611 | L67: 4035 | M67: - | N67: 3843 | O67: 4611 | P67: 4099 | Q67: 3842 | R67: 4099 | S67: 4611 | U67: =ROUND(V67/1000,3) -> 44.959 | V67: =SUM(E67:T67) -> 44959
A68: 5 | B68: រឿន រឿង | C68: ROEUN ROEUNG | D68: តោន (Tấn) | E68: 4323 | F68: 2562 | G68: 3746 | H68: 4323 | K68: - | L68: 4035 | M68: 4322 | N68: 3843 | O68: 4611 | P68: 4099 | Q68: 3842 | R68: 4099 | S68: 4611 | U68: =ROUND(V68/1000,3) -> 48.416 | V68: =SUM(E68:T68) -> 48416
A69: 6 | B69: អ៊ឹម ថាច | C69: OEM THACH | D69: តោន (Tấn) | E69: 4323 | F69: 2561 | G69: 3747 | H69: 4323 | K69: - | L69: 4034 | M69: 4323 | N69: 3843 | O69: 4611 | P69: 4099 | Q69: 3842 | R69: 4099 | S69: 4611 | U69: =ROUND(V69/1000,3) -> 48.416 | V69: =SUM(E69:T69) -> 48416
A70: 7 | B70: សន ចាន់រី | C70: SORN CHANRY | D70: តោន (Tấn) | E70: 4323 | F70: 2561 | G70: 3747 | H70: 4323 | K70: 4611 | L70: 4034 | M70: 4323 | N70: 3843 | O70: 4611 | P70: 4098 | Q70: 3843 | R70: 4099 | S70: 4611 | U70: =ROUND(V70/1000,3) -> 53.027 | V70: =SUM(E70:T70) -> 53027
A71: 8 | B71: សន ហ៊ុច | C71: SORN HUCH | D71: តោន (Tấn) | E71: 4323 | F71: 2561 | G71: 3747 | H71: 4323 | K71: 4611 | L71: 4034 | M71: 4323 | N71: 3843 | O71: 4611 | P71: 4098 | Q71: 3843 | R71: 4099 | S71: 4611 | U71: =ROUND(V71/1000,3) -> 53.027 | V71: =SUM(E71:T71) -> 53027
A72: 9 | B72: សន ឆៃលី | C72: SORN CHHAILY | D72: តោន (Tấn) | E72: 4322 | F72: 2562 | G72: 3747 | H72: 4322 | K72: - | L72: - | M72: 4323 | N72: 3842 | O72: 4611 | P72: 4098 | Q72: 3843 | R72: 4098 | S72: 4611 | U72: =ROUND(V72/1000,3) -> 44.379 | V72: =SUM(E72:T72) -> 44379
B73: Cộng | E73: =SUM(E64:E72) -> 34583 | F73: =SUM(F64:F72) -> 23055 | G73: =SUM(G64:G72) -> 29972 | H73: =SUM(H64:H72) -> 34583 | I73: =SUM(I64:I72) -> 0 | J73: =SUM(J64:J72) -> 0 | K73: =SUM(K64:K72) -> 27666 | L73: =SUM(L64:L72) -> 32277 | ... V73: =SUM(V64:V72) -> 438048
E74: =VLOOKUP(E63,'[3]BKECHITIET TO2'!$A$11:$K$26,11) -> 34583 | F74: =VLOOKUP(F63,'[3]BKECHITIET TO2'!$A$11:$K$26,11) -> 23055 | G74: =VLOOKUP(G63,'[3]BKECHITIET TO2'!$A$11:$K$26,11) -> 29972 | H74: =VLOOKUP(H63,'[3]BKECHITIET TO2'!$A$11:$K$26,11) -> 34583 | I74: =VLOOKUP(I63,'[3]BKECHITIET TO2'!$A$11:$K$26,11) -> 0 | J74: =VLOOKUP(J63,'[3]BKECHITIET TO2'!$A$11:$K$26,11) -> 0 | K74: =VLOOKUP(K63,'[3]BKECHITIET TO2'!$A$11:$K$26,11) -> 27666 | L74: =VLOOKUP(L63,'[3]BKECHITIET TO2'!$A$11:$K$26,11) -> 32277 | ... S74: =VLOOKUP(S63,'[3]BKECHITIET TO2'!$A$11:$K$26,11) -> 41499 | U74: =ROUND(SUM(E74:T74)/1000,3) -> 438.048 | V74: =ROUND(SUM(E74:T74)/1000,3) -> 438.048
E75: =ROUND(E74/E77,1) -> 4322.9 | F75: =ROUND(F74/F77,1) -> 2561.7 | G75: =ROUND(G74/G77,1) -> 3746.5 | H75: =ROUND(H74/H77,1) -> 4322.9 | I75: =ROUND(I74/I77,1) -> #DIV/0! | J75: =ROUND(J74/J77,1) -> #DIV/0! | K75: =ROUND(K74/K77,1) -> 4611 | L75: =ROUND(L74/L77,1) -> 4034.6 | ... T75: =ROUND(T74/T77,1) -> 0
E76: =COUNTIF(E64:E72,"X")+0.5*COUNTIF(E64:E72,"/") -> 0 | F76: =COUNTIF(F64:F72,"X")+0.5*COUNTIF(F64:F72,"/") -> 0 | G76: =COUNTIF(G64:G72,"X")+0.5*COUNTIF(G64:G72,"/") -> 0 | H76: =COUNTIF(H64:H72,"X")+0.5*COUNTIF(H64:H72,"/") -> 0 | I76: =COUNTIF(I64:I72,"X")+0.5*COUNTIF(I64:I72,"/") -> 0 | J76: =COUNTIF(J64:J72,"X")+0.5*COUNTIF(J64:J72,"/") -> 0 | K76: =COUNTIF(K64:K72,"X")+0.5*COUNTIF(K64:K72,"/") -> 0 | L76: =COUNTIF(L64:L72,"X")+0.5*COUNTIF(L64:L72,"/") -> 0 | ... T76: =COUNTIF(T64:T72,"X")+0.5*COUNTIF(T64:T72,"/") -> 0
E77: 8 | F77: 9 | G77: 8 | H77: 8 | I77: 0 | J77: 0 | K77: 6 | L77: 8 | M77: 8 | N77: 9 | O77: 8 | P77: 9 | Q77: 9 | R77: 9 | S77: 9 | T77: 9 | U77: =U73-U74 -> 0
E78: =E73-E74 -> 0 | F78: =F73-F74 -> 0 | G78: =G73-G74 -> 0 | H78: =H73-H74 -> 0 | I78: =I73-I74 -> 0 | J78: =J73-J74 -> 0 | K78: =K73-K74 -> 0 | L78: =L73-L74 -> 0 | ... U78: =U73-U74 -> 0
A84: ក្រុមហ៊ុន កៅស៊ូ មេគង្គ ខូ អិលធីឌី
A85: CÔNG TY TNHH CAO SU VRG MEKONG
A86: រោងចក្រកែច្នៃ
A87: XƯỞNG CHẾ BIẾN
A88: តារាងបែងចែកបរិមាណ កម្មករធើ្វជ័រកិន ក្រុម ១ (ផលិតផលសម្រេច)
A89: =A59 -> ថ្ងៃ ១៦-៣១ ខែ ០១ ឆ្នាំ ២០២៦
A90: BẢNG PHÂN CHIA KHỐI LƯỢNG CÔNG NHÂN LÀM MỦ CÁN VẮT (TỔ 1 -TP)
A91: =A61 -> NGÀY​​​​ 16 ĐẾN 31 THÁNG 01 NĂM 2026
A93: ល.រ STT | B93: ត្រកូលនិងឈ្មោះ HỌ VÀ TÊN | D93: ឯកតា ĐVT | E93: =E63 -> 16 | F93: =F63 -> 17 | G93: =G63 -> 18 | H93: =H63 -> 19 | I93: =I63 -> 20 | J93: =J63 -> 21 | K93: =K63 -> 22 | L93: =L63 -> 23 | ... T93: =T63 -> 31 | U93: សរុប TỔNG CỘNG | V93: សម្គាល់ GHI CHÚ | W93: Ký nhận
A94: 1 | B94: ហឿង សុជឿន | C94: HOEUNG SOCHOEUN | D94: តោន (Tấn) | I94: 3255 | J94: 2594 | L94: 3074 | U94: =ROUND(V94/1000,3) -> 8.923 | V94: =SUM(E94:T94) -> 8923
A95: =+A94+1 -> 2 | B95: ថន សំណាង | C95: THAN SAMNANG | D95: តោន (Tấn) | I95: 3255 | J95: 2594 | K95: 3623 | L95: 3074 | U95: =ROUND(V95/1000,3) -> 12.546 | V95: =SUM(E95:T95) -> 12546
A96: =+A95+1 -> 3 | B96: អែល សាន់ | C96: EL SANN | D96: តោន (Tấn) | I96: 3255 | J96: 2594 | K96: 3623 | L96: 3074 | U96: =ROUND(V96/1000,3) -> 12.546 | V96: =SUM(E96:T96) -> 12546
A97: =+A96+1 -> 4 | B97: អ៊ាវ ខាត់ | C97: EAV KHATH | D97: តោន (Tấn) | K97: 3623 | U97: =ROUND(V97/1000,3) -> 3.623 | V97: =SUM(E97:T97) -> 3623
A98: =+A97+1 -> 5 | B98: ហឿន សាវុធ | C98: HOEURN SAVUTH | D98: តោន (Tấn) | I98: 3255 | J98: 2594 | K98: 3623 | L98: 3074 | U98: =ROUND(V98/1000,3) -> 12.546 | V98: =SUM(E98:T98) -> 12546
A99: =A98+1 -> 6 | B99: បាន ចន្ថា | C99: BAN CHANTHA | D99: តោន (Tấn) | I99: 3255 | J99: 2593 | K99: 3623 | L99: 3074 | U99: =ROUND(V99/1000,3) -> 12.545 | V99: =SUM(E99:T99) -> 12545
A100: =A99+1 -> 7 | B100: សាន់ យូស័រ | C100: SAN YUSOR | D100: តោន (Tấn) | I100: 3255 | J100: 2593 | K100: 3623 | L100: 3074 | U100: =ROUND(V100/1000,3) -> 12.545 | V100: =SUM(E100:T100) -> 12545 | Z100: =ROUND(U100*0.1,2) -> 1.25 | AA100: =Z100+U100 -> 13.795
A101: =A100+1 -> 8 | B101: វុន វណ្ណា | C101: VUN VANNA | D101: តោន (Tấn) | I101: 3255 | L101: 3074 | U101: =ROUND(V101/1000,3) -> 6.329 | V101: =SUM(E101:T101) -> 6329
A102: =A101+1 -> 9 | B102: ម៉ុន ម៉ោល | C102: MON MORL | D102: តោន (Tấn) | I102: 3254 | J102: 2594 | K102: 3622 | L102: 3074 | U102: =ROUND(V102/1000,3) -> 12.544 | V102: =SUM(E102:T102) -> 12544
A103: =A102+1 -> 10 | B103: កែវ ប្រុសសុទ្ធ | C103: KEO BROSSOTH | D103: តោន (Tấn) | I103: 1627 | U103: =ROUND(V103/1000,3) -> 1.627 | V103: =SUM(E103:T103) -> 1627
A104: =A103+1 -> 11 | B104: ម៉ុក សុធា | C104: MOK SOTHEA | D104: តោន (Tấn) | J104: 2594 | L104: 3074 | U104: =ROUND(V104/1000,3) -> 5.668 | V104: =SUM(E104:T104) -> 5668
B105: Cộng | E105: =SUM(E94:E104) -> 0 | F105: =SUM(F94:F104) -> 0 | G105: =SUM(G94:G104) -> 0 | H105: =SUM(H94:H104) -> 0 | I105: =SUM(I94:I104) -> 27666 | J105: =SUM(J94:J104) -> 20750 | K105: =SUM(K94:K104) -> 25360 | L105: =SUM(L94:L104) -> 27666 | ... R105: =SUM(R94:R104) -> 0 | T105: =SUM(T94:T104) -> 0 | U105: =SUM(U94:U104) -> 101.442 | V105: =SUM(V94:V104) -> 101442
E106: =VLOOKUP(E93,'[3]BKECHITIET TO1 (tp)'!$A$11:$K$25,11) -> 0 | F106: =VLOOKUP(F93,'[3]BKECHITIET TO1 (tp)'!$A$11:$K$25,11) -> 0 | G106: =VLOOKUP(G93,'[3]BKECHITIET TO1 (tp)'!$A$11:$K$25,11) -> 0 | H106: =VLOOKUP(H93,'[3]BKECHITIET TO1 (tp)'!$A$11:$K$25,11) -> 0 | I106: =VLOOKUP(I93,'[3]BKECHITIET TO1 (tp)'!$A$11:$K$25,11) -> 0 | J106: =VLOOKUP(J93,'[3]BKECHITIET TO1 (tp)'!$A$11:$K$25,11) -> 0 | K106: =VLOOKUP(K93,'[3]BKECHITIET TO1 (tp)'!$A$11:$K$25,11) -> 0 | L106: =VLOOKUP(L93,'[3]BKECHITIET TO1 (tp)'!$A$11:$K$25,11) -> 0 | ... R106: =VLOOKUP(R93,'[3]BKECHITIET TO1 (tp)'!$A$11:$K$25,11) -> 0 | T106: =VLOOKUP(T93,'[3]BKECHITIET TO1 (tp)'!$A$11:$K$25,11) -> 0 | U106: =SUM(E106:T106) -> 0
E107: 17 | F107: 19 | G107: 17 | H107: 20 | I107: 8.5 | J107: 8 | K107: 7 | L107: 9 | M107: 0 | N107: 0 | O107: 22 | P107: 18 | Q107: 22 | R107: 16 | T107: 16 | U107: =#REF!-#REF! -> #REF!
E108: =COUNTIF(E83:E104,"X")+0.5*COUNTIF(E83:E104,"/") -> 0 | F108: =COUNTIF(F83:F104,"X")+0.5*COUNTIF(F83:F104,"/") -> 0 | G108: =COUNTIF(G83:G104,"X")+0.5*COUNTIF(G83:G104,"/") -> 0 | H108: =COUNTIF(H83:H104,"X")+0.5*COUNTIF(H83:H104,"/") -> 0 | I108: =COUNTIF(I83:I104,"Xcv")+0.5*COUNTIF(I83:I104,"/") -> 0 | J108: =COUNTIF(J83:J104,"Xcv")+0.5*COUNTIF(J83:J104,"/") -> 0 | K108: =COUNTIF(K83:K104,"Xcv")+0.5*COUNTIF(K83:K104,"/") -> 0 | L108: =COUNTIF(L83:L104,"Xcv")+0.5*COUNTIF(L83:L104,"/") -> 0 | M108: =COUNTIF(M83:M104,"Xcv")+0.5*COUNTIF(M83:M104,"/") -> 0 | N108: =COUNTIF(N83:N104,"Xcv")+0.5*COUNTIF(N83:N104,"/") -> 0 | O108: =COUNTIF(O83:O104,"Xcv")+0.5*COUNTIF(O83:O104,"/") -> 0 | P108: =COUNTIF(P83:P104,"Xcv")+0.5*COUNTIF(P83:P104,"/") -> 0 | ... R108: =COUNTIF(R83:R104,"Xcv")+0.5*COUNTIF(R83:R104,"/") -> 0 | T108: =COUNTIF(T83:T104,"Xcv")+0.5*COUNTIF(T83:T104,"/") -> 0
E109: =ROUND(E106/E107,2) -> 0 | F109: =ROUND(F106/F107,2) -> 0 | G109: =ROUND(G106/G107,2) -> 0 | H109: =ROUND(H106/H107,2) -> 0 | I109: =ROUND(I106/I107,2) -> 0 | J109: =ROUND(J106/J107,2) -> 0 | K109: =ROUND(K106/K107,2) -> 0 | L109: =ROUND(L106/L107,2) -> 0 | ... R109: =ROUND(R106/R107,2) -> 0 | T109: =ROUND(T106/T107,2) -> 0 | U109: =ROUND(U106/U107,2) -> #REF!
E110: =E105-E106 -> 0 | F110: =F105-F106 -> 0 | G110: =G105-G106 -> 0 | H110: =H105-H106 -> 0 | I110: =I105-I106 -> 27666 | J110: =J105-J106 -> 20750 | K110: =K105-K106 -> 25360 | L110: =L105-L106 -> 27666 | ... R110: =R105-R106 -> 0 | T110: =T105-T106 -> 0
I111: =I109/2 -> 0
A120: ក្រុមហ៊ុន កៅស៊ូ មេគង្គ ខូ អិលធីឌី
A121: CÔNG TY TNHH CAO SU VRG MEKONG
A122: រោងចក្រកែច្នៃ
A123: XƯỞNG CHẾ BIẾN
A124: តារាងបែងចែកបរិមាណ កម្មករធើ្វជ័រកិន ក្រុម ២ (ផលិតផលសម្រេច)
A125: =A89 -> ថ្ងៃ ១៦-៣១ ខែ ០១ ឆ្នាំ ២០២៦
A126: BẢNG PHÂN CHIA KHỐI LƯỢNG CÔNG NHÂN LÀM MỦ CÁN VẮT (TỔ 2 -TP)
A127: =A91 -> NGÀY​​​​ 16 ĐẾN 31 THÁNG 01 NĂM 2026
A129: ល.រ STT | B129: ត្រកូលនិងឈ្មោះ HỌ VÀ TÊN | D129: ឯកតា ĐVT | E129: =E93 -> 16 | F129: =E129+1 -> 17 | G129: =F129+1 -> 18 | H129: =G129+1 -> 19 | I129: =H129+1 -> 20 | J129: =I129+1 -> 21 | K129: =J129+1 -> 22 | L129: =K129+1 -> 23 | M129: =L129+1 -> 24 | ... R129: =Q129+1 -> 29 | T129: =R129+1 -> 30 | U129: សរុប TỔNG CỘNG | V129: សម្គាល់ GHI CHÚ | W129: Ký nhận
A130: 1 | B130: ហ៊ីម មករា | C130: HIM MAKRA | D130: តោន (Tấn) | J130: 3074 | K130: 3747 | L130: 4034 | U130: =ROUND(V130/1000,3) -> 10.855 | V130: =SUM(E130:T130) -> 10855
A131: =+A130+1 -> 2 | B131: គួន ធី | C131: KOURN THY | D131: តោន (Tấn) | J131: 3074 | U131: =ROUND(V131/1000,3) -> 3.074 | V131: =SUM(E131:T131) -> 3074
A132: =+A131+1 -> 3 | B132: ម៉ៅ សុខនី | C132: MAO SOKNY | D132: តោន (Tấn) | J132: 3074 | K132: 3747 | U132: =ROUND(V132/1000,3) -> 6.821 | V132: =SUM(E132:T132) -> 6821
A133: =+A132+1 -> 4 | B133: ម៉ឹង គា | C133: MOENG KEA | D133: តោន (Tấn) | J133: 3074 | K133: 3747 | L133: 4034 | U133: =ROUND(V133/1000,3) -> 10.855 | V133: =SUM(E133:T133) -> 10855
A134: =+A133+1 -> 5 | B134: ម៉ៅ សុខម៉េង | C134: MAO SOKMENG | D134: តោន (Tấn) | J134: 3074 | K134: 3747 | U134: =ROUND(V134/1000,3) -> 6.821 | V134: =SUM(E134:T134) -> 6821
A135: =+A134+1 -> 6 | B135: គា​ ទីណូ | C135: KHEA TINO | D135: តោន (Tấn) | J135: 3074 | K135: 3746 | L135: 4035 | U135: =ROUND(V135/1000,3) -> 10.855 | V135: =SUM(E135:T135) -> 10855
A136: =+A135+1 -> 7 | B136: ធួន ធីម | C136: THUN THIM | D136: តោន (Tấn) | L136: 4035 | U136: =ROUND(V136/1000,3) -> 4.035 | V136: =SUM(E136:T136) -> 4035 | Z136: =ROUND(U136*0.1,2) -> 0.4 | AA136: =Z136+U136 -> 4.435
A137: =+A136+1 -> 8 | B137: សេន សីហា | C137: SEN SEYHA | D137: តោន (Tấn) | L137: 4035 | U137: =ROUND(V137/1000,3) -> 4.035 | V137: =SUM(E137:T137) -> 4035
A138: =+A137+1 -> 9 | B138: មេង បូរី | C138: MENG BOREY | D138: តោន (Tấn) | L138: 4035 | U138: =ROUND(V138/1000,3) -> 4.035 | V138: =SUM(E138:T138) -> 4035
A139: =+A138+1 -> 10 | B139: មាស សៀក | C139: MEAS SEAK | D139: តោន (Tấn) | J139: 3074 | K139: 3746 | U139: =ROUND(V139/1000,3) -> 6.82 | V139: =SUM(E139:T139) -> 6820
A140: =+A139+1 -> 11 | B140: ទៀង ចាន់ថា | C140: TIENG CHANTHA | D140: តោន (Tấn) | J140: 3074 | K140: 3746 | U140: =ROUND(V140/1000,3) -> 6.82 | V140: =SUM(E140:T140) -> 6820
...

Sheet KLCN t1 dot 1
A1: ក្រុមហ៊ុន កៅស៊ូ មេគង្គ ខូ អិលធីឌី | M1: ព្រះរាជាណាចក្រ កម្ពុជា
A2: CÔNG TY TNHH CAO SU MEKONG | M2: VƯƠNG QUỐC CAMPUCHIA
A3: រោងចក្រកែច្នៃ | M3: ជាតិ សាសនា ព្រះមហាក្សត្រ
A4: XƯỞNG CHẾ BIẾN | M4: Dân tộc - Tôn giáo - Quốc vương
A6: តារាងបរិមាណកម្មករ រោងចក្រកែច្នៃជ័រកៅស៊ូ ខែ ១២ ឆ្នាំ ២០២៥
A7: ចាប់ពីថ្ងៃ ០១-១៥ ខែ ១ ឆ្នាំ ២០២៦ (វគ្គទី ២)
A8: BẢNG KHỐI LƯỢNG CÔNG NHÂN XƯỞNG CHẾ BIẾN THÁNG 1 NĂM 2026
A9: TỪ NGÀY 16-31 THÁNG 1 NĂM 2026 (ĐỢT 2)
A11: ល.រ STT | B11: ត្រកូលនិងឈ្មោះ Họ và tên | D11: ជ័រកិន (Làm mủ cán vắt) | F11: ជ័រសម្រេច (Làm mủ Thành phẩm) | H11: អ្នកធ្វើការមិនរើសមុខ (Tạp vụ) | J11: សន្ដិសុខការពារ​​​​​ (Bảo vệ) | L11: អ្នកបើកឡាន (Tài xế) | N11: សម្អាត (Vệ sinh) | P11: កម្មករ មេកានិច (Công nhân cơ khí) | R11: កម្លាំងកាត់ស្មៅបាញ់ថ្នាំស្មៅ ; ពេលនាំចេញជ័រទៅលក់/ (Công phát cỏ, xịt cỏ; xuất hàng) | T11: លាងសម្អាតធុងសម្ងួតជ័រ/ vệ sinh thùng sấy mủ | V11: ថ្លឹង កៅស៊ូ ប៉េអឺ ដើម្បីធើ្វសារពើភ័ណ្ឌ ថ្ងៃ ៣១/១២/២០២៥/ Cân thảm kiểm kê VT | X11: មី និងប្រេងឆាឲ្យកម្មករ (Mì, dầu ăn cho CN) | Z11: សរុប Tổng công | AA11: ហត្ថលេខា KÝ TÊN
B12: អក្សរខ្មែរ (Khmer) | C12: អក្សរ ឡាតាំង (La tinh) | D12: បរិមាណ Khối lượng | E12: កម្លាំង Công | F12: បរិមាណ Khối lượng | G12: កម្លាំង Công | H12: បរិមាណ Khối lượng | I12: កម្លាំង Công | J12: បរិមាណ Khối lượng | K12: កម្លាំង Công | L12: បរិមាណ Khối lượng | M12: កម្លាំង Công | N12: បរិមាណ Khối lượng | O12: កម្លាំង Công | P12: បរិមាណ Khối lượng | Q12: កម្លាំង Công | R12: បរិមាណ Khối lượng | S12: កម្លាំង Công | T12: បរិមាណ Khối lượng | U12: កម្លាំង Công | V12: បរិមាណ Khối lượng | W12: កម្លាំង Công | X12: បរិមាណ Khối lượng | Y12: កម្លាំង Công
A13: 1 | B13: រិន ច្រិប | C13: RIN CHRIB | H13: ='[5]BCC D1(26)'!V12 -> 10.5 | I13: =ROUND(H13*1.2486,2) -> 13.11 | Z13: =SUM(G13,E13,S13,Q13,O13,M13,K13,I13,U13,W13,Y13) -> 13.11
A14: =+A13+1 -> 2 | B14: កែវ សម្បត្តិ | C14: KEO SAMBATH | J14: ='[5]BCC D1(26)'!V13+'[5]BCC D1(26)'!V14 -> 16 | K14: =ROUND(J14*1.0563,2) -> 16.9 | R14: ='[5]BCC D1(26)'!V93 -> 3.5 | S14: =ROUND(R14*0.9391,2) -> 3.29 | Z14: =SUM(G14,E14,S14,Q14,O14,M14,K14,I14,U14,W14,Y14) -> 20.19 | AD14: គី គីន
A15: =+A14+1 -> 3 | B15: ផន ឃី | C15: PHORN KHY | N15: ='[5]BCC D1(26)'!V15 -> 12.5 | O15: =ROUND(N15*0.9776,2) -> 12.22 | Z15: =SUM(G15,E15,S15,Q15,O15,M15,K15,I15,U15,W15,Y15) -> 12.22
A16: =+A15+1 -> 4 | B16: ថន ម៉ន | C16: THORN MORN | L16: =SUM('[5]BCC D1(26)'!V16:V17) -> 17.5 | M16: =ROUND(L16*1.4667,2)-0.01 -> 25.66 | Z16: =SUM(G16,E16,S16,Q16,O16,M16,K16,I16,U16,W16,Y16) -> 25.66
A17: =+A16+1 -> 5 | B17: សៃ រិទ្ធី | C17: SAI RITHY | L17: =SUM('[5]BCC D1(26)'!V18:V19) -> 11 | M17: =ROUND(L17*1.4779,2) -> 16.26 | Z17: =SUM(G17,E17,S17,Q17,O17,M17,K17,I17,U17,W17,Y17) -> 16.26
A18: =+A17+1 -> 6 | B18: សាត រិទ្ធិសាក់ | C18: SAT RITHYSAK | P18: =SUM('[5]BCC D1(26)'!V20:V21) -> 17.5 | Q18: =ROUND(P18*1.4608,2) -> 25.56 | Z18: =SUM(G18,E18,S18,Q18,O18,M18,K18,I18,U18,W18,Y18) -> 25.56
A19: =+A18+1 -> 7 | B19: ហឿង សុជឿន | C19: HOEUNG SOCHOEUN | D19: =ROUND(VLOOKUP(B19,'[5]BPHAN CHIA '!$B$100:$T$110,19,0)*1.1,2) -> 9.82 | E19: =ROUND(0.7199*D19,2) -> 7.07 | F19: =ROUND(1.15*VLOOKUP(B19,'[5]BPHAN CHIA '!$B$179:$T$200,19,0),2) -> 13.75 | G19: =ROUND(F19*1.0956,2) -> 15.06 | U19: =ROUND(T19*0.9391,2) -> 0 | Z19: =SUM(G19,E19,S19,Q19,O19,M19,K19,I19,U19,W19,Y19) -> 22.13
A20: =+A19+1 -> 8 | B20: ថន សំណាង | C20: THAN SAMNANG | D20: =ROUND(VLOOKUP(B20,'[5]BPHAN CHIA '!$B$100:$T$110,19,0),2) -> 12.55 | E20: =ROUND(0.7199*D20,2) -> 9.03 | F20: =ROUND(VLOOKUP(B20,'[5]BPHAN CHIA '!$B$179:$T$200,19,0),2) -> 10.35 | G20: =ROUND(F20*1.0956,2) -> 11.34 | Z20: =SUM(G20,E20,S20,Q20,O20,M20,K20,I20,U20,W20,Y20) -> 20.37
A21: =+A20+1 -> 9 | B21: ថូរ សុភ័ណ្ឌ | C21: THO SOPHORN | F21: =ROUND(VLOOKUP(B21,'[5]BPHAN CHIA '!$B$179:$T$200,19,0),2) -> 11.95 | G21: =ROUND(F21*1.0956,2) -> 13.09 | Z21: =SUM(G21,E21,S21,Q21,O21,M21,K21,I21,U21,W21,Y21) -> 13.09
A22: =+A21+1 -> 10 | B22: ធៀម សំនាង | C22: THEAM SAMNEANG | F22: =ROUND(VLOOKUP(B22,'[5]BPHAN CHIA '!$B$179:$T$200,19,0),2) -> 9.96 | G22: =ROUND(F22*1.0956,2) -> 10.91 | Z22: =SUM(G22,E22,S22,Q22,O22,M22,K22,I22,U22,W22,Y22) -> 10.91
A23: =+A22+1 -> 11 | B23: អែល សាន់ | C23: EL SANN | D23: =ROUND(VLOOKUP(B23,'[5]BPHAN CHIA '!$B$100:$T$110,19,0),2) -> 12.55 | E23: =ROUND(0.7199*D23,2) -> 9.03 | F23: =ROUND(VLOOKUP(B23,'[5]BPHAN CHIA '!$B$179:$T$200,19,0),2) -> 11.95 | G23: =ROUND(F23*1.0956,2) -> 13.09 | Z23: =SUM(G23,E23,S23,Q23,O23,M23,K23,I23,U23,W23,Y23) -> 22.12
A24: =+A23+1 -> 12 | B24: អ៊ាវ ខាត់ | C24: EAV KHATH | D24: =ROUND(VLOOKUP(B24,'[5]BPHAN CHIA '!$B$100:$T$110,19,0),2) -> 3.62 | E24: =ROUND(0.7199*D24,2) -> 2.61 | F24: =ROUND(VLOOKUP(B24,'[5]BPHAN CHIA '!$B$179:$T$200,19,0),2) -> 11.95 | G24: =ROUND(F24*1.0956,2) -> 13.09 | Z24: =SUM(G24,E24,S24,Q24,O24,M24,K24,I24,U24,W24,Y24) -> 15.7
A25: =+A24+1 -> 13 | B25: ភី ផូ | C25: PHI PHO | F25: =ROUND(VLOOKUP(B25,'[5]BPHAN CHIA '!$B$179:$T$200,19,0),2) -> 11.95 | G25: =ROUND(F25*1.0956,2) -> 13.09 | Z25: =SUM(G25,E25,S25,Q25,O25,M25,K25,I25,U25,W25,Y25) -> 13.09
A26: =+A25+1 -> 14 | B26: វុន វណ្ណនី | C26: VON VANNY | F26: =ROUND(VLOOKUP(B26,'[5]BPHAN CHIA '!$B$179:$T$200,19,0),2) -> 8.99 | G26: =ROUND(F26*1.0956,2) -> 9.85 | Z26: =SUM(G26,E26,S26,Q26,O26,M26,K26,I26,U26,W26,Y26) -> 9.85
A27: =+A26+1 -> 15 | B27: លឿន ឆាលី | C27: LOEUN CHALY | F27: =ROUND(VLOOKUP(B27,'[5]BPHAN CHIA '!$B$179:$T$200,19,0),2) -> 10.35 | G27: =ROUND(F27*1.0956,2) -> 11.34 | Z27: =SUM(G27,E27,S27,Q27,O27,M27,K27,I27,U27,W27,Y27) -> 11.34
A28: =+A27+1 -> 16 | B28: ហឿន សាវុធ | C28: HOEURN SAVUTH | D28: =ROUND(VLOOKUP(B28,'[5]BPHAN CHIA '!$B$100:$T$110,19,0),2) -> 12.55 | E28: =ROUND(0.7199*D28,2) -> 9.03 | F28: =ROUND(VLOOKUP(B28,'[5]BPHAN CHIA '!$B$179:$T$200,19,0),2) -> 10.58 | G28: =ROUND(F28*1.0956,2) -> 11.59 | Z28: =SUM(G28,E28,S28,Q28,O28,M28,K28,I28,U28,W28,Y28) -> 20.62
A29: =+A28+1 -> 17 | B29: រឿន សារី | C29: ROEUN SARY | F29: =ROUND(VLOOKUP(B29,'[5]BPHAN CHIA '!$B$179:$T$200,19,0),2) -> 6.65 | G29: =ROUND(F29*1.0956,2) -> 7.29 | Z29: =SUM(G29,E29,S29,Q29,O29,M29,K29,I29,U29,W29,Y29) -> 7.29
A30: =+A29+1 -> 18 | B30: ហ៊ុច សំណាង | C30: HOCH SOMNANG | F30: =ROUND(VLOOKUP(B30,'[5]BPHAN CHIA '!$B$179:$T$200,19,0),2) -> 11.95 | G30: =ROUND(F30*1.0956,2) -> 13.09 | Z30: =SUM(G30,E30,S30,Q30,O30,M30,K30,I30,U30,W30,Y30) -> 13.09
A31: =+A30+1 -> 19 | B31: បាន ចន្ថា | C31: BAN CHANTHA | D31: =ROUND(VLOOKUP(B31,'[5]BPHAN CHIA '!$B$100:$T$110,19,0),2) -> 12.55 | E31: =ROUND(0.7199*D31,2) -> 9.03 | F31: =ROUND(VLOOKUP(B31,'[5]BPHAN CHIA '!$B$179:$T$200,19,0),2) -> 10.01 | G31: =ROUND(F31*1.0956,2) -> 10.97 | T31: ='[5]BCC D1(26)'!V95 -> 4 | U31: =ROUND(T31*0.9391,2) -> 3.76 | Z31: =SUM(G31,E31,S31,Q31,O31,M31,K31,I31,U31,W31,Y31) -> 23.76
A32: =+A31+1 -> 20 | B32: សាន់ យូស័រ | C32: SAN YUSOR | D32: =ROUND(VLOOKUP(B32,'[5]BPHAN CHIA '!$B$100:$T$110,19,0),2) -> 12.55 | E32: =ROUND(0.7199*D32,2) -> 9.03 | F32: =ROUND(VLOOKUP(B32,'[5]BPHAN CHIA '!$B$179:$T$200,19,0),2) -> 8.39 | G32: =ROUND(F32*1.0956,2) -> 9.19 | Z32: =SUM(G32,E32,S32,Q32,O32,M32,K32,I32,U32,W32,Y32) -> 18.22
A33: =+A32+1 -> 21 | B33: វុន វណ្ណា | C33: VUN VANNA | D33: =ROUND(VLOOKUP(B33,'[5]BPHAN CHIA '!$B$100:$T$110,19,0),2) -> 6.33 | E33: =ROUND(0.7199*D33,2) -> 4.56 | F33: =ROUND(VLOOKUP(B33,'[5]BPHAN CHIA '!$B$179:$T$200,19,0),2) -> 9.96 | G33: =ROUND(F33*1.0956,2) -> 10.91 | U33: =ROUND(T33*0.9391,2) -> 0 | Z33: =SUM(G33,E33,S33,Q33,O33,M33,K33,I33,U33,W33,Y33) -> 15.47
A34: =+A33+1 -> 22 | B34: ជឿន នីន | C34: CHOEUN NIN | F34: =ROUND(VLOOKUP(B34,'[5]BPHAN CHIA '!$B$179:$T$200,19,0),2) -> 11.95 | G34: =ROUND(F34*1.0956,2) -> 13.09 | Z34: =SUM(G34,E34,S34,Q34,O34,M34,K34,I34,U34,W34,Y34) -> 13.09
A35: =+A34+1 -> 23 | B35: ហឿង ហេង | C35: HOEUNG HENG | F35: =ROUND(VLOOKUP(B35,'[5]BPHAN CHIA '!$B$179:$T$200,19,0),2) -> 11.95 | G35: =ROUND(F35*1.0956,2) -> 13.09 | Z35: =SUM(G35,E35,S35,Q35,O35,M35,K35,I35,U35,W35,Y35) -> 13.09
A36: =+A35+1 -> 24 | B36: គង់ ចាន់ទ្រឿន | C36: KONG CHANTROEUN | F36: =ROUND(VLOOKUP(B36,'[5]BPHAN CHIA '!$B$179:$T$200,19,0),2) -> 11.95 | G36: =ROUND(F36*1.0956,2) -> 13.09 | Z36: =SUM(G36,E36,S36,Q36,O36,M36,K36,I36,U36,W36,Y36) -> 13.09
A37: =+A36+1 -> 25 | B37: ទៀង ឡៃស៊ីម | C37: TIENG LAISIM | F37: =ROUND(VLOOKUP(B37,'[5]BPHAN CHIA '!$B$179:$T$200,19,0),2) -> 11.95 | G37: =ROUND(F37*1.0956,2) -> 13.09 | Z37: =SUM(G37,E37,S37,Q37,O37,M37,K37,I37,U37,W37,Y37) -> 13.09
A38: =+A37+1 -> 26 | B38: ម៉ុន ម៉ោល | C38: MON MORL | D38: =ROUND(VLOOKUP(B38,'[5]BPHAN CHIA '!$B$100:$T$110,19,0),2) -> 12.54 | E38: =ROUND(0.7199*D38,2) -> 9.03 | F38: =ROUND(VLOOKUP(B38,'[5]BPHAN CHIA '!$B$179:$T$200,19,0),2) -> 5.22 | G38: =ROUND(F38*1.0956,2) -> 5.72 | T38: ='[5]BCC D1(26)'!V96 -> 4 | U38: =ROUND(T38*0.9391,2) -> 3.76 | Z38: =SUM(G38,E38,S38,Q38,O38,M38,K38,I38,U38,W38,Y38) -> 18.51
A39: =+A38+1 -> 27 | B39: កែវ ប្រុសសុទ្ធ | C39: KEO BROSSOTH | D39: =ROUND(VLOOKUP(B39,'[5]BPHAN CHIA '!$B$100:$T$110,19,0),2) -> 1.63 | E39: =ROUND(0.7199*D39,2) -> 1.17 | F39: =ROUND(VLOOKUP(B39,'[5]BPHAN CHIA '!$B$179:$T$200,19,0),2) -> 8.53 | G39: =ROUND(F39*1.0956,2) -> 9.35 | Z39: =SUM(G39,E39,S39,Q39,O39,M39,K39,I39,U39,W39,Y39) -> 10.52
A40: =+A39+1 -> 28 | B40: ម៉ុក សុធា | C40: MOK SOTHEA | D40: =ROUND(VLOOKUP(B40,'[5]BPHAN CHIA '!$B$100:$T$110,19,0),2) -> 5.67 | E40: =ROUND(0.7199*D40,2) -> 4.08 | F40: =ROUND(VLOOKUP(B40,'[5]BPHAN CHIA '!$B$179:$T$200,19,0),2) -> 11.95 | G40: =ROUND(F40*1.0956,2) -> 13.09 | Z40: =SUM(G40,E40,S40,Q40,O40,M40,K40,I40,U40,W40,Y40) -> 17.17
A41: =+A40+1 -> 29 | B41: ជឿន ថា | C41: CHOEUN THA | D41: =ROUND(VLOOKUP(B41,'[5]BPHAN CHIA '!$B$11:$T$19,19,0)*1.1,2) -> 52.34 | E41: =ROUND(0.7199*D41,2) -> 37.68 | Z41: =SUM(G41,E41,S41,Q41,O41,M41,K41,I41,U41,W41,Y41) -> 37.68
A42: =+A41+1 -> 30 | B42: ហ៊ុន ម៉ៅ | C42: HUN MAO | D42: =ROUND(VLOOKUP(B42,'[5]BPHAN CHIA '!$B$11:$T$19,19,0),2) -> 47.58 | E42: =ROUND(0.7199*D42,2) -> 34.25 | Z42: =SUM(G42,E42,S42,Q42,O42,M42,K42,I42,U42,W42,Y42) -> 34.25
A43: =+A42+1 -> 31 | B43: ជឿន ថី | C43: CHOEUN THEY | D43: =ROUND(VLOOKUP(B43,'[5]BPHAN CHIA '!$B$11:$T$19,19,0),2) -> 47.58 | E43: =ROUND(0.7199*D43,2) -> 34.25 | Z43: =SUM(G43,E43,S43,Q43,O43,M43,K43,I43,U43,W43,Y43) -> 34.25
A44: =+A43+1 -> 32 | B44: ឆឹម ខុន | C44: CHHEOM KHON | D44: =ROUND(VLOOKUP(B44,'[5]BPHAN CHIA '!$B$11:$T$19,19,0),2) -> 47.58 | E44: =ROUND(0.7199*D44,2) -> 34.25 | Z44: =SUM(G44,E44,S44,Q44,O44,M44,K44,I44,U44,W44,Y44) -> 34.25
A45: =+A44+1 -> 33 | B45: ថន សុខធា | C45: THON SOKHTHEA | D45: =ROUND(VLOOKUP(B45,'[5]BPHAN CHIA '!$B$11:$T$19,19,0),2) -> 47.58 | E45: =ROUND(0.7199*D45,2) -> 34.25 | Z45: =SUM(G45,E45,S45,Q45,O45,M45,K45,I45,U45,W45,Y45) -> 34.25
A46: =+A45+1 -> 34 | B46: នី គីន | C46: NY KIN | D46: =ROUND(VLOOKUP(B46,'[5]BPHAN CHIA '!$B$11:$T$19,19,0),2) -> 43.55 | E46: =ROUND(0.7199*D46,2) -> 31.35 | Z46: =SUM(G46,E46,S46,Q46,O46,M46,K46,I46,U46,W46,Y46) -> 31.35
A47: =+A46+1 -> 35 | B47: វុន ហួន | C47: VUN HOUN | D47: =ROUND(VLOOKUP(B47,'[5]BPHAN CHIA '!$B$11:$T$19,19,0),2) -> 47.58 | E47: =ROUND(0.7199*D47,2) -> 34.25 | Z47: =SUM(G47,E47,S47,Q47,O47,M47,K47,I47,U47,W47,Y47) -> 34.25
A48: =+A47+1 -> 36 | B48: លី​ ប៊ុនយ៉េន | C48: LY BUNYEN | D48: =ROUND(VLOOKUP(B48,'[5]BPHAN CHIA '!$B$11:$T$19,19,0),2) -> 47.58 | E48: =ROUND(0.7199*D48,2) -> 34.25 | Z48: =SUM(G48,E48,S48,Q48,O48,M48,K48,I48,U48,W48,Y48) -> 34.25
A49: =+A48+1 -> 37 | B49: ធឿន​ វុឌ្ឍី | C49: THOEUN VUTHY | D49: =ROUND(VLOOKUP(B49,'[5]BPHAN CHIA '!$B$11:$T$19,19,0),2) -> 47.58 | E49: =ROUND(0.7199*D49,2) -> 34.25 | Z49: =SUM(G49,E49,S49,Q49,O49,M49,K49,I49,U49,W49,Y49) -> 34.25
A50: =+A49+1 -> 38 | B50: ឌូ ឌីន | C50: DOU DIN | J50: ='[5]BCC D1(26)'!V53 -> 10 | K50: =ROUND(J50*1.014,2) -> 10.14 | R50: ='[6]BCC D1 (26)'!X93 -> 2 | S50: =ROUND(R50*0.9391,2) -> 1.88 | Z50: =SUM(G50,E50,S50,Q50,O50,M50,K50,I50,U50,W50,Y50) -> 12.02
A51: =+A50+1 -> 39 | B51: ម៉ៅ ថី | C51: MAO THEY | N51: ='[5]BCC D1(26)'!V55 -> 13 | O51: =ROUND(N51*0.9776,2) -> 12.71 | Z51: =SUM(G51,E51,S51,Q51,O51,M51,K51,I51,U51,W51,Y51) -> 12.71
A52: =+A51+1 -> 40 | B52: ហៀង ហ័ង | C52: HEANG HORNG | L52: =SUM('[5]BCC D1(26)'!V56:V57) -> 18.5 | M52: =ROUND(L52*1.4889,2) -> 27.54 | Z52: =SUM(G52,E52,S52,Q52,O52,M52,K52,I52,U52,W52,Y52) -> 27.54
A53: =+A52+1 -> 41 | B53: មឿន សេន | C53: MOEURN SEN | L53: =SUM('[5]BCC D1(26)'!V58:V59) -> 14 | M53: =ROUND(L53*1.4779,2) -> 20.69 | Z53: =SUM(G53,E53,S53,Q53,O53,M53,K53,I53,U53,W53,Y53) -> 20.69
A54: =+A53+1 -> 42 | B54: សួរ សាលូត | C54: SOUR SALOUTH | P54: =SUM('[5]BCC D1(26)'!V60:V61) -> 18.5 | Q54: =ROUND(P54*1.4608,2)+0.01 -> 27.03 | Z54: =SUM(G54,E54,S54,Q54,O54,M54,K54,I54,U54,W54,Y54) -> 27.03
A55: =+A54+1 -> 43 | B55: ហ៊ីម មករា | C55: HIM MAKRA | D55: =ROUND(VLOOKUP(B55,'[5]BPHAN CHIA '!$B$136:$T$148,19,0)*1.1,2) -> 11.94 | E55: =ROUND(0.7199*D55,2) -> 8.6 | F55: =ROUND(1.15*VLOOKUP(B55,'[5]BPHAN CHIA '!$B$222:$T$241,19,0),2) -> 12.37 | G55: =ROUND(F55*1.0956,2) -> 13.55 | U55: =ROUND(T55*0.9391,2) -> 0 | V55: =VLOOKUP(B55,'[5]BCC D1(26)'!$B$98:$V$101,21,0) -> 1.5 | W55: =ROUND(V55*1.2521,2) -> 1.88 | Z55: =SUM(G55,E55,S55,Q55,O55,M55,K55,I55,U55,W55,Y55) -> 24.03
A56: =+A55+1 -> 44 | B56: ហុក តុងសេង | C56: HUK TUNGSENG | F56: =ROUND(VLOOKUP(B56,'[5]BPHAN CHIA '!$B$222:$T$241,19,0),2) -> 10.76 | G56: =ROUND(F56*1.0956,2) -> 11.79 | Z56: =SUM(G56,E56,S56,Q56,O56,M56,K56,I56,U56,W56,Y56) -> 11.79
A57: =+A56+1 -> 45 | B57: គួន ធី | C57: KOURN THY | D57: =ROUND(VLOOKUP(B57,'[5]BPHAN CHIA '!$B$136:$T$148,19,0),2) -> 3.07 | E57: =ROUND(0.7199*D57,2) -> 2.21 | F57: =ROUND(VLOOKUP(B57,'[5]BPHAN CHIA '!$B$222:$T$241,19,0),2) -> 10.76 | G57: =ROUND(F57*1.0956,2) -> 11.79 | Z57: =SUM(G57,E57,S57,Q57,O57,M57,K57,I57,U57,W57,Y57) -> 14
A58: =+A57+1 -> 46 | B58: អៀង អ៊ា | C58: EANG EAR | F58: =ROUND(VLOOKUP(B58,'[5]BPHAN CHIA '!$B$222:$T$241,19,0),2)-0.01 -> 8.86 | G58: =ROUND(F58*1.0956,2) -> 9.71 | Z58: =SUM(G58,E58,S58,Q58,O58,M58,K58,I58,U58,W58,Y58) -> 9.71
A59: =+A58+1 -> 47 | B59: ម៉ៅ សុខនី | C59: MAO SOKNY | D59: =ROUND(VLOOKUP(B59,'[5]BPHAN CHIA '!$B$136:$T$148,19,0),2) -> 6.82 | E59: =ROUND(0.7199*D59,2) -> 4.91 | F59: =ROUND(VLOOKUP(B59,'[5]BPHAN CHIA '!$B$222:$T$241,19,0),2) -> 10.76 | G59: =ROUND(F59*1.0956,2) -> 11.79 | Z59: =SUM(G59,E59,S59,Q59,O59,M59,K59,I59,U59,W59,Y59) -> 16.7
A60: =+A59+1 -> 48 | B60: ម៉ឹង គា | C60: MOENG KEA | D60: =ROUND(VLOOKUP(B60,'[5]BPHAN CHIA '!$B$136:$T$148,19,0),2) -> 10.86 | E60: =ROUND(0.7199*D60,2) -> 7.82 | F60: =ROUND(VLOOKUP(B60,'[5]BPHAN CHIA '!$B$222:$T$241,19,0),2) -> 10.76 | G60: =ROUND(F60*1.0956,2) -> 11.79 | U60: =ROUND(T60*0.9391,2) -> 0 | Z60: =SUM(G60,E60,S60,Q60,O60,M60,K60,I60,U60,W60,Y60) -> 19.61
A61: =+A60+1 -> 49 | B61: ម៉ៅ សុខម៉េង | C61: MAO SOKMENG | D61: =ROUND(VLOOKUP(B61,'[5]BPHAN CHIA '!$B$136:$T$148,19,0),2) -> 6.82 | E61: =ROUND(0.7199*D61,2) -> 4.91 | F61: =ROUND(VLOOKUP(B61,'[5]BPHAN CHIA '!$B$222:$T$241,19,0),2) -> 10.76 | G61: =ROUND(F61*1.0956,2) -> 11.79 | Z61: =SUM(G61,E61,S61,Q61,O61,M61,K61,I61,U61,W61,Y61) -> 16.7
A62: =+A61+1 -> 50 | B62: គា​ ទីណូ | C62: KHEA TINO | D62: =ROUND(VLOOKUP(B62,'[5]BPHAN CHIA '!$B$136:$T$148,19,0),2) -> 10.86 | E62: =ROUND(0.7199*D62,2) -> 7.82 | F62: =ROUND(VLOOKUP(B62,'[5]BPHAN CHIA '!$B$222:$T$241,19,0),2) -> 10.76 | G62: =ROUND(F62*1.0956,2) -> 11.79 | U62: =ROUND(T62*0.9391,2) -> 0 | V62: =VLOOKUP(B62,'[5]BCC D1(26)'!$B$98:$V$101,21,0) -> 1.5 | W62: =ROUND(V62*1.2521,2) -> 1.88 | Z62: =SUM(G62,E62,S62,Q62,O62,M62,K62,I62,U62,W62,Y62) -> 21.49
A63: =+A62+1 -> 51 | B63: ធួន ធីម | C63: THUN THIM | D63: =ROUND(VLOOKUP(B63,'[5]BPHAN CHIA '!$B$136:$T$148,19,0),2) -> 4.04 | E63: =ROUND(0.7199*D63,2) -> 2.91 | F63: =ROUND(VLOOKUP(B63,'[5]BPHAN CHIA '!$B$222:$T$241,19,0),2) -> 10.76 | G63: =ROUND(F63*1.0956,2) -> 11.79 | U63: =ROUND(T63*0.9391,2) -> 0 | Z63: =SUM(G63,E63,S63,Q63,O63,M63,K63,I63,U63,W63,Y63) -> 14.7
A64: =+A63+1 -> 52 | B64: មាស ភា | C64: MEAS PHEA | F64: =ROUND(VLOOKUP(B64,'[5]BPHAN CHIA '!$B$222:$T$241,19,0),2) -> 10.76 | G64: =ROUND(F64*1.0956,2) -> 11.79 | Z64: =SUM(G64,E64,S64,Q64,O64,M64,K64,I64,U64,W64,Y64) -> 11.79
A65: =+A64+1 -> 53 | B65: សេន សីហា | C65: SEN SEYHA | D65: =ROUND(VLOOKUP(B65,'[5]BPHAN CHIA '!$B$136:$T$148,19,0),2) -> 4.04 | E65: =ROUND(0.7199*D65,2) -> 2.91 | F65: =ROUND(VLOOKUP(B65,'[5]BPHAN CHIA '!$B$222:$T$241,19,0),2) -> 10.76 | G65: =ROUND(F65*1.0956,2) -> 11.79 | Z65: =SUM(G65,E65,S65,Q65,O65,M65,K65,I65,U65,W65,Y65) -> 14.7
A66: =+A65+1 -> 54 | B66: មេង បូរី | C66: MENG BOREY | D66: =ROUND(VLOOKUP(B66,'[5]BPHAN CHIA '!$B$136:$T$148,19,0),2) -> 4.04 | E66: =ROUND(0.7199*D66,2) -> 2.91 | F66: =ROUND(VLOOKUP(B66,'[5]BPHAN CHIA '!$B$222:$T$241,19,0),2) -> 10.76 | G66: =ROUND(F66*1.0956,2) -> 11.79 | Z66: =SUM(G66,E66,S66,Q66,O66,M66,K66,I66,U66,W66,Y66) -> 14.7
A67: =+A66+1 -> 55 | B67: មាស សៀក | C67: MEAS SEAK | D67: =ROUND(VLOOKUP(B67,'[5]BPHAN CHIA '!$B$136:$T$148,19,0),2) -> 6.82 | E67: =ROUND(0.7199*D67,2) -> 4.91 | F67: =ROUND(VLOOKUP(B67,'[5]BPHAN CHIA '!$B$222:$T$241,19,0),2) -> 10.76 | G67: =ROUND(F67*1.0956,2) -> 11.79 | Z67: =SUM(G67,E67,S67,Q67,O67,M67,K67,I67,U67,W67,Y67) -> 16.7
A68: =+A67+1 -> 56 | B68: ម៉ៅ ឆូន | C68: MAO CHHAUN | F68: =ROUND(VLOOKUP(B68,'[5]BPHAN CHIA '!$B$222:$T$241,19,0),2) -> 10.76 | G68: =ROUND(F68*1.0956,2) -> 11.79 | Z68: =SUM(G68,E68,S68,Q68,O68,M68,K68,I68,U68,W68,Y68) -> 11.79
A69: =+A68+1 -> 57 | B69: សាញ់ ខុម | C69: SANH KHOM | F69: =ROUND(VLOOKUP(B69,'[5]BPHAN CHIA '!$B$222:$T$241,19,0),2) -> 10.76 | G69: =ROUND(F69*1.0956,2) -> 11.79 | U69: =ROUND(T69*0.9391,2) -> 0 | Z69: =SUM(G69,E69,S69,Q69,O69,M69,K69,I69,U69,W69,Y69) -> 11.79
A70: =+A69+1 -> 58 | B70: ទៀង ចាន់ថា | C70: TIENG CHANTHA | D70: =ROUND(VLOOKUP(B70,'[5]BPHAN CHIA '!$B$136:$T$148,19,0),2) -> 6.82 | E70: =ROUND(0.7199*D70,2) -> 4.91 | F70: =ROUND(VLOOKUP(B70,'[5]BPHAN CHIA '!$B$222:$T$241,19,0),2) -> 10.76 | G70: =ROUND(F70*1.0956,2)-0.01 -> 11.78 | V70: =VLOOKUP(B70,'[5]BCC D1(26)'!$B$98:$V$101,21,0) -> 1.5 | W70: =ROUND(V70*1.2521,2) -> 1.88 | Z70: =SUM(G70,E70,S70,Q70,O70,M70,K70,I70,U70,W70,Y70) -> 18.57
A71: =+A70+1 -> 59 | B71: កិក រក្សា | C71: KEK REAKSA | D71: =ROUND(VLOOKUP(B71,'[5]BPHAN CHIA '!$B$136:$T$148,19,0),2) -> 10.86 | E71: =ROUND(0.7199*D71,2) -> 7.82 | F71: =ROUND(VLOOKUP(B71,'[5]BPHAN CHIA '!$B$222:$T$241,19,0),2)-0.01 -> 8.88 | G71: =ROUND(F71*1.0956,2) -> 9.73 | Z71: =SUM(G71,E71,S71,Q71,O71,M71,K71,I71,U71,W71,Y71) -> 17.55
A72: =+A71+1 -> 60 | B72: ផាត ចាន់លី | C72: PHAT CHANLY | F72: =ROUND(VLOOKUP(B72,'[5]BPHAN CHIA '!$B$222:$T$241,19,0),2)-0.01 -> 8.88 | G72: =ROUND(F72*1.0956,2)-0.01 -> 9.72 | Z72: =SUM(G72,E72,S72,Q72,O72,M72,K72,I72,U72,W72,Y72) -> 9.72
A73: =+A72+1 -> 61 | B73: មាស ស៊ីន​ | C73: MEAS SIN | D73: =ROUND(VLOOKUP(B73,'[5]BPHAN CHIA '!$B$136:$T$148,19,0),2) -> 4.03 | E73: =ROUND(0.7199*D73,2) -> 2.9 | F73: =ROUND(VLOOKUP(B73,'[5]BPHAN CHIA '!$B$222:$T$241,19,0),2)-0.01 -> 8.86 | G73: =ROUND(F73*1.0956,2)+0.01 -> 9.72 | U73: =ROUND(T73*0.9391,2) -> 0 | V73: =VLOOKUP(B73,'[5]BCC D1(26)'!$B$98:$V$101,21,0) -> 1.5 | W73: =ROUND(V73*1.2521,2) -> 1.88 | Z73: =SUM(G73,E73,S73,Q73,O73,M73,K73,I73,U73,W73,Y73) -> 14.5
A74: =+A73+1 -> 62 | B74: ស៊ុត លី | C74: SOTLY | F74: =ROUND(VLOOKUP(B74,'[5]BPHAN CHIA '!$B$222:$T$241,19,0),2) -> 7.2 | G74: =ROUND(F74*1.0956,2)+0.01 -> 7.9 | Z74: =SUM(G74,E74,S74,Q74,O74,M74,K74,I74,U74,W74,Y74) -> 7.9
A75: =+A74+1 -> 63 | B75: សន ម៉ាប់ | C75: SORN MAB | D75: =ROUND(VLOOKUP(B75,'[5]BPHAN CHIA '!$B$64:$T$72,19,0)*1.1,2) -> 48.43 | E75: =ROUND(0.7199*D75,2) -> 34.86 | Z75: =SUM(G75,E75,S75,Q75,O75,M75,K75,I75,U75,W75,Y75) -> 34.86
A76: =+A75+1 -> 64 | B76: ម៉ន ពឿយ | C76: MORN POEUY | D76: =ROUND(VLOOKUP(B76,'[5]BPHAN CHIA '!$B$64:$T$72,19,0),2) -> 44.03 | E76: =ROUND(0.7199*D76,2) -> 31.7 | Z76: =SUM(G76,E76,S76,Q76,O76,M76,K76,I76,U76,W76,Y76) -> 31.7
A77: =+A76+1 -> 65 | B77: ថន ចារី | C77: THON CHAREY | D77: =ROUND(VLOOKUP(B77,'[5]BPHAN CHIA '!$B$64:$T$72,19,0),2) -> 44.03 | E77: =ROUND(0.7199*D77,2) -> 31.7 | Z77: =SUM(G77,E77,S77,Q77,O77,M77,K77,I77,U77,W77,Y77) -> 31.7
A78: =+A77+1 -> 66 | B78: គ្រឿន រិត | C78: KROEUN RITH | D78: =ROUND(VLOOKUP(B78,'[5]BPHAN CHIA '!$B$64:$T$72,19,0),2)-0.01 -> 32.2 | E78: =ROUND(0.7199*D78,2)+0.01 -> 23.19 | Z78: =SUM(G78,E78,S78,Q78,O78,M78,K78,I78,U78,W78,Y78) -> 23.19
A79: =+A78+1 -> 67 | B79: រឿន រឿង | C79: ROEUN ROEUNG | D79: =ROUND(VLOOKUP(B79,'[5]BPHAN CHIA '!$B$64:$T$72,19,0),2) -> 44.03 | E79: =ROUND(0.7199*D79,2) -> 31.7 | Z79: =SUM(G79,E79,S79,Q79,O79,M79,K79,I79,U79,W79,Y79) -> 31.7
A80: =+A79+1 -> 68 | B80: អ៊ឹម ថាច | C80: OEM THACH | D80: =ROUND(VLOOKUP(B80,'[5]BPHAN CHIA '!$B$64:$T$72,19,0),2) -> 44.03 | E80: =ROUND(0.7199*D80,2) -> 31.7 | Z80: =SUM(G80,E80,S80,Q80,O80,M80,K80,I80,U80,W80,Y80) -> 31.7
A81: =+A80+1 -> 69 | B81: សន ចាន់រី | C81: SORN CHANRY | D81: =ROUND(VLOOKUP(B81,'[5]BPHAN CHIA '!$B$64:$T$72,19,0),2)-0.01 -> 39.98 | E81: =ROUND(0.7199*D81,2)+0.01 -> 28.79 | Z81: =SUM(G81,E81,S81,Q81,O81,M81,K81,I81,U81,W81,Y81) -> 28.79
A82: =+A81+1 -> 70 | B82: សន ហ៊ុច | C82: SORN HUCH | D82: =ROUND(VLOOKUP(B82,'[5]BPHAN CHIA '!$B$64:$T$72,19,0),2) -> 44.03 | E82: =ROUND(0.7199*D82,2) -> 31.7 | Z82: =SUM(G82,E82,S82,Q82,O82,M82,K82,I82,U82,W82,Y82) -> 31.7
A83: =+A82+1 -> 71 | B83: សន ឆៃលី | C83: SORN CHHAILY | D83: =ROUND(VLOOKUP(B83,'[5]BPHAN CHIA '!$B$64:$T$72,19,0),2) -> 44.03 | E83: =ROUND(0.7199*D83,2) -> 31.7 | Z83: =SUM(G83,E83,S83,Q83,O83,M83,K83,I83,U83,W83,Y83) -> 31.7
B84: សរុប (Tổng cộng) | D84: =SUM(D13:D83) -> 1007.12 | E84: =SUM(E13:E83) -> 725.03 | F84: =SUM(F13:F83) -> 437.93 | G84: =SUM(G13:G83) -> 479.8 | H84: =SUM(H13:H83) -> 10.5 | I84: =SUM(I13:I83) -> 13.11 | J84: =SUM(J13:J83) -> 26 | K84: =SUM(K13:K83) -> 27.04 | ... Z84: =SUM(Z13:Z83) -> 1432.86 | AD84: =#REF!+#REF!+#REF!+I84+K84+M84+O84+Q84+#REF!+S84 -> #REF!
A86: រោងចក្រកែច្នៃ/ XƯỞNG CHẾ BIẾN | R86: អ្នករៀបចំ / Lập biểu
R89: Bùi Ngọc Triệu

Sheet KLCN t1 dot 2
A1: ក្រុមហ៊ុន កៅស៊ូ មេគង្គ ខូ អិលធីឌី | M1: ព្រះរាជាណាចក្រ កម្ពុជា
A2: CÔNG TY TNHH CAO SU MEKONG | M2: VƯƠNG QUỐC CAMPUCHIA
A3: រោងចក្រកែច្នៃ | M3: ជាតិ សាសនា ព្រះមហាក្សត្រ
A4: XƯỞNG CHẾ BIẾN | M4: Dân tộc - Tôn giáo - Quốc vương
A6: តារាងបរិមាណកម្មករ រោងចក្រកែច្នៃជ័រកៅស៊ូ ខែ ១២ ឆ្នាំ ២០២៥
A7: ចាប់ពីថ្ងៃ ១៦ឥ៣១ ខែ ០១ ឆ្នាំ ២០២៦ (វគ្គទី ២)
A8: BẢNG KHỐI LƯỢNG CÔNG NHÂN XƯỞNG CHẾ BIẾN THÁNG 01 NĂM 2026
A9: TỪ NGÀY 16-31 THÁNG 01 NĂM 2026 (ĐỢT 2)
A11: ល.រ STT | B11: ត្រកូលនិងឈ្មោះ Họ và tên | D11: ជ័រកិន (Làm mủ cán vắt) | F11: ជ័រសម្រេច (Làm mủ Thành phẩm) | H11: អ្នកធ្វើការមិនរើសមុខ (Tạp vụ) | J11: សន្ដិសុខការពារ​​​​​ (Bảo vệ) | L11: អ្នកបើកឡាន (Tài xế) | N11: សម្អាត (Vệ sinh) | P11: កម្មករ មេកានិច (Công nhân cơ khí) | R11: កាត់ស្មៅ ពន្លត់អគ្គីភ័យ/Phát cỏ phòng chống cháy | T11: លាងសម្អាតធុងសម្ងួតជ័រ/ vệ sinh thùng sấy mủ | V11: ប្ដូរតែម/Thay tem nhãn | X11: ប្រាក់ថ្ងៃបុណ្យចូលឆ្នាំសកល (Tiền lễ dương lịch 1/1/2026) | Z11: មី និងប្រេងឆាឲ្យកម្មករ (Mì, dầu ăn cho CN) | AB11: សរុប Tổng công | AC11: ហត្ថលេខា KÝ TÊN
B12: អក្សរខ្មែរ (Khmer) | C12: អក្សរ ឡាតាំង (La tinh) | D12: បរិមាណ Khối lượng | E12: កម្លាំង Công | F12: បរិមាណ Khối lượng | G12: កម្លាំង Công | H12: បរិមាណ Khối lượng | I12: កម្លាំង Công | J12: បរិមាណ Khối lượng | K12: កម្លាំង Công | L12: បរិមាណ Khối lượng | M12: កម្លាំង Công | N12: បរិមាណ Khối lượng | O12: កម្លាំង Công | P12: បរិមាណ Khối lượng | Q12: កម្លាំង Công | R12: បរិមាណ Khối lượng | S12: កម្លាំង Công | T12: បរិមាណ Khối lượng | U12: កម្លាំង Công | V12: បរិមាណ Khối lượng | W12: កម្លាំង Công | X12: បរិមាណ Khối lượng | Y12: កម្លាំង Công | Z12: បរិមាណ Khối lượng | AA12: កម្លាំង Công
A13: 1 | B13: រិន ច្រិប | C13: RIN CHRIB | H13: ='BCC D1(26)'!X12 -> 12 | I13: =ROUND(H13*1.2233,2) -> 14.68 | X13: =ROUND(VLOOKUP(B13,'BCC D1(26)'!$B$12:$V$79,21,0),0) -> 1 | Y13: =ROUND(X13*0.5008,2) -> 0.5 | Z13: =VLOOKUP(B13,'BCC D1(26)'!$B$12:$W$88,22,0) -> 0 | AA13: =ROUND(Z13*1.0956,2) -> 0 | AB13: =SUM(G13,E13,S13,Q13,O13,M13,K13,I13,U13,Y13,AA13,W13) -> 15.18
A14: =+A13+1 -> 2 | B14: កែវ សម្បត្តិ | C14: KEO SAMBATH | J14: ='BCC D1(26)'!X13 -> 14 | K14: =ROUND(J14*1.0736,2) -> 15.03 | R14: ='BCC D1(26)'!X91 -> 10 | S14: =ROUND(R14*1.3147,2) -> 13.15 | X14: =ROUND(VLOOKUP(B14,'BCC D1(26)'!$B$12:$V$79,21,0),0) -> 1 | Y14: =ROUND(X14*0.5008,2) -> 0.5 | Z14: =VLOOKUP(B14,'BCC D1(26)'!$B$12:$W$88,22,0) -> 1 | AA14: =ROUND(Z14*1.0956,2) -> 1.1 | AB14: =SUM(G14,E14,S14,Q14,O14,M14,K14,I14,U14,Y14,AA14,W14) -> 29.78 | AF14: គី គីន
A15: =+A14+1 -> 3 | B15: ផន ឃី | C15: PHORN KHY | N15: ='BCC D1(26)'!X14 -> 13 | O15: =ROUND(N15*0.9704,2) -> 12.62 | X15: =ROUND(VLOOKUP(B15,'BCC D1(26)'!$B$12:$V$79,21,0),0) -> 1 | Y15: =ROUND(X15*0.5008,2) -> 0.5 | Z15: =VLOOKUP(B15,'BCC D1(26)'!$B$12:$W$88,22,0) -> 1 | AA15: =ROUND(Z15*1.0956,2) -> 1.1 | AB15: =SUM(G15,E15,S15,Q15,O15,M15,K15,I15,U15,Y15,AA15,W15) -> 14.22
A16: =+A15+1 -> 4 | B16: ថន ម៉ន | C16: THORN MORN | L16: =SUM('BCC D1(26)'!X15:X16) -> 20.5 | M16: =ROUND(L16*1.426,2) -> 29.23 | X16: =ROUND(VLOOKUP(B16,'BCC D1(26)'!$B$12:$V$79,21,0),0) -> 1 | Y16: =ROUND(X16*0.5008,2) -> 0.5 | Z16: =VLOOKUP(B16,'BCC D1(26)'!$B$12:$W$88,22,0) -> 1 | AA16: =ROUND(Z16*1.0956,2) -> 1.1 | AB16: =SUM(G16,E16,S16,Q16,O16,M16,K16,I16,U16,Y16,AA16,W16) -> 30.83
A17: =+A16+1 -> 5 | B17: សៃ រិទ្ធី | C17: SAI RITHY | L17: =SUM('BCC D1(26)'!X17:X18) -> 16.5 | M17: =ROUND(L17*1.426,2) -> 23.53 | X17: =ROUND(VLOOKUP(B17,'BCC D1(26)'!$B$12:$V$79,21,0),0) -> 1 | Y17: =ROUND(X17*0.5008,2) -> 0.5 | Z17: =VLOOKUP(B17,'BCC D1(26)'!$B$12:$W$88,22,0) -> 1 | AA17: =ROUND(Z17*1.0956,2) -> 1.1 | AB17: =SUM(G17,E17,S17,Q17,O17,M17,K17,I17,U17,Y17,AA17,W17) -> 25.13
A18: =+A17+1 -> 6 | B18: សាត រិទ្ធិសាក់ | C18: SAT RITHYSAK | P18: =SUM('BCC D1(26)'!X19:X20) -> 20.5 | Q18: =ROUND(P18*1.4353,2) -> 29.42 | X18: =ROUND(VLOOKUP(B18,'BCC D1(26)'!$B$12:$V$79,21,0),0) -> 1 | Y18: =ROUND(X18*0.5008,2) -> 0.5 | Z18: =VLOOKUP(B18,'BCC D1(26)'!$B$12:$W$88,22,0) -> 1 | AA18: =ROUND(Z18*1.0956,2) -> 1.1 | AB18: =SUM(G18,E18,S18,Q18,O18,M18,K18,I18,U18,Y18,AA18,W18) -> 31.02
A19: =+A18+1 -> 7 | B19: ហឿង សុជឿន | C19: HOEUNG SOCHOEUN | F19: =ROUND(1.15*VLOOKUP(B19,'BPHAN CHIA '!$B$179:$U$200,20,0),2) -> 10.94 | G19: =ROUND(F19*1.0956,2) -> 11.99 | T19: =VLOOKUP(B19,'BCC D1(26)'!$B$93:$X$100,23,0) -> 1 | U19: =ROUND(T19*0.9391,2) -> 0.94 | V19: =ROUND(VLOOKUP(B19,'BCC D1(26)'!$B$102:$X$114,23,0),0) -> 5 | W19: =ROUND(V19*1.2501,2) -> 6.25 | X19: =ROUND(VLOOKUP(B19,'BCC D1(26)'!$B$12:$V$79,21,0),0) -> 1 | Y19: =ROUND(X19*0.5008,2) -> 0.5 | Z19: =VLOOKUP(B19,'BCC D1(26)'!$B$12:$W$88,22,0) -> 1 | AA19: =ROUND(Z19*1.0956,2) -> 1.1 | AB19: =SUM(G19,E19,S19,Q19,O19,M19,K19,I19,U19,Y19,AA19,W19) -> 20.78
A20: =+A19+1 -> 8 | B20: ថន សំណាង | C20: THAN SAMNANG | F20: =ROUND(VLOOKUP(B20,'BPHAN CHIA '!$B$179:$U$200,20,0),2) -> 9.51 | G20: =ROUND(F20*1.0956,2) -> 10.42 | X20: =ROUND(VLOOKUP(B20,'BCC D1(26)'!$B$12:$V$79,21,0),0) -> 1 | Y20: =ROUND(X20*0.5008,2) -> 0.5 | Z20: =VLOOKUP(B20,'BCC D1(26)'!$B$12:$W$88,22,0) -> 1 | AA20: =ROUND(Z20*1.0956,2) -> 1.1 | AB20: =SUM(G20,E20,S20,Q20,O20,M20,K20,I20,U20,Y20,AA20,W20) -> 12.02
A21: =+A20+1 -> 9 | B21: ថូរ សុភ័ណ្ឌ | C21: THO SOPHORN | F21: =ROUND(VLOOKUP(B21,'BPHAN CHIA '!$B$179:$U$200,20,0),2) -> 7.62 | G21: =ROUND(F21*1.0956,2) -> 8.35 | X21: =ROUND(VLOOKUP(B21,'BCC D1(26)'!$B$12:$V$79,21,0),0) -> 1 | Y21: =ROUND(X21*0.5008,2) -> 0.5 | Z21: =VLOOKUP(B21,'BCC D1(26)'!$B$12:$W$88,22,0) -> 1 | AA21: =ROUND(Z21*1.0956,2) -> 1.1 | AB21: =SUM(G21,E21,S21,Q21,O21,M21,K21,I21,U21,Y21,AA21,W21) -> 9.95
A22: =+A21+1 -> 10 | B22: ធៀម សំនាង | C22: THEAM SAMNEANG | F22: =ROUND(VLOOKUP(B22,'BPHAN CHIA '!$B$179:$U$200,20,0),2) -> 9.51 | G22: =ROUND(F22*1.0956,2) -> 10.42 | T22: =VLOOKUP(B22,'BCC D1(26)'!$B$93:$X$100,23,0) -> 1 | U22: =ROUND(T22*0.9391,2) -> 0.94 | X22: =ROUND(VLOOKUP(B22,'BCC D1(26)'!$B$12:$V$79,21,0),0) -> 1 | Y22: =ROUND(X22*0.5008,2) -> 0.5 | Z22: =VLOOKUP(B22,'BCC D1(26)'!$B$12:$W$88,22,0) -> 1 | AA22: =ROUND(Z22*1.0956,2) -> 1.1 | AB22: =SUM(G22,E22,S22,Q22,O22,M22,K22,I22,U22,Y22,AA22,W22) -> 12.96
A23: =+A22+1 -> 11 | B23: អែល សាន់ | C23: EL SANN | F23: =ROUND(VLOOKUP(B23,'BPHAN CHIA '!$B$179:$U$200,20,0),2) -> 7.27 | G23: =ROUND(F23*1.0956,2) -> 7.97 | X23: =ROUND(VLOOKUP(B23,'BCC D1(26)'!$B$12:$V$79,21,0),0) -> 1 | Y23: =ROUND(X23*0.5008,2) -> 0.5 | Z23: =VLOOKUP(B23,'BCC D1(26)'!$B$12:$W$88,22,0) -> 1 | AA23: =ROUND(Z23*1.0956,2) -> 1.1 | AB23: =SUM(G23,E23,S23,Q23,O23,M23,K23,I23,U23,Y23,AA23,W23) -> 9.57
A24: =+A23+1 -> 12 | B24: អ៊ាវ ខាត់ | C24: EAV KHATH | F24: =ROUND(VLOOKUP(B24,'BPHAN CHIA '!$B$179:$U$200,20,0),2) -> 7.27 | G24: =ROUND(F24*1.0956,2) -> 7.97 | X24: =ROUND(VLOOKUP(B24,'BCC D1(26)'!$B$12:$V$79,21,0),0) -> 1 | Y24: =ROUND(X24*0.5008,2) -> 0.5 | Z24: =VLOOKUP(B24,'BCC D1(26)'!$B$12:$W$88,22,0) -> 1 | AA24: =ROUND(Z24*1.0956,2) -> 1.1 | AB24: =SUM(G24,E24,S24,Q24,O24,M24,K24,I24,U24,Y24,AA24,W24) -> 9.57
A25: =+A24+1 -> 13 | B25: ភី ផូ | C25: PHI PHO | F25: =ROUND(VLOOKUP(B25,'BPHAN CHIA '!$B$179:$U$200,20,0),2) -> 9.51 | G25: =ROUND(F25*1.0956,2) -> 10.42 | X25: =ROUND(VLOOKUP(B25,'BCC D1(26)'!$B$12:$V$79,21,0),0) -> 1 | Y25: =ROUND(X25*0.5008,2) -> 0.5 | Z25: =VLOOKUP(B25,'BCC D1(26)'!$B$12:$W$88,22,0) -> 0 | AA25: =ROUND(Z25*1.0956,2) -> 0 | AB25: =SUM(G25,E25,S25,Q25,O25,M25,K25,I25,U25,Y25,AA25,W25) -> 10.92
A26: =+A25+1 -> 14 | B26: វុន វណ្ណនី | C26: VON VANNY | F26: =ROUND(VLOOKUP(B26,'BPHAN CHIA '!$B$179:$U$200,20,0),2) -> 1.86 | G26: =ROUND(F26*1.0956,2) -> 2.04 | X26: =ROUND(VLOOKUP(B26,'BCC D1(26)'!$B$12:$V$79,21,0),0) -> 1 | Y26: =ROUND(X26*0.5008,2) -> 0.5 | Z26: =VLOOKUP(B26,'BCC D1(26)'!$B$12:$W$88,22,0) -> 0 | AA26: =ROUND(Z26*1.0956,2) -> 0 | AB26: =SUM(G26,E26,S26,Q26,O26,M26,K26,I26,U26,Y26,AA26,W26) -> 2.54
A27: =+A26+1 -> 15 | B27: លឿន ឆាលី | C27: LOEUN CHALY | F27: =ROUND(VLOOKUP(B27,'BPHAN CHIA '!$B$179:$U$200,20,0),2) -> 7.66 | G27: =ROUND(F27*1.0956,2) -> 8.39 | X27: =ROUND(VLOOKUP(B27,'BCC D1(26)'!$B$12:$V$79,21,0),0) -> 1 | Y27: =ROUND(X27*0.5008,2) -> 0.5 | Z27: =VLOOKUP(B27,'BCC D1(26)'!$B$12:$W$88,22,0) -> 0 | AA27: =ROUND(Z27*1.0956,2) -> 0 | AB27: =SUM(G27,E27,S27,Q27,O27,M27,K27,I27,U27,Y27,AA27,W27) -> 8.89
A28: =+A27+1 -> 16 | B28: ហឿន សាវុធ | C28: HOEURN SAVUTH | F28: =ROUND(VLOOKUP(B28,'BPHAN CHIA '!$B$179:$U$200,20,0),2) -> 7.27 | G28: =ROUND(F28*1.0956,2) -> 7.97 | V28: =ROUND(VLOOKUP(B28,'BCC D1(26)'!$B$102:$X$114,23,0),0) -> 5 | W28: =ROUND(V28*1.2501,2) -> 6.25 | X28: =ROUND(VLOOKUP(B28,'BCC D1(26)'!$B$12:$V$79,21,0),0) -> 1 | Y28: =ROUND(X28*0.5008,2) -> 0.5 | Z28: =VLOOKUP(B28,'BCC D1(26)'!$B$12:$W$88,22,0) -> 1 | AA28: =ROUND(Z28*1.0956,2) -> 1.1 | AB28: =SUM(G28,E28,S28,Q28,O28,M28,K28,I28,U28,Y28,AA28,W28) -> 15.82
A29: =+A28+1 -> 17 | B29: រឿន សារី | C29: ROEUN SARY | F29: =ROUND(VLOOKUP(B29,'BPHAN CHIA '!$B$179:$U$200,20,0),2) -> 9.51 | G29: =ROUND(F29*1.0956,2) -> 10.42 | X29: =ROUND(VLOOKUP(B29,'BCC D1(26)'!$B$12:$V$79,21,0),0) -> 1 | Y29: =ROUND(X29*0.5008,2) -> 0.5 | Z29: =VLOOKUP(B29,'BCC D1(26)'!$B$12:$W$88,22,0) -> 1 | AA29: =ROUND(Z29*1.0956,2) -> 1.1 | AB29: =SUM(G29,E29,S29,Q29,O29,M29,K29,I29,U29,Y29,AA29,W29) -> 12.02
A30: =+A29+1 -> 18 | B30: ហ៊ុច សំណាង | C30: HOCH SOMNANG | F30: =ROUND(VLOOKUP(B30,'BPHAN CHIA '!$B$179:$U$200,20,0),2) -> 7.66 | G30: =ROUND(F30*1.0956,2) -> 8.39 | X30: =ROUND(VLOOKUP(B30,'BCC D1(26)'!$B$12:$V$79,21,0),0) -> 1 | Y30: =ROUND(X30*0.5008,2) -> 0.5 | Z30: =VLOOKUP(B30,'BCC D1(26)'!$B$12:$W$88,22,0) -> 1 | AA30: =ROUND(Z30*1.0956,2) -> 1.1 | AB30: =SUM(G30,E30,S30,Q30,O30,M30,K30,I30,U30,Y30,AA30,W30) -> 9.99
A31: =+A30+1 -> 19 | B31: បាន ចន្ថា | C31: BAN CHANTHA | F31: =ROUND(VLOOKUP(B31,'BPHAN CHIA '!$B$179:$U$200,20,0),2) -> 7.27 | G31: =ROUND(F31*1.0956,2) -> 7.97 | V31: =ROUND(VLOOKUP(B31,'BCC D1(26)'!$B$102:$X$114,23,0),0) -> 5 | W31: =ROUND(V31*1.2501,2) -> 6.25 | X31: =ROUND(VLOOKUP(B31,'BCC D1(26)'!$B$12:$V$79,21,0),0) -> 1 | Y31: =ROUND(X31*0.5008,2) -> 0.5 | Z31: =VLOOKUP(B31,'BCC D1(26)'!$B$12:$W$88,22,0) -> 1 | AA31: =ROUND(Z31*1.0956,2) -> 1.1 | AB31: =SUM(G31,E31,S31,Q31,O31,M31,K31,I31,U31,Y31,AA31,W31) -> 15.82
A32: =+A31+1 -> 20 | B32: សាន់ យូស័រ | C32: SAN YUSOR | F32: =ROUND(VLOOKUP(B32,'BPHAN CHIA '!$B$179:$U$200,20,0),2) -> 9.51 | G32: =ROUND(F32*1.0956,2) -> 10.42 | X32: =ROUND(VLOOKUP(B32,'BCC D1(26)'!$B$12:$V$79,21,0),0) -> 1 | Y32: =ROUND(X32*0.5008,2) -> 0.5 | Z32: =VLOOKUP(B32,'BCC D1(26)'!$B$12:$W$88,22,0) -> 0 | AA32: =ROUND(Z32*1.0956,2) -> 0 | AB32: =SUM(G32,E32,S32,Q32,O32,M32,K32,I32,U32,Y32,AA32,W32) -> 10.92
A33: =+A32+1 -> 21 | B33: វុន វណ្ណា | C33: VUN VANNA | F33: =ROUND(VLOOKUP(B33,'BPHAN CHIA '!$B$179:$U$200,20,0),2) -> 4.63 | G33: =ROUND(F33*1.0956,2) -> 5.07 | X33: =ROUND(VLOOKUP(B33,'BCC D1(26)'!$B$12:$V$79,21,0),0) -> 1 | Y33: =ROUND(X33*0.5008,2) -> 0.5 | Z33: =VLOOKUP(B33,'BCC D1(26)'!$B$12:$W$88,22,0) -> 1 | AA33: =ROUND(Z33*1.0956,2) -> 1.1 | AB33: =SUM(G33,E33,S33,Q33,O33,M33,K33,I33,U33,Y33,AA33,W33) -> 6.67
A34: =+A33+1 -> 22 | B34: ជឿន នីន | C34: CHOEUN NIN | F34: =ROUND(VLOOKUP(B34,'BPHAN CHIA '!$B$179:$U$200,20,0),2) -> 9.51 | G34: =ROUND(F34*1.0956,2) -> 10.42 | T34: =VLOOKUP(B34,'BCC D1(26)'!$B$93:$X$100,23,0) -> 1 | U34: =ROUND(T34*0.9391,2) -> 0.94 | X34: =ROUND(VLOOKUP(B34,'BCC D1(26)'!$B$12:$V$79,21,0),0) -> 1 | Y34: =ROUND(X34*0.5008,2) -> 0.5 | Z34: =VLOOKUP(B34,'BCC D1(26)'!$B$12:$W$88,22,0) -> 1 | AA34: =ROUND(Z34*1.0956,2) -> 1.1 | AB34: =SUM(G34,E34,S34,Q34,O34,M34,K34,I34,U34,Y34,AA34,W34) -> 12.96
A35: =+A34+1 -> 23 | B35: ហឿង ហេង | C35: HOEUNG HENG | F35: =ROUND(VLOOKUP(B35,'BPHAN CHIA '!$B$179:$U$200,20,0),2) -> 7.77 | G35: =ROUND(F35*1.0956,2) -> 8.51 | V35: =ROUND(VLOOKUP(B35,'BCC D1(26)'!$B$102:$X$114,23,0),0) -> 5 | W35: =ROUND(V35*1.2501,2) -> 6.25 | X35: =ROUND(VLOOKUP(B35,'BCC D1(26)'!$B$12:$V$79,21,0),0) -> 1 | Y35: =ROUND(X35*0.5008,2) -> 0.5 | Z35: =VLOOKUP(B35,'BCC D1(26)'!$B$12:$W$88,22,0) -> 0 | AA35: =ROUND(Z35*1.0956,2) -> 0 | AB35: =SUM(G35,E35,S35,Q35,O35,M35,K35,I35,U35,Y35,AA35,W35) -> 15.26
A36: =+A35+1 -> 24 | B36: គង់ ចាន់ទ្រឿន | C36: KONG CHANTROEUN | F36: =ROUND(VLOOKUP(B36,'BPHAN CHIA '!$B$179:$U$200,20,0),2) -> 7.77 | G36: =ROUND(F36*1.0956,2) -> 8.51 | X36: =ROUND(VLOOKUP(B36,'BCC D1(26)'!$B$12:$V$79,21,0),0) -> 1 | Y36: =ROUND(X36*0.5008,2) -> 0.5 | Z36: =VLOOKUP(B36,'BCC D1(26)'!$B$12:$W$88,22,0) -> 0 | AA36: =ROUND(Z36*1.0956,2) -> 0 | AB36: =SUM(G36,E36,S36,Q36,O36,M36,K36,I36,U36,Y36,AA36,W36) -> 9.01
A37: =+A36+1 -> 25 | B37: ទៀង ឡៃស៊ីម | C37: TIENG LAISIM | F37: =ROUND(VLOOKUP(B37,'BPHAN CHIA '!$B$179:$U$200,20,0),2)+0.01 -> 9.52 | G37: =ROUND(F37*1.0956,2) -> 10.43 | X37: =ROUND(VLOOKUP(B37,'BCC D1(26)'!$B$12:$V$79,21,0),0) -> 1 | Y37: =ROUND(X37*0.5008,2) -> 0.5 | Z37: =VLOOKUP(B37,'BCC D1(26)'!$B$12:$W$88,22,0) -> 1 | AA37: =ROUND(Z37*1.0956,2) -> 1.1 | AB37: =SUM(G37,E37,S37,Q37,O37,M37,K37,I37,U37,Y37,AA37,W37) -> 12.03
A38: =+A37+1 -> 26 | B38: ម៉ុន ម៉ោល | C38: MON MORL | F38: =ROUND(VLOOKUP(B38,'BPHAN CHIA '!$B$179:$U$200,20,0),2)+0.01 -> 9.52 | G38: =ROUND(F38*1.0956,2) -> 10.43 | V38: =ROUND(VLOOKUP(B38,'BCC D1(26)'!$B$102:$X$114,23,0),0) -> 5 | W38: =ROUND(V38*1.2501,2) -> 6.25 | X38: =ROUND(VLOOKUP(B38,'BCC D1(26)'!$B$12:$V$79,21,0),0) -> 1 | Y38: =ROUND(X38*0.5008,2) -> 0.5 | Z38: =VLOOKUP(B38,'BCC D1(26)'!$B$12:$W$88,22,0) -> 1 | AA38: =ROUND(Z38*1.0956,2) -> 1.1 | AB38: =SUM(G38,E38,S38,Q38,O38,M38,K38,I38,U38,Y38,AA38,W38) -> 18.28
A39: =+A38+1 -> 27 | B39: កែវ ប្រុសសុទ្ធ | C39: KEO BROSSOTH | F39: =ROUND(VLOOKUP(B39,'BPHAN CHIA '!$B$179:$U$200,20,0),2) -> 7.74 | G39: =ROUND(F39*1.0956,2)-0.01 -> 8.47 | V39: =ROUND(VLOOKUP(B39,'BCC D1(26)'!$B$102:$X$114,23,0),0) -> 4 | W39: =ROUND(V39*1.2501,2) -> 5 | X39: =ROUND(VLOOKUP(B39,'BCC D1(26)'!$B$12:$V$79,21,0),0) -> 1 | Y39: =ROUND(X39*0.5008,2) -> 0.5 | Z39: =VLOOKUP(B39,'BCC D1(26)'!$B$12:$W$88,22,0) -> 1 | AA39: =ROUND(Z39*1.0956,2) -> 1.1 | AB39: =SUM(G39,E39,S39,Q39,O39,M39,K39,I39,U39,Y39,AA39,W39) -> 15.07
A40: =+A39+1 -> 28 | B40: ម៉ុក សុធា | C40: MOK SOTHEA | F40: =ROUND(VLOOKUP(B40,'BPHAN CHIA '!$B$179:$U$200,20,0),2) -> 7.27 | G40: =ROUND(F40*1.0956,2)-0.01 -> 7.96 | V40: =ROUND(VLOOKUP(B40,'BCC D1(26)'!$B$102:$X$114,23,0),0) -> 5 | W40: =ROUND(V40*1.2501,2) -> 6.25 | X40: =ROUND(VLOOKUP(B40,'BCC D1(26)'!$B$12:$V$79,21,0),0) -> 1 | Y40: =ROUND(X40*0.5008,2) -> 0.5 | Z40: =VLOOKUP(B40,'BCC D1(26)'!$B$12:$W$88,22,0) -> 0 | AA40: =ROUND(Z40*1.0956,2) -> 0 | AB40: =SUM(G40,E40,S40,Q40,O40,M40,K40,I40,U40,Y40,AA40,W40) -> 14.71
A41: =+A40+1 -> 29 | B41: ជឿន ថា | C41: CHOEUN THA | D41: =ROUND(VLOOKUP(B41,'BPHAN CHIA '!$B$11:$U$19,20,0)*1.1,2)-0.01 -> 60.65 | E41: =ROUND(0.7199*D41,2) -> 43.66 | X41: =ROUND(VLOOKUP(B41,'BCC D1(26)'!$B$12:$V$79,21,0),0) -> 1 | Y41: =ROUND(X41*0.5008,2) -> 0.5 | Z41: =VLOOKUP(B41,'BCC D1(26)'!$B$12:$W$88,22,0) -> 1 | AA41: =ROUND(Z41*1.0956,2) -> 1.1 | AB41: =SUM(G41,E41,S41,Q41,O41,M41,K41,I41,U41,Y41,AA41,W41) -> 45.26
A42: =+A41+1 -> 30 | B42: ហ៊ុន ម៉ៅ | C42: HUN MAO | D42: =ROUND(VLOOKUP(B42,'BPHAN CHIA '!$B$11:$U$19,20,0),2) -> 55.15 | E42: =ROUND(0.7199*D42,2) -> 39.7 | X42: =ROUND(VLOOKUP(B42,'BCC D1(26)'!$B$12:$V$79,21,0),0) -> 1 | Y42: =ROUND(X42*0.5008,2) -> 0.5 | Z42: =VLOOKUP(B42,'BCC D1(26)'!$B$12:$W$88,22,0) -> 1 | AA42: =ROUND(Z42*1.0956,2) -> 1.1 | AB42: =SUM(G42,E42,S42,Q42,O42,M42,K42,I42,U42,Y42,AA42,W42) -> 41.3
A43: =+A42+1 -> 31 | B43: ជឿន ថី | C43: CHOEUN THEY | D43: =ROUND(VLOOKUP(B43,'BPHAN CHIA '!$B$11:$U$19,20,0),2) -> 55.15 | E43: =ROUND(0.7199*D43,2) -> 39.7 | X43: =ROUND(VLOOKUP(B43,'BCC D1(26)'!$B$12:$V$79,21,0),0) -> 1 | Y43: =ROUND(X43*0.5008,2) -> 0.5 | Z43: =VLOOKUP(B43,'BCC D1(26)'!$B$12:$W$88,22,0) -> 1 | AA43: =ROUND(Z43*1.0956,2) -> 1.1 | AB43: =SUM(G43,E43,S43,Q43,O43,M43,K43,I43,U43,Y43,AA43,W43) -> 41.3
A44: =+A43+1 -> 32 | B44: ឆឹម ខុន | C44: CHHEOM KHON | D44: =ROUND(VLOOKUP(B44,'BPHAN CHIA '!$B$11:$U$19,20,0),2) -> 55.14 | E44: =ROUND(0.7199*D44,2) -> 39.7 | X44: =ROUND(VLOOKUP(B44,'BCC D1(26)'!$B$12:$V$79,21,0),0) -> 1 | Y44: =ROUND(X44*0.5008,2) -> 0.5 | Z44: =VLOOKUP(B44,'BCC D1(26)'!$B$12:$W$88,22,0) -> 1 | AA44: =ROUND(Z44*1.0956,2) -> 1.1 | AB44: =SUM(G44,E44,S44,Q44,O44,M44,K44,I44,U44,Y44,AA44,W44) -> 41.3
A45: =+A44+1 -> 33 | B45: ថន សុខធា | C45: THON SOKHTHEA | D45: =ROUND(VLOOKUP(B45,'BPHAN CHIA '!$B$11:$U$19,20,0),2) -> 55.14 | E45: =ROUND(0.7199*D45,2) -> 39.7 | X45: =ROUND(VLOOKUP(B45,'BCC D1(26)'!$B$12:$V$79,21,0),0) -> 1 | Y45: =ROUND(X45*0.5008,2) -> 0.5 | Z45: =VLOOKUP(B45,'BCC D1(26)'!$B$12:$W$88,22,0) -> 1 | AA45: =ROUND(Z45*1.0956,2) -> 1.1 | AB45: =SUM(G45,E45,S45,Q45,O45,M45,K45,I45,U45,Y45,AA45,W45) -> 41.3
A46: =+A45+1 -> 34 | B46: នី គីន | C46: NY KIN | D46: =ROUND(VLOOKUP(B46,'BPHAN CHIA '!$B$11:$U$19,20,0),2) -> 55.14 | E46: =ROUND(0.7199*D46,2) -> 39.7 | X46: =ROUND(VLOOKUP(B46,'BCC D1(26)'!$B$12:$V$79,21,0),0) -> 1 | Y46: =ROUND(X46*0.5008,2) -> 0.5 | Z46: =VLOOKUP(B46,'BCC D1(26)'!$B$12:$W$88,22,0) -> 1 | AA46: =ROUND(Z46*1.0956,2) -> 1.1 | AB46: =SUM(G46,E46,S46,Q46,O46,M46,K46,I46,U46,Y46,AA46,W46) -> 41.3
A47: =+A46+1 -> 35 | B47: វុន ហួន | C47: VUN HOUN | D47: =ROUND(VLOOKUP(B47,'BPHAN CHIA '!$B$11:$U$19,20,0),2) -> 55.14 | E47: =ROUND(0.7199*D47,2) -> 39.7 | X47: =ROUND(VLOOKUP(B47,'BCC D1(26)'!$B$12:$V$79,21,0),0) -> 1 | Y47: =ROUND(X47*0.5008,2) -> 0.5 | Z47: =VLOOKUP(B47,'BCC D1(26)'!$B$12:$W$88,22,0) -> 1 | AA47: =ROUND(Z47*1.0956,2) -> 1.1 | AB47: =SUM(G47,E47,S47,Q47,O47,M47,K47,I47,U47,Y47,AA47,W47) -> 41.3
A48: =+A47+1 -> 36 | B48: លី​ ប៊ុនយ៉េន | C48: LY BUNYEN | D48: =ROUND(VLOOKUP(B48,'BPHAN CHIA '!$B$11:$U$19,20,0),2) -> 55.14 | E48: =ROUND(0.7199*D48,2) -> 39.7 | X48: =ROUND(VLOOKUP(B48,'BCC D1(26)'!$B$12:$V$79,21,0),0) -> 1 | Y48: =ROUND(X48*0.5008,2) -> 0.5 | Z48: =VLOOKUP(B48,'BCC D1(26)'!$B$12:$W$88,22,0) -> 1 | AA48: =ROUND(Z48*1.0956,2) -> 1.1 | AB48: =SUM(G48,E48,S48,Q48,O48,M48,K48,I48,U48,Y48,AA48,W48) -> 41.3
A49: =+A48+1 -> 37 | B49: ធឿន​ វុឌ្ឍី | C49: THOEUN VUTHY | D49: =ROUND(VLOOKUP(B49,'BPHAN CHIA '!$B$11:$U$19,20,0),2) -> 55.14 | E49: =ROUND(0.7199*D49,2) -> 39.7 | X49: =ROUND(VLOOKUP(B49,'BCC D1(26)'!$B$12:$V$79,21,0),0) -> 1 | Y49: =ROUND(X49*0.5008,2) -> 0.5 | Z49: =VLOOKUP(B49,'BCC D1(26)'!$B$12:$W$88,22,0) -> 1 | AA49: =ROUND(Z49*1.0956,2) -> 1.1 | AB49: =SUM(G49,E49,S49,Q49,O49,M49,K49,I49,U49,Y49,AA49,W49) -> 41.3
A50: =+A49+1 -> 38 | B50: ឌូ ឌីន | C50: DOU DIN | J50: ='BCC D1(26)'!X52 -> 14 | K50: =ROUND(J50*0.9657,2) -> 13.52 | R50: ='BCC D1(26)'!X90 -> 0.5 | S50: =ROUND(R50*1.3147,2)-0.01 -> 0.65 | X50: =ROUND(VLOOKUP(B50,'BCC D1(26)'!$B$12:$V$79,21,0),0) -> 1 | Y50: =ROUND(X50*0.5008,2) -> 0.5 | Z50: =VLOOKUP(B50,'BCC D1(26)'!$B$12:$W$88,22,0) -> 0 | AA50: =ROUND(Z50*1.0956,2) -> 0 | AB50: =SUM(G50,E50,S50,Q50,O50,M50,K50,I50,U50,Y50,AA50,W50) -> 14.67
A51: =+A50+1 -> 39 | B51: ម៉ៅ ថី | C51: MAO THEY | N51: ='BCC D1(26)'!X53 -> 14 | O51: =ROUND(N51*0.9704,2)-0.01 -> 13.58 | X51: =ROUND(VLOOKUP(B51,'BCC D1(26)'!$B$12:$V$79,21,0),0) -> 1 | Y51: =ROUND(X51*0.5008,2) -> 0.5 | Z51: =VLOOKUP(B51,'BCC D1(26)'!$B$12:$W$88,22,0) -> 1 | AA51: =ROUND(Z51*1.0956,2) -> 1.1 | AB51: =SUM(G51,E51,S51,Q51,O51,M51,K51,I51,U51,Y51,AA51,W51) -> 15.18
A52: =+A51+1 -> 40 | B52: ហៀង ហ័ង | C52: HEANG HORNG | L52: =SUM('BCC D1(26)'!X54:X55) -> 19.5 | M52: =ROUND(L52*1.426,2) -> 27.81 | X52: =ROUND(VLOOKUP(B52,'BCC D1(26)'!$B$12:$V$79,21,0),0) -> 1 | Y52: =ROUND(X52*0.5008,2) -> 0.5 | Z52: =VLOOKUP(B52,'BCC D1(26)'!$B$12:$W$88,22,0) -> 1 | AA52: =ROUND(Z52*1.0956,2) -> 1.1 | AB52: =SUM(G52,E52,S52,Q52,O52,M52,K52,I52,U52,Y52,AA52,W52) -> 29.41
A53: =+A52+1 -> 41 | B53: មឿន សេន | C53: MOEURN SEN | L53: =SUM('BCC D1(26)'!X56:X57) -> 15.5 | M53: =ROUND(L53*1.426,2) -> 22.1 | X53: =ROUND(VLOOKUP(B53,'BCC D1(26)'!$B$12:$V$79,21,0),0) -> 1 | Y53: =ROUND(X53*0.5008,2) -> 0.5 | Z53: =VLOOKUP(B53,'BCC D1(26)'!$B$12:$W$88,22,0) -> 1 | AA53: =ROUND(Z53*1.0956,2) -> 1.1 | AB53: =SUM(G53,E53,S53,Q53,O53,M53,K53,I53,U53,Y53,AA53,W53) -> 23.7
A54: =+A53+1 -> 42 | B54: សួរ សាលូត | C54: SOUR SALOUTH | P54: =SUM('BCC D1(26)'!X58:X59) -> 20 | Q54: =ROUND(P54*1.4085,2)+0.01 -> 28.18 | X54: =ROUND(VLOOKUP(B54,'BCC D1(26)'!$B$12:$V$79,21,0),0) -> 1 | Y54: =ROUND(X54*0.5008,2) -> 0.5 | Z54: =VLOOKUP(B54,'BCC D1(26)'!$B$12:$W$88,22,0) -> 1 | AA54: =ROUND(Z54*1.0956,2) -> 1.1 | AB54: =SUM(G54,E54,S54,Q54,O54,M54,K54,I54,U54,Y54,AA54,W54) -> 29.78
A55: =+A54+1 -> 43 | B55: ហ៊ីម មករា | C55: HIM MAKRA | F55: =ROUND(1.15*VLOOKUP(B55,'BPHAN CHIA '!$B$222:$U$241,20,0),2)-0.01 -> 11.52 | G55: =ROUND(F55*1.0956,2) -> 12.62 | T55: =VLOOKUP(B55,'BCC D1(26)'!$B$93:$X$100,23,0) -> 3.5 | U55: =ROUND(T55*0.9391,2) -> 3.29 | V55: =ROUND(VLOOKUP(B55,'BCC D1(26)'!$B$102:$X$114,23,0),0) -> 5 | W55: =ROUND(V55*1.2501,2) -> 6.25 | X55: =ROUND(VLOOKUP(B55,'BCC D1(26)'!$B$12:$V$79,21,0),0) -> 1 | Y55: =ROUND(X55*0.5008,2) -> 0.5 | Z55: =VLOOKUP(B55,'BCC D1(26)'!$B$12:$W$88,22,0) -> 1 | AA55: =ROUND(Z55*1.0956,2) -> 1.1 | AB55: =SUM(G55,E55,S55,Q55,O55,M55,K55,I55,U55,Y55,AA55,W55) -> 23.76
A56: =+A55+1 -> 44 | B56: ហុក តុងសេង | C56: HUK TUNGSENG | F56: =ROUND(VLOOKUP(B56,'BPHAN CHIA '!$B$222:$U$241,20,0),2) -> 10.02 | G56: =ROUND(F56*1.0956,2) -> 10.98 | X56: =ROUND(VLOOKUP(B56,'BCC D1(26)'!$B$12:$V$79,21,0),0) -> 1 | Y56: =ROUND(X56*0.5008,2) -> 0.5 | Z56: =VLOOKUP(B56,'BCC D1(26)'!$B$12:$W$88,22,0) -> 1 | AA56: =ROUND(Z56*1.0956,2)-0.01 -> 1.09 | AB56: =SUM(G56,E56,S56,Q56,O56,M56,K56,I56,U56,Y56,AA56,W56) -> 12.57
A57: =+A56+1 -> 45 | B57: គួន ធី | C57: KOURN THY | F57: =ROUND(VLOOKUP(B57,'BPHAN CHIA '!$B$222:$U$241,20,0),2)+0.01 -> 7.91 | G57: =ROUND(F57*1.0956,2)-0.01 -> 8.66 | X57: =ROUND(VLOOKUP(B57,'BCC D1(26)'!$B$12:$V$79,21,0),0) -> 1 | Y57: =ROUND(X57*0.5008,2) -> 0.5 | Z57: =VLOOKUP(B57,'BCC D1(26)'!$B$12:$W$88,22,0) -> 1 | AA57: =ROUND(Z57*1.0956,2)-0.01 -> 1.09 | AB57: =SUM(G57,E57,S57,Q57,O57,M57,K57,I57,U57,Y57,AA57,W57) -> 10.25
A58: =+A57+1 -> 46 | B58: អៀង អ៊ា | C58: EANG EAR | F58: =ROUND(VLOOKUP(B58,'BPHAN CHIA '!$B$222:$U$241,20,0),2)+0.01 -> 8.08 | G58: =ROUND(F58*1.0956,2)-0.01 -> 8.84 | V58: =ROUND(VLOOKUP(B58,'BCC D1(26)'!$B$102:$X$114,23,0),0) -> 5 | W58: =ROUND(V58*1.2501,2) -> 6.25 | X58: =ROUND(VLOOKUP(B58,'BCC D1(26)'!$B$12:$V$79,21,0),0) -> 1 | Y58: =ROUND(X58*0.5008,2) -> 0.5 | Z58: =VLOOKUP(B58,'BCC D1(26)'!$B$12:$W$88,22,0) -> 1 | AA58: =ROUND(Z58*1.0956,2)-0.01 -> 1.09 | AB58: =SUM(G58,E58,S58,Q58,O58,M58,K58,I58,U58,Y58,AA58,W58) -> 16.68
A59: =+A58+1 -> 47 | B59: ម៉ៅ សុខនី | C59: MAO SOKNY | F59: =ROUND(VLOOKUP(B59,'BPHAN CHIA '!$B$222:$U$241,20,0),2) -> 10.02 | G59: =ROUND(F59*1.0956,2) -> 10.98 | X59: =ROUND(VLOOKUP(B59,'BCC D1(26)'!$B$12:$V$79,21,0),0) -> 1 | Y59: =ROUND(X59*0.5008,2) -> 0.5 | Z59: =VLOOKUP(B59,'BCC D1(26)'!$B$12:$W$88,22,0) -> 1 | AA59: =ROUND(Z59*1.0956,2)-0.01 -> 1.09 | AB59: =SUM(G59,E59,S59,Q59,O59,M59,K59,I59,U59,Y59,AA59,W59) -> 12.57
A60: =+A59+1 -> 48 | B60: ម៉ឹង គា | C60: MOENG KEA | F60: =ROUND(VLOOKUP(B60,'BPHAN CHIA '!$B$222:$U$241,20,0),2) -> 10.02 | G60: =ROUND(F60*1.0956,2) -> 10.98 | V60: =ROUND(VLOOKUP(B60,'BCC D1(26)'!$B$102:$X$114,23,0),0) -> 5 | W60: =ROUND(V60*1.2501,2) -> 6.25 | X60: =ROUND(VLOOKUP(B60,'BCC D1(26)'!$B$12:$V$79,21,0),0) -> 1 | Y60: =ROUND(X60*0.5008,2) -> 0.5 | Z60: =VLOOKUP(B60,'BCC D1(26)'!$B$12:$W$88,22,0) -> 1 | AA60: =ROUND(Z60*1.0956,2)-0.01 -> 1.09 | AB60: =SUM(G60,E60,S60,Q60,O60,M60,K60,I60,U60,Y60,AA60,W60) -> 18.82
A61: =+A60+1 -> 49 | B61: ម៉ៅ សុខម៉េង | C61: MAO SOKMENG | F61: =ROUND(VLOOKUP(B61,'BPHAN CHIA '!$B$222:$U$241,20,0),2) -> 10.02 | G61: =ROUND(F61*1.0956,2) -> 10.98 | T61: =VLOOKUP(B61,'BCC D1(26)'!$B$93:$X$100,23,0) -> 2 | U61: =ROUND(T61*0.9391,2) -> 1.88 | X61: =ROUND(VLOOKUP(B61,'BCC D1(26)'!$B$12:$V$79,21,0),0) -> 1 | Y61: =ROUND(X61*0.5008,2) -> 0.5 | Z61: =VLOOKUP(B61,'BCC D1(26)'!$B$12:$W$88,22,0) -> 1 | AA61: =ROUND(Z61*1.0956,2)-0.01 -> 1.09 | AB61: =SUM(G61,E61,S61,Q61,O61,M61,K61,I61,U61,Y61,AA61,W61) -> 14.45
A62: =+A61+1 -> 50 | B62: គា​ ទីណូ | C62: KHEA TINO | F62: =ROUND(VLOOKUP(B62,'BPHAN CHIA '!$B$222:$U$241,20,0),2) -> 10.02 | G62: =ROUND(F62*1.0956,2) -> 10.98 | T62: =VLOOKUP(B62,'BCC D1(26)'!$B$93:$X$100,23,0) -> 4 | U62: =ROUND(T62*0.9391,2) -> 3.76 | V62: =ROUND(VLOOKUP(B62,'BCC D1(26)'!$B$102:$X$114,23,0),0) -> 5 | W62: =ROUND(V62*1.2501,2) -> 6.25 | X62: =ROUND(VLOOKUP(B62,'BCC D1(26)'!$B$12:$V$79,21,0),0) -> 1 | Y62: =ROUND(X62*0.5008,2) -> 0.5 | Z62: =VLOOKUP(B62,'BCC D1(26)'!$B$12:$W$88,22,0) -> 1 | AA62: =ROUND(Z62*1.0956,2)-0.01 -> 1.09 | AB62: =SUM(G62,E62,S62,Q62,O62,M62,K62,I62,U62,Y62,AA62,W62) -> 22.58
A63: =+A62+1 -> 51 | B63: ធួន ធីម | C63: THUN THIM | F63: =ROUND(VLOOKUP(B63,'BPHAN CHIA '!$B$222:$U$241,20,0),2) -> 10.02 | G63: =ROUND(F63*1.0956,2) -> 10.98 | X63: =ROUND(VLOOKUP(B63,'BCC D1(26)'!$B$12:$V$79,21,0),0) -> 1 | Y63: =ROUND(X63*0.5008,2) -> 0.5 | Z63: =VLOOKUP(B63,'BCC D1(26)'!$B$12:$W$88,22,0) -> 1 | AA63: =ROUND(Z63*1.0956,2)-0.01 -> 1.09 | AB63: =SUM(G63,E63,S63,Q63,O63,M63,K63,I63,U63,Y63,AA63,W63) -> 12.57
A64: =+A63+1 -> 52 | B64: មាស ភា | C64: MEAS PHEA | F64: =ROUND(VLOOKUP(B64,'BPHAN CHIA '!$B$222:$U$241,20,0),2) -> 10.02 | G64: =ROUND(F64*1.0956,2) -> 10.98 | X64: =ROUND(VLOOKUP(B64,'BCC D1(26)'!$B$12:$V$79,21,0),0) -> 1 | Y64: =ROUND(X64*0.5008,2) -> 0.5 | Z64: =VLOOKUP(B64,'BCC D1(26)'!$B$12:$W$88,22,0) -> 1 | AA64: =ROUND(Z64*1.0956,2)-0.01 -> 1.09 | AB64: =SUM(G64,E64,S64,Q64,O64,M64,K64,I64,U64,Y64,AA64,W64) -> 12.57
A65: =+A64+1 -> 53 | B65: សេន សីហា | C65: SEN SEYHA | F65: =ROUND(VLOOKUP(B65,'BPHAN CHIA '!$B$222:$U$241,20,0),2) -> 10.02 | G65: =ROUND(F65*1.0956,2) -> 10.98 | X65: =ROUND(VLOOKUP(B65,'BCC D1(26)'!$B$12:$V$79,21,0),0) -> 1 | Y65: =ROUND(X65*0.5008,2) -> 0.5 | Z65: =VLOOKUP(B65,'BCC D1(26)'!$B$12:$W$88,22,0) -> 1 | AA65: =ROUND(Z65*1.0956,2)-0.01 -> 1.09 | AB65: =SUM(G65,E65,S65,Q65,O65,M65,K65,I65,U65,Y65,AA65,W65) -> 12.57
A66: =+A65+1 -> 54 | B66: មេង បូរី | C66: MENG BOREY | F66: =ROUND(VLOOKUP(B66,'BPHAN CHIA '!$B$222:$U$241,20,0),2) -> 10.02 | G66: =ROUND(F66*1.0956,2) -> 10.98 | V66: =ROUND(VLOOKUP(B66,'BCC D1(26)'!$B$102:$X$114,23,0),0) -> 5 | W66: =ROUND(V66*1.2501,2) -> 6.25 | X66: =ROUND(VLOOKUP(B66,'BCC D1(26)'!$B$12:$V$79,21,0),0) -> 1 | Y66: =ROUND(X66*0.5008,2) -> 0.5 | Z66: =VLOOKUP(B66,'BCC D1(26)'!$B$12:$W$88,22,0) -> 1 | AA66: =ROUND(Z66*1.0956,2)-0.01 -> 1.09 | AB66: =SUM(G66,E66,S66,Q66,O66,M66,K66,I66,U66,Y66,AA66,W66) -> 18.82
A67: =+A66+1 -> 55 | B67: មាស សៀក | C67: MEAS SEAK | F67: =ROUND(VLOOKUP(B67,'BPHAN CHIA '!$B$222:$U$241,20,0),2) -> 10.02 | G67: =ROUND(F67*1.0956,2) -> 10.98 | T67: =VLOOKUP(B67,'BCC D1(26)'!$B$93:$X$100,23,0) -> 2.5 | U67: =ROUND(T67*0.9391,2) -> 2.35 | X67: =ROUND(VLOOKUP(B67,'BCC D1(26)'!$B$12:$V$79,21,0),0) -> 1 | Y67: =ROUND(X67*0.5008,2) -> 0.5 | Z67: =VLOOKUP(B67,'BCC D1(26)'!$B$12:$W$88,22,0) -> 1 | AA67: =ROUND(Z67*1.0956,2)-0.01 -> 1.09 | AB67: =SUM(G67,E67,S67,Q67,O67,M67,K67,I67,U67,Y67,AA67,W67) -> 14.92
A68: =+A67+1 -> 56 | B68: ម៉ៅ ឆូន | C68: MAO CHHAUN | F68: =ROUND(VLOOKUP(B68,'BPHAN CHIA '!$B$222:$U$241,20,0),2) -> 10.02 | G68: =ROUND(F68*1.0956,2) -> 10.98 | X68: =ROUND(VLOOKUP(B68,'BCC D1(26)'!$B$12:$V$79,21,0),0) -> 1 | Y68: =ROUND(X68*0.5008,2) -> 0.5 | Z68: =VLOOKUP(B68,'BCC D1(26)'!$B$12:$W$88,22,0) -> 1 | AA68: =ROUND(Z68*1.0956,2)-0.01 -> 1.09 | AB68: =SUM(G68,E68,S68,Q68,O68,M68,K68,I68,U68,Y68,AA68,W68) -> 12.57
A69: =+A68+1 -> 57 | B69: សាញ់ ខុម | C69: SANH KHOM | F69: =ROUND(VLOOKUP(B69,'BPHAN CHIA '!$B$222:$U$241,20,0),2)+0.01 -> 5.85 | G69: =ROUND(F69*1.0956,2)-0.01 -> 6.4 | X69: =ROUND(VLOOKUP(B69,'BCC D1(26)'!$B$12:$V$79,21,0),0) -> 1 | Y69: =ROUND(X69*0.5008,2) -> 0.5 | Z69: =VLOOKUP(B69,'BCC D1(26)'!$B$12:$W$88,22,0) -> 1 | AA69: =ROUND(Z69*1.0956,2)-0.01 -> 1.09 | AB69: =SUM(G69,E69,S69,Q69,O69,M69,K69,I69,U69,Y69,AA69,W69) -> 7.99
A70: =+A69+1 -> 58 | B70: ទៀង ចាន់ថា | C70: TIENG CHANTHA | F70: =ROUND(VLOOKUP(B70,'BPHAN CHIA '!$B$222:$U$241,20,0),2) -> 10.02 | G70: =ROUND(F70*1.0956,2) -> 10.98 | T70: =VLOOKUP(B70,'BCC D1(26)'!$B$93:$X$100,23,0) -> 0.5 | U70: =ROUND(T70*0.9391,2)-0.01 -> 0.46 | X70: =ROUND(VLOOKUP(B70,'BCC D1(26)'!$B$12:$V$79,21,0),0) -> 1 | Y70: =ROUND(X70*0.5008,2) -> 0.5 | Z70: =VLOOKUP(B70,'BCC D1(26)'!$B$12:$W$88,22,0) -> 1 | AA70: =ROUND(Z70*1.0956,2)-0.01 -> 1.09 | AB70: =SUM(G70,E70,S70,Q70,O70,M70,K70,I70,U70,Y70,AA70,W70) -> 13.03
A71: =+A70+1 -> 59 | B71: កិក រក្សា | C71: KEK REAKSA | F71: =ROUND(VLOOKUP(B71,'BPHAN CHIA '!$B$222:$U$241,20,0),2)+0.01 -> 4.09 | G71: =ROUND(F71*1.0956,2)-0.01 -> 4.47 | X71: =ROUND(VLOOKUP(B71,'BCC D1(26)'!$B$12:$V$79,21,0),0) -> 1 | Y71: =ROUND(X71*0.5008,2) -> 0.5 | Z71: =VLOOKUP(B71,'BCC D1(26)'!$B$12:$W$88,22,0) -> 0 | AA71: =ROUND(Z71*1.0956,2) -> 0 | AB71: =SUM(G71,E71,S71,Q71,O71,M71,K71,I71,U71,Y71,AA71,W71) -> 4.97
A72: =+A71+1 -> 60 | B72: ផាត ចាន់លី | C72: PHAT CHANLY | F72: =ROUND(VLOOKUP(B72,'BPHAN CHIA '!$B$222:$U$241,20,0),2) -> 10.02 | G72: =ROUND(F72*1.0956,2) -> 10.98 | X72: =ROUND(VLOOKUP(B72,'BCC D1(26)'!$B$12:$V$79,21,0),0) -> 1 | Y72: =ROUND(X72*0.5008,2) -> 0.5 | Z72: =VLOOKUP(B72,'BCC D1(26)'!$B$12:$W$88,22,0) -> 1 | AA72: =ROUND(Z72*1.0956,2)-0.01 -> 1.09 | AB72: =SUM(G72,E72,S72,Q72,O72,M72,K72,I72,U72,Y72,AA72,W72) -> 12.57
A73: =+A72+1 -> 61 | B73: មាស ស៊ីន​ | C73: MEAS SIN | F73: =ROUND(VLOOKUP(B73,'BPHAN CHIA '!$B$222:$U$241,20,0),2) -> 10.02 | G73: =ROUND(F73*1.0956,2) -> 10.98 | V73: =ROUND(VLOOKUP(B73,'BCC D1(26)'!$B$102:$X$114,23,0),0) -> 5 | W73: =ROUND(V73*1.2501,2) -> 6.25 | X73: =ROUND(VLOOKUP(B73,'BCC D1(26)'!$B$12:$V$79,21,0),0) -> 1 | Y73: =ROUND(X73*0.5008,2) -> 0.5 | Z73: =VLOOKUP(B73,'BCC D1(26)'!$B$12:$W$88,22,0) -> 1 | AA73: =ROUND(Z73*1.0956,2)-0.01 -> 1.09 | AB73: =SUM(G73,E73,S73,Q73,O73,M73,K73,I73,U73,Y73,AA73,W73) -> 18.82
A74: =+A73+1 -> 62 | B74: ស៊ុត លី | C74: SOTLY | F74: =ROUND(VLOOKUP(B74,'BPHAN CHIA '!$B$222:$U$241,20,0),2) -> 10.02 | G74: =ROUND(F74*1.0956,2) -> 10.98 | X74: =ROUND(VLOOKUP(B74,'BCC D1(26)'!$B$12:$V$79,21,0),0) -> 1 | Y74: =ROUND(X74*0.5008,2) -> 0.5 | Z74: =VLOOKUP(B74,'BCC D1(26)'!$B$12:$W$88,22,0) -> 1 | AA74: =ROUND(Z74*1.0956,2)-0.01 -> 1.09 | AB74: =SUM(G74,E74,S74,Q74,O74,M74,K74,I74,U74,Y74,AA74,W74) -> 12.57
A75: =+A74+1 -> 63 | B75: សន ម៉ាប់ | C75: SORN MAB | D75: =ROUND(VLOOKUP(B75,'BPHAN CHIA '!$B$64:$U$72,20,0)*1.1,2) -> 58.33 | E75: =ROUND(0.7199*D75,2) -> 41.99 | X75: ='BCC D1(26)'!V80 -> 1 | Y75: =ROUND(X75*0.5008,2) -> 0.5 | Z75: =VLOOKUP(B75,'BCC D1(26)'!$B$12:$W$88,22,0) -> 1 | AA75: =ROUND(Z75*1.0956,2)-0.01 -> 1.09 | AB75: =SUM(G75,E75,S75,Q75,O75,M75,K75,I75,U75,Y75,AA75,W75) -> 43.58
A76: =+A75+1 -> 64 | B76: ម៉ន ពឿយ | C76: MORN POEUY | D76: =ROUND(VLOOKUP(B76,'BPHAN CHIA '!$B$64:$U$72,20,0),2) -> 44.09 | E76: =ROUND(0.7199*D76,2) -> 31.74 | X76: ='BCC D1(26)'!V81 -> 1 | Y76: =ROUND(X76*0.5008,2) -> 0.5 | Z76: =VLOOKUP(B76,'BCC D1(26)'!$B$12:$W$88,22,0) -> 0 | AA76: =ROUND(Z76*1.0956,2) -> 0 | AB76: =SUM(G76,E76,S76,Q76,O76,M76,K76,I76,U76,Y76,AA76,W76) -> 32.24
A77: =+A76+1 -> 65 | B77: ថន ចារី | C77: THON CHAREY | D77: =ROUND(VLOOKUP(B77,'BPHAN CHIA '!$B$64:$U$72,20,0),2) -> 48.7 | E77: =ROUND(0.7199*D77,2) -> 35.06 | X77: ='BCC D1(26)'!V82 -> 1 | Y77: =ROUND(X77*0.5008,2) -> 0.5 | Z77: =VLOOKUP(B77,'BCC D1(26)'!$B$12:$W$88,22,0) -> 1 | AA77: =ROUND(Z77*1.0956,2)-0.01 -> 1.09 | AB77: =SUM(G77,E77,S77,Q77,O77,M77,K77,I77,U77,Y77,AA77,W77) -> 36.65
A78: =+A77+1 -> 66 | B78: គ្រឿន រិត | C78: KROEUN RITH | D78: =ROUND(VLOOKUP(B78,'BPHAN CHIA '!$B$64:$U$72,20,0),2) -> 44.96 | E78: =ROUND(0.7199*D78,2)+0.01 -> 32.38 | X78: ='BCC D1(26)'!V83 -> 1 | Y78: =ROUND(X78*0.5008,2)+0.01 -> 0.51 | Z78: =VLOOKUP(B78,'BCC D1(26)'!$B$12:$W$88,22,0) -> 1 | AA78: =ROUND(Z78*1.0956,2)-0.01 -> 1.09 | AB78: =SUM(G78,E78,S78,Q78,O78,M78,K78,I78,U78,Y78,AA78,W78) -> 33.98
A79: =+A78+1 -> 67 | B79: រឿន រឿង | C79: ROEUN ROEUNG | D79: =ROUND(VLOOKUP(B79,'BPHAN CHIA '!$B$64:$U$72,20,0),2) -> 48.42 | E79: =ROUND(0.7199*D79,2) -> 34.86 | X79: ='BCC D1(26)'!V84 -> 1 | Y79: =ROUND(X79*0.5008,2)+0.01 -> 0.51 | Z79: =VLOOKUP(B79,'BCC D1(26)'!$B$12:$W$88,22,0) -> 1 | AA79: =ROUND(Z79*1.0956,2)-0.01 -> 1.09 | AB79: =SUM(G79,E79,S79,Q79,O79,M79,K79,I79,U79,Y79,AA79,W79) -> 36.46
A80: =+A79+1 -> 68 | B80: អ៊ឹម ថាច | C80: OEM THACH | D80: =ROUND(VLOOKUP(B80,'BPHAN CHIA '!$B$64:$U$72,20,0),2) -> 48.42 | E80: =ROUND(0.7199*D80,2) -> 34.86 | X80: ='BCC D1(26)'!V85 -> 1 | Y80: =ROUND(X80*0.5008,2)+0.01 -> 0.51 | Z80: =VLOOKUP(B80,'BCC D1(26)'!$B$12:$W$88,22,0) -> 1 | AA80: =ROUND(Z80*1.0956,2)-0.01 -> 1.09 | AB80: =SUM(G80,E80,S80,Q80,O80,M80,K80,I80,U80,Y80,AA80,W80) -> 36.46
A81: =+A80+1 -> 69 | B81: សន ចាន់រី | C81: SORN CHANRY | D81: =ROUND(VLOOKUP(B81,'BPHAN CHIA '!$B$64:$U$72,20,0),2) -> 53.03 | E81: =ROUND(0.7199*D81,2)-0.01 -> 38.17 | X81: ='BCC D1(26)'!V86 -> 1 | Y81: =ROUND(X81*0.5008,2)+0.01 -> 0.51 | Z81: =VLOOKUP(B81,'BCC D1(26)'!$B$12:$W$88,22,0) -> 1 | AA81: =ROUND(Z81*1.0956,2)-0.01 -> 1.09 | AB81: =SUM(G81,E81,S81,Q81,O81,M81,K81,I81,U81,Y81,AA81,W81) -> 39.77
A82: =+A81+1 -> 70 | B82: សន ហ៊ុច | C82: SORN HUCH | D82: =ROUND(VLOOKUP(B82,'BPHAN CHIA '!$B$64:$U$72,20,0),2) -> 53.03 | E82: =ROUND(0.7199*D82,2)-0.01 -> 38.17 | X82: ='BCC D1(26)'!V87 -> 1 | Y82: =ROUND(X82*0.5008,2)+0.01 -> 0.51 | Z82: =VLOOKUP(B82,'BCC D1(26)'!$B$12:$W$88,22,0) -> 1 | AA82: =ROUND(Z82*1.0956,2)-0.01 -> 1.09 | AB82: =SUM(G82,E82,S82,Q82,O82,M82,K82,I82,U82,Y82,AA82,W82) -> 39.77
A83: =+A82+1 -> 71 | B83: សន ឆៃលី | C83: SORN CHHAILY | D83: =ROUND(VLOOKUP(B83,'BPHAN CHIA '!$B$64:$U$72,20,0),2) -> 44.38 | E83: =ROUND(0.7199*D83,2)-0.03 -> 31.92 | X83: ='BCC D1(26)'!V88 -> 1 | Y83: =ROUND(X83*0.5008,2)+0.01 -> 0.51 | Z83: =VLOOKUP(B83,'BCC D1(26)'!$B$12:$W$88,22,0) -> 1 | AA83: =ROUND(Z83*1.0956,2)-0.01 -> 1.09 | AB83: =SUM(G83,E83,S83,Q83,O83,M83,K83,I83,U83,Y83,AA83,W83) -> 33.52
B84: សរុប (Tổng cộng) | D84: =SUM(D13:D83) -> 945.15 | E84: =SUM(E13:E83) -> 680.41 | F84: =SUM(F13:F83) -> 363.85 | G84: =SUM(G13:G83) -> 398.63 | H84: =SUM(H13:H83) -> 12 | I84: =SUM(I13:I83) -> 14.68 | J84: =SUM(J13:J83) -> 28 | K84: =SUM(K13:K83) -> 28.55 | ... AB84: =SUM(AB13:AB83) -> 1518.4 | AF84: =#REF!+#REF!+#REF!+I84+K84+M84+O84+Q84+#REF!+S84 -> #REF!
A86: រោងចក្រកែច្នៃ/ XƯỞNG CHẾ BIẾN | R86: អ្នករៀបចំ / Lập biểu
R89: Bùi Ngọc Triệu

Sheet TTL dot​2 (31947)
A1: ក្រុមហ៊ុន កៅស៊ូ មេគង្គ ខូ អិលធីឌី | P1: ព្រះរាជាណាចក្រ កម្ពុជា
A2: CÔNG TY TNHH CAO SU MEKONG | P2: VƯƠNG QUỐC CAMPUCHIA
A3: រោងចក្រកែច្នៃ | P3: ជាតិ សាសនា ព្រះមហាក្សត្រ
A4: XƯỞNG CHẾ BIẾN | P4: Dân tộc - Tôn giáo - Quốc vương
A5: តារាងទូទាត់បៀវត្សកម្មកររោងចក្រកែច្នៃជ័រកៅស៊ូ ខែ ០១ ឆ្នាំ ២០២៦
A6: ចាប់ពីថ្ងៃ ១៦-៣១ ខែ ០១ ឆ្នាំ ២០២៦ (វគ្គទី ២)
A7: BẢNG THANH TOÁN LƯƠNG CÔNG NHÂN XƯỞNG CHẾ BIẾN THÁNG 01 NĂM 2026​​ (ĐỢT 2)
A8: TỪ NGÀY 16-31 THÁNG​ 01 NĂM 2026
R9: ឯកតា/ | S9: ĐVT: Riel
A10: ល.រ STT | B10: ត្រកូល និង ឈ្មោះ / Họ và tên | D10: លេខអត្តសញ្ញាណ​បណ្ណ Số CMND | E10: បទដ្ឋាន Định mức 31.947 Riel/ công | F10: បៀវត្សថ្ងៃធម្មតា វគ្គទី១ Lương ngày | H10: បៀវត្សថ្ងៃធម្មតា វគ្គទី​​​២ Lương ngày | J10: បៀវត្សដាច់ឆ្នាំ (Lương thâm niên) | K10: សរុប Tổng lương | L10: បំណុល/ Công nợ | Q10: សរុបបំណុល Tổng nợ | R10: ត្រូវទទួល Thực nhận | S10: ហត្ថលេខាទទួល KÝ NHẬN | U10: Tạm ứng lương | V10: Thực lãnh
B11: អក្សរខ្មែរ (Khmer) | C11: អក្សរ ឡាតាំង (La tinh) | F11: កម្លាំង Công | G11: ជាប្រាក់ Thành Tiền | H11: កម្លាំង Công | I11: ជាប្រាក់ Thành Tiền | L11: បុរេប្រទាន បៀវត្ស T/ứ lương | M11: ភាគទានប្រាក់សោធនវគ្គទី១​​​/ BHXH đợt 1 | N11: ភាគទានប្រាក់សោធន​​​/ BHXH | O11: ភាគទានប្រាក់សោធនវគ្គទី២​​​/ BHXH đợt 2 | P11: ពន្ធលើប្រាក់បៀវត្ស/ TNCN | W11: Gia cảnh | Z11: STT | AA11: Công việc | AB11: Tổng lương trả trong tháng bao gồm phụ cấp (riel) | AC11: Mì gạo dầu ăn (riel)
A12: A | B12: B | C12: C | D12: D | E12: 1 | F12: 2 | G12: 3 | H12: 4 | I12: 5 | J12: 6 | K12: 6 | L12: 7 | M12: 8 | N12: 9 | O12: 10 | P12: 11 | Q12: 12 | R12: 13 | S12: 14
A13: 1 | B13: រិន ច្រិប | C13: RIN CHRIB | D13: 150952531 | E13: 31947 | F13: =VLOOKUP(B13,'KLCN t1 dot 1'!$B$13:$Z$83,25,0) -> 13.11 | G13: =ROUND(F13*E13,0) -> 418825 | H13: =VLOOKUP(B13,'KLCN t1 dot 2'!$B$13:$AB$83,27,0) -> 15.18 | I13: =ROUND(E13*H13,0) -> 484955 | K13: =I13+J13+G13 -> 903780 | L13: =VLOOKUP(B13,'[5]TTL dot​2 (31947)'!B$13:R$83,17,0) -> 410448 | M13: =IF(G13<=400000,400000*2%,IF(G13<=1200000,ROUND(G13*2%,0),ROUND(1200000*2%,0))) -> 8377 | N13: =IF(K13<=400000,400000*2%,IF(K13<=1200000,ROUND(K13*2%,0),ROUND(1200000*2%,0))) -> 18076 | O13: =N13-M13 -> 9699 | P13: =ROUND(IF((K13-J13-N13)<=1500000,0,IF(AND(((K13-J13-N13))>1500000,((K13-J13-N13))<=2000000),((K13-J13-N13))*5%-75000,IF(AND(((K13-J13-N13))>2000000,((K13-J13-N13))<=8500000),((K13-J13-N13))*10%-175000))),0) -> 0 | Q13: =L13+M13+O13+P13 -> 428524 | R13: =ROUND(K13-Q13,0) -> 475256 | U13: 50000 | V13: =+R13-U13 -> 425256 | W13: =#REF! -> #REF! | X13: 100000
A14: =+A13+1 -> 2 | B14: កែវ សម្បត្តិ | C14: KEO SAMBATH | D14: 110471355 | E14: 31947 | F14: =VLOOKUP(B14,'KLCN t1 dot 1'!$B$13:$Z$83,25,0) -> 20.19 | G14: =ROUND(F14*E14,0) -> 645010 | H14: =VLOOKUP(B14,'KLCN t1 dot 2'!$B$13:$AB$83,27,0) -> 29.78 | I14: =ROUND(E14*H14,0) -> 951382 | K14: =I14+J14+G14 -> 1596392 | L14: =VLOOKUP(B14,'[5]TTL dot​2 (31947)'!B$13:R$83,17,0) -> 632110 | M14: =IF(G14<=400000,400000*2%,IF(G14<=1200000,ROUND(G14*2%,0),ROUND(1200000*2%,0))) -> 12900 | N14: =IF(K14<=400000,400000*2%,IF(K14<=1200000,ROUND(K14*2%,0),ROUND(1200000*2%,0))) -> 24000 | O14: =N14-M14 -> 11100 | P14: =ROUND(IF((K14-J14-N14)<=1500000,0,IF(AND(((K14-J14-N14))>1500000,((K14-J14-N14))<=2000000),((K14-J14-N14))*5%-75000,IF(AND(((K14-J14-N14))>2000000,((K14-J14-N14))<=8500000),((K14-J14-N14))*10%-175000))),0) -> 3620 | Q14: =L14+M14+O14+P14 -> 659730 | R14: =ROUND(K14-Q14,0) -> 936662 | U14: 200000 | V14: =+R14-U14 -> 736662 | W14: =+#REF! -> #REF! | X14: 200000
A15: =+A14+1 -> 3 | B15: ផន ឃី | C15: PHORN KHY | D15: 150981478 | E15: 31947 | F15: =VLOOKUP(B15,'KLCN t1 dot 1'!$B$13:$Z$83,25,0) -> 12.22 | G15: =ROUND(F15*E15,0) -> 390392 | H15: =VLOOKUP(B15,'KLCN t1 dot 2'!$B$13:$AB$83,27,0) -> 14.22 | I15: =ROUND(E15*H15,0) -> 454286 | K15: =I15+J15+G15 -> 844678 | L15: =VLOOKUP(B15,'[5]TTL dot​2 (31947)'!B$13:R$83,17,0) -> 382392 | M15: =IF(G15<=400000,400000*2%,IF(G15<=1200000,ROUND(G15*2%,0),ROUND(1200000*2%,0))) -> 8000 | N15: =IF(K15<=400000,400000*2%,IF(K15<=1200000,ROUND(K15*2%,0),ROUND(1200000*2%,0))) -> 16894 | O15: =N15-M15 -> 8894 | P15: =ROUND(IF((K15-J15-N15)<=1500000,0,IF(AND(((K15-J15-N15))>1500000,((K15-J15-N15))<=2000000),((K15-J15-N15))*5%-75000,IF(AND(((K15-J15-N15))>2000000,((K15-J15-N15))<=8500000),((K15-J15-N15))*10%-175000))),0) -> 0 | Q15: =L15+M15+O15+P15 -> 399286 | R15: =ROUND(K15-Q15,0) -> 445392 | V15: =R15-U15 -> 445392 | W15: =+#REF! -> #REF! | Z15: 1 | AA15: Chế biến mủ cao su ( cán vắt + Thành phẩm) | AB15: =SUM(K19:K49,K55:K83) -> 79208438 | AD15: =SUM(H19:H49,H55:H83) -> 1259.5
A16: =+A15+1 -> 4 | B16: ថន ម៉ន | C16: THORN MORN | D16: 150644309 | E16: 31947 | F16: =VLOOKUP(B16,'KLCN t1 dot 1'!$B$13:$Z$83,25,0) -> 25.66 | G16: =ROUND(F16*E16,0) -> 819760 | H16: =VLOOKUP(B16,'KLCN t1 dot 2'!$B$13:$AB$83,27,0) -> 30.83 | I16: =ROUND(E16*H16,0) -> 984926 | K16: =I16+J16+G16 -> 1804686 | L16: =VLOOKUP(B16,'[5]TTL dot​2 (31947)'!B$13:R$83,17,0) -> 803365 | M16: =IF(G16<=400000,400000*2%,IF(G16<=1200000,ROUND(G16*2%,0),ROUND(1200000*2%,0))) -> 16395 | N16: =IF(K16<=400000,400000*2%,IF(K16<=1200000,ROUND(K16*2%,0),ROUND(1200000*2%,0))) -> 24000 | O16: =N16-M16 -> 7605 | P16: =ROUND(IF((K16-J16-N16)<=1500000,0,IF(AND(((K16-J16-N16))>1500000,((K16-J16-N16))<=2000000),((K16-J16-N16))*5%-75000,IF(AND(((K16-J16-N16))>2000000,((K16-J16-N16))<=8500000),((K16-J16-N16))*10%-175000))),0) -> 14034 | Q16: =L16+M16+O16+P16 -> 841399 | R16: =ROUND(K16-Q16,0) -> 963287 | U16: 100000 | V16: =R16-U16 -> 863287 | W16: =+#REF! -> #REF! | Z16: 2 | AA16: Bảo vệ XCB | AB16: =K14+K50 -> 2449057 | AD16: =H14+H50 -> 44.45
A17: =+A16+1 -> 5 | B17: សៃ រិទ្ធី | C17: SAI RITHY | D17: 220195668 | E17: 31947 | F17: =VLOOKUP(B17,'KLCN t1 dot 1'!$B$13:$Z$83,25,0) -> 16.26 | G17: =ROUND(F17*E17,0) -> 519458 | H17: =VLOOKUP(B17,'KLCN t1 dot 2'!$B$13:$AB$83,27,0) -> 25.13 | I17: =ROUND(E17*H17,0) -> 802828 | K17: =I17+J17+G17 -> 1322286 | L17: =VLOOKUP(B17,'[5]TTL dot​2 (31947)'!B$13:R$83,17,0) -> 509069 | M17: =IF(G17<=400000,400000*2%,IF(G17<=1200000,ROUND(G17*2%,0),ROUND(1200000*2%,0))) -> 10389 | N17: =IF(K17<=400000,400000*2%,IF(K17<=1200000,ROUND(K17*2%,0),ROUND(1200000*2%,0))) -> 24000 | O17: =N17-M17 -> 13611 | P17: =ROUND(IF((K17-J17-N17)<=1500000,0,IF(AND(((K17-J17-N17))>1500000,((K17-J17-N17))<=2000000),((K17-J17-N17))*5%-75000,IF(AND(((K17-J17-N17))>2000000,((K17-J17-N17))<=8500000),((K17-J17-N17))*10%-175000))),0) -> 0 | Q17: =L17+M17+O17+P17 -> 533069 | R17: =ROUND(K17-Q17,0) -> 789217 | U17: 200000 | V17: =R17-U17 -> 589217 | W17: =+#REF! -> #REF! | Z17: 3 | AA17: Cơ khí, sửa chữa trực tiếp XCB | AB17: =SUM(K18,K54) -> 3622470 | AD17: =H18+H54 -> 60.8
A18: =+A17+1 -> 6 | B18: សាត រិទ្ធិសាក់ | C18: SAT RITHYSAK | D18: 220208913 | E18: 31947 | F18: =VLOOKUP(B18,'KLCN t1 dot 1'!$B$13:$Z$83,25,0) -> 25.56 | G18: =ROUND(F18*E18,0) -> 816565 | H18: =VLOOKUP(B18,'KLCN t1 dot 2'!$B$13:$AB$83,27,0) -> 31.02 | I18: =ROUND(E18*H18,0) -> 990996 | K18: =I18+J18+G18 -> 1807561 | L18: =VLOOKUP(B18,'[5]TTL dot​2 (31947)'!B$13:R$83,17,0) -> 800234 | M18: =IF(G18<=400000,400000*2%,IF(G18<=1200000,ROUND(G18*2%,0),ROUND(1200000*2%,0))) -> 16331 | N18: =IF(K18<=400000,400000*2%,IF(K18<=1200000,ROUND(K18*2%,0),ROUND(1200000*2%,0))) -> 24000 | O18: =N18-M18 -> 7669 | P18: =ROUND(IF((K18-J18-N18)<=1500000,0,IF(AND(((K18-J18-N18))>1500000,((K18-J18-N18))<=2000000),((K18-J18-N18))*5%-75000,IF(AND(((K18-J18-N18))>2000000,((K18-J18-N18))<=8500000),((K18-J18-N18))*10%-175000))),0) -> 14178 | Q18: =L18+M18+O18+P18 -> 838412 | R18: =ROUND(K18-Q18,0) -> 969149 | V18: =SUM(V32:V66) -> 2212585 | Z18: 4 | AA18: Lái xe xúc, nâng trực tiếp XCB | AB18: =SUM(K52:K53,K16:K17) -> 6364480 | AD18: =SUM(H16:H17,H52:H53) -> 109.07
A19: =+A18+1 -> 7 | B19: ហឿង សុជឿន | C19: HOEUNG SOCHOEUN | D19: 150911076 | E19: 31947 | F19: =VLOOKUP(B19,'KLCN t1 dot 1'!$B$13:$Z$83,25,0) -> 22.13 | G19: =ROUND(F19*E19,0) -> 706987 | H19: =VLOOKUP(B19,'KLCN t1 dot 2'!$B$13:$AB$83,27,0) -> 20.78 | I19: =ROUND(E19*H19,0) -> 663859 | K19: =I19+J19+G19 -> 1370846 | L19: =VLOOKUP(B19,'[5]TTL dot​2 (31947)'!B$13:R$83,17,0) -> 692847 | M19: =IF(G19<=400000,400000*2%,IF(G19<=1200000,ROUND(G19*2%,0),ROUND(1200000*2%,0))) -> 14140 | N19: =IF(K19<=400000,400000*2%,IF(K19<=1200000,ROUND(K19*2%,0),ROUND(1200000*2%,0))) -> 24000 | O19: =N19-M19 -> 9860 | P19: =ROUND(IF((K19-J19-N19)<=1500000,0,IF(AND(((K19-J19-N19))>1500000,((K19-J19-N19))<=2000000),((K19-J19-N19))*5%-75000,IF(AND(((K19-J19-N19))>2000000,((K19-J19-N19))<=8500000),((K19-J19-N19))*10%-175000))),0) -> 0 | Q19: =L19+M19+O19+P19 -> 716847 | R19: =ROUND(K19-Q19,0) -> 653999 | X19: 300000 | Z19: 5 | AA19: Vệ sinh công nghiệp, vệ sinh xung quanh nơi làm việc trực tiếp XCB | AB19: =SUM(K15,K51) -> 1735679 | AD19: =H15+H51 -> 29.4
A20: =+A19+1 -> 8 | B20: ថន សំណាង | C20: THAN SAMNANG | D20: 220102094 | E20: 31947 | F20: =VLOOKUP(B20,'KLCN t1 dot 1'!$B$13:$Z$83,25,0) -> 20.37 | G20: =ROUND(F20*E20,0) -> 650760 | H20: =VLOOKUP(B20,'KLCN t1 dot 2'!$B$13:$AB$83,27,0) -> 12.02 | I20: =ROUND(E20*H20,0) -> 384003 | K20: =I20+J20+G20 -> 1034763 | L20: =VLOOKUP(B20,'[5]TTL dot​2 (31947)'!B$13:R$83,17,0) -> 637745 | M20: =IF(G20<=400000,400000*2%,IF(G20<=1200000,ROUND(G20*2%,0),ROUND(1200000*2%,0))) -> 13015 | N20: =IF(K20<=400000,400000*2%,IF(K20<=1200000,ROUND(K20*2%,0),ROUND(1200000*2%,0))) -> 20695 | O20: =N20-M20 -> 7680 | P20: =ROUND(IF((K20-J20-N20)<=1500000,0,IF(AND(((K20-J20-N20))>1500000,((K20-J20-N20))<=2000000),((K20-J20-N20))*5%-75000,IF(AND(((K20-J20-N20))>2000000,((K20-J20-N20))<=8500000),((K20-J20-N20))*10%-175000))),0) -> 0 | Q20: =L20+M20+O20+P20 -> 658440 | R20: =ROUND(K20-Q20,0) -> 376323 | Z20: 6 | AA20: Tạp vụ, nấu ăn cấp dưỡng trực tiếp XCB | AB20: =K13 -> 903780 | AD20: =H13 -> 15.18
A21: =+A20+1 -> 9 | B21: ថូរ សុភ័ណ្ឌ | C21: THO SOPHORN | D21: 210050404 | E21: 31947 | F21: =VLOOKUP(B21,'KLCN t1 dot 1'!$B$13:$Z$83,25,0) -> 13.09 | G21: =ROUND(F21*E21,0) -> 418186 | H21: =VLOOKUP(B21,'KLCN t1 dot 2'!$B$13:$AB$83,27,0) -> 9.95 | I21: =ROUND(E21*H21,0) -> 317873 | K21: =I21+J21+G21 -> 736059 | L21: =VLOOKUP(B21,'[5]TTL dot​2 (31947)'!B$13:R$83,17,0) -> 409822 | M21: =IF(G21<=400000,400000*2%,IF(G21<=1200000,ROUND(G21*2%,0),ROUND(1200000*2%,0))) -> 8364 | N21: =IF(K21<=400000,400000*2%,IF(K21<=1200000,ROUND(K21*2%,0),ROUND(1200000*2%,0))) -> 14721 | O21: =N21-M21 -> 6357 | P21: =ROUND(IF((K21-J21-N21)<=1500000,0,IF(AND(((K21-J21-N21))>1500000,((K21-J21-N21))<=2000000),((K21-J21-N21))*5%-75000,IF(AND(((K21-J21-N21))>2000000,((K21-J21-N21))<=8500000),((K21-J21-N21))*10%-175000))),0) -> 0 | Q21: =L21+M21+O21+P21 -> 424543 | R21: =ROUND(K21-Q21,0) -> 311516 | AB21: =SUM(AB15:AB20) -> 94283904 | AC21: =SUM(AC15:AC20) -> 0 | AD21: =SUM(AD15:AD20) -> 1518.4
A22: =+A21+1 -> 10 | B22: ធៀម សំនាង | C22: THEAM SAMNEANG | D22: 151006137 | E22: 31947 | F22: =VLOOKUP(B22,'KLCN t1 dot 1'!$B$13:$Z$83,25,0) -> 10.91 | G22: =ROUND(F22*E22,0) -> 348542 | H22: =VLOOKUP(B22,'KLCN t1 dot 2'!$B$13:$AB$83,27,0) -> 12.96 | I22: =ROUND(E22*H22,0) -> 414033 | K22: =I22+J22+G22 -> 762575 | L22: =VLOOKUP(B22,'[5]TTL dot​2 (31947)'!B$13:R$83,17,0) -> 340542 | M22: =IF(G22<=400000,400000*2%,IF(G22<=1200000,ROUND(G22*2%,0),ROUND(1200000*2%,0))) -> 8000 | N22: =IF(K22<=400000,400000*2%,IF(K22<=1200000,ROUND(K22*2%,0),ROUND(1200000*2%,0))) -> 15252 | O22: =N22-M22 -> 7252 | P22: =ROUND(IF((K22-J22-N22)<=1500000,0,IF(AND(((K22-J22-N22))>1500000,((K22-J22-N22))<=2000000),((K22-J22-N22))*5%-75000,IF(AND(((K22-J22-N22))>2000000,((K22-J22-N22))<=8500000),((K22-J22-N22))*10%-175000))),0) -> 0 | Q22: =L22+M22+O22+P22 -> 355794 | R22: =ROUND(K22-Q22,0) -> 406781
A23: =+A22+1 -> 11 | B23: អែល សាន់ | C23: EL SANN | D23: 040322767 | E23: 31947 | F23: =VLOOKUP(B23,'KLCN t1 dot 1'!$B$13:$Z$83,25,0) -> 22.12 | G23: =ROUND(F23*E23,0) -> 706668 | H23: =VLOOKUP(B23,'KLCN t1 dot 2'!$B$13:$AB$83,27,0) -> 9.57 | I23: =ROUND(E23*H23,0) -> 305733 | K23: =I23+J23+G23 -> 1012401 | L23: =VLOOKUP(B23,'[5]TTL dot​2 (31947)'!B$13:R$83,17,0) -> 692535 | M23: =IF(G23<=400000,400000*2%,IF(G23<=1200000,ROUND(G23*2%,0),ROUND(1200000*2%,0))) -> 14133 | N23: =IF(K23<=400000,400000*2%,IF(K23<=1200000,ROUND(K23*2%,0),ROUND(1200000*2%,0))) -> 20248 | O23: =N23-M23 -> 6115 | P23: =ROUND(IF((K23-J23-N23)<=1500000,0,IF(AND(((K23-J23-N23))>1500000,((K23-J23-N23))<=2000000),((K23-J23-N23))*5%-75000,IF(AND(((K23-J23-N23))>2000000,((K23-J23-N23))<=8500000),((K23-J23-N23))*10%-175000))),0) -> 0 | Q23: =L23+M23+O23+P23 -> 712783 | R23: =ROUND(K23-Q23,0) -> 299618
A24: =+A23+1 -> 12 | B24: អ៊ាវ ខាត់ | C24: EAV KHATH | D24: 150469697 | E24: 31947 | F24: =VLOOKUP(B24,'KLCN t1 dot 1'!$B$13:$Z$83,25,0) -> 15.7 | G24: =ROUND(F24*E24,0) -> 501568 | H24: =VLOOKUP(B24,'KLCN t1 dot 2'!$B$13:$AB$83,27,0) -> 9.57 | I24: =ROUND(E24*H24,0) -> 305733 | K24: =I24+J24+G24 -> 807301 | L24: =VLOOKUP(B24,'[5]TTL dot​2 (31947)'!B$13:R$83,17,0) -> 491537 | M24: =IF(G24<=400000,400000*2%,IF(G24<=1200000,ROUND(G24*2%,0),ROUND(1200000*2%,0))) -> 10031 | N24: =IF(K24<=400000,400000*2%,IF(K24<=1200000,ROUND(K24*2%,0),ROUND(1200000*2%,0))) -> 16146 | O24: =N24-M24 -> 6115 | P24: =ROUND(IF((K24-J24-N24)<=1500000,0,IF(AND(((K24-J24-N24))>1500000,((K24-J24-N24))<=2000000),((K24-J24-N24))*5%-75000,IF(AND(((K24-J24-N24))>2000000,((K24-J24-N24))<=8500000),((K24-J24-N24))*10%-175000))),0) -> 0 | Q24: =L24+M24+O24+P24 -> 507683 | R24: =ROUND(K24-Q24,0) -> 299618
A25: =+A24+1 -> 13 | B25: ភី ផូ | C25: PHI PHO | D25: 150927708 | E25: 31947 | F25: =VLOOKUP(B25,'KLCN t1 dot 1'!$B$13:$Z$83,25,0) -> 13.09 | G25: =ROUND(F25*E25,0) -> 418186 | H25: =VLOOKUP(B25,'KLCN t1 dot 2'!$B$13:$AB$83,27,0) -> 10.92 | I25: =ROUND(E25*H25,0) -> 348861 | K25: =I25+J25+G25 -> 767047 | L25: =VLOOKUP(B25,'[5]TTL dot​2 (31947)'!B$13:R$83,17,0) -> 409822 | M25: =IF(G25<=400000,400000*2%,IF(G25<=1200000,ROUND(G25*2%,0),ROUND(1200000*2%,0))) -> 8364 | N25: =IF(K25<=400000,400000*2%,IF(K25<=1200000,ROUND(K25*2%,0),ROUND(1200000*2%,0))) -> 15341 | O25: =N25-M25 -> 6977 | P25: =ROUND(IF((K25-J25-N25)<=1500000,0,IF(AND(((K25-J25-N25))>1500000,((K25-J25-N25))<=2000000),((K25-J25-N25))*5%-75000,IF(AND(((K25-J25-N25))>2000000,((K25-J25-N25))<=8500000),((K25-J25-N25))*10%-175000))),0) -> 0 | Q25: =L25+M25+O25+P25 -> 425163 | R25: =ROUND(K25-Q25,0) -> 341884
A26: =+A25+1 -> 14 | B26: វុន វណ្ណនី | C26: VON VANNY | D26: 151034061 | E26: 31947 | F26: =VLOOKUP(B26,'KLCN t1 dot 1'!$B$13:$Z$83,25,0) -> 9.85 | G26: =ROUND(F26*E26,0) -> 314678 | H26: =VLOOKUP(B26,'KLCN t1 dot 2'!$B$13:$AB$83,27,0) -> 2.54 | I26: =ROUND(E26*H26,0) -> 81145 | K26: =I26+J26+G26 -> 395823 | L26: =VLOOKUP(B26,'[5]TTL dot​2 (31947)'!B$13:R$83,17,0) -> 306678 | M26: =IF(G26<=400000,400000*2%,IF(G26<=1200000,ROUND(G26*2%,0),ROUND(1200000*2%,0))) -> 8000 | N26: =IF(K26<=400000,400000*2%,IF(K26<=1200000,ROUND(K26*2%,0),ROUND(1200000*2%,0))) -> 8000 | O26: =N26-M26 -> 0 | P26: =ROUND(IF((K26-J26-N26)<=1500000,0,IF(AND(((K26-J26-N26))>1500000,((K26-J26-N26))<=2000000),((K26-J26-N26))*5%-75000,IF(AND(((K26-J26-N26))>2000000,((K26-J26-N26))<=8500000),((K26-J26-N26))*10%-175000))),0) -> 0 | Q26: =L26+M26+O26+P26 -> 314678 | R26: =ROUND(K26-Q26,0) -> 81145
A27: =+A26+1 -> 15 | B27: លឿន ឆាលី | C27: LOEUN CHALY | D27: 150911069 | E27: 31947 | F27: =VLOOKUP(B27,'KLCN t1 dot 1'!$B$13:$Z$83,25,0) -> 11.34 | G27: =ROUND(F27*E27,0) -> 362279 | H27: =VLOOKUP(B27,'KLCN t1 dot 2'!$B$13:$AB$83,27,0) -> 8.89 | I27: =ROUND(E27*H27,0) -> 284009 | K27: =I27+J27+G27 -> 646288 | L27: =VLOOKUP(B27,'[5]TTL dot​2 (31947)'!B$13:R$83,17,0) -> 354279 | M27: =IF(G27<=400000,400000*2%,IF(G27<=1200000,ROUND(G27*2%,0),ROUND(1200000*2%,0))) -> 8000 | N27: =IF(K27<=400000,400000*2%,IF(K27<=1200000,ROUND(K27*2%,0),ROUND(1200000*2%,0))) -> 12926 | O27: =N27-M27 -> 4926 | P27: =ROUND(IF((K27-J27-N27)<=1500000,0,IF(AND(((K27-J27-N27))>1500000,((K27-J27-N27))<=2000000),((K27-J27-N27))*5%-75000,IF(AND(((K27-J27-N27))>2000000,((K27-J27-N27))<=8500000),((K27-J27-N27))*10%-175000))),0) -> 0 | Q27: =L27+M27+O27+P27 -> 367205 | R27: =ROUND(K27-Q27,0) -> 279083
A28: =+A27+1 -> 16 | B28: ហឿន សាវុធ | C28: HOEURN SAVUTH | D28: 020520213 | E28: 31947 | F28: =VLOOKUP(B28,'KLCN t1 dot 1'!$B$13:$Z$83,25,0) -> 20.62 | G28: =ROUND(F28*E28,0) -> 658747 | H28: =VLOOKUP(B28,'KLCN t1 dot 2'!$B$13:$AB$83,27,0) -> 15.82 | I28: =ROUND(E28*H28,0) -> 505402 | K28: =I28+J28+G28 -> 1164149 | L28: =VLOOKUP(B28,'[5]TTL dot​2 (31947)'!B$13:R$83,17,0) -> 645572 | M28: =IF(G28<=400000,400000*2%,IF(G28<=1200000,ROUND(G28*2%,0),ROUND(1200000*2%,0))) -> 13175 | N28: =IF(K28<=400000,400000*2%,IF(K28<=1200000,ROUND(K28*2%,0),ROUND(1200000*2%,0))) -> 23283 | O28: =N28-M28 -> 10108 | P28: =ROUND(IF((K28-J28-N28)<=1500000,0,IF(AND(((K28-J28-N28))>1500000,((K28-J28-N28))<=2000000),((K28-J28-N28))*5%-75000,IF(AND(((K28-J28-N28))>2000000,((K28-J28-N28))<=8500000),((K28-J28-N28))*10%-175000))),0) -> 0 | Q28: =L28+M28+O28+P28 -> 668855 | R28: =ROUND(K28-Q28,0) -> 495294 | X28: 200000
A29: =+A28+1 -> 17 | B29: រឿន សារី | C29: ROEUN SARY | D29: 220175393 | E29: 31947 | F29: =VLOOKUP(B29,'KLCN t1 dot 1'!$B$13:$Z$83,25,0) -> 7.29 | G29: =ROUND(F29*E29,0) -> 232894 | H29: =VLOOKUP(B29,'KLCN t1 dot 2'!$B$13:$AB$83,27,0) -> 12.02 | I29: =ROUND(E29*H29,0) -> 384003 | K29: =I29+J29+G29 -> 616897 | L29: =VLOOKUP(B29,'[5]TTL dot​2 (31947)'!B$13:R$83,17,0) -> 224894 | M29: =IF(G29<=400000,400000*2%,IF(G29<=1200000,ROUND(G29*2%,0),ROUND(1200000*2%,0))) -> 8000 | N29: =IF(K29<=400000,400000*2%,IF(K29<=1200000,ROUND(K29*2%,0),ROUND(1200000*2%,0))) -> 12338 | O29: =N29-M29 -> 4338 | P29: =ROUND(IF((K29-J29-N29)<=1500000,0,IF(AND(((K29-J29-N29))>1500000,((K29-J29-N29))<=2000000),((K29-J29-N29))*5%-75000,IF(AND(((K29-J29-N29))>2000000,((K29-J29-N29))<=8500000),((K29-J29-N29))*10%-175000))),0) -> 0 | Q29: =L29+M29+O29+P29 -> 237232 | R29: =ROUND(K29-Q29,0) -> 379665
A30: =+A29+1 -> 18 | B30: ហ៊ុច សំណាង | C30: HOCH SOMNANG | D30: 150936257 | E30: 31947 | F30: =VLOOKUP(B30,'KLCN t1 dot 1'!$B$13:$Z$83,25,0) -> 13.09 | G30: =ROUND(F30*E30,0) -> 418186 | H30: =VLOOKUP(B30,'KLCN t1 dot 2'!$B$13:$AB$83,27,0) -> 9.99 | I30: =ROUND(E30*H30,0) -> 319151 | K30: =I30+J30+G30 -> 737337 | L30: =VLOOKUP(B30,'[5]TTL dot​2 (31947)'!B$13:R$83,17,0) -> 409822 | M30: =IF(G30<=400000,400000*2%,IF(G30<=1200000,ROUND(G30*2%,0),ROUND(1200000*2%,0))) -> 8364 | N30: =IF(K30<=400000,400000*2%,IF(K30<=1200000,ROUND(K30*2%,0),ROUND(1200000*2%,0))) -> 14747 | O30: =N30-M30 -> 6383 | P30: =ROUND(IF((K30-J30-N30)<=1500000,0,IF(AND(((K30-J30-N30))>1500000,((K30-J30-N30))<=2000000),((K30-J30-N30))*5%-75000,IF(AND(((K30-J30-N30))>2000000,((K30-J30-N30))<=8500000),((K30-J30-N30))*10%-175000))),0) -> 0 | Q30: =L30+M30+O30+P30 -> 424569 | R30: =ROUND(K30-Q30,0) -> 312768
A31: =+A30+1 -> 19 | B31: បាន ចន្ថា | C31: BAN CHANTHA | D31: 220137301 | E31: 31947 | F31: =VLOOKUP(B31,'KLCN t1 dot 1'!$B$13:$Z$83,25,0) -> 23.76 | G31: =ROUND(F31*E31,0) -> 759061 | H31: =VLOOKUP(B31,'KLCN t1 dot 2'!$B$13:$AB$83,27,0) -> 15.82 | I31: =ROUND(E31*H31,0) -> 505402 | K31: =I31+J31+G31 -> 1264463 | L31: =VLOOKUP(B31,'[5]TTL dot​2 (31947)'!B$13:R$83,17,0) -> 743880 | M31: =IF(G31<=400000,400000*2%,IF(G31<=1200000,ROUND(G31*2%,0),ROUND(1200000*2%,0))) -> 15181 | N31: =IF(K31<=400000,400000*2%,IF(K31<=1200000,ROUND(K31*2%,0),ROUND(1200000*2%,0))) -> 24000 | O31: =N31-M31 -> 8819 | P31: =ROUND(IF((K31-J31-N31)<=1500000,0,IF(AND(((K31-J31-N31))>1500000,((K31-J31-N31))<=2000000),((K31-J31-N31))*5%-75000,IF(AND(((K31-J31-N31))>2000000,((K31-J31-N31))<=8500000),((K31-J31-N31))*10%-175000))),0) -> 0 | Q31: =L31+M31+O31+P31 -> 767880 | R31: =ROUND(K31-Q31,0) -> 496583 | X31: 200000
A32: =+A31+1 -> 20 | B32: សាន់ យូស័រ | C32: SAN YUSOR | D32: 150940509 | E32: 31947 | F32: =VLOOKUP(B32,'KLCN t1 dot 1'!$B$13:$Z$83,25,0) -> 18.22 | G32: =ROUND(F32*E32,0) -> 582074 | H32: =VLOOKUP(B32,'KLCN t1 dot 2'!$B$13:$AB$83,27,0) -> 10.92 | I32: =ROUND(E32*H32,0) -> 348861 | K32: =I32+J32+G32 -> 930935 | L32: =VLOOKUP(B32,'[5]TTL dot​2 (31947)'!B$13:R$83,17,0) -> 570433 | M32: =IF(G32<=400000,400000*2%,IF(G32<=1200000,ROUND(G32*2%,0),ROUND(1200000*2%,0))) -> 11641 | N32: =IF(K32<=400000,400000*2%,IF(K32<=1200000,ROUND(K32*2%,0),ROUND(1200000*2%,0))) -> 18619 | O32: =N32-M32 -> 6978 | P32: =ROUND(IF((K32-J32-N32)<=1500000,0,IF(AND(((K32-J32-N32))>1500000,((K32-J32-N32))<=2000000),((K32-J32-N32))*5%-75000,IF(AND(((K32-J32-N32))>2000000,((K32-J32-N32))<=8500000),((K32-J32-N32))*10%-175000))),0) -> 0 | Q32: =L32+M32+O32+P32 -> 589052 | R32: =ROUND(K32-Q32,0) -> 341883 | U32: 200000 | V32: =R32-U32 -> 141883 | W32: =#REF! -> #REF!
A33: =+A32+1 -> 21 | B33: វុន វណ្ណា | C33: VUN VANNA | D33: 150657948 | E33: 31947 | F33: =VLOOKUP(B33,'KLCN t1 dot 1'!$B$13:$Z$83,25,0) -> 15.47 | G33: =ROUND(F33*E33,0) -> 494220 | H33: =VLOOKUP(B33,'KLCN t1 dot 2'!$B$13:$AB$83,27,0) -> 6.67 | I33: =ROUND(E33*H33,0) -> 213086 | K33: =I33+J33+G33 -> 707306 | L33: =VLOOKUP(B33,'[5]TTL dot​2 (31947)'!B$13:R$83,17,0) -> 484336 | M33: =IF(G33<=400000,400000*2%,IF(G33<=1200000,ROUND(G33*2%,0),ROUND(1200000*2%,0))) -> 9884 | N33: =IF(K33<=400000,400000*2%,IF(K33<=1200000,ROUND(K33*2%,0),ROUND(1200000*2%,0))) -> 14146 | O33: =N33-M33 -> 4262 | P33: =ROUND(IF((K33-J33-N33)<=1500000,0,IF(AND(((K33-J33-N33))>1500000,((K33-J33-N33))<=2000000),((K33-J33-N33))*5%-75000,IF(AND(((K33-J33-N33))>2000000,((K33-J33-N33))<=8500000),((K33-J33-N33))*10%-175000))),0) -> 0 | Q33: =L33+M33+O33+P33 -> 498482 | R33: =ROUND(K33-Q33,0) -> 208824
A34: =+A33+1 -> 22 | B34: ជឿន នីន | C34: CHOEUN NIN | D34: 150952503 | E34: 31947 | F34: =VLOOKUP(B34,'KLCN t1 dot 1'!$B$13:$Z$83,25,0) -> 13.09 | G34: =ROUND(F34*E34,0) -> 418186 | H34: =VLOOKUP(B34,'KLCN t1 dot 2'!$B$13:$AB$83,27,0) -> 12.96 | I34: =ROUND(E34*H34,0) -> 414033 | K34: =I34+J34+G34 -> 832219 | L34: =VLOOKUP(B34,'[5]TTL dot​2 (31947)'!B$13:R$83,17,0) -> 409822 | M34: =IF(G34<=400000,400000*2%,IF(G34<=1200000,ROUND(G34*2%,0),ROUND(1200000*2%,0))) -> 8364 | N34: =IF(K34<=400000,400000*2%,IF(K34<=1200000,ROUND(K34*2%,0),ROUND(1200000*2%,0))) -> 16644 | O34: =N34-M34 -> 8280 | P34: =ROUND(IF((K34-J34-N34)<=1500000,0,IF(AND(((K34-J34-N34))>1500000,((K34-J34-N34))<=2000000),((K34-J34-N34))*5%-75000,IF(AND(((K34-J34-N34))>2000000,((K34-J34-N34))<=8500000),((K34-J34-N34))*10%-175000))),0) -> 0 | Q34: =L34+M34+O34+P34 -> 426466 | R34: =ROUND(K34-Q34,0) -> 405753
A35: =+A34+1 -> 23 | B35: ហឿង ហេង | C35: HOEUNG HENG | D35: 220248893 | E35: 31947 | F35: =VLOOKUP(B35,'KLCN t1 dot 1'!$B$13:$Z$83,25,0) -> 13.09 | G35: =ROUND(F35*E35,0) -> 418186 | H35: =VLOOKUP(B35,'KLCN t1 dot 2'!$B$13:$AB$83,27,0) -> 15.26 | I35: =ROUND(E35*H35,0) -> 487511 | K35: =I35+J35+G35 -> 905697 | L35: =VLOOKUP(B35,'[5]TTL dot​2 (31947)'!B$13:R$83,17,0) -> 409822 | M35: =IF(G35<=400000,400000*2%,IF(G35<=1200000,ROUND(G35*2%,0),ROUND(1200000*2%,0))) -> 8364 | N35: =IF(K35<=400000,400000*2%,IF(K35<=1200000,ROUND(K35*2%,0),ROUND(1200000*2%,0))) -> 18114 | O35: =N35-M35 -> 9750 | P35: =ROUND(IF((K35-J35-N35)<=1500000,0,IF(AND(((K35-J35-N35))>1500000,((K35-J35-N35))<=2000000),((K35-J35-N35))*5%-75000,IF(AND(((K35-J35-N35))>2000000,((K35-J35-N35))<=8500000),((K35-J35-N35))*10%-175000))),0) -> 0 | Q35: =L35+M35+O35+P35 -> 427936 | R35: =ROUND(K35-Q35,0) -> 477761 | X35: 200000
A36: =+A35+1 -> 24 | B36: គង់ ចាន់ទ្រឿន | C36: KONG CHANTROEUN | D36: 220105697 | E36: 31947 | F36: =VLOOKUP(B36,'KLCN t1 dot 1'!$B$13:$Z$83,25,0) -> 13.09 | G36: =ROUND(F36*E36,0) -> 418186 | H36: =VLOOKUP(B36,'KLCN t1 dot 2'!$B$13:$AB$83,27,0) -> 9.01 | I36: =ROUND(E36*H36,0) -> 287842 | K36: =I36+J36+G36 -> 706028 | L36: =VLOOKUP(B36,'[5]TTL dot​2 (31947)'!B$13:R$83,17,0) -> 409822 | M36: =IF(G36<=400000,400000*2%,IF(G36<=1200000,ROUND(G36*2%,0),ROUND(1200000*2%,0))) -> 8364 | N36: =IF(K36<=400000,400000*2%,IF(K36<=1200000,ROUND(K36*2%,0),ROUND(1200000*2%,0))) -> 14121 | O36: =N36-M36 -> 5757 | P36: =ROUND(IF((K36-J36-N36)<=1500000,0,IF(AND(((K36-J36-N36))>1500000,((K36-J36-N36))<=2000000),((K36-J36-N36))*5%-75000,IF(AND(((K36-J36-N36))>2000000,((K36-J36-N36))<=8500000),((K36-J36-N36))*10%-175000))),0) -> 0 | Q36: =L36+M36+O36+P36 -> 423943 | R36: =ROUND(K36-Q36,0) -> 282085
A37: =+A36+1 -> 25 | B37: ទៀង ឡៃស៊ីម | C37: TIENG LAISIM | D37: 220216744 | E37: 31947 | F37: =VLOOKUP(B37,'KLCN t1 dot 1'!$B$13:$Z$83,25,0) -> 13.09 | G37: =ROUND(F37*E37,0) -> 418186 | H37: =VLOOKUP(B37,'KLCN t1 dot 2'!$B$13:$AB$83,27,0) -> 12.03 | I37: =ROUND(E37*H37,0) -> 384322 | K37: =I37+J37+G37 -> 802508 | L37: =VLOOKUP(B37,'[5]TTL dot​2 (31947)'!B$13:R$83,17,0) -> 409822 | M37: =IF(G37<=400000,400000*2%,IF(G37<=1200000,ROUND(G37*2%,0),ROUND(1200000*2%,0))) -> 8364 | N37: =IF(K37<=400000,400000*2%,IF(K37<=1200000,ROUND(K37*2%,0),ROUND(1200000*2%,0))) -> 16050 | O37: =N37-M37 -> 7686 | P37: =ROUND(IF((K37-J37-N37)<=1500000,0,IF(AND(((K37-J37-N37))>1500000,((K37-J37-N37))<=2000000),((K37-J37-N37))*5%-75000,IF(AND(((K37-J37-N37))>2000000,((K37-J37-N37))<=8500000),((K37-J37-N37))*10%-175000))),0) -> 0 | Q37: =L37+M37+O37+P37 -> 425872 | R37: =ROUND(K37-Q37,0) -> 376636 | X37: 100000
A38: =+A37+1 -> 26 | B38: ម៉ុន ម៉ោល | C38: MON MORL | D38: 220211460 | E38: 31947 | F38: =VLOOKUP(B38,'KLCN t1 dot 1'!$B$13:$Z$83,25,0) -> 18.51 | G38: =ROUND(F38*E38,0) -> 591339 | H38: =VLOOKUP(B38,'KLCN t1 dot 2'!$B$13:$AB$83,27,0) -> 18.28 | I38: =ROUND(E38*H38,0) -> 583991 | K38: =I38+J38+G38 -> 1175330 | L38: =VLOOKUP(B38,'[5]TTL dot​2 (31947)'!B$13:R$83,17,0) -> 579512 | M38: =IF(G38<=400000,400000*2%,IF(G38<=1200000,ROUND(G38*2%,0),ROUND(1200000*2%,0))) -> 11827 | N38: =IF(K38<=400000,400000*2%,IF(K38<=1200000,ROUND(K38*2%,0),ROUND(1200000*2%,0))) -> 23507 | O38: =N38-M38 -> 11680 | P38: =ROUND(IF((K38-J38-N38)<=1500000,0,IF(AND(((K38-J38-N38))>1500000,((K38-J38-N38))<=2000000),((K38-J38-N38))*5%-75000,IF(AND(((K38-J38-N38))>2000000,((K38-J38-N38))<=8500000),((K38-J38-N38))*10%-175000))),0) -> 0 | Q38: =L38+M38+O38+P38 -> 603019 | R38: =ROUND(K38-Q38,0) -> 572311 | X38: 200000
A39: =+A38+1 -> 27 | B39: កែវ ប្រុសសុទ្ធ | C39: KEO BROSSOTH | D39: 151056059 | E39: 31947 | F39: =VLOOKUP(B39,'KLCN t1 dot 1'!$B$13:$Z$83,25,0) -> 10.52 | G39: =ROUND(F39*E39,0) -> 336082 | H39: =VLOOKUP(B39,'KLCN t1 dot 2'!$B$13:$AB$83,27,0) -> 15.07 | I39: =ROUND(E39*H39,0) -> 481441 | K39: =I39+J39+G39 -> 817523 | L39: =VLOOKUP(B39,'[5]TTL dot​2 (31947)'!B$13:R$83,17,0) -> 328082 | M39: =IF(G39<=400000,400000*2%,IF(G39<=1200000,ROUND(G39*2%,0),ROUND(1200000*2%,0))) -> 8000 | N39: =IF(K39<=400000,400000*2%,IF(K39<=1200000,ROUND(K39*2%,0),ROUND(1200000*2%,0))) -> 16350 | O39: =N39-M39 -> 8350 | P39: =ROUND(IF((K39-J39-N39)<=1500000,0,IF(AND(((K39-J39-N39))>1500000,((K39-J39-N39))<=2000000),((K39-J39-N39))*5%-75000,IF(AND(((K39-J39-N39))>2000000,((K39-J39-N39))<=8500000),((K39-J39-N39))*10%-175000))),0) -> 0 | Q39: =L39+M39+O39+P39 -> 344432 | R39: =ROUND(K39-Q39,0) -> 473091
A40: =+A39+1 -> 28 | B40: ម៉ុក សុធា | C40: MOK SOTHEA | D40: 150306182 (01) | E40: 31947 | F40: =VLOOKUP(B40,'KLCN t1 dot 1'!$B$13:$Z$83,25,0) -> 17.17 | G40: =ROUND(F40*E40,0) -> 548530 | H40: =VLOOKUP(B40,'KLCN t1 dot 2'!$B$13:$AB$83,27,0) -> 14.71 | I40: =ROUND(E40*H40,0) -> 469940 | K40: =I40+J40+G40 -> 1018470 | L40: =VLOOKUP(B40,'[5]TTL dot​2 (31947)'!B$13:R$83,17,0) -> 537559 | M40: =IF(G40<=400000,400000*2%,IF(G40<=1200000,ROUND(G40*2%,0),ROUND(1200000*2%,0))) -> 10971 | N40: =IF(K40<=400000,400000*2%,IF(K40<=1200000,ROUND(K40*2%,0),ROUND(1200000*2%,0))) -> 20369 | O40: =N40-M40 -> 9398 | P40: =ROUND(IF((K40-J40-N40)<=1500000,0,IF(AND(((K40-J40-N40))>1500000,((K40-J40-N40))<=2000000),((K40-J40-N40))*5%-75000,IF(AND(((K40-J40-N40))>2000000,((K40-J40-N40))<=8500000),((K40-J40-N40))*10%-175000))),0) -> 0 | Q40: =L40+M40+O40+P40 -> 557928 | R40: =ROUND(K40-Q40,0) -> 460542 | X40: 200000
A41: =+A40+1 -> 29 | B41: ជឿន ថា | C41: CHOEUN THA | D41: 150429482 (01) | E41: 31947 | F41: =VLOOKUP(B41,'KLCN t1 dot 1'!$B$13:$Z$83,25,0) -> 37.68 | G41: =ROUND(F41*E41,0) -> 1203763 | H41: =VLOOKUP(B41,'KLCN t1 dot 2'!$B$13:$AB$83,27,0) -> 45.26 | I41: =ROUND(E41*H41,0) -> 1445921 | K41: =I41+J41+G41 -> 2649684 | L41: =VLOOKUP(B41,'[5]TTL dot​2 (31947)'!B$13:R$83,17,0) -> 1179763 | M41: =IF(G41<=400000,400000*2%,IF(G41<=1200000,ROUND(G41*2%,0),ROUND(1200000*2%,0))) -> 24000 | N41: =IF(K41<=400000,400000*2%,IF(K41<=1200000,ROUND(K41*2%,0),ROUND(1200000*2%,0))) -> 24000 | O41: =N41-M41 -> 0 | P41: =ROUND(IF((K41-J41-N41)<=1500000,0,IF(AND(((K41-J41-N41))>1500000,((K41-J41-N41))<=2000000),((K41-J41-N41))*5%-75000,IF(AND(((K41-J41-N41))>2000000,((K41-J41-N41))<=8500000),((K41-J41-N41))*10%-175000))),0) -> 87568 | Q41: =L41+M41+O41+P41 -> 1291331 | R41: =ROUND(K41-Q41,0) -> 1358353
A42: =+A41+1 -> 30 | B42: ហ៊ុន ម៉ៅ | C42: HUN MAO | D42: 150839024 | E42: 31947 | F42: =VLOOKUP(B42,'KLCN t1 dot 1'!$B$13:$Z$83,25,0) -> 34.25 | G42: =ROUND(F42*E42,0) -> 1094185 | H42: =VLOOKUP(B42,'KLCN t1 dot 2'!$B$13:$AB$83,27,0) -> 41.3 | I42: =ROUND(E42*H42,0) -> 1319411 | K42: =I42+J42+G42 -> 2413596 | L42: =VLOOKUP(B42,'[5]TTL dot​2 (31947)'!B$13:R$83,17,0) -> 1072301 | M42: =IF(G42<=400000,400000*2%,IF(G42<=1200000,ROUND(G42*2%,0),ROUND(1200000*2%,0))) -> 21884 | N42: =IF(K42<=400000,400000*2%,IF(K42<=1200000,ROUND(K42*2%,0),ROUND(1200000*2%,0))) -> 24000 | O42: =N42-M42 -> 2116 | P42: =ROUND(IF((K42-J42-N42)<=1500000,0,IF(AND(((K42-J42-N42))>1500000,((K42-J42-N42))<=2000000),((K42-J42-N42))*5%-75000,IF(AND(((K42-J42-N42))>2000000,((K42-J42-N42))<=8500000),((K42-J42-N42))*10%-175000))),0) -> 63960 | Q42: =L42+M42+O42+P42 -> 1160261 | R42: =ROUND(K42-Q42,0) -> 1253335
A43: =+A42+1 -> 31 | B43: ជឿន ថី | C43: CHOEUN THEY | D43: 150469703 (01) | E43: 31947 | F43: =VLOOKUP(B43,'KLCN t1 dot 1'!$B$13:$Z$83,25,0) -> 34.25 | G43: =ROUND(F43*E43,0) -> 1094185 | H43: =VLOOKUP(B43,'KLCN t1 dot 2'!$B$13:$AB$83,27,0) -> 41.3 | I43: =ROUND(E43*H43,0) -> 1319411 | K43: =I43+J43+G43 -> 2413596 | L43: =VLOOKUP(B43,'[5]TTL dot​2 (31947)'!B$13:R$83,17,0) -> 1072301 | M43: =IF(G43<=400000,400000*2%,IF(G43<=1200000,ROUND(G43*2%,0),ROUND(1200000*2%,0))) -> 21884 | N43: =IF(K43<=400000,400000*2%,IF(K43<=1200000,ROUND(K43*2%,0),ROUND(1200000*2%,0))) -> 24000 | O43: =N43-M43 -> 2116 | P43: =ROUND(IF((K43-J43-N43)<=1500000,0,IF(AND(((K43-J43-N43))>1500000,((K43-J43-N43))<=2000000),((K43-J43-N43))*5%-75000,IF(AND(((K43-J43-N43))>2000000,((K43-J43-N43))<=8500000),((K43-J43-N43))*10%-175000))),0) -> 63960 | Q43: =L43+M43+O43+P43 -> 1160261 | R43: =ROUND(K43-Q43,0) -> 1253335
A44: =+A43+1 -> 32 | B44: ឆឹម ខុន | C44: CHHEOM KHON | D44: 150360208 (01) | E44: 31947 | F44: =VLOOKUP(B44,'KLCN t1 dot 1'!$B$13:$Z$83,25,0) -> 34.25 | G44: =ROUND(F44*E44,0) -> 1094185 | H44: =VLOOKUP(B44,'KLCN t1 dot 2'!$B$13:$AB$83,27,0) -> 41.3 | I44: =ROUND(E44*H44,0) -> 1319411 | K44: =I44+J44+G44 -> 2413596 | L44: =VLOOKUP(B44,'[5]TTL dot​2 (31947)'!B$13:R$83,17,0) -> 1072301 | M44: =IF(G44<=400000,400000*2%,IF(G44<=1200000,ROUND(G44*2%,0),ROUND(1200000*2%,0))) -> 21884 | N44: =IF(K44<=400000,400000*2%,IF(K44<=1200000,ROUND(K44*2%,0),ROUND(1200000*2%,0))) -> 24000 | O44: =N44-M44 -> 2116 | P44: =ROUND(IF((K44-J44-N44)<=1500000,0,IF(AND(((K44-J44-N44))>1500000,((K44-J44-N44))<=2000000),((K44-J44-N44))*5%-75000,IF(AND(((K44-J44-N44))>2000000,((K44-J44-N44))<=8500000),((K44-J44-N44))*10%-175000))),0) -> 63960 | Q44: =L44+M44+O44+P44 -> 1160261 | R44: =ROUND(K44-Q44,0) -> 1253335
A45: =+A44+1 -> 33 | B45: ថន សុខធា | C45: THON SOKHTHEA | D45: 220137744 | E45: 31947 | F45: =VLOOKUP(B45,'KLCN t1 dot 1'!$B$13:$Z$83,25,0) -> 34.25 | G45: =ROUND(F45*E45,0) -> 1094185 | H45: =VLOOKUP(B45,'KLCN t1 dot 2'!$B$13:$AB$83,27,0) -> 41.3 | I45: =ROUND(E45*H45,0) -> 1319411 | K45: =I45+J45+G45 -> 2413596 | L45: =VLOOKUP(B45,'[5]TTL dot​2 (31947)'!B$13:R$83,17,0) -> 1072301 | M45: =IF(G45<=400000,400000*2%,IF(G45<=1200000,ROUND(G45*2%,0),ROUND(1200000*2%,0))) -> 21884 | N45: =IF(K45<=400000,400000*2%,IF(K45<=1200000,ROUND(K45*2%,0),ROUND(1200000*2%,0))) -> 24000 | O45: =N45-M45 -> 2116 | P45: =ROUND(IF((K45-J45-N45)<=1500000,0,IF(AND(((K45-J45-N45))>1500000,((K45-J45-N45))<=2000000),((K45-J45-N45))*5%-75000,IF(AND(((K45-J45-N45))>2000000,((K45-J45-N45))<=8500000),((K45-J45-N45))*10%-175000))),0) -> 63960 | Q45: =L45+M45+O45+P45 -> 1160261 | R45: =ROUND(K45-Q45,0) -> 1253335
A46: =+A45+1 -> 34 | B46: នី គីន | C46: NY KIN | D46: 150627962 | E46: 31947 | F46: =VLOOKUP(B46,'KLCN t1 dot 1'!$B$13:$Z$83,25,0) -> 31.35 | G46: =ROUND(F46*E46,0) -> 1001538 | H46: =VLOOKUP(B46,'KLCN t1 dot 2'!$B$13:$AB$83,27,0) -> 41.3 | I46: =ROUND(E46*H46,0) -> 1319411 | K46: =I46+J46+G46 -> 2320949 | L46: =VLOOKUP(B46,'[5]TTL dot​2 (31947)'!B$13:R$83,17,0) -> 981507 | M46: =IF(G46<=400000,400000*2%,IF(G46<=1200000,ROUND(G46*2%,0),ROUND(1200000*2%,0))) -> 20031 | N46: =IF(K46<=400000,400000*2%,IF(K46<=1200000,ROUND(K46*2%,0),ROUND(1200000*2%,0))) -> 24000 | O46: =N46-M46 -> 3969 | P46: =ROUND(IF((K46-J46-N46)<=1500000,0,IF(AND(((K46-J46-N46))>1500000,((K46-J46-N46))<=2000000),((K46-J46-N46))*5%-75000,IF(AND(((K46-J46-N46))>2000000,((K46-J46-N46))<=8500000),((K46-J46-N46))*10%-175000))),0) -> 54695 | Q46: =L46+M46+O46+P46 -> 1060202 | R46: =ROUND(K46-Q46,0) -> 1260747
A47: =+A46+1 -> 35 | B47: វុន ហួន | C47: VUN HOUN | D47: 150523228 | E47: 31947 | F47: =VLOOKUP(B47,'KLCN t1 dot 1'!$B$13:$Z$83,25,0) -> 34.25 | G47: =ROUND(F47*E47,0) -> 1094185 | H47: =VLOOKUP(B47,'KLCN t1 dot 2'!$B$13:$AB$83,27,0) -> 41.3 | I47: =ROUND(E47*H47,0) -> 1319411 | K47: =I47+J47+G47 -> 2413596 | L47: =VLOOKUP(B47,'[5]TTL dot​2 (31947)'!B$13:R$83,17,0) -> 1072301 | M47: =IF(G47<=400000,400000*2%,IF(G47<=1200000,ROUND(G47*2%,0),ROUND(1200000*2%,0))) -> 21884 | N47: =IF(K47<=400000,400000*2%,IF(K47<=1200000,ROUND(K47*2%,0),ROUND(1200000*2%,0))) -> 24000 | O47: =N47-M47 -> 2116 | P47: =ROUND(IF((K47-J47-N47)<=1500000,0,IF(AND(((K47-J47-N47))>1500000,((K47-J47-N47))<=2000000),((K47-J47-N47))*5%-75000,IF(AND(((K47-J47-N47))>2000000,((K47-J47-N47))<=8500000),((K47-J47-N47))*10%-175000))),0) -> 63960 | Q47: =L47+M47+O47+P47 -> 1160261 | R47: =ROUND(K47-Q47,0) -> 1253335
A48: =+A47+1 -> 36 | B48: លី​ ប៊ុនយ៉េន | C48: LY BUNYEN | D48: 151013383 | E48: 31947 | F48: =VLOOKUP(B48,'KLCN t1 dot 1'!$B$13:$Z$83,25,0) -> 34.25 | G48: =ROUND(F48*E48,0) -> 1094185 | H48: =VLOOKUP(B48,'KLCN t1 dot 2'!$B$13:$AB$83,27,0) -> 41.3 | I48: =ROUND(E48*H48,0) -> 1319411 | K48: =I48+J48+G48 -> 2413596 | L48: =VLOOKUP(B48,'[5]TTL dot​2 (31947)'!B$13:R$83,17,0) -> 1072301 | M48: =IF(G48<=400000,400000*2%,IF(G48<=1200000,ROUND(G48*2%,0),ROUND(1200000*2%,0))) -> 21884 | N48: =IF(K48<=400000,400000*2%,IF(K48<=1200000,ROUND(K48*2%,0),ROUND(1200000*2%,0))) -> 24000 | O48: =N48-M48 -> 2116 | P48: =ROUND(IF((K48-J48-N48)<=1500000,0,IF(AND(((K48-J48-N48))>1500000,((K48-J48-N48))<=2000000),((K48-J48-N48))*5%-75000,IF(AND(((K48-J48-N48))>2000000,((K48-J48-N48))<=8500000),((K48-J48-N48))*10%-175000))),0) -> 63960 | Q48: =L48+M48+O48+P48 -> 1160261 | R48: =ROUND(K48-Q48,0) -> 1253335
A49: =+A48+1 -> 37 | B49: ធឿន​ វុឌ្ឍី | C49: THOEUN VUTHY | D49: 150537069 | E49: 31947 | F49: =VLOOKUP(B49,'KLCN t1 dot 1'!$B$13:$Z$83,25,0) -> 34.25 | G49: =ROUND(F49*E49,0) -> 1094185 | H49: =VLOOKUP(B49,'KLCN t1 dot 2'!$B$13:$AB$83,27,0) -> 41.3 | I49: =ROUND(E49*H49,0) -> 1319411 | K49: =I49+J49+G49 -> 2413596 | L49: =VLOOKUP(B49,'[5]TTL dot​2 (31947)'!B$13:R$83,17,0) -> 1072301 | M49: =IF(G49<=400000,400000*2%,IF(G49<=1200000,ROUND(G49*2%,0),ROUND(1200000*2%,0))) -> 21884 | N49: =IF(K49<=400000,400000*2%,IF(K49<=1200000,ROUND(K49*2%,0),ROUND(1200000*2%,0))) -> 24000 | O49: =N49-M49 -> 2116 | P49: =ROUND(IF((K49-J49-N49)<=1500000,0,IF(AND(((K49-J49-N49))>1500000,((K49-J49-N49))<=2000000),((K49-J49-N49))*5%-75000,IF(AND(((K49-J49-N49))>2000000,((K49-J49-N49))<=8500000),((K49-J49-N49))*10%-175000))),0) -> 63960 | Q49: =L49+M49+O49+P49 -> 1160261 | R49: =ROUND(K49-Q49,0) -> 1253335
A50: =+A49+1 -> 38 | B50: ឌូ ឌីន | C50: DOU DIN | D50: 151046569 | E50: 31947 | F50: =VLOOKUP(B50,'KLCN t1 dot 1'!$B$13:$Z$83,25,0) -> 12.02 | G50: =ROUND(F50*E50,0) -> 384003 | H50: =VLOOKUP(B50,'KLCN t1 dot 2'!$B$13:$AB$83,27,0) -> 14.67 | I50: =ROUND(E50*H50,0) -> 468662 | K50: =I50+J50+G50 -> 852665 | L50: =VLOOKUP(B50,'[5]TTL dot​2 (31947)'!B$13:R$83,17,0) -> 376003 | M50: =IF(G50<=400000,400000*2%,IF(G50<=1200000,ROUND(G50*2%,0),ROUND(1200000*2%,0))) -> 8000 | N50: =IF(K50<=400000,400000*2%,IF(K50<=1200000,ROUND(K50*2%,0),ROUND(1200000*2%,0))) -> 17053 | O50: =N50-M50 -> 9053 | P50: =ROUND(IF((K50-J50-N50)<=1500000,0,IF(AND(((K50-J50-N50))>1500000,((K50-J50-N50))<=2000000),((K50-J50-N50))*5%-75000,IF(AND(((K50-J50-N50))>2000000,((K50-J50-N50))<=8500000),((K50-J50-N50))*10%-175000))),0) -> 0 | Q50: =L50+M50+O50+P50 -> 393056 | R50: =ROUND(K50-Q50,0) -> 459609
A51: =+A50+1 -> 39 | B51: ម៉ៅ ថី | C51: MAO THEY | D51: 150771197 | E51: 31947 | F51: =VLOOKUP(B51,'KLCN t1 dot 1'!$B$13:$Z$83,25,0) -> 12.71 | G51: =ROUND(F51*E51,0) -> 406046 | H51: =VLOOKUP(B51,'KLCN t1 dot 2'!$B$13:$AB$83,27,0) -> 15.18 | I51: =ROUND(E51*H51,0) -> 484955 | K51: =I51+J51+G51 -> 891001 | L51: =VLOOKUP(B51,'[5]TTL dot​2 (31947)'!B$13:R$83,17,0) -> 397925 | M51: =IF(G51<=400000,400000*2%,IF(G51<=1200000,ROUND(G51*2%,0),ROUND(1200000*2%,0))) -> 8121 | N51: =IF(K51<=400000,400000*2%,IF(K51<=1200000,ROUND(K51*2%,0),ROUND(1200000*2%,0))) -> 17820 | O51: =N51-M51 -> 9699 | P51: =ROUND(IF((K51-J51-N51)<=1500000,0,IF(AND(((K51-J51-N51))>1500000,((K51-J51-N51))<=2000000),((K51-J51-N51))*5%-75000,IF(AND(((K51-J51-N51))>2000000,((K51-J51-N51))<=8500000),((K51-J51-N51))*10%-175000))),0) -> 0 | Q51: =L51+M51+O51+P51 -> 415745 | R51: =ROUND(K51-Q51,0) -> 475256
A52: =+A51+1 -> 40 | B52: ហៀង ហ័ង | C52: HEANG HORNG | D52: 150936930 | E52: 31947 | F52: =VLOOKUP(B52,'KLCN t1 dot 1'!$B$13:$Z$83,25,0) -> 27.54 | G52: =ROUND(F52*E52,0) -> 879820 | H52: =VLOOKUP(B52,'KLCN t1 dot 2'!$B$13:$AB$83,27,0) -> 29.41 | I52: =ROUND(E52*H52,0) -> 939561 | K52: =I52+J52+G52 -> 1819381 | L52: =VLOOKUP(B52,'[5]TTL dot​2 (31947)'!B$13:R$83,17,0) -> 862224 | M52: =IF(G52<=400000,400000*2%,IF(G52<=1200000,ROUND(G52*2%,0),ROUND(1200000*2%,0))) -> 17596 | N52: =IF(K52<=400000,400000*2%,IF(K52<=1200000,ROUND(K52*2%,0),ROUND(1200000*2%,0))) -> 24000 | O52: =N52-M52 -> 6404 | P52: =ROUND(IF((K52-J52-N52)<=1500000,0,IF(AND(((K52-J52-N52))>1500000,((K52-J52-N52))<=2000000),((K52-J52-N52))*5%-75000,IF(AND(((K52-J52-N52))>2000000,((K52-J52-N52))<=8500000),((K52-J52-N52))*10%-175000))),0) -> 14769 | Q52: =L52+M52+O52+P52 -> 900993 | R52: =ROUND(K52-Q52,0) -> 918388
A53: =+A52+1 -> 41 | B53: មឿន សេន | C53: MOEURN SEN | D53: 180753924 | E53: 31947 | F53: =VLOOKUP(B53,'KLCN t1 dot 1'!$B$13:$Z$83,25,0) -> 20.69 | G53: =ROUND(F53*E53,0) -> 660983 | H53: =VLOOKUP(B53,'KLCN t1 dot 2'!$B$13:$AB$83,27,0) -> 23.7 | I53: =ROUND(E53*H53,0) -> 757144 | K53: =I53+J53+G53 -> 1418127 | L53: =VLOOKUP(B53,'[5]TTL dot​2 (31947)'!B$13:R$83,17,0) -> 647763 | M53: =IF(G53<=400000,400000*2%,IF(G53<=1200000,ROUND(G53*2%,0),ROUND(1200000*2%,0))) -> 13220 | N53: =IF(K53<=400000,400000*2%,IF(K53<=1200000,ROUND(K53*2%,0),ROUND(1200000*2%,0))) -> 24000 | O53: =N53-M53 -> 10780 | P53: =ROUND(IF((K53-J53-N53)<=1500000,0,IF(AND(((K53-J53-N53))>1500000,((K53-J53-N53))<=2000000),((K53-J53-N53))*5%-75000,IF(AND(((K53-J53-N53))>2000000,((K53-J53-N53))<=8500000),((K53-J53-N53))*10%-175000))),0) -> 0 | Q53: =L53+M53+O53+P53 -> 671763 | R53: =ROUND(K53-Q53,0) -> 746364
A54: =+A53+1 -> 42 | B54: សួរ សាលូត | C54: SOUR SALOUTH | D54: 220208904 | E54: 31947 | F54: =VLOOKUP(B54,'KLCN t1 dot 1'!$B$13:$Z$83,25,0) -> 27.03 | G54: =ROUND(F54*E54,0) -> 863527 | H54: =VLOOKUP(B54,'KLCN t1 dot 2'!$B$13:$AB$83,27,0) -> 29.78 | I54: =ROUND(E54*H54,0) -> 951382 | K54: =I54+J54+G54 -> 1814909 | L54: =VLOOKUP(B54,'[5]TTL dot​2 (31947)'!B$13:R$83,17,0) -> 846256 | M54: =IF(G54<=400000,400000*2%,IF(G54<=1200000,ROUND(G54*2%,0),ROUND(1200000*2%,0))) -> 17271 | N54: =IF(K54<=400000,400000*2%,IF(K54<=1200000,ROUND(K54*2%,0),ROUND(1200000*2%,0))) -> 24000 | O54: =N54-M54 -> 6729 | P54: =ROUND(IF((K54-J54-N54)<=1500000,0,IF(AND(((K54-J54-N54))>1500000,((K54-J54-N54))<=2000000),((K54-J54-N54))*5%-75000,IF(AND(((K54-J54-N54))>2000000,((K54-J54-N54))<=8500000),((K54-J54-N54))*10%-175000))),0) -> 14545 | Q54: =L54+M54+O54+P54 -> 884801 | R54: =ROUND(K54-Q54,0) -> 930108
A55: =+A54+1 -> 43 | B55: ហ៊ីម មករា | C55: HIM MAKRA | D55: 150978188 | E55: 31947 | F55: =VLOOKUP(B55,'KLCN t1 dot 1'!$B$13:$Z$83,25,0) -> 24.03 | G55: =ROUND(F55*E55,0) -> 767686 | H55: =VLOOKUP(B55,'KLCN t1 dot 2'!$B$13:$AB$83,27,0) -> 23.76 | I55: =ROUND(E55*H55,0) -> 759061 | K55: =I55+J55+G55 -> 1526747 | L55: =VLOOKUP(B55,'[5]TTL dot​2 (31947)'!B$13:R$83,17,0) -> 752332 | M55: =IF(G55<=400000,400000*2%,IF(G55<=1200000,ROUND(G55*2%,0),ROUND(1200000*2%,0))) -> 15354 | N55: =IF(K55<=400000,400000*2%,IF(K55<=1200000,ROUND(K55*2%,0),ROUND(1200000*2%,0))) -> 24000 | O55: =N55-M55 -> 8646 | P55: =ROUND(IF((K55-J55-N55)<=1500000,0,IF(AND(((K55-J55-N55))>1500000,((K55-J55-N55))<=2000000),((K55-J55-N55))*5%-75000,IF(AND(((K55-J55-N55))>2000000,((K55-J55-N55))<=8500000),((K55-J55-N55))*10%-175000))),0) -> 137 | Q55: =L55+M55+O55+P55 -> 776469 | R55: =ROUND(K55-Q55,0) -> 750278 | V55: =R55-U55 -> 750278 | W55: =#REF! -> #REF! | X55: 200000
A56: =+A55+1 -> 44 | B56: ហុក តុងសេង | C56: HUK TUNGSENG | D56: 210070000 | E56: 31947 | F56: =VLOOKUP(B56,'KLCN t1 dot 1'!$B$13:$Z$83,25,0) -> 11.79 | G56: =ROUND(F56*E56,0) -> 376655 | H56: =VLOOKUP(B56,'KLCN t1 dot 2'!$B$13:$AB$83,27,0) -> 12.57 | I56: =ROUND(E56*H56,0) -> 401574 | K56: =I56+J56+G56 -> 778229 | L56: =VLOOKUP(B56,'[5]TTL dot​2 (31947)'!B$13:R$83,17,0) -> 368655 | M56: =IF(G56<=400000,400000*2%,IF(G56<=1200000,ROUND(G56*2%,0),ROUND(1200000*2%,0))) -> 8000 | N56: =IF(K56<=400000,400000*2%,IF(K56<=1200000,ROUND(K56*2%,0),ROUND(1200000*2%,0))) -> 15565 | O56: =N56-M56 -> 7565 | P56: =ROUND(IF((K56-J56-N56)<=1500000,0,IF(AND(((K56-J56-N56))>1500000,((K56-J56-N56))<=2000000),((K56-J56-N56))*5%-75000,IF(AND(((K56-J56-N56))>2000000,((K56-J56-N56))<=8500000),((K56-J56-N56))*10%-175000))),0) -> 0 | Q56: =L56+M56+O56+P56 -> 384220 | R56: =ROUND(K56-Q56,0) -> 394009
A57: =+A56+1 -> 45 | B57: គួន ធី | C57: KOURN THY | D57: 150582874 | E57: 31947 | F57: =VLOOKUP(B57,'KLCN t1 dot 1'!$B$13:$Z$83,25,0) -> 14 | G57: =ROUND(F57*E57,0) -> 447258 | H57: =VLOOKUP(B57,'KLCN t1 dot 2'!$B$13:$AB$83,27,0) -> 10.25 | I57: =ROUND(E57*H57,0) -> 327457 | K57: =I57+J57+G57 -> 774715 | L57: =VLOOKUP(B57,'[5]TTL dot​2 (31947)'!B$13:R$83,17,0) -> 438313 | M57: =IF(G57<=400000,400000*2%,IF(G57<=1200000,ROUND(G57*2%,0),ROUND(1200000*2%,0))) -> 8945 | N57: =IF(K57<=400000,400000*2%,IF(K57<=1200000,ROUND(K57*2%,0),ROUND(1200000*2%,0))) -> 15494 | O57: =N57-M57 -> 6549 | P57: =ROUND(IF((K57-J57-N57)<=1500000,0,IF(AND(((K57-J57-N57))>1500000,((K57-J57-N57))<=2000000),((K57-J57-N57))*5%-75000,IF(AND(((K57-J57-N57))>2000000,((K57-J57-N57))<=8500000),((K57-J57-N57))*10%-175000))),0) -> 0 | Q57: =L57+M57+O57+P57 -> 453807 | R57: =ROUND(K57-Q57,0) -> 320908
A58: =+A57+1 -> 46 | B58: អៀង អ៊ា | C58: EANG EAR | D58: 150523495 (01) | E58: 31947 | F58: =VLOOKUP(B58,'KLCN t1 dot 1'!$B$13:$Z$83,25,0) -> 9.71 | G58: =ROUND(F58*E58,0) -> 310205 | H58: =VLOOKUP(B58,'KLCN t1 dot 2'!$B$13:$AB$83,27,0) -> 16.68 | I58: =ROUND(E58*H58,0) -> 532876 | K58: =I58+J58+G58 -> 843081 | L58: =VLOOKUP(B58,'[5]TTL dot​2 (31947)'!B$13:R$83,17,0) -> 302205 | M58: =IF(G58<=400000,400000*2%,IF(G58<=1200000,ROUND(G58*2%,0),ROUND(1200000*2%,0))) -> 8000 | N58: =IF(K58<=400000,400000*2%,IF(K58<=1200000,ROUND(K58*2%,0),ROUND(1200000*2%,0))) -> 16862 | O58: =N58-M58 -> 8862 | P58: =ROUND(IF((K58-J58-N58)<=1500000,0,IF(AND(((K58-J58-N58))>1500000,((K58-J58-N58))<=2000000),((K58-J58-N58))*5%-75000,IF(AND(((K58-J58-N58))>2000000,((K58-J58-N58))<=8500000),((K58-J58-N58))*10%-175000))),0) -> 0 | Q58: =L58+M58+O58+P58 -> 319067 | R58: =ROUND(K58-Q58,0) -> 524014 | V58: =R58-U58 -> 524014 | W58: =#REF! -> #REF! | X58: 200000
A59: =+A58+1 -> 47 | B59: ម៉ៅ សុខនី | C59: MAO SOKNY | D59: 151058048 | E59: 31947 | F59: =VLOOKUP(B59,'KLCN t1 dot 1'!$B$13:$Z$83,25,0) -> 16.7 | G59: =ROUND(F59*E59,0) -> 533515 | H59: =VLOOKUP(B59,'KLCN t1 dot 2'!$B$13:$AB$83,27,0) -> 12.57 | I59: =ROUND(E59*H59,0) -> 401574 | K59: =I59+J59+G59 -> 935089 | L59: =VLOOKUP(B59,'[5]TTL dot​2 (31947)'!B$13:R$83,17,0) -> 522845 | M59: =IF(G59<=400000,400000*2%,IF(G59<=1200000,ROUND(G59*2%,0),ROUND(1200000*2%,0))) -> 10670 | N59: =IF(K59<=400000,400000*2%,IF(K59<=1200000,ROUND(K59*2%,0),ROUND(1200000*2%,0))) -> 18702 | O59: =N59-M59 -> 8032 | P59: =ROUND(IF((K59-J59-N59)<=1500000,0,IF(AND(((K59-J59-N59))>1500000,((K59-J59-N59))<=2000000),((K59-J59-N59))*5%-75000,IF(AND(((K59-J59-N59))>2000000,((K59-J59-N59))<=8500000),((K59-J59-N59))*10%-175000))),0) -> 0 | Q59: =L59+M59+O59+P59 -> 541547 | R59: =ROUND(K59-Q59,0) -> 393542
A60: =+A59+1 -> 48 | B60: ម៉ឹង គា | C60: MOENG KEA | D60: 150925395 | E60: 31947 | F60: =VLOOKUP(B60,'KLCN t1 dot 1'!$B$13:$Z$83,25,0) -> 19.61 | G60: =ROUND(F60*E60,0) -> 626481 | H60: =VLOOKUP(B60,'KLCN t1 dot 2'!$B$13:$AB$83,27,0) -> 18.82 | I60: =ROUND(E60*H60,0) -> 601243 | K60: =I60+J60+G60 -> 1227724 | L60: =VLOOKUP(B60,'[5]TTL dot​2 (31947)'!B$13:R$83,17,0) -> 613951 | M60: =IF(G60<=400000,400000*2%,IF(G60<=1200000,ROUND(G60*2%,0),ROUND(1200000*2%,0))) -> 12530 | N60: =IF(K60<=400000,400000*2%,IF(K60<=1200000,ROUND(K60*2%,0),ROUND(1200000*2%,0))) -> 24000 | O60: =N60-M60 -> 11470 | P60: =ROUND(IF((K60-J60-N60)<=1500000,0,IF(AND(((K60-J60-N60))>1500000,((K60-J60-N60))<=2000000),((K60-J60-N60))*5%-75000,IF(AND(((K60-J60-N60))>2000000,((K60-J60-N60))<=8500000),((K60-J60-N60))*10%-175000))),0) -> 0 | Q60: =L60+M60+O60+P60 -> 637951 | R60: =ROUND(K60-Q60,0) -> 589773 | X60: 200000
A61: =+A60+1 -> 49 | B61: ម៉ៅ សុខម៉េង | C61: MAO SOKMENG | D61: 151075912 | E61: 31947 | F61: =VLOOKUP(B61,'KLCN t1 dot 1'!$B$13:$Z$83,25,0) -> 16.7 | G61: =ROUND(F61*E61,0) -> 533515 | H61: =VLOOKUP(B61,'KLCN t1 dot 2'!$B$13:$AB$83,27,0) -> 14.45 | I61: =ROUND(E61*H61,0) -> 461634 | K61: =I61+J61+G61 -> 995149 | L61: =VLOOKUP(B61,'[5]TTL dot​2 (31947)'!B$13:R$83,17,0) -> 522845 | M61: =IF(G61<=400000,400000*2%,IF(G61<=1200000,ROUND(G61*2%,0),ROUND(1200000*2%,0))) -> 10670 | N61: =IF(K61<=400000,400000*2%,IF(K61<=1200000,ROUND(K61*2%,0),ROUND(1200000*2%,0))) -> 19903 | O61: =N61-M61 -> 9233 | P61: =ROUND(IF((K61-J61-N61)<=1500000,0,IF(AND(((K61-J61-N61))>1500000,((K61-J61-N61))<=2000000),((K61-J61-N61))*5%-75000,IF(AND(((K61-J61-N61))>2000000,((K61-J61-N61))<=8500000),((K61-J61-N61))*10%-175000))),0) -> 0 | Q61: =L61+M61+O61+P61 -> 542748 | R61: =ROUND(K61-Q61,0) -> 452401 | V61: =R61-U61 -> 452401 | W61: =#REF! -> #REF!
A62: =+A61+1 -> 50 | B62: គា​ ទីណូ | C62: KHEA TINO | D62: 151055393 | E62: 31947 | F62: =VLOOKUP(B62,'KLCN t1 dot 1'!$B$13:$Z$83,25,0) -> 21.49 | G62: =ROUND(F62*E62,0) -> 686541 | H62: =VLOOKUP(B62,'KLCN t1 dot 2'!$B$13:$AB$83,27,0) -> 22.58 | I62: =ROUND(E62*H62,0) -> 721363 | K62: =I62+J62+G62 -> 1407904 | L62: =VLOOKUP(B62,'[5]TTL dot​2 (31947)'!B$13:R$83,17,0) -> 672810 | M62: =IF(G62<=400000,400000*2%,IF(G62<=1200000,ROUND(G62*2%,0),ROUND(1200000*2%,0))) -> 13731 | N62: =IF(K62<=400000,400000*2%,IF(K62<=1200000,ROUND(K62*2%,0),ROUND(1200000*2%,0))) -> 24000 | O62: =N62-M62 -> 10269 | P62: =ROUND(IF((K62-J62-N62)<=1500000,0,IF(AND(((K62-J62-N62))>1500000,((K62-J62-N62))<=2000000),((K62-J62-N62))*5%-75000,IF(AND(((K62-J62-N62))>2000000,((K62-J62-N62))<=8500000),((K62-J62-N62))*10%-175000))),0) -> 0 | Q62: =L62+M62+O62+P62 -> 696810 | R62: =ROUND(K62-Q62,0) -> 711094 | X62: 200000
A63: =+A62+1 -> 51 | B63: ធួន ធីម | C63: THUN THIM | D63: 150981411 | E63: 31947 | F63: =VLOOKUP(B63,'KLCN t1 dot 1'!$B$13:$Z$83,25,0) -> 14.7 | G63: =ROUND(F63*E63,0) -> 469621 | H63: =VLOOKUP(B63,'KLCN t1 dot 2'!$B$13:$AB$83,27,0) -> 12.57 | I63: =ROUND(E63*H63,0) -> 401574 | K63: =I63+J63+G63 -> 871195 | L63: =VLOOKUP(B63,'[5]TTL dot​2 (31947)'!B$13:R$83,17,0) -> 460229 | M63: =IF(G63<=400000,400000*2%,IF(G63<=1200000,ROUND(G63*2%,0),ROUND(1200000*2%,0))) -> 9392 | N63: =IF(K63<=400000,400000*2%,IF(K63<=1200000,ROUND(K63*2%,0),ROUND(1200000*2%,0))) -> 17424 | O63: =N63-M63 -> 8032 | P63: =ROUND(IF((K63-J63-N63)<=1500000,0,IF(AND(((K63-J63-N63))>1500000,((K63-J63-N63))<=2000000),((K63-J63-N63))*5%-75000,IF(AND(((K63-J63-N63))>2000000,((K63-J63-N63))<=8500000),((K63-J63-N63))*10%-175000))),0) -> 0 | Q63: =L63+M63+O63+P63 -> 477653 | R63: =ROUND(K63-Q63,0) -> 393542 | X63: 100000
A64: =+A63+1 -> 52 | B64: មាស ភា | C64: MEAS PHEA | D64: 151029997 | E64: 31947 | F64: =VLOOKUP(B64,'KLCN t1 dot 1'!$B$13:$Z$83,25,0) -> 11.79 | G64: =ROUND(F64*E64,0) -> 376655 | H64: =VLOOKUP(B64,'KLCN t1 dot 2'!$B$13:$AB$83,27,0) -> 12.57 | I64: =ROUND(E64*H64,0) -> 401574 | K64: =I64+J64+G64 -> 778229 | L64: =VLOOKUP(B64,'[5]TTL dot​2 (31947)'!B$13:R$83,17,0) -> 368655 | M64: =IF(G64<=400000,400000*2%,IF(G64<=1200000,ROUND(G64*2%,0),ROUND(1200000*2%,0))) -> 8000 | N64: =IF(K64<=400000,400000*2%,IF(K64<=1200000,ROUND(K64*2%,0),ROUND(1200000*2%,0))) -> 15565 | O64: =N64-M64 -> 7565 | P64: =ROUND(IF((K64-J64-N64)<=1500000,0,IF(AND(((K64-J64-N64))>1500000,((K64-J64-N64))<=2000000),((K64-J64-N64))*5%-75000,IF(AND(((K64-J64-N64))>2000000,((K64-J64-N64))<=8500000),((K64-J64-N64))*10%-175000))),0) -> 0 | Q64: =L64+M64+O64+P64 -> 384220 | R64: =ROUND(K64-Q64,0) -> 394009 | U64: 50000 | V64: =R64-U64 -> 344009 | W64: =#REF! -> #REF! | X64: 50000
A65: =+A64+1 -> 53 | B65: សេន សីហា | C65: SEN SEYHA | D65: 181167293 | E65: 31947 | F65: =VLOOKUP(B65,'KLCN t1 dot 1'!$B$13:$Z$83,25,0) -> 14.7 | G65: =ROUND(F65*E65,0) -> 469621 | H65: =VLOOKUP(B65,'KLCN t1 dot 2'!$B$13:$AB$83,27,0) -> 12.57 | I65: =ROUND(E65*H65,0) -> 401574 | K65: =I65+J65+G65 -> 871195 | L65: =VLOOKUP(B65,'[5]TTL dot​2 (31947)'!B$13:R$83,17,0) -> 460229 | M65: =IF(G65<=400000,400000*2%,IF(G65<=1200000,ROUND(G65*2%,0),ROUND(1200000*2%,0))) -> 9392 | N65: =IF(K65<=400000,400000*2%,IF(K65<=1200000,ROUND(K65*2%,0),ROUND(1200000*2%,0))) -> 17424 | O65: =N65-M65 -> 8032 | P65: =ROUND(IF((K65-J65-N65)<=1500000,0,IF(AND(((K65-J65-N65))>1500000,((K65-J65-N65))<=2000000),((K65-J65-N65))*5%-75000,IF(AND(((K65-J65-N65))>2000000,((K65-J65-N65))<=8500000),((K65-J65-N65))*10%-175000))),0) -> 0 | Q65: =L65+M65+O65+P65 -> 477653 | R65: =ROUND(K65-Q65,0) -> 393542
A66: =+A65+1 -> 54 | B66: មេង បូរី | C66: MENG BOREY | D66: 151048971 | E66: 31947 | F66: =VLOOKUP(B66,'KLCN t1 dot 1'!$B$13:$Z$83,25,0) -> 14.7 | G66: =ROUND(F66*E66,0) -> 469621 | H66: =VLOOKUP(B66,'KLCN t1 dot 2'!$B$13:$AB$83,27,0) -> 18.82 | I66: =ROUND(E66*H66,0) -> 601243 | K66: =I66+J66+G66 -> 1070864 | L66: =VLOOKUP(B66,'[5]TTL dot​2 (31947)'!B$13:R$83,17,0) -> 460229 | M66: =IF(G66<=400000,400000*2%,IF(G66<=1200000,ROUND(G66*2%,0),ROUND(1200000*2%,0))) -> 9392 | N66: =IF(K66<=400000,400000*2%,IF(K66<=1200000,ROUND(K66*2%,0),ROUND(1200000*2%,0))) -> 21417 | O66: =N66-M66 -> 12025 | P66: =ROUND(IF((K66-J66-N66)<=1500000,0,IF(AND(((K66-J66-N66))>1500000,((K66-J66-N66))<=2000000),((K66-J66-N66))*5%-75000,IF(AND(((K66-J66-N66))>2000000,((K66-J66-N66))<=8500000),((K66-J66-N66))*10%-175000))),0) -> 0 | Q66: =L66+M66+O66+P66 -> 481646 | R66: =ROUND(K66-Q66,0) -> 589218 | X66: 250000
A67: =+A66+1 -> 55 | B67: មាស សៀក | C67: MEAS SEAK | D67: 150845321 | E67: 31947 | F67: =VLOOKUP(B67,'KLCN t1 dot 1'!$B$13:$Z$83,25,0) -> 16.7 | G67: =ROUND(F67*E67,0) -> 533515 | H67: =VLOOKUP(B67,'KLCN t1 dot 2'!$B$13:$AB$83,27,0) -> 14.92 | I67: =ROUND(E67*H67,0) -> 476649 | K67: =I67+J67+G67 -> 1010164 | L67: =VLOOKUP(B67,'[5]TTL dot​2 (31947)'!B$13:R$83,17,0) -> 522845 | M67: =IF(G67<=400000,400000*2%,IF(G67<=1200000,ROUND(G67*2%,0),ROUND(1200000*2%,0))) -> 10670 | N67: =IF(K67<=400000,400000*2%,IF(K67<=1200000,ROUND(K67*2%,0),ROUND(1200000*2%,0))) -> 20203 | O67: =N67-M67 -> 9533 | P67: =ROUND(IF((K67-J67-N67)<=1500000,0,IF(AND(((K67-J67-N67))>1500000,((K67-J67-N67))<=2000000),((K67-J67-N67))*5%-75000,IF(AND(((K67-J67-N67))>2000000,((K67-J67-N67))<=8500000),((K67-J67-N67))*10%-175000))),0) -> 0 | Q67: =L67+M67+O67+P67 -> 543048 | R67: =ROUND(K67-Q67,0) -> 467116
A68: =+A67+1 -> 56 | B68: ម៉ៅ ឆូន | C68: MAO CHHAUN | D68: 190569581 | E68: 31947 | F68: =VLOOKUP(B68,'KLCN t1 dot 1'!$B$13:$Z$83,25,0) -> 11.79 | G68: =ROUND(F68*E68,0) -> 376655 | H68: =VLOOKUP(B68,'KLCN t1 dot 2'!$B$13:$AB$83,27,0) -> 12.57 | I68: =ROUND(E68*H68,0) -> 401574 | K68: =I68+J68+G68 -> 778229 | L68: =VLOOKUP(B68,'[5]TTL dot​2 (31947)'!B$13:R$83,17,0) -> 368655 | M68: =IF(G68<=400000,400000*2%,IF(G68<=1200000,ROUND(G68*2%,0),ROUND(1200000*2%,0))) -> 8000 | N68: =IF(K68<=400000,400000*2%,IF(K68<=1200000,ROUND(K68*2%,0),ROUND(1200000*2%,0))) -> 15565 | O68: =N68-M68 -> 7565 | P68: =ROUND(IF((K68-J68-N68)<=1500000,0,IF(AND(((K68-J68-N68))>1500000,((K68-J68-N68))<=2000000),((K68-J68-N68))*5%-75000,IF(AND(((K68-J68-N68))>2000000,((K68-J68-N68))<=8500000),((K68-J68-N68))*10%-175000))),0) -> 0 | Q68: =L68+M68+O68+P68 -> 384220 | R68: =ROUND(K68-Q68,0) -> 394009 | X68: 100000
A69: =+A68+1 -> 57 | B69: សាញ់ ខុម | C69: SANH KHOM | D69: 150273869 | E69: 31947 | F69: =VLOOKUP(B69,'KLCN t1 dot 1'!$B$13:$Z$83,25,0) -> 11.79 | G69: =ROUND(F69*E69,0) -> 376655 | H69: =VLOOKUP(B69,'KLCN t1 dot 2'!$B$13:$AB$83,27,0) -> 7.99 | I69: =ROUND(E69*H69,0) -> 255257 | K69: =I69+J69+G69 -> 631912 | L69: =VLOOKUP(B69,'[5]TTL dot​2 (31947)'!B$13:R$83,17,0) -> 368655 | M69: =IF(G69<=400000,400000*2%,IF(G69<=1200000,ROUND(G69*2%,0),ROUND(1200000*2%,0))) -> 8000 | N69: =IF(K69<=400000,400000*2%,IF(K69<=1200000,ROUND(K69*2%,0),ROUND(1200000*2%,0))) -> 12638 | O69: =N69-M69 -> 4638 | P69: =ROUND(IF((K69-J69-N69)<=1500000,0,IF(AND(((K69-J69-N69))>1500000,((K69-J69-N69))<=2000000),((K69-J69-N69))*5%-75000,IF(AND(((K69-J69-N69))>2000000,((K69-J69-N69))<=8500000),((K69-J69-N69))*10%-175000))),0) -> 0 | Q69: =L69+M69+O69+P69 -> 381293 | R69: =ROUND(K69-Q69,0) -> 250619 | V69: =R69-U69 -> 250619 | W69: =#REF! -> #REF!
A70: =+A69+1 -> 58 | B70: ទៀង ចាន់ថា | C70: TIENG CHANTHA | D70: 220175294 | E70: 31947 | F70: =VLOOKUP(B70,'KLCN t1 dot 1'!$B$13:$Z$83,25,0) -> 18.57 | G70: =ROUND(F70*E70,0) -> 593256 | H70: =VLOOKUP(B70,'KLCN t1 dot 2'!$B$13:$AB$83,27,0) -> 13.03 | I70: =ROUND(E70*H70,0) -> 416269 | K70: =I70+J70+G70 -> 1009525 | L70: =VLOOKUP(B70,'[5]TTL dot​2 (31947)'!B$13:R$83,17,0) -> 581391 | M70: =IF(G70<=400000,400000*2%,IF(G70<=1200000,ROUND(G70*2%,0),ROUND(1200000*2%,0))) -> 11865 | N70: =IF(K70<=400000,400000*2%,IF(K70<=1200000,ROUND(K70*2%,0),ROUND(1200000*2%,0))) -> 20191 | O70: =N70-M70 -> 8326 | P70: =ROUND(IF((K70-J70-N70)<=1500000,0,IF(AND(((K70-J70-N70))>1500000,((K70-J70-N70))<=2000000),((K70-J70-N70))*5%-75000,IF(AND(((K70-J70-N70))>2000000,((K70-J70-N70))<=8500000),((K70-J70-N70))*10%-175000))),0) -> 0 | Q70: =L70+M70+O70+P70 -> 601582 | R70: =ROUND(K70-Q70,0) -> 407943
A71: =+A70+1 -> 59 | B71: កិក រក្សា | C71: KEK REAKSA | D71: 181068674 | E71: 31947 | F71: =VLOOKUP(B71,'KLCN t1 dot 1'!$B$13:$Z$83,25,0) -> 17.55 | G71: =ROUND(F71*E71,0) -> 560670 | H71: =VLOOKUP(B71,'KLCN t1 dot 2'!$B$13:$AB$83,27,0) -> 4.97 | I71: =ROUND(E71*H71,0) -> 158777 | K71: =I71+J71+G71 -> 719447 | L71: =VLOOKUP(B71,'[5]TTL dot​2 (31947)'!B$13:R$83,17,0) -> 549457 | M71: =IF(G71<=400000,400000*2%,IF(G71<=1200000,ROUND(G71*2%,0),ROUND(1200000*2%,0))) -> 11213 | N71: =IF(K71<=400000,400000*2%,IF(K71<=1200000,ROUND(K71*2%,0),ROUND(1200000*2%,0))) -> 14389 | O71: =N71-M71 -> 3176 | P71: =ROUND(IF((K71-J71-N71)<=1500000,0,IF(AND(((K71-J71-N71))>1500000,((K71-J71-N71))<=2000000),((K71-J71-N71))*5%-75000,IF(AND(((K71-J71-N71))>2000000,((K71-J71-N71))<=8500000),((K71-J71-N71))*10%-175000))),0) -> 0 | Q71: =L71+M71+O71+P71 -> 563846 | R71: =ROUND(K71-Q71,0) -> 155601
A72: =+A71+1 -> 60 | B72: ផាត ចាន់លី | C72: PHAT CHANLY | D72: 220139991 | E72: 31947 | F72: =VLOOKUP(B72,'KLCN t1 dot 1'!$B$13:$Z$83,25,0) -> 9.72 | G72: =ROUND(F72*E72,0) -> 310525 | H72: =VLOOKUP(B72,'KLCN t1 dot 2'!$B$13:$AB$83,27,0) -> 12.57 | I72: =ROUND(E72*H72,0) -> 401574 | K72: =I72+J72+G72 -> 712099 | L72: =VLOOKUP(B72,'[5]TTL dot​2 (31947)'!B$13:R$83,17,0) -> 302525 | M72: =IF(G72<=400000,400000*2%,IF(G72<=1200000,ROUND(G72*2%,0),ROUND(1200000*2%,0))) -> 8000 | N72: =IF(K72<=400000,400000*2%,IF(K72<=1200000,ROUND(K72*2%,0),ROUND(1200000*2%,0))) -> 14242 | O72: =N72-M72 -> 6242 | P72: =ROUND(IF((K72-J72-N72)<=1500000,0,IF(AND(((K72-J72-N72))>1500000,((K72-J72-N72))<=2000000),((K72-J72-N72))*5%-75000,IF(AND(((K72-J72-N72))>2000000,((K72-J72-N72))<=8500000),((K72-J72-N72))*10%-175000))),0) -> 0 | Q72: =L72+M72+O72+P72 -> 316767 | R72: =ROUND(K72-Q72,0) -> 395332
A73: =+A72+1 -> 61 | B73: មាស ស៊ីន​ | C73: MEAS SIN | D73: 150582830 | E73: 31947 | F73: =VLOOKUP(B73,'KLCN t1 dot 1'!$B$13:$Z$83,25,0) -> 14.5 | G73: =ROUND(F73*E73,0) -> 463232 | H73: =VLOOKUP(B73,'KLCN t1 dot 2'!$B$13:$AB$83,27,0) -> 18.82 | I73: =ROUND(E73*H73,0) -> 601243 | K73: =I73+J73+G73 -> 1064475 | L73: =VLOOKUP(B73,'[5]TTL dot​2 (31947)'!B$13:R$83,17,0) -> 453967 | M73: =IF(G73<=400000,400000*2%,IF(G73<=1200000,ROUND(G73*2%,0),ROUND(1200000*2%,0))) -> 9265 | N73: =IF(K73<=400000,400000*2%,IF(K73<=1200000,ROUND(K73*2%,0),ROUND(1200000*2%,0))) -> 21290 | O73: =N73-M73 -> 12025 | P73: =ROUND(IF((K73-J73-N73)<=1500000,0,IF(AND(((K73-J73-N73))>1500000,((K73-J73-N73))<=2000000),((K73-J73-N73))*5%-75000,IF(AND(((K73-J73-N73))>2000000,((K73-J73-N73))<=8500000),((K73-J73-N73))*10%-175000))),0) -> 0 | Q73: =L73+M73+O73+P73 -> 475257 | R73: =ROUND(K73-Q73,0) -> 589218 | X73: 300000
A74: =+A73+1 -> 62 | B74: ស៊ុត លី | C74: SOT​ LY | D74: 150352388 | E74: 31947 | F74: =VLOOKUP(B74,'KLCN t1 dot 1'!$B$13:$Z$83,25,0) -> 7.9 | G74: =ROUND(F74*E74,0) -> 252381 | H74: =VLOOKUP(B74,'KLCN t1 dot 2'!$B$13:$AB$83,27,0) -> 12.57 | I74: =ROUND(E74*H74,0) -> 401574 | K74: =I74+J74+G74 -> 653955 | L74: =VLOOKUP(B74,'[5]TTL dot​2 (31947)'!B$13:R$83,17,0) -> 244381 | M74: =IF(G74<=400000,400000*2%,IF(G74<=1200000,ROUND(G74*2%,0),ROUND(1200000*2%,0))) -> 8000 | N74: =IF(K74<=400000,400000*2%,IF(K74<=1200000,ROUND(K74*2%,0),ROUND(1200000*2%,0))) -> 13079 | O74: =N74-M74 -> 5079 | P74: =ROUND(IF((K74-J74-N74)<=1500000,0,IF(AND(((K74-J74-N74))>1500000,((K74-J74-N74))<=2000000),((K74-J74-N74))*5%-75000,IF(AND(((K74-J74-N74))>2000000,((K74-J74-N74))<=8500000),((K74-J74-N74))*10%-175000))),0) -> 0 | Q74: =L74+M74+O74+P74 -> 257460 | R74: =ROUND(K74-Q74,0) -> 396495
A75: =+A74+1 -> 63 | B75: សន ម៉ាប់ | C75: SORN MAB | D75: 150740078 | E75: 31947 | F75: =VLOOKUP(B75,'KLCN t1 dot 1'!$B$13:$Z$83,25,0) -> 34.86 | G75: =ROUND(F75*E75,0) -> 1113672 | H75: =VLOOKUP(B75,'KLCN t1 dot 2'!$B$13:$AB$83,27,0) -> 43.58 | I75: =ROUND(E75*H75,0) -> 1392250 | K75: =I75+J75+G75 -> 2505922 | L75: =VLOOKUP(B75,'[5]TTL dot​2 (31947)'!B$13:R$83,17,0) -> 1091399 | M75: =IF(G75<=400000,400000*2%,IF(G75<=1200000,ROUND(G75*2%,0),ROUND(1200000*2%,0))) -> 22273 | N75: =IF(K75<=400000,400000*2%,IF(K75<=1200000,ROUND(K75*2%,0),ROUND(1200000*2%,0))) -> 24000 | O75: =N75-M75 -> 1727 | P75: =ROUND(IF((K75-J75-N75)<=1500000,0,IF(AND(((K75-J75-N75))>1500000,((K75-J75-N75))<=2000000),((K75-J75-N75))*5%-75000,IF(AND(((K75-J75-N75))>2000000,((K75-J75-N75))<=8500000),((K75-J75-N75))*10%-175000))),0) -> 73192 | Q75: =L75+M75+O75+P75 -> 1188591 | R75: =ROUND(K75-Q75,0) -> 1317331
A76: =+A75+1 -> 64 | B76: ម៉ន ពឿយ | C76: MORN POEUY | D76: 150922981 | E76: 31947 | F76: =VLOOKUP(B76,'KLCN t1 dot 1'!$B$13:$Z$83,25,0) -> 31.7 | G76: =ROUND(F76*E76,0) -> 1012720 | H76: =VLOOKUP(B76,'KLCN t1 dot 2'!$B$13:$AB$83,27,0) -> 32.24 | I76: =ROUND(E76*H76,0) -> 1029971 | K76: =I76+J76+G76 -> 2042691 | L76: =VLOOKUP(B76,'[5]TTL dot​2 (31947)'!B$13:R$83,17,0) -> 992466 | M76: =IF(G76<=400000,400000*2%,IF(G76<=1200000,ROUND(G76*2%,0),ROUND(1200000*2%,0))) -> 20254 | N76: =IF(K76<=400000,400000*2%,IF(K76<=1200000,ROUND(K76*2%,0),ROUND(1200000*2%,0))) -> 24000 | O76: =N76-M76 -> 3746 | P76: =ROUND(IF((K76-J76-N76)<=1500000,0,IF(AND(((K76-J76-N76))>1500000,((K76-J76-N76))<=2000000),((K76-J76-N76))*5%-75000,IF(AND(((K76-J76-N76))>2000000,((K76-J76-N76))<=8500000),((K76-J76-N76))*10%-175000))),0) -> 26869 | Q76: =L76+M76+O76+P76 -> 1043335 | R76: =ROUND(K76-Q76,0) -> 999356
A77: =+A76+1 -> 65 | B77: ថន ចារី | C77: THON CHAREY | D77: 150627964 | E77: 31947 | F77: =VLOOKUP(B77,'KLCN t1 dot 1'!$B$13:$Z$83,25,0) -> 31.7 | G77: =ROUND(F77*E77,0) -> 1012720 | H77: =VLOOKUP(B77,'KLCN t1 dot 2'!$B$13:$AB$83,27,0) -> 36.65 | I77: =ROUND(E77*H77,0) -> 1170858 | K77: =I77+J77+G77 -> 2183578 | L77: =VLOOKUP(B77,'[5]TTL dot​2 (31947)'!B$13:R$83,17,0) -> 992466 | M77: =IF(G77<=400000,400000*2%,IF(G77<=1200000,ROUND(G77*2%,0),ROUND(1200000*2%,0))) -> 20254 | N77: =IF(K77<=400000,400000*2%,IF(K77<=1200000,ROUND(K77*2%,0),ROUND(1200000*2%,0))) -> 24000 | O77: =N77-M77 -> 3746 | P77: =ROUND(IF((K77-J77-N77)<=1500000,0,IF(AND(((K77-J77-N77))>1500000,((K77-J77-N77))<=2000000),((K77-J77-N77))*5%-75000,IF(AND(((K77-J77-N77))>2000000,((K77-J77-N77))<=8500000),((K77-J77-N77))*10%-175000))),0) -> 40958 | Q77: =L77+M77+O77+P77 -> 1057424 | R77: =ROUND(K77-Q77,0) -> 1126154
A78: =+A77+1 -> 66 | B78: គ្រឿន រិត | C78: KROEUN RITH | D78: 220234318 | E78: 31947 | F78: =VLOOKUP(B78,'KLCN t1 dot 1'!$B$13:$Z$83,25,0) -> 23.19 | G78: =ROUND(F78*E78,0) -> 740851 | H78: =VLOOKUP(B78,'KLCN t1 dot 2'!$B$13:$AB$83,27,0) -> 33.98 | I78: =ROUND(E78*H78,0)+1 -> 1085560 | K78: =I78+J78+G78 -> 1826411 | L78: =VLOOKUP(B78,'[5]TTL dot​2 (31947)'!B$13:R$83,17,0) -> 726034 | M78: =IF(G78<=400000,400000*2%,IF(G78<=1200000,ROUND(G78*2%,0),ROUND(1200000*2%,0))) -> 14817 | N78: =IF(K78<=400000,400000*2%,IF(K78<=1200000,ROUND(K78*2%,0),ROUND(1200000*2%,0))) -> 24000 | O78: =N78-M78 -> 9183 | P78: =ROUND(IF((K78-J78-N78)<=1500000,0,IF(AND(((K78-J78-N78))>1500000,((K78-J78-N78))<=2000000),((K78-J78-N78))*5%-75000,IF(AND(((K78-J78-N78))>2000000,((K78-J78-N78))<=8500000),((K78-J78-N78))*10%-175000))),0) -> 15121 | Q78: =L78+M78+O78+P78 -> 765155 | R78: =ROUND(K78-Q78,0) -> 1061256
A79: =+A78+1 -> 67 | B79: រឿន រឿង | C79: ROEUN ROEUNG | D79: 220175244 | E79: 31947 | F79: =VLOOKUP(B79,'KLCN t1 dot 1'!$B$13:$Z$83,25,0) -> 31.7 | G79: =ROUND(F79*E79,0) -> 1012720 | H79: =VLOOKUP(B79,'KLCN t1 dot 2'!$B$13:$AB$83,27,0) -> 36.46 | I79: =ROUND(E79*H79,0) -> 1164788 | K79: =I79+J79+G79 -> 2177508 | L79: =VLOOKUP(B79,'[5]TTL dot​2 (31947)'!B$13:R$83,17,0) -> 992466 | M79: =IF(G79<=400000,400000*2%,IF(G79<=1200000,ROUND(G79*2%,0),ROUND(1200000*2%,0))) -> 20254 | N79: =IF(K79<=400000,400000*2%,IF(K79<=1200000,ROUND(K79*2%,0),ROUND(1200000*2%,0))) -> 24000 | O79: =N79-M79 -> 3746 | P79: =ROUND(IF((K79-J79-N79)<=1500000,0,IF(AND(((K79-J79-N79))>1500000,((K79-J79-N79))<=2000000),((K79-J79-N79))*5%-75000,IF(AND(((K79-J79-N79))>2000000,((K79-J79-N79))<=8500000),((K79-J79-N79))*10%-175000))),0) -> 40351 | Q79: =L79+M79+O79+P79 -> 1056817 | R79: =ROUND(K79-Q79,0) -> 1120691
A80: =+A79+1 -> 68 | B80: អ៊ឹម ថាច | C80: OEM THACH | D80: 150565864 | E80: 31947 | F80: =VLOOKUP(B80,'KLCN t1 dot 1'!$B$13:$Z$83,25,0) -> 31.7 | G80: =ROUND(F80*E80,0) -> 1012720 | H80: =VLOOKUP(B80,'KLCN t1 dot 2'!$B$13:$AB$83,27,0) -> 36.46 | I80: =ROUND(E80*H80,0) -> 1164788 | K80: =I80+J80+G80 -> 2177508 | L80: =VLOOKUP(B80,'[5]TTL dot​2 (31947)'!B$13:R$83,17,0) -> 992466 | M80: =IF(G80<=400000,400000*2%,IF(G80<=1200000,ROUND(G80*2%,0),ROUND(1200000*2%,0))) -> 20254 | N80: =IF(K80<=400000,400000*2%,IF(K80<=1200000,ROUND(K80*2%,0),ROUND(1200000*2%,0))) -> 24000 | O80: =N80-M80 -> 3746 | P80: =ROUND(IF((K80-J80-N80)<=1500000,0,IF(AND(((K80-J80-N80))>1500000,((K80-J80-N80))<=2000000),((K80-J80-N80))*5%-75000,IF(AND(((K80-J80-N80))>2000000,((K80-J80-N80))<=8500000),((K80-J80-N80))*10%-175000))),0) -> 40351 | Q80: =L80+M80+O80+P80 -> 1056817 | R80: =ROUND(K80-Q80,0) -> 1120691
A81: =+A80+1 -> 69 | B81: សន ចាន់រី | C81: SORN CHANRY | D81: 150612355 | E81: 31947 | F81: =VLOOKUP(B81,'KLCN t1 dot 1'!$B$13:$Z$83,25,0) -> 28.79 | G81: =ROUND(F81*E81,0)+3 -> 919757 | H81: =VLOOKUP(B81,'KLCN t1 dot 2'!$B$13:$AB$83,27,0) -> 39.77 | I81: =ROUND(E81*H81,0) -> 1270532 | K81: =I81+J81+G81 -> 2190289 | L81: =VLOOKUP(B81,'[5]TTL dot​2 (31947)'!B$13:R$83,17,0) -> 901362 | M81: =IF(G81<=400000,400000*2%,IF(G81<=1200000,ROUND(G81*2%,0),ROUND(1200000*2%,0))) -> 18395 | N81: =IF(K81<=400000,400000*2%,IF(K81<=1200000,ROUND(K81*2%,0),ROUND(1200000*2%,0))) -> 24000 | O81: =N81-M81 -> 5605 | P81: =ROUND(IF((K81-J81-N81)<=1500000,0,IF(AND(((K81-J81-N81))>1500000,((K81-J81-N81))<=2000000),((K81-J81-N81))*5%-75000,IF(AND(((K81-J81-N81))>2000000,((K81-J81-N81))<=8500000),((K81-J81-N81))*10%-175000))),0) -> 41629 | Q81: =L81+M81+O81+P81 -> 966991 | R81: =ROUND(K81-Q81,0) -> 1223298
A82: =+A81+1 -> 70 | B82: សន ហ៊ុច | C82: SORN HUCH | D82: 150468451 | E82: 31947 | F82: =VLOOKUP(B82,'KLCN t1 dot 1'!$B$13:$Z$83,25,0) -> 31.7 | G82: =ROUND(F82*E82,0) -> 1012720 | H82: =VLOOKUP(B82,'KLCN t1 dot 2'!$B$13:$AB$83,27,0) -> 39.77 | I82: =ROUND(E82*H82,0) -> 1270532 | K82: =I82+J82+G82 -> 2283252 | L82: =VLOOKUP(B82,'[5]TTL dot​2 (31947)'!B$13:R$83,17,0) -> 992466 | M82: =IF(G82<=400000,400000*2%,IF(G82<=1200000,ROUND(G82*2%,0),ROUND(1200000*2%,0))) -> 20254 | N82: =IF(K82<=400000,400000*2%,IF(K82<=1200000,ROUND(K82*2%,0),ROUND(1200000*2%,0))) -> 24000 | O82: =N82-M82 -> 3746 | P82: =ROUND(IF((K82-J82-N82)<=1500000,0,IF(AND(((K82-J82-N82))>1500000,((K82-J82-N82))<=2000000),((K82-J82-N82))*5%-75000,IF(AND(((K82-J82-N82))>2000000,((K82-J82-N82))<=8500000),((K82-J82-N82))*10%-175000))),0) -> 50925 | Q82: =L82+M82+O82+P82 -> 1067391 | R82: =ROUND(K82-Q82,0) -> 1215861
A83: =+A82+1 -> 71 | B83: សន ឆៃលី | C83: SORN CHHAILY | D83: 150952614 | E83: 31947 | F83: =VLOOKUP(B83,'KLCN t1 dot 1'!$B$13:$Z$83,25,0) -> 31.7 | G83: =ROUND(F83*E83,0) -> 1012720 | H83: =VLOOKUP(B83,'KLCN t1 dot 2'!$B$13:$AB$83,27,0) -> 33.52 | I83: =ROUND(E83*H83,0)-1 -> 1070862 | K83: =I83+J83+G83 -> 2083582 | L83: =VLOOKUP(B83,'[5]TTL dot​2 (31947)'!B$13:R$83,17,0) -> 992466 | M83: =IF(G83<=400000,400000*2%,IF(G83<=1200000,ROUND(G83*2%,0),ROUND(1200000*2%,0))) -> 20254 | N83: =IF(K83<=400000,400000*2%,IF(K83<=1200000,ROUND(K83*2%,0),ROUND(1200000*2%,0))) -> 24000 | O83: =N83-M83 -> 3746 | P83: =ROUND(IF((K83-J83-N83)<=1500000,0,IF(AND(((K83-J83-N83))>1500000,((K83-J83-N83))<=2000000),((K83-J83-N83))*5%-75000,IF(AND(((K83-J83-N83))>2000000,((K83-J83-N83))<=8500000),((K83-J83-N83))*10%-175000))),0) -> 30958 | Q83: =L83+M83+O83+P83 -> 1047424 | R83: =ROUND(K83-Q83,0) -> 1036158
A84: សរុប (Tổng cộng) | F84: =SUM(F13:F83) -> 1432.86 | G84: =SUM(G13:G83) -> 45775579 | H84: =SUM(H13:H83) -> 1518.4 | I84: =SUM(I13:I83) -> 48508325 | J84: =SUM(J13:J83) -> 0 | K84: =SUM(K13:K83) -> 94283904 | L84: =SUM(L13:L83) -> 44843116 | M84: =SUM(M13:M83) -> 932463 | ... R84: =SUM(R13:R83) -> 47017755 | U84: =SUM(U13:U66) -> 800000 | V84: =+#REF!+#REF!+#REF!+V18+#REF!+#REF!+#REF!+#REF!+#REF!+#REF! -> #REF! | W84: =ROUND(#REF!*#REF!,0) -> #REF! | X84: =SUM(#REF!,#REF!,X32:X66,X13:X17) -> #REF!
A86: សែសិបប្រាំពីរលាន សូន្យរយដប់ប្រាំពីរពាន់ ប្រាំពីររយហាសិបប្រាំរៀលគត។ | V86: =R84-U84 -> 46217755 | X86: =A86=[2]Sheet1!$N$9 -> FALSE
A87: ( Bằng chữ: Bốn mươi bảy triệu không trăm mươi bảy nghìn bảy trăm năm mươi lăm riel) | X87: =ROUND(H84*31947,0) -> 48508325
A88: រោងចក្រកែច្នៃ / XƯỞNG CHẾ BIẾN | O88: អ្នករៀបចំ / Lập biểu | X88: =#REF!+#REF! -> #REF! | AC88: =#REF!-AC87 -> #REF!
X89: =R84=X88 -> #REF!
O91: Bùi Ngọc Triệu
