Workbook

Sheet PTL VCKD 1
D1: ព្រះរាជាណាចក្រកម្ពុជា
A2: ក្រុមហ៊ុន កៅស៊ូ មេគង្គ ខូអិលធីឌី | D2: VƯƠNG QUỐC CAMPUCHIA
A3: Caoutchouc Mekong Co., Ltd | D3: ជាតិ សាសនា ព្រះមហាក្សត្រ
A4: អង្គភាព: កសិដ្ឋាន II | D4: Dân tộc - Tôn giáo - Quốc vương
A5: Đơn vị: Đội sản xuất 2
A7: តារាងបែងចែកប្រាក់បៀវត្សកម្មករ​ប្រមូលផល
A8: វត្សទី ២ ខែ ០១ ឆ្នាំ ២០២៦
A9: BẢNG PHÂN TOÁN LƯƠNG CÔNG NHÂN VƯỜN CÂY KINH DOANH
A10: THÁNG 01 NĂM 2026 ĐỢT 2
F12: ឯកតា (ĐVT)៖ KHR
A13: ល.រ | B13: រាយនាមការងារ | C13: តម្លៃ | D13: ជាកម្លាំង | F13: ជាប្រាក់ | G13: ចំណាំ
A14: STT | B14: Hạng mục công việc | C14: Đơn giá | D14: Quy công | E14: Công làm thêm giờ | F14: Thành tiền | G14: Ghi chú | I14: កំណត់
A15: A. | B15: ចំការកៅស៊ូ (VƯỜN CÂY) | D15: =#REF!+#REF!+#REF!+D17+#REF!+D25 -> #REF! | E15: 0 | F15: =ROUND(D15*#REF!,-2)+300 -> #REF!
A16: I. | B16: អាជីវកម្មក្រុមទី​ ១ /KD NHÓM 1 (2795,2,ha) | C16: 31947 | D16: =SUM(D17:D25) -> 18026.7 | F16: =ROUND(D16*C16,0) -> 575898985
A17: 1 | B17: ការពារភ្លើងឆេះ + យាមភ្លើង/Phòng chống cháy + gác lửa | C17: 31947 | F17: =ROUND(C17*D17,0) -> 0 | H17: =347-370.3 -> -23.3
A18: 3 | B18: បែងចែកផ្ទាំងចៀរ BO-2.1/Thiết kế mặt cạo BO- 2.1 | C18: 31947 | F18: =ROUND(C18*D18,0) -> 0
A19: 4 | B19: បំពាក់ឧបករណ៍ កង, ចាន BO-2.1/Trang bị kiềng chén mặt cạo BO-2.1 | C19: 31947 | F19: =ROUND(C19*D19,0) -> 0
A20: 3 | B20: បាញ់ថ្នាំស្មៅ/Xịt chồi dại | C20: 31947 | F20: =ROUND(C20*D20,0) -> 0
A21: 1 | B21: ជម្រះស្មៅចន្លោះរង/Phát cỏ luồng | C21: 31947 | D21: 570.1 | F21: =ROUND(C21*D21,0) -> 18212985
A22: 2 | B22: ការពារភ្លើងឆេះ + យាមភ្លើង/Phòng chống cháy + gác lửa | C22: 31947 | D22: 1302.1 | F22: =ROUND(C22*D22,0) -> 41598189
A23: 3 | B23: ជំរឿនដើមកៅស៊ូនៅដើមរដូវចៀរ/Kiểm kê cây cao su đầu vụ cạo | C23: 31947 | D23: 3354.2 | F23: =ROUND(C23*D23,0) -> 107156627
A24: 4 | B24: ជៀ សានិងប្រគូលជ័រ/ Cạo trút và giao nộp mủ | C24: 31947 | D24: 12182.6 | F24: =ROUND(C24*D24,0) -> 389197522
A25: 5 | B25: សន្តិសុខការពារចំការ/Bảo vệ vườn cây | C25: 31947 | D25: 617.7 | F25: =ROUND(C25*D25,0) -> 19733662 | H25: =434.5/16 -> 27.15625
A26: 1 | B26: បង្ការព្យាបាលជម្ងឺ/Phòng trị bệnh | C26: 30456 | F26: =ROUND(C26*D26,0) -> 0
A27: 1 | B27: លាបថ្នាំរំញោច/Bôi thuốc kích thích | C27: 30456 | F27: =ROUND(C27*D27,0) -> 0
A28: 3 | B28: បើកមុខចៀរជ័រដំបូង ដោតស្លាបព្រា​និងទគម្របចាន/Cạo xã miệng,đóng máng, gắn máy che chén | C28: 30456 | F28: =ROUND(C28*D28,0) -> 0
A29: 2 | B29: ជៀ សានិងប្រគូលជ័រ/ Cạo trút và giao nộp mủ | C29: 30456 | F29: =ROUND(C29*D29,0) -> 0
A30: 3 | B30: សន្តិសុខការពារចំការ/Bảo vệ vườn cây | C30: 30456 | F30: =ROUND(C30*D30,0) -> 0 | H30: =57.8/2 -> 28.9
A31: សរុប (Tổng công) | D31: =D16 -> 18026.7 | F31: =F16 -> 575898985
A32: ប្រាក់អតិតភាព/ Tiền thâm niên
A33: Tiền lương BS tháng 13
A34: សរុប (Tổng cộng) | E34: =ROUND(#REF!*C34,0) -> #REF! | F34: =F31+F32 -> 575898985 | H34: =ROUND(#REF!*F34,0) -> #REF! | I34: =ROUND(#REF!*G34,0) -> #REF! | J34: =ROUND(#REF!*H34,0) -> #REF! | K34: =ROUND(#REF!*I34,0) -> #REF! | L34: =ROUND(#REF!*J34,0) -> #REF! | M34: =ROUND(#REF!*K34,0) -> #REF! | N34: =ROUND(#REF!*L34,0) -> #REF! | O34: =ROUND(#REF!*M34,0) -> #REF! | ... BN34: =ROUND(#REF!*BL34,0) -> #REF! | BO34: =ROUND(BL34*BM34,0) -> #REF! | BP34: =ROUND(BM34*BN34,0) -> #REF! | BQ34: =ROUND(BN34*BO34,0) -> #REF! | BR34: =ROUND(BO34*BP34,0) -> #REF! | BS34: =ROUND(BP34*BQ34,0) -> #REF! | BT34: =ROUND(BQ34*BR34,0) -> #REF! | BU34: =ROUND(BR34*BS34,0) -> #REF! | BV34: =ROUND(BS34*BT34,0) -> #REF! | ... XFD34: =ROUND(XFA34*XFB34,0) -> #REF!
A36: (ជាអក្សរ៖ប្រាំរយចែតសិបប្រាំលាន ប្រាំបីរយកៅសិបប្រាំបីពាន់ ប្រាំបួនរយប៉ែតសិបប្រាំរៀលគត់។ | H36: (ជាអក្សរ៖ដប់បួនលានប្រាំរយម៉ាពីប្រាំបីពាន់ចែតសិបប្រាំបួនរៀលគត់។)
A37: Bằng chữ: Năm trăm bảy mươi lăm triệu tám trăm chín mươi tám ngàn chín trăm tám mươi lăm riel chẵn
A39: ​
B40: អង្គភាពអនុវត្ត -ĐƠN VỊ THỰC HIỆN | D40: អ្នករៀបចំ -NGƯỜI LẬP BIỂU
B43: Nguyễn Vũ Minh | D43: Kim Thảo
B45: ផែ្នក រដ្ឋបាល-PHÒNG TCHC | D45: ផ្នែក គណនេយ្យ -PHÒNG TCKT
A50: អនុម័តនាយកក្រុមហ៊ុន
A51: DUYỆT
A52: GIÁM ĐỐC

Sheet CDCN- VCKD
A1: ក្រុមហ៊ុន កៅស៊ូ មេគង្គ ខូអិលធីឌី | F1: ព្រះរាជាណាចក្រកម្ពុជា
A2: Caoutchouc Mekong Co., Ltd | F2: VƯƠNG QUỐC CAMPUCHIA
A3: អង្គភាព: ក្រុមផលិត II | F3: ជាតិ សាសនា ព្រះមហាក្សត្រ
A4: Đơn vị: Đội sản xuất 2 | F4: Dân tộc - Tôn giáo - Quốc vương
A6: តារាងតុល្យភាពបំណុលបៀវត្ស​ កម្មកប្រមូលផល
A7: វត្សទី ២ ខែ ០១ ឆ្នាំ ២០២៦
A8: BẢNG CÂN ĐỐI CÔNG NỢ LƯƠNG​ CÔNG NHÂN VƯỜN CÂY KINH DOANH
A9: ĐỢT 2 THÁNG 01 NĂM 2026
B11: I/ សរុបបៀវត្សខែ 01/2026 (Tổng lương tháng 01/2026)៖ | G11: =SUM(G12:G16) -> 885874337 | H11: KHR | I11: 1016.1
B12: 1/ ប្រាក់បៀវត្សទី ១ (Tiền lương đợt 1) ៖ | G12: ='TTTL VCKD'!R604 -> 309975352 | H12: KHR | I12: 1810.666
B13: 2/ ប្រាក់បៀវត្សទី ២ (Tiền lương đợt 2) ៖ | G13: ='TTTL VCKD'!H604 -> 575898985 | H13: KHR | I13: 1716.246
B14: 3/ Tiền lương tháng 13 | G14: ='TTTL VCKD'!T604 -> 0 | H14: KHR
B15: 4/ Tiền thưởng đầu vụ cạo | G15: ='TTTL VCKD'!U604 -> 0 | H15: KHR
B16: 3/ប្រាក់អតិតភាពពី ខែ ៧ -១២ ឆ្នាំ ២០២៥ (Lương thâm niên 6 tháng cuối năm 2025) ៖ | G16: ='TTTL VCKD'!S604 -> 0 | H16: KHR
B17: II/ ប្រាក់បានទទួល (Các khoản đã nhận) ៖ | G17: =G18+G19 -> 309975352 | H17: KHR | I17: 2120.926
B18: 1/ទូទាត់ប្រាក់បៀវត្សលើកទី ១ (Thanh toán lương đợt 1) ៖ | G18: 0 | H18: KHR | I18: 2697.762
B19: 2/បុរេប្រប្រាក់បៀវត្សថ្ងៃចេញកម្លាំងចៀរ ( Ứng tiền lễ ra quân) ៖ | G19: ='TTTL VCKD'!X604 -> 309975352 | H19: KHR
B20: III/ប្រាក់ត្រូវប្រមូល (Các khoản phải thu) ៖ | G20: =G21+G22+G23 -> 14956159 | H20: KHR
B21: 1/ពន្ធលើប្រាក់បៀវត្ស (Thuế TNCN)៖ | G21: ='TTTL VCKD'!Y604 -> 825743 | H21: KHR
B22: 2/បុរេប្រទានខ្លួន(Tạm ứng cá nhân) ៖ | G22: 0 | H22: KHR
B23: 3/ ភាគទានប្រាក់សោធន (BHXH): | G23: ='TTTL VCKD'!Z604 -> 14130416 | H23: KHR
B24: IV/ប្រាក់ត្រូវទទួល (Thực nhận)៖ | G24: =SUM(G25:G25) -> 560942826 | H24: KHR
B25: 1/ប្រាក់បៀវត្សត្រូវទទួល (Tiền lương thực nhận) ៖ | G25: =G11-G17-G20 -> 560942826 | H25: KHR
A28: (ជាអក្សរ៖ប្រាំរយហុកសិបលាន ប្រាំបួនរយសែសិបពីរពាន់ ប្រាំបីរយម្ភៃប្រាំមួយរៀលគត់។ | I28: =SUM(I11:I27) -> 9361.7
A29: Bằng chữ: Năm trăm sáu mươi triệu chín trăm bốn mươi hai ngàn tám trăm hai mươi sáu riel chẵn
D31: Prasat Balang, ថ្ងៃ /ngày ខែ​/tháng ឆ្នាំ/năm 2026
A32: ផ្នែក គណនេយ្យ | D32: ក្រុមផលិត ២ | G32: អ្នករៀបចំ
A33: PHÒNG TCKT | D33: ĐỘI SẢN XUẤT II | G33: NGƯỜI LẬP BIỂU
D37: Nguyễn Vũ Minh | G37: Kim Thảo
D39: អនុម័តនាយកក្រុមហ៊ុន
D40: DUYỆT
D41: GIÁM ĐỐC

Sheet Kiểm tra
A1: KIỂM TRA
A2: Làm cỏ đường băng (7 công/ha) | C2: Làm cỏ đường băng (5 công/ha) | E2: Làm cỏ đường băng (3,5 công/ha) | G2: Làm cỏ đậu Kudzu (4 công/ha) | I2: Làm cỏ bồn (4 công/ha) | K2: Làm cỏ bồn (3,5 công/ha) | M2: Làm cỏ ranh chống cháy (300 m2/công) | O2: Phát cỏ luồng (3 công/ha) | Q2: Phòng chống cháy (1,08 công/ha) | S2: Phát dọn chống cháy (0,54 công/ha) | U2: Phát cỏ luồng (1 công/ha) | W2: Chặt nọc cắm cây cao su trồng dặm | Y2: Phun thuốc cỏ đường băng (1,56 công/ha) | AA2: Xịt phân Komix nước bón lá (0,2 công/ha) | AC2: Cắt chồi ngang (0,2 công/ha) | AE2: Đào mương | AG2: Phun thuốc BVTV diệt câu cấu | AI2: Xịt thuốc BVTV diệt rệp (0,4 công/ha)
A3: Khối lượng | B3: Công | C3: Khối lượng | D3: Công | E3: Khối lượng | F3: Công | G3: Khối lượng | H3: Công | I3: Khối lượng | J3: Công | K3: Khối lượng | L3: Công | M3: Khối lượng | N3: Công | O3: Khối lượng | P3: Công | Q3: Khối lượng | R3: Công | S3: Khối lượng | T3: Công | U3: Khối lượng | V3: Công | W3: Khối lượng | X3: Công | Y3: Khối lượng | Z3: Công | AA3: Khối lượng | AB3: Công | AC3: Khối lượng | AD3: Công | AE3: Khối lượng | AF3: Công | AG3: Khối lượng | AH3: Công | AI3: Khối lượng | AJ3: Công
Q4: ='KL Tổ BVTX '!BI$15 -> 0 | R4: ='KL Tổ BVTX '!BJ$15 -> 0 | U4: ='KL Tổ BVTX '!#REF!+'KL tổ 5'!R$45+'KL tổ 10'!#REF!+#REF!+'KL VCKD'!#REF! -> #REF! | V4: ='KL Tổ BVTX '!#REF!+'KL tổ 5'!S$45+'KL tổ 10'!V$22+#REF!+'KL VCKD'!#REF! -> #REF! | W4: ='KL tổ 10'!O$22+#REF! -> #REF! | X4: ='KL tổ 10'!P$22+#REF! -> #REF! | AE4: ='KL tổ 10'!AK$22+#REF! -> #REF! | AF4: ='KL tổ 10'!AL$22+#REF! -> #REF! | AG4: =#REF! -> #REF! | AH4: =#REF! -> #REF! | AI4: =#REF!+'KL tổ 10'!S$22 -> #REF! | AJ4: =#REF!+'KL tổ 10'!T$22 -> #REF!
AI6: 878.2
U7: 132.2
A9: Công tưới nước cao su | C9: Khoanh bồn tủ cỏ (130 bồn/công) | E9: Công quản lý (Tổ trưởng) | G9: Bón phân thúc vườn ương | I9: Làm mái che cao su | K9: Gác trâu | M9: Thiết kế súng tưới | O9: Sang bầu | Q9: Làm hàng rào | S9: Tưới nước | U9: Tưới phân vườn âm bầu | W9: Làm cỏ vườn ươm | Y9: Tưới nước vườn âm bầu | AA9: Phòng chống cháy - chống thú | AC9: Vệ sinh vườn âm bầu | AE9: Cắt ngọn cao su | AG9: Bốc bầu xuống xe (600 bầu/công) | AI9: Phun thuốc Vixazol vườn ương
A10: Khối lượng | B10: Công | C10: Khối lượng | D10: Công | E10: Khối lượng | F10: Công | G10: Khối lượng | H10: Công | I10: Khối lượng | J10: Công | K10: Khối lượng | L10: Công | M10: Khối lượng | N10: Công | O10: Khối lượng | P10: Công | Q10: Khối lượng | R10: Công | S10: Khối lượng | T10: Công | U10: Khối lượng | V10: Công | W10: Khối lượng | X10: Công | Y10: Khối lượng | Z10: Công | AA10: Khối lượng | AB10: Công | AC10: Khối lượng | AD10: Công | AE10: Khối lượng | AF10: Công | AG10: Khối lượng | AH10: Công | AI10: Khối lượng | AJ10: Công
A11: ='KL Tổ BVTX '!BE$15+'KL tổ 5'!BO$45+'KL tổ 4'!BJ$20+'KL VCKD'!#REF!+'KL tổ 10'!BA$22+#REF! -> #REF! | B11: ='KL Tổ BVTX '!#REF!+'KL tổ 5'!BR$45+'KL tổ 4'!BK$20+'KL VCKD'!#REF!+'KL tổ 10'!BB$22+#REF! -> #REF! | C11: ='KL tổ 10'!Q$22 -> 0 | D11: ='KL tổ 10'!R$22 -> 0 | E11: =#REF!+'KL tổ 5'!BU$45+'KL tổ 4'!BL$20+'KL VCKD'!#REF!+'KL tổ 10'!BE$22+#REF! -> #REF! | F11: =#REF!+'KL tổ 5'!BV$45+'KL tổ 4'!BM$20+'KL VCKD'!#REF!+'KL tổ 10'!BF$22+#REF! -> #REF! | G11: ='KL Tổ BVTX '!Q$15 -> 0 | H11: ='KL Tổ BVTX '!#REF! -> #REF! | I11: ='KL Tổ BVTX '!G$15 -> 0 | J11: ='KL Tổ BVTX '!#REF! -> #REF! | M11: ='KL Tổ BVTX '!AE$15 -> 0 | N11: ='KL Tổ BVTX '!#REF! -> #REF! | O11: ='KL Tổ BVTX '!AG$15 -> 0 | P11: ='KL Tổ BVTX '!#REF! -> #REF! | R11: ='KL Tổ BVTX '!AN$15 -> 0 | S11: ='KL Tổ BVTX '!AI$15 -> 0 | T11: ='KL Tổ BVTX '!#REF! -> #REF! | U11: ='KL Tổ BVTX '!O$15 -> 0 | V11: ='KL Tổ BVTX '!#REF! -> #REF! | X11: ='KL Tổ BVTX '!#REF! -> #REF! | Z11: ='KL Tổ BVTX '!#REF! -> #REF! | AC11: ='KL Tổ BVTX '!U$15 -> 0 | AD11: ='KL Tổ BVTX '!#REF! -> #REF! | AE11: =#REF! -> #REF! | AF11: =#REF! -> #REF! | AG11: ='KL Tổ BVTX '!BA$15+#REF!+'KL VCKD'!#REF! -> #REF! | AH11: ='KL Tổ BVTX '!#REF!+#REF!+'KL VCKD'!#REF! -> #REF! | AI11: ='KL Tổ BVTX '!K$15 -> 0 | AJ11: ='KL Tổ BVTX '!#REF! -> #REF!
A13: =34+104 -> 138
A16: Công tưới nước vườn ương + quản lý | C16: Vận chuyển nước xịt thuốc | E16: Công tài xế Kuzun | G16: Công tài xế máy cày | I16: Công giáo viên nhà trẻ | K16: Vận chuyển nước tưới cao su | M16: Công đưa rước công nhân | O16: Công vận chuyển cây làm hàng rào | Q16: Bắt câu cấu | S16: Phun thuốc trừ cỏ (6 công/ha) | U16: Bứng bầu cắt ngọn | W16: Xếp bầu | Y16: Đổi bầu | AA16: Bứng bầu tầng lá | AC16: Chặt cây cao không tháp được (1000 cây/công)
A17: Khối lượng | B17: Công | C17: Khối lượng | D17: Công | E17: Khối lượng | F17: Công | G17: Khối lượng | H17: Công | I17: Khối lượng | J17: Công | K17: Khối lượng | L17: Công | M17: Khối lượng | N17: Công | O17: Khối lượng | P17: Công | Q17: Khối lượng | R17: Công | S17: Khối lượng | T17: Công | U17: Khối lượng | V17: Công | W17: Khối lượng | X17: Công | Y17: Khối lượng | Z17: Công | AA17: Khối lượng | AB17: Công | AC17: Khối lượng | AD17: Công
B18: ='KL Tổ BVTX '!BH15 -> 0 | C18: ='KL tổ 9'!U$278 -> 0 | D18: ='KL tổ 9'!V$278 -> 0 | E18: ='KL Tổ BVTX '!#REF! -> #REF! | F18: ='KL Tổ BVTX '!#REF! -> #REF! | G18: ='KL Tổ BVTX '!#REF! -> #REF! | H18: ='KL Tổ BVTX '!#REF! -> #REF! | I18: =SUM('KL Tổ BVTX '!#REF!) -> #REF! | J18: =SUM('KL Tổ BVTX '!#REF!) -> #REF! | K18: ='KL tổ 9'!W$278 -> 0 | L18: ='KL tổ 9'!X$278 -> 0 | M18: ='KL tổ 9'!#REF! -> #REF! | N18: ='KL tổ 9'!#REF! -> #REF! | O18: ='KL tổ 9'!AA$278 -> 0 | P18: ='KL tổ 9'!AB$278 -> 0 | Q18: ='KL tổ 5'!V$45 -> 0 | R18: ='KL tổ 5'!W$45 -> 0 | S18: ='KL Tổ BVTX '!I$15 -> 0 | T18: ='KL Tổ BVTX '!#REF! -> #REF! | U18: ='KL Tổ BVTX '!AK$15+#REF!+'KL tổ 10'!AT$22+'KL VCKD'!#REF! -> #REF! | V18: ='KL Tổ BVTX '!#REF!+#REF!+'KL tổ 10'!AV$22+'KL VCKD'!#REF! -> #REF! | W18: ='KL Tổ BVTX '!AS$15+'KL tổ 4'!AK$20+#REF! -> #REF! | X18: ='KL Tổ BVTX '!#REF!+'KL tổ 4'!AN$20+#REF! -> #REF! | Y18: ='KL Tổ BVTX '!#REF!+'KL tổ 4'!#REF!+'KL VCKD'!#REF!+'KL tổ 10'!#REF!+#REF! -> #REF! | Z18: ='KL Tổ BVTX '!AR$15+'KL tổ 4'!Z$20+'KL VCKD'!#REF!+'KL tổ 10'!AN$22+#REF! -> #REF! | AA18: ='KL Tổ BVTX '!AO$15 -> 0 | AB18: ='KL Tổ BVTX '!#REF! -> #REF! | AC18: ='KL Tổ BVTX '!W$15 -> 0 | AD18: ='KL Tổ BVTX '!#REF! -> #REF!
A20: TỔNG CÔNG
D22: Từng tổ | F22: ='KL Tổ BVTX '!BR$15+#REF!+'KL tổ 5'!BW$45+'KL tổ 4'!BN$20+'KL VCKD'!BE$182+'KL tổ 10'!BG$22+#REF!+'KL tổ 9'!AC278 -> #REF!
H23: =F22-F24 -> #REF! | L23: 21706 | M23: =L23-V18 -> #REF! | S23: =#REF!+'KL tổ 5'!BW45+'KL tổ 3'!BR56+'KL tổ 4'!BN20+'KL VCKD'!BE182+'KL tổ 10'!BG22+#REF!+'KL tổ 9'!AC278+776+50 -> #REF! | U23: cc
F24: =B4+F4+J4+L4+P4+R4+T4+V4+X4+Z4+AB4+AD4+AF4+AJ4+B11+F11+J11+L11+P11+R11+T11+V11+X11+Z11+AB11+AF11+AJ11+B18+D18+F18+H18+J18+L18+N18+P18+R18+AD11+AH11+N4+AH4+N11+D11+T18+D4+H4+V18+X18+Z18+H11+AB18+AD18 -> #REF! | M24: =M23-F24 -> #REF! | R24: 2012 | T24: 2013 | U24: =#REF!+'KL tổ 5'!M45+'KL tổ 5'!O45+'KL tổ 3'!P56+'KL tổ 3'!T56+'KL tổ 4'!I20+'KL VCKD'!Z182+'KL VCKD'!#REF!+'KL tổ 10'!L22+#REF! -> #REF! | W24: =708-355 -> 353
I25: =F22-I22 -> #REF! | Q25: tt | R25: =#REF!+'KL tổ 5'!E45+'KL tổ 3'!F56+'KL tổ 4'!D20+'KL VCKD'!#REF!+'KL tổ 10'!D22+#REF! -> #REF! | S25: tt | T25: ='KL tổ 5'!G45+'KL tổ 3'!I56+'KL VCKD'!#REF!+'KL tổ 10'!F22+#REF! -> #REF!
H26: =F22-I22 -> #REF! | L26: =L23-F22-V18 -> #REF! | R26: lc5c | T26: lc | X26: =621-410 -> 211
P27: =924+410 -> 1334 | Q27: =R25-R27 -> #REF! | R27: =ROUND(923.6*5,0) -> 4618 | T27: 959 | U27: =T27-691 -> 268

Sheet KL tổ 4
A1: CÔNG TY TNHH CAO SU MEKONG | M1: VƯƠNG QUỐC CAMPUCHIA
A2: ĐƠN VỊ: NÔNG TRƯỜNG II | M2: Dân tộc - Tôn giáo - Quốc vương
A4: BẢNG KHỐI LƯỢNG CÔNG NHÂN CAMPUCHIA TỔ 4
A5: THÁNG 12 NĂM 2016
A7: STT | B7: Họ và tên | D7: Làm cỏ đường băng (5,12 công/ha) | H7: Kiểm kê (1 công/ha) | J7: Bảo vệ thường xuyên (0,684 công/ha) | L7: Bảo vệ thường xuyên (0,93 công/ha) | N7: Lấp hố (1,97 công/ha) | P7: Trồng dặm (16,59 công/ha) | R7: Phúp bồn, tủ ẩm (17 công/ha) | T7: Lấp hố (0,1 công/ha) | V7: Làm điểm tập kết (0,5 công/ha) | X7: Trồng dặm (0,8 công/ha) | Z7: Quét vôi chống nắng (0,5 công/ha) | AB7: Phun thuốc BVTV diệt rệp (0,4 công/ha) | AD7: Cắt chồi ngang (0,35 công/ha) | AF7: Đào hố trồng dặm (25 hố/công) | AH7: Bón phân lót trồng mới (6,5 công/ha) | AJ7: Bón phân lấp hố cây trồng dặm (80 hố/công) | AL7: Bón phân lấp hố cây trồng dặm (61,67 hố/công) | AO7: Bón phân thúc (4,5 công/ha) | AQ7: Trồng dặm (30 cây/công) | AU7: Trồng dặm (25 cây/công) | AX7: Trồng dặm (27 cây/công) | BC7: Phúp bồn, tủ gốc (23 công/ha) | BE7: Cắt ngọn (800 bầu/công) | BG7: Bứng bầu (100 bầu/công) | BI7: Cắt chồi ngang (0,2 công/ha) | BK7: Xếp bầu (300 bầu/công) | BM7: Đổi bầu (150 bầu/công) | BO7: Làm cỏ vườn ương (35 công/ha) | BR7: Bốc phân xuống (0,4 công/ha) | BT7: Bốc phân lên + xuống (0,75 công/tấn) | BV7: Công tưới nước (1,33 công/ngày) | BX7: Công quản lý (100% x lương) | BZ7: Tổng công | CA7: Kí nhận
C8: Khối lượng | D8: Khối lượng | E8: Công | F8: Khối lượng | G8: Khối lượng | H8: Khối lượng | I8: Công | J8: Khối lượng | K8: Công | L8: Khối lượng | M8: Công | N8: Khối lượng | O8: Công | P8: Khối lượng | Q8: Công | R8: Khối lượng | S8: Công | T8: Khối lượng | U8: Công | V8: Khối lượng | W8: Công | X8: Khối lượng | Y8: Công | Z8: Khối lượng | AA8: Công | AB8: Khối lượng | AC8: Công | AD8: Khối lượng | AE8: Công | AF8: Khối lượng | AG8: Công | AH8: Khối lượng | AI8: Công | AJ8: Khối lượng | AK8: Công | AL8: Khối lượng | AM8: Công | AN8: Khối lượng | AO8: Khối lượng | AP8: Công | AQ8: Khối lượng | AR8: Công | AS8: Khối lượng | AT8: Khối lượng | AU8: Khối lượng | AV8: Công | AW8: Khối lượng | AX8: Khối lượng | AY8: Công | AZ8: Khối lượng | BA8: Khối lượng | BB8: Khối lượng | BC8: Khối lượng | BD8: Công | BE8: Khối lượng | BF8: Công | BG8: Khối lượng | BH8: Công | BI8: Khối lượng | BJ8: Công | BK8: Khối lượng | BL8: Công | BM8: Khối lượng | BN8: Công | BO8: Khối lượng | BP8: Khối lượng | BQ8: Công | BR8: Khối lượng | BS8: Công | BT8: Khối lượng | BU8: Công | BV8: Khối lượng | BW8: Công | BX8: Khối lượng | BY8: Công
A9: 1 | B9: Rat Non | C9: 0 | D9: 0 | E9: =ROUND(C9*5,2) -> 0 | F9: 0 | G9: 0 | H9: 0 | I9: =H9 -> 0 | J9: 0 | K9: =J9*0.684 -> 0 | L9: 0 | M9: =L9*0.93 -> 0 | N9: 0 | O9: =N9*1.97 -> 0 | P9: 0 | Q9: =P9*16.59 -> 0 | R9: 0 | S9: =R9*17 -> 0 | T9: 0 | U9: 0 | V9: 0 | W9: 0 | X9: 0 | Y9: =X9*0.8 -> 0 | Z9: 0 | AA9: 0 | AB9: 0 | AC9: 0 | AD9: 0 | AE9: =AD9*0.35 -> 0 | AF9: 0 | AG9: 0 | AH9: 0 | AI9: 0 | AJ9: 0 | AK9: 0 | AL9: 0 | AM9: =ROUND(AL9/70,2) -> 0 | AN9: 0 | AO9: 0 | AP9: =ROUND(AN9/70,2) -> 0 | AQ9: 0 | AR9: =ROUND(AQ9/35,2) -> 0 | AS9: 0 | AT9: 0 | AU9: 0 | AV9: =ROUND(AS9/35,2) -> 0 | AW9: 0 | AX9: 0 | AY9: 0 | AZ9: 0 | BA9: 0 | BB9: 0 | BC9: 0 | BD9: 0 | BE9: 0 | BF9: 0 | BG9: 0 | BH9: =ROUND(BG9/600,2) -> 0 | BI9: 0 | BJ9: 0 | BK9: 0 | BL9: 0 | BM9: 0 | BN9: =ROUND(BM9/350,2) -> 0 | BO9: 0 | BP9: 0 | BQ9: =ROUND(BO9/350,2) -> 0 | BR9: 0 | BS9: =ROUND(BR9*0.4,2) -> 0 | BT9: 0 | BU9: 0 | BV9: 0 | BW9: 0 | BX9: 0 | BY9: 0 | BZ9: =K9+M9+AC9+AE9+I9+Q9+U9+W9+Y9+S9+O9 -> 0 | CG9: 0
A10: 2 | B10: Dâm Vanh | C10: 0 | D10: =E10/5.12 -> 0 | E10: 0 | F10: 0 | G10: 0 | H10: 0 | I10: =H10 -> 0 | J10: 0 | K10: =J10*0.684 -> 0 | L10: 0 | M10: =L10*0.93 -> 0 | N10: 0 | O10: =N10*1.97 -> 0 | P10: 0 | Q10: =P10*16.59 -> 0 | R10: 0 | S10: =R10*17 -> 0 | T10: 0 | U10: =T10*0.1 -> 0 | V10: 0 | W10: =V10*0.5 -> 0 | X10: 0 | Y10: =X10*0.8 -> 0 | Z10: 0 | AA10: =Z10*0.5 -> 0 | AB10: 0 | AC10: =AB10*0.4 -> 0 | AD10: 0 | AE10: =AD10*0.35 -> 0 | AF10: 0 | AG10: =AF10/25 -> 0 | AH10: 0 | AI10: =AH10*6.5 -> 0 | AJ10: 0 | AK10: =AJ10/80 -> 0 | AL10: 0 | AM10: =AL10/61.67 -> 0 | AN10: 0 | AO10: 0 | AP10: =AO10*4.5 -> 0 | AQ10: 0 | AR10: =AQ10/30 -> 0 | AS10: 0 | AT10: 0 | AU10: 0 | AV10: =AU10/25 -> 0 | AW10: 0 | AX10: =AW10*27/30 -> 0 | AY10: =AX10/27 -> 0 | AZ10: 0 | BA10: 0 | BB10: 0 | BC10: =AZ10*600/663.06/555 -> 0 | BD10: =BC10*23 -> 0 | BE10: 0 | BF10: =BE10/800 -> 0 | BG10: 0 | BH10: =BG10/100 -> 0 | BI10: 0 | BJ10: =BI10*0.2 -> 0 | BK10: 0 | BL10: =BK10/300 -> 0 | BM10: 0 | BN10: =BM10/150 -> 0 | BO10: 0 | BP10: =BO10*33/35 -> 0 | BQ10: =BP10*35 -> 0 | BR10: 0 | BS10: =ROUND(BR10*0.4,2) -> 0 | BT10: 0 | BU10: =BT10*0.75 -> 0 | BV10: 0 | BW10: =BV10*1.3333333333 -> 0 | BX10: 0 | BY10: =ROUND(BX10*1.43,2) -> 0 | BZ10: =K10+M10+AC10+AE10+I10+Q10+U10+W10+Y10+S10+O10 -> 0 | CG10: 0
A11: 3 | B11: Sa Mêt | H11: 0 | I11: =H11 -> 0 | J11: 0 | K11: =J11*0.684 -> 0 | L11: 0 | M11: =L11*0.93 -> 0 | N11: 0 | O11: =N11*1.97 -> 0 | P11: 0 | Q11: =P11*16.59 -> 0 | R11: 0 | S11: =R11*17 -> 0 | T11: 0 | U11: =T11*0.1 -> 0 | V11: 0 | W11: =V11*0.5 -> 0 | X11: 0 | Y11: =X11*0.8 -> 0 | Z11: 0 | AA11: =Z11*0.5 -> 0 | AB11: 0 | AC11: =AB11*0.4 -> 0 | AD11: 0 | AE11: =AD11*0.35 -> 0 | AF11: 0 | AG11: =AF11/25 -> 0 | AH11: 0 | AI11: =AH11*6.5 -> 0 | AJ11: 0 | AK11: =AJ11/80 -> 0 | AL11: 0 | AM11: =AL11/61.67 -> 0 | AN11: 0 | AO11: 0 | AP11: =AO11*4.5 -> 0 | AQ11: 0 | AR11: =AQ11/30 -> 0 | AS11: 0 | AT11: 0 | AU11: 0 | AV11: =AU11/25 -> 0 | AW11: 0 | AX11: =AW11*27/30 -> 0 | AY11: =AX11/27 -> 0 | AZ11: 0 | BA11: 0 | BB11: 0 | BC11: =AZ11*600/663.06/555 -> 0 | BD11: =BC11*23 -> 0 | BE11: 0 | BF11: =BE11/800 -> 0 | BG11: 0 | BH11: =BG11/100 -> 0 | BI11: 0 | BJ11: =BI11*0.2 -> 0 | BK11: 0 | BL11: =BK11/300 -> 0 | BM11: 0 | BN11: =BM11/150 -> 0 | BO11: 0 | BP11: =BO11*33/35 -> 0 | BQ11: =BP11*35 -> 0 | BR11: 0 | BS11: =ROUND(BR11*0.4,2) -> 0 | BT11: 0 | BU11: =BT11*0.75 -> 0 | BV11: 0 | BW11: =BV11*1.3333333333 -> 0 | BX11: 0 | BY11: =ROUND(BX11*1.43,2) -> 0 | BZ11: =K11+M11+AC11+AE11+I11+Q11+U11+W11+Y11+S11+O11 -> 0
A12: 4 | B12: Nu Rươn | H12: 0 | I12: =H12 -> 0 | J12: 0 | K12: =J12*0.684 -> 0 | L12: 0 | M12: =L12*0.93 -> 0 | N12: 0 | O12: =N12*1.97 -> 0 | P12: 0 | Q12: =P12*16.59 -> 0 | R12: 0 | S12: =R12*17 -> 0 | T12: 0 | U12: =T12*0.1 -> 0 | V12: 0 | W12: =V12*0.5 -> 0 | X12: 0 | Y12: =X12*0.8 -> 0 | Z12: 0 | AA12: =Z12*0.5 -> 0 | AB12: 0 | AC12: =AB12*0.4 -> 0 | AD12: 0 | AE12: =AD12*0.35 -> 0 | AF12: 0 | AG12: =AF12/25 -> 0 | AH12: 0 | AI12: =AH12*6.5 -> 0 | AJ12: 0 | AK12: =AJ12/80 -> 0 | AL12: 0 | AM12: =AL12/61.67 -> 0 | AN12: 0 | AO12: 0 | AP12: =AO12*4.5 -> 0 | AQ12: 0 | AR12: =AQ12/30 -> 0 | AS12: 0 | AT12: 0 | AU12: 0 | AV12: =AU12/25 -> 0 | AW12: 0 | AX12: =AW12*27/30 -> 0 | AY12: =AX12/27 -> 0 | AZ12: 0 | BA12: 0 | BB12: 0 | BC12: =AZ12*600/663.06/555 -> 0 | BD12: =BC12*23 -> 0 | BE12: 0 | BF12: =BE12/800 -> 0 | BG12: 0 | BH12: =BG12/100 -> 0 | BI12: 0 | BJ12: =BI12*0.2 -> 0 | BK12: 0 | BL12: =BK12/300 -> 0 | BM12: 0 | BN12: =BM12/150 -> 0 | BO12: 0 | BP12: =BO12*33/35 -> 0 | BQ12: =BP12*35 -> 0 | BR12: 0 | BS12: =ROUND(BR12*0.4,2) -> 0 | BT12: 0 | BU12: =BT12*0.75 -> 0 | BV12: 0 | BW12: =BV12*1.3333333333 -> 0 | BX12: 0 | BY12: =ROUND(BX12*1.43,2) -> 0 | BZ12: =K12+M12+AC12+AE12+I12+Q12+U12+W12+Y12+S12+O12 -> 0
A13: 5 | B13: Son Hay | C13: 0 | D13: =E13/5.12 -> 0 | E13: 0 | F13: 0 | G13: 0 | H13: 0 | I13: =H13 -> 0 | J13: 0 | K13: =J13*0.684 -> 0 | L13: 0 | M13: =L13*0.93 -> 0 | N13: 0 | O13: =N13*1.97 -> 0 | P13: 0 | Q13: =P13*16.59 -> 0 | R13: 0 | S13: =R13*17 -> 0 | T13: 0 | U13: =T13*0.1 -> 0 | V13: 0 | W13: =V13*0.5 -> 0 | X13: 0 | Y13: =X13*0.8 -> 0 | Z13: 0 | AA13: =Z13*0.5 -> 0 | AB13: 0 | AC13: =AB13*0.4 -> 0 | AD13: 0 | AE13: =AD13*0.35 -> 0 | AF13: 0 | AG13: =AF13/25 -> 0 | AH13: 0 | AI13: =AH13*6.5 -> 0 | AJ13: 0 | AK13: =AJ13/80 -> 0 | AL13: 0 | AM13: =AL13/61.67 -> 0 | AN13: 0 | AO13: 0 | AP13: =AO13*4.5 -> 0 | AQ13: 0 | AR13: =AQ13/30 -> 0 | AS13: 0 | AT13: 0 | AU13: 0 | AV13: =AU13/25 -> 0 | AW13: 0 | AX13: =AW13*27/30 -> 0 | AY13: =AX13/27 -> 0 | AZ13: 0 | BA13: 0 | BB13: 0 | BC13: =AZ13*600/663.06/555 -> 0 | BD13: =BC13*23 -> 0 | BE13: 0 | BF13: =BE13/800 -> 0 | BG13: 0 | BH13: =BG13/100 -> 0 | BI13: 0 | BJ13: =BI13*0.2 -> 0 | BK13: 0 | BL13: =BK13/300 -> 0 | BM13: 0 | BN13: =BM13/150 -> 0 | BO13: 0 | BP13: =BO13*33/35 -> 0 | BQ13: =BP13*35 -> 0 | BR13: 0 | BS13: =ROUND(BR13*0.4,2) -> 0 | BT13: 0 | BU13: =BT13*0.75 -> 0 | BV13: 0 | BW13: =BV13*1.3333333333 -> 0 | BX13: 0 | BY13: =ROUND(BX13*1.43,2) -> 0 | BZ13: =K13+M13+AC13+AE13+I13+Q13+U13+W13+Y13+S13+O13 -> 0 | CG13: 0
A14: 6 | B14: Chon Via | C14: 0 | D14: =E14/5.12 -> 0 | E14: 0 | F14: 0 | G14: 0 | H14: 0 | I14: =H14 -> 0 | J14: 0 | K14: =J14*0.684 -> 0 | L14: 0 | M14: =L14*0.93 -> 0 | N14: 0 | O14: =N14*1.97 -> 0 | P14: 0 | Q14: =P14*16.59 -> 0 | R14: 0 | S14: =R14*17 -> 0 | T14: 0 | U14: =T14*0.1 -> 0 | V14: 0 | W14: =V14*0.5 -> 0 | X14: 0 | Y14: =X14*0.8 -> 0 | Z14: 0 | AA14: =Z14*0.5 -> 0 | AB14: 0 | AC14: =AB14*0.4 -> 0 | AD14: 0 | AE14: =AD14*0.35 -> 0 | AF14: 0 | AG14: =AF14/25 -> 0 | AH14: 0 | AI14: =AH14*6.5 -> 0 | AJ14: 0 | AK14: =AJ14/80 -> 0 | AL14: 0 | AM14: =AL14/61.67 -> 0 | AN14: 0 | AO14: 0 | AP14: =AO14*4.5 -> 0 | AQ14: 0 | AR14: =AQ14/30 -> 0 | AS14: 0 | AT14: 0 | AU14: 0 | AV14: =AU14/25 -> 0 | AW14: 0 | AX14: =AW14*27/30 -> 0 | AY14: =AX14/27 -> 0 | AZ14: 0 | BA14: 0 | BB14: 0 | BC14: =AZ14*600/663.06/555 -> 0 | BD14: =BC14*23 -> 0 | BE14: 0 | BF14: =BE14/800 -> 0 | BG14: 0 | BH14: =BG14/100 -> 0 | BI14: 0 | BJ14: =BI14*0.2 -> 0 | BK14: 0 | BL14: =BK14/300 -> 0 | BM14: 0 | BN14: =BM14/150 -> 0 | BO14: 0 | BP14: =BO14*33/35 -> 0 | BQ14: =BP14*35 -> 0 | BR14: 0 | BS14: =ROUND(BR14*0.4,2) -> 0 | BT14: 0 | BU14: =BT14*0.75 -> 0 | BV14: 0 | BW14: =BV14*1.3333333333 -> 0 | BX14: 0 | BY14: =ROUND(BX14*1.43,2) -> 0 | BZ14: =K14+M14+AC14+AE14+I14+Q14+U14+W14+Y14+S14+O14 -> 0 | CG14: 0
A15: 7 | B15: Nit Nươn | H15: 0 | I15: =H15 -> 0 | J15: 0 | K15: =J15*0.684 -> 0 | L15: 0 | M15: =L15*0.93 -> 0 | N15: 0 | O15: =N15*1.97 -> 0 | P15: 0 | Q15: =P15*16.59 -> 0 | R15: 0 | S15: =R15*17 -> 0 | BZ15: =K15+M15+AC15+AE15+I15+Q15+U15+W15+Y15+S15+O15 -> 0
A16: 8 | B16: Nu Kha | C16: 0 | D16: =E16/5.12 -> 0 | E16: 0 | F16: 0 | G16: 0 | H16: 0 | I16: =H16 -> 0 | J16: 0 | K16: =J16*0.684 -> 0 | L16: 0 | M16: =L16*0.93 -> 0 | N16: 0 | O16: =N16*1.97 -> 0 | P16: 0 | Q16: =P16*16.59 -> 0 | R16: 0 | S16: =R16*17 -> 0 | T16: 0 | U16: =T16*0.1 -> 0 | V16: 0 | W16: =V16*0.5 -> 0 | X16: 0 | Y16: =X16*0.8 -> 0 | Z16: 0 | AA16: =Z16*0.5 -> 0 | AB16: 0 | AC16: =AB16*0.4 -> 0 | AD16: 0 | AE16: =AD16*0.35 -> 0 | AF16: 0 | AG16: =AF16/25 -> 0 | AH16: 0 | AI16: =AH16*6.5 -> 0 | AJ16: 0 | AK16: =AJ16/80 -> 0 | AL16: 0 | AM16: =AL16/61.67 -> 0 | AN16: 0 | AO16: 0 | AP16: =AO16*4.5 -> 0 | AQ16: 0 | AR16: =AQ16/30 -> 0 | AS16: 0 | AT16: 0 | AU16: 0 | AV16: =AU16/25 -> 0 | AW16: 0 | AX16: =AW16*27/30 -> 0 | AY16: =AX16/27 -> 0 | AZ16: 0 | BA16: 0 | BB16: 0 | BC16: =AZ16*600/663.06/555 -> 0 | BD16: =BC16*23 -> 0 | BE16: 0 | BF16: =BE16/800 -> 0 | BG16: 0 | BH16: =BG16/100 -> 0 | BI16: 0 | BJ16: =BI16*0.2 -> 0 | BK16: 0 | BL16: =BK16/300 -> 0 | BM16: 0 | BN16: =BM16/150 -> 0 | BO16: 0 | BP16: =BO16*33/35 -> 0 | BQ16: =BP16*35 -> 0 | BR16: 0 | BS16: =ROUND(BR16*0.4,2) -> 0 | BT16: 0 | BU16: =BT16*0.75 -> 0 | BV16: 0 | BW16: =BV16*1.3333333333 -> 0 | BX16: 0 | BY16: =ROUND(BX16*1.43,2) -> 0 | BZ16: =K16+M16+AC16+AE16+I16+Q16+U16+W16+Y16+S16+O16 -> 0 | CG16: 0
A17: 9 | B17: Du Mêt | C17: 0 | D17: =E17/5.12 -> 0 | E17: 0 | F17: 0 | G17: 0 | H17: 0 | I17: =H17 -> 0 | J17: 0 | K17: =J17*0.684 -> 0 | L17: 0 | M17: =L17*0.93 -> 0 | N17: 0 | O17: =N17*1.97 -> 0 | P17: 0 | Q17: =P17*16.59 -> 0 | R17: 0 | S17: =R17*17 -> 0 | T17: 0 | U17: =T17*0.1 -> 0 | V17: 0 | W17: =V17*0.5 -> 0 | X17: 0 | Y17: =X17*0.8 -> 0 | Z17: 0 | AA17: =Z17*0.5 -> 0 | AB17: 0 | AC17: =AB17*0.4 -> 0 | AD17: 0 | AE17: =AD17*0.35 -> 0 | AF17: 0 | AG17: =AF17/25 -> 0 | AH17: 0 | AI17: =AH17*6.5 -> 0 | AJ17: 0 | AK17: =AJ17/80 -> 0 | AL17: 0 | AM17: =AL17/61.67 -> 0 | AN17: 0 | AO17: 0 | AP17: =AO17*4.5 -> 0 | AQ17: 0 | AR17: =AQ17/30 -> 0 | AS17: 0 | AT17: 0 | AU17: 0 | AV17: =AU17/25 -> 0 | AW17: 0 | AX17: =AW17*27/30 -> 0 | AY17: =AX17/27 -> 0 | AZ17: 0 | BA17: 0 | BB17: 0 | BC17: =AZ17*600/663.06/555 -> 0 | BD17: =BC17*23 -> 0 | BE17: 0 | BF17: =BE17/800 -> 0 | BG17: 0 | BH17: =BG17/100 -> 0 | BI17: 0 | BJ17: =BI17*0.2 -> 0 | BK17: 0 | BL17: =BK17/300 -> 0 | BM17: 0 | BN17: =BM17/150 -> 0 | BO17: 0 | BP17: =BO17*33/35 -> 0 | BQ17: =BP17*35 -> 0 | BR17: 0 | BS17: =ROUND(BR17*0.4,2) -> 0 | BT17: 0 | BU17: =BT17*0.75 -> 0 | BV17: 0 | BW17: =BV17*1.3333333333 -> 0 | BX17: 0 | BY17: =ROUND(BX17*1.43,2) -> 0 | BZ17: =K17+M17+AC17+AE17+I17+Q17+U17+W17+Y17+S17+O17 -> 0 | CG17: 0
A18: 10 | B18: Khon Ra Đây | C18: 0 | D18: =E18/5.12 -> 0 | E18: 0 | F18: 0 | G18: 0 | H18: 0 | I18: =H18 -> 0 | J18: 0 | K18: =J18*0.684 -> 0 | L18: 0 | M18: =L18*0.93 -> 0 | N18: 0 | O18: =N18*1.97 -> 0 | P18: 0 | Q18: =P18*16.59 -> 0 | R18: 0 | S18: =R18*17 -> 0 | T18: 0 | U18: =T18*0.1 -> 0 | V18: 0 | W18: =V18*0.5 -> 0 | X18: 0 | Y18: =X18*0.8 -> 0 | Z18: 0 | AA18: =Z18*0.5 -> 0 | AB18: 0 | AC18: =AB18*0.4 -> 0 | AD18: 0 | AE18: =AD18*0.35 -> 0 | AF18: 0 | AG18: =AF18/25 -> 0 | AH18: 0 | AI18: =AH18*6.5 -> 0 | AJ18: 0 | AK18: =AJ18/80 -> 0 | AL18: 0 | AM18: =AL18/61.67 -> 0 | AN18: 0 | AO18: 0 | AP18: =AO18*4.5 -> 0 | AQ18: 0 | AR18: =AQ18/30 -> 0 | AS18: 0 | AT18: 0 | AU18: 0 | AV18: =AU18/25 -> 0 | AW18: 0 | AX18: =AW18*27/30 -> 0 | AY18: =AX18/27 -> 0 | AZ18: 0 | BA18: 0 | BB18: 0 | BC18: =AZ18*600/663.06/555 -> 0 | BD18: =BC18*23 -> 0 | BE18: 0 | BF18: =BE18/800 -> 0 | BG18: 0 | BH18: =BG18/100 -> 0 | BI18: 0 | BJ18: =BI18*0.2 -> 0 | BK18: 0 | BL18: =BK18/300 -> 0 | BM18: 0 | BN18: =BM18/150 -> 0 | BO18: 0 | BP18: =BO18*33/35 -> 0 | BQ18: =BP18*35 -> 0 | BR18: 0 | BS18: =ROUND(BR18*0.4,2) -> 0 | BT18: 0 | BU18: =BT18*0.75 -> 0 | BV18: 0 | BW18: =BV18*1.3333333333 -> 0 | BX18: 0 | BY18: =ROUND(BX18*1.43,2) -> 0 | BZ18: =K18+M18+AC18+AE18+I18+Q18+U18+W18+Y18+S18+O18 -> 0 | CG18: 0
A19: 11 | B19: An Hia | C19: 0 | D19: =E19/5.12 -> 0 | E19: 0 | F19: 0 | G19: 0 | H19: 0 | I19: =H19 -> 0 | J19: 0 | K19: =J19*0.684 -> 0 | L19: 0 | M19: =L19*0.93 -> 0 | N19: 0 | O19: =N19*1.97 -> 0 | P19: 0 | Q19: =P19*16.59 -> 0 | R19: 0 | S19: =R19*17 -> 0 | T19: 0 | U19: =T19*0.1 -> 0 | V19: 0 | W19: =V19*0.5 -> 0 | X19: 0 | Y19: =X19*0.8 -> 0 | Z19: 0 | AA19: =Z19*0.5 -> 0 | AB19: 0 | AC19: =AB19*0.4 -> 0 | AD19: 0 | AE19: =AD19*0.35 -> 0 | AF19: 0 | AG19: =AF19/25 -> 0 | AH19: 0 | AI19: =AH19*6.5 -> 0 | AJ19: 0 | AK19: =AJ19/80 -> 0 | AL19: 0 | AM19: =AL19/61.67 -> 0 | AN19: 0 | AO19: 0 | AP19: =AO19*4.5 -> 0 | AQ19: 0 | AR19: =AQ19/30 -> 0 | AS19: 0 | AT19: 0 | AU19: 0 | AV19: =AU19/25 -> 0 | AW19: 0 | AX19: =AW19*27/30 -> 0 | AY19: =AX19/27 -> 0 | AZ19: 0 | BA19: 0 | BB19: 0 | BC19: =AZ19*600/663.06/555 -> 0 | BD19: =BC19*23 -> 0 | BE19: 0 | BF19: =BE19/800 -> 0 | BG19: 0 | BH19: =BG19/100 -> 0 | BI19: 0 | BJ19: =BI19*0.2 -> 0 | BK19: 0 | BL19: =BK19/300 -> 0 | BM19: 0 | BN19: =BM19/150 -> 0 | BO19: 0 | BP19: =BO19*33/35 -> 0 | BQ19: =BP19*35 -> 0 | BR19: 0 | BS19: =ROUND(BR19*0.4,2) -> 0 | BT19: 0 | BU19: =BT19*0.75 -> 0 | BV19: 0 | BW19: =BV19*1.3333333333 -> 0 | BX19: 0 | BY19: =ROUND(BX19*1.43,2) -> 0 | BZ19: =K19+M19+AC19+AE19+I19+Q19+U19+W19+Y19+S19+O19 -> 0 | CG19: 0
A20: 12 | B20: Thi Thia | H20: 0 | I20: =H20 -> 0 | J20: 0 | K20: =J20*0.684 -> 0 | L20: 0 | M20: =L20*0.93 -> 0 | N20: 0 | O20: =N20*1.97 -> 0 | P20: 0 | Q20: =P20*16.59 -> 0 | R20: 0 | S20: =R20*17 -> 0 | T20: 0 | U20: =T20*0.1 -> 0 | V20: 0 | W20: =V20*0.5 -> 0 | X20: 0 | Y20: =X20*0.8 -> 0 | Z20: 0 | AA20: =Z20*0.5 -> 0 | AB20: 0 | AC20: =AB20*0.4 -> 0 | AD20: 0 | AE20: =AD20*0.35 -> 0 | AF20: 0 | AG20: =AF20/25 -> 0 | AH20: 0 | AI20: =AH20*6.5 -> 0 | AJ20: 0 | AK20: =AJ20/80 -> 0 | AL20: 0 | AM20: =AL20/61.67 -> 0 | AN20: 0 | AO20: 0 | AP20: =AO20*4.5 -> 0 | AQ20: 0 | AR20: =AQ20/30 -> 0 | AS20: 0 | AT20: 0 | AU20: 0 | AV20: =AU20/25 -> 0 | AW20: 0 | AX20: =AW20*27/30 -> 0 | AY20: =AX20/27 -> 0 | AZ20: 0 | BA20: 0 | BB20: 0 | BC20: =AZ20*600/663.06/555 -> 0 | BD20: =BC20*23 -> 0 | BE20: 0 | BF20: =BE20/800 -> 0 | BG20: 0 | BH20: =BG20/100 -> 0 | BI20: 0 | BJ20: =BI20*0.2 -> 0 | BK20: 0 | BL20: =BK20/300 -> 0 | BM20: 0 | BN20: =BM20/150 -> 0 | BO20: 0 | BP20: =BO20*33/35 -> 0 | BQ20: =BP20*35 -> 0 | BR20: 0 | BS20: =ROUND(BR20*0.4,2) -> 0 | BT20: 0 | BU20: =BT20*0.75 -> 0 | BV20: 0 | BW20: =BV20*1.3333333333 -> 0 | BX20: 0 | BY20: =ROUND(BX20*1.43,2) -> 0 | BZ20: =K20+M20+AC20+AE20+I20+Q20+U20+W20+Y20+S20+O20 -> 0
A21: 13 | B21: Dôt Mêt | H21: 0 | I21: =H21 -> 0 | J21: 0 | K21: =J21*0.684 -> 0 | L21: 0 | M21: =L21*0.93 -> 0 | N21: 0 | O21: =N21*1.97 -> 0 | P21: 0 | Q21: =P21*16.59 -> 0 | R21: 0 | S21: =R21*17 -> 0 | BZ21: =K21+M21+AC21+AE21+I21+Q21+U21+W21+Y21+S21+O21 -> 0
A22: 14 | B22: Lu Lươn | H22: 0 | I22: =H22 -> 0 | J22: 0 | K22: =J22*0.684 -> 0 | L22: 0 | M22: =L22*0.93 -> 0 | N22: 0 | O22: =N22*1.97 -> 0 | P22: 0 | Q22: =P22*16.59 -> 0 | R22: 0 | S22: =R22*17 -> 0 | T22: 0 | U22: =T22*0.1 -> 0 | V22: 0 | W22: =V22*0.5 -> 0 | X22: 0 | Y22: =X22*0.8 -> 0 | Z22: 0 | AA22: =Z22*0.5 -> 0 | AB22: 0 | AC22: =AB22*0.4 -> 0 | AD22: 0 | AE22: =AD22*0.35 -> 0 | AF22: 0 | AG22: =AF22/25 -> 0 | AH22: 0 | AI22: =AH22*6.5 -> 0 | AJ22: 0 | AK22: =AJ22/80 -> 0 | AL22: 0 | AM22: =AL22/61.67 -> 0 | AN22: 0 | AO22: 0 | AP22: =AO22*4.5 -> 0 | AQ22: 0 | AR22: =AQ22/30 -> 0 | AS22: 0 | AT22: 0 | AU22: 0 | AV22: =AU22/25 -> 0 | AW22: 0 | AX22: =AW22*27/30 -> 0 | AY22: =AX22/27 -> 0 | AZ22: 0 | BA22: 0 | BB22: 0 | BC22: =AZ22*600/663.06/555 -> 0 | BD22: =BC22*23 -> 0 | BE22: 0 | BF22: =BE22/800 -> 0 | BG22: 0 | BH22: =BG22/100 -> 0 | BI22: 0 | BJ22: =BI22*0.2 -> 0 | BK22: 0 | BL22: =BK22/300 -> 0 | BM22: 0 | BN22: =BM22/150 -> 0 | BO22: 0 | BP22: =BO22*33/35 -> 0 | BQ22: =BP22*35 -> 0 | BR22: 0 | BS22: =ROUND(BR22*0.4,2) -> 0 | BT22: 0 | BU22: =BT22*0.75 -> 0 | BV22: 0 | BW22: =BV22*1.3333333333 -> 0 | BX22: 0 | BY22: =ROUND(BX22*1.43,2) -> 0 | BZ22: =K22+M22+AC22+AE22+I22+Q22+U22+W22+Y22+S22+O22 -> 0
A23: 15 | B23: Sươn Săm | H23: 0 | I23: =H23 -> 0 | J23: 0 | K23: =J23*0.684 -> 0 | L23: 0 | M23: =L23*0.93 -> 0 | N23: 0 | O23: =N23*1.97 -> 0 | P23: 0 | Q23: =P23*16.59 -> 0 | R23: 0 | S23: =R23*17 -> 0 | T23: 0 | U23: =T23*0.1 -> 0 | V23: 0 | W23: =V23*0.5 -> 0 | X23: 0 | Y23: =X23*0.8 -> 0 | Z23: 0 | AA23: =Z23*0.5 -> 0 | AB23: 0 | AC23: =AB23*0.4 -> 0 | AD23: 0 | AE23: =AD23*0.35 -> 0 | AF23: 0 | AG23: =AF23/25 -> 0 | AH23: 0 | AI23: =AH23*6.5 -> 0 | AJ23: 0 | AK23: =AJ23/80 -> 0 | AL23: 0 | AM23: =AL23/61.67 -> 0 | AN23: 0 | AO23: 0 | AP23: =AO23*4.5 -> 0 | AQ23: 0 | AR23: =AQ23/30 -> 0 | AS23: 0 | AT23: 0 | AU23: 0 | AV23: =AU23/25 -> 0 | AW23: 0 | AX23: =AW23*27/30 -> 0 | AY23: =AX23/27 -> 0 | AZ23: 0 | BA23: 0 | BB23: 0 | BC23: =AZ23*600/663.06/555 -> 0 | BD23: =BC23*23 -> 0 | BE23: 0 | BF23: =BE23/800 -> 0 | BG23: 0 | BH23: =BG23/100 -> 0 | BI23: 0 | BJ23: =BI23*0.2 -> 0 | BK23: 0 | BL23: =BK23/300 -> 0 | BM23: 0 | BN23: =BM23/150 -> 0 | BO23: 0 | BP23: =BO23*33/35 -> 0 | BQ23: =BP23*35 -> 0 | BR23: 0 | BS23: =ROUND(BR23*0.4,2) -> 0 | BT23: 0 | BU23: =BT23*0.75 -> 0 | BV23: 0 | BW23: =BV23*1.3333333333 -> 0 | BX23: 0 | BY23: =ROUND(BX23*1.43,2) -> 0 | BZ23: =K23+M23+AC23+AE23+I23+Q23+U23+W23+Y23+S23+O23 -> 0
A24: 16 | B24: Tem Mơi | H24: 0 | I24: =H24 -> 0 | J24: 0 | K24: =J24*0.684 -> 0 | L24: 0 | M24: =L24*0.93 -> 0 | N24: 0 | O24: =N24*1.97 -> 0 | P24: 0 | Q24: =P24*16.59 -> 0 | R24: 0 | S24: =R24*17 -> 0 | T24: 0 | U24: =T24*0.1 -> 0 | V24: 0 | W24: =V24*0.5 -> 0 | X24: 0 | Y24: =X24*0.8 -> 0 | Z24: 0 | AA24: =Z24*0.5 -> 0 | AB24: 0 | AC24: =AB24*0.4 -> 0 | AD24: 0 | AE24: =AD24*0.35 -> 0 | AF24: 0 | AG24: =AF24/25 -> 0 | AH24: 0 | AI24: =AH24*6.5 -> 0 | AJ24: 0 | AK24: =AJ24/80 -> 0 | AL24: 0 | AM24: =AL24/61.67 -> 0 | AN24: 0 | AO24: 0 | AP24: =AO24*4.5 -> 0 | AQ24: 0 | AR24: =AQ24/30 -> 0 | AS24: 0 | AT24: 0 | AU24: 0 | AV24: =AU24/25 -> 0 | AW24: 0 | AX24: =AW24*27/30 -> 0 | AY24: =AX24/27 -> 0 | AZ24: 0 | BA24: 0 | BB24: 0 | BC24: =AZ24*600/663.06/555 -> 0 | BD24: =BC24*23 -> 0 | BE24: 0 | BF24: =BE24/800 -> 0 | BG24: 0 | BH24: =BG24/100 -> 0 | BI24: 0 | BJ24: =BI24*0.2 -> 0 | BK24: 0 | BL24: =BK24/300 -> 0 | BM24: 0 | BN24: =BM24/150 -> 0 | BO24: 0 | BP24: =BO24*33/35 -> 0 | BQ24: =BP24*35 -> 0 | BR24: 0 | BS24: =ROUND(BR24*0.4,2) -> 0 | BT24: 0 | BU24: =BT24*0.75 -> 0 | BV24: 0 | BW24: =BV24*1.3333333333 -> 0 | BX24: 0 | BY24: =ROUND(BX24*1.43,2) -> 0 | BZ24: =K24+M24+AC24+AE24+I24+Q24+U24+W24+Y24+S24+O24 -> 0
A25: 17 | B25: Thu Ranh | H25: 0 | I25: =H25 -> 0 | J25: 0 | K25: =J25*0.684 -> 0 | L25: 0 | M25: =L25*0.93 -> 0 | N25: 0 | O25: =N25*1.97 -> 0 | P25: 0 | Q25: =P25*16.59 -> 0 | R25: 0 | S25: =R25*17 -> 0 | T25: 0 | U25: =T25*0.1 -> 0 | V25: 0 | W25: =V25*0.5 -> 0 | X25: 0 | Y25: =X25*0.8 -> 0 | Z25: 0 | AA25: =Z25*0.5 -> 0 | AB25: 0 | AC25: =AB25*0.4 -> 0 | AD25: 0 | AE25: =AD25*0.35 -> 0 | AF25: 0 | AG25: =AF25/25 -> 0 | AH25: 0 | AI25: =AH25*6.5 -> 0 | AJ25: 0 | AK25: =AJ25/80 -> 0 | AL25: 0 | AM25: =AL25/61.67 -> 0 | AN25: 0 | AO25: 0 | AP25: =AO25*4.5 -> 0 | AQ25: 0 | AR25: =AQ25/30 -> 0 | AS25: 0 | AT25: 0 | AU25: 0 | AV25: =AU25/25 -> 0 | AW25: 0 | AX25: =AW25*27/30 -> 0 | AY25: =AX25/27 -> 0 | AZ25: 0 | BA25: 0 | BB25: 0 | BC25: =AZ25*600/663.06/555 -> 0 | BD25: =BC25*23 -> 0 | BE25: 0 | BF25: =BE25/800 -> 0 | BG25: 0 | BH25: =BG25/100 -> 0 | BI25: 0 | BJ25: =BI25*0.2 -> 0 | BK25: 0 | BL25: =BK25/300 -> 0 | BM25: 0 | BN25: =BM25/150 -> 0 | BO25: 0 | BP25: =BO25*33/35 -> 0 | BQ25: =BP25*35 -> 0 | BR25: 0 | BS25: =ROUND(BR25*0.4,2) -> 0 | BT25: 0 | BU25: =BT25*0.75 -> 0 | BV25: 0 | BW25: =BV25*1.3333333333 -> 0 | BX25: 0 | BY25: =ROUND(BX25*1.43,2) -> 0 | BZ25: =K25+M25+AC25+AE25+I25+Q25+U25+W25+Y25+S25+O25 -> 0
A26: 18 | B26: Dup Hanh | H26: 0 | I26: =H26 -> 0 | J26: 0 | K26: =J26*0.684 -> 0 | L26: 0 | M26: =L26*0.93 -> 0 | N26: 0 | O26: =N26*1.97 -> 0 | P26: 0 | Q26: =P26*16.59 -> 0 | R26: 0 | S26: =R26*17 -> 0 | BZ26: =K26+M26+AC26+AE26+I26+Q26+U26+W26+Y26+S26+O26 -> 0
A27: 19 | B27: Phon Thit | H27: 0 | I27: =H27 -> 0 | J27: 0 | K27: =J27*0.684 -> 0 | L27: 0 | M27: =L27*0.93 -> 0 | N27: 0 | O27: =N27*1.97 -> 0 | P27: 0 | Q27: =P27*16.59 -> 0 | R27: 0 | S27: =R27*17 -> 0 | T27: 0 | U27: =T27*0.1 -> 0 | V27: 0 | W27: =V27*0.5 -> 0 | X27: 0 | Y27: =X27*0.8 -> 0 | Z27: 0 | AA27: =Z27*0.5 -> 0 | AB27: 0 | AC27: =AB27*0.4 -> 0 | AD27: 0 | AE27: =AD27*0.35 -> 0 | AF27: 0 | AG27: =AF27/25 -> 0 | AH27: 0 | AI27: =AH27*6.5 -> 0 | AJ27: 0 | AK27: =AJ27/80 -> 0 | AL27: 0 | AM27: =AL27/61.67 -> 0 | AN27: 0 | AO27: 0 | AP27: =AO27*4.5 -> 0 | AQ27: 0 | AR27: =AQ27/30 -> 0 | AS27: 0 | AT27: 0 | AU27: 0 | AV27: =AU27/25 -> 0 | AW27: 0 | AX27: =AW27*27/30 -> 0 | AY27: =AX27/27 -> 0 | AZ27: 0 | BA27: 0 | BB27: 0 | BC27: =AZ27*600/663.06/555 -> 0 | BD27: =BC27*23 -> 0 | BE27: 0 | BF27: =BE27/800 -> 0 | BG27: 0 | BH27: =BG27/100 -> 0 | BI27: 0 | BJ27: =BI27*0.2 -> 0 | BK27: 0 | BL27: =BK27/300 -> 0 | BM27: 0 | BN27: =BM27/150 -> 0 | BO27: 0 | BP27: =BO27*33/35 -> 0 | BQ27: =BP27*35 -> 0 | BR27: 0 | BS27: =ROUND(BR27*0.4,2) -> 0 | BT27: 0 | BU27: =BT27*0.75 -> 0 | BV27: 0 | BW27: =BV27*1.3333333333 -> 0 | BX27: 0 | BY27: =ROUND(BX27*1.43,2) -> 0 | BZ27: =K27+M27+AC27+AE27+I27+Q27+U27+W27+Y27+S27+O27 -> 0
A28: 20 | B28: Ha Lay Hon | H28: 0 | I28: =H28 -> 0 | J28: 0 | K28: =J28*0.684 -> 0 | L28: 0 | M28: =L28*0.93 -> 0 | N28: 0 | O28: =N28*1.97 -> 0 | P28: 0 | Q28: =P28*16.59 -> 0 | R28: 0 | S28: =R28*17 -> 0 | T28: 0 | U28: =T28*0.1 -> 0 | V28: 0 | W28: =V28*0.5 -> 0 | X28: 0 | Y28: =X28*0.8 -> 0 | Z28: 0 | AA28: =Z28*0.5 -> 0 | AB28: 0 | AC28: =AB28*0.4 -> 0 | AD28: 0 | AE28: =AD28*0.35 -> 0 | AF28: 0 | AG28: =AF28/25 -> 0 | AH28: 0 | AI28: =AH28*6.5 -> 0 | AJ28: 0 | AK28: =AJ28/80 -> 0 | AL28: 0 | AM28: =AL28/61.67 -> 0 | AN28: 0 | AO28: 0 | AP28: =AO28*4.5 -> 0 | AQ28: 0 | AR28: =AQ28/30 -> 0 | AS28: 0 | AT28: 0 | AU28: 0 | AV28: =AU28/25 -> 0 | AW28: 0 | AX28: =AW28*27/30 -> 0 | AY28: =AX28/27 -> 0 | AZ28: 0 | BA28: 0 | BB28: 0 | BC28: =AZ28*600/663.06/555 -> 0 | BD28: =BC28*23 -> 0 | BE28: 0 | BF28: =BE28/800 -> 0 | BG28: 0 | BH28: =BG28/100 -> 0 | BI28: 0 | BJ28: =BI28*0.2 -> 0 | BK28: 0 | BL28: =BK28/300 -> 0 | BM28: 0 | BN28: =BM28/150 -> 0 | BO28: 0 | BP28: =BO28*33/35 -> 0 | BQ28: =BP28*35 -> 0 | BR28: 0 | BS28: =ROUND(BR28*0.4,2) -> 0 | BT28: 0 | BU28: =BT28*0.75 -> 0 | BV28: 0 | BW28: =BV28*1.3333333333 -> 0 | BX28: 0 | BY28: =ROUND(BX28*1.43,2) -> 0 | BZ28: =K28+M28+AC28+AE28+I28+Q28+U28+W28+Y28+S28+O28 -> 0
A29: 21 | B29: Lum Ron | H29: 0 | I29: =H29 -> 0 | J29: 0 | K29: =J29*0.684 -> 0 | L29: 0 | M29: =L29*0.93 -> 0 | N29: 0 | O29: =N29*1.979 -> 0 | P29: 0 | Q29: =P29*16.59 -> 0 | R29: 0 | S29: =R29*17 -> 0 | T29: 0 | U29: =T29*0.1 -> 0 | V29: 0 | W29: =V29*0.5 -> 0 | X29: 0 | Y29: =X29*0.8 -> 0 | Z29: 0 | AA29: =Z29*0.5 -> 0 | AB29: 0 | AC29: =AB29*0.4 -> 0 | AD29: 0 | AE29: =AD29*0.35 -> 0 | AF29: 0 | AG29: =AF29/25 -> 0 | AH29: 0 | AI29: =AH29*6.5 -> 0 | AJ29: 0 | AK29: =AJ29/80 -> 0 | AL29: 0 | AM29: =AL29/61.67 -> 0 | AN29: 0 | AO29: 0 | AP29: =AO29*4.5 -> 0 | AQ29: 0 | AR29: =AQ29/30 -> 0 | AS29: 0 | AT29: 0 | AU29: 0 | AV29: =AU29/25 -> 0 | AW29: 0 | AX29: =AW29*27/30 -> 0 | AY29: =AX29/27 -> 0 | AZ29: 0 | BA29: 0 | BB29: 0 | BC29: =AZ29*600/663.06/555 -> 0 | BD29: =BC29*23 -> 0 | BE29: 0 | BF29: =BE29/800 -> 0 | BG29: 0 | BH29: =BG29/100 -> 0 | BI29: 0 | BJ29: =BI29*0.2 -> 0 | BK29: 0 | BL29: =BK29/300 -> 0 | BM29: 0 | BN29: =BM29/150 -> 0 | BO29: 0 | BP29: =BO29*33/35 -> 0 | BQ29: =BP29*35 -> 0 | BR29: 0 | BS29: =ROUND(BR29*0.4,2) -> 0 | BT29: 0 | BU29: =BT29*0.75 -> 0 | BV29: 0 | BW29: =BV29*1.3333333333 -> 0 | BX29: 0 | BY29: =ROUND(BX29*1.43,2) -> 0 | BZ29: =K29+M29+AC29+AE29+I29+Q29+U29+W29+Y29+S29+O29 -> 0
A30: 22 | B30: Lup Hên | H30: 0 | I30: =H30 -> 0 | J30: 0 | K30: =J30*0.684 -> 0 | L30: 0 | M30: =L30*0.93 -> 0 | N30: 0 | O30: =N30*1.97 -> 0 | P30: 0 | Q30: =P30*16.59 -> 0 | R30: 0 | S30: =R30*17 -> 0 | T30: 0 | U30: =T30*0.1 -> 0 | V30: 0 | W30: =V30*0.5 -> 0 | X30: 0 | Y30: =X30*0.8 -> 0 | Z30: 0 | AA30: =Z30*0.5 -> 0 | AB30: 0 | AC30: =AB30*0.4 -> 0 | AD30: 0 | AE30: =AD30*0.35 -> 0 | AF30: 0 | AG30: =AF30/25 -> 0 | AH30: 0 | AI30: =AH30*6.5 -> 0 | AJ30: 0 | AK30: =AJ30/80 -> 0 | AL30: 0 | AM30: =AL30/61.67 -> 0 | AN30: 0 | AO30: 0 | AP30: =AO30*4.5 -> 0 | AQ30: 0 | AR30: =AQ30/30 -> 0 | AS30: 0 | AT30: 0 | AU30: 0 | AV30: =AU30/25 -> 0 | AW30: 0 | AX30: =AW30*27/30 -> 0 | AY30: =AX30/27 -> 0 | AZ30: 0 | BA30: 0 | BB30: 0 | BC30: =AZ30*600/663.06/555 -> 0 | BD30: =BC30*23 -> 0 | BE30: 0 | BF30: =BE30/800 -> 0 | BG30: 0 | BH30: =BG30/100 -> 0 | BI30: 0 | BJ30: =BI30*0.2 -> 0 | BK30: 0 | BL30: =BK30/300 -> 0 | BM30: 0 | BN30: =BM30/150 -> 0 | BO30: 0 | BP30: =BO30*33/35 -> 0 | BQ30: =BP30*35 -> 0 | BR30: 0 | BS30: =ROUND(BR30*0.4,2) -> 0 | BT30: 0 | BU30: =BT30*0.75 -> 0 | BV30: 0 | BW30: =BV30*1.3333333333 -> 0 | BX30: 0 | BY30: =ROUND(BX30*1.43,2) -> 0 | BZ30: =K30+M30+AC30+AE30+I30+Q30+U30+W30+Y30+S30+O30 -> 0
A31: 23 | B31: Nay Chên | H31: 0 | I31: =H31 -> 0 | J31: 0 | K31: =J31*0.684 -> 0 | L31: 0 | M31: =L31*0.93 -> 0 | N31: 0 | O31: =N31*1.97 -> 0 | P31: 0 | Q31: =P31*16.59 -> 0 | R31: 0 | S31: =R31*17 -> 0 | T31: 0 | U31: =T31*0.1 -> 0 | V31: 0 | W31: =V31*0.5 -> 0 | X31: 0 | Y31: =X31*0.8 -> 0 | Z31: 0 | AA31: =Z31*0.5 -> 0 | AB31: 0 | AC31: =AB31*0.4 -> 0 | AD31: 0 | AE31: =AD31*0.35 -> 0 | AF31: 0 | AG31: =AF31/25 -> 0 | AH31: 0 | AI31: =AH31*6.5 -> 0 | AJ31: 0 | AK31: =AJ31/80 -> 0 | AL31: 0 | AM31: =AL31/61.67 -> 0 | AN31: 0 | AO31: 0 | AP31: =AO31*4.5 -> 0 | AQ31: 0 | AR31: =AQ31/30 -> 0 | AS31: 0 | AT31: 0 | AU31: 0 | AV31: =AU31/25 -> 0 | AW31: 0 | AX31: =AW31*27/30 -> 0 | AY31: =AX31/27 -> 0 | AZ31: 0 | BA31: 0 | BB31: 0 | BC31: =AZ31*600/663.06/555 -> 0 | BD31: =BC31*23 -> 0 | BE31: 0 | BF31: =BE31/800 -> 0 | BG31: 0 | BH31: =BG31/100 -> 0 | BI31: 0 | BJ31: =BI31*0.2 -> 0 | BK31: 0 | BL31: =BK31/300 -> 0 | BM31: 0 | BN31: =BM31/150 -> 0 | BO31: 0 | BP31: =BO31*33/35 -> 0 | BQ31: =BP31*35 -> 0 | BR31: 0 | BS31: =ROUND(BR31*0.4,2) -> 0 | BT31: 0 | BU31: =BT31*0.75 -> 0 | BV31: 0 | BW31: =BV31*1.3333333333 -> 0 | BX31: 0 | BY31: =ROUND(BX31*1.43,2) -> 0 | BZ31: =K31+M31+AC31+AE31+I31+Q31+U31+W31+Y31+S31+O31 -> 0
A32: 24 | B32: Si Khưa | H32: 0 | I32: =H32 -> 0 | J32: 0 | K32: =J32*0.684 -> 0 | L32: 0 | M32: =L32*0.93 -> 0 | N32: 0 | O32: =N32*1.97 -> 0 | P32: 0 | Q32: =P32*16.59 -> 0 | R32: 0 | S32: =R32*17 -> 0 | T32: 0 | U32: =T32*0.1 -> 0 | V32: 0 | W32: =V32*0.5 -> 0 | X32: 0 | Y32: =X32*0.8 -> 0 | Z32: 0 | AA32: =Z32*0.5 -> 0 | AB32: 0 | AC32: =AB32*0.4 -> 0 | AD32: 0 | AE32: =AD32*0.35 -> 0 | AF32: 0 | AG32: =AF32/25 -> 0 | AH32: 0 | AI32: =AH32*6.5 -> 0 | AJ32: 0 | AK32: =AJ32/80 -> 0 | AL32: 0 | AM32: =AL32/61.67 -> 0 | AN32: 0 | AO32: 0 | AP32: =AO32*4.5 -> 0 | AQ32: 0 | AR32: =AQ32/30 -> 0 | AS32: 0 | AT32: 0 | AU32: 0 | AV32: =AU32/25 -> 0 | AW32: 0 | AX32: =AW32*27/30 -> 0 | AY32: =AX32/27 -> 0 | AZ32: 0 | BA32: 0 | BB32: 0 | BC32: =AZ32*600/663.06/555 -> 0 | BD32: =BC32*23 -> 0 | BE32: 0 | BF32: =BE32/800 -> 0 | BG32: 0 | BH32: =BG32/100 -> 0 | BI32: 0 | BJ32: =BI32*0.2 -> 0 | BK32: 0 | BL32: =BK32/300 -> 0 | BM32: 0 | BN32: =BM32/150 -> 0 | BO32: 0 | BP32: =BO32*33/35 -> 0 | BQ32: =BP32*35 -> 0 | BR32: 0 | BS32: =ROUND(BR32*0.4,2) -> 0 | BT32: 0 | BU32: =BT32*0.75 -> 0 | BV32: 0 | BW32: =BV32*1.3333333333 -> 0 | BX32: 0 | BY32: =ROUND(BX32*1.43,2) -> 0 | BZ32: =K32+M32+AC32+AE32+I32+Q32+U32+W32+Y32+S32+O32 -> 0
A33: 25 | B33: Khăm Vanh | H33: 0 | I33: =H33 -> 0 | J33: 0 | K33: =J33*0.684 -> 0 | L33: 0 | M33: =L33*0.93 -> 0 | N33: 0 | O33: =N33*1.97 -> 0 | P33: 0 | Q33: =P33*16.59 -> 0 | R33: 0 | S33: =R33*17 -> 0 | T33: 0 | U33: =T33*0.1 -> 0 | V33: 0 | W33: =V33*0.5 -> 0 | X33: 0 | Y33: =X33*0.8 -> 0 | Z33: 0 | AA33: =Z33*0.5 -> 0 | AB33: 0 | AC33: =AB33*0.4 -> 0 | AD33: 0 | AE33: =AD33*0.35 -> 0 | AF33: 0 | AG33: =AF33/25 -> 0 | AH33: 0 | AI33: =AH33*6.5 -> 0 | AJ33: 0 | AK33: =AJ33/80 -> 0 | AL33: 0 | AM33: =AL33/61.67 -> 0 | AN33: 0 | AO33: 0 | AP33: =AO33*4.5 -> 0 | AQ33: 0 | AR33: =AQ33/30 -> 0 | AS33: 0 | AT33: 0 | AU33: 0 | AV33: =AU33/25 -> 0 | AW33: 0 | AX33: =AW33*27/30 -> 0 | AY33: =AX33/27 -> 0 | AZ33: 0 | BA33: 0 | BB33: 0 | BC33: =AZ33*600/663.06/555 -> 0 | BD33: =BC33*23 -> 0 | BE33: 0 | BF33: =BE33/800 -> 0 | BG33: 0 | BH33: =BG33/100 -> 0 | BI33: 0 | BJ33: =BI33*0.2 -> 0 | BK33: 0 | BL33: =BK33/300 -> 0 | BM33: 0 | BN33: =BM33/150 -> 0 | BO33: 0 | BP33: =BO33*33/35 -> 0 | BQ33: =BP33*35 -> 0 | BR33: 0 | BS33: =ROUND(BR33*0.4,2) -> 0 | BT33: 0 | BU33: =BT33*0.75 -> 0 | BV33: 0 | BW33: =BV33*1.3333333333 -> 0 | BX33: 0 | BY33: =ROUND(BX33*1.43,2) -> 0 | BZ33: =K33+M33+AC33+AE33+I33+Q33+U33+W33+Y33+S33+O33 -> 0
A34: 26 | B34: Chu Chươn | H34: 0 | I34: =H34 -> 0 | J34: 0 | K34: =J34*0.684 -> 0 | L34: 0 | M34: =L34*0.93 -> 0 | N34: 0 | O34: =N34*1.97 -> 0 | P34: 0 | Q34: =P34*16.59 -> 0 | R34: 0 | S34: =R34*17 -> 0 | T34: 0 | U34: =T34*0.1 -> 0 | V34: 0 | W34: =V34*0.5 -> 0 | X34: 0 | Y34: =X34*0.8 -> 0 | Z34: 0 | AA34: =Z34*0.5 -> 0 | AB34: 0 | AC34: =AB34*0.4 -> 0 | AD34: 0 | AE34: =AD34*0.35 -> 0 | AF34: 0 | AG34: =AF34/25 -> 0 | AH34: 0 | AI34: =AH34*6.5 -> 0 | AJ34: 0 | AK34: =AJ34/80 -> 0 | AL34: 0 | AM34: =AL34/61.67 -> 0 | AN34: 0 | AO34: 0 | AP34: =AO34*4.5 -> 0 | AQ34: 0 | AR34: =AQ34/30 -> 0 | AS34: 0 | AT34: 0 | AU34: 0 | AV34: =AU34/25 -> 0 | AW34: 0 | AX34: =AW34*27/30 -> 0 | AY34: =AX34/27 -> 0 | AZ34: 0 | BA34: 0 | BB34: 0 | BC34: =AZ34*600/663.06/555 -> 0 | BD34: =BC34*23 -> 0 | BE34: 0 | BF34: =BE34/800 -> 0 | BG34: 0 | BH34: =BG34/100 -> 0 | BI34: 0 | BJ34: =BI34*0.2 -> 0 | BK34: 0 | BL34: =BK34/300 -> 0 | BM34: 0 | BN34: =BM34/150 -> 0 | BO34: 0 | BP34: =BO34*33/35 -> 0 | BQ34: =BP34*35 -> 0 | BR34: 0 | BS34: =ROUND(BR34*0.4,2) -> 0 | BT34: 0 | BU34: =BT34*0.75 -> 0 | BV34: 0 | BW34: =BV34*1.3333333333 -> 0 | BX34: 0 | BY34: =ROUND(BX34*1.43,2) -> 0 | BZ34: =K34+M34+AC34+AE34+I34+Q34+U34+W34+Y34+S34+O34 -> 0
A35: 27 | B35: Thon Da | H35: 0 | I35: =H35 -> 0 | J35: 0 | K35: =J35*0.684 -> 0 | L35: 0 | M35: =L35*0.93 -> 0 | N35: 0 | O35: =N35*1.97 -> 0 | P35: 0 | Q35: =P35*16.59 -> 0 | R35: 0 | S35: =R35*17 -> 0 | T35: 0 | U35: =T35*0.1 -> 0 | V35: 0 | W35: =V35*0.5 -> 0 | X35: 0 | Y35: =X35*0.8 -> 0 | Z35: 0 | AA35: =Z35*0.5 -> 0 | AB35: 0 | AC35: =AB35*0.4 -> 0 | AD35: 0 | AE35: =AD35*0.35 -> 0 | AF35: 0 | AG35: =AF35/25 -> 0 | AH35: 0 | AI35: =AH35*6.5 -> 0 | AJ35: 0 | AK35: =AJ35/80 -> 0 | AL35: 0 | AM35: =AL35/61.67 -> 0 | AN35: 0 | AO35: 0 | AP35: =AO35*4.5 -> 0 | AQ35: 0 | AR35: =AQ35/30 -> 0 | AS35: 0 | AT35: 0 | AU35: 0 | AV35: =AU35/25 -> 0 | AW35: 0 | AX35: =AW35*27/30 -> 0 | AY35: =AX35/27 -> 0 | AZ35: 0 | BA35: 0 | BB35: 0 | BC35: =AZ35*600/663.06/555 -> 0 | BD35: =BC35*23 -> 0 | BE35: 0 | BF35: =BE35/800 -> 0 | BG35: 0 | BH35: =BG35/100 -> 0 | BI35: 0 | BJ35: =BI35*0.2 -> 0 | BK35: 0 | BL35: =BK35/300 -> 0 | BM35: 0 | BN35: =BM35/150 -> 0 | BO35: 0 | BP35: =BO35*33/35 -> 0 | BQ35: =BP35*35 -> 0 | BR35: 0 | BS35: =ROUND(BR35*0.4,2) -> 0 | BT35: 0 | BU35: =BT35*0.75 -> 0 | BV35: 0 | BW35: =BV35*1.3333333333 -> 0 | BX35: 0 | BY35: =ROUND(BX35*1.43,2) -> 0 | BZ35: =K35+M35+AC35+AE35+I35+Q35+U35+W35+Y35+S35+O35 -> 0
A36: 28 | B36: Tia Hươn | H36: 0 | I36: =H36 -> 0 | J36: 0 | K36: =J36*0.684 -> 0 | L36: 0 | M36: =L36*0.93 -> 0 | N36: 0 | O36: =N36*1.97 -> 0 | P36: 0 | Q36: =P36*16.59 -> 0 | R36: 0 | S36: =R36*17 -> 0 | BZ36: =K36+M36+AC36+AE36+I36+Q36+U36+W36+Y36+S36+O36 -> 0
A37: 29 | B37: Song San | H37: 0 | I37: =H37 -> 0 | J37: 0 | K37: =J37*0.684 -> 0 | L37: 0 | M37: =L37*0.93 -> 0 | N37: 0 | O37: =N37*1.97 -> 0 | P37: 0 | Q37: =P37*16.59 -> 0 | R37: 0 | S37: =R37*17 -> 0 | T37: 0 | U37: =T37*0.1 -> 0 | V37: 0 | W37: =V37*0.5 -> 0 | X37: 0 | Y37: =X37*0.8 -> 0 | Z37: 0 | AA37: =Z37*0.5 -> 0 | AB37: 0 | AC37: =AB37*0.4 -> 0 | AD37: 0 | AE37: =AD37*0.35 -> 0 | AF37: 0 | AG37: =AF37/25 -> 0 | AH37: 0 | AI37: =AH37*6.5 -> 0 | AJ37: 0 | AK37: =AJ37/80 -> 0 | AL37: 0 | AM37: =AL37/61.67 -> 0 | AN37: 0 | AO37: 0 | AP37: =AO37*4.5 -> 0 | AQ37: 0 | AR37: =AQ37/30 -> 0 | AS37: 0 | AT37: 0 | AU37: 0 | AV37: =AU37/25 -> 0 | AW37: 0 | AX37: =AW37*27/30 -> 0 | AY37: =AX37/27 -> 0 | AZ37: 0 | BA37: 0 | BB37: 0 | BC37: =AZ37*600/663.06/555 -> 0 | BD37: =BC37*23 -> 0 | BE37: 0 | BF37: =BE37/800 -> 0 | BG37: 0 | BH37: =BG37/100 -> 0 | BI37: 0 | BJ37: =BI37*0.2 -> 0 | BK37: 0 | BL37: =BK37/300 -> 0 | BM37: 0 | BN37: =BM37/150 -> 0 | BO37: 0 | BP37: =BO37*33/35 -> 0 | BQ37: =BP37*35 -> 0 | BR37: 0 | BS37: =ROUND(BR37*0.4,2) -> 0 | BT37: 0 | BU37: =BT37*0.75 -> 0 | BV37: 0 | BW37: =BV37*1.3333333333 -> 0 | BX37: 0 | BY37: =ROUND(BX37*1.43,2) -> 0 | BZ37: =K37+M37+AC37+AE37+I37+Q37+U37+W37+Y37+S37+O37 -> 0
A38: 30 | B38: But Mum | H38: 0 | I38: =H38 -> 0 | J38: 0 | K38: =J38*0.684 -> 0 | L38: 0 | M38: =L38*0.93 -> 0 | N38: 0 | O38: =N38*1.97 -> 0 | P38: 0 | Q38: =P38*16.59 -> 0 | R38: 0 | S38: =R38*17 -> 0 | T38: 0 | U38: =T38*0.1 -> 0 | V38: 0 | W38: =V38*0.5 -> 0 | X38: 0 | Y38: =X38*0.8 -> 0 | Z38: 0 | AA38: =Z38*0.5 -> 0 | AB38: 0 | AC38: =AB38*0.4 -> 0 | AD38: 0 | AE38: =AD38*0.35 -> 0 | AF38: 0 | AG38: =AF38/25 -> 0 | AH38: 0 | AI38: =AH38*6.5 -> 0 | AJ38: 0 | AK38: =AJ38/80 -> 0 | AL38: 0 | AM38: =AL38/61.67 -> 0 | AN38: 0 | AO38: 0 | AP38: =AO38*4.5 -> 0 | AQ38: 0 | AR38: =AQ38/30 -> 0 | AS38: 0 | AT38: 0 | AU38: 0 | AV38: =AU38/25 -> 0 | AW38: 0 | AX38: =AW38*27/30 -> 0 | AY38: =AX38/27 -> 0 | AZ38: 0 | BA38: 0 | BB38: 0 | BC38: =AZ38*600/663.06/555 -> 0 | BD38: =BC38*23 -> 0 | BE38: 0 | BF38: =BE38/800 -> 0 | BG38: 0 | BH38: =BG38/100 -> 0 | BI38: 0 | BJ38: =BI38*0.2 -> 0 | BK38: 0 | BL38: =BK38/300 -> 0 | BM38: 0 | BN38: =BM38/150 -> 0 | BO38: 0 | BP38: =BO38*33/35 -> 0 | BQ38: =BP38*35 -> 0 | BR38: 0 | BS38: =ROUND(BR38*0.4,2) -> 0 | BT38: 0 | BU38: =BT38*0.75 -> 0 | BV38: 0 | BW38: =BV38*1.3333333333 -> 0 | BX38: 0 | BY38: =ROUND(BX38*1.43,2) -> 0 | BZ38: =K38+M38+AC38+AE38+I38+Q38+U38+W38+Y38+S38+O38 -> 0
A39: 31 | B39: Say Hia | H39: 0 | I39: =H39 -> 0 | J39: 0 | K39: =J39*0.684 -> 0 | L39: 0 | M39: =L39*0.93 -> 0 | N39: 0 | O39: =N39*1.97 -> 0 | P39: 0 | Q39: =P39*16.59 -> 0 | R39: 0 | S39: =R39*17 -> 0 | T39: 0 | U39: =T39*0.1 -> 0 | V39: 0 | W39: =V39*0.5 -> 0 | X39: 0 | Y39: =X39*0.8 -> 0 | Z39: 0 | AA39: =Z39*0.5 -> 0 | AB39: 0 | AC39: =AB39*0.4 -> 0 | AD39: 0 | AE39: =AD39*0.35 -> 0 | AF39: 0 | AG39: =AF39/25 -> 0 | AH39: 0 | AI39: =AH39*6.5 -> 0 | AJ39: 0 | AK39: =AJ39/80 -> 0 | AL39: 0 | AM39: =AL39/61.67 -> 0 | AN39: 0 | AO39: 0 | AP39: =AO39*4.5 -> 0 | AQ39: 0 | AR39: =AQ39/30 -> 0 | AS39: 0 | AT39: 0 | AU39: 0 | AV39: =AU39/25 -> 0 | AW39: 0 | AX39: =AW39*27/30 -> 0 | AY39: =AX39/27 -> 0 | AZ39: 0 | BA39: 0 | BB39: 0 | BC39: =AZ39*600/663.06/555 -> 0 | BD39: =BC39*23 -> 0 | BE39: 0 | BF39: =BE39/800 -> 0 | BG39: 0 | BH39: =BG39/100 -> 0 | BI39: 0 | BJ39: =BI39*0.2 -> 0 | BK39: 0 | BL39: =BK39/300 -> 0 | BM39: 0 | BN39: =BM39/150 -> 0 | BO39: 0 | BP39: =BO39*33/35 -> 0 | BQ39: =BP39*35 -> 0 | BR39: 0 | BS39: =ROUND(BR39*0.4,2) -> 0 | BT39: 0 | BU39: =BT39*0.75 -> 0 | BV39: 0 | BW39: =BV39*1.3333333333 -> 0 | BX39: 0 | BY39: =ROUND(BX39*1.43,2) -> 0 | BZ39: =K39+M39+AC39+AE39+I39+Q39+U39+W39+Y39+S39+O39 -> 0
A40: 32 | B40: Sat Kia | H40: 0 | I40: =H40 -> 0 | J40: 0 | K40: =J40*0.684 -> 0 | L40: 0 | M40: =L40*0.93 -> 0 | N40: 0 | O40: =N40*1.97 -> 0 | P40: 0 | Q40: =P40*16.59 -> 0 | R40: 0 | S40: =R40*17 -> 0 | T40: 0 | U40: =T40*0.1 -> 0 | V40: 0 | W40: =V40*0.5 -> 0 | X40: 0 | Y40: =X40*0.8 -> 0 | Z40: 0 | AA40: =Z40*0.5 -> 0 | AB40: 0 | AC40: =AB40*0.4 -> 0 | AD40: 0 | AE40: =AD40*0.35 -> 0 | AF40: 0 | AG40: =AF40/25 -> 0 | AH40: 0 | AI40: =AH40*6.5 -> 0 | AJ40: 0 | AK40: =AJ40/80 -> 0 | AL40: 0 | AM40: =AL40/61.67 -> 0 | AN40: 0 | AO40: 0 | AP40: =AO40*4.5 -> 0 | AQ40: 0 | AR40: =AQ40/30 -> 0 | AS40: 0 | AT40: 0 | AU40: 0 | AV40: =AU40/25 -> 0 | AW40: 0 | AX40: =AW40*27/30 -> 0 | AY40: =AX40/27 -> 0 | AZ40: 0 | BA40: 0 | BB40: 0 | BC40: =AZ40*600/663.06/555 -> 0 | BD40: =BC40*23 -> 0 | BE40: 0 | BF40: =BE40/800 -> 0 | BG40: 0 | BH40: =BG40/100 -> 0 | BI40: 0 | BJ40: =BI40*0.2 -> 0 | BK40: 0 | BL40: =BK40/300 -> 0 | BM40: 0 | BN40: =BM40/150 -> 0 | BO40: 0 | BP40: =BO40*33/35 -> 0 | BQ40: =BP40*35 -> 0 | BR40: 0 | BS40: =ROUND(BR40*0.4,2) -> 0 | BT40: 0 | BU40: =BT40*0.75 -> 0 | BV40: 0 | BW40: =BV40*1.3333333333 -> 0 | BX40: 0 | BY40: =ROUND(BX40*1.43,2) -> 0 | BZ40: =K40+M40+AC40+AE40+I40+Q40+U40+W40+Y40+S40+O40 -> 0
A41: 33 | B41: Tem Tưa | H41: 0 | I41: =H41 -> 0 | J41: 0 | K41: =J41*0.684 -> 0 | L41: 0 | M41: =L41*0.93 -> 0 | N41: 0 | O41: =N41*1.97 -> 0 | P41: 0 | Q41: =P41*16.59 -> 0 | R41: 0 | S41: =R41*17 -> 0 | T41: 0 | U41: =T41*0.1 -> 0 | V41: 0 | W41: =V41*0.5 -> 0 | X41: 0 | Y41: =X41*0.8 -> 0 | Z41: 0 | AA41: =Z41*0.5 -> 0 | AB41: 0 | AC41: =AB41*0.4 -> 0 | AD41: 0 | AE41: =AD41*0.35 -> 0 | AF41: 0 | AG41: =AF41/25 -> 0 | AH41: 0 | AI41: =AH41*6.5 -> 0 | AJ41: 0 | AK41: =AJ41/80 -> 0 | AL41: 0 | AM41: =AL41/61.67 -> 0 | AN41: 0 | AO41: 0 | AP41: =AO41*4.5 -> 0 | AQ41: 0 | AR41: =AQ41/30 -> 0 | AS41: 0 | AT41: 0 | AU41: 0 | AV41: =AU41/25 -> 0 | AW41: 0 | AX41: =AW41*27/30 -> 0 | AY41: =AX41/27 -> 0 | AZ41: 0 | BA41: 0 | BB41: 0 | BC41: =AZ41*600/663.06/555 -> 0 | BD41: =BC41*23 -> 0 | BE41: 0 | BF41: =BE41/800 -> 0 | BG41: 0 | BH41: =BG41/100 -> 0 | BI41: 0 | BJ41: =BI41*0.2 -> 0 | BK41: 0 | BL41: =BK41/300 -> 0 | BM41: 0 | BN41: =BM41/150 -> 0 | BO41: 0 | BP41: =BO41*33/35 -> 0 | BQ41: =BP41*35 -> 0 | BR41: 0 | BS41: =ROUND(BR41*0.4,2) -> 0 | BT41: 0 | BU41: =BT41*0.75 -> 0 | BV41: 0 | BW41: =BV41*1.3333333333 -> 0 | BX41: 0 | BY41: =ROUND(BX41*1.43,2) -> 0 | BZ41: =K41+M41+AC41+AE41+I41+Q41+U41+W41+Y41+S41+O41 -> 0
A42: 34 | B42: Von Chia | H42: 0 | I42: =H42 -> 0 | J42: 0 | K42: =J42*0.684 -> 0 | L42: 0 | M42: =L42*0.931 -> 0 | N42: 0 | O42: =N42*1.97 -> 0 | P42: 0 | Q42: =P42*16.59 -> 0 | R42: 0 | S42: =R42*17 -> 0 | T42: 0 | U42: =T42*0.1 -> 0 | V42: 0 | W42: =V42*0.5 -> 0 | X42: 0 | Y42: =X42*0.8 -> 0 | Z42: 0 | AA42: =Z42*0.5 -> 0 | AB42: 0 | AC42: =AB42*0.4 -> 0 | AD42: 0 | AE42: =AD42*0.35 -> 0 | AF42: 0 | AG42: =AF42/25 -> 0 | AH42: 0 | AI42: =AH42*6.5 -> 0 | AJ42: 0 | AK42: =AJ42/80 -> 0 | AL42: 0 | AM42: =AL42/61.67 -> 0 | AN42: 0 | AO42: 0 | AP42: =AO42*4.5 -> 0 | AQ42: 0 | AR42: =AQ42/30 -> 0 | AS42: 0 | AT42: 0 | AU42: 0 | AV42: =AU42/25 -> 0 | AW42: 0 | AX42: =AW42*27/30 -> 0 | AY42: =AX42/27 -> 0 | AZ42: 0 | BA42: 0 | BB42: 0 | BC42: =AZ42*600/663.06/555 -> 0 | BD42: =BC42*23 -> 0 | BE42: 0 | BF42: =BE42/800 -> 0 | BG42: 0 | BH42: =BG42/100 -> 0 | BI42: 0 | BJ42: =BI42*0.2 -> 0 | BK42: 0 | BL42: =BK42/300 -> 0 | BM42: 0 | BN42: =BM42/150 -> 0 | BO42: 0 | BP42: =BO42*33/35 -> 0 | BQ42: =BP42*35 -> 0 | BR42: 0 | BS42: =ROUND(BR42*0.4,2) -> 0 | BT42: 0 | BU42: =BT42*0.75 -> 0 | BV42: 0 | BW42: =BV42*1.3333333333 -> 0 | BX42: 0 | BY42: =ROUND(BX42*1.43,2) -> 0 | BZ42: =K42+M42+AC42+AE42+I42+Q42+U42+W42+Y42+S42+O42 -> 0
A43: 35 | B43: Han Ra | H43: 0 | I43: =H43 -> 0 | J43: 0 | K43: =J43*0.684 -> 0 | L43: 0 | M43: =L43*0.93 -> 0 | N43: 0 | O43: =N43*1.97 -> 0 | P43: 0 | Q43: =P43*16.59 -> 0 | R43: 0 | S43: =R43*17 -> 0 | T43: 0 | U43: =T43*0.1 -> 0 | V43: 0 | W43: =V43*0.5 -> 0 | X43: 0 | Y43: =X43*0.8 -> 0 | Z43: 0 | AA43: =Z43*0.5 -> 0 | AB43: 0 | AC43: =AB43*0.4 -> 0 | AD43: 0 | AE43: =AD43*0.35 -> 0 | AF43: 0 | AG43: =AF43/25 -> 0 | AH43: 0 | AI43: =AH43*6.5 -> 0 | AJ43: 0 | AK43: =AJ43/80 -> 0 | AL43: 0 | AM43: =AL43/61.67 -> 0 | AN43: 0 | AO43: 0 | AP43: =AO43*4.5 -> 0 | AQ43: 0 | AR43: =AQ43/30 -> 0 | AS43: 0 | AT43: 0 | AU43: 0 | AV43: =AU43/25 -> 0 | AW43: 0 | AX43: =AW43*27/30 -> 0 | AY43: =AX43/27 -> 0 | AZ43: 0 | BA43: 0 | BB43: 0 | BC43: =AZ43*600/663.06/555 -> 0 | BD43: =BC43*23 -> 0 | BE43: 0 | BF43: =BE43/800 -> 0 | BG43: 0 | BH43: =BG43/100 -> 0 | BI43: 0 | BJ43: =BI43*0.2 -> 0 | BK43: 0 | BL43: =BK43/300 -> 0 | BM43: 0 | BN43: =BM43/150 -> 0 | BO43: 0 | BP43: =BO43*33/35 -> 0 | BQ43: =BP43*35 -> 0 | BR43: 0 | BS43: =ROUND(BR43*0.4,2) -> 0 | BT43: 0 | BU43: =BT43*0.75 -> 0 | BV43: 0 | BW43: =BV43*1.3333333333 -> 0 | BX43: 0 | BY43: =ROUND(BX43*1.43,2) -> 0 | BZ43: =K43+M43+AC43+AE43+I43+Q43+U43+W43+Y43+S43+O43 -> 0
A44: 36 | B44: Chia Chut | H44: 0 | I44: =H44 -> 0 | J44: 0 | K44: =J44*0.684 -> 0 | L44: 0 | M44: =L44*0.93 -> 0 | N44: 0 | O44: =N44*1.97 -> 0 | P44: 0 | Q44: =P44*16.59 -> 0 | R44: 0 | S44: =R44*17 -> 0 | T44: 0 | U44: =T44*0.1 -> 0 | V44: 0 | W44: =V44*0.5 -> 0 | X44: 0 | Y44: =X44*0.8 -> 0 | Z44: 0 | AA44: =Z44*0.5 -> 0 | AB44: 0 | AC44: =AB44*0.4 -> 0 | AD44: 0 | AE44: =AD44*0.35 -> 0 | AF44: 0 | AG44: =AF44/25 -> 0 | AH44: 0 | AI44: =AH44*6.5 -> 0 | AJ44: 0 | AK44: =AJ44/80 -> 0 | AL44: 0 | AM44: =AL44/61.67 -> 0 | AN44: 0 | AO44: 0 | AP44: =AO44*4.5 -> 0 | AQ44: 0 | AR44: =AQ44/30 -> 0 | AS44: 0 | AT44: 0 | AU44: 0 | AV44: =AU44/25 -> 0 | AW44: 0 | AX44: =AW44*27/30 -> 0 | AY44: =AX44/27 -> 0 | AZ44: 0 | BA44: 0 | BB44: 0 | BC44: =AZ44*600/663.06/555 -> 0 | BD44: =BC44*23 -> 0 | BE44: 0 | BF44: =BE44/800 -> 0 | BG44: 0 | BH44: =BG44/100 -> 0 | BI44: 0 | BJ44: =BI44*0.2 -> 0 | BK44: 0 | BL44: =BK44/300 -> 0 | BM44: 0 | BN44: =BM44/150 -> 0 | BO44: 0 | BP44: =BO44*33/35 -> 0 | BQ44: =BP44*35 -> 0 | BR44: 0 | BS44: =ROUND(BR44*0.4,2) -> 0 | BT44: 0 | BU44: =BT44*0.75 -> 0 | BV44: 0 | BW44: =BV44*1.3333333333 -> 0 | BX44: 0 | BY44: =ROUND(BX44*1.43,2) -> 0 | BZ44: =K44+M44+AC44+AE44+I44+Q44+U44+W44+Y44+S44+O44 -> 0
A45: 37 | B45: Sum Tia | H45: 0 | I45: =H45 -> 0 | J45: 0 | K45: =J45*0.684 -> 0 | L45: 0 | M45: =L45*0.93 -> 0 | N45: 0 | O45: =N45*1.97 -> 0 | P45: 0 | Q45: =P45*16.59 -> 0 | R45: 0 | S45: =R45*17 -> 0 | T45: 0 | U45: =T45*0.1 -> 0 | V45: 0 | W45: =V45*0.5 -> 0 | X45: 0 | Y45: =X45*0.8 -> 0 | Z45: 0 | AA45: =Z45*0.5 -> 0 | AB45: 0 | AC45: =AB45*0.4 -> 0 | AD45: 0 | AE45: =AD45*0.35 -> 0 | AF45: 0 | AG45: =AF45/25 -> 0 | AH45: 0 | AI45: =AH45*6.5 -> 0 | AJ45: 0 | AK45: =AJ45/80 -> 0 | AL45: 0 | AM45: =AL45/61.67 -> 0 | AN45: 0 | AO45: 0 | AP45: =AO45*4.5 -> 0 | AQ45: 0 | AR45: =AQ45/30 -> 0 | AS45: 0 | AT45: 0 | AU45: 0 | AV45: =AU45/25 -> 0 | AW45: 0 | AX45: =AW45*27/30 -> 0 | AY45: =AX45/27 -> 0 | AZ45: 0 | BA45: 0 | BB45: 0 | BC45: =AZ45*600/663.06/555 -> 0 | BD45: =BC45*23 -> 0 | BE45: 0 | BF45: =BE45/800 -> 0 | BG45: 0 | BH45: =BG45/100 -> 0 | BI45: 0 | BJ45: =BI45*0.2 -> 0 | BK45: 0 | BL45: =BK45/300 -> 0 | BM45: 0 | BN45: =BM45/150 -> 0 | BO45: 0 | BP45: =BO45*33/35 -> 0 | BQ45: =BP45*35 -> 0 | BR45: 0 | BS45: =ROUND(BR45*0.4,2) -> 0 | BT45: 0 | BU45: =BT45*0.75 -> 0 | BV45: 0 | BW45: =BV45*1.3333333333 -> 0 | BX45: 0 | BY45: =ROUND(BX45*1.43,2) -> 0 | BZ45: =K45+M45+AC45+AE45+I45+Q45+U45+W45+Y45+S45+O45 -> 0
A46: 38 | B46: Chêt Da | H46: 0 | I46: =H46 -> 0 | J46: 0 | K46: =J46*0.684 -> 0 | L46: 0 | M46: =L46*0.93 -> 0 | N46: 0 | O46: =N46*1.97 -> 0 | P46: 0 | Q46: =P46*16.59 -> 0 | R46: 0 | S46: =R46*17 -> 0 | BZ46: =K46+M46+AC46+AE46+I46+Q46+U46+W46+Y46+S46+O46 -> 0
A47: 39 | B47: Sua Vêng | H47: 0 | I47: =H47 -> 0 | J47: 0 | K47: =J47*0.684 -> 0 | L47: 0 | M47: =L47*0.93 -> 0 | N47: 0 | O47: =N47*1.97 -> 0 | P47: 0 | Q47: =P47*16.59 -> 0 | R47: 0 | S47: =R47*17 -> 0 | T47: 0 | U47: =T47*0.1 -> 0 | V47: 0 | W47: =V47*0.5 -> 0 | X47: 0 | Y47: =X47*0.8 -> 0 | Z47: 0 | AA47: =Z47*0.5 -> 0 | AB47: 0 | AC47: =AB47*0.4 -> 0 | AD47: 0 | AE47: =AD47*0.35 -> 0 | AF47: 0 | AG47: =AF47/25 -> 0 | AH47: 0 | AI47: =AH47*6.5 -> 0 | AJ47: 0 | AK47: =AJ47/80 -> 0 | AL47: 0 | AM47: =AL47/61.67 -> 0 | AN47: 0 | AO47: 0 | AP47: =AO47*4.5 -> 0 | AQ47: 0 | AR47: =AQ47/30 -> 0 | AS47: 0 | AT47: 0 | AU47: 0 | AV47: =AU47/25 -> 0 | AW47: 0 | AX47: =AW47*27/30 -> 0 | AY47: =AX47/27 -> 0 | AZ47: 0 | BA47: 0 | BB47: 0 | BC47: =AZ47*600/663.06/555 -> 0 | BD47: =BC47*23 -> 0 | BE47: 0 | BF47: =BE47/800 -> 0 | BG47: 0 | BH47: =BG47/100 -> 0 | BI47: 0 | BJ47: =BI47*0.2 -> 0 | BK47: 0 | BL47: =BK47/300 -> 0 | BM47: 0 | BN47: =BM47/150 -> 0 | BO47: 0 | BP47: =BO47*33/35 -> 0 | BQ47: =BP47*35 -> 0 | BR47: 0 | BS47: =ROUND(BR47*0.4,2) -> 0 | BT47: 0 | BU47: =BT47*0.75 -> 0 | BV47: 0 | BW47: =BV47*1.3333333333 -> 0 | BX47: 0 | BY47: =ROUND(BX47*1.43,2) -> 0 | BZ47: =K47+M47+AC47+AE47+I47+Q47+U47+W47+Y47+S47+O47 -> 0
A48: 40 | B48: Săm Bươn | H48: 0 | I48: =H48 -> 0 | J48: 0 | K48: =J48*0.684 -> 0 | L48: 0 | M48: =L48*0.93 -> 0 | N48: 0 | O48: =N48*1.97 -> 0 | P48: 0 | Q48: =P48*16.59 -> 0 | R48: 0 | S48: =R48*17 -> 0 | T48: 0 | U48: =T48*0.1 -> 0 | V48: 0 | W48: =V48*0.5 -> 0 | X48: 0 | Y48: =X48*0.8 -> 0 | Z48: 0 | AA48: =Z48*0.5 -> 0 | AB48: 0 | AC48: =AB48*0.4 -> 0 | AD48: 0 | AE48: =AD48*0.35 -> 0 | AF48: 0 | AG48: =AF48/25 -> 0 | AH48: 0 | AI48: =AH48*6.5 -> 0 | AJ48: 0 | AK48: =AJ48/80 -> 0 | AL48: 0 | AM48: =AL48/61.67 -> 0 | AN48: 0 | AO48: 0 | AP48: =AO48*4.5 -> 0 | AQ48: 0 | AR48: =AQ48/30 -> 0 | AS48: 0 | AT48: 0 | AU48: 0 | AV48: =AU48/25 -> 0 | AW48: 0 | AX48: =AW48*27/30 -> 0 | AY48: =AX48/27 -> 0 | AZ48: 0 | BA48: 0 | BB48: 0 | BC48: =AZ48*600/663.06/555 -> 0 | BD48: =BC48*23 -> 0 | BE48: 0 | BF48: =BE48/800 -> 0 | BG48: 0 | BH48: =BG48/100 -> 0 | BI48: 0 | BJ48: =BI48*0.2 -> 0 | BK48: 0 | BL48: =BK48/300 -> 0 | BM48: 0 | BN48: =BM48/150 -> 0 | BO48: 0 | BP48: =BO48*33/35 -> 0 | BQ48: =BP48*35 -> 0 | BR48: 0 | BS48: =ROUND(BR48*0.4,2) -> 0 | BT48: 0 | BU48: =BT48*0.75 -> 0 | BV48: 0 | BW48: =BV48*1.3333333333 -> 0 | BX48: 0 | BY48: =ROUND(BX48*1.43,2) -> 0 | BZ48: =K48+M48+AC48+AE48+I48+Q48+U48+W48+Y48+S48+O48 -> 0
A49: 41 | B49: Kon Via Sa | H49: 0 | I49: =H49 -> 0 | J49: 0 | K49: =J49*0.684 -> 0 | L49: 0 | M49: =L49*0.93 -> 0 | N49: 0 | O49: =N49*1.97 -> 0 | P49: 0 | Q49: =P49*16.59 -> 0 | R49: 0 | S49: =R49*17 -> 0 | T49: 0 | U49: =T49*0.1 -> 0 | V49: 0 | W49: =V49*0.5 -> 0 | X49: 0 | Y49: =X49*0.8 -> 0 | Z49: 0 | AA49: =Z49*0.5 -> 0 | AB49: 0 | AC49: =AB49*0.4 -> 0 | AD49: 0 | AE49: =AD49*0.35 -> 0 | AF49: 0 | AG49: =AF49/25 -> 0 | AH49: 0 | AI49: =AH49*6.5 -> 0 | AJ49: 0 | AK49: =AJ49/80 -> 0 | AL49: 0 | AM49: =AL49/61.67 -> 0 | AN49: 0 | AO49: 0 | AP49: =AO49*4.5 -> 0 | AQ49: 0 | AR49: =AQ49/30 -> 0 | AS49: 0 | AT49: 0 | AU49: 0 | AV49: =AU49/25 -> 0 | AW49: 0 | AX49: =AW49*27/30 -> 0 | AY49: =AX49/27 -> 0 | AZ49: 0 | BA49: 0 | BB49: 0 | BC49: =AZ49*600/663.06/555 -> 0 | BD49: =BC49*23 -> 0 | BE49: 0 | BF49: =BE49/800 -> 0 | BG49: 0 | BH49: =BG49/100 -> 0 | BI49: 0 | BJ49: =BI49*0.2 -> 0 | BK49: 0 | BL49: =BK49/300 -> 0 | BM49: 0 | BN49: =BM49/150 -> 0 | BO49: 0 | BP49: =BO49*33/35 -> 0 | BQ49: =BP49*35 -> 0 | BR49: 0 | BS49: =ROUND(BR49*0.4,2) -> 0 | BT49: 0 | BU49: =BT49*0.75 -> 0 | BV49: 0 | BW49: =BV49*1.3333333333 -> 0 | BX49: 0 | BY49: =ROUND(BX49*1.43,2) -> 0 | BZ49: =K49+M49+AC49+AE49+I49+Q49+U49+W49+Y49+S49+O49 -> 0
A50: 42 | B50: Men Mut | H50: 0 | I50: =H50 -> 0 | J50: 0 | K50: =J50*0.684 -> 0 | L50: 0 | M50: =L50*0.93 -> 0 | N50: 0 | O50: =N50*1.97 -> 0 | P50: 0 | Q50: =P50*16.59 -> 0 | R50: 0 | S50: =R50*17 -> 0 | T50: 0 | U50: =T50*0.1 -> 0 | V50: 0 | W50: =V50*0.5 -> 0 | X50: 0 | Y50: =X50*0.8 -> 0 | Z50: 0 | AA50: =Z50*0.5 -> 0 | AB50: 0 | AC50: =AB50*0.4 -> 0 | AD50: 0 | AE50: =AD50*0.35 -> 0 | AF50: 0 | AG50: =AF50/25 -> 0 | AH50: 0 | AI50: =AH50*6.5 -> 0 | AJ50: 0 | AK50: =AJ50/80 -> 0 | AL50: 0 | AM50: =AL50/61.67 -> 0 | AN50: 0 | AO50: 0 | AP50: =AO50*4.5 -> 0 | AQ50: 0 | AR50: =AQ50/30 -> 0 | AS50: 0 | AT50: 0 | AU50: 0 | AV50: =AU50/25 -> 0 | AW50: 0 | AX50: =AW50*27/30 -> 0 | AY50: =AX50/27 -> 0 | AZ50: 0 | BA50: 0 | BB50: 0 | BC50: =AZ50*600/663.06/555 -> 0 | BD50: =BC50*23 -> 0 | BE50: 0 | BF50: =BE50/800 -> 0 | BG50: 0 | BH50: =BG50/100 -> 0 | BI50: 0 | BJ50: =BI50*0.2 -> 0 | BK50: 0 | BL50: =BK50/300 -> 0 | BM50: 0 | BN50: =BM50/150 -> 0 | BO50: 0 | BP50: =BO50*33/35 -> 0 | BQ50: =BP50*35 -> 0 | BR50: 0 | BS50: =ROUND(BR50*0.4,2) -> 0 | BT50: 0 | BU50: =BT50*0.75 -> 0 | BV50: 0 | BW50: =BV50*1.3333333333 -> 0 | BX50: 0 | BY50: =ROUND(BX50*1.43,2) -> 0 | BZ50: =K50+M50+AC50+AE50+I50+Q50+U50+W50+Y50+S50+O50 -> 0
A51: 43 | B51: Siu Vênh | H51: 0 | I51: =H51 -> 0 | J51: 0 | K51: =J51*0.684 -> 0 | L51: 0 | M51: =L51*0.93 -> 0 | N51: 0 | O51: =N51*1.97 -> 0 | P51: 0 | Q51: =P51*16.59 -> 0 | R51: 0 | S51: =R51*17 -> 0 | T51: 0 | U51: =T51*0.1 -> 0 | V51: 0 | W51: =V51*0.5 -> 0 | X51: 0 | Y51: =X51*0.8 -> 0 | Z51: 0 | AA51: =Z51*0.5 -> 0 | AB51: 0 | AC51: =AB51*0.4 -> 0 | AD51: 0 | AE51: =AD51*0.35 -> 0 | AF51: 0 | AG51: =AF51/25 -> 0 | AH51: 0 | AI51: =AH51*6.5 -> 0 | AJ51: 0 | AK51: =AJ51/80 -> 0 | AL51: 0 | AM51: =AL51/61.67 -> 0 | AN51: 0 | AO51: 0 | AP51: =AO51*4.5 -> 0 | AQ51: 0 | AR51: =AQ51/30 -> 0 | AS51: 0 | AT51: 0 | AU51: 0 | AV51: =AU51/25 -> 0 | AW51: 0 | AX51: =AW51*27/30 -> 0 | AY51: =AX51/27 -> 0 | AZ51: 0 | BA51: 0 | BB51: 0 | BC51: =AZ51*600/663.06/555 -> 0 | BD51: =BC51*23 -> 0 | BE51: 0 | BF51: =BE51/800 -> 0 | BG51: 0 | BH51: =BG51/100 -> 0 | BI51: 0 | BJ51: =BI51*0.2 -> 0 | BK51: 0 | BL51: =BK51/300 -> 0 | BM51: 0 | BN51: =BM51/150 -> 0 | BO51: 0 | BP51: =BO51*33/35 -> 0 | BQ51: =BP51*35 -> 0 | BR51: 0 | BS51: =ROUND(BR51*0.4,2) -> 0 | BT51: 0 | BU51: =BT51*0.75 -> 0 | BV51: 0 | BW51: =BV51*1.3333333333 -> 0 | BX51: 0 | BY51: =ROUND(BX51*1.43,2) -> 0 | BZ51: =K51+M51+AC51+AE51+I51+Q51+U51+W51+Y51+S51+O51 -> 0
A52: 44 | B52: Thang Hêng | H52: 0 | I52: =H52 -> 0 | J52: 0 | K52: =J52*0.684 -> 0 | L52: 0 | M52: =L52*0.93 -> 0 | N52: 0 | O52: =N52*1.97 -> 0 | P52: 0 | Q52: =P52*16.59 -> 0 | R52: 0 | S52: =R52*17 -> 0 | T52: 0 | U52: =T52*0.1 -> 0 | V52: 0 | W52: =V52*0.5 -> 0 | X52: 0 | Y52: =X52*0.8 -> 0 | Z52: 0 | AA52: =Z52*0.5 -> 0 | AB52: 0 | AC52: =AB52*0.4 -> 0 | AD52: 0 | AE52: =AD52*0.35 -> 0 | AF52: 0 | AG52: =AF52/25 -> 0 | AH52: 0 | AI52: =AH52*6.5 -> 0 | AJ52: 0 | AK52: =AJ52/80 -> 0 | AL52: 0 | AM52: =AL52/61.67 -> 0 | AN52: 0 | AO52: 0 | AP52: =AO52*4.5 -> 0 | AQ52: 0 | AR52: =AQ52/30 -> 0 | AS52: 0 | AT52: 0 | AU52: 0 | AV52: =AU52/25 -> 0 | AW52: 0 | AX52: =AW52*27/30 -> 0 | AY52: =AX52/27 -> 0 | AZ52: 0 | BA52: 0 | BB52: 0 | BC52: =AZ52*600/663.06/555 -> 0 | BD52: =BC52*23 -> 0 | BE52: 0 | BF52: =BE52/800 -> 0 | BG52: 0 | BH52: =BG52/100 -> 0 | BI52: 0 | BJ52: =BI52*0.2 -> 0 | BK52: 0 | BL52: =BK52/300 -> 0 | BM52: 0 | BN52: =BM52/150 -> 0 | BO52: 0 | BP52: =BO52*33/35 -> 0 | BQ52: =BP52*35 -> 0 | BR52: 0 | BS52: =ROUND(BR52*0.4,2) -> 0 | BT52: 0 | BU52: =BT52*0.75 -> 0 | BV52: 0 | BW52: =BV52*1.3333333333 -> 0 | BX52: 0 | BY52: =ROUND(BX52*1.43,2) -> 0 | BZ52: =K52+M52+AC52+AE52+I52+Q52+U52+W52+Y52+S52+O52 -> 0
A53: 45 | B53: Dup Mơi | H53: 0 | I53: =H53 -> 0 | J53: 0 | K53: =J53*0.684 -> 0 | L53: 0 | M53: =L53*0.93 -> 0 | N53: 0 | O53: =N53*1.97 -> 0 | P53: 0 | Q53: =P53*16.59 -> 0 | R53: 0 | S53: =R53*17 -> 0 | T53: 0 | U53: =T53*0.1 -> 0 | V53: 0 | W53: =V53*0.5 -> 0 | X53: 0 | Y53: =X53*0.8 -> 0 | Z53: 0 | AA53: =Z53*0.5 -> 0 | AB53: 0 | AC53: =AB53*0.4 -> 0 | AD53: 0 | AE53: =AD53*0.35 -> 0 | AF53: 0 | AG53: =AF53/25 -> 0 | AH53: 0 | AI53: =AH53*6.5 -> 0 | AJ53: 0 | AK53: =AJ53/80 -> 0 | AL53: 0 | AM53: =AL53/61.67 -> 0 | AN53: 0 | AO53: 0 | AP53: =AO53*4.5 -> 0 | AQ53: 0 | AR53: =AQ53/30 -> 0 | AS53: 0 | AT53: 0 | AU53: 0 | AV53: =AU53/25 -> 0 | AW53: 0 | AX53: =AW53*27/30 -> 0 | AY53: =AX53/27 -> 0 | AZ53: 0 | BA53: 0 | BB53: 0 | BC53: =AZ53*600/663.06/555 -> 0 | BD53: =BC53*23 -> 0 | BE53: 0 | BF53: =BE53/800 -> 0 | BG53: 0 | BH53: =BG53/100 -> 0 | BI53: 0 | BJ53: =BI53*0.2 -> 0 | BK53: 0 | BL53: =BK53/300 -> 0 | BM53: 0 | BN53: =BM53/150 -> 0 | BO53: 0 | BP53: =BO53*33/35 -> 0 | BQ53: =BP53*35 -> 0 | BR53: 0 | BS53: =ROUND(BR53*0.4,2) -> 0 | BT53: 0 | BU53: =BT53*0.75 -> 0 | BV53: 0 | BW53: =BV53*1.3333333333 -> 0 | BX53: 0 | BY53: =ROUND(BX53*1.43,2) -> 0 | BZ53: =K53+M53+AC53+AE53+I53+Q53+U53+W53+Y53+S53+O53 -> 0
A54: 46 | B54: Khanh Ra | H54: 0 | I54: =H54 -> 0 | J54: 0 | K54: =J54*0.684 -> 0 | L54: 0 | M54: =L54*0.93 -> 0 | N54: 0 | O54: =N54*1.97 -> 0 | P54: 0 | Q54: =P54*16.59 -> 0 | R54: 0 | S54: =R54*17 -> 0 | T54: 0 | U54: =T54*0.1 -> 0 | V54: 0 | W54: =V54*0.5 -> 0 | X54: 0 | Y54: =X54*0.8 -> 0 | Z54: 0 | AA54: =Z54*0.5 -> 0 | AB54: 0 | AC54: =AB54*0.4 -> 0 | AD54: 0 | AE54: =AD54*0.35 -> 0 | AF54: 0 | AG54: =AF54/25 -> 0 | AH54: 0 | AI54: =AH54*6.5 -> 0 | AJ54: 0 | AK54: =AJ54/80 -> 0 | AL54: 0 | AM54: =AL54/61.67 -> 0 | AN54: 0 | AO54: 0 | AP54: =AO54*4.5 -> 0 | AQ54: 0 | AR54: =AQ54/30 -> 0 | AS54: 0 | AT54: 0 | AU54: 0 | AV54: =AU54/25 -> 0 | AW54: 0 | AX54: =AW54*27/30 -> 0 | AY54: =AX54/27 -> 0 | AZ54: 0 | BA54: 0 | BB54: 0 | BC54: =AZ54*600/663.06/555 -> 0 | BD54: =BC54*23 -> 0 | BE54: 0 | BF54: =BE54/800 -> 0 | BG54: 0 | BH54: =BG54/100 -> 0 | BI54: 0 | BJ54: =BI54*0.2 -> 0 | BK54: 0 | BL54: =BK54/300 -> 0 | BM54: 0 | BN54: =BM54/150 -> 0 | BO54: 0 | BP54: =BO54*33/35 -> 0 | BQ54: =BP54*35 -> 0 | BR54: 0 | BS54: =ROUND(BR54*0.4,2) -> 0 | BT54: 0 | BU54: =BT54*0.75 -> 0 | BV54: 0 | BW54: =BV54*1.3333333333 -> 0 | BX54: 0 | BY54: =ROUND(BX54*1.43,2) -> 0 | BZ54: =K54+M54+AC54+AE54+I54+Q54+U54+W54+Y54+S54+O54 -> 0
A55: 47 | B55: Vênh Chênh | H55: 0 | I55: =H55 -> 0 | J55: 0 | K55: =J55*0.684 -> 0 | L55: 0 | M55: =L55*0.93 -> 0 | N55: 0 | O55: =N55*1.97 -> 0 | P55: 0 | Q55: =P55*16.59 -> 0 | R55: 0 | S55: =R55*17 -> 0 | T55: 0 | U55: =T55*0.1 -> 0 | V55: 0 | W55: =V55*0.5 -> 0 | X55: 0 | Y55: =X55*0.8 -> 0 | Z55: 0 | AA55: =Z55*0.5 -> 0 | AB55: 0 | AC55: =AB55*0.4 -> 0 | AD55: 0 | AE55: =AD55*0.35 -> 0 | AF55: 0 | AG55: =AF55/25 -> 0 | AH55: 0 | AI55: =AH55*6.5 -> 0 | AJ55: 0 | AK55: =AJ55/80 -> 0 | AL55: 0 | AM55: =AL55/61.67 -> 0 | AN55: 0 | AO55: 0 | AP55: =AO55*4.5 -> 0 | AQ55: 0 | AR55: =AQ55/30 -> 0 | AS55: 0 | AT55: 0 | AU55: 0 | AV55: =AU55/25 -> 0 | AW55: 0 | AX55: =AW55*27/30 -> 0 | AY55: =AX55/27 -> 0 | AZ55: 0 | BA55: 0 | BB55: 0 | BC55: =AZ55*600/663.06/555 -> 0 | BD55: =BC55*23 -> 0 | BE55: 0 | BF55: =BE55/800 -> 0 | BG55: 0 | BH55: =BG55/100 -> 0 | BI55: 0 | BJ55: =BI55*0.2 -> 0 | BK55: 0 | BL55: =BK55/300 -> 0 | BM55: 0 | BN55: =BM55/150 -> 0 | BO55: 0 | BP55: =BO55*33/35 -> 0 | BQ55: =BP55*35 -> 0 | BR55: 0 | BS55: =ROUND(BR55*0.4,2) -> 0 | BT55: 0 | BU55: =BT55*0.75 -> 0 | BV55: 0 | BW55: =BV55*1.3333333333 -> 0 | BX55: 0 | BY55: =ROUND(BX55*1.43,2) -> 0 | BZ55: =K55+M55+AC55+AE55+I55+Q55+U55+W55+Y55+S55+O55 -> 0
A56: 48 | B56: Lot Bum | H56: 0 | I56: =H56 -> 0 | J56: 0 | K56: =J56*0.684 -> 0 | L56: 0 | M56: =L56*0.93 -> 0 | N56: 0 | O56: =N56*1.97 -> 0 | P56: 0 | Q56: =P56*16.59 -> 0 | R56: 0 | S56: =R56*17 -> 0 | T56: 0 | U56: =T56*0.1 -> 0 | V56: 0 | W56: =V56*0.5 -> 0 | X56: 0 | Y56: =X56*0.8 -> 0 | Z56: 0 | AA56: =Z56*0.5 -> 0 | AB56: 0 | AC56: =AB56*0.4 -> 0 | AD56: 0 | AE56: =AD56*0.35 -> 0 | AF56: 0 | AG56: =AF56/25 -> 0 | AH56: 0 | AI56: =AH56*6.5 -> 0 | AJ56: 0 | AK56: =AJ56/80 -> 0 | AL56: 0 | AM56: =AL56/61.67 -> 0 | AN56: 0 | AO56: 0 | AP56: =AO56*4.5 -> 0 | AQ56: 0 | AR56: =AQ56/30 -> 0 | AS56: 0 | AT56: 0 | AU56: 0 | AV56: =AU56/25 -> 0 | AW56: 0 | AX56: =AW56*27/30 -> 0 | AY56: =AX56/27 -> 0 | AZ56: 0 | BA56: 0 | BB56: 0 | BC56: =AZ56*600/663.06/555 -> 0 | BD56: =BC56*23 -> 0 | BE56: 0 | BF56: =BE56/800 -> 0 | BG56: 0 | BH56: =BG56/100 -> 0 | BI56: 0 | BJ56: =BI56*0.2 -> 0 | BK56: 0 | BL56: =BK56/300 -> 0 | BM56: 0 | BN56: =BM56/150 -> 0 | BO56: 0 | BP56: =BO56*33/35 -> 0 | BQ56: =BP56*35 -> 0 | BR56: 0 | BS56: =ROUND(BR56*0.4,2) -> 0 | BT56: 0 | BU56: =BT56*0.75 -> 0 | BV56: 0 | BW56: =BV56*1.3333333333 -> 0 | BX56: 0 | BY56: =ROUND(BX56*1.43,2) -> 0 | BZ56: =K56+M56+AC56+AE56+I56+Q56+U56+W56+Y56+S56+O56 -> 0
A57: 49 | B57: Sang Son | H57: 0 | I57: =H57 -> 0 | J57: 0 | K57: =J57*0.684 -> 0 | L57: 0 | M57: =L57*0.93 -> 0 | N57: 0 | O57: =N57*1.97 -> 0 | P57: 0 | Q57: =P57*16.59 -> 0 | R57: 0 | S57: =R57*17 -> 0 | T57: 0 | U57: =T57*0.1 -> 0 | V57: 0 | W57: =V57*0.5 -> 0 | X57: 0 | Y57: =X57*0.8 -> 0 | Z57: 0 | AA57: =Z57*0.5 -> 0 | AB57: 0 | AC57: =AB57*0.4 -> 0 | AD57: 0 | AE57: =AD57*0.35 -> 0 | AF57: 0 | AG57: =AF57/25 -> 0 | AH57: 0 | AI57: =AH57*6.5 -> 0 | AJ57: 0 | AK57: =AJ57/80 -> 0 | AL57: 0 | AM57: =AL57/61.67 -> 0 | AN57: 0 | AO57: 0 | AP57: =AO57*4.5 -> 0 | AQ57: 0 | AR57: =AQ57/30 -> 0 | AS57: 0 | AT57: 0 | AU57: 0 | AV57: =AU57/25 -> 0 | AW57: 0 | AX57: =AW57*27/30 -> 0 | AY57: =AX57/27 -> 0 | AZ57: 0 | BA57: 0 | BB57: 0 | BC57: =AZ57*600/663.06/555 -> 0 | BD57: =BC57*23 -> 0 | BE57: 0 | BF57: =BE57/800 -> 0 | BG57: 0 | BH57: =BG57/100 -> 0 | BI57: 0 | BJ57: =BI57*0.2 -> 0 | BK57: 0 | BL57: =BK57/300 -> 0 | BM57: 0 | BN57: =BM57/150 -> 0 | BO57: 0 | BP57: =BO57*33/35 -> 0 | BQ57: =BP57*35 -> 0 | BR57: 0 | BS57: =ROUND(BR57*0.4,2) -> 0 | BT57: 0 | BU57: =BT57*0.75 -> 0 | BV57: 0 | BW57: =BV57*1.3333333333 -> 0 | BX57: 0 | BY57: =ROUND(BX57*1.43,2) -> 0 | BZ57: =K57+M57+AC57+AE57+I57+Q57+U57+W57+Y57+S57+O57 -> 0
A58: 50 | B58: La Hia | H58: 0 | I58: =H58 -> 0 | J58: 0 | K58: =J58*0.684 -> 0 | L58: 0 | M58: =L58*0.93 -> 0 | N58: 0 | O58: =N58*1.97 -> 0 | P58: 0 | Q58: =P58*16.59 -> 0 | R58: 0 | S58: =R58*17 -> 0 | T58: 0 | U58: =T58*0.1 -> 0 | V58: 0 | W58: =V58*0.5 -> 0 | X58: 0 | Y58: =X58*0.8 -> 0 | Z58: 0 | AA58: =Z58*0.5 -> 0 | AB58: 0 | AC58: =AB58*0.4 -> 0 | AD58: 0 | AE58: =AD58*0.35 -> 0 | AF58: 0 | AG58: =AF58/25 -> 0 | AH58: 0 | AI58: =AH58*6.5 -> 0 | AJ58: 0 | AK58: =AJ58/80 -> 0 | AL58: 0 | AM58: =AL58/61.67 -> 0 | AN58: 0 | AO58: 0 | AP58: =AO58*4.5 -> 0 | AQ58: 0 | AR58: =AQ58/30 -> 0 | AS58: 0 | AT58: 0 | AU58: 0 | AV58: =AU58/25 -> 0 | AW58: 0 | AX58: =AW58*27/30 -> 0 | AY58: =AX58/27 -> 0 | AZ58: 0 | BA58: 0 | BB58: 0 | BC58: =AZ58*600/663.06/555 -> 0 | BD58: =BC58*23 -> 0 | BE58: 0 | BF58: =BE58/800 -> 0 | BG58: 0 | BH58: =BG58/100 -> 0 | BI58: 0 | BJ58: =BI58*0.2 -> 0 | BK58: 0 | BL58: =BK58/300 -> 0 | BM58: 0 | BN58: =BM58/150 -> 0 | BO58: 0 | BP58: =BO58*33/35 -> 0 | BQ58: =BP58*35 -> 0 | BR58: 0 | BS58: =ROUND(BR58*0.4,2) -> 0 | BT58: 0 | BU58: =BT58*0.75 -> 0 | BV58: 0 | BW58: =BV58*1.3333333333 -> 0 | BX58: 0 | BY58: =ROUND(BX58*1.43,2) -> 0 | BZ58: =K58+M58+AC58+AE58+I58+Q58+U58+W58+Y58+S58+O58 -> 0
... A71: 63 | B71: Sat Mau | H71: 0 | I71: =H71 -> 0 | J71: 0 | K71: =J71*0.684 -> 0 | L71: 0 | M71: =L71*0.93 -> 0 | N71: 0 | O71: =N71*1.97 -> 0 | P71: 0 | Q71: =P71*16.59 -> 0 | R71: 0 | S71: =R71*17 -> 0 | T71: 0 | U71: =T71*0.1 -> 0 | V71: 0 | W71: =V71*0.5 -> 0 | X71: 0 | Y71: =X71*0.8 -> 0 | Z71: 0 | AA71: =Z71*0.5 -> 0 | AB71: 0 | AC71: =AB71*0.4 -> 0 | AD71: 0 | AE71: =AD71*0.35 -> 0 | AF71: 0 | AG71: =AF71/25 -> 0 | AH71: 0 | AI71: =AH71*6.5 -> 0 | AJ71: 0 | AK71: =AJ71/80 -> 0 | AL71: 0 | AM71: =AL71/61.67 -> 0 | AN71: 0 | AO71: 0 | AP71: =AO71*4.5 -> 0 | AQ71: 0 | AR71: =AQ71/30 -> 0 | AS71: 0 | AT71: 0 | AU71: 0 | AV71: =AU71/25 -> 0 | AW71: 0 | AX71: =AW71*27/30 -> 0 | AY71: =AX71/27 -> 0 | AZ71: 0 | BA71: 0 | BB71: 0 | BC71: =AZ71*600/663.06/555 -> 0 | BD71: =BC71*23 -> 0 | BE71: 0 | BF71: =BE71/800 -> 0 | BG71: 0 | BH71: =BG71/100 -> 0 | BI71: 0 | BJ71: =BI71*0.2 -> 0 | BK71: 0 | BL71: =BK71/300 -> 0 | BM71: 0 | BN71: =BM71/150 -> 0 | BO71: 0 | BP71: =BO71*33/35 -> 0 | BQ71: =BP71*35 -> 0 | BR71: 0 | BS71: =ROUND(BR71*0.4,2) -> 0 | BT71: 0 | BU71: =BT71*0.75 -> 0 | BV71: 0 | BW71: =BV71*1.3333333333 -> 0 | BX71: 0 | BY71: =ROUND(BX71*1.43,2) -> 0 | BZ71: =K71+M71+AC71+AE71+I71+Q71+U71+W71+Y71+S71+O71 -> 0
A72: 64 | B72: Thia Ra | H72: 0 | I72: =H72 -> 0 | J72: 0 | K72: =J72*0.684 -> 0 | L72: 0 | M72: =L72*0.93 -> 0 | BZ72: =K72+M72+AC72+AE72+I72+Q72+U72+W72+Y72+S72+O72 -> 0
A73: 65 | B73: Du Hon | H73: 0 | I73: =H73 -> 0 | J73: 0 | K73: =J73*0.684 -> 0 | L73: 0 | M73: =L73*0.93 -> 0 | BZ73: =K73+M73+AC73+AE73+I73+Q73+U73+W73+Y73+S73+O73 -> 0
A74: 66 | B74: Ron Ria | H74: 0 | I74: =H74 -> 0 | J74: 0 | K74: =J74*0.684 -> 0 | L74: 0 | M74: =L74*0.93 -> 0 | BZ74: =K74+M74+AC74+AE74+I74+Q74+U74+W74+Y74+S74+O74 -> 0
A75: 67 | B75: Phon Tha | H75: 0 | I75: =H75 -> 0 | J75: 0 | K75: =J75*0.684 -> 0 | L75: 0 | M75: =L75*0.93 -> 0 | BZ75: =K75+M75+AC75+AE75+I75+Q75+U75+W75+Y75+S75+O75 -> 0
A76: 68 | B76: Vot Num | H76: 0 | I76: =H76 -> 0 | J76: 0 | K76: =J76*0.684 -> 0 | L76: 0 | M76: =L76*0.93 -> 0 | BZ76: =K76+M76+AC76+AE76+I76+Q76+U76+W76+Y76+S76+O76 -> 0
A77: 69 | B77: Thu Thươn | H77: 0 | I77: =H77 -> 0 | J77: 0 | K77: =J77*0.684 -> 0 | L77: 0 | M77: =L77*0.93 -> 0 | BZ77: =K77+M77+AC77+AE77+I77+Q77+U77+W77+Y77+S77+O77 -> 0
A78: 70 | B78: Sia Vum | H78: 0 | I78: =H78 -> 0 | J78: 0 | K78: =J78*0.684 -> 0 | L78: 0 | M78: =L78*0.93 -> 0 | BZ78: =K78+M78+AC78+AE78+I78+Q78+U78+W78+Y78+S78+O78 -> 0
A79: 71 | B79: Phon Xia | H79: 0 | I79: =H79 -> 0 | J79: 0 | K79: =J79*0.684 -> 0 | L79: 0 | M79: =L79*0.93 -> 0 | BZ79: =K79+M79+AC79+AE79+I79+Q79+U79+W79+Y79+S79+O79 -> 0
A80: 72 | B80: Tu Hua | H80: 0 | I80: =H80 -> 0 | J80: 0 | K80: =J80*0.684 -> 0 | L80: 0 | M80: =L80*0.93 -> 0 | BZ80: =K80+M80+AC80+AE80+I80+Q80+U80+W80+Y80+S80+O80 -> 0
A81: 73 | B81: Mim Ra | H81: 0 | I81: =H81 -> 0 | J81: 0 | K81: =J81*0.684 -> 0 | L81: 0 | M81: =L81*0.93 -> 0 | BZ81: =K81+M81+AC81+AE81+I81+Q81+U81+W81+Y81+S81+O81 -> 0
A82: 74 | B82: Ra Hum | H82: 0 | I82: =H82 -> 0 | J82: 0 | K82: =J82*0.684 -> 0 | L82: 0 | M82: =L82*0.93 -> 0 | BZ82: =K82+M82+AC82+AE82+I82+Q82+U82+W82+Y82+S82+O82 -> 0
A83: 75 | B83: Um Von | H83: 0 | I83: =H83 -> 0 | J83: 0 | K83: =J83*0.684 -> 0 | L83: 0 | M83: =L83*0.93 -> 0 | BZ83: =K83+M83+AC83+AE83+I83+Q83+U83+W83+Y83+S83+O83 -> 0
... A106: 98 | B106: Chi Chia | H106: 0 | I106: =H106 -> 0 | J106: 0 | K106: =J106*0.684 -> 0 | L106: 0 | M106: =L106*0.93 -> 0 | BZ106: =K106+M106+AC106+AE106+I106+Q106+U106+W106+Y106+S106+O106 -> 0
A107: TỔNG CỘNG | C107: =SUM(C9:C19) -> 0 | D107: =SUM(D9:D19) -> 0 | E107: =SUM(E9:E19) -> 0 | F107: =SUM(F9:F19) -> 0 | G107: =SUM(G9:G19) -> 0 | H107: =SUM(H9:H106) -> 0 | I107: =SUM(I9:I106) -> 0 | J107: =SUM(J9:J106) -> 0 | K107: =SUM(K9:K106) -> 0 | L107: =SUM(L9:L106) -> 0 | M107: =SUM(M9:M106) -> 0 | N107: =SUM(N9:N106) -> 0 | O107: =SUM(O9:O106) -> 0 | ... Y107: =SUM(Y9:Y106) -> 0 | Z107: =SUM(Z9:Z19) -> 0 | AA107: =SUM(AA9:AA19) -> 0 | AB107: =SUM(AB9:AB106) -> 0 | AC107: =SUM(AC9:AC106) -> 0 | AD107: =SUM(AD9:AD106) -> 0 | AE107: =SUM(AE9:AE106) -> 0 | AF107: =SUM(AF9:AF19) -> 0 | AG107: =SUM(AG9:AG19) -> 0 | AH107: =SUM(AH9:AH19) -> 0 | AI107: =SUM(AI9:AI19) -> 0 | AJ107: =SUM(AJ9:AJ19) -> 0 | AK107: =SUM(AK9:AK19) -> 0 | AL107: =SUM(AL9:AL19) -> 0 | AM107: =SUM(AM9:AM19) -> 0 | ... BH107: =SUM(BH9:BH19) -> 0 | BI107: 0 | BJ107: =SUM(BJ9:BJ19) -> 0 | BK107: =SUM(BK9:BK19) -> 0 | BL107: =SUM(BL9:BL19) -> 0 | BM107: =SUM(BM9:BM19) -> 0 | BN107: =SUM(BN9:BN19) -> 0 | BO107: =SUM(BO9:BO19) -> 0 | BP107: =SUM(BP9:BP19) -> 0 | BQ107: =SUM(BQ9:BQ19) -> 0 | ... BY107: =SUM(BY9:BY19) -> 0 | BZ107: =SUM(BZ9:BZ106) -> 0
L109: Kampong Thom, ngày 31 tháng 12 năm 2016
B110: ĐƠN VỊ THỰC HIỆN | L110: NGƯỜI LẬP BIỂU
B115: Nguyễn Thành Vinh | L115: Phạm Thành Phước

Sheet TTTL tổ 4
A1: CÔNG TY TNHH CAO SU MEKONG | J1: VƯƠNG QUỐC CAMPUCHIA
A2: ĐƠN VỊ: NÔNG TRƯỜNG II | J2: Dân tộc - Tôn giáo - Quốc vương
A4: BẢNG THANH TOÁN LƯƠNG CÔNG NHÂN CAMPUCHIA TỔ 4
A5: THÁNG 12 NĂM 2016
N7: ĐVT: Riel
A8: STT | B8: Họ và tên | C8: Định mức 22.000 Riel/công | D8: Tổng công | E8: Thành tiền | F8: Lương làm thêm giờ | G8: Lương thưởng tết | H8: Tổng lương | I8: Công nợ | L8: Tổng nợ | M8: Thực nhận | N8: KÝ NHẬN
F9: Công | I9: T/ứ lương | J9: TNCN | K9: Tiền đóng bảo hiểm
A10: A | B10: B | C10: 1 | D10: 2 | E10: 3=1*2 | F10: 4 | G10: 5 | H10: 6=3+5 | I10: 7 | J10: 8 | K10: 9 | L10: 10=7+8+9 | M10: 11=6-10 | N10: 12
A11: ='KL tổ 4'!A9 -> 1 | B11: ='KL tổ 4'!B9 -> Rat Non | C11: 22000 | D11: ='KL tổ 4'!BZ9 -> 0 | E11: 0 | F11: 0 | G11: 0 | H11: =E11+G11 -> 0 | I11: 0 | J11: =ROUND(IF(H11<=800000,0,IF(AND((H11-'[1]Gia cảnh 2 '!I6)>800000,(H11-'[1]Gia cảnh 2 '!I6)<=1250000),(H11-'[1]Gia cảnh 2 '!I6)*5%-40000,IF(AND((H11-'[1]Gia cảnh 2 '!I6)>1250000,(H11-'[1]Gia cảnh 2 '!I6)<=8500000),(H11-'[1]Gia cảnh 2 '!I6)*10%-102500))),2) -> 0 | K11: 1600 | L11: 0 | M11: 0
A12: ='KL tổ 4'!A10 -> 2 | B12: ='KL tổ 4'!B10 -> Dâm Vanh | C12: 22000 | D12: ='KL tổ 4'!BZ10 -> 0 | E12: 0 | F12: 0 | G12: 0 | H12: =E12+G12 -> 0 | I12: 0 | J12: 0 | K12: =IF(H12<=200000,1600,IF(AND(H12>200000,H12<=250000),1800,IF(AND(H12>250000,H12<=300000),2200,IF(AND(H12>300000,H12<=350000),2600,IF(AND(H12>350000,H12<=400000),3000,IF(AND(H12>400000,H12<=450000),3400,IF(AND(H12>450000,H12<=500000),3800,IF(AND(H12>500000,H12<=550000),4200,IF(AND(H12>550000,H12<=600000),4600,IF(AND(H12>600000,H12<=650000),5000,IF(AND(H12>650000,H12<=700000),5400,IF(AND(H12>700000,H12<=750000),5800,IF(AND(H12>750000,H12<=800000),6200,IF(AND(H12>800000,H12<=850000),6600,IF(AND(H12>850000,H12<=900000),7000,IF(AND(H12>900000,H12<=950000),7400,IF(AND(H12>950000,H12<=1000000),7800,IF(H12>1000000,8000)))))))))))))))))) -> 1600 | L12: 0 | M12: =IF(L12>0,H12-L12,H12) -> 0
A13: ='KL tổ 4'!A11 -> 3 | B13: ='KL tổ 4'!B11 -> Sa Mêt | C13: 22000 | D13: ='KL tổ 4'!BZ11 -> 0 | E13: 0 | F13: 0 | G13: 0 | H13: =E13+G13 -> 0 | I13: 0 | J13: =ROUND(IF(H13<=800000,0,IF(AND((H13-'[1]Gia cảnh 2 '!I8)>800000,(H13-'[1]Gia cảnh 2 '!I8)<=1250000),(H13-'[1]Gia cảnh 2 '!I8)*5%-40000,IF(AND((H13-'[1]Gia cảnh 2 '!I8)>1250000,(H13-'[1]Gia cảnh 2 '!I8)<=8500000),(H13-'[1]Gia cảnh 2 '!I8)*10%-102500))),2) -> 0 | K13: =IF(H13<=200000,1600,IF(AND(H13>200000,H13<=250000),1800,IF(AND(H13>250000,H13<=300000),2200,IF(AND(H13>300000,H13<=350000),2600,IF(AND(H13>350000,H13<=400000),3000,IF(AND(H13>400000,H13<=450000),3400,IF(AND(H13>450000,H13<=500000),3800,IF(AND(H13>500000,H13<=550000),4200,IF(AND(H13>550000,H13<=600000),4600,IF(AND(H13>600000,H13<=650000),5000,IF(AND(H13>650000,H13<=700000),5400,IF(AND(H13>700000,H13<=750000),5800,IF(AND(H13>750000,H13<=800000),6200,IF(AND(H13>800000,H13<=850000),6600,IF(AND(H13>850000,H13<=900000),7000,IF(AND(H13>900000,H13<=950000),7400,IF(AND(H13>950000,H13<=1000000),7800,IF(H13>1000000,8000)))))))))))))))))) -> 1600 | L13: 0 | M13: =IF(L13>0,H13-L13,H13) -> 0
A14: ='KL tổ 4'!A12 -> 4 | B14: ='KL tổ 4'!B12 -> Nu Rươn | C14: 22000 | D14: ='KL tổ 4'!BZ12 -> 0 | E14: 0 | F14: 0 | G14: 0 | H14: =E14+G14 -> 0 | I14: 0 | J14: =ROUND(IF(H14<=800000,0,IF(AND((H14-'[1]Gia cảnh 2 '!I9)>800000,(H14-'[1]Gia cảnh 2 '!I9)<=1250000),(H14-'[1]Gia cảnh 2 '!I9)*5%-40000,IF(AND((H14-'[1]Gia cảnh 2 '!I9)>1250000,(H14-'[1]Gia cảnh 2 '!I9)<=8500000),(H14-'[1]Gia cảnh 2 '!I9)*10%-102500))),2) -> 0 | K14: =IF(H14<=200000,1600,IF(AND(H14>200000,H14<=250000),1800,IF(AND(H14>250000,H14<=300000),2200,IF(AND(H14>300000,H14<=350000),2600,IF(AND(H14>350000,H14<=400000),3000,IF(AND(H14>400000,H14<=450000),3400,IF(AND(H14>450000,H14<=500000),3800,IF(AND(H14>500000,H14<=550000),4200,IF(AND(H14>550000,H14<=600000),4600,IF(AND(H14>600000,H14<=650000),5000,IF(AND(H14>650000,H14<=700000),5400,IF(AND(H14>700000,H14<=750000),5800,IF(AND(H14>750000,H14<=800000),6200,IF(AND(H14>800000,H14<=850000),6600,IF(AND(H14>850000,H14<=900000),7000,IF(AND(H14>900000,H14<=950000),7400,IF(AND(H14>950000,H14<=1000000),7800,IF(H14>1000000,8000)))))))))))))))))) -> 1600 | L14: 0 | M14: =IF(L14>0,H14-L14,H14) -> 0
A15: ='KL tổ 4'!A13 -> 5 | B15: ='KL tổ 4'!B13 -> Son Hay | C15: 22000 | D15: ='KL tổ 4'!BZ13 -> 0 | E15: 0 | F15: 0 | G15: 0 | H15: =E15+G15 -> 0 | I15: 0 | J15: =ROUND(IF(H15<=800000,0,IF(AND((H15-'[1]Gia cảnh 2 '!I10)>800000,(H15-'[1]Gia cảnh 2 '!I10)<=1250000),(H15-'[1]Gia cảnh 2 '!I10)*5%-40000,IF(AND((H15-'[1]Gia cảnh 2 '!I10)>1250000,(H15-'[1]Gia cảnh 2 '!I10)<=8500000),(H15-'[1]Gia cảnh 2 '!I10)*10%-102500))),2) -> 0 | K15: =IF(H15<=200000,1600,IF(AND(H15>200000,H15<=250000),1800,IF(AND(H15>250000,H15<=300000),2200,IF(AND(H15>300000,H15<=350000),2600,IF(AND(H15>350000,H15<=400000),3000,IF(AND(H15>400000,H15<=450000),3400,IF(AND(H15>450000,H15<=500000),3800,IF(AND(H15>500000,H15<=550000),4200,IF(AND(H15>550000,H15<=600000),4600,IF(AND(H15>600000,H15<=650000),5000,IF(AND(H15>650000,H15<=700000),5400,IF(AND(H15>700000,H15<=750000),5800,IF(AND(H15>750000,H15<=800000),6200,IF(AND(H15>800000,H15<=850000),6600,IF(AND(H15>850000,H15<=900000),7000,IF(AND(H15>900000,H15<=950000),7400,IF(AND(H15>950000,H15<=1000000),7800,IF(H15>1000000,8000)))))))))))))))))) -> 1600 | L15: 0 | M15: =IF(L15>0,H15-L15,H15) -> 0
A16: ='KL tổ 4'!A14 -> 6 | B16: ='KL tổ 4'!B14 -> Chon Via | C16: 22000 | D16: ='KL tổ 4'!BZ14 -> 0 | E16: 0 | F16: 0 | G16: 0 | H16: =E16+G16 -> 0 | I16: 0 | J16: =ROUND(IF(H16<=800000,0,IF(AND((H16-'[1]Gia cảnh 2 '!I11)>800000,(H16-'[1]Gia cảnh 2 '!I11)<=1250000),(H16-'[1]Gia cảnh 2 '!I11)*5%-40000,IF(AND((H16-'[1]Gia cảnh 2 '!I11)>1250000,(H16-'[1]Gia cảnh 2 '!I11)<=8500000),(H16-'[1]Gia cảnh 2 '!I11)*10%-102500))),2) -> 0 | K16: =IF(H16<=200000,1600,IF(AND(H16>200000,H16<=250000),1800,IF(AND(H16>250000,H16<=300000),2200,IF(AND(H16>300000,H16<=350000),2600,IF(AND(H16>350000,H16<=400000),3000,IF(AND(H16>400000,H16<=450000),3400,IF(AND(H16>450000,H16<=500000),3800,IF(AND(H16>500000,H16<=550000),4200,IF(AND(H16>550000,H16<=600000),4600,IF(AND(H16>600000,H16<=650000),5000,IF(AND(H16>650000,H16<=700000),5400,IF(AND(H16>700000,H16<=750000),5800,IF(AND(H16>750000,H16<=800000),6200,IF(AND(H16>800000,H16<=850000),6600,IF(AND(H16>850000,H16<=900000),7000,IF(AND(H16>900000,H16<=950000),7400,IF(AND(H16>950000,H16<=1000000),7800,IF(H16>1000000,8000)))))))))))))))))) -> 1600 | L16: 0 | M16: =IF(L16>0,H16-L16,H16) -> 0
A17: ='KL tổ 4'!A15 -> 7 | B17: ='KL tổ 4'!B15 -> Nit Nươn | C17: 22000 | D17: ='KL tổ 4'!BZ15 -> 0 | E17: 0 | F17: 0 | G17: 0 | H17: =E17+G17 -> 0 | I17: 0 | J17: 0 | K17: =IF(H17<=200000,1600,IF(AND(H17>200000,H17<=250000),1800,IF(AND(H17>250000,H17<=300000),2200,IF(AND(H17>300000,H17<=350000),2600,IF(AND(H17>350000,H17<=400000),3000,IF(AND(H17>400000,H17<=450000),3400,IF(AND(H17>450000,H17<=500000),3800,IF(AND(H17>500000,H17<=550000),4200,IF(AND(H17>550000,H17<=600000),4600,IF(AND(H17>600000,H17<=650000),5000,IF(AND(H17>650000,H17<=700000),5400,IF(AND(H17>700000,H17<=750000),5800,IF(AND(H17>750000,H17<=800000),6200,IF(AND(H17>800000,H17<=850000),6600,IF(AND(H17>850000,H17<=900000),7000,IF(AND(H17>900000,H17<=950000),7400,IF(AND(H17>950000,H17<=1000000),7800,IF(H17>1000000,8000)))))))))))))))))) -> 1600 | L17: 0 | M17: =IF(L17>0,H17-L17,H17) -> 0
A18: ='KL tổ 4'!A16 -> 8 | B18: ='KL tổ 4'!B16 -> Nu Kha | C18: 22000 | D18: ='KL tổ 4'!BZ16 -> 0 | E18: 0 | F18: 0 | G18: 0 | H18: =E18+G18 -> 0 | I18: 0 | J18: =ROUND(IF(H18<=800000,0,IF(AND((H18-'[1]Gia cảnh 2 '!I13)>800000,(H18-'[1]Gia cảnh 2 '!I13)<=1250000),(H18-'[1]Gia cảnh 2 '!I13)*5%-40000,IF(AND((H18-'[1]Gia cảnh 2 '!I13)>1250000,(H18-'[1]Gia cảnh 2 '!I13)<=8500000),(H18-'[1]Gia cảnh 2 '!I13)*10%-102500))),2) -> 0 | K18: =IF(H18<=200000,1600,IF(AND(H18>200000,H18<=250000),1800,IF(AND(H18>250000,H18<=300000),2200,IF(AND(H18>300000,H18<=350000),2600,IF(AND(H18>350000,H18<=400000),3000,IF(AND(H18>400000,H18<=450000),3400,IF(AND(H18>450000,H18<=500000),3800,IF(AND(H18>500000,H18<=550000),4200,IF(AND(H18>550000,H18<=600000),4600,IF(AND(H18>600000,H18<=650000),5000,IF(AND(H18>650000,H18<=700000),5400,IF(AND(H18>700000,H18<=750000),5800,IF(AND(H18>750000,H18<=800000),6200,IF(AND(H18>800000,H18<=850000),6600,IF(AND(H18>850000,H18<=900000),7000,IF(AND(H18>900000,H18<=950000),7400,IF(AND(H18>950000,H18<=1000000),7800,IF(H18>1000000,8000)))))))))))))))))) -> 1600 | L18: 0 | M18: =IF(L18>0,H18-L18,H18) -> 0
A19: ='KL tổ 4'!A17 -> 9 | B19: ='KL tổ 4'!B17 -> Du Mêt | C19: 22000 | D19: ='KL tổ 4'!BZ17 -> 0 | E19: 0 | F19: 0 | G19: 0 | H19: =E19+G19 -> 0 | I19: 0 | J19: =ROUND(IF(H19<=800000,0,IF(AND((H19-'[1]Gia cảnh 2 '!I14)>800000,(H19-'[1]Gia cảnh 2 '!I14)<=1250000),(H19-'[1]Gia cảnh 2 '!I14)*5%-40000,IF(AND((H19-'[1]Gia cảnh 2 '!I14)>1250000,(H19-'[1]Gia cảnh 2 '!I14)<=8500000),(H19-'[1]Gia cảnh 2 '!I14)*10%-102500))),2) -> 0 | K19: =IF(H19<=200000,1600,IF(AND(H19>200000,H19<=250000),1800,IF(AND(H19>250000,H19<=300000),2200,IF(AND(H19>300000,H19<=350000),2600,IF(AND(H19>350000,H19<=400000),3000,IF(AND(H19>400000,H19<=450000),3400,IF(AND(H19>450000,H19<=500000),3800,IF(AND(H19>500000,H19<=550000),4200,IF(AND(H19>550000,H19<=600000),4600,IF(AND(H19>600000,H19<=650000),5000,IF(AND(H19>650000,H19<=700000),5400,IF(AND(H19>700000,H19<=750000),5800,IF(AND(H19>750000,H19<=800000),6200,IF(AND(H19>800000,H19<=850000),6600,IF(AND(H19>850000,H19<=900000),7000,IF(AND(H19>900000,H19<=950000),7400,IF(AND(H19>950000,H19<=1000000),7800,IF(H19>1000000,8000)))))))))))))))))) -> 1600 | L19: 0 | M19: =IF(L19>0,H19-L19,H19) -> 0
A20: ='KL tổ 4'!A18 -> 10 | B20: ='KL tổ 4'!B18 -> Khon Ra Đây | C20: 22000 | D20: ='KL tổ 4'!BZ18 -> 0 | E20: 0 | F20: 0 | G20: 0 | H20: =E20+G20 -> 0 | I20: 0 | J20: =ROUND(IF(H20<=800000,0,IF(AND((H20-'[1]Gia cảnh 2 '!I15)>800000,(H20-'[1]Gia cảnh 2 '!I15)<=1250000),(H20-'[1]Gia cảnh 2 '!I15)*5%-40000,IF(AND((H20-'[1]Gia cảnh 2 '!I15)>1250000,(H20-'[1]Gia cảnh 2 '!I15)<=8500000),(H20-'[1]Gia cảnh 2 '!I15)*10%-102500))),2) -> 0 | K20: =IF(H20<=200000,1600,IF(AND(H20>200000,H20<=250000),1800,IF(AND(H20>250000,H20<=300000),2200,IF(AND(H20>300000,H20<=350000),2600,IF(AND(H20>350000,H20<=400000),3000,IF(AND(H20>400000,H20<=450000),3400,IF(AND(H20>450000,H20<=500000),3800,IF(AND(H20>500000,H20<=550000),4200,IF(AND(H20>550000,H20<=600000),4600,IF(AND(H20>600000,H20<=650000),5000,IF(AND(H20>650000,H20<=700000),5400,IF(AND(H20>700000,H20<=750000),5800,IF(AND(H20>750000,H20<=800000),6200,IF(AND(H20>800000,H20<=850000),6600,IF(AND(H20>850000,H20<=900000),7000,IF(AND(H20>900000,H20<=950000),7400,IF(AND(H20>950000,H20<=1000000),7800,IF(H20>1000000,8000)))))))))))))))))) -> 1600 | L20: 0 | M20: =IF(L20>0,H20-L20,H20) -> 0
A21: ='KL tổ 4'!A19 -> 11 | B21: ='KL tổ 4'!B19 -> An Hia | C21: 22000 | D21: ='KL tổ 4'!BZ19 -> 0 | E21: 0 | F21: 0 | G21: 0 | H21: =E21+G21 -> 0 | I21: 0 | J21: =ROUND(IF(H21<=800000,0,IF(AND((H21-'[1]Gia cảnh 2 '!I16)>800000,(H21-'[1]Gia cảnh 2 '!I16)<=1250000),(H21-'[1]Gia cảnh 2 '!I16)*5%-40000,IF(AND((H21-'[1]Gia cảnh 2 '!I16)>1250000,(H21-'[1]Gia cảnh 2 '!I16)<=8500000),(H21-'[1]Gia cảnh 2 '!I16)*10%-102500))),2) -> 0 | K21: =IF(H21<=200000,1600,IF(AND(H21>200000,H21<=250000),1800,IF(AND(H21>250000,H21<=300000),2200,IF(AND(H21>300000,H21<=350000),2600,IF(AND(H21>350000,H21<=400000),3000,IF(AND(H21>400000,H21<=450000),3400,IF(AND(H21>450000,H21<=500000),3800,IF(AND(H21>500000,H21<=550000),4200,IF(AND(H21>550000,H21<=600000),4600,IF(AND(H21>600000,H21<=650000),5000,IF(AND(H21>650000,H21<=700000),5400,IF(AND(H21>700000,H21<=750000),5800,IF(AND(H21>750000,H21<=800000),6200,IF(AND(H21>800000,H21<=850000),6600,IF(AND(H21>850000,H21<=900000),7000,IF(AND(H21>900000,H21<=950000),7400,IF(AND(H21>950000,H21<=1000000),7800,IF(H21>1000000,8000)))))))))))))))))) -> 1600 | L21: 0 | M21: =IF(L21>0,H21-L21,H21) -> 0
A22: ='KL tổ 4'!A20 -> 12 | B22: ='KL tổ 4'!B20 -> Thi Thia | C22: 22000 | D22: ='KL tổ 4'!BZ20 -> 0 | E22: 0 | F22: 0 | G22: 0 | H22: =E22+G22 -> 0 | I22: 0 | J22: 0 | K22: =IF(H22<=200000,1600,IF(AND(H22>200000,H22<=250000),1800,IF(AND(H22>250000,H22<=300000),2200,IF(AND(H22>300000,H22<=350000),2600,IF(AND(H22>350000,H22<=400000),3000,IF(AND(H22>400000,H22<=450000),3400,IF(AND(H22>450000,H22<=500000),3800,IF(AND(H22>500000,H22<=550000),4200,IF(AND(H22>550000,H22<=600000),4600,IF(AND(H22>600000,H22<=650000),5000,IF(AND(H22>650000,H22<=700000),5400,IF(AND(H22>700000,H22<=750000),5800,IF(AND(H22>750000,H22<=800000),6200,IF(AND(H22>800000,H22<=850000),6600,IF(AND(H22>850000,H22<=900000),7000,IF(AND(H22>900000,H22<=950000),7400,IF(AND(H22>950000,H22<=1000000),7800,IF(H22>1000000,8000)))))))))))))))))) -> 1600 | L22: 0 | M22: =IF(L22>0,H22-L22,H22) -> 0
A23: ='KL tổ 4'!A21 -> 13 | B23: ='KL tổ 4'!B21 -> Dôt Mêt | C23: 22000 | D23: ='KL tổ 4'!BZ21 -> 0 | E23: 0 | F23: 0 | G23: 0 | H23: =E23+G23 -> 0 | I23: 0 | J23: =ROUND(IF(H23<=800000,0,IF(AND((H23-'[1]Gia cảnh 2 '!I18)>800000,(H23-'[1]Gia cảnh 2 '!I18)<=1250000),(H23-'[1]Gia cảnh 2 '!I18)*5%-40000,IF(AND((H23-'[1]Gia cảnh 2 '!I18)>1250000,(H23-'[1]Gia cảnh 2 '!I18)<=8500000),(H23-'[1]Gia cảnh 2 '!I18)*10%-102500))),2) -> 0 | K23: =IF(H23<=200000,1600,IF(AND(H23>200000,H23<=250000),1800,IF(AND(H23>250000,H23<=300000),2200,IF(AND(H23>300000,H23<=350000),2600,IF(AND(H23>350000,H23<=400000),3000,IF(AND(H23>400000,H23<=450000),3400,IF(AND(H23>450000,H23<=500000),3800,IF(AND(H23>500000,H23<=550000),4200,IF(AND(H23>550000,H23<=600000),4600,IF(AND(H23>600000,H23<=650000),5000,IF(AND(H23>650000,H23<=700000),5400,IF(AND(H23>700000,H23<=750000),5800,IF(AND(H23>750000,H23<=800000),6200,IF(AND(H23>800000,H23<=850000),6600,IF(AND(H23>850000,H23<=900000),7000,IF(AND(H23>900000,H23<=950000),7400,IF(AND(H23>950000,H23<=1000000),7800,IF(H23>1000000,8000)))))))))))))))))) -> 1600 | L23: 0 | M23: =IF(L23>0,H23-L23,H23) -> 0
A24: ='KL tổ 4'!A22 -> 14 | B24: ='KL tổ 4'!B22 -> Lu Lươn | C24: 22000 | D24: ='KL tổ 4'!BZ22 -> 0 | E24: 0 | F24: 0 | G24: 0 | H24: =E24+G24 -> 0 | I24: 0 | J24: =ROUND(IF(H24<=800000,0,IF(AND((H24-'[1]Gia cảnh 2 '!I19)>800000,(H24-'[1]Gia cảnh 2 '!I19)<=1250000),(H24-'[1]Gia cảnh 2 '!I19)*5%-40000,IF(AND((H24-'[1]Gia cảnh 2 '!I19)>1250000,(H24-'[1]Gia cảnh 2 '!I19)<=8500000),(H24-'[1]Gia cảnh 2 '!I19)*10%-102500))),2) -> 0 | K24: =IF(H24<=200000,1600,IF(AND(H24>200000,H24<=250000),1800,IF(AND(H24>250000,H24<=300000),2200,IF(AND(H24>300000,H24<=350000),2600,IF(AND(H24>350000,H24<=400000),3000,IF(AND(H24>400000,H24<=450000),3400,IF(AND(H24>450000,H24<=500000),3800,IF(AND(H24>500000,H24<=550000),4200,IF(AND(H24>550000,H24<=600000),4600,IF(AND(H24>600000,H24<=650000),5000,IF(AND(H24>650000,H24<=700000),5400,IF(AND(H24>700000,H24<=750000),5800,IF(AND(H24>750000,H24<=800000),6200,IF(AND(H24>800000,H24<=850000),6600,IF(AND(H24>850000,H24<=900000),7000,IF(AND(H24>900000,H24<=950000),7400,IF(AND(H24>950000,H24<=1000000),7800,IF(H24>1000000,8000)))))))))))))))))) -> 1600 | L24: 0 | M24: =IF(L24>0,H24-L24,H24) -> 0
A25: ='KL tổ 4'!A23 -> 15 | B25: ='KL tổ 4'!B23 -> Sươn Săm | C25: 22000 | D25: ='KL tổ 4'!BZ23 -> 0 | E25: 0 | F25: 0 | G25: 0 | H25: =E25+G25 -> 0 | I25: 0 | J25: =ROUND(IF(H25<=800000,0,IF(AND((H25-'[1]Gia cảnh 2 '!I20)>800000,(H25-'[1]Gia cảnh 2 '!I20)<=1250000),(H25-'[1]Gia cảnh 2 '!I20)*5%-40000,IF(AND((H25-'[1]Gia cảnh 2 '!I20)>1250000,(H25-'[1]Gia cảnh 2 '!I20)<=8500000),(H25-'[1]Gia cảnh 2 '!I20)*10%-102500))),2) -> 0 | K25: =IF(H25<=200000,1600,IF(AND(H25>200000,H25<=250000),1800,IF(AND(H25>250000,H25<=300000),2200,IF(AND(H25>300000,H25<=350000),2600,IF(AND(H25>350000,H25<=400000),3000,IF(AND(H25>400000,H25<=450000),3400,IF(AND(H25>450000,H25<=500000),3800,IF(AND(H25>500000,H25<=550000),4200,IF(AND(H25>550000,H25<=600000),4600,IF(AND(H25>600000,H25<=650000),5000,IF(AND(H25>650000,H25<=700000),5400,IF(AND(H25>700000,H25<=750000),5800,IF(AND(H25>750000,H25<=800000),6200,IF(AND(H25>800000,H25<=850000),6600,IF(AND(H25>850000,H25<=900000),7000,IF(AND(H25>900000,H25<=950000),7400,IF(AND(H25>950000,H25<=1000000),7800,IF(H25>1000000,8000)))))))))))))))))) -> 1600 | L25: 0 | M25: =IF(L25>0,H25-L25,H25) -> 0
A26: ='KL tổ 4'!A24 -> 16 | B26: ='KL tổ 4'!B24 -> Tem Mơi | C26: 22000 | D26: ='KL tổ 4'!BZ24 -> 0 | E26: 0 | F26: 0 | G26: 0 | H26: =E26+G26 -> 0 | I26: 0 | J26: =ROUND(IF(H26<=800000,0,IF(AND((H26-'[1]Gia cảnh 2 '!I21)>800000,(H26-'[1]Gia cảnh 2 '!I21)<=1250000),(H26-'[1]Gia cảnh 2 '!I21)*5%-40000,IF(AND((H26-'[1]Gia cảnh 2 '!I21)>1250000,(H26-'[1]Gia cảnh 2 '!I21)<=8500000),(H26-'[1]Gia cảnh 2 '!I21)*10%-102500))),2) -> 0 | K26: =IF(H26<=200000,1600,IF(AND(H26>200000,H26<=250000),1800,IF(AND(H26>250000,H26<=300000),2200,IF(AND(H26>300000,H26<=350000),2600,IF(AND(H26>350000,H26<=400000),3000,IF(AND(H26>400000,H26<=450000),3400,IF(AND(H26>450000,H26<=500000),3800,IF(AND(H26>500000,H26<=550000),4200,IF(AND(H26>550000,H26<=600000),4600,IF(AND(H26>600000,H26<=650000),5000,IF(AND(H26>650000,H26<=700000),5400,IF(AND(H26>700000,H26<=750000),5800,IF(AND(H26>750000,H26<=800000),6200,IF(AND(H26>800000,H26<=850000),6600,IF(AND(H26>850000,H26<=900000),7000,IF(AND(H26>900000,H26<=950000),7400,IF(AND(H26>950000,H26<=1000000),7800,IF(H26>1000000,8000)))))))))))))))))) -> 1600 | L26: 0 | M26: =IF(L26>0,H26-L26,H26) -> 0
A27: ='KL tổ 4'!A25 -> 17 | B27: ='KL tổ 4'!B25 -> Thu Ranh | C27: 22000 | D27: ='KL tổ 4'!BZ25 -> 0 | E27: 0 | F27: 0 | G27: 0 | H27: =E27+G27 -> 0 | I27: 0 | J27: =ROUND(IF(H27<=800000,0,IF(AND((H27-'[1]Gia cảnh 2 '!I22)>800000,(H27-'[1]Gia cảnh 2 '!I22)<=1250000),(H27-'[1]Gia cảnh 2 '!I22)*5%-40000,IF(AND((H27-'[1]Gia cảnh 2 '!I22)>1250000,(H27-'[1]Gia cảnh 2 '!I22)<=8500000),(H27-'[1]Gia cảnh 2 '!I22)*10%-102500))),2) -> 0 | K27: =IF(H27<=200000,1600,IF(AND(H27>200000,H27<=250000),1800,IF(AND(H27>250000,H27<=300000),2200,IF(AND(H27>300000,H27<=350000),2600,IF(AND(H27>350000,H27<=400000),3000,IF(AND(H27>400000,H27<=450000),3400,IF(AND(H27>450000,H27<=500000),3800,IF(AND(H27>500000,H27<=550000),4200,IF(AND(H27>550000,H27<=600000),4600,IF(AND(H27>600000,H27<=650000),5000,IF(AND(H27>650000,H27<=700000),5400,IF(AND(H27>700000,H27<=750000),5800,IF(AND(H27>750000,H27<=800000),6200,IF(AND(H27>800000,H27<=850000),6600,IF(AND(H27>850000,H27<=900000),7000,IF(AND(H27>900000,H27<=950000),7400,IF(AND(H27>950000,H27<=1000000),7800,IF(H27>1000000,8000)))))))))))))))))) -> 1600 | L27: 0 | M27: =IF(L27>0,H27-L27,H27) -> 0
A28: ='KL tổ 4'!A26 -> 18 | B28: ='KL tổ 4'!B26 -> Dup Hanh | C28: 22000 | D28: ='KL tổ 4'!BZ26 -> 0 | E28: 0 | F28: 0 | G28: 0 | H28: =E28+G28 -> 0 | I28: 0 | J28: =ROUND(IF(H28<=800000,0,IF(AND((H28-'[1]Gia cảnh 2 '!I23)>800000,(H28-'[1]Gia cảnh 2 '!I23)<=1250000),(H28-'[1]Gia cảnh 2 '!I23)*5%-40000,IF(AND((H28-'[1]Gia cảnh 2 '!I23)>1250000,(H28-'[1]Gia cảnh 2 '!I23)<=8500000),(H28-'[1]Gia cảnh 2 '!I23)*10%-102500))),2) -> 0 | K28: =IF(H28<=200000,1600,IF(AND(H28>200000,H28<=250000),1800,IF(AND(H28>250000,H28<=300000),2200,IF(AND(H28>300000,H28<=350000),2600,IF(AND(H28>350000,H28<=400000),3000,IF(AND(H28>400000,H28<=450000),3400,IF(AND(H28>450000,H28<=500000),3800,IF(AND(H28>500000,H28<=550000),4200,IF(AND(H28>550000,H28<=600000),4600,IF(AND(H28>600000,H28<=650000),5000,IF(AND(H28>650000,H28<=700000),5400,IF(AND(H28>700000,H28<=750000),5800,IF(AND(H28>750000,H28<=800000),6200,IF(AND(H28>800000,H28<=850000),6600,IF(AND(H28>850000,H28<=900000),7000,IF(AND(H28>900000,H28<=950000),7400,IF(AND(H28>950000,H28<=1000000),7800,IF(H28>1000000,8000)))))))))))))))))) -> 1600 | L28: 0 | M28: =IF(L28>0,H28-L28,H28) -> 0
A29: ='KL tổ 4'!A27 -> 19 | B29: ='KL tổ 4'!B27 -> Phon Thit | C29: 22000 | D29: ='KL tổ 4'!BZ27 -> 0 | E29: 0 | F29: 0 | G29: 0 | H29: =E29+G29 -> 0 | I29: 0 | J29: 0 | K29: =IF(H29<=200000,1600,IF(AND(H29>200000,H29<=250000),1800,IF(AND(H29>250000,H29<=300000),2200,IF(AND(H29>300000,H29<=350000),2600,IF(AND(H29>350000,H29<=400000),3000,IF(AND(H29>400000,H29<=450000),3400,IF(AND(H29>450000,H29<=500000),3800,IF(AND(H29>500000,H29<=550000),4200,IF(AND(H29>550000,H29<=600000),4600,IF(AND(H29>600000,H29<=650000),5000,IF(AND(H29>650000,H29<=700000),5400,IF(AND(H29>700000,H29<=750000),5800,IF(AND(H29>750000,H29<=800000),6200,IF(AND(H29>800000,H29<=850000),6600,IF(AND(H29>850000,H29<=900000),7000,IF(AND(H29>900000,H29<=950000),7400,IF(AND(H29>950000,H29<=1000000),7800,IF(H29>1000000,8000)))))))))))))))))) -> 1600 | L29: 0 | M29: =IF(L29>0,H29-L29,H29) -> 0
A30: ='KL tổ 4'!A28 -> 20 | B30: ='KL tổ 4'!B28 -> Ha Lay Hon | C30: 22000 | D30: ='KL tổ 4'!BZ28 -> 0 | E30: 0 | F30: 0 | G30: 0 | H30: =E30+G30 -> 0 | I30: 0 | J30: =ROUND(IF(H30<=800000,0,IF(AND((H30-'[1]Gia cảnh 2 '!I25)>800000,(H30-'[1]Gia cảnh 2 '!I25)<=1250000),(H30-'[1]Gia cảnh 2 '!I25)*5%-40000,IF(AND((H30-'[1]Gia cảnh 2 '!I25)>1250000,(H30-'[1]Gia cảnh 2 '!I25)<=8500000),(H30-'[1]Gia cảnh 2 '!I25)*10%-102500))),2) -> 0 | K30: =IF(H30<=200000,1600,IF(AND(H30>200000,H30<=250000),1800,IF(AND(H30>250000,H30<=300000),2200,IF(AND(H30>300000,H30<=350000),2600,IF(AND(H30>350000,H30<=400000),3000,IF(AND(H30>400000,H30<=450000),3400,IF(AND(H30>450000,H30<=500000),3800,IF(AND(H30>500000,H30<=550000),4200,IF(AND(H30>550000,H30<=600000),4600,IF(AND(H30>600000,H30<=650000),5000,IF(AND(H30>650000,H30<=700000),5400,IF(AND(H30>700000,H30<=750000),5800,IF(AND(H30>750000,H30<=800000),6200,IF(AND(H30>800000,H30<=850000),6600,IF(AND(H30>850000,H30<=900000),7000,IF(AND(H30>900000,H30<=950000),7400,IF(AND(H30>950000,H30<=1000000),7800,IF(H30>1000000,8000)))))))))))))))))) -> 1600 | L30: 0 | M30: =IF(L30>0,H30-L30,H30) -> 0
A31: ='KL tổ 4'!A29 -> 21 | B31: ='KL tổ 4'!B29 -> Lum Ron | C31: 22000 | D31: ='KL tổ 4'!BZ29 -> 0 | E31: 0 | F31: 0 | G31: 0 | H31: =E31+G31 -> 0 | I31: 0 | J31: =ROUND(IF(H31<=800000,0,IF(AND((H31-'[1]Gia cảnh 2 '!I26)>800000,(H31-'[1]Gia cảnh 2 '!I26)<=1250000),(H31-'[1]Gia cảnh 2 '!I26)*5%-40000,IF(AND((H31-'[1]Gia cảnh 2 '!I26)>1250000,(H31-'[1]Gia cảnh 2 '!I26)<=8500000),(H31-'[1]Gia cảnh 2 '!I26)*10%-102500))),2) -> 0 | K31: =IF(H31<=200000,1600,IF(AND(H31>200000,H31<=250000),1800,IF(AND(H31>250000,H31<=300000),2200,IF(AND(H31>300000,H31<=350000),2600,IF(AND(H31>350000,H31<=400000),3000,IF(AND(H31>400000,H31<=450000),3400,IF(AND(H31>450000,H31<=500000),3800,IF(AND(H31>500000,H31<=550000),4200,IF(AND(H31>550000,H31<=600000),4600,IF(AND(H31>600000,H31<=650000),5000,IF(AND(H31>650000,H31<=700000),5400,IF(AND(H31>700000,H31<=750000),5800,IF(AND(H31>750000,H31<=800000),6200,IF(AND(H31>800000,H31<=850000),6600,IF(AND(H31>850000,H31<=900000),7000,IF(AND(H31>900000,H31<=950000),7400,IF(AND(H31>950000,H31<=1000000),7800,IF(H31>1000000,8000)))))))))))))))))) -> 1600 | L31: 0 | M31: =IF(L31>0,H31-L31,H31) -> 0
A32: ='KL tổ 4'!A30 -> 22 | B32: ='KL tổ 4'!B30 -> Lup Hên | C32: 22000 | D32: ='KL tổ 4'!BZ30 -> 0 | E32: 0 | F32: 0 | G32: 0 | H32: =E32+G32 -> 0 | I32: 0 | J32: =ROUND(IF(H32<=800000,0,IF(AND((H32-'[1]Gia cảnh 2 '!I27)>800000,(H32-'[1]Gia cảnh 2 '!I27)<=1250000),(H32-'[1]Gia cảnh 2 '!I27)*5%-40000,IF(AND((H32-'[1]Gia cảnh 2 '!I27)>1250000,(H32-'[1]Gia cảnh 2 '!I27)<=8500000),(H32-'[1]Gia cảnh 2 '!I27)*10%-102500))),2) -> 0 | K32: =IF(H32<=200000,1600,IF(AND(H32>200000,H32<=250000),1800,IF(AND(H32>250000,H32<=300000),2200,IF(AND(H32>300000,H32<=350000),2600,IF(AND(H32>350000,H32<=400000),3000,IF(AND(H32>400000,H32<=450000),3400,IF(AND(H32>450000,H32<=500000),3800,IF(AND(H32>500000,H32<=550000),4200,IF(AND(H32>550000,H32<=600000),4600,IF(AND(H32>600000,H32<=650000),5000,IF(AND(H32>650000,H32<=700000),5400,IF(AND(H32>700000,H32<=750000),5800,IF(AND(H32>750000,H32<=800000),6200,IF(AND(H32>800000,H32<=850000),6600,IF(AND(H32>850000,H32<=900000),7000,IF(AND(H32>900000,H32<=950000),7400,IF(AND(H32>950000,H32<=1000000),7800,IF(H32>1000000,8000)))))))))))))))))) -> 1600 | L32: 0 | M32: =IF(L32>0,H32-L32,H32) -> 0
A33: ='KL tổ 4'!A31 -> 23 | B33: ='KL tổ 4'!B31 -> Nay Chên | C33: 22000 | D33: ='KL tổ 4'!BZ31 -> 0 | E33: 0 | F33: 0 | G33: 0 | H33: =E33+G33 -> 0 | I33: 0 | J33: =ROUND(IF(H33<=800000,0,IF(AND((H33-'[1]Gia cảnh 2 '!I28)>800000,(H33-'[1]Gia cảnh 2 '!I28)<=1250000),(H33-'[1]Gia cảnh 2 '!I28)*5%-40000,IF(AND((H33-'[1]Gia cảnh 2 '!I28)>1250000,(H33-'[1]Gia cảnh 2 '!I28)<=8500000),(H33-'[1]Gia cảnh 2 '!I28)*10%-102500))),2) -> 0 | K33: =IF(H33<=200000,1600,IF(AND(H33>200000,H33<=250000),1800,IF(AND(H33>250000,H33<=300000),2200,IF(AND(H33>300000,H33<=350000),2600,IF(AND(H33>350000,H33<=400000),3000,IF(AND(H33>400000,H33<=450000),3400,IF(AND(H33>450000,H33<=500000),3800,IF(AND(H33>500000,H33<=550000),4200,IF(AND(H33>550000,H33<=600000),4600,IF(AND(H33>600000,H33<=650000),5000,IF(AND(H33>650000,H33<=700000),5400,IF(AND(H33>700000,H33<=750000),5800,IF(AND(H33>750000,H33<=800000),6200,IF(AND(H33>800000,H33<=850000),6600,IF(AND(H33>850000,H33<=900000),7000,IF(AND(H33>900000,H33<=950000),7400,IF(AND(H33>950000,H33<=1000000),7800,IF(H33>1000000,8000)))))))))))))))))) -> 1600 | L33: 0 | M33: =IF(L33>0,H33-L33,H33) -> 0
A34: ='KL tổ 4'!A32 -> 24 | B34: ='KL tổ 4'!B32 -> Si Khưa | C34: 22000 | D34: ='KL tổ 4'!BZ32 -> 0 | E34: 0 | F34: 0 | G34: 0 | H34: =E34+G34 -> 0 | I34: 0 | J34: =ROUND(IF(H34<=800000,0,IF(AND((H34-'[1]Gia cảnh 2 '!I29)>800000,(H34-'[1]Gia cảnh 2 '!I29)<=1250000),(H34-'[1]Gia cảnh 2 '!I29)*5%-40000,IF(AND((H34-'[1]Gia cảnh 2 '!I29)>1250000,(H34-'[1]Gia cảnh 2 '!I29)<=8500000),(H34-'[1]Gia cảnh 2 '!I29)*10%-102500))),2) -> 0 | K34: =IF(H34<=200000,1600,IF(AND(H34>200000,H34<=250000),1800,IF(AND(H34>250000,H34<=300000),2200,IF(AND(H34>300000,H34<=350000),2600,IF(AND(H34>350000,H34<=400000),3000,IF(AND(H34>400000,H34<=450000),3400,IF(AND(H34>450000,H34<=500000),3800,IF(AND(H34>500000,H34<=550000),4200,IF(AND(H34>550000,H34<=600000),4600,IF(AND(H34>600000,H34<=650000),5000,IF(AND(H34>650000,H34<=700000),5400,IF(AND(H34>700000,H34<=750000),5800,IF(AND(H34>750000,H34<=800000),6200,IF(AND(H34>800000,H34<=850000),6600,IF(AND(H34>850000,H34<=900000),7000,IF(AND(H34>900000,H34<=950000),7400,IF(AND(H34>950000,H34<=1000000),7800,IF(H34>1000000,8000)))))))))))))))))) -> 1600 | L34: 0 | M34: =IF(L34>0,H34-L34,H34) -> 0
A35: ='KL tổ 4'!A33 -> 25 | B35: ='KL tổ 4'!B33 -> Khăm Vanh | C35: 22000 | D35: ='KL tổ 4'!BZ33 -> 0 | E35: 0 | F35: 0 | G35: 0 | H35: =E35+G35 -> 0 | I35: 0 | J35: =ROUND(IF(H35<=800000,0,IF(AND((H35-'[1]Gia cảnh 2 '!I30)>800000,(H35-'[1]Gia cảnh 2 '!I30)<=1250000),(H35-'[1]Gia cảnh 2 '!I30)*5%-40000,IF(AND((H35-'[1]Gia cảnh 2 '!I30)>1250000,(H35-'[1]Gia cảnh 2 '!I30)<=8500000),(H35-'[1]Gia cảnh 2 '!I30)*10%-102500))),2) -> 0 | K35: =IF(H35<=200000,1600,IF(AND(H35>200000,H35<=250000),1800,IF(AND(H35>250000,H35<=300000),2200,IF(AND(H35>300000,H35<=350000),2600,IF(AND(H35>350000,H35<=400000),3000,IF(AND(H35>400000,H35<=450000),3400,IF(AND(H35>450000,H35<=500000),3800,IF(AND(H35>500000,H35<=550000),4200,IF(AND(H35>550000,H35<=600000),4600,IF(AND(H35>600000,H35<=650000),5000,IF(AND(H35>650000,H35<=700000),5400,IF(AND(H35>700000,H35<=750000),5800,IF(AND(H35>750000,H35<=800000),6200,IF(AND(H35>800000,H35<=850000),6600,IF(AND(H35>850000,H35<=900000),7000,IF(AND(H35>900000,H35<=950000),7400,IF(AND(H35>950000,H35<=1000000),7800,IF(H35>1000000,8000)))))))))))))))))) -> 1600 | L35: 0 | M35: =IF(L35>0,H35-L35,H35) -> 0
A36: ='KL tổ 4'!A34 -> 26 | B36: ='KL tổ 4'!B34 -> Chu Chươn | C36: 22000 | D36: ='KL tổ 4'!BZ34 -> 0 | E36: 0 | F36: 0 | G36: 0 | H36: =E36+G36 -> 0 | I36: 0 | J36: =ROUND(IF(H36<=800000,0,IF(AND((H36-'[1]Gia cảnh 2 '!I31)>800000,(H36-'[1]Gia cảnh 2 '!I31)<=1250000),(H36-'[1]Gia cảnh 2 '!I31)*5%-40000,IF(AND((H36-'[1]Gia cảnh 2 '!I31)>1250000,(H36-'[1]Gia cảnh 2 '!I31)<=8500000),(H36-'[1]Gia cảnh 2 '!I31)*10%-102500))),2) -> 0 | K36: =IF(H36<=200000,1600,IF(AND(H36>200000,H36<=250000),1800,IF(AND(H36>250000,H36<=300000),2200,IF(AND(H36>300000,H36<=350000),2600,IF(AND(H36>350000,H36<=400000),3000,IF(AND(H36>400000,H36<=450000),3400,IF(AND(H36>450000,H36<=500000),3800,IF(AND(H36>500000,H36<=550000),4200,IF(AND(H36>550000,H36<=600000),4600,IF(AND(H36>600000,H36<=650000),5000,IF(AND(H36>650000,H36<=700000),5400,IF(AND(H36>700000,H36<=750000),5800,IF(AND(H36>750000,H36<=800000),6200,IF(AND(H36>800000,H36<=850000),6600,IF(AND(H36>850000,H36<=900000),7000,IF(AND(H36>900000,H36<=950000),7400,IF(AND(H36>950000,H36<=1000000),7800,IF(H36>1000000,8000)))))))))))))))))) -> 1600 | L36: 0 | M36: =IF(L36>0,H36-L36,H36) -> 0
A37: ='KL tổ 4'!A35 -> 27 | B37: ='KL tổ 4'!B35 -> Thon Da | C37: 22000 | D37: ='KL tổ 4'!BZ35 -> 0 | E37: 0 | F37: 0 | G37: 0 | H37: =E37+G37 -> 0 | I37: 0 | J37: =ROUND(IF(H37<=800000,0,IF(AND((H37-'[1]Gia cảnh 2 '!I32)>800000,(H37-'[1]Gia cảnh 2 '!I32)<=1250000),(H37-'[1]Gia cảnh 2 '!I32)*5%-40000,IF(AND((H37-'[1]Gia cảnh 2 '!I32)>1250000,(H37-'[1]Gia cảnh 2 '!I32)<=8500000),(H37-'[1]Gia cảnh 2 '!I32)*10%-102500))),2) -> 0 | K37: =IF(H37<=200000,1600,IF(AND(H37>200000,H37<=250000),1800,IF(AND(H37>250000,H37<=300000),2200,IF(AND(H37>300000,H37<=350000),2600,IF(AND(H37>350000,H37<=400000),3000,IF(AND(H37>400000,H37<=450000),3400,IF(AND(H37>450000,H37<=500000),3800,IF(AND(H37>500000,H37<=550000),4200,IF(AND(H37>550000,H37<=600000),4600,IF(AND(H37>600000,H37<=650000),5000,IF(AND(H37>650000,H37<=700000),5400,IF(AND(H37>700000,H37<=750000),5800,IF(AND(H37>750000,H37<=800000),6200,IF(AND(H37>800000,H37<=850000),6600,IF(AND(H37>850000,H37<=900000),7000,IF(AND(H37>900000,H37<=950000),7400,IF(AND(H37>950000,H37<=1000000),7800,IF(H37>1000000,8000)))))))))))))))))) -> 1600 | L37: 0 | M37: =IF(L37>0,H37-L37,H37) -> 0
A38: ='KL tổ 4'!A36 -> 28 | B38: ='KL tổ 4'!B36 -> Tia Hươn | C38: 22000 | D38: ='KL tổ 4'!BZ36 -> 0 | E38: 0 | F38: 0 | G38: 0 | H38: =E38+G38 -> 0 | I38: 0 | J38: =ROUND(IF(H38<=800000,0,IF(AND((H38-'[1]Gia cảnh 2 '!I33)>800000,(H38-'[1]Gia cảnh 2 '!I33)<=1250000),(H38-'[1]Gia cảnh 2 '!I33)*5%-40000,IF(AND((H38-'[1]Gia cảnh 2 '!I33)>1250000,(H38-'[1]Gia cảnh 2 '!I33)<=8500000),(H38-'[1]Gia cảnh 2 '!I33)*10%-102500))),2) -> 0 | K38: =IF(H38<=200000,1600,IF(AND(H38>200000,H38<=250000),1800,IF(AND(H38>250000,H38<=300000),2200,IF(AND(H38>300000,H38<=350000),2600,IF(AND(H38>350000,H38<=400000),3000,IF(AND(H38>400000,H38<=450000),3400,IF(AND(H38>450000,H38<=500000),3800,IF(AND(H38>500000,H38<=550000),4200,IF(AND(H38>550000,H38<=600000),4600,IF(AND(H38>600000,H38<=650000),5000,IF(AND(H38>650000,H38<=700000),5400,IF(AND(H38>700000,H38<=750000),5800,IF(AND(H38>750000,H38<=800000),6200,IF(AND(H38>800000,H38<=850000),6600,IF(AND(H38>850000,H38<=900000),7000,IF(AND(H38>900000,H38<=950000),7400,IF(AND(H38>950000,H38<=1000000),7800,IF(H38>1000000,8000)))))))))))))))))) -> 1600 | L38: 0 | M38: =IF(L38>0,H38-L38,H38) -> 0
A39: ='KL tổ 4'!A37 -> 29 | B39: ='KL tổ 4'!B37 -> Song San | C39: 22000 | D39: ='KL tổ 4'!BZ37 -> 0 | E39: 0 | F39: 0 | G39: 0 | H39: =E39+G39 -> 0 | I39: 0 | J39: =ROUND(IF(H39<=800000,0,IF(AND((H39-'[1]Gia cảnh 2 '!I34)>800000,(H39-'[1]Gia cảnh 2 '!I34)<=1250000),(H39-'[1]Gia cảnh 2 '!I34)*5%-40000,IF(AND((H39-'[1]Gia cảnh 2 '!I34)>1250000,(H39-'[1]Gia cảnh 2 '!I34)<=8500000),(H39-'[1]Gia cảnh 2 '!I34)*10%-102500))),2) -> 0 | K39: =IF(H39<=200000,1600,IF(AND(H39>200000,H39<=250000),1800,IF(AND(H39>250000,H39<=300000),2200,IF(AND(H39>300000,H39<=350000),2600,IF(AND(H39>350000,H39<=400000),3000,IF(AND(H39>400000,H39<=450000),3400,IF(AND(H39>450000,H39<=500000),3800,IF(AND(H39>500000,H39<=550000),4200,IF(AND(H39>550000,H39<=600000),4600,IF(AND(H39>600000,H39<=650000),5000,IF(AND(H39>650000,H39<=700000),5400,IF(AND(H39>700000,H39<=750000),5800,IF(AND(H39>750000,H39<=800000),6200,IF(AND(H39>800000,H39<=850000),6600,IF(AND(H39>850000,H39<=900000),7000,IF(AND(H39>900000,H39<=950000),7400,IF(AND(H39>950000,H39<=1000000),7800,IF(H39>1000000,8000)))))))))))))))))) -> 1600 | L39: 0 | M39: =IF(L39>0,H39-L39,H39) -> 0
A40: ='KL tổ 4'!A38 -> 30 | B40: ='KL tổ 4'!B38 -> But Mum | C40: 22000 | D40: ='KL tổ 4'!BZ38 -> 0 | E40: 0 | F40: 0 | G40: 0 | H40: =E40+G40 -> 0 | I40: 0 | J40: =ROUND(IF(H40<=800000,0,IF(AND((H40-'[1]Gia cảnh 2 '!I35)>800000,(H40-'[1]Gia cảnh 2 '!I35)<=1250000),(H40-'[1]Gia cảnh 2 '!I35)*5%-40000,IF(AND((H40-'[1]Gia cảnh 2 '!I35)>1250000,(H40-'[1]Gia cảnh 2 '!I35)<=8500000),(H40-'[1]Gia cảnh 2 '!I35)*10%-102500))),2) -> 0 | K40: =IF(H40<=200000,1600,IF(AND(H40>200000,H40<=250000),1800,IF(AND(H40>250000,H40<=300000),2200,IF(AND(H40>300000,H40<=350000),2600,IF(AND(H40>350000,H40<=400000),3000,IF(AND(H40>400000,H40<=450000),3400,IF(AND(H40>450000,H40<=500000),3800,IF(AND(H40>500000,H40<=550000),4200,IF(AND(H40>550000,H40<=600000),4600,IF(AND(H40>600000,H40<=650000),5000,IF(AND(H40>650000,H40<=700000),5400,IF(AND(H40>700000,H40<=750000),5800,IF(AND(H40>750000,H40<=800000),6200,IF(AND(H40>800000,H40<=850000),6600,IF(AND(H40>850000,H40<=900000),7000,IF(AND(H40>900000,H40<=950000),7400,IF(AND(H40>950000,H40<=1000000),7800,IF(H40>1000000,8000)))))))))))))))))) -> 1600 | L40: 0 | M40: =IF(L40>0,H40-L40,H40) -> 0
A41: ='KL tổ 4'!A39 -> 31 | B41: ='KL tổ 4'!B39 -> Say Hia | C41: 22000 | D41: ='KL tổ 4'!BZ39 -> 0 | E41: 0 | F41: 0 | G41: 0 | H41: =E41+G41 -> 0 | I41: 0 | J41: =ROUND(IF(H41<=800000,0,IF(AND((H41-'[1]Gia cảnh 2 '!I36)>800000,(H41-'[1]Gia cảnh 2 '!I36)<=1250000),(H41-'[1]Gia cảnh 2 '!I36)*5%-40000,IF(AND((H41-'[1]Gia cảnh 2 '!I36)>1250000,(H41-'[1]Gia cảnh 2 '!I36)<=8500000),(H41-'[1]Gia cảnh 2 '!I36)*10%-102500))),2) -> 0 | K41: =IF(H41<=200000,1600,IF(AND(H41>200000,H41<=250000),1800,IF(AND(H41>250000,H41<=300000),2200,IF(AND(H41>300000,H41<=350000),2600,IF(AND(H41>350000,H41<=400000),3000,IF(AND(H41>400000,H41<=450000),3400,IF(AND(H41>450000,H41<=500000),3800,IF(AND(H41>500000,H41<=550000),4200,IF(AND(H41>550000,H41<=600000),4600,IF(AND(H41>600000,H41<=650000),5000,IF(AND(H41>650000,H41<=700000),5400,IF(AND(H41>700000,H41<=750000),5800,IF(AND(H41>750000,H41<=800000),6200,IF(AND(H41>800000,H41<=850000),6600,IF(AND(H41>850000,H41<=900000),7000,IF(AND(H41>900000,H41<=950000),7400,IF(AND(H41>950000,H41<=1000000),7800,IF(H41>1000000,8000)))))))))))))))))) -> 1600 | L41: 0 | M41: =IF(L41>0,H41-L41,H41) -> 0
... A53: ='KL tổ 4'!A51 -> 43 | B53: ='KL tổ 4'!B51 -> Siu Vênh | C53: 22000 | D53: ='KL tổ 4'!BZ51 -> 0 | E53: 0 | F53: 0 | G53: 0 | H53: =E53+G53 -> 0 | I53: 0 | J53: =ROUND(IF(H53<=800000,0,IF(AND((H53-'[1]Gia cảnh 2 '!I48)>800000,(H53-'[1]Gia cảnh 2 '!I48)<=1250000),(H53-'[1]Gia cảnh 2 '!I48)*5%-40000,IF(AND((H53-'[1]Gia cảnh 2 '!I48)>1250000,(H53-'[1]Gia cảnh 2 '!I48)<=8500000),(H53-'[1]Gia cảnh 2 '!I48)*10%-102500))),2) -> 0 | K53: =IF(H53<=200000,1600,IF(AND(H53>200000,H53<=250000),1800,IF(AND(H53>250000,H53<=300000),2200,IF(AND(H53>300000,H53<=350000),2600,IF(AND(H53>350000,H53<=400000),3000,IF(AND(H53>400000,H53<=450000),3400,IF(AND(H53>450000,H53<=500000),3800,IF(AND(H53>500000,H53<=550000),4200,IF(AND(H53>550000,H53<=600000),4600,IF(AND(H53>600000,H53<=650000),5000,IF(AND(H53>650000,H53<=700000),5400,IF(AND(H53>700000,H53<=750000),5800,IF(AND(H53>750000,H53<=800000),6200,IF(AND(H53>800000,H53<=850000),6600,IF(AND(H53>850000,H53<=900000),7000,IF(AND(H53>900000,H53<=950000),7400,IF(AND(H53>950000,H53<=1000000),7800,IF(H53>1000000,8000)))))))))))))))))) -> 1600 | L53: 0 | M53: =IF(L53>0,H53-L53,H53) -> 0
A54: ='KL tổ 4'!A52 -> 44 | B54: ='KL tổ 4'!B52 -> Thang Hêng | C54: 22000 | D54: ='KL tổ 4'!BZ52 -> 0 | E54: 0 | F54: 0 | G54: 0 | H54: =E54+G54 -> 0 | I54: 0 | J54: 0 | K54: =IF(H54<=200000,1600,IF(AND(H54>200000,H54<=250000),1800,IF(AND(H54>250000,H54<=300000),2200,IF(AND(H54>300000,H54<=350000),2600,IF(AND(H54>350000,H54<=400000),3000,IF(AND(H54>400000,H54<=450000),3400,IF(AND(H54>450000,H54<=500000),3800,IF(AND(H54>500000,H54<=550000),4200,IF(AND(H54>550000,H54<=600000),4600,IF(AND(H54>600000,H54<=650000),5000,IF(AND(H54>650000,H54<=700000),5400,IF(AND(H54>700000,H54<=750000),5800,IF(AND(H54>750000,H54<=800000),6200,IF(AND(H54>800000,H54<=850000),6600,IF(AND(H54>850000,H54<=900000),7000,IF(AND(H54>900000,H54<=950000),7400,IF(AND(H54>950000,H54<=1000000),7800,IF(H54>1000000,8000)))))))))))))))))) -> 1600 | L54: 0 | M54: =IF(L54>0,H54-L54,H54) -> 0
A55: ='KL tổ 4'!A53 -> 45 | B55: ='KL tổ 4'!B53 -> Dup Mơi | C55: 22000 | D55: ='KL tổ 4'!BZ53 -> 0 | E55: =C55*D55 -> 0 | F55: 0 | G55: 0 | H55: =E55+G55 -> 0 | I55: 0 | J55: =ROUND(IF(H55<=800000,0,IF(AND((H55-'[1]Gia cảnh 2 '!I50)>800000,(H55-'[1]Gia cảnh 2 '!I50)<=1250000),(H55-'[1]Gia cảnh 2 '!I50)*5%-40000,IF(AND((H55-'[1]Gia cảnh 2 '!I50)>1250000,(H55-'[1]Gia cảnh 2 '!I50)<=8500000),(H55-'[1]Gia cảnh 2 '!I50)*10%-102500))),2) -> 0 | K55: =IF(H55<=200000,1600,IF(AND(H55>200000,H55<=250000),1800,IF(AND(H55>250000,H55<=300000),2200,IF(AND(H55>300000,H55<=350000),2600,IF(AND(H55>350000,H55<=400000),3000,IF(AND(H55>400000,H55<=450000),3400,IF(AND(H55>450000,H55<=500000),3800,IF(AND(H55>500000,H55<=550000),4200,IF(AND(H55>550000,H55<=600000),4600,IF(AND(H55>600000,H55<=650000),5000,IF(AND(H55>650000,H55<=700000),5400,IF(AND(H55>700000,H55<=750000),5800,IF(AND(H55>750000,H55<=800000),6200,IF(AND(H55>800000,H55<=850000),6600,IF(AND(H55>850000,H55<=900000),7000,IF(AND(H55>900000,H55<=950000),7400,IF(AND(H55>950000,H55<=1000000),7800,IF(H55>1000000,8000)))))))))))))))))) -> 1600 | L55: 0 | M55: =IF(L55>0,H55-L55,H55) -> 0
A56: ='KL tổ 4'!A54 -> 46 | B56: ='KL tổ 4'!B54 -> Khanh Ra | C56: 22000 | D56: ='KL tổ 4'!BZ54 -> 0 | E56: =C56*D56 -> 0 | F56: 0 | G56: 0 | H56: =E56+G56 -> 0 | I56: 0 | J56: =ROUND(IF(H56<=800000,0,IF(AND((H56-'[1]Gia cảnh 2 '!I51)>800000,(H56-'[1]Gia cảnh 2 '!I51)<=1250000),(H56-'[1]Gia cảnh 2 '!I51)*5%-40000,IF(AND((H56-'[1]Gia cảnh 2 '!I51)>1250000,(H56-'[1]Gia cảnh 2 '!I51)<=8500000),(H56-'[1]Gia cảnh 2 '!I51)*10%-102500))),2) -> 0 | K56: =IF(H56<=200000,1600,IF(AND(H56>200000,H56<=250000),1800,IF(AND(H56>250000,H56<=300000),2200,IF(AND(H56>300000,H56<=350000),2600,IF(AND(H56>350000,H56<=400000),3000,IF(AND(H56>400000,H56<=450000),3400,IF(AND(H56>450000,H56<=500000),3800,IF(AND(H56>500000,H56<=550000),4200,IF(AND(H56>550000,H56<=600000),4600,IF(AND(H56>600000,H56<=650000),5000,IF(AND(H56>650000,H56<=700000),5400,IF(AND(H56>700000,H56<=750000),5800,IF(AND(H56>750000,H56<=800000),6200,IF(AND(H56>800000,H56<=850000),6600,IF(AND(H56>850000,H56<=900000),7000,IF(AND(H56>900000,H56<=950000),7400,IF(AND(H56>950000,H56<=1000000),7800,IF(H56>1000000,8000)))))))))))))))))) -> 1600 | L56: 0 | M56: =IF(L56>0,H56-L56,H56) -> 0
A57: ='KL tổ 4'!A55 -> 47 | B57: ='KL tổ 4'!B55 -> Vênh Chênh | C57: 22000 | D57: ='KL tổ 4'!BZ55 -> 0 | E57: =C57*D57 -> 0 | F57: 0 | G57: 0 | H57: =E57+G57 -> 0 | I57: 0 | J57: =ROUND(IF(H57<=800000,0,IF(AND((H57-'[1]Gia cảnh 2 '!I52)>800000,(H57-'[1]Gia cảnh 2 '!I52)<=1250000),(H57-'[1]Gia cảnh 2 '!I52)*5%-40000,IF(AND((H57-'[1]Gia cảnh 2 '!I52)>1250000,(H57-'[1]Gia cảnh 2 '!I52)<=8500000),(H57-'[1]Gia cảnh 2 '!I52)*10%-102500))),2) -> 0 | K57: =IF(H57<=200000,1600,IF(AND(H57>200000,H57<=250000),1800,IF(AND(H57>250000,H57<=300000),2200,IF(AND(H57>300000,H57<=350000),2600,IF(AND(H57>350000,H57<=400000),3000,IF(AND(H57>400000,H57<=450000),3400,IF(AND(H57>450000,H57<=500000),3800,IF(AND(H57>500000,H57<=550000),4200,IF(AND(H57>550000,H57<=600000),4600,IF(AND(H57>600000,H57<=650000),5000,IF(AND(H57>650000,H57<=700000),5400,IF(AND(H57>700000,H57<=750000),5800,IF(AND(H57>750000,H57<=800000),6200,IF(AND(H57>800000,H57<=850000),6600,IF(AND(H57>850000,H57<=900000),7000,IF(AND(H57>900000,H57<=950000),7400,IF(AND(H57>950000,H57<=1000000),7800,IF(H57>1000000,8000)))))))))))))))))) -> 1600 | L57: 0 | M57: =IF(L57>0,H57-L57,H57) -> 0
A58: ='KL tổ 4'!A56 -> 48 | B58: ='KL tổ 4'!B56 -> Lot Bum | C58: 22000 | D58: ='KL tổ 4'!BZ56 -> 0 | E58: =C58*D58 -> 0 | F58: 0 | G58: 0 | H58: =E58+G58 -> 0 | I58: 0 | J58: =ROUND(IF(H58<=800000,0,IF(AND((H58-'[1]Gia cảnh 2 '!I53)>800000,(H58-'[1]Gia cảnh 2 '!I53)<=1250000),(H58-'[1]Gia cảnh 2 '!I53)*5%-40000,IF(AND((H58-'[1]Gia cảnh 2 '!I53)>1250000,(H58-'[1]Gia cảnh 2 '!I53)<=8500000),(H58-'[1]Gia cảnh 2 '!I53)*10%-102500))),2) -> 0 | K58: =IF(H58<=200000,1600,IF(AND(H58>200000,H58<=250000),1800,IF(AND(H58>250000,H58<=300000),2200,IF(AND(H58>300000,H58<=350000),2600,IF(AND(H58>350000,H58<=400000),3000,IF(AND(H58>400000,H58<=450000),3400,IF(AND(H58>450000,H58<=500000),3800,IF(AND(H58>500000,H58<=550000),4200,IF(AND(H58>550000,H58<=600000),4600,IF(AND(H58>600000,H58<=650000),5000,IF(AND(H58>650000,H58<=700000),5400,IF(AND(H58>700000,H58<=750000),5800,IF(AND(H58>750000,H58<=800000),6200,IF(AND(H58>800000,H58<=850000),6600,IF(AND(H58>850000,H58<=900000),7000,IF(AND(H58>900000,H58<=950000),7400,IF(AND(H58>950000,H58<=1000000),7800,IF(H58>1000000,8000)))))))))))))))))) -> 1600 | L58: 0 | M58: =IF(L58>0,H58-L58,H58) -> 0
A59: ='KL tổ 4'!A57 -> 49 | B59: ='KL tổ 4'!B57 -> Sang Son | C59: 22000 | D59: ='KL tổ 4'!BZ57 -> 0 | E59: =C59*D59 -> 0 | F59: 0 | G59: 0 | H59: =E59+G59 -> 0 | I59: 0 | J59: =ROUND(IF(H59<=800000,0,IF(AND((H59-'[1]Gia cảnh 2 '!I54)>800000,(H59-'[1]Gia cảnh 2 '!I54)<=1250000),(H59-'[1]Gia cảnh 2 '!I54)*5%-40000,IF(AND((H59-'[1]Gia cảnh 2 '!I54)>1250000,(H59-'[1]Gia cảnh 2 '!I54)<=8500000),(H59-'[1]Gia cảnh 2 '!I54)*10%-102500))),2) -> 0 | K59: =IF(H59<=200000,1600,IF(AND(H59>200000,H59<=250000),1800,IF(AND(H59>250000,H59<=300000),2200,IF(AND(H59>300000,H59<=350000),2600,IF(AND(H59>350000,H59<=400000),3000,IF(AND(H59>400000,H59<=450000),3400,IF(AND(H59>450000,H59<=500000),3800,IF(AND(H59>500000,H59<=550000),4200,IF(AND(H59>550000,H59<=600000),4600,IF(AND(H59>600000,H59<=650000),5000,IF(AND(H59>650000,H59<=700000),5400,IF(AND(H59>700000,H59<=750000),5800,IF(AND(H59>750000,H59<=800000),6200,IF(AND(H59>800000,H59<=850000),6600,IF(AND(H59>850000,H59<=900000),7000,IF(AND(H59>900000,H59<=950000),7400,IF(AND(H59>950000,H59<=1000000),7800,IF(H59>1000000,8000)))))))))))))))))) -> 1600 | L59: 0 | M59: =IF(L59>0,H59-L59,H59) -> 0
A60: ='KL tổ 4'!A58 -> 50 | B60: ='KL tổ 4'!B58 -> La Hia | C60: 22000 | D60: ='KL tổ 4'!BZ58 -> 0 | E60: =C60*D60 -> 0 | F60: 0 | G60: 0 | H60: =E60+G60 -> 0 | I60: 0 | J60: =ROUND(IF(H60<=800000,0,IF(AND((H60-'[1]Gia cảnh 2 '!I55)>800000,(H60-'[1]Gia cảnh 2 '!I55)<=1250000),(H60-'[1]Gia cảnh 2 '!I55)*5%-40000,IF(AND((H60-'[1]Gia cảnh 2 '!I55)>1250000,(H60-'[1]Gia cảnh 2 '!I55)<=8500000),(H60-'[1]Gia cảnh 2 '!I55)*10%-102500))),2) -> 0 | K60: =IF(H60<=200000,1600,IF(AND(H60>200000,H60<=250000),1800,IF(AND(H60>250000,H60<=300000),2200,IF(AND(H60>300000,H60<=350000),2600,IF(AND(H60>350000,H60<=400000),3000,IF(AND(H60>400000,H60<=450000),3400,IF(AND(H60>450000,H60<=500000),3800,IF(AND(H60>500000,H60<=550000),4200,IF(AND(H60>550000,H60<=600000),4600,IF(AND(H60>600000,H60<=650000),5000,IF(AND(H60>650000,H60<=700000),5400,IF(AND(H60>700000,H60<=750000),5800,IF(AND(H60>750000,H60<=800000),6200,IF(AND(H60>800000,H60<=850000),6600,IF(AND(H60>850000,H60<=900000),7000,IF(AND(H60>900000,H60<=950000),7400,IF(AND(H60>950000,H60<=1000000),7800,IF(H60>1000000,8000)))))))))))))))))) -> 1600 | L60: 0 | M60: =IF(L60>0,H60-L60,H60) -> 0
A61: ='KL tổ 4'!A59 -> 51 | B61: ='KL tổ 4'!B59 -> Thun Danh | C61: 22000 | D61: ='KL tổ 4'!BZ59 -> 0 | E61: =C61*D61 -> 0 | F61: 0 | G61: 0 | H61: =E61+G61 -> 0 | I61: 0 | J61: =ROUND(IF(H61<=800000,0,IF(AND((H61-'[1]Gia cảnh 2 '!I56)>800000,(H61-'[1]Gia cảnh 2 '!I56)<=1250000),(H61-'[1]Gia cảnh 2 '!I56)*5%-40000,IF(AND((H61-'[1]Gia cảnh 2 '!I56)>1250000,(H61-'[1]Gia cảnh 2 '!I56)<=8500000),(H61-'[1]Gia cảnh 2 '!I56)*10%-102500))),2) -> 0 | K61: =IF(H61<=200000,1600,IF(AND(H61>200000,H61<=250000),1800,IF(AND(H61>250000,H61<=300000),2200,IF(AND(H61>300000,H61<=350000),2600,IF(AND(H61>350000,H61<=400000),3000,IF(AND(H61>400000,H61<=450000),3400,IF(AND(H61>450000,H61<=500000),3800,IF(AND(H61>500000,H61<=550000),4200,IF(AND(H61>550000,H61<=600000),4600,IF(AND(H61>600000,H61<=650000),5000,IF(AND(H61>650000,H61<=700000),5400,IF(AND(H61>700000,H61<=750000),5800,IF(AND(H61>750000,H61<=800000),6200,IF(AND(H61>800000,H61<=850000),6600,IF(AND(H61>850000,H61<=900000),7000,IF(AND(H61>900000,H61<=950000),7400,IF(AND(H61>950000,H61<=1000000),7800,IF(H61>1000000,8000)))))))))))))))))) -> 1600 | L61: 0 | M61: =IF(L61>0,H61-L61,H61) -> 0
A62: ='KL tổ 4'!A60 -> 52 | B62: ='KL tổ 4'!B60 -> Lâp Hon | C62: 22000 | D62: ='KL tổ 4'!BZ60 -> 0 | E62: =C62*D62 -> 0 | F62: 0 | G62: 0 | H62: =E62+G62 -> 0 | I62: 0 | J62: =ROUND(IF(H62<=800000,0,IF(AND((H62-'[1]Gia cảnh 2 '!I57)>800000,(H62-'[1]Gia cảnh 2 '!I57)<=1250000),(H62-'[1]Gia cảnh 2 '!I57)*5%-40000,IF(AND((H62-'[1]Gia cảnh 2 '!I57)>1250000,(H62-'[1]Gia cảnh 2 '!I57)<=8500000),(H62-'[1]Gia cảnh 2 '!I57)*10%-102500))),2) -> 0 | K62: =IF(H62<=200000,1600,IF(AND(H62>200000,H62<=250000),1800,IF(AND(H62>250000,H62<=300000),2200,IF(AND(H62>300000,H62<=350000),2600,IF(AND(H62>350000,H62<=400000),3000,IF(AND(H62>400000,H62<=450000),3400,IF(AND(H62>450000,H62<=500000),3800,IF(AND(H62>500000,H62<=550000),4200,IF(AND(H62>550000,H62<=600000),4600,IF(AND(H62>600000,H62<=650000),5000,IF(AND(H62>650000,H62<=700000),5400,IF(AND(H62>700000,H62<=750000),5800,IF(AND(H62>750000,H62<=800000),6200,IF(AND(H62>800000,H62<=850000),6600,IF(AND(H62>850000,H62<=900000),7000,IF(AND(H62>900000,H62<=950000),7400,IF(AND(H62>950000,H62<=1000000),7800,IF(H62>1000000,8000)))))))))))))))))) -> 1600 | L62: 0 | M62: =IF(L62>0,H62-L62,H62) -> 0
A63: ='KL tổ 4'!A61 -> 53 | B63: ='KL tổ 4'!B61 -> Nua Rên | C63: 22000 | D63: ='KL tổ 4'!BZ61 -> 0 | E63: =C63*D63 -> 0 | F63: 0 | G63: 0 | H63: =E63+G63 -> 0 | I63: 0 | J63: =ROUND(IF(H63<=800000,0,IF(AND((H63-'[1]Gia cảnh 2 '!I58)>800000,(H63-'[1]Gia cảnh 2 '!I58)<=1250000),(H63-'[1]Gia cảnh 2 '!I58)*5%-40000,IF(AND((H63-'[1]Gia cảnh 2 '!I58)>1250000,(H63-'[1]Gia cảnh 2 '!I58)<=8500000),(H63-'[1]Gia cảnh 2 '!I58)*10%-102500))),2) -> 0 | K63: =IF(H63<=200000,1600,IF(AND(H63>200000,H63<=250000),1800,IF(AND(H63>250000,H63<=300000),2200,IF(AND(H63>300000,H63<=350000),2600,IF(AND(H63>350000,H63<=400000),3000,IF(AND(H63>400000,H63<=450000),3400,IF(AND(H63>450000,H63<=500000),3800,IF(AND(H63>500000,H63<=550000),4200,IF(AND(H63>550000,H63<=600000),4600,IF(AND(H63>600000,H63<=650000),5000,IF(AND(H63>650000,H63<=700000),5400,IF(AND(H63>700000,H63<=750000),5800,IF(AND(H63>750000,H63<=800000),6200,IF(AND(H63>800000,H63<=850000),6600,IF(AND(H63>850000,H63<=900000),7000,IF(AND(H63>900000,H63<=950000),7400,IF(AND(H63>950000,H63<=1000000),7800,IF(H63>1000000,8000)))))))))))))))))) -> 1600 | L63: 0 | M63: =IF(L63>0,H63-L63,H63) -> 0
A64: ='KL tổ 4'!A62 -> 54 | B64: ='KL tổ 4'!B62 -> Tia Vanh | C64: 22000 | D64: ='KL tổ 4'!BZ62 -> 0 | E64: =C64*D64 -> 0 | F64: 0 | G64: 0 | H64: =E64+G64 -> 0 | I64: 0 | J64: =ROUND(IF(H64<=800000,0,IF(AND((H64-'[1]Gia cảnh 2 '!I59)>800000,(H64-'[1]Gia cảnh 2 '!I59)<=1250000),(H64-'[1]Gia cảnh 2 '!I59)*5%-40000,IF(AND((H64-'[1]Gia cảnh 2 '!I59)>1250000,(H64-'[1]Gia cảnh 2 '!I59)<=8500000),(H64-'[1]Gia cảnh 2 '!I59)*10%-102500))),2) -> 0 | K64: =IF(H64<=200000,1600,IF(AND(H64>200000,H64<=250000),1800,IF(AND(H64>250000,H64<=300000),2200,IF(AND(H64>300000,H64<=350000),2600,IF(AND(H64>350000,H64<=400000),3000,IF(AND(H64>400000,H64<=450000),3400,IF(AND(H64>450000,H64<=500000),3800,IF(AND(H64>500000,H64<=550000),4200,IF(AND(H64>550000,H64<=600000),4600,IF(AND(H64>600000,H64<=650000),5000,IF(AND(H64>650000,H64<=700000),5400,IF(AND(H64>700000,H64<=750000),5800,IF(AND(H64>750000,H64<=800000),6200,IF(AND(H64>800000,H64<=850000),6600,IF(AND(H64>850000,H64<=900000),7000,IF(AND(H64>900000,H64<=950000),7400,IF(AND(H64>950000,H64<=1000000),7800,IF(H64>1000000,8000)))))))))))))))))) -> 1600 | L64: 0 | M64: =IF(L64>0,H64-L64,H64) -> 0
A65: ='KL tổ 4'!A63 -> 55 | B65: ='KL tổ 4'!B63 -> Thon Sat | C65: 22000 | D65: ='KL tổ 4'!BZ63 -> 0 | E65: =C65*D65 -> 0 | F65: 0 | G65: 0 | H65: =E65+G65 -> 0 | I65: 0 | J65: =ROUND(IF(H65<=800000,0,IF(AND((H65-'[1]Gia cảnh 2 '!I60)>800000,(H65-'[1]Gia cảnh 2 '!I60)<=1250000),(H65-'[1]Gia cảnh 2 '!I60)*5%-40000,IF(AND((H65-'[1]Gia cảnh 2 '!I60)>1250000,(H65-'[1]Gia cảnh 2 '!I60)<=8500000),(H65-'[1]Gia cảnh 2 '!I60)*10%-102500))),2) -> 0 | K65: =IF(H65<=200000,1600,IF(AND(H65>200000,H65<=250000),1800,IF(AND(H65>250000,H65<=300000),2200,IF(AND(H65>300000,H65<=350000),2600,IF(AND(H65>350000,H65<=400000),3000,IF(AND(H65>400000,H65<=450000),3400,IF(AND(H65>450000,H65<=500000),3800,IF(AND(H65>500000,H65<=550000),4200,IF(AND(H65>550000,H65<=600000),4600,IF(AND(H65>600000,H65<=650000),5000,IF(AND(H65>650000,H65<=700000),5400,IF(AND(H65>700000,H65<=750000),5800,IF(AND(H65>750000,H65<=800000),6200,IF(AND(H65>800000,H65<=850000),6600,IF(AND(H65>850000,H65<=900000),7000,IF(AND(H65>900000,H65<=950000),7400,IF(AND(H65>950000,H65<=1000000),7800,IF(H65>1000000,8000)))))))))))))))))) -> 1600 | L65: 0 | M65: =IF(L65>0,H65-L65,H65) -> 0
A66: ='KL tổ 4'!A64 -> 56 | B66: ='KL tổ 4'!B64 -> Dia Kha | C66: 22000 | D66: ='KL tổ 4'!BZ64 -> 0 | E66: =C66*D66 -> 0 | F66: 0 | G66: 0 | H66: =E66+G66 -> 0 | I66: 0 | J66: =ROUND(IF(H66<=800000,0,IF(AND((H66-'[1]Gia cảnh 2 '!#REF!)>800000,(H66-'[1]Gia cảnh 2 '!#REF!)<=1250000),(H66-'[1]Gia cảnh 2 '!#REF!)*5%-40000,IF(AND((H66-'[1]Gia cảnh 2 '!#REF!)>1250000,(H66-'[1]Gia cảnh 2 '!#REF!)<=8500000),(H66-'[1]Gia cảnh 2 '!#REF!)*10%-102500))),2) -> 0 | K66: =IF(H66<=200000,1600,IF(AND(H66>200000,H66<=250000),1800,IF(AND(H66>250000,H66<=300000),2200,IF(AND(H66>300000,H66<=350000),2600,IF(AND(H66>350000,H66<=400000),3000,IF(AND(H66>400000,H66<=450000),3400,IF(AND(H66>450000,H66<=500000),3800,IF(AND(H66>500000,H66<=550000),4200,IF(AND(H66>550000,H66<=600000),4600,IF(AND(H66>600000,H66<=650000),5000,IF(AND(H66>650000,H66<=700000),5400,IF(AND(H66>700000,H66<=750000),5800,IF(AND(H66>750000,H66<=800000),6200,IF(AND(H66>800000,H66<=850000),6600,IF(AND(H66>850000,H66<=900000),7000,IF(AND(H66>900000,H66<=950000),7400,IF(AND(H66>950000,H66<=1000000),7800,IF(H66>1000000,8000)))))))))))))))))) -> 1600 | L66: 0 | M66: =IF(L66>0,H66-L66,H66) -> 0
A67: ='KL tổ 4'!A65 -> 57 | B67: ='KL tổ 4'!B65 -> Lon Ron | C67: 22000 | D67: ='KL tổ 4'!BZ65 -> 0 | E67: =C67*D67 -> 0 | F67: 0 | G67: 0 | H67: =E67+G67 -> 0 | I67: 0 | J67: =ROUND(IF(H67<=800000,0,IF(AND((H67-'[1]Gia cảnh 2 '!I98)>800000,(H67-'[1]Gia cảnh 2 '!I98)<=1250000),(H67-'[1]Gia cảnh 2 '!I98)*5%-40000,IF(AND((H67-'[1]Gia cảnh 2 '!I98)>1250000,(H67-'[1]Gia cảnh 2 '!I98)<=8500000),(H67-'[1]Gia cảnh 2 '!I98)*10%-102500))),2) -> 0 | K67: =IF(H67<=200000,1600,IF(AND(H67>200000,H67<=250000),1800,IF(AND(H67>250000,H67<=300000),2200,IF(AND(H67>300000,H67<=350000),2600,IF(AND(H67>350000,H67<=400000),3000,IF(AND(H67>400000,H67<=450000),3400,IF(AND(H67>450000,H67<=500000),3800,IF(AND(H67>500000,H67<=550000),4200,IF(AND(H67>550000,H67<=600000),4600,IF(AND(H67>600000,H67<=650000),5000,IF(AND(H67>650000,H67<=700000),5400,IF(AND(H67>700000,H67<=750000),5800,IF(AND(H67>750000,H67<=800000),6200,IF(AND(H67>800000,H67<=850000),6600,IF(AND(H67>850000,H67<=900000),7000,IF(AND(H67>900000,H67<=950000),7400,IF(AND(H67>950000,H67<=1000000),7800,IF(H67>1000000,8000)))))))))))))))))) -> 1600 | L67: 0 | M67: =IF(L67>0,H67-L67,H67) -> 0
A68: ='KL tổ 4'!A66 -> 58 | B68: ='KL tổ 4'!B66 -> Han Na | C68: 22000 | D68: ='KL tổ 4'!BZ66 -> 0 | E68: =C68*D68 -> 0 | F68: 0 | G68: 0 | H68: =E68+G68 -> 0 | I68: 0 | J68: =ROUND(IF(H68<=800000,0,IF(AND((H68-'[1]Gia cảnh 2 '!I99)>800000,(H68-'[1]Gia cảnh 2 '!I99)<=1250000),(H68-'[1]Gia cảnh 2 '!I99)*5%-40000,IF(AND((H68-'[1]Gia cảnh 2 '!I99)>1250000,(H68-'[1]Gia cảnh 2 '!I99)<=8500000),(H68-'[1]Gia cảnh 2 '!I99)*10%-102500))),2) -> 0 | K68: =IF(H68<=200000,1600,IF(AND(H68>200000,H68<=250000),1800,IF(AND(H68>250000,H68<=300000),2200,IF(AND(H68>300000,H68<=350000),2600,IF(AND(H68>350000,H68<=400000),3000,IF(AND(H68>400000,H68<=450000),3400,IF(AND(H68>450000,H68<=500000),3800,IF(AND(H68>500000,H68<=550000),4200,IF(AND(H68>550000,H68<=600000),4600,IF(AND(H68>600000,H68<=650000),5000,IF(AND(H68>650000,H68<=700000),5400,IF(AND(H68>700000,H68<=750000),5800,IF(AND(H68>750000,H68<=800000),6200,IF(AND(H68>800000,H68<=850000),6600,IF(AND(H68>850000,H68<=900000),7000,IF(AND(H68>900000,H68<=950000),7400,IF(AND(H68>950000,H68<=1000000),7800,IF(H68>1000000,8000)))))))))))))))))) -> 1600 | L68: 0 | M68: =IF(L68>0,H68-L68,H68) -> 0
A69: ='KL tổ 4'!A67 -> 59 | B69: ='KL tổ 4'!B67 -> Tua Ra | C69: 22000 | D69: ='KL tổ 4'!BZ67 -> 0 | E69: =C69*D69 -> 0 | F69: 0 | G69: 0 | H69: =E69+G69 -> 0 | I69: 0 | J69: =ROUND(IF(H69<=800000,0,IF(AND((H69-'[1]Gia cảnh 2 '!I100)>800000,(H69-'[1]Gia cảnh 2 '!I100)<=1250000),(H69-'[1]Gia cảnh 2 '!I100)*5%-40000,IF(AND((H69-'[1]Gia cảnh 2 '!I100)>1250000,(H69-'[1]Gia cảnh 2 '!I100)<=8500000),(H69-'[1]Gia cảnh 2 '!I100)*10%-102500))),2) -> 0 | K69: =IF(H69<=200000,1600,IF(AND(H69>200000,H69<=250000),1800,IF(AND(H69>250000,H69<=300000),2200,IF(AND(H69>300000,H69<=350000),2600,IF(AND(H69>350000,H69<=400000),3000,IF(AND(H69>400000,H69<=450000),3400,IF(AND(H69>450000,H69<=500000),3800,IF(AND(H69>500000,H69<=550000),4200,IF(AND(H69>550000,H69<=600000),4600,IF(AND(H69>600000,H69<=650000),5000,IF(AND(H69>650000,H69<=700000),5400,IF(AND(H69>700000,H69<=750000),5800,IF(AND(H69>750000,H69<=800000),6200,IF(AND(H69>800000,H69<=850000),6600,IF(AND(H69>850000,H69<=900000),7000,IF(AND(H69>900000,H69<=950000),7400,IF(AND(H69>950000,H69<=1000000),7800,IF(H69>1000000,8000)))))))))))))))))) -> 1600 | L69: 0 | M69: =IF(L69>0,H69-L69,H69) -> 0
A70: ='KL tổ 4'!A68 -> 60 | B70: ='KL tổ 4'!B68 -> Chia Sok Kha | C70: 22000 | D70: ='KL tổ 4'!BZ68 -> 0 | E70: =C70*D70 -> 0 | F70: 0 | G70: 0 | H70: =E70+G70 -> 0 | I70: 0 | J70: =ROUND(IF(H70<=800000,0,IF(AND((H70-'[1]Gia cảnh 2 '!I101)>800000,(H70-'[1]Gia cảnh 2 '!I101)<=1250000),(H70-'[1]Gia cảnh 2 '!I101)*5%-40000,IF(AND((H70-'[1]Gia cảnh 2 '!I101)>1250000,(H70-'[1]Gia cảnh 2 '!I101)<=8500000),(H70-'[1]Gia cảnh 2 '!I101)*10%-102500))),2) -> 0 | K70: =IF(H70<=200000,1600,IF(AND(H70>200000,H70<=250000),1800,IF(AND(H70>250000,H70<=300000),2200,IF(AND(H70>300000,H70<=350000),2600,IF(AND(H70>350000,H70<=400000),3000,IF(AND(H70>400000,H70<=450000),3400,IF(AND(H70>450000,H70<=500000),3800,IF(AND(H70>500000,H70<=550000),4200,IF(AND(H70>550000,H70<=600000),4600,IF(AND(H70>600000,H70<=650000),5000,IF(AND(H70>650000,H70<=700000),5400,IF(AND(H70>700000,H70<=750000),5800,IF(AND(H70>750000,H70<=800000),6200,IF(AND(H70>800000,H70<=850000),6600,IF(AND(H70>850000,H70<=900000),7000,IF(AND(H70>900000,H70<=950000),7400,IF(AND(H70>950000,H70<=1000000),7800,IF(H70>1000000,8000)))))))))))))))))) -> 1600 | L70: 0 | M70: =IF(L70>0,H70-L70,H70) -> 0
A71: ='KL tổ 4'!A69 -> 61 | B71: ='KL tổ 4'!B69 -> Lum Lươn | C71: 22000 | D71: ='KL tổ 4'!BZ69 -> 0 | E71: =C71*D71 -> 0 | F71: 0 | G71: 0 | H71: =E71+G71 -> 0 | I71: 0 | J71: =ROUND(IF(H71<=800000,0,IF(AND((H71-'[1]Gia cảnh 2 '!I102)>800000,(H71-'[1]Gia cảnh 2 '!I102)<=1250000),(H71-'[1]Gia cảnh 2 '!I102)*5%-40000,IF(AND((H71-'[1]Gia cảnh 2 '!I102)>1250000,(H71-'[1]Gia cảnh 2 '!I102)<=8500000),(H71-'[1]Gia cảnh 2 '!I102)*10%-102500))),2) -> 0 | K71: =IF(H71<=200000,1600,IF(AND(H71>200000,H71<=250000),1800,IF(AND(H71>250000,H71<=300000),2200,IF(AND(H71>300000,H71<=350000),2600,IF(AND(H71>350000,H71<=400000),3000,IF(AND(H71>400000,H71<=450000),3400,IF(AND(H71>450000,H71<=500000),3800,IF(AND(H71>500000,H71<=550000),4200,IF(AND(H71>550000,H71<=600000),4600,IF(AND(H71>600000,H71<=650000),5000,IF(AND(H71>650000,H71<=700000),5400,IF(AND(H71>700000,H71<=750000),5800,IF(AND(H71>750000,H71<=800000),6200,IF(AND(H71>800000,H71<=850000),6600,IF(AND(H71>850000,H71<=900000),7000,IF(AND(H71>900000,H71<=950000),7400,IF(AND(H71>950000,H71<=1000000),7800,IF(H71>1000000,8000)))))))))))))))))) -> 1600 | L71: 0 | M71: =IF(L71>0,H71-L71,H71) -> 0
A72: ='KL tổ 4'!A70 -> 62 | B72: ='KL tổ 4'!B70 -> Via Đay | C72: 22000 | D72: ='KL tổ 4'!BZ70 -> 0 | E72: =C72*D72 -> 0 | F72: 0 | G72: 0 | H72: =E72+G72 -> 0 | I72: 0 | J72: =ROUND(IF(H72<=800000,0,IF(AND((H72-'[1]Gia cảnh 2 '!I103)>800000,(H72-'[1]Gia cảnh 2 '!I103)<=1250000),(H72-'[1]Gia cảnh 2 '!I103)*5%-40000,IF(AND((H72-'[1]Gia cảnh 2 '!I103)>1250000,(H72-'[1]Gia cảnh 2 '!I103)<=8500000),(H72-'[1]Gia cảnh 2 '!I103)*10%-102500))),2) -> 0 | K72: =IF(H72<=200000,1600,IF(AND(H72>200000,H72<=250000),1800,IF(AND(H72>250000,H72<=300000),2200,IF(AND(H72>300000,H72<=350000),2600,IF(AND(H72>350000,H72<=400000),3000,IF(AND(H72>400000,H72<=450000),3400,IF(AND(H72>450000,H72<=500000),3800,IF(AND(H72>500000,H72<=550000),4200,IF(AND(H72>550000,H72<=600000),4600,IF(AND(H72>600000,H72<=650000),5000,IF(AND(H72>650000,H72<=700000),5400,IF(AND(H72>700000,H72<=750000),5800,IF(AND(H72>750000,H72<=800000),6200,IF(AND(H72>800000,H72<=850000),6600,IF(AND(H72>850000,H72<=900000),7000,IF(AND(H72>900000,H72<=950000),7400,IF(AND(H72>950000,H72<=1000000),7800,IF(H72>1000000,8000)))))))))))))))))) -> 1600 | L72: 0 | M72: =IF(L72>0,H72-L72,H72) -> 0
A73: ='KL tổ 4'!A71 -> 63 | B73: ='KL tổ 4'!B71 -> Sat Mau | C73: 22000 | D73: ='KL tổ 4'!BZ71 -> 0 | E73: =C73*D73 -> 0 | F73: 0 | G73: 0 | H73: =E73+G73 -> 0 | I73: 0 | J73: =ROUND(IF(H73<=800000,0,IF(AND((H73-'[1]Gia cảnh 2 '!I104)>800000,(H73-'[1]Gia cảnh 2 '!I104)<=1250000),(H73-'[1]Gia cảnh 2 '!I104)*5%-40000,IF(AND((H73-'[1]Gia cảnh 2 '!I104)>1250000,(H73-'[1]Gia cảnh 2 '!I104)<=8500000),(H73-'[1]Gia cảnh 2 '!I104)*10%-102500))),2) -> 0 | K73: =IF(H73<=200000,1600,IF(AND(H73>200000,H73<=250000),1800,IF(AND(H73>250000,H73<=300000),2200,IF(AND(H73>300000,H73<=350000),2600,IF(AND(H73>350000,H73<=400000),3000,IF(AND(H73>400000,H73<=450000),3400,IF(AND(H73>450000,H73<=500000),3800,IF(AND(H73>500000,H73<=550000),4200,IF(AND(H73>550000,H73<=600000),4600,IF(AND(H73>600000,H73<=650000),5000,IF(AND(H73>650000,H73<=700000),5400,IF(AND(H73>700000,H73<=750000),5800,IF(AND(H73>750000,H73<=800000),6200,IF(AND(H73>800000,H73<=850000),6600,IF(AND(H73>850000,H73<=900000),7000,IF(AND(H73>900000,H73<=950000),7400,IF(AND(H73>950000,H73<=1000000),7800,IF(H73>1000000,8000)))))))))))))))))) -> 1600 | L73: 0 | M73: =IF(L73>0,H73-L73,H73) -> 0
A74: ='KL tổ 4'!A72 -> 64 | B74: ='KL tổ 4'!B72 -> Thia Ra | C74: 22000 | D74: ='KL tổ 4'!BZ72 -> 0 | E74: =C74*D74 -> 0 | F74: 0 | G74: 0 | H74: =E74+G74 -> 0 | I74: 0 | J74: =ROUND(IF(H74<=800000,0,IF(AND((H74-'[1]Gia cảnh 2 '!I105)>800000,(H74-'[1]Gia cảnh 2 '!I105)<=1250000),(H74-'[1]Gia cảnh 2 '!I105)*5%-40000,IF(AND((H74-'[1]Gia cảnh 2 '!I105)>1250000,(H74-'[1]Gia cảnh 2 '!I105)<=8500000),(H74-'[1]Gia cảnh 2 '!I105)*10%-102500))),2) -> 0 | K74: =IF(H74<=200000,1600,IF(AND(H74>200000,H74<=250000),1800,IF(AND(H74>250000,H74<=300000),2200,IF(AND(H74>300000,H74<=350000),2600,IF(AND(H74>350000,H74<=400000),3000,IF(AND(H74>400000,H74<=450000),3400,IF(AND(H74>450000,H74<=500000),3800,IF(AND(H74>500000,H74<=550000),4200,IF(AND(H74>550000,H74<=600000),4600,IF(AND(H74>600000,H74<=650000),5000,IF(AND(H74>650000,H74<=700000),5400,IF(AND(H74>700000,H74<=750000),5800,IF(AND(H74>750000,H74<=800000),6200,IF(AND(H74>800000,H74<=850000),6600,IF(AND(H74>850000,H74<=900000),7000,IF(AND(H74>900000,H74<=950000),7400,IF(AND(H74>950000,H74<=1000000),7800,IF(H74>1000000,8000)))))))))))))))))) -> 1600 | L74: 0 | M74: =IF(L74>0,H74-L74,H74) -> 0
A75: ='KL tổ 4'!A73 -> 65 | B75: ='KL tổ 4'!B73 -> Du Hon | C75: 22000 | D75: ='KL tổ 4'!BZ73 -> 0 | E75: =C75*D75 -> 0 | F75: 0 | G75: 0 | H75: =E75+G75 -> 0 | I75: 0 | J75: =ROUND(IF(H75<=800000,0,IF(AND((H75-'[1]Gia cảnh 2 '!I106)>800000,(H75-'[1]Gia cảnh 2 '!I106)<=1250000),(H75-'[1]Gia cảnh 2 '!I106)*5%-40000,IF(AND((H75-'[1]Gia cảnh 2 '!I106)>1250000,(H75-'[1]Gia cảnh 2 '!I106)<=8500000),(H75-'[1]Gia cảnh 2 '!I106)*10%-102500))),2) -> 0 | K75: =IF(H75<=200000,1600,IF(AND(H75>200000,H75<=250000),1800,IF(AND(H75>250000,H75<=300000),2200,IF(AND(H75>300000,H75<=350000),2600,IF(AND(H75>350000,H75<=400000),3000,IF(AND(H75>400000,H75<=450000),3400,IF(AND(H75>450000,H75<=500000),3800,IF(AND(H75>500000,H75<=550000),4200,IF(AND(H75>550000,H75<=600000),4600,IF(AND(H75>600000,H75<=650000),5000,IF(AND(H75>650000,H75<=700000),5400,IF(AND(H75>700000,H75<=750000),5800,IF(AND(H75>750000,H75<=800000),6200,IF(AND(H75>800000,H75<=850000),6600,IF(AND(H75>850000,H75<=900000),7000,IF(AND(H75>900000,H75<=950000),7400,IF(AND(H75>950000,H75<=1000000),7800,IF(H75>1000000,8000)))))))))))))))))) -> 1600 | L75: 0 | M75: =IF(L75>0,H75-L75,H75) -> 0
A76: ='KL tổ 4'!A74 -> 66 | B76: ='KL tổ 4'!B74 -> Ron Ria | C76: 22000 | D76: ='KL tổ 4'!BZ74 -> 0 | E76: =C76*D76 -> 0 | F76: 0 | G76: 0 | H76: =E76+G76 -> 0 | I76: 0 | J76: =ROUND(IF(H76<=800000,0,IF(AND((H76-'[1]Gia cảnh 2 '!I107)>800000,(H76-'[1]Gia cảnh 2 '!I107)<=1250000),(H76-'[1]Gia cảnh 2 '!I107)*5%-40000,IF(AND((H76-'[1]Gia cảnh 2 '!I107)>1250000,(H76-'[1]Gia cảnh 2 '!I107)<=8500000),(H76-'[1]Gia cảnh 2 '!I107)*10%-102500))),2) -> 0 | K76: =IF(H76<=200000,1600,IF(AND(H76>200000,H76<=250000),1800,IF(AND(H76>250000,H76<=300000),2200,IF(AND(H76>300000,H76<=350000),2600,IF(AND(H76>350000,H76<=400000),3000,IF(AND(H76>400000,H76<=450000),3400,IF(AND(H76>450000,H76<=500000),3800,IF(AND(H76>500000,H76<=550000),4200,IF(AND(H76>550000,H76<=600000),4600,IF(AND(H76>600000,H76<=650000),5000,IF(AND(H76>650000,H76<=700000),5400,IF(AND(H76>700000,H76<=750000),5800,IF(AND(H76>750000,H76<=800000),6200,IF(AND(H76>800000,H76<=850000),6600,IF(AND(H76>850000,H76<=900000),7000,IF(AND(H76>900000,H76<=950000),7400,IF(AND(H76>950000,H76<=1000000),7800,IF(H76>1000000,8000)))))))))))))))))) -> 1600 | L76: =IF(J76>0,I76+J76,I76) -> 0 | M76: =IF(L76>0,H76-L76,H76) -> 0
A77: ='KL tổ 4'!A75 -> 67 | B77: ='KL tổ 4'!B75 -> Phon Tha | C77: 22000 | D77: ='KL tổ 4'!BZ75 -> 0 | E77: =C77*D77 -> 0 | F77: 0 | G77: 0 | H77: =E77+G77 -> 0 | I77: 0 | J77: =ROUND(IF(H77<=800000,0,IF(AND((H77-'[1]Gia cảnh 2 '!I108)>800000,(H77-'[1]Gia cảnh 2 '!I108)<=1250000),(H77-'[1]Gia cảnh 2 '!I108)*5%-40000,IF(AND((H77-'[1]Gia cảnh 2 '!I108)>1250000,(H77-'[1]Gia cảnh 2 '!I108)<=8500000),(H77-'[1]Gia cảnh 2 '!I108)*10%-102500))),2) -> 0 | K77: =IF(H77<=200000,1600,IF(AND(H77>200000,H77<=250000),1800,IF(AND(H77>250000,H77<=300000),2200,IF(AND(H77>300000,H77<=350000),2600,IF(AND(H77>350000,H77<=400000),3000,IF(AND(H77>400000,H77<=450000),3400,IF(AND(H77>450000,H77<=500000),3800,IF(AND(H77>500000,H77<=550000),4200,IF(AND(H77>550000,H77<=600000),4600,IF(AND(H77>600000,H77<=650000),5000,IF(AND(H77>650000,H77<=700000),5400,IF(AND(H77>700000,H77<=750000),5800,IF(AND(H77>750000,H77<=800000),6200,IF(AND(H77>800000,H77<=850000),6600,IF(AND(H77>850000,H77<=900000),7000,IF(AND(H77>900000,H77<=950000),7400,IF(AND(H77>950000,H77<=1000000),7800,IF(H77>1000000,8000)))))))))))))))))) -> 1600 | L77: =IF(J77>0,I77+J77,I77) -> 0 | M77: =IF(L77>0,H77-L77,H77) -> 0
A78: ='KL tổ 4'!A76 -> 68 | B78: ='KL tổ 4'!B76 -> Vot Num | C78: 22000 | D78: ='KL tổ 4'!BZ76 -> 0 | E78: =C78*D78 -> 0 | F78: 0 | G78: 0 | H78: =E78+G78 -> 0 | I78: 0 | J78: =ROUND(IF(H78<=800000,0,IF(AND((H78-'[1]Gia cảnh 2 '!I109)>800000,(H78-'[1]Gia cảnh 2 '!I109)<=1250000),(H78-'[1]Gia cảnh 2 '!I109)*5%-40000,IF(AND((H78-'[1]Gia cảnh 2 '!I109)>1250000,(H78-'[1]Gia cảnh 2 '!I109)<=8500000),(H78-'[1]Gia cảnh 2 '!I109)*10%-102500))),2) -> 0 | K78: =IF(H78<=200000,1600,IF(AND(H78>200000,H78<=250000),1800,IF(AND(H78>250000,H78<=300000),2200,IF(AND(H78>300000,H78<=350000),2600,IF(AND(H78>350000,H78<=400000),3000,IF(AND(H78>400000,H78<=450000),3400,IF(AND(H78>450000,H78<=500000),3800,IF(AND(H78>500000,H78<=550000),4200,IF(AND(H78>550000,H78<=600000),4600,IF(AND(H78>600000,H78<=650000),5000,IF(AND(H78>650000,H78<=700000),5400,IF(AND(H78>700000,H78<=750000),5800,IF(AND(H78>750000,H78<=800000),6200,IF(AND(H78>800000,H78<=850000),6600,IF(AND(H78>850000,H78<=900000),7000,IF(AND(H78>900000,H78<=950000),7400,IF(AND(H78>950000,H78<=1000000),7800,IF(H78>1000000,8000)))))))))))))))))) -> 1600 | L78: =IF(J78>0,I78+J78,I78) -> 0 | M78: =IF(L78>0,H78-L78,H78) -> 0
A79: ='KL tổ 4'!A77 -> 69 | B79: ='KL tổ 4'!B77 -> Thu Thươn | C79: 22000 | D79: ='KL tổ 4'!BZ77 -> 0 | E79: =C79*D79 -> 0 | F79: 0 | G79: 0 | H79: =E79+G79 -> 0 | I79: 0 | J79: =ROUND(IF(H79<=800000,0,IF(AND((H79-'[1]Gia cảnh 2 '!I110)>800000,(H79-'[1]Gia cảnh 2 '!I110)<=1250000),(H79-'[1]Gia cảnh 2 '!I110)*5%-40000,IF(AND((H79-'[1]Gia cảnh 2 '!I110)>1250000,(H79-'[1]Gia cảnh 2 '!I110)<=8500000),(H79-'[1]Gia cảnh 2 '!I110)*10%-102500))),2) -> 0 | K79: =IF(H79<=200000,1600,IF(AND(H79>200000,H79<=250000),1800,IF(AND(H79>250000,H79<=300000),2200,IF(AND(H79>300000,H79<=350000),2600,IF(AND(H79>350000,H79<=400000),3000,IF(AND(H79>400000,H79<=450000),3400,IF(AND(H79>450000,H79<=500000),3800,IF(AND(H79>500000,H79<=550000),4200,IF(AND(H79>550000,H79<=600000),4600,IF(AND(H79>600000,H79<=650000),5000,IF(AND(H79>650000,H79<=700000),5400,IF(AND(H79>700000,H79<=750000),5800,IF(AND(H79>750000,H79<=800000),6200,IF(AND(H79>800000,H79<=850000),6600,IF(AND(H79>850000,H79<=900000),7000,IF(AND(H79>900000,H79<=950000),7400,IF(AND(H79>950000,H79<=1000000),7800,IF(H79>1000000,8000)))))))))))))))))) -> 1600 | L79: =IF(J79>0,I79+J79,I79) -> 0 | M79: =IF(L79>0,H79-L79,H79) -> 0
A80: ='KL tổ 4'!A78 -> 70 | B80: ='KL tổ 4'!B78 -> Sia Vum | C80: 22000 | D80: ='KL tổ 4'!BZ78 -> 0 | E80: =C80*D80 -> 0 | F80: 0 | G80: 0 | H80: =E80+G80 -> 0 | I80: 0 | J80: =ROUND(IF(H80<=800000,0,IF(AND((H80-'[1]Gia cảnh 2 '!I111)>800000,(H80-'[1]Gia cảnh 2 '!I111)<=1250000),(H80-'[1]Gia cảnh 2 '!I111)*5%-40000,IF(AND((H80-'[1]Gia cảnh 2 '!I111)>1250000,(H80-'[1]Gia cảnh 2 '!I111)<=8500000),(H80-'[1]Gia cảnh 2 '!I111)*10%-102500))),2) -> 0 | K80: =IF(H80<=200000,1600,IF(AND(H80>200000,H80<=250000),1800,IF(AND(H80>250000,H80<=300000),2200,IF(AND(H80>300000,H80<=350000),2600,IF(AND(H80>350000,H80<=400000),3000,IF(AND(H80>400000,H80<=450000),3400,IF(AND(H80>450000,H80<=500000),3800,IF(AND(H80>500000,H80<=550000),4200,IF(AND(H80>550000,H80<=600000),4600,IF(AND(H80>600000,H80<=650000),5000,IF(AND(H80>650000,H80<=700000),5400,IF(AND(H80>700000,H80<=750000),5800,IF(AND(H80>750000,H80<=800000),6200,IF(AND(H80>800000,H80<=850000),6600,IF(AND(H80>850000,H80<=900000),7000,IF(AND(H80>900000,H80<=950000),7400,IF(AND(H80>950000,H80<=1000000),7800,IF(H80>1000000,8000)))))))))))))))))) -> 1600 | L80: =IF(J80>0,I80+J80,I80) -> 0 | M80: =IF(L80>0,H80-L80,H80) -> 0
A81: ='KL tổ 4'!A79 -> 71 | B81: ='KL tổ 4'!B79 -> Phon Xia | C81: 22000 | D81: ='KL tổ 4'!BZ79 -> 0 | E81: =C81*D81 -> 0 | F81: 0 | G81: 0 | H81: =E81+G81 -> 0 | I81: 0 | J81: =ROUND(IF(H81<=800000,0,IF(AND((H81-'[1]Gia cảnh 2 '!I112)>800000,(H81-'[1]Gia cảnh 2 '!I112)<=1250000),(H81-'[1]Gia cảnh 2 '!I112)*5%-40000,IF(AND((H81-'[1]Gia cảnh 2 '!I112)>1250000,(H81-'[1]Gia cảnh 2 '!I112)<=8500000),(H81-'[1]Gia cảnh 2 '!I112)*10%-102500))),2) -> 0 | K81: =IF(H81<=200000,1600,IF(AND(H81>200000,H81<=250000),1800,IF(AND(H81>250000,H81<=300000),2200,IF(AND(H81>300000,H81<=350000),2600,IF(AND(H81>350000,H81<=400000),3000,IF(AND(H81>400000,H81<=450000),3400,IF(AND(H81>450000,H81<=500000),3800,IF(AND(H81>500000,H81<=550000),4200,IF(AND(H81>550000,H81<=600000),4600,IF(AND(H81>600000,H81<=650000),5000,IF(AND(H81>650000,H81<=700000),5400,IF(AND(H81>700000,H81<=750000),5800,IF(AND(H81>750000,H81<=800000),6200,IF(AND(H81>800000,H81<=850000),6600,IF(AND(H81>850000,H81<=900000),7000,IF(AND(H81>900000,H81<=950000),7400,IF(AND(H81>950000,H81<=1000000),7800,IF(H81>1000000,8000)))))))))))))))))) -> 1600 | L81: =IF(J81>0,I81+J81,I81) -> 0 | M81: =IF(L81>0,H81-L81,H81) -> 0
A82: ='KL tổ 4'!A80 -> 72 | B82: ='KL tổ 4'!B80 -> Tu Hua | C82: 22000 | D82: ='KL tổ 4'!BZ80 -> 0 | E82: =C82*D82 -> 0 | F82: 0 | G82: 0 | H82: =E82+G82 -> 0 | I82: 0 | J82: =ROUND(IF(H82<=800000,0,IF(AND((H82-'[1]Gia cảnh 2 '!I113)>800000,(H82-'[1]Gia cảnh 2 '!I113)<=1250000),(H82-'[1]Gia cảnh 2 '!I113)*5%-40000,IF(AND((H82-'[1]Gia cảnh 2 '!I113)>1250000,(H82-'[1]Gia cảnh 2 '!I113)<=8500000),(H82-'[1]Gia cảnh 2 '!I113)*10%-102500))),2) -> 0 | K82: =IF(H82<=200000,1600,IF(AND(H82>200000,H82<=250000),1800,IF(AND(H82>250000,H82<=300000),2200,IF(AND(H82>300000,H82<=350000),2600,IF(AND(H82>350000,H82<=400000),3000,IF(AND(H82>400000,H82<=450000),3400,IF(AND(H82>450000,H82<=500000),3800,IF(AND(H82>500000,H82<=550000),4200,IF(AND(H82>550000,H82<=600000),4600,IF(AND(H82>600000,H82<=650000),5000,IF(AND(H82>650000,H82<=700000),5400,IF(AND(H82>700000,H82<=750000),5800,IF(AND(H82>750000,H82<=800000),6200,IF(AND(H82>800000,H82<=850000),6600,IF(AND(H82>850000,H82<=900000),7000,IF(AND(H82>900000,H82<=950000),7400,IF(AND(H82>950000,H82<=1000000),7800,IF(H82>1000000,8000)))))))))))))))))) -> 1600 | L82: =IF(J82>0,I82+J82,I82) -> 0 | M82: =IF(L82>0,H82-L82,H82) -> 0
A83: ='KL tổ 4'!A81 -> 73 | B83: ='KL tổ 4'!B81 -> Mim Ra | C83: 22000 | D83: ='KL tổ 4'!BZ81 -> 0 | E83: =C83*D83 -> 0 | F83: 0 | G83: 0 | H83: =E83+G83 -> 0 | I83: 0 | J83: =ROUND(IF(H83<=800000,0,IF(AND((H83-'[1]Gia cảnh 2 '!I114)>800000,(H83-'[1]Gia cảnh 2 '!I114)<=1250000),(H83-'[1]Gia cảnh 2 '!I114)*5%-40000,IF(AND((H83-'[1]Gia cảnh 2 '!I114)>1250000,(H83-'[1]Gia cảnh 2 '!I114)<=8500000),(H83-'[1]Gia cảnh 2 '!I114)*10%-102500))),2) -> 0 | K83: =IF(H83<=200000,1600,IF(AND(H83>200000,H83<=250000),1800,IF(AND(H83>250000,H83<=300000),2200,IF(AND(H83>300000,H83<=350000),2600,IF(AND(H83>350000,H83<=400000),3000,IF(AND(H83>400000,H83<=450000),3400,IF(AND(H83>450000,H83<=500000),3800,IF(AND(H83>500000,H83<=550000),4200,IF(AND(H83>550000,H83<=600000),4600,IF(AND(H83>600000,H83<=650000),5000,IF(AND(H83>650000,H83<=700000),5400,IF(AND(H83>700000,H83<=750000),5800,IF(AND(H83>750000,H83<=800000),6200,IF(AND(H83>800000,H83<=850000),6600,IF(AND(H83>850000,H83<=900000),7000,IF(AND(H83>900000,H83<=950000),7400,IF(AND(H83>950000,H83<=1000000),7800,IF(H83>1000000,8000)))))))))))))))))) -> 1600 | L83: =IF(J83>0,I83+J83,I83) -> 0 | M83: =IF(L83>0,H83-L83,H83) -> 0
A84: ='KL tổ 4'!A82 -> 74 | B84: ='KL tổ 4'!B82 -> Ra Hum | C84: 22000 | D84: ='KL tổ 4'!BZ82 -> 0 | E84: =C84*D84 -> 0 | F84: 0 | G84: 0 | H84: =E84+G84 -> 0 | I84: 0 | J84: =ROUND(IF(H84<=800000,0,IF(AND((H84-'[1]Gia cảnh 2 '!I115)>800000,(H84-'[1]Gia cảnh 2 '!I115)<=1250000),(H84-'[1]Gia cảnh 2 '!I115)*5%-40000,IF(AND((H84-'[1]Gia cảnh 2 '!I115)>1250000,(H84-'[1]Gia cảnh 2 '!I115)<=8500000),(H84-'[1]Gia cảnh 2 '!I115)*10%-102500))),2) -> 0 | K84: =IF(H84<=200000,1600,IF(AND(H84>200000,H84<=250000),1800,IF(AND(H84>250000,H84<=300000),2200,IF(AND(H84>300000,H84<=350000),2600,IF(AND(H84>350000,H84<=400000),3000,IF(AND(H84>400000,H84<=450000),3400,IF(AND(H84>450000,H84<=500000),3800,IF(AND(H84>500000,H84<=550000),4200,IF(AND(H84>550000,H84<=600000),4600,IF(AND(H84>600000,H84<=650000),5000,IF(AND(H84>650000,H84<=700000),5400,IF(AND(H84>700000,H84<=750000),5800,IF(AND(H84>750000,H84<=800000),6200,IF(AND(H84>800000,H84<=850000),6600,IF(AND(H84>850000,H84<=900000),7000,IF(AND(H84>900000,H84<=950000),7400,IF(AND(H84>950000,H84<=1000000),7800,IF(H84>1000000,8000)))))))))))))))))) -> 1600 | L84: =IF(J84>0,I84+J84,I84) -> 0 | M84: =IF(L84>0,H84-L84,H84) -> 0
A85: ='KL tổ 4'!A83 -> 75 | B85: ='KL tổ 4'!B83 -> Um Von | C85: 22000 | D85: ='KL tổ 4'!BZ83 -> 0 | E85: =C85*D85 -> 0 | F85: 0 | G85: 0 | H85: =E85+G85 -> 0 | I85: 0 | J85: =ROUND(IF(H85<=800000,0,IF(AND((H85-'[1]Gia cảnh 2 '!I116)>800000,(H85-'[1]Gia cảnh 2 '!I116)<=1250000),(H85-'[1]Gia cảnh 2 '!I116)*5%-40000,IF(AND((H85-'[1]Gia cảnh 2 '!I116)>1250000,(H85-'[1]Gia cảnh 2 '!I116)<=8500000),(H85-'[1]Gia cảnh 2 '!I116)*10%-102500))),2) -> 0 | K85: =IF(H85<=200000,1600,IF(AND(H85>200000,H85<=250000),1800,IF(AND(H85>250000,H85<=300000),2200,IF(AND(H85>300000,H85<=350000),2600,IF(AND(H85>350000,H85<=400000),3000,IF(AND(H85>400000,H85<=450000),3400,IF(AND(H85>450000,H85<=500000),3800,IF(AND(H85>500000,H85<=550000),4200,IF(AND(H85>550000,H85<=600000),4600,IF(AND(H85>600000,H85<=650000),5000,IF(AND(H85>650000,H85<=700000),5400,IF(AND(H85>700000,H85<=750000),5800,IF(AND(H85>750000,H85<=800000),6200,IF(AND(H85>800000,H85<=850000),6600,IF(AND(H85>850000,H85<=900000),7000,IF(AND(H85>900000,H85<=950000),7400,IF(AND(H85>950000,H85<=1000000),7800,IF(H85>1000000,8000)))))))))))))))))) -> 1600 | L85: =IF(J85>0,I85+J85,I85) -> 0 | M85: =IF(L85>0,H85-L85,H85) -> 0
A86: ='KL tổ 4'!A84 -> 76 | B86: ='KL tổ 4'!B84 -> Um Hay | C86: 22000 | D86: ='KL tổ 4'!BZ84 -> 0 | E86: =C86*D86 -> 0 | F86: 0 | G86: 0 | H86: =E86+G86 -> 0 | I86: 0 | J86: =ROUND(IF(H86<=800000,0,IF(AND((H86-'[1]Gia cảnh 2 '!I117)>800000,(H86-'[1]Gia cảnh 2 '!I117)<=1250000),(H86-'[1]Gia cảnh 2 '!I117)*5%-40000,IF(AND((H86-'[1]Gia cảnh 2 '!I117)>1250000,(H86-'[1]Gia cảnh 2 '!I117)<=8500000),(H86-'[1]Gia cảnh 2 '!I117)*10%-102500))),2) -> 0 | K86: =IF(H86<=200000,1600,IF(AND(H86>200000,H86<=250000),1800,IF(AND(H86>250000,H86<=300000),2200,IF(AND(H86>300000,H86<=350000),2600,IF(AND(H86>350000,H86<=400000),3000,IF(AND(H86>400000,H86<=450000),3400,IF(AND(H86>450000,H86<=500000),3800,IF(AND(H86>500000,H86<=550000),4200,IF(AND(H86>550000,H86<=600000),4600,IF(AND(H86>600000,H86<=650000),5000,IF(AND(H86>650000,H86<=700000),5400,IF(AND(H86>700000,H86<=750000),5800,IF(AND(H86>750000,H86<=800000),6200,IF(AND(H86>800000,H86<=850000),6600,IF(AND(H86>850000,H86<=900000),7000,IF(AND(H86>900000,H86<=950000),7400,IF(AND(H86>950000,H86<=1000000),7800,IF(H86>1000000,8000)))))))))))))))))) -> 1600 | L86: =IF(J86>0,I86+J86,I86) -> 0 | M86: =IF(L86>0,H86-L86,H86) -> 0
A87: ='KL tổ 4'!A85 -> 77 | B87: ='KL tổ 4'!B85 -> Sa Vêt | C87: 22000 | D87: ='KL tổ 4'!BZ85 -> 0 | E87: =C87*D87 -> 0 | F87: 0 | G87: 0 | H87: =E87+G87 -> 0 | I87: 0 | J87: =ROUND(IF(H87<=800000,0,IF(AND((H87-'[1]Gia cảnh 2 '!I118)>800000,(H87-'[1]Gia cảnh 2 '!I118)<=1250000),(H87-'[1]Gia cảnh 2 '!I118)*5%-40000,IF(AND((H87-'[1]Gia cảnh 2 '!I118)>1250000,(H87-'[1]Gia cảnh 2 '!I118)<=8500000),(H87-'[1]Gia cảnh 2 '!I118)*10%-102500))),2) -> 0 | K87: =IF(H87<=200000,1600,IF(AND(H87>200000,H87<=250000),1800,IF(AND(H87>250000,H87<=300000),2200,IF(AND(H87>300000,H87<=350000),2600,IF(AND(H87>350000,H87<=400000),3000,IF(AND(H87>400000,H87<=450000),3400,IF(AND(H87>450000,H87<=500000),3800,IF(AND(H87>500000,H87<=550000),4200,IF(AND(H87>550000,H87<=600000),4600,IF(AND(H87>600000,H87<=650000),5000,IF(AND(H87>650000,H87<=700000),5400,IF(AND(H87>700000,H87<=750000),5800,IF(AND(H87>750000,H87<=800000),6200,IF(AND(H87>800000,H87<=850000),6600,IF(AND(H87>850000,H87<=900000),7000,IF(AND(H87>900000,H87<=950000),7400,IF(AND(H87>950000,H87<=1000000),7800,IF(H87>1000000,8000)))))))))))))))))) -> 1600 | L87: =IF(J87>0,I87+J87,I87) -> 0 | M87: =IF(L87>0,H87-L87,H87) -> 0
... A108: ='KL tổ 4'!A106 -> 98 | B108: ='KL tổ 4'!B106 -> Chi Chia | C108: 22000 | D108: ='KL tổ 4'!BZ106 -> 0 | E108: =C108*D108 -> 0 | F108: 0 | G108: 0 | H108: =E108+G108 -> 0 | I108: 0 | J108: =ROUND(IF(H108<=800000,0,IF(AND((H108-'[1]Gia cảnh 2 '!I139)>800000,(H108-'[1]Gia cảnh 2 '!I139)<=1250000),(H108-'[1]Gia cảnh 2 '!I139)*5%-40000,IF(AND((H108-'[1]Gia cảnh 2 '!I139)>1250000,(H108-'[1]Gia cảnh 2 '!I139)<=8500000),(H108-'[1]Gia cảnh 2 '!I139)*10%-102500))),2) -> 0 | K108: =IF(H108<=200000,1600,IF(AND(H108>200000,H108<=250000),1800,IF(AND(H108>250000,H108<=300000),2200,IF(AND(H108>300000,H108<=350000),2600,IF(AND(H108>350000,H108<=400000),3000,IF(AND(H108>400000,H108<=450000),3400,IF(AND(H108>450000,H108<=500000),3800,IF(AND(H108>500000,H108<=550000),4200,IF(AND(H108>550000,H108<=600000),4600,IF(AND(H108>600000,H108<=650000),5000,IF(AND(H108>650000,H108<=700000),5400,IF(AND(H108>700000,H108<=750000),5800,IF(AND(H108>750000,H108<=800000),6200,IF(AND(H108>800000,H108<=850000),6600,IF(AND(H108>850000,H108<=900000),7000,IF(AND(H108>900000,H108<=950000),7400,IF(AND(H108>950000,H108<=1000000),7800,IF(H108>1000000,8000)))))))))))))))))) -> 1600 | L108: =IF(J108>0,I108+J108,I108) -> 0 | M108: =IF(L108>0,H108-L108,H108) -> 0
A109: TỔNG CỘNG | D109: =SUM(D11:D108) -> 0 | E109: =SUM(E11:E108) -> 0 | F109: =SUM(F11:F21) -> 0 | G109: =SUM(G11:G108) -> 0 | H109: =SUM(H11:H108) -> 0 | I109: =SUM(I11:I108) -> 0 | J109: =L109-I109 -> 0 | K109: =SUM(K11:K108) -> 156800 | L109: =SUM(L11:L108) -> 0 | M109: =SUM(M11:M108) -> 0
A110: (Bằng chữ: Bốn mươi bốn triệu một trăm ngàn lẻ năm trăm năm mươi hai riel)
J112: Kampong Thom, ngày 31 tháng 12 năm 2016
B113: ĐƠN VỊ THỰC HIỆN | J113: NGƯỜI LẬP BIỂU
B118: Nguyễn Thành Vinh | J118: Phạm Thành Phước

Sheet Gia cảnh 4
A1: DANH SÁCH KÊ KHAI GIA CẢNH
A2: Tổ 2
A4: STT | B4: HOÏ VAØ TEÂN | C4: Tình trạng hôn nhân | E4: Tình trạng con cái | H4: Tổng số người được giảm trừ | I4: Số tiền được giảm trừ | J4: Người kê khai ký tên
C5: Đi làm có thu nhập | D5: Đi làm không có thu nhập | E5: Dưới 18 tuổi | F5: Trên 18 tuổi | G5: Tổng số con
A6: ='TTTL tổ 4'!A11 -> 1 | B6: ='TTTL tổ 4'!B11 -> Rat Non | G6: =E6+F6 -> 0 | H6: =D6+E6 -> 0 | I6: =H6*75000 -> 0
A7: ='TTTL tổ 4'!A12 -> 2 | B7: ='TTTL tổ 4'!B12 -> Dâm Vanh | G7: =E7+F7 -> 0 | H7: =D7+E7 -> 0 | I7: =H7*75000 -> 0
A8: ='TTTL tổ 4'!A13 -> 3 | B8: ='TTTL tổ 4'!B13 -> Sa Mêt | G8: =E8+F8 -> 0 | H8: =D8+E8 -> 0 | I8: =H8*75000 -> 0
A9: ='TTTL tổ 4'!A14 -> 4 | B9: ='TTTL tổ 4'!B14 -> Nu Rươn | G9: =E9+F9 -> 0 | H9: =D9+E9 -> 0 | I9: =H9*75000 -> 0
A10: ='TTTL tổ 4'!A15 -> 5 | B10: ='TTTL tổ 4'!B15 -> Son Hay | G10: =E10+F10 -> 0 | H10: =D10+E10 -> 0 | I10: =H10*75000 -> 0
A11: ='TTTL tổ 4'!A16 -> 6 | B11: ='TTTL tổ 4'!B16 -> Chon Via | G11: =E11+F11 -> 0 | H11: =D11+E11 -> 0 | I11: =H11*75000 -> 0
A12: ='TTTL tổ 4'!A17 -> 7 | B12: ='TTTL tổ 4'!B17 -> Nit Nươn | G12: =E12+F12 -> 0 | H12: =D12+E12 -> 0 | I12: =H12*75000 -> 0
A13: ='TTTL tổ 4'!A18 -> 8 | B13: ='TTTL tổ 4'!B18 -> Nu Kha | G13: =E13+F13 -> 0 | H13: =D13+E13 -> 0 | I13: =H13*75000 -> 0
A14: ='TTTL tổ 4'!A19 -> 9 | B14: ='TTTL tổ 4'!B19 -> Du Mêt | G14: =E14+F14 -> 0 | H14: =D14+E14 -> 0 | I14: =H14*75000 -> 0
A15: ='TTTL tổ 4'!A20 -> 10 | B15: ='TTTL tổ 4'!B20 -> Khon Ra Đây | G15: =E15+F15 -> 0 | H15: =D15+E15 -> 0 | I15: =H15*75000 -> 0
A16: ='TTTL tổ 4'!A21 -> 11 | B16: ='TTTL tổ 4'!B21 -> An Hia | G16: =E16+F16 -> 0 | H16: =D16+E16 -> 0 | I16: =H16*75000 -> 0
A17: ='TTTL tổ 4'!A22 -> 12 | B17: ='TTTL tổ 4'!B22 -> Thi Thia | G17: =E17+F17 -> 0 | H17: =D17+E17 -> 0 | I17: =H17*75000 -> 0
... A103: ='TTTL tổ 4'!A108 -> 98 | B103: ='TTTL tổ 4'!B108 -> Chi Chia | G103: =E103+F103 -> 0 | H103: =D103+E103 -> 0 | I103: =H103*75000 -> 0
A104: Tổng cộng | C104: =SUM(C6:C16) -> 0 | D104: =SUM(D6:D49) -> 0 | E104: =SUM(E6:E49) -> 0 | F104: =SUM(F6:F49) -> 0 | G104: =SUM(G6:G49) -> 0 | H104: =SUM(H6:H49) -> 0 | I104: =SUM(I6:I49) -> 0
H106: Ngaøy 09 thaùng 07 naêm 2013
H107: P.TCHC

Sheet KL tổ 3
A1: CÔNG TY TNHH CAO SU MEKONG | O1: VƯƠNG QUỐC CAMPUCHIA
A2: ĐƠN VỊ: NÔNG TRƯỜNG II | O2: Dân tộc - Tôn giáo - Quốc vương
A4: BẢNG KHỐI LƯỢNG CÔNG NHÂN CAMPUCHIA TỔ 6 PHUN THUỐC + CÀY
A5: THÁNG 11 NĂM 2016
A7: STT | B7: Họ và tên | D7: Làm cỏ đường băng (5,12 công/ha) | H7: Chăm sóc thảm phủ (1 công/ha) | J7: Phát cỏ luồng (0,9 công/ha) | N7: Phun thuốc cỏ (6 công/ha) | P7: Phát dọn phòng chống cháy (1,9 công/ha) | T7: Phát dọn phòng chống cháy (1,61 công/ha) | V7: Phúp bồn, tủ ẩm (17 công/ha) | X7: Lấp hố (0,1 công/ha) | Z7: Làm điểm tập kết (0,5 công/ha) | AB7: Trồng dặm (0,8 công/ha) | AD7: Quét vôi chống nắng (0,5 công/ha) | AF7: Phun thuốc BVTV diệt rệp (0,4 công/ha) | AH7: Cắt chồi ngang (0,35 công/ha) | AJ7: Đào hố trồng dặm (25 hố/công) | AL7: Bón phân lót trồng mới (6,5 công/ha) | AN7: Bón phân lấp hố cây trồng dặm (80 hố/công) | AP7: Bón phân lấp hố cây trồng dặm (61,67 hố/công) | AS7: Bón phân thúc (4,5 công/ha) | AU7: Trồng dặm (30 cây/công) | AY7: Trồng dặm (25 cây/công) | BB7: Trồng dặm (27 cây/công) | BG7: Phúp bồn, tủ gốc (23 công/ha) | BI7: Cắt ngọn (800 bầu/công) | BK7: Bứng bầu (100 bầu/công) | BM7: Cắt chồi ngang (0,2 công/ha) | BO7: Xếp bầu (300 bầu/công) | BQ7: Đổi bầu (150 bầu/công) | BS7: Làm cỏ vườn ương (35 công/ha) | BV7: Bốc phân xuống (0,4 công/ha) | BX7: Bốc phân lên + xuống (0,75 công/tấn) | BZ7: Công tưới nước (1,33 công/ngày) | CB7: Công quản lý (100% x lương) | CD7: Tổng công | CE7: Kí nhận
C8: Khối lượng | D8: Khối lượng | E8: Công | F8: Khối lượng | G8: Khối lượng | H8: Khối lượng | I8: Công | J8: Khối lượng | K8: Khối lượng | L8: Công | M8: Công | N8: Khối lượng | O8: Công | P8: Khối lượng | Q8: Khối lượng | R8: Công | S8: Công | T8: Khối lượng | U8: Công | V8: Khối lượng | W8: Công | X8: Khối lượng | Y8: Công | Z8: Khối lượng | AA8: Công | AB8: Khối lượng | AC8: Công | AD8: Khối lượng | AE8: Công | AF8: Khối lượng | AG8: Công | AH8: Khối lượng | AI8: Công | AJ8: Khối lượng | AK8: Công | AL8: Khối lượng | AM8: Công | AN8: Khối lượng | AO8: Công | AP8: Khối lượng | AQ8: Công | AR8: Khối lượng | AS8: Khối lượng | AT8: Công | AU8: Khối lượng | AV8: Công | AW8: Khối lượng | AX8: Khối lượng | AY8: Khối lượng | AZ8: Công | BA8: Khối lượng | BB8: Khối lượng | BC8: Công | BD8: Khối lượng | BE8: Khối lượng | BF8: Khối lượng | BG8: Khối lượng | BH8: Công | BI8: Khối lượng | BJ8: Công | BK8: Khối lượng | BL8: Công | BM8: Khối lượng | BN8: Công | BO8: Khối lượng | BP8: Công | BQ8: Khối lượng | BR8: Công | BS8: Khối lượng | BT8: Khối lượng | BU8: Công | BV8: Khối lượng | BW8: Công | BX8: Khối lượng | BY8: Công | BZ8: Khối lượng | CA8: Công | CB8: Khối lượng | CC8: Công
A9: 1 | B9: Tum Vit | H9: 0 | I9: =H9 -> 0 | J9: 0 | K9: =L9/0.9 -> 0 | L9: =M9 -> 0 | M9: =J9*0.8598 -> 0 | N9: 0 | O9: =N9*6 -> 0 | P9: 0 | Q9: 0 | R9: 0 | S9: =P9*2.355 -> 0 | T9: 0 | U9: 0 | CD9: =M9+O9+AG9+AI9+I9+U9+Y9+AA9+AC9+W9+R9 -> 0
A10: 2 | B10: Rit Hêng | H10: 0 | I10: =H10 -> 0 | J10: 0 | K10: 0 | L10: 0 | M10: =J10*0.8598 -> 0 | N10: 0 | O10: =N10*6 -> 0 | P10: 0 | Q10: 0 | R10: 0 | S10: =P10*2.355 -> 0 | T10: 0 | U10: 0 | CD10: =M10+O10+AG10+AI10+I10+U10+Y10+AA10+AC10+W10+R10 -> 0
A11: 3 | B11: Nên Non | H11: 0 | I11: =H11 -> 0 | J11: 0 | K11: 0 | L11: 0 | M11: =J11*0.8598 -> 0 | N11: 0 | O11: =N11*6 -> 0 | P11: 0 | Q11: 0 | R11: 0 | S11: =P11*2.355 -> 0 | T11: 0 | U11: 0 | CD11: =M11+O11+AG11+AI11+I11+U11+Y11+AA11+AC11+W11+R11 -> 0
A12: 4 | B12: Ron Rit | H12: 0 | I12: =H12 -> 0 | J12: 0 | K12: 0 | L12: 0 | M12: =J12*0.8598 -> 0 | N12: 0 | O12: =N12*6 -> 0 | P12: 0 | Q12: 0 | R12: 0 | S12: =P12*2.355 -> 0 | T12: 0 | U12: 0 | CD12: =M12+O12+AG12+AI12+I12+U12+Y12+AA12+AC12+W12+R12 -> 0
A13: 5 | B13: Ron Hum | H13: 0 | I13: =H13 -> 0 | J13: 0 | K13: 0 | L13: 0 | M13: =J13*0.8598 -> 0 | N13: 0 | O13: =N13*6 -> 0 | P13: 0 | Q13: 0 | R13: 0 | S13: =P13*2.355 -> 0 | T13: 0 | U13: 0 | CD13: =M13+O13+AG13+AI13+I13+U13+Y13+AA13+AC13+W13+R13 -> 0
A14: 6 | B14: Dum Da | H14: 0 | I14: =H14 -> 0 | J14: 0 | K14: 0 | L14: 0 | M14: =J14*0.8598 -> 0 | N14: 0 | O14: =N14*6 -> 0 | P14: 0 | Q14: 0 | R14: 0 | S14: =P14*2.355 -> 0 | T14: 0 | U14: 0 | CD14: =M14+O14+AG14+AI14+I14+U14+Y14+AA14+AC14+W14+R14 -> 0
A15: 7 | B15: Tha Chia | H15: 0 | I15: =H15 -> 0 | J15: 0 | K15: 0 | L15: 0 | M15: =J15*0.8598 -> 0 | N15: 0 | O15: =N15*6 -> 0 | P15: 0 | Q15: 0 | R15: 0 | S15: =P15*2.355 -> 0 | T15: 0 | U15: 0 | CD15: =M15+O15+AG15+AI15+I15+U15+Y15+AA15+AC15+W15+R15 -> 0
A16: 8 | B16: Tha Lum | H16: 0 | I16: =H16 -> 0 | J16: 0 | K16: 0 | L16: 0 | M16: =J16*0.8598 -> 0 | N16: 0 | O16: =N16*6 -> 0 | P16: 0 | Q16: 0 | R16: 0 | S16: =P16*2.355 -> 0 | T16: 0 | U16: 0 | CD16: =M16+O16+AG16+AI16+I16+U16+Y16+AA16+AC16+W16+R16 -> 0
A17: 9 | B17: Ton Hia | H17: 0 | I17: =H17 -> 0 | J17: 0 | K17: 0 | L17: 0 | M17: =J17*0.8598 -> 0 | N17: 0 | O17: =N17*6 -> 0 | P17: 0 | Q17: 0 | R17: 0 | S17: =P17*2.355 -> 0 | T17: 0 | U17: 0 | CD17: =M17+O17+AG17+AI17+I17+U17+Y17+AA17+AC17+W17+R17 -> 0
A18: 10 | B18: Tia Say | H18: 0 | I18: =H18 -> 0 | J18: 0 | K18: 0 | L18: 0 | M18: =J18*0.8598 -> 0 | N18: 0 | O18: =N18*6 -> 0 | P18: 0 | Q18: 0 | R18: 0 | S18: =P18*2.355 -> 0 | T18: 0 | U18: 0 | CD18: =M18+O18+AG18+AI18+I18+U18+Y18+AA18+AC18+W18+R18 -> 0
A19: 11 | B19: Tia Von | H19: 0 | I19: =H19 -> 0 | J19: 0 | K19: 0 | L19: 0 | M19: =J19*0.8598 -> 0 | N19: 0 | O19: =N19*6 -> 0 | P19: 0 | Q19: 0 | R19: 0 | S19: =P19*2.355 -> 0 | T19: 0 | U19: 0 | CD19: =M19+O19+AG19+AI19+I19+U19+Y19+AA19+AC19+W19+R19 -> 0
A20: 12 | B20: Not Ra | H20: 0 | I20: =H20 -> 0 | J20: 0 | K20: 0 | L20: 0 | M20: =J20*0.8598 -> 0 | N20: 0 | O20: =N20*6 -> 0 | P20: 0 | Q20: 0 | R20: 0 | S20: =P20*2.355 -> 0 | T20: 0 | U20: 0 | CD20: =M20+O20+AG20+AI20+I20+U20+Y20+AA20+AC20+W20+R20 -> 0
A21: 13 | B21: Tum Tươn | H21: 0 | I21: =H21 -> 0 | J21: 0 | K21: 0 | L21: 0 | M21: =J21*0.8598 -> 0 | N21: 0 | O21: =N21*6 -> 0 | P21: 0 | Q21: 0 | R21: 0 | S21: =P21*2.355 -> 0 | T21: 0 | U21: 0 | CD21: =M21+O21+AG21+AI21+I21+U21+Y21+AA21+AC21+W21+R21 -> 0
... A28: 20 | B28: Van Tu | H28: 0 | I28: =H28 -> 0 | J28: 0 | K28: 0 | L28: 0 | M28: =J28*0.8598 -> 0 | N28: 0 | O28: =N28*6 -> 0 | P28: 0 | Q28: 0 | R28: 0 | S28: =P28*2.355 -> 0 | T28: 0 | U28: 0 | CD28: =M28+O28+AG28+AI28+I28+U28+Y28+AA28+AC28+W28+R28 -> 0
A29: 21 | B29: Van Nay | H29: 0 | I29: =H29 -> 0 | J29: 42.1 | K29: 0 | L29: 0 | M29: =J29*0.8598 -> 36.19758 | N29: 0 | O29: =N29*6 -> 0 | P29: 0 | Q29: 0 | R29: 0 | S29: =P29*2.355 -> 0 | T29: 0 | U29: 0 | CD29: 0
A30: 22 | B30: Dăm Du | H30: 0 | I30: =H30 -> 0 | J30: 42 | K30: 0 | L30: 0 | M30: =J30*0.8598 -> 36.1116 | N30: 0 | O30: =N30*6 -> 0 | P30: 0 | Q30: 0 | R30: 0 | S30: =P30*2.355 -> 0 | T30: 0 | U30: 0 | CD30: 0
A31: 23 | B31: Vum Lia | H31: 0 | I31: =H31 -> 0 | J31: 41.8 | K31: 0 | L31: 0 | M31: =J31*0.8598 -> 35.93964 | N31: 0 | O31: =N31*6 -> 0 | P31: 0 | Q31: 0 | R31: 0 | S31: =P31*2.355 -> 0 | T31: 0 | U31: 0 | CD31: 0
A32: 24 | B32: Vu Hêt | H32: 0 | I32: =H32 -> 0 | J32: 41.9 | K32: 0 | L32: 0 | M32: =J32*0.8598 -> 36.02562 | N32: 0 | O32: =N32*6 -> 0 | P32: 0 | Q32: 0 | R32: 0 | S32: =P32*2.355 -> 0 | T32: 0 | U32: 0 | CD32: 0
A33: 25 | B33: Nêt Ranh | H33: 0 | I33: =H33 -> 0 | J33: 42 | K33: 0 | L33: 0 | M33: =J33*0.8598 -> 36.1116 | N33: 0 | O33: =N33*6 -> 0 | P33: 0 | Q33: 0 | R33: 0 | S33: =P33*2.355 -> 0 | T33: 0 | U33: 0 | CD33: 0
A34: 26 | B34: Ra Khum | H34: 0 | I34: =H34 -> 0 | J34: 41 | K34: 0 | L34: 0 | M34: =J34*0.8598 -> 35.2518 | N34: 0 | O34: =N34*6 -> 0 | P34: 0 | Q34: 0 | R34: 0 | S34: =P34*2.355 -> 0 | T34: 0 | U34: 0 | CD34: 0
A35: 27 | B35: Ra Khươn | H35: 0 | I35: =H35 -> 0 | J35: 40.9 | K35: 0 | L35: 0 | M35: =J35*0.8598 -> 35.16582 | N35: 0 | O35: =N35*6 -> 0 | P35: 0 | Q35: 0 | R35: 0 | S35: =P35*2.355 -> 0 | T35: 0 | U35: 0 | CD35: 0
A36: 28 | B36: Thu Lon | H36: 0 | I36: =H36 -> 0 | J36: 41.5 | K36: 0 | L36: 0 | M36: =J36*0.8598 -> 35.6817 | N36: 0 | O36: =N36*6 -> 0 | P36: 0 | Q36: 0 | R36: 0 | S36: =P36*2.355 -> 0 | T36: 0 | U36: 0 | CD36: 0
A37: 29 | B37: Hên Via | H37: 0 | I37: =H37 -> 0 | J37: 41.7 | K37: 0 | L37: 0 | M37: =J37*0.8598 -> 35.85366 | N37: 0 | O37: =N37*6 -> 0 | P37: 0 | Q37: 0 | R37: 0 | S37: =P37*2.355 -> 0 | T37: 0 | U37: 0 | CD37: 0
A38: 30 | B38: Vit Sa | H38: 0 | I38: =H38 -> 0 | J38: 41.8 | K38: 0 | L38: 0 | M38: =J38*0.8598 -> 35.93964 | N38: 0 | O38: =N38*6 -> 0 | P38: 0 | Q38: 0 | R38: 0 | S38: =P38*2.355 -> 0 | T38: 0 | U38: 0 | CD38: 0
A39: 31 | B39: Sa Khon | H39: 0 | I39: =H39 -> 0 | J39: 41.9 | K39: 0 | L39: 0 | M39: =J39*0.8598 -> 36.02562 | N39: 0 | O39: =N39*6 -> 0 | P39: 0 | Q39: 0 | R39: 0 | S39: =P39*2.355 -> 0 | T39: 0 | U39: 0 | CD39: 0
A40: 32 | B40: Ria Hon | H40: 0 | I40: =H40 -> 0 | J40: 42 | K40: 0 | L40: 0 | M40: =J40*0.8598 -> 36.1116 | N40: 0 | O40: =N40*6 -> 0 | P40: 0 | Q40: 0 | R40: 0 | S40: =P40*2.355 -> 0 | T40: 0 | U40: 0 | CD40: 0
... A74: 66 | B74: Dot Mươt | H74: 0 | I74: =H74 -> 0 | J74: 0 | K74: 0 | L74: 0 | M74: =J74*0.8598 -> 0 | N74: 0 | O74: =N74*6 -> 0 | P74: 0 | Q74: 0 | R74: 0 | S74: =P74*2.355 -> 0 | T74: 0 | U74: 0 | CD74: 0
A75: 67 | B75: Thia Ra | H75: 0 | I75: =H75 -> 0 | J75: 8.7 | K75: 0 | L75: 0 | M75: =J75*0.84 -> 7.308 | N75: 0 | O75: =N75*6 -> 0 | P75: 0 | Q75: 0 | R75: 0 | S75: =P75*2.355 -> 0 | T75: 0 | U75: 0 | CD75: 0
A76: 68 | B76: Dang Da | H76: 0 | I76: =H76 -> 0 | J76: 0 | K76: 0 | L76: 0 | M76: =J76*0.8598 -> 0 | N76: 0 | O76: =N76*6 -> 0 | P76: 14.8 | Q76: 0 | R76: 0 | S76: =P76*2.355 -> 34.854 | T76: 0 | U76: 0 | CD76: 0
A77: 69 | B77: Dut Mum | H77: 0 | I77: =H77 -> 0 | J77: 0 | K77: 0 | L77: 0 | M77: =J77*0.8598 -> 0 | N77: 0 | O77: =N77*6 -> 0 | P77: 15.1 | Q77: 0 | R77: 0 | S77: =P77*2.355 -> 35.5605 | T77: 0 | U77: 0 | CD77: 0
A78: 70 | B78: Lu Lem | H78: 0 | I78: =H78 -> 0 | J78: 0 | K78: 0 | L78: 0 | M78: =J78*0.8598 -> 0 | N78: 0 | O78: =N78*6 -> 0 | P78: 15.2 | Q78: 0 | R78: 0 | S78: =P78*2.355 -> 35.796 | T78: 0 | U78: 0 | CD78: 0
A79: 71 | B79: Han Rân | H79: 0 | I79: =H79 -> 0 | J79: 0 | K79: 0 | L79: 0 | M79: =J79*0.8598 -> 0 | N79: 0 | O79: =N79*6 -> 0 | P79: 15.3 | Q79: 0 | R79: 0 | S79: =P79*2.355 -> 36.0315 | T79: 0 | U79: 0 | CD79: 0
A80: 72 | B80: Dia Lâm | H80: 0 | I80: =H80 -> 0 | J80: 0 | K80: 0 | L80: 0 | M80: =J80*0.8598 -> 0 | N80: 0 | O80: =N80*6 -> 0 | P80: 15 | Q80: 0 | R80: 0 | S80: =P80*2.355 -> 35.325 | T80: 0 | U80: 0 | CD80: 0
A81: 73 | B81: Khon Ra | H81: 0 | I81: =H81 -> 0 | J81: 0 | K81: 0 | L81: 0 | M81: =J81*0.8598 -> 0 | N81: 0 | O81: =N81*6 -> 0 | P81: 14.9 | Q81: 0 | R81: 0 | S81: =P81*2.355 -> 35.0895 | T81: 0 | U81: 0 | CD81: 0
A82: 74 | B82: Ta Mau | H82: 0 | I82: =H82 -> 0 | J82: 0 | K82: 0 | L82: 0 | M82: =J82*0.8598 -> 0 | N82: 0 | O82: =N82*6 -> 0 | P82: 15.4 | Q82: 0 | R82: 0 | S82: =P82*2.355 -> 36.267 | T82: 0 | U82: 0 | CD82: 0
A83: 75 | B83: Dia Vay | H83: 0 | I83: =H83 -> 0 | J83: 0 | K83: 0 | L83: 0 | M83: =J83*0.8598 -> 0 | N83: 0 | O83: =N83*6 -> 0 | P83: 15.3 | Q83: 0 | R83: 0 | S83: =P83*2.355 -> 36.0315 | T83: 0 | U83: 0 | CD83: 0
A84: 76 | B84: Tha Dang | H84: 0 | I84: =H84 -> 0 | J84: 0 | K84: 0 | L84: 0 | M84: =J84*0.8598 -> 0 | N84: 0 | O84: =N84*6 -> 0 | P84: 15 | Q84: 0 | R84: 0 | S84: =P84*2.355 -> 35.325 | T84: 0 | U84: 0 | CD84: 0
A85: 77 | B85: Thươn Hêng | H85: 0 | I85: =H85 -> 0 | J85: 0 | K85: 0 | L85: 0 | M85: =J85*0.8598 -> 0 | N85: 0 | O85: =N85*6 -> 0 | P85: 14.9 | Q85: 0 | R85: 0 | S85: =P85*2.355 -> 35.0895 | T85: 0 | U85: 0 | CD85: 0
A86: 78 | B86: Hia Sang | H86: 0 | I86: =H86 -> 0 | J86: 0 | K86: 0 | L86: 0 | M86: =J86*0.8598 -> 0 | N86: 0 | O86: =N86*6 -> 0 | P86: 14.8 | Q86: 0 | R86: 0 | S86: =P86*2.355 -> 34.854 | T86: 0 | U86: 0 | CD86: 0
A87: 79 | B87: Lang Lon | H87: 0 | I87: =H87 -> 0 | J87: 0 | K87: 0 | L87: 0 | M87: =J87*0.8598 -> 0 | N87: 0 | O87: =N87*6 -> 0 | P87: 15.2 | Q87: 0 | R87: 0 | S87: =P87*2.355 -> 35.796 | T87: 0 | U87: 0 | CD87: 0
... A103: 95 | B103: Chit Tươn | H103: 0 | I103: =H103 -> 0 | J103: 0 | K103: 0 | L103: 0 | M103: =J103*0.8598 -> 0 | N103: 0 | O103: =N103*6 -> 0 | P103: 7.3 | Q103: 0 | R103: 0 | S103: =P103*2.355 -> 17.1915 | T103: 0 | U103: 0 | CD103: 0
A104: 96 | B104: Chot Vay | H104: 0 | I104: =H104 -> 0 | J104: 0 | K104: =L104/0.9 -> 0 | L104: =M104 -> 0 | M104: =J104*0.8598 -> 0 | N104: 0 | O104: =N104*6 -> 0 | P104: 15.3 | Q104: 0 | R104: 0 | S104: =P104*2.355 -> 36.0315 | T104: =U104/1.61 -> 0 | U104: 0 | CD104: =M104+O104+AG104+AI104+I104+U104+Y104+AA104+AC104+W104+R104 -> 0
A105: TỔNG CỘNG | C105: =SUM(#REF!) -> #REF! | D105: =SUM(#REF!) -> #REF! | E105: =SUM(#REF!) -> #REF! | F105: =SUM(#REF!) -> #REF! | G105: =SUM(#REF!) -> #REF! | H105: =SUM(H9:H104) -> 0 | I105: =SUM(I9:I104) -> 0 | J105: =SUM(J9:J104) -> 1046.7 | K105: =SUM(K9:K104) -> 0 | L105: =SUM(L9:L104) -> 0 | M105: =SUM(M9:M104) -> 899.7804 | N105: =SUM(N9:N104) -> 0 | O105: =SUM(O9:O104) -> 0 | ... AC105: =SUM(AC9:AC104) -> 0 | AD105: =SUM(#REF!) -> #REF! | AE105: =SUM(#REF!) -> #REF! | AF105: =SUM(AF9:AF104) -> 0 | AG105: =SUM(AG9:AG104) -> 0 | AH105: =SUM(AH9:AH104) -> 0 | AI105: =SUM(AI9:AI104) -> 0 | AJ105: =SUM(#REF!) -> #REF! | AK105: =SUM(#REF!) -> #REF! | AL105: =SUM(#REF!) -> #REF! | AM105: =SUM(#REF!) -> #REF! | AN105: =SUM(#REF!) -> #REF! | AO105: =SUM(#REF!) -> #REF! | AP105: =SUM(#REF!) -> #REF! | AQ105: =SUM(#REF!) -> #REF! | ... BL105: =SUM(#REF!) -> #REF! | BM105: 0 | BN105: =SUM(#REF!) -> #REF! | BO105: =SUM(#REF!) -> #REF! | BP105: =SUM(#REF!) -> #REF! | BQ105: =SUM(#REF!) -> #REF! | BR105: =SUM(#REF!) -> #REF! | BS105: =SUM(#REF!) -> #REF! | BT105: =SUM(#REF!) -> #REF! | BU105: =SUM(#REF!) -> #REF! | ... CC105: =SUM(#REF!) -> #REF! | CD105: =SUM(CD9:CD104) -> 0
N107: Kampong Thom, ngày 30 tháng 11 năm 2016
B108: ĐƠN VỊ THỰC HIỆN | N108: NGƯỜI LẬP BIỂU
B113: Nguyễn Thành Vinh | N113: Phạm Thành Phước

Sheet TTTL tổ 3
A1: CÔNG TY TNHH CAO SU MEKONG | J1: VƯƠNG QUỐC CAMPUCHIA
A2: ĐƠN VỊ: NÔNG TRƯỜNG II | J2: Dân tộc - Tôn giáo - Quốc vương
A4: BẢNG THANH TOÁN LƯƠNG CÔNG NHÂN CAMPUCHIA TỔ 6
A5: THÁNG 11 NĂM 2016
N7: ĐVT: Riel
A8: STT | B8: Họ và tên | C8: Định mức 22.000 Riel/công | D8: Tổng công | E8: Thành tiền | F8: Lương làm thêm giờ | G8: Lương thưởng tết | H8: Tổng lương | I8: Công nợ | L8: Tổng nợ | M8: Thực nhận | N8: KÝ NHẬN
F9: Công | I9: T/ứ lương | J9: TNCN | K9: Tiền đóng bảo hiểm
A10: A | B10: B | C10: 1 | D10: 2 | E10: 3=1*2 | F10: 4 | G10: 5 | H10: 6=3+5 | I10: 7 | J10: 8 | K10: 9 | L10: 10=7+8+9 | M10: 11=6-10 | N10: 12
A11: ='KL tổ 3'!A9 -> 1 | B11: ='KL tổ 3'!B9 -> Tum Vit | C11: 22000 | D11: ='KL tổ 3'!CD9 -> 0 | E11: =ROUND(C11*D11,0) -> 0 | F11: 0 | G11: 0 | H11: =E11+G11 -> 0 | I11: 0 | J11: =ROUND(IF(H11<=800000,0,IF(AND((H11-'[1]Gia cảnh 2 '!I6)>800000,(H11-'[1]Gia cảnh 2 '!I6)<=1250000),(H11-'[1]Gia cảnh 2 '!I6)*5%-40000,IF(AND((H11-'[1]Gia cảnh 2 '!I6)>1250000,(H11-'[1]Gia cảnh 2 '!I6)<=8500000),(H11-'[1]Gia cảnh 2 '!I6)*10%-102500))),2) -> 0 | K11: 1600 | L11: 0 | M11: =IF(L11>0,H11-L11,H11) -> 0
A12: ='KL tổ 3'!A10 -> 2 | B12: ='KL tổ 3'!B10 -> Rit Hêng | C12: 22000 | D12: ='KL tổ 3'!CD10 -> 0 | E12: 0 | F12: 0 | G12: 0 | H12: =E12+G12 -> 0 | I12: 0 | J12: =ROUND(IF(H12<=800000,0,IF(AND((H12-'[1]Gia cảnh 2 '!I7)>800000,(H12-'[1]Gia cảnh 2 '!I7)<=1250000),(H12-'[1]Gia cảnh 2 '!I7)*5%-40000,IF(AND((H12-'[1]Gia cảnh 2 '!I7)>1250000,(H12-'[1]Gia cảnh 2 '!I7)<=8500000),(H12-'[1]Gia cảnh 2 '!I7)*10%-102500))),2) -> 0 | K12: 1600 | L12: 0 | M12: =IF(L12>0,H12-L12,H12) -> 0
A13: ='KL tổ 3'!A11 -> 3 | B13: ='KL tổ 3'!B11 -> Nên Non | C13: 22000 | D13: ='KL tổ 3'!CD11 -> 0 | E13: 0 | F13: 0 | G13: 0 | H13: =E13+G13 -> 0 | I13: 0 | J13: 0 | K13: 1600 | L13: 0 | M13: =IF(L13>0,H13-L13,H13) -> 0
A14: ='KL tổ 3'!A12 -> 4 | B14: ='KL tổ 3'!B12 -> Ron Rit | C14: 22000 | D14: ='KL tổ 3'!CD12 -> 0 | E14: 0 | F14: 0 | G14: 0 | H14: =E14+G14 -> 0 | I14: 0 | J14: 0 | K14: 1600 | L14: 0 | M14: =IF(L14>0,H14-L14,H14) -> 0
A15: ='KL tổ 3'!A13 -> 5 | B15: ='KL tổ 3'!B13 -> Ron Hum | C15: 22000 | D15: ='KL tổ 3'!CD13 -> 0 | E15: 0 | F15: 0 | G15: 0 | H15: =E15+G15 -> 0 | I15: 0 | J15: =ROUND(IF(H15<=800000,0,IF(AND((H15-'[1]Gia cảnh 2 '!I10)>800000,(H15-'[1]Gia cảnh 2 '!I10)<=1250000),(H15-'[1]Gia cảnh 2 '!I10)*5%-40000,IF(AND((H15-'[1]Gia cảnh 2 '!I10)>1250000,(H15-'[1]Gia cảnh 2 '!I10)<=8500000),(H15-'[1]Gia cảnh 2 '!I10)*10%-102500))),2) -> 0 | K15: 1600 | L15: 0 | M15: =IF(L15>0,H15-L15,H15) -> 0
A16: ='KL tổ 3'!A14 -> 6 | B16: ='KL tổ 3'!B14 -> Dum Da | C16: 22000 | D16: ='KL tổ 3'!CD14 -> 0 | E16: 0 | F16: 0 | G16: 0 | H16: =E16+G16 -> 0 | I16: 0 | J16: =ROUND(IF(H16<=800000,0,IF(AND((H16-'[1]Gia cảnh 2 '!I11)>800000,(H16-'[1]Gia cảnh 2 '!I11)<=1250000),(H16-'[1]Gia cảnh 2 '!I11)*5%-40000,IF(AND((H16-'[1]Gia cảnh 2 '!I11)>1250000,(H16-'[1]Gia cảnh 2 '!I11)<=8500000),(H16-'[1]Gia cảnh 2 '!I11)*10%-102500))),2) -> 0 | K16: 1600 | L16: 0 | M16: =IF(L16>0,H16-L16,H16) -> 0
A17: ='KL tổ 3'!A15 -> 7 | B17: ='KL tổ 3'!B15 -> Tha Chia | C17: 22000 | D17: ='KL tổ 3'!CD15 -> 0 | E17: 0 | F17: 0 | G17: 0 | H17: =E17+G17 -> 0 | I17: 0 | J17: =ROUND(IF(H17<=800000,0,IF(AND((H17-'[1]Gia cảnh 2 '!I12)>800000,(H17-'[1]Gia cảnh 2 '!I12)<=1250000),(H17-'[1]Gia cảnh 2 '!I12)*5%-40000,IF(AND((H17-'[1]Gia cảnh 2 '!I12)>1250000,(H17-'[1]Gia cảnh 2 '!I12)<=8500000),(H17-'[1]Gia cảnh 2 '!I12)*10%-102500))),2) -> 0 | K17: 1600 | L17: 0 | M17: =IF(L17>0,H17-L17,H17) -> 0
A18: ='KL tổ 3'!A16 -> 8 | B18: ='KL tổ 3'!B16 -> Tha Lum | C18: 22000 | D18: ='KL tổ 3'!CD16 -> 0 | E18: 0 | F18: 0 | G18: 0 | H18: =E18+G18 -> 0 | I18: 0 | J18: =ROUND(IF(H18<=800000,0,IF(AND((H18-'[1]Gia cảnh 2 '!I13)>800000,(H18-'[1]Gia cảnh 2 '!I13)<=1250000),(H18-'[1]Gia cảnh 2 '!I13)*5%-40000,IF(AND((H18-'[1]Gia cảnh 2 '!I13)>1250000,(H18-'[1]Gia cảnh 2 '!I13)<=8500000),(H18-'[1]Gia cảnh 2 '!I13)*10%-102500))),2) -> 0 | K18: 1600 | L18: 0 | M18: =IF(L18>0,H18-L18,H18) -> 0
A19: ='KL tổ 3'!A17 -> 9 | B19: ='KL tổ 3'!B17 -> Ton Hia | C19: 22000 | D19: ='KL tổ 3'!CD17 -> 0 | E19: 0 | F19: 0 | G19: 0 | H19: =E19+G19 -> 0 | I19: 0 | J19: =ROUND(IF(H19<=800000,0,IF(AND((H19-'[1]Gia cảnh 2 '!I14)>800000,(H19-'[1]Gia cảnh 2 '!I14)<=1250000),(H19-'[1]Gia cảnh 2 '!I14)*5%-40000,IF(AND((H19-'[1]Gia cảnh 2 '!I14)>1250000,(H19-'[1]Gia cảnh 2 '!I14)<=8500000),(H19-'[1]Gia cảnh 2 '!I14)*10%-102500))),2) -> 0 | K19: 1600 | L19: 0 | M19: =IF(L19>0,H19-L19,H19) -> 0
A20: ='KL tổ 3'!A18 -> 10 | B20: ='KL tổ 3'!B18 -> Tia Say | C20: 22000 | D20: ='KL tổ 3'!CD18 -> 0 | E20: 0 | F20: 0 | G20: 0 | H20: =E20+G20 -> 0 | I20: 0 | J20: =ROUND(IF(H20<=800000,0,IF(AND((H20-'[1]Gia cảnh 2 '!I15)>800000,(H20-'[1]Gia cảnh 2 '!I15)<=1250000),(H20-'[1]Gia cảnh 2 '!I15)*5%-40000,IF(AND((H20-'[1]Gia cảnh 2 '!I15)>1250000,(H20-'[1]Gia cảnh 2 '!I15)<=8500000),(H20-'[1]Gia cảnh 2 '!I15)*10%-102500))),2) -> 0 | K20: 1600 | L20: 0 | M20: =IF(L20>0,H20-L20,H20) -> 0
A21: ='KL tổ 3'!A19 -> 11 | B21: ='KL tổ 3'!B19 -> Tia Von | C21: 22000 | D21: ='KL tổ 3'!CD19 -> 0 | E21: 0 | F21: 0 | G21: 0 | H21: =E21+G21 -> 0 | I21: 0 | J21: =ROUND(IF(H21<=800000,0,IF(AND((H21-'[1]Gia cảnh 2 '!I16)>800000,(H21-'[1]Gia cảnh 2 '!I16)<=1250000),(H21-'[1]Gia cảnh 2 '!I16)*5%-40000,IF(AND((H21-'[1]Gia cảnh 2 '!I16)>1250000,(H21-'[1]Gia cảnh 2 '!I16)<=8500000),(H21-'[1]Gia cảnh 2 '!I16)*10%-102500))),2) -> 0 | K21: 1600 | L21: 0 | M21: =IF(L21>0,H21-L21,H21) -> 0
A22: ='KL tổ 3'!A20 -> 12 | B22: ='KL tổ 3'!B20 -> Not Ra | C22: 22000 | D22: ='KL tổ 3'!CD20 -> 0 | E22: 0 | F22: 0 | G22: 0 | H22: =E22+G22 -> 0 | I22: 0 | J22: 0 | K22: 1600 | L22: 0 | M22: =IF(L22>0,H22-L22,H22) -> 0
A23: ='KL tổ 3'!A21 -> 13 | B23: ='KL tổ 3'!B21 -> Tum Tươn | C23: 22000 | D23: ='KL tổ 3'!CD21 -> 0 | E23: 0 | F23: 0 | G23: 0 | H23: =E23+G23 -> 0 | I23: 0 | J23: =ROUND(IF(H23<=800000,0,IF(AND((H23-'[1]Gia cảnh 2 '!I18)>800000,(H23-'[1]Gia cảnh 2 '!I18)<=1250000),(H23-'[1]Gia cảnh 2 '!I18)*5%-40000,IF(AND((H23-'[1]Gia cảnh 2 '!I18)>1250000,(H23-'[1]Gia cảnh 2 '!I18)<=8500000),(H23-'[1]Gia cảnh 2 '!I18)*10%-102500))),2) -> 0 | K23: 1600 | L23: 0 | M23: =IF(L23>0,H23-L23,H23) -> 0
A24: ='KL tổ 3'!A22 -> 14 | B24: ='KL tổ 3'!B22 -> Thim Thươn | C24: 22000 | D24: ='KL tổ 3'!CD22 -> 0 | E24: 0 | F24: 0 | G24: 0 | H24: =E24+G24 -> 0 | I24: 0 | J24: =ROUND(IF(H24<=800000,0,IF(AND((H24-'[1]Gia cảnh 2 '!I19)>800000,(H24-'[1]Gia cảnh 2 '!I19)<=1250000),(H24-'[1]Gia cảnh 2 '!I19)*5%-40000,IF(AND((H24-'[1]Gia cảnh 2 '!I19)>1250000,(H24-'[1]Gia cảnh 2 '!I19)<=8500000),(H24-'[1]Gia cảnh 2 '!I19)*10%-102500))),2) -> 0 | K24: 1600 | L24: 0 | M24: =IF(L24>0,H24-L24,H24) -> 0
A25: ='KL tổ 3'!A23 -> 15 | B25: ='KL tổ 3'!B23 -> Ru Mên | C25: 22000 | D25: ='KL tổ 3'!CD23 -> 0 | E25: 0 | F25: 0 | G25: 0 | H25: =E25+G25 -> 0 | I25: 0 | J25: =ROUND(IF(H25<=800000,0,IF(AND((H25-'[1]Gia cảnh 2 '!I20)>800000,(H25-'[1]Gia cảnh 2 '!I20)<=1250000),(H25-'[1]Gia cảnh 2 '!I20)*5%-40000,IF(AND((H25-'[1]Gia cảnh 2 '!I20)>1250000,(H25-'[1]Gia cảnh 2 '!I20)<=8500000),(H25-'[1]Gia cảnh 2 '!I20)*10%-102500))),2) -> 0 | K25: 1600 | L25: 0 | M25: =IF(L25>0,H25-L25,H25) -> 0
A26: ='KL tổ 3'!A24 -> 16 | B26: ='KL tổ 3'!B24 -> Lum Tia | C26: 22000 | D26: ='KL tổ 3'!CD24 -> 0 | E26: 0 | F26: 0 | G26: 0 | H26: =E26+G26 -> 0 | I26: 0 | J26: =ROUND(IF(H26<=800000,0,IF(AND((H26-'[1]Gia cảnh 2 '!I21)>800000,(H26-'[1]Gia cảnh 2 '!I21)<=1250000),(H26-'[1]Gia cảnh 2 '!I21)*5%-40000,IF(AND((H26-'[1]Gia cảnh 2 '!I21)>1250000,(H26-'[1]Gia cảnh 2 '!I21)<=8500000),(H26-'[1]Gia cảnh 2 '!I21)*10%-102500))),2) -> 0 | K26: 1600 | L26: 0 | M26: =IF(L26>0,H26-L26,H26) -> 0
A27: ='KL tổ 3'!A25 -> 17 | B27: ='KL tổ 3'!B25 -> Dia Phon | C27: 22000 | D27: ='KL tổ 3'!CD25 -> 0 | E27: 0 | F27: 0 | G27: 0 | H27: =E27+G27 -> 0 | I27: 0 | J27: =ROUND(IF(H27<=800000,0,IF(AND((H27-'[1]Gia cảnh 2 '!I22)>800000,(H27-'[1]Gia cảnh 2 '!I22)<=1250000),(H27-'[1]Gia cảnh 2 '!I22)*5%-40000,IF(AND((H27-'[1]Gia cảnh 2 '!I22)>1250000,(H27-'[1]Gia cảnh 2 '!I22)<=8500000),(H27-'[1]Gia cảnh 2 '!I22)*10%-102500))),2) -> 0 | K27: 1600 | L27: 0 | M27: =IF(L27>0,H27-L27,H27) -> 0
A28: ='KL tổ 3'!A26 -> 18 | B28: ='KL tổ 3'!B26 -> Phon Va | C28: 22000 | D28: ='KL tổ 3'!CD26 -> 0 | E28: 0 | F28: 0 | G28: 0 | H28: =E28+G28 -> 0 | I28: 0 | J28: =ROUND(IF(H28<=800000,0,IF(AND((H28-'[1]Gia cảnh 2 '!I23)>800000,(H28-'[1]Gia cảnh 2 '!I23)<=1250000),(H28-'[1]Gia cảnh 2 '!I23)*5%-40000,IF(AND((H28-'[1]Gia cảnh 2 '!I23)>1250000,(H28-'[1]Gia cảnh 2 '!I23)<=8500000),(H28-'[1]Gia cảnh 2 '!I23)*10%-102500))),2) -> 0 | K28: 1600 | L28: 0 | M28: =IF(L28>0,H28-L28,H28) -> 0
A29: ='KL tổ 3'!A27 -> 19 | B29: ='KL tổ 3'!B27 -> Va Vy | C29: 22000 | D29: ='KL tổ 3'!CD27 -> 0 | E29: 0 | F29: 0 | G29: 0 | H29: =E29+G29 -> 0 | I29: 0 | J29: =ROUND(IF(H29<=800000,0,IF(AND((H29-'[1]Gia cảnh 2 '!I24)>800000,(H29-'[1]Gia cảnh 2 '!I24)<=1250000),(H29-'[1]Gia cảnh 2 '!I24)*5%-40000,IF(AND((H29-'[1]Gia cảnh 2 '!I24)>1250000,(H29-'[1]Gia cảnh 2 '!I24)<=8500000),(H29-'[1]Gia cảnh 2 '!I24)*10%-102500))),2) -> 0 | K29: 1600 | L29: 0 | M29: =IF(L29>0,H29-L29,H29) -> 0
A30: ='KL tổ 3'!A28 -> 20 | B30: ='KL tổ 3'!B28 -> Van Tu | C30: 22000 | D30: ='KL tổ 3'!CD28 -> 0 | E30: 0 | F30: 0 | G30: 0 | H30: =E30+G30 -> 0 | I30: 0 | J30: =ROUND(IF(H30<=800000,0,IF(AND((H30-'[1]Gia cảnh 2 '!I25)>800000,(H30-'[1]Gia cảnh 2 '!I25)<=1250000),(H30-'[1]Gia cảnh 2 '!I25)*5%-40000,IF(AND((H30-'[1]Gia cảnh 2 '!I25)>1250000,(H30-'[1]Gia cảnh 2 '!I25)<=8500000),(H30-'[1]Gia cảnh 2 '!I25)*10%-102500))),2) -> 0 | K30: 1600 | L30: 0 | M30: =IF(L30>0,H30-L30,H30) -> 0
A31: ='KL tổ 3'!A29 -> 21 | B31: ='KL tổ 3'!B29 -> Van Nay | C31: 22000 | D31: ='KL tổ 3'!CD29 -> 0 | E31: 0 | F31: 0 | G31: 0 | H31: =E31+G31 -> 0 | I31: 0 | J31: =ROUND(IF(H31<=800000,0,IF(AND((H31-'[1]Gia cảnh 2 '!I26)>800000,(H31-'[1]Gia cảnh 2 '!I26)<=1250000),(H31-'[1]Gia cảnh 2 '!I26)*5%-40000,IF(AND((H31-'[1]Gia cảnh 2 '!I26)>1250000,(H31-'[1]Gia cảnh 2 '!I26)<=8500000),(H31-'[1]Gia cảnh 2 '!I26)*10%-102500))),2) -> 0 | K31: 1600 | L31: 0 | M31: =IF(L31>0,H31-L31,H31) -> 0
A32: ='KL tổ 3'!A30 -> 22 | B32: ='KL tổ 3'!B30 -> Dăm Du | C32: 22000 | D32: ='KL tổ 3'!CD30 -> 0 | E32: 0 | F32: 0 | G32: 0 | H32: =E32+G32 -> 0 | I32: 0 | J32: =ROUND(IF(H32<=800000,0,IF(AND((H32-'[1]Gia cảnh 2 '!I27)>800000,(H32-'[1]Gia cảnh 2 '!I27)<=1250000),(H32-'[1]Gia cảnh 2 '!I27)*5%-40000,IF(AND((H32-'[1]Gia cảnh 2 '!I27)>1250000,(H32-'[1]Gia cảnh 2 '!I27)<=8500000),(H32-'[1]Gia cảnh 2 '!I27)*10%-102500))),2) -> 0 | K32: 1600 | L32: 0 | M32: =IF(L32>0,H32-L32,H32) -> 0
A33: ='KL tổ 3'!A31 -> 23 | B33: ='KL tổ 3'!B31 -> Vum Lia | C33: 22000 | D33: ='KL tổ 3'!CD31 -> 0 | E33: 0 | F33: 0 | G33: 0 | H33: =E33+G33 -> 0 | I33: 0 | J33: =ROUND(IF(H33<=800000,0,IF(AND((H33-'[1]Gia cảnh 2 '!I28)>800000,(H33-'[1]Gia cảnh 2 '!I28)<=1250000),(H33-'[1]Gia cảnh 2 '!I28)*5%-40000,IF(AND((H33-'[1]Gia cảnh 2 '!I28)>1250000,(H33-'[1]Gia cảnh 2 '!I28)<=8500000),(H33-'[1]Gia cảnh 2 '!I28)*10%-102500))),2) -> 0 | K33: 1600 | L33: 0 | M33: =IF(L33>0,H33-L33,H33) -> 0
A34: ='KL tổ 3'!A32 -> 24 | B34: ='KL tổ 3'!B32 -> Vu Hêt | C34: 22000 | D34: ='KL tổ 3'!CD32 -> 0 | E34: 0 | F34: 0 | G34: 0 | H34: =E34+G34 -> 0 | I34: 0 | J34: =ROUND(IF(H34<=800000,0,IF(AND((H34-'[1]Gia cảnh 2 '!I29)>800000,(H34-'[1]Gia cảnh 2 '!I29)<=1250000),(H34-'[1]Gia cảnh 2 '!I29)*5%-40000,IF(AND((H34-'[1]Gia cảnh 2 '!I29)>1250000,(H34-'[1]Gia cảnh 2 '!I29)<=8500000),(H34-'[1]Gia cảnh 2 '!I29)*10%-102500))),2) -> 0 | K34: 1600 | L34: 0 | M34: =IF(L34>0,H34-L34,H34) -> 0
... A46: ='KL tổ 3'!A44 -> 36 | B46: ='KL tổ 3'!B44 -> Son Thy | C46: 22000 | D46: ='KL tổ 3'!CD44 -> 0 | E46: 0 | F46: 0 | G46: 0 | H46: =E46+G46 -> 0 | I46: 0 | J46: =ROUND(IF(H46<=800000,0,IF(AND((H46-'[1]Gia cảnh 2 '!I41)>800000,(H46-'[1]Gia cảnh 2 '!I41)<=1250000),(H46-'[1]Gia cảnh 2 '!I41)*5%-40000,IF(AND((H46-'[1]Gia cảnh 2 '!I41)>1250000,(H46-'[1]Gia cảnh 2 '!I41)<=8500000),(H46-'[1]Gia cảnh 2 '!I41)*10%-102500))),2) -> 0 | K46: 1600 | L46: 0 | M46: =IF(L46>0,H46-L46,H46) -> 0
A47: ='KL tổ 3'!A45 -> 37 | B47: ='KL tổ 3'!B45 -> Thy Thu | C47: 22000 | D47: ='KL tổ 3'!CD45 -> 0 | E47: 0 | F47: 0 | G47: 0 | H47: =E47+G47 -> 0 | I47: 0 | J47: 0 | K47: 1600 | L47: 0 | M47: =IF(L47>0,H47-L47,H47) -> 0
A48: ='KL tổ 3'!A46 -> 38 | B48: ='KL tổ 3'!B46 -> Chum Vot | C48: 22000 | D48: ='KL tổ 3'!CD46 -> 0 | E48: 0 | F48: 0 | G48: 0 | H48: =E48+G48 -> 0 | I48: 0 | J48: 0 | K48: 1600 | L48: 0 | M48: =IF(L48>0,H48-L48,H48) -> 0
A49: ='KL tổ 3'!A47 -> 39 | B49: ='KL tổ 3'!B47 -> Hu Hay | C49: 22000 | D49: ='KL tổ 3'!CD47 -> 0 | E49: 0 | F49: 0 | G49: 0 | H49: =E49+G49 -> 0 | I49: 0 | J49: =ROUND(IF(H49<=800000,0,IF(AND((H49-'[1]Gia cảnh 2 '!I44)>800000,(H49-'[1]Gia cảnh 2 '!I44)<=1250000),(H49-'[1]Gia cảnh 2 '!I44)*5%-40000,IF(AND((H49-'[1]Gia cảnh 2 '!I44)>1250000,(H49-'[1]Gia cảnh 2 '!I44)<=8500000),(H49-'[1]Gia cảnh 2 '!I44)*10%-102500))),2) -> 0 | K49: 1600 | L49: 0 | M49: =IF(L49>0,H49-L49,H49) -> 0
A50: ='KL tổ 3'!A48 -> 40 | B50: ='KL tổ 3'!B48 -> Dat Mau | C50: 22000 | D50: ='KL tổ 3'!CD48 -> 0 | E50: 0 | F50: 0 | G50: 0 | H50: =E50+G50 -> 0 | I50: 0 | J50: =ROUND(IF(H50<=800000,0,IF(AND((H50-'[1]Gia cảnh 2 '!I45)>800000,(H50-'[1]Gia cảnh 2 '!I45)<=1250000),(H50-'[1]Gia cảnh 2 '!I45)*5%-40000,IF(AND((H50-'[1]Gia cảnh 2 '!I45)>1250000,(H50-'[1]Gia cảnh 2 '!I45)<=8500000),(H50-'[1]Gia cảnh 2 '!I45)*10%-102500))),2) -> 0 | K50: 1600 | L50: 0 | M50: =IF(L50>0,H50-L50,H50) -> 0
A51: ='KL tổ 3'!A49 -> 41 | B51: ='KL tổ 3'!B49 -> Dip Đi | C51: 22000 | D51: ='KL tổ 3'!CD49 -> 0 | E51: 0 | F51: 0 | G51: 0 | H51: =E51+G51 -> 0 | I51: 0 | J51: =ROUND(IF(H51<=800000,0,IF(AND((H51-'[1]Gia cảnh 2 '!I46)>800000,(H51-'[1]Gia cảnh 2 '!I46)<=1250000),(H51-'[1]Gia cảnh 2 '!I46)*5%-40000,IF(AND((H51-'[1]Gia cảnh 2 '!I46)>1250000,(H51-'[1]Gia cảnh 2 '!I46)<=8500000),(H51-'[1]Gia cảnh 2 '!I46)*10%-102500))),2) -> 0 | K51: 1600 | L51: 0 | M51: =IF(L51>0,H51-L51,H51) -> 0
A52: ='KL tổ 3'!A50 -> 42 | B52: ='KL tổ 3'!B50 -> Lay Han | C52: 22000 | D52: ='KL tổ 3'!CD50 -> 0 | E52: 0 | F52: 0 | G52: 0 | H52: =E52+G52 -> 0 | I52: 0 | J52: 0 | K52: 1600 | L52: 0 | M52: =IF(L52>0,H52-L52,H52) -> 0
A53: ='KL tổ 3'!A51 -> 43 | B53: ='KL tổ 3'!B51 -> Dang Ra | C53: 22000 | D53: ='KL tổ 3'!CD51 -> 0 | E53: 0 | F53: 0 | G53: 0 | H53: =E53+G53 -> 0 | I53: 0 | J53: =ROUND(IF(H53<=800000,0,IF(AND((H53-'[1]Gia cảnh 2 '!I48)>800000,(H53-'[1]Gia cảnh 2 '!I48)<=1250000),(H53-'[1]Gia cảnh 2 '!I48)*5%-40000,IF(AND((H53-'[1]Gia cảnh 2 '!I48)>1250000,(H53-'[1]Gia cảnh 2 '!I48)<=8500000),(H53-'[1]Gia cảnh 2 '!I48)*10%-102500))),2) -> 0 | K53: 1600 | L53: 0 | M53: =IF(L53>0,H53-L53,H53) -> 0
A54: ='KL tổ 3'!A52 -> 44 | B54: ='KL tổ 3'!B52 -> Cha Tum | C54: 22000 | D54: ='KL tổ 3'!CD52 -> 0 | E54: 0 | F54: 0 | G54: 0 | H54: =E54+G54 -> 0 | I54: 0 | J54: =ROUND(IF(H54<=800000,0,IF(AND((H54-'[1]Gia cảnh 2 '!I49)>800000,(H54-'[1]Gia cảnh 2 '!I49)<=1250000),(H54-'[1]Gia cảnh 2 '!I49)*5%-40000,IF(AND((H54-'[1]Gia cảnh 2 '!I49)>1250000,(H54-'[1]Gia cảnh 2 '!I49)<=8500000),(H54-'[1]Gia cảnh 2 '!I49)*10%-102500))),2) -> 0 | K54: 1600 | L54: 0 | M54: =IF(L54>0,H54-L54,H54) -> 0
A55: ='KL tổ 3'!A53 -> 45 | B55: ='KL tổ 3'!B53 -> Phon Ru | C55: 22000 | D55: ='KL tổ 3'!CD53 -> 0 | E55: =C55*D55 -> 0 | F55: 0 | G55: 0 | H55: =E55+G55 -> 0 | I55: 0 | J55: =ROUND(IF(H55<=800000,0,IF(AND((H55-'[1]Gia cảnh 2 '!I50)>800000,(H55-'[1]Gia cảnh 2 '!I50)<=1250000),(H55-'[1]Gia cảnh 2 '!I50)*5%-40000,IF(AND((H55-'[1]Gia cảnh 2 '!I50)>1250000,(H55-'[1]Gia cảnh 2 '!I50)<=8500000),(H55-'[1]Gia cảnh 2 '!I50)*10%-102500))),2) -> 0 | K55: 1600 | L55: 0 | M55: =IF(L55>0,H55-L55,H55) -> 0
A56: ='KL tổ 3'!A54 -> 46 | B56: ='KL tổ 3'!B54 -> Tia Rum | C56: 22000 | D56: ='KL tổ 3'!CD54 -> 0 | E56: =C56*D56 -> 0 | F56: 0 | G56: 0 | H56: =E56+G56 -> 0 | I56: 0 | J56: =ROUND(IF(H56<=800000,0,IF(AND((H56-'[1]Gia cảnh 2 '!I51)>800000,(H56-'[1]Gia cảnh 2 '!I51)<=1250000),(H56-'[1]Gia cảnh 2 '!I51)*5%-40000,IF(AND((H56-'[1]Gia cảnh 2 '!I51)>1250000,(H56-'[1]Gia cảnh 2 '!I51)<=8500000),(H56-'[1]Gia cảnh 2 '!I51)*10%-102500))),2) -> 0 | K56: 1600 | L56: 0 | M56: =IF(L56>0,H56-L56,H56) -> 0
A57: ='KL tổ 3'!A55 -> 47 | B57: ='KL tổ 3'!B55 -> Tut Mau | C57: 22000 | D57: ='KL tổ 3'!CD55 -> 0 | E57: =C57*D57 -> 0 | F57: 0 | G57: 0 | H57: =E57+G57 -> 0 | I57: 0 | J57: 0 | K57: 1600 | L57: 0 | M57: =IF(L57>0,H57-L57,H57) -> 0
A58: ='KL tổ 3'!A56 -> 48 | B58: ='KL tổ 3'!B56 -> Kha Lay | C58: 22000 | D58: ='KL tổ 3'!CD56 -> 0 | E58: =C58*D58 -> 0 | F58: 0 | G58: 0 | H58: =E58+G58 -> 0 | I58: 0 | J58: =ROUND(IF(H58<=800000,0,IF(AND((H58-'[1]Gia cảnh 2 '!I53)>800000,(H58-'[1]Gia cảnh 2 '!I53)<=1250000),(H58-'[1]Gia cảnh 2 '!I53)*5%-40000,IF(AND((H58-'[1]Gia cảnh 2 '!I53)>1250000,(H58-'[1]Gia cảnh 2 '!I53)<=8500000),(H58-'[1]Gia cảnh 2 '!I53)*10%-102500))),2) -> 0 | K58: 1600 | L58: 0 | M58: =IF(L58>0,H58-L58,H58) -> 0
A59: ='KL tổ 3'!A57 -> 49 | B59: ='KL tổ 3'!B57 -> Hươn Chia | C59: 22000 | D59: ='KL tổ 3'!CD57 -> 0 | E59: =C59*D59 -> 0 | F59: 0 | G59: 0 | H59: =E59+G59 -> 0 | I59: 0 | J59: =ROUND(IF(H59<=800000,0,IF(AND((H59-'[1]Gia cảnh 2 '!I54)>800000,(H59-'[1]Gia cảnh 2 '!I54)<=1250000),(H59-'[1]Gia cảnh 2 '!I54)*5%-40000,IF(AND((H59-'[1]Gia cảnh 2 '!I54)>1250000,(H59-'[1]Gia cảnh 2 '!I54)<=8500000),(H59-'[1]Gia cảnh 2 '!I54)*10%-102500))),2) -> 0 | K59: 1600 | L59: 0 | M59: =IF(L59>0,H59-L59,H59) -> 0
A60: ='KL tổ 3'!A58 -> 50 | B60: ='KL tổ 3'!B58 -> Khum Lum | C60: 22000 | D60: ='KL tổ 3'!CD58 -> 0 | E60: =C60*D60 -> 0 | F60: 0 | G60: 0 | H60: =E60+G60 -> 0 | I60: 0 | J60: =ROUND(IF(H60<=800000,0,IF(AND((H60-'[1]Gia cảnh 2 '!I55)>800000,(H60-'[1]Gia cảnh 2 '!I55)<=1250000),(H60-'[1]Gia cảnh 2 '!I55)*5%-40000,IF(AND((H60-'[1]Gia cảnh 2 '!I55)>1250000,(H60-'[1]Gia cảnh 2 '!I55)<=8500000),(H60-'[1]Gia cảnh 2 '!I55)*10%-102500))),2) -> 0 | K60: 1600 | L60: 0 | M60: =IF(L60>0,H60-L60,H60) -> 0
A61: ='KL tổ 3'!A59 -> 51 | B61: ='KL tổ 3'!B59 -> Na Ra | C61: 22000 | D61: ='KL tổ 3'!CD59 -> 0 | E61: =C61*D61 -> 0 | F61: 0 | G61: 0 | H61: =E61+G61 -> 0 | I61: 0 | J61: =ROUND(IF(H61<=800000,0,IF(AND((H61-'[1]Gia cảnh 2 '!I56)>800000,(H61-'[1]Gia cảnh 2 '!I56)<=1250000),(H61-'[1]Gia cảnh 2 '!I56)*5%-40000,IF(AND((H61-'[1]Gia cảnh 2 '!I56)>1250000,(H61-'[1]Gia cảnh 2 '!I56)<=8500000),(H61-'[1]Gia cảnh 2 '!I56)*10%-102500))),2) -> 0 | K61: 1600 | L61: 0 | M61: =IF(L61>0,H61-L61,H61) -> 0
A62: ='KL tổ 3'!A60 -> 52 | B62: ='KL tổ 3'!B60 -> Thia Vot | C62: 22000 | D62: ='KL tổ 3'!CD60 -> 0 | E62: =C62*D62 -> 0 | F62: 0 | G62: 0 | H62: =E62+G62 -> 0 | I62: 0 | J62: =ROUND(IF(H62<=800000,0,IF(AND((H62-'[1]Gia cảnh 2 '!I57)>800000,(H62-'[1]Gia cảnh 2 '!I57)<=1250000),(H62-'[1]Gia cảnh 2 '!I57)*5%-40000,IF(AND((H62-'[1]Gia cảnh 2 '!I57)>1250000,(H62-'[1]Gia cảnh 2 '!I57)<=8500000),(H62-'[1]Gia cảnh 2 '!I57)*10%-102500))),2) -> 0 | K62: 1600 | L62: 0 | M62: =IF(L62>0,H62-L62,H62) -> 0
A63: ='KL tổ 3'!A61 -> 53 | B63: ='KL tổ 3'!B61 -> Vot Him | C63: 22000 | D63: ='KL tổ 3'!CD61 -> 0 | E63: =C63*D63 -> 0 | F63: 0 | G63: 0 | H63: =E63+G63 -> 0 | I63: 0 | J63: =ROUND(IF(H63<=800000,0,IF(AND((H63-'[1]Gia cảnh 2 '!I58)>800000,(H63-'[1]Gia cảnh 2 '!I58)<=1250000),(H63-'[1]Gia cảnh 2 '!I58)*5%-40000,IF(AND((H63-'[1]Gia cảnh 2 '!I58)>1250000,(H63-'[1]Gia cảnh 2 '!I58)<=8500000),(H63-'[1]Gia cảnh 2 '!I58)*10%-102500))),2) -> 0 | K63: 1600 | L63: 0 | M63: =IF(L63>0,H63-L63,H63) -> 0
A64: ='KL tổ 3'!A62 -> 54 | B64: ='KL tổ 3'!B62 -> Hum Du | C64: 22000 | D64: ='KL tổ 3'!CD62 -> 0 | E64: =C64*D64 -> 0 | F64: 0 | G64: 0 | H64: =E64+G64 -> 0 | I64: 0 | J64: =ROUND(IF(H64<=800000,0,IF(AND((H64-'[1]Gia cảnh 2 '!I59)>800000,(H64-'[1]Gia cảnh 2 '!I59)<=1250000),(H64-'[1]Gia cảnh 2 '!I59)*5%-40000,IF(AND((H64-'[1]Gia cảnh 2 '!I59)>1250000,(H64-'[1]Gia cảnh 2 '!I59)<=8500000),(H64-'[1]Gia cảnh 2 '!I59)*10%-102500))),2) -> 0 | K64: 1600 | L64: 0 | M64: =IF(L64>0,H64-L64,H64) -> 0
A65: ='KL tổ 3'!A63 -> 55 | B65: ='KL tổ 3'!B63 -> Du Kha | C65: 22000 | D65: ='KL tổ 3'!CD63 -> 0 | E65: =C65*D65 -> 0 | F65: 0 | G65: 0 | H65: =E65+G65 -> 0 | I65: 0 | J65: =ROUND(IF(H65<=800000,0,IF(AND((H65-'[1]Gia cảnh 2 '!I60)>800000,(H65-'[1]Gia cảnh 2 '!I60)<=1250000),(H65-'[1]Gia cảnh 2 '!I60)*5%-40000,IF(AND((H65-'[1]Gia cảnh 2 '!I60)>1250000,(H65-'[1]Gia cảnh 2 '!I60)<=8500000),(H65-'[1]Gia cảnh 2 '!I60)*10%-102500))),2) -> 0 | K65: 1600 | L65: 0 | M65: =IF(L65>0,H65-L65,H65) -> 0
A66: ='KL tổ 3'!A64 -> 56 | B66: ='KL tổ 3'!B64 -> Khia Xe | C66: 22000 | D66: ='KL tổ 3'!CD64 -> 0 | E66: =C66*D66 -> 0 | F66: 0 | G66: 0 | H66: =E66+G66 -> 0 | I66: 0 | J66: =ROUND(IF(H66<=800000,0,IF(AND((H66-'[1]Gia cảnh 2 '!I61)>800000,(H66-'[1]Gia cảnh 2 '!I61)<=1250000),(H66-'[1]Gia cảnh 2 '!I61)*5%-40000,IF(AND((H66-'[1]Gia cảnh 2 '!I61)>1250000,(H66-'[1]Gia cảnh 2 '!I61)<=8500000),(H66-'[1]Gia cảnh 2 '!I61)*10%-102500))),2) -> 0 | K66: 1600 | L66: 0 | M66: =IF(L66>0,H66-L66,H66) -> 0
A67: ='KL tổ 3'!A65 -> 57 | B67: ='KL tổ 3'!B65 -> An Chia | C67: 22000 | D67: ='KL tổ 3'!CD65 -> 0 | E67: =C67*D67 -> 0 | F67: 0 | G67: 0 | H67: =E67+G67 -> 0 | I67: 0 | J67: =ROUND(IF(H67<=800000,0,IF(AND((H67-'[1]Gia cảnh 2 '!I62)>800000,(H67-'[1]Gia cảnh 2 '!I62)<=1250000),(H67-'[1]Gia cảnh 2 '!I62)*5%-40000,IF(AND((H67-'[1]Gia cảnh 2 '!I62)>1250000,(H67-'[1]Gia cảnh 2 '!I62)<=8500000),(H67-'[1]Gia cảnh 2 '!I62)*10%-102500))),2) -> 0 | K67: 1600 | L67: 0 | M67: =IF(L67>0,H67-L67,H67) -> 0
A68: ='KL tổ 3'!A66 -> 58 | B68: ='KL tổ 3'!B66 -> Ru Rươn | C68: 22000 | D68: ='KL tổ 3'!CD66 -> 0 | E68: =C68*D68 -> 0 | F68: 0 | G68: 0 | H68: =E68+G68 -> 0 | I68: 0 | J68: =ROUND(IF(H68<=800000,0,IF(AND((H68-'[1]Gia cảnh 2 '!I63)>800000,(H68-'[1]Gia cảnh 2 '!I63)<=1250000),(H68-'[1]Gia cảnh 2 '!I63)*5%-40000,IF(AND((H68-'[1]Gia cảnh 2 '!I63)>1250000,(H68-'[1]Gia cảnh 2 '!I63)<=8500000),(H68-'[1]Gia cảnh 2 '!I63)*10%-102500))),2) -> 0 | K68: 1600 | L68: 0 | M68: =IF(L68>0,H68-L68,H68) -> 0
A69: ='KL tổ 3'!A67 -> 59 | B69: ='KL tổ 3'!B67 -> Kon Ra | C69: 22000 | D69: ='KL tổ 3'!CD67 -> 0 | E69: =C69*D69 -> 0 | F69: 0 | G69: 0 | H69: =E69+G69 -> 0 | I69: 0 | J69: =ROUND(IF(H69<=800000,0,IF(AND((H69-'[1]Gia cảnh 2 '!I64)>800000,(H69-'[1]Gia cảnh 2 '!I64)<=1250000),(H69-'[1]Gia cảnh 2 '!I64)*5%-40000,IF(AND((H69-'[1]Gia cảnh 2 '!I64)>1250000,(H69-'[1]Gia cảnh 2 '!I64)<=8500000),(H69-'[1]Gia cảnh 2 '!I64)*10%-102500))),2) -> 0 | K69: 1600 | L69: 0 | M69: =IF(L69>0,H69-L69,H69) -> 0
... A72: ='KL tổ 3'!A70 -> 62 | B72: ='KL tổ 3'!B70 -> Chum Chia | C72: 22000 | D72: ='KL tổ 3'!CD70 -> 0 | E72: =C72*D72 -> 0 | F72: 0 | G72: 0 | H72: =E72+G72 -> 0 | I72: 0 | J72: =ROUND(IF(H72<=800000,0,IF(AND((H72-'[1]Gia cảnh 2 '!I67)>800000,(H72-'[1]Gia cảnh 2 '!I67)<=1250000),(H72-'[1]Gia cảnh 2 '!I67)*5%-40000,IF(AND((H72-'[1]Gia cảnh 2 '!I67)>1250000,(H72-'[1]Gia cảnh 2 '!I67)<=8500000),(H72-'[1]Gia cảnh 2 '!I67)*10%-102500))),2) -> 0 | K72: 1600 | L72: 0 | M72: =IF(L72>0,H72-L72,H72) -> 0
A73: ='KL tổ 3'!A71 -> 63 | B73: ='KL tổ 3'!B71 -> Tum Tưa | C73: 22000 | D73: ='KL tổ 3'!CD71 -> 0 | E73: =C73*D73 -> 0 | F73: 0 | G73: 0 | H73: =E73+G73 -> 0 | I73: 0 | J73: =ROUND(IF(H73<=800000,0,IF(AND((H73-'[1]Gia cảnh 2 '!I68)>800000,(H73-'[1]Gia cảnh 2 '!I68)<=1250000),(H73-'[1]Gia cảnh 2 '!I68)*5%-40000,IF(AND((H73-'[1]Gia cảnh 2 '!I68)>1250000,(H73-'[1]Gia cảnh 2 '!I68)<=8500000),(H73-'[1]Gia cảnh 2 '!I68)*10%-102500))),2) -> 0 | K73: =IF(H73<=200000,1600,IF(AND(H73>200000,H73<=250000),1800,IF(AND(H73>250000,H73<=300000),2200,IF(AND(H73>300000,H73<=350000),2600,IF(AND(H73>350000,H73<=400000),3000,IF(AND(H73>400000,H73<=450000),3400,IF(AND(H73>450000,H73<=500000),3800,IF(AND(H73>500000,H73<=550000),4200,IF(AND(H73>550000,H73<=600000),4600,IF(AND(H73>600000,H73<=650000),5000,IF(AND(H73>650000,H73<=700000),5400,IF(AND(H73>700000,H73<=750000),5800,IF(AND(H73>750000,H73<=800000),6200,IF(AND(H73>800000,H73<=850000),6600,IF(AND(H73>850000,H73<=900000),7000,IF(AND(H73>900000,H73<=950000),7400,IF(AND(H73>950000,H73<=1000000),7800,IF(H73>1000000,8000)))))))))))))))))) -> 1600 | L73: =IF(J73>0,I73+J73,I73) -> 0 | M73: =IF(L73>0,H73-L73,H73) -> 0
A74: ='KL tổ 3'!A72 -> 64 | B74: ='KL tổ 3'!B72 -> Dut Hat | C74: 22000 | D74: ='KL tổ 3'!CD72 -> 0 | E74: =C74*D74 -> 0 | F74: 0 | G74: 0 | H74: =E74+G74 -> 0 | I74: 0 | J74: =ROUND(IF(H74<=800000,0,IF(AND((H74-'[1]Gia cảnh 2 '!I69)>800000,(H74-'[1]Gia cảnh 2 '!I69)<=1250000),(H74-'[1]Gia cảnh 2 '!I69)*5%-40000,IF(AND((H74-'[1]Gia cảnh 2 '!I69)>1250000,(H74-'[1]Gia cảnh 2 '!I69)<=8500000),(H74-'[1]Gia cảnh 2 '!I69)*10%-102500))),2) -> 0 | K74: =IF(H74<=200000,1600,IF(AND(H74>200000,H74<=250000),1800,IF(AND(H74>250000,H74<=300000),2200,IF(AND(H74>300000,H74<=350000),2600,IF(AND(H74>350000,H74<=400000),3000,IF(AND(H74>400000,H74<=450000),3400,IF(AND(H74>450000,H74<=500000),3800,IF(AND(H74>500000,H74<=550000),4200,IF(AND(H74>550000,H74<=600000),4600,IF(AND(H74>600000,H74<=650000),5000,IF(AND(H74>650000,H74<=700000),5400,IF(AND(H74>700000,H74<=750000),5800,IF(AND(H74>750000,H74<=800000),6200,IF(AND(H74>800000,H74<=850000),6600,IF(AND(H74>850000,H74<=900000),7000,IF(AND(H74>900000,H74<=950000),7400,IF(AND(H74>950000,H74<=1000000),7800,IF(H74>1000000,8000)))))))))))))))))) -> 1600 | L74: =IF(J74>0,I74+J74,I74) -> 0 | M74: =IF(L74>0,H74-L74,H74) -> 0
A75: ='KL tổ 3'!A73 -> 65 | B75: ='KL tổ 3'!B73 -> Tia Hay | C75: 22000 | D75: ='KL tổ 3'!CD73 -> 0 | E75: =C75*D75 -> 0 | F75: 0 | G75: 0 | H75: =E75+G75 -> 0 | I75: 0 | J75: =ROUND(IF(H75<=800000,0,IF(AND((H75-'[1]Gia cảnh 2 '!I70)>800000,(H75-'[1]Gia cảnh 2 '!I70)<=1250000),(H75-'[1]Gia cảnh 2 '!I70)*5%-40000,IF(AND((H75-'[1]Gia cảnh 2 '!I70)>1250000,(H75-'[1]Gia cảnh 2 '!I70)<=8500000),(H75-'[1]Gia cảnh 2 '!I70)*10%-102500))),2) -> 0 | K75: =IF(H75<=200000,1600,IF(AND(H75>200000,H75<=250000),1800,IF(AND(H75>250000,H75<=300000),2200,IF(AND(H75>300000,H75<=350000),2600,IF(AND(H75>350000,H75<=400000),3000,IF(AND(H75>400000,H75<=450000),3400,IF(AND(H75>450000,H75<=500000),3800,IF(AND(H75>500000,H75<=550000),4200,IF(AND(H75>550000,H75<=600000),4600,IF(AND(H75>600000,H75<=650000),5000,IF(AND(H75>650000,H75<=700000),5400,IF(AND(H75>700000,H75<=750000),5800,IF(AND(H75>750000,H75<=800000),6200,IF(AND(H75>800000,H75<=850000),6600,IF(AND(H75>850000,H75<=900000),7000,IF(AND(H75>900000,H75<=950000),7400,IF(AND(H75>950000,H75<=1000000),7800,IF(H75>1000000,8000)))))))))))))))))) -> 1600 | L75: =IF(J75>0,I75+J75,I75) -> 0 | M75: =IF(L75>0,H75-L75,H75) -> 0
A76: ='KL tổ 3'!A74 -> 66 | B76: ='KL tổ 3'!B74 -> Dot Mươt | C76: 22000 | D76: ='KL tổ 3'!CD74 -> 0 | E76: =C76*D76 -> 0 | F76: 0 | G76: 0 | H76: =E76+G76 -> 0 | I76: 0 | J76: 0 | K76: =IF(H76<=200000,1600,IF(AND(H76>200000,H76<=250000),1800,IF(AND(H76>250000,H76<=300000),2200,IF(AND(H76>300000,H76<=350000),2600,IF(AND(H76>350000,H76<=400000),3000,IF(AND(H76>400000,H76<=450000),3400,IF(AND(H76>450000,H76<=500000),3800,IF(AND(H76>500000,H76<=550000),4200,IF(AND(H76>550000,H76<=600000),4600,IF(AND(H76>600000,H76<=650000),5000,IF(AND(H76>650000,H76<=700000),5400,IF(AND(H76>700000,H76<=750000),5800,IF(AND(H76>750000,H76<=800000),6200,IF(AND(H76>800000,H76<=850000),6600,IF(AND(H76>850000,H76<=900000),7000,IF(AND(H76>900000,H76<=950000),7400,IF(AND(H76>950000,H76<=1000000),7800,IF(H76>1000000,8000)))))))))))))))))) -> 1600 | L76: =IF(J76>0,I76+J76,I76) -> 0 | M76: =IF(L76>0,H76-L76,H76) -> 0
A77: ='KL tổ 3'!A75 -> 67 | B77: ='KL tổ 3'!B75 -> Thia Ra | C77: 22000 | D77: ='KL tổ 3'!CD75 -> 0 | E77: =C77*D77 -> 0 | F77: 0 | G77: 0 | H77: =E77+G77 -> 0 | I77: 0 | J77: =ROUND(IF(H77<=800000,0,IF(AND((H77-'[1]Gia cảnh 2 '!I72)>800000,(H77-'[1]Gia cảnh 2 '!I72)<=1250000),(H77-'[1]Gia cảnh 2 '!I72)*5%-40000,IF(AND((H77-'[1]Gia cảnh 2 '!I72)>1250000,(H77-'[1]Gia cảnh 2 '!I72)<=8500000),(H77-'[1]Gia cảnh 2 '!I72)*10%-102500))),2) -> 0 | K77: =IF(H77<=200000,1600,IF(AND(H77>200000,H77<=250000),1800,IF(AND(H77>250000,H77<=300000),2200,IF(AND(H77>300000,H77<=350000),2600,IF(AND(H77>350000,H77<=400000),3000,IF(AND(H77>400000,H77<=450000),3400,IF(AND(H77>450000,H77<=500000),3800,IF(AND(H77>500000,H77<=550000),4200,IF(AND(H77>550000,H77<=600000),4600,IF(AND(H77>600000,H77<=650000),5000,IF(AND(H77>650000,H77<=700000),5400,IF(AND(H77>700000,H77<=750000),5800,IF(AND(H77>750000,H77<=800000),6200,IF(AND(H77>800000,H77<=850000),6600,IF(AND(H77>850000,H77<=900000),7000,IF(AND(H77>900000,H77<=950000),7400,IF(AND(H77>950000,H77<=1000000),7800,IF(H77>1000000,8000)))))))))))))))))) -> 1600 | L77: =IF(J77>0,I77+J77,I77) -> 0 | M77: =IF(L77>0,H77-L77,H77) -> 0
