Workbook

Sheet CDCN- VCKD
A1: ក្រុមហ៊ុន កៅស៊ូ មេគង្គ ខូអិលធីឌី | F1: ព្រះរាជាណាចក្រកម្ពុជា
A2: VRG Caoutchouc Mekong Co., Ltd | F2: VƯƠNG QUỐC CAMPUCHIA
A3: អង្គភាព:ក្រុមផលិត II | F3: ជាតិ សាសនា ព្រះមហាក្សត្រ
A4: Đơn vị: Đội sản xuất 2 | F4: Dân tộc - Tôn giáo - Quốc vương
A6: តារាងតុល្យភាពបំណុលបៀវត្ស​ កម្មកប្រមូលផល
A7: លើកទី ១ ពីថ្ងៃ ១-១៥ ខែ ០១ ឆ្នាំ ២០២៦
A8: BẢNG CÂN ĐỐI CÔNG NỢ LƯƠNG​ CÔNG NHÂN VƯỜN CÂY KINH DOANH
A9: ĐỢT 1TỪ NGÀY 1-15 THÁNG 01 NĂM 2026
B11: I/ សរុបបៀវត្សខែ 01/2026 (Tổng lương tháng 01/2026)៖ | G11: =SUM(G12:G13) -> 309975352 | H11: KHR
B12: 1/ ប្រាក់បៀវត្សទី ១ (Tiền lương đợt 1) ៖ | G12: ='TTTL VCKD chung'!Z580 -> 309975352 | H12: KHR | I12: 21655021
B13: 2/ ប្រាក់បៀវត្សទី ២ (Tiền lương đợt 2) ៖ | G13: 0 | H13: KHR | I13: 23368782
B14: II/ ប្រាក់បានទទួល (Các khoản đã nhận) ៖ | G14: =G15 -> 0 | H14: KHR | I14: 32668679
B15: 1/ទូទាត់ប្រាក់បៀវត្សលើកទី ១ (Thanh toán lương đợt 1) ៖ | G15: 0 | H15: KHR | I15: 26801519
B16: III/ប្រាក់ត្រូវប្រមូល (Các khoản phải thu) ៖ | G16: =G17+G18+G19 -> 0 | H16: KHR | I16: 23984019
B17: 1/ពន្ធលើប្រាក់បៀវត្ស (Thuế TNCN)៖ | G17: 0 | H17: KHR | I17: 26682458
B18: 2/បុរេប្រទានផ្ទាល់ខ្លួន (Tạm ứng cá nhân) ៖ | G18: 0 | H18: KHR | I18: 27120577
B19: 3/ ភាគទានប្រាក់សោធន (BHXH): | G19: 0 | H19: KHR | I19: 27102621
B20: IV/ប្រាក់ត្រូវទទួល (Thực nhận)៖ | G20: =SUM(G21:G21) -> 309975352 | H20: KHR | I20: 25073412
B21: 1/ប្រាក់បៀវត្សត្រូវទទួល (Tiền lương thực nhận) ៖ | G21: =G11-G14-G16 -> 309975352 | H21: KHR | I21: 25770395
I23: =SUM(I12:I21) -> 260227483
A24: (ជាអក្សរ៖បីរយប្រាំបួនលាន ប្រាំបួនរយចែតសិបប្រាំពាន់ បីរយហាសិបពីររៀលគត់។
A25: Bằng chữ: Ba trăm lẻ chín triệu chín trăm bảy mươi lăm ngàn ba trăm năm mươi hai riel chẵn
D27: Prasat Balang, ថ្ងៃ /ngày ខែ​/tháng 01 ឆ្នាំ/năm 2026
A28: ផ្នែក គណនេយ្យ | D28: ក្រុមផលិត ២ | G28: អ្នករៀបចំ
A29: PHÒNG TCKT | D29: ĐỘI SẢN XUẤT II | G29: NGƯỜI LẬP BIỂU
D33: Nguyễn Vũ Minh | G33: Kim Thảo
D35: អនុម័តនាយកក្រុមហ៊ុន
D36: DUYỆT
D37: GIÁM ĐỐC

Sheet KL VCKD chung
A1: ក្រុមហ៊ុន កៅស៊ូ មេគង្គ ខូអិលធីឌី
A2: CÔNG TY TNHH CAO SU VRG MEKONG
A3: អង្គភាព: ក្រុមផលិត II
A4: Đơn vị: Đội sản xuất​ 2
A6: តារាងបរិមាណការងាររបស់កម្មករ ប្រមូលផល លើកទី ១​​ពី​ថ្ងៃទី​ ១- ១៥ ខែ ០១ ឆ្នាំ ២០២៦ | U6: ទទួល
A7: BẢNG KHỐI LƯỢNG CÔNG NHÂN VƯỜN CÂY KINH DOANH ĐỢT 1 TỪ NGÀY 1 -15 THÁNG 01 NĂM 2026
A9: ល.រ (STT) | B9: Phần cạo | C9: ngày tháng năm sinh | D9: អត្ត.ប្រជាពលរដ្ឋ số CMND hoặc passport | E9: ត្រកូលនិងឈ្មោះ (Họ và tên) | F9: នាមត្រកូលនិងឈ្មោះ (Họ và tên) | G9: ជៀរ សាជ័រកៅស៊ូ | Q9: សារុប (Tổng cộng) | R9: ហត្ថលេខា (Ký Nhận) | S9: ការបំពាក់ក្បាង់ទឹកភ្លៀង
G10: Cạo trút và giao nộp mủ
G11: Cạo mủ 16.000riel | I11: Cạo D2 17.000riel | K11: Sản lượng mủ 455 riel/kg | M11: Sản lượng mủ 555 riel/kg | O11: Phụ cấp (xăng)
G12: បរិមាណ | H12: កម្លាំង | I12: បរិមាណ | J12: កម្លាំង | K12: បរិមាណ | L12: កម្លាំង | M12: បរិមាណ | N12: កម្លាំង | O12: បរិមាណ | P12: កម្លាំង | T12: =107/47 -> 2.2765957
G13: Khối lượng | H13: Công | I13: Khối lượng | J13: Công | K13: Khối lượng | L13: Công | M13: Khối lượng | N13: Công | O13: Khối lượng | P13: Công
A15: 1 | B15: 1 | E15: ទៀង ទី | F15: TEANG TY | G15: 10 | H15: 5.008 | M15: 315.04 | N15: 5.476 | O15: 10 | P15: 0.313 | Q15: =H15+L15+N15+P15+J15 -> 10.797 | S15: =G15*16000 -> 160000 | T15: =I15*17000 -> 0 | U15: =K15*455 -> 0 | V15: =M15*555 -> 174847.2 | W15: =O15*1000 -> 10000 | X15: =S15+T15+U15+V15+W15 -> 344847.2 | Y15: 466176.8
A16: 2 | B16: 2 | E16: រ៉ោន បូ រ៉ី | F16: RORN BOREY | G16: 15 | H16: 7.512 | M16: 483.56 | N16: 8.406 | O16: 15 | P16: 0.47 | Q16: =H16+L16+N16+P16+J16 -> 16.388 | S16: =G16*16000 -> 240000 | T16: =I16*17000 -> 0 | U16: =K16*455 -> 0 | V16: =M16*555 -> 268375.8 | W16: =O16*1000 -> 15000 | X16: =S16+T16+U16+V16+W16 -> 523375.8 | Y16: 510038.8
A17: 3 | B17: 3 | E17: រ៉ន សុវឿង | F17: RORN SOVOEUNG | G17: 15 | H17: 7.512 | M17: 514.36 | N17: 8.936 | O17: 15 | P17: 0.47 | Q17: =H17+L17+N17+P17+J17 -> 16.918 | S17: =G17*16000 -> 240000 | T17: =I17*17000 -> 0 | U17: =K17*455 -> 0 | V17: =M17*555 -> 285469.8 | W17: =O17*1000 -> 15000 | X17: =S17+T17+U17+V17+W17 -> 540469.8 | Y17: 487816.6
A18: 4 | B18: 4 | E18: ចាន ជឿន | F18: CHAN CHHOEUN | G18: 12 | H18: 6.01 | M18: 493.68 | N18: 8.576 | O18: 12 | P18: 0.376 | Q18: =H18+L18+N18+P18+J18 -> 14.962 | S18: =G18*16000 -> 192000 | T18: =I18*17000 -> 0 | U18: =K18*455 -> 0 | V18: =M18*555 -> 273992.4 | W18: =O18*1000 -> 12000 | X18: =S18+T18+U18+V18+W18 -> 477992.4 | Y18: 440479.6
A19: 5 | B19: 5 | E19: ជឿន ចាយ | F19: CHOEUN CHAY | G19: 15 | H19: 7.512 | M19: 510.84 | N19: 8.879 | O19: 15 | P19: 0.47 | Q19: =H19+L19+N19+P19+J19 -> 16.861 | S19: =G19*16000 -> 240000 | T19: =I19*17000 -> 0 | U19: =K19*455 -> 0 | V19: =M19*555 -> 283516.2 | W19: =O19*1000 -> 15000 | X19: =S19+T19+U19+V19+W19 -> 538516.2 | Y19: 485374.6
A20: 6 | B20: 6 | E20: ពឿន ប៉ុន | F20: POEUN PON | G20: 13 | H20: 6.51 | M20: 424.16 | N20: 7.369 | O20: 13 | P20: 0.407 | Q20: =H20+L20+N20+P20+J20 -> 14.286 | S20: =G20*16000 -> 208000 | T20: =I20*17000 -> 0 | U20: =K20*455 -> 0 | V20: =M20*555 -> 235408.8 | W20: =O20*1000 -> 13000 | X20: =S20+T20+U20+V20+W20 -> 456408.8 | Y20: 481016.8
A21: 7 | B21: 7 | E21: ឡាញ់ ខ្មៅ | F21: LANH KHMAO | G21: 12 | H21: 6.01 | M21: 416.24 | N21: 7.236 | O21: 12 | P21: 0.376 | Q21: =H21+L21+N21+P21+J21 -> 13.622 | S21: =G21*16000 -> 192000 | T21: =I21*17000 -> 0 | U21: =K21*455 -> 0 | V21: =M21*555 -> 231013.2 | W21: =O21*1000 -> 12000 | X21: =S21+T21+U21+V21+W21 -> 435013.2 | Y21: 476527.2
A22: 8 | B22: 8 | E22: ញិន ស៊ាងឡូត | F22: GNIN SEANG LOTH | G22: 15 | H22: 7.512 | M22: 483.56 | N22: 8.401 | O22: 15 | P22: 0.47 | Q22: =H22+L22+N22+P22+J22 -> 16.383 | S22: =G22*16000 -> 240000 | T22: =I22*17000 -> 0 | U22: =K22*455 -> 0 | V22: =M22*555 -> 268375.8 | W22: =O22*1000 -> 15000 | X22: =S22+T22+U22+V22+W22 -> 523375.8 | Y22: 501247.6
A23: 9 | B23: 9 | E23: ឡាត់ ឡែម | F23: LATH LEM | G23: 14 | H23: 7.011 | M23: 522.28 | N23: 9.073 | O23: 14 | P23: 0.438 | Q23: =H23+L23+N23+P23+J23 -> 16.522 | S23: =G23*16000 -> 224000 | T23: =I23*17000 -> 0 | U23: =K23*455 -> 0 | V23: =M23*555 -> 289865.4 | W23: =O23*1000 -> 14000 | X23: =S23+T23+U23+V23+W23 -> 527865.4 | Y23: 552529.6
A24: 10 | B24: 10 | E24: យឿន យាន់ | F24: YOEUN YOIN | G24: 14 | H24: 7.011 | M24: 465.52 | N24: 8.087 | O24: 14 | P24: 0.438 | Q24: =H24+L24+N24+P24+J24 -> 15.536 | S24: =G24*16000 -> 224000 | T24: =I24*17000 -> 0 | U24: =K24*455 -> 0 | V24: =M24*555 -> 258363.6 | W24: =O24*1000 -> 14000 | X24: =S24+T24+U24+V24+W24 -> 496363.6 | Y24: 520051
A25: 11 | B25: 11 | E25: ញិន​ ឡាយ | F25: NHIN LAY | G25: 14 | H25: 7.011 | M25: 523.16 | N25: 9.089 | O25: 14 | P25: 0.438 | Q25: =H25+L25+N25+P25+J25 -> 16.538 | S25: =G25*16000 -> 224000 | T25: =I25*17000 -> 0 | U25: =K25*455 -> 0 | V25: =M25*555 -> 290353.8 | W25: =O25*1000 -> 14000 | X25: =S25+T25+U25+V25+W25 -> 528353.8 | Y25: 509400.2
A26: 12 | B26: 12 | E26: ឃាន់ យ៉េន | F26: KHORN YEN | G26: 15 | H26: 7.512 | M26: 494.12 | N26: 8.584 | O26: 15 | P26: 0.47 | Q26: =H26+L26+N26+P26+J26 -> 16.566 | S26: =G26*16000 -> 240000 | T26: =I26*17000 -> 0 | U26: =K26*455 -> 0 | V26: =M26*555 -> 274236.6 | W26: =O26*1000 -> 15000 | X26: =S26+T26+U26+V26+W26 -> 529236.6 | Y26: 485618.8
... A103: 89 | B103: 89 | E103: កេះ ឆេងង៉ាន | F103: KES CHHENGNGAN | G103: 14 | H103: 7.011 | M103: 692.12 | N103: 12.029 | O103: 14 | P103: 0.438 | Q103: =H103+L103+N103+P103+J103 -> 19.478 | S103: =G103*16000 -> 224000 | T103: =I103*17000 -> 0 | U103: =K103*455 -> 0 | V103: =M103*555 -> 384126.6 | W103: =O103*1000 -> 14000 | X103: =S103+T103+U103+V103+W103 -> 622126.6 | Y103: 646208.4
A104: 90 | B104: 90 | E104: សន សុង | F104: SORN SONG | G104: 14 | H104: 7.011 | K104: 529.32 | L104: 7.539 | O104: 14 | P104: 0.438 | Q104: =H104+L104+N104+P104+J104 -> 14.988 | S104: =G104*16000 -> 224000 | T104: =I104*17000 -> 0 | U104: =K104*455 -> 240840.6 | V104: =M104*555 -> 0 | W104: =O104*1000 -> 14000 | X104: =S104+T104+U104+V104+W104 -> 478840.6 | Y104: 469997.8
A105: 91 | B105: 91 | E105: សន សា | F105: SORN SA | G105: 14 | H105: 7.011 | K105: 517.44 | L105: 7.37 | O105: 14 | P105: 0.438 | Q105: =H105+L105+N105+P105+J105 -> 14.819 | S105: =G105*16000 -> 224000 | T105: =I105*17000 -> 0 | U105: =K105*455 -> 235435.2 | V105: =M105*555 -> 0 | W105: =O105*1000 -> 14000 | X105: =S105+T105+U105+V105+W105 -> 473435.2 | Y105: 472200
A106: 92 | B106: 92 | E106: សន ចន្ធី | F106: SORN CHANTHY | G106: 15 | H106: 7.512 | K106: 557.48 | L106: 7.94 | O106: 15 | P106: 0.47 | Q106: =H106+L106+N106+P106+J106 -> 15.922 | S106: =G106*16000 -> 240000 | T106: =I106*17000 -> 0 | U106: =K106*455 -> 253653.4 | V106: =M106*555 -> 0 | W106: =O106*1000 -> 15000 | X106: =S106+T106+U106+V106+W106 -> 508653.4 | Y106: 509620.4
A107: 93 | B107: 93 | E107: ដន មិនា | F107: DORN MINEA | G107: 15 | H107: 7.512 | K107: 575.96 | L107: 8.203 | O107: 15 | P107: 0.47 | Q107: =H107+L107+N107+P107+J107 -> 16.185 | S107: =G107*16000 -> 240000 | T107: =I107*17000 -> 0 | U107: =K107*455 -> 262061.8 | V107: =M107*555 -> 0 | W107: =O107*1000 -> 15000 | X107: =S107+T107+U107+V107+W107 -> 517061.8 | Y107: 503013.8
A108: 94 | B108: 94 | E108: អែល សឿ | F108: AL SOEU | G108: 13 | H108: 6.51 | K108: 551.32 | L108: 7.852 | O108: 13 | P108: 0.407 | Q108: =H108+L108+N108+P108+J108 -> 14.769 | S108: =G108*16000 -> 208000 | T108: =I108*17000 -> 0 | U108: =K108*455 -> 250850.6 | V108: =M108*555 -> 0 | W108: =O108*1000 -> 13000 | X108: =S108+T108+U108+V108+W108 -> 471850.6 | Y108: 457001.8
A109: 95 | B109: 95 | E109: អែល សែល | F109: EL SEL | G109: 13 | H109: 6.51 | K109: 552.64 | L109: 7.871 | O109: 13 | P109: 0.407 | Q109: =H109+L109+N109+P109+J109 -> 14.788 | S109: =G109*16000 -> 208000 | T109: =I109*17000 -> 0 | U109: =K109*455 -> 251451.2 | V109: =M109*555 -> 0 | W109: =O109*1000 -> 13000 | X109: =S109+T109+U109+V109+W109 -> 472451.2 | Y109: 444389.2
A110: 96 | B110: 96 | E110: វី រិដ្ធា | F110: VY RITHA | G110: 13 | H110: 6.51 | K110: 594.88 | L110: 8.472 | O110: 13 | P110: 0.407 | Q110: =H110+L110+N110+P110+J110 -> 15.389 | S110: =G110*16000 -> 208000 | T110: =I110*17000 -> 0 | U110: =K110*455 -> 270670.4 | V110: =M110*555 -> 0 | W110: =O110*1000 -> 13000 | X110: =S110+T110+U110+V110+W110 -> 491670.4 | Y110: 443771.6
A111: 97 | B111: 97 | E111: ស៊ីម សុន | F111: SIM SON | G111: 14 | H111: 7.011 | K111: 450.56 | L111: 6.417 | O111: 14 | P111: 0.438 | Q111: =H111+L111+N111+P111+J111 -> 13.866 | S111: =G111*16000 -> 224000 | T111: =I111*17000 -> 0 | U111: =K111*455 -> 205004.8 | V111: =M111*555 -> 0 | W111: =O111*1000 -> 14000 | X111: =S111+T111+U111+V111+W111 -> 443004.8 | Y111: 425570.4
A112: 98 | B112: 98 | E112: ហ៊ុច សុនឿង | F112: HUCH SONOEUNG | G112: 15 | H112: 7.512 | K112: 510.84 | L112: 7.276 | O112: 15 | P112: 0.47 | Q112: =H112+L112+N112+P112+J112 -> 15.258 | S112: =G112*16000 -> 240000 | T112: =I112*17000 -> 0 | U112: =K112*455 -> 232432.2 | V112: =M112*555 -> 0 | W112: =O112*1000 -> 15000 | X112: =S112+T112+U112+V112+W112 -> 487432.2 | Y112: 518646.4
A113: 99 | B113: 99 | E113: សុក ហាន | F113: SOK HAN | G113: 15 | H113: 7.512 | K113: 362.12 | L113: 5.157 | O113: 15 | P113: 0.47 | Q113: =H113+L113+N113+P113+J113 -> 13.139 | S113: =G113*16000 -> 240000 | T113: =I113*17000 -> 0 | U113: =K113*455 -> 164764.6 | V113: =M113*555 -> 0 | W113: =O113*1000 -> 15000 | X113: =S113+T113+U113+V113+W113 -> 419764.6 | Y113: 487014.8
A114: 100 | B114: 100 | E114: ញ៉ែម ជីវ៉ា | F114: NHEM CHIVA | G114: 14 | H114: 7.011 | K114: 366.96 | L114: 5.226 | O114: 14 | P114: 0.438 | Q114: =H114+L114+N114+P114+J114 -> 12.675 | S114: =G114*16000 -> 224000 | T114: =I114*17000 -> 0 | U114: =K114*455 -> 166966.8 | V114: =M114*555 -> 0 | W114: =O114*1000 -> 14000 | X114: =S114+T114+U114+V114+W114 -> 404966.8 | Y114: 377522.4
A115: 101 | B115: 101 | E115: ម៉ៃ សុជា | F115: MAI SOCHEA | G115: 14 | H115: 7.011 | K115: 404.8 | L115: 5.765 | O115: 14 | P115: 0.438 | Q115: =H115+L115+N115+P115+J115 -> 13.214 | S115: =G115*16000 -> 224000 | T115: =I115*17000 -> 0 | U115: =K115*455 -> 184184 | V115: =M115*555 -> 0 | W115: =O115*1000 -> 14000 | X115: =S115+T115+U115+V115+W115 -> 422184 | Y115: 359304.2
... A427: 413 | B427: 413 | E427: ចាន ខ្មៅ | F427: CHAN KHMAO | G427: 15 | H427: 7.512 | K427: 634.04 | L427: 9.03 | O427: 15 | P427: 0.47 | Q427: =H427+L427+N427+P427+J427 -> 17.012 | S427: =G427*16000 -> 240000 | T427: =I427*17000 -> 0 | U427: =K427*455 -> 288488.2 | V427: =M427*555 -> 0 | W427: =O427*1000 -> 15000 | X427: =S427+T427+U427+V427+W427 -> 543488.2 | Y427: 576521.2
A428: 414 | B428: 414 | E428: ព្រីក ព្រីន | F428: PROEK PRIN | G428: 15 | H428: 7.512 | K428: 627 | L428: 8.93 | O428: 15 | P428: 0.47 | Q428: =H428+L428+N428+P428+J428 -> 16.912 | S428: =G428*16000 -> 240000 | T428: =I428*17000 -> 0 | U428: =K428*455 -> 285285 | V428: =M428*555 -> 0 | W428: =O428*1000 -> 15000 | X428: =S428+T428+U428+V428+W428 -> 540285 | Y428: 595940.6 | AB428: សែ សើ | AC428: SE SEU
A429: 415 | B429: 415 | E429: សែ សើ | F429: SE SEU | G429: 13 | H429: 6.51 | K429: 529.76 | L429: 7.545 | O429: 13 | P429: 0.407 | Q429: =H429+L429+N429+P429+J429 -> 14.462 | S429: =G429*16000 -> 208000 | T429: =I429*17000 -> 0 | U429: =K429*455 -> 241040.8 | V429: =M429*555 -> 0 | W429: =O429*1000 -> 13000 | X429: =S429+T429+U429+V429+W429 -> 462040.8 | Y429: 475471.2 | AB429: ផល ជីន | AC429: PHAL CHIN
A430: 416 | B430: 416 | E430: ផល ជីន | F430: PHAL CHIN | G430: 13 | H430: 6.51 | K430: 542.52 | L430: 7.727 | O430: 13 | P430: 0.407 | Q430: =H430+L430+N430+P430+J430 -> 14.644 | S430: =G430*16000 -> 208000 | T430: =I430*17000 -> 0 | U430: =K430*455 -> 246846.6 | V430: =M430*555 -> 0 | W430: =O430*1000 -> 13000 | X430: =S430+T430+U430+V430+W430 -> 467846.6 | Y430: 499495.2
A431: 417 | B431: 417 | E431: ហុក សុខាក់ | F431: HOK SOKHAK | G431: 15 | H431: 7.512 | K431: 676.28 | L431: 9.632 | O431: 15 | P431: 0.47 | Q431: =H431+L431+N431+P431+J431 -> 17.614 | S431: =G431*16000 -> 240000 | T431: =I431*17000 -> 0 | U431: =K431*455 -> 307707.4 | V431: =M431*555 -> 0 | W431: =O431*1000 -> 15000 | X431: =S431+T431+U431+V431+W431 -> 562707.4 | Y431: 493472.2
A432: 418 | B432: 418 | E432: សាន សេត | F432: SAN SET | G432: 14 | H432: 7.011 | K432: 726 | L432: 10.34 | O432: 14 | P432: 0.438 | Q432: =H432+L432+N432+P432+J432 -> 17.789 | S432: =G432*16000 -> 224000 | T432: =I432*17000 -> 0 | U432: =K432*455 -> 330330 | V432: =M432*555 -> 0 | W432: =O432*1000 -> 14000 | X432: =S432+T432+U432+V432+W432 -> 568330 | Y432: 469848.6
A433: 419 | B433: 419 | E433: ហុក សុខៃ | F433: HOK SOKHAI | G433: 14 | H433: 7.011 | K433: 794.64 | L433: 11.318 | O433: 14 | P433: 0.438 | Q433: =H433+L433+N433+P433+J433 -> 18.767 | S433: =G433*16000 -> 224000 | T433: =I433*17000 -> 0 | U433: =K433*455 -> 361561.2 | V433: =M433*555 -> 0 | W433: =O433*1000 -> 14000 | X433: =S433+T433+U433+V433+W433 -> 599561.2 | Y433: 501663.4
A434: 420 | B434: 420 | E434: ធូ ខែង | F434: THOU KHENG | G434: 15 | H434: 7.512 | K434: 700.92 | L434: 9.983 | O434: 15 | P434: 0.47 | Q434: =H434+L434+N434+P434+J434 -> 17.965 | S434: =G434*16000 -> 240000 | T434: =I434*17000 -> 0 | U434: =K434*455 -> 318918.6 | V434: =M434*555 -> 0 | W434: =O434*1000 -> 15000 | X434: =S434+T434+U434+V434+W434 -> 573918.6 | Y434: 505250
A435: 421 | B435: 421 | E435: ថាន់ ធន់ | F435: THAN THORN | G435: 15 | H435: 7.512 | K435: 728.64 | L435: 10.378 | O435: 15 | P435: 0.47 | Q435: =H435+L435+N435+P435+J435 -> 18.36 | S435: =G435*16000 -> 240000 | T435: =I435*17000 -> 0 | U435: =K435*455 -> 331531.2 | V435: =M435*555 -> 0 | W435: =O435*1000 -> 15000 | X435: =S435+T435+U435+V435+W435 -> 586531.2 | Y435: 486431.2
A436: 422 | B436: 422 | E436: ឌូ សាវី | F436: DOU SAVY | G436: 14 | H436: 7.011 | K436: 725.56 | L436: 10.334 | O436: 14 | P436: 0.438 | Q436: =H436+L436+N436+P436+J436 -> 17.783 | S436: =G436*16000 -> 224000 | T436: =I436*17000 -> 0 | U436: =K436*455 -> 330129.8 | V436: =M436*555 -> 0 | W436: =O436*1000 -> 14000 | X436: =S436+T436+U436+V436+W436 -> 568129.8 | Y436: 499861.6
A437: 423 | B437: 423 | E437: ណូ ណាន់ | F437: NO NANN | G437: 14 | H437: 7.011 | K437: 757.24 | L437: 10.785 | O437: 14 | P437: 0.438 | Q437: =H437+L437+N437+P437+J437 -> 18.234 | S437: =G437*16000 -> 224000 | T437: =I437*17000 -> 0 | U437: =K437*455 -> 344544.2 | V437: =M437*555 -> 0 | W437: =O437*1000 -> 14000 | X437: =S437+T437+U437+V437+W437 -> 582544.2 | Y437: 506668.4
A438: 424 | B438: 424 | E438: ហុន ហេង | F438: HON HENG | G438: 14 | H438: 7.011 | K438: 672.76 | L438: 9.582 | O438: 14 | P438: 0.438 | Q438: =H438+L438+N438+P438+J438 -> 17.031 | S438: =G438*16000 -> 224000 | T438: =I438*17000 -> 0 | U438: =K438*455 -> 306105.8 | V438: =M438*555 -> 0 | W438: =O438*1000 -> 14000 | X438: =S438+T438+U438+V438+W438 -> 544105.8 | Y438: 518446.2
A439: 425 | B439: 425 | E439: អូត ទួត | F439: OT TOUT | G439: 14 | H439: 7.011 | K439: 637.56 | L439: 9.08 | O439: 14 | P439: 0.438 | Q439: =H439+L439+N439+P439+J439 -> 16.529 | S439: =G439*16000 -> 224000 | T439: =I439*17000 -> 0 | U439: =K439*455 -> 290089.8 | V439: =M439*555 -> 0 | W439: =O439*1000 -> 14000 | X439: =S439+T439+U439+V439+W439 -> 528089.8 | Y439: 487215
A440: 426 | B440: 426 | E440: ធ្លក សៀក | F440: THLOK SEAK | G440: 15 | H440: 7.512 | K440: 789.8 | L440: 11.249 | O440: 15 | P440: 0.47 | Q440: =H440+L440+N440+P440+J440 -> 19.231 | S440: =G440*16000 -> 240000 | T440: =I440*17000 -> 0 | U440: =K440*455 -> 359359 | V440: =M440*555 -> 0 | W440: =O440*1000 -> 15000 | X440: =S440+T440+U440+V440+W440 -> 614359 | Y440: 479040.8
A441: 427 | B441: 427 | E441: លឹម ឆែប | F441: LOEM CHHEB | G441: 15 | H441: 7.512 | K441: 629.2 | L441: 8.961 | O441: 15 | P441: 0.47 | Q441: =H441+L441+N441+P441+J441 -> 16.943 | S441: =G441*16000 -> 240000 | T441: =I441*17000 -> 0 | U441: =K441*455 -> 286286 | V441: =M441*555 -> 0 | W441: =O441*1000 -> 15000 | X441: =S441+T441+U441+V441+W441 -> 541286 | Y441: 528856.6
... A462: 448 | B462: 448 | E462: គួន ចេន | F462: KOUN CHEN | G462: 15 | H462: 7.512 | K462: 759.44 | L462: 10.816 | O462: 15 | P462: 0.47 | Q462: =H462+L462+N462+P462+J462 -> 18.798 | S462: =G462*16000 -> 240000 | T462: =I462*17000 -> 0 | U462: =K462*455 -> 345545.2 | V462: =M462*555 -> 0 | W462: =O462*1000 -> 15000 | X462: =S462+T462+U462+V462+W462 -> 600545.2 | Y462: 577305
A463: 449 | B463: 449 | E463: ស្រឿន ពៅ | F463: SROEURN POV | G463: 14 | H463: 7.011 | K463: 743.6 | L463: 10.591 | O463: 14 | P463: 0.438 | Q463: =H463+L463+N463+P463+J463 -> 18.04 | S463: =G463*16000 -> 224000 | T463: =I463*17000 -> 0 | U463: =K463*455 -> 338338 | V463: =M463*555 -> 0 | W463: =O463*1000 -> 14000 | X463: =S463+T463+U463+V463+W463 -> 576338 | Y463: 462207 | AA463: គត យ៉ុម | AB463: KORT YOM
A464: 450 | B464: 450 | E464: លេខ ឡែត | F464: LEK LET | G464: 15 | H464: 7.512 | K464: 754.6 | L464: 10.747 | O464: 15 | P464: 0.47 | Q464: =H464+L464+N464+P464+J464 -> 18.729 | S464: =G464*16000 -> 240000 | T464: =I464*17000 -> 0 | U464: =K464*455 -> 343343 | V464: =M464*555 -> 0 | W464: =O464*1000 -> 15000 | X464: =S464+T464+U464+V464+W464 -> 598343 | Y464: 638165.8
A465: 451 | B465: 451 | E465: សាន សារ៉េន | F465: SAN SAREN | G465: 15 | H465: 7.512 | K465: 740.96 | L465: 10.553 | O465: 15 | P465: 0.47 | Q465: =H465+L465+N465+P465+J465 -> 18.535 | S465: =G465*16000 -> 240000 | T465: =I465*17000 -> 0 | U465: =K465*455 -> 337136.8 | V465: =M465*555 -> 0 | W465: =O465*1000 -> 15000 | X465: =S465+T465+U465+V465+W465 -> 592136.8 | Y465: 631559.2
A466: 452 | B466: 452 | E466: ចយ ទឿង | F466: CHOY TOEUNG | G466: 15 | H466: 7.512 | K466: 1002.76 | L466: 14.282 | O466: 15 | P466: 0.47 | Q466: =H466+L466+N466+P466+J466 -> 22.264 | S466: =G466*16000 -> 240000 | T466: =I466*17000 -> 0 | U466: =K466*455 -> 456255.8 | V466: =M466*555 -> 0 | W466: =O466*1000 -> 15000 | X466: =S466+T466+U466+V466+W466 -> 711255.8 | Y466: 631359
A467: 453 | B467: 453 | E467: សាន សារាំ | F467: SAN SAROM | G467: 15 | H467: 7.512 | K467: 973.72 | L467: 13.868 | O467: 15 | P467: 0.47 | Q467: =H467+L467+N467+P467+J467 -> 21.85 | S467: =G467*16000 -> 240000 | T467: =I467*17000 -> 0 | U467: =K467*455 -> 443042.6 | V467: =M467*555 -> 0 | W467: =O467*1000 -> 15000 | X467: =S467+T467+U467+V467+W467 -> 698042.6 | Y467: 657585.2
A468: 454 | B468: 454 | E468: លឿន សុខាន់ | F468: LOUEN SOKHAN | G468: 15 | H468: 7.512 | K468: 949.96 | L468: 13.53 | O468: 15 | P468: 0.47 | Q468: =H468+L468+N468+P468+J468 -> 21.512 | S468: =G468*16000 -> 240000 | T468: =I468*17000 -> 0 | U468: =K468*455 -> 432231.8 | V468: =M468*555 -> 0 | W468: =O468*1000 -> 15000 | X468: =S468+T468+U468+V468+W468 -> 687231.8 | Y468: 613157.8
A469: 455 | B469: 455 | E469: អួល រ៉េន | F469: OUL REN | G469: 15 | H469: 7.512 | K469: 837.76 | L469: 11.932 | O469: 15 | P469: 0.47 | Q469: =H469+L469+N469+P469+J469 -> 19.914 | S469: =G469*16000 -> 240000 | T469: =I469*17000 -> 0 | U469: =K469*455 -> 381180.8 | V469: =M469*555 -> 0 | W469: =O469*1000 -> 15000 | X469: =S469+T469+U469+V469+W469 -> 636180.8 | Y469: 615560.2
A470: 456 | B470: 456 | E470: ផោន វល្ល៏ | F470: PHON VOR | G470: 14 | H470: 7.011 | K470: 759.88 | L470: 10.822 | O470: 14 | P470: 0.438 | Q470: =H470+L470+N470+P470+J470 -> 18.271 | S470: =G470*16000 -> 224000 | T470: =I470*17000 -> 0 | U470: =K470*455 -> 345745.4 | V470: =M470*555 -> 0 | W470: =O470*1000 -> 14000 | X470: =S470+T470+U470+V470+W470 -> 583745.4 | Y470: 454599.4
A471: 457 | B471: 457 | E471: អ៊ាត យ័ន | F471: EAT YOIN | G471: 14 | H471: 7.011 | K471: 692.12 | L471: 9.857 | O471: 14 | P471: 0.438 | Q471: =H471+L471+N471+P471+J471 -> 17.306 | S471: =G471*16000 -> 224000 | T471: =I471*17000 -> 0 | U471: =K471*455 -> 314914.6 | V471: =M471*555 -> 0 | W471: =O471*1000 -> 14000 | X471: =S471+T471+U471+V471+W471 -> 552914.6 | Y471: 485430.2
A472: 458 | B472: 458 | E472: គត នឿន | F472: KORT NOEUN | G472: 15 | H472: 7.512 | K472: 881.76 | L472: 12.558 | O472: 15 | P472: 0.47 | Q472: =H472+L472+N472+P472+J472 -> 20.54 | S472: =G472*16000 -> 240000 | T472: =I472*17000 -> 0 | U472: =K472*455 -> 401200.8 | V472: =M472*555 -> 0 | W472: =O472*1000 -> 15000 | X472: =S472+T472+U472+V472+W472 -> 656200.8 | Y472: 588316
A473: 459 | B473: 459 | E473: អ៊ី បឹង | F473: Y BOENG | G473: 15 | H473: 7.512 | K473: 761.2 | L473: 10.841 | O473: 15 | P473: 0.47 | Q473: =H473+L473+N473+P473+J473 -> 18.823 | S473: =G473*16000 -> 240000 | T473: =I473*17000 -> 0 | U473: =K473*455 -> 346346 | V473: =M473*555 -> 0 | W473: =O473*1000 -> 15000 | X473: =S473+T473+U473+V473+W473 -> 601346 | Y473: 602547.2
A474: 460 | B474: 460 | E474: ណៃ តាំងឆាយ | F474: NAI TANGCHHAY | G474: 15 | H474: 7.512 | K474: 835.56 | L474: 11.9 | O474: 15 | P474: 0.47 | Q474: =H474+L474+N474+P474+J474 -> 19.882 | S474: =G474*16000 -> 240000 | T474: =I474*17000 -> 0 | U474: =K474*455 -> 380179.8 | V474: =M474*555 -> 0 | W474: =O474*1000 -> 15000 | X474: =S474+T474+U474+V474+W474 -> 635179.8 | Y474: 450863.6
A475: 461 | B475: 461 | E475: ធី ហ៊ូណា | F475: THY HONA | G475: 14 | H475: 7.011 | K475: 924.88 | L475: 13.172 | O475: 14 | P475: 0.438 | Q475: =H475+L475+N475+P475+J475 -> 20.621 | S475: =G475*16000 -> 224000 | T475: =I475*17000 -> 0 | U475: =K475*455 -> 420820.4 | V475: =M475*555 -> 0 | W475: =O475*1000 -> 14000 | X475: =S475+T475+U475+V475+W475 -> 658820.4 | Y475: 665993.6
... A480: 466 | B480: 466 | E480: ញ៉េប ស្រីន | F480: NHEB SREUN | G480: 15 | H480: 7.512 | K480: 745.36 | L480: 10.616 | O480: 15 | P480: 0.47 | Q480: =H480+L480+N480+P480+J480 -> 18.598 | S480: =G480*16000 -> 240000 | T480: =I480*17000 -> 0 | U480: =K480*455 -> 339138.8 | V480: =M480*555 -> 0 | W480: =O480*1000 -> 15000 | X480: =S480+T480+U480+V480+W480 -> 594138.8 | Y480: 553315
A481: 467 | B481: 467 | E481: ទឿន យី | F481: TOEUN YI | G481: 14 | H481: 7.011 | K481: 828.96 | L481: 11.806 | O481: 14 | P481: 0.438 | Q481: =H481+L481+N481+P481+J481 -> 19.255 | S481: =G481*16000 -> 224000 | T481: =I481*17000 -> 0 | U481: =K481*455 -> 377176.8 | V481: =M481*555 -> 0 | W481: =O481*1000 -> 14000 | X481: =S481+T481+U481+V481+W481 -> 615176.8 | Y481: 552497.2 | AB481: គឹម ខ្មី | AC481: KOEM KHMEY
A482: 468 | B482: 468 | E482: គឹម ខ្មី | F482: KOEM KHMEY | G482: 15 | H482: 7.512 | K482: 832.04 | L482: 11.85 | O482: 15 | P482: 0.47 | Q482: =H482+L482+N482+P482+J482 -> 19.832 | S482: =G482*16000 -> 240000 | T482: =I482*17000 -> 0 | U482: =K482*455 -> 378578.2 | V482: =M482*555 -> 0 | W482: =O482*1000 -> 15000 | X482: =S482+T482+U482+V482+W482 -> 633578.2 | Y482: 599327
A483: 469 | B483: 469 | E483: គ្រុយ ម៉ៅ | F483: KROY MAO | G483: 14 | H483: 7.011 | K483: 689.92 | L483: 9.826 | O483: 14 | P483: 0.438 | Q483: =H483+L483+N483+P483+J483 -> 17.275 | S483: =G483*16000 -> 224000 | T483: =I483*17000 -> 0 | U483: =K483*455 -> 313913.6 | V483: =M483*555 -> 0 | W483: =O483*1000 -> 14000 | X483: =S483+T483+U483+V483+W483 -> 551913.6 | Y483: 479224
A484: 470 | B484: 470 | E484: ស៊ីន សុង | F484: SIN SONG | G484: 13 | H484: 6.51 | K484: 762.08 | L484: 10.854 | O484: 13 | P484: 0.407 | Q484: =H484+L484+N484+P484+J484 -> 17.771 | S484: =G484*16000 -> 208000 | T484: =I484*17000 -> 0 | U484: =K484*455 -> 346746.4 | V484: =M484*555 -> 0 | W484: =O484*1000 -> 13000 | X484: =S484+T484+U484+V484+W484 -> 567746.4 | Y484: 556301
A485: 471 | B485: 471 | E485: សុខ ហាច | F485: SOK HACH | G485: 15 | H485: 7.512 | K485: 777.04 | L485: 11.067 | O485: 15 | P485: 0.47 | Q485: =H485+L485+N485+P485+J485 -> 19.049 | S485: =G485*16000 -> 240000 | T485: =I485*17000 -> 0 | U485: =K485*455 -> 353553.2 | V485: =M485*555 -> 0 | W485: =O485*1000 -> 15000 | X485: =S485+T485+U485+V485+W485 -> 608553.2 | Y485: 509871.6
A486: 472 | B486: 472 | E486: សែម សៀង | F486: SEM SEANG | G486: 15 | H486: 7.512 | K486: 699.6 | L486: 9.964 | O486: 15 | P486: 0.47 | Q486: =H486+L486+N486+P486+J486 -> 17.946 | S486: =G486*16000 -> 240000 | T486: =I486*17000 -> 0 | U486: =K486*455 -> 318318 | V486: =M486*555 -> 0 | W486: =O486*1000 -> 15000 | X486: =S486+T486+U486+V486+W486 -> 573318 | Y486: 495257
A487: 473 | B487: 473 | E487: វ៉ែត វ៉ាត | F487: VET VAT | G487: 15 | H487: 7.512 | K487: 753.72 | L487: 10.735 | O487: 15 | P487: 0.47 | Q487: =H487+L487+N487+P487+J487 -> 18.717 | S487: =G487*16000 -> 240000 | T487: =I487*17000 -> 0 | U487: =K487*455 -> 342942.6 | V487: =M487*555 -> 0 | W487: =O487*1000 -> 15000 | X487: =S487+T487+U487+V487+W487 -> 597942.6 | Y487: 529073.8
A488: 474 | B488: 474 | E488: សាំ វ៉េត | F488: SAM VET | G488: 15 | H488: 7.512 | K488: 752.4 | L488: 10.716 | O488: 15 | P488: 0.47 | Q488: =H488+L488+N488+P488+J488 -> 18.698 | S488: =G488*16000 -> 240000 | T488: =I488*17000 -> 0 | U488: =K488*455 -> 342342 | V488: =M488*555 -> 0 | W488: =O488*1000 -> 15000 | X488: =S488+T488+U488+V488+W488 -> 597342 | Y488: 521649.4
A489: 475 | B489: 475 | E489: ព្រឹម ក្ដាន់ | F489: PREM KDANN | G489: 14 | H489: 7.011 | K489: 745.36 | L489: 10.616 | O489: 14 | P489: 0.438 | Q489: =H489+L489+N489+P489+J489 -> 18.065 | S489: =G489*16000 -> 224000 | T489: =I489*17000 -> 0 | U489: =K489*455 -> 339138.8 | V489: =M489*555 -> 0 | W489: =O489*1000 -> 14000 | X489: =S489+T489+U489+V489+W489 -> 577138.8 | Y489: 589734.4
A490: 476 | B490: 476 | E490: យ៉ុន រី | F490: YON REY | G490: 14 | H490: 7.011 | K490: 807.84 | L490: 11.506 | O490: 14 | P490: 0.438 | Q490: =H490+L490+N490+P490+J490 -> 18.955 | S490: =G490*16000 -> 224000 | T490: =I490*17000 -> 0 | U490: =K490*455 -> 367567.2 | V490: =M490*555 -> 0 | W490: =O490*1000 -> 14000 | X490: =S490+T490+U490+V490+W490 -> 605567.2 | Y490: 577922.6
A491: 477 | B491: 477 | E491: ហុន ហោល | F491: HON HORL | G491: 15 | H491: 7.512 | K491: 702.24 | L491: 10.002 | O491: 15 | P491: 0.47 | Q491: =H491+L491+N491+P491+J491 -> 17.984 | S491: =G491*16000 -> 240000 | T491: =I491*17000 -> 0 | U491: =K491*455 -> 319519.2 | V491: =M491*555 -> 0 | W491: =O491*1000 -> 15000 | X491: =S491+T491+U491+V491+W491 -> 574519.2 | Y491: 605333
A492: 478 | B492: 478 | E492: កង ម៉េងលីម | F492: KORNG MENGLIM | G492: 15 | H492: 7.512 | K492: 789.36 | L492: 11.242 | O492: 15 | P492: 0.47 | Q492: =H492+L492+N492+P492+J492 -> 19.224 | S492: =G492*16000 -> 240000 | T492: =I492*17000 -> 0 | U492: =K492*455 -> 359158.8 | V492: =M492*555 -> 0 | W492: =O492*1000 -> 15000 | X492: =S492+T492+U492+V492+W492 -> 614158.8 | Y492: 536264
A493: 479 | B493: 479 | E493: ទួត ទីម | F493: TOUT TIM | G493: 14 | H493: 7.011 | K493: 599.72 | L493: 8.541 | O493: 14 | P493: 0.438 | Q493: =H493+L493+N493+P493+J493 -> 15.99 | S493: =G493*16000 -> 224000 | T493: =I493*17000 -> 0 | U493: =K493*455 -> 272872.6 | V493: =M493*555 -> 0 | W493: =O493*1000 -> 14000 | X493: =S493+T493+U493+V493+W493 -> 510872.6 | Y493: 506634.4
... A580: 566 | B580: 566 | E580: ស៊ា​ ខួច | F580: SEA KHOUCH | G580: 15 | H580: 7.514 | K580: 788.92 | L580: 11.237 | O580: 15 | P580: 0.468 | Q580: =H580+L580+N580+P580+J580 -> 19.219 | S580: =G580*16000 -> 240000 | T580: =I580*17000 -> 0 | U580: =K580*455 -> 358958.6 | V580: =M580*555 -> 0 | W580: =O580*1000 -> 15000 | X580: =S580+T580+U580+V580+W580 -> 613958.6 | Y580: 659186.8
A581: Tổng cộng | G581: =SUM(G15:G580) -> 8109 | H581: =SUM(H15:H580) -> 4061 | I581: =SUM(I15:I580) -> 0 | J581: =SUM(J15:J580) -> 0 | K581: =SUM(K15:K580) -> 317438.44 | L581: =SUM(L15:L580) -> 4521.1 | M581: =SUM(M15:M580) -> 49898.64 | N581: =SUM(N15:N580) -> 866.9 | ... Q581: =SUM(Q15:Q580) -> 9702.8 | U581: HENG HEAV
E583: អ្នករៀបចំ | P583: ក្រុមផលិត ២
E584: LẬP BIỂU | P584: ĐỘI SẢN XUẤT II
E590: Kim Thảo | P590: Nguyễn Vũ Minh

Sheet TTTL VCKD chung
A1: ក្រុមហ៊ុន កៅស៊ូ មេគង្គ ខូអិលធីឌី | K1: ព្រះរាជាណាចក្រកម្ពុជា
A2: CÔNG TY TNHH CAO SU VRG MEKONG | K2: VƯƠNG QUỐC CAMPUCHIA
A3: អង្គភាព: ក្រុមផលិត II | K3: ជាតិ សាសនា ព្រះមហាក្សត្រ
A4: Đơn vị: Đội sản xuất 2 | K4: Dân tộc - Tôn giáo - Quốc vương
A6: តារាងទូទាត់ប្រាក់បៀវត្សកម្មកប្រមូលផល ពីថ្ងៃ​ ១- ១៥ ខែ​ ០១ ឆ្នាំ ២០២៦ វក្ត ០១
A7: BẢNG THANH TOÁN LƯƠNG CÔNG NHÂN VƯỜN CÂY KINH DOANHTỪ NGÀY 1-15 THÁNG​​​​​​ 01 NĂM 2026 ĐỢT 1
Z9: ឯកតា​​​​​​​​​​​​​​ (ĐVT)៖ KHR
A10: ល.រ (STT) | B10: PHẦN CẠO | C10: អត្ត.ប្រជាពលរដ្ឋ số CMND hoặc passport | D10: ត្រកូលនិងឈ្មោះ (Họ và tên) | E10: ត្រកូលនិងឈ្មោះ (Họ và tên) | F10: តម្លៃកម្រិត 31.947 KHRកម្លាំង (Định mức 31.947 KHR/công) | G10: បៀវត្សវគ្គ២ Lương đợt 2 | I10: Lương làm thêm giờ | J10: បៀវត្សថ្ងៃបុណ្យសម្រាក (Lương thưởng tết) | K10: សរុបប្រាក់បៀវត្ស (Tổng lương) | N10: បំណុល (Công nợ) | Q10: បៀវត្សវគ្គ១ Lương đợt 1 | S10: បៀវត្សដាច់ឆ្នាំ (Lương thâm niên) | V10: សរុប Tổng lương | W10: បំណុល Công nợ | Y10: សរុប (Tổng nợ) | Z10: បៀវត្សត្រូវទទួល (Thực nhận) | AA10: ហត្ថលេខា (KÝ NHẬN)
G11: កម្លាំង Công | H11: ជាប្រាក់ Thành Tiền | I11: Công | N11: បុរេប្រទាន (T/ứ lương) | O11: ពន្ធបៀវត្ស (TNCN) | P11: Tiền đóng bảo hiểm | Q11: កម្លាំង Công | R11: ជាប្រាក់ Thành Tiền | W11: ប្រាក់បៀវត្សវត្ត១បានទទូល/Lương đợt 1 đã nhận | X11: ពន្ធលើប្រាក់បៀវត្ស TNCN
A12: A | D12: B | E12: C | F12: 1 | G12: 2 | H12: 3=1*2 | I12: 4 | J12: 5 | K12: 6=3+5 | N12: 7 | O12: 8 | P12: 9 | Q12: 2 | R12: 3=2*1 | S12: 6 | V12: 4=3 | W12: 7 | X12: 5 | Y12: 6=5 | Z12: 7=4-5 | AA12: 8
A14: 1 | B14: ='KL VCKD chung'!B15 -> 1 | C14: 0 | D14: ='KL VCKD chung'!E15 -> ទៀង ទី | E14: ='KL VCKD chung'!F15 -> TEANG TY | F14: 31947 | G14: =#REF! -> #REF! | H14: =ROUND(F14*G14,-2) -> #REF! | I14: 0 | J14: 0 | K14: =J14+H14 -> #REF! | O14: =ROUND(IF(K14<=1200000,0,IF(AND((K14-#REF!)>1200000,(K14-#REF!)<=2000000),(K14-#REF!)*5%-60000,IF(AND((K14-#REF!)>2000000,(K14-#REF!)<=8500000),(K14-#REF!)*10%-160000))),2) -> #REF! | Q14: ='KL VCKD chung'!Q15 -> 10.797 | R14: =ROUND(F14*Q14,0) -> 344932 | T14: =H14+R14 -> #REF! | U14: =H14+S14 -> #REF! | V14: =R14 -> 344932 | W14: =R14 -> 344932 | X14: =ROUND(IF(V14<=1500000,0,IF(AND((V14)>1500000,(V14)<=2000000),(V14)*5%-75000,IF(AND((V14)>2000000,(V14)<=8500000),(V14)*10%-175000))),0) -> 0 | Y14: =X14 -> 0 | Z14: =V14-X14 -> 344932 | AB14: 31947 | AC14: =Z14/AB14 -> 10.797008 | AD14: =AC14*AB14 -> 344932
A15: 2 | B15: ='KL VCKD chung'!B16 -> 2 | C15: 0 | D15: ='KL VCKD chung'!E16 -> រ៉ោន បូ រ៉ី | E15: ='KL VCKD chung'!F16 -> RORN BOREY | F15: 31947 | G15: =#REF! -> #REF! | H15: =ROUND(F15*G15,-2) -> #REF! | J15: 0 | K15: =J15+H15 -> #REF! | O15: =ROUND(IF(K15<=1200000,0,IF(AND((K15-#REF!)>1200000,(K15-#REF!)<=2000000),(K15-#REF!)*5%-60000,IF(AND((K15-#REF!)>2000000,(K15-#REF!)<=8500000),(K15-#REF!)*10%-160000))),2) -> #REF! | Q15: ='KL VCKD chung'!Q16 -> 16.388 | R15: =ROUND(F15*Q15,0) -> 523547 | T15: =H15+R15 -> #REF! | U15: =H15+S15 -> #REF! | V15: =R15 -> 523547 | W15: =R15 -> 523547 | X15: =ROUND(IF(V15<=1500000,0,IF(AND((V15)>1500000,(V15)<=2000000),(V15)*5%-75000,IF(AND((V15)>2000000,(V15)<=8500000),(V15)*10%-175000))),0) -> 0 | Y15: =X15 -> 0 | Z15: =V15-X15 -> 523547 | AB15: 31947 | AC15: =Z15/AB15 -> 16.387986 | AD15: =AC15*AB15 -> 523547
A16: 3 | B16: ='KL VCKD chung'!B17 -> 3 | C16: 0 | D16: ='KL VCKD chung'!E17 -> រ៉ន សុវឿង | E16: ='KL VCKD chung'!F17 -> RORN SOVOEUNG | F16: 31947 | G16: =#REF! -> #REF! | H16: =ROUND(F16*G16,-2) -> #REF! | J16: 0 | K16: =J16+H16 -> #REF! | O16: =ROUND(IF(K16<=1200000,0,IF(AND((K16-#REF!)>1200000,(K16-#REF!)<=2000000),(K16-#REF!)*5%-60000,IF(AND((K16-#REF!)>2000000,(K16-#REF!)<=8500000),(K16-#REF!)*10%-160000))),2) -> #REF! | Q16: ='KL VCKD chung'!Q17 -> 16.918 | R16: =ROUND(F16*Q16,0) -> 540479 | T16: =H16+R16 -> #REF! | U16: =H16+S16 -> #REF! | V16: =R16 -> 540479 | W16: =R16 -> 540479 | X16: =ROUND(IF(V16<=1500000,0,IF(AND((V16)>1500000,(V16)<=2000000),(V16)*5%-75000,IF(AND((V16)>2000000,(V16)<=8500000),(V16)*10%-175000))),0) -> 0 | Y16: =X16 -> 0 | Z16: =V16-X16 -> 540479 | AB16: 31947 | AC16: =Z16/AB16 -> 16.917989 | AD16: =AC16*AB16 -> 540479
A17: 4 | B17: ='KL VCKD chung'!B18 -> 4 | C17: 0 | D17: ='KL VCKD chung'!E18 -> ចាន ជឿន | E17: ='KL VCKD chung'!F18 -> CHAN CHHOEUN | F17: 31947 | G17: =#REF! -> #REF! | H17: =ROUND(F17*G17,-2) -> #REF! | J17: 0 | K17: =J17+H17 -> #REF! | O17: =ROUND(IF(K17<=1200000,0,IF(AND((K17-#REF!)>1200000,(K17-#REF!)<=2000000),(K17-#REF!)*5%-60000,IF(AND((K17-#REF!)>2000000,(K17-#REF!)<=8500000),(K17-#REF!)*10%-160000))),2) -> #REF! | Q17: ='KL VCKD chung'!Q18 -> 14.962 | R17: =ROUND(F17*Q17,0) -> 477991 | T17: =H17+R17 -> #REF! | U17: =H17+S17 -> #REF! | V17: =R17 -> 477991 | W17: =R17 -> 477991 | X17: =ROUND(IF(V17<=1500000,0,IF(AND((V17)>1500000,(V17)<=2000000),(V17)*5%-75000,IF(AND((V17)>2000000,(V17)<=8500000),(V17)*10%-175000))),0) -> 0 | Y17: =X17 -> 0 | Z17: =V17-X17 -> 477991 | AB17: 31947 | AC17: =Z17/AB17 -> 14.962 | AD17: =AC17*AB17 -> 477991
A18: 5 | B18: ='KL VCKD chung'!B19 -> 5 | C18: 0 | D18: ='KL VCKD chung'!E19 -> ជឿន ចាយ | E18: ='KL VCKD chung'!F19 -> CHOEUN CHAY | F18: 31947 | G18: =#REF! -> #REF! | H18: =ROUND(F18*G18,-2) -> #REF! | J18: 0 | K18: =J18+H18 -> #REF! | O18: =ROUND(IF(K18<=1200000,0,IF(AND((K18-#REF!)>1200000,(K18-#REF!)<=2000000),(K18-#REF!)*5%-60000,IF(AND((K18-#REF!)>2000000,(K18-#REF!)<=8500000),(K18-#REF!)*10%-160000))),2) -> #REF! | Q18: ='KL VCKD chung'!Q19 -> 16.861 | R18: =ROUND(F18*Q18,0) -> 538658 | T18: =H18+R18 -> #REF! | U18: =H18+S18 -> #REF! | V18: =R18 -> 538658 | W18: =R18 -> 538658 | X18: =ROUND(IF(V18<=1500000,0,IF(AND((V18)>1500000,(V18)<=2000000),(V18)*5%-75000,IF(AND((V18)>2000000,(V18)<=8500000),(V18)*10%-175000))),0) -> 0 | Y18: =X18 -> 0 | Z18: =V18-X18 -> 538658 | AB18: 31947 | AC18: =Z18/AB18 -> 16.860989 | AD18: =AC18*AB18 -> 538658
A19: 6 | B19: ='KL VCKD chung'!B20 -> 6 | C19: 0 | D19: ='KL VCKD chung'!E20 -> ពឿន ប៉ុន | E19: ='KL VCKD chung'!F20 -> POEUN PON | F19: 31947 | G19: =#REF! -> #REF! | H19: =ROUND(F19*G19,-2) -> #REF! | I19: 0 | J19: 0 | K19: =J19+H19 -> #REF! | O19: =ROUND(IF(K19<=1200000,0,IF(AND((K19-#REF!)>1200000,(K19-#REF!)<=2000000),(K19-#REF!)*5%-60000,IF(AND((K19-#REF!)>2000000,(K19-#REF!)<=8500000),(K19-#REF!)*10%-160000))),2) -> #REF! | P19: =IF(K19<=200000,1600,IF(AND(K19>200000,K19<=250000),1800,IF(AND(K19>250000,K19<=300000),2200,IF(AND(K19>300000,K19<=350000),2600,IF(AND(K19>350000,K19<=400000),3000,IF(AND(K19>400000,K19<=450000),3400,IF(AND(K19>450000,K19<=500000),3800,IF(AND(K19>500000,K19<=550000),4200,IF(AND(K19>550000,K19<=600000),4600,IF(AND(K19>600000,K19<=650000),5000,IF(AND(K19>650000,K19<=700000),5400,IF(AND(K19>700000,K19<=750000),5800,IF(AND(K19>750000,K19<=800000),6200,IF(AND(K19>800000,K19<=850000),6600,IF(AND(K19>850000,K19<=900000),7000,IF(AND(K19>900000,K19<=950000),7400,IF(AND(K19>950000,K19<=1000000),7800,IF(K19>1000000,8000)))))))))))))))))) -> #REF! | Q19: ='KL VCKD chung'!Q20 -> 14.286 | R19: =ROUND(F19*Q19,0) -> 456395 | T19: =H19+R19 -> #REF! | U19: =H19+S19 -> #REF! | V19: =R19 -> 456395 | W19: =R19 -> 456395 | X19: =ROUND(IF(V19<=1500000,0,IF(AND((V19)>1500000,(V19)<=2000000),(V19)*5%-75000,IF(AND((V19)>2000000,(V19)<=8500000),(V19)*10%-175000))),0) -> 0 | Y19: =X19 -> 0 | Z19: =V19-X19 -> 456395 | AB19: 31947 | AC19: =Z19/AB19 -> 14.286005 | AD19: =AC19*AB19 -> 456395
A20: 7 | B20: ='KL VCKD chung'!B21 -> 7 | C20: 0 | D20: ='KL VCKD chung'!E21 -> ឡាញ់ ខ្មៅ | E20: ='KL VCKD chung'!F21 -> LANH KHMAO | F20: 31947 | G20: =#REF! -> #REF! | H20: =ROUND(F20*G20,-2) -> #REF! | I20: 0 | J20: 0 | K20: =J20+H20 -> #REF! | O20: =ROUND(IF(K20<=1200000,0,IF(AND((K20-#REF!)>1200000,(K20-#REF!)<=2000000),(K20-#REF!)*5%-60000,IF(AND((K20-#REF!)>2000000,(K20-#REF!)<=8500000),(K20-#REF!)*10%-160000))),2) -> #REF! | P20: =IF(K20<=200000,1600,IF(AND(K20>200000,K20<=250000),1800,IF(AND(K20>250000,K20<=300000),2200,IF(AND(K20>300000,K20<=350000),2600,IF(AND(K20>350000,K20<=400000),3000,IF(AND(K20>400000,K20<=450000),3400,IF(AND(K20>450000,K20<=500000),3800,IF(AND(K20>500000,K20<=550000),4200,IF(AND(K20>550000,K20<=600000),4600,IF(AND(K20>600000,K20<=650000),5000,IF(AND(K20>650000,K20<=700000),5400,IF(AND(K20>700000,K20<=750000),5800,IF(AND(K20>750000,K20<=800000),6200,IF(AND(K20>800000,K20<=850000),6600,IF(AND(K20>850000,K20<=900000),7000,IF(AND(K20>900000,K20<=950000),7400,IF(AND(K20>950000,K20<=1000000),7800,IF(K20>1000000,8000)))))))))))))))))) -> #REF! | Q20: ='KL VCKD chung'!Q21 -> 13.622 | R20: =ROUND(F20*Q20,0) -> 435182 | T20: =H20+R20 -> #REF! | U20: =H20+S20 -> #REF! | V20: =R20 -> 435182 | W20: =R20 -> 435182 | X20: =ROUND(IF(V20<=1500000,0,IF(AND((V20)>1500000,(V20)<=2000000),(V20)*5%-75000,IF(AND((V20)>2000000,(V20)<=8500000),(V20)*10%-175000))),0) -> 0 | Y20: =X20 -> 0 | Z20: =V20-X20 -> 435182 | AB20: 31947 | AC20: =Z20/AB20 -> 13.621999 | AD20: =AC20*AB20 -> 435182
A21: 8 | B21: ='KL VCKD chung'!B22 -> 8 | C21: 0 | D21: ='KL VCKD chung'!E22 -> ញិន ស៊ាងឡូត | E21: ='KL VCKD chung'!F22 -> GNIN SEANG LOTH | F21: 31947 | G21: =#REF! -> #REF! | H21: =ROUND(F21*G21,-2) -> #REF! | I21: 0 | J21: 0 | K21: =J21+H21 -> #REF! | O21: =ROUND(IF(K21<=1200000,0,IF(AND((K21-#REF!)>1200000,(K21-#REF!)<=2000000),(K21-#REF!)*5%-60000,IF(AND((K21-#REF!)>2000000,(K21-#REF!)<=8500000),(K21-#REF!)*10%-160000))),2) -> #REF! | P21: =IF(K21<=200000,1600,IF(AND(K21>200000,K21<=250000),1800,IF(AND(K21>250000,K21<=300000),2200,IF(AND(K21>300000,K21<=350000),2600,IF(AND(K21>350000,K21<=400000),3000,IF(AND(K21>400000,K21<=450000),3400,IF(AND(K21>450000,K21<=500000),3800,IF(AND(K21>500000,K21<=550000),4200,IF(AND(K21>550000,K21<=600000),4600,IF(AND(K21>600000,K21<=650000),5000,IF(AND(K21>650000,K21<=700000),5400,IF(AND(K21>700000,K21<=750000),5800,IF(AND(K21>750000,K21<=800000),6200,IF(AND(K21>800000,K21<=850000),6600,IF(AND(K21>850000,K21<=900000),7000,IF(AND(K21>900000,K21<=950000),7400,IF(AND(K21>950000,K21<=1000000),7800,IF(K21>1000000,8000)))))))))))))))))) -> #REF! | Q21: ='KL VCKD chung'!Q22 -> 16.383 | R21: =ROUND(F21*Q21,0) -> 523388 | T21: =H21+R21 -> #REF! | U21: =H21+S21 -> #REF! | V21: =R21 -> 523388 | W21: =R21 -> 523388 | X21: =ROUND(IF(V21<=1500000,0,IF(AND((V21)>1500000,(V21)<=2000000),(V21)*5%-75000,IF(AND((V21)>2000000,(V21)<=8500000),(V21)*10%-175000))),0) -> 0 | Y21: =X21 -> 0 | Z21: =V21-X21 -> 523388 | AB21: 31947 | AC21: =Z21/AB21 -> 16.383009 | AD21: =AC21*AB21 -> 523388
A22: 9 | B22: ='KL VCKD chung'!B23 -> 9 | C22: 0 | D22: ='KL VCKD chung'!E23 -> ឡាត់ ឡែម | E22: ='KL VCKD chung'!F23 -> LATH LEM | F22: 31947 | G22: =#REF! -> #REF! | H22: =ROUND(F22*G22,-2) -> #REF! | I22: 0 | J22: 0 | K22: =J22+H22 -> #REF! | O22: =ROUND(IF(K22<=1200000,0,IF(AND((K22-#REF!)>1200000,(K22-#REF!)<=2000000),(K22-#REF!)*5%-60000,IF(AND((K22-#REF!)>2000000,(K22-#REF!)<=8500000),(K22-#REF!)*10%-160000))),2) -> #REF! | P22: =IF(K22<=200000,1600,IF(AND(K22>200000,K22<=250000),1800,IF(AND(K22>250000,K22<=300000),2200,IF(AND(K22>300000,K22<=350000),2600,IF(AND(K22>350000,K22<=400000),3000,IF(AND(K22>400000,K22<=450000),3400,IF(AND(K22>450000,K22<=500000),3800,IF(AND(K22>500000,K22<=550000),4200,IF(AND(K22>550000,K22<=600000),4600,IF(AND(K22>600000,K22<=650000),5000,IF(AND(K22>650000,K22<=700000),5400,IF(AND(K22>700000,K22<=750000),5800,IF(AND(K22>750000,K22<=800000),6200,IF(AND(K22>800000,K22<=850000),6600,IF(AND(K22>850000,K22<=900000),7000,IF(AND(K22>900000,K22<=950000),7400,IF(AND(K22>950000,K22<=1000000),7800,IF(K22>1000000,8000)))))))))))))))))) -> #REF! | Q22: ='KL VCKD chung'!Q23 -> 16.522 | R22: =ROUND(F22*Q22,0) -> 527828 | T22: =H22+R22 -> #REF! | U22: =H22+S22 -> #REF! | V22: =R22 -> 527828 | W22: =R22 -> 527828 | X22: =ROUND(IF(V22<=1500000,0,IF(AND((V22)>1500000,(V22)<=2000000),(V22)*5%-75000,IF(AND((V22)>2000000,(V22)<=8500000),(V22)*10%-175000))),0) -> 0 | Y22: =X22 -> 0 | Z22: =V22-X22 -> 527828 | AB22: 31947 | AC22: =Z22/AB22 -> 16.52199 | AD22: =AC22*AB22 -> 527828
A23: 10 | B23: ='KL VCKD chung'!B24 -> 10 | C23: 0 | D23: ='KL VCKD chung'!E24 -> យឿន យាន់ | E23: ='KL VCKD chung'!F24 -> YOEUN YOIN | F23: 31947 | G23: =#REF! -> #REF! | H23: =ROUND(F23*G23,-2) -> #REF! | J23: 0 | K23: =J23+H23 -> #REF! | O23: =ROUND(IF(K23<=1200000,0,IF(AND((K23-#REF!)>1200000,(K23-#REF!)<=2000000),(K23-#REF!)*5%-60000,IF(AND((K23-#REF!)>2000000,(K23-#REF!)<=8500000),(K23-#REF!)*10%-160000))),2) -> #REF! | Q23: ='KL VCKD chung'!Q24 -> 15.536 | R23: =ROUND(F23*Q23,0) -> 496329 | T23: =H23+R23 -> #REF! | U23: =H23+S23 -> #REF! | V23: =R23 -> 496329 | W23: =R23 -> 496329 | X23: =ROUND(IF(V23<=1500000,0,IF(AND((V23)>1500000,(V23)<=2000000),(V23)*5%-75000,IF(AND((V23)>2000000,(V23)<=8500000),(V23)*10%-175000))),0) -> 0 | Y23: =X23 -> 0 | Z23: =V23-X23 -> 496329 | AB23: 31947 | AC23: =Z23/AB23 -> 15.536013 | AD23: =AC23*AB23 -> 496329
A24: 11 | B24: ='KL VCKD chung'!B25 -> 11 | C24: 0 | D24: ='KL VCKD chung'!E25 -> ញិន​ ឡាយ | E24: ='KL VCKD chung'!F25 -> NHIN LAY | F24: 31947 | G24: =#REF! -> #REF! | H24: =ROUND(F24*G24,-2) -> #REF! | J24: 0 | K24: =J24+H24 -> #REF! | O24: =ROUND(IF(K24<=1200000,0,IF(AND((K24-#REF!)>1200000,(K24-#REF!)<=2000000),(K24-#REF!)*5%-60000,IF(AND((K24-#REF!)>2000000,(K24-#REF!)<=8500000),(K24-#REF!)*10%-160000))),2) -> #REF! | Q24: ='KL VCKD chung'!Q25 -> 16.538 | R24: =ROUND(F24*Q24,0) -> 528339 | T24: =H24+R24 -> #REF! | U24: =H24+S24 -> #REF! | V24: =R24 -> 528339 | W24: =R24 -> 528339 | X24: =ROUND(IF(V24<=1500000,0,IF(AND((V24)>1500000,(V24)<=2000000),(V24)*5%-75000,IF(AND((V24)>2000000,(V24)<=8500000),(V24)*10%-175000))),0) -> 0 | Y24: =X24 -> 0 | Z24: =V24-X24 -> 528339 | AB24: 31947 | AC24: =Z24/AB24 -> 16.537985 | AD24: =AC24*AB24 -> 528339
A25: 12 | B25: ='KL VCKD chung'!B26 -> 12 | C25: 0 | D25: ='KL VCKD chung'!E26 -> ឃាន់ យ៉េន | E25: ='KL VCKD chung'!F26 -> KHORN YEN | F25: 31947 | G25: =#REF! -> #REF! | H25: =ROUND(F25*G25,-2) -> #REF! | J25: 0 | K25: =J25+H25 -> #REF! | O25: =ROUND(IF(K25<=1200000,0,IF(AND((K25-#REF!)>1200000,(K25-#REF!)<=2000000),(K25-#REF!)*5%-60000,IF(AND((K25-#REF!)>2000000,(K25-#REF!)<=8500000),(K25-#REF!)*10%-160000))),2) -> #REF! | Q25: ='KL VCKD chung'!Q26 -> 16.566 | R25: =ROUND(F25*Q25,0) -> 529234 | T25: =H25+R25 -> #REF! | U25: =H25+S25 -> #REF! | V25: =R25 -> 529234 | W25: =R25 -> 529234 | X25: =ROUND(IF(V25<=1500000,0,IF(AND((V25)>1500000,(V25)<=2000000),(V25)*5%-75000,IF(AND((V25)>2000000,(V25)<=8500000),(V25)*10%-175000))),0) -> 0 | Y25: =X25 -> 0 | Z25: =V25-X25 -> 529234 | AB25: 31947 | AC25: =Z25/AB25 -> 16.566 | AD25: =AC25*AB25 -> 529234
A26: 13 | B26: ='KL VCKD chung'!B27 -> 13 | C26: 0 | D26: ='KL VCKD chung'!E27 -> គុំ បុល | E26: ='KL VCKD chung'!F27 -> KUM BOL | F26: 31947 | G26: =#REF! -> #REF! | H26: =ROUND(F26*G26,-2) -> #REF! | J26: 0 | K26: =J26+H26 -> #REF! | O26: =ROUND(IF(K26<=1200000,0,IF(AND((K26-#REF!)>1200000,(K26-#REF!)<=2000000),(K26-#REF!)*5%-60000,IF(AND((K26-#REF!)>2000000,(K26-#REF!)<=8500000),(K26-#REF!)*10%-160000))),2) -> #REF! | Q26: ='KL VCKD chung'!Q27 -> 16.492 | R26: =ROUND(F26*Q26,0) -> 526870 | T26: =H26+R26 -> #REF! | U26: =H26+S26 -> #REF! | V26: =R26 -> 526870 | W26: =R26 -> 526870 | X26: =ROUND(IF(V26<=1500000,0,IF(AND((V26)>1500000,(V26)<=2000000),(V26)*5%-75000,IF(AND((V26)>2000000,(V26)<=8500000),(V26)*10%-175000))),0) -> 0 | Y26: =X26 -> 0 | Z26: =V26-X26 -> 526870 | AB26: 31947 | AC26: =Z26/AB26 -> 16.492002 | AD26: =AC26*AB26 -> 526870
A27: 14 | B27: ='KL VCKD chung'!B28 -> 14 | C27: 0 | D27: ='KL VCKD chung'!E28 -> ជិន ប៉ាក់ | E27: ='KL VCKD chung'!F28 -> CHIN PAK | F27: 31947 | G27: =#REF! -> #REF! | H27: =ROUND(F27*G27,-2) -> #REF! | J27: 0 | K27: =J27+H27 -> #REF! | O27: =ROUND(IF(K27<=1200000,0,IF(AND((K27-#REF!)>1200000,(K27-#REF!)<=2000000),(K27-#REF!)*5%-60000,IF(AND((K27-#REF!)>2000000,(K27-#REF!)<=8500000),(K27-#REF!)*10%-160000))),2) -> #REF! | Q27: ='KL VCKD chung'!Q28 -> 17.149 | R27: =ROUND(F27*Q27,0) -> 547859 | T27: =H27+R27 -> #REF! | U27: =H27+S27 -> #REF! | V27: =R27 -> 547859 | W27: =R27 -> 547859 | X27: =ROUND(IF(V27<=1500000,0,IF(AND((V27)>1500000,(V27)<=2000000),(V27)*5%-75000,IF(AND((V27)>2000000,(V27)<=8500000),(V27)*10%-175000))),0) -> 0 | Y27: =X27 -> 0 | Z27: =V27-X27 -> 547859 | AB27: 31947 | AC27: =Z27/AB27 -> 17.148997 | AD27: =AC27*AB27 -> 547859
A28: 15 | B28: ='KL VCKD chung'!B29 -> 15 | C28: 0 | D28: ='KL VCKD chung'!E29 -> ផល ផាត | E28: ='KL VCKD chung'!F29 -> PHAL PHAT | F28: 31947 | G28: =#REF! -> #REF! | H28: =ROUND(F28*G28,-2) -> #REF! | J28: 0 | K28: =J28+H28 -> #REF! | O28: =ROUND(IF(K28<=1200000,0,IF(AND((K28-#REF!)>1200000,(K28-#REF!)<=2000000),(K28-#REF!)*5%-60000,IF(AND((K28-#REF!)>2000000,(K28-#REF!)<=8500000),(K28-#REF!)*10%-160000))),2) -> #REF! | Q28: ='KL VCKD chung'!Q29 -> 14.148 | R28: =ROUND(F28*Q28,0) -> 451986 | T28: =H28+R28 -> #REF! | U28: =H28+S28 -> #REF! | V28: =R28 -> 451986 | W28: =R28 -> 451986 | X28: =ROUND(IF(V28<=1500000,0,IF(AND((V28)>1500000,(V28)<=2000000),(V28)*5%-75000,IF(AND((V28)>2000000,(V28)<=8500000),(V28)*10%-175000))),0) -> 0 | Y28: =X28 -> 0 | Z28: =V28-X28 -> 451986 | AB28: 31947 | AC28: =Z28/AB28 -> 14.147995 | AD28: =AC28*AB28 -> 451986
A29: 16 | B29: ='KL VCKD chung'!B30 -> 16 | C29: 0 | D29: ='KL VCKD chung'!E30 -> យាត ធីម | E29: ='KL VCKD chung'!F30 -> YEAT THIM | F29: 31947 | G29: =#REF! -> #REF! | H29: =ROUND(F29*G29,-2) -> #REF! | J29: 0 | K29: =J29+H29 -> #REF! | O29: =ROUND(IF(K29<=1200000,0,IF(AND((K29-#REF!)>1200000,(K29-#REF!)<=2000000),(K29-#REF!)*5%-60000,IF(AND((K29-#REF!)>2000000,(K29-#REF!)<=8500000),(K29-#REF!)*10%-160000))),2) -> #REF! | Q29: ='KL VCKD chung'!Q30 -> 16.614 | R29: =ROUND(F29*Q29,0) -> 530767 | T29: =H29+R29 -> #REF! | U29: =H29+S29 -> #REF! | V29: =R29 -> 530767 | W29: =R29 -> 530767 | X29: =ROUND(IF(V29<=1500000,0,IF(AND((V29)>1500000,(V29)<=2000000),(V29)*5%-75000,IF(AND((V29)>2000000,(V29)<=8500000),(V29)*10%-175000))),0) -> 0 | Y29: =X29 -> 0 | Z29: =V29-X29 -> 530767 | AB29: 31947 | AC29: =Z29/AB29 -> 16.613986 | AD29: =AC29*AB29 -> 530767
A30: 17 | B30: ='KL VCKD chung'!B31 -> 17 | C30: 0 | D30: ='KL VCKD chung'!E31 -> ញាន សាវៀត | E30: ='KL VCKD chung'!F31 -> NHEAN SAVET | F30: 31947 | G30: =#REF! -> #REF! | H30: =ROUND(F30*G30,-2) -> #REF! | J30: 0 | K30: =J30+H30 -> #REF! | O30: =ROUND(IF(K30<=1200000,0,IF(AND((K30-#REF!)>1200000,(K30-#REF!)<=2000000),(K30-#REF!)*5%-60000,IF(AND((K30-#REF!)>2000000,(K30-#REF!)<=8500000),(K30-#REF!)*10%-160000))),2) -> #REF! | Q30: ='KL VCKD chung'!Q31 -> 16.324 | R30: =ROUND(F30*Q30,0) -> 521503 | T30: =H30+R30 -> #REF! | U30: =H30+S30 -> #REF! | V30: =R30 -> 521503 | W30: =R30 -> 521503 | X30: =ROUND(IF(V30<=1500000,0,IF(AND((V30)>1500000,(V30)<=2000000),(V30)*5%-75000,IF(AND((V30)>2000000,(V30)<=8500000),(V30)*10%-175000))),0) -> 0 | Y30: =X30 -> 0 | Z30: =V30-X30 -> 521503 | AB30: 31947 | AC30: =Z30/AB30 -> 16.324005 | AD30: =AC30*AB30 -> 521503
A31: 18 | B31: ='KL VCKD chung'!B32 -> 18 | C31: 0 | D31: ='KL VCKD chung'!E32 -> យាត តារា | E31: ='KL VCKD chung'!F32 -> YEAT DARA | F31: 31947 | G31: =#REF! -> #REF! | H31: =ROUND(F31*G31,-2) -> #REF! | J31: 0 | K31: =J31+H31 -> #REF! | O31: =ROUND(IF(K31<=1200000,0,IF(AND((K31-#REF!)>1200000,(K31-#REF!)<=2000000),(K31-#REF!)*5%-60000,IF(AND((K31-#REF!)>2000000,(K31-#REF!)<=8500000),(K31-#REF!)*10%-160000))),2) -> #REF! | Q31: ='KL VCKD chung'!Q32 -> 15.893 | R31: =ROUND(F31*Q31,0) -> 507734 | T31: =H31+R31 -> #REF! | U31: =H31+S31 -> #REF! | V31: =R31 -> 507734 | W31: =R31 -> 507734 | X31: =ROUND(IF(V31<=1500000,0,IF(AND((V31)>1500000,(V31)<=2000000),(V31)*5%-75000,IF(AND((V31)>2000000,(V31)<=8500000),(V31)*10%-175000))),0) -> 0 | Y31: =X31 -> 0 | Z31: =V31-X31 -> 507734 | AB31: 31947 | AC31: =Z31/AB31 -> 15.89301 | AD31: =AC31*AB31 -> 507734
A32: 19 | B32: ='KL VCKD chung'!B33 -> 19 | C32: 0 | D32: ='KL VCKD chung'!E33 -> ឌុក ម៉ៅ | E32: ='KL VCKD chung'!F33 -> DUK MAO | F32: 31947 | G32: =#REF! -> #REF! | H32: =ROUND(F32*G32,-2) -> #REF! | J32: 0 | K32: =J32+H32 -> #REF! | O32: =ROUND(IF(K32<=1200000,0,IF(AND((K32-#REF!)>1200000,(K32-#REF!)<=2000000),(K32-#REF!)*5%-60000,IF(AND((K32-#REF!)>2000000,(K32-#REF!)<=8500000),(K32-#REF!)*10%-160000))),2) -> #REF! | Q32: ='KL VCKD chung'!Q33 -> 18.141 | R32: =ROUND(F32*Q32,0) -> 579551 | T32: =H32+R32 -> #REF! | U32: =H32+S32 -> #REF! | V32: =R32 -> 579551 | W32: =R32 -> 579551 | X32: =ROUND(IF(V32<=1500000,0,IF(AND((V32)>1500000,(V32)<=2000000),(V32)*5%-75000,IF(AND((V32)>2000000,(V32)<=8500000),(V32)*10%-175000))),0) -> 0 | Y32: =X32 -> 0 | Z32: =V32-X32 -> 579551 | AB32: 31947 | AC32: =Z32/AB32 -> 18.141015 | AD32: =AC32*AB32 -> 579551
A33: 20 | B33: ='KL VCKD chung'!B34 -> 20 | C33: 0 | D33: ='KL VCKD chung'!E34 -> នៅ គី | E33: ='KL VCKD chung'!F34 -> NOV KI | F33: 31947 | G33: =#REF! -> #REF! | H33: =ROUND(F33*G33,-2) -> #REF! | I33: 0 | J33: 0 | K33: =J33+H33 -> #REF! | O33: =ROUND(IF(K33<=1200000,0,IF(AND((K33-#REF!)>1200000,(K33-#REF!)<=2000000),(K33-#REF!)*5%-60000,IF(AND((K33-#REF!)>2000000,(K33-#REF!)<=8500000),(K33-#REF!)*10%-160000))),2) -> #REF! | P33: =IF(K33<=200000,1600,IF(AND(K33>200000,K33<=250000),1800,IF(AND(K33>250000,K33<=300000),2200,IF(AND(K33>300000,K33<=350000),2600,IF(AND(K33>350000,K33<=400000),3000,IF(AND(K33>400000,K33<=450000),3400,IF(AND(K33>450000,K33<=500000),3800,IF(AND(K33>500000,K33<=550000),4200,IF(AND(K33>550000,K33<=600000),4600,IF(AND(K33>600000,K33<=650000),5000,IF(AND(K33>650000,K33<=700000),5400,IF(AND(K33>700000,K33<=750000),5800,IF(AND(K33>750000,K33<=800000),6200,IF(AND(K33>800000,K33<=850000),6600,IF(AND(K33>850000,K33<=900000),7000,IF(AND(K33>900000,K33<=950000),7400,IF(AND(K33>950000,K33<=1000000),7800,IF(K33>1000000,8000)))))))))))))))))) -> #REF! | Q33: ='KL VCKD chung'!Q34 -> 16.344 | R33: =ROUND(F33*Q33,0) -> 522142 | T33: =H33+R33 -> #REF! | U33: =H33+S33 -> #REF! | V33: =R33 -> 522142 | W33: =R33 -> 522142 | X33: =ROUND(IF(V33<=1500000,0,IF(AND((V33)>1500000,(V33)<=2000000),(V33)*5%-75000,IF(AND((V33)>2000000,(V33)<=8500000),(V33)*10%-175000))),0) -> 0 | Y33: =X33 -> 0 | Z33: =V33-X33 -> 522142 | AB33: 31947 | AC33: =Z33/AB33 -> 16.344007 | AD33: =AC33*AB33 -> 522142
A34: 21 | B34: ='KL VCKD chung'!B35 -> 21 | C34: 0 | D34: ='KL VCKD chung'!E35 -> ឌុក ឃីម | E34: ='KL VCKD chung'!F35 -> DUK KHIM | F34: 31947 | G34: =#REF! -> #REF! | H34: =ROUND(F34*G34,-2) -> #REF! | I34: 0 | J34: 0 | K34: =J34+H34 -> #REF! | O34: =ROUND(IF(K34<=1200000,0,IF(AND((K34-#REF!)>1200000,(K34-#REF!)<=2000000),(K34-#REF!)*5%-60000,IF(AND((K34-#REF!)>2000000,(K34-#REF!)<=8500000),(K34-#REF!)*10%-160000))),2) -> #REF! | P34: =IF(K34<=200000,1600,IF(AND(K34>200000,K34<=250000),1800,IF(AND(K34>250000,K34<=300000),2200,IF(AND(K34>300000,K34<=350000),2600,IF(AND(K34>350000,K34<=400000),3000,IF(AND(K34>400000,K34<=450000),3400,IF(AND(K34>450000,K34<=500000),3800,IF(AND(K34>500000,K34<=550000),4200,IF(AND(K34>550000,K34<=600000),4600,IF(AND(K34>600000,K34<=650000),5000,IF(AND(K34>650000,K34<=700000),5400,IF(AND(K34>700000,K34<=750000),5800,IF(AND(K34>750000,K34<=800000),6200,IF(AND(K34>800000,K34<=850000),6600,IF(AND(K34>850000,K34<=900000),7000,IF(AND(K34>900000,K34<=950000),7400,IF(AND(K34>950000,K34<=1000000),7800,IF(K34>1000000,8000)))))))))))))))))) -> #REF! | Q34: ='KL VCKD chung'!Q35 -> 15.947 | R34: =ROUND(F34*Q34,0) -> 509459 | T34: =H34+R34 -> #REF! | U34: =H34+S34 -> #REF! | V34: =R34 -> 509459 | W34: =R34 -> 509459 | X34: =ROUND(IF(V34<=1500000,0,IF(AND((V34)>1500000,(V34)<=2000000),(V34)*5%-75000,IF(AND((V34)>2000000,(V34)<=8500000),(V34)*10%-175000))),0) -> 0 | Y34: =X34 -> 0 | Z34: =V34-X34 -> 509459 | AB34: 31947 | AC34: =Z34/AB34 -> 15.947006 | AD34: =AC34*AB34 -> 509459
A35: 22 | B35: ='KL VCKD chung'!B36 -> 22 | C35: 0 | D35: ='KL VCKD chung'!E36 -> ភឿក សុខ | E35: ='KL VCKD chung'!F36 -> PHOEUN SOK | F35: 31947 | G35: =#REF! -> #REF! | H35: =ROUND(F35*G35,-2) -> #REF! | K35: =J35+H35 -> #REF! | Q35: ='KL VCKD chung'!Q36 -> 15.32 | R35: =ROUND(F35*Q35,0) -> 489428 | T35: =H35+R35 -> #REF! | U35: =H35+S35 -> #REF! | V35: =R35 -> 489428 | W35: =R35 -> 489428 | X35: =ROUND(IF(V35<=1500000,0,IF(AND((V35)>1500000,(V35)<=2000000),(V35)*5%-75000,IF(AND((V35)>2000000,(V35)<=8500000),(V35)*10%-175000))),0) -> 0 | Y35: =X35 -> 0 | Z35: =V35-X35 -> 489428 | AB35: 31947 | AC35: =Z35/AB35 -> 15.319999 | AD35: =AC35*AB35 -> 489428
A36: 23 | B36: ='KL VCKD chung'!B37 -> 23 | C36: 0 | D36: ='KL VCKD chung'!E37 -> ភឿក ងយ | E36: ='KL VCKD chung'!F37 -> PHOEURK NGORY | F36: 31947 | G36: =#REF! -> #REF! | H36: =ROUND(F36*G36,-2) -> #REF! | K36: =J36+H36 -> #REF! | Q36: ='KL VCKD chung'!Q37 -> 14.734 | R36: =ROUND(F36*Q36,0) -> 470707 | T36: =H36+R36 -> #REF! | U36: =H36+S36 -> #REF! | V36: =R36 -> 470707 | W36: =R36 -> 470707 | X36: =ROUND(IF(V36<=1500000,0,IF(AND((V36)>1500000,(V36)<=2000000),(V36)*5%-75000,IF(AND((V36)>2000000,(V36)<=8500000),(V36)*10%-175000))),0) -> 0 | Y36: =X36 -> 0 | Z36: =V36-X36 -> 470707 | AB36: 31947 | AC36: =Z36/AB36 -> 14.733997 | AD36: =AC36*AB36 -> 470707
A37: 24 | B37: ='KL VCKD chung'!B38 -> 24 | C37: 0 | D37: ='KL VCKD chung'!E38 -> គង់ សេងឌី | E37: ='KL VCKD chung'!F38 -> KUNG SENGDY | F37: 31947 | G37: =#REF! -> #REF! | H37: =ROUND(F37*G37,-2) -> #REF! | K37: =J37+H37 -> #REF! | Q37: ='KL VCKD chung'!Q38 -> 13.781 | R37: =ROUND(F37*Q37,0) -> 440262 | T37: =H37+R37 -> #REF! | U37: =H37+S37 -> #REF! | V37: =R37 -> 440262 | W37: =R37 -> 440262 | X37: =ROUND(IF(V37<=1500000,0,IF(AND((V37)>1500000,(V37)<=2000000),(V37)*5%-75000,IF(AND((V37)>2000000,(V37)<=8500000),(V37)*10%-175000))),0) -> 0 | Y37: =X37 -> 0 | Z37: =V37-X37 -> 440262 | AB37: 31947 | AC37: =Z37/AB37 -> 13.781012 | AD37: =AC37*AB37 -> 440262
A38: 25 | B38: ='KL VCKD chung'!B39 -> 25 | C38: 0 | D38: ='KL VCKD chung'!E39 -> យាន់ សោម | E38: ='KL VCKD chung'!F39 -> YEANN SOAM | F38: 31947 | G38: =#REF! -> #REF! | H38: =ROUND(F38*G38,-2) -> #REF! | K38: =J38+H38 -> #REF! | Q38: ='KL VCKD chung'!Q39 -> 18.722 | R38: =ROUND(F38*Q38,0) -> 598112 | T38: =H38+R38 -> #REF! | U38: =H38+S38 -> #REF! | V38: =R38 -> 598112 | W38: =R38 -> 598112 | X38: =ROUND(IF(V38<=1500000,0,IF(AND((V38)>1500000,(V38)<=2000000),(V38)*5%-75000,IF(AND((V38)>2000000,(V38)<=8500000),(V38)*10%-175000))),0) -> 0 | Y38: =X38 -> 0 | Z38: =V38-X38 -> 598112 | AB38: 31947 | AC38: =Z38/AB38 -> 18.722008 | AD38: =AC38*AB38 -> 598112
A39: 26 | B39: ='KL VCKD chung'!B40 -> 26 | C39: 0 | D39: ='KL VCKD chung'!E40 -> ឆោម ជួ | E39: ='KL VCKD chung'!F40 -> CHAOM CHOU | F39: 31947 | G39: =#REF! -> #REF! | H39: =ROUND(F39*G39,-2) -> #REF! | K39: =J39+H39 -> #REF! | Q39: ='KL VCKD chung'!Q40 -> 18.057 | R39: =ROUND(F39*Q39,0) -> 576867 | T39: =H39+R39 -> #REF! | U39: =H39+S39 -> #REF! | V39: =R39 -> 576867 | W39: =R39 -> 576867 | X39: =ROUND(IF(V39<=1500000,0,IF(AND((V39)>1500000,(V39)<=2000000),(V39)*5%-75000,IF(AND((V39)>2000000,(V39)<=8500000),(V39)*10%-175000))),0) -> 0 | Y39: =X39 -> 0 | Z39: =V39-X39 -> 576867 | AB39: 31947 | AC39: =Z39/AB39 -> 18.057001 | AD39: =AC39*AB39 -> 576867
A40: 27 | B40: ='KL VCKD chung'!B41 -> 27 | C40: 0 | D40: ='KL VCKD chung'!E41 -> កាំង ខន | E40: ='KL VCKD chung'!F41 -> KANG KHAN | F40: 31947 | G40: =#REF! -> #REF! | H40: =ROUND(F40*G40,-2) -> #REF! | K40: =J40+H40 -> #REF! | Q40: ='KL VCKD chung'!Q41 -> 18.663 | R40: =ROUND(F40*Q40,0) -> 596227 | T40: =H40+R40 -> #REF! | U40: =H40+S40 -> #REF! | V40: =R40 -> 596227 | W40: =R40 -> 596227 | X40: =ROUND(IF(V40<=1500000,0,IF(AND((V40)>1500000,(V40)<=2000000),(V40)*5%-75000,IF(AND((V40)>2000000,(V40)<=8500000),(V40)*10%-175000))),0) -> 0 | Y40: =X40 -> 0 | Z40: =V40-X40 -> 596227 | AB40: 31947 | AC40: =Z40/AB40 -> 18.663004 | AD40: =AC40*AB40 -> 596227
A41: 28 | B41: ='KL VCKD chung'!B42 -> 28 | C41: 0 | D41: ='KL VCKD chung'!E42 -> ឃីម ញ៉ក់ | E41: ='KL VCKD chung'!F42 -> KHIM NHOK | F41: 31947 | G41: =#REF! -> #REF! | H41: =ROUND(F41*G41,-2) -> #REF! | K41: =J41+H41 -> #REF! | Q41: ='KL VCKD chung'!Q42 -> 18.15 | R41: =ROUND(F41*Q41,0) -> 579838 | T41: =H41+R41 -> #REF! | U41: =H41+S41 -> #REF! | V41: =R41 -> 579838 | W41: =R41 -> 579838 | X41: =ROUND(IF(V41<=1500000,0,IF(AND((V41)>1500000,(V41)<=2000000),(V41)*5%-75000,IF(AND((V41)>2000000,(V41)<=8500000),(V41)*10%-175000))),0) -> 0 | Y41: =X41 -> 0 | Z41: =V41-X41 -> 579838 | AB41: 31947 | AC41: =Z41/AB41 -> 18.149998 | AD41: =AC41*AB41 -> 579838
A42: 29 | B42: ='KL VCKD chung'!B43 -> 29 | C42: 0 | D42: ='KL VCKD chung'!E43 -> លឿន សុលាំ | E42: ='KL VCKD chung'!F43 -> LOEUN SOLAM | F42: 31947 | G42: =#REF! -> #REF! | H42: =ROUND(F42*G42,-2) -> #REF! | K42: =J42+H42 -> #REF! | Q42: ='KL VCKD chung'!Q43 -> 20.029 | R42: =ROUND(F42*Q42,0) -> 639866 | T42: =H42+R42 -> #REF! | U42: =H42+S42 -> #REF! | V42: =R42 -> 639866 | W42: =R42 -> 639866 | X42: =ROUND(IF(V42<=1500000,0,IF(AND((V42)>1500000,(V42)<=2000000),(V42)*5%-75000,IF(AND((V42)>2000000,(V42)<=8500000),(V42)*10%-175000))),0) -> 0 | Y42: =X42 -> 0 | Z42: =V42-X42 -> 639866 | AB42: 31947 | AC42: =Z42/AB42 -> 20.028986 | AD42: =AC42*AB42 -> 639866
A43: 30 | B43: ='KL VCKD chung'!B44 -> 30 | C43: 0 | D43: ='KL VCKD chung'!E44 -> ពៅ សុលុក | E43: ='KL VCKD chung'!F44 -> POV SOLUK | F43: 31947 | G43: =#REF! -> #REF! | H43: =ROUND(F43*G43,-2) -> #REF! | K43: =J43+H43 -> #REF! | Q43: ='KL VCKD chung'!Q44 -> 19.18 | R43: =ROUND(F43*Q43,0) -> 612743 | T43: =H43+R43 -> #REF! | U43: =H43+S43 -> #REF! | V43: =R43 -> 612743 | W43: =R43 -> 612743 | X43: =ROUND(IF(V43<=1500000,0,IF(AND((V43)>1500000,(V43)<=2000000),(V43)*5%-75000,IF(AND((V43)>2000000,(V43)<=8500000),(V43)*10%-175000))),0) -> 0 | Y43: =X43 -> 0 | Z43: =V43-X43 -> 612743 | AB43: 31947 | AC43: =Z43/AB43 -> 19.179986 | AD43: =AC43*AB43 -> 612743
A44: 31 | B44: ='KL VCKD chung'!B45 -> 31 | C44: 0 | D44: ='KL VCKD chung'!E45 -> មឿន រ៉ុង | E44: ='KL VCKD chung'!F45 -> MOEUN RONG | F44: 31947 | G44: =#REF! -> #REF! | H44: =ROUND(F44*G44,-2) -> #REF! | K44: =J44+H44 -> #REF! | Q44: ='KL VCKD chung'!Q45 -> 18.477 | R44: =ROUND(F44*Q44,0) -> 590285 | T44: =H44+R44 -> #REF! | U44: =H44+S44 -> #REF! | V44: =R44 -> 590285 | W44: =R44 -> 590285 | X44: =ROUND(IF(V44<=1500000,0,IF(AND((V44)>1500000,(V44)<=2000000),(V44)*5%-75000,IF(AND((V44)>2000000,(V44)<=8500000),(V44)*10%-175000))),0) -> 0 | Y44: =X44 -> 0 | Z44: =V44-X44 -> 590285 | AB44: 31947 | AC44: =Z44/AB44 -> 18.477009 | AD44: =AC44*AB44 -> 590285
A45: 32 | B45: ='KL VCKD chung'!B46 -> 32 | C45: 0 | D45: ='KL VCKD chung'!E46 -> សឿង ពើន | E45: ='KL VCKD chung'!F46 -> SOEUNG PAEUN | F45: 31947 | G45: =#REF! -> #REF! | H45: =ROUND(F45*G45,-2) -> #REF! | K45: =J45+H45 -> #REF! | Q45: ='KL VCKD chung'!Q46 -> 15.524 | R45: =ROUND(F45*Q45,0) -> 495945 | T45: =H45+R45 -> #REF! | U45: =H45+S45 -> #REF! | V45: =R45 -> 495945 | W45: =R45 -> 495945 | X45: =ROUND(IF(V45<=1500000,0,IF(AND((V45)>1500000,(V45)<=2000000),(V45)*5%-75000,IF(AND((V45)>2000000,(V45)<=8500000),(V45)*10%-175000))),0) -> 0 | Y45: =X45 -> 0 | Z45: =V45-X45 -> 495945 | AB45: 31947 | AC45: =Z45/AB45 -> 15.523993 | AD45: =AC45*AB45 -> 495945
A46: 33 | B46: ='KL VCKD chung'!B47 -> 33 | C46: 0 | D46: ='KL VCKD chung'!E47 -> សឿង ឃឿន | E46: ='KL VCKD chung'!F47 -> SOEUNG KHOEUN | F46: 31947 | G46: =#REF! -> #REF! | H46: =ROUND(F46*G46,-2) -> #REF! | K46: =J46+H46 -> #REF! | Q46: ='KL VCKD chung'!Q47 -> 15.952 | R46: =ROUND(F46*Q46,0) -> 509619 | T46: =H46+R46 -> #REF! | U46: =H46+S46 -> #REF! | V46: =R46 -> 509619 | W46: =R46 -> 509619 | X46: =ROUND(IF(V46<=1500000,0,IF(AND((V46)>1500000,(V46)<=2000000),(V46)*5%-75000,IF(AND((V46)>2000000,(V46)<=8500000),(V46)*10%-175000))),0) -> 0 | Y46: =X46 -> 0 | Z46: =V46-X46 -> 509619 | AB46: 31947 | AC46: =Z46/AB46 -> 15.952014 | AD46: =AC46*AB46 -> 509619
... A56: 43 | B56: ='KL VCKD chung'!B57 -> 43 | C56: 0 | D56: ='KL VCKD chung'!E57 -> អ៊ីម យ៉ែន | E56: ='KL VCKD chung'!F57 -> IM YEN | F56: 31947 | G56: =#REF! -> #REF! | H56: =ROUND(F56*G56,-2) -> #REF! | K56: =J56+H56 -> #REF! | Q56: ='KL VCKD chung'!Q57 -> 21.193 | R56: =ROUND(F56*Q56,0) -> 677053 | T56: =H56+R56 -> #REF! | U56: =H56+S56 -> #REF! | V56: =R56 -> 677053 | W56: =R56 -> 677053 | X56: =ROUND(IF(V56<=1500000,0,IF(AND((V56)>1500000,(V56)<=2000000),(V56)*5%-75000,IF(AND((V56)>2000000,(V56)<=8500000),(V56)*10%-175000))),0) -> 0 | Y56: =X56 -> 0 | Z56: =V56-X56 -> 677053 | AB56: 31947 | AC56: =Z56/AB56 -> 21.193007 | AD56: =AC56*AB56 -> 677053
A57: 44 | B57: ='KL VCKD chung'!B58 -> 44 | D57: ='KL VCKD chung'!E58 -> ពៅ ផល្លា | E57: ='KL VCKD chung'!F58 -> POV PHALLA | F57: 31947 | G57: =#REF! -> #REF! | H57: =ROUND(F57*G57,-2) -> #REF! | K57: =J57+H57 -> #REF! | Q57: ='KL VCKD chung'!Q58 -> 18.708 | R57: =ROUND(F57*Q57,0) -> 597664 | T57: =H57+R57 -> #REF! | U57: =H57+S57 -> #REF! | V57: =R57 -> 597664 | W57: =R57 -> 597664 | X57: =ROUND(IF(V57<=1500000,0,IF(AND((V57)>1500000,(V57)<=2000000),(V57)*5%-75000,IF(AND((V57)>2000000,(V57)<=8500000),(V57)*10%-175000))),0) -> 0 | Y57: =X57 -> 0 | Z57: =V57-X57 -> 597664 | AB57: 31947 | AC57: =Z57/AB57 -> 18.707985 | AD57: =AC57*AB57 -> 597664
A58: 45 | B58: ='KL VCKD chung'!B59 -> 45 | D58: ='KL VCKD chung'!E59 -> ខយ នៃ | E58: ='KL VCKD chung'!F59 -> KHAY NEY | F58: 31947 | G58: =#REF! -> #REF! | H58: =ROUND(F58*G58,-2) -> #REF! | K58: =J58+H58 -> #REF! | Q58: ='KL VCKD chung'!Q59 -> 17.302 | R58: =ROUND(F58*Q58,0) -> 552747 | T58: =H58+R58 -> #REF! | U58: =H58+S58 -> #REF! | V58: =R58 -> 552747 | W58: =R58 -> 552747 | X58: =ROUND(IF(V58<=1500000,0,IF(AND((V58)>1500000,(V58)<=2000000),(V58)*5%-75000,IF(AND((V58)>2000000,(V58)<=8500000),(V58)*10%-175000))),0) -> 0 | Y58: =X58 -> 0 | Z58: =V58-X58 -> 552747 | AB58: 31947 | AC58: =Z58/AB58 -> 17.302 | AD58: =AC58*AB58 -> 552747
A59: 46 | B59: ='KL VCKD chung'!B60 -> 46 | D59: ='KL VCKD chung'!E60 -> ជន់ ធីន | E59: ='KL VCKD chung'!F60 -> CHUN THIN | F59: 31947 | G59: =#REF! -> #REF! | H59: =ROUND(F59*G59,-2) -> #REF! | K59: =J59+H59 -> #REF! | Q59: ='KL VCKD chung'!Q60 -> 16.392 | R59: =ROUND(F59*Q59,0) -> 523675 | T59: =H59+R59 -> #REF! | U59: =H59+S59 -> #REF! | V59: =R59 -> 523675 | W59: =R59 -> 523675 | X59: =ROUND(IF(V59<=1500000,0,IF(AND((V59)>1500000,(V59)<=2000000),(V59)*5%-75000,IF(AND((V59)>2000000,(V59)<=8500000),(V59)*10%-175000))),0) -> 0 | Y59: =X59 -> 0 | Z59: =V59-X59 -> 523675 | AB59: 31947 | AC59: =Z59/AB59 -> 16.391993 | AD59: =AC59*AB59 -> 523675
A60: 47 | B60: ='KL VCKD chung'!B61 -> 47 | D60: ='KL VCKD chung'!E61 -> សឿន​ ណូយ | E60: ='KL VCKD chung'!F61 -> SOEUN NOY | F60: 31947 | G60: =#REF! -> #REF! | H60: =ROUND(F60*G60,-2) -> #REF! | K60: =J60+H60 -> #REF! | Q60: ='KL VCKD chung'!Q61 -> 16.086 | R60: =ROUND(F60*Q60,0) -> 513899 | T60: =H60+R60 -> #REF! | U60: =H60+S60 -> #REF! | V60: =R60 -> 513899 | W60: =R60 -> 513899 | X60: =ROUND(IF(V60<=1500000,0,IF(AND((V60)>1500000,(V60)<=2000000),(V60)*5%-75000,IF(AND((V60)>2000000,(V60)<=8500000),(V60)*10%-175000))),0) -> 0 | Y60: =X60 -> 0 | Z60: =V60-X60 -> 513899 | AB60: 31947 | AC60: =Z60/AB60 -> 16.085986 | AD60: =AC60*AB60 -> 513899
A61: 48 | B61: ='KL VCKD chung'!B62 -> 48 | D61: ='KL VCKD chung'!E62 -> ប៉ុង វណ្ណថន | E61: ='KL VCKD chung'!F62 -> PONG VANTHORN | F61: 31947 | G61: =#REF! -> #REF! | H61: =ROUND(F61*G61,-2) -> #REF! | K61: =J61+H61 -> #REF! | Q61: ='KL VCKD chung'!Q62 -> 16.308 | R61: =ROUND(F61*Q61,0) -> 520992 | T61: =H61+R61 -> #REF! | U61: =H61+S61 -> #REF! | V61: =R61 -> 520992 | W61: =R61 -> 520992 | X61: =ROUND(IF(V61<=1500000,0,IF(AND((V61)>1500000,(V61)<=2000000),(V61)*5%-75000,IF(AND((V61)>2000000,(V61)<=8500000),(V61)*10%-175000))),0) -> 0 | Y61: =X61 -> 0 | Z61: =V61-X61 -> 520992 | AB61: 31947 | AC61: =Z61/AB61 -> 16.30801 | AD61: =AC61*AB61 -> 520992
A62: 49 | B62: ='KL VCKD chung'!B63 -> 49 | D62: ='KL VCKD chung'!E63 -> មាស ផែង | E62: ='KL VCKD chung'!F63 -> MEAS PHEANG | F62: 31947 | G62: =#REF! -> #REF! | H62: =ROUND(F62*G62,-2) -> #REF! | K62: =J62+H62 -> #REF! | Q62: ='KL VCKD chung'!Q63 -> 16.729 | R62: =ROUND(F62*Q62,0) -> 534441 | T62: =H62+R62 -> #REF! | U62: =H62+S62 -> #REF! | V62: =R62 -> 534441 | W62: =R62 -> 534441 | X62: =ROUND(IF(V62<=1500000,0,IF(AND((V62)>1500000,(V62)<=2000000),(V62)*5%-75000,IF(AND((V62)>2000000,(V62)<=8500000),(V62)*10%-175000))),0) -> 0 | Y62: =X62 -> 0 | Z62: =V62-X62 -> 534441 | AB62: 31947 | AC62: =Z62/AB62 -> 16.728989 | AD62: =AC62*AB62 -> 534441
A63: 50 | B63: ='KL VCKD chung'!B64 -> 50 | D63: ='KL VCKD chung'!E64 -> ពូក ប៉ុង | E63: ='KL VCKD chung'!F64 -> POUK PONG | F63: 31947 | G63: =#REF! -> #REF! | H63: =ROUND(F63*G63,-2) -> #REF! | K63: =J63+H63 -> #REF! | Q63: ='KL VCKD chung'!Q64 -> 15.873 | R63: =ROUND(F63*Q63,0) -> 507095 | T63: =H63+R63 -> #REF! | U63: =H63+S63 -> #REF! | V63: =R63 -> 507095 | W63: =R63 -> 507095 | X63: =ROUND(IF(V63<=1500000,0,IF(AND((V63)>1500000,(V63)<=2000000),(V63)*5%-75000,IF(AND((V63)>2000000,(V63)<=8500000),(V63)*10%-175000))),0) -> 0 | Y63: =X63 -> 0 | Z63: =V63-X63 -> 507095 | AB63: 31947 | AC63: =Z63/AB63 -> 15.873008 | AD63: =AC63*AB63 -> 507095
A64: 51 | B64: ='KL VCKD chung'!B65 -> 51 | D64: ='KL VCKD chung'!E65 -> ងុំ សឿន | E64: ='KL VCKD chung'!F65 -> NGUM SOEUN | F64: 31947 | G64: =#REF! -> #REF! | H64: =ROUND(F64*G64,-2) -> #REF! | K64: =J64+H64 -> #REF! | Q64: ='KL VCKD chung'!Q65 -> 16.153 | R64: =ROUND(F64*Q64,0) -> 516040 | T64: =H64+R64 -> #REF! | U64: =H64+S64 -> #REF! | V64: =R64 -> 516040 | W64: =R64 -> 516040 | X64: =ROUND(IF(V64<=1500000,0,IF(AND((V64)>1500000,(V64)<=2000000),(V64)*5%-75000,IF(AND((V64)>2000000,(V64)<=8500000),(V64)*10%-175000))),0) -> 0 | Y64: =X64 -> 0 | Z64: =V64-X64 -> 516040 | AB64: 31947 | AC64: =Z64/AB64 -> 16.153003 | AD64: =AC64*AB64 -> 516040
A65: 52 | B65: ='KL VCKD chung'!B66 -> 52 | D65: ='KL VCKD chung'!E66 -> ពេជ ធឿន | E65: ='KL VCKD chung'!F66 -> PECH THOEUN | F65: 31947 | G65: =#REF! -> #REF! | H65: =ROUND(F65*G65,-2) -> #REF! | K65: =J65+H65 -> #REF! | Q65: ='KL VCKD chung'!Q66 -> 16 | R65: =ROUND(F65*Q65,0) -> 511152 | T65: =H65+R65 -> #REF! | U65: =H65+S65 -> #REF! | V65: =R65 -> 511152 | W65: =R65 -> 511152 | X65: =ROUND(IF(V65<=1500000,0,IF(AND((V65)>1500000,(V65)<=2000000),(V65)*5%-75000,IF(AND((V65)>2000000,(V65)<=8500000),(V65)*10%-175000))),0) -> 0 | Y65: =X65 -> 0 | Z65: =V65-X65 -> 511152 | AB65: 31947 | AC65: =Z65/AB65 -> 16 | AD65: =AC65*AB65 -> 511152
A66: 53 | B66: ='KL VCKD chung'!B67 -> 53 | D66: ='KL VCKD chung'!E67 -> ហាំ ហ៊ុន | E66: ='KL VCKD chung'!F67 -> HAM HUN | F66: 31947 | G66: =#REF! -> #REF! | H66: =ROUND(F66*G66,-2) -> #REF! | K66: =J66+H66 -> #REF! | Q66: ='KL VCKD chung'!Q67 -> 16.522 | R66: =ROUND(F66*Q66,0) -> 527828 | T66: =H66+R66 -> #REF! | U66: =H66+S66 -> #REF! | V66: =R66 -> 527828 | W66: =R66 -> 527828 | X66: =ROUND(IF(V66<=1500000,0,IF(AND((V66)>1500000,(V66)<=2000000),(V66)*5%-75000,IF(AND((V66)>2000000,(V66)<=8500000),(V66)*10%-175000))),0) -> 0 | Y66: =X66 -> 0 | Z66: =V66-X66 -> 527828 | AB66: 31947 | AC66: =Z66/AB66 -> 16.52199 | AD66: =AC66*AB66 -> 527828
A67: 54 | B67: ='KL VCKD chung'!B68 -> 54 | D67: ='KL VCKD chung'!E68 -> ឡាំញ់ ង៉ាត់ | E67: ='KL VCKD chung'!F68 -> LANH NGAT | F67: 31947 | G67: =#REF! -> #REF! | H67: =ROUND(F67*G67,-2) -> #REF! | K67: =J67+H67 -> #REF! | Q67: ='KL VCKD chung'!Q68 -> 19.211 | R67: =ROUND(F67*Q67,0) -> 613734 | T67: =H67+R67 -> #REF! | U67: =H67+S67 -> #REF! | V67: =R67 -> 613734 | W67: =R67 -> 613734 | X67: =ROUND(IF(V67<=1500000,0,IF(AND((V67)>1500000,(V67)<=2000000),(V67)*5%-75000,IF(AND((V67)>2000000,(V67)<=8500000),(V67)*10%-175000))),0) -> 0 | Y67: =X67 -> 0 | Z67: =V67-X67 -> 613734 | AB67: 31947 | AC67: =Z67/AB67 -> 19.211006 | AD67: =AC67*AB67 -> 613734
A68: 55 | B68: ='KL VCKD chung'!B69 -> 55 | D68: ='KL VCKD chung'!E69 -> សូត យីន | E68: ='KL VCKD chung'!F69 -> SOT YIN | F68: 31947 | G68: =#REF! -> #REF! | H68: =ROUND(F68*G68,-2) -> #REF! | K68: =J68+H68 -> #REF! | Q68: ='KL VCKD chung'!Q69 -> 17.575 | R68: =ROUND(F68*Q68,0) -> 561469 | T68: =H68+R68 -> #REF! | U68: =H68+S68 -> #REF! | V68: =R68 -> 561469 | W68: =R68 -> 561469 | X68: =ROUND(IF(V68<=1500000,0,IF(AND((V68)>1500000,(V68)<=2000000),(V68)*5%-75000,IF(AND((V68)>2000000,(V68)<=8500000),(V68)*10%-175000))),0) -> 0 | Y68: =X68 -> 0 | Z68: =V68-X68 -> 561469 | AB68: 31947 | AC68: =Z68/AB68 -> 17.575015 | AD68: =AC68*AB68 -> 561469
... A97: 84 | B97: ='KL VCKD chung'!B98 -> 84 | D97: ='KL VCKD chung'!E98 -> រើន ឡាង | E97: ='KL VCKD chung'!F98 -> ROEUN LANG | F97: 31947 | G97: =#REF! -> #REF! | H97: =ROUND(F97*G97,-2) -> #REF! | K97: =J97+H97 -> #REF! | Q97: ='KL VCKD chung'!Q98 -> 22.908 | R97: =ROUND(F97*Q97,0) -> 731842 | T97: =H97+R97 -> #REF! | U97: =H97+S97 -> #REF! | V97: =R97 -> 731842 | W97: =R97 -> 731842 | X97: =ROUND(IF(V97<=1500000,0,IF(AND((V97)>1500000,(V97)<=2000000),(V97)*5%-75000,IF(AND((V97)>2000000,(V97)<=8500000),(V97)*10%-175000))),0) -> 0 | Y97: =X97 -> 0 | Z97: =V97-X97 -> 731842 | AB97: 31947 | AC97: =Z97/AB97 -> 22.908004 | AD97: =AC97*AB97 -> 731842
A98: 85 | B98: ='KL VCKD chung'!B99 -> 85 | D98: ='KL VCKD chung'!E99 -> យ៉ាំង ចាន់ស៊ីន | E98: ='KL VCKD chung'!F99 -> YANG CHANSIN | F98: 31947 | G98: =#REF! -> #REF! | H98: =ROUND(F98*G98,-2) -> #REF! | Q98: ='KL VCKD chung'!Q99 -> 23.57 | R98: =ROUND(F98*Q98,0) -> 752991 | T98: =H98+R98 -> #REF! | U98: =H98+S98 -> #REF! | V98: =R98 -> 752991 | W98: =R98 -> 752991 | X98: =ROUND(IF(V98<=1500000,0,IF(AND((V98)>1500000,(V98)<=2000000),(V98)*5%-75000,IF(AND((V98)>2000000,(V98)<=8500000),(V98)*10%-175000))),0) -> 0 | Y98: =X98 -> 0 | Z98: =V98-X98 -> 752991 | AB98: 31947 | AC98: =Z98/AB98 -> 23.570007 | AD98: =AC98*AB98 -> 752991
A99: 86 | B99: ='KL VCKD chung'!B100 -> 86 | D99: ='KL VCKD chung'!E100 -> អួល រាំ | E99: ='KL VCKD chung'!F100 -> UOL RAM | F99: 31947 | G99: =#REF! -> #REF! | H99: =ROUND(F99*G99,-2) -> #REF! | Q99: ='KL VCKD chung'!Q100 -> 19.957 | R99: =ROUND(F99*Q99,0) -> 637566 | T99: =H99+R99 -> #REF! | U99: =H99+S99 -> #REF! | V99: =R99 -> 637566 | W99: =R99 -> 637566 | X99: =ROUND(IF(V99<=1500000,0,IF(AND((V99)>1500000,(V99)<=2000000),(V99)*5%-75000,IF(AND((V99)>2000000,(V99)<=8500000),(V99)*10%-175000))),0) -> 0 | Y99: =X99 -> 0 | Z99: =V99-X99 -> 637566 | AB99: 31947 | AC99: =Z99/AB99 -> 19.956991 | AD99: =AC99*AB99 -> 637566
A100: 87 | B100: ='KL VCKD chung'!B101 -> 87 | D100: ='KL VCKD chung'!E101 -> សូ គង់ | E100: ='KL VCKD chung'!F101 -> SOR KONG | F100: 31947 | G100: =#REF! -> #REF! | H100: =ROUND(F100*G100,-2) -> #REF! | Q100: ='KL VCKD chung'!Q101 -> 18.21 | R100: =ROUND(F100*Q100,0) -> 581755 | T100: =H100+R100 -> #REF! | U100: =H100+S100 -> #REF! | V100: =R100 -> 581755 | W100: =R100 -> 581755 | X100: =ROUND(IF(V100<=1500000,0,IF(AND((V100)>1500000,(V100)<=2000000),(V100)*5%-75000,IF(AND((V100)>2000000,(V100)<=8500000),(V100)*10%-175000))),0) -> 0 | Y100: =X100 -> 0 | Z100: =V100-X100 -> 581755 | AB100: 31947 | AC100: =Z100/AB100 -> 18.210004 | AD100: =AC100*AB100 -> 581755
A101: 88 | B101: ='KL VCKD chung'!B102 -> 88 | D101: ='KL VCKD chung'!E102 -> ពឿន តុប | E101: ='KL VCKD chung'!F102 -> POEUN TOB | F101: 31947 | G101: =#REF! -> #REF! | H101: =ROUND(F101*G101,-2) -> #REF! | Q101: ='KL VCKD chung'!Q102 -> 22.141 | R101: =ROUND(F101*Q101,0) -> 707339 | T101: =H101+R101 -> #REF! | U101: =H101+S101 -> #REF! | V101: =R101 -> 707339 | W101: =R101 -> 707339 | X101: =ROUND(IF(V101<=1500000,0,IF(AND((V101)>1500000,(V101)<=2000000),(V101)*5%-75000,IF(AND((V101)>2000000,(V101)<=8500000),(V101)*10%-175000))),0) -> 0 | Y101: =X101 -> 0 | Z101: =V101-X101 -> 707339 | AB101: 31947 | AC101: =Z101/AB101 -> 22.141015 | AD101: =AC101*AB101 -> 707339
A102: 89 | B102: ='KL VCKD chung'!B103 -> 89 | D102: ='KL VCKD chung'!E103 -> កេះ ឆេងង៉ាន | E102: ='KL VCKD chung'!F103 -> KES CHHENGNGAN | F102: 31947 | G102: =#REF! -> #REF! | H102: =ROUND(F102*G102,-2) -> #REF! | Q102: ='KL VCKD chung'!Q103 -> 19.478 | R102: =ROUND(F102*Q102,0) -> 622264 | T102: =H102+R102 -> #REF! | U102: =H102+S102 -> #REF! | V102: =R102 -> 622264 | W102: =R102 -> 622264 | X102: =ROUND(IF(V102<=1500000,0,IF(AND((V102)>1500000,(V102)<=2000000),(V102)*5%-75000,IF(AND((V102)>2000000,(V102)<=8500000),(V102)*10%-175000))),0) -> 0 | Y102: =X102 -> 0 | Z102: =V102-X102 -> 622264 | AB102: 31947 | AC102: =Z102/AB102 -> 19.47801 | AD102: =AC102*AB102 -> 622264
A103: 90 | B103: ='KL VCKD chung'!B104 -> 90 | D103: ='KL VCKD chung'!E104 -> សន សុង | E103: ='KL VCKD chung'!F104 -> SORN SONG | F103: 31947 | G103: =#REF! -> #REF! | H103: =ROUND(F103*G103,-2) -> #REF! | Q103: ='KL VCKD chung'!Q104 -> 14.988 | R103: =ROUND(F103*Q103,0) -> 478822 | T103: =H103+R103 -> #REF! | U103: =H103+S103 -> #REF! | V103: =R103 -> 478822 | W103: =R103 -> 478822 | X103: =ROUND(IF(V103<=1500000,0,IF(AND((V103)>1500000,(V103)<=2000000),(V103)*5%-75000,IF(AND((V103)>2000000,(V103)<=8500000),(V103)*10%-175000))),0) -> 0 | Y103: =X103 -> 0 | Z103: =V103-X103 -> 478822 | AB103: 31947 | AC103: =Z103/AB103 -> 14.988011 | AD103: =AC103*AB103 -> 478822
A104: 91 | B104: ='KL VCKD chung'!B105 -> 91 | D104: ='KL VCKD chung'!E105 -> សន សា | E104: ='KL VCKD chung'!F105 -> SORN SA | F104: 31947 | G104: =#REF! -> #REF! | H104: =ROUND(F104*G104,-2) -> #REF! | Q104: ='KL VCKD chung'!Q105 -> 14.819 | R104: =ROUND(F104*Q104,0) -> 473423 | T104: =H104+R104 -> #REF! | U104: =H104+S104 -> #REF! | V104: =R104 -> 473423 | W104: =R104 -> 473423 | X104: =ROUND(IF(V104<=1500000,0,IF(AND((V104)>1500000,(V104)<=2000000),(V104)*5%-75000,IF(AND((V104)>2000000,(V104)<=8500000),(V104)*10%-175000))),0) -> 0 | Y104: =X104 -> 0 | Z104: =V104-X104 -> 473423 | AB104: 31947 | AC104: =Z104/AB104 -> 14.819013 | AD104: =AC104*AB104 -> 473423
A105: 92 | B105: ='KL VCKD chung'!B106 -> 92 | D105: ='KL VCKD chung'!E106 -> សន ចន្ធី | E105: ='KL VCKD chung'!F106 -> SORN CHANTHY | F105: 31947 | G105: =#REF! -> #REF! | H105: =ROUND(F105*G105,-2) -> #REF! | Q105: ='KL VCKD chung'!Q106 -> 15.922 | R105: =ROUND(F105*Q105,0) -> 508660 | T105: =H105+R105 -> #REF! | U105: =H105+S105 -> #REF! | V105: =R105 -> 508660 | W105: =R105 -> 508660 | X105: =ROUND(IF(V105<=1500000,0,IF(AND((V105)>1500000,(V105)<=2000000),(V105)*5%-75000,IF(AND((V105)>2000000,(V105)<=8500000),(V105)*10%-175000))),0) -> 0 | Y105: =X105 -> 0 | Z105: =V105-X105 -> 508660 | AB105: 31947 | AC105: =Z105/AB105 -> 15.921996 | AD105: =AC105*AB105 -> 508660
A106: 93 | B106: ='KL VCKD chung'!B107 -> 93 | D106: ='KL VCKD chung'!E107 -> ដន មិនា | E106: ='KL VCKD chung'!F107 -> DORN MINEA | F106: 31947 | G106: =#REF! -> #REF! | H106: =ROUND(F106*G106,-2) -> #REF! | Q106: ='KL VCKD chung'!Q107 -> 16.185 | R106: =ROUND(F106*Q106,0) -> 517062 | T106: =H106+R106 -> #REF! | U106: =H106+S106 -> #REF! | V106: =R106 -> 517062 | W106: =R106 -> 517062 | X106: =ROUND(IF(V106<=1500000,0,IF(AND((V106)>1500000,(V106)<=2000000),(V106)*5%-75000,IF(AND((V106)>2000000,(V106)<=8500000),(V106)*10%-175000))),0) -> 0 | Y106: =X106 -> 0 | Z106: =V106-X106 -> 517062 | AB106: 31947 | AC106: =Z106/AB106 -> 16.184994 | AD106: =AC106*AB106 -> 517062
A107: 94 | B107: ='KL VCKD chung'!B108 -> 94 | D107: ='KL VCKD chung'!E108 -> អែល សឿ | E107: ='KL VCKD chung'!F108 -> AL SOEU | F107: 31947 | G107: =#REF! -> #REF! | H107: =ROUND(F107*G107,-2) -> #REF! | Q107: ='KL VCKD chung'!Q108 -> 14.769 | R107: =ROUND(F107*Q107,0) -> 471825 | T107: =H107+R107 -> #REF! | U107: =H107+S107 -> #REF! | V107: =R107 -> 471825 | W107: =R107 -> 471825 | X107: =ROUND(IF(V107<=1500000,0,IF(AND((V107)>1500000,(V107)<=2000000),(V107)*5%-75000,IF(AND((V107)>2000000,(V107)<=8500000),(V107)*10%-175000))),0) -> 0 | Y107: =X107 -> 0 | Z107: =V107-X107 -> 471825 | AB107: 31947 | AC107: =Z107/AB107 -> 14.768992 | AD107: =AC107*AB107 -> 471825
A108: 95 | B108: ='KL VCKD chung'!B109 -> 95 | D108: ='KL VCKD chung'!E109 -> អែល សែល | E108: ='KL VCKD chung'!F109 -> EL SEL | F108: 31947 | G108: =#REF! -> #REF! | H108: =ROUND(F108*G108,-2) -> #REF! | Q108: ='KL VCKD chung'!Q109 -> 14.788 | R108: =ROUND(F108*Q108,0) -> 472432 | T108: =H108+R108 -> #REF! | U108: =H108+S108 -> #REF! | V108: =R108 -> 472432 | W108: =R108 -> 472432 | X108: =ROUND(IF(V108<=1500000,0,IF(AND((V108)>1500000,(V108)<=2000000),(V108)*5%-75000,IF(AND((V108)>2000000,(V108)<=8500000),(V108)*10%-175000))),0) -> 0 | Y108: =X108 -> 0 | Z108: =V108-X108 -> 472432 | AB108: 31947 | AC108: =Z108/AB108 -> 14.787993 | AD108: =AC108*AB108 -> 472432
A109: 96 | B109: ='KL VCKD chung'!B110 -> 96 | D109: ='KL VCKD chung'!E110 -> វី រិដ្ធា | E109: ='KL VCKD chung'!F110 -> VY RITHA | F109: 31947 | G109: =#REF! -> #REF! | H109: =ROUND(F109*G109,-2) -> #REF! | Q109: ='KL VCKD chung'!Q110 -> 15.389 | R109: =ROUND(F109*Q109,0) -> 491632 | T109: =H109+R109 -> #REF! | U109: =H109+S109 -> #REF! | V109: =R109 -> 491632 | W109: =R109 -> 491632 | X109: =ROUND(IF(V109<=1500000,0,IF(AND((V109)>1500000,(V109)<=2000000),(V109)*5%-75000,IF(AND((V109)>2000000,(V109)<=8500000),(V109)*10%-175000))),0) -> 0 | Y109: =X109 -> 0 | Z109: =V109-X109 -> 491632 | AB109: 31947 | AC109: =Z109/AB109 -> 15.388988 | AD109: =AC109*AB109 -> 491632
... A139: 126 | B139: ='KL VCKD chung'!B140 -> 126 | D139: ='KL VCKD chung'!E140 -> លួន ផាត | E139: ='KL VCKD chung'!F140 -> LUON PHAT | F139: 31947 | G139: =#REF! -> #REF! | H139: =ROUND(F139*G139,-2) -> #REF! | Q139: ='KL VCKD chung'!Q140 -> 14.05 | R139: =ROUND(F139*Q139,0) -> 448855 | T139: =H139+R139 -> #REF! | U139: =H139+S139 -> #REF! | V139: =R139 -> 448855 | W139: =R139 -> 448855 | X139: =ROUND(IF(V139<=1500000,0,IF(AND((V139)>1500000,(V139)<=2000000),(V139)*5%-75000,IF(AND((V139)>2000000,(V139)<=8500000),(V139)*10%-175000))),0) -> 0 | Y139: =X139 -> 0 | Z139: =V139-X139 -> 448855 | AB139: 31947 | AC139: =Z139/AB139 -> 14.049989 | AD139: =AC139*AB139 -> 448855
A140: 127 | B140: ='KL VCKD chung'!B141 -> 127 | D140: ='KL VCKD chung'!E141 -> ធត ថី | E140: ='KL VCKD chung'!F141 -> THORT THEY | F140: 31947 | Q140: ='KL VCKD chung'!Q141 -> 15.076 | R140: =ROUND(F140*Q140,0) -> 481633 | V140: =R140 -> 481633 | X140: =ROUND(IF(V140<=1500000,0,IF(AND((V140)>1500000,(V140)<=2000000),(V140)*5%-75000,IF(AND((V140)>2000000,(V140)<=8500000),(V140)*10%-175000))),0) -> 0 | Y140: =X140 -> 0 | Z140: =V140-X140 -> 481633 | AB140: 31947 | AC140: =Z140/AB140 -> 15.076001 | AD140: =AC140*AB140 -> 481633
A141: 128 | B141: ='KL VCKD chung'!B142 -> 128 | D141: ='KL VCKD chung'!E142 -> គន យាំ | E141: ='KL VCKD chung'!F142 -> KON YAM | F141: 31947 | Q141: ='KL VCKD chung'!Q142 -> 16.793 | R141: =ROUND(F141*Q141,0) -> 536486 | V141: =R141 -> 536486 | X141: =ROUND(IF(V141<=1500000,0,IF(AND((V141)>1500000,(V141)<=2000000),(V141)*5%-75000,IF(AND((V141)>2000000,(V141)<=8500000),(V141)*10%-175000))),0) -> 0 | Y141: =X141 -> 0 | Z141: =V141-X141 -> 536486 | AB141: 31947 | AC141: =Z141/AB141 -> 16.793001 | AD141: =AC141*AB141 -> 536486
A142: 129 | B142: ='KL VCKD chung'!B143 -> 129 | D142: ='KL VCKD chung'!E143 -> អ៊ាត គាក | E142: ='KL VCKD chung'!F143 -> EAT KEAK | F142: 31947 | G142: =#REF! -> #REF! | H142: =ROUND(F142*G142,-2) -> #REF! | Q142: ='KL VCKD chung'!Q143 -> 14.52 | R142: =ROUND(F142*Q142,0) -> 463870 | T142: =H142+R142 -> #REF! | U142: =H142+S142 -> #REF! | V142: =R142 -> 463870 | W142: =R142 -> 463870 | X142: =ROUND(IF(V142<=1500000,0,IF(AND((V142)>1500000,(V142)<=2000000),(V142)*5%-75000,IF(AND((V142)>2000000,(V142)<=8500000),(V142)*10%-175000))),0) -> 0 | Y142: =X142 -> 0 | Z142: =V142-X142 -> 463870 | AB142: 31947 | AC142: =Z142/AB142 -> 14.519986 | AD142: =AC142*AB142 -> 463870
A143: 130 | B143: ='KL VCKD chung'!B144 -> 130 | D143: ='KL VCKD chung'!E144 -> លឿន បូរី | E143: ='KL VCKD chung'!F144 -> LOEUN BOREY | F143: 31947 | G143: =#REF! -> #REF! | H143: =ROUND(F143*G143,-2) -> #REF! | Q143: ='KL VCKD chung'!Q144 -> 13.774 | R143: =ROUND(F143*Q143,0) -> 440038 | T143: =H143+R143 -> #REF! | U143: =H143+S143 -> #REF! | V143: =R143 -> 440038 | W143: =R143 -> 440038 | X143: =ROUND(IF(V143<=1500000,0,IF(AND((V143)>1500000,(V143)<=2000000),(V143)*5%-75000,IF(AND((V143)>2000000,(V143)<=8500000),(V143)*10%-175000))),0) -> 0 | Y143: =X143 -> 0 | Z143: =V143-X143 -> 440038 | AB143: 31947 | AC143: =Z143/AB143 -> 13.774001 | AD143: =AC143*AB143 -> 440038
A144: 131 | B144: ='KL VCKD chung'!B145 -> 131 | D144: ='KL VCKD chung'!E145 -> វន ប៊ត | E144: ='KL VCKD chung'!F145 -> VORN BORT | F144: 31947 | G144: =#REF! -> #REF! | H144: =ROUND(F144*G144,-2) -> #REF! | Q144: ='KL VCKD chung'!Q145 -> 18.278 | R144: =ROUND(F144*Q144,0) -> 583927 | T144: =H144+R144 -> #REF! | U144: =H144+S144 -> #REF! | V144: =R144 -> 583927 | W144: =R144 -> 583927 | X144: =ROUND(IF(V144<=1500000,0,IF(AND((V144)>1500000,(V144)<=2000000),(V144)*5%-75000,IF(AND((V144)>2000000,(V144)<=8500000),(V144)*10%-175000))),0) -> 0 | Y144: =X144 -> 0 | Z144: =V144-X144 -> 583927 | AB144: 31947 | AC144: =Z144/AB144 -> 18.277992 | AD144: =AC144*AB144 -> 583927
A145: 132 | B145: ='KL VCKD chung'!B146 -> 132 | D145: ='KL VCKD chung'!E146 -> អ៊ិត ដាំ | E145: ='KL VCKD chung'!F146 -> IT DAM | F145: 31947 | G145: =#REF! -> #REF! | H145: =ROUND(F145*G145,-2) -> #REF! | Q145: ='KL VCKD chung'!Q146 -> 18.666 | R145: =ROUND(F145*Q145,0) -> 596323 | T145: =H145+R145 -> #REF! | U145: =H145+S145 -> #REF! | V145: =R145 -> 596323 | W145: =R145 -> 596323 | X145: =ROUND(IF(V145<=1500000,0,IF(AND((V145)>1500000,(V145)<=2000000),(V145)*5%-75000,IF(AND((V145)>2000000,(V145)<=8500000),(V145)*10%-175000))),0) -> 0 | Y145: =X145 -> 0 | Z145: =V145-X145 -> 596323 | AB145: 31947 | AC145: =Z145/AB145 -> 18.666009 | AD145: =AC145*AB145 -> 596323
A146: 133 | B146: ='KL VCKD chung'!B147 -> 133 | D146: ='KL VCKD chung'!E147 -> កូយ កាំង | E146: ='KL VCKD chung'!F147 -> KOY KANG | F146: 31947 | G146: =#REF! -> #REF! | H146: =ROUND(F146*G146,-2) -> #REF! | Q146: ='KL VCKD chung'!Q147 -> 16.561 | R146: =ROUND(F146*Q146,0) -> 529074 | T146: =H146+R146 -> #REF! | U146: =H146+S146 -> #REF! | V146: =R146 -> 529074 | W146: =R146 -> 529074 | X146: =ROUND(IF(V146<=1500000,0,IF(AND((V146)>1500000,(V146)<=2000000),(V146)*5%-75000,IF(AND((V146)>2000000,(V146)<=8500000),(V146)*10%-175000))),0) -> 0 | Y146: =X146 -> 0 | Z146: =V146-X146 -> 529074 | AB146: 31947 | AC146: =Z146/AB146 -> 16.560992 | AD146: =AC146*AB146 -> 529074
A147: 134 | B147: ='KL VCKD chung'!B148 -> 134 | D147: ='KL VCKD chung'!E148 -> កូយ សូត | E147: ='KL VCKD chung'!F148 -> KOY SOT | F147: 31947 | G147: =#REF! -> #REF! | H147: =ROUND(F147*G147,-2) -> #REF! | Q147: ='KL VCKD chung'!Q148 -> 17.845 | R147: =ROUND(F147*Q147,0) -> 570094 | T147: =H147+R147 -> #REF! | U147: =H147+S147 -> #REF! | V147: =R147 -> 570094 | W147: =R147 -> 570094 | X147: =ROUND(IF(V147<=1500000,0,IF(AND((V147)>1500000,(V147)<=2000000),(V147)*5%-75000,IF(AND((V147)>2000000,(V147)<=8500000),(V147)*10%-175000))),0) -> 0 | Y147: =X147 -> 0 | Z147: =V147-X147 -> 570094 | AB147: 31947 | AC147: =Z147/AB147 -> 17.844993 | AD147: =AC147*AB147 -> 570094
A148: 135 | B148: ='KL VCKD chung'!B149 -> 135 | D148: ='KL VCKD chung'!E149 -> ប៉េ ហៀងហៃ | E148: ='KL VCKD chung'!F149 -> PE SEANGHAI | F148: 31947 | G148: =#REF! -> #REF! | H148: =ROUND(F148*G148,-2) -> #REF! | Q148: ='KL VCKD chung'!Q149 -> 18.008 | R148: =ROUND(F148*Q148,0) -> 575302 | V148: =R148 -> 575302 | W148: =R148 -> 575302 | X148: =ROUND(IF(V148<=1500000,0,IF(AND((V148)>1500000,(V148)<=2000000),(V148)*5%-75000,IF(AND((V148)>2000000,(V148)<=8500000),(V148)*10%-175000))),0) -> 0 | Y148: =X148 -> 0 | Z148: =V148-X148 -> 575302 | AB148: 31947 | AC148: =Z148/AB148 -> 18.008013 | AD148: =AC148*AB148 -> 575302
A149: 136 | B149: ='KL VCKD chung'!B150 -> 136 | D149: ='KL VCKD chung'!E150 -> ផាត ភាព | E149: ='KL VCKD chung'!F150 -> PHAT PHEAP | F149: 31947 | G149: =#REF! -> #REF! | H149: =ROUND(F149*G149,-2) -> #REF! | Q149: ='KL VCKD chung'!Q150 -> 13.411 | R149: =ROUND(F149*Q149,0) -> 428441 | V149: =R149 -> 428441 | W149: =R149 -> 428441 | X149: =ROUND(IF(V149<=1500000,0,IF(AND((V149)>1500000,(V149)<=2000000),(V149)*5%-75000,IF(AND((V149)>2000000,(V149)<=8500000),(V149)*10%-175000))),0) -> 0 | Y149: =X149 -> 0 | Z149: =V149-X149 -> 428441 | AB149: 31947 | AC149: =Z149/AB149 -> 13.410993 | AD149: =AC149*AB149 -> 428441
A150: 137 | B150: ='KL VCKD chung'!B151 -> 137 | D150: ='KL VCKD chung'!E151 -> ហុក ហ៊ាប | E150: ='KL VCKD chung'!F151 -> HOK HEAB | F150: 31947 | G150: =#REF! -> #REF! | H150: =ROUND(F150*G150,-2) -> #REF! | Q150: ='KL VCKD chung'!Q151 -> 20.76 | R150: =ROUND(F150*Q150,0) -> 663220 | V150: =R150 -> 663220 | W150: =R150 -> 663220 | X150: =ROUND(IF(V150<=1500000,0,IF(AND((V150)>1500000,(V150)<=2000000),(V150)*5%-75000,IF(AND((V150)>2000000,(V150)<=8500000),(V150)*10%-175000))),0) -> 0 | Y150: =X150 -> 0 | Z150: =V150-X150 -> 663220 | AB150: 31947 | AC150: =Z150/AB150 -> 20.760009 | AD150: =AC150*AB150 -> 663220
A151: 138 | B151: ='KL VCKD chung'!B152 -> 138 | D151: ='KL VCKD chung'!E152 -> អួត កូលីកា | E151: ='KL VCKD chung'!F152 -> UOT KOLYKA | F151: 31947 | G151: =#REF! -> #REF! | H151: =ROUND(F151*G151,-2) -> #REF! | Q151: ='KL VCKD chung'!Q152 -> 20.641 | R151: =ROUND(F151*Q151,0) -> 659418 | V151: =R151 -> 659418 | X151: =ROUND(IF(V151<=1500000,0,IF(AND((V151)>1500000,(V151)<=2000000),(V151)*5%-75000,IF(AND((V151)>2000000,(V151)<=8500000),(V151)*10%-175000))),0) -> 0 | Y151: =X151 -> 0 | Z151: =V151-X151 -> 659418 | AB151: 31947 | AC151: =Z151/AB151 -> 20.640999 | AD151: =AC151*AB151 -> 659418
A152: 139 | B152: ='KL VCKD chung'!B153 -> 139 | D152: ='KL VCKD chung'!E153 -> ស៊ុំ ជឹ | E152: ='KL VCKD chung'!F153 -> SUM CHEU | F152: 31947 | G152: =#REF! -> #REF! | H152: =ROUND(F152*G152,-2) -> #REF! | Q152: ='KL VCKD chung'!Q153 -> 17.463 | R152: =ROUND(F152*Q152,0) -> 557890 | V152: =R152 -> 557890 | X152: =ROUND(IF(V152<=1500000,0,IF(AND((V152)>1500000,(V152)<=2000000),(V152)*5%-75000,IF(AND((V152)>2000000,(V152)<=8500000),(V152)*10%-175000))),0) -> 0 | Y152: =X152 -> 0 | Z152: =V152-X152 -> 557890 | AB152: 31947 | AC152: =Z152/AB152 -> 17.462986 | AD152: =AC152*AB152 -> 557890
A153: 140 | B153: ='KL VCKD chung'!B154 -> 140 | D153: ='KL VCKD chung'!E154 -> ផល់ ភា | E153: ='KL VCKD chung'!F154 -> PHALL PHEA | F153: 31947 | G153: =#REF! -> #REF! | H153: =ROUND(F153*G153,-2) -> #REF! | Q153: ='KL VCKD chung'!Q154 -> 16.642 | R153: =ROUND(F153*Q153,0) -> 531662 | V153: =R153 -> 531662 | X153: =ROUND(IF(V153<=1500000,0,IF(AND((V153)>1500000,(V153)<=2000000),(V153)*5%-75000,IF(AND((V153)>2000000,(V153)<=8500000),(V153)*10%-175000))),0) -> 0 | Y153: =X153 -> 0 | Z153: =V153-X153 -> 531662 | AB153: 31947 | AC153: =Z153/AB153 -> 16.642001 | AD153: =AC153*AB153 -> 531662
A154: 141 | B154: ='KL VCKD chung'!B155 -> 141 | D154: ='KL VCKD chung'!E155 -> ហៃ សុគុណ | E154: ='KL VCKD chung'!F155 -> HAI SOKUN | F154: 31947 | G154: =#REF! -> #REF! | H154: =ROUND(F154*G154,-2) -> #REF! | Q154: ='KL VCKD chung'!Q155 -> 16.273 | R154: =ROUND(F154*Q154,0) -> 519874 | V154: =R154 -> 519874 | X154: =ROUND(IF(V154<=1500000,0,IF(AND((V154)>1500000,(V154)<=2000000),(V154)*5%-75000,IF(AND((V154)>2000000,(V154)<=8500000),(V154)*10%-175000))),0) -> 0 | Y154: =X154 -> 0 | Z154: =V154-X154 -> 519874 | AB154: 31947 | AC154: =Z154/AB154 -> 16.273015 | AD154: =AC154*AB154 -> 519874
A155: 142 | B155: ='KL VCKD chung'!B156 -> 142 | D155: ='KL VCKD chung'!E156 -> ឡាញ់ លឿន | E155: ='KL VCKD chung'!F156 -> LANH LOEUN | F155: 31947 | G155: =#REF! -> #REF! | H155: =ROUND(F155*G155,-2) -> #REF! | Q155: ='KL VCKD chung'!Q156 -> 16.467 | R155: =ROUND(F155*Q155,0) -> 526071 | V155: =R155 -> 526071 | W155: =R155 -> 526071 | X155: =ROUND(IF(V155<=1500000,0,IF(AND((V155)>1500000,(V155)<=2000000),(V155)*5%-75000,IF(AND((V155)>2000000,(V155)<=8500000),(V155)*10%-175000))),0) -> 0 | Y155: =X155 -> 0 | Z155: =V155-X155 -> 526071 | AB155: 31947 | AC155: =Z155/AB155 -> 16.466992 | AD155: =AC155*AB155 -> 526071
A156: 143 | B156: ='KL VCKD chung'!B157 -> 143 | D156: ='KL VCKD chung'!E157 -> អួន សុលាង | E156: ='KL VCKD chung'!F157 -> OUN SOLEAN | F156: 31947 | G156: =#REF! -> #REF! | H156: =ROUND(F156*G156,-2) -> #REF! | Q156: ='KL VCKD chung'!Q157 -> 17.658 | R156: =ROUND(F156*Q156,0) -> 564120 | V156: =R156 -> 564120 | W156: =R156 -> 564120 | X156: =ROUND(IF(V156<=1500000,0,IF(AND((V156)>1500000,(V156)<=2000000),(V156)*5%-75000,IF(AND((V156)>2000000,(V156)<=8500000),(V156)*10%-175000))),0) -> 0 | Y156: =X156 -> 0 | Z156: =V156-X156 -> 564120 | AB156: 31947 | AC156: =Z156/AB156 -> 17.657996 | AD156: =AC156*AB156 -> 564120
A157: 144 | B157: ='KL VCKD chung'!B158 -> 144 | D157: ='KL VCKD chung'!E158 -> សេដ្ឋា ស្រីនិច | E157: ='KL VCKD chung'!F158 -> SETHA SREYNICH | F157: 31947 | G157: =#REF! -> #REF! | H157: =ROUND(F157*G157,-2) -> #REF! | Q157: ='KL VCKD chung'!Q158 -> 18.19 | R157: =ROUND(F157*Q157,0) -> 581116 | V157: =R157 -> 581116 | W157: =R157 -> 581116 | X157: =ROUND(IF(V157<=1500000,0,IF(AND((V157)>1500000,(V157)<=2000000),(V157)*5%-75000,IF(AND((V157)>2000000,(V157)<=8500000),(V157)*10%-175000))),0) -> 0 | Y157: =X157 -> 0 | Z157: =V157-X157 -> 581116 | AB157: 31947 | AC157: =Z157/AB157 -> 18.190002 | AD157: =AC157*AB157 -> 581116
A158: 145 | B158: ='KL VCKD chung'!B159 -> 145 | D158: ='KL VCKD chung'!E159 -> កុយ ​សុំ | E158: ='KL VCKD chung'!F159 -> KOY SOM | F158: 31947 | G158: =#REF! -> #REF! | H158: =ROUND(F158*G158,-2) -> #REF! | Q158: ='KL VCKD chung'!Q159 -> 17.57 | R158: =ROUND(F158*Q158,0) -> 561309 | V158: =R158 -> 561309 | W158: =R158 -> 561309 | X158: =ROUND(IF(V158<=1500000,0,IF(AND((V158)>1500000,(V158)<=2000000),(V158)*5%-75000,IF(AND((V158)>2000000,(V158)<=8500000),(V158)*10%-175000))),0) -> 0 | Y158: =X158 -> 0 | Z158: =V158-X158 -> 561309 | AB158: 31947 | AC158: =Z158/AB158 -> 17.570007 | AD158: =AC158*AB158 -> 561309
A159: 146 | B159: ='KL VCKD chung'!B160 -> 146 | D159: ='KL VCKD chung'!E160 -> ខុន សុខា | E159: ='KL VCKD chung'!F160 -> KHON SOKHA | F159: 31947 | G159: =#REF! -> #REF! | H159: =ROUND(F159*G159,-2) -> #REF! | Q159: ='KL VCKD chung'!Q160 -> 18.247 | R159: =ROUND(F159*Q159,0) -> 582937 | V159: =R159 -> 582937 | W159: =R159 -> 582937 | X159: =ROUND(IF(V159<=1500000,0,IF(AND((V159)>1500000,(V159)<=2000000),(V159)*5%-75000,IF(AND((V159)>2000000,(V159)<=8500000),(V159)*10%-175000))),0) -> 0 | Y159: =X159 -> 0 | Z159: =V159-X159 -> 582937 | AB159: 31947 | AC159: =Z159/AB159 -> 18.247003 | AD159: =AC159*AB159 -> 582937
A160: 147 | B160: ='KL VCKD chung'!B161 -> 147 | D160: ='KL VCKD chung'!E161 -> វង សុខុន | E160: ='KL VCKD chung'!F161 -> VONG SOKHON | F160: 31947 | G160: =#REF! -> #REF! | H160: =ROUND(F160*G160,-2) -> #REF! | Q160: ='KL VCKD chung'!Q161 -> 16.649 | R160: =ROUND(F160*Q160,0) -> 531886 | V160: =R160 -> 531886 | W160: =R160 -> 531886 | X160: =ROUND(IF(V160<=1500000,0,IF(AND((V160)>1500000,(V160)<=2000000),(V160)*5%-75000,IF(AND((V160)>2000000,(V160)<=8500000),(V160)*10%-175000))),0) -> 0 | Y160: =X160 -> 0 | Z160: =V160-X160 -> 531886 | AB160: 31947 | AC160: =Z160/AB160 -> 16.649012 | AD160: =AC160*AB160 -> 531886
A161: 148 | B161: ='KL VCKD chung'!B162 -> 148 | D161: ='KL VCKD chung'!E162 -> ឡាញ់ ប៉ូ | E161: ='KL VCKD chung'!F162 -> LANH PO | F161: 31947 | G161: =#REF! -> #REF! | H161: =ROUND(F161*G161,-2) -> #REF! | Q161: ='KL VCKD chung'!Q162 -> 17.031 | R161: =ROUND(F161*Q161,0) -> 544089 | V161: =R161 -> 544089 | W161: =R161 -> 544089 | X161: =ROUND(IF(V161<=1500000,0,IF(AND((V161)>1500000,(V161)<=2000000),(V161)*5%-75000,IF(AND((V161)>2000000,(V161)<=8500000),(V161)*10%-175000))),0) -> 0 | Y161: =X161 -> 0 | Z161: =V161-X161 -> 544089 | AB161: 31947 | AC161: =Z161/AB161 -> 17.030989 | AD161: =AC161*AB161 -> 544089
A162: 149 | B162: ='KL VCKD chung'!B163 -> 149 | D162: ='KL VCKD chung'!E163 -> អ៊ួង សុខហូ | E162: ='KL VCKD chung'!F163 -> OUNG SOKHO | F162: 31947 | G162: =#REF! -> #REF! | H162: =ROUND(F162*G162,-2) -> #REF! | Q162: ='KL VCKD chung'!Q163 -> 15.201 | R162: =ROUND(F162*Q162,0) -> 485626 | V162: =R162 -> 485626 | W162: =R162 -> 485626 | X162: =ROUND(IF(V162<=1500000,0,IF(AND((V162)>1500000,(V162)<=2000000),(V162)*5%-75000,IF(AND((V162)>2000000,(V162)<=8500000),(V162)*10%-175000))),0) -> 0 | Y162: =X162 -> 0 | Z162: =V162-X162 -> 485626 | AB162: 31947 | AC162: =Z162/AB162 -> 15.200989 | AD162: =AC162*AB162 -> 485626
A163: 150 | B163: ='KL VCKD chung'!B164 -> 150 | D163: ='KL VCKD chung'!E164 -> អេង សុធា | E163: ='KL VCKD chung'!F164 -> ANG SOTHEA | F163: 31947 | G163: =#REF! -> #REF! | H163: =ROUND(F163*G163,-2) -> #REF! | Q163: ='KL VCKD chung'!Q164 -> 16.21 | R163: =ROUND(F163*Q163,0) -> 517861 | V163: =R163 -> 517861 | W163: =R163 -> 517861 | X163: =ROUND(IF(V163<=1500000,0,IF(AND((V163)>1500000,(V163)<=2000000),(V163)*5%-75000,IF(AND((V163)>2000000,(V163)<=8500000),(V163)*10%-175000))),0) -> 0 | Y163: =X163 -> 0 | Z163: =V163-X163 -> 517861 | AB163: 31947 | AC163: =Z163/AB163 -> 16.210004 | AD163: =AC163*AB163 -> 517861
A164: 151 | B164: ='KL VCKD chung'!B165 -> 151 | D164: ='KL VCKD chung'!E165 -> សែប បូយ | E164: ='KL VCKD chung'!F165 -> SEB BOY | F164: 31947 | G164: =#REF! -> #REF! | H164: =ROUND(F164*G164,-2) -> #REF! | Q164: ='KL VCKD chung'!Q165 -> 15.17 | R164: =ROUND(F164*Q164,0) -> 484636 | V164: =R164 -> 484636 | W164: =R164 -> 484636 | X164: =ROUND(IF(V164<=1500000,0,IF(AND((V164)>1500000,(V164)<=2000000),(V164)*5%-75000,IF(AND((V164)>2000000,(V164)<=8500000),(V164)*10%-175000))),0) -> 0 | Y164: =X164 -> 0 | Z164: =V164-X164 -> 484636 | AB164: 31947 | AC164: =Z164/AB164 -> 15.17 | AD164: =AC164*AB164 -> 484636
A165: 152 | B165: ='KL VCKD chung'!B166 -> 152 | D165: ='KL VCKD chung'!E166 -> ចយ តុល | E165: ='KL VCKD chung'!F166 -> CHOY TOL | F165: 31947 | G165: =#REF! -> #REF! | H165: =ROUND(F165*G165,-2) -> #REF! | Q165: ='KL VCKD chung'!Q166 -> 16.498 | R165: =ROUND(F165*Q165,0) -> 527062 | V165: =R165 -> 527062 | W165: =R165 -> 527062 | X165: =ROUND(IF(V165<=1500000,0,IF(AND((V165)>1500000,(V165)<=2000000),(V165)*5%-75000,IF(AND((V165)>2000000,(V165)<=8500000),(V165)*10%-175000))),0) -> 0 | Y165: =X165 -> 0 | Z165: =V165-X165 -> 527062 | AB165: 31947 | AC165: =Z165/AB165 -> 16.498012 | AD165: =AC165*AB165 -> 527062
A166: 153 | B166: ='KL VCKD chung'!B167 -> 153 | D166: ='KL VCKD chung'!E167 -> លួន សុធា | E166: ='KL VCKD chung'!F167 -> LUON SOTHEA | F166: 31947 | G166: =#REF! -> #REF! | H166: =ROUND(F166*G166,-2) -> #REF! | Q166: ='KL VCKD chung'!Q167 -> 16.223 | R166: =ROUND(F166*Q166,0) -> 518276 | V166: =R166 -> 518276 | W166: =R166 -> 518276 | X166: =ROUND(IF(V166<=1500000,0,IF(AND((V166)>1500000,(V166)<=2000000),(V166)*5%-75000,IF(AND((V166)>2000000,(V166)<=8500000),(V166)*10%-175000))),0) -> 0 | Y166: =X166 -> 0 | Z166: =V166-X166 -> 518276 | AB166: 31947 | AC166: =Z166/AB166 -> 16.222994 | AD166: =AC166*AB166 -> 518276
... A173: 160 | B173: ='KL VCKD chung'!B174 -> 160 | D173: ='KL VCKD chung'!E174 -> ធួន ថាច | E173: ='KL VCKD chung'!F174 -> THOURN THACH | F173: 31947 | G173: =#REF! -> #REF! | H173: =ROUND(F173*G173,-2) -> #REF! | Q173: ='KL VCKD chung'!Q174 -> 18.366 | R173: =ROUND(F173*Q173,0) -> 586739 | V173: =R173 -> 586739 | W173: =R173 -> 586739 | X173: =ROUND(IF(V173<=1500000,0,IF(AND((V173)>1500000,(V173)<=2000000),(V173)*5%-75000,IF(AND((V173)>2000000,(V173)<=8500000),(V173)*10%-175000))),0) -> 0 | Y173: =X173 -> 0 | Z173: =V173-X173 -> 586739 | AB173: 31947 | AC173: =Z173/AB173 -> 18.366012 | AD173: =AC173*AB173 -> 586739
A174: 161 | B174: ='KL VCKD chung'!B175 -> 161 | D174: ='KL VCKD chung'!E175 -> ស៊ាន យីន | E174: ='KL VCKD chung'!F175 -> SEA YIN | F174: 31947 | G174: =#REF! -> #REF! | H174: =ROUND(F174*G174,-2) -> #REF! | Q174: ='KL VCKD chung'!Q175 -> 17.683 | R174: =ROUND(F174*Q174,0) -> 564919 | V174: =R174 -> 564919 | X174: =ROUND(IF(V174<=1500000,0,IF(AND((V174)>1500000,(V174)<=2000000),(V174)*5%-75000,IF(AND((V174)>2000000,(V174)<=8500000),(V174)*10%-175000))),0) -> 0 | Y174: =X174 -> 0 | Z174: =V174-X174 -> 564919 | AB174: 31947 | AC174: =Z174/AB174 -> 17.683006 | AD174: =AC174*AB174 -> 564919
A175: 162 | B175: ='KL VCKD chung'!B176 -> 162 | D175: ='KL VCKD chung'!E176 -> ហ៊ត រ៉ូន | E175: ='KL VCKD chung'!F176 -> HORT ROUN | F175: 31947 | G175: =#REF! -> #REF! | H175: =ROUND(F175*G175,-2) -> #REF! | Q175: ='KL VCKD chung'!Q176 -> 17.796 | R175: =ROUND(F175*Q175,0) -> 568529 | V175: =R175 -> 568529 | X175: =ROUND(IF(V175<=1500000,0,IF(AND((V175)>1500000,(V175)<=2000000),(V175)*5%-75000,IF(AND((V175)>2000000,(V175)<=8500000),(V175)*10%-175000))),0) -> 0 | Y175: =X175 -> 0 | Z175: =V175-X175 -> 568529 | AB175: 31947 | AC175: =Z175/AB175 -> 17.796006 | AD175: =AC175*AB175 -> 568529
...

Sheet PTL VCKD 1
D1: ព្រះរាជាណាចក្រកម្ពុជា
A2: ក្រុមហ៊ុន កៅស៊ូ មេគង្គ ខូអិលធីឌី | D2: VƯƠNG QUỐC CAMPUCHIA
A3: VRG Caoutchouc Mekong Co., Ltd | D3: ជាតិ សាសនា ព្រះមហាក្សត្រ
A4: អង្គភាព: ក្រុមផលិត II | D4: Dân tộc - Tôn giáo - Quốc vương
A5: Đơn vị: Đội sản xuất 2
A7: តារាងបែងចែកប្រាក់បៀវត្សកម្មករ​ប្រមូលផល
A8: លើកទី ១ ពីថ្ងៃ ១-១៥ ខែ ០១ ឆ្នាំ ២០២៦
A9: BẢNG PHÂN TOÁN LƯƠNG CÔNG NHÂN VƯỜN CÂY KINH DOANH
A10: ĐỢT 1 TỪ NGÀY 1-15 THÁNG 01 NĂM 2026
F12: ឯកតា (ĐVT)៖ KHR
A13: ល.រ | B13: រាយនាមការងារ | C13: តម្លៃ | D13: ជាកម្លាំង | F13: ជាប្រាក់ | G13: ចំណាំ
A14: STT | B14: Hạng mục công việc | C14: Đơn giá | D14: Quy công | E14: Công làm thêm giờ | F14: Thành tiền | G14: Ghi chú | I14: កំណត់
A15: A. | B15: ចំការកៅស៊ូ (VƯỜN CÂY) | D15: =#REF!+#REF!+#REF!+#REF!+#REF!+#REF! -> #REF! | E15: 0 | F15: =ROUND(D15*#REF!,-2)+300 -> #REF!
A16: I. | B16: អាជីវកម្មក្រុមទី​ ១ /KD NHÓM 1 (2795,2,ha) | C16: 31947 | D16: =SUM(D17:D18) -> 9702.8 | F16: =ROUND(D16*C16,0) -> 309975352
A17: 5 | B17: ប្រមូលសម្ភារៈចុងរដូវចៀរ/ Thu dọn cuối vụ cạo | C17: 31947 | F17: =ROUND(C17*D17,0) -> 0
A18: 1 | B18: ជៀ សានិងប្រគូលជ័រ/ Cạo trút và giao nộp mủ | C18: 31947 | D18: 9702.8 | F18: =ROUND(C18*D18,0) -> 309975352
A19: 6 | B19: ប្រាក់អតិ្តភាព/Tiền lương thâm niên
A20: II. | B20: ចំការបើកមុខជៀឆ្នាំ ២០២២ (264,8 HA)/Vườn cây mở cạo năm 2022 (264,8 HA) | C20: 30456 | D20: =SUM(D21:D25) -> 0 | F20: =ROUND(D20*C20,0) -> 0 | H20: =F20+#REF!+#REF! -> #REF!
A21: 1 | B21: បង្ការព្យាបាលជម្ងឺ/Phòng trị bệnh | C21: 30456 | F21: =ROUND(C21*D21,0) -> 0
A22: 1 | B22: លាបថ្នាំរំញោច/Bôi thuốc kích thích | C22: 30456 | F22: =ROUND(C22*D22,0) -> 0
A23: 3 | B23: បើកមុខចៀរជ័រដំបូង ដោតស្លាបព្រា​និងទគម្របចាន/Cạo xã miệng,đóng máng, gắn máy che chén | C23: 30456 | F23: =ROUND(C23*D23,0) -> 0
A24: 2 | B24: ជៀ សានិងប្រគូលជ័រ/ Cạo trút và giao nộp mủ | C24: 30456 | F24: =ROUND(C24*D24,0) -> 0
A25: 3 | B25: សន្តិសុខការពារចំការ/Bảo vệ vườn cây | C25: 30456 | F25: =ROUND(C25*D25,0) -> 0 | H25: =57.8/2 -> 28.9
A26: សរុប (Tổng cộng) | D26: =D20+D16 -> 9702.8 | F26: =F16 -> 309975352
A27: ប្រាក់អតិ្តភាព/Tiền lương thâm niên | F27: =#REF! -> #REF!
A28: សរុប (Tổng cộng) | F28: =F26+F27 -> #REF! | H28: =D28*#REF! -> #REF! | I28: =F28-#REF! -> #REF!
A30: (ជាអក្សរ៖បីរយប្រាំបួនលាន ប្រាំបួនរយចែតសិបប្រាំពាន់ បីរយហាសិបពីររៀលគត់។ | H30: (ជាអក្សរ៖ដប់បួនលានប្រាំរយម៉ាពីប្រាំបីពាន់ចែតសិបប្រាំបួនរៀលគត់។)
A31: Bằng chữ: Ba trăm lẻ chín triệu chín trăm bảy mươi lăm ngàn ba trăm năm mươi hai riel chẵn
A33: ​
B34: អង្គភាពអនុវត្ត -ĐƠN VỊ THỰC HIỆN | D34: អ្នករៀបចំ -NGƯỜI LẬP BIỂU
B37: Nguyễn Vũ Minh | D37: Kim Thảo
B39: ផែ្នក រដ្ឋបាល-PHÒNG TCHC | D39: ផ្នែក គណនេយ្យ -PHÒNG TCKT
A44: អនុម័តនាយកក្រុមហ៊ុន
A45: DUYỆT
A46: GIÁM ĐỐC

Sheet Kiểm tra
A1: KIỂM TRA
A2: Làm cỏ đường băng (7 công/ha) | C2: Làm cỏ đường băng (5 công/ha) | E2: Làm cỏ đường băng (3,5 công/ha) | G2: Làm cỏ đậu Kudzu (4 công/ha) | I2: Làm cỏ bồn (4 công/ha) | K2: Làm cỏ bồn (3,5 công/ha) | M2: Làm cỏ ranh chống cháy (300 m2/công) | O2: Phát cỏ luồng (3 công/ha) | Q2: Phòng chống cháy (1,08 công/ha) | S2: Phát dọn chống cháy (0,54 công/ha) | U2: Phát cỏ luồng (1 công/ha) | W2: Chặt nọc cắm cây cao su trồng dặm | Y2: Phun thuốc cỏ đường băng (1,56 công/ha) | AA2: Xịt phân Komix nước bón lá (0,2 công/ha) | AC2: Cắt chồi ngang (0,2 công/ha) | AE2: Đào mương | AG2: Phun thuốc BVTV diệt câu cấu | AI2: Xịt thuốc BVTV diệt rệp (0,4 công/ha)
A3: Khối lượng | B3: Công | C3: Khối lượng | D3: Công | E3: Khối lượng | F3: Công | G3: Khối lượng | H3: Công | I3: Khối lượng | J3: Công | K3: Khối lượng | L3: Công | M3: Khối lượng | N3: Công | O3: Khối lượng | P3: Công | Q3: Khối lượng | R3: Công | S3: Khối lượng | T3: Công | U3: Khối lượng | V3: Công | W3: Khối lượng | X3: Công | Y3: Khối lượng | Z3: Công | AA3: Khối lượng | AB3: Công | AC3: Khối lượng | AD3: Công | AE3: Khối lượng | AF3: Công | AG3: Khối lượng | AH3: Công | AI3: Khối lượng | AJ3: Công
Q4: ='KL Tổ BVTX '!BI$15 -> 0 | R4: ='KL Tổ BVTX '!BJ$15 -> 0 | U4: ='KL Tổ BVTX '!#REF!+'KL tổ 5'!R$45+'KL tổ 10'!#REF!+#REF!+'KL VCKD chung'!#REF! -> #REF! | V4: ='KL Tổ BVTX '!#REF!+'KL tổ 5'!S$45+'KL tổ 10'!V$22+#REF!+'KL VCKD chung'!#REF! -> #REF! | W4: ='KL tổ 10'!O$22+#REF! -> #REF! | X4: ='KL tổ 10'!P$22+#REF! -> #REF! | AE4: ='KL tổ 10'!AK$22+#REF! -> #REF! | AF4: ='KL tổ 10'!AL$22+#REF! -> #REF! | AG4: =#REF! -> #REF! | AH4: =#REF! -> #REF! | AI4: =#REF!+'KL tổ 10'!S$22 -> #REF! | AJ4: =#REF!+'KL tổ 10'!T$22 -> #REF!
AI6: 878.2
U7: 132.2
A9: Công tưới nước cao su | C9: Khoanh bồn tủ cỏ (130 bồn/công) | E9: Công quản lý (Tổ trưởng) | G9: Bón phân thúc vườn ương | I9: Làm mái che cao su | K9: Gác trâu | M9: Thiết kế súng tưới | O9: Sang bầu | Q9: Làm hàng rào | S9: Tưới nước | U9: Tưới phân vườn âm bầu | W9: Làm cỏ vườn ươm | Y9: Tưới nước vườn âm bầu | AA9: Phòng chống cháy - chống thú | AC9: Vệ sinh vườn âm bầu | AE9: Cắt ngọn cao su | AG9: Bốc bầu xuống xe (600 bầu/công) | AI9: Phun thuốc Vixazol vườn ương
A10: Khối lượng | B10: Công | C10: Khối lượng | D10: Công | E10: Khối lượng | F10: Công | G10: Khối lượng | H10: Công | I10: Khối lượng | J10: Công | K10: Khối lượng | L10: Công | M10: Khối lượng | N10: Công | O10: Khối lượng | P10: Công | Q10: Khối lượng | R10: Công | S10: Khối lượng | T10: Công | U10: Khối lượng | V10: Công | W10: Khối lượng | X10: Công | Y10: Khối lượng | Z10: Công | AA10: Khối lượng | AB10: Công | AC10: Khối lượng | AD10: Công | AE10: Khối lượng | AF10: Công | AG10: Khối lượng | AH10: Công | AI10: Khối lượng | AJ10: Công
A11: ='KL Tổ BVTX '!BE$15+'KL tổ 5'!BO$45+'KL tổ 4'!BJ$20+'KL VCKD chung'!#REF!+'KL tổ 10'!BA$22+#REF! -> #REF! | B11: ='KL Tổ BVTX '!#REF!+'KL tổ 5'!BR$45+'KL tổ 4'!BK$20+'KL VCKD chung'!#REF!+'KL tổ 10'!BB$22+#REF! -> #REF! | C11: ='KL tổ 10'!Q$22 -> 0 | D11: ='KL tổ 10'!R$22 -> 0 | E11: =#REF!+'KL tổ 5'!BU$45+'KL tổ 4'!BL$20+'KL VCKD chung'!#REF!+'KL tổ 10'!BE$22+#REF! -> #REF! | F11: =#REF!+'KL tổ 5'!BV$45+'KL tổ 4'!BM$20+'KL VCKD chung'!#REF!+'KL tổ 10'!BF$22+#REF! -> #REF! | G11: ='KL Tổ BVTX '!Q$15 -> 0 | H11: ='KL Tổ BVTX '!#REF! -> #REF! | I11: ='KL Tổ BVTX '!G$15 -> 0 | J11: ='KL Tổ BVTX '!#REF! -> #REF! | M11: ='KL Tổ BVTX '!AE$15 -> 0 | N11: ='KL Tổ BVTX '!#REF! -> #REF! | O11: ='KL Tổ BVTX '!AG$15 -> 0 | P11: ='KL Tổ BVTX '!#REF! -> #REF! | R11: ='KL Tổ BVTX '!AN$15 -> 0 | S11: ='KL Tổ BVTX '!AI$15 -> 0 | T11: ='KL Tổ BVTX '!#REF! -> #REF! | U11: ='KL Tổ BVTX '!O$15 -> 0 | V11: ='KL Tổ BVTX '!#REF! -> #REF! | X11: ='KL Tổ BVTX '!#REF! -> #REF! | Z11: ='KL Tổ BVTX '!#REF! -> #REF! | AC11: ='KL Tổ BVTX '!U$15 -> 0 | AD11: ='KL Tổ BVTX '!#REF! -> #REF! | AE11: =#REF! -> #REF! | AF11: =#REF! -> #REF! | AG11: ='KL Tổ BVTX '!BA$15+#REF!+'KL VCKD chung'!#REF! -> #REF! | AH11: ='KL Tổ BVTX '!#REF!+#REF!+'KL VCKD chung'!#REF! -> #REF! | AI11: ='KL Tổ BVTX '!K$15 -> 0 | AJ11: ='KL Tổ BVTX '!#REF! -> #REF!
A13: =34+104 -> 138
A16: Công tưới nước vườn ương + quản lý | C16: Vận chuyển nước xịt thuốc | E16: Công tài xế Kuzun | G16: Công tài xế máy cày | I16: Công giáo viên nhà trẻ | K16: Vận chuyển nước tưới cao su | M16: Công đưa rước công nhân | O16: Công vận chuyển cây làm hàng rào | Q16: Bắt câu cấu | S16: Phun thuốc trừ cỏ (6 công/ha) | U16: Bứng bầu cắt ngọn | W16: Xếp bầu | Y16: Đổi bầu | AA16: Bứng bầu tầng lá | AC16: Chặt cây cao không tháp được (1000 cây/công)
A17: Khối lượng | B17: Công | C17: Khối lượng | D17: Công | E17: Khối lượng | F17: Công | G17: Khối lượng | H17: Công | I17: Khối lượng | J17: Công | K17: Khối lượng | L17: Công | M17: Khối lượng | N17: Công | O17: Khối lượng | P17: Công | Q17: Khối lượng | R17: Công | S17: Khối lượng | T17: Công | U17: Khối lượng | V17: Công | W17: Khối lượng | X17: Công | Y17: Khối lượng | Z17: Công | AA17: Khối lượng | AB17: Công | AC17: Khối lượng | AD17: Công
B18: ='KL Tổ BVTX '!BH15 -> 0 | C18: ='KL tổ 9'!U$278 -> 0 | D18: ='KL tổ 9'!V$278 -> 0 | E18: ='KL Tổ BVTX '!#REF! -> #REF! | F18: ='KL Tổ BVTX '!#REF! -> #REF! | G18: ='KL Tổ BVTX '!#REF! -> #REF! | H18: ='KL Tổ BVTX '!#REF! -> #REF! | I18: =SUM('KL Tổ BVTX '!#REF!) -> #REF! | J18: =SUM('KL Tổ BVTX '!#REF!) -> #REF! | K18: ='KL tổ 9'!W$278 -> 0 | L18: ='KL tổ 9'!X$278 -> 0 | M18: ='KL tổ 9'!#REF! -> #REF! | N18: ='KL tổ 9'!#REF! -> #REF! | O18: ='KL tổ 9'!AA$278 -> 0 | P18: ='KL tổ 9'!AB$278 -> 0 | Q18: ='KL tổ 5'!V$45 -> 0 | R18: ='KL tổ 5'!W$45 -> 0 | S18: ='KL Tổ BVTX '!I$15 -> 0 | T18: ='KL Tổ BVTX '!#REF! -> #REF! | U18: ='KL Tổ BVTX '!AK$15+#REF!+'KL tổ 10'!AT$22+'KL VCKD chung'!#REF! -> #REF! | V18: ='KL Tổ BVTX '!#REF!+#REF!+'KL tổ 10'!AV$22+'KL VCKD chung'!#REF! -> #REF! | W18: ='KL Tổ BVTX '!AS$15+'KL tổ 4'!AK$20+#REF! -> #REF! | X18: ='KL Tổ BVTX '!#REF!+'KL tổ 4'!AN$20+#REF! -> #REF! | Y18: ='KL Tổ BVTX '!#REF!+'KL tổ 4'!#REF!+'KL VCKD chung'!#REF!+'KL tổ 10'!#REF!+#REF! -> #REF! | Z18: ='KL Tổ BVTX '!AR$15+'KL tổ 4'!Z$20+'KL VCKD chung'!#REF!+'KL tổ 10'!AN$22+#REF! -> #REF! | AA18: ='KL Tổ BVTX '!AO$15 -> 0 | AB18: ='KL Tổ BVTX '!#REF! -> #REF! | AC18: ='KL Tổ BVTX '!W$15 -> 0 | AD18: ='KL Tổ BVTX '!#REF! -> #REF!
A20: TỔNG CÔNG
D22: Từng tổ | F22: ='KL Tổ BVTX '!BR$15+#REF!+'KL tổ 5'!BW$45+'KL tổ 4'!BN$20+'KL VCKD chung'!Q$122+'KL tổ 10'!BG$22+#REF!+'KL tổ 9'!AC278 -> #REF!
H23: =F22-F24 -> #REF! | L23: 21706 | M23: =L23-V18 -> #REF! | S23: =#REF!+'KL tổ 5'!BW45+'KL tổ 3'!BR56+'KL tổ 4'!BN20+'KL VCKD chung'!Q122+'KL tổ 10'!BG22+#REF!+'KL tổ 9'!AC278+776+50 -> #REF! | U23: cc
F24: =B4+F4+J4+L4+P4+R4+T4+V4+X4+Z4+AB4+AD4+AF4+AJ4+B11+F11+J11+L11+P11+R11+T11+V11+X11+Z11+AB11+AF11+AJ11+B18+D18+F18+H18+J18+L18+N18+P18+R18+AD11+AH11+N4+AH4+N11+D11+T18+D4+H4+V18+X18+Z18+H11+AB18+AD18 -> #REF! | M24: =M23-F24 -> #REF! | R24: 2012 | T24: 2013 | U24: =#REF!+'KL tổ 5'!M45+'KL tổ 5'!O45+'KL tổ 3'!P56+'KL tổ 3'!T56+'KL tổ 4'!I20+'KL VCKD chung'!#REF!+'KL VCKD chung'!#REF!+'KL tổ 10'!L22+#REF! -> #REF! | W24: =708-355 -> 353
I25: =F22-I22 -> #REF! | Q25: tt | R25: =#REF!+'KL tổ 5'!E45+'KL tổ 3'!F56+'KL tổ 4'!D20+'KL VCKD chung'!#REF!+'KL tổ 10'!D22+#REF! -> #REF! | S25: tt | T25: ='KL tổ 5'!G45+'KL tổ 3'!I56+'KL VCKD chung'!#REF!+'KL tổ 10'!F22+#REF! -> #REF!
H26: =F22-I22 -> #REF! | L26: =L23-F22-V18 -> #REF! | R26: lc5c | T26: lc | X26: =621-410 -> 211
P27: =924+410 -> 1334 | Q27: =R25-R27 -> #REF! | R27: =ROUND(923.6*5,0) -> 4618 | T27: 959 | U27: =T27-691 -> 268

Sheet KL tổ 4
A1: CÔNG TY TNHH CAO SU MEKONG | M1: VƯƠNG QUỐC CAMPUCHIA
A2: ĐƠN VỊ: NÔNG TRƯỜNG II | M2: Dân tộc - Tôn giáo - Quốc vương
A4: BẢNG KHỐI LƯỢNG CÔNG NHÂN CAMPUCHIA TỔ 4
A5: THÁNG 12 NĂM 2016
A7: STT | B7: Họ và tên | D7: Làm cỏ đường băng (5,12 công/ha) | H7: Kiểm kê (1 công/ha) | J7: Bảo vệ thường xuyên (0,684 công/ha) | L7: Bảo vệ thường xuyên (0,93 công/ha) | N7: Lấp hố (1,97 công/ha) | P7: Trồng dặm (16,59 công/ha) | R7: Phúp bồn, tủ ẩm (17 công/ha) | T7: Lấp hố (0,1 công/ha) | V7: Làm điểm tập kết (0,5 công/ha) | X7: Trồng dặm (0,8 công/ha) | Z7: Quét vôi chống nắng (0,5 công/ha) | AB7: Phun thuốc BVTV diệt rệp (0,4 công/ha) | AD7: Cắt chồi ngang (0,35 công/ha) | AF7: Đào hố trồng dặm (25 hố/công) | AH7: Bón phân lót trồng mới (6,5 công/ha) | AJ7: Bón phân lấp hố cây trồng dặm (80 hố/công) | AL7: Bón phân lấp hố cây trồng dặm (61,67 hố/công) | AO7: Bón phân thúc (4,5 công/ha) | AQ7: Trồng dặm (30 cây/công) | AU7: Trồng dặm (25 cây/công) | AX7: Trồng dặm (27 cây/công) | BC7: Phúp bồn, tủ gốc (23 công/ha) | BE7: Cắt ngọn (800 bầu/công) | BG7: Bứng bầu (100 bầu/công) | BI7: Cắt chồi ngang (0,2 công/ha) | BK7: Xếp bầu (300 bầu/công) | BM7: Đổi bầu (150 bầu/công) | BO7: Làm cỏ vườn ương (35 công/ha) | BR7: Bốc phân xuống (0,4 công/ha) | BT7: Bốc phân lên + xuống (0,75 công/tấn) | BV7: Công tưới nước (1,33 công/ngày) | BX7: Công quản lý (100% x lương) | BZ7: Tổng công | CA7: Kí nhận
C8: Khối lượng | D8: Khối lượng | E8: Công | F8: Khối lượng | G8: Khối lượng | H8: Khối lượng | I8: Công | J8: Khối lượng | K8: Công | L8: Khối lượng | M8: Công | N8: Khối lượng | O8: Công | P8: Khối lượng | Q8: Công | R8: Khối lượng | S8: Công | T8: Khối lượng | U8: Công | V8: Khối lượng | W8: Công | X8: Khối lượng | Y8: Công | Z8: Khối lượng | AA8: Công | AB8: Khối lượng | AC8: Công | AD8: Khối lượng | AE8: Công | AF8: Khối lượng | AG8: Công | AH8: Khối lượng | AI8: Công | AJ8: Khối lượng | AK8: Công | AL8: Khối lượng | AM8: Công | AN8: Khối lượng | AO8: Khối lượng | AP8: Công | AQ8: Khối lượng | AR8: Công | AS8: Khối lượng | AT8: Khối lượng | AU8: Khối lượng | AV8: Công | AW8: Khối lượng | AX8: Khối lượng | AY8: Công | AZ8: Khối lượng | BA8: Khối lượng | BB8: Khối lượng | BC8: Khối lượng | BD8: Công | BE8: Khối lượng | BF8: Công | BG8: Khối lượng | BH8: Công | BI8: Khối lượng | BJ8: Công | BK8: Khối lượng | BL8: Công | BM8: Khối lượng | BN8: Công | BO8: Khối lượng | BP8: Khối lượng | BQ8: Công | BR8: Khối lượng | BS8: Công | BT8: Khối lượng | BU8: Công | BV8: Khối lượng | BW8: Công | BX8: Khối lượng | BY8: Công
A9: 1 | B9: Rat Non | C9: 0 | D9: 0 | E9: =ROUND(C9*5,2) -> 0 | F9: 0 | G9: 0 | H9: 0 | I9: =H9 -> 0 | J9: 0 | K9: =J9*0.684 -> 0 | L9: 0 | M9: =L9*0.93 -> 0 | N9: 0 | O9: =N9*1.97 -> 0 | P9: 0 | Q9: =P9*16.59 -> 0 | R9: 0 | S9: =R9*17 -> 0 | T9: 0 | U9: 0 | V9: 0 | W9: 0 | X9: 0 | Y9: =X9*0.8 -> 0 | Z9: 0 | AA9: 0 | AB9: 0 | AC9: 0 | AD9: 0 | AE9: =AD9*0.35 -> 0 | AF9: 0 | AG9: 0 | AH9: 0 | AI9: 0 | AJ9: 0 | AK9: 0 | AL9: 0 | AM9: =ROUND(AL9/70,2) -> 0 | AN9: 0 | AO9: 0 | AP9: =ROUND(AN9/70,2) -> 0 | AQ9: 0 | AR9: =ROUND(AQ9/35,2) -> 0 | AS9: 0 | AT9: 0 | AU9: 0 | AV9: =ROUND(AS9/35,2) -> 0 | AW9: 0 | AX9: 0 | AY9: 0 | AZ9: 0 | BA9: 0 | BB9: 0 | BC9: 0 | BD9: 0 | BE9: 0 | BF9: 0 | BG9: 0 | BH9: =ROUND(BG9/600,2) -> 0 | BI9: 0 | BJ9: 0 | BK9: 0 | BL9: 0 | BM9: 0 | BN9: =ROUND(BM9/350,2) -> 0 | BO9: 0 | BP9: 0 | BQ9: =ROUND(BO9/350,2) -> 0 | BR9: 0 | BS9: =ROUND(BR9*0.4,2) -> 0 | BT9: 0 | BU9: 0 | BV9: 0 | BW9: 0 | BX9: 0 | BY9: 0 | BZ9: =K9+M9+AC9+AE9+I9+Q9+U9+W9+Y9+S9+O9 -> 0 | CG9: 0
A10: 2 | B10: Dâm Vanh | C10: 0 | D10: =E10/5.12 -> 0 | E10: 0 | F10: 0 | G10: 0 | H10: 0 | I10: =H10 -> 0 | J10: 0 | K10: =J10*0.684 -> 0 | L10: 0 | M10: =L10*0.93 -> 0 | N10: 0 | O10: =N10*1.97 -> 0 | P10: 0 | Q10: =P10*16.59 -> 0 | R10: 0 | S10: =R10*17 -> 0 | T10: 0 | U10: =T10*0.1 -> 0 | V10: 0 | W10: =V10*0.5 -> 0 | X10: 0 | Y10: =X10*0.8 -> 0 | Z10: 0 | AA10: =Z10*0.5 -> 0 | AB10: 0 | AC10: =AB10*0.4 -> 0 | AD10: 0 | AE10: =AD10*0.35 -> 0 | AF10: 0 | AG10: =AF10/25 -> 0 | AH10: 0 | AI10: =AH10*6.5 -> 0 | AJ10: 0 | AK10: =AJ10/80 -> 0 | AL10: 0 | AM10: =AL10/61.67 -> 0 | AN10: 0 | AO10: 0 | AP10: =AO10*4.5 -> 0 | AQ10: 0 | AR10: =AQ10/30 -> 0 | AS10: 0 | AT10: 0 | AU10: 0 | AV10: =AU10/25 -> 0 | AW10: 0 | AX10: =AW10*27/30 -> 0 | AY10: =AX10/27 -> 0 | AZ10: 0 | BA10: 0 | BB10: 0 | BC10: =AZ10*600/663.06/555 -> 0 | BD10: =BC10*23 -> 0 | BE10: 0 | BF10: =BE10/800 -> 0 | BG10: 0 | BH10: =BG10/100 -> 0 | BI10: 0 | BJ10: =BI10*0.2 -> 0 | BK10: 0 | BL10: =BK10/300 -> 0 | BM10: 0 | BN10: =BM10/150 -> 0 | BO10: 0 | BP10: =BO10*33/35 -> 0 | BQ10: =BP10*35 -> 0 | BR10: 0 | BS10: =ROUND(BR10*0.4,2) -> 0 | BT10: 0 | BU10: =BT10*0.75 -> 0 | BV10: 0 | BW10: =BV10*1.3333333333 -> 0 | BX10: 0 | BY10: =ROUND(BX10*1.43,2) -> 0 | BZ10: =K10+M10+AC10+AE10+I10+Q10+U10+W10+Y10+S10+O10 -> 0 | CG10: 0
A11: 3 | B11: Sa Mêt | H11: 0 | I11: =H11 -> 0 | J11: 0 | K11: =J11*0.684 -> 0 | L11: 0 | M11: =L11*0.93 -> 0 | N11: 0 | O11: =N11*1.97 -> 0 | P11: 0 | Q11: =P11*16.59 -> 0 | R11: 0 | S11: =R11*17 -> 0 | T11: 0 | U11: =T11*0.1 -> 0 | V11: 0 | W11: =V11*0.5 -> 0 | X11: 0 | Y11: =X11*0.8 -> 0 | Z11: 0 | AA11: =Z11*0.5 -> 0 | AB11: 0 | AC11: =AB11*0.4 -> 0 | AD11: 0 | AE11: =AD11*0.35 -> 0 | AF11: 0 | AG11: =AF11/25 -> 0 | AH11: 0 | AI11: =AH11*6.5 -> 0 | AJ11: 0 | AK11: =AJ11/80 -> 0 | AL11: 0 | AM11: =AL11/61.67 -> 0 | AN11: 0 | AO11: 0 | AP11: =AO11*4.5 -> 0 | AQ11: 0 | AR11: =AQ11/30 -> 0 | AS11: 0 | AT11: 0 | AU11: 0 | AV11: =AU11/25 -> 0 | AW11: 0 | AX11: =AW11*27/30 -> 0 | AY11: =AX11/27 -> 0 | AZ11: 0 | BA11: 0 | BB11: 0 | BC11: =AZ11*600/663.06/555 -> 0 | BD11: =BC11*23 -> 0 | BE11: 0 | BF11: =BE11/800 -> 0 | BG11: 0 | BH11: =BG11/100 -> 0 | BI11: 0 | BJ11: =BI11*0.2 -> 0 | BK11: 0 | BL11: =BK11/300 -> 0 | BM11: 0 | BN11: =BM11/150 -> 0 | BO11: 0 | BP11: =BO11*33/35 -> 0 | BQ11: =BP11*35 -> 0 | BR11: 0 | BS11: =ROUND(BR11*0.4,2) -> 0 | BT11: 0 | BU11: =BT11*0.75 -> 0 | BV11: 0 | BW11: =BV11*1.3333333333 -> 0 | BX11: 0 | BY11: =ROUND(BX11*1.43,2) -> 0 | BZ11: =K11+M11+AC11+AE11+I11+Q11+U11+W11+Y11+S11+O11 -> 0
A12: 4 | B12: Nu Rươn | H12: 0 | I12: =H12 -> 0 | J12: 0 | K12: =J12*0.684 -> 0 | L12: 0 | M12: =L12*0.93 -> 0 | N12: 0 | O12: =N12*1.97 -> 0 | P12: 0 | Q12: =P12*16.59 -> 0 | R12: 0 | S12: =R12*17 -> 0 | T12: 0 | U12: =T12*0.1 -> 0 | V12: 0 | W12: =V12*0.5 -> 0 | X12: 0 | Y12: =X12*0.8 -> 0 | Z12: 0 | AA12: =Z12*0.5 -> 0 | AB12: 0 | AC12: =AB12*0.4 -> 0 | AD12: 0 | AE12: =AD12*0.35 -> 0 | AF12: 0 | AG12: =AF12/25 -> 0 | AH12: 0 | AI12: =AH12*6.5 -> 0 | AJ12: 0 | AK12: =AJ12/80 -> 0 | AL12: 0 | AM12: =AL12/61.67 -> 0 | AN12: 0 | AO12: 0 | AP12: =AO12*4.5 -> 0 | AQ12: 0 | AR12: =AQ12/30 -> 0 | AS12: 0 | AT12: 0 | AU12: 0 | AV12: =AU12/25 -> 0 | AW12: 0 | AX12: =AW12*27/30 -> 0 | AY12: =AX12/27 -> 0 | AZ12: 0 | BA12: 0 | BB12: 0 | BC12: =AZ12*600/663.06/555 -> 0 | BD12: =BC12*23 -> 0 | BE12: 0 | BF12: =BE12/800 -> 0 | BG12: 0 | BH12: =BG12/100 -> 0 | BI12: 0 | BJ12: =BI12*0.2 -> 0 | BK12: 0 | BL12: =BK12/300 -> 0 | BM12: 0 | BN12: =BM12/150 -> 0 | BO12: 0 | BP12: =BO12*33/35 -> 0 | BQ12: =BP12*35 -> 0 | BR12: 0 | BS12: =ROUND(BR12*0.4,2) -> 0 | BT12: 0 | BU12: =BT12*0.75 -> 0 | BV12: 0 | BW12: =BV12*1.3333333333 -> 0 | BX12: 0 | BY12: =ROUND(BX12*1.43,2) -> 0 | BZ12: =K12+M12+AC12+AE12+I12+Q12+U12+W12+Y12+S12+O12 -> 0
A13: 5 | B13: Son Hay | C13: 0 | D13: =E13/5.12 -> 0 | E13: 0 | F13: 0 | G13: 0 | H13: 0 | I13: =H13 -> 0 | J13: 0 | K13: =J13*0.684 -> 0 | L13: 0 | M13: =L13*0.93 -> 0 | N13: 0 | O13: =N13*1.97 -> 0 | P13: 0 | Q13: =P13*16.59 -> 0 | R13: 0 | S13: =R13*17 -> 0 | T13: 0 | U13: =T13*0.1 -> 0 | V13: 0 | W13: =V13*0.5 -> 0 | X13: 0 | Y13: =X13*0.8 -> 0 | Z13: 0 | AA13: =Z13*0.5 -> 0 | AB13: 0 | AC13: =AB13*0.4 -> 0 | AD13: 0 | AE13: =AD13*0.35 -> 0 | AF13: 0 | AG13: =AF13/25 -> 0 | AH13: 0 | AI13: =AH13*6.5 -> 0 | AJ13: 0 | AK13: =AJ13/80 -> 0 | AL13: 0 | AM13: =AL13/61.67 -> 0 | AN13: 0 | AO13: 0 | AP13: =AO13*4.5 -> 0 | AQ13: 0 | AR13: =AQ13/30 -> 0 | AS13: 0 | AT13: 0 | AU13: 0 | AV13: =AU13/25 -> 0 | AW13: 0 | AX13: =AW13*27/30 -> 0 | AY13: =AX13/27 -> 0 | AZ13: 0 | BA13: 0 | BB13: 0 | BC13: =AZ13*600/663.06/555 -> 0 | BD13: =BC13*23 -> 0 | BE13: 0 | BF13: =BE13/800 -> 0 | BG13: 0 | BH13: =BG13/100 -> 0 | BI13: 0 | BJ13: =BI13*0.2 -> 0 | BK13: 0 | BL13: =BK13/300 -> 0 | BM13: 0 | BN13: =BM13/150 -> 0 | BO13: 0 | BP13: =BO13*33/35 -> 0 | BQ13: =BP13*35 -> 0 | BR13: 0 | BS13: =ROUND(BR13*0.4,2) -> 0 | BT13: 0 | BU13: =BT13*0.75 -> 0 | BV13: 0 | BW13: =BV13*1.3333333333 -> 0 | BX13: 0 | BY13: =ROUND(BX13*1.43,2) -> 0 | BZ13: =K13+M13+AC13+AE13+I13+Q13+U13+W13+Y13+S13+O13 -> 0 | CG13: 0
A14: 6 | B14: Chon Via | C14: 0 | D14: =E14/5.12 -> 0 | E14: 0 | F14: 0 | G14: 0 | H14: 0 | I14: =H14 -> 0 | J14: 0 | K14: =J14*0.684 -> 0 | L14: 0 | M14: =L14*0.93 -> 0 | N14: 0 | O14: =N14*1.97 -> 0 | P14: 0 | Q14: =P14*16.59 -> 0 | R14: 0 | S14: =R14*17 -> 0 | T14: 0 | U14: =T14*0.1 -> 0 | V14: 0 | W14: =V14*0.5 -> 0 | X14: 0 | Y14: =X14*0.8 -> 0 | Z14: 0 | AA14: =Z14*0.5 -> 0 | AB14: 0 | AC14: =AB14*0.4 -> 0 | AD14: 0 | AE14: =AD14*0.35 -> 0 | AF14: 0 | AG14: =AF14/25 -> 0 | AH14: 0 | AI14: =AH14*6.5 -> 0 | AJ14: 0 | AK14: =AJ14/80 -> 0 | AL14: 0 | AM14: =AL14/61.67 -> 0 | AN14: 0 | AO14: 0 | AP14: =AO14*4.5 -> 0 | AQ14: 0 | AR14: =AQ14/30 -> 0 | AS14: 0 | AT14: 0 | AU14: 0 | AV14: =AU14/25 -> 0 | AW14: 0 | AX14: =AW14*27/30 -> 0 | AY14: =AX14/27 -> 0 | AZ14: 0 | BA14: 0 | BB14: 0 | BC14: =AZ14*600/663.06/555 -> 0 | BD14: =BC14*23 -> 0 | BE14: 0 | BF14: =BE14/800 -> 0 | BG14: 0 | BH14: =BG14/100 -> 0 | BI14: 0 | BJ14: =BI14*0.2 -> 0 | BK14: 0 | BL14: =BK14/300 -> 0 | BM14: 0 | BN14: =BM14/150 -> 0 | BO14: 0 | BP14: =BO14*33/35 -> 0 | BQ14: =BP14*35 -> 0 | BR14: 0 | BS14: =ROUND(BR14*0.4,2) -> 0 | BT14: 0 | BU14: =BT14*0.75 -> 0 | BV14: 0 | BW14: =BV14*1.3333333333 -> 0 | BX14: 0 | BY14: =ROUND(BX14*1.43,2) -> 0 | BZ14: =K14+M14+AC14+AE14+I14+Q14+U14+W14+Y14+S14+O14 -> 0 | CG14: 0
A15: 7 | B15: Nit Nươn | H15: 0 | I15: =H15 -> 0 | J15: 0 | K15: =J15*0.684 -> 0 | L15: 0 | M15: =L15*0.93 -> 0 | N15: 0 | O15: =N15*1.97 -> 0 | P15: 0 | Q15: =P15*16.59 -> 0 | R15: 0 | S15: =R15*17 -> 0 | BZ15: =K15+M15+AC15+AE15+I15+Q15+U15+W15+Y15+S15+O15 -> 0
A16: 8 | B16: Nu Kha | C16: 0 | D16: =E16/5.12 -> 0 | E16: 0 | F16: 0 | G16: 0 | H16: 0 | I16: =H16 -> 0 | J16: 0 | K16: =J16*0.684 -> 0 | L16: 0 | M16: =L16*0.93 -> 0 | N16: 0 | O16: =N16*1.97 -> 0 | P16: 0 | Q16: =P16*16.59 -> 0 | R16: 0 | S16: =R16*17 -> 0 | T16: 0 | U16: =T16*0.1 -> 0 | V16: 0 | W16: =V16*0.5 -> 0 | X16: 0 | Y16: =X16*0.8 -> 0 | Z16: 0 | AA16: =Z16*0.5 -> 0 | AB16: 0 | AC16: =AB16*0.4 -> 0 | AD16: 0 | AE16: =AD16*0.35 -> 0 | AF16: 0 | AG16: =AF16/25 -> 0 | AH16: 0 | AI16: =AH16*6.5 -> 0 | AJ16: 0 | AK16: =AJ16/80 -> 0 | AL16: 0 | AM16: =AL16/61.67 -> 0 | AN16: 0 | AO16: 0 | AP16: =AO16*4.5 -> 0 | AQ16: 0 | AR16: =AQ16/30 -> 0 | AS16: 0 | AT16: 0 | AU16: 0 | AV16: =AU16/25 -> 0 | AW16: 0 | AX16: =AW16*27/30 -> 0 | AY16: =AX16/27 -> 0 | AZ16: 0 | BA16: 0 | BB16: 0 | BC16: =AZ16*600/663.06/555 -> 0 | BD16: =BC16*23 -> 0 | BE16: 0 | BF16: =BE16/800 -> 0 | BG16: 0 | BH16: =BG16/100 -> 0 | BI16: 0 | BJ16: =BI16*0.2 -> 0 | BK16: 0 | BL16: =BK16/300 -> 0 | BM16: 0 | BN16: =BM16/150 -> 0 | BO16: 0 | BP16: =BO16*33/35 -> 0 | BQ16: =BP16*35 -> 0 | BR16: 0 | BS16: =ROUND(BR16*0.4,2) -> 0 | BT16: 0 | BU16: =BT16*0.75 -> 0 | BV16: 0 | BW16: =BV16*1.3333333333 -> 0 | BX16: 0 | BY16: =ROUND(BX16*1.43,2) -> 0 | BZ16: =K16+M16+AC16+AE16+I16+Q16+U16+W16+Y16+S16+O16 -> 0 | CG16: 0
A17: 9 | B17: Du Mêt | C17: 0 | D17: =E17/5.12 -> 0 | E17: 0 | F17: 0 | G17: 0 | H17: 0 | I17: =H17 -> 0 | J17: 0 | K17: =J17*0.684 -> 0 | L17: 0 | M17: =L17*0.93 -> 0 | N17: 0 | O17: =N17*1.97 -> 0 | P17: 0 | Q17: =P17*16.59 -> 0 | R17: 0 | S17: =R17*17 -> 0 | T17: 0 | U17: =T17*0.1 -> 0 | V17: 0 | W17: =V17*0.5 -> 0 | X17: 0 | Y17: =X17*0.8 -> 0 | Z17: 0 | AA17: =Z17*0.5 -> 0 | AB17: 0 | AC17: =AB17*0.4 -> 0 | AD17: 0 | AE17: =AD17*0.35 -> 0 | AF17: 0 | AG17: =AF17/25 -> 0 | AH17: 0 | AI17: =AH17*6.5 -> 0 | AJ17: 0 | AK17: =AJ17/80 -> 0 | AL17: 0 | AM17: =AL17/61.67 -> 0 | AN17: 0 | AO17: 0 | AP17: =AO17*4.5 -> 0 | AQ17: 0 | AR17: =AQ17/30 -> 0 | AS17: 0 | AT17: 0 | AU17: 0 | AV17: =AU17/25 -> 0 | AW17: 0 | AX17: =AW17*27/30 -> 0 | AY17: =AX17/27 -> 0 | AZ17: 0 | BA17: 0 | BB17: 0 | BC17: =AZ17*600/663.06/555 -> 0 | BD17: =BC17*23 -> 0 | BE17: 0 | BF17: =BE17/800 -> 0 | BG17: 0 | BH17: =BG17/100 -> 0 | BI17: 0 | BJ17: =BI17*0.2 -> 0 | BK17: 0 | BL17: =BK17/300 -> 0 | BM17: 0 | BN17: =BM17/150 -> 0 | BO17: 0 | BP17: =BO17*33/35 -> 0 | BQ17: =BP17*35 -> 0 | BR17: 0 | BS17: =ROUND(BR17*0.4,2) -> 0 | BT17: 0 | BU17: =BT17*0.75 -> 0 | BV17: 0 | BW17: =BV17*1.3333333333 -> 0 | BX17: 0 | BY17: =ROUND(BX17*1.43,2) -> 0 | BZ17: =K17+M17+AC17+AE17+I17+Q17+U17+W17+Y17+S17+O17 -> 0 | CG17: 0
A18: 10 | B18: Khon Ra Đây | C18: 0 | D18: =E18/5.12 -> 0 | E18: 0 | F18: 0 | G18: 0 | H18: 0 | I18: =H18 -> 0 | J18: 0 | K18: =J18*0.684 -> 0 | L18: 0 | M18: =L18*0.93 -> 0 | N18: 0 | O18: =N18*1.97 -> 0 | P18: 0 | Q18: =P18*16.59 -> 0 | R18: 0 | S18: =R18*17 -> 0 | T18: 0 | U18: =T18*0.1 -> 0 | V18: 0 | W18: =V18*0.5 -> 0 | X18: 0 | Y18: =X18*0.8 -> 0 | Z18: 0 | AA18: =Z18*0.5 -> 0 | AB18: 0 | AC18: =AB18*0.4 -> 0 | AD18: 0 | AE18: =AD18*0.35 -> 0 | AF18: 0 | AG18: =AF18/25 -> 0 | AH18: 0 | AI18: =AH18*6.5 -> 0 | AJ18: 0 | AK18: =AJ18/80 -> 0 | AL18: 0 | AM18: =AL18/61.67 -> 0 | AN18: 0 | AO18: 0 | AP18: =AO18*4.5 -> 0 | AQ18: 0 | AR18: =AQ18/30 -> 0 | AS18: 0 | AT18: 0 | AU18: 0 | AV18: =AU18/25 -> 0 | AW18: 0 | AX18: =AW18*27/30 -> 0 | AY18: =AX18/27 -> 0 | AZ18: 0 | BA18: 0 | BB18: 0 | BC18: =AZ18*600/663.06/555 -> 0 | BD18: =BC18*23 -> 0 | BE18: 0 | BF18: =BE18/800 -> 0 | BG18: 0 | BH18: =BG18/100 -> 0 | BI18: 0 | BJ18: =BI18*0.2 -> 0 | BK18: 0 | BL18: =BK18/300 -> 0 | BM18: 0 | BN18: =BM18/150 -> 0 | BO18: 0 | BP18: =BO18*33/35 -> 0 | BQ18: =BP18*35 -> 0 | BR18: 0 | BS18: =ROUND(BR18*0.4,2) -> 0 | BT18: 0 | BU18: =BT18*0.75 -> 0 | BV18: 0 | BW18: =BV18*1.3333333333 -> 0 | BX18: 0 | BY18: =ROUND(BX18*1.43,2) -> 0 | BZ18: =K18+M18+AC18+AE18+I18+Q18+U18+W18+Y18+S18+O18 -> 0 | CG18: 0
A19: 11 | B19: An Hia | C19: 0 | D19: =E19/5.12 -> 0 | E19: 0 | F19: 0 | G19: 0 | H19: 0 | I19: =H19 -> 0 | J19: 0 | K19: =J19*0.684 -> 0 | L19: 0 | M19: =L19*0.93 -> 0 | N19: 0 | O19: =N19*1.97 -> 0 | P19: 0 | Q19: =P19*16.59 -> 0 | R19: 0 | S19: =R19*17 -> 0 | T19: 0 | U19: =T19*0.1 -> 0 | V19: 0 | W19: =V19*0.5 -> 0 | X19: 0 | Y19: =X19*0.8 -> 0 | Z19: 0 | AA19: =Z19*0.5 -> 0 | AB19: 0 | AC19: =AB19*0.4 -> 0 | AD19: 0 | AE19: =AD19*0.35 -> 0 | AF19: 0 | AG19: =AF19/25 -> 0 | AH19: 0 | AI19: =AH19*6.5 -> 0 | AJ19: 0 | AK19: =AJ19/80 -> 0 | AL19: 0 | AM19: =AL19/61.67 -> 0 | AN19: 0 | AO19: 0 | AP19: =AO19*4.5 -> 0 | AQ19: 0 | AR19: =AQ19/30 -> 0 | AS19: 0 | AT19: 0 | AU19: 0 | AV19: =AU19/25 -> 0 | AW19: 0 | AX19: =AW19*27/30 -> 0 | AY19: =AX19/27 -> 0 | AZ19: 0 | BA19: 0 | BB19: 0 | BC19: =AZ19*600/663.06/555 -> 0 | BD19: =BC19*23 -> 0 | BE19: 0 | BF19: =BE19/800 -> 0 | BG19: 0 | BH19: =BG19/100 -> 0 | BI19: 0 | BJ19: =BI19*0.2 -> 0 | BK19: 0 | BL19: =BK19/300 -> 0 | BM19: 0 | BN19: =BM19/150 -> 0 | BO19: 0 | BP19: =BO19*33/35 -> 0 | BQ19: =BP19*35 -> 0 | BR19: 0 | BS19: =ROUND(BR19*0.4,2) -> 0 | BT19: 0 | BU19: =BT19*0.75 -> 0 | BV19: 0 | BW19: =BV19*1.3333333333 -> 0 | BX19: 0 | BY19: =ROUND(BX19*1.43,2) -> 0 | BZ19: =K19+M19+AC19+AE19+I19+Q19+U19+W19+Y19+S19+O19 -> 0 | CG19: 0
A20: 12 | B20: Thi Thia | H20: 0 | I20: =H20 -> 0 | J20: 0 | K20: =J20*0.684 -> 0 | L20: 0 | M20: =L20*0.93 -> 0 | N20: 0 | O20: =N20*1.97 -> 0 | P20: 0 | Q20: =P20*16.59 -> 0 | R20: 0 | S20: =R20*17 -> 0 | T20: 0 | U20: =T20*0.1 -> 0 | V20: 0 | W20: =V20*0.5 -> 0 | X20: 0 | Y20: =X20*0.8 -> 0 | Z20: 0 | AA20: =Z20*0.5 -> 0 | AB20: 0 | AC20: =AB20*0.4 -> 0 | AD20: 0 | AE20: =AD20*0.35 -> 0 | AF20: 0 | AG20: =AF20/25 -> 0 | AH20: 0 | AI20: =AH20*6.5 -> 0 | AJ20: 0 | AK20: =AJ20/80 -> 0 | AL20: 0 | AM20: =AL20/61.67 -> 0 | AN20: 0 | AO20: 0 | AP20: =AO20*4.5 -> 0 | AQ20: 0 | AR20: =AQ20/30 -> 0 | AS20: 0 | AT20: 0 | AU20: 0 | AV20: =AU20/25 -> 0 | AW20: 0 | AX20: =AW20*27/30 -> 0 | AY20: =AX20/27 -> 0 | AZ20: 0 | BA20: 0 | BB20: 0 | BC20: =AZ20*600/663.06/555 -> 0 | BD20: =BC20*23 -> 0 | BE20: 0 | BF20: =BE20/800 -> 0 | BG20: 0 | BH20: =BG20/100 -> 0 | BI20: 0 | BJ20: =BI20*0.2 -> 0 | BK20: 0 | BL20: =BK20/300 -> 0 | BM20: 0 | BN20: =BM20/150 -> 0 | BO20: 0 | BP20: =BO20*33/35 -> 0 | BQ20: =BP20*35 -> 0 | BR20: 0 | BS20: =ROUND(BR20*0.4,2) -> 0 | BT20: 0 | BU20: =BT20*0.75 -> 0 | BV20: 0 | BW20: =BV20*1.3333333333 -> 0 | BX20: 0 | BY20: =ROUND(BX20*1.43,2) -> 0 | BZ20: =K20+M20+AC20+AE20+I20+Q20+U20+W20+Y20+S20+O20 -> 0
A21: 13 | B21: Dôt Mêt | H21: 0 | I21: =H21 -> 0 | J21: 0 | K21: =J21*0.684 -> 0 | L21: 0 | M21: =L21*0.93 -> 0 | N21: 0 | O21: =N21*1.97 -> 0 | P21: 0 | Q21: =P21*16.59 -> 0 | R21: 0 | S21: =R21*17 -> 0 | BZ21: =K21+M21+AC21+AE21+I21+Q21+U21+W21+Y21+S21+O21 -> 0
A22: 14 | B22: Lu Lươn | H22: 0 | I22: =H22 -> 0 | J22: 0 | K22: =J22*0.684 -> 0 | L22: 0 | M22: =L22*0.93 -> 0 | N22: 0 | O22: =N22*1.97 -> 0 | P22: 0 | Q22: =P22*16.59 -> 0 | R22: 0 | S22: =R22*17 -> 0 | T22: 0 | U22: =T22*0.1 -> 0 | V22: 0 | W22: =V22*0.5 -> 0 | X22: 0 | Y22: =X22*0.8 -> 0 | Z22: 0 | AA22: =Z22*0.5 -> 0 | AB22: 0 | AC22: =AB22*0.4 -> 0 | AD22: 0 | AE22: =AD22*0.35 -> 0 | AF22: 0 | AG22: =AF22/25 -> 0 | AH22: 0 | AI22: =AH22*6.5 -> 0 | AJ22: 0 | AK22: =AJ22/80 -> 0 | AL22: 0 | AM22: =AL22/61.67 -> 0 | AN22: 0 | AO22: 0 | AP22: =AO22*4.5 -> 0 | AQ22: 0 | AR22: =AQ22/30 -> 0 | AS22: 0 | AT22: 0 | AU22: 0 | AV22: =AU22/25 -> 0 | AW22: 0 | AX22: =AW22*27/30 -> 0 | AY22: =AX22/27 -> 0 | AZ22: 0 | BA22: 0 | BB22: 0 | BC22: =AZ22*600/663.06/555 -> 0 | BD22: =BC22*23 -> 0 | BE22: 0 | BF22: =BE22/800 -> 0 | BG22: 0 | BH22: =BG22/100 -> 0 | BI22: 0 | BJ22: =BI22*0.2 -> 0 | BK22: 0 | BL22: =BK22/300 -> 0 | BM22: 0 | BN22: =BM22/150 -> 0 | BO22: 0 | BP22: =BO22*33/35 -> 0 | BQ22: =BP22*35 -> 0 | BR22: 0 | BS22: =ROUND(BR22*0.4,2) -> 0 | BT22: 0 | BU22: =BT22*0.75 -> 0 | BV22: 0 | BW22: =BV22*1.3333333333 -> 0 | BX22: 0 | BY22: =ROUND(BX22*1.43,2) -> 0 | BZ22: =K22+M22+AC22+AE22+I22+Q22+U22+W22+Y22+S22+O22 -> 0
A23: 15 | B23: Sươn Săm | H23: 0 | I23: =H23 -> 0 | J23: 0 | K23: =J23*0.684 -> 0 | L23: 0 | M23: =L23*0.93 -> 0 | N23: 0 | O23: =N23*1.97 -> 0 | P23: 0 | Q23: =P23*16.59 -> 0 | R23: 0 | S23: =R23*17 -> 0 | T23: 0 | U23: =T23*0.1 -> 0 | V23: 0 | W23: =V23*0.5 -> 0 | X23: 0 | Y23: =X23*0.8 -> 0 | Z23: 0 | AA23: =Z23*0.5 -> 0 | AB23: 0 | AC23: =AB23*0.4 -> 0 | AD23: 0 | AE23: =AD23*0.35 -> 0 | AF23: 0 | AG23: =AF23/25 -> 0 | AH23: 0 | AI23: =AH23*6.5 -> 0 | AJ23: 0 | AK23: =AJ23/80 -> 0 | AL23: 0 | AM23: =AL23/61.67 -> 0 | AN23: 0 | AO23: 0 | AP23: =AO23*4.5 -> 0 | AQ23: 0 | AR23: =AQ23/30 -> 0 | AS23: 0 | AT23: 0 | AU23: 0 | AV23: =AU23/25 -> 0 | AW23: 0 | AX23: =AW23*27/30 -> 0 | AY23: =AX23/27 -> 0 | AZ23: 0 | BA23: 0 | BB23: 0 | BC23: =AZ23*600/663.06/555 -> 0 | BD23: =BC23*23 -> 0 | BE23: 0 | BF23: =BE23/800 -> 0 | BG23: 0 | BH23: =BG23/100 -> 0 | BI23: 0 | BJ23: =BI23*0.2 -> 0 | BK23: 0 | BL23: =BK23/300 -> 0 | BM23: 0 | BN23: =BM23/150 -> 0 | BO23: 0 | BP23: =BO23*33/35 -> 0 | BQ23: =BP23*35 -> 0 | BR23: 0 | BS23: =ROUND(BR23*0.4,2) -> 0 | BT23: 0 | BU23: =BT23*0.75 -> 0 | BV23: 0 | BW23: =BV23*1.3333333333 -> 0 | BX23: 0 | BY23: =ROUND(BX23*1.43,2) -> 0 | BZ23: =K23+M23+AC23+AE23+I23+Q23+U23+W23+Y23+S23+O23 -> 0
A24: 16 | B24: Tem Mơi | H24: 0 | I24: =H24 -> 0 | J24: 0 | K24: =J24*0.684 -> 0 | L24: 0 | M24: =L24*0.93 -> 0 | N24: 0 | O24: =N24*1.97 -> 0 | P24: 0 | Q24: =P24*16.59 -> 0 | R24: 0 | S24: =R24*17 -> 0 | T24: 0 | U24: =T24*0.1 -> 0 | V24: 0 | W24: =V24*0.5 -> 0 | X24: 0 | Y24: =X24*0.8 -> 0 | Z24: 0 | AA24: =Z24*0.5 -> 0 | AB24: 0 | AC24: =AB24*0.4 -> 0 | AD24: 0 | AE24: =AD24*0.35 -> 0 | AF24: 0 | AG24: =AF24/25 -> 0 | AH24: 0 | AI24: =AH24*6.5 -> 0 | AJ24: 0 | AK24: =AJ24/80 -> 0 | AL24: 0 | AM24: =AL24/61.67 -> 0 | AN24: 0 | AO24: 0 | AP24: =AO24*4.5 -> 0 | AQ24: 0 | AR24: =AQ24/30 -> 0 | AS24: 0 | AT24: 0 | AU24: 0 | AV24: =AU24/25 -> 0 | AW24: 0 | AX24: =AW24*27/30 -> 0 | AY24: =AX24/27 -> 0 | AZ24: 0 | BA24: 0 | BB24: 0 | BC24: =AZ24*600/663.06/555 -> 0 | BD24: =BC24*23 -> 0 | BE24: 0 | BF24: =BE24/800 -> 0 | BG24: 0 | BH24: =BG24/100 -> 0 | BI24: 0 | BJ24: =BI24*0.2 -> 0 | BK24: 0 | BL24: =BK24/300 -> 0 | BM24: 0 | BN24: =BM24/150 -> 0 | BO24: 0 | BP24: =BO24*33/35 -> 0 | BQ24: =BP24*35 -> 0 | BR24: 0 | BS24: =ROUND(BR24*0.4,2) -> 0 | BT24: 0 | BU24: =BT24*0.75 -> 0 | BV24: 0 | BW24: =BV24*1.3333333333 -> 0 | BX24: 0 | BY24: =ROUND(BX24*1.43,2) -> 0 | BZ24: =K24+M24+AC24+AE24+I24+Q24+U24+W24+Y24+S24+O24 -> 0
A25: 17 | B25: Thu Ranh | H25: 0 | I25: =H25 -> 0 | J25: 0 | K25: =J25*0.684 -> 0 | L25: 0 | M25: =L25*0.93 -> 0 | N25: 0 | O25: =N25*1.97 -> 0 | P25: 0 | Q25: =P25*16.59 -> 0 | R25: 0 | S25: =R25*17 -> 0 | T25: 0 | U25: =T25*0.1 -> 0 | V25: 0 | W25: =V25*0.5 -> 0 | X25: 0 | Y25: =X25*0.8 -> 0 | Z25: 0 | AA25: =Z25*0.5 -> 0 | AB25: 0 | AC25: =AB25*0.4 -> 0 | AD25: 0 | AE25: =AD25*0.35 -> 0 | AF25: 0 | AG25: =AF25/25 -> 0 | AH25: 0 | AI25: =AH25*6.5 -> 0 | AJ25: 0 | AK25: =AJ25/80 -> 0 | AL25: 0 | AM25: =AL25/61.67 -> 0 | AN25: 0 | AO25: 0 | AP25: =AO25*4.5 -> 0 | AQ25: 0 | AR25: =AQ25/30 -> 0 | AS25: 0 | AT25: 0 | AU25: 0 | AV25: =AU25/25 -> 0 | AW25: 0 | AX25: =AW25*27/30 -> 0 | AY25: =AX25/27 -> 0 | AZ25: 0 | BA25: 0 | BB25: 0 | BC25: =AZ25*600/663.06/555 -> 0 | BD25: =BC25*23 -> 0 | BE25: 0 | BF25: =BE25/800 -> 0 | BG25: 0 | BH25: =BG25/100 -> 0 | BI25: 0 | BJ25: =BI25*0.2 -> 0 | BK25: 0 | BL25: =BK25/300 -> 0 | BM25: 0 | BN25: =BM25/150 -> 0 | BO25: 0 | BP25: =BO25*33/35 -> 0 | BQ25: =BP25*35 -> 0 | BR25: 0 | BS25: =ROUND(BR25*0.4,2) -> 0 | BT25: 0 | BU25: =BT25*0.75 -> 0 | BV25: 0 | BW25: =BV25*1.3333333333 -> 0 | BX25: 0 | BY25: =ROUND(BX25*1.43,2) -> 0 | BZ25: =K25+M25+AC25+AE25+I25+Q25+U25+W25+Y25+S25+O25 -> 0
A26: 18 | B26: Dup Hanh | H26: 0 | I26: =H26 -> 0 | J26: 0 | K26: =J26*0.684 -> 0 | L26: 0 | M26: =L26*0.93 -> 0 | N26: 0 | O26: =N26*1.97 -> 0 | P26: 0 | Q26: =P26*16.59 -> 0 | R26: 0 | S26: =R26*17 -> 0 | BZ26: =K26+M26+AC26+AE26+I26+Q26+U26+W26+Y26+S26+O26 -> 0
A27: 19 | B27: Phon Thit | H27: 0 | I27: =H27 -> 0 | J27: 0 | K27: =J27*0.684 -> 0 | L27: 0 | M27: =L27*0.93 -> 0 | N27: 0 | O27: =N27*1.97 -> 0 | P27: 0 | Q27: =P27*16.59 -> 0 | R27: 0 | S27: =R27*17 -> 0 | T27: 0 | U27: =T27*0.1 -> 0 | V27: 0 | W27: =V27*0.5 -> 0 | X27: 0 | Y27: =X27*0.8 -> 0 | Z27: 0 | AA27: =Z27*0.5 -> 0 | AB27: 0 | AC27: =AB27*0.4 -> 0 | AD27: 0 | AE27: =AD27*0.35 -> 0 | AF27: 0 | AG27: =AF27/25 -> 0 | AH27: 0 | AI27: =AH27*6.5 -> 0 | AJ27: 0 | AK27: =AJ27/80 -> 0 | AL27: 0 | AM27: =AL27/61.67 -> 0 | AN27: 0 | AO27: 0 | AP27: =AO27*4.5 -> 0 | AQ27: 0 | AR27: =AQ27/30 -> 0 | AS27: 0 | AT27: 0 | AU27: 0 | AV27: =AU27/25 -> 0 | AW27: 0 | AX27: =AW27*27/30 -> 0 | AY27: =AX27/27 -> 0 | AZ27: 0 | BA27: 0 | BB27: 0 | BC27: =AZ27*600/663.06/555 -> 0 | BD27: =BC27*23 -> 0 | BE27: 0 | BF27: =BE27/800 -> 0 | BG27: 0 | BH27: =BG27/100 -> 0 | BI27: 0 | BJ27: =BI27*0.2 -> 0 | BK27: 0 | BL27: =BK27/300 -> 0 | BM27: 0 | BN27: =BM27/150 -> 0 | BO27: 0 | BP27: =BO27*33/35 -> 0 | BQ27: =BP27*35 -> 0 | BR27: 0 | BS27: =ROUND(BR27*0.4,2) -> 0 | BT27: 0 | BU27: =BT27*0.75 -> 0 | BV27: 0 | BW27: =BV27*1.3333333333 -> 0 | BX27: 0 | BY27: =ROUND(BX27*1.43,2) -> 0 | BZ27: =K27+M27+AC27+AE27+I27+Q27+U27+W27+Y27+S27+O27 -> 0
A28: 20 | B28: Ha Lay Hon | H28: 0 | I28: =H28 -> 0 | J28: 0 | K28: =J28*0.684 -> 0 | L28: 0 | M28: =L28*0.93 -> 0 | N28: 0 | O28: =N28*1.97 -> 0 | P28: 0 | Q28: =P28*16.59 -> 0 | R28: 0 | S28: =R28*17 -> 0 | T28: 0 | U28: =T28*0.1 -> 0 | V28: 0 | W28: =V28*0.5 -> 0 | X28: 0 | Y28: =X28*0.8 -> 0 | Z28: 0 | AA28: =Z28*0.5 -> 0 | AB28: 0 | AC28: =AB28*0.4 -> 0 | AD28: 0 | AE28: =AD28*0.35 -> 0 | AF28: 0 | AG28: =AF28/25 -> 0 | AH28: 0 | AI28: =AH28*6.5 -> 0 | AJ28: 0 | AK28: =AJ28/80 -> 0 | AL28: 0 | AM28: =AL28/61.67 -> 0 | AN28: 0 | AO28: 0 | AP28: =AO28*4.5 -> 0 | AQ28: 0 | AR28: =AQ28/30 -> 0 | AS28: 0 | AT28: 0 | AU28: 0 | AV28: =AU28/25 -> 0 | AW28: 0 | AX28: =AW28*27/30 -> 0 | AY28: =AX28/27 -> 0 | AZ28: 0 | BA28: 0 | BB28: 0 | BC28: =AZ28*600/663.06/555 -> 0 | BD28: =BC28*23 -> 0 | BE28: 0 | BF28: =BE28/800 -> 0 | BG28: 0 | BH28: =BG28/100 -> 0 | BI28: 0 | BJ28: =BI28*0.2 -> 0 | BK28: 0 | BL28: =BK28/300 -> 0 | BM28: 0 | BN28: =BM28/150 -> 0 | BO28: 0 | BP28: =BO28*33/35 -> 0 | BQ28: =BP28*35 -> 0 | BR28: 0 | BS28: =ROUND(BR28*0.4,2) -> 0 | BT28: 0 | BU28: =BT28*0.75 -> 0 | BV28: 0 | BW28: =BV28*1.3333333333 -> 0 | BX28: 0 | BY28: =ROUND(BX28*1.43,2) -> 0 | BZ28: =K28+M28+AC28+AE28+I28+Q28+U28+W28+Y28+S28+O28 -> 0
A29: 21 | B29: Lum Ron | H29: 0 | I29: =H29 -> 0 | J29: 0 | K29: =J29*0.684 -> 0 | L29: 0 | M29: =L29*0.93 -> 0 | N29: 0 | O29: =N29*1.979 -> 0 | P29: 0 | Q29: =P29*16.59 -> 0 | R29: 0 | S29: =R29*17 -> 0 | T29: 0 | U29: =T29*0.1 -> 0 | V29: 0 | W29: =V29*0.5 -> 0 | X29: 0 | Y29: =X29*0.8 -> 0 | Z29: 0 | AA29: =Z29*0.5 -> 0 | AB29: 0 | AC29: =AB29*0.4 -> 0 | AD29: 0 | AE29: =AD29*0.35 -> 0 | AF29: 0 | AG29: =AF29/25 -> 0 | AH29: 0 | AI29: =AH29*6.5 -> 0 | AJ29: 0 | AK29: =AJ29/80 -> 0 | AL29: 0 | AM29: =AL29/61.67 -> 0 | AN29: 0 | AO29: 0 | AP29: =AO29*4.5 -> 0 | AQ29: 0 | AR29: =AQ29/30 -> 0 | AS29: 0 | AT29: 0 | AU29: 0 | AV29: =AU29/25 -> 0 | AW29: 0 | AX29: =AW29*27/30 -> 0 | AY29: =AX29/27 -> 0 | AZ29: 0 | BA29: 0 | BB29: 0 | BC29: =AZ29*600/663.06/555 -> 0 | BD29: =BC29*23 -> 0 | BE29: 0 | BF29: =BE29/800 -> 0 | BG29: 0 | BH29: =BG29/100 -> 0 | BI29: 0 | BJ29: =BI29*0.2 -> 0 | BK29: 0 | BL29: =BK29/300 -> 0 | BM29: 0 | BN29: =BM29/150 -> 0 | BO29: 0 | BP29: =BO29*33/35 -> 0 | BQ29: =BP29*35 -> 0 | BR29: 0 | BS29: =ROUND(BR29*0.4,2) -> 0 | BT29: 0 | BU29: =BT29*0.75 -> 0 | BV29: 0 | BW29: =BV29*1.3333333333 -> 0 | BX29: 0 | BY29: =ROUND(BX29*1.43,2) -> 0 | BZ29: =K29+M29+AC29+AE29+I29+Q29+U29+W29+Y29+S29+O29 -> 0
A30: 22 | B30: Lup Hên | H30: 0 | I30: =H30 -> 0 | J30: 0 | K30: =J30*0.684 -> 0 | L30: 0 | M30: =L30*0.93 -> 0 | N30: 0 | O30: =N30*1.97 -> 0 | P30: 0 | Q30: =P30*16.59 -> 0 | R30: 0 | S30: =R30*17 -> 0 | T30: 0 | U30: =T30*0.1 -> 0 | V30: 0 | W30: =V30*0.5 -> 0 | X30: 0 | Y30: =X30*0.8 -> 0 | Z30: 0 | AA30: =Z30*0.5 -> 0 | AB30: 0 | AC30: =AB30*0.4 -> 0 | AD30: 0 | AE30: =AD30*0.35 -> 0 | AF30: 0 | AG30: =AF30/25 -> 0 | AH30: 0 | AI30: =AH30*6.5 -> 0 | AJ30: 0 | AK30: =AJ30/80 -> 0 | AL30: 0 | AM30: =AL30/61.67 -> 0 | AN30: 0 | AO30: 0 | AP30: =AO30*4.5 -> 0 | AQ30: 0 | AR30: =AQ30/30 -> 0 | AS30: 0 | AT30: 0 | AU30: 0 | AV30: =AU30/25 -> 0 | AW30: 0 | AX30: =AW30*27/30 -> 0 | AY30: =AX30/27 -> 0 | AZ30: 0 | BA30: 0 | BB30: 0 | BC30: =AZ30*600/663.06/555 -> 0 | BD30: =BC30*23 -> 0 | BE30: 0 | BF30: =BE30/800 -> 0 | BG30: 0 | BH30: =BG30/100 -> 0 | BI30: 0 | BJ30: =BI30*0.2 -> 0 | BK30: 0 | BL30: =BK30/300 -> 0 | BM30: 0 | BN30: =BM30/150 -> 0 | BO30: 0 | BP30: =BO30*33/35 -> 0 | BQ30: =BP30*35 -> 0 | BR30: 0 | BS30: =ROUND(BR30*0.4,2) -> 0 | BT30: 0 | BU30: =BT30*0.75 -> 0 | BV30: 0 | BW30: =BV30*1.3333333333 -> 0 | BX30: 0 | BY30: =ROUND(BX30*1.43,2) -> 0 | BZ30: =K30+M30+AC30+AE30+I30+Q30+U30+W30+Y30+S30+O30 -> 0
A31: 23 | B31: Nay Chên | H31: 0 | I31: =H31 -> 0 | J31: 0 | K31: =J31*0.684 -> 0 | L31: 0 | M31: =L31*0.93 -> 0 | N31: 0 | O31: =N31*1.97 -> 0 | P31: 0 | Q31: =P31*16.59 -> 0 | R31: 0 | S31: =R31*17 -> 0 | T31: 0 | U31: =T31*0.1 -> 0 | V31: 0 | W31: =V31*0.5 -> 0 | X31: 0 | Y31: =X31*0.8 -> 0 | Z31: 0 | AA31: =Z31*0.5 -> 0 | AB31: 0 | AC31: =AB31*0.4 -> 0 | AD31: 0 | AE31: =AD31*0.35 -> 0 | AF31: 0 | AG31: =AF31/25 -> 0 | AH31: 0 | AI31: =AH31*6.5 -> 0 | AJ31: 0 | AK31: =AJ31/80 -> 0 | AL31: 0 | AM31: =AL31/61.67 -> 0 | AN31: 0 | AO31: 0 | AP31: =AO31*4.5 -> 0 | AQ31: 0 | AR31: =AQ31/30 -> 0 | AS31: 0 | AT31: 0 | AU31: 0 | AV31: =AU31/25 -> 0 | AW31: 0 | AX31: =AW31*27/30 -> 0 | AY31: =AX31/27 -> 0 | AZ31: 0 | BA31: 0 | BB31: 0 | BC31: =AZ31*600/663.06/555 -> 0 | BD31: =BC31*23 -> 0 | BE31: 0 | BF31: =BE31/800 -> 0 | BG31: 0 | BH31: =BG31/100 -> 0 | BI31: 0 | BJ31: =BI31*0.2 -> 0 | BK31: 0 | BL31: =BK31/300 -> 0 | BM31: 0 | BN31: =BM31/150 -> 0 | BO31: 0 | BP31: =BO31*33/35 -> 0 | BQ31: =BP31*35 -> 0 | BR31: 0 | BS31: =ROUND(BR31*0.4,2) -> 0 | BT31: 0 | BU31: =BT31*0.75 -> 0 | BV31: 0 | BW31: =BV31*1.3333333333 -> 0 | BX31: 0 | BY31: =ROUND(BX31*1.43,2) -> 0 | BZ31: =K31+M31+AC31+AE31+I31+Q31+U31+W31+Y31+S31+O31 -> 0
A32: 24 | B32: Si Khưa | H32: 0 | I32: =H32 -> 0 | J32: 0 | K32: =J32*0.684 -> 0 | L32: 0 | M32: =L32*0.93 -> 0 | N32: 0 | O32: =N32*1.97 -> 0 | P32: 0 | Q32: =P32*16.59 -> 0 | R32: 0 | S32: =R32*17 -> 0 | T32: 0 | U32: =T32*0.1 -> 0 | V32: 0 | W32: =V32*0.5 -> 0 | X32: 0 | Y32: =X32*0.8 -> 0 | Z32: 0 | AA32: =Z32*0.5 -> 0 | AB32: 0 | AC32: =AB32*0.4 -> 0 | AD32: 0 | AE32: =AD32*0.35 -> 0 | AF32: 0 | AG32: =AF32/25 -> 0 | AH32: 0 | AI32: =AH32*6.5 -> 0 | AJ32: 0 | AK32: =AJ32/80 -> 0 | AL32: 0 | AM32: =AL32/61.67 -> 0 | AN32: 0 | AO32: 0 | AP32: =AO32*4.5 -> 0 | AQ32: 0 | AR32: =AQ32/30 -> 0 | AS32: 0 | AT32: 0 | AU32: 0 | AV32: =AU32/25 -> 0 | AW32: 0 | AX32: =AW32*27/30 -> 0 | AY32: =AX32/27 -> 0 | AZ32: 0 | BA32: 0 | BB32: 0 | BC32: =AZ32*600/663.06/555 -> 0 | BD32: =BC32*23 -> 0 | BE32: 0 | BF32: =BE32/800 -> 0 | BG32: 0 | BH32: =BG32/100 -> 0 | BI32: 0 | BJ32: =BI32*0.2 -> 0 | BK32: 0 | BL32: =BK32/300 -> 0 | BM32: 0 | BN32: =BM32/150 -> 0 | BO32: 0 | BP32: =BO32*33/35 -> 0 | BQ32: =BP32*35 -> 0 | BR32: 0 | BS32: =ROUND(BR32*0.4,2) -> 0 | BT32: 0 | BU32: =BT32*0.75 -> 0 | BV32: 0 | BW32: =BV32*1.3333333333 -> 0 | BX32: 0 | BY32: =ROUND(BX32*1.43,2) -> 0 | BZ32: =K32+M32+AC32+AE32+I32+Q32+U32+W32+Y32+S32+O32 -> 0
A33: 25 | B33: Khăm Vanh | H33: 0 | I33: =H33 -> 0 | J33: 0 | K33: =J33*0.684 -> 0 | L33: 0 | M33: =L33*0.93 -> 0 | N33: 0 | O33: =N33*1.97 -> 0 | P33: 0 | Q33: =P33*16.59 -> 0 | R33: 0 | S33: =R33*17 -> 0 | T33: 0 | U33: =T33*0.1 -> 0 | V33: 0 | W33: =V33*0.5 -> 0 | X33: 0 | Y33: =X33*0.8 -> 0 | Z33: 0 | AA33: =Z33*0.5 -> 0 | AB33: 0 | AC33: =AB33*0.4 -> 0 | AD33: 0 | AE33: =AD33*0.35 -> 0 | AF33: 0 | AG33: =AF33/25 -> 0 | AH33: 0 | AI33: =AH33*6.5 -> 0 | AJ33: 0 | AK33: =AJ33/80 -> 0 | AL33: 0 | AM33: =AL33/61.67 -> 0 | AN33: 0 | AO33: 0 | AP33: =AO33*4.5 -> 0 | AQ33: 0 | AR33: =AQ33/30 -> 0 | AS33: 0 | AT33: 0 | AU33: 0 | AV33: =AU33/25 -> 0 | AW33: 0 | AX33: =AW33*27/30 -> 0 | AY33: =AX33/27 -> 0 | AZ33: 0 | BA33: 0 | BB33: 0 | BC33: =AZ33*600/663.06/555 -> 0 | BD33: =BC33*23 -> 0 | BE33: 0 | BF33: =BE33/800 -> 0 | BG33: 0 | BH33: =BG33/100 -> 0 | BI33: 0 | BJ33: =BI33*0.2 -> 0 | BK33: 0 | BL33: =BK33/300 -> 0 | BM33: 0 | BN33: =BM33/150 -> 0 | BO33: 0 | BP33: =BO33*33/35 -> 0 | BQ33: =BP33*35 -> 0 | BR33: 0 | BS33: =ROUND(BR33*0.4,2) -> 0 | BT33: 0 | BU33: =BT33*0.75 -> 0 | BV33: 0 | BW33: =BV33*1.3333333333 -> 0 | BX33: 0 | BY33: =ROUND(BX33*1.43,2) -> 0 | BZ33: =K33+M33+AC33+AE33+I33+Q33+U33+W33+Y33+S33+O33 -> 0
A34: 26 | B34: Chu Chươn | H34: 0 | I34: =H34 -> 0 | J34: 0 | K34: =J34*0.684 -> 0 | L34: 0 | M34: =L34*0.93 -> 0 | N34: 0 | O34: =N34*1.97 -> 0 | P34: 0 | Q34: =P34*16.59 -> 0 | R34: 0 | S34: =R34*17 -> 0 | T34: 0 | U34: =T34*0.1 -> 0 | V34: 0 | W34: =V34*0.5 -> 0 | X34: 0 | Y34: =X34*0.8 -> 0 | Z34: 0 | AA34: =Z34*0.5 -> 0 | AB34: 0 | AC34: =AB34*0.4 -> 0 | AD34: 0 | AE34: =AD34*0.35 -> 0 | AF34: 0 | AG34: =AF34/25 -> 0 | AH34: 0 | AI34: =AH34*6.5 -> 0 | AJ34: 0 | AK34: =AJ34/80 -> 0 | AL34: 0 | AM34: =AL34/61.67 -> 0 | AN34: 0 | AO34: 0 | AP34: =AO34*4.5 -> 0 | AQ34: 0 | AR34: =AQ34/30 -> 0 | AS34: 0 | AT34: 0 | AU34: 0 | AV34: =AU34/25 -> 0 | AW34: 0 | AX34: =AW34*27/30 -> 0 | AY34: =AX34/27 -> 0 | AZ34: 0 | BA34: 0 | BB34: 0 | BC34: =AZ34*600/663.06/555 -> 0 | BD34: =BC34*23 -> 0 | BE34: 0 | BF34: =BE34/800 -> 0 | BG34: 0 | BH34: =BG34/100 -> 0 | BI34: 0 | BJ34: =BI34*0.2 -> 0 | BK34: 0 | BL34: =BK34/300 -> 0 | BM34: 0 | BN34: =BM34/150 -> 0 | BO34: 0 | BP34: =BO34*33/35 -> 0 | BQ34: =BP34*35 -> 0 | BR34: 0 | BS34: =ROUND(BR34*0.4,2) -> 0 | BT34: 0 | BU34: =BT34*0.75 -> 0 | BV34: 0 | BW34: =BV34*1.3333333333 -> 0 | BX34: 0 | BY34: =ROUND(BX34*1.43,2) -> 0 | BZ34: =K34+M34+AC34+AE34+I34+Q34+U34+W34+Y34+S34+O34 -> 0
A35: 27 | B35: Thon Da | H35: 0 | I35: =H35 -> 0 | J35: 0 | K35: =J35*0.684 -> 0 | L35: 0 | M35: =L35*0.93 -> 0 | N35: 0 | O35: =N35*1.97 -> 0 | P35: 0 | Q35: =P35*16.59 -> 0 | R35: 0 | S35: =R35*17 -> 0 | T35: 0 | U35: =T35*0.1 -> 0 | V35: 0 | W35: =V35*0.5 -> 0 | X35: 0 | Y35: =X35*0.8 -> 0 | Z35: 0 | AA35: =Z35*0.5 -> 0 | AB35: 0 | AC35: =AB35*0.4 -> 0 | AD35: 0 | AE35: =AD35*0.35 -> 0 | AF35: 0 | AG35: =AF35/25 -> 0 | AH35: 0 | AI35: =AH35*6.5 -> 0 | AJ35: 0 | AK35: =AJ35/80 -> 0 | AL35: 0 | AM35: =AL35/61.67 -> 0 | AN35: 0 | AO35: 0 | AP35: =AO35*4.5 -> 0 | AQ35: 0 | AR35: =AQ35/30 -> 0 | AS35: 0 | AT35: 0 | AU35: 0 | AV35: =AU35/25 -> 0 | AW35: 0 | AX35: =AW35*27/30 -> 0 | AY35: =AX35/27 -> 0 | AZ35: 0 | BA35: 0 | BB35: 0 | BC35: =AZ35*600/663.06/555 -> 0 | BD35: =BC35*23 -> 0 | BE35: 0 | BF35: =BE35/800 -> 0 | BG35: 0 | BH35: =BG35/100 -> 0 | BI35: 0 | BJ35: =BI35*0.2 -> 0 | BK35: 0 | BL35: =BK35/300 -> 0 | BM35: 0 | BN35: =BM35/150 -> 0 | BO35: 0 | BP35: =BO35*33/35 -> 0 | BQ35: =BP35*35 -> 0 | BR35: 0 | BS35: =ROUND(BR35*0.4,2) -> 0 | BT35: 0 | BU35: =BT35*0.75 -> 0 | BV35: 0 | BW35: =BV35*1.3333333333 -> 0 | BX35: 0 | BY35: =ROUND(BX35*1.43,2) -> 0 | BZ35: =K35+M35+AC35+AE35+I35+Q35+U35+W35+Y35+S35+O35 -> 0
A36: 28 | B36: Tia Hươn | H36: 0 | I36: =H36 -> 0 | J36: 0 | K36: =J36*0.684 -> 0 | L36: 0 | M36: =L36*0.93 -> 0 | N36: 0 | O36: =N36*1.97 -> 0 | P36: 0 | Q36: =P36*16.59 -> 0 | R36: 0 | S36: =R36*17 -> 0 | BZ36: =K36+M36+AC36+AE36+I36+Q36+U36+W36+Y36+S36+O36 -> 0
A37: 29 | B37: Song San | H37: 0 | I37: =H37 -> 0 | J37: 0 | K37: =J37*0.684 -> 0 | L37: 0 | M37: =L37*0.93 -> 0 | N37: 0 | O37: =N37*1.97 -> 0 | P37: 0 | Q37: =P37*16.59 -> 0 | R37: 0 | S37: =R37*17 -> 0 | T37: 0 | U37: =T37*0.1 -> 0 | V37: 0 | W37: =V37*0.5 -> 0 | X37: 0 | Y37: =X37*0.8 -> 0 | Z37: 0 | AA37: =Z37*0.5 -> 0 | AB37: 0 | AC37: =AB37*0.4 -> 0 | AD37: 0 | AE37: =AD37*0.35 -> 0 | AF37: 0 | AG37: =AF37/25 -> 0 | AH37: 0 | AI37: =AH37*6.5 -> 0 | AJ37: 0 | AK37: =AJ37/80 -> 0 | AL37: 0 | AM37: =AL37/61.67 -> 0 | AN37: 0 | AO37: 0 | AP37: =AO37*4.5 -> 0 | AQ37: 0 | AR37: =AQ37/30 -> 0 | AS37: 0 | AT37: 0 | AU37: 0 | AV37: =AU37/25 -> 0 | AW37: 0 | AX37: =AW37*27/30 -> 0 | AY37: =AX37/27 -> 0 | AZ37: 0 | BA37: 0 | BB37: 0 | BC37: =AZ37*600/663.06/555 -> 0 | BD37: =BC37*23 -> 0 | BE37: 0 | BF37: =BE37/800 -> 0 | BG37: 0 | BH37: =BG37/100 -> 0 | BI37: 0 | BJ37: =BI37*0.2 -> 0 | BK37: 0 | BL37: =BK37/300 -> 0 | BM37: 0 | BN37: =BM37/150 -> 0 | BO37: 0 | BP37: =BO37*33/35 -> 0 | BQ37: =BP37*35 -> 0 | BR37: 0 | BS37: =ROUND(BR37*0.4,2) -> 0 | BT37: 0 | BU37: =BT37*0.75 -> 0 | BV37: 0 | BW37: =BV37*1.3333333333 -> 0 | BX37: 0 | BY37: =ROUND(BX37*1.43,2) -> 0 | BZ37: =K37+M37+AC37+AE37+I37+Q37+U37+W37+Y37+S37+O37 -> 0
A38: 30 | B38: But Mum | H38: 0 | I38: =H38 -> 0 | J38: 0 | K38: =J38*0.684 -> 0 | L38: 0 | M38: =L38*0.93 -> 0 | N38: 0 | O38: =N38*1.97 -> 0 | P38: 0 | Q38: =P38*16.59 -> 0 | R38: 0 | S38: =R38*17 -> 0 | T38: 0 | U38: =T38*0.1 -> 0 | V38: 0 | W38: =V38*0.5 -> 0 | X38: 0 | Y38: =X38*0.8 -> 0 | Z38: 0 | AA38: =Z38*0.5 -> 0 | AB38: 0 | AC38: =AB38*0.4 -> 0 | AD38: 0 | AE38: =AD38*0.35 -> 0 | AF38: 0 | AG38: =AF38/25 -> 0 | AH38: 0 | AI38: =AH38*6.5 -> 0 | AJ38: 0 | AK38: =AJ38/80 -> 0 | AL38: 0 | AM38: =AL38/61.67 -> 0 | AN38: 0 | AO38: 0 | AP38: =AO38*4.5 -> 0 | AQ38: 0 | AR38: =AQ38/30 -> 0 | AS38: 0 | AT38: 0 | AU38: 0 | AV38: =AU38/25 -> 0 | AW38: 0 | AX38: =AW38*27/30 -> 0 | AY38: =AX38/27 -> 0 | AZ38: 0 | BA38: 0 | BB38: 0 | BC38: =AZ38*600/663.06/555 -> 0 | BD38: =BC38*23 -> 0 | BE38: 0 | BF38: =BE38/800 -> 0 | BG38: 0 | BH38: =BG38/100 -> 0 | BI38: 0 | BJ38: =BI38*0.2 -> 0 | BK38: 0 | BL38: =BK38/300 -> 0 | BM38: 0 | BN38: =BM38/150 -> 0 | BO38: 0 | BP38: =BO38*33/35 -> 0 | BQ38: =BP38*35 -> 0 | BR38: 0 | BS38: =ROUND(BR38*0.4,2) -> 0 | BT38: 0 | BU38: =BT38*0.75 -> 0 | BV38: 0 | BW38: =BV38*1.3333333333 -> 0 | BX38: 0 | BY38: =ROUND(BX38*1.43,2) -> 0 | BZ38: =K38+M38+AC38+AE38+I38+Q38+U38+W38+Y38+S38+O38 -> 0
A39: 31 | B39: Say Hia | H39: 0 | I39: =H39 -> 0 | J39: 0 | K39: =J39*0.684 -> 0 | L39: 0 | M39: =L39*0.93 -> 0 | N39: 0 | O39: =N39*1.97 -> 0 | P39: 0 | Q39: =P39*16.59 -> 0 | R39: 0 | S39: =R39*17 -> 0 | T39: 0 | U39: =T39*0.1 -> 0 | V39: 0 | W39: =V39*0.5 -> 0 | X39: 0 | Y39: =X39*0.8 -> 0 | Z39: 0 | AA39: =Z39*0.5 -> 0 | AB39: 0 | AC39: =AB39*0.4 -> 0 | AD39: 0 | AE39: =AD39*0.35 -> 0 | AF39: 0 | AG39: =AF39/25 -> 0 | AH39: 0 | AI39: =AH39*6.5 -> 0 | AJ39: 0 | AK39: =AJ39/80 -> 0 | AL39: 0 | AM39: =AL39/61.67 -> 0 | AN39: 0 | AO39: 0 | AP39: =AO39*4.5 -> 0 | AQ39: 0 | AR39: =AQ39/30 -> 0 | AS39: 0 | AT39: 0 | AU39: 0 | AV39: =AU39/25 -> 0 | AW39: 0 | AX39: =AW39*27/30 -> 0 | AY39: =AX39/27 -> 0 | AZ39: 0 | BA39: 0 | BB39: 0 | BC39: =AZ39*600/663.06/555 -> 0 | BD39: =BC39*23 -> 0 | BE39: 0 | BF39: =BE39/800 -> 0 | BG39: 0 | BH39: =BG39/100 -> 0 | BI39: 0 | BJ39: =BI39*0.2 -> 0 | BK39: 0 | BL39: =BK39/300 -> 0 | BM39: 0 | BN39: =BM39/150 -> 0 | BO39: 0 | BP39: =BO39*33/35 -> 0 | BQ39: =BP39*35 -> 0 | BR39: 0 | BS39: =ROUND(BR39*0.4,2) -> 0 | BT39: 0 | BU39: =BT39*0.75 -> 0 | BV39: 0 | BW39: =BV39*1.3333333333 -> 0 | BX39: 0 | BY39: =ROUND(BX39*1.43,2) -> 0 | BZ39: =K39+M39+AC39+AE39+I39+Q39+U39+W39+Y39+S39+O39 -> 0
A40: 32 | B40: Sat Kia | H40: 0 | I40: =H40 -> 0 | J40: 0 | K40: =J40*0.684 -> 0 | L40: 0 | M40: =L40*0.93 -> 0 | N40: 0 | O40: =N40*1.97 -> 0 | P40: 0 | Q40: =P40*16.59 -> 0 | R40: 0 | S40: =R40*17 -> 0 | T40: 0 | U40: =T40*0.1 -> 0 | V40: 0 | W40: =V40*0.5 -> 0 | X40: 0 | Y40: =X40*0.8 -> 0 | Z40: 0 | AA40: =Z40*0.5 -> 0 | AB40: 0 | AC40: =AB40*0.4 -> 0 | AD40: 0 | AE40: =AD40*0.35 -> 0 | AF40: 0 | AG40: =AF40/25 -> 0 | AH40: 0 | AI40: =AH40*6.5 -> 0 | AJ40: 0 | AK40: =AJ40/80 -> 0 | AL40: 0 | AM40: =AL40/61.67 -> 0 | AN40: 0 | AO40: 0 | AP40: =AO40*4.5 -> 0 | AQ40: 0 | AR40: =AQ40/30 -> 0 | AS40: 0 | AT40: 0 | AU40: 0 | AV40: =AU40/25 -> 0 | AW40: 0 | AX40: =AW40*27/30 -> 0 | AY40: =AX40/27 -> 0 | AZ40: 0 | BA40: 0 | BB40: 0 | BC40: =AZ40*600/663.06/555 -> 0 | BD40: =BC40*23 -> 0 | BE40: 0 | BF40: =BE40/800 -> 0 | BG40: 0 | BH40: =BG40/100 -> 0 | BI40: 0 | BJ40: =BI40*0.2 -> 0 | BK40: 0 | BL40: =BK40/300 -> 0 | BM40: 0 | BN40: =BM40/150 -> 0 | BO40: 0 | BP40: =BO40*33/35 -> 0 | BQ40: =BP40*35 -> 0 | BR40: 0 | BS40: =ROUND(BR40*0.4,2) -> 0 | BT40: 0 | BU40: =BT40*0.75 -> 0 | BV40: 0 | BW40: =BV40*1.3333333333 -> 0 | BX40: 0 | BY40: =ROUND(BX40*1.43,2) -> 0 | BZ40: =K40+M40+AC40+AE40+I40+Q40+U40+W40+Y40+S40+O40 -> 0
A41: 33 | B41: Tem Tưa | H41: 0 | I41: =H41 -> 0 | J41: 0 | K41: =J41*0.684 -> 0 | L41: 0 | M41: =L41*0.93 -> 0 | N41: 0 | O41: =N41*1.97 -> 0 | P41: 0 | Q41: =P41*16.59 -> 0 | R41: 0 | S41: =R41*17 -> 0 | T41: 0 | U41: =T41*0.1 -> 0 | V41: 0 | W41: =V41*0.5 -> 0 | X41: 0 | Y41: =X41*0.8 -> 0 | Z41: 0 | AA41: =Z41*0.5 -> 0 | AB41: 0 | AC41: =AB41*0.4 -> 0 | AD41: 0 | AE41: =AD41*0.35 -> 0 | AF41: 0 | AG41: =AF41/25 -> 0 | AH41: 0 | AI41: =AH41*6.5 -> 0 | AJ41: 0 | AK41: =AJ41/80 -> 0 | AL41: 0 | AM41: =AL41/61.67 -> 0 | AN41: 0 | AO41: 0 | AP41: =AO41*4.5 -> 0 | AQ41: 0 | AR41: =AQ41/30 -> 0 | AS41: 0 | AT41: 0 | AU41: 0 | AV41: =AU41/25 -> 0 | AW41: 0 | AX41: =AW41*27/30 -> 0 | AY41: =AX41/27 -> 0 | AZ41: 0 | BA41: 0 | BB41: 0 | BC41: =AZ41*600/663.06/555 -> 0 | BD41: =BC41*23 -> 0 | BE41: 0 | BF41: =BE41/800 -> 0 | BG41: 0 | BH41: =BG41/100 -> 0 | BI41: 0 | BJ41: =BI41*0.2 -> 0 | BK41: 0 | BL41: =BK41/300 -> 0 | BM41: 0 | BN41: =BM41/150 -> 0 | BO41: 0 | BP41: =BO41*33/35 -> 0 | BQ41: =BP41*35 -> 0 | BR41: 0 | BS41: =ROUND(BR41*0.4,2) -> 0 | BT41: 0 | BU41: =BT41*0.75 -> 0 | BV41: 0 | BW41: =BV41*1.3333333333 -> 0 | BX41: 0 | BY41: =ROUND(BX41*1.43,2) -> 0 | BZ41: =K41+M41+AC41+AE41+I41+Q41+U41+W41+Y41+S41+O41 -> 0
A42: 34 | B42: Von Chia | H42: 0 | I42: =H42 -> 0 | J42: 0 | K42: =J42*0.684 -> 0 | L42: 0 | M42: =L42*0.931 -> 0 | N42: 0 | O42: =N42*1.97 -> 0 | P42: 0 | Q42: =P42*16.59 -> 0 | R42: 0 | S42: =R42*17 -> 0 | T42: 0 | U42: =T42*0.1 -> 0 | V42: 0 | W42: =V42*0.5 -> 0 | X42: 0 | Y42: =X42*0.8 -> 0 | Z42: 0 | AA42: =Z42*0.5 -> 0 | AB42: 0 | AC42: =AB42*0.4 -> 0 | AD42: 0 | AE42: =AD42*0.35 -> 0 | AF42: 0 | AG42: =AF42/25 -> 0 | AH42: 0 | AI42: =AH42*6.5 -> 0 | AJ42: 0 | AK42: =AJ42/80 -> 0 | AL42: 0 | AM42: =AL42/61.67 -> 0 | AN42: 0 | AO42: 0 | AP42: =AO42*4.5 -> 0 | AQ42: 0 | AR42: =AQ42/30 -> 0 | AS42: 0 | AT42: 0 | AU42: 0 | AV42: =AU42/25 -> 0 | AW42: 0 | AX42: =AW42*27/30 -> 0 | AY42: =AX42/27 -> 0 | AZ42: 0 | BA42: 0 | BB42: 0 | BC42: =AZ42*600/663.06/555 -> 0 | BD42: =BC42*23 -> 0 | BE42: 0 | BF42: =BE42/800 -> 0 | BG42: 0 | BH42: =BG42/100 -> 0 | BI42: 0 | BJ42: =BI42*0.2 -> 0 | BK42: 0 | BL42: =BK42/300 -> 0 | BM42: 0 | BN42: =BM42/150 -> 0 | BO42: 0 | BP42: =BO42*33/35 -> 0 | BQ42: =BP42*35 -> 0 | BR42: 0 | BS42: =ROUND(BR42*0.4,2) -> 0 | BT42: 0 | BU42: =BT42*0.75 -> 0 | BV42: 0 | BW42: =BV42*1.3333333333 -> 0 | BX42: 0 | BY42: =ROUND(BX42*1.43,2) -> 0 | BZ42: =K42+M42+AC42+AE42+I42+Q42+U42+W42+Y42+S42+O42 -> 0
A43: 35 | B43: Han Ra | H43: 0 | I43: =H43 -> 0 | J43: 0 | K43: =J43*0.684 -> 0 | L43: 0 | M43: =L43*0.93 -> 0 | N43: 0 | O43: =N43*1.97 -> 0 | P43: 0 | Q43: =P43*16.59 -> 0 | R43: 0 | S43: =R43*17 -> 0 | T43: 0 | U43: =T43*0.1 -> 0 | V43: 0 | W43: =V43*0.5 -> 0 | X43: 0 | Y43: =X43*0.8 -> 0 | Z43: 0 | AA43: =Z43*0.5 -> 0 | AB43: 0 | AC43: =AB43*0.4 -> 0 | AD43: 0 | AE43: =AD43*0.35 -> 0 | AF43: 0 | AG43: =AF43/25 -> 0 | AH43: 0 | AI43: =AH43*6.5 -> 0 | AJ43: 0 | AK43: =AJ43/80 -> 0 | AL43: 0 | AM43: =AL43/61.67 -> 0 | AN43: 0 | AO43: 0 | AP43: =AO43*4.5 -> 0 | AQ43: 0 | AR43: =AQ43/30 -> 0 | AS43: 0 | AT43: 0 | AU43: 0 | AV43: =AU43/25 -> 0 | AW43: 0 | AX43: =AW43*27/30 -> 0 | AY43: =AX43/27 -> 0 | AZ43: 0 | BA43: 0 | BB43: 0 | BC43: =AZ43*600/663.06/555 -> 0 | BD43: =BC43*23 -> 0 | BE43: 0 | BF43: =BE43/800 -> 0 | BG43: 0 | BH43: =BG43/100 -> 0 | BI43: 0 | BJ43: =BI43*0.2 -> 0 | BK43: 0 | BL43: =BK43/300 -> 0 | BM43: 0 | BN43: =BM43/150 -> 0 | BO43: 0 | BP43: =BO43*33/35 -> 0 | BQ43: =BP43*35 -> 0 | BR43: 0 | BS43: =ROUND(BR43*0.4,2) -> 0 | BT43: 0 | BU43: =BT43*0.75 -> 0 | BV43: 0 | BW43: =BV43*1.3333333333 -> 0 | BX43: 0 | BY43: =ROUND(BX43*1.43,2) -> 0 | BZ43: =K43+M43+AC43+AE43+I43+Q43+U43+W43+Y43+S43+O43 -> 0
A44: 36 | B44: Chia Chut | H44: 0 | I44: =H44 -> 0 | J44: 0 | K44: =J44*0.684 -> 0 | L44: 0 | M44: =L44*0.93 -> 0 | N44: 0 | O44: =N44*1.97 -> 0 | P44: 0 | Q44: =P44*16.59 -> 0 | R44: 0 | S44: =R44*17 -> 0 | T44: 0 | U44: =T44*0.1 -> 0 | V44: 0 | W44: =V44*0.5 -> 0 | X44: 0 | Y44: =X44*0.8 -> 0 | Z44: 0 | AA44: =Z44*0.5 -> 0 | AB44: 0 | AC44: =AB44*0.4 -> 0 | AD44: 0 | AE44: =AD44*0.35 -> 0 | AF44: 0 | AG44: =AF44/25 -> 0 | AH44: 0 | AI44: =AH44*6.5 -> 0 | AJ44: 0 | AK44: =AJ44/80 -> 0 | AL44: 0 | AM44: =AL44/61.67 -> 0 | AN44: 0 | AO44: 0 | AP44: =AO44*4.5 -> 0 | AQ44: 0 | AR44: =AQ44/30 -> 0 | AS44: 0 | AT44: 0 | AU44: 0 | AV44: =AU44/25 -> 0 | AW44: 0 | AX44: =AW44*27/30 -> 0 | AY44: =AX44/27 -> 0 | AZ44: 0 | BA44: 0 | BB44: 0 | BC44: =AZ44*600/663.06/555 -> 0 | BD44: =BC44*23 -> 0 | BE44: 0 | BF44: =BE44/800 -> 0 | BG44: 0 | BH44: =BG44/100 -> 0 | BI44: 0 | BJ44: =BI44*0.2 -> 0 | BK44: 0 | BL44: =BK44/300 -> 0 | BM44: 0 | BN44: =BM44/150 -> 0 | BO44: 0 | BP44: =BO44*33/35 -> 0 | BQ44: =BP44*35 -> 0 | BR44: 0 | BS44: =ROUND(BR44*0.4,2) -> 0 | BT44: 0 | BU44: =BT44*0.75 -> 0 | BV44: 0 | BW44: =BV44*1.3333333333 -> 0 | BX44: 0 | BY44: =ROUND(BX44*1.43,2) -> 0 | BZ44: =K44+M44+AC44+AE44+I44+Q44+U44+W44+Y44+S44+O44 -> 0
A45: 37 | B45: Sum Tia | H45: 0 | I45: =H45 -> 0 | J45: 0 | K45: =J45*0.684 -> 0 | L45: 0 | M45: =L45*0.93 -> 0 | N45: 0 | O45: =N45*1.97 -> 0 | P45: 0 | Q45: =P45*16.59 -> 0 | R45: 0 | S45: =R45*17 -> 0 | T45: 0 | U45: =T45*0.1 -> 0 | V45: 0 | W45: =V45*0.5 -> 0 | X45: 0 | Y45: =X45*0.8 -> 0 | Z45: 0 | AA45: =Z45*0.5 -> 0 | AB45: 0 | AC45: =AB45*0.4 -> 0 | AD45: 0 | AE45: =AD45*0.35 -> 0 | AF45: 0 | AG45: =AF45/25 -> 0 | AH45: 0 | AI45: =AH45*6.5 -> 0 | AJ45: 0 | AK45: =AJ45/80 -> 0 | AL45: 0 | AM45: =AL45/61.67 -> 0 | AN45: 0 | AO45: 0 | AP45: =AO45*4.5 -> 0 | AQ45: 0 | AR45: =AQ45/30 -> 0 | AS45: 0 | AT45: 0 | AU45: 0 | AV45: =AU45/25 -> 0 | AW45: 0 | AX45: =AW45*27/30 -> 0 | AY45: =AX45/27 -> 0 | AZ45: 0 | BA45: 0 | BB45: 0 | BC45: =AZ45*600/663.06/555 -> 0 | BD45: =BC45*23 -> 0 | BE45: 0 | BF45: =BE45/800 -> 0 | BG45: 0 | BH45: =BG45/100 -> 0 | BI45: 0 | BJ45: =BI45*0.2 -> 0 | BK45: 0 | BL45: =BK45/300 -> 0 | BM45: 0 | BN45: =BM45/150 -> 0 | BO45: 0 | BP45: =BO45*33/35 -> 0 | BQ45: =BP45*35 -> 0 | BR45: 0 | BS45: =ROUND(BR45*0.4,2) -> 0 | BT45: 0 | BU45: =BT45*0.75 -> 0 | BV45: 0 | BW45: =BV45*1.3333333333 -> 0 | BX45: 0 | BY45: =ROUND(BX45*1.43,2) -> 0 | BZ45: =K45+M45+AC45+AE45+I45+Q45+U45+W45+Y45+S45+O45 -> 0
A46: 38 | B46: Chêt Da | H46: 0 | I46: =H46 -> 0 | J46: 0 | K46: =J46*0.684 -> 0 | L46: 0 | M46: =L46*0.93 -> 0 | N46: 0 | O46: =N46*1.97 -> 0 | P46: 0 | Q46: =P46*16.59 -> 0 | R46: 0 | S46: =R46*17 -> 0 | BZ46: =K46+M46+AC46+AE46+I46+Q46+U46+W46+Y46+S46+O46 -> 0
A47: 39 | B47: Sua Vêng | H47: 0 | I47: =H47 -> 0 | J47: 0 | K47: =J47*0.684 -> 0 | L47: 0 | M47: =L47*0.93 -> 0 | N47: 0 | O47: =N47*1.97 -> 0 | P47: 0 | Q47: =P47*16.59 -> 0 | R47: 0 | S47: =R47*17 -> 0 | T47: 0 | U47: =T47*0.1 -> 0 | V47: 0 | W47: =V47*0.5 -> 0 | X47: 0 | Y47: =X47*0.8 -> 0 | Z47: 0 | AA47: =Z47*0.5 -> 0 | AB47: 0 | AC47: =AB47*0.4 -> 0 | AD47: 0 | AE47: =AD47*0.35 -> 0 | AF47: 0 | AG47: =AF47/25 -> 0 | AH47: 0 | AI47: =AH47*6.5 -> 0 | AJ47: 0 | AK47: =AJ47/80 -> 0 | AL47: 0 | AM47: =AL47/61.67 -> 0 | AN47: 0 | AO47: 0 | AP47: =AO47*4.5 -> 0 | AQ47: 0 | AR47: =AQ47/30 -> 0 | AS47: 0 | AT47: 0 | AU47: 0 | AV47: =AU47/25 -> 0 | AW47: 0 | AX47: =AW47*27/30 -> 0 | AY47: =AX47/27 -> 0 | AZ47: 0 | BA47: 0 | BB47: 0 | BC47: =AZ47*600/663.06/555 -> 0 | BD47: =BC47*23 -> 0 | BE47: 0 | BF47: =BE47/800 -> 0 | BG47: 0 | BH47: =BG47/100 -> 0 | BI47: 0 | BJ47: =BI47*0.2 -> 0 | BK47: 0 | BL47: =BK47/300 -> 0 | BM47: 0 | BN47: =BM47/150 -> 0 | BO47: 0 | BP47: =BO47*33/35 -> 0 | BQ47: =BP47*35 -> 0 | BR47: 0 | BS47: =ROUND(BR47*0.4,2) -> 0 | BT47: 0 | BU47: =BT47*0.75 -> 0 | BV47: 0 | BW47: =BV47*1.3333333333 -> 0 | BX47: 0 | BY47: =ROUND(BX47*1.43,2) -> 0 | BZ47: =K47+M47+AC47+AE47+I47+Q47+U47+W47+Y47+S47+O47 -> 0
A48: 40 | B48: Săm Bươn | H48: 0 | I48: =H48 -> 0 | J48: 0 | K48: =J48*0.684 -> 0 | L48: 0 | M48: =L48*0.93 -> 0 | N48: 0 | O48: =N48*1.97 -> 0 | P48: 0 | Q48: =P48*16.59 -> 0 | R48: 0 | S48: =R48*17 -> 0 | T48: 0 | U48: =T48*0.1 -> 0 | V48: 0 | W48: =V48*0.5 -> 0 | X48: 0 | Y48: =X48*0.8 -> 0 | Z48: 0 | AA48: =Z48*0.5 -> 0 | AB48: 0 | AC48: =AB48*0.4 -> 0 | AD48: 0 | AE48: =AD48*0.35 -> 0 | AF48: 0 | AG48: =AF48/25 -> 0 | AH48: 0 | AI48: =AH48*6.5 -> 0 | AJ48: 0 | AK48: =AJ48/80 -> 0 | AL48: 0 | AM48: =AL48/61.67 -> 0 | AN48: 0 | AO48: 0 | AP48: =AO48*4.5 -> 0 | AQ48: 0 | AR48: =AQ48/30 -> 0 | AS48: 0 | AT48: 0 | AU48: 0 | AV48: =AU48/25 -> 0 | AW48: 0 | AX48: =AW48*27/30 -> 0 | AY48: =AX48/27 -> 0 | AZ48: 0 | BA48: 0 | BB48: 0 | BC48: =AZ48*600/663.06/555 -> 0 | BD48: =BC48*23 -> 0 | BE48: 0 | BF48: =BE48/800 -> 0 | BG48: 0 | BH48: =BG48/100 -> 0 | BI48: 0 | BJ48: =BI48*0.2 -> 0 | BK48: 0 | BL48: =BK48/300 -> 0 | BM48: 0 | BN48: =BM48/150 -> 0 | BO48: 0 | BP48: =BO48*33/35 -> 0 | BQ48: =BP48*35 -> 0 | BR48: 0 | BS48: =ROUND(BR48*0.4,2) -> 0 | BT48: 0 | BU48: =BT48*0.75 -> 0 | BV48: 0 | BW48: =BV48*1.3333333333 -> 0 | BX48: 0 | BY48: =ROUND(BX48*1.43,2) -> 0 | BZ48: =K48+M48+AC48+AE48+I48+Q48+U48+W48+Y48+S48+O48 -> 0
A49: 41 | B49: Kon Via Sa | H49: 0 | I49: =H49 -> 0 | J49: 0 | K49: =J49*0.684 -> 0 | L49: 0 | M49: =L49*0.93 -> 0 | N49: 0 | O49: =N49*1.97 -> 0 | P49: 0 | Q49: =P49*16.59 -> 0 | R49: 0 | S49: =R49*17 -> 0 | T49: 0 | U49: =T49*0.1 -> 0 | V49: 0 | W49: =V49*0.5 -> 0 | X49: 0 | Y49: =X49*0.8 -> 0 | Z49: 0 | AA49: =Z49*0.5 -> 0 | AB49: 0 | AC49: =AB49*0.4 -> 0 | AD49: 0 | AE49: =AD49*0.35 -> 0 | AF49: 0 | AG49: =AF49/25 -> 0 | AH49: 0 | AI49: =AH49*6.5 -> 0 | AJ49: 0 | AK49: =AJ49/80 -> 0 | AL49: 0 | AM49: =AL49/61.67 -> 0 | AN49: 0 | AO49: 0 | AP49: =AO49*4.5 -> 0 | AQ49: 0 | AR49: =AQ49/30 -> 0 | AS49: 0 | AT49: 0 | AU49: 0 | AV49: =AU49/25 -> 0 | AW49: 0 | AX49: =AW49*27/30 -> 0 | AY49: =AX49/27 -> 0 | AZ49: 0 | BA49: 0 | BB49: 0 | BC49: =AZ49*600/663.06/555 -> 0 | BD49: =BC49*23 -> 0 | BE49: 0 | BF49: =BE49/800 -> 0 | BG49: 0 | BH49: =BG49/100 -> 0 | BI49: 0 | BJ49: =BI49*0.2 -> 0 | BK49: 0 | BL49: =BK49/300 -> 0 | BM49: 0 | BN49: =BM49/150 -> 0 | BO49: 0 | BP49: =BO49*33/35 -> 0 | BQ49: =BP49*35 -> 0 | BR49: 0 | BS49: =ROUND(BR49*0.4,2) -> 0 | BT49: 0 | BU49: =BT49*0.75 -> 0 | BV49: 0 | BW49: =BV49*1.3333333333 -> 0 | BX49: 0 | BY49: =ROUND(BX49*1.43,2) -> 0 | BZ49: =K49+M49+AC49+AE49+I49+Q49+U49+W49+Y49+S49+O49 -> 0
A50: 42 | B50: Men Mut | H50: 0 | I50: =H50 -> 0 | J50: 0 | K50: =J50*0.684 -> 0 | L50: 0 | M50: =L50*0.93 -> 0 | N50: 0 | O50: =N50*1.97 -> 0 | P50: 0 | Q50: =P50*16.59 -> 0 | R50: 0 | S50: =R50*17 -> 0 | T50: 0 | U50: =T50*0.1 -> 0 | V50: 0 | W50: =V50*0.5 -> 0 | X50: 0 | Y50: =X50*0.8 -> 0 | Z50: 0 | AA50: =Z50*0.5 -> 0 | AB50: 0 | AC50: =AB50*0.4 -> 0 | AD50: 0 | AE50: =AD50*0.35 -> 0 | AF50: 0 | AG50: =AF50/25 -> 0 | AH50: 0 | AI50: =AH50*6.5 -> 0 | AJ50: 0 | AK50: =AJ50/80 -> 0 | AL50: 0 | AM50: =AL50/61.67 -> 0 | AN50: 0 | AO50: 0 | AP50: =AO50*4.5 -> 0 | AQ50: 0 | AR50: =AQ50/30 -> 0 | AS50: 0 | AT50: 0 | AU50: 0 | AV50: =AU50/25 -> 0 | AW50: 0 | AX50: =AW50*27/30 -> 0 | AY50: =AX50/27 -> 0 | AZ50: 0 | BA50: 0 | BB50: 0 | BC50: =AZ50*600/663.06/555 -> 0 | BD50: =BC50*23 -> 0 | BE50: 0 | BF50: =BE50/800 -> 0 | BG50: 0 | BH50: =BG50/100 -> 0 | BI50: 0 | BJ50: =BI50*0.2 -> 0 | BK50: 0 | BL50: =BK50/300 -> 0 | BM50: 0 | BN50: =BM50/150 -> 0 | BO50: 0 | BP50: =BO50*33/35 -> 0 | BQ50: =BP50*35 -> 0 | BR50: 0 | BS50: =ROUND(BR50*0.4,2) -> 0 | BT50: 0 | BU50: =BT50*0.75 -> 0 | BV50: 0 | BW50: =BV50*1.3333333333 -> 0 | BX50: 0 | BY50: =ROUND(BX50*1.43,2) -> 0 | BZ50: =K50+M50+AC50+AE50+I50+Q50+U50+W50+Y50+S50+O50 -> 0
A51: 43 | B51: Siu Vênh | H51: 0 | I51: =H51 -> 0 | J51: 0 | K51: =J51*0.684 -> 0 | L51: 0 | M51: =L51*0.93 -> 0 | N51: 0 | O51: =N51*1.97 -> 0 | P51: 0 | Q51: =P51*16.59 -> 0 | R51: 0 | S51: =R51*17 -> 0 | T51: 0 | U51: =T51*0.1 -> 0 | V51: 0 | W51: =V51*0.5 -> 0 | X51: 0 | Y51: =X51*0.8 -> 0 | Z51: 0 | AA51: =Z51*0.5 -> 0 | AB51: 0 | AC51: =AB51*0.4 -> 0 | AD51: 0 | AE51: =AD51*0.35 -> 0 | AF51: 0 | AG51: =AF51/25 -> 0 | AH51: 0 | AI51: =AH51*6.5 -> 0 | AJ51: 0 | AK51: =AJ51/80 -> 0 | AL51: 0 | AM51: =AL51/61.67 -> 0 | AN51: 0 | AO51: 0 | AP51: =AO51*4.5 -> 0 | AQ51: 0 | AR51: =AQ51/30 -> 0 | AS51: 0 | AT51: 0 | AU51: 0 | AV51: =AU51/25 -> 0 | AW51: 0 | AX51: =AW51*27/30 -> 0 | AY51: =AX51/27 -> 0 | AZ51: 0 | BA51: 0 | BB51: 0 | BC51: =AZ51*600/663.06/555 -> 0 | BD51: =BC51*23 -> 0 | BE51: 0 | BF51: =BE51/800 -> 0 | BG51: 0 | BH51: =BG51/100 -> 0 | BI51: 0 | BJ51: =BI51*0.2 -> 0 | BK51: 0 | BL51: =BK51/300 -> 0 | BM51: 0 | BN51: =BM51/150 -> 0 | BO51: 0 | BP51: =BO51*33/35 -> 0 | BQ51: =BP51*35 -> 0 | BR51: 0 | BS51: =ROUND(BR51*0.4,2) -> 0 | BT51: 0 | BU51: =BT51*0.75 -> 0 | BV51: 0 | BW51: =BV51*1.3333333333 -> 0 | BX51: 0 | BY51: =ROUND(BX51*1.43,2) -> 0 | BZ51: =K51+M51+AC51+AE51+I51+Q51+U51+W51+Y51+S51+O51 -> 0
A52: 44 | B52: Thang Hêng | H52: 0 | I52: =H52 -> 0 | J52: 0 | K52: =J52*0.684 -> 0 | L52: 0 | M52: =L52*0.93 -> 0 | N52: 0 | O52: =N52*1.97 -> 0 | P52: 0 | Q52: =P52*16.59 -> 0 | R52: 0 | S52: =R52*17 -> 0 | T52: 0 | U52: =T52*0.1 -> 0 | V52: 0 | W52: =V52*0.5 -> 0 | X52: 0 | Y52: =X52*0.8 -> 0 | Z52: 0 | AA52: =Z52*0.5 -> 0 | AB52: 0 | AC52: =AB52*0.4 -> 0 | AD52: 0 | AE52: =AD52*0.35 -> 0 | AF52: 0 | AG52: =AF52/25 -> 0 | AH52: 0 | AI52: =AH52*6.5 -> 0 | AJ52: 0 | AK52: =AJ52/80 -> 0 | AL52: 0 | AM52: =AL52/61.67 -> 0 | AN52: 0 | AO52: 0 | AP52: =AO52*4.5 -> 0 | AQ52: 0 | AR52: =AQ52/30 -> 0 | AS52: 0 | AT52: 0 | AU52: 0 | AV52: =AU52/25 -> 0 | AW52: 0 | AX52: =AW52*27/30 -> 0 | AY52: =AX52/27 -> 0 | AZ52: 0 | BA52: 0 | BB52: 0 | BC52: =AZ52*600/663.06/555 -> 0 | BD52: =BC52*23 -> 0 | BE52: 0 | BF52: =BE52/800 -> 0 | BG52: 0 | BH52: =BG52/100 -> 0 | BI52: 0 | BJ52: =BI52*0.2 -> 0 | BK52: 0 | BL52: =BK52/300 -> 0 | BM52: 0 | BN52: =BM52/150 -> 0 | BO52: 0 | BP52: =BO52*33/35 -> 0 | BQ52: =BP52*35 -> 0 | BR52: 0 | BS52: =ROUND(BR52*0.4,2) -> 0 | BT52: 0 | BU52: =BT52*0.75 -> 0 | BV52: 0 | BW52: =BV52*1.3333333333 -> 0 | BX52: 0 | BY52: =ROUND(BX52*1.43,2) -> 0 | BZ52: =K52+M52+AC52+AE52+I52+Q52+U52+W52+Y52+S52+O52 -> 0
A53: 45 | B53: Dup Mơi | H53: 0 | I53: =H53 -> 0 | J53: 0 | K53: =J53*0.684 -> 0 | L53: 0 | M53: =L53*0.93 -> 0 | N53: 0 | O53: =N53*1.97 -> 0 | P53: 0 | Q53: =P53*16.59 -> 0 | R53: 0 | S53: =R53*17 -> 0 | T53: 0 | U53: =T53*0.1 -> 0 | V53: 0 | W53: =V53*0.5 -> 0 | X53: 0 | Y53: =X53*0.8 -> 0 | Z53: 0 | AA53: =Z53*0.5 -> 0 | AB53: 0 | AC53: =AB53*0.4 -> 0 | AD53: 0 | AE53: =AD53*0.35 -> 0 | AF53: 0 | AG53: =AF53/25 -> 0 | AH53: 0 | AI53: =AH53*6.5 -> 0 | AJ53: 0 | AK53: =AJ53/80 -> 0 | AL53: 0 | AM53: =AL53/61.67 -> 0 | AN53: 0 | AO53: 0 | AP53: =AO53*4.5 -> 0 | AQ53: 0 | AR53: =AQ53/30 -> 0 | AS53: 0 | AT53: 0 | AU53: 0 | AV53: =AU53/25 -> 0 | AW53: 0 | AX53: =AW53*27/30 -> 0 | AY53: =AX53/27 -> 0 | AZ53: 0 | BA53: 0 | BB53: 0 | BC53: =AZ53*600/663.06/555 -> 0 | BD53: =BC53*23 -> 0 | BE53: 0 | BF53: =BE53/800 -> 0 | BG53: 0 | BH53: =BG53/100 -> 0 | BI53: 0 | BJ53: =BI53*0.2 -> 0 | BK53: 0 | BL53: =BK53/300 -> 0 | BM53: 0 | BN53: =BM53/150 -> 0 | BO53: 0 | BP53: =BO53*33/35 -> 0 | BQ53: =BP53*35 -> 0 | BR53: 0 | BS53: =ROUND(BR53*0.4,2) -> 0 | BT53: 0 | BU53: =BT53*0.75 -> 0 | BV53: 0 | BW53: =BV53*1.3333333333 -> 0 | BX53: 0 | BY53: =ROUND(BX53*1.43,2) -> 0 | BZ53: =K53+M53+AC53+AE53+I53+Q53+U53+W53+Y53+S53+O53 -> 0
A54: 46 | B54: Khanh Ra | H54: 0 | I54: =H54 -> 0 | J54: 0 | K54: =J54*0.684 -> 0 | L54: 0 | M54: =L54*0.93 -> 0 | N54: 0 | O54: =N54*1.97 -> 0 | P54: 0 | Q54: =P54*16.59 -> 0 | R54: 0 | S54: =R54*17 -> 0 | T54: 0 | U54: =T54*0.1 -> 0 | V54: 0 | W54: =V54*0.5 -> 0 | X54: 0 | Y54: =X54*0.8 -> 0 | Z54: 0 | AA54: =Z54*0.5 -> 0 | AB54: 0 | AC54: =AB54*0.4 -> 0 | AD54: 0 | AE54: =AD54*0.35 -> 0 | AF54: 0 | AG54: =AF54/25 -> 0 | AH54: 0 | AI54: =AH54*6.5 -> 0 | AJ54: 0 | AK54: =AJ54/80 -> 0 | AL54: 0 | AM54: =AL54/61.67 -> 0 | AN54: 0 | AO54: 0 | AP54: =AO54*4.5 -> 0 | AQ54: 0 | AR54: =AQ54/30 -> 0 | AS54: 0 | AT54: 0 | AU54: 0 | AV54: =AU54/25 -> 0 | AW54: 0 | AX54: =AW54*27/30 -> 0 | AY54: =AX54/27 -> 0 | AZ54: 0 | BA54: 0 | BB54: 0 | BC54: =AZ54*600/663.06/555 -> 0 | BD54: =BC54*23 -> 0 | BE54: 0 | BF54: =BE54/800 -> 0 | BG54: 0 | BH54: =BG54/100 -> 0 | BI54: 0 | BJ54: =BI54*0.2 -> 0 | BK54: 0 | BL54: =BK54/300 -> 0 | BM54: 0 | BN54: =BM54/150 -> 0 | BO54: 0 | BP54: =BO54*33/35 -> 0 | BQ54: =BP54*35 -> 0 | BR54: 0 | BS54: =ROUND(BR54*0.4,2) -> 0 | BT54: 0 | BU54: =BT54*0.75 -> 0 | BV54: 0 | BW54: =BV54*1.3333333333 -> 0 | BX54: 0 | BY54: =ROUND(BX54*1.43,2) -> 0 | BZ54: =K54+M54+AC54+AE54+I54+Q54+U54+W54+Y54+S54+O54 -> 0
A55: 47 | B55: Vênh Chênh | H55: 0 | I55: =H55 -> 0 | J55: 0 | K55: =J55*0.684 -> 0 | L55: 0 | M55: =L55*0.93 -> 0 | N55: 0 | O55: =N55*1.97 -> 0 | P55: 0 | Q55: =P55*16.59 -> 0 | R55: 0 | S55: =R55*17 -> 0 | T55: 0 | U55: =T55*0.1 -> 0 | V55: 0 | W55: =V55*0.5 -> 0 | X55: 0 | Y55: =X55*0.8 -> 0 | Z55: 0 | AA55: =Z55*0.5 -> 0 | AB55: 0 | AC55: =AB55*0.4 -> 0 | AD55: 0 | AE55: =AD55*0.35 -> 0 | AF55: 0 | AG55: =AF55/25 -> 0 | AH55: 0 | AI55: =AH55*6.5 -> 0 | AJ55: 0 | AK55: =AJ55/80 -> 0 | AL55: 0 | AM55: =AL55/61.67 -> 0 | AN55: 0 | AO55: 0 | AP55: =AO55*4.5 -> 0 | AQ55: 0 | AR55: =AQ55/30 -> 0 | AS55: 0 | AT55: 0 | AU55: 0 | AV55: =AU55/25 -> 0 | AW55: 0 | AX55: =AW55*27/30 -> 0 | AY55: =AX55/27 -> 0 | AZ55: 0 | BA55: 0 | BB55: 0 | BC55: =AZ55*600/663.06/555 -> 0 | BD55: =BC55*23 -> 0 | BE55: 0 | BF55: =BE55/800 -> 0 | BG55: 0 | BH55: =BG55/100 -> 0 | BI55: 0 | BJ55: =BI55*0.2 -> 0 | BK55: 0 | BL55: =BK55/300 -> 0 | BM55: 0 | BN55: =BM55/150 -> 0 | BO55: 0 | BP55: =BO55*33/35 -> 0 | BQ55: =BP55*35 -> 0 | BR55: 0 | BS55: =ROUND(BR55*0.4,2) -> 0 | BT55: 0 | BU55: =BT55*0.75 -> 0 | BV55: 0 | BW55: =BV55*1.3333333333 -> 0 | BX55: 0 | BY55: =ROUND(BX55*1.43,2) -> 0 | BZ55: =K55+M55+AC55+AE55+I55+Q55+U55+W55+Y55+S55+O55 -> 0
A56: 48 | B56: Lot Bum | H56: 0 | I56: =H56 -> 0 | J56: 0 | K56: =J56*0.684 -> 0 | L56: 0 | M56: =L56*0.93 -> 0 | N56: 0 | O56: =N56*1.97 -> 0 | P56: 0 | Q56: =P56*16.59 -> 0 | R56: 0 | S56: =R56*17 -> 0 | T56: 0 | U56: =T56*0.1 -> 0 | V56: 0 | W56: =V56*0.5 -> 0 | X56: 0 | Y56: =X56*0.8 -> 0 | Z56: 0 | AA56: =Z56*0.5 -> 0 | AB56: 0 | AC56: =AB56*0.4 -> 0 | AD56: 0 | AE56: =AD56*0.35 -> 0 | AF56: 0 | AG56: =AF56/25 -> 0 | AH56: 0 | AI56: =AH56*6.5 -> 0 | AJ56: 0 | AK56: =AJ56/80 -> 0 | AL56: 0 | AM56: =AL56/61.67 -> 0 | AN56: 0 | AO56: 0 | AP56: =AO56*4.5 -> 0 | AQ56: 0 | AR56: =AQ56/30 -> 0 | AS56: 0 | AT56: 0 | AU56: 0 | AV56: =AU56/25 -> 0 | AW56: 0 | AX56: =AW56*27/30 -> 0 | AY56: =AX56/27 -> 0 | AZ56: 0 | BA56: 0 | BB56: 0 | BC56: =AZ56*600/663.06/555 -> 0 | BD56: =BC56*23 -> 0 | BE56: 0 | BF56: =BE56/800 -> 0 | BG56: 0 | BH56: =BG56/100 -> 0 | BI56: 0 | BJ56: =BI56*0.2 -> 0 | BK56: 0 | BL56: =BK56/300 -> 0 | BM56: 0 | BN56: =BM56/150 -> 0 | BO56: 0 | BP56: =BO56*33/35 -> 0 | BQ56: =BP56*35 -> 0 | BR56: 0 | BS56: =ROUND(BR56*0.4,2) -> 0 | BT56: 0 | BU56: =BT56*0.75 -> 0 | BV56: 0 | BW56: =BV56*1.3333333333 -> 0 | BX56: 0 | BY56: =ROUND(BX56*1.43,2) -> 0 | BZ56: =K56+M56+AC56+AE56+I56+Q56+U56+W56+Y56+S56+O56 -> 0
A57: 49 | B57: Sang Son | H57: 0 | I57: =H57 -> 0 | J57: 0 | K57: =J57*0.684 -> 0 | L57: 0 | M57: =L57*0.93 -> 0 | N57: 0 | O57: =N57*1.97 -> 0 | P57: 0 | Q57: =P57*16.59 -> 0 | R57: 0 | S57: =R57*17 -> 0 | T57: 0 | U57: =T57*0.1 -> 0 | V57: 0 | W57: =V57*0.5 -> 0 | X57: 0 | Y57: =X57*0.8 -> 0 | Z57: 0 | AA57: =Z57*0.5 -> 0 | AB57: 0 | AC57: =AB57*0.4 -> 0 | AD57: 0 | AE57: =AD57*0.35 -> 0 | AF57: 0 | AG57: =AF57/25 -> 0 | AH57: 0 | AI57: =AH57*6.5 -> 0 | AJ57: 0 | AK57: =AJ57/80 -> 0 | AL57: 0 | AM57: =AL57/61.67 -> 0 | AN57: 0 | AO57: 0 | AP57: =AO57*4.5 -> 0 | AQ57: 0 | AR57: =AQ57/30 -> 0 | AS57: 0 | AT57: 0 | AU57: 0 | AV57: =AU57/25 -> 0 | AW57: 0 | AX57: =AW57*27/30 -> 0 | AY57: =AX57/27 -> 0 | AZ57: 0 | BA57: 0 | BB57: 0 | BC57: =AZ57*600/663.06/555 -> 0 | BD57: =BC57*23 -> 0 | BE57: 0 | BF57: =BE57/800 -> 0 | BG57: 0 | BH57: =BG57/100 -> 0 | BI57: 0 | BJ57: =BI57*0.2 -> 0 | BK57: 0 | BL57: =BK57/300 -> 0 | BM57: 0 | BN57: =BM57/150 -> 0 | BO57: 0 | BP57: =BO57*33/35 -> 0 | BQ57: =BP57*35 -> 0 | BR57: 0 | BS57: =ROUND(BR57*0.4,2) -> 0 | BT57: 0 | BU57: =BT57*0.75 -> 0 | BV57: 0 | BW57: =BV57*1.3333333333 -> 0 | BX57: 0 | BY57: =ROUND(BX57*1.43,2) -> 0 | BZ57: =K57+M57+AC57+AE57+I57+Q57+U57+W57+Y57+S57+O57 -> 0
A58: 50 | B58: La Hia | H58: 0 | I58: =H58 -> 0 | J58: 0 | K58: =J58*0.684 -> 0 | L58: 0 | M58: =L58*0.93 -> 0 | N58: 0 | O58: =N58*1.97 -> 0 | P58: 0 | Q58: =P58*16.59 -> 0 | R58: 0 | S58: =R58*17 -> 0 | T58: 0 | U58: =T58*0.1 -> 0 | V58: 0 | W58: =V58*0.5 -> 0 | X58: 0 | Y58: =X58*0.8 -> 0 | Z58: 0 | AA58: =Z58*0.5 -> 0 | AB58: 0 | AC58: =AB58*0.4 -> 0 | AD58: 0 | AE58: =AD58*0.35 -> 0 | AF58: 0 | AG58: =AF58/25 -> 0 | AH58: 0 | AI58: =AH58*6.5 -> 0 | AJ58: 0 | AK58: =AJ58/80 -> 0 | AL58: 0 | AM58: =AL58/61.67 -> 0 | AN58: 0 | AO58: 0 | AP58: =AO58*4.5 -> 0 | AQ58: 0 | AR58: =AQ58/30 -> 0 | AS58: 0 | AT58: 0 | AU58: 0 | AV58: =AU58/25 -> 0 | AW58: 0 | AX58: =AW58*27/30 -> 0 | AY58: =AX58/27 -> 0 | AZ58: 0 | BA58: 0 | BB58: 0 | BC58: =AZ58*600/663.06/555 -> 0 | BD58: =BC58*23 -> 0 | BE58: 0 | BF58: =BE58/800 -> 0 | BG58: 0 | BH58: =BG58/100 -> 0 | BI58: 0 | BJ58: =BI58*0.2 -> 0 | BK58: 0 | BL58: =BK58/300 -> 0 | BM58: 0 | BN58: =BM58/150 -> 0 | BO58: 0 | BP58: =BO58*33/35 -> 0 | BQ58: =BP58*35 -> 0 | BR58: 0 | BS58: =ROUND(BR58*0.4,2) -> 0 | BT58: 0 | BU58: =BT58*0.75 -> 0 | BV58: 0 | BW58: =BV58*1.3333333333 -> 0 | BX58: 0 | BY58: =ROUND(BX58*1.43,2) -> 0 | BZ58: =K58+M58+AC58+AE58+I58+Q58+U58+W58+Y58+S58+O58 -> 0
... A71: 63 | B71: Sat Mau | H71: 0 | I71: =H71 -> 0 | J71: 0 | K71: =J71*0.684 -> 0 | L71: 0 | M71: =L71*0.93 -> 0 | N71: 0 | O71: =N71*1.97 -> 0 | P71: 0 | Q71: =P71*16.59 -> 0 | R71: 0 | S71: =R71*17 -> 0 | T71: 0 | U71: =T71*0.1 -> 0 | V71: 0 | W71: =V71*0.5 -> 0 | X71: 0 | Y71: =X71*0.8 -> 0 | Z71: 0 | AA71: =Z71*0.5 -> 0 | AB71: 0 | AC71: =AB71*0.4 -> 0 | AD71: 0 | AE71: =AD71*0.35 -> 0 | AF71: 0 | AG71: =AF71/25 -> 0 | AH71: 0 | AI71: =AH71*6.5 -> 0 | AJ71: 0 | AK71: =AJ71/80 -> 0 | AL71: 0 | AM71: =AL71/61.67 -> 0 | AN71: 0 | AO71: 0 | AP71: =AO71*4.5 -> 0 | AQ71: 0 | AR71: =AQ71/30 -> 0 | AS71: 0 | AT71: 0 | AU71: 0 | AV71: =AU71/25 -> 0 | AW71: 0 | AX71: =AW71*27/30 -> 0 | AY71: =AX71/27 -> 0 | AZ71: 0 | BA71: 0 | BB71: 0 | BC71: =AZ71*600/663.06/555 -> 0 | BD71: =BC71*23 -> 0 | BE71: 0 | BF71: =BE71/800 -> 0 | BG71: 0 | BH71: =BG71/100 -> 0 | BI71: 0 | BJ71: =BI71*0.2 -> 0 | BK71: 0 | BL71: =BK71/300 -> 0 | BM71: 0 | BN71: =BM71/150 -> 0 | BO71: 0 | BP71: =BO71*33/35 -> 0 | BQ71: =BP71*35 -> 0 | BR71: 0 | BS71: =ROUND(BR71*0.4,2) -> 0 | BT71: 0 | BU71: =BT71*0.75 -> 0 | BV71: 0 | BW71: =BV71*1.3333333333 -> 0 | BX71: 0 | BY71: =ROUND(BX71*1.43,2) -> 0 | BZ71: =K71+M71+AC71+AE71+I71+Q71+U71+W71+Y71+S71+O71 -> 0
A72: 64 | B72: Thia Ra | H72: 0 | I72: =H72 -> 0 | J72: 0 | K72: =J72*0.684 -> 0 | L72: 0 | M72: =L72*0.93 -> 0 | BZ72: =K72+M72+AC72+AE72+I72+Q72+U72+W72+Y72+S72+O72 -> 0
A73: 65 | B73: Du Hon | H73: 0 | I73: =H73 -> 0 | J73: 0 | K73: =J73*0.684 -> 0 | L73: 0 | M73: =L73*0.93 -> 0 | BZ73: =K73+M73+AC73+AE73+I73+Q73+U73+W73+Y73+S73+O73 -> 0
A74: 66 | B74: Ron Ria | H74: 0 | I74: =H74 -> 0 | J74: 0 | K74: =J74*0.684 -> 0 | L74: 0 | M74: =L74*0.93 -> 0 | BZ74: =K74+M74+AC74+AE74+I74+Q74+U74+W74+Y74+S74+O74 -> 0
A75: 67 | B75: Phon Tha | H75: 0 | I75: =H75 -> 0 | J75: 0 | K75: =J75*0.684 -> 0 | L75: 0 | M75: =L75*0.93 -> 0 | BZ75: =K75+M75+AC75+AE75+I75+Q75+U75+W75+Y75+S75+O75 -> 0
A76: 68 | B76: Vot Num | H76: 0 | I76: =H76 -> 0 | J76: 0 | K76: =J76*0.684 -> 0 | L76: 0 | M76: =L76*0.93 -> 0 | BZ76: =K76+M76+AC76+AE76+I76+Q76+U76+W76+Y76+S76+O76 -> 0
A77: 69 | B77: Thu Thươn | H77: 0 | I77: =H77 -> 0 | J77: 0 | K77: =J77*0.684 -> 0 | L77: 0 | M77: =L77*0.93 -> 0 | BZ77: =K77+M77+AC77+AE77+I77+Q77+U77+W77+Y77+S77+O77 -> 0
A78: 70 | B78: Sia Vum | H78: 0 | I78: =H78 -> 0 | J78: 0 | K78: =J78*0.684 -> 0 | L78: 0 | M78: =L78*0.93 -> 0 | BZ78: =K78+M78+AC78+AE78+I78+Q78+U78+W78+Y78+S78+O78 -> 0
A79: 71 | B79: Phon Xia | H79: 0 | I79: =H79 -> 0 | J79: 0 | K79: =J79*0.684 -> 0 | L79: 0 | M79: =L79*0.93 -> 0 | BZ79: =K79+M79+AC79+AE79+I79+Q79+U79+W79+Y79+S79+O79 -> 0
A80: 72 | B80: Tu Hua | H80: 0 | I80: =H80 -> 0 | J80: 0 | K80: =J80*0.684 -> 0 | L80: 0 | M80: =L80*0.93 -> 0 | BZ80: =K80+M80+AC80+AE80+I80+Q80+U80+W80+Y80+S80+O80 -> 0
A81: 73 | B81: Mim Ra | H81: 0 | I81: =H81 -> 0 | J81: 0 | K81: =J81*0.684 -> 0 | L81: 0 | M81: =L81*0.93 -> 0 | BZ81: =K81+M81+AC81+AE81+I81+Q81+U81+W81+Y81+S81+O81 -> 0
A82: 74 | B82: Ra Hum | H82: 0 | I82: =H82 -> 0 | J82: 0 | K82: =J82*0.684 -> 0 | L82: 0 | M82: =L82*0.93 -> 0 | BZ82: =K82+M82+AC82+AE82+I82+Q82+U82+W82+Y82+S82+O82 -> 0
A83: 75 | B83: Um Von | H83: 0 | I83: =H83 -> 0 | J83: 0 | K83: =J83*0.684 -> 0 | L83: 0 | M83: =L83*0.93 -> 0 | BZ83: =K83+M83+AC83+AE83+I83+Q83+U83+W83+Y83+S83+O83 -> 0
... A106: 98 | B106: Chi Chia | H106: 0 | I106: =H106 -> 0 | J106: 0 | K106: =J106*0.684 -> 0 | L106: 0 | M106: =L106*0.93 -> 0 | BZ106: =K106+M106+AC106+AE106+I106+Q106+U106+W106+Y106+S106+O106 -> 0
A107: TỔNG CỘNG | C107: =SUM(C9:C19) -> 0 | D107: =SUM(D9:D19) -> 0 | E107: =SUM(E9:E19) -> 0 | F107: =SUM(F9:F19) -> 0 | G107: =SUM(G9:G19) -> 0 | H107: =SUM(H9:H106) -> 0 | I107: =SUM(I9:I106) -> 0 | J107: =SUM(J9:J106) -> 0 | K107: =SUM(K9:K106) -> 0 | L107: =SUM(L9:L106) -> 0 | M107: =SUM(M9:M106) -> 0 | N107: =SUM(N9:N106) -> 0 | O107: =SUM(O9:O106) -> 0 | ... Y107: =SUM(Y9:Y106) -> 0 | Z107: =SUM(Z9:Z19) -> 0 | AA107: =SUM(AA9:AA19) -> 0 | AB107: =SUM(AB9:AB106) -> 0 | AC107: =SUM(AC9:AC106) -> 0 | AD107: =SUM(AD9:AD106) -> 0 | AE107: =SUM(AE9:AE106) -> 0 | AF107: =SUM(AF9:AF19) -> 0 | AG107: =SUM(AG9:AG19) -> 0 | AH107: =SUM(AH9:AH19) -> 0 | AI107: =SUM(AI9:AI19) -> 0 | AJ107: =SUM(AJ9:AJ19) -> 0 | AK107: =SUM(AK9:AK19) -> 0 | AL107: =SUM(AL9:AL19) -> 0 | AM107: =SUM(AM9:AM19) -> 0 | ... BH107: =SUM(BH9:BH19) -> 0 | BI107: 0 | BJ107: =SUM(BJ9:BJ19) -> 0 | BK107: =SUM(BK9:BK19) -> 0 | BL107: =SUM(BL9:BL19) -> 0 | BM107: =SUM(BM9:BM19) -> 0 | BN107: =SUM(BN9:BN19) -> 0 | BO107: =SUM(BO9:BO19) -> 0 | BP107: =SUM(BP9:BP19) -> 0 | BQ107: =SUM(BQ9:BQ19) -> 0 | ... BY107: =SUM(BY9:BY19) -> 0 | BZ107: =SUM(BZ9:BZ106) -> 0
L109: Kampong Thom, ngày 31 tháng 12 năm 2016
B110: ĐƠN VỊ THỰC HIỆN | L110: NGƯỜI LẬP BIỂU
B115: Nguyễn Thành Vinh | L115: Phạm Thành Phước

Sheet TTTL tổ 4
A1: CÔNG TY TNHH CAO SU MEKONG | J1: VƯƠNG QUỐC CAMPUCHIA
A2: ĐƠN VỊ: NÔNG TRƯỜNG II | J2: Dân tộc - Tôn giáo - Quốc vương
A4: BẢNG THANH TOÁN LƯƠNG CÔNG NHÂN CAMPUCHIA TỔ 4
A5: THÁNG 12 NĂM 2016
N7: ĐVT: Riel
A8: STT | B8: Họ và tên | C8: Định mức 22.000 Riel/công | D8: Tổng công | E8: Thành tiền | F8: Lương làm thêm giờ | G8: Lương thưởng tết | H8: Tổng lương | I8: Công nợ | L8: Tổng nợ | M8: Thực nhận | N8: KÝ NHẬN
F9: Công | I9: T/ứ lương | J9: TNCN | K9: Tiền đóng bảo hiểm
A10: A | B10: B | C10: 1 | D10: 2 | E10: 3=1*2 | F10: 4 | G10: 5 | H10: 6=3+5 | I10: 7 | J10: 8 | K10: 9 | L10: 10=7+8+9 | M10: 11=6-10 | N10: 12
A11: ='KL tổ 4'!A9 -> 1 | B11: ='KL tổ 4'!B9 -> Rat Non | C11: 22000 | D11: ='KL tổ 4'!BZ9 -> 0 | E11: 0 | F11: 0 | G11: 0 | H11: =E11+G11 -> 0 | I11: 0 | J11: =ROUND(IF(H11<=800000,0,IF(AND((H11-'[1]Gia cảnh 2 '!I6)>800000,(H11-'[1]Gia cảnh 2 '!I6)<=1250000),(H11-'[1]Gia cảnh 2 '!I6)*5%-40000,IF(AND((H11-'[1]Gia cảnh 2 '!I6)>1250000,(H11-'[1]Gia cảnh 2 '!I6)<=8500000),(H11-'[1]Gia cảnh 2 '!I6)*10%-102500))),2) -> 0 | K11: 1600 | L11: 0 | M11: 0
A12: ='KL tổ 4'!A10 -> 2 | B12: ='KL tổ 4'!B10 -> Dâm Vanh | C12: 22000 | D12: ='KL tổ 4'!BZ10 -> 0 | E12: 0 | F12: 0 | G12: 0 | H12: =E12+G12 -> 0 | I12: 0 | J12: 0 | K12: =IF(H12<=200000,1600,IF(AND(H12>200000,H12<=250000),1800,IF(AND(H12>250000,H12<=300000),2200,IF(AND(H12>300000,H12<=350000),2600,IF(AND(H12>350000,H12<=400000),3000,IF(AND(H12>400000,H12<=450000),3400,IF(AND(H12>450000,H12<=500000),3800,IF(AND(H12>500000,H12<=550000),4200,IF(AND(H12>550000,H12<=600000),4600,IF(AND(H12>600000,H12<=650000),5000,IF(AND(H12>650000,H12<=700000),5400,IF(AND(H12>700000,H12<=750000),5800,IF(AND(H12>750000,H12<=800000),6200,IF(AND(H12>800000,H12<=850000),6600,IF(AND(H12>850000,H12<=900000),7000,IF(AND(H12>900000,H12<=950000),7400,IF(AND(H12>950000,H12<=1000000),7800,IF(H12>1000000,8000)))))))))))))))))) -> 1600 | L12: 0 | M12: =IF(L12>0,H12-L12,H12) -> 0
A13: ='KL tổ 4'!A11 -> 3 | B13: ='KL tổ 4'!B11 -> Sa Mêt | C13: 22000 | D13: ='KL tổ 4'!BZ11 -> 0 | E13: 0 | F13: 0 | G13: 0 | H13: =E13+G13 -> 0 | I13: 0 | J13: =ROUND(IF(H13<=800000,0,IF(AND((H13-'[1]Gia cảnh 2 '!I8)>800000,(H13-'[1]Gia cảnh 2 '!I8)<=1250000),(H13-'[1]Gia cảnh 2 '!I8)*5%-40000,IF(AND((H13-'[1]Gia cảnh 2 '!I8)>1250000,(H13-'[1]Gia cảnh 2 '!I8)<=8500000),(H13-'[1]Gia cảnh 2 '!I8)*10%-102500))),2) -> 0 | K13: =IF(H13<=200000,1600,IF(AND(H13>200000,H13<=250000),1800,IF(AND(H13>250000,H13<=300000),2200,IF(AND(H13>300000,H13<=350000),2600,IF(AND(H13>350000,H13<=400000),3000,IF(AND(H13>400000,H13<=450000),3400,IF(AND(H13>450000,H13<=500000),3800,IF(AND(H13>500000,H13<=550000),4200,IF(AND(H13>550000,H13<=600000),4600,IF(AND(H13>600000,H13<=650000),5000,IF(AND(H13>650000,H13<=700000),5400,IF(AND(H13>700000,H13<=750000),5800,IF(AND(H13>750000,H13<=800000),6200,IF(AND(H13>800000,H13<=850000),6600,IF(AND(H13>850000,H13<=900000),7000,IF(AND(H13>900000,H13<=950000),7400,IF(AND(H13>950000,H13<=1000000),7800,IF(H13>1000000,8000)))))))))))))))))) -> 1600 | L13: 0 | M13: =IF(L13>0,H13-L13,H13) -> 0
A14: ='KL tổ 4'!A12 -> 4 | B14: ='KL tổ 4'!B12 -> Nu Rươn | C14: 22000 | D14: ='KL tổ 4'!BZ12 -> 0 | E14: 0 | F14: 0 | G14: 0 | H14: =E14+G14 -> 0 | I14: 0 | J14: =ROUND(IF(H14<=800000,0,IF(AND((H14-'[1]Gia cảnh 2 '!I9)>800000,(H14-'[1]Gia cảnh 2 '!I9)<=1250000),(H14-'[1]Gia cảnh 2 '!I9)*5%-40000,IF(AND((H14-'[1]Gia cảnh 2 '!I9)>1250000,(H14-'[1]Gia cảnh 2 '!I9)<=8500000),(H14-'[1]Gia cảnh 2 '!I9)*10%-102500))),2) -> 0 | K14: =IF(H14<=200000,1600,IF(AND(H14>200000,H14<=250000),1800,IF(AND(H14>250000,H14<=300000),2200,IF(AND(H14>300000,H14<=350000),2600,IF(AND(H14>350000,H14<=400000),3000,IF(AND(H14>400000,H14<=450000),3400,IF(AND(H14>450000,H14<=500000),3800,IF(AND(H14>500000,H14<=550000),4200,IF(AND(H14>550000,H14<=600000),4600,IF(AND(H14>600000,H14<=650000),5000,IF(AND(H14>650000,H14<=700000),5400,IF(AND(H14>700000,H14<=750000),5800,IF(AND(H14>750000,H14<=800000),6200,IF(AND(H14>800000,H14<=850000),6600,IF(AND(H14>850000,H14<=900000),7000,IF(AND(H14>900000,H14<=950000),7400,IF(AND(H14>950000,H14<=1000000),7800,IF(H14>1000000,8000)))))))))))))))))) -> 1600 | L14: 0 | M14: =IF(L14>0,H14-L14,H14) -> 0
A15: ='KL tổ 4'!A13 -> 5 | B15: ='KL tổ 4'!B13 -> Son Hay | C15: 22000 | D15: ='KL tổ 4'!BZ13 -> 0 | E15: 0 | F15: 0 | G15: 0 | H15: =E15+G15 -> 0 | I15: 0 | J15: =ROUND(IF(H15<=800000,0,IF(AND((H15-'[1]Gia cảnh 2 '!I10)>800000,(H15-'[1]Gia cảnh 2 '!I10)<=1250000),(H15-'[1]Gia cảnh 2 '!I10)*5%-40000,IF(AND((H15-'[1]Gia cảnh 2 '!I10)>1250000,(H15-'[1]Gia cảnh 2 '!I10)<=8500000),(H15-'[1]Gia cảnh 2 '!I10)*10%-102500))),2) -> 0 | K15: =IF(H15<=200000,1600,IF(AND(H15>200000,H15<=250000),1800,IF(AND(H15>250000,H15<=300000),2200,IF(AND(H15>300000,H15<=350000),2600,IF(AND(H15>350000,H15<=400000),3000,IF(AND(H15>400000,H15<=450000),3400,IF(AND(H15>450000,H15<=500000),3800,IF(AND(H15>500000,H15<=550000),4200,IF(AND(H15>550000,H15<=600000),4600,IF(AND(H15>600000,H15<=650000),5000,IF(AND(H15>650000,H15<=700000),5400,IF(AND(H15>700000,H15<=750000),5800,IF(AND(H15>750000,H15<=800000),6200,IF(AND(H15>800000,H15<=850000),6600,IF(AND(H15>850000,H15<=900000),7000,IF(AND(H15>900000,H15<=950000),7400,IF(AND(H15>950000,H15<=1000000),7800,IF(H15>1000000,8000)))))))))))))))))) -> 1600 | L15: 0 | M15: =IF(L15>0,H15-L15,H15) -> 0
A16: ='KL tổ 4'!A14 -> 6 | B16: ='KL tổ 4'!B14 -> Chon Via | C16: 22000 | D16: ='KL tổ 4'!BZ14 -> 0 | E16: 0 | F16: 0 | G16: 0 | H16: =E16+G16 -> 0 | I16: 0 | J16: =ROUND(IF(H16<=800000,0,IF(AND((H16-'[1]Gia cảnh 2 '!I11)>800000,(H16-'[1]Gia cảnh 2 '!I11)<=1250000),(H16-'[1]Gia cảnh 2 '!I11)*5%-40000,IF(AND((H16-'[1]Gia cảnh 2 '!I11)>1250000,(H16-'[1]Gia cảnh 2 '!I11)<=8500000),(H16-'[1]Gia cảnh 2 '!I11)*10%-102500))),2) -> 0 | K16: =IF(H16<=200000,1600,IF(AND(H16>200000,H16<=250000),1800,IF(AND(H16>250000,H16<=300000),2200,IF(AND(H16>300000,H16<=350000),2600,IF(AND(H16>350000,H16<=400000),3000,IF(AND(H16>400000,H16<=450000),3400,IF(AND(H16>450000,H16<=500000),3800,IF(AND(H16>500000,H16<=550000),4200,IF(AND(H16>550000,H16<=600000),4600,IF(AND(H16>600000,H16<=650000),5000,IF(AND(H16>650000,H16<=700000),5400,IF(AND(H16>700000,H16<=750000),5800,IF(AND(H16>750000,H16<=800000),6200,IF(AND(H16>800000,H16<=850000),6600,IF(AND(H16>850000,H16<=900000),7000,IF(AND(H16>900000,H16<=950000),7400,IF(AND(H16>950000,H16<=1000000),7800,IF(H16>1000000,8000)))))))))))))))))) -> 1600 | L16: 0 | M16: =IF(L16>0,H16-L16,H16) -> 0
A17: ='KL tổ 4'!A15 -> 7 | B17: ='KL tổ 4'!B15 -> Nit Nươn | C17: 22000 | D17: ='KL tổ 4'!BZ15 -> 0 | E17: 0 | F17: 0 | G17: 0 | H17: =E17+G17 -> 0 | I17: 0 | J17: 0 | K17: =IF(H17<=200000,1600,IF(AND(H17>200000,H17<=250000),1800,IF(AND(H17>250000,H17<=300000),2200,IF(AND(H17>300000,H17<=350000),2600,IF(AND(H17>350000,H17<=400000),3000,IF(AND(H17>400000,H17<=450000),3400,IF(AND(H17>450000,H17<=500000),3800,IF(AND(H17>500000,H17<=550000),4200,IF(AND(H17>550000,H17<=600000),4600,IF(AND(H17>600000,H17<=650000),5000,IF(AND(H17>650000,H17<=700000),5400,IF(AND(H17>700000,H17<=750000),5800,IF(AND(H17>750000,H17<=800000),6200,IF(AND(H17>800000,H17<=850000),6600,IF(AND(H17>850000,H17<=900000),7000,IF(AND(H17>900000,H17<=950000),7400,IF(AND(H17>950000,H17<=1000000),7800,IF(H17>1000000,8000)))))))))))))))))) -> 1600 | L17: 0 | M17: =IF(L17>0,H17-L17,H17) -> 0
A18: ='KL tổ 4'!A16 -> 8 | B18: ='KL tổ 4'!B16 -> Nu Kha | C18: 22000 | D18: ='KL tổ 4'!BZ16 -> 0 | E18: 0 | F18: 0 | G18: 0 | H18: =E18+G18 -> 0 | I18: 0 | J18: =ROUND(IF(H18<=800000,0,IF(AND((H18-'[1]Gia cảnh 2 '!I13)>800000,(H18-'[1]Gia cảnh 2 '!I13)<=1250000),(H18-'[1]Gia cảnh 2 '!I13)*5%-40000,IF(AND((H18-'[1]Gia cảnh 2 '!I13)>1250000,(H18-'[1]Gia cảnh 2 '!I13)<=8500000),(H18-'[1]Gia cảnh 2 '!I13)*10%-102500))),2) -> 0 | K18: =IF(H18<=200000,1600,IF(AND(H18>200000,H18<=250000),1800,IF(AND(H18>250000,H18<=300000),2200,IF(AND(H18>300000,H18<=350000),2600,IF(AND(H18>350000,H18<=400000),3000,IF(AND(H18>400000,H18<=450000),3400,IF(AND(H18>450000,H18<=500000),3800,IF(AND(H18>500000,H18<=550000),4200,IF(AND(H18>550000,H18<=600000),4600,IF(AND(H18>600000,H18<=650000),5000,IF(AND(H18>650000,H18<=700000),5400,IF(AND(H18>700000,H18<=750000),5800,IF(AND(H18>750000,H18<=800000),6200,IF(AND(H18>800000,H18<=850000),6600,IF(AND(H18>850000,H18<=900000),7000,IF(AND(H18>900000,H18<=950000),7400,IF(AND(H18>950000,H18<=1000000),7800,IF(H18>1000000,8000)))))))))))))))))) -> 1600 | L18: 0 | M18: =IF(L18>0,H18-L18,H18) -> 0
A19: ='KL tổ 4'!A17 -> 9 | B19: ='KL tổ 4'!B17 -> Du Mêt | C19: 22000 | D19: ='KL tổ 4'!BZ17 -> 0 | E19: 0 | F19: 0 | G19: 0 | H19: =E19+G19 -> 0 | I19: 0 | J19: =ROUND(IF(H19<=800000,0,IF(AND((H19-'[1]Gia cảnh 2 '!I14)>800000,(H19-'[1]Gia cảnh 2 '!I14)<=1250000),(H19-'[1]Gia cảnh 2 '!I14)*5%-40000,IF(AND((H19-'[1]Gia cảnh 2 '!I14)>1250000,(H19-'[1]Gia cảnh 2 '!I14)<=8500000),(H19-'[1]Gia cảnh 2 '!I14)*10%-102500))),2) -> 0 | K19: =IF(H19<=200000,1600,IF(AND(H19>200000,H19<=250000),1800,IF(AND(H19>250000,H19<=300000),2200,IF(AND(H19>300000,H19<=350000),2600,IF(AND(H19>350000,H19<=400000),3000,IF(AND(H19>400000,H19<=450000),3400,IF(AND(H19>450000,H19<=500000),3800,IF(AND(H19>500000,H19<=550000),4200,IF(AND(H19>550000,H19<=600000),4600,IF(AND(H19>600000,H19<=650000),5000,IF(AND(H19>650000,H19<=700000),5400,IF(AND(H19>700000,H19<=750000),5800,IF(AND(H19>750000,H19<=800000),6200,IF(AND(H19>800000,H19<=850000),6600,IF(AND(H19>850000,H19<=900000),7000,IF(AND(H19>900000,H19<=950000),7400,IF(AND(H19>950000,H19<=1000000),7800,IF(H19>1000000,8000)))))))))))))))))) -> 1600 | L19: 0 | M19: =IF(L19>0,H19-L19,H19) -> 0
A20: ='KL tổ 4'!A18 -> 10 | B20: ='KL tổ 4'!B18 -> Khon Ra Đây | C20: 22000 | D20: ='KL tổ 4'!BZ18 -> 0 | E20: 0 | F20: 0 | G20: 0 | H20: =E20+G20 -> 0 | I20: 0 | J20: =ROUND(IF(H20<=800000,0,IF(AND((H20-'[1]Gia cảnh 2 '!I15)>800000,(H20-'[1]Gia cảnh 2 '!I15)<=1250000),(H20-'[1]Gia cảnh 2 '!I15)*5%-40000,IF(AND((H20-'[1]Gia cảnh 2 '!I15)>1250000,(H20-'[1]Gia cảnh 2 '!I15)<=8500000),(H20-'[1]Gia cảnh 2 '!I15)*10%-102500))),2) -> 0 | K20: =IF(H20<=200000,1600,IF(AND(H20>200000,H20<=250000),1800,IF(AND(H20>250000,H20<=300000),2200,IF(AND(H20>300000,H20<=350000),2600,IF(AND(H20>350000,H20<=400000),3000,IF(AND(H20>400000,H20<=450000),3400,IF(AND(H20>450000,H20<=500000),3800,IF(AND(H20>500000,H20<=550000),4200,IF(AND(H20>550000,H20<=600000),4600,IF(AND(H20>600000,H20<=650000),5000,IF(AND(H20>650000,H20<=700000),5400,IF(AND(H20>700000,H20<=750000),5800,IF(AND(H20>750000,H20<=800000),6200,IF(AND(H20>800000,H20<=850000),6600,IF(AND(H20>850000,H20<=900000),7000,IF(AND(H20>900000,H20<=950000),7400,IF(AND(H20>950000,H20<=1000000),7800,IF(H20>1000000,8000)))))))))))))))))) -> 1600 | L20: 0 | M20: =IF(L20>0,H20-L20,H20) -> 0
A21: ='KL tổ 4'!A19 -> 11 | B21: ='KL tổ 4'!B19 -> An Hia | C21: 22000 | D21: ='KL tổ 4'!BZ19 -> 0 | E21: 0 | F21: 0 | G21: 0 | H21: =E21+G21 -> 0 | I21: 0 | J21: =ROUND(IF(H21<=800000,0,IF(AND((H21-'[1]Gia cảnh 2 '!I16)>800000,(H21-'[1]Gia cảnh 2 '!I16)<=1250000),(H21-'[1]Gia cảnh 2 '!I16)*5%-40000,IF(AND((H21-'[1]Gia cảnh 2 '!I16)>1250000,(H21-'[1]Gia cảnh 2 '!I16)<=8500000),(H21-'[1]Gia cảnh 2 '!I16)*10%-102500))),2) -> 0 | K21: =IF(H21<=200000,1600,IF(AND(H21>200000,H21<=250000),1800,IF(AND(H21>250000,H21<=300000),2200,IF(AND(H21>300000,H21<=350000),2600,IF(AND(H21>350000,H21<=400000),3000,IF(AND(H21>400000,H21<=450000),3400,IF(AND(H21>450000,H21<=500000),3800,IF(AND(H21>500000,H21<=550000),4200,IF(AND(H21>550000,H21<=600000),4600,IF(AND(H21>600000,H21<=650000),5000,IF(AND(H21>650000,H21<=700000),5400,IF(AND(H21>700000,H21<=750000),5800,IF(AND(H21>750000,H21<=800000),6200,IF(AND(H21>800000,H21<=850000),6600,IF(AND(H21>850000,H21<=900000),7000,IF(AND(H21>900000,H21<=950000),7400,IF(AND(H21>950000,H21<=1000000),7800,IF(H21>1000000,8000)))))))))))))))))) -> 1600 | L21: 0 | M21: =IF(L21>0,H21-L21,H21) -> 0
A22: ='KL tổ 4'!A20 -> 12 | B22: ='KL tổ 4'!B20 -> Thi Thia | C22: 22000 | D22: ='KL tổ 4'!BZ20 -> 0 | E22: 0 | F22: 0 | G22: 0 | H22: =E22+G22 -> 0 | I22: 0 | J22: 0 | K22: =IF(H22<=200000,1600,IF(AND(H22>200000,H22<=250000),1800,IF(AND(H22>250000,H22<=300000),2200,IF(AND(H22>300000,H22<=350000),2600,IF(AND(H22>350000,H22<=400000),3000,IF(AND(H22>400000,H22<=450000),3400,IF(AND(H22>450000,H22<=500000),3800,IF(AND(H22>500000,H22<=550000),4200,IF(AND(H22>550000,H22<=600000),4600,IF(AND(H22>600000,H22<=650000),5000,IF(AND(H22>650000,H22<=700000),5400,IF(AND(H22>700000,H22<=750000),5800,IF(AND(H22>750000,H22<=800000),6200,IF(AND(H22>800000,H22<=850000),6600,IF(AND(H22>850000,H22<=900000),7000,IF(AND(H22>900000,H22<=950000),7400,IF(AND(H22>950000,H22<=1000000),7800,IF(H22>1000000,8000)))))))))))))))))) -> 1600 | L22: 0 | M22: =IF(L22>0,H22-L22,H22) -> 0
A23: ='KL tổ 4'!A21 -> 13 | B23: ='KL tổ 4'!B21 -> Dôt Mêt | C23: 22000 | D23: ='KL tổ 4'!BZ21 -> 0 | E23: 0 | F23: 0 | G23: 0 | H23: =E23+G23 -> 0 | I23: 0 | J23: =ROUND(IF(H23<=800000,0,IF(AND((H23-'[1]Gia cảnh 2 '!I18)>800000,(H23-'[1]Gia cảnh 2 '!I18)<=1250000),(H23-'[1]Gia cảnh 2 '!I18)*5%-40000,IF(AND((H23-'[1]Gia cảnh 2 '!I18)>1250000,(H23-'[1]Gia cảnh 2 '!I18)<=8500000),(H23-'[1]Gia cảnh 2 '!I18)*10%-102500))),2) -> 0 | K23: =IF(H23<=200000,1600,IF(AND(H23>200000,H23<=250000),1800,IF(AND(H23>250000,H23<=300000),2200,IF(AND(H23>300000,H23<=350000),2600,IF(AND(H23>350000,H23<=400000),3000,IF(AND(H23>400000,H23<=450000),3400,IF(AND(H23>450000,H23<=500000),3800,IF(AND(H23>500000,H23<=550000),4200,IF(AND(H23>550000,H23<=600000),4600,IF(AND(H23>600000,H23<=650000),5000,IF(AND(H23>650000,H23<=700000),5400,IF(AND(H23>700000,H23<=750000),5800,IF(AND(H23>750000,H23<=800000),6200,IF(AND(H23>800000,H23<=850000),6600,IF(AND(H23>850000,H23<=900000),7000,IF(AND(H23>900000,H23<=950000),7400,IF(AND(H23>950000,H23<=1000000),7800,IF(H23>1000000,8000)))))))))))))))))) -> 1600 | L23: 0 | M23: =IF(L23>0,H23-L23,H23) -> 0
A24: ='KL tổ 4'!A22 -> 14 | B24: ='KL tổ 4'!B22 -> Lu Lươn | C24: 22000 | D24: ='KL tổ 4'!BZ22 -> 0 | E24: 0 | F24: 0 | G24: 0 | H24: =E24+G24 -> 0 | I24: 0 | J24: =ROUND(IF(H24<=800000,0,IF(AND((H24-'[1]Gia cảnh 2 '!I19)>800000,(H24-'[1]Gia cảnh 2 '!I19)<=1250000),(H24-'[1]Gia cảnh 2 '!I19)*5%-40000,IF(AND((H24-'[1]Gia cảnh 2 '!I19)>1250000,(H24-'[1]Gia cảnh 2 '!I19)<=8500000),(H24-'[1]Gia cảnh 2 '!I19)*10%-102500))),2) -> 0 | K24: =IF(H24<=200000,1600,IF(AND(H24>200000,H24<=250000),1800,IF(AND(H24>250000,H24<=300000),2200,IF(AND(H24>300000,H24<=350000),2600,IF(AND(H24>350000,H24<=400000),3000,IF(AND(H24>400000,H24<=450000),3400,IF(AND(H24>450000,H24<=500000),3800,IF(AND(H24>500000,H24<=550000),4200,IF(AND(H24>550000,H24<=600000),4600,IF(AND(H24>600000,H24<=650000),5000,IF(AND(H24>650000,H24<=700000),5400,IF(AND(H24>700000,H24<=750000),5800,IF(AND(H24>750000,H24<=800000),6200,IF(AND(H24>800000,H24<=850000),6600,IF(AND(H24>850000,H24<=900000),7000,IF(AND(H24>900000,H24<=950000),7400,IF(AND(H24>950000,H24<=1000000),7800,IF(H24>1000000,8000)))))))))))))))))) -> 1600 | L24: 0 | M24: =IF(L24>0,H24-L24,H24) -> 0
A25: ='KL tổ 4'!A23 -> 15 | B25: ='KL tổ 4'!B23 -> Sươn Săm | C25: 22000 | D25: ='KL tổ 4'!BZ23 -> 0 | E25: 0 | F25: 0 | G25: 0 | H25: =E25+G25 -> 0 | I25: 0 | J25: =ROUND(IF(H25<=800000,0,IF(AND((H25-'[1]Gia cảnh 2 '!I20)>800000,(H25-'[1]Gia cảnh 2 '!I20)<=1250000),(H25-'[1]Gia cảnh 2 '!I20)*5%-40000,IF(AND((H25-'[1]Gia cảnh 2 '!I20)>1250000,(H25-'[1]Gia cảnh 2 '!I20)<=8500000),(H25-'[1]Gia cảnh 2 '!I20)*10%-102500))),2) -> 0 | K25: =IF(H25<=200000,1600,IF(AND(H25>200000,H25<=250000),1800,IF(AND(H25>250000,H25<=300000),2200,IF(AND(H25>300000,H25<=350000),2600,IF(AND(H25>350000,H25<=400000),3000,IF(AND(H25>400000,H25<=450000),3400,IF(AND(H25>450000,H25<=500000),3800,IF(AND(H25>500000,H25<=550000),4200,IF(AND(H25>550000,H25<=600000),4600,IF(AND(H25>600000,H25<=650000),5000,IF(AND(H25>650000,H25<=700000),5400,IF(AND(H25>700000,H25<=750000),5800,IF(AND(H25>750000,H25<=800000),6200,IF(AND(H25>800000,H25<=850000),6600,IF(AND(H25>850000,H25<=900000),7000,IF(AND(H25>900000,H25<=950000),7400,IF(AND(H25>950000,H25<=1000000),7800,IF(H25>1000000,8000)))))))))))))))))) -> 1600 | L25: 0 | M25: =IF(L25>0,H25-L25,H25) -> 0
A26: ='KL tổ 4'!A24 -> 16 | B26: ='KL tổ 4'!B24 -> Tem Mơi | C26: 22000 | D26: ='KL tổ 4'!BZ24 -> 0 | E26: 0 | F26: 0 | G26: 0 | H26: =E26+G26 -> 0 | I26: 0 | J26: =ROUND(IF(H26<=800000,0,IF(AND((H26-'[1]Gia cảnh 2 '!I21)>800000,(H26-'[1]Gia cảnh 2 '!I21)<=1250000),(H26-'[1]Gia cảnh 2 '!I21)*5%-40000,IF(AND((H26-'[1]Gia cảnh 2 '!I21)>1250000,(H26-'[1]Gia cảnh 2 '!I21)<=8500000),(H26-'[1]Gia cảnh 2 '!I21)*10%-102500))),2) -> 0 | K26: =IF(H26<=200000,1600,IF(AND(H26>200000,H26<=250000),1800,IF(AND(H26>250000,H26<=300000),2200,IF(AND(H26>300000,H26<=350000),2600,IF(AND(H26>350000,H26<=400000),3000,IF(AND(H26>400000,H26<=450000),3400,IF(AND(H26>450000,H26<=500000),3800,IF(AND(H26>500000,H26<=550000),4200,IF(AND(H26>550000,H26<=600000),4600,IF(AND(H26>600000,H26<=650000),5000,IF(AND(H26>650000,H26<=700000),5400,IF(AND(H26>700000,H26<=750000),5800,IF(AND(H26>750000,H26<=800000),6200,IF(AND(H26>800000,H26<=850000),6600,IF(AND(H26>850000,H26<=900000),7000,IF(AND(H26>900000,H26<=950000),7400,IF(AND(H26>950000,H26<=1000000),7800,IF(H26>1000000,8000)))))))))))))))))) -> 1600 | L26: 0 | M26: =IF(L26>0,H26-L26,H26) -> 0
A27: ='KL tổ 4'!A25 -> 17 | B27: ='KL tổ 4'!B25 -> Thu Ranh | C27: 22000 | D27: ='KL tổ 4'!BZ25 -> 0 | E27: 0 | F27: 0 | G27: 0 | H27: =E27+G27 -> 0 | I27: 0 | J27: =ROUND(IF(H27<=800000,0,IF(AND((H27-'[1]Gia cảnh 2 '!I22)>800000,(H27-'[1]Gia cảnh 2 '!I22)<=1250000),(H27-'[1]Gia cảnh 2 '!I22)*5%-40000,IF(AND((H27-'[1]Gia cảnh 2 '!I22)>1250000,(H27-'[1]Gia cảnh 2 '!I22)<=8500000),(H27-'[1]Gia cảnh 2 '!I22)*10%-102500))),2) -> 0 | K27: =IF(H27<=200000,1600,IF(AND(H27>200000,H27<=250000),1800,IF(AND(H27>250000,H27<=300000),2200,IF(AND(H27>300000,H27<=350000),2600,IF(AND(H27>350000,H27<=400000),3000,IF(AND(H27>400000,H27<=450000),3400,IF(AND(H27>450000,H27<=500000),3800,IF(AND(H27>500000,H27<=550000),4200,IF(AND(H27>550000,H27<=600000),4600,IF(AND(H27>600000,H27<=650000),5000,IF(AND(H27>650000,H27<=700000),5400,IF(AND(H27>700000,H27<=750000),5800,IF(AND(H27>750000,H27<=800000),6200,IF(AND(H27>800000,H27<=850000),6600,IF(AND(H27>850000,H27<=900000),7000,IF(AND(H27>900000,H27<=950000),7400,IF(AND(H27>950000,H27<=1000000),7800,IF(H27>1000000,8000)))))))))))))))))) -> 1600 | L27: 0 | M27: =IF(L27>0,H27-L27,H27) -> 0
A28: ='KL tổ 4'!A26 -> 18 | B28: ='KL tổ 4'!B26 -> Dup Hanh | C28: 22000 | D28: ='KL tổ 4'!BZ26 -> 0 | E28: 0 | F28: 0 | G28: 0 | H28: =E28+G28 -> 0 | I28: 0 | J28: =ROUND(IF(H28<=800000,0,IF(AND((H28-'[1]Gia cảnh 2 '!I23)>800000,(H28-'[1]Gia cảnh 2 '!I23)<=1250000),(H28-'[1]Gia cảnh 2 '!I23)*5%-40000,IF(AND((H28-'[1]Gia cảnh 2 '!I23)>1250000,(H28-'[1]Gia cảnh 2 '!I23)<=8500000),(H28-'[1]Gia cảnh 2 '!I23)*10%-102500))),2) -> 0 | K28: =IF(H28<=200000,1600,IF(AND(H28>200000,H28<=250000),1800,IF(AND(H28>250000,H28<=300000),2200,IF(AND(H28>300000,H28<=350000),2600,IF(AND(H28>350000,H28<=400000),3000,IF(AND(H28>400000,H28<=450000),3400,IF(AND(H28>450000,H28<=500000),3800,IF(AND(H28>500000,H28<=550000),4200,IF(AND(H28>550000,H28<=600000),4600,IF(AND(H28>600000,H28<=650000),5000,IF(AND(H28>650000,H28<=700000),5400,IF(AND(H28>700000,H28<=750000),5800,IF(AND(H28>750000,H28<=800000),6200,IF(AND(H28>800000,H28<=850000),6600,IF(AND(H28>850000,H28<=900000),7000,IF(AND(H28>900000,H28<=950000),7400,IF(AND(H28>950000,H28<=1000000),7800,IF(H28>1000000,8000)))))))))))))))))) -> 1600 | L28: 0 | M28: =IF(L28>0,H28-L28,H28) -> 0
A29: ='KL tổ 4'!A27 -> 19 | B29: ='KL tổ 4'!B27 -> Phon Thit | C29: 22000 | D29: ='KL tổ 4'!BZ27 -> 0 | E29: 0 | F29: 0 | G29: 0 | H29: =E29+G29 -> 0 | I29: 0 | J29: 0 | K29: =IF(H29<=200000,1600,IF(AND(H29>200000,H29<=250000),1800,IF(AND(H29>250000,H29<=300000),2200,IF(AND(H29>300000,H29<=350000),2600,IF(AND(H29>350000,H29<=400000),3000,IF(AND(H29>400000,H29<=450000),3400,IF(AND(H29>450000,H29<=500000),3800,IF(AND(H29>500000,H29<=550000),4200,IF(AND(H29>550000,H29<=600000),4600,IF(AND(H29>600000,H29<=650000),5000,IF(AND(H29>650000,H29<=700000),5400,IF(AND(H29>700000,H29<=750000),5800,IF(AND(H29>750000,H29<=800000),6200,IF(AND(H29>800000,H29<=850000),6600,IF(AND(H29>850000,H29<=900000),7000,IF(AND(H29>900000,H29<=950000),7400,IF(AND(H29>950000,H29<=1000000),7800,IF(H29>1000000,8000)))))))))))))))))) -> 1600 | L29: 0 | M29: =IF(L29>0,H29-L29,H29) -> 0
A30: ='KL tổ 4'!A28 -> 20 | B30: ='KL tổ 4'!B28 -> Ha Lay Hon | C30: 22000 | D30: ='KL tổ 4'!BZ28 -> 0 | E30: 0 | F30: 0 | G30: 0 | H30: =E30+G30 -> 0 | I30: 0 | J30: =ROUND(IF(H30<=800000,0,IF(AND((H30-'[1]Gia cảnh 2 '!I25)>800000,(H30-'[1]Gia cảnh 2 '!I25)<=1250000),(H30-'[1]Gia cảnh 2 '!I25)*5%-40000,IF(AND((H30-'[1]Gia cảnh 2 '!I25)>1250000,(H30-'[1]Gia cảnh 2 '!I25)<=8500000),(H30-'[1]Gia cảnh 2 '!I25)*10%-102500))),2) -> 0 | K30: =IF(H30<=200000,1600,IF(AND(H30>200000,H30<=250000),1800,IF(AND(H30>250000,H30<=300000),2200,IF(AND(H30>300000,H30<=350000),2600,IF(AND(H30>350000,H30<=400000),3000,IF(AND(H30>400000,H30<=450000),3400,IF(AND(H30>450000,H30<=500000),3800,IF(AND(H30>500000,H30<=550000),4200,IF(AND(H30>550000,H30<=600000),4600,IF(AND(H30>600000,H30<=650000),5000,IF(AND(H30>650000,H30<=700000),5400,IF(AND(H30>700000,H30<=750000),5800,IF(AND(H30>750000,H30<=800000),6200,IF(AND(H30>800000,H30<=850000),6600,IF(AND(H30>850000,H30<=900000),7000,IF(AND(H30>900000,H30<=950000),7400,IF(AND(H30>950000,H30<=1000000),7800,IF(H30>1000000,8000)))))))))))))))))) -> 1600 | L30: 0 | M30: =IF(L30>0,H30-L30,H30) -> 0
A31: ='KL tổ 4'!A29 -> 21 | B31: ='KL tổ 4'!B29 -> Lum Ron | C31: 22000 | D31: ='KL tổ 4'!BZ29 -> 0 | E31: 0 | F31: 0 | G31: 0 | H31: =E31+G31 -> 0 | I31: 0 | J31: =ROUND(IF(H31<=800000,0,IF(AND((H31-'[1]Gia cảnh 2 '!I26)>800000,(H31-'[1]Gia cảnh 2 '!I26)<=1250000),(H31-'[1]Gia cảnh 2 '!I26)*5%-40000,IF(AND((H31-'[1]Gia cảnh 2 '!I26)>1250000,(H31-'[1]Gia cảnh 2 '!I26)<=8500000),(H31-'[1]Gia cảnh 2 '!I26)*10%-102500))),2) -> 0 | K31: =IF(H31<=200000,1600,IF(AND(H31>200000,H31<=250000),1800,IF(AND(H31>250000,H31<=300000),2200,IF(AND(H31>300000,H31<=350000),2600,IF(AND(H31>350000,H31<=400000),3000,IF(AND(H31>400000,H31<=450000),3400,IF(AND(H31>450000,H31<=500000),3800,IF(AND(H31>500000,H31<=550000),4200,IF(AND(H31>550000,H31<=600000),4600,IF(AND(H31>600000,H31<=650000),5000,IF(AND(H31>650000,H31<=700000),5400,IF(AND(H31>700000,H31<=750000),5800,IF(AND(H31>750000,H31<=800000),6200,IF(AND(H31>800000,H31<=850000),6600,IF(AND(H31>850000,H31<=900000),7000,IF(AND(H31>900000,H31<=950000),7400,IF(AND(H31>950000,H31<=1000000),7800,IF(H31>1000000,8000)))))))))))))))))) -> 1600 | L31: 0 | M31: =IF(L31>0,H31-L31,H31) -> 0
A32: ='KL tổ 4'!A30 -> 22 | B32: ='KL tổ 4'!B30 -> Lup Hên | C32: 22000 | D32: ='KL tổ 4'!BZ30 -> 0 | E32: 0 | F32: 0 | G32: 0 | H32: =E32+G32 -> 0 | I32: 0 | J32: =ROUND(IF(H32<=800000,0,IF(AND((H32-'[1]Gia cảnh 2 '!I27)>800000,(H32-'[1]Gia cảnh 2 '!I27)<=1250000),(H32-'[1]Gia cảnh 2 '!I27)*5%-40000,IF(AND((H32-'[1]Gia cảnh 2 '!I27)>1250000,(H32-'[1]Gia cảnh 2 '!I27)<=8500000),(H32-'[1]Gia cảnh 2 '!I27)*10%-102500))),2) -> 0 | K32: =IF(H32<=200000,1600,IF(AND(H32>200000,H32<=250000),1800,IF(AND(H32>250000,H32<=300000),2200,IF(AND(H32>300000,H32<=350000),2600,IF(AND(H32>350000,H32<=400000),3000,IF(AND(H32>400000,H32<=450000),3400,IF(AND(H32>450000,H32<=500000),3800,IF(AND(H32>500000,H32<=550000),4200,IF(AND(H32>550000,H32<=600000),4600,IF(AND(H32>600000,H32<=650000),5000,IF(AND(H32>650000,H32<=700000),5400,IF(AND(H32>700000,H32<=750000),5800,IF(AND(H32>750000,H32<=800000),6200,IF(AND(H32>800000,H32<=850000),6600,IF(AND(H32>850000,H32<=900000),7000,IF(AND(H32>900000,H32<=950000),7400,IF(AND(H32>950000,H32<=1000000),7800,IF(H32>1000000,8000)))))))))))))))))) -> 1600 | L32: 0 | M32: =IF(L32>0,H32-L32,H32) -> 0
A33: ='KL tổ 4'!A31 -> 23 | B33: ='KL tổ 4'!B31 -> Nay Chên | C33: 22000 | D33: ='KL tổ 4'!BZ31 -> 0 | E33: 0 | F33: 0 | G33: 0 | H33: =E33+G33 -> 0 | I33: 0 | J33: =ROUND(IF(H33<=800000,0,IF(AND((H33-'[1]Gia cảnh 2 '!I28)>800000,(H33-'[1]Gia cảnh 2 '!I28)<=1250000),(H33-'[1]Gia cảnh 2 '!I28)*5%-40000,IF(AND((H33-'[1]Gia cảnh 2 '!I28)>1250000,(H33-'[1]Gia cảnh 2 '!I28)<=8500000),(H33-'[1]Gia cảnh 2 '!I28)*10%-102500))),2) -> 0 | K33: =IF(H33<=200000,1600,IF(AND(H33>200000,H33<=250000),1800,IF(AND(H33>250000,H33<=300000),2200,IF(AND(H33>300000,H33<=350000),2600,IF(AND(H33>350000,H33<=400000),3000,IF(AND(H33>400000,H33<=450000),3400,IF(AND(H33>450000,H33<=500000),3800,IF(AND(H33>500000,H33<=550000),4200,IF(AND(H33>550000,H33<=600000),4600,IF(AND(H33>600000,H33<=650000),5000,IF(AND(H33>650000,H33<=700000),5400,IF(AND(H33>700000,H33<=750000),5800,IF(AND(H33>750000,H33<=800000),6200,IF(AND(H33>800000,H33<=850000),6600,IF(AND(H33>850000,H33<=900000),7000,IF(AND(H33>900000,H33<=950000),7400,IF(AND(H33>950000,H33<=1000000),7800,IF(H33>1000000,8000)))))))))))))))))) -> 1600 | L33: 0 | M33: =IF(L33>0,H33-L33,H33) -> 0
A34: ='KL tổ 4'!A32 -> 24 | B34: ='KL tổ 4'!B32 -> Si Khưa | C34: 22000 | D34: ='KL tổ 4'!BZ32 -> 0 | E34: 0 | F34: 0 | G34: 0 | H34: =E34+G34 -> 0 | I34: 0 | J34: =ROUND(IF(H34<=800000,0,IF(AND((H34-'[1]Gia cảnh 2 '!I29)>800000,(H34-'[1]Gia cảnh 2 '!I29)<=1250000),(H34-'[1]Gia cảnh 2 '!I29)*5%-40000,IF(AND((H34-'[1]Gia cảnh 2 '!I29)>1250000,(H34-'[1]Gia cảnh 2 '!I29)<=8500000),(H34-'[1]Gia cảnh 2 '!I29)*10%-102500))),2) -> 0 | K34: =IF(H34<=200000,1600,IF(AND(H34>200000,H34<=250000),1800,IF(AND(H34>250000,H34<=300000),2200,IF(AND(H34>300000,H34<=350000),2600,IF(AND(H34>350000,H34<=400000),3000,IF(AND(H34>400000,H34<=450000),3400,IF(AND(H34>450000,H34<=500000),3800,IF(AND(H34>500000,H34<=550000),4200,IF(AND(H34>550000,H34<=600000),4600,IF(AND(H34>600000,H34<=650000),5000,IF(AND(H34>650000,H34<=700000),5400,IF(AND(H34>700000,H34<=750000),5800,IF(AND(H34>750000,H34<=800000),6200,IF(AND(H34>800000,H34<=850000),6600,IF(AND(H34>850000,H34<=900000),7000,IF(AND(H34>900000,H34<=950000),7400,IF(AND(H34>950000,H34<=1000000),7800,IF(H34>1000000,8000)))))))))))))))))) -> 1600 | L34: 0 | M34: =IF(L34>0,H34-L34,H34) -> 0
A35: ='KL tổ 4'!A33 -> 25 | B35: ='KL tổ 4'!B33 -> Khăm Vanh | C35: 22000 | D35: ='KL tổ 4'!BZ33 -> 0 | E35: 0 | F35: 0 | G35: 0 | H35: =E35+G35 -> 0 | I35: 0 | J35: =ROUND(IF(H35<=800000,0,IF(AND((H35-'[1]Gia cảnh 2 '!I30)>800000,(H35-'[1]Gia cảnh 2 '!I30)<=1250000),(H35-'[1]Gia cảnh 2 '!I30)*5%-40000,IF(AND((H35-'[1]Gia cảnh 2 '!I30)>1250000,(H35-'[1]Gia cảnh 2 '!I30)<=8500000),(H35-'[1]Gia cảnh 2 '!I30)*10%-102500))),2) -> 0 | K35: =IF(H35<=200000,1600,IF(AND(H35>200000,H35<=250000),1800,IF(AND(H35>250000,H35<=300000),2200,IF(AND(H35>300000,H35<=350000),2600,IF(AND(H35>350000,H35<=400000),3000,IF(AND(H35>400000,H35<=450000),3400,IF(AND(H35>450000,H35<=500000),3800,IF(AND(H35>500000,H35<=550000),4200,IF(AND(H35>550000,H35<=600000),4600,IF(AND(H35>600000,H35<=650000),5000,IF(AND(H35>650000,H35<=700000),5400,IF(AND(H35>700000,H35<=750000),5800,IF(AND(H35>750000,H35<=800000),6200,IF(AND(H35>800000,H35<=850000),6600,IF(AND(H35>850000,H35<=900000),7000,IF(AND(H35>900000,H35<=950000),7400,IF(AND(H35>950000,H35<=1000000),7800,IF(H35>1000000,8000)))))))))))))))))) -> 1600 | L35: 0 | M35: =IF(L35>0,H35-L35,H35) -> 0
