Workbook

Sheet Chấm công KT
B1: CỘNG HÒA DÂN CHỦ NHÂN DÂN LÀO
B2: Hòa Bình -Độc Lập - Dân Chủ - thống Nhất - Thịnh Vượng
B3: -----o0o-----
B5: CÔNG TY TNHH CP QUASA - GERUCO LÀO
B6: ĐỘI SẢN XUẤT SỐ 04
B7: BẢNG CHẤM CÔNG PHỤ CẤP CHO CÔNG NHÂN KHAI THÁC THÁNG 05 NĂM 2025
A8: (Từ ngày 01 đến 31/05/2025)
A10: STT | B10: STT | C10: HỌ VÀ TÊN | D10: BẢN | E10: Phụ cấp ngày cạo, ngày chủ nhật | AJ10: Ngày công đi cạo thường (x) | AK10: Ngày CN thường (cn) | AL10: Ngày công đi cạo 2 lát (đ) | AM10: Ngày công chủ nhật cạo 2 lát (đc) | AN10: Ngày công cạo gia tăng 2 miêng (gt) | AO10: Ngày chủ nhật cạo gia tăng 2 miệng (ct) | AP10: Tổng công | AQ10: Kí tên | AU10: Ngày công đi cạo thường (x) | AV10: Ngày CN thường (cn) | AW10: Ngày công đi cạo 2 lát (đ) | AX10: Ngày công chủ nhật cạo 2 lát (đc) | AY10: Ngày công cạo gia tăng 2 miêng (gt) | AZ10: Ngày chủ nhật cạo gia tăng 2 miệng (ct)
E11: 1 | F11: 2 | G11: 3 | H11: 4 | I11: 5 | J11: 6 | K11: 7 | L11: 8 | M11: 9 | N11: 10 | O11: 11 | P11: 12 | Q11: 13 | R11: 14 | S11: 15 | T11: 16 | U11: 17 | V11: 18 | W11: 19 | X11: 20 | Y11: 21 | Z11: 22 | AA11: 23 | AB11: 24 | AC11: 25 | AD11: 26 | AE11: 27 | AF11: 28 | AG11: 29 | AH11: 30 | AI11: 31
B12: Trạm 1 | E12: =SUM(COUNTIF(E13:E92,"x"))+(COUNTIF(E13:E92,"cn"))+(COUNTIF(E13:E92,"gt"))+(COUNTIF(E13:E92,"ct")) -> 66 | F12: =SUM(COUNTIF(F13:F92,"x"))+(COUNTIF(F13:F92,"cn"))+(COUNTIF(F13:F92,"gt"))+(COUNTIF(F13:F92,"ct")) -> 60 | G12: =SUM(COUNTIF(G13:G92,"x"))+(COUNTIF(G13:G92,"cn"))+(COUNTIF(G13:G92,"gt"))+(COUNTIF(G13:G92,"ct")) -> 60 | H12: =SUM(COUNTIF(H13:H92,"x"))+(COUNTIF(H13:H92,"cn"))+(COUNTIF(H13:H92,"gt"))+(COUNTIF(H13:H92,"ct")) -> 59 | I12: =SUM(COUNTIF(I13:I92,"x"))+(COUNTIF(I13:I92,"cn"))+(COUNTIF(I13:I92,"gt"))+(COUNTIF(I13:I92,"ct")) -> 65 | J12: =SUM(COUNTIF(J13:J92,"x"))+(COUNTIF(J13:J92,"cn"))+(COUNTIF(J13:J92,"gt"))+(COUNTIF(J13:J92,"ct")) -> 58 | K12: =SUM(COUNTIF(K13:K92,"x"))+(COUNTIF(K13:K92,"cn"))+(COUNTIF(K13:K92,"gt"))+(COUNTIF(K13:K92,"ct")) -> 52 | L12: =SUM(COUNTIF(L13:L92,"x"))+(COUNTIF(L13:L92,"cn"))+(COUNTIF(L13:L92,"gt"))+(COUNTIF(L13:L92,"ct")) -> 67 | ... AH12: =SUM(COUNTIF(AH13:AH92,"x"))+(COUNTIF(AH13:AH92,"cn"))+(COUNTIF(AH13:AH92,"gt"))+(COUNTIF(AH13:AH92,"ct")) -> 71 | AI12: =SUM(COUNTIF(AI13:AI92,"x"))+(COUNTIF(AI13:AI92,"cn"))+(COUNTIF(AI13:AI92,"đ")) -> 73 | AJ12: =SUM(AJ13:AJ92) -> 1842 | AK12: =SUM(AK13:AK92) -> 271 | AL12: =SUM(AL13:AL92) -> 0 | AM12: =SUM(AM13:AM92) -> 0 | AN12: =SUM(AN13:AN92) -> 0 | AO12: =SUM(AO13:AO92) -> 0 | AP12: =SUM(AP13:AP92) -> 2113 | AS12: =VLOOKUP(C13,'[1]NT 2'!$C$2:$J$259,8,0) -> 03456 | AT12: =D13-AS12 -> 0
A13: 1 | B13: 1 | C13: T. Vôn | D13: =VLOOKUP(C13,'[1]NT 2'!$C$2:$J$259,8,0) -> 03456 | E13: x | F13: x | H13: cn | I13: x | J13: x | K13: x | L13: x | M13: x | N13: x | O13: cn | P13: x | Q13: x | R13: x | T13: x | U13: x | V13: cn | W13: x | X13: x | Y13: x | Z13: x | AA13: x | AB13: tt | AC13: cn | AD13: x | AE13: x | AF13: x | AG13: x | AH13: x | AI13: tt | AJ13: =SUM(COUNTIF(E13:AI13,"x")) -> 23 | AK13: =SUM(COUNTIF(E13:AI13,"cn")) -> 4 | AL13: =SUM(COUNTIF(E13:AI13,"đ")) -> 0 | AM13: =SUM(COUNTIF(E13:AI13,"đc")) -> 0 | AN13: =SUM(COUNTIF(E13:AI13,"gt")) -> 0 | AO13: =SUM(COUNTIF(E13:AI13,"ct")) -> 0 | AP13: =AJ13+AK13+AL13+AM13+AN13+AO13 -> 27 | AS13: =VLOOKUP(C14,'[1]NT 2'!$C$2:$J$259,8,0) -> #N/A | AT13: =D14-AS13 -> #N/A
A14: 2 | B14: 2 | C14: T. Feng | E14: x | F14: x | G14: x | H14: cn | I14: x | L14: x | M14: x | O14: cn | P14: x | Q14: x | R14: x | S14: x | T14: x | U14: x | V14: cn | W14: x | X14: x | Y14: x | Z14: x | AA14: x | AB14: x | AC14: cn | AD14: x | AE14: x | AG14: x | AH14: x | AI14: x | AJ14: =SUM(COUNTIF(E14:AI14,"x")) -> 23 | AK14: =SUM(COUNTIF(E14:AI14,"cn")) -> 4 | AL14: =SUM(COUNTIF(E14:AI14,"đ")) -> 0 | AM14: =SUM(COUNTIF(E14:AI14,"đc")) -> 0 | AN14: =SUM(COUNTIF(E14:AI14,"gt")) -> 0 | AO14: =SUM(COUNTIF(E14:AI14,"ct")) -> 0 | AP14: =AJ14+AK14+AL14+AM14+AN14+AO14 -> 27 | AS14: =VLOOKUP(C15,'[1]NT 2'!$C$2:$J$259,8,0) -> 02725 | AT14: =D15-AS14 -> 0
A15: 3 | B15: 3 | C15: T. Sa Văn | D15: =VLOOKUP(C15,'[1]NT 2'!$C$2:$J$259,8,0) -> 02725 | E15: x | F15: x | G15: x | H15: cn | J15: x | K15: x | L15: x | M15: x | N15: x | O15: cn | P15: x | Q15: x | R15: x | S15: x | T15: x | U15: x | V15: cn | W15: x | X15: x | Y15: x | Z15: x | AA15: x | AB15: x | AC15: cn | AD15: x | AE15: x | AF15: x | AG15: x | AH15: x | AI15: x | AJ15: =SUM(COUNTIF(E15:AI15,"x")) -> 26 | AK15: =SUM(COUNTIF(E15:AI15,"cn")) -> 4 | AL15: =SUM(COUNTIF(E15:AI15,"đ")) -> 0 | AM15: =SUM(COUNTIF(E15:AI15,"đc")) -> 0 | AN15: =SUM(COUNTIF(E15:AI15,"gt")) -> 0 | AO15: =SUM(COUNTIF(E15:AI15,"ct")) -> 0 | AP15: =AJ15+AK15+AL15+AM15+AN15+AO15 -> 30 | AS15: =VLOOKUP(C16,'[1]NT 2'!$C$2:$J$259,8,0) -> #N/A | AT15: =D16-AS15 -> #N/A
A16: 4 | B16: 4 | C16: Lăm Ma Thu | D16: =VLOOKUP(C16,'[1]NT 2'!$C$2:$J$259,8,0) -> #N/A | E16: x | F16: x | G16: x | H16: cn | I16: x | J16: x | K16: x | L16: x | M16: x | N16: x | O16: cn | P16: x | Q16: x | S16: x | T16: x | U16: x | V16: cn | W16: x | X16: x | Y16: x | AA16: x | AB16: x | AC16: cn | AD16: x | AE16: x | AF16: x | AG16: x | AH16: x | AI16: x | AJ16: =SUM(COUNTIF(E16:AI16,"x")) -> 25 | AK16: =SUM(COUNTIF(E16:AI16,"cn")) -> 4 | AL16: =SUM(COUNTIF(E16:AI16,"đ")) -> 0 | AM16: =SUM(COUNTIF(E16:AI16,"đc")) -> 0 | AN16: =SUM(COUNTIF(E16:AI16,"gt")) -> 0 | AO16: =SUM(COUNTIF(E16:AI16,"ct")) -> 0 | AP16: =AJ16+AK16+AL16+AM16+AN16+AO16 -> 29 | AS16: =VLOOKUP(C17,'[1]NT 2'!$C$2:$J$259,8,0) -> 03459 | AT16: =D17-AS16 -> 0
A17: 5 | B17: 5 | C17: N. Vạt | D17: =VLOOKUP(C17,'[1]NT 2'!$C$2:$J$259,8,0) -> 03459 | E17: x | G17: x | H17: cn | L17: x | M17: x | N17: x | O17: cn | P17: x | Q17: x | R17: x | U17: x | W17: x | X17: x | Y17: x | Z17: tt | AA17: x | AB17: x | AC17: cn | AD17: x | AE17: x | AF17: x | AG17: x | AH17: x | AI17: x | AJ17: =SUM(COUNTIF(E17:AI17,"x")) -> 20 | AK17: =SUM(COUNTIF(E17:AI17,"cn")) -> 3 | AL17: =SUM(COUNTIF(E17:AI17,"đ")) -> 0 | AM17: =SUM(COUNTIF(E17:AI17,"đc")) -> 0 | AN17: =SUM(COUNTIF(E17:AI17,"gt")) -> 0 | AO17: =SUM(COUNTIF(E17:AI17,"ct")) -> 0 | AP17: =AJ17+AK17+AL17+AM17+AN17+AO17 -> 23 | AS17: =VLOOKUP(C18,'[1]NT 2'!$C$2:$J$259,8,0) -> #N/A | AT17: =D18-AS17 -> #N/A
A18: 6 | B18: 6 | C18: N. Kay Son | D18: =VLOOKUP(C18,'[1]NT 2'!$C$2:$J$259,8,0) -> #N/A | E18: x | F18: x | I18: x | M18: x | N18: x | O18: cn | P18: x | Q18: x | S18: x | T18: x | U18: x | V18: cn | W18: x | X18: x | Y18: x | Z18: x | AA18: x | AB18: x | AC18: cn | AD18: x | AE18: x | AF18: x | AG18: x | AH18: x | AI18: x | AJ18: =SUM(COUNTIF(E18:AI18,"x")) -> 22 | AK18: =SUM(COUNTIF(E18:AI18,"cn")) -> 3 | AL18: =SUM(COUNTIF(E18:AI18,"đ")) -> 0 | AM18: =SUM(COUNTIF(E18:AI18,"đc")) -> 0 | AN18: =SUM(COUNTIF(E18:AI18,"gt")) -> 0 | AO18: =SUM(COUNTIF(E18:AI18,"ct")) -> 0 | AP18: =AJ18+AK18+AL18+AM18+AN18+AO18 -> 25 | AS18: =VLOOKUP(C19,'[1]NT 2'!$C$2:$J$259,8,0) -> #N/A | AT18: =D19-AS18 -> #N/A
A19: 7 | B19: 7 | C19: T. Đèng 1 | D19: =VLOOKUP(C19,'[1]NT 2'!$C$2:$J$259,8,0) -> #N/A | E19: x | F19: x | G19: x | H19: cn | I19: x | J19: x | K19: x | L19: x | M19: x | N19: x | O19: cn | P19: x | Q19: x | R19: x | S19: x | T19: x | U19: x | V19: cn | W19: x | X19: x | Y19: x | Z19: x | AA19: x | AB19: x | AC19: cn | AD19: x | AE19: x | AF19: x | AG19: x | AH19: x | AI19: x | AJ19: =SUM(COUNTIF(E19:AI19,"x")) -> 27 | AK19: =SUM(COUNTIF(E19:AI19,"cn")) -> 4 | AL19: =SUM(COUNTIF(E19:AI19,"đ")) -> 0 | AM19: =SUM(COUNTIF(E19:AI19,"đc")) -> 0 | AN19: =SUM(COUNTIF(E19:AI19,"gt")) -> 0 | AO19: =SUM(COUNTIF(E19:AI19,"ct")) -> 0 | AP19: =AJ19+AK19+AL19+AM19+AN19+AO19 -> 31 | AS19: =VLOOKUP(C20,'[1]NT 2'!$C$2:$J$259,8,0) -> 03462 | AT19: =D20-AS19 -> 0
A20: 8 | B20: 8 | C20: T . Bua Ngân | D20: =VLOOKUP(C20,'[1]NT 2'!$C$2:$J$259,8,0) -> 03462 | E20: x | F20: x | G20: x | H20: cn | I20: x | J20: x | K20: x | L20: x | M20: x | N20: x | O20: cn | P20: x | R20: x | S20: x | T20: x | U20: x | W20: x | X20: x | Y20: x | Z20: x | AA20: x | AB20: x | AC20: cn | AD20: x | AE20: x | AF20: x | AG20: x | AH20: x | AI20: x | AJ20: =SUM(COUNTIF(E20:AI20,"x")) -> 26 | AK20: =SUM(COUNTIF(E20:AI20,"cn")) -> 3 | AL20: =SUM(COUNTIF(E20:AI20,"đ")) -> 0 | AM20: =SUM(COUNTIF(E20:AI20,"đc")) -> 0 | AN20: =SUM(COUNTIF(E20:AI20,"gt")) -> 0 | AO20: =SUM(COUNTIF(E20:AI20,"ct")) -> 0 | AP20: =AJ20+AK20+AL20+AM20+AN20+AO20 -> 29 | AS20: =VLOOKUP(C21,'[1]NT 2'!$C$2:$J$259,8,0) -> 03463 | AT20: =D21-AS20 -> 0
A21: 9 | B21: 9 | C21: T Căng | D21: =VLOOKUP(C21,'[1]NT 2'!$C$2:$J$259,8,0) -> 03463 | E21: x | F21: x | G21: x | I21: x | J21: x | K21: x | L21: x | M21: x | N21: x | O21: cn | P21: x | Q21: x | R21: x | S21: x | T21: x | U21: x | V21: cn | W21: x | X21: x | Y21: x | Z21: x | AA21: x | AB21: x | AC21: cn | AD21: x | AE21: x | AF21: x | AG21: x | AH21: x | AI21: x | AJ21: =SUM(COUNTIF(E21:AI21,"x")) -> 27 | AK21: =SUM(COUNTIF(E21:AI21,"cn")) -> 3 | AL21: =SUM(COUNTIF(E21:AI21,"đ")) -> 0 | AM21: =SUM(COUNTIF(E21:AI21,"đc")) -> 0 | AN21: =SUM(COUNTIF(E21:AI21,"gt")) -> 0 | AO21: =SUM(COUNTIF(E21:AI21,"ct")) -> 0 | AP21: =AJ21+AK21+AL21+AM21+AN21+AO21 -> 30 | AS21: =VLOOKUP(C22,'[1]NT 2'!$C$2:$J$259,8,0) -> 03464 | AT21: =D22-AS21 -> 0
A22: 10 | B22: 10 | C22: N. Phôn 1 | D22: =VLOOKUP(C22,'[1]NT 2'!$C$2:$J$259,8,0) -> 03464 | E22: x | F22: x | G22: x | I22: x | J22: x | K22: x | L22: x | M22: x | N22: x | O22: cn | P22: x | Q22: x | R22: x | S22: x | T22: x | U22: x | V22: cn | W22: x | X22: x | Y22: x | Z22: x | AA22: x | AB22: x | AC22: cn | AD22: x | AE22: x | AF22: x | AG22: x | AH22: x | AI22: x | AJ22: =SUM(COUNTIF(E22:AI22,"x")) -> 27 | AK22: =SUM(COUNTIF(E22:AI22,"cn")) -> 3 | AL22: =SUM(COUNTIF(E22:AI22,"đ")) -> 0 | AM22: =SUM(COUNTIF(E22:AI22,"đc")) -> 0 | AN22: =SUM(COUNTIF(E22:AI22,"gt")) -> 0 | AO22: =SUM(COUNTIF(E22:AI22,"ct")) -> 0 | AP22: =AJ22+AK22+AL22+AM22+AN22+AO22 -> 30 | AS22: =VLOOKUP(C23,'[1]NT 2'!$C$2:$J$259,8,0) -> 03465 | AT22: =D23-AS22 -> 0
A23: 11 | B23: 11 | C23: T. In Păn | D23: =VLOOKUP(C23,'[1]NT 2'!$C$2:$J$259,8,0) -> 03465 | F23: x | H23: cn | I23: x | J23: x | L23: x | M23: x | N23: x | O23: cn | P23: x | Q23: x | R23: x | S23: x | T23: x | U23: x | V23: cn | W23: x | X23: x | Y23: x | Z23: x | AA23: x | AB23: x | AC23: cn | AD23: x | AE23: x | AF23: x | AG23: x | AH23: x | AI23: tt | AJ23: =SUM(COUNTIF(E23:AI23,"x")) -> 23 | AK23: =SUM(COUNTIF(E23:AI23,"cn")) -> 4 | AL23: =SUM(COUNTIF(E23:AI23,"đ")) -> 0 | AM23: =SUM(COUNTIF(E23:AI23,"đc")) -> 0 | AN23: =SUM(COUNTIF(E23:AI23,"gt")) -> 0 | AO23: =SUM(COUNTIF(E23:AI23,"ct")) -> 0 | AP23: =AJ23+AK23+AL23+AM23+AN23+AO23 -> 27 | AS23: =VLOOKUP(C24,'[1]NT 2'!$C$2:$J$259,8,0) -> 03466 | AT23: =D24-AS23 -> 0
A24: 12 | B24: 12 | C24: N. Keo | D24: =VLOOKUP(C24,'[1]NT 2'!$C$2:$J$259,8,0) -> 03466 | E24: x | F24: x | H24: cn | I24: x | J24: x | K24: x | L24: x | M24: x | N24: x | O24: cn | P24: x | Q24: x | R24: x | S24: x | T24: x | U24: x | V24: cn | W24: x | X24: x | Y24: x | Z24: x | AA24: x | AB24: x | AC24: cn | AD24: x | AE24: x | AF24: x | AG24: x | AH24: x | AI24: x | AJ24: =SUM(COUNTIF(E24:AI24,"x")) -> 26 | AK24: =SUM(COUNTIF(E24:AI24,"cn")) -> 4 | AL24: =SUM(COUNTIF(E24:AI24,"đ")) -> 0 | AM24: =SUM(COUNTIF(E24:AI24,"đc")) -> 0 | AN24: =SUM(COUNTIF(E24:AI24,"gt")) -> 0 | AO24: =SUM(COUNTIF(E24:AI24,"ct")) -> 0 | AP24: =AJ24+AK24+AL24+AM24+AN24+AO24 -> 30 | AS24: =VLOOKUP(C25,'[1]NT 2'!$C$2:$J$259,8,0) -> 02727 | AT24: =D25-AS24 -> 0
A25: 13 | B25: 13 | C25: T. Thong Đon | D25: =VLOOKUP(C25,'[1]NT 2'!$C$2:$J$259,8,0) -> 02727 | E25: x | I25: x | J25: x | K25: x | L25: x | M25: x | N25: x | O25: cn | P25: x | Q25: x | R25: x | S25: x | T25: x | U25: x | V25: cn | W25: x | X25: x | Y25: x | Z25: x | AA25: x | AB25: tt | AC25: cn | AD25: x | AE25: x | AF25: x | AG25: x | AH25: x | AI25: x | AJ25: =SUM(COUNTIF(E25:AI25,"x")) -> 24 | AK25: =SUM(COUNTIF(E25:AI25,"cn")) -> 3 | AL25: =SUM(COUNTIF(E25:AI25,"đ")) -> 0 | AM25: =SUM(COUNTIF(E25:AI25,"đc")) -> 0 | AN25: =SUM(COUNTIF(E25:AI25,"gt")) -> 0 | AO25: =SUM(COUNTIF(E25:AI25,"ct")) -> 0 | AP25: =AJ25+AK25+AL25+AM25+AN25+AO25 -> 27 | AS25: =VLOOKUP(C26,'[1]NT 2'!$C$2:$J$259,8,0) -> 03467 | AT25: =D26-AS25 -> 0
A26: 14 | B26: 14 | C26: T. Hin | D26: =VLOOKUP(C26,'[1]NT 2'!$C$2:$J$259,8,0) -> 03467 | E26: x | F26: x | G26: x | H26: cn | I26: x | J26: x | K26: x | L26: x | M26: x | N26: x | O26: cn | P26: x | Q26: x | R26: x | S26: x | T26: x | U26: x | V26: cn | W26: x | X26: x | Y26: x | Z26: x | AA26: x | AB26: x | AC26: cn | AD26: x | AE26: x | AF26: x | AG26: x | AH26: x | AI26: x | AJ26: =SUM(COUNTIF(E26:AI26,"x")) -> 27 | AK26: =SUM(COUNTIF(E26:AI26,"cn")) -> 4 | AL26: =SUM(COUNTIF(E26:AI26,"đ")) -> 0 | AM26: =SUM(COUNTIF(E26:AI26,"đc")) -> 0 | AN26: =SUM(COUNTIF(E26:AI26,"gt")) -> 0 | AO26: =SUM(COUNTIF(E26:AI26,"ct")) -> 0 | AP26: =AJ26+AK26+AL26+AM26+AN26+AO26 -> 31 | AS26: =VLOOKUP(C27,'[1]NT 2'!$C$2:$J$259,8,0) -> #N/A | AT26: =D27-AS26 -> #N/A
A27: 15 | B27: 15 | C27: N. Ly Phon | D27: =VLOOKUP(C27,'[1]NT 2'!$C$2:$J$259,8,0) -> #N/A | E27: x | F27: x | G27: x | H27: cn | I27: x | J27: x | K27: x | L27: x | M27: x | N27: x | O27: cn | P27: x | Q27: x | R27: x | S27: x | T27: x | U27: x | V27: cn | W27: x | X27: x | Y27: x | Z27: x | AA27: x | AB27: x | AC27: cn | AD27: x | AE27: x | AF27: x | AG27: x | AH27: x | AI27: x | AJ27: =SUM(COUNTIF(E27:AI27,"x")) -> 27 | AK27: =SUM(COUNTIF(E27:AI27,"cn")) -> 4 | AL27: =SUM(COUNTIF(E27:AI27,"đ")) -> 0 | AM27: =SUM(COUNTIF(E27:AI27,"đc")) -> 0 | AN27: =SUM(COUNTIF(E27:AI27,"gt")) -> 0 | AO27: =SUM(COUNTIF(E27:AI27,"ct")) -> 0 | AP27: =AJ27+AK27+AL27+AM27+AN27+AO27 -> 31 | AS27: =VLOOKUP(C28,'[1]NT 2'!$C$2:$J$259,8,0) -> 03469 | AT27: =D28-AS27 -> 0
A28: 16 | B28: 16 | C28: T. Xôm Va Nít | D28: =VLOOKUP(C28,'[1]NT 2'!$C$2:$J$259,8,0) -> 03469 | E28: x | F28: x | H28: cn | I28: x | J28: x | K28: x | L28: x | M28: x | N28: x | O28: cn | P28: x | Q28: x | R28: x | S28: x | T28: x | U28: x | V28: cn | W28: x | X28: x | Y28: x | Z28: x | AA28: x | AB28: x | AC28: cn | AD28: x | AE28: x | AF28: x | AG28: x | AH28: x | AI28: x | AJ28: =SUM(COUNTIF(E28:AI28,"x")) -> 26 | AK28: =SUM(COUNTIF(E28:AI28,"cn")) -> 4 | AL28: =SUM(COUNTIF(E28:AI28,"đ")) -> 0 | AM28: =SUM(COUNTIF(E28:AI28,"đc")) -> 0 | AN28: =SUM(COUNTIF(E28:AI28,"gt")) -> 0 | AO28: =SUM(COUNTIF(E28:AI28,"ct")) -> 0 | AP28: =AJ28+AK28+AL28+AM28+AN28+AO28 -> 30 | AS28: =VLOOKUP(C29,'[1]NT 2'!$C$2:$J$259,8,0) -> 03470 | AT28: =D29-AS28 -> 0
A29: 17 | B29: 17 | C29: T. Lọi | D29: =VLOOKUP(C29,'[1]NT 2'!$C$2:$J$259,8,0) -> 03470 | E29: x | G29: x | H29: cn | L29: x | M29: x | N29: x | O29: cn | P29: x | Q29: x | R29: x | S29: x | U29: tt | W29: x | X29: x | Y29: x | Z29: tt | AA29: x | AB29: x | AC29: cn | AD29: x | AE29: x | AF29: x | AG29: x | AH29: x | AI29: x | AJ29: =SUM(COUNTIF(E29:AI29,"x")) -> 20 | AK29: =SUM(COUNTIF(E29:AI29,"cn")) -> 3 | AL29: =SUM(COUNTIF(E29:AI29,"đ")) -> 0 | AM29: =SUM(COUNTIF(E29:AI29,"đc")) -> 0 | AN29: =SUM(COUNTIF(E29:AI29,"gt")) -> 0 | AO29: =SUM(COUNTIF(E29:AI29,"ct")) -> 0 | AP29: =AJ29+AK29+AL29+AM29+AN29+AO29 -> 23 | AS29: =VLOOKUP(C30,'[1]NT 2'!$C$2:$J$259,8,0) -> 03471 | AT29: =D30-AS29 -> 0
A30: 18 | B30: 18 | C30: T. Phô Thong | D30: =VLOOKUP(C30,'[1]NT 2'!$C$2:$J$259,8,0) -> 03471 | E30: x | F30: x | G30: x | H30: cn | I30: x | J30: x | K30: x | L30: x | M30: x | N30: x | O30: cn | P30: x | Q30: x | R30: x | S30: x | T30: x | U30: x | V30: cn | W30: x | X30: x | Y30: x | Z30: x | AA30: x | AB30: x | AC30: cn | AD30: x | AE30: x | AF30: x | AG30: x | AH30: x | AI30: x | AJ30: =SUM(COUNTIF(E30:AI30,"x")) -> 27 | AK30: =SUM(COUNTIF(E30:AI30,"cn")) -> 4 | AL30: =SUM(COUNTIF(E30:AI30,"đ")) -> 0 | AM30: =SUM(COUNTIF(E30:AI30,"đc")) -> 0 | AN30: =SUM(COUNTIF(E30:AI30,"gt")) -> 0 | AO30: =SUM(COUNTIF(E30:AI30,"ct")) -> 0 | AP30: =AJ30+AK30+AL30+AM30+AN30+AO30 -> 31 | AS30: =VLOOKUP(C31,'[1]NT 2'!$C$2:$J$259,8,0) -> 03472 | AT30: =D31-AS30 -> 0
A31: 19 | B31: 19 | C31: N. Soi | D31: =VLOOKUP(C31,'[1]NT 2'!$C$2:$J$259,8,0) -> 03472 | E31: x | F31: x | G31: x | I31: x | J31: x | K31: x | L31: x | M31: x | N31: x | O31: cn | P31: x | Q31: x | R31: x | S31: x | T31: x | U31: x | V31: cn | W31: x | X31: x | Y31: x | Z31: x | AA31: x | AB31: x | AC31: cn | AD31: x | AE31: x | AF31: x | AG31: x | AH31: x | AI31: x | AJ31: =SUM(COUNTIF(E31:AI31,"x")) -> 27 | AK31: =SUM(COUNTIF(E31:AI31,"cn")) -> 3 | AL31: =SUM(COUNTIF(E31:AI31,"đ")) -> 0 | AM31: =SUM(COUNTIF(E31:AI31,"đc")) -> 0 | AN31: =SUM(COUNTIF(E31:AI31,"gt")) -> 0 | AO31: =SUM(COUNTIF(E31:AI31,"ct")) -> 0 | AP31: =AJ31+AK31+AL31+AM31+AN31+AO31 -> 30 | AS31: =VLOOKUP(C32,'[1]NT 2'!$C$2:$J$259,8,0) -> 03473 | AT31: =D32-AS31 -> 0
A32: 20 | B32: 20 | C32: N. Me Kha La | D32: =VLOOKUP(C32,'[1]NT 2'!$C$2:$J$259,8,0) -> 03473 | E32: x | F32: x | G32: x | H32: cn | J32: x | K32: x | L32: x | M32: x | N32: x | O32: cn | P32: x | Q32: x | R32: x | S32: x | T32: x | U32: x | V32: cn | W32: x | X32: x | Y32: x | Z32: x | AA32: x | AB32: x | AC32: cn | AD32: x | AE32: x | AF32: x | AG32: x | AH32: x | AI32: x | AJ32: =SUM(COUNTIF(E32:AI32,"x")) -> 26 | AK32: =SUM(COUNTIF(E32:AI32,"cn")) -> 4 | AL32: =SUM(COUNTIF(E32:AI32,"đ")) -> 0 | AM32: =SUM(COUNTIF(E32:AI32,"đc")) -> 0 | AN32: =SUM(COUNTIF(E32:AI32,"gt")) -> 0 | AO32: =SUM(COUNTIF(E32:AI32,"ct")) -> 0 | AP32: =AJ32+AK32+AL32+AM32+AN32+AO32 -> 30 | AS32: =VLOOKUP(C33,'[1]NT 2'!$C$2:$J$259,8,0) -> 03474 | AT32: =D33-AS32 -> 0
A33: 21 | B33: 21 | C33: N. Mon Khăm | D33: =VLOOKUP(C33,'[1]NT 2'!$C$2:$J$259,8,0) -> 03474 | F33: x | H33: cn | I33: x | J33: x | L33: x | M33: x | N33: x | O33: cn | P33: x | Q33: x | R33: x | S33: x | T33: x | U33: x | V33: cn | W33: x | X33: x | Y33: x | Z33: x | AA33: x | AB33: x | AC33: cn | AD33: x | AE33: x | AF33: x | AG33: x | AH33: x | AI33: x | AJ33: =SUM(COUNTIF(E33:AI33,"x")) -> 24 | AK33: =SUM(COUNTIF(E33:AI33,"cn")) -> 4 | AL33: =SUM(COUNTIF(E33:AI33,"đ")) -> 0 | AM33: =SUM(COUNTIF(E33:AI33,"đc")) -> 0 | AN33: =SUM(COUNTIF(E33:AI33,"gt")) -> 0 | AO33: =SUM(COUNTIF(E33:AI33,"ct")) -> 0 | AP33: =AJ33+AK33+AL33+AM33+AN33+AO33 -> 28 | AS33: =VLOOKUP(C34,'[1]NT 2'!$C$2:$J$259,8,0) -> #N/A | AT33: =D34-AS33 -> #N/A
A34: 22 | B34: 22 | C34: N. Bua Lay | D34: =VLOOKUP(C34,'[1]NT 2'!$C$2:$J$259,8,0) -> #N/A | E34: x | F34: x | G34: x | H34: cn | I34: x | J34: x | K34: x | L34: x | M34: x | N34: x | O34: cn | P34: x | Q34: x | R34: x | S34: x | T34: x | U34: x | V34: cn | W34: x | X34: x | Z34: x | AA34: x | AB34: x | AC34: cn | AD34: x | AE34: x | AF34: x | AI34: tt | AJ34: =SUM(COUNTIF(E34:AI34,"x")) -> 23 | AK34: =SUM(COUNTIF(E34:AI34,"cn")) -> 4 | AL34: =SUM(COUNTIF(E34:AI34,"đ")) -> 0 | AM34: =SUM(COUNTIF(E34:AI34,"đc")) -> 0 | AN34: =SUM(COUNTIF(E34:AI34,"gt")) -> 0 | AO34: =SUM(COUNTIF(E34:AI34,"ct")) -> 0 | AP34: =AJ34+AK34+AL34+AM34+AN34+AO34 -> 27 | AS34: =VLOOKUP(C35,'[1]NT 2'!$C$2:$J$259,8,0) -> 03476 | AT34: =D35-AS34 -> 0
A35: 23 | B35: 23 | C35: T. Bin Ly. | D35: =VLOOKUP(C35,'[1]NT 2'!$C$2:$J$259,8,0) -> 03476 | E35: x | F35: x | G35: x | H35: cn | I35: x | J35: x | K35: x | L35: x | M35: x | N35: x | O35: cn | P35: x | Q35: x | R35: x | S35: x | T35: x | U35: x | V35: cn | W35: x | X35: x | Y35: x | Z35: x | AA35: x | AB35: x | AC35: cn | AD35: x | AE35: x | AF35: x | AG35: x | AH35: x | AI35: x | AJ35: =SUM(COUNTIF(E35:AI35,"x")) -> 27 | AK35: =SUM(COUNTIF(E35:AI35,"cn")) -> 4 | AL35: =SUM(COUNTIF(E35:AI35,"đ")) -> 0 | AM35: =SUM(COUNTIF(E35:AI35,"đc")) -> 0 | AN35: =SUM(COUNTIF(E35:AI35,"gt")) -> 0 | AO35: =SUM(COUNTIF(E35:AI35,"ct")) -> 0 | AP35: =AJ35+AK35+AL35+AM35+AN35+AO35 -> 31 | AS35: =VLOOKUP(C36,'[1]NT 2'!$C$2:$J$259,8,0) -> 03477 | AT35: =D36-AS35 -> 0
A36: 24 | B36: 24 | C36: N. Phim Phon. | D36: =VLOOKUP(C36,'[1]NT 2'!$C$2:$J$259,8,0) -> 03477 | E36: x | G36: x | H36: cn | I36: x | J36: x | K36: x | L36: x | M36: x | N36: x | O36: cn | P36: x | Q36: x | R36: x | S36: x | T36: x | U36: x | W36: x | X36: x | Y36: x | Z36: x | AA36: x | AB36: x | AC36: cn | AE36: x | AF36: x | AI36: x | AJ36: =SUM(COUNTIF(E36:AI36,"x")) -> 23 | AK36: =SUM(COUNTIF(E36:AI36,"cn")) -> 3 | AL36: =SUM(COUNTIF(E36:AI36,"đ")) -> 0 | AM36: =SUM(COUNTIF(E36:AI36,"đc")) -> 0 | AN36: =SUM(COUNTIF(E36:AI36,"gt")) -> 0 | AO36: =SUM(COUNTIF(E36:AI36,"ct")) -> 0 | AP36: =AJ36+AK36+AL36+AM36+AN36+AO36 -> 26 | AS36: =VLOOKUP(C37,'[1]NT 2'!$C$2:$J$259,8,0) -> 03478 | AT36: =D37-AS36 -> 0
A37: 25 | B37: 25 | C37: N. Nong | D37: =VLOOKUP(C37,'[1]NT 2'!$C$2:$J$259,8,0) -> 03478 | E37: x | F37: x | G37: x | I37: x | J37: x | K37: x | L37: x | M37: x | N37: x | O37: cn | P37: x | Q37: x | R37: x | S37: x | T37: x | U37: x | V37: cn | W37: x | X37: x | Y37: x | Z37: x | AA37: x | AB37: x | AC37: cn | AD37: x | AE37: x | AF37: x | AG37: x | AH37: x | AI37: x | AJ37: =SUM(COUNTIF(E37:AI37,"x")) -> 27 | AK37: =SUM(COUNTIF(E37:AI37,"cn")) -> 3 | AL37: =SUM(COUNTIF(E37:AI37,"đ")) -> 0 | AM37: =SUM(COUNTIF(E37:AI37,"đc")) -> 0 | AN37: =SUM(COUNTIF(E37:AI37,"gt")) -> 0 | AO37: =SUM(COUNTIF(E37:AI37,"ct")) -> 0 | AP37: =AJ37+AK37+AL37+AM37+AN37+AO37 -> 30 | AS37: =VLOOKUP(C38,'[1]NT 2'!$C$2:$J$259,8,0) -> 03479 | AT37: =D38-AS37 -> 0
A38: 26 | B38: 26 | C38: N. Tun 1 | D38: =VLOOKUP(C38,'[1]NT 2'!$C$2:$J$259,8,0) -> 03479 | E38: x | F38: x | G38: x | H38: cn | I38: x | K38: x | L38: x | M38: x | N38: x | O38: cn | P38: x | Q38: x | R38: x | S38: x | T38: x | U38: x | V38: cn | W38: x | X38: x | Y38: x | Z38: x | AA38: x | AB38: x | AC38: cn | AD38: x | AE38: x | AF38: x | AG38: x | AH38: x | AI38: x | AJ38: =SUM(COUNTIF(E38:AI38,"x")) -> 26 | AK38: =SUM(COUNTIF(E38:AI38,"cn")) -> 4 | AL38: =SUM(COUNTIF(E38:AI38,"đ")) -> 0 | AM38: =SUM(COUNTIF(E38:AI38,"đc")) -> 0 | AN38: =SUM(COUNTIF(E38:AI38,"gt")) -> 0 | AO38: =SUM(COUNTIF(E38:AI38,"ct")) -> 0 | AP38: =AJ38+AK38+AL38+AM38+AN38+AO38 -> 30 | AS38: =VLOOKUP(C39,'[1]NT 2'!$C$2:$J$259,8,0) -> 03480 | AT38: =D39-AS38 -> 0
A39: 27 | B39: 27 | C39: T . Lốc | D39: =VLOOKUP(C39,'[1]NT 2'!$C$2:$J$259,8,0) -> 03480 | E39: x | F39: x | G39: x | H39: cn | I39: x | K39: x | L39: x | M39: x | N39: x | O39: cn | P39: x | Q39: x | R39: x | S39: x | T39: x | U39: x | V39: cn | W39: x | X39: x | Y39: x | Z39: x | AA39: x | AB39: x | AC39: cn | AD39: x | AE39: x | AF39: x | AG39: x | AH39: x | AI39: x | AJ39: =SUM(COUNTIF(E39:AI39,"x")) -> 26 | AK39: =SUM(COUNTIF(E39:AI39,"cn")) -> 4 | AL39: =SUM(COUNTIF(E39:AI39,"đ")) -> 0 | AM39: =SUM(COUNTIF(E39:AI39,"đc")) -> 0 | AN39: =SUM(COUNTIF(E39:AI39,"gt")) -> 0 | AO39: =SUM(COUNTIF(E39:AI39,"ct")) -> 0 | AP39: =AJ39+AK39+AL39+AM39+AN39+AO39 -> 30 | AS39: =VLOOKUP(C40,'[1]NT 2'!$C$2:$J$259,8,0) -> 03481 | AT39: =D40-AS39 -> 0
A40: 28 | B40: 28 | C40: N . Khâm (1) | D40: =VLOOKUP(C40,'[1]NT 2'!$C$2:$J$259,8,0) -> 03481 | G40: x | H40: cn | I40: x | J40: x | K40: x | L40: x | M40: x | N40: x | O40: cn | P40: x | Q40: x | R40: x | S40: x | T40: x | U40: tt | V40: cn | W40: x | X40: x | Y40: x | Z40: x | AA40: x | AB40: x | AC40: cn | AD40: x | AE40: x | AF40: x | AG40: x | AH40: x | AI40: x | AJ40: =SUM(COUNTIF(E40:AI40,"x")) -> 24 | AK40: =SUM(COUNTIF(E40:AI40,"cn")) -> 4 | AL40: =SUM(COUNTIF(E40:AI40,"đ")) -> 0 | AM40: =SUM(COUNTIF(E40:AI40,"đc")) -> 0 | AN40: =SUM(COUNTIF(E40:AI40,"gt")) -> 0 | AO40: =SUM(COUNTIF(E40:AI40,"ct")) -> 0 | AP40: =AJ40+AK40+AL40+AM40+AN40+AO40 -> 28 | AS40: =VLOOKUP(C41,'[1]NT 2'!$C$2:$J$259,8,0) -> 03482 | AT40: =D41-AS40 -> 0
A41: 29 | B41: 29 | C41: T . Phết | D41: =VLOOKUP(C41,'[1]NT 2'!$C$2:$J$259,8,0) -> 03482 | G41: x | H41: cn | I41: x | J41: x | K41: x | L41: x | M41: x | N41: x | O41: cn | P41: x | Q41: x | R41: x | S41: x | T41: x | U41: tt | V41: cn | W41: x | X41: x | Y41: x | Z41: x | AA41: x | AB41: x | AC41: cn | AD41: x | AE41: x | AF41: x | AG41: x | AH41: x | AI41: x | AJ41: =SUM(COUNTIF(E41:AI41,"x")) -> 24 | AK41: =SUM(COUNTIF(E41:AI41,"cn")) -> 4 | AL41: =SUM(COUNTIF(E41:AI41,"đ")) -> 0 | AM41: =SUM(COUNTIF(E41:AI41,"đc")) -> 0 | AN41: =SUM(COUNTIF(E41:AI41,"gt")) -> 0 | AO41: =SUM(COUNTIF(E41:AI41,"ct")) -> 0 | AP41: =AJ41+AK41+AL41+AM41+AN41+AO41 -> 28 | AS41: =VLOOKUP(C42,'[1]NT 2'!$C$2:$J$259,8,0) -> 03483 | AT41: =D42-AS41 -> 0
A42: 30 | B42: 30 | C42: T. Viêng Sa Văn | D42: =VLOOKUP(C42,'[1]NT 2'!$C$2:$J$259,8,0) -> 03483 | E42: x | H42: cn | I42: x | J42: x | K42: x | L42: x | M42: x | N42: x | O42: cn | P42: x | Q42: x | R42: x | S42: x | T42: x | U42: x | V42: cn | W42: x | X42: x | Y42: x | Z42: x | AA42: x | AB42: x | AC42: cn | AD42: x | AE42: x | AF42: x | AG42: x | AH42: x | AI42: x | AJ42: =SUM(COUNTIF(E42:AI42,"x")) -> 25 | AK42: =SUM(COUNTIF(E42:AI42,"cn")) -> 4 | AL42: =SUM(COUNTIF(E42:AI42,"đ")) -> 0 | AM42: =SUM(COUNTIF(E42:AI42,"đc")) -> 0 | AN42: =SUM(COUNTIF(E42:AI42,"gt")) -> 0 | AO42: =SUM(COUNTIF(E42:AI42,"ct")) -> 0 | AP42: =AJ42+AK42+AL42+AM42+AN42+AO42 -> 29 | AS42: =VLOOKUP(C43,'[1]NT 2'!$C$2:$J$259,8,0) -> 03484 | AT42: =D43-AS42 -> 0
A43: 31 | B43: 31 | C43: T. Ca Te | D43: =VLOOKUP(C43,'[1]NT 2'!$C$2:$J$259,8,0) -> 03484 | E43: x | F43: x | G43: x | I43: x | J43: x | K43: x | L43: x | M43: x | N43: x | O43: cn | P43: x | Q43: x | R43: x | S43: x | T43: x | U43: x | V43: cn | W43: x | X43: x | Y43: x | Z43: x | AA43: x | AB43: x | AC43: cn | AD43: x | AE43: x | AF43: x | AG43: x | AH43: x | AI43: x | AJ43: =SUM(COUNTIF(E43:AI43,"x")) -> 27 | AK43: =SUM(COUNTIF(E43:AI43,"cn")) -> 3 | AL43: =SUM(COUNTIF(E43:AI43,"đ")) -> 0 | AM43: =SUM(COUNTIF(E43:AI43,"đc")) -> 0 | AN43: =SUM(COUNTIF(E43:AI43,"gt")) -> 0 | AO43: =SUM(COUNTIF(E43:AI43,"ct")) -> 0 | AP43: =AJ43+AK43+AL43+AM43+AN43+AO43 -> 30 | AS43: =VLOOKUP(C44,'[1]NT 2'!$C$2:$J$259,8,0) -> 03485 | AT43: =D44-AS43 -> 0
A44: 32 | B44: 32 | C44: T. Lâm Phon | D44: =VLOOKUP(C44,'[1]NT 2'!$C$2:$J$259,8,0) -> 03485 | E44: x | F44: x | G44: x | H44: cn | I44: x | J44: x | L44: x | M44: x | N44: x | O44: cn | P44: x | Q44: x | R44: x | S44: x | T44: x | U44: x | V44: cn | W44: x | X44: x | Y44: x | Z44: x | AA44: x | AB44: x | AC44: cn | AD44: x | AE44: x | AF44: x | AG44: x | AH44: x | AI44: x | AJ44: =SUM(COUNTIF(E44:AI44,"x")) -> 26 | AK44: =SUM(COUNTIF(E44:AI44,"cn")) -> 4 | AL44: =SUM(COUNTIF(E44:AI44,"đ")) -> 0 | AM44: =SUM(COUNTIF(E44:AI44,"đc")) -> 0 | AN44: =SUM(COUNTIF(E44:AI44,"gt")) -> 0 | AO44: =SUM(COUNTIF(E44:AI44,"ct")) -> 0 | AP44: =AJ44+AK44+AL44+AM44+AN44+AO44 -> 30 | AS44: =VLOOKUP(C45,'[1]NT 2'!$C$2:$J$259,8,0) -> 02712 | AT44: =D45-AS44 -> 0
A45: 33 | B45: 33 | C45: T. Sô Đa | D45: =VLOOKUP(C45,'[1]NT 2'!$C$2:$J$259,8,0) -> 02712 | E45: x | F45: x | G45: x | H45: cn | I45: x | J45: x | K45: x | L45: x | M45: x | P45: x | Q45: x | R45: x | S45: x | T45: x | U45: x | V45: cn | W45: x | X45: x | Y45: x | Z45: x | AA45: x | AB45: x | AC45: cn | AD45: x | AE45: x | AF45: x | AG45: x | AH45: x | AI45: x | AJ45: =SUM(COUNTIF(E45:AI45,"x")) -> 26 | AK45: =SUM(COUNTIF(E45:AI45,"cn")) -> 3 | AL45: =SUM(COUNTIF(E45:AI45,"đ")) -> 0 | AM45: =SUM(COUNTIF(E45:AI45,"đc")) -> 0 | AN45: =SUM(COUNTIF(E45:AI45,"gt")) -> 0 | AO45: =SUM(COUNTIF(E45:AI45,"ct")) -> 0 | AP45: =AJ45+AK45+AL45+AM45+AN45+AO45 -> 29 | AS45: =VLOOKUP(C46,'[1]NT 2'!$C$2:$J$259,8,0) -> 02722 | AT45: =D46-AS45 -> 0
A46: 34 | B46: 34 | C46: T. Phu Ngân | D46: =VLOOKUP(C46,'[1]NT 2'!$C$2:$J$259,8,0) -> 02722 | E46: x | F46: x | G46: x | H46: cn | I46: x | J46: x | L46: x | M46: x | N46: x | O46: cn | P46: x | Q46: x | R46: x | S46: x | T46: x | U46: x | V46: cn | W46: x | X46: x | Y46: x | Z46: x | AA46: x | AB46: x | AC46: cn | AD46: x | AE46: x | AF46: x | AG46: x | AH46: x | AI46: x | AJ46: =SUM(COUNTIF(E46:AI46,"x")) -> 26 | AK46: =SUM(COUNTIF(E46:AI46,"cn")) -> 4 | AL46: =SUM(COUNTIF(E46:AI46,"đ")) -> 0 | AM46: =SUM(COUNTIF(E46:AI46,"đc")) -> 0 | AN46: =SUM(COUNTIF(E46:AI46,"gt")) -> 0 | AO46: =SUM(COUNTIF(E46:AI46,"ct")) -> 0 | AP46: =AJ46+AK46+AL46+AM46+AN46+AO46 -> 30 | AS46: =VLOOKUP(C47,'[1]NT 2'!$C$2:$J$259,8,0) -> 02714 | AT46: =D47-AS46 -> 0
A47: 35 | B47: 35 | C47: N. Tủn | D47: =VLOOKUP(C47,'[1]NT 2'!$C$2:$J$259,8,0) -> 02714 | E47: x | F47: x | G47: x | H47: cn | I47: x | J47: x | K47: x | L47: x | M47: x | N47: x | O47: cn | P47: x | Q47: x | R47: x | S47: x | T47: x | U47: x | V47: cn | W47: x | X47: x | Y47: x | Z47: x | AA47: x | AB47: x | AC47: cn | AD47: x | AE47: x | AF47: x | AG47: x | AH47: x | AI47: x | AJ47: =SUM(COUNTIF(E47:AI47,"x")) -> 27 | AK47: =SUM(COUNTIF(E47:AI47,"cn")) -> 4 | AL47: =SUM(COUNTIF(E47:AI47,"đ")) -> 0 | AM47: =SUM(COUNTIF(E47:AI47,"đc")) -> 0 | AN47: =SUM(COUNTIF(E47:AI47,"gt")) -> 0 | AO47: =SUM(COUNTIF(E47:AI47,"ct")) -> 0 | AP47: =AJ47+AK47+AL47+AM47+AN47+AO47 -> 31 | AS47: =VLOOKUP(C48,'[1]NT 2'!$C$2:$J$259,8,0) -> 02713 | AT47: =D48-AS47 -> 0
A48: 36 | B48: 36 | C48: T. Lung | D48: =VLOOKUP(C48,'[1]NT 2'!$C$2:$J$259,8,0) -> 02713 | E48: x | F48: x | G48: x | H48: cn | I48: x | J48: x | K48: x | L48: x | M48: x | N48: x | O48: cn | P48: x | Q48: x | R48: x | S48: x | T48: x | U48: x | V48: cn | W48: x | X48: x | Y48: x | Z48: x | AA48: x | AB48: x | AC48: cn | AD48: x | AE48: x | AF48: x | AG48: x | AH48: x | AI48: x | AJ48: =SUM(COUNTIF(E48:AI48,"x")) -> 27 | AK48: =SUM(COUNTIF(E48:AI48,"cn")) -> 4 | AL48: =SUM(COUNTIF(E48:AI48,"đ")) -> 0 | AM48: =SUM(COUNTIF(E48:AI48,"đc")) -> 0 | AN48: =SUM(COUNTIF(E48:AI48,"gt")) -> 0 | AO48: =SUM(COUNTIF(E48:AI48,"ct")) -> 0 | AP48: =AJ48+AK48+AL48+AM48+AN48+AO48 -> 31 | AS48: =VLOOKUP(C49,'[1]NT 2'!$C$2:$J$259,8,0) -> #N/A | AT48: =D49-AS48 -> #N/A
A49: 37 | B49: 37 | C49: T. Bi Ly (2) | D49: =VLOOKUP(C49,'[1]NT 2'!$C$2:$J$259,8,0) -> #N/A | E49: x | F49: x | G49: x | H49: cn | I49: x | J49: x | K49: x | L49: x | M49: x | N49: x | O49: cn | P49: x | Q49: x | R49: x | S49: x | T49: x | U49: x | V49: cn | W49: x | X49: x | Y49: x | Z49: x | AA49: x | AB49: x | AC49: cn | AD49: x | AE49: x | AF49: x | AG49: x | AH49: x | AI49: x | AJ49: =SUM(COUNTIF(E49:AI49,"x")) -> 27 | AK49: =SUM(COUNTIF(E49:AI49,"cn")) -> 4 | AL49: =SUM(COUNTIF(E49:AI49,"đ")) -> 0 | AM49: =SUM(COUNTIF(E49:AI49,"đc")) -> 0 | AN49: =SUM(COUNTIF(E49:AI49,"gt")) -> 0 | AO49: =SUM(COUNTIF(E49:AI49,"ct")) -> 0 | AP49: =AJ49+AK49+AL49+AM49+AN49+AO49 -> 31 | AS49: =VLOOKUP(C50,'[1]NT 2'!$C$2:$J$259,8,0) -> 03487 | AT49: =D50-AS49 -> 0
A50: 38 | B50: 38 | C50: N. Ba Say | D50: =VLOOKUP(C50,'[1]NT 2'!$C$2:$J$259,8,0) -> 03487 | E50: x | F50: x | G50: x | I50: x | J50: x | L50: x | N50: x | O50: cn | P50: x | Q50: x | T50: x | U50: x | V50: cn | X50: x | Y50: x | Z50: x | AA50: x | AB50: x | AC50: cn | AD50: x | AE50: x | AF50: x | AG50: x | AH50: x | AI50: x | AJ50: =SUM(COUNTIF(E50:AI50,"x")) -> 22 | AK50: =SUM(COUNTIF(E50:AI50,"cn")) -> 3 | AL50: =SUM(COUNTIF(E50:AI50,"đ")) -> 0 | AM50: =SUM(COUNTIF(E50:AI50,"đc")) -> 0 | AN50: =SUM(COUNTIF(E50:AI50,"gt")) -> 0 | AO50: =SUM(COUNTIF(E50:AI50,"ct")) -> 0 | AP50: =AJ50+AK50+AL50+AM50+AN50+AO50 -> 25 | AS50: =VLOOKUP(C51,'[1]NT 2'!$C$2:$J$259,8,0) -> 03488 | AT50: =D51-AS50 -> 0
A51: 39 | B51: 39 | C51: N. Đeng | D51: =VLOOKUP(C51,'[1]NT 2'!$C$2:$J$259,8,0) -> 03488 | E51: x | F51: x | G51: x | H51: cn | I51: x | J51: x | K51: x | L51: x | M51: x | N51: x | O51: cn | P51: x | Q51: x | R51: x | S51: x | T51: x | U51: x | V51: cn | W51: x | X51: x | Y51: x | Z51: x | AA51: x | AB51: x | AC51: cn | AD51: x | AE51: x | AF51: x | AG51: x | AH51: x | AI51: x | AJ51: =SUM(COUNTIF(E51:AI51,"x")) -> 27 | AK51: =SUM(COUNTIF(E51:AI51,"cn")) -> 4 | AL51: =SUM(COUNTIF(E51:AI51,"đ")) -> 0 | AM51: =SUM(COUNTIF(E51:AI51,"đc")) -> 0 | AN51: =SUM(COUNTIF(E51:AI51,"gt")) -> 0 | AO51: =SUM(COUNTIF(E51:AI51,"ct")) -> 0 | AP51: =AJ51+AK51+AL51+AM51+AN51+AO51 -> 31 | AS51: =VLOOKUP(C52,'[1]NT 2'!$C$2:$J$259,8,0) -> 03489 | AT51: =D52-AS51 -> 0
A52: 40 | B52: 40 | C52: T. Tinh | D52: =VLOOKUP(C52,'[1]NT 2'!$C$2:$J$259,8,0) -> 03489 | E52: x | F52: x | G52: x | I52: x | J52: x | L52: x | N52: x | O52: cn | P52: x | Q52: x | T52: x | U52: x | V52: cn | W52: x | X52: x | Y52: x | Z52: x | AA52: x | AB52: x | AC52: cn | AD52: x | AE52: x | AF52: x | AG52: x | AH52: x | AI52: x | AJ52: =SUM(COUNTIF(E52:AI52,"x")) -> 23 | AK52: =SUM(COUNTIF(E52:AI52,"cn")) -> 3 | AL52: =SUM(COUNTIF(E52:AI52,"đ")) -> 0 | AM52: =SUM(COUNTIF(E52:AI52,"đc")) -> 0 | AN52: =SUM(COUNTIF(E52:AI52,"gt")) -> 0 | AO52: =SUM(COUNTIF(E52:AI52,"ct")) -> 0 | AP52: =AJ52+AK52+AL52+AM52+AN52+AO52 -> 26 | AS52: =VLOOKUP(C53,'[1]NT 2'!$C$2:$J$259,8,0) -> #N/A | AT52: =D53-AS52 -> #N/A
A53: 41 | B53: 41 | C53: T. Khăm Pỏi | E53: x | F53: x | G53: x | H53: cn | I53: x | J53: x | K53: x | L53: x | M53: x | N53: x | O53: cn | P53: x | Q53: x | R53: x | S53: x | T53: x | U53: x | V53: cn | W53: x | X53: x | Y53: x | Z53: x | AA53: x | AB53: x | AC53: cn | AD53: x | AE53: x | AF53: x | AG53: x | AH53: x | AI53: x | AJ53: =SUM(COUNTIF(E53:AI53,"x")) -> 27 | AK53: =SUM(COUNTIF(E53:AI53,"cn")) -> 4 | AL53: =SUM(COUNTIF(E53:AI53,"đ")) -> 0 | AM53: =SUM(COUNTIF(E53:AI53,"đc")) -> 0 | AN53: =SUM(COUNTIF(E53:AI53,"gt")) -> 0 | AO53: =SUM(COUNTIF(E53:AI53,"ct")) -> 0 | AP53: =AJ53+AK53+AL53+AM53+AN53+AO53 -> 31 | AS53: =VLOOKUP(C54,'[1]NT 2'!$C$2:$J$259,8,0) -> 03491 | AT53: =D54-AS53 -> 0
A54: 42 | B54: 42 | C54: Lăm Ngân | D54: =VLOOKUP(C54,'[1]NT 2'!$C$2:$J$259,8,0) -> 03491 | E54: x | F54: x | G54: x | H54: cn | I54: x | J54: x | K54: x | L54: x | M54: x | N54: x | O54: cn | P54: x | Q54: x | R54: x | S54: x | T54: x | U54: x | V54: cn | W54: x | X54: x | Y54: x | Z54: x | AA54: x | AB54: x | AC54: cn | AD54: x | AE54: x | AF54: x | AG54: x | AH54: x | AI54: x | AJ54: =SUM(COUNTIF(E54:AI54,"x")) -> 27 | AK54: =SUM(COUNTIF(E54:AI54,"cn")) -> 4 | AL54: =SUM(COUNTIF(E54:AI54,"đ")) -> 0 | AM54: =SUM(COUNTIF(E54:AI54,"đc")) -> 0 | AN54: =SUM(COUNTIF(E54:AI54,"gt")) -> 0 | AO54: =SUM(COUNTIF(E54:AI54,"ct")) -> 0 | AP54: =AJ54+AK54+AL54+AM54+AN54+AO54 -> 31 | AS54: =VLOOKUP(C55,'[1]NT 2'!$C$2:$J$259,8,0) -> #N/A | AT54: =D55-AS54 -> #N/A
A55: 43 | B55: 43 | C55: T. Không | D55: =VLOOKUP(C55,'[1]NT 2'!$C$2:$J$259,8,0) -> #N/A | E55: x | F55: x | G55: x | H55: cn | I55: x | J55: x | K55: x | L55: x | M55: x | N55: x | O55: cn | P55: x | Q55: x | R55: x | S55: x | T55: x | U55: x | V55: cn | W55: x | X55: x | Y55: x | Z55: x | AA55: x | AB55: x | AC55: cn | AD55: x | AE55: x | AF55: x | AG55: x | AH55: x | AI55: x | AJ55: =SUM(COUNTIF(E55:AI55,"x")) -> 27 | AK55: =SUM(COUNTIF(E55:AI55,"cn")) -> 4 | AL55: =SUM(COUNTIF(E55:AI55,"đ")) -> 0 | AM55: =SUM(COUNTIF(E55:AI55,"đc")) -> 0 | AN55: =SUM(COUNTIF(E55:AI55,"gt")) -> 0 | AO55: =SUM(COUNTIF(E55:AI55,"ct")) -> 0 | AP55: =AJ55+AK55+AL55+AM55+AN55+AO55 -> 31 | AS55: =VLOOKUP(C56,'[1]NT 2'!$C$2:$J$259,8,0) -> 03492 | AT55: =D56-AS55 -> 0
A56: 44 | B56: 44 | C56: T. Lem | D56: =VLOOKUP(C56,'[1]NT 2'!$C$2:$J$259,8,0) -> 03492 | E56: x | F56: x | G56: x | H56: cn | I56: x | L56: x | M56: x | N56: x | O56: cn | P56: x | Q56: x | R56: x | S56: x | T56: x | U56: x | V56: cn | W56: x | X56: x | Y56: x | Z56: x | AA56: x | AB56: x | AC56: cn | AD56: x | AE56: x | AF56: x | AG56: x | AH56: x | AI56: x | AJ56: =SUM(COUNTIF(E56:AI56,"x")) -> 25 | AK56: =SUM(COUNTIF(E56:AI56,"cn")) -> 4 | AL56: =SUM(COUNTIF(E56:AI56,"đ")) -> 0 | AM56: =SUM(COUNTIF(E56:AI56,"đc")) -> 0 | AN56: =SUM(COUNTIF(E56:AI56,"gt")) -> 0 | AO56: =SUM(COUNTIF(E56:AI56,"ct")) -> 0 | AP56: =AJ56+AK56+AL56+AM56+AN56+AO56 -> 29 | AS56: =VLOOKUP(C57,'[1]NT 2'!$C$2:$J$259,8,0) -> 03493 | AT56: =D57-AS56 -> 0
A57: 45 | B57: 45 | C57: T. Pông | D57: =VLOOKUP(C57,'[1]NT 2'!$C$2:$J$259,8,0) -> 03493 | E57: x | F57: x | G57: x | H57: cn | I57: x | J57: x | L57: x | M57: x | N57: x | O57: cn | P57: x | Q57: x | R57: x | S57: x | T57: x | U57: x | V57: cn | W57: x | X57: x | Y57: x | Z57: x | AA57: x | AB57: x | AC57: cn | AD57: x | AE57: x | AF57: x | AG57: x | AH57: x | AI57: x | AJ57: =SUM(COUNTIF(E57:AI57,"x")) -> 26 | AK57: =SUM(COUNTIF(E57:AI57,"cn")) -> 4 | AL57: =SUM(COUNTIF(E57:AI57,"đ")) -> 0 | AM57: =SUM(COUNTIF(E57:AI57,"đc")) -> 0 | AN57: =SUM(COUNTIF(E57:AI57,"gt")) -> 0 | AO57: =SUM(COUNTIF(E57:AI57,"ct")) -> 0 | AP57: =AJ57+AK57+AL57+AM57+AN57+AO57 -> 30 | AS57: =VLOOKUP(C58,'[1]NT 2'!$C$2:$J$259,8,0) -> 03496 | AT57: =D58-AS57 -> 0
A58: 46 | B58: 46 | C58: T. Lốp | D58: =VLOOKUP(C58,'[1]NT 2'!$C$2:$J$259,8,0) -> 03496 | E58: x | G58: x | H58: cn | I58: x | J58: x | K58: x | L58: x | M58: x | O58: cn | P58: x | Q58: x | R58: x | S58: x | T58: x | U58: x | V58: cn | W58: x | X58: x | Y58: tt | Z58: x | AA58: x | AB58: x | AC58: cn | AD58: x | AE58: x | AF58: x | AG58: x | AH58: x | AI58: x | AJ58: =SUM(COUNTIF(E58:AI58,"x")) -> 24 | AK58: =SUM(COUNTIF(E58:AI58,"cn")) -> 4 | AL58: =SUM(COUNTIF(E58:AI58,"đ")) -> 0 | AM58: =SUM(COUNTIF(E58:AI58,"đc")) -> 0 | AN58: =SUM(COUNTIF(E58:AI58,"gt")) -> 0 | AO58: =SUM(COUNTIF(E58:AI58,"ct")) -> 0 | AP58: =AJ58+AK58+AL58+AM58+AN58+AO58 -> 28 | AS58: =VLOOKUP(C59,'[1]NT 2'!$C$2:$J$259,8,0) -> #N/A | AT58: =D59-AS58 -> #N/A
A59: 47 | B59: 47 | C59: N. Nu Ni | D59: =VLOOKUP(C59,'[1]NT 2'!$C$2:$J$259,8,0) -> #N/A | E59: x | G59: x | H59: cn | I59: x | J59: x | K59: x | L59: x | M59: x | O59: cn | P59: x | Q59: x | R59: x | S59: x | T59: x | U59: x | V59: cn | W59: x | X59: x | Y59: tt | Z59: x | AA59: x | AB59: x | AC59: cn | AD59: x | AE59: x | AF59: x | AG59: x | AH59: x | AI59: x | AJ59: =SUM(COUNTIF(E59:AI59,"x")) -> 24 | AK59: =SUM(COUNTIF(E59:AI59,"cn")) -> 4 | AL59: =SUM(COUNTIF(E59:AI59,"đ")) -> 0 | AM59: =SUM(COUNTIF(E59:AI59,"đc")) -> 0 | AN59: =SUM(COUNTIF(E59:AI59,"gt")) -> 0 | AO59: =SUM(COUNTIF(E59:AI59,"ct")) -> 0 | AP59: =AJ59+AK59+AL59+AM59+AN59+AO59 -> 28 | AS59: =VLOOKUP(C60,'[1]NT 2'!$C$2:$J$259,8,0) -> 03494 | AT59: =D60-AS59 -> 0
A60: 48 | B60: 48 | C60: T. Đi | D60: =VLOOKUP(C60,'[1]NT 2'!$C$2:$J$259,8,0) -> 03494 | E60: x | F60: x | G60: x | H60: cn | I60: x | J60: x | L60: x | M60: x | N60: x | O60: cn | P60: x | Q60: x | R60: x | S60: x | T60: x | U60: x | V60: cn | W60: x | Y60: x | Z60: x | AA60: x | AB60: x | AC60: cn | AD60: x | AE60: x | AF60: x | AG60: x | AH60: x | AI60: x | AJ60: =SUM(COUNTIF(E60:AI60,"x")) -> 25 | AK60: =SUM(COUNTIF(E60:AI60,"cn")) -> 4 | AL60: =SUM(COUNTIF(E60:AI60,"đ")) -> 0 | AM60: =SUM(COUNTIF(E60:AI60,"đc")) -> 0 | AN60: =SUM(COUNTIF(E60:AI60,"gt")) -> 0 | AO60: =SUM(COUNTIF(E60:AI60,"ct")) -> 0 | AP60: =AJ60+AK60+AL60+AM60+AN60+AO60 -> 29 | AS60: =VLOOKUP(C61,'[1]NT 2'!$C$2:$J$259,8,0) -> 03495 | AT60: =D61-AS60 -> 0
A61: 49 | B61: 49 | C61: N. On Xi | D61: =VLOOKUP(C61,'[1]NT 2'!$C$2:$J$259,8,0) -> 03495 | E61: x | F61: x | G61: x | H61: cn | I61: x | M61: x | O61: cn | P61: x | Q61: x | R61: x | S61: x | T61: x | U61: x | V61: cn | W61: x | X61: x | Y61: x | Z61: x | AA61: x | AB61: x | AC61: cn | AD61: x | AE61: x | AG61: x | AH61: x | AI61: x | AJ61: =SUM(COUNTIF(E61:AI61,"x")) -> 22 | AK61: =SUM(COUNTIF(E61:AI61,"cn")) -> 4 | AL61: =SUM(COUNTIF(E61:AI61,"đ")) -> 0 | AM61: =SUM(COUNTIF(E61:AI61,"đc")) -> 0 | AN61: =SUM(COUNTIF(E61:AI61,"gt")) -> 0 | AO61: =SUM(COUNTIF(E61:AI61,"ct")) -> 0 | AP61: =AJ61+AK61+AL61+AM61+AN61+AO61 -> 26 | AS61: =VLOOKUP(C62,'[1]NT 2'!$C$2:$J$259,8,0) -> #N/A | AT61: =D62-AS61 -> #N/A
A62: 50 | B62: 50 | C62: N. Thông La | D62: =VLOOKUP(C62,'[1]NT 2'!$C$2:$J$259,8,0) -> #N/A | E62: x | F62: x | G62: x | H62: cn | I62: x | J62: x | K62: x | L62: x | M62: x | N62: x | O62: cn | P62: x | Q62: x | R62: x | S62: x | T62: x | U62: x | V62: cn | W62: x | X62: x | Y62: x | Z62: x | AA62: x | AB62: x | AC62: cn | AD62: x | AE62: x | AF62: x | AG62: x | AH62: x | AI62: x | AJ62: =SUM(COUNTIF(E62:AI62,"x")) -> 27 | AK62: =SUM(COUNTIF(E62:AI62,"cn")) -> 4 | AL62: =SUM(COUNTIF(E62:AI62,"đ")) -> 0 | AM62: =SUM(COUNTIF(E62:AI62,"đc")) -> 0 | AN62: =SUM(COUNTIF(E62:AI62,"gt")) -> 0 | AO62: =SUM(COUNTIF(E62:AI62,"ct")) -> 0 | AP62: =AJ62+AK62+AL62+AM62+AN62+AO62 -> 31 | AS62: =VLOOKUP(C63,'[1]NT 2'!$C$2:$J$259,8,0) -> 03497 | AT62: =D63-AS62 -> 0
A63: 51 | B63: 51 | C63: T. Son Xay | D63: =VLOOKUP(C63,'[1]NT 2'!$C$2:$J$259,8,0) -> 03497 | E63: x | F63: x | H63: cn | J63: x | K63: x | L63: x | M63: x | N63: x | O63: cn | P63: x | Q63: x | R63: x | S63: x | T63: x | U63: x | V63: cn | W63: x | X63: x | Y63: x | Z63: x | AA63: x | AB63: x | AC63: cn | AD63: x | AE63: x | AF63: x | AG63: x | AH63: x | AI63: x | AJ63: =SUM(COUNTIF(E63:AI63,"x")) -> 25 | AK63: =SUM(COUNTIF(E63:AI63,"cn")) -> 4 | AL63: =SUM(COUNTIF(E63:AI63,"đ")) -> 0 | AM63: =SUM(COUNTIF(E63:AI63,"đc")) -> 0 | AN63: =SUM(COUNTIF(E63:AI63,"gt")) -> 0 | AO63: =SUM(COUNTIF(E63:AI63,"ct")) -> 0 | AP63: =AJ63+AK63+AL63+AM63+AN63+AO63 -> 29 | AS63: =VLOOKUP(C64,'[1]NT 2'!$C$2:$J$259,8,0) -> 03498 | AT63: =D64-AS63 -> 0
A64: 52 | B64: 52 | C64: N. Lăm Phay | D64: =VLOOKUP(C64,'[1]NT 2'!$C$2:$J$259,8,0) -> 03498 | E64: x | F64: x | H64: cn | J64: x | K64: x | L64: x | M64: x | N64: x | O64: cn | P64: x | Q64: x | R64: x | S64: x | T64: x | U64: x | V64: cn | W64: x | X64: x | Y64: x | Z64: x | AA64: x | AB64: x | AC64: cn | AD64: x | AE64: x | AF64: x | AG64: x | AH64: x | AI64: x | AJ64: =SUM(COUNTIF(E64:AI64,"x")) -> 25 | AK64: =SUM(COUNTIF(E64:AI64,"cn")) -> 4 | AL64: =SUM(COUNTIF(E64:AI64,"đ")) -> 0 | AM64: =SUM(COUNTIF(E64:AI64,"đc")) -> 0 | AN64: =SUM(COUNTIF(E64:AI64,"gt")) -> 0 | AO64: =SUM(COUNTIF(E64:AI64,"ct")) -> 0 | AP64: =AJ64+AK64+AL64+AM64+AN64+AO64 -> 29 | AS64: =VLOOKUP(C65,'[1]NT 2'!$C$2:$J$259,8,0) -> 02706 | AT64: =D65-AS64 -> 0
A65: 53 | B65: 53 | C65: T. Nhung | D65: =VLOOKUP(C65,'[1]NT 2'!$C$2:$J$259,8,0) -> 02706 | E65: x | F65: x | G65: x | H65: cn | I65: x | L65: x | M65: x | N65: x | O65: cn | P65: x | Q65: x | R65: x | S65: x | T65: x | U65: x | V65: cn | W65: x | X65: x | Y65: x | Z65: x | AA65: x | AB65: x | AC65: cn | AD65: x | AE65: x | AF65: x | AG65: x | AH65: x | AI65: x | AJ65: =SUM(COUNTIF(E65:AI65,"x")) -> 25 | AK65: =SUM(COUNTIF(E65:AI65,"cn")) -> 4 | AL65: =SUM(COUNTIF(E65:AI65,"đ")) -> 0 | AM65: =SUM(COUNTIF(E65:AI65,"đc")) -> 0 | AN65: =SUM(COUNTIF(E65:AI65,"gt")) -> 0 | AO65: =SUM(COUNTIF(E65:AI65,"ct")) -> 0 | AP65: =AJ65+AK65+AL65+AM65+AN65+AO65 -> 29 | AS65: =VLOOKUP(C66,'[1]NT 2'!$C$2:$J$259,8,0) -> #N/A | AT65: =D66-AS65 -> #N/A
A66: 54 | B66: 54 | C66: T. Khay Khăm | D66: =VLOOKUP(C66,'[1]NT 2'!$C$2:$J$259,8,0) -> #N/A | E66: x | I66: x | K66: x | L66: x | N66: x | P66: x | Q66: x | R66: x | S66: x | T66: x | U66: x | V66: cn | W66: x | X66: x | Y66: x | Z66: x | AA66: x | AB66: x | AC66: cn | AD66: x | AE66: x | AF66: x | AG66: x | AH66: x | AI66: x | AJ66: =SUM(COUNTIF(E66:AI66,"x")) -> 23 | AK66: =SUM(COUNTIF(E66:AI66,"cn")) -> 2 | AL66: =SUM(COUNTIF(E66:AI66,"đ")) -> 0 | AM66: =SUM(COUNTIF(E66:AI66,"đc")) -> 0 | AN66: =SUM(COUNTIF(E66:AI66,"gt")) -> 0 | AO66: =SUM(COUNTIF(E66:AI66,"ct")) -> 0 | AP66: =AJ66+AK66+AL66+AM66+AN66+AO66 -> 25 | AS66: =VLOOKUP(C67,'[1]NT 2'!$C$2:$J$259,8,0) -> #N/A | AT66: =D67-AS66 -> #N/A
A67: 55 | B67: 55 | C67: N. Khay Chăn | E67: x | F67: x | G67: x | H67: cn | I67: x | J67: x | K67: x | L67: x | M67: x | N67: x | O67: cn | P67: x | Q67: x | R67: x | S67: x | T67: x | U67: x | V67: cn | W67: x | X67: x | Y67: x | Z67: x | AA67: x | AB67: x | AC67: cn | AD67: x | AE67: x | AF67: x | AG67: x | AH67: x | AI67: x | AJ67: =SUM(COUNTIF(E67:AI67,"x")) -> 27 | AK67: =SUM(COUNTIF(E67:AI67,"cn")) -> 4 | AL67: =SUM(COUNTIF(E67:AI67,"đ")) -> 0 | AM67: =SUM(COUNTIF(E67:AI67,"đc")) -> 0 | AN67: =SUM(COUNTIF(E67:AI67,"gt")) -> 0 | AO67: =SUM(COUNTIF(E67:AI67,"ct")) -> 0 | AP67: =AJ67+AK67+AL67+AM67+AN67+AO67 -> 31 | AS67: =VLOOKUP(C68,'[1]NT 2'!$C$2:$J$259,8,0) -> 03501 | AT67: =D68-AS67 -> 0
A68: 56 | B68: 56 | C68: T Dăn | D68: =VLOOKUP(C68,'[1]NT 2'!$C$2:$J$259,8,0) -> 03501 | E68: x | F68: x | G68: x | H68: cn | I68: x | J68: x | K68: x | L68: x | M68: x | N68: x | O68: cn | P68: x | R68: x | S68: x | T68: x | U68: x | W68: x | X68: x | Y68: x | Z68: x | AA68: x | AB68: x | AC68: cn | AD68: x | AE68: x | AF68: x | AG68: x | AH68: x | AI68: x | AJ68: =SUM(COUNTIF(E68:AI68,"x")) -> 26 | AK68: =SUM(COUNTIF(E68:AI68,"cn")) -> 3 | AL68: =SUM(COUNTIF(E68:AI68,"đ")) -> 0 | AM68: =SUM(COUNTIF(E68:AI68,"đc")) -> 0 | AN68: =SUM(COUNTIF(E68:AI68,"gt")) -> 0 | AO68: =SUM(COUNTIF(E68:AI68,"ct")) -> 0 | AP68: =AJ68+AK68+AL68+AM68+AN68+AO68 -> 29 | AS68: =VLOOKUP(C69,'[1]NT 2'!$C$2:$J$259,8,0) -> 03502 | AT68: =D69-AS68 -> 0
A69: 57 | B69: 57 | C69: T. Xợt | D69: =VLOOKUP(C69,'[1]NT 2'!$C$2:$J$259,8,0) -> 03502 | E69: x | F69: x | G69: x | H69: cn | I69: x | J69: x | K69: x | L69: x | M69: x | N69: x | O69: cn | P69: x | Q69: x | R69: x | S69: x | T69: x | U69: x | V69: cn | W69: x | X69: x | Y69: x | Z69: tt | AA69: x | AB69: x | AC69: cn | AD69: x | AE69: x | AF69: x | AG69: x | AH69: x | AI69: x | AJ69: =SUM(COUNTIF(E69:AI69,"x")) -> 26 | AK69: =SUM(COUNTIF(E69:AI69,"cn")) -> 4 | AL69: =SUM(COUNTIF(E69:AI69,"đ")) -> 0 | AM69: =SUM(COUNTIF(E69:AI69,"đc")) -> 0 | AN69: =SUM(COUNTIF(E69:AI69,"gt")) -> 0 | AO69: =SUM(COUNTIF(E69:AI69,"ct")) -> 0 | AP69: =AJ69+AK69+AL69+AM69+AN69+AO69 -> 30 | AS69: =VLOOKUP(C70,'[1]NT 2'!$C$2:$J$259,8,0) -> #N/A | AT69: =D70-AS69 -> #N/A
A70: 58 | B70: 58 | C70: N. Phết 2 | D70: =VLOOKUP(C70,'[1]NT 2'!$C$2:$J$259,8,0) -> #N/A | E70: x | F70: x | G70: x | H70: cn | I70: x | J70: x | L70: x | M70: x | N70: x | O70: cn | P70: x | Q70: x | R70: x | S70: x | T70: x | U70: x | V70: cn | W70: x | X70: x | Y70: x | Z70: x | AA70: x | AB70: x | AC70: cn | AD70: x | AE70: x | AF70: x | AG70: x | AH70: x | AI70: x | AJ70: =SUM(COUNTIF(E70:AI70,"x")) -> 26 | AK70: =SUM(COUNTIF(E70:AI70,"cn")) -> 4 | AL70: =SUM(COUNTIF(E70:AI70,"đ")) -> 0 | AM70: =SUM(COUNTIF(E70:AI70,"đc")) -> 0 | AN70: =SUM(COUNTIF(E70:AI70,"gt")) -> 0 | AO70: =SUM(COUNTIF(E70:AI70,"ct")) -> 0 | AP70: =AJ70+AK70+AL70+AM70+AN70+AO70 -> 30 | AS70: =VLOOKUP(C71,'[1]NT 2'!$C$2:$J$259,8,0) -> 03504 | AT70: =D71-AS70 -> 0
A71: 59 | B71: 59 | C71: T. Cạp | D71: =VLOOKUP(C71,'[1]NT 2'!$C$2:$J$259,8,0) -> 03504 | E71: x | F71: x | G71: x | H71: cn | I71: x | J71: x | K71: x | L71: x | M71: x | N71: x | O71: cn | P71: x | Q71: x | R71: x | T71: x | U71: x | V71: cn | W71: x | X71: x | Y71: x | Z71: x | AA71: x | AB71: x | AC71: cn | AD71: x | AE71: x | AF71: x | AG71: x | AH71: x | AI71: x | AJ71: =SUM(COUNTIF(E71:AI71,"x")) -> 26 | AK71: =SUM(COUNTIF(E71:AI71,"cn")) -> 4 | AL71: =SUM(COUNTIF(E71:AI71,"đ")) -> 0 | AM71: =SUM(COUNTIF(E71:AI71,"đc")) -> 0 | AN71: =SUM(COUNTIF(E71:AI71,"gt")) -> 0 | AO71: =SUM(COUNTIF(E71:AI71,"ct")) -> 0 | AP71: =AJ71+AK71+AL71+AM71+AN71+AO71 -> 30 | AS71: =VLOOKUP(C72,'[1]NT 2'!$C$2:$J$259,8,0) -> #N/A | AT71: =D72-AS71 -> #N/A
A72: 60 | B72: 60 | C72: T. Toi | D72: =VLOOKUP(C72,'[1]NT 2'!$C$2:$J$259,8,0) -> #N/A | E72: x | G72: x | H72: cn | I72: x | J72: x | K72: x | L72: x | M72: x | N72: x | O72: cn | P72: x | Q72: x | R72: x | T72: x | U72: x | V72: cn | W72: x | X72: x | Y72: x | Z72: x | AA72: x | AB72: x | AC72: cn | AD72: x | AE72: x | AF72: x | AG72: x | AH72: x | AI72: x | AJ72: =SUM(COUNTIF(E72:AI72,"x")) -> 25 | AK72: =SUM(COUNTIF(E72:AI72,"cn")) -> 4 | AL72: =SUM(COUNTIF(E72:AI72,"đ")) -> 0 | AM72: =SUM(COUNTIF(E72:AI72,"đc")) -> 0 | AN72: =SUM(COUNTIF(E72:AI72,"gt")) -> 0 | AO72: =SUM(COUNTIF(E72:AI72,"ct")) -> 0 | AP72: =AJ72+AK72+AL72+AM72+AN72+AO72 -> 29 | AS72: =VLOOKUP(C73,'[1]NT 2'!$C$2:$J$259,8,0) -> 03506 | AT72: =D73-AS72 -> 0
A73: 61 | B73: 61 | C73: N. Bua Hom | D73: =VLOOKUP(C73,'[1]NT 2'!$C$2:$J$259,8,0) -> 03506 | E73: x | F73: x | G73: x | H73: cn | I73: x | L73: x | M73: x | N73: x | O73: cn | P73: x | Q73: x | R73: x | S73: x | T73: x | U73: x | V73: cn | W73: x | X73: x | Y73: x | Z73: x | AA73: x | AB73: x | AC73: cn | AD73: x | AE73: x | AF73: x | AG73: x | AH73: x | AI73: x | AJ73: =SUM(COUNTIF(E73:AI73,"x")) -> 25 | AK73: =SUM(COUNTIF(E73:AI73,"cn")) -> 4 | AL73: =SUM(COUNTIF(E73:AI73,"đ")) -> 0 | AM73: =SUM(COUNTIF(E73:AI73,"đc")) -> 0 | AN73: =SUM(COUNTIF(E73:AI73,"gt")) -> 0 | AO73: =SUM(COUNTIF(E73:AI73,"ct")) -> 0 | AP73: =AJ73+AK73+AL73+AM73+AN73+AO73 -> 29 | AS73: =VLOOKUP(C74,'[1]NT 2'!$C$2:$J$259,8,0) -> #N/A | AT73: =D74-AS73 -> #N/A
A74: 62 | B74: 62 | C74: N. Lăm Phay (2) | D74: =VLOOKUP(C74,'[1]NT 2'!$C$2:$J$259,8,0) -> #N/A | E74: x | F74: x | G74: x | H74: cn | I74: x | J74: x | K74: x | L74: x | M74: x | N74: x | O74: cn | P74: x | Q74: x | S74: x | T74: x | U74: x | V74: cn | W74: x | X74: x | Y74: x | AA74: x | AB74: x | AC74: cn | AD74: x | AE74: x | AF74: x | AG74: x | AH74: x | AI74: x | AJ74: =SUM(COUNTIF(E74:AI74,"x")) -> 25 | AK74: =SUM(COUNTIF(E74:AI74,"cn")) -> 4 | AL74: =SUM(COUNTIF(E74:AI74,"đ")) -> 0 | AM74: =SUM(COUNTIF(E74:AI74,"đc")) -> 0 | AN74: =SUM(COUNTIF(E74:AI74,"gt")) -> 0 | AO74: =SUM(COUNTIF(E74:AI74,"ct")) -> 0 | AP74: =AJ74+AK74+AL74+AM74+AN74+AO74 -> 29 | AS74: =VLOOKUP(C75,'[1]NT 2'!$C$2:$J$259,8,0) -> 03508 | AT74: =D75-AS74 -> 0
A75: 63 | B75: 63 | C75: T. Đèng | D75: =VLOOKUP(C75,'[1]NT 2'!$C$2:$J$259,8,0) -> 03508 | N75: x | O75: cn | P75: x | Q75: x | S75: x | T75: x | U75: x | V75: cn | W75: x | X75: x | Y75: x | Z75: x | AA75: x | AB75: x | AC75: cn | AD75: x | AE75: x | AF75: x | AG75: x | AH75: x | AI75: x | AJ75: =SUM(COUNTIF(E75:AI75,"x")) -> 18 | AK75: =SUM(COUNTIF(E75:AI75,"cn")) -> 3 | AL75: =SUM(COUNTIF(E75:AI75,"đ")) -> 0 | AM75: =SUM(COUNTIF(E75:AI75,"đc")) -> 0 | AN75: =SUM(COUNTIF(E75:AI75,"gt")) -> 0 | AO75: =SUM(COUNTIF(E75:AI75,"ct")) -> 0 | AP75: =AJ75+AK75+AL75+AM75+AN75+AO75 -> 21 | AS75: =VLOOKUP(C76,'[1]NT 2'!$C$2:$J$259,8,0) -> 03512 | AT75: =D76-AS75 -> 0
A76: 64 | B76: 64 | C76: N. Đon | D76: =VLOOKUP(C76,'[1]NT 2'!$C$2:$J$259,8,0) -> 03512 | E76: x | F76: x | G76: x | H76: cn | I76: x | M76: x | N76: x | O76: cn | P76: x | Q76: x | R76: x | S76: x | T76: x | U76: x | V76: cn | W76: x | X76: x | Y76: x | Z76: x | AA76: x | AB76: x | AC76: cn | AD76: x | AE76: x | AF76: x | AG76: x | AH76: x | AI76: x | AJ76: =SUM(COUNTIF(E76:AI76,"x")) -> 24 | AK76: =SUM(COUNTIF(E76:AI76,"cn")) -> 4 | AL76: =SUM(COUNTIF(E76:AI76,"đ")) -> 0 | AM76: =SUM(COUNTIF(E76:AI76,"đc")) -> 0 | AN76: =SUM(COUNTIF(E76:AI76,"gt")) -> 0 | AO76: =SUM(COUNTIF(E76:AI76,"ct")) -> 0 | AP76: =AJ76+AK76+AL76+AM76+AN76+AO76 -> 28 | AS76: =VLOOKUP(C77,'[1]NT 2'!$C$2:$J$259,8,0) -> #N/A | AT76: =D77-AS76 -> #N/A
A77: 65 | B77: 65 | C77: T. La | E77: x | F77: x | G77: x | I77: x | J77: x | K77: x | L77: x | M77: x | O77: cn | P77: x | Q77: x | R77: x | S77: x | T77: x | U77: x | V77: cn | W77: x | X77: x | Y77: x | Z77: x | AA77: x | AB77: x | AC77: cn | AD77: x | AE77: x | AF77: x | AG77: x | AH77: x | AI77: x | AJ77: =SUM(COUNTIF(E77:AI77,"x")) -> 26 | AK77: =SUM(COUNTIF(E77:AI77,"cn")) -> 3 | AL77: =SUM(COUNTIF(E77:AI77,"đ")) -> 0 | AM77: =SUM(COUNTIF(E77:AI77,"đc")) -> 0 | AN77: =SUM(COUNTIF(E77:AI77,"gt")) -> 0 | AO77: =SUM(COUNTIF(E77:AI77,"ct")) -> 0 | AP77: =AJ77+AK77+AL77+AM77+AN77+AO77 -> 29 | AS77: =VLOOKUP(C78,'[1]NT 2'!$C$2:$J$259,8,0) -> #N/A | AT77: =D78-AS77 -> #N/A
A78: 66 | B78: 66 | C78: T. Bờm | E78: x | F78: x | G78: x | H78: cn | I78: x | M78: x | N78: x | O78: cn | P78: x | Q78: x | R78: x | S78: x | T78: x | U78: x | V78: cn | W78: x | X78: x | Y78: x | Z78: x | AA78: x | AB78: x | AC78: cn | AD78: x | AE78: x | AF78: x | AG78: x | AH78: x | AI78: x | AJ78: =SUM(COUNTIF(E78:AI78,"x")) -> 24 | AK78: =SUM(COUNTIF(E78:AI78,"cn")) -> 4 | AL78: =SUM(COUNTIF(E78:AI78,"đ")) -> 0 | AM78: =SUM(COUNTIF(E78:AI78,"đc")) -> 0 | AN78: =SUM(COUNTIF(E78:AI78,"gt")) -> 0 | AO78: =SUM(COUNTIF(E78:AI78,"ct")) -> 0 | AP78: =AJ78+AK78+AL78+AM78+AN78+AO78 -> 28 | AS78: =VLOOKUP(C79,'[1]NT 2'!$C$2:$J$259,8,0) -> 03546 | AT78: =D79-AS78 -> 0
A79: 67 | B79: 67 | C79: T. Nọi | D79: =VLOOKUP(C79,'[1]NT 2'!$C$2:$J$259,8,0) -> 03546 | E79: x | F79: x | G79: x | H79: cn | I79: x | J79: x | K79: x | L79: x | M79: x | N79: x | O79: cn | P79: x | Q79: x | R79: x | S79: x | T79: x | U79: x | V79: cn | W79: x | X79: x | Y79: x | Z79: x | AA79: x | AB79: x | AC79: cn | AD79: x | AE79: x | AF79: x | AG79: x | AH79: x | AI79: x | AJ79: =SUM(COUNTIF(E79:AI79,"x")) -> 27 | AK79: =SUM(COUNTIF(E79:AI79,"cn")) -> 4 | AL79: =SUM(COUNTIF(E79:AI79,"đ")) -> 0 | AM79: =SUM(COUNTIF(E79:AI79,"đc")) -> 0 | AN79: =SUM(COUNTIF(E79:AI79,"gt")) -> 0 | AO79: =SUM(COUNTIF(E79:AI79,"ct")) -> 0 | AP79: =AJ79+AK79+AL79+AM79+AN79+AO79 -> 31 | AS79: =VLOOKUP(C80,'[1]NT 2'!$C$2:$J$259,8,0) -> 03571 | AT79: =D80-AS79 -> 0
A80: 68 | B80: 68 | C80: T. Ê | D80: =VLOOKUP(C80,'[1]NT 2'!$C$2:$J$259,8,0) -> 03571 | N80: x | O80: cn | P80: x | Q80: x | S80: x | T80: x | U80: x | V80: cn | W80: x | X80: x | Y80: x | Z80: x | AA80: x | AB80: x | AC80: cn | AD80: x | AE80: x | AF80: x | AG80: x | AH80: x | AI80: x | AJ80: =SUM(COUNTIF(E80:AI80,"x")) -> 18 | AK80: =SUM(COUNTIF(E80:AI80,"cn")) -> 3 | AL80: =SUM(COUNTIF(E80:AI80,"đ")) -> 0 | AM80: =SUM(COUNTIF(E80:AI80,"đc")) -> 0 | AN80: =SUM(COUNTIF(E80:AI80,"gt")) -> 0 | AO80: =SUM(COUNTIF(E80:AI80,"ct")) -> 0 | AP80: =AJ80+AK80+AL80+AM80+AN80+AO80 -> 21 | AS80: =VLOOKUP(C81,'[1]NT 2'!$C$2:$J$259,8,0) -> #N/A | AT80: =D81-AS80 -> #N/A
A81: 69 | B81: 69 | C81: T Bun | F81: x | G81: x | I81: x | J81: x | K81: x | L81: x | M81: x | N81: x | O81: cn | P81: x | Q81: x | R81: x | U81: x | V81: cn | W81: x | X81: x | Y81: x | Z81: x | AA81: x | AB81: x | AC81: cn | AD81: x | AE81: x | AF81: x | AH81: x | AI81: x | AJ81: =SUM(COUNTIF(E81:AI81,"x")) -> 23 | AK81: =SUM(COUNTIF(E81:AI81,"cn")) -> 3 | AL81: =SUM(COUNTIF(E81:AI81,"đ")) -> 0 | AM81: =SUM(COUNTIF(E81:AI81,"đc")) -> 0 | AN81: =SUM(COUNTIF(E81:AI81,"gt")) -> 0 | AO81: =SUM(COUNTIF(E81:AI81,"ct")) -> 0 | AP81: =AJ81+AK81+AL81+AM81+AN81+AO81 -> 26 | AS81: =VLOOKUP(C82,'[1]NT 2'!$C$2:$J$259,8,0) -> 03515 | AT81: =D82-AS81 -> 0
A82: 70 | B82: 70 | C82: N. Xi | D82: =VLOOKUP(C82,'[1]NT 2'!$C$2:$J$259,8,0) -> 03515 | E82: x | F82: x | G82: x | H82: cn | I82: x | J82: x | K82: x | L82: x | M82: x | N82: x | O82: cn | P82: x | Q82: x | R82: x | S82: x | T82: x | U82: x | V82: cn | W82: x | X82: x | Y82: x | Z82: tt | AA82: x | AB82: x | AC82: cn | AD82: x | AE82: x | AF82: x | AG82: x | AH82: x | AI82: x | AJ82: =SUM(COUNTIF(E82:AI82,"x")) -> 26 | AK82: =SUM(COUNTIF(E82:AI82,"cn")) -> 4 | AL82: =SUM(COUNTIF(E82:AI82,"đ")) -> 0 | AM82: =SUM(COUNTIF(E82:AI82,"đc")) -> 0 | AN82: =SUM(COUNTIF(E82:AI82,"gt")) -> 0 | AO82: =SUM(COUNTIF(E82:AI82,"ct")) -> 0 | AP82: =AJ82+AK82+AL82+AM82+AN82+AO82 -> 30 | AS82: =VLOOKUP(C83,'[1]NT 2'!$C$2:$J$259,8,0) -> 03516 | AT82: =D83-AS82 -> 0
A83: 71 | B83: 71 | C83: N. Chay | D83: =VLOOKUP(C83,'[1]NT 2'!$C$2:$J$259,8,0) -> 03516 | E83: x | F83: x | G83: x | H83: cn | I83: x | J83: x | K83: x | L83: x | M83: x | N83: x | O83: cn | P83: x | Q83: x | R83: x | S83: x | T83: x | U83: x | V83: cn | W83: x | Y83: x | Z83: x | AA83: x | AB83: x | AC83: cn | AD83: x | AF83: x | AG83: x | AH83: x | AI83: x | AJ83: =SUM(COUNTIF(E83:AI83,"x")) -> 25 | AK83: =SUM(COUNTIF(E83:AI83,"cn")) -> 4 | AL83: =SUM(COUNTIF(E83:AI83,"đ")) -> 0 | AM83: =SUM(COUNTIF(E83:AI83,"đc")) -> 0 | AN83: =SUM(COUNTIF(E83:AI83,"gt")) -> 0 | AO83: =SUM(COUNTIF(E83:AI83,"ct")) -> 0 | AP83: =AJ83+AK83+AL83+AM83+AN83+AO83 -> 29 | AS83: =VLOOKUP(C84,'[1]NT 2'!$C$2:$J$259,8,0) -> 03544 | AT83: =D84-AS83 -> 0
A84: 72 | B84: 72 | C84: T. Ta | D84: =VLOOKUP(C84,'[1]NT 2'!$C$2:$J$259,8,0) -> 03544 | E84: x | F84: x | G84: x | H84: cn | I84: x | J84: x | K84: x | L84: x | M84: x | N84: x | O84: cn | P84: x | Q84: x | R84: x | S84: x | T84: x | U84: x | V84: cn | W84: x | X84: x | Y84: x | Z84: x | AA84: x | AB84: x | AC84: cn | AD84: x | AE84: x | AF84: x | AG84: x | AH84: x | AI84: x | AJ84: =SUM(COUNTIF(E84:AI84,"x")) -> 27 | AK84: =SUM(COUNTIF(E84:AI84,"cn")) -> 4 | AL84: =SUM(COUNTIF(E84:AI84,"đ")) -> 0 | AM84: =SUM(COUNTIF(E84:AI84,"đc")) -> 0 | AN84: =SUM(COUNTIF(E84:AI84,"gt")) -> 0 | AO84: =SUM(COUNTIF(E84:AI84,"ct")) -> 0 | AP84: =AJ84+AK84+AL84+AM84+AN84+AO84 -> 31 | AS84: =VLOOKUP(C85,'[1]NT 2'!$C$2:$J$259,8,0) -> #N/A | AT84: =D85-AS84 -> #N/A
A85: 73 | B85: 73 | C85: T. Ne | D85: =VLOOKUP(C85,'[1]NT 2'!$C$2:$J$259,8,0) -> #N/A | E85: x | F85: x | G85: x | H85: cn | I85: x | J85: x | K85: x | L85: x | M85: x | N85: x | O85: cn | P85: x | Q85: x | R85: x | S85: x | T85: x | U85: x | V85: cn | W85: x | X85: x | Y85: x | Z85: x | AA85: x | AB85: x | AC85: cn | AD85: x | AE85: x | AF85: x | AG85: x | AH85: x | AI85: x | AJ85: =SUM(COUNTIF(E85:AI85,"x")) -> 27 | AK85: =SUM(COUNTIF(E85:AI85,"cn")) -> 4 | AL85: =SUM(COUNTIF(E85:AI85,"đ")) -> 0 | AM85: =SUM(COUNTIF(E85:AI85,"đc")) -> 0 | AN85: =SUM(COUNTIF(E85:AI85,"gt")) -> 0 | AO85: =SUM(COUNTIF(E85:AI85,"ct")) -> 0 | AP85: =AJ85+AK85+AL85+AM85+AN85+AO85 -> 31 | AS85: =VLOOKUP(C86,'[1]NT 2'!$C$2:$J$259,8,0) -> #N/A | AT85: =D86-AS85 -> #N/A
A86: 74 | B86: 74 | C86: T. Tý | AJ86: =SUM(COUNTIF(E86:AI86,"x")) -> 0 | AK86: =SUM(COUNTIF(E86:AI86,"cn")) -> 0 | AL86: =SUM(COUNTIF(E86:AI86,"đ")) -> 0 | AM86: =SUM(COUNTIF(E86:AI86,"đc")) -> 0 | AN86: =SUM(COUNTIF(E86:AI86,"gt")) -> 0 | AO86: =SUM(COUNTIF(E86:AI86,"ct")) -> 0 | AP86: =AJ86+AK86+AL86+AM86+AN86+AO86 -> 0 | AT86: =D87-AS86 -> 0
A87: 74 | B87: 74 | C87: T.Lã | U87: x | Y87: x | Z87: x | AB87: x | AI87: x | AJ87: =SUM(COUNTIF(E87:AI87,"x")) -> 5 | AK87: =SUM(COUNTIF(E87:AI87,"cn")) -> 0 | AL87: =SUM(COUNTIF(E87:AI87,"đ")) -> 0 | AM87: =SUM(COUNTIF(E87:AI87,"đc")) -> 0 | AN87: =SUM(COUNTIF(E87:AI87,"gt")) -> 0 | AO87: =SUM(COUNTIF(E87:AI87,"ct")) -> 0 | AP87: =AJ87+AK87+AL87+AM87+AN87+AO87 -> 5 | AT87: =D88-AS87 -> 0
A88: 75 | B88: 75 | C88: N. Veo | U88: x | Y88: x | Z88: x | AB88: x | AI88: x | AJ88: =SUM(COUNTIF(E88:AI88,"x")) -> 5 | AK88: =SUM(COUNTIF(E88:AI88,"cn")) -> 0 | AL88: =SUM(COUNTIF(E88:AI88,"đ")) -> 0 | AM88: =SUM(COUNTIF(E88:AI88,"đc")) -> 0 | AN88: =SUM(COUNTIF(E88:AI88,"gt")) -> 0 | AO88: =SUM(COUNTIF(E88:AI88,"ct")) -> 0 | AP88: =AJ88+AK88+AL88+AM88+AN88+AO88 -> 5 | AT88: =#REF!-AS88 -> #REF!
A89: 76 | B89: 76 | C89: T.Pu | U89: x | Z89: x | AI89: x | AJ89: =SUM(COUNTIF(E89:AI89,"x")) -> 3 | AK89: =SUM(COUNTIF(E89:AI89,"cn")) -> 0 | AL89: =SUM(COUNTIF(E89:AI89,"đ")) -> 0 | AM89: =SUM(COUNTIF(E89:AI89,"đc")) -> 0 | AN89: =SUM(COUNTIF(E89:AI89,"gt")) -> 0 | AO89: =SUM(COUNTIF(E89:AI89,"ct")) -> 0 | AP89: =AJ89+AK89+AL89+AM89+AN89+AO89 -> 3
A90: 78 | B90: 77 | C90: T.Ta | AJ90: =SUM(COUNTIF(E90:AI90,"x")) -> 0 | AK90: =SUM(COUNTIF(E90:AI90,"cn")) -> 0 | AL90: =SUM(COUNTIF(E90:AI90,"đ")) -> 0 | AM90: =SUM(COUNTIF(E90:AI90,"đc")) -> 0 | AN90: =SUM(COUNTIF(E90:AI90,"gt")) -> 0 | AO90: =SUM(COUNTIF(E90:AI90,"ct")) -> 0 | AP90: =AJ90+AK90+AL90+AM90+AN90+AO90 -> 0 | AT90: =D91-AS90 -> 0
A91: 79 | B91: 78 | C91: N.Nang | AJ91: =SUM(COUNTIF(E91:AI91,"x")) -> 0 | AK91: =SUM(COUNTIF(E91:AI91,"cn")) -> 0 | AL91: =SUM(COUNTIF(E91:AI91,"đ")) -> 0 | AM91: =SUM(COUNTIF(E91:AI91,"đc")) -> 0 | AN91: =SUM(COUNTIF(E91:AI91,"gt")) -> 0 | AO91: =SUM(COUNTIF(E91:AI91,"ct")) -> 0 | AP91: =AJ91+AK91+AL91+AM91+AN91+AO91 -> 0 | AT91: =#REF!-AS91 -> #REF!
A92: 80 | B92: 79 | C92: T. Tan | AJ92: =SUM(COUNTIF(E92:AI92,"x")) -> 0 | AK92: =SUM(COUNTIF(E92:AI92,"cn")) -> 0 | AL92: =SUM(COUNTIF(E92:AI92,"đ")) -> 0 | AM92: =SUM(COUNTIF(E92:AI92,"đc")) -> 0 | AN92: =SUM(COUNTIF(E92:AI92,"gt")) -> 0 | AO92: =SUM(COUNTIF(E92:AI92,"ct")) -> 0 | AP92: =AJ92+AK92+AL92+AM92+AN92+AO92 -> 0
B93: Trạm 2 | E93: =SUM(COUNTIF(E94:E155,"x"))+(COUNTIF(E94:E155,"cn"))+(COUNTIF(E94:E155,"cnđ"))+(COUNTIF(E94:E155,"đ")) -> 57 | F93: =SUM(COUNTIF(F94:F155,"x"))+(COUNTIF(F94:F155,"cn"))+(COUNTIF(F94:F155,"cnđ"))+(COUNTIF(F94:F155,"đ")) -> 52 | G93: =SUM(COUNTIF(G94:G155,"x"))+(COUNTIF(G94:G155,"cn"))+(COUNTIF(G94:G155,"cnđ"))+(COUNTIF(G94:G155,"đ")) -> 53 | H93: =SUM(COUNTIF(H94:H155,"x"))+(COUNTIF(H94:H155,"cn"))+(COUNTIF(H94:H155,"cnđ"))+(COUNTIF(H94:H155,"đ")) -> 54 | I93: =SUM(COUNTIF(I94:I155,"x"))+(COUNTIF(I94:I155,"cn"))+(COUNTIF(I94:I155,"cnđ"))+(COUNTIF(I94:I155,"đ")) -> 51 | J93: =SUM(COUNTIF(J94:J155,"x"))+(COUNTIF(J94:J155,"cn"))+(COUNTIF(J94:J155,"cnđ"))+(COUNTIF(J94:J155,"đ")) -> 52 | K93: =SUM(COUNTIF(K94:K155,"x"))+(COUNTIF(K94:K155,"cn"))+(COUNTIF(K94:K155,"cnđ"))+(COUNTIF(K94:K155,"đ")) -> 51 | L93: =SUM(COUNTIF(L94:L155,"x"))+(COUNTIF(L94:L155,"cn"))+(COUNTIF(L94:L155,"cnđ"))+(COUNTIF(L94:L155,"đ")) -> 53 | ... AH93: =SUM(COUNTIF(AH94:AH155,"x"))+(COUNTIF(AH94:AH155,"cn"))+(COUNTIF(AH94:AH155,"cnđ"))+(COUNTIF(AH94:AH155,"đ")) -> 58 | AI93: =SUM(COUNTIF(AI94:AI155,"x"))+(COUNTIF(AI94:AI155,"cn")) -> 58 | AJ93: =SUM(AJ94:AJ155) -> 1510 | AK93: =SUM(AK94:AK155) -> 220 | AL93: =SUM(AL94:AL155) -> 0 | AM93: =SUM(AM94:AM155) -> 0 | AN93: =SUM(AN94:AN155) -> 0 | AO93: =SUM(AO94:AO155) -> 0 | AP93: =SUM(AP94:AP155) -> 1730 | AS93: =VLOOKUP(C94,'[1]NT 2'!$C$2:$J$259,8,0) -> #N/A | AT93: =D94-AS93 -> #N/A | AU93: 869
A94: 77 | B94: 1 | C94: T. Lun | D94: =VLOOKUP(C94,'[1]NT 2'!$C$2:$J$259,8,0) -> #N/A | E94: x | F94: x | G94: x | H94: cn | I94: x | J94: x | L94: x | M94: x | N94: x | O94: cn | P94: x | Q94: x | R94: x | S94: x | T94: x | U94: x | V94: cn | W94: x | X94: x | Y94: x | Z94: x | AA94: x | AB94: x | AC94: cn | AD94: x | AE94: x | AF94: x | AG94: x | AH94: x | AI94: x | AJ94: =SUM(COUNTIF(E94:AI94,"x")) -> 26 | AK94: =SUM(COUNTIF(E94:AI94,"cn")) -> 4 | AL94: =SUM(COUNTIF(E94:AI94,"đ")) -> 0 | AM94: =SUM(COUNTIF(E94:AI94,"đc")) -> 0 | AN94: =SUM(COUNTIF(E94:AI94,"gt")) -> 0 | AO94: =SUM(COUNTIF(E94:AI94,"ct")) -> 0 | AP94: =AJ94+AK94+AL94+AM94+AN94+AO94 -> 30 | AS94: =VLOOKUP(C95,'[1]NT 2'!$C$2:$J$259,8,0) -> 03466 | AT94: =D95-AS94 -> 0 | AU94: 129
A95: 78 | B95: 2 | C95: N. Keo | D95: =VLOOKUP(C95,'[1]NT 2'!$C$2:$J$259,8,0) -> 03466 | E95: x | F95: x | G95: x | H95: cn | I95: x | J95: x | K95: x | L95: x | M95: x | N95: x | O95: tt | P95: x | Q95: x | R95: x | S95: x | T95: x | U95: x | V95: cn | W95: x | X95: x | Y95: tt | Z95: x | AA95: x | AB95: x | AC95: cn | AD95: x | AE95: x | AF95: x | AG95: x | AH95: x | AI95: x | AJ95: =SUM(COUNTIF(E95:AI95,"x")) -> 26 | AK95: =SUM(COUNTIF(E95:AI95,"cn")) -> 3 | AL95: =SUM(COUNTIF(E95:AI95,"đ")) -> 0 | AM95: =SUM(COUNTIF(E95:AI95,"đc")) -> 0 | AN95: =SUM(COUNTIF(E95:AI95,"gt")) -> 0 | AO95: =SUM(COUNTIF(E95:AI95,"ct")) -> 0 | AP95: =AJ95+AK95+AL95+AM95+AN95+AO95 -> 29 | AS95: =VLOOKUP(C96,'[1]NT 2'!$C$2:$J$259,8,0) -> 03590 | AT95: =D96-AS95 -> 0
A96: 79 | B96: 3 | C96: T .Nhum | D96: =VLOOKUP(C96,'[1]NT 2'!$C$2:$J$259,8,0) -> 03590 | E96: x | F96: x | G96: x | H96: cn | I96: x | J96: x | K96: tt | L96: x | M96: x | N96: x | O96: cn | P96: x | Q96: x | R96: x | S96: x | T96: x | U96: x | V96: cn | W96: x | X96: x | Y96: x | Z96: x | AA96: x | AB96: x | AC96: cn | AD96: x | AE96: x | AF96: x | AG96: x | AH96: x | AI96: x | AJ96: =SUM(COUNTIF(E96:AI96,"x")) -> 26 | AK96: =SUM(COUNTIF(E96:AI96,"cn")) -> 4 | AL96: =SUM(COUNTIF(E96:AI96,"đ")) -> 0 | AM96: =SUM(COUNTIF(E96:AI96,"đc")) -> 0 | AN96: =SUM(COUNTIF(E96:AI96,"gt")) -> 0 | AO96: =SUM(COUNTIF(E96:AI96,"ct")) -> 0 | AP96: =AJ96+AK96+AL96+AM96+AN96+AO96 -> 30 | AS96: =VLOOKUP(C97,'[1]NT 2'!$C$2:$J$259,8,0) -> 03591 | AT96: =D97-AS96 -> 0
A97: 80 | B97: 4 | C97: N.Vông Ma Ni | D97: =VLOOKUP(C97,'[1]NT 2'!$C$2:$J$259,8,0) -> 03591 | E97: x | G97: x | H97: cn | I97: x | J97: x | K97: x | L97: x | M97: x | N97: x | O97: cn | P97: x | Q97: x | R97: x | S97: x | T97: x | U97: x | V97: cn | W97: x | X97: x | Y97: x | Z97: x | AA97: x | AB97: x | AC97: cn | AD97: x | AE97: x | AF97: x | AG97: x | AH97: x | AI97: x | AJ97: =SUM(COUNTIF(E97:AI97,"x")) -> 26 | AK97: =SUM(COUNTIF(E97:AI97,"cn")) -> 4 | AL97: =SUM(COUNTIF(E97:AI97,"đ")) -> 0 | AM97: =SUM(COUNTIF(E97:AI97,"đc")) -> 0 | AN97: =SUM(COUNTIF(E97:AI97,"gt")) -> 0 | AO97: =SUM(COUNTIF(E97:AI97,"ct")) -> 0 | AP97: =AJ97+AK97+AL97+AM97+AN97+AO97 -> 30 | AS97: =VLOOKUP(C98,'[1]NT 2'!$C$2:$J$259,8,0) -> 03592 | AT97: =D98-AS97 -> 0
A98: 81 | B98: 5 | C98: Đao Hương | D98: =VLOOKUP(C98,'[1]NT 2'!$C$2:$J$259,8,0) -> 03592 | E98: x | G98: x | H98: cn | I98: x | J98: x | K98: x | L98: x | M98: x | N98: x | O98: cn | P98: x | Q98: x | R98: x | S98: x | T98: x | U98: x | V98: cn | W98: x | X98: x | Y98: x | Z98: x | AA98: x | AB98: x | AC98: cn | AD98: x | AE98: x | AF98: x | AG98: x | AH98: x | AI98: x | AJ98: =SUM(COUNTIF(E98:AI98,"x")) -> 26 | AK98: =SUM(COUNTIF(E98:AI98,"cn")) -> 4 | AL98: =SUM(COUNTIF(E98:AI98,"đ")) -> 0 | AM98: =SUM(COUNTIF(E98:AI98,"đc")) -> 0 | AN98: =SUM(COUNTIF(E98:AI98,"gt")) -> 0 | AO98: =SUM(COUNTIF(E98:AI98,"ct")) -> 0 | AP98: =AJ98+AK98+AL98+AM98+AN98+AO98 -> 30 | AS98: =VLOOKUP(C99,'[1]NT 2'!$C$2:$J$259,8,0) -> 03593 | AT98: =D99-AS98 -> 0
A99: 82 | B99: 6 | C99: T. Xi Nun | D99: =VLOOKUP(C99,'[1]NT 2'!$C$2:$J$259,8,0) -> 03593 | E99: x | F99: x | G99: x | I99: x | J99: x | K99: x | L99: x | M99: x | N99: tt | O99: tt | P99: x | Q99: x | R99: x | S99: x | T99: x | U99: x | V99: cn | W99: x | X99: tt | Y99: tt | Z99: tt | AA99: x | AB99: tt | AC99: tt | AD99: x | AE99: x | AF99: x | AG99: tt | AH99: x | AI99: x | AJ99: =SUM(COUNTIF(E99:AI99,"x")) -> 21 | AK99: =SUM(COUNTIF(E99:AI99,"cn")) -> 1 | AL99: =SUM(COUNTIF(E99:AI99,"đ")) -> 0 | AM99: =SUM(COUNTIF(E99:AI99,"đc")) -> 0 | AN99: =SUM(COUNTIF(E99:AI99,"gt")) -> 0 | AO99: =SUM(COUNTIF(E99:AI99,"ct")) -> 0 | AP99: =AJ99+AK99+AL99+AM99+AN99+AO99 -> 22 | AS99: =VLOOKUP(C100,'[1]NT 2'!$C$2:$J$259,8,0) -> 03594 | AT99: =D100-AS99 -> 0
A100: 83 | B100: 7 | C100: T. Bun Hinh | D100: =VLOOKUP(C100,'[1]NT 2'!$C$2:$J$259,8,0) -> 03594 | E100: x | F100: x | G100: x | H100: cn | I100: x | J100: x | K100: x | L100: x | M100: x | N100: x | O100: cn | P100: x | Q100: x | R100: x | S100: x | T100: x | U100: x | V100: cn | W100: x | X100: x | Y100: x | Z100: x | AA100: x | AB100: x | AC100: cn | AD100: x | AE100: x | AF100: x | AG100: x | AH100: x | AI100: x | AJ100: =SUM(COUNTIF(E100:AI100,"x")) -> 27 | AK100: =SUM(COUNTIF(E100:AI100,"cn")) -> 4 | AL100: =SUM(COUNTIF(E100:AI100,"đ")) -> 0 | AM100: =SUM(COUNTIF(E100:AI100,"đc")) -> 0 | AN100: =SUM(COUNTIF(E100:AI100,"gt")) -> 0 | AO100: =SUM(COUNTIF(E100:AI100,"ct")) -> 0 | AP100: =AJ100+AK100+AL100+AM100+AN100+AO100 -> 31 | AS100: =VLOOKUP(C101,'[1]NT 2'!$C$2:$J$259,8,0) -> #N/A | AT100: =D101-AS100 -> #N/A
A101: 84 | B101: 8 | C101: T. Miềng | D101: =VLOOKUP(C101,'[1]NT 2'!$C$2:$J$259,8,0) -> #N/A | E101: x | F101: x | G101: x | H101: cn | I101: x | J101: x | K101: x | L101: x | M101: x | N101: x | O101: cn | P101: x | Q101: x | R101: tt | S101: x | T101: x | U101: x | V101: cn | W101: x | X101: x | Y101: x | Z101: x | AA101: x | AB101: x | AC101: cn | AD101: x | AE101: x | AF101: x | AG101: x | AH101: x | AI101: x | AJ101: =SUM(COUNTIF(E101:AI101,"x")) -> 26 | AK101: =SUM(COUNTIF(E101:AI101,"cn")) -> 4 | AL101: =SUM(COUNTIF(E101:AI101,"đ")) -> 0 | AM101: =SUM(COUNTIF(E101:AI101,"đc")) -> 0 | AN101: =SUM(COUNTIF(E101:AI101,"gt")) -> 0 | AO101: =SUM(COUNTIF(E101:AI101,"ct")) -> 0 | AP101: =AJ101+AK101+AL101+AM101+AN101+AO101 -> 30 | AS101: =VLOOKUP(C102,'[1]NT 2'!$C$2:$J$259,8,0) -> 03596 | AT101: =D102-AS101 -> 0
A102: 85 | B102: 9 | C102: N. Xúc | D102: =VLOOKUP(C102,'[1]NT 2'!$C$2:$J$259,8,0) -> 03596 | E102: x | F102: x | G102: x | H102: cn | I102: x | J102: x | K102: x | L102: x | M102: x | N102: x | O102: cn | P102: x | Q102: x | R102: x | S102: x | T102: x | U102: x | V102: cn | W102: x | X102: x | Y102: x | Z102: x | AA102: x | AB102: x | AC102: cn | AD102: x | AE102: x | AF102: x | AG102: x | AH102: x | AI102: x | AJ102: =SUM(COUNTIF(E102:AI102,"x")) -> 27 | AK102: =SUM(COUNTIF(E102:AI102,"cn")) -> 4 | AL102: =SUM(COUNTIF(E102:AI102,"đ")) -> 0 | AM102: =SUM(COUNTIF(E102:AI102,"đc")) -> 0 | AN102: =SUM(COUNTIF(E102:AI102,"gt")) -> 0 | AO102: =SUM(COUNTIF(E102:AI102,"ct")) -> 0 | AP102: =AJ102+AK102+AL102+AM102+AN102+AO102 -> 31 | AS102: =VLOOKUP(C103,'[1]NT 2'!$C$2:$J$259,8,0) -> 03597 | AT102: =D103-AS102 -> 0
...

Sheet BTH mủ tạp
A2: CỘNG HÒA DÂN CHỦ NHÂN DÂN LÀO
A3: Hòa Bình -Độc Lập - Dân Chủ - thống Nhất - Thịnh Vượng
A4: -----o0o-----
B6: CÔNG TY TNHH CP QUASA - GERUCO LÀO
B7: ĐỘI SẢN XUẤT SỐ 04
A9: BẢNG THEO DÕI SẢN LƯỢNG MỦ TẠP THÁNG 05 NĂM 2025
A10: (Từ ngày 01 đến 31/05/2025)
A13: Stt | B13: Stt | C13: Họ và tên | D13: Ngày | AI13: Tổng mủ tạp | AJ13: DRC bình quân | AK13: Quy khô | AL13: Xếp hạng kỹ thuật | AM13: Kí tên
D14: 1 | E14: 2 | F14: 3 | G14: 4 | H14: 5 | I14: 6 | J14: 7 | K14: 8 | L14: 9 | M14: 10 | N14: 11 | O14: 12 | P14: 13 | Q14: 14 | R14: 15 | S14: 16 | T14: 17 | U14: 18 | V14: 19 | W14: 20 | X14: 21 | Y14: 22 | Z14: 23 | AA14: 24 | AB14: 25 | AC14: 26 | AD14: 27 | AE14: 28 | AF14: 29 | AG14: 30 | AH14: 31 | AO14: DRC bình quân
B15: TRẠM 1 | AR15: =AR16/AO16-5% -> 0.46348287
A16: Tổng | D16: =SUM(D17:D96) -> 1087 | E16: =SUM(E17:E96) -> 732 | F16: =SUM(F17:F96) -> 0 | G16: =SUM(G17:G96) -> 0 | H16: =SUM(H17:H96) -> 0 | I16: =SUM(I17:I96) -> 0 | J16: =SUM(J17:J96) -> 283 | K16: =SUM(K17:K96) -> 2276 | ... AG16: =SUM(AG17:AG96) -> 4281 | AH16: =SUM(AH17:AH95) -> 4744 | AI16: =SUM(AI17:AI96) -> 107359 | AK16: =SUM(AK17:AK96) -> 55127.007 | AO16: 107359 | AR16: 55127.007
A17: 1 | B17: 1 | C17: ='Chấm công KT'!C13 -> T. Vôn | D17: 0 | E17: 0 | F17: 0 | G17: 0 | H17: 0 | I17: 0 | J17: 0 | K17: 0 | L17: 0 | M17: 0 | N17: 0 | O17: 92 | P17: 42 | Q17: 63 | R17: 0 | S17: 55 | T17: 46 | U17: 0 | V17: 62 | W17: 49 | X17: 58 | Y17: 38 | Z17: 30 | AA17: 0 | AB17: 50 | AC17: 40 | AD17: 0 | AE17: 97 | AF17: 0 | AG17: 54 | AH17: 0 | AI17: =SUM(D17:AH17) -> 776 | AJ17: 51.348287 | AK17: =AI17*AJ17/100 -> 398.4627 | AL17: C
A18: 2 | B18: 2 | C18: ='Chấm công KT'!C14 -> T. Feng | D18: 0 | E18: 0 | F18: 0 | G18: 0 | H18: 0 | I18: 0 | J18: 0 | K18: 0 | L18: 0 | M18: 0 | N18: 0 | O18: 0 | P18: 0 | Q18: 83 | R18: 0 | S18: 0 | T18: 63 | U18: 13 | V18: 75 | W18: 75 | X18: 0 | Y18: 66 | Z18: 20 | AA18: 0 | AB18: 78 | AC18: 52 | AD18: 21 | AE18: 0 | AF18: 54 | AG18: 54 | AH18: 0 | AI18: =SUM(D18:AH18) -> 654 | AJ18: 51.348287 | AK18: =AI18*AJ18/100 -> 335.81779 | AL18: B
A19: 3 | B19: 3 | C19: ='Chấm công KT'!C15 -> T. Sa Văn | D19: 20 | E19: 0 | F19: 0 | G19: 0 | H19: 0 | I19: 0 | J19: 0 | K19: 38 | L19: 0 | M19: 114 | N19: 183 | O19: 12 | P19: 105 | Q19: 127 | R19: 102 | S19: 95 | T19: 84 | U19: 128 | V19: 56 | W19: 78 | X19: 95 | Y19: 108 | Z19: 0 | AA19: 85 | AB19: 66 | AC19: 87 | AD19: 89 | AE19: 88 | AF19: 81 | AG19: 100 | AH19: 70 | AI19: =SUM(D19:AH19) -> 2011 | AJ19: 51.348287 | AK19: =AI19*AJ19/100 -> 1032.614 | AL19: B
A20: 4 | B20: 4 | C20: ='Chấm công KT'!C16 -> Lăm Ma Thu | D20: 0 | E20: 0 | F20: 0 | G20: 0 | H20: 0 | I20: 0 | J20: 0 | K20: 37 | L20: 33 | M20: 0 | N20: 120 | O20: 91 | P20: 82 | Q20: 0 | R20: 83 | S20: 72 | T20: 0 | U20: 122 | V20: 87 | W20: 59 | X20: 60 | Y20: 0 | Z20: 68 | AA20: 82 | AB20: 0 | AC20: 105 | AD20: 69 | AE20: 68 | AF20: 54 | AG20: 58 | AH20: 64 | AI20: =SUM(D20:AH20) -> 1414 | AJ20: 51.348287 | AK20: =AI20*AJ20/100 -> 726.06477 | AL20: B
A21: 5 | B21: 5 | C21: ='Chấm công KT'!C17 -> N. Vạt | D21: 30 | E21: 0 | F21: 0 | G21: 0 | H21: 0 | I21: 0 | J21: 0 | K21: 0 | L21: 0 | M21: 0 | N21: 39 | O21: 56 | P21: 0 | Q21: 0 | R21: 0 | S21: 100 | T21: 0 | U21: 0 | V21: 0 | W21: 105 | X21: 0 | Y21: 110 | Z21: 31 | AA21: 67 | AB21: 136 | AC21: 60 | AD21: 0 | AE21: 65 | AF21: 0 | AG21: 61 | AH21: 0 | AI21: =SUM(D21:AH21) -> 860 | AJ21: 51.348287 | AK21: =AI21*AJ21/100 -> 441.59526 | AL21: B
A22: 6 | B22: 6 | C22: ='Chấm công KT'!C18 -> N. Kay Son | D22: 0 | E22: 0 | F22: 0 | G22: 0 | H22: 0 | I22: 0 | J22: 0 | K22: 0 | L22: 36 | M22: 0 | N22: 0 | O22: 0 | P22: 35 | Q22: 0 | R22: 110 | S22: 50 | T22: 0 | U22: 46 | V22: 49 | W22: 63 | X22: 41 | Y22: 34 | Z22: 46 | AA22: 57 | AB22: 107 | AC22: 104 | AD22: 34 | AE22: 57 | AF22: 82 | AG22: 95 | AH22: 52 | AI22: =SUM(D22:AH22) -> 1098 | AJ22: 51.348287 | AK22: =AI22*AJ22/100 -> 563.80419 | AL22: C
A23: 7 | B23: 7 | C23: ='Chấm công KT'!C19 -> T. Đèng 1 | D23: 36 | E23: 0 | F23: 0 | G23: 0 | H23: 0 | I23: 0 | J23: 0 | K23: 0 | L23: 39 | M23: 45 | N23: 90 | O23: 35 | P23: 96 | Q23: 71 | R23: 0 | S23: 55 | T23: 100 | U23: 52 | V23: 113 | W23: 55 | X23: 93 | Y23: 70 | Z23: 49 | AA23: 56 | AB23: 73 | AC23: 71 | AD23: 43 | AE23: 54 | AF23: 85 | AG23: 60 | AH23: 0 | AI23: =SUM(D23:AH23) -> 1441 | AJ23: 51.348287 | AK23: =AI23*AJ23/100 -> 739.92881 | AL23: A
A24: 8 | B24: 8 | C24: ='Chấm công KT'!C20 -> T . Bua Ngân | D24: 0 | E24: 0 | F24: 0 | G24: 0 | H24: 0 | I24: 0 | J24: 0 | K24: 53 | L24: 33 | M24: 45 | N24: 133 | O24: 104 | P24: 0 | Q24: 0 | R24: 0 | S24: 0 | T24: 94 | U24: 143 | V24: 120 | W24: 97 | X24: 100 | Y24: 71 | Z24: 91 | AA24: 80 | AB24: 82 | AC24: 60 | AD24: 69 | AE24: 83 | AF24: 77 | AG24: 51 | AH24: 88 | AI24: =SUM(D24:AH24) -> 1674 | AJ24: 51.348287 | AK24: =AI24*AJ24/100 -> 859.57032 | AL24: A
A25: 9 | B25: 9 | C25: ='Chấm công KT'!C21 -> T Căng | D25: 79 | E25: 30 | F25: 0 | G25: 0 | H25: 0 | I25: 0 | J25: 0 | K25: 41 | L25: 102 | M25: 45 | N25: 154 | O25: 114 | P25: 159 | Q25: 0 | R25: 66 | S25: 91 | T25: 135 | U25: 130 | V25: 0 | W25: 98 | X25: 110 | Y25: 89 | Z25: 98 | AA25: 69 | AB25: 102 | AC25: 73 | AD25: 50 | AE25: 70 | AF25: 92 | AG25: 74 | AH25: 50 | AI25: =SUM(D25:AH25) -> 2121 | AJ25: 51.348287 | AK25: =AI25*AJ25/100 -> 1089.0972 | AL25: B
A26: 10 | B26: 10 | C26: ='Chấm công KT'!C22 -> N. Phôn 1 | D26: 50 | E26: 33 | F26: 0 | G26: 0 | H26: 0 | I26: 0 | J26: 0 | K26: 41 | L26: 85 | M26: 36 | N26: 159 | O26: 126 | P26: 165 | Q26: 0 | R26: 78 | S26: 87 | T26: 139 | U26: 117 | V26: 0 | W26: 96 | X26: 120 | Y26: 60 | Z26: 122 | AA26: 75 | AB26: 102 | AC26: 76 | AD26: 49 | AE26: 60 | AF26: 92 | AG26: 74 | AH26: 60 | AI26: =SUM(D26:AH26) -> 2102 | AJ26: 51.348287 | AK26: =AI26*AJ26/100 -> 1079.341 | AL26: A
A27: 11 | B27: 11 | C27: ='Chấm công KT'!C23 -> T. In Păn | D27: 0 | E27: 0 | F27: 0 | G27: 0 | H27: 0 | I27: 0 | J27: 0 | K27: 10 | L27: 0 | M27: 0 | N27: 24 | O27: 0 | P27: 0 | Q27: 22 | R27: 75 | S27: 55 | T27: 110 | U27: 104 | V27: 50 | W27: 0 | X27: 69 | Y27: 89 | Z27: 0 | AA27: 100 | AB27: 61 | AC27: 61 | AD27: 0 | AE27: 63 | AF27: 0 | AG27: 65 | AH27: 99 | AI27: =SUM(D27:AH27) -> 1057 | AJ27: 51.348287 | AK27: =AI27*AJ27/100 -> 542.75139 | AL27: A
A28: 12 | B28: 12 | C28: ='Chấm công KT'!C24 -> N. Keo | D28: 0 | E28: 0 | F28: 0 | G28: 0 | H28: 0 | I28: 0 | J28: 0 | K28: 35 | L28: 107 | M28: 0 | N28: 137 | O28: 101 | P28: 130 | Q28: 0 | R28: 112 | S28: 85 | T28: 135 | U28: 109 | V28: 94 | W28: 80 | X28: 102 | Y28: 75 | Z28: 104 | AA28: 80 | AB28: 118 | AC28: 54 | AD28: 70 | AE28: 74 | AF28: 91 | AG28: 58 | AH28: 74 | AI28: =SUM(D28:AH28) -> 2025 | AJ28: 51.348287 | AK28: =AI28*AJ28/100 -> 1039.8028 | AL28: B
... A93: 77 | B93: 77 | C93: ='Chấm công KT'!C89 -> T.Pu | D93: 0 | E93: 0 | F93: 0 | G93: 0 | H93: 0 | I93: 0 | J93: 0 | K93: 0 | L93: 0 | M93: 0 | N93: 0 | O93: 0 | P93: 0 | Q93: 0 | R93: 0 | S93: 0 | T93: 0 | U93: 0 | V93: 0 | W93: 35 | X93: 0 | Y93: 0 | Z93: 0 | AA93: 0 | AB93: 0 | AC93: 0 | AD93: 0 | AE93: 0 | AF93: 0 | AG93: 0 | AH93: 0 | AI93: =SUM(D93:AH93) -> 35 | AJ93: 51.348287 | AK93: =AI93*AJ93/100 -> 17.9719 | AL93: C.
A94: 78 | B94: 78 | C94: ='Chấm công KT'!C90 -> T.Ta | AI94: =SUM(D94:AH94) -> 0 | AK94: =AI94*AJ94/100 -> 0
A95: 79 | B95: 79 | C95: ='Chấm công KT'!C91 -> N.Nang | AI95: =SUM(D95:AH95) -> 0 | AK95: =AI95*AJ95/100 -> 0
A96: 80 | B96: 80 | C96: ='Chấm công KT'!C92 -> T. Tan | AI96: =SUM(D96:AH96) -> 0 | AK96: =AI96*AJ96/100 -> 0
B97: TRẠM 2
A98: Tổng | D98: =SUM(D99:D160) -> 2615 | E98: =SUM(E99:E160) -> 0 | F98: =SUM(F99:F160) -> 0 | G98: =SUM(G99:G160) -> 0 | H98: =SUM(H99:H160) -> 0 | I98: =SUM(I99:I160) -> 1417 | J98: =SUM(J99:J160) -> 1674 | K98: =SUM(K99:K160) -> 1678 | ... AI98: =SUM(AI99:AI160) -> 99980 | AK98: =SUM(AK99:AK160) -> 50774.636
A99: 78 | B99: 1 | C99: ='Chấm công KT'!C94 -> T. Lun | D99: 70 | E99: 0 | F99: 0 | G99: 0 | H99: 0 | I99: 34 | J99: 0 | K99: 48 | L99: 115 | M99: 0 | N99: 119 | O99: 36 | P99: 99 | Q99: 98 | R99: 0 | S99: 85 | T99: 76 | U99: 0 | V99: 151 | W99: 89 | X99: 149 | Y99: 100 | Z99: 73 | AA99: 0 | AB99: 127 | AC99: 44 | AD99: 61 | AE99: 209 | AF99: 132 | AG99: 37 | AH99: 54 | AI99: =SUM(D99:AH99) -> 2006 | AJ99: 50.784793 | AK99: =AI99*AJ99/100 -> 1018.7429 | AL99: A
A100: 79 | B100: 2 | C100: ='Chấm công KT'!C95 -> N. Keo | D100: 92 | E100: 0 | F100: 0 | G100: 0 | H100: 0 | I100: 30 | J100: 37 | K100: 23 | L100: 69 | M100: 34 | N100: 103 | O100: 84 | P100: 54 | Q100: 20 | R100: 108 | S100: 93 | T100: 66 | U100: 37 | V100: 105 | W100: 77 | X100: 0 | Y100: 126 | Z100: 92 | AA100: 46 | AB100: 139 | AC100: 100 | AD100: 94 | AE100: 79 | AF100: 80 | AG100: 0 | AH100: 0 | AI100: =SUM(D100:AH100) -> 1788 | AJ100: 50.784793 | AK100: =AI100*AJ100/100 -> 908.0321 | AL100: A
A101: 80 | B101: 3 | C101: ='Chấm công KT'!C96 -> T .Nhum | D101: 13 | E101: 0 | F101: 0 | G101: 0 | H101: 0 | I101: 0 | J101: 0 | K101: 0 | L101: 18 | M101: 17 | N101: 97 | O101: 56 | P101: 20 | Q101: 23 | R101: 76 | S101: 41 | T101: 70 | U101: 40 | V101: 67 | W101: 68 | X101: 94 | Y101: 54 | Z101: 65 | AA101: 61 | AB101: 0 | AC101: 48 | AD101: 0 | AE101: 94 | AF101: 150 | AG101: 52 | AH101: 120 | AI101: =SUM(D101:AH101) -> 1344 | AJ101: 50.784793 | AK101: =AI101*AJ101/100 -> 682.54762 | AL101: A
A102: 81 | B102: 4 | C102: ='Chấm công KT'!C97 -> N.Vông Ma Ni | D102: 54 | E102: 0 | F102: 0 | G102: 0 | H102: 0 | I102: 10 | J102: 30 | K102: 28 | L102: 34 | M102: 20 | N102: 92 | O102: 50 | P102: 84 | Q102: 70 | R102: 52 | S102: 83 | T102: 103 | U102: 57 | V102: 74 | W102: 74 | X102: 98 | Y102: 57 | Z102: 91 | AA102: 112 | AB102: 129 | AC102: 50 | AD102: 91 | AE102: 93 | AF102: 134 | AG102: 62 | AH102: 74 | AI102: =SUM(D102:AH102) -> 1906 | AJ102: 50.784793 | AK102: =AI102*AJ102/100 -> 967.95815 | AL102: A
A103: 82 | B103: 5 | C103: ='Chấm công KT'!C98 -> Đao Hương | D103: 83 | E103: 0 | F103: 0 | G103: 0 | H103: 0 | I103: 18 | J103: 25 | K103: 20 | L103: 34 | M103: 26 | N103: 74 | O103: 50 | P103: 114 | Q103: 75 | R103: 66 | S103: 40 | T103: 100 | U103: 44 | V103: 75 | W103: 73 | X103: 126 | Y103: 50 | Z103: 64 | AA103: 105 | AB103: 151 | AC103: 58 | AD103: 60 | AE103: 94 | AF103: 89 | AG103: 50 | AH103: 82 | AI103: =SUM(D103:AH103) -> 1846 | AJ103: 50.784793 | AK103: =AI103*AJ103/100 -> 937.48728 | AL103: A
A104: 83 | B104: 6 | C104: ='Chấm công KT'!C99 -> T. Xi Nun | D104: 38 | E104: 0 | F104: 0 | G104: 0 | H104: 0 | I104: 18 | J104: 0 | K104: 0 | L104: 0 | M104: 0 | N104: 0 | O104: 37 | P104: 50 | Q104: 0 | R104: 104 | S104: 102 | T104: 122 | U104: 34 | V104: 92 | W104: 0 | X104: 0 | Y104: 0 | Z104: 45 | AA104: 80 | AB104: 0 | AC104: 0 | AD104: 34 | AE104: 0 | AF104: 128 | AG104: 0 | AH104: 0 | AI104: =SUM(D104:AH104) -> 884 | AJ104: 50.784793 | AK104: =AI104*AJ104/100 -> 448.93757 | AL104: B
A105: 84 | B105: 7 | C105: ='Chấm công KT'!C100 -> T. Bun Hinh | D105: 40 | E105: 0 | F105: 0 | G105: 0 | H105: 0 | I105: 35 | J105: 27 | K105: 40 | L105: 100 | M105: 20 | N105: 142 | O105: 76 | P105: 72 | Q105: 43 | R105: 134 | S105: 98 | T105: 33 | U105: 52 | V105: 128 | W105: 110 | X105: 100 | Y105: 63 | Z105: 0 | AA105: 100 | AB105: 72 | AC105: 64 | AD105: 185 | AE105: 111 | AF105: 58 | AG105: 50 | AH105: 115 | AI105: =SUM(D105:AH105) -> 2068 | AJ105: 50.784793 | AK105: =AI105*AJ105/100 -> 1050.2295 | AL105: A
A106: 85 | B106: 8 | C106: ='Chấm công KT'!C101 -> T. Miềng | D106: 54 | E106: 0 | F106: 0 | G106: 0 | H106: 0 | I106: 43 | J106: 35 | K106: 51 | L106: 76 | M106: 22 | N106: 57 | O106: 61 | P106: 44 | Q106: 0 | R106: 74 | S106: 0 | T106: 94 | U106: 96 | V106: 69 | W106: 82 | X106: 90 | Y106: 52 | Z106: 65 | AA106: 99 | AB106: 96 | AC106: 22 | AD106: 60 | AE106: 107 | AF106: 69 | AG106: 0 | AH106: 67 | AI106: =SUM(D106:AH106) -> 1585 | AJ106: 50.784793 | AK106: =AI106*AJ106/100 -> 804.93897 | AL106: A
A107: 86 | B107: 9 | C107: ='Chấm công KT'!C102 -> N. Xúc | D107: 60 | E107: 0 | F107: 0 | G107: 0 | H107: 0 | I107: 46 | J107: 30 | K107: 35 | L107: 66 | M107: 0 | N107: 113 | O107: 52 | P107: 65 | Q107: 102 | R107: 121 | S107: 127 | T107: 45 | U107: 72 | V107: 151 | W107: 101 | X107: 100 | Y107: 54 | Z107: 142 | AA107: 116 | AB107: 71 | AC107: 44 | AD107: 110 | AE107: 0 | AF107: 77 | AG107: 66 | AH107: 144 | AI107: =SUM(D107:AH107) -> 2110 | AJ107: 50.784793 | AK107: =AI107*AJ107/100 -> 1071.5591 | AL107: B
A108: 87 | B108: 10 | C108: ='Chấm công KT'!C103 -> N. Lẹ | D108: 20 | E108: 0 | F108: 0 | G108: 0 | H108: 0 | I108: 0 | J108: 0 | K108: 0 | L108: 15 | M108: 10 | N108: 77 | O108: 21 | P108: 30 | Q108: 20 | R108: 60 | S108: 51 | T108: 59 | U108: 60 | V108: 81 | W108: 69 | X108: 90 | Y108: 64 | Z108: 57 | AA108: 100 | AB108: 0 | AC108: 56 | AD108: 0 | AE108: 100 | AF108: 164 | AG108: 49 | AH108: 121 | AI108: =SUM(D108:AH108) -> 1374 | AJ108: 50.784793 | AK108: =AI108*AJ108/100 -> 697.78306 | AL108: A
A109: 88 | B109: 11 | C109: ='Chấm công KT'!C104 -> N . Thích | D109: 30 | E109: 0 | F109: 0 | G109: 0 | H109: 0 | I109: 0 | J109: 29 | K109: 10 | L109: 51 | M109: 0 | N109: 107 | O109: 69 | P109: 40 | Q109: 65 | R109: 60 | S109: 100 | T109: 106 | U109: 49 | V109: 110 | W109: 103 | X109: 99 | Y109: 34 | Z109: 88 | AA109: 79 | AB109: 120 | AC109: 30 | AD109: 70 | AE109: 108 | AF109: 77 | AG109: 38 | AH109: 62 | AI109: =SUM(D109:AH109) -> 1734 | AJ109: 50.784793 | AK109: =AI109*AJ109/100 -> 880.60831 | AL109: A
A110: 89 | B110: 12 | C110: ='Chấm công KT'!C105 -> N. Cong Mi | D110: 50 | E110: 0 | F110: 0 | G110: 0 | H110: 0 | I110: 24 | J110: 20 | K110: 58 | L110: 109 | M110: 20 | N110: 115 | O110: 88 | P110: 63 | Q110: 40 | R110: 100 | S110: 100 | T110: 36 | U110: 88 | V110: 128 | W110: 88 | X110: 60 | Y110: 57 | Z110: 0 | AA110: 121 | AB110: 78 | AC110: 40 | AD110: 178 | AE110: 116 | AF110: 74 | AG110: 35 | AH110: 116 | AI110: =SUM(D110:AH110) -> 2002 | AJ110: 50.784793 | AK110: =AI110*AJ110/100 -> 1016.7116 | AL110: A
... A158: 137 | B158: 60 | C158: ='Chấm công KT'!C153 -> T. Khách | D158: 0 | E158: 0 | F158: 0 | G158: 0 | H158: 0 | I158: 0 | J158: 0 | K158: 0 | L158: 0 | M158: 0 | N158: 0 | O158: 42 | P158: 40 | Q158: 0 | R158: 0 | S158: 0 | T158: 0 | U158: 0 | V158: 0 | W158: 0 | X158: 40 | Y158: 91 | Z158: 42 | AA158: 0 | AB158: 0 | AC158: 0 | AD158: 0 | AE158: 0 | AF158: 0 | AG158: 0 | AH158: 0 | AI158: =SUM(D158:AH158) -> 255 | AJ158: 50.784793 | AK158: =AI158*AJ158/100 -> 129.50122 | AL158: C.
A159: 138 | B159: 61 | C159: ='Chấm công KT'!C154 -> Nang On Xi | AI159: =SUM(D159:AH159) -> 0 | AK159: =AI159*AJ159/100 -> 0
A160: 139 | B160: 62 | C160: ='Chấm công KT'!C155 -> Thảo Túc | AI160: =SUM(D160:AH160) -> 0 | AK160: =AI160*AJ160/100 -> 0
A161: Tổng cộng | D161: =D16+D98 -> 3702 | E161: =E16+E98 -> 732 | F161: =F16+F98 -> 0 | G161: =G16+G98 -> 0 | H161: =H16+H98 -> 0 | I161: =I16+I98 -> 1417 | J161: =J16+J98 -> 1957 | K161: =K16+K98 -> 3954 | ... AI161: =AI16+AI98 -> 207339 | AK161: =AK16+AK98 -> 105901.64 | AO161: =SUM(#REF!) -> #REF!
A163: STT | D163: SỐ CÔNG NHÂN | G163: HẠNG KỸ THUẬT | K163: SẢN LƯỢNG MỦ TẠP (KG) | P163: SẢN LƯỢNG MỦ QUY KHÔ (KG) | U163: TỶ LỆ % THEO HẠNG KỸ THUẬT | AC163: GHI CHÚ | AO163: =SUM(AO13:AO161) -> #REF!
A164: Công nhân chính thức | D164: =SUM(D165:F168) -> 133 | K164: =SUM(K165:O168) -> 206718 | P164: =SUM(P165:T168) -> 105584.21 | U164: =SUM(U165:AB167) -> 99.700254
A165: 1 | D165: =SUM(COUNTIF(AL16:AL160,"A")) -> 89 | G165: A | K165: =SUMIF($AL$15:$AL$160,"A",$AI$15:$AI$160) -> 147860 | P165: =SUMIF($AL$15:$AL$160,"A",$AK$15:$AK$160) -> 75496.172 | U165: =P165/P171*100 -> 71.288953
A166: 2 | D166: =SUM(COUNTIF(AL16:AL160,"B")) -> 38 | G166: B | K166: =SUMIF($AL$15:$AL$160,"B",$AI$15:$AI$160) -> 53328 | P166: =SUMIF($AL$15:$AL$160,"B",$AK$15:$AK$160) -> 27260.883 | U166: =P166/P171*100 -> 25.741699
A167: 3 | D167: =SUM(COUNTIF(AL16:AL160,"C")) -> 6 | G167: C | K167: =SUMIF($AL$15:$AL$160,"C",$AI$15:$AI$160) -> 5530 | P167: =SUMIF($AL$15:$AL$160,"C",$AK$15:$AK$160) -> 2827.1521 | U167: =P167/P171*100 -> 2.6696018
A168: 4 | D168: =SUM(COUNTIF(AL16:AL160,"D")) -> 0 | G168: D | K168: =SUMIF($AL$15:$AL$160,"D",$AI$15:$AI$160) -> 0 | P168: =SUMIF($AL$15:$AL$160,"D",$AK$15:$AK$160) -> 0 | U168: =P168/P171*100 -> 0
A169: Công nhân thay thế | D169: =D170 -> 4 | K169: =K170 -> 621 | P169: =P170 -> 317.43595 | U169: =U170 -> 0.29974601
A170: 1 | D170: =SUM(COUNTIF(AL19:AL163,"C.")) -> 4 | G170: C. | K170: =SUMIF($AL$15:$AL$160,"C.",$AI$15:$AI$160) -> 621 | P170: =SUMIF($AL$15:$AL$160,"C.",$AK$15:$AK$160) -> 317.43595 | U170: =P170/P171*100 -> 0.29974601
A171: Tổng cộng | D171: =D164+D169 -> 137 | K171: =K164+K169 -> 207339 | P171: =P164+P169 -> 105901.64 | U171: =U164+U169 -> 100
Y172: Mường phìn, ngày 02 tháng 06 năm 2025
A173: TỔNG GIÁM ĐỐC PHÒNG KT - NN P. PHÒNG PHỤ TRÁCH ĐỘI TRƯỞNG NGƯỜI LẬP
R174: =P170+P167 -> 3144.5881

Sheet BTH mủ Sỉum
A2: CỘNG HÒA DÂN CHỦ NHÂN DÂN LÀO
A3: Hòa Bình -Độc Lập - Dân Chủ - thống Nhất - Thịnh Vượng
A4: -----o0o-----
A6: CÔNG TY TNHH CP QUASA - GERUCO LÀO
A7: ĐỘI SẢN XUẤT SỐ 5
A9: BẢNG THEO DÕI SẢN LƯỢNG MỦ SERUM THÁNG 02 NĂM 2025
AK10: DRC
A11: Stt | B11: Họ và tên | C11: Ngày | AH11: Tổng mủ Xirum | AI11: DRC bình quân | AJ11: Quy khô | AK11: Xếp hạng kỹ thuật | AL11: Kí tên
C12: 1 | D12: 2 | E12: 3 | F12: 4 | G12: 5 | H12: 6 | I12: 7 | J12: 8 | K12: 9 | L12: 10 | M12: 11 | N12: 12 | O12: 13 | P12: 14 | Q12: 15 | R12: 16 | S12: 17 | T12: 18 | U12: 19 | V12: 20 | W12: 21 | X12: 22 | Y12: 23 | Z12: 24 | AA12: 25 | AB12: 26 | AC12: 27 | AD12: 28 | AE12: 29 | AF12: 30
A13: ĐỘI 1 | C13: =C14 -> 0 | D13: =D14 -> 0 | E13: =E14 -> 0 | F13: =F14 -> 0 | G13: =G14 -> 0 | H13: =H14 -> 0 | I13: =I14 -> 0 | J13: =J14 -> 0 | ... AF13: =AF14 -> 0 | AH13: =AH14 -> 0 | AJ13: =AJ14 -> 0 | AK13: =AK14 -> 0
A14: 1 | B14: Mủ Xirum | AH14: =SUM(C14:AG14) -> 0 | AI14: 48.216842 | AJ14: =AH14*AI14/100 -> 0
A15: ĐỘI 2 | C15: =C16 -> 0 | D15: =D16 -> 0 | E15: =E16 -> 0 | F15: =F16 -> 0 | G15: =G16 -> 0 | H15: =H16 -> 0 | I15: =I16 -> 0 | J15: =J16 -> 0 | ... AF15: =AF16 -> 0 | AH15: =AH16 -> 0 | AJ15: =AJ16 -> 0
A16: 1 | B16: Mủ Xirum | AH16: =SUM(C16:AG16) -> 0 | AI16: 44.235 | AJ16: =AH16*AI16/100 -> 0
A17: ĐỘI 3 | C17: =C18 -> 0 | D17: =D18 -> 0 | E17: =E18 -> 0 | F17: =F18 -> 0 | G17: =G18 -> 0 | H17: =H18 -> 0 | I17: =I18 -> 0 | J17: =J18 -> 0 | ... AF17: =AF18 -> 0 | AH17: =AH18 -> 0 | AJ17: =AJ18 -> 0 | AK17: =AK18 -> 0
A18: 1 | B18: Mủ Xirum | AH18: =SUM(C18:AG18) -> 0 | AI18: 47.395652 | AJ18: =AH18*AI18/100 -> 0
A19: ĐỘI 4 | C19: =C20 -> 0 | D19: =D20 -> 0 | E19: =E20 -> 0 | F19: =F20 -> 0 | G19: =G20 -> 0 | H19: =H20 -> 0 | I19: =I20 -> 0 | J19: =J20 -> 0 | ... AF19: =AF20 -> 0 | AH19: =AH20 -> 0 | AJ19: =AJ20 -> 0 | AN19: =SUM(#REF!) -> #REF!
A20: 1 | B20: Mủ Xirum | AH20: =SUM(C20:AG20) -> 0 | AI20: 47.340606 | AJ20: =AH20*AI20/100 -> 0
A21: Tổng cộng | AE21: =AE13+AE15+AE17+AE19 -> 0 | AF21: =AF13+AF15+AF17+AF19 -> 0 | AH21: =AH13+AH15+AH17+AH19 -> 0 | AJ21: =AJ13+AJ15+AJ17+AJ19 -> 0 | AK21: =AK13+AK15+AK17+AK19 -> 0
X23: Mường phìn, ngày 02 tháng 03 năm 2025
B24: TỔNG GIÁM ĐỐC | M24: PHÒNG KT - NN | W24: ĐỘI TRƯỞNG | AH24: NGƯỜI LẬP
V32: Nguyễn Minh Thành | AH32: Trần Viết Hùng

Sheet TONGHOPCONGDOI
A2: CÔNG TY TNHH CỔ PHẦN QUASA - GERUCO | R2: CỘNG HÒA DÂN CHỦ NHÂN DÂN LÀO
A3: NÔNG TRƯỜNG 2 | N3: =144/0.67 -> 214.92537 | R3: Hòa Bình - Độc Lập - Dân Chủ - Thống Nhất - Thịnh Vượng
A4: Đội: 1.2.3.4 | J4: =F11*25000 -> 600000 | K4: =G11*25000 -> 0 | T4: =Q9-19035.02 -> -9843.14
A5: BẢNG TỔNG HỢP CÔNG THỰC HIỆN THÁNG 01 NĂM 2025
A6: STT | B6: Mã số nhân viên | C6: Họ và Tên Lào | D6: Chức vụ
E7: Bôi thuốc kích thích | F7: Gắn màng phủ chén | G7: Gắn mái che mưa miệng ngữa | H7: Gắn mái che mưa miệng úp | I7: Thiết kế miệng cạo ngữa | J7: Rút máng | K7: Cột kiềng | L7: Xả miệng cạo ngữa | M7: Phát chồi đại trà | N7: Gom chén | P7: Thổi lá hàng 3m | Q7: Tổng công | R7: Sản lượng mủ | V7: Các khoản PC | AC7: Tổng cộng | AD7: Xếp loại KT tính lương | AE7: Xác Nhận
R8: Mủ tạp | S8: Mủ Xirum | T8: Quy khô DRC=50 | U8: Tổng sản lượng mủ tạp+mủ dây quy khô | V8: Ngày công đi cạo thường (x) | W8: Ngày CN thường (cn) | X8: Ngày công đi cạo 2 lát (đ) | Y8: Ngày công chủ nhật cạo 2 lát (đc) | Z8: Ngày công cạo gia tăng 2 miêng (gt) | AA8: Ngày chủ nhật cạo gia tăng 2 miệng (ct) | AB8: Phụ cấp nhỏ a xít | AI8: =5308.01-Q9 -> -3883.87
A9: I | B9: VC KINH DOANH NĂM | E9: =E10+E92 -> 419.2 | F9: =F10+F92 -> 3144 | G9: =G10+G92 -> 441 | H9: =H10+H92 -> 3688 | I9: =I10+I92 -> 0 | J9: =J10+J92 -> 0 | K9: =K10+K92 -> 0 | L9: =L10+L92 -> 0 | ... AC9: =AC10+AC92 -> 9191.88 | AF9: 6716.8 | AG9: =6716.8-Q9 -> -2475.08
A10: A | B10: TRẠM 1 | E10: =SUM(E11:E91) -> 233.6 | F10: =SUM(F11:F91) -> 1752 | G10: =SUM(G11:G91) -> 28 | H10: =SUM(H11:H91) -> 2304 | I10: =SUM(I11:I91) -> 0 | J10: =SUM(J11:J91) -> 0 | K10: =SUM(K11:K91) -> 0 | L10: =SUM(L11:L91) -> 0 | ... AC10: =SUM(AC11:AC91) -> 5223.88 | AF10: 1618 | AG10: 194
A11: 1 | B11: ='Chấm công KT'!D13 -> 03456 | C11: ='Chấm công KT'!C13 -> T. Vôn | D11: CN-KT | E11: =4/1.25 -> 3.2 | F11: =600000/25000 -> 24 | H11: 32 | Q11: =SUM(E11:P11) -> 59.2 | R11: =VLOOKUP(C11,'BTH mủ tạp'!$C$17:$AI$96,33,0) -> 776 | T11: =S11*50/100 -> 0 | U11: =R11 -> 776 | V11: =VLOOKUP(C11,'Chấm công KT'!$C$13:$AJ$92,34,0) -> 23 | W11: =VLOOKUP(C11,'Chấm công KT'!$C$13:$AK$92,35,0) -> 4 | Z11: =VLOOKUP(C11,'Chấm công KT'!$C$13:$AN$92,38,0) -> 0 | AA11: =VLOOKUP(C11,'Chấm công KT'!$C$13:$AO$92,39,0) -> 0 | AC11: =Q11 -> 59.2 | AD11: =VLOOKUP(C11,'BTH mủ tạp'!$C$17:$AL$160,36,0) -> C
A12: 2 | B12: ='Chấm công KT'!D14 -> 0 | C12: ='Chấm công KT'!C14 -> T. Feng | D12: CN-KT | E12: =4/1.25 -> 3.2 | F12: =600000/25000 -> 24 | H12: 32 | Q12: =SUM(E12:P12) -> 59.2 | R12: =VLOOKUP(C12,'BTH mủ tạp'!$C$17:$AI$96,33,0) -> 654 | T12: =S12*50/100 -> 0 | U12: =R12 -> 654 | V12: =VLOOKUP(C12,'Chấm công KT'!$C$13:$AJ$92,34,0) -> 23 | W12: =VLOOKUP(C12,'Chấm công KT'!$C$13:$AK$92,35,0) -> 4 | Z12: =VLOOKUP(C12,'Chấm công KT'!$C$13:$AN$92,38,0) -> 0 | AA12: =VLOOKUP(C12,'Chấm công KT'!$C$13:$AO$92,39,0) -> 0 | AC12: =Q12 -> 59.2 | AD12: =VLOOKUP(C12,'BTH mủ tạp'!$C$17:$AL$160,36,0) -> B
A13: 3 | B13: ='Chấm công KT'!D15 -> 02725 | C13: ='Chấm công KT'!C15 -> T. Sa Văn | D13: CN-KT | E13: =4/1.25 -> 3.2 | F13: =600000/25000 -> 24 | H13: 32 | Q13: =SUM(E13:P13) -> 59.2 | R13: =VLOOKUP(C13,'BTH mủ tạp'!$C$17:$AI$96,33,0) -> 2011 | T13: =S13*50/100 -> 0 | U13: =R13 -> 2011 | V13: =VLOOKUP(C13,'Chấm công KT'!$C$13:$AJ$92,34,0) -> 26 | W13: =VLOOKUP(C13,'Chấm công KT'!$C$13:$AK$92,35,0) -> 4 | Z13: =VLOOKUP(C13,'Chấm công KT'!$C$13:$AN$92,38,0) -> 0 | AA13: =VLOOKUP(C13,'Chấm công KT'!$C$13:$AO$92,39,0) -> 0 | AC13: =Q13 -> 59.2 | AD13: =VLOOKUP(C13,'BTH mủ tạp'!$C$17:$AL$160,36,0) -> B | AG13: 119657 | AH13: 197
A14: 4 | B14: ='Chấm công KT'!D16 -> #N/A | C14: ='Chấm công KT'!C16 -> Lăm Ma Thu | D14: CN-KT | E14: =4/1.25 -> 3.2 | F14: =600000/25000 -> 24 | H14: 32 | Q14: =SUM(E14:P14) -> 59.2 | R14: =VLOOKUP(C14,'BTH mủ tạp'!$C$17:$AI$96,33,0) -> 1414 | T14: =S14*50/100 -> 0 | U14: =R14 -> 1414 | V14: =VLOOKUP(C14,'Chấm công KT'!$C$13:$AJ$92,34,0) -> 25 | W14: =VLOOKUP(C14,'Chấm công KT'!$C$13:$AK$92,35,0) -> 4 | Z14: =VLOOKUP(C14,'Chấm công KT'!$C$13:$AN$92,38,0) -> 0 | AA14: =VLOOKUP(C14,'Chấm công KT'!$C$13:$AO$92,39,0) -> 0 | AC14: =Q14 -> 59.2 | AD14: =VLOOKUP(C14,'BTH mủ tạp'!$C$17:$AL$160,36,0) -> B | AG14: 125408 | AH14: 554
A15: 5 | B15: ='Chấm công KT'!D17 -> 03459 | C15: ='Chấm công KT'!C17 -> N. Vạt | D15: CN-KT | E15: =4/1.25 -> 3.2 | F15: =600000/25000 -> 24 | H15: 32 | Q15: =SUM(E15:P15) -> 59.2 | R15: =VLOOKUP(C15,'BTH mủ tạp'!$C$17:$AI$96,33,0) -> 860 | T15: =S15*50/100 -> 0 | U15: =R15 -> 860 | V15: =VLOOKUP(C15,'Chấm công KT'!$C$13:$AJ$92,34,0) -> 20 | W15: =VLOOKUP(C15,'Chấm công KT'!$C$13:$AK$92,35,0) -> 3 | Z15: =VLOOKUP(C15,'Chấm công KT'!$C$13:$AN$92,38,0) -> 0 | AA15: =VLOOKUP(C15,'Chấm công KT'!$C$13:$AO$92,39,0) -> 0 | AC15: =Q15 -> 59.2 | AD15: =VLOOKUP(C15,'BTH mủ tạp'!$C$17:$AL$160,36,0) -> B | AG15: 97048 | AH15: 92
A16: 6 | B16: ='Chấm công KT'!D18 -> #N/A | C16: ='Chấm công KT'!C18 -> N. Kay Son | D16: CN-KT | E16: =4/1.25 -> 3.2 | F16: =600000/25000 -> 24 | H16: 32 | Q16: =SUM(E16:P16) -> 59.2 | R16: =VLOOKUP(C16,'BTH mủ tạp'!$C$17:$AI$96,33,0) -> 1098 | T16: =S16*50/100 -> 0 | U16: =R16 -> 1098 | V16: =VLOOKUP(C16,'Chấm công KT'!$C$13:$AJ$92,34,0) -> 22 | W16: =VLOOKUP(C16,'Chấm công KT'!$C$13:$AK$92,35,0) -> 3 | Z16: =VLOOKUP(C16,'Chấm công KT'!$C$13:$AN$92,38,0) -> 0 | AA16: =VLOOKUP(C16,'Chấm công KT'!$C$13:$AO$92,39,0) -> 0 | AC16: =Q16 -> 59.2 | AD16: =VLOOKUP(C16,'BTH mủ tạp'!$C$17:$AL$160,36,0) -> C | AG16: 46179
A17: 7 | B17: ='Chấm công KT'!D19 -> #N/A | C17: ='Chấm công KT'!C19 -> T. Đèng 1 | D17: CN-KT | E17: =4/1.25 -> 3.2 | F17: =600000/25000 -> 24 | H17: 32 | Q17: =SUM(E17:P17) -> 59.2 | R17: =VLOOKUP(C17,'BTH mủ tạp'!$C$17:$AI$96,33,0) -> 1441 | T17: =S17*50/100 -> 0 | U17: =R17 -> 1441 | V17: =VLOOKUP(C17,'Chấm công KT'!$C$13:$AJ$92,34,0) -> 27 | W17: =VLOOKUP(C17,'Chấm công KT'!$C$13:$AK$92,35,0) -> 4 | Z17: =VLOOKUP(C17,'Chấm công KT'!$C$13:$AN$92,38,0) -> 0 | AA17: =VLOOKUP(C17,'Chấm công KT'!$C$13:$AO$92,39,0) -> 0 | AC17: =Q17 -> 59.2 | AD17: =VLOOKUP(C17,'BTH mủ tạp'!$C$17:$AL$160,36,0) -> A
A18: 8 | B18: ='Chấm công KT'!D20 -> 03462 | C18: ='Chấm công KT'!C20 -> T . Bua Ngân | D18: CN-KT | E18: =4/1.25 -> 3.2 | F18: =600000/25000 -> 24 | H18: 32 | Q18: =SUM(E18:P18) -> 59.2 | R18: =VLOOKUP(C18,'BTH mủ tạp'!$C$17:$AI$96,33,0) -> 1674 | T18: =S18*50/100 -> 0 | U18: =R18 -> 1674 | V18: =VLOOKUP(C18,'Chấm công KT'!$C$13:$AJ$92,34,0) -> 26 | W18: =VLOOKUP(C18,'Chấm công KT'!$C$13:$AK$92,35,0) -> 3 | Z18: =VLOOKUP(C18,'Chấm công KT'!$C$13:$AN$92,38,0) -> 0 | AA18: =VLOOKUP(C18,'Chấm công KT'!$C$13:$AO$92,39,0) -> 0 | AC18: =Q18 -> 59.2 | AD18: =VLOOKUP(C18,'BTH mủ tạp'!$C$17:$AL$160,36,0) -> A | AI18: =1155.43-Q9 -> -8036.45
A19: 9 | B19: ='Chấm công KT'!D21 -> 03463 | C19: ='Chấm công KT'!C21 -> T Căng | D19: CN-KT | E19: =4/1.25 -> 3.2 | F19: =600000/25000 -> 24 | H19: 32 | Q19: =SUM(E19:P19) -> 59.2 | R19: =VLOOKUP(C19,'BTH mủ tạp'!$C$17:$AI$96,33,0) -> 2121 | T19: =S19*50/100 -> 0 | U19: =R19 -> 2121 | V19: =VLOOKUP(C19,'Chấm công KT'!$C$13:$AJ$92,34,0) -> 27 | W19: =VLOOKUP(C19,'Chấm công KT'!$C$13:$AK$92,35,0) -> 3 | Z19: =VLOOKUP(C19,'Chấm công KT'!$C$13:$AN$92,38,0) -> 0 | AA19: =VLOOKUP(C19,'Chấm công KT'!$C$13:$AO$92,39,0) -> 0 | AC19: =Q19 -> 59.2 | AD19: =VLOOKUP(C19,'BTH mủ tạp'!$C$17:$AL$160,36,0) -> B
A20: 10 | B20: ='Chấm công KT'!D22 -> 03464 | C20: ='Chấm công KT'!C22 -> N. Phôn 1 | D20: CN-KT | E20: =4/1.25 -> 3.2 | F20: =600000/25000 -> 24 | H20: 32 | Q20: =SUM(E20:P20) -> 59.2 | R20: =VLOOKUP(C20,'BTH mủ tạp'!$C$17:$AI$96,33,0) -> 2102 | T20: =S20*50/100 -> 0 | U20: =R20 -> 2102 | V20: =VLOOKUP(C20,'Chấm công KT'!$C$13:$AJ$92,34,0) -> 27 | W20: =VLOOKUP(C20,'Chấm công KT'!$C$13:$AK$92,35,0) -> 3 | Z20: =VLOOKUP(C20,'Chấm công KT'!$C$13:$AN$92,38,0) -> 0 | AA20: =VLOOKUP(C20,'Chấm công KT'!$C$13:$AO$92,39,0) -> 0 | AC20: =Q20 -> 59.2 | AD20: =VLOOKUP(C20,'BTH mủ tạp'!$C$17:$AL$160,36,0) -> A | AG20: =Q9 -> 9191.88
A21: 11 | B21: ='Chấm công KT'!D23 -> 03465 | C21: ='Chấm công KT'!C23 -> T. In Păn | D21: CN-KT | E21: =4/1.25 -> 3.2 | F21: =600000/25000 -> 24 | H21: 32 | Q21: =SUM(E21:P21) -> 59.2 | R21: =VLOOKUP(C21,'BTH mủ tạp'!$C$17:$AI$96,33,0) -> 1057 | T21: =S21*50/100 -> 0 | U21: =R21 -> 1057 | V21: =VLOOKUP(C21,'Chấm công KT'!$C$13:$AJ$92,34,0) -> 23 | W21: =VLOOKUP(C21,'Chấm công KT'!$C$13:$AK$92,35,0) -> 4 | Z21: =VLOOKUP(C21,'Chấm công KT'!$C$13:$AN$92,38,0) -> 0 | AA21: =VLOOKUP(C21,'Chấm công KT'!$C$13:$AO$92,39,0) -> 0 | AC21: =Q21 -> 59.2 | AD21: =VLOOKUP(C21,'BTH mủ tạp'!$C$17:$AL$160,36,0) -> A | AG21: =AG20-2544.38 -> 6647.5
A22: 12 | B22: ='Chấm công KT'!D24 -> 03466 | C22: ='Chấm công KT'!C24 -> N. Keo | D22: CN-KT | E22: =4/1.25 -> 3.2 | F22: =600000/25000 -> 24 | H22: 32 | Q22: =SUM(E22:P22) -> 59.2 | R22: =VLOOKUP(C22,'BTH mủ tạp'!$C$17:$AI$96,33,0) -> 2025 | T22: =S22*50/100 -> 0 | U22: =R22 -> 2025 | V22: =VLOOKUP(C22,'Chấm công KT'!$C$13:$AJ$92,34,0) -> 26 | W22: =VLOOKUP(C22,'Chấm công KT'!$C$13:$AK$92,35,0) -> 4 | Z22: =VLOOKUP(C22,'Chấm công KT'!$C$13:$AN$92,38,0) -> 0 | AA22: =VLOOKUP(C22,'Chấm công KT'!$C$13:$AO$92,39,0) -> 0 | AC22: =Q22 -> 59.2 | AD22: =VLOOKUP(C22,'BTH mủ tạp'!$C$17:$AL$160,36,0) -> B | AG22: =AG21-6.33 -> 6641.17
A23: 13 | B23: ='Chấm công KT'!D25 -> 02727 | C23: ='Chấm công KT'!C25 -> T. Thong Đon | D23: CN-KT | E23: =4/1.25 -> 3.2 | F23: =600000/25000 -> 24 | H23: 32 | Q23: =SUM(E23:P23) -> 59.2 | R23: =VLOOKUP(C23,'BTH mủ tạp'!$C$17:$AI$96,33,0) -> 1825 | T23: =S23*50/100 -> 0 | U23: =R23 -> 1825 | V23: =VLOOKUP(C23,'Chấm công KT'!$C$13:$AJ$92,34,0) -> 24 | W23: =VLOOKUP(C23,'Chấm công KT'!$C$13:$AK$92,35,0) -> 3 | Z23: =VLOOKUP(C23,'Chấm công KT'!$C$13:$AN$92,38,0) -> 0 | AA23: =VLOOKUP(C23,'Chấm công KT'!$C$13:$AO$92,39,0) -> 0 | AC23: =Q23 -> 59.2 | AD23: =VLOOKUP(C23,'BTH mủ tạp'!$C$17:$AL$160,36,0) -> B
A24: 14 | B24: ='Chấm công KT'!D26 -> 03467 | C24: ='Chấm công KT'!C26 -> T. Hin | D24: CN-KT | E24: =4/1.25 -> 3.2 | F24: =600000/25000 -> 24 | H24: 32 | Q24: =SUM(E24:P24) -> 59.2 | R24: =VLOOKUP(C24,'BTH mủ tạp'!$C$17:$AI$96,33,0) -> 1407 | T24: =S24*50/100 -> 0 | U24: =R24 -> 1407 | V24: =VLOOKUP(C24,'Chấm công KT'!$C$13:$AJ$92,34,0) -> 27 | W24: =VLOOKUP(C24,'Chấm công KT'!$C$13:$AK$92,35,0) -> 4 | Z24: =VLOOKUP(C24,'Chấm công KT'!$C$13:$AN$92,38,0) -> 0 | AA24: =VLOOKUP(C24,'Chấm công KT'!$C$13:$AO$92,39,0) -> 0 | AC24: =Q24 -> 59.2 | AD24: =VLOOKUP(C24,'BTH mủ tạp'!$C$17:$AL$160,36,0) -> A
A25: 15 | B25: ='Chấm công KT'!D27 -> #N/A | C25: ='Chấm công KT'!C27 -> N. Ly Phon | D25: CN-KT | E25: =4/1.25 -> 3.2 | F25: =600000/25000 -> 24 | H25: 32 | Q25: =SUM(E25:P25) -> 59.2 | R25: =VLOOKUP(C25,'BTH mủ tạp'!$C$17:$AI$96,33,0) -> 1562 | T25: =S25*50/100 -> 0 | U25: =R25 -> 1562 | V25: =VLOOKUP(C25,'Chấm công KT'!$C$13:$AJ$92,34,0) -> 27 | W25: =VLOOKUP(C25,'Chấm công KT'!$C$13:$AK$92,35,0) -> 4 | Z25: =VLOOKUP(C25,'Chấm công KT'!$C$13:$AN$92,38,0) -> 0 | AA25: =VLOOKUP(C25,'Chấm công KT'!$C$13:$AO$92,39,0) -> 0 | AC25: =Q25 -> 59.2 | AD25: =VLOOKUP(C25,'BTH mủ tạp'!$C$17:$AL$160,36,0) -> A
A26: 16 | B26: ='Chấm công KT'!D28 -> 03469 | C26: ='Chấm công KT'!C28 -> T. Xôm Va Nít | D26: CN-KT | E26: =4/1.25 -> 3.2 | F26: =600000/25000 -> 24 | H26: 32 | Q26: =SUM(E26:P26) -> 59.2 | R26: =VLOOKUP(C26,'BTH mủ tạp'!$C$17:$AI$96,33,0) -> 1985 | T26: =S26*50/100 -> 0 | U26: =R26 -> 1985 | V26: =VLOOKUP(C26,'Chấm công KT'!$C$13:$AJ$92,34,0) -> 26 | W26: =VLOOKUP(C26,'Chấm công KT'!$C$13:$AK$92,35,0) -> 4 | Z26: =VLOOKUP(C26,'Chấm công KT'!$C$13:$AN$92,38,0) -> 0 | AA26: =VLOOKUP(C26,'Chấm công KT'!$C$13:$AO$92,39,0) -> 0 | AC26: =Q26 -> 59.2 | AD26: =VLOOKUP(C26,'BTH mủ tạp'!$C$17:$AL$160,36,0) -> A
A27: 17 | B27: ='Chấm công KT'!D29 -> 03470 | C27: ='Chấm công KT'!C29 -> T. Lọi | D27: CN-KT | E27: =4/1.25 -> 3.2 | F27: =600000/25000 -> 24 | H27: 32 | Q27: =SUM(E27:P27) -> 59.2 | R27: =VLOOKUP(C27,'BTH mủ tạp'!$C$17:$AI$96,33,0) -> 673 | T27: =S27*50/100 -> 0 | U27: =R27 -> 673 | V27: =VLOOKUP(C27,'Chấm công KT'!$C$13:$AJ$92,34,0) -> 20 | W27: =VLOOKUP(C27,'Chấm công KT'!$C$13:$AK$92,35,0) -> 3 | Z27: =VLOOKUP(C27,'Chấm công KT'!$C$13:$AN$92,38,0) -> 0 | AA27: =VLOOKUP(C27,'Chấm công KT'!$C$13:$AO$92,39,0) -> 0 | AC27: =Q27 -> 59.2 | AD27: =VLOOKUP(C27,'BTH mủ tạp'!$C$17:$AL$160,36,0) -> A
A28: 18 | B28: ='Chấm công KT'!D30 -> 03471 | C28: ='Chấm công KT'!C30 -> T. Phô Thong | D28: CN-KT | E28: =4/1.25 -> 3.2 | F28: =600000/25000 -> 24 | H28: 32 | Q28: =SUM(E28:P28) -> 59.2 | R28: =VLOOKUP(C28,'BTH mủ tạp'!$C$17:$AI$96,33,0) -> 1929 | T28: =S28*50/100 -> 0 | U28: =R28 -> 1929 | V28: =VLOOKUP(C28,'Chấm công KT'!$C$13:$AJ$92,34,0) -> 27 | W28: =VLOOKUP(C28,'Chấm công KT'!$C$13:$AK$92,35,0) -> 4 | Z28: =VLOOKUP(C28,'Chấm công KT'!$C$13:$AN$92,38,0) -> 0 | AA28: =VLOOKUP(C28,'Chấm công KT'!$C$13:$AO$92,39,0) -> 0 | AC28: =Q28 -> 59.2 | AD28: =VLOOKUP(C28,'BTH mủ tạp'!$C$17:$AL$160,36,0) -> A | AF28: =Q9-10084 -> -892.12
A29: 19 | B29: ='Chấm công KT'!D31 -> 03472 | C29: ='Chấm công KT'!C31 -> N. Soi | D29: CN-KT | E29: =4/1.25 -> 3.2 | F29: =600000/25000 -> 24 | H29: 32 | Q29: =SUM(E29:P29) -> 59.2 | R29: =VLOOKUP(C29,'BTH mủ tạp'!$C$17:$AI$96,33,0) -> 1261 | T29: =S29*50/100 -> 0 | U29: =R29 -> 1261 | V29: =VLOOKUP(C29,'Chấm công KT'!$C$13:$AJ$92,34,0) -> 27 | W29: =VLOOKUP(C29,'Chấm công KT'!$C$13:$AK$92,35,0) -> 3 | Z29: =VLOOKUP(C29,'Chấm công KT'!$C$13:$AN$92,38,0) -> 0 | AA29: =VLOOKUP(C29,'Chấm công KT'!$C$13:$AO$92,39,0) -> 0 | AC29: =Q29 -> 59.2 | AD29: =VLOOKUP(C29,'BTH mủ tạp'!$C$17:$AL$160,36,0) -> A
A30: 20 | B30: ='Chấm công KT'!D32 -> 03473 | C30: ='Chấm công KT'!C32 -> N. Me Kha La | D30: CN-KT | E30: =4/1.25 -> 3.2 | F30: =600000/25000 -> 24 | H30: 32 | Q30: =SUM(E30:P30) -> 59.2 | R30: =VLOOKUP(C30,'BTH mủ tạp'!$C$17:$AI$96,33,0) -> 2186 | T30: =S30*50/100 -> 0 | U30: =R30 -> 2186 | V30: =VLOOKUP(C30,'Chấm công KT'!$C$13:$AJ$92,34,0) -> 26 | W30: =VLOOKUP(C30,'Chấm công KT'!$C$13:$AK$92,35,0) -> 4 | Z30: =VLOOKUP(C30,'Chấm công KT'!$C$13:$AN$92,38,0) -> 0 | AA30: =VLOOKUP(C30,'Chấm công KT'!$C$13:$AO$92,39,0) -> 0 | AC30: =Q30 -> 59.2 | AD30: =VLOOKUP(C30,'BTH mủ tạp'!$C$17:$AL$160,36,0) -> A
A31: 21 | B31: ='Chấm công KT'!D33 -> 03474 | C31: ='Chấm công KT'!C33 -> N. Mon Khăm | D31: CN-KT | E31: =4/1.25 -> 3.2 | F31: =600000/25000 -> 24 | H31: 32 | Q31: =SUM(E31:P31) -> 59.2 | R31: =VLOOKUP(C31,'BTH mủ tạp'!$C$17:$AI$96,33,0) -> 1011 | T31: =S31*50/100 -> 0 | U31: =R31 -> 1011 | V31: =VLOOKUP(C31,'Chấm công KT'!$C$13:$AJ$92,34,0) -> 24 | W31: =VLOOKUP(C31,'Chấm công KT'!$C$13:$AK$92,35,0) -> 4 | Z31: =VLOOKUP(C31,'Chấm công KT'!$C$13:$AN$92,38,0) -> 0 | AA31: =VLOOKUP(C31,'Chấm công KT'!$C$13:$AO$92,39,0) -> 0 | AC31: =Q31 -> 59.2 | AD31: =VLOOKUP(C31,'BTH mủ tạp'!$C$17:$AL$160,36,0) -> A
A32: 22 | B32: ='Chấm công KT'!D34 -> #N/A | C32: ='Chấm công KT'!C34 -> N. Bua Lay | D32: CN-KT | E32: =4/1.25 -> 3.2 | F32: =600000/25000 -> 24 | H32: 32 | Q32: =SUM(E32:P32) -> 59.2 | R32: =VLOOKUP(C32,'BTH mủ tạp'!$C$17:$AI$96,33,0) -> 1305 | T32: =S32*50/100 -> 0 | U32: =R32 -> 1305 | V32: =VLOOKUP(C32,'Chấm công KT'!$C$13:$AJ$92,34,0) -> 23 | W32: =VLOOKUP(C32,'Chấm công KT'!$C$13:$AK$92,35,0) -> 4 | Z32: =VLOOKUP(C32,'Chấm công KT'!$C$13:$AN$92,38,0) -> 0 | AA32: =VLOOKUP(C32,'Chấm công KT'!$C$13:$AO$92,39,0) -> 0 | AC32: =Q32 -> 59.2 | AD32: =VLOOKUP(C32,'BTH mủ tạp'!$C$17:$AL$160,36,0) -> B
A33: 23 | B33: ='Chấm công KT'!D35 -> 03476 | C33: ='Chấm công KT'!C35 -> T. Bin Ly. | D33: CN-KT | E33: =4/1.25 -> 3.2 | F33: =600000/25000 -> 24 | H33: 32 | Q33: =SUM(E33:P33) -> 59.2 | R33: =VLOOKUP(C33,'BTH mủ tạp'!$C$17:$AI$96,33,0) -> 1795 | T33: =S33*50/100 -> 0 | U33: =R33 -> 1795 | V33: =VLOOKUP(C33,'Chấm công KT'!$C$13:$AJ$92,34,0) -> 27 | W33: =VLOOKUP(C33,'Chấm công KT'!$C$13:$AK$92,35,0) -> 4 | Z33: =VLOOKUP(C33,'Chấm công KT'!$C$13:$AN$92,38,0) -> 0 | AA33: =VLOOKUP(C33,'Chấm công KT'!$C$13:$AO$92,39,0) -> 0 | AC33: =Q33 -> 59.2 | AD33: =VLOOKUP(C33,'BTH mủ tạp'!$C$17:$AL$160,36,0) -> A
A34: 24 | B34: ='Chấm công KT'!D36 -> 03477 | C34: ='Chấm công KT'!C36 -> N. Phim Phon. | D34: CN-KT | E34: =4/1.25 -> 3.2 | F34: =600000/25000 -> 24 | H34: 32 | Q34: =SUM(E34:P34) -> 59.2 | R34: =VLOOKUP(C34,'BTH mủ tạp'!$C$17:$AI$96,33,0) -> 1083 | T34: =S34*50/100 -> 0 | U34: =R34 -> 1083 | V34: =VLOOKUP(C34,'Chấm công KT'!$C$13:$AJ$92,34,0) -> 23 | W34: =VLOOKUP(C34,'Chấm công KT'!$C$13:$AK$92,35,0) -> 3 | Z34: =VLOOKUP(C34,'Chấm công KT'!$C$13:$AN$92,38,0) -> 0 | AA34: =VLOOKUP(C34,'Chấm công KT'!$C$13:$AO$92,39,0) -> 0 | AC34: =Q34 -> 59.2 | AD34: =VLOOKUP(C34,'BTH mủ tạp'!$C$17:$AL$160,36,0) -> B
A35: 25 | B35: ='Chấm công KT'!D37 -> 03478 | C35: ='Chấm công KT'!C37 -> N. Nong | D35: CN-KT | E35: =4/1.25 -> 3.2 | F35: =600000/25000 -> 24 | H35: 32 | Q35: =SUM(E35:P35) -> 59.2 | R35: =VLOOKUP(C35,'BTH mủ tạp'!$C$17:$AI$96,33,0) -> 1798 | T35: =S35*50/100 -> 0 | U35: =R35 -> 1798 | V35: =VLOOKUP(C35,'Chấm công KT'!$C$13:$AJ$92,34,0) -> 27 | W35: =VLOOKUP(C35,'Chấm công KT'!$C$13:$AK$92,35,0) -> 3 | Z35: =VLOOKUP(C35,'Chấm công KT'!$C$13:$AN$92,38,0) -> 0 | AA35: =VLOOKUP(C35,'Chấm công KT'!$C$13:$AO$92,39,0) -> 0 | AC35: =Q35 -> 59.2 | AD35: =VLOOKUP(C35,'BTH mủ tạp'!$C$17:$AL$160,36,0) -> A
A36: 26 | B36: ='Chấm công KT'!D38 -> 03479 | C36: ='Chấm công KT'!C38 -> N. Tun 1 | D36: CN-KT | E36: =4/1.25 -> 3.2 | F36: =600000/25000 -> 24 | H36: 32 | Q36: =SUM(E36:P36) -> 59.2 | R36: =VLOOKUP(C36,'BTH mủ tạp'!$C$17:$AI$96,33,0) -> 1356 | T36: =S36*50/100 -> 0 | U36: =R36 -> 1356 | V36: =VLOOKUP(C36,'Chấm công KT'!$C$13:$AJ$92,34,0) -> 26 | W36: =VLOOKUP(C36,'Chấm công KT'!$C$13:$AK$92,35,0) -> 4 | Z36: =VLOOKUP(C36,'Chấm công KT'!$C$13:$AN$92,38,0) -> 0 | AA36: =VLOOKUP(C36,'Chấm công KT'!$C$13:$AO$92,39,0) -> 0 | AC36: =Q36 -> 59.2 | AD36: =VLOOKUP(C36,'BTH mủ tạp'!$C$17:$AL$160,36,0) -> A
A37: 27 | B37: ='Chấm công KT'!D39 -> 03480 | C37: ='Chấm công KT'!C39 -> T . Lốc | D37: CN-KT | E37: =4/1.25 -> 3.2 | F37: =600000/25000 -> 24 | H37: 32 | Q37: =SUM(E37:P37) -> 59.2 | R37: =VLOOKUP(C37,'BTH mủ tạp'!$C$17:$AI$96,33,0) -> 1357 | T37: =S37*50/100 -> 0 | U37: =R37 -> 1357 | V37: =VLOOKUP(C37,'Chấm công KT'!$C$13:$AJ$92,34,0) -> 26 | W37: =VLOOKUP(C37,'Chấm công KT'!$C$13:$AK$92,35,0) -> 4 | Z37: =VLOOKUP(C37,'Chấm công KT'!$C$13:$AN$92,38,0) -> 0 | AA37: =VLOOKUP(C37,'Chấm công KT'!$C$13:$AO$92,39,0) -> 0 | AC37: =Q37 -> 59.2 | AD37: =VLOOKUP(C37,'BTH mủ tạp'!$C$17:$AL$160,36,0) -> B
A38: 28 | B38: ='Chấm công KT'!D40 -> 03481 | C38: ='Chấm công KT'!C40 -> N . Khâm (1) | D38: CN-KT | E38: =4/1.25 -> 3.2 | F38: =600000/25000 -> 24 | H38: 32 | Q38: =SUM(E38:P38) -> 59.2 | R38: =VLOOKUP(C38,'BTH mủ tạp'!$C$17:$AI$96,33,0) -> 1772 | T38: =S38*50/100 -> 0 | U38: =R38 -> 1772 | V38: =VLOOKUP(C38,'Chấm công KT'!$C$13:$AJ$92,34,0) -> 24 | W38: =VLOOKUP(C38,'Chấm công KT'!$C$13:$AK$92,35,0) -> 4 | Z38: =VLOOKUP(C38,'Chấm công KT'!$C$13:$AN$92,38,0) -> 0 | AA38: =VLOOKUP(C38,'Chấm công KT'!$C$13:$AO$92,39,0) -> 0 | AC38: =Q38 -> 59.2 | AD38: =VLOOKUP(C38,'BTH mủ tạp'!$C$17:$AL$160,36,0) -> A
A39: 29 | B39: ='Chấm công KT'!D41 -> 03482 | C39: ='Chấm công KT'!C41 -> T . Phết | D39: CN-KT | E39: =4/1.25 -> 3.2 | F39: =600000/25000 -> 24 | H39: 32 | Q39: =SUM(E39:P39) -> 59.2 | R39: =VLOOKUP(C39,'BTH mủ tạp'!$C$17:$AI$96,33,0) -> 1753 | T39: =S39*50/100 -> 0 | U39: =R39 -> 1753 | V39: =VLOOKUP(C39,'Chấm công KT'!$C$13:$AJ$92,34,0) -> 24 | W39: =VLOOKUP(C39,'Chấm công KT'!$C$13:$AK$92,35,0) -> 4 | Z39: =VLOOKUP(C39,'Chấm công KT'!$C$13:$AN$92,38,0) -> 0 | AA39: =VLOOKUP(C39,'Chấm công KT'!$C$13:$AO$92,39,0) -> 0 | AC39: =Q39 -> 59.2 | AD39: =VLOOKUP(C39,'BTH mủ tạp'!$C$17:$AL$160,36,0) -> A
A40: 30 | B40: ='Chấm công KT'!D42 -> 03483 | C40: ='Chấm công KT'!C42 -> T. Viêng Sa Văn | D40: CN-KT | E40: =4/1.25 -> 3.2 | F40: =600000/25000 -> 24 | H40: 32 | Q40: =SUM(E40:P40) -> 59.2 | R40: =VLOOKUP(C40,'BTH mủ tạp'!$C$17:$AI$96,33,0) -> 2002 | T40: =S40*50/100 -> 0 | U40: =R40 -> 2002 | V40: =VLOOKUP(C40,'Chấm công KT'!$C$13:$AJ$92,34,0) -> 25 | W40: =VLOOKUP(C40,'Chấm công KT'!$C$13:$AK$92,35,0) -> 4 | Z40: =VLOOKUP(C40,'Chấm công KT'!$C$13:$AN$92,38,0) -> 0 | AA40: =VLOOKUP(C40,'Chấm công KT'!$C$13:$AO$92,39,0) -> 0 | AC40: =Q40 -> 59.2 | AD40: =VLOOKUP(C40,'BTH mủ tạp'!$C$17:$AL$160,36,0) -> A
... A49: 39 | B49: ='Chấm công KT'!D51 -> 03488 | C49: ='Chấm công KT'!C51 -> N. Đeng | D49: CN-KT | E49: =4/1.25 -> 3.2 | F49: =600000/25000 -> 24 | H49: 32 | Q49: =SUM(E49:P49) -> 59.2 | R49: =VLOOKUP(C49,'BTH mủ tạp'!$C$17:$AI$96,33,0) -> 1897 | T49: =S49*50/100 -> 0 | U49: =R49 -> 1897 | V49: =VLOOKUP(C49,'Chấm công KT'!$C$13:$AJ$92,34,0) -> 27 | W49: =VLOOKUP(C49,'Chấm công KT'!$C$13:$AK$92,35,0) -> 4 | Z49: =VLOOKUP(C49,'Chấm công KT'!$C$13:$AN$92,38,0) -> 0 | AA49: =VLOOKUP(C49,'Chấm công KT'!$C$13:$AO$92,39,0) -> 0 | AC49: =Q49 -> 59.2 | AD49: =VLOOKUP(C49,'BTH mủ tạp'!$C$17:$AL$160,36,0) -> A
A50: 40 | B50: ='Chấm công KT'!D52 -> 03489 | C50: ='Chấm công KT'!C52 -> T. Tinh | D50: CN-KT | E50: =4/1.25 -> 3.2 | F50: =600000/25000 -> 24 | G50: 7 | H50: 24 | Q50: =SUM(E50:P50) -> 58.2 | R50: =VLOOKUP(C50,'BTH mủ tạp'!$C$17:$AI$96,33,0) -> 912 | T50: =S50*50/100 -> 0 | U50: =R50 -> 912 | V50: =VLOOKUP(C50,'Chấm công KT'!$C$13:$AJ$92,34,0) -> 23 | W50: =VLOOKUP(C50,'Chấm công KT'!$C$13:$AK$92,35,0) -> 3 | Z50: =VLOOKUP(C50,'Chấm công KT'!$C$13:$AN$92,38,0) -> 0 | AA50: =VLOOKUP(C50,'Chấm công KT'!$C$13:$AO$92,39,0) -> 0 | AC50: =Q50 -> 58.2 | AD50: =VLOOKUP(C50,'BTH mủ tạp'!$C$17:$AL$160,36,0) -> B
A51: 41 | B51: ='Chấm công KT'!D53 -> 0 | C51: ='Chấm công KT'!C53 -> T. Khăm Pỏi | D51: CN-KT | E51: =4/1.25 -> 3.2 | F51: =600000/25000 -> 24 | G51: 7 | H51: 24 | Q51: =SUM(E51:P51) -> 58.2 | R51: =VLOOKUP(C51,'BTH mủ tạp'!$C$17:$AI$96,33,0) -> 1578 | T51: =S51*50/100 -> 0 | U51: =R51 -> 1578 | V51: =VLOOKUP(C51,'Chấm công KT'!$C$13:$AJ$92,34,0) -> 27 | W51: =VLOOKUP(C51,'Chấm công KT'!$C$13:$AK$92,35,0) -> 4 | Z51: =VLOOKUP(C51,'Chấm công KT'!$C$13:$AN$92,38,0) -> 0 | AA51: =VLOOKUP(C51,'Chấm công KT'!$C$13:$AO$92,39,0) -> 0 | AC51: =Q51 -> 58.2 | AD51: =VLOOKUP(C51,'BTH mủ tạp'!$C$17:$AL$160,36,0) -> A
A52: 42 | B52: ='Chấm công KT'!D54 -> 03491 | C52: ='Chấm công KT'!C54 -> Lăm Ngân | D52: CN-KT | E52: =4/1.25 -> 3.2 | F52: =600000/25000 -> 24 | G52: 7 | H52: 24 | Q52: =SUM(E52:P52) -> 58.2 | R52: =VLOOKUP(C52,'BTH mủ tạp'!$C$17:$AI$96,33,0) -> 1904 | T52: =S52*50/100 -> 0 | U52: =R52 -> 1904 | V52: =VLOOKUP(C52,'Chấm công KT'!$C$13:$AJ$92,34,0) -> 27 | W52: =VLOOKUP(C52,'Chấm công KT'!$C$13:$AK$92,35,0) -> 4 | Z52: =VLOOKUP(C52,'Chấm công KT'!$C$13:$AN$92,38,0) -> 0 | AA52: =VLOOKUP(C52,'Chấm công KT'!$C$13:$AO$92,39,0) -> 0 | AC52: =Q52 -> 58.2 | AD52: =VLOOKUP(C52,'BTH mủ tạp'!$C$17:$AL$160,36,0) -> A
A53: 43 | B53: ='Chấm công KT'!D55 -> #N/A | C53: ='Chấm công KT'!C55 -> T. Không | D53: CN-KT | E53: =4/1.25 -> 3.2 | F53: =600000/25000 -> 24 | G53: 7 | H53: 24 | Q53: =SUM(E53:P53) -> 58.2 | R53: =VLOOKUP(C53,'BTH mủ tạp'!$C$17:$AI$96,33,0) -> 1847 | T53: =S53*50/100 -> 0 | U53: =R53 -> 1847 | V53: =VLOOKUP(C53,'Chấm công KT'!$C$13:$AJ$92,34,0) -> 27 | W53: =VLOOKUP(C53,'Chấm công KT'!$C$13:$AK$92,35,0) -> 4 | Z53: =VLOOKUP(C53,'Chấm công KT'!$C$13:$AN$92,38,0) -> 0 | AA53: =VLOOKUP(C53,'Chấm công KT'!$C$13:$AO$92,39,0) -> 0 | AC53: =Q53 -> 58.2 | AD53: =VLOOKUP(C53,'BTH mủ tạp'!$C$17:$AL$160,36,0) -> B
A54: 44 | B54: ='Chấm công KT'!D56 -> 03492 | C54: ='Chấm công KT'!C56 -> T. Lem | D54: CN-KT | E54: =4/1.25 -> 3.2 | F54: =600000/25000 -> 24 | H54: 32 | Q54: =SUM(E54:P54) -> 59.2 | R54: =VLOOKUP(C54,'BTH mủ tạp'!$C$17:$AI$96,33,0) -> 1332 | T54: =S54*50/100 -> 0 | U54: =R54 -> 1332 | V54: =VLOOKUP(C54,'Chấm công KT'!$C$13:$AJ$92,34,0) -> 25 | W54: =VLOOKUP(C54,'Chấm công KT'!$C$13:$AK$92,35,0) -> 4 | Z54: =VLOOKUP(C54,'Chấm công KT'!$C$13:$AN$92,38,0) -> 0 | AA54: =VLOOKUP(C54,'Chấm công KT'!$C$13:$AO$92,39,0) -> 0 | AC54: =Q54 -> 59.2 | AD54: =VLOOKUP(C54,'BTH mủ tạp'!$C$17:$AL$160,36,0) -> A
A55: 45 | B55: ='Chấm công KT'!D57 -> 03493 | C55: ='Chấm công KT'!C57 -> T. Pông | D55: CN-KT | E55: =4/1.25 -> 3.2 | F55: =600000/25000 -> 24 | H55: 32 | Q55: =SUM(E55:P55) -> 59.2 | R55: =VLOOKUP(C55,'BTH mủ tạp'!$C$17:$AI$96,33,0) -> 2263 | T55: =S55*50/100 -> 0 | U55: =R55 -> 2263 | V55: =VLOOKUP(C55,'Chấm công KT'!$C$13:$AJ$92,34,0) -> 26 | W55: =VLOOKUP(C55,'Chấm công KT'!$C$13:$AK$92,35,0) -> 4 | Z55: =VLOOKUP(C55,'Chấm công KT'!$C$13:$AN$92,38,0) -> 0 | AA55: =VLOOKUP(C55,'Chấm công KT'!$C$13:$AO$92,39,0) -> 0 | AC55: =Q55 -> 59.2 | AD55: =VLOOKUP(C55,'BTH mủ tạp'!$C$17:$AL$160,36,0) -> A
A56: 46 | B56: ='Chấm công KT'!D58 -> 03496 | C56: ='Chấm công KT'!C58 -> T. Lốp | D56: CN-KT | E56: =4/1.25 -> 3.2 | F56: =600000/25000 -> 24 | H56: 32 | Q56: =SUM(E56:P56) -> 59.2 | R56: =VLOOKUP(C56,'BTH mủ tạp'!$C$17:$AI$96,33,0) -> 2111 | T56: =S56*50/100 -> 0 | U56: =R56 -> 2111 | V56: =VLOOKUP(C56,'Chấm công KT'!$C$13:$AJ$92,34,0) -> 24 | W56: =VLOOKUP(C56,'Chấm công KT'!$C$13:$AK$92,35,0) -> 4 | Z56: =VLOOKUP(C56,'Chấm công KT'!$C$13:$AN$92,38,0) -> 0 | AA56: =VLOOKUP(C56,'Chấm công KT'!$C$13:$AO$92,39,0) -> 0 | AC56: =Q56 -> 59.2 | AD56: =VLOOKUP(C56,'BTH mủ tạp'!$C$17:$AL$160,36,0) -> B
A57: 47 | B57: ='Chấm công KT'!D59 -> #N/A | C57: ='Chấm công KT'!C59 -> N. Nu Ni | D57: CN-KT | E57: =4/1.25 -> 3.2 | F57: =600000/25000 -> 24 | H57: 32 | Q57: =SUM(E57:P57) -> 59.2 | R57: =VLOOKUP(C57,'BTH mủ tạp'!$C$17:$AI$96,33,0) -> 2148 | T57: =S57*50/100 -> 0 | U57: =R57 -> 2148 | V57: =VLOOKUP(C57,'Chấm công KT'!$C$13:$AJ$92,34,0) -> 24 | W57: =VLOOKUP(C57,'Chấm công KT'!$C$13:$AK$92,35,0) -> 4 | Z57: =VLOOKUP(C57,'Chấm công KT'!$C$13:$AN$92,38,0) -> 0 | AA57: =VLOOKUP(C57,'Chấm công KT'!$C$13:$AO$92,39,0) -> 0 | AC57: =Q57 -> 59.2 | AD57: =VLOOKUP(C57,'BTH mủ tạp'!$C$17:$AL$160,36,0) -> B
A58: 48 | B58: ='Chấm công KT'!D60 -> 03494 | C58: ='Chấm công KT'!C60 -> T. Đi | D58: CN-KT | E58: =4/1.25 -> 3.2 | F58: =600000/25000 -> 24 | H58: 32 | Q58: =SUM(E58:P58) -> 59.2 | R58: =VLOOKUP(C58,'BTH mủ tạp'!$C$17:$AI$96,33,0) -> 1454 | T58: =S58*50/100 -> 0 | U58: =R58 -> 1454 | V58: =VLOOKUP(C58,'Chấm công KT'!$C$13:$AJ$92,34,0) -> 25 | W58: =VLOOKUP(C58,'Chấm công KT'!$C$13:$AK$92,35,0) -> 4 | Z58: =VLOOKUP(C58,'Chấm công KT'!$C$13:$AN$92,38,0) -> 0 | AA58: =VLOOKUP(C58,'Chấm công KT'!$C$13:$AO$92,39,0) -> 0 | AC58: =Q58 -> 59.2 | AD58: =VLOOKUP(C58,'BTH mủ tạp'!$C$17:$AL$160,36,0) -> C
A59: 49 | B59: ='Chấm công KT'!D61 -> 03495 | C59: ='Chấm công KT'!C61 -> N. On Xi | D59: CN-KT | E59: =4/1.25 -> 3.2 | F59: =600000/25000 -> 24 | H59: 32 | Q59: =SUM(E59:P59) -> 59.2 | R59: =VLOOKUP(C59,'BTH mủ tạp'!$C$17:$AI$96,33,0) -> 666 | T59: =S59*50/100 -> 0 | U59: =R59 -> 666 | V59: =VLOOKUP(C59,'Chấm công KT'!$C$13:$AJ$92,34,0) -> 22 | W59: =VLOOKUP(C59,'Chấm công KT'!$C$13:$AK$92,35,0) -> 4 | Z59: =VLOOKUP(C59,'Chấm công KT'!$C$13:$AN$92,38,0) -> 0 | AA59: =VLOOKUP(C59,'Chấm công KT'!$C$13:$AO$92,39,0) -> 0 | AC59: =Q59 -> 59.2 | AD59: =VLOOKUP(C59,'BTH mủ tạp'!$C$17:$AL$160,36,0) -> A
A60: 50 | B60: ='Chấm công KT'!D62 -> #N/A | C60: ='Chấm công KT'!C62 -> N. Thông La | D60: CN-KT | E60: =4/1.25 -> 3.2 | F60: =600000/25000 -> 24 | H60: 32 | Q60: =SUM(E60:P60) -> 59.2 | R60: =VLOOKUP(C60,'BTH mủ tạp'!$C$17:$AI$96,33,0) -> 1646 | T60: =S60*50/100 -> 0 | U60: =R60 -> 1646 | V60: =VLOOKUP(C60,'Chấm công KT'!$C$13:$AJ$92,34,0) -> 27 | W60: =VLOOKUP(C60,'Chấm công KT'!$C$13:$AK$92,35,0) -> 4 | Z60: =VLOOKUP(C60,'Chấm công KT'!$C$13:$AN$92,38,0) -> 0 | AA60: =VLOOKUP(C60,'Chấm công KT'!$C$13:$AO$92,39,0) -> 0 | AC60: =Q60 -> 59.2 | AD60: =VLOOKUP(C60,'BTH mủ tạp'!$C$17:$AL$160,36,0) -> A
A61: 51 | B61: ='Chấm công KT'!D63 -> 03497 | C61: ='Chấm công KT'!C63 -> T. Son Xay | D61: CN-KT | E61: =4/1.25 -> 3.2 | F61: =600000/25000 -> 24 | H61: 32 | Q61: =SUM(E61:P61) -> 59.2 | R61: =VLOOKUP(C61,'BTH mủ tạp'!$C$17:$AI$96,33,0) -> 1770 | T61: =S61*50/100 -> 0 | U61: =R61 -> 1770 | V61: =VLOOKUP(C61,'Chấm công KT'!$C$13:$AJ$92,34,0) -> 25 | W61: =VLOOKUP(C61,'Chấm công KT'!$C$13:$AK$92,35,0) -> 4 | Z61: =VLOOKUP(C61,'Chấm công KT'!$C$13:$AN$92,38,0) -> 0 | AA61: =VLOOKUP(C61,'Chấm công KT'!$C$13:$AO$92,39,0) -> 0 | AC61: =Q61 -> 59.2 | AD61: =VLOOKUP(C61,'BTH mủ tạp'!$C$17:$AL$160,36,0) -> A
A62: 52 | B62: ='Chấm công KT'!D64 -> 03498 | C62: ='Chấm công KT'!C64 -> N. Lăm Phay | D62: CN-KT | E62: =4/1.25 -> 3.2 | F62: =600000/25000 -> 24 | H62: 32 | Q62: =SUM(E62:P62) -> 59.2 | R62: =VLOOKUP(C62,'BTH mủ tạp'!$C$17:$AI$96,33,0) -> 1752 | T62: =S62*50/100 -> 0 | U62: =R62 -> 1752 | V62: =VLOOKUP(C62,'Chấm công KT'!$C$13:$AJ$92,34,0) -> 25 | W62: =VLOOKUP(C62,'Chấm công KT'!$C$13:$AK$92,35,0) -> 4 | Z62: =VLOOKUP(C62,'Chấm công KT'!$C$13:$AN$92,38,0) -> 0 | AA62: =VLOOKUP(C62,'Chấm công KT'!$C$13:$AO$92,39,0) -> 0 | AC62: =Q62 -> 59.2 | AD62: =VLOOKUP(C62,'BTH mủ tạp'!$C$17:$AL$160,36,0) -> A
A63: 53 | B63: ='Chấm công KT'!D65 -> 02706 | C63: ='Chấm công KT'!C65 -> T. Nhung | D63: CN-KT | E63: =4/1.25 -> 3.2 | F63: =600000/25000 -> 24 | H63: 32 | Q63: =SUM(E63:P63) -> 59.2 | R63: =VLOOKUP(C63,'BTH mủ tạp'!$C$17:$AI$96,33,0) -> 1702 | T63: =S63*50/100 -> 0 | U63: =R63 -> 1702 | V63: =VLOOKUP(C63,'Chấm công KT'!$C$13:$AJ$92,34,0) -> 25 | W63: =VLOOKUP(C63,'Chấm công KT'!$C$13:$AK$92,35,0) -> 4 | Z63: =VLOOKUP(C63,'Chấm công KT'!$C$13:$AN$92,38,0) -> 0 | AA63: =VLOOKUP(C63,'Chấm công KT'!$C$13:$AO$92,39,0) -> 0 | AC63: =Q63 -> 59.2 | AD63: =VLOOKUP(C63,'BTH mủ tạp'!$C$17:$AL$160,36,0) -> A
A64: 54 | B64: ='Chấm công KT'!D66 -> #N/A | C64: ='Chấm công KT'!C66 -> T. Khay Khăm | D64: CN-KT | E64: =4/1.25 -> 3.2 | F64: =600000/25000 -> 24 | H64: 32 | Q64: =SUM(E64:P64) -> 59.2 | R64: =VLOOKUP(C64,'BTH mủ tạp'!$C$17:$AI$96,33,0) -> 838 | T64: =S64*50/100 -> 0 | U64: =R64 -> 838 | V64: =VLOOKUP(C64,'Chấm công KT'!$C$13:$AJ$92,34,0) -> 23 | W64: =VLOOKUP(C64,'Chấm công KT'!$C$13:$AK$92,35,0) -> 2 | Z64: =VLOOKUP(C64,'Chấm công KT'!$C$13:$AN$92,38,0) -> 0 | AA64: =VLOOKUP(C64,'Chấm công KT'!$C$13:$AO$92,39,0) -> 0 | AC64: =Q64 -> 59.2 | AD64: =VLOOKUP(C64,'BTH mủ tạp'!$C$17:$AL$160,36,0) -> B
A65: 55 | B65: ='Chấm công KT'!D67 -> 0 | C65: ='Chấm công KT'!C67 -> N. Khay Chăn | D65: CN-KT | E65: =4/1.25 -> 3.2 | F65: =600000/25000 -> 24 | H65: 32 | Q65: =SUM(E65:P65) -> 59.2 | R65: =VLOOKUP(C65,'BTH mủ tạp'!$C$17:$AI$96,33,0) -> 1981 | T65: =S65*50/100 -> 0 | U65: =R65 -> 1981 | V65: =VLOOKUP(C65,'Chấm công KT'!$C$13:$AJ$92,34,0) -> 27 | W65: =VLOOKUP(C65,'Chấm công KT'!$C$13:$AK$92,35,0) -> 4 | Z65: =VLOOKUP(C65,'Chấm công KT'!$C$13:$AN$92,38,0) -> 0 | AA65: =VLOOKUP(C65,'Chấm công KT'!$C$13:$AO$92,39,0) -> 0 | AC65: =Q65 -> 59.2 | AD65: =VLOOKUP(C65,'BTH mủ tạp'!$C$17:$AL$160,36,0) -> A
... A81: 71 | B81: ='Chấm công KT'!D83 -> 03516 | C81: ='Chấm công KT'!C83 -> N. Chay | D81: CN-KT | E81: =4/1.25 -> 3.2 | F81: =600000/25000 -> 24 | H81: 32 | Q81: =SUM(E81:P81) -> 59.2 | R81: =VLOOKUP(C81,'BTH mủ tạp'!$C$17:$AI$96,33,0) -> 1139 | T81: =S81*50/100 -> 0 | U81: =R81 -> 1139 | V81: =VLOOKUP(C81,'Chấm công KT'!$C$13:$AJ$92,34,0) -> 25 | W81: =VLOOKUP(C81,'Chấm công KT'!$C$13:$AK$92,35,0) -> 4 | Z81: =VLOOKUP(C81,'Chấm công KT'!$C$13:$AN$92,38,0) -> 0 | AA81: =VLOOKUP(C81,'Chấm công KT'!$C$13:$AO$92,39,0) -> 0 | AC81: =Q81 -> 59.2 | AD81: =VLOOKUP(C81,'BTH mủ tạp'!$C$17:$AL$160,36,0) -> A
A82: 72 | B82: ='Chấm công KT'!D84 -> 03544 | C82: ='Chấm công KT'!C84 -> T. Ta | D82: CN-KT | E82: =4/1.25 -> 3.2 | F82: =600000/25000 -> 24 | H82: 32 | Q82: =SUM(E82:P82) -> 59.2 | R82: =VLOOKUP(C82,'BTH mủ tạp'!$C$17:$AI$96,33,0) -> 1080 | T82: =S82*50/100 -> 0 | U82: =R82 -> 1080 | V82: =VLOOKUP(C82,'Chấm công KT'!$C$13:$AJ$92,34,0) -> 27 | W82: =VLOOKUP(C82,'Chấm công KT'!$C$13:$AK$92,35,0) -> 4 | Z82: =VLOOKUP(C82,'Chấm công KT'!$C$13:$AN$92,38,0) -> 0 | AA82: =VLOOKUP(C82,'Chấm công KT'!$C$13:$AO$92,39,0) -> 0 | AC82: =Q82 -> 59.2 | AD82: =VLOOKUP(C82,'BTH mủ tạp'!$C$17:$AL$160,36,0) -> A | AF82: =Q9-9191.88 -> 0
A83: 73 | B83: ='Chấm công KT'!D85 -> #N/A | C83: ='Chấm công KT'!C85 -> T. Ne | D83: CN-KT | E83: =4/1.25 -> 3.2 | F83: =600000/25000 -> 24 | H83: 32 | Q83: =SUM(E83:P83) -> 59.2 | R83: =VLOOKUP(C83,'BTH mủ tạp'!$C$17:$AI$96,33,0) -> 1063 | T83: =S83*50/100 -> 0 | U83: =R83 -> 1063 | V83: =VLOOKUP(C83,'Chấm công KT'!$C$13:$AJ$92,34,0) -> 27 | W83: =VLOOKUP(C83,'Chấm công KT'!$C$13:$AK$92,35,0) -> 4 | Z83: =VLOOKUP(C83,'Chấm công KT'!$C$13:$AN$92,38,0) -> 0 | AA83: =VLOOKUP(C83,'Chấm công KT'!$C$13:$AO$92,39,0) -> 0 | AC83: =Q83 -> 59.2 | AD83: =VLOOKUP(C83,'BTH mủ tạp'!$C$17:$AL$160,36,0) -> A
A84: 74 | C84: ='Chấm công KT'!C86 -> T. Tý | D84: CN-KT | Q84: =SUM(E84:P84) -> 0 | R84: =VLOOKUP(C84,'BTH mủ tạp'!$C$17:$AI$96,33,0) -> 0 | T84: =S84*50/100 -> 0 | U84: =R84 -> 0 | V84: =VLOOKUP(C84,'Chấm công KT'!$C$13:$AJ$92,34,0) -> 0 | W84: =VLOOKUP(C84,'Chấm công KT'!$C$13:$AK$92,35,0) -> 0 | Z84: =VLOOKUP(C84,'Chấm công KT'!$C$13:$AN$92,38,0) -> 0 | AA84: =VLOOKUP(C84,'Chấm công KT'!$C$13:$AO$92,39,0) -> 0 | AC84: =Q84 -> 0 | AD84: =VLOOKUP(C84,'BTH mủ tạp'!$C$17:$AL$160,36,0) -> C
A85: 75 | C85: ='Chấm công KT'!C87 -> T.Lã | D85: CN-KT | Q85: =SUM(E85:P85) -> 0 | R85: =VLOOKUP(C85,'BTH mủ tạp'!$C$17:$AI$96,33,0) -> 207 | T85: =S85*50/100 -> 0 | U85: =R85 -> 207 | V85: =VLOOKUP(C85,'Chấm công KT'!$C$13:$AJ$92,34,0) -> 5 | W85: =VLOOKUP(C85,'Chấm công KT'!$C$13:$AK$92,35,0) -> 0 | Z85: =VLOOKUP(C85,'Chấm công KT'!$C$13:$AN$92,38,0) -> 0 | AA85: =VLOOKUP(C85,'Chấm công KT'!$C$13:$AO$92,39,0) -> 0 | AC85: =Q85 -> 0 | AD85: =VLOOKUP(C85,'BTH mủ tạp'!$C$17:$AL$160,36,0) -> C.
A86: 76 | C86: ='Chấm công KT'!C88 -> N. Veo | D86: CN-KT | Q86: =SUM(E86:P86) -> 0 | R86: =VLOOKUP(C86,'BTH mủ tạp'!$C$17:$AI$96,33,0) -> 124 | T86: =S86*50/100 -> 0 | U86: =R86 -> 124 | V86: =VLOOKUP(C86,'Chấm công KT'!$C$13:$AJ$92,34,0) -> 5 | W86: =VLOOKUP(C86,'Chấm công KT'!$C$13:$AK$92,35,0) -> 0 | Z86: =VLOOKUP(C86,'Chấm công KT'!$C$13:$AN$92,38,0) -> 0 | AA86: =VLOOKUP(C86,'Chấm công KT'!$C$13:$AO$92,39,0) -> 0 | AC86: =Q86 -> 0 | AD86: =VLOOKUP(C86,'BTH mủ tạp'!$C$17:$AL$160,36,0) -> C.
A87: 77 | C87: ='Chấm công KT'!C89 -> T.Pu | D87: CN-KT | Q87: =SUM(E87:P87) -> 0 | R87: =VLOOKUP(C87,'BTH mủ tạp'!$C$17:$AI$96,33,0) -> 35 | U87: =R87 -> 35 | V87: =VLOOKUP(C87,'Chấm công KT'!$C$13:$AJ$92,34,0) -> 3 | W87: =VLOOKUP(C87,'Chấm công KT'!$C$13:$AK$92,35,0) -> 0 | Z87: =VLOOKUP(C87,'Chấm công KT'!$C$13:$AN$92,38,0) -> 0 | AA87: =VLOOKUP(C87,'Chấm công KT'!$C$13:$AO$92,39,0) -> 0 | AC87: =Q87 -> 0 | AD87: =VLOOKUP(C87,'BTH mủ tạp'!$C$17:$AL$160,36,0) -> C.
A88: 78 | C88: ='Chấm công KT'!C90 -> T.Ta | D88: CN-KT | Q88: =SUM(E88:P88) -> 0 | R88: =VLOOKUP(C88,'BTH mủ tạp'!$C$17:$AI$96,33,0) -> 0 | U88: =R88 -> 0 | V88: =VLOOKUP(C88,'Chấm công KT'!$C$13:$AJ$92,34,0) -> 0 | W88: =VLOOKUP(C88,'Chấm công KT'!$C$13:$AK$92,35,0) -> 0 | Z88: =VLOOKUP(C88,'Chấm công KT'!$C$13:$AN$92,38,0) -> 0 | AA88: =VLOOKUP(C88,'Chấm công KT'!$C$13:$AO$92,39,0) -> 0 | AC88: =Q88 -> 0 | AD88: =VLOOKUP(C88,'BTH mủ tạp'!$C$17:$AL$160,36,0) -> 0
A89: 79 | C89: ='Chấm công KT'!C91 -> N.Nang | D89: CN-KT | Q89: =SUM(E89:P89) -> 0 | R89: =VLOOKUP(C89,'BTH mủ tạp'!$C$17:$AI$96,33,0) -> 0 | U89: =R89 -> 0 | V89: =VLOOKUP(C89,'Chấm công KT'!$C$13:$AJ$92,34,0) -> 0 | W89: =VLOOKUP(C89,'Chấm công KT'!$C$13:$AK$92,35,0) -> 0 | Z89: =VLOOKUP(C89,'Chấm công KT'!$C$13:$AN$92,38,0) -> 0 | AA89: =VLOOKUP(C89,'Chấm công KT'!$C$13:$AO$92,39,0) -> 0 | AC89: =Q89 -> 0 | AD89: =VLOOKUP(C89,'BTH mủ tạp'!$C$17:$AL$160,36,0) -> 0
A90: 80 | C90: ='Chấm công KT'!C92 -> T. Tan | D90: CNK | Q90: =SUM(E90:P90) -> 0 | R90: =VLOOKUP(C90,'BTH mủ tạp'!$C$17:$AI$96,33,0) -> 0 | U90: =R90 -> 0 | V90: =VLOOKUP(C90,'Chấm công KT'!$C$13:$AJ$92,34,0) -> 0 | W90: =VLOOKUP(C90,'Chấm công KT'!$C$13:$AK$92,35,0) -> 0 | Z90: =VLOOKUP(C90,'Chấm công KT'!$C$13:$AN$92,38,0) -> 0 | AA90: =VLOOKUP(C90,'Chấm công KT'!$C$13:$AO$92,39,0) -> 0 | AC90: =Q90 -> 0 | AD90: =VLOOKUP(C90,'BTH mủ tạp'!$C$17:$AL$160,36,0) -> 0
A91: 81 | C91: T.Say | D91: CNK | M91: =747.24+60.88+98.52-0.36 -> 906.28 | Q91: =SUM(E91:P91) -> 906.28 | S91: ='BTH mủ Sỉum'!AH14 -> 0 | U91: =R91 -> 0 | AC91: =Q91 -> 906.28
B92: TRẠM 2 | E92: =SUM(E93:E157) -> 185.6 | F92: =SUM(F93:F157) -> 1392 | G92: =SUM(G93:G157) -> 413 | H92: =SUM(H93:H157) -> 1384 | I92: =SUM(I93:I157) -> 0 | J92: =SUM(J93:J157) -> 0 | K92: =SUM(K93:K157) -> 0 | L92: =SUM(L93:L157) -> 0 | ... AC92: =SUM(AC93:AC157) -> 3968 | AE92: =SUM(AE93:AE156) -> 0 | AF92: 1121 | AG92: 135 | AH92: 1191 | AI92: 173
A93: 1 | B93: ='Chấm công KT'!D94 -> #N/A | C93: ='Chấm công KT'!C94 -> T. Lun | D93: CNKT | E93: =4/1.25 -> 3.2 | F93: =600000/25000 -> 24 | G93: 7 | H93: 24 | Q93: =SUM(E93:P93) -> 58.2 | R93: =VLOOKUP(C93,'BTH mủ tạp'!$C$99:$AI$160,33,0) -> 2006 | T93: =S93*50/100 -> 0 | U93: =R93 -> 2006 | V93: =VLOOKUP(C93,'Chấm công KT'!$C$94:$AJ$155,34,0) -> 26 | W93: =VLOOKUP(C93,'Chấm công KT'!$C$94:$AK$155,35,0) -> 4 | X93: =VLOOKUP(C93,'Chấm công KT'!C94:AL155,36,0) -> 0 | AC93: =Q93 -> 58.2 | AD93: =VLOOKUP(C93,'BTH mủ tạp'!$C$17:$AL$160,36,0) -> A
A94: 2 | B94: ='Chấm công KT'!D95 -> 03466 | C94: ='Chấm công KT'!C95 -> N. Keo | D94: CNKT | E94: =4/1.25 -> 3.2 | F94: =600000/25000 -> 24 | G94: 7 | H94: 24 | Q94: =SUM(E94:P94) -> 58.2 | R94: =VLOOKUP(C94,'BTH mủ tạp'!$C$99:$AI$160,33,0) -> 1788 | T94: =S94*50/100 -> 0 | U94: =R94 -> 1788 | V94: =VLOOKUP(C94,'Chấm công KT'!$C$94:$AJ$155,34,0) -> 26 | W94: =VLOOKUP(C94,'Chấm công KT'!$C$94:$AK$155,35,0) -> 3 | X94: =VLOOKUP(C94,'Chấm công KT'!C95:AL155,36,0) -> 0 | AC94: =Q94 -> 58.2 | AD94: =VLOOKUP(C94,'BTH mủ tạp'!$C$17:$AL$160,36,0) -> B
A95: 3 | B95: ='Chấm công KT'!D96 -> 03590 | C95: ='Chấm công KT'!C96 -> T .Nhum | D95: CNKT | E95: =4/1.25 -> 3.2 | F95: =600000/25000 -> 24 | G95: 7 | H95: 24 | Q95: =SUM(E95:P95) -> 58.2 | R95: =VLOOKUP(C95,'BTH mủ tạp'!$C$99:$AI$160,33,0) -> 1344 | T95: =S95*50/100 -> 0 | U95: =R95 -> 1344 | V95: =VLOOKUP(C95,'Chấm công KT'!$C$94:$AJ$155,34,0) -> 26 | W95: =VLOOKUP(C95,'Chấm công KT'!$C$94:$AK$155,35,0) -> 4 | X95: =VLOOKUP(C95,'Chấm công KT'!C96:AL155,36,0) -> 0 | AC95: =Q95 -> 58.2 | AD95: =VLOOKUP(C95,'BTH mủ tạp'!$C$17:$AL$160,36,0) -> A
A96: 4 | B96: ='Chấm công KT'!D97 -> 03591 | C96: ='Chấm công KT'!C97 -> N.Vông Ma Ni | D96: CNKT | E96: =4/1.25 -> 3.2 | F96: =600000/25000 -> 24 | G96: 7 | H96: 24 | Q96: =SUM(E96:P96) -> 58.2 | R96: =VLOOKUP(C96,'BTH mủ tạp'!$C$99:$AI$160,33,0) -> 1906 | T96: =S96*50/100 -> 0 | U96: =R96 -> 1906 | V96: =VLOOKUP(C96,'Chấm công KT'!$C$94:$AJ$155,34,0) -> 26 | W96: =VLOOKUP(C96,'Chấm công KT'!$C$94:$AK$155,35,0) -> 4 | X96: =VLOOKUP(C96,'Chấm công KT'!C97:AL155,36,0) -> 0 | AC96: =Q96 -> 58.2 | AD96: =VLOOKUP(C96,'BTH mủ tạp'!$C$17:$AL$160,36,0) -> A
A97: 5 | B97: ='Chấm công KT'!D98 -> 03592 | C97: ='Chấm công KT'!C98 -> Đao Hương | D97: CNKT | E97: =4/1.25 -> 3.2 | F97: =600000/25000 -> 24 | G97: 7 | H97: 24 | Q97: =SUM(E97:P97) -> 58.2 | R97: =VLOOKUP(C97,'BTH mủ tạp'!$C$99:$AI$160,33,0) -> 1846 | T97: =S97*50/100 -> 0 | U97: =R97 -> 1846 | V97: =VLOOKUP(C97,'Chấm công KT'!$C$94:$AJ$155,34,0) -> 26 | W97: =VLOOKUP(C97,'Chấm công KT'!$C$94:$AK$155,35,0) -> 4 | X97: =VLOOKUP(C97,'Chấm công KT'!C98:AL155,36,0) -> 0 | AC97: =Q97 -> 58.2 | AD97: =VLOOKUP(C97,'BTH mủ tạp'!$C$17:$AL$160,36,0) -> A | AF97: =241.33-E92 -> 55.73
A98: 6 | B98: ='Chấm công KT'!D99 -> 03593 | C98: ='Chấm công KT'!C99 -> T. Xi Nun | D98: CNKT | E98: =4/1.25 -> 3.2 | F98: =600000/25000 -> 24 | G98: 7 | H98: 24 | Q98: =SUM(E98:P98) -> 58.2 | R98: =VLOOKUP(C98,'BTH mủ tạp'!$C$99:$AI$160,33,0) -> 884 | T98: =S98*50/100 -> 0 | U98: =R98 -> 884 | V98: =VLOOKUP(C98,'Chấm công KT'!$C$94:$AJ$155,34,0) -> 21 | W98: =VLOOKUP(C98,'Chấm công KT'!$C$94:$AK$155,35,0) -> 1 | X98: =VLOOKUP(C98,'Chấm công KT'!C99:AL155,36,0) -> 0 | AC98: =Q98 -> 58.2 | AD98: =VLOOKUP(C98,'BTH mủ tạp'!$C$17:$AL$160,36,0) -> B | AG98: =183*0.5 -> 91.5
A99: 7 | B99: ='Chấm công KT'!D100 -> 03594 | C99: ='Chấm công KT'!C100 -> T. Bun Hinh | D99: CNKT | E99: =4/1.25 -> 3.2 | F99: =600000/25000 -> 24 | G99: 7 | H99: 24 | Q99: =SUM(E99:P99) -> 58.2 | R99: =VLOOKUP(C99,'BTH mủ tạp'!$C$99:$AI$160,33,0) -> 2068 | T99: =S99*50/100 -> 0 | U99: =R99 -> 2068 | V99: =VLOOKUP(C99,'Chấm công KT'!$C$94:$AJ$155,34,0) -> 27 | W99: =VLOOKUP(C99,'Chấm công KT'!$C$94:$AK$155,35,0) -> 4 | X99: =VLOOKUP(C99,'Chấm công KT'!C100:AL155,36,0) -> 0 | AC99: =Q99 -> 58.2 | AD99: =VLOOKUP(C99,'BTH mủ tạp'!$C$17:$AL$160,36,0) -> A
A100: 8 | B100: ='Chấm công KT'!D101 -> #N/A | C100: ='Chấm công KT'!C101 -> T. Miềng | D100: CNKT | E100: =4/1.25 -> 3.2 | F100: =600000/25000 -> 24 | G100: 14 | H100: 16 | Q100: =SUM(E100:P100) -> 57.2 | R100: =VLOOKUP(C100,'BTH mủ tạp'!$C$99:$AI$160,33,0) -> 1585 | T100: =S100*50/100 -> 0 | U100: =R100 -> 1585 | V100: =VLOOKUP(C100,'Chấm công KT'!$C$94:$AJ$155,34,0) -> 26 | W100: =VLOOKUP(C100,'Chấm công KT'!$C$94:$AK$155,35,0) -> 4 | X100: =VLOOKUP(C100,'Chấm công KT'!C101:AL155,36,0) -> 0 | AC100: =Q100 -> 57.2 | AD100: =VLOOKUP(C100,'BTH mủ tạp'!$C$17:$AL$160,36,0) -> A
A101: 9 | B101: ='Chấm công KT'!D102 -> 03596 | C101: ='Chấm công KT'!C102 -> N. Xúc | D101: CNKT | E101: =4/1.25 -> 3.2 | F101: =600000/25000 -> 24 | G101: 7 | H101: 24 | Q101: =SUM(E101:P101) -> 58.2 | R101: =VLOOKUP(C101,'BTH mủ tạp'!$C$99:$AI$160,33,0) -> 2110 | T101: =S101*50/100 -> 0 | U101: =R101 -> 2110 | V101: =VLOOKUP(C101,'Chấm công KT'!$C$94:$AJ$155,34,0) -> 27 | W101: =VLOOKUP(C101,'Chấm công KT'!$C$94:$AK$155,35,0) -> 4 | X101: =VLOOKUP(C101,'Chấm công KT'!C102:AL155,36,0) -> 0 | AC101: =Q101 -> 58.2 | AD101: =VLOOKUP(C101,'BTH mủ tạp'!$C$17:$AL$160,36,0) -> B
A102: 10 | B102: ='Chấm công KT'!D103 -> 03597 | C102: ='Chấm công KT'!C103 -> N. Lẹ | D102: CNKT | E102: =4/1.25 -> 3.2 | F102: =600000/25000 -> 24 | G102: 7 | H102: 24 | Q102: =SUM(E102:P102) -> 58.2 | R102: =VLOOKUP(C102,'BTH mủ tạp'!$C$99:$AI$160,33,0) -> 1374 | T102: =S102*50/100 -> 0 | U102: =R102 -> 1374 | V102: =VLOOKUP(C102,'Chấm công KT'!$C$94:$AJ$155,34,0) -> 26 | W102: =VLOOKUP(C102,'Chấm công KT'!$C$94:$AK$155,35,0) -> 4 | X102: =VLOOKUP(C102,'Chấm công KT'!C103:AL155,36,0) -> 0 | AC102: =Q102 -> 58.2 | AD102: =VLOOKUP(C102,'BTH mủ tạp'!$C$17:$AL$160,36,0) -> A
A103: 11 | B103: ='Chấm công KT'!D104 -> 03598 | C103: ='Chấm công KT'!C104 -> N . Thích | D103: CNKT | E103: =4/1.25 -> 3.2 | F103: =600000/25000 -> 24 | G103: 7 | H103: 24 | Q103: =SUM(E103:P103) -> 58.2 | R103: =VLOOKUP(C103,'BTH mủ tạp'!$C$99:$AI$160,33,0) -> 1734 | T103: =S103*50/100 -> 0 | U103: =R103 -> 1734 | V103: =VLOOKUP(C103,'Chấm công KT'!$C$94:$AJ$155,34,0) -> 26 | W103: =VLOOKUP(C103,'Chấm công KT'!$C$94:$AK$155,35,0) -> 4 | X103: =VLOOKUP(C103,'Chấm công KT'!C104:AL155,36,0) -> 0 | AC103: =Q103 -> 58.2 | AD103: =VLOOKUP(C103,'BTH mủ tạp'!$C$17:$AL$160,36,0) -> A
A104: 12 | B104: ='Chấm công KT'!D105 -> 03599 | C104: ='Chấm công KT'!C105 -> N. Cong Mi | D104: CNKT | E104: =4/1.25 -> 3.2 | F104: =600000/25000 -> 24 | G104: 7 | H104: 24 | Q104: =SUM(E104:P104) -> 58.2 | R104: =VLOOKUP(C104,'BTH mủ tạp'!$C$99:$AI$160,33,0) -> 2002 | T104: =S104*50/100 -> 0 | U104: =R104 -> 2002 | V104: =VLOOKUP(C104,'Chấm công KT'!$C$94:$AJ$155,34,0) -> 27 | W104: =VLOOKUP(C104,'Chấm công KT'!$C$94:$AK$155,35,0) -> 4 | X104: =VLOOKUP(C104,'Chấm công KT'!C105:AL155,36,0) -> 0 | AC104: =Q104 -> 58.2 | AD104: =VLOOKUP(C104,'BTH mủ tạp'!$C$17:$AL$160,36,0) -> A
A105: 13 | B105: ='Chấm công KT'!D106 -> #N/A | C105: ='Chấm công KT'!C106 -> T. Na | D105: CNKT | E105: =4/1.25 -> 3.2 | F105: =600000/25000 -> 24 | G105: 7 | H105: 24 | Q105: =SUM(E105:P105) -> 58.2 | R105: =VLOOKUP(C105,'BTH mủ tạp'!$C$99:$AI$160,33,0) -> 1498 | T105: =S105*50/100 -> 0 | U105: =R105 -> 1498 | V105: =VLOOKUP(C105,'Chấm công KT'!$C$94:$AJ$155,34,0) -> 26 | W105: =VLOOKUP(C105,'Chấm công KT'!$C$94:$AK$155,35,0) -> 4 | X105: =VLOOKUP(C105,'Chấm công KT'!C106:AL155,36,0) -> 0 | AC105: =Q105 -> 58.2 | AD105: =VLOOKUP(C105,'BTH mủ tạp'!$C$17:$AL$160,36,0) -> B
A106: 14 | B106: ='Chấm công KT'!D107 -> 03601 | C106: ='Chấm công KT'!C107 -> T. Khăm Mặn | D106: CNKT | E106: =4/1.25 -> 3.2 | F106: =600000/25000 -> 24 | G106: 7 | H106: 24 | Q106: =SUM(E106:P106) -> 58.2 | R106: =VLOOKUP(C106,'BTH mủ tạp'!$C$99:$AI$160,33,0) -> 2247 | T106: =S106*50/100 -> 0 | U106: =R106 -> 2247 | V106: =VLOOKUP(C106,'Chấm công KT'!$C$94:$AJ$155,34,0) -> 27 | W106: =VLOOKUP(C106,'Chấm công KT'!$C$94:$AK$155,35,0) -> 4 | X106: =VLOOKUP(C106,'Chấm công KT'!C107:AL155,36,0) -> 0 | AC106: =Q106 -> 58.2 | AD106: =VLOOKUP(C106,'BTH mủ tạp'!$C$17:$AL$160,36,0) -> A
A107: 15 | B107: ='Chấm công KT'!D108 -> 03602 | C107: ='Chấm công KT'!C108 -> T . In Tong | D107: CNKT | E107: =4/1.25 -> 3.2 | F107: =600000/25000 -> 24 | G107: 7 | H107: 24 | Q107: =SUM(E107:P107) -> 58.2 | R107: =VLOOKUP(C107,'BTH mủ tạp'!$C$99:$AI$160,33,0) -> 1661 | T107: =S107*50/100 -> 0 | U107: =R107 -> 1661 | V107: =VLOOKUP(C107,'Chấm công KT'!$C$94:$AJ$155,34,0) -> 26 | W107: =VLOOKUP(C107,'Chấm công KT'!$C$94:$AK$155,35,0) -> 4 | X107: =VLOOKUP(C107,'Chấm công KT'!C108:AL155,36,0) -> 0 | AC107: =Q107 -> 58.2 | AD107: =VLOOKUP(C107,'BTH mủ tạp'!$C$17:$AL$160,36,0) -> A
A108: 16 | B108: ='Chấm công KT'!D109 -> 03496 | C108: ='Chấm công KT'!C109 -> T. Lốp | D108: CNKT | E108: =4/1.25 -> 3.2 | F108: =600000/25000 -> 24 | G108: 7 | H108: 24 | Q108: =SUM(E108:P108) -> 58.2 | R108: =VLOOKUP(C108,'BTH mủ tạp'!$C$99:$AI$160,33,0) -> 1272 | T108: =S108*50/100 -> 0 | U108: =R108 -> 1272 | V108: =VLOOKUP(C108,'Chấm công KT'!$C$94:$AJ$155,34,0) -> 21 | W108: =VLOOKUP(C108,'Chấm công KT'!$C$94:$AK$155,35,0) -> 4 | X108: =VLOOKUP(C108,'Chấm công KT'!C109:AL155,36,0) -> 0 | AC108: =Q108 -> 58.2 | AD108: =VLOOKUP(C108,'BTH mủ tạp'!$C$17:$AL$160,36,0) -> B
A109: 17 | B109: ='Chấm công KT'!D110 -> 03604 | C109: ='Chấm công KT'!C110 -> T. Lăm Phêng | D109: CNKT | E109: =4/1.25 -> 3.2 | F109: =600000/25000 -> 24 | G109: 7 | H109: 24 | Q109: =SUM(E109:P109) -> 58.2 | R109: =VLOOKUP(C109,'BTH mủ tạp'!$C$99:$AI$160,33,0) -> 2314 | T109: =S109*50/100 -> 0 | U109: =R109 -> 2314 | V109: =VLOOKUP(C109,'Chấm công KT'!$C$94:$AJ$155,34,0) -> 27 | W109: =VLOOKUP(C109,'Chấm công KT'!$C$94:$AK$155,35,0) -> 4 | X109: =VLOOKUP(C109,'Chấm công KT'!C110:AL155,36,0) -> 0 | AC109: =Q109 -> 58.2 | AD109: =VLOOKUP(C109,'BTH mủ tạp'!$C$17:$AL$160,36,0) -> A
A110: 18 | B110: ='Chấm công KT'!D111 -> #N/A | C110: ='Chấm công KT'!C111 -> T Xèng | D110: CNKT | E110: =4/1.25 -> 3.2 | F110: =600000/25000 -> 24 | G110: 7 | H110: 24 | Q110: =SUM(E110:P110) -> 58.2 | R110: =VLOOKUP(C110,'BTH mủ tạp'!$C$99:$AI$160,33,0) -> 2232 | T110: =S110*50/100 -> 0 | U110: =R110 -> 2232 | V110: =VLOOKUP(C110,'Chấm công KT'!$C$94:$AJ$155,34,0) -> 27 | W110: =VLOOKUP(C110,'Chấm công KT'!$C$94:$AK$155,35,0) -> 4 | X110: =VLOOKUP(C110,'Chấm công KT'!C111:AL155,36,0) -> 0 | AC110: =Q110 -> 58.2 | AD110: =VLOOKUP(C110,'BTH mủ tạp'!$C$17:$AL$160,36,0) -> A
A111: 19 | B111: ='Chấm công KT'!D112 -> 03509 | C111: ='Chấm công KT'!C112 -> T. May | D111: CNKT | E111: =4/1.25 -> 3.2 | F111: =600000/25000 -> 24 | G111: 7 | H111: 24 | Q111: =SUM(E111:P111) -> 58.2 | R111: =VLOOKUP(C111,'BTH mủ tạp'!$C$99:$AI$160,33,0) -> 1791 | T111: =S111*50/100 -> 0 | U111: =R111 -> 1791 | V111: =VLOOKUP(C111,'Chấm công KT'!$C$94:$AJ$155,34,0) -> 27 | W111: =VLOOKUP(C111,'Chấm công KT'!$C$94:$AK$155,35,0) -> 3 | X111: =VLOOKUP(C111,'Chấm công KT'!C112:AL155,36,0) -> 0 | AC111: =Q111 -> 58.2 | AD111: =VLOOKUP(C111,'BTH mủ tạp'!$C$17:$AL$160,36,0) -> A
A112: 20 | B112: ='Chấm công KT'!D113 -> 03607 | C112: ='Chấm công KT'!C113 -> T. Huôn | D112: CNKT | E112: =4/1.25 -> 3.2 | F112: =600000/25000 -> 24 | G112: 7 | H112: 24 | Q112: =SUM(E112:P112) -> 58.2 | R112: =VLOOKUP(C112,'BTH mủ tạp'!$C$99:$AI$160,33,0) -> 1482 | T112: =S112*50/100 -> 0 | U112: =R112 -> 1482 | V112: =VLOOKUP(C112,'Chấm công KT'!$C$94:$AJ$155,34,0) -> 27 | W112: =VLOOKUP(C112,'Chấm công KT'!$C$94:$AK$155,35,0) -> 3 | X112: =VLOOKUP(C112,'Chấm công KT'!C113:AL155,36,0) -> 0 | AC112: =Q112 -> 58.2 | AD112: =VLOOKUP(C112,'BTH mủ tạp'!$C$17:$AL$160,36,0) -> A
A113: 21 | B113: ='Chấm công KT'!D114 -> 02729 | C113: ='Chấm công KT'!C114 -> N. Lay | D113: CNKT | E113: =4/1.25 -> 3.2 | F113: =600000/25000 -> 24 | G113: 7 | H113: 24 | Q113: =SUM(E113:P113) -> 58.2 | R113: =VLOOKUP(C113,'BTH mủ tạp'!$C$99:$AI$160,33,0) -> 1425 | T113: =S113*50/100 -> 0 | U113: =R113 -> 1425 | V113: =VLOOKUP(C113,'Chấm công KT'!$C$94:$AJ$155,34,0) -> 27 | W113: =VLOOKUP(C113,'Chấm công KT'!$C$94:$AK$155,35,0) -> 3 | X113: =VLOOKUP(C113,'Chấm công KT'!C114:AL155,36,0) -> 0 | AC113: =Q113 -> 58.2 | AD113: =VLOOKUP(C113,'BTH mủ tạp'!$C$17:$AL$160,36,0) -> A
A114: 22 | B114: ='Chấm công KT'!D115 -> 03608 | C114: ='Chấm công KT'!C115 -> N. Pon | D114: CNKT | E114: =4/1.25 -> 3.2 | F114: =600000/25000 -> 24 | G114: 7 | H114: 24 | Q114: =SUM(E114:P114) -> 58.2 | R114: =VLOOKUP(C114,'BTH mủ tạp'!$C$99:$AI$160,33,0) -> 2212 | T114: =S114*50/100 -> 0 | U114: =R114 -> 2212 | V114: =VLOOKUP(C114,'Chấm công KT'!$C$94:$AJ$155,34,0) -> 27 | W114: =VLOOKUP(C114,'Chấm công KT'!$C$94:$AK$155,35,0) -> 4 | X114: =VLOOKUP(C114,'Chấm công KT'!C115:AL155,36,0) -> 0 | AC114: =Q114 -> 58.2 | AD114: =VLOOKUP(C114,'BTH mủ tạp'!$C$17:$AL$160,36,0) -> A
A115: 23 | B115: ='Chấm công KT'!D116 -> 03609 | C115: ='Chấm công KT'!C116 -> N. Bun Đi | D115: CNKT | E115: =4/1.25 -> 3.2 | F115: =600000/25000 -> 24 | G115: 7 | H115: 24 | Q115: =SUM(E115:P115) -> 58.2 | R115: =VLOOKUP(C115,'BTH mủ tạp'!$C$99:$AI$160,33,0) -> 1530 | T115: =S115*50/100 -> 0 | U115: =R115 -> 1530 | V115: =VLOOKUP(C115,'Chấm công KT'!$C$94:$AJ$155,34,0) -> 27 | W115: =VLOOKUP(C115,'Chấm công KT'!$C$94:$AK$155,35,0) -> 4 | X115: =VLOOKUP(C115,'Chấm công KT'!C116:AL155,36,0) -> 0 | AC115: =Q115 -> 58.2 | AD115: =VLOOKUP(C115,'BTH mủ tạp'!$C$17:$AL$160,36,0) -> A
A116: 24 | B116: ='Chấm công KT'!D117 -> 03610 | C116: ='Chấm công KT'!C117 -> N. Phon | D116: CNKT | E116: =4/1.25 -> 3.2 | F116: =600000/25000 -> 24 | G116: 7 | H116: 24 | Q116: =SUM(E116:P116) -> 58.2 | R116: =VLOOKUP(C116,'BTH mủ tạp'!$C$99:$AI$160,33,0) -> 1556 | T116: =S116*50/100 -> 0 | U116: =R116 -> 1556 | V116: =VLOOKUP(C116,'Chấm công KT'!$C$94:$AJ$155,34,0) -> 27 | W116: =VLOOKUP(C116,'Chấm công KT'!$C$94:$AK$155,35,0) -> 4 | X116: =VLOOKUP(C116,'Chấm công KT'!C117:AL155,36,0) -> 0 | AC116: =Q116 -> 58.2 | AD116: =VLOOKUP(C116,'BTH mủ tạp'!$C$17:$AL$160,36,0) -> A
A117: 25 | B117: ='Chấm công KT'!D118 -> #N/A | C117: ='Chấm công KT'!C118 -> N. Bun | D117: CNKT | E117: =4/1.25 -> 3.2 | F117: =600000/25000 -> 24 | G117: 7 | H117: 24 | Q117: =SUM(E117:P117) -> 58.2 | R117: =VLOOKUP(C117,'BTH mủ tạp'!$C$99:$AI$160,33,0) -> 2106 | T117: =S117*50/100 -> 0 | U117: =R117 -> 2106 | V117: =VLOOKUP(C117,'Chấm công KT'!$C$94:$AJ$155,34,0) -> 27 | W117: =VLOOKUP(C117,'Chấm công KT'!$C$94:$AK$155,35,0) -> 4 | X117: =VLOOKUP(C117,'Chấm công KT'!C118:AL155,36,0) -> 0 | AC117: =Q117 -> 58.2 | AD117: =VLOOKUP(C117,'BTH mủ tạp'!$C$17:$AL$160,36,0) -> A
A118: 26 | B118: ='Chấm công KT'!D119 -> 03612 | C118: ='Chấm công KT'!C119 -> N. Phu Văn | D118: CNKT | E118: =4/1.25 -> 3.2 | F118: =600000/25000 -> 24 | G118: 7 | H118: 24 | Q118: =SUM(E118:P118) -> 58.2 | R118: =VLOOKUP(C118,'BTH mủ tạp'!$C$99:$AI$160,33,0) -> 2254 | T118: =S118*50/100 -> 0 | U118: =R118 -> 2254 | V118: =VLOOKUP(C118,'Chấm công KT'!$C$94:$AJ$155,34,0) -> 27 | W118: =VLOOKUP(C118,'Chấm công KT'!$C$94:$AK$155,35,0) -> 4 | X118: =VLOOKUP(C118,'Chấm công KT'!C119:AL155,36,0) -> 0 | AC118: =Q118 -> 58.2 | AD118: =VLOOKUP(C118,'BTH mủ tạp'!$C$17:$AL$160,36,0) -> A
A119: 27 | B119: ='Chấm công KT'!D120 -> 03613 | C119: ='Chấm công KT'!C120 -> N. Lỷ | D119: CNKT | E119: =4/1.25 -> 3.2 | F119: =600000/25000 -> 24 | G119: 7 | H119: 24 | Q119: =SUM(E119:P119) -> 58.2 | R119: =VLOOKUP(C119,'BTH mủ tạp'!$C$99:$AI$160,33,0) -> 201 | T119: =S119*50/100 -> 0 | U119: =R119 -> 201 | V119: =VLOOKUP(C119,'Chấm công KT'!$C$94:$AJ$155,34,0) -> 17 | W119: =VLOOKUP(C119,'Chấm công KT'!$C$94:$AK$155,35,0) -> 3 | X119: =VLOOKUP(C119,'Chấm công KT'!C120:AL155,36,0) -> 0 | AC119: =Q119 -> 58.2 | AD119: =VLOOKUP(C119,'BTH mủ tạp'!$C$17:$AL$160,36,0) -> A
A120: 28 | B120: ='Chấm công KT'!D121 -> #N/A | C120: ='Chấm công KT'!C121 -> N. Quen | D120: CNKT | E120: =4/1.25 -> 3.2 | F120: =600000/25000 -> 24 | G120: 7 | H120: 24 | Q120: =SUM(E120:P120) -> 58.2 | R120: =VLOOKUP(C120,'BTH mủ tạp'!$C$99:$AI$160,33,0) -> 1795 | T120: =S120*50/100 -> 0 | U120: =R120 -> 1795 | V120: =VLOOKUP(C120,'Chấm công KT'!$C$94:$AJ$155,34,0) -> 27 | W120: =VLOOKUP(C120,'Chấm công KT'!$C$94:$AK$155,35,0) -> 4 | X120: =VLOOKUP(C120,'Chấm công KT'!C121:AL155,36,0) -> 0 | AC120: =Q120 -> 58.2 | AD120: =VLOOKUP(C120,'BTH mủ tạp'!$C$17:$AL$160,36,0) -> A
A121: 29 | B121: ='Chấm công KT'!D122 -> 03615 | C121: ='Chấm công KT'!C122 -> T. Xi Nuôn | D121: CNKT | E121: =4/1.25 -> 3.2 | F121: =600000/25000 -> 24 | G121: 7 | H121: 24 | Q121: =SUM(E121:P121) -> 58.2 | R121: =VLOOKUP(C121,'BTH mủ tạp'!$C$99:$AI$160,33,0) -> 1206 | T121: =S121*50/100 -> 0 | U121: =R121 -> 1206 | V121: =VLOOKUP(C121,'Chấm công KT'!$C$94:$AJ$155,34,0) -> 20 | W121: =VLOOKUP(C121,'Chấm công KT'!$C$94:$AK$155,35,0) -> 1 | X121: =VLOOKUP(C121,'Chấm công KT'!C122:AL155,36,0) -> 0 | AC121: =Q121 -> 58.2 | AD121: =VLOOKUP(C121,'BTH mủ tạp'!$C$17:$AL$160,36,0) -> B
A122: 30 | B122: ='Chấm công KT'!D123 -> 03616 | C122: ='Chấm công KT'!C123 -> N. Ốc | D122: CNKT | E122: =4/1.25 -> 3.2 | F122: =600000/25000 -> 24 | G122: 7 | H122: 24 | Q122: =SUM(E122:P122) -> 58.2 | R122: =VLOOKUP(C122,'BTH mủ tạp'!$C$99:$AI$160,33,0) -> 217 | T122: =S122*50/100 -> 0 | U122: =R122 -> 217 | V122: =VLOOKUP(C122,'Chấm công KT'!$C$94:$AJ$155,34,0) -> 17 | W122: =VLOOKUP(C122,'Chấm công KT'!$C$94:$AK$155,35,0) -> 3 | X122: =VLOOKUP(C122,'Chấm công KT'!C123:AL155,36,0) -> 0 | AC122: =Q122 -> 58.2 | AD122: =VLOOKUP(C122,'BTH mủ tạp'!$C$17:$AL$160,36,0) -> A
A123: 31 | B123: ='Chấm công KT'!D124 -> 03617 | C123: ='Chấm công KT'!C124 -> T. Văn Nô | D123: CNKT | E123: =4/1.25 -> 3.2 | F123: =600000/25000 -> 24 | G123: 7 | H123: 24 | Q123: =SUM(E123:P123) -> 58.2 | R123: =VLOOKUP(C123,'BTH mủ tạp'!$C$99:$AI$160,33,0) -> 2286 | T123: =S123*50/100 -> 0 | U123: =R123 -> 2286 | V123: =VLOOKUP(C123,'Chấm công KT'!$C$94:$AJ$155,34,0) -> 27 | W123: =VLOOKUP(C123,'Chấm công KT'!$C$94:$AK$155,35,0) -> 4 | X123: =VLOOKUP(C123,'Chấm công KT'!C124:AL155,36,0) -> 0 | AC123: =Q123 -> 58.2 | AD123: =VLOOKUP(C123,'BTH mủ tạp'!$C$17:$AL$160,36,0) -> A
A124: 32 | B124: ='Chấm công KT'!D125 -> 03618 | C124: ='Chấm công KT'!C125 -> N. Văn Ta | D124: CNKT | E124: =4/1.25 -> 3.2 | F124: =600000/25000 -> 24 | G124: 7 | H124: 24 | Q124: =SUM(E124:P124) -> 58.2 | R124: =VLOOKUP(C124,'BTH mủ tạp'!$C$99:$AI$160,33,0) -> 1612 | T124: =S124*50/100 -> 0 | U124: =R124 -> 1612 | V124: =VLOOKUP(C124,'Chấm công KT'!$C$94:$AJ$155,34,0) -> 25 | W124: =VLOOKUP(C124,'Chấm công KT'!$C$94:$AK$155,35,0) -> 4 | X124: =VLOOKUP(C124,'Chấm công KT'!C125:AL155,36,0) -> 0 | AC124: =Q124 -> 58.2 | AD124: =VLOOKUP(C124,'BTH mủ tạp'!$C$17:$AL$160,36,0) -> A
...

Sheet TRẠM 1
A2: CỘNG HÒA DÂN CHỦ NHÂN DÂN LÀO
A3: Hòa Bình - Độc Lập - Dân Chủ - Thống Nhất - Thịnh Vượng
A4: -----o0o-----
A6: CÔNG TY TNHH CỔ PHẦN QUASA - GERUCO LÀO
A7: ĐỘI SẢN XUẤT SỐ 4
AA8: DRC | AB8: 0.4
A9: BẢNG LƯƠNG KHAI THÁC TRẠM 1 THÁNG 05 NĂM 2025 | AA9: Mủ tạp | AB9: ='BTH mủ tạp'!$AI$16 -> 107359
AA10: mủ QK | AB10: ='BTH mủ tạp'!$AK$16 -> 55127.007
AA11: DRC mủ dây | AB11: 0.5
C12: Tỷ giá Bath qua Kip: | E12: ='CNKT '!E11 -> 668.23 | F12: ='CNKT '!F11 -> 603.28 | Z12: =AB10/AB9 -> 0.51348287 | AA12: DRC mủ serum | AB12: 0.2
A13: STT | B13: Mã số nhân viên | C13: Họ và tên | D13: Kí nhận | E13: LƯƠNG | X13: Tổng lương | Y13: Thuế TNCN | Z13: Tiền lương còn lại
E14: Lương chăm sóc ( đơn giá 25.000 kíp/ công) | J14: Lương sản lượng | M14: Phụ cấp khai thác
E15: Ngày công | F15: Thành tiền | G15: Mủ tạp (kg) | H15: Mủ dây (kg) | I15: Mủ xirum (kg) | J15: Quy khô ( kg) | K15: Hạng kỹ thuật | L15: Thành tiền | M15: Phụ cấp ngày công bình thường | N15: Phụ cấp ngày CN thường | O15: Phụ cấp ngày công đi cạo 2 lát | P15: Phụ cấp ngày công chủ nhật cạo 2 lát | Q15: Phụ cấp tiền lương (500.000 kíp/phần) | R15: Phụ cấp ngày chủ nhật cạo gia tăng 2 miệng | S15: Phụ cấp tiền lương (500.000 kíp/phần) | T15: Phụ cấp tiền lương (10.000 kíp/phần) | U15: Phụ cấp tiền lương (30.000 kíp/phần) | W15: Thành tiền | AB15: =5.5*E12 -> 3675.265 | AC15: =265*AB15 -> 973945.23
A16: 1 | B16: ='Chấm công KT'!D13 -> 03456 | C16: =TONGHOPCONGDOI!C11 -> T. Vôn | F16: =E16*25000 -> 0 | G16: =VLOOKUP(C16,TONGHOPCONGDOI!C11:AE91,16,0) -> 776 | H16: =VLOOKUP(C16,TONGHOPCONGDOI!C11:AE91,17,0) -> 0 | J16: =$AB$10/$AB$9*G16+H16*$AB$11+I16*$AB$12 -> 398.4627 | K16: =VLOOKUP(C16,'BTH mủ tạp'!C17:AL95,36,0) -> C | L16: =ROUND((IF(K16="A",(G16*$Z$12*6.1),IF(K16="B",(G16*$Z$12*5.8),IF(K16="C",(G16*$Z$12*5.5),IF(K16="D",(G16*$Z$12*5.2),0))))*$F$12+(H16*$AB$11*$F$12*6.1)+I16*$F$12*$AB$12*6.1),0) -> 1322115 | M16: =VLOOKUP(C16,TONGHOPCONGDOI!$C$11:$AD$91,20,0) -> 23 | N16: =VLOOKUP(C16,TONGHOPCONGDOI!$C$11:$AD$91,21,0) -> 4 | O16: =VLOOKUP(C16,TONGHOPCONGDOI!$C$11:$AD$91,22,0) -> 0 | P16: =VLOOKUP(C16,TONGHOPCONGDOI!$C$11:$AD$91,23,0) -> 0 | Q16: =VLOOKUP(C16,TONGHOPCONGDOI!$C$11:$AD$91,24,0) -> 0 | R16: =VLOOKUP(C16,TONGHOPCONGDOI!$C$11:$AD$91,25,0) -> 0 | S16: =500000/25000 -> 20 | W16: =ROUND(((M16*46.1)+(N16*76.9)+(O16*92.2)+(P16*153.8)+(Q16*92.2)+(R16*153.8))*$E$12+(S16*25000)+(T16*10000)+(U16*30000),0) -> 1414072 | X16: =F16+L16+W16 -> 2736187 | Z16: =VLOOKUP(C16,'CNKT '!C16:Z93,24,0) -> 2736187 | AA16: =Z16-X16 -> 0
A17: 2 | C17: =TONGHOPCONGDOI!C12 -> T. Feng | F17: =E17*25000 -> 0 | G17: =VLOOKUP(C17,TONGHOPCONGDOI!C12:AE91,16,0) -> 654 | H17: =VLOOKUP(C17,TONGHOPCONGDOI!C12:AE91,17,0) -> 0 | J17: =$AB$10/$AB$9*G17+H17*$AB$11+I17*$AB$12 -> 335.81779 | K17: =VLOOKUP(C17,'BTH mủ tạp'!C18:AL96,36,0) -> B | L17: =ROUND((IF(K17="A",(G17*$Z$12*6.1),IF(K17="B",(G17*$Z$12*5.8),IF(K17="C",(G17*$Z$12*5.5),IF(K17="D",(G17*$Z$12*5.2),0))))*$F$12+(H17*$AB$11*$F$12*6.1)+I17*$F$12*$AB$12*6.1),0) -> 1175035 | M17: =VLOOKUP(C17,TONGHOPCONGDOI!$C$11:$AD$91,20,0) -> 23 | N17: =VLOOKUP(C17,TONGHOPCONGDOI!$C$11:$AD$91,21,0) -> 4 | O17: =VLOOKUP(C17,TONGHOPCONGDOI!$C$11:$AD$91,22,0) -> 0 | P17: =VLOOKUP(C17,TONGHOPCONGDOI!$C$11:$AD$91,23,0) -> 0 | Q17: =VLOOKUP(C17,TONGHOPCONGDOI!$C$11:$AD$91,24,0) -> 0 | R17: =VLOOKUP(C17,TONGHOPCONGDOI!$C$11:$AD$91,25,0) -> 0 | S17: =500000/25000 -> 20 | W17: =ROUND(((M17*46.1)+(N17*76.9)+(O17*92.2)+(P17*153.8)+(Q17*92.2)+(R17*153.8))*$E$12+(S17*25000)+(T17*10000)+(U17*30000),0) -> 1414072 | X17: =F17+L17+W17 -> 2589107 | Z17: =VLOOKUP(C17,'CNKT '!C17:Z94,24,0) -> 2589107 | AA17: =Z17-X17 -> 0
A18: 3 | B18: ='Chấm công KT'!D15 -> 02725 | C18: =TONGHOPCONGDOI!C13 -> T. Sa Văn | F18: =E18*25000 -> 0 | G18: =VLOOKUP(C18,TONGHOPCONGDOI!C13:AE91,16,0) -> 2011 | H18: =VLOOKUP(C18,TONGHOPCONGDOI!C13:AE91,17,0) -> 0 | J18: =$AB$10/$AB$9*G18+H18*$AB$11+I18*$AB$12 -> 1032.614 | K18: =VLOOKUP(C18,'BTH mủ tạp'!C19:AL96,36,0) -> B | L18: =ROUND((IF(K18="A",(G18*$Z$12*6.1),IF(K18="B",(G18*$Z$12*5.8),IF(K18="C",(G18*$Z$12*5.5),IF(K18="D",(G18*$Z$12*5.2),0))))*$F$12+(H18*$AB$11*$F$12*6.1)+I18*$F$12*$AB$12*6.1),0) -> 3613141 | M18: =VLOOKUP(C18,TONGHOPCONGDOI!$C$11:$AD$91,20,0) -> 26 | N18: =VLOOKUP(C18,TONGHOPCONGDOI!$C$11:$AD$91,21,0) -> 4 | O18: =VLOOKUP(C18,TONGHOPCONGDOI!$C$11:$AD$91,22,0) -> 0 | P18: =VLOOKUP(C18,TONGHOPCONGDOI!$C$11:$AD$91,23,0) -> 0 | Q18: =VLOOKUP(C18,TONGHOPCONGDOI!$C$11:$AD$91,24,0) -> 0 | R18: =VLOOKUP(C18,TONGHOPCONGDOI!$C$11:$AD$91,25,0) -> 0 | S18: =500000/25000 -> 20 | W18: =ROUND(((M18*46.1)+(N18*76.9)+(O18*92.2)+(P18*153.8)+(Q18*92.2)+(R18*153.8))*$E$12+(S18*25000)+(T18*10000)+(U18*30000),0) -> 1506488 | X18: =F18+L18+W18 -> 5119629 | Z18: =VLOOKUP(C18,'CNKT '!C18:Z95,24,0) -> 5119629 | AA18: =Z18-X18 -> 0
A19: 4 | C19: =TONGHOPCONGDOI!C14 -> Lăm Ma Thu | F19: =E19*25000 -> 0 | G19: =VLOOKUP(C19,TONGHOPCONGDOI!C14:AE91,16,0) -> 1414 | H19: =VLOOKUP(C19,TONGHOPCONGDOI!C14:AE91,17,0) -> 0 | J19: =$AB$10/$AB$9*G19+H19*$AB$11+I19*$AB$12 -> 726.06477 | K19: =VLOOKUP(C19,'BTH mủ tạp'!C20:AL96,36,0) -> B | L19: =ROUND((IF(K19="A",(G19*$Z$12*6.1),IF(K19="B",(G19*$Z$12*5.8),IF(K19="C",(G19*$Z$12*5.5),IF(K19="D",(G19*$Z$12*5.2),0))))*$F$12+(H19*$AB$11*$F$12*6.1)+I19*$F$12*$AB$12*6.1),0) -> 2540518 | M19: =VLOOKUP(C19,TONGHOPCONGDOI!$C$11:$AD$91,20,0) -> 25 | N19: =VLOOKUP(C19,TONGHOPCONGDOI!$C$11:$AD$91,21,0) -> 4 | O19: =VLOOKUP(C19,TONGHOPCONGDOI!$C$11:$AD$91,22,0) -> 0 | P19: =VLOOKUP(C19,TONGHOPCONGDOI!$C$11:$AD$91,23,0) -> 0 | Q19: =VLOOKUP(C19,TONGHOPCONGDOI!$C$11:$AD$91,24,0) -> 0 | R19: =VLOOKUP(C19,TONGHOPCONGDOI!$C$11:$AD$91,25,0) -> 0 | S19: =500000/25000 -> 20 | W19: =ROUND(((M19*46.1)+(N19*76.9)+(O19*92.2)+(P19*153.8)+(Q19*92.2)+(R19*153.8))*$E$12+(S19*25000)+(T19*10000)+(U19*30000),0) -> 1475683 | X19: =F19+L19+W19 -> 4016201 | Z19: =VLOOKUP(C19,'CNKT '!C19:Z96,24,0) -> 4016201 | AA19: =Z19-X19 -> 0
A20: 5 | B20: ='Chấm công KT'!D17 -> 03459 | C20: =TONGHOPCONGDOI!C15 -> N. Vạt | F20: =E20*25000 -> 0 | G20: =VLOOKUP(C20,TONGHOPCONGDOI!C15:AE91,16,0) -> 860 | H20: =VLOOKUP(C20,TONGHOPCONGDOI!C15:AE91,17,0) -> 0 | J20: =$AB$10/$AB$9*G20+H20*$AB$11+I20*$AB$12 -> 441.59526 | K20: =VLOOKUP(C20,'BTH mủ tạp'!C21:AL96,36,0) -> B | L20: =ROUND((IF(K20="A",(G20*$Z$12*6.1),IF(K20="B",(G20*$Z$12*5.8),IF(K20="C",(G20*$Z$12*5.5),IF(K20="D",(G20*$Z$12*5.2),0))))*$F$12+(H20*$AB$11*$F$12*6.1)+I20*$F$12*$AB$12*6.1),0) -> 1545152 | M20: =VLOOKUP(C20,TONGHOPCONGDOI!$C$11:$AD$91,20,0) -> 20 | N20: =VLOOKUP(C20,TONGHOPCONGDOI!$C$11:$AD$91,21,0) -> 3 | O20: =VLOOKUP(C20,TONGHOPCONGDOI!$C$11:$AD$91,22,0) -> 0 | P20: =VLOOKUP(C20,TONGHOPCONGDOI!$C$11:$AD$91,23,0) -> 0 | Q20: =VLOOKUP(C20,TONGHOPCONGDOI!$C$11:$AD$91,24,0) -> 0 | R20: =VLOOKUP(C20,TONGHOPCONGDOI!$C$11:$AD$91,25,0) -> 0 | W20: =ROUND(((M20*46.1)+(N20*76.9)+(O20*92.2)+(P20*153.8)+(Q20*92.2)+(R20*153.8))*$E$12+(S20*25000)+(T20*10000)+(U20*30000),0) -> 770269 | X20: =F20+L20+W20 -> 2315421 | Z20: =VLOOKUP(C20,'CNKT '!C20:Z96,24,0) -> 2315421 | AA20: =Z20-X20 -> 0
A21: 6 | C21: =TONGHOPCONGDOI!C16 -> N. Kay Son | F21: =E21*25000 -> 0 | G21: =VLOOKUP(C21,TONGHOPCONGDOI!C16:AE91,16,0) -> 1098 | H21: =VLOOKUP(C21,TONGHOPCONGDOI!C16:AE91,17,0) -> 0 | J21: =$AB$10/$AB$9*G21+H21*$AB$11+I21*$AB$12 -> 563.80419 | K21: =VLOOKUP(C21,'BTH mủ tạp'!C22:AL96,36,0) -> C | L21: =ROUND((IF(K21="A",(G21*$Z$12*6.1),IF(K21="B",(G21*$Z$12*5.8),IF(K21="C",(G21*$Z$12*5.5),IF(K21="D",(G21*$Z$12*5.2),0))))*$F$12+(H21*$AB$11*$F$12*6.1)+I21*$F$12*$AB$12*6.1),0) -> 1870725 | M21: =VLOOKUP(C21,TONGHOPCONGDOI!$C$11:$AD$91,20,0) -> 22 | N21: =VLOOKUP(C21,TONGHOPCONGDOI!$C$11:$AD$91,21,0) -> 3 | O21: =VLOOKUP(C21,TONGHOPCONGDOI!$C$11:$AD$91,22,0) -> 0 | P21: =VLOOKUP(C21,TONGHOPCONGDOI!$C$11:$AD$91,23,0) -> 0 | Q21: =VLOOKUP(C21,TONGHOPCONGDOI!$C$11:$AD$91,24,0) -> 0 | R21: =VLOOKUP(C21,TONGHOPCONGDOI!$C$11:$AD$91,25,0) -> 0 | S21: =500000/25000 -> 20 | W21: =ROUND(((M21*46.1)+(N21*76.9)+(O21*92.2)+(P21*153.8)+(Q21*92.2)+(R21*153.8))*$E$12+(S21*25000)+(T21*10000)+(U21*30000),0) -> 1331880 | X21: =F21+L21+W21 -> 3202605 | Z21: =VLOOKUP(C21,'CNKT '!C21:Z96,24,0) -> 3202605 | AA21: =Z21-X21 -> 0
A22: 7 | C22: =TONGHOPCONGDOI!C17 -> T. Đèng 1 | F22: =E22*25000 -> 0 | G22: =VLOOKUP(C22,TONGHOPCONGDOI!C17:AE91,16,0) -> 1441 | H22: =VLOOKUP(C22,TONGHOPCONGDOI!C17:AE91,17,0) -> 0 | J22: =$AB$10/$AB$9*G22+H22*$AB$11+I22*$AB$12 -> 739.92881 | K22: =VLOOKUP(C22,'BTH mủ tạp'!C23:AL96,36,0) -> A | L22: =ROUND((IF(K22="A",(G22*$Z$12*6.1),IF(K22="B",(G22*$Z$12*5.8),IF(K22="C",(G22*$Z$12*5.5),IF(K22="D",(G22*$Z$12*5.2),0))))*$F$12+(H22*$AB$11*$F$12*6.1)+I22*$F$12*$AB$12*6.1),0) -> 2722944 | M22: =VLOOKUP(C22,TONGHOPCONGDOI!$C$11:$AD$91,20,0) -> 27 | N22: =VLOOKUP(C22,TONGHOPCONGDOI!$C$11:$AD$91,21,0) -> 4 | O22: =VLOOKUP(C22,TONGHOPCONGDOI!$C$11:$AD$91,22,0) -> 0 | P22: =VLOOKUP(C22,TONGHOPCONGDOI!$C$11:$AD$91,23,0) -> 0 | Q22: =VLOOKUP(C22,TONGHOPCONGDOI!$C$11:$AD$91,24,0) -> 0 | R22: =VLOOKUP(C22,TONGHOPCONGDOI!$C$11:$AD$91,25,0) -> 0 | S22: =500000/25000 -> 20 | W22: =ROUND(((M22*46.1)+(N22*76.9)+(O22*92.2)+(P22*153.8)+(Q22*92.2)+(R22*153.8))*$E$12+(S22*25000)+(T22*10000)+(U22*30000),0) -> 1537293 | X22: =F22+L22+W22 -> 4260237 | Z22: =VLOOKUP(C22,'CNKT '!C22:Z96,24,0) -> 4260237 | AA22: =Z22-X22 -> 0
A23: 8 | B23: ='Chấm công KT'!D20 -> 03462 | C23: =TONGHOPCONGDOI!C18 -> T . Bua Ngân | F23: =E23*25000 -> 0 | G23: =VLOOKUP(C23,TONGHOPCONGDOI!C18:AE91,16,0) -> 1674 | H23: =VLOOKUP(C23,TONGHOPCONGDOI!C18:AE91,17,0) -> 0 | J23: =$AB$10/$AB$9*G23+H23*$AB$11+I23*$AB$12 -> 859.57032 | K23: =VLOOKUP(C23,'BTH mủ tạp'!C24:AL96,36,0) -> A | L23: =ROUND((IF(K23="A",(G23*$Z$12*6.1),IF(K23="B",(G23*$Z$12*5.8),IF(K23="C",(G23*$Z$12*5.5),IF(K23="D",(G23*$Z$12*5.2),0))))*$F$12+(H23*$AB$11*$F$12*6.1)+I23*$F$12*$AB$12*6.1),0) -> 3163226 | M23: =VLOOKUP(C23,TONGHOPCONGDOI!$C$11:$AD$91,20,0) -> 26 | N23: =VLOOKUP(C23,TONGHOPCONGDOI!$C$11:$AD$91,21,0) -> 3 | O23: =VLOOKUP(C23,TONGHOPCONGDOI!$C$11:$AD$91,22,0) -> 0 | P23: =VLOOKUP(C23,TONGHOPCONGDOI!$C$11:$AD$91,23,0) -> 0 | Q23: =VLOOKUP(C23,TONGHOPCONGDOI!$C$11:$AD$91,24,0) -> 0 | R23: =VLOOKUP(C23,TONGHOPCONGDOI!$C$11:$AD$91,25,0) -> 0 | S23: =500000/25000 -> 20 | W23: =ROUND(((M23*46.1)+(N23*76.9)+(O23*92.2)+(P23*153.8)+(Q23*92.2)+(R23*153.8))*$E$12+(S23*25000)+(T23*10000)+(U23*30000),0) -> 1455101 | X23: =F23+L23+W23 -> 4618327 | Z23: =VLOOKUP(C23,'CNKT '!C23:Z96,24,0) -> 4618327 | AA23: =Z23-X23 -> 0
A24: 9 | B24: ='Chấm công KT'!D21 -> 03463 | C24: =TONGHOPCONGDOI!C19 -> T Căng | F24: =E24*25000 -> 0 | G24: =VLOOKUP(C24,TONGHOPCONGDOI!C19:AE91,16,0) -> 2121 | H24: =VLOOKUP(C24,TONGHOPCONGDOI!C19:AE91,17,0) -> 0 | J24: =$AB$10/$AB$9*G24+H24*$AB$11+I24*$AB$12 -> 1089.0972 | K24: =VLOOKUP(C24,'BTH mủ tạp'!C25:AL96,36,0) -> B | L24: =ROUND((IF(K24="A",(G24*$Z$12*6.1),IF(K24="B",(G24*$Z$12*5.8),IF(K24="C",(G24*$Z$12*5.5),IF(K24="D",(G24*$Z$12*5.2),0))))*$F$12+(H24*$AB$11*$F$12*6.1)+I24*$F$12*$AB$12*6.1),0) -> 3810777 | M24: =VLOOKUP(C24,TONGHOPCONGDOI!$C$11:$AD$91,20,0) -> 27 | N24: =VLOOKUP(C24,TONGHOPCONGDOI!$C$11:$AD$91,21,0) -> 3 | O24: =VLOOKUP(C24,TONGHOPCONGDOI!$C$11:$AD$91,22,0) -> 0 | P24: =VLOOKUP(C24,TONGHOPCONGDOI!$C$11:$AD$91,23,0) -> 0 | Q24: =VLOOKUP(C24,TONGHOPCONGDOI!$C$11:$AD$91,24,0) -> 0 | R24: =VLOOKUP(C24,TONGHOPCONGDOI!$C$11:$AD$91,25,0) -> 0 | S24: =500000/25000 -> 20 | W24: =ROUND(((M24*46.1)+(N24*76.9)+(O24*92.2)+(P24*153.8)+(Q24*92.2)+(R24*153.8))*$E$12+(S24*25000)+(T24*10000)+(U24*30000),0) -> 1485907 | X24: =F24+L24+W24 -> 5296684 | Z24: =VLOOKUP(C24,'CNKT '!C24:Z96,24,0) -> 5296684 | AA24: =Z24-X24 -> 0
A25: 10 | B25: ='Chấm công KT'!D22 -> 03464 | C25: =TONGHOPCONGDOI!C20 -> N. Phôn 1 | F25: =E25*25000 -> 0 | G25: =VLOOKUP(C25,TONGHOPCONGDOI!C20:AE91,16,0) -> 2102 | H25: =VLOOKUP(C25,TONGHOPCONGDOI!C20:AE91,17,0) -> 0 | J25: =$AB$10/$AB$9*G25+H25*$AB$11+I25*$AB$12 -> 1079.341 | K25: =VLOOKUP(C25,'BTH mủ tạp'!C26:AL96,36,0) -> A | L25: =ROUND((IF(K25="A",(G25*$Z$12*6.1),IF(K25="B",(G25*$Z$12*5.8),IF(K25="C",(G25*$Z$12*5.5),IF(K25="D",(G25*$Z$12*5.2),0))))*$F$12+(H25*$AB$11*$F$12*6.1)+I25*$F$12*$AB$12*6.1),0) -> 3971983 | M25: =VLOOKUP(C25,TONGHOPCONGDOI!$C$11:$AD$91,20,0) -> 27 | N25: =VLOOKUP(C25,TONGHOPCONGDOI!$C$11:$AD$91,21,0) -> 3 | O25: =VLOOKUP(C25,TONGHOPCONGDOI!$C$11:$AD$91,22,0) -> 0 | P25: =VLOOKUP(C25,TONGHOPCONGDOI!$C$11:$AD$91,23,0) -> 0 | Q25: =VLOOKUP(C25,TONGHOPCONGDOI!$C$11:$AD$91,24,0) -> 0 | R25: =VLOOKUP(C25,TONGHOPCONGDOI!$C$11:$AD$91,25,0) -> 0 | S25: =500000/25000 -> 20 | W25: =ROUND(((M25*46.1)+(N25*76.9)+(O25*92.2)+(P25*153.8)+(Q25*92.2)+(R25*153.8))*$E$12+(S25*25000)+(T25*10000)+(U25*30000),0) -> 1485907 | X25: =F25+L25+W25 -> 5457890 | Z25: =VLOOKUP(C25,'CNKT '!C25:Z96,24,0) -> 5457890 | AA25: =Z25-X25 -> 0
A26: 11 | B26: ='Chấm công KT'!D23 -> 03465 | C26: =TONGHOPCONGDOI!C21 -> T. In Păn | F26: =E26*25000 -> 0 | G26: =VLOOKUP(C26,TONGHOPCONGDOI!C21:AE91,16,0) -> 1057 | H26: =VLOOKUP(C26,TONGHOPCONGDOI!C21:AE91,17,0) -> 0 | J26: =$AB$10/$AB$9*G26+H26*$AB$11+I26*$AB$12 -> 542.75139 | K26: =VLOOKUP(C26,'BTH mủ tạp'!C27:AL96,36,0) -> A | L26: =ROUND((IF(K26="A",(G26*$Z$12*6.1),IF(K26="B",(G26*$Z$12*5.8),IF(K26="C",(G26*$Z$12*5.5),IF(K26="D",(G26*$Z$12*5.2),0))))*$F$12+(H26*$AB$11*$F$12*6.1)+I26*$F$12*$AB$12*6.1),0) -> 1997329 | M26: =VLOOKUP(C26,TONGHOPCONGDOI!$C$11:$AD$91,20,0) -> 23 | N26: =VLOOKUP(C26,TONGHOPCONGDOI!$C$11:$AD$91,21,0) -> 4 | O26: =VLOOKUP(C26,TONGHOPCONGDOI!$C$11:$AD$91,22,0) -> 0 | P26: =VLOOKUP(C26,TONGHOPCONGDOI!$C$11:$AD$91,23,0) -> 0 | Q26: =VLOOKUP(C26,TONGHOPCONGDOI!$C$11:$AD$91,24,0) -> 0 | R26: =VLOOKUP(C26,TONGHOPCONGDOI!$C$11:$AD$91,25,0) -> 0 | S26: =500000/25000 -> 20 | W26: =ROUND(((M26*46.1)+(N26*76.9)+(O26*92.2)+(P26*153.8)+(Q26*92.2)+(R26*153.8))*$E$12+(S26*25000)+(T26*10000)+(U26*30000),0) -> 1414072 | X26: =F26+L26+W26 -> 3411401 | Z26: =VLOOKUP(C26,'CNKT '!C26:Z96,24,0) -> 3411401 | AA26: =Z26-X26 -> 0
A27: 12 | B27: ='Chấm công KT'!D24 -> 03466 | C27: =TONGHOPCONGDOI!C22 -> N. Keo | F27: =E27*25000 -> 0 | G27: =VLOOKUP(C27,TONGHOPCONGDOI!C22:AE91,16,0) -> 2025 | H27: =VLOOKUP(C27,TONGHOPCONGDOI!C22:AE91,17,0) -> 0 | J27: =$AB$10/$AB$9*G27+H27*$AB$11+I27*$AB$12 -> 1039.8028 | K27: =VLOOKUP(C27,'BTH mủ tạp'!C28:AL96,36,0) -> B | L27: =ROUND((IF(K27="A",(G27*$Z$12*6.1),IF(K27="B",(G27*$Z$12*5.8),IF(K27="C",(G27*$Z$12*5.5),IF(K27="D",(G27*$Z$12*5.2),0))))*$F$12+(H27*$AB$11*$F$12*6.1)+I27*$F$12*$AB$12*6.1),0) -> 3638295 | M27: =VLOOKUP(C27,TONGHOPCONGDOI!$C$11:$AD$91,20,0) -> 26 | N27: =VLOOKUP(C27,TONGHOPCONGDOI!$C$11:$AD$91,21,0) -> 4 | O27: =VLOOKUP(C27,TONGHOPCONGDOI!$C$11:$AD$91,22,0) -> 0 | P27: =VLOOKUP(C27,TONGHOPCONGDOI!$C$11:$AD$91,23,0) -> 0 | Q27: =VLOOKUP(C27,TONGHOPCONGDOI!$C$11:$AD$91,24,0) -> 0 | R27: =VLOOKUP(C27,TONGHOPCONGDOI!$C$11:$AD$91,25,0) -> 0 | S27: =500000/25000 -> 20 | W27: =ROUND(((M27*46.1)+(N27*76.9)+(O27*92.2)+(P27*153.8)+(Q27*92.2)+(R27*153.8))*$E$12+(S27*25000)+(T27*10000)+(U27*30000),0) -> 1506488 | X27: =F27+L27+W27 -> 5144783 | Z27: =VLOOKUP(C27,'CNKT '!C27:Z96,24,0) -> 5144783 | AA27: =Z27-X27 -> 0
A28: 13 | B28: ='Chấm công KT'!D25 -> 02727 | C28: =TONGHOPCONGDOI!C23 -> T. Thong Đon | F28: =E28*25000 -> 0 | G28: =VLOOKUP(C28,TONGHOPCONGDOI!C23:AE91,16,0) -> 1825 | H28: =VLOOKUP(C28,TONGHOPCONGDOI!C23:AE91,17,0) -> 0 | J28: =$AB$10/$AB$9*G28+H28*$AB$11+I28*$AB$12 -> 937.10623 | K28: =VLOOKUP(C28,'BTH mủ tạp'!C29:AL96,36,0) -> B | L28: =ROUND((IF(K28="A",(G28*$Z$12*6.1),IF(K28="B",(G28*$Z$12*5.8),IF(K28="C",(G28*$Z$12*5.5),IF(K28="D",(G28*$Z$12*5.2),0))))*$F$12+(H28*$AB$11*$F$12*6.1)+I28*$F$12*$AB$12*6.1),0) -> 3278957 | M28: =VLOOKUP(C28,TONGHOPCONGDOI!$C$11:$AD$91,20,0) -> 24 | N28: =VLOOKUP(C28,TONGHOPCONGDOI!$C$11:$AD$91,21,0) -> 3 | O28: =VLOOKUP(C28,TONGHOPCONGDOI!$C$11:$AD$91,22,0) -> 0 | P28: =VLOOKUP(C28,TONGHOPCONGDOI!$C$11:$AD$91,23,0) -> 0 | Q28: =VLOOKUP(C28,TONGHOPCONGDOI!$C$11:$AD$91,24,0) -> 0 | R28: =VLOOKUP(C28,TONGHOPCONGDOI!$C$11:$AD$91,25,0) -> 0 | S28: =500000/25000 -> 20 | W28: =ROUND(((M28*46.1)+(N28*76.9)+(O28*92.2)+(P28*153.8)+(Q28*92.2)+(R28*153.8))*$E$12+(S28*25000)+(T28*10000)+(U28*30000),0) -> 1393490 | X28: =F28+L28+W28 -> 4672447 | Z28: =VLOOKUP(C28,'CNKT '!C28:Z96,24,0) -> 4672447 | AA28: =Z28-X28 -> 0
A29: 14 | B29: ='Chấm công KT'!D26 -> 03467 | C29: =TONGHOPCONGDOI!C24 -> T. Hin | F29: =E29*25000 -> 0 | G29: =VLOOKUP(C29,TONGHOPCONGDOI!C24:AE91,16,0) -> 1407 | H29: =VLOOKUP(C29,TONGHOPCONGDOI!C24:AE91,17,0) -> 0 | J29: =$AB$10/$AB$9*G29+H29*$AB$11+I29*$AB$12 -> 722.47039 | K29: =VLOOKUP(C29,'BTH mủ tạp'!C30:AL96,36,0) -> A | L29: =ROUND((IF(K29="A",(G29*$Z$12*6.1),IF(K29="B",(G29*$Z$12*5.8),IF(K29="C",(G29*$Z$12*5.5),IF(K29="D",(G29*$Z$12*5.2),0))))*$F$12+(H29*$AB$11*$F$12*6.1)+I29*$F$12*$AB$12*6.1),0) -> 2658697 | M29: =VLOOKUP(C29,TONGHOPCONGDOI!$C$11:$AD$91,20,0) -> 27 | N29: =VLOOKUP(C29,TONGHOPCONGDOI!$C$11:$AD$91,21,0) -> 4 | O29: =VLOOKUP(C29,TONGHOPCONGDOI!$C$11:$AD$91,22,0) -> 0 | P29: =VLOOKUP(C29,TONGHOPCONGDOI!$C$11:$AD$91,23,0) -> 0 | Q29: =VLOOKUP(C29,TONGHOPCONGDOI!$C$11:$AD$91,24,0) -> 0 | R29: =VLOOKUP(C29,TONGHOPCONGDOI!$C$11:$AD$91,25,0) -> 0 | S29: =500000/25000 -> 20 | W29: =ROUND(((M29*46.1)+(N29*76.9)+(O29*92.2)+(P29*153.8)+(Q29*92.2)+(R29*153.8))*$E$12+(S29*25000)+(T29*10000)+(U29*30000),0) -> 1537293 | X29: =F29+L29+W29 -> 4195990 | Z29: =VLOOKUP(C29,'CNKT '!C29:Z96,24,0) -> 4195990 | AA29: =Z29-X29 -> 0
A30: 15 | C30: =TONGHOPCONGDOI!C25 -> N. Ly Phon | F30: =E30*25000 -> 0 | G30: =VLOOKUP(C30,TONGHOPCONGDOI!C25:AE91,16,0) -> 1562 | H30: =VLOOKUP(C30,TONGHOPCONGDOI!C25:AE91,17,0) -> 0 | J30: =$AB$10/$AB$9*G30+H30*$AB$11+I30*$AB$12 -> 802.06024 | K30: =VLOOKUP(C30,'BTH mủ tạp'!C31:AL96,36,0) -> A | L30: =ROUND((IF(K30="A",(G30*$Z$12*6.1),IF(K30="B",(G30*$Z$12*5.8),IF(K30="C",(G30*$Z$12*5.5),IF(K30="D",(G30*$Z$12*5.2),0))))*$F$12+(H30*$AB$11*$F$12*6.1)+I30*$F$12*$AB$12*6.1),0) -> 2951588 | M30: =VLOOKUP(C30,TONGHOPCONGDOI!$C$11:$AD$91,20,0) -> 27 | N30: =VLOOKUP(C30,TONGHOPCONGDOI!$C$11:$AD$91,21,0) -> 4 | O30: =VLOOKUP(C30,TONGHOPCONGDOI!$C$11:$AD$91,22,0) -> 0 | P30: =VLOOKUP(C30,TONGHOPCONGDOI!$C$11:$AD$91,23,0) -> 0 | Q30: =VLOOKUP(C30,TONGHOPCONGDOI!$C$11:$AD$91,24,0) -> 0 | R30: =VLOOKUP(C30,TONGHOPCONGDOI!$C$11:$AD$91,25,0) -> 0 | S30: =500000/25000 -> 20 | W30: =ROUND(((M30*46.1)+(N30*76.9)+(O30*92.2)+(P30*153.8)+(Q30*92.2)+(R30*153.8))*$E$12+(S30*25000)+(T30*10000)+(U30*30000),0) -> 1537293 | X30: =F30+L30+W30 -> 4488881 | Z30: =VLOOKUP(C30,'CNKT '!C30:Z96,24,0) -> 4488881 | AA30: =Z30-X30 -> 0
A31: 16 | B31: ='Chấm công KT'!D28 -> 03469 | C31: =TONGHOPCONGDOI!C26 -> T. Xôm Va Nít | F31: =E31*25000 -> 0 | G31: =VLOOKUP(C31,TONGHOPCONGDOI!C26:AE91,16,0) -> 1985 | H31: =VLOOKUP(C31,TONGHOPCONGDOI!C26:AE91,17,0) -> 0 | J31: =$AB$10/$AB$9*G31+H31*$AB$11+I31*$AB$12 -> 1019.2635 | K31: =VLOOKUP(C31,'BTH mủ tạp'!C32:AL96,36,0) -> A | L31: =ROUND((IF(K31="A",(G31*$Z$12*6.1),IF(K31="B",(G31*$Z$12*5.8),IF(K31="C",(G31*$Z$12*5.5),IF(K31="D",(G31*$Z$12*5.2),0))))*$F$12+(H31*$AB$11*$F$12*6.1)+I31*$F$12*$AB$12*6.1),0) -> 3750898 | M31: =VLOOKUP(C31,TONGHOPCONGDOI!$C$11:$AD$91,20,0) -> 26 | N31: =VLOOKUP(C31,TONGHOPCONGDOI!$C$11:$AD$91,21,0) -> 4 | O31: =VLOOKUP(C31,TONGHOPCONGDOI!$C$11:$AD$91,22,0) -> 0 | P31: =VLOOKUP(C31,TONGHOPCONGDOI!$C$11:$AD$91,23,0) -> 0 | Q31: =VLOOKUP(C31,TONGHOPCONGDOI!$C$11:$AD$91,24,0) -> 0 | R31: =VLOOKUP(C31,TONGHOPCONGDOI!$C$11:$AD$91,25,0) -> 0 | S31: =500000/25000 -> 20 | W31: =ROUND(((M31*46.1)+(N31*76.9)+(O31*92.2)+(P31*153.8)+(Q31*92.2)+(R31*153.8))*$E$12+(S31*25000)+(T31*10000)+(U31*30000),0) -> 1506488 | X31: =F31+L31+W31 -> 5257386 | Z31: =VLOOKUP(C31,'CNKT '!C31:Z96,24,0) -> 5257386 | AA31: =Z31-X31 -> 0
A32: 17 | B32: ='Chấm công KT'!D29 -> 03470 | C32: =TONGHOPCONGDOI!C27 -> T. Lọi | F32: =E32*25000 -> 0 | G32: =VLOOKUP(C32,TONGHOPCONGDOI!C27:AE91,16,0) -> 673 | H32: =VLOOKUP(C32,TONGHOPCONGDOI!C27:AE91,17,0) -> 0 | J32: =$AB$10/$AB$9*G32+H32*$AB$11+I32*$AB$12 -> 345.57397 | K32: =VLOOKUP(C32,'BTH mủ tạp'!C33:AL96,36,0) -> A | L32: =ROUND((IF(K32="A",(G32*$Z$12*6.1),IF(K32="B",(G32*$Z$12*5.8),IF(K32="C",(G32*$Z$12*5.5),IF(K32="D",(G32*$Z$12*5.2),0))))*$F$12+(H32*$AB$11*$F$12*6.1)+I32*$F$12*$AB$12*6.1),0) -> 1271715 | M32: =VLOOKUP(C32,TONGHOPCONGDOI!$C$11:$AD$91,20,0) -> 20 | N32: =VLOOKUP(C32,TONGHOPCONGDOI!$C$11:$AD$91,21,0) -> 3 | O32: =VLOOKUP(C32,TONGHOPCONGDOI!$C$11:$AD$91,22,0) -> 0 | P32: =VLOOKUP(C32,TONGHOPCONGDOI!$C$11:$AD$91,23,0) -> 0 | Q32: =VLOOKUP(C32,TONGHOPCONGDOI!$C$11:$AD$91,24,0) -> 0 | R32: =VLOOKUP(C32,TONGHOPCONGDOI!$C$11:$AD$91,25,0) -> 0 | S32: =500000/25000 -> 20 | W32: =ROUND(((M32*46.1)+(N32*76.9)+(O32*92.2)+(P32*153.8)+(Q32*92.2)+(R32*153.8))*$E$12+(S32*25000)+(T32*10000)+(U32*30000),0) -> 1270269 | X32: =F32+L32+W32 -> 2541984 | Z32: =VLOOKUP(C32,'CNKT '!C32:Z96,24,0) -> 2541984 | AA32: =Z32-X32 -> 0
A33: 18 | B33: ='Chấm công KT'!D30 -> 03471 | C33: =TONGHOPCONGDOI!C28 -> T. Phô Thong | F33: =E33*25000 -> 0 | G33: =VLOOKUP(C33,TONGHOPCONGDOI!C28:AE91,16,0) -> 1929 | H33: =VLOOKUP(C33,TONGHOPCONGDOI!C28:AE91,17,0) -> 0 | J33: =$AB$10/$AB$9*G33+H33*$AB$11+I33*$AB$12 -> 990.50845 | K33: =VLOOKUP(C33,'BTH mủ tạp'!C34:AL96,36,0) -> A | L33: =ROUND((IF(K33="A",(G33*$Z$12*6.1),IF(K33="B",(G33*$Z$12*5.8),IF(K33="C",(G33*$Z$12*5.5),IF(K33="D",(G33*$Z$12*5.2),0))))*$F$12+(H33*$AB$11*$F$12*6.1)+I33*$F$12*$AB$12*6.1),0) -> 3645079 | M33: =VLOOKUP(C33,TONGHOPCONGDOI!$C$11:$AD$91,20,0) -> 27 | N33: =VLOOKUP(C33,TONGHOPCONGDOI!$C$11:$AD$91,21,0) -> 4 | O33: =VLOOKUP(C33,TONGHOPCONGDOI!$C$11:$AD$91,22,0) -> 0 | P33: =VLOOKUP(C33,TONGHOPCONGDOI!$C$11:$AD$91,23,0) -> 0 | Q33: =VLOOKUP(C33,TONGHOPCONGDOI!$C$11:$AD$91,24,0) -> 0 | R33: =VLOOKUP(C33,TONGHOPCONGDOI!$C$11:$AD$91,25,0) -> 0 | S33: =500000/25000 -> 20 | W33: =ROUND(((M33*46.1)+(N33*76.9)+(O33*92.2)+(P33*153.8)+(Q33*92.2)+(R33*153.8))*$E$12+(S33*25000)+(T33*10000)+(U33*30000),0) -> 1537293 | X33: =F33+L33+W33 -> 5182372 | Z33: =VLOOKUP(C33,'CNKT '!C33:Z96,24,0) -> 5182372 | AA33: =Z33-X33 -> 0
A34: 19 | B34: ='Chấm công KT'!D31 -> 03472 | C34: =TONGHOPCONGDOI!C29 -> N. Soi | F34: =E34*25000 -> 0 | G34: =VLOOKUP(C34,TONGHOPCONGDOI!C29:AE91,16,0) -> 1261 | H34: =VLOOKUP(C34,TONGHOPCONGDOI!C29:AE91,17,0) -> 0 | J34: =$AB$10/$AB$9*G34+H34*$AB$11+I34*$AB$12 -> 647.50189 | K34: =VLOOKUP(C34,'BTH mủ tạp'!C35:AL96,36,0) -> A | L34: =ROUND((IF(K34="A",(G34*$Z$12*6.1),IF(K34="B",(G34*$Z$12*5.8),IF(K34="C",(G34*$Z$12*5.5),IF(K34="D",(G34*$Z$12*5.2),0))))*$F$12+(H34*$AB$11*$F$12*6.1)+I34*$F$12*$AB$12*6.1),0) -> 2382812 | M34: =VLOOKUP(C34,TONGHOPCONGDOI!$C$11:$AD$91,20,0) -> 27 | N34: =VLOOKUP(C34,TONGHOPCONGDOI!$C$11:$AD$91,21,0) -> 3 | O34: =VLOOKUP(C34,TONGHOPCONGDOI!$C$11:$AD$91,22,0) -> 0 | P34: =VLOOKUP(C34,TONGHOPCONGDOI!$C$11:$AD$91,23,0) -> 0 | Q34: =VLOOKUP(C34,TONGHOPCONGDOI!$C$11:$AD$91,24,0) -> 0 | R34: =VLOOKUP(C34,TONGHOPCONGDOI!$C$11:$AD$91,25,0) -> 0 | S34: =500000/25000 -> 20 | W34: =ROUND(((M34*46.1)+(N34*76.9)+(O34*92.2)+(P34*153.8)+(Q34*92.2)+(R34*153.8))*$E$12+(S34*25000)+(T34*10000)+(U34*30000),0) -> 1485907 | X34: =F34+L34+W34 -> 3868719 | Z34: =VLOOKUP(C34,'CNKT '!C34:Z96,24,0) -> 3868719 | AA34: =Z34-X34 -> 0
A35: 20 | B35: ='Chấm công KT'!D32 -> 03473 | C35: =TONGHOPCONGDOI!C30 -> N. Me Kha La | F35: =E35*25000 -> 0 | G35: =VLOOKUP(C35,TONGHOPCONGDOI!C30:AE91,16,0) -> 2186 | H35: =VLOOKUP(C35,TONGHOPCONGDOI!C30:AE91,17,0) -> 0 | J35: =$AB$10/$AB$9*G35+H35*$AB$11+I35*$AB$12 -> 1122.4735 | K35: =VLOOKUP(C35,'BTH mủ tạp'!C36:AL96,36,0) -> A | L35: =ROUND((IF(K35="A",(G35*$Z$12*6.1),IF(K35="B",(G35*$Z$12*5.8),IF(K35="C",(G35*$Z$12*5.5),IF(K35="D",(G35*$Z$12*5.2),0))))*$F$12+(H35*$AB$11*$F$12*6.1)+I35*$F$12*$AB$12*6.1),0) -> 4130712 | M35: =VLOOKUP(C35,TONGHOPCONGDOI!$C$11:$AD$91,20,0) -> 26 | N35: =VLOOKUP(C35,TONGHOPCONGDOI!$C$11:$AD$91,21,0) -> 4 | O35: =VLOOKUP(C35,TONGHOPCONGDOI!$C$11:$AD$91,22,0) -> 0 | P35: =VLOOKUP(C35,TONGHOPCONGDOI!$C$11:$AD$91,23,0) -> 0 | Q35: =VLOOKUP(C35,TONGHOPCONGDOI!$C$11:$AD$91,24,0) -> 0 | R35: =VLOOKUP(C35,TONGHOPCONGDOI!$C$11:$AD$91,25,0) -> 0 | S35: =500000/25000 -> 20 | W35: =ROUND(((M35*46.1)+(N35*76.9)+(O35*92.2)+(P35*153.8)+(Q35*92.2)+(R35*153.8))*$E$12+(S35*25000)+(T35*10000)+(U35*30000),0) -> 1506488 | X35: =F35+L35+W35 -> 5637200 | Z35: =VLOOKUP(C35,'CNKT '!C35:Z96,24,0) -> 5637200 | AA35: =Z35-X35 -> 0
A36: 21 | B36: ='Chấm công KT'!D33 -> 03474 | C36: =TONGHOPCONGDOI!C31 -> N. Mon Khăm | F36: =E36*25000 -> 0 | G36: =VLOOKUP(C36,TONGHOPCONGDOI!C31:AE91,16,0) -> 1011 | H36: =VLOOKUP(C36,TONGHOPCONGDOI!C31:AE91,17,0) -> 0 | J36: =$AB$10/$AB$9*G36+H36*$AB$11+I36*$AB$12 -> 519.13118 | K36: =VLOOKUP(C36,'BTH mủ tạp'!C37:AL96,36,0) -> A | L36: =ROUND((IF(K36="A",(G36*$Z$12*6.1),IF(K36="B",(G36*$Z$12*5.8),IF(K36="C",(G36*$Z$12*5.5),IF(K36="D",(G36*$Z$12*5.2),0))))*$F$12+(H36*$AB$11*$F$12*6.1)+I36*$F$12*$AB$12*6.1),0) -> 1910407 | M36: =VLOOKUP(C36,TONGHOPCONGDOI!$C$11:$AD$91,20,0) -> 24 | N36: =VLOOKUP(C36,TONGHOPCONGDOI!$C$11:$AD$91,21,0) -> 4 | O36: =VLOOKUP(C36,TONGHOPCONGDOI!$C$11:$AD$91,22,0) -> 0 | P36: =VLOOKUP(C36,TONGHOPCONGDOI!$C$11:$AD$91,23,0) -> 0 | Q36: =VLOOKUP(C36,TONGHOPCONGDOI!$C$11:$AD$91,24,0) -> 0 | R36: =VLOOKUP(C36,TONGHOPCONGDOI!$C$11:$AD$91,25,0) -> 0 | S36: =500000/25000 -> 20 | W36: =ROUND(((M36*46.1)+(N36*76.9)+(O36*92.2)+(P36*153.8)+(Q36*92.2)+(R36*153.8))*$E$12+(S36*25000)+(T36*10000)+(U36*30000),0) -> 1444877 | X36: =F36+L36+W36 -> 3355284 | Z36: =VLOOKUP(C36,'CNKT '!C36:Z96,24,0) -> 3355284 | AA36: =Z36-X36 -> 0
A37: 22 | C37: =TONGHOPCONGDOI!C32 -> N. Bua Lay | F37: =E37*25000 -> 0 | G37: =VLOOKUP(C37,TONGHOPCONGDOI!C32:AE91,16,0) -> 1305 | H37: =VLOOKUP(C37,TONGHOPCONGDOI!C32:AE91,17,0) -> 0 | J37: =$AB$10/$AB$9*G37+H37*$AB$11+I37*$AB$12 -> 670.09514 | K37: =VLOOKUP(C37,'BTH mủ tạp'!C38:AL96,36,0) -> B | L37: =ROUND((IF(K37="A",(G37*$Z$12*6.1),IF(K37="B",(G37*$Z$12*5.8),IF(K37="C",(G37*$Z$12*5.5),IF(K37="D",(G37*$Z$12*5.2),0))))*$F$12+(H37*$AB$11*$F$12*6.1)+I37*$F$12*$AB$12*6.1),0) -> 2344679 | M37: =VLOOKUP(C37,TONGHOPCONGDOI!$C$11:$AD$91,20,0) -> 23 | N37: =VLOOKUP(C37,TONGHOPCONGDOI!$C$11:$AD$91,21,0) -> 4 | O37: =VLOOKUP(C37,TONGHOPCONGDOI!$C$11:$AD$91,22,0) -> 0 | P37: =VLOOKUP(C37,TONGHOPCONGDOI!$C$11:$AD$91,23,0) -> 0 | Q37: =VLOOKUP(C37,TONGHOPCONGDOI!$C$11:$AD$91,24,0) -> 0 | R37: =VLOOKUP(C37,TONGHOPCONGDOI!$C$11:$AD$91,25,0) -> 0 | W37: =ROUND(((M37*46.1)+(N37*76.9)+(O37*92.2)+(P37*153.8)+(Q37*92.2)+(R37*153.8))*$E$12+(S37*25000)+(T37*10000)+(U37*30000),0) -> 914072 | X37: =F37+L37+W37 -> 3258751 | Z37: =VLOOKUP(C37,'CNKT '!C37:Z96,24,0) -> 3258751 | AA37: =Z37-X37 -> 0
A38: 23 | B38: ='Chấm công KT'!D35 -> 03476 | C38: =TONGHOPCONGDOI!C33 -> T. Bin Ly. | F38: =E38*25000 -> 0 | G38: =VLOOKUP(C38,TONGHOPCONGDOI!C33:AE91,16,0) -> 1795 | H38: =VLOOKUP(C38,TONGHOPCONGDOI!C33:AE91,17,0) -> 0 | J38: =$AB$10/$AB$9*G38+H38*$AB$11+I38*$AB$12 -> 921.70174 | K38: =VLOOKUP(C38,'BTH mủ tạp'!C39:AL96,36,0) -> A | L38: =ROUND((IF(K38="A",(G38*$Z$12*6.1),IF(K38="B",(G38*$Z$12*5.8),IF(K38="C",(G38*$Z$12*5.5),IF(K38="D",(G38*$Z$12*5.2),0))))*$F$12+(H38*$AB$11*$F$12*6.1)+I38*$F$12*$AB$12*6.1),0) -> 3391870 | M38: =VLOOKUP(C38,TONGHOPCONGDOI!$C$11:$AD$91,20,0) -> 27 | N38: =VLOOKUP(C38,TONGHOPCONGDOI!$C$11:$AD$91,21,0) -> 4 | O38: =VLOOKUP(C38,TONGHOPCONGDOI!$C$11:$AD$91,22,0) -> 0 | P38: =VLOOKUP(C38,TONGHOPCONGDOI!$C$11:$AD$91,23,0) -> 0 | Q38: =VLOOKUP(C38,TONGHOPCONGDOI!$C$11:$AD$91,24,0) -> 0 | R38: =VLOOKUP(C38,TONGHOPCONGDOI!$C$11:$AD$91,25,0) -> 0 | S38: =500000/25000 -> 20 | W38: =ROUND(((M38*46.1)+(N38*76.9)+(O38*92.2)+(P38*153.8)+(Q38*92.2)+(R38*153.8))*$E$12+(S38*25000)+(T38*10000)+(U38*30000),0) -> 1537293 | X38: =F38+L38+W38 -> 4929163 | Z38: =VLOOKUP(C38,'CNKT '!C38:Z96,24,0) -> 4929163 | AA38: =Z38-X38 -> 0
A39: 24 | B39: ='Chấm công KT'!D36 -> 03477 | C39: =TONGHOPCONGDOI!C34 -> N. Phim Phon. | F39: =E39*25000 -> 0 | G39: =VLOOKUP(C39,TONGHOPCONGDOI!C34:AE91,16,0) -> 1083 | H39: =VLOOKUP(C39,TONGHOPCONGDOI!C34:AE91,17,0) -> 0 | J39: =$AB$10/$AB$9*G39+H39*$AB$11+I39*$AB$12 -> 556.10194 | K39: =VLOOKUP(C39,'BTH mủ tạp'!C40:AL96,36,0) -> B | L39: =ROUND((IF(K39="A",(G39*$Z$12*6.1),IF(K39="B",(G39*$Z$12*5.8),IF(K39="C",(G39*$Z$12*5.5),IF(K39="D",(G39*$Z$12*5.2),0))))*$F$12+(H39*$AB$11*$F$12*6.1)+I39*$F$12*$AB$12*6.1),0) -> 1945814 | M39: =VLOOKUP(C39,TONGHOPCONGDOI!$C$11:$AD$91,20,0) -> 23 | N39: =VLOOKUP(C39,TONGHOPCONGDOI!$C$11:$AD$91,21,0) -> 3 | O39: =VLOOKUP(C39,TONGHOPCONGDOI!$C$11:$AD$91,22,0) -> 0 | P39: =VLOOKUP(C39,TONGHOPCONGDOI!$C$11:$AD$91,23,0) -> 0 | Q39: =VLOOKUP(C39,TONGHOPCONGDOI!$C$11:$AD$91,24,0) -> 0 | R39: =VLOOKUP(C39,TONGHOPCONGDOI!$C$11:$AD$91,25,0) -> 0 | S39: =500000/25000 -> 20 | W39: =ROUND(((M39*46.1)+(N39*76.9)+(O39*92.2)+(P39*153.8)+(Q39*92.2)+(R39*153.8))*$E$12+(S39*25000)+(T39*10000)+(U39*30000),0) -> 1362685 | X39: =F39+L39+W39 -> 3308499 | Z39: =VLOOKUP(C39,'CNKT '!C39:Z96,24,0) -> 3308499 | AA39: =Z39-X39 -> 0
A40: 25 | B40: ='Chấm công KT'!D37 -> 03478 | C40: =TONGHOPCONGDOI!C35 -> N. Nong | F40: =E40*25000 -> 0 | G40: =VLOOKUP(C40,TONGHOPCONGDOI!C35:AE91,16,0) -> 1798 | H40: =VLOOKUP(C40,TONGHOPCONGDOI!C35:AE91,17,0) -> 0 | J40: =$AB$10/$AB$9*G40+H40*$AB$11+I40*$AB$12 -> 923.24219 | K40: =VLOOKUP(C40,'BTH mủ tạp'!C41:AL96,36,0) -> A | L40: =ROUND((IF(K40="A",(G40*$Z$12*6.1),IF(K40="B",(G40*$Z$12*5.8),IF(K40="C",(G40*$Z$12*5.5),IF(K40="D",(G40*$Z$12*5.2),0))))*$F$12+(H40*$AB$11*$F$12*6.1)+I40*$F$12*$AB$12*6.1),0) -> 3397539 | M40: =VLOOKUP(C40,TONGHOPCONGDOI!$C$11:$AD$91,20,0) -> 27 | N40: =VLOOKUP(C40,TONGHOPCONGDOI!$C$11:$AD$91,21,0) -> 3 | O40: =VLOOKUP(C40,TONGHOPCONGDOI!$C$11:$AD$91,22,0) -> 0 | P40: =VLOOKUP(C40,TONGHOPCONGDOI!$C$11:$AD$91,23,0) -> 0 | Q40: =VLOOKUP(C40,TONGHOPCONGDOI!$C$11:$AD$91,24,0) -> 0 | R40: =VLOOKUP(C40,TONGHOPCONGDOI!$C$11:$AD$91,25,0) -> 0 | S40: =500000/25000 -> 20 | W40: =ROUND(((M40*46.1)+(N40*76.9)+(O40*92.2)+(P40*153.8)+(Q40*92.2)+(R40*153.8))*$E$12+(S40*25000)+(T40*10000)+(U40*30000),0) -> 1485907 | X40: =F40+L40+W40 -> 4883446 | Z40: =VLOOKUP(C40,'CNKT '!C40:Z96,24,0) -> 4883446 | AA40: =Z40-X40 -> 0
A41: 26 | B41: ='Chấm công KT'!D38 -> 03479 | C41: =TONGHOPCONGDOI!C36 -> N. Tun 1 | F41: =E41*25000 -> 0 | G41: =VLOOKUP(C41,TONGHOPCONGDOI!C36:AE91,16,0) -> 1356 | H41: =VLOOKUP(C41,TONGHOPCONGDOI!C36:AE91,17,0) -> 0 | J41: =$AB$10/$AB$9*G41+H41*$AB$11+I41*$AB$12 -> 696.28277 | K41: =VLOOKUP(C41,'BTH mủ tạp'!C42:AL96,36,0) -> A | L41: =ROUND((IF(K41="A",(G41*$Z$12*6.1),IF(K41="B",(G41*$Z$12*5.8),IF(K41="C",(G41*$Z$12*5.5),IF(K41="D",(G41*$Z$12*5.2),0))))*$F$12+(H41*$AB$11*$F$12*6.1)+I41*$F$12*$AB$12*6.1),0) -> 2562326 | M41: =VLOOKUP(C41,TONGHOPCONGDOI!$C$11:$AD$91,20,0) -> 26 | N41: =VLOOKUP(C41,TONGHOPCONGDOI!$C$11:$AD$91,21,0) -> 4 | O41: =VLOOKUP(C41,TONGHOPCONGDOI!$C$11:$AD$91,22,0) -> 0 | P41: =VLOOKUP(C41,TONGHOPCONGDOI!$C$11:$AD$91,23,0) -> 0 | Q41: =VLOOKUP(C41,TONGHOPCONGDOI!$C$11:$AD$91,24,0) -> 0 | R41: =VLOOKUP(C41,TONGHOPCONGDOI!$C$11:$AD$91,25,0) -> 0 | S41: =500000/25000 -> 20 | W41: =ROUND(((M41*46.1)+(N41*76.9)+(O41*92.2)+(P41*153.8)+(Q41*92.2)+(R41*153.8))*$E$12+(S41*25000)+(T41*10000)+(U41*30000),0) -> 1506488 | X41: =F41+L41+W41 -> 4068814 | Z41: =VLOOKUP(C41,'CNKT '!C41:Z96,24,0) -> 4068814 | AA41: =Z41-X41 -> 0
A42: 27 | B42: ='Chấm công KT'!D39 -> 03480 | C42: =TONGHOPCONGDOI!C37 -> T . Lốc | F42: =E42*25000 -> 0 | G42: =VLOOKUP(C42,TONGHOPCONGDOI!C37:AE91,16,0) -> 1357 | H42: =VLOOKUP(C42,TONGHOPCONGDOI!C37:AE91,17,0) -> 0 | J42: =$AB$10/$AB$9*G42+H42*$AB$11+I42*$AB$12 -> 696.79625 | K42: =VLOOKUP(C42,'BTH mủ tạp'!C43:AL96,36,0) -> B | L42: =ROUND((IF(K42="A",(G42*$Z$12*6.1),IF(K42="B",(G42*$Z$12*5.8),IF(K42="C",(G42*$Z$12*5.5),IF(K42="D",(G42*$Z$12*5.2),0))))*$F$12+(H42*$AB$11*$F$12*6.1)+I42*$F$12*$AB$12*6.1),0) -> 2438107 | M42: =VLOOKUP(C42,TONGHOPCONGDOI!$C$11:$AD$91,20,0) -> 26 | N42: =VLOOKUP(C42,TONGHOPCONGDOI!$C$11:$AD$91,21,0) -> 4 | O42: =VLOOKUP(C42,TONGHOPCONGDOI!$C$11:$AD$91,22,0) -> 0 | P42: =VLOOKUP(C42,TONGHOPCONGDOI!$C$11:$AD$91,23,0) -> 0 | Q42: =VLOOKUP(C42,TONGHOPCONGDOI!$C$11:$AD$91,24,0) -> 0 | R42: =VLOOKUP(C42,TONGHOPCONGDOI!$C$11:$AD$91,25,0) -> 0 | S42: =500000/25000 -> 20 | W42: =ROUND(((M42*46.1)+(N42*76.9)+(O42*92.2)+(P42*153.8)+(Q42*92.2)+(R42*153.8))*$E$12+(S42*25000)+(T42*10000)+(U42*30000),0) -> 1506488 | X42: =F42+L42+W42 -> 3944595 | Z42: =VLOOKUP(C42,'CNKT '!C42:Z96,24,0) -> 3944595 | AA42: =Z42-X42 -> 0
A43: 28 | B43: ='Chấm công KT'!D40 -> 03481 | C43: =TONGHOPCONGDOI!C38 -> N . Khâm (1) | F43: =E43*25000 -> 0 | G43: =VLOOKUP(C43,TONGHOPCONGDOI!C38:AE91,16,0) -> 1772 | H43: =VLOOKUP(C43,TONGHOPCONGDOI!C38:AE91,17,0) -> 0 | J43: =$AB$10/$AB$9*G43+H43*$AB$11+I43*$AB$12 -> 909.89164 | K43: =VLOOKUP(C43,'BTH mủ tạp'!C44:AL96,36,0) -> A | L43: =ROUND((IF(K43="A",(G43*$Z$12*6.1),IF(K43="B",(G43*$Z$12*5.8),IF(K43="C",(G43*$Z$12*5.5),IF(K43="D",(G43*$Z$12*5.2),0))))*$F$12+(H43*$AB$11*$F$12*6.1)+I43*$F$12*$AB$12*6.1),0) -> 3348409 | M43: =VLOOKUP(C43,TONGHOPCONGDOI!$C$11:$AD$91,20,0) -> 24 | N43: =VLOOKUP(C43,TONGHOPCONGDOI!$C$11:$AD$91,21,0) -> 4 | O43: =VLOOKUP(C43,TONGHOPCONGDOI!$C$11:$AD$91,22,0) -> 0 | P43: =VLOOKUP(C43,TONGHOPCONGDOI!$C$11:$AD$91,23,0) -> 0 | Q43: =VLOOKUP(C43,TONGHOPCONGDOI!$C$11:$AD$91,24,0) -> 0 | R43: =VLOOKUP(C43,TONGHOPCONGDOI!$C$11:$AD$91,25,0) -> 0 | S43: =500000/25000 -> 20 | W43: =ROUND(((M43*46.1)+(N43*76.9)+(O43*92.2)+(P43*153.8)+(Q43*92.2)+(R43*153.8))*$E$12+(S43*25000)+(T43*10000)+(U43*30000),0) -> 1444877 | X43: =F43+L43+W43 -> 4793286 | Z43: =VLOOKUP(C43,'CNKT '!C43:Z96,24,0) -> 4793286 | AA43: =Z43-X43 -> 0
A44: 29 | B44: ='Chấm công KT'!D41 -> 03482 | C44: =TONGHOPCONGDOI!C39 -> T . Phết | F44: =E44*25000 -> 0 | G44: =VLOOKUP(C44,TONGHOPCONGDOI!C39:AE91,16,0) -> 1753 | H44: =VLOOKUP(C44,TONGHOPCONGDOI!C39:AE91,17,0) -> 0 | J44: =$AB$10/$AB$9*G44+H44*$AB$11+I44*$AB$12 -> 900.13546 | K44: =VLOOKUP(C44,'BTH mủ tạp'!C45:AL96,36,0) -> A | L44: =ROUND((IF(K44="A",(G44*$Z$12*6.1),IF(K44="B",(G44*$Z$12*5.8),IF(K44="C",(G44*$Z$12*5.5),IF(K44="D",(G44*$Z$12*5.2),0))))*$F$12+(H44*$AB$11*$F$12*6.1)+I44*$F$12*$AB$12*6.1),0) -> 3312506 | M44: =VLOOKUP(C44,TONGHOPCONGDOI!$C$11:$AD$91,20,0) -> 24 | N44: =VLOOKUP(C44,TONGHOPCONGDOI!$C$11:$AD$91,21,0) -> 4 | O44: =VLOOKUP(C44,TONGHOPCONGDOI!$C$11:$AD$91,22,0) -> 0 | P44: =VLOOKUP(C44,TONGHOPCONGDOI!$C$11:$AD$91,23,0) -> 0 | Q44: =VLOOKUP(C44,TONGHOPCONGDOI!$C$11:$AD$91,24,0) -> 0 | R44: =VLOOKUP(C44,TONGHOPCONGDOI!$C$11:$AD$91,25,0) -> 0 | S44: =500000/25000 -> 20 | W44: =ROUND(((M44*46.1)+(N44*76.9)+(O44*92.2)+(P44*153.8)+(Q44*92.2)+(R44*153.8))*$E$12+(S44*25000)+(T44*10000)+(U44*30000),0) -> 1444877 | X44: =F44+L44+W44 -> 4757383 | Z44: =VLOOKUP(C44,'CNKT '!C44:Z96,24,0) -> 4757383 | AA44: =Z44-X44 -> 0
A45: 30 | B45: ='Chấm công KT'!D42 -> 03483 | C45: =TONGHOPCONGDOI!C40 -> T. Viêng Sa Văn | F45: =E45*25000 -> 0 | G45: =VLOOKUP(C45,TONGHOPCONGDOI!C40:AE91,16,0) -> 2002 | H45: =VLOOKUP(C45,TONGHOPCONGDOI!C40:AE91,17,0) -> 0 | J45: =$AB$10/$AB$9*G45+H45*$AB$11+I45*$AB$12 -> 1027.9927 | K45: =VLOOKUP(C45,'BTH mủ tạp'!C46:AL96,36,0) -> A | L45: =ROUND((IF(K45="A",(G45*$Z$12*6.1),IF(K45="B",(G45*$Z$12*5.8),IF(K45="C",(G45*$Z$12*5.5),IF(K45="D",(G45*$Z$12*5.2),0))))*$F$12+(H45*$AB$11*$F$12*6.1)+I45*$F$12*$AB$12*6.1),0) -> 3783021 | M45: =VLOOKUP(C45,TONGHOPCONGDOI!$C$11:$AD$91,20,0) -> 25 | N45: =VLOOKUP(C45,TONGHOPCONGDOI!$C$11:$AD$91,21,0) -> 4 | O45: =VLOOKUP(C45,TONGHOPCONGDOI!$C$11:$AD$91,22,0) -> 0 | P45: =VLOOKUP(C45,TONGHOPCONGDOI!$C$11:$AD$91,23,0) -> 0 | Q45: =VLOOKUP(C45,TONGHOPCONGDOI!$C$11:$AD$91,24,0) -> 0 | R45: =VLOOKUP(C45,TONGHOPCONGDOI!$C$11:$AD$91,25,0) -> 0 | S45: =500000/25000 -> 20 | W45: =ROUND(((M45*46.1)+(N45*76.9)+(O45*92.2)+(P45*153.8)+(Q45*92.2)+(R45*153.8))*$E$12+(S45*25000)+(T45*10000)+(U45*30000),0) -> 1475683 | X45: =F45+L45+W45 -> 5258704 | Z45: =VLOOKUP(C45,'CNKT '!C45:Z96,24,0) -> 5258704 | AA45: =Z45-X45 -> 0
A46: 31 | B46: ='Chấm công KT'!D43 -> 03484 | C46: =TONGHOPCONGDOI!C41 -> T. Ca Te | F46: =E46*25000 -> 0 | G46: =VLOOKUP(C46,TONGHOPCONGDOI!C41:AE91,16,0) -> 1866 | H46: =VLOOKUP(C46,TONGHOPCONGDOI!C41:AE91,17,0) -> 0 | J46: =$AB$10/$AB$9*G46+H46*$AB$11+I46*$AB$12 -> 958.15903 | K46: =VLOOKUP(C46,'BTH mủ tạp'!C47:AL96,36,0) -> B | L46: =ROUND((IF(K46="A",(G46*$Z$12*6.1),IF(K46="B",(G46*$Z$12*5.8),IF(K46="C",(G46*$Z$12*5.5),IF(K46="D",(G46*$Z$12*5.2),0))))*$F$12+(H46*$AB$11*$F$12*6.1)+I46*$F$12*$AB$12*6.1),0) -> 3352621 | M46: =VLOOKUP(C46,TONGHOPCONGDOI!$C$11:$AD$91,20,0) -> 27 | N46: =VLOOKUP(C46,TONGHOPCONGDOI!$C$11:$AD$91,21,0) -> 3 | O46: =VLOOKUP(C46,TONGHOPCONGDOI!$C$11:$AD$91,22,0) -> 0 | P46: =VLOOKUP(C46,TONGHOPCONGDOI!$C$11:$AD$91,23,0) -> 0 | Q46: =VLOOKUP(C46,TONGHOPCONGDOI!$C$11:$AD$91,24,0) -> 0 | R46: =VLOOKUP(C46,TONGHOPCONGDOI!$C$11:$AD$91,25,0) -> 0 | S46: =500000/25000 -> 20 | W46: =ROUND(((M46*46.1)+(N46*76.9)+(O46*92.2)+(P46*153.8)+(Q46*92.2)+(R46*153.8))*$E$12+(S46*25000)+(T46*10000)+(U46*30000),0) -> 1485907 | X46: =F46+L46+W46 -> 4838528 | Z46: =VLOOKUP(C46,'CNKT '!C46:Z96,24,0) -> 4838528 | AA46: =Z46-X46 -> 0
A47: 32 | B47: ='Chấm công KT'!D44 -> 03485 | C47: =TONGHOPCONGDOI!C42 -> T. Lâm Phon | F47: =E47*25000 -> 0 | G47: =VLOOKUP(C47,TONGHOPCONGDOI!C42:AE91,16,0) -> 1402 | H47: =VLOOKUP(C47,TONGHOPCONGDOI!C42:AE91,17,0) -> 0 | J47: =$AB$10/$AB$9*G47+H47*$AB$11+I47*$AB$12 -> 719.90298 | K47: =VLOOKUP(C47,'BTH mủ tạp'!C48:AL96,36,0) -> A | L47: =ROUND((IF(K47="A",(G47*$Z$12*6.1),IF(K47="B",(G47*$Z$12*5.8),IF(K47="C",(G47*$Z$12*5.5),IF(K47="D",(G47*$Z$12*5.2),0))))*$F$12+(H47*$AB$11*$F$12*6.1)+I47*$F$12*$AB$12*6.1),0) -> 2649249 | M47: =VLOOKUP(C47,TONGHOPCONGDOI!$C$11:$AD$91,20,0) -> 26 | N47: =VLOOKUP(C47,TONGHOPCONGDOI!$C$11:$AD$91,21,0) -> 4 | O47: =VLOOKUP(C47,TONGHOPCONGDOI!$C$11:$AD$91,22,0) -> 0 | P47: =VLOOKUP(C47,TONGHOPCONGDOI!$C$11:$AD$91,23,0) -> 0 | Q47: =VLOOKUP(C47,TONGHOPCONGDOI!$C$11:$AD$91,24,0) -> 0 | R47: =VLOOKUP(C47,TONGHOPCONGDOI!$C$11:$AD$91,25,0) -> 0 | S47: =500000/25000 -> 20 | W47: =ROUND(((M47*46.1)+(N47*76.9)+(O47*92.2)+(P47*153.8)+(Q47*92.2)+(R47*153.8))*$E$12+(S47*25000)+(T47*10000)+(U47*30000),0) -> 1506488 | X47: =F47+L47+W47 -> 4155737 | Z47: =VLOOKUP(C47,'CNKT '!C47:Z96,24,0) -> 4155737 | AA47: =Z47-X47 -> 0
A48: 33 | B48: ='Chấm công KT'!D45 -> 02712 | C48: =TONGHOPCONGDOI!C43 -> T. Sô Đa | F48: =E48*25000 -> 0 | G48: =VLOOKUP(C48,TONGHOPCONGDOI!C43:AE91,16,0) -> 1867 | H48: =VLOOKUP(C48,TONGHOPCONGDOI!C43:AE91,17,0) -> 0 | J48: =$AB$10/$AB$9*G48+H48*$AB$11+I48*$AB$12 -> 958.67251 | K48: =VLOOKUP(C48,'BTH mủ tạp'!C49:AL96,36,0) -> A | L48: =ROUND((IF(K48="A",(G48*$Z$12*6.1),IF(K48="B",(G48*$Z$12*5.8),IF(K48="C",(G48*$Z$12*5.5),IF(K48="D",(G48*$Z$12*5.2),0))))*$F$12+(H48*$AB$11*$F$12*6.1)+I48*$F$12*$AB$12*6.1),0) -> 3527923 | M48: =VLOOKUP(C48,TONGHOPCONGDOI!$C$11:$AD$91,20,0) -> 26 | N48: =VLOOKUP(C48,TONGHOPCONGDOI!$C$11:$AD$91,21,0) -> 3 | O48: =VLOOKUP(C48,TONGHOPCONGDOI!$C$11:$AD$91,22,0) -> 0 | P48: =VLOOKUP(C48,TONGHOPCONGDOI!$C$11:$AD$91,23,0) -> 0 | Q48: =VLOOKUP(C48,TONGHOPCONGDOI!$C$11:$AD$91,24,0) -> 0 | R48: =VLOOKUP(C48,TONGHOPCONGDOI!$C$11:$AD$91,25,0) -> 0 | S48: =500000/25000 -> 20 | W48: =ROUND(((M48*46.1)+(N48*76.9)+(O48*92.2)+(P48*153.8)+(Q48*92.2)+(R48*153.8))*$E$12+(S48*25000)+(T48*10000)+(U48*30000),0) -> 1455101 | X48: =F48+L48+W48 -> 4983024 | Z48: =VLOOKUP(C48,'CNKT '!C48:Z96,24,0) -> 4983024 | AA48: =Z48-X48 -> 0
A49: 34 | B49: ='Chấm công KT'!D46 -> 02722 | C49: =TONGHOPCONGDOI!C44 -> T. Phu Ngân | F49: =E49*25000 -> 0 | G49: =VLOOKUP(C49,TONGHOPCONGDOI!C44:AE91,16,0) -> 2221 | H49: =VLOOKUP(C49,TONGHOPCONGDOI!C44:AE91,17,0) -> 0 | J49: =$AB$10/$AB$9*G49+H49*$AB$11+I49*$AB$12 -> 1140.4454 | K49: =VLOOKUP(C49,'BTH mủ tạp'!C50:AL96,36,0) -> A | L49: =ROUND((IF(K49="A",(G49*$Z$12*6.1),IF(K49="B",(G49*$Z$12*5.8),IF(K49="C",(G49*$Z$12*5.5),IF(K49="D",(G49*$Z$12*5.2),0))))*$F$12+(H49*$AB$11*$F$12*6.1)+I49*$F$12*$AB$12*6.1),0) -> 4196848 | M49: =VLOOKUP(C49,TONGHOPCONGDOI!$C$11:$AD$91,20,0) -> 26 | N49: =VLOOKUP(C49,TONGHOPCONGDOI!$C$11:$AD$91,21,0) -> 4 | O49: =VLOOKUP(C49,TONGHOPCONGDOI!$C$11:$AD$91,22,0) -> 0 | P49: =VLOOKUP(C49,TONGHOPCONGDOI!$C$11:$AD$91,23,0) -> 0 | Q49: =VLOOKUP(C49,TONGHOPCONGDOI!$C$11:$AD$91,24,0) -> 0 | R49: =VLOOKUP(C49,TONGHOPCONGDOI!$C$11:$AD$91,25,0) -> 0 | S49: =500000/25000 -> 20 | W49: =ROUND(((M49*46.1)+(N49*76.9)+(O49*92.2)+(P49*153.8)+(Q49*92.2)+(R49*153.8))*$E$12+(S49*25000)+(T49*10000)+(U49*30000),0) -> 1506488 | X49: =F49+L49+W49 -> 5703336 | Z49: =VLOOKUP(C49,'CNKT '!C49:Z96,24,0) -> 5703336 | AA49: =Z49-X49 -> 0
A50: 35 | B50: ='Chấm công KT'!D47 -> 02714 | C50: =TONGHOPCONGDOI!C45 -> N. Tủn | F50: =E50*25000 -> 0 | G50: =VLOOKUP(C50,TONGHOPCONGDOI!C45:AE91,16,0) -> 1435 | H50: =VLOOKUP(C50,TONGHOPCONGDOI!C45:AE91,17,0) -> 0 | J50: =$AB$10/$AB$9*G50+H50*$AB$11+I50*$AB$12 -> 736.84791 | K50: =VLOOKUP(C50,'BTH mủ tạp'!C51:AL96,36,0) -> A | L50: =ROUND((IF(K50="A",(G50*$Z$12*6.1),IF(K50="B",(G50*$Z$12*5.8),IF(K50="C",(G50*$Z$12*5.5),IF(K50="D",(G50*$Z$12*5.2),0))))*$F$12+(H50*$AB$11*$F$12*6.1)+I50*$F$12*$AB$12*6.1),0) -> 2711606 | M50: =VLOOKUP(C50,TONGHOPCONGDOI!$C$11:$AD$91,20,0) -> 27 | N50: =VLOOKUP(C50,TONGHOPCONGDOI!$C$11:$AD$91,21,0) -> 4 | O50: =VLOOKUP(C50,TONGHOPCONGDOI!$C$11:$AD$91,22,0) -> 0 | P50: =VLOOKUP(C50,TONGHOPCONGDOI!$C$11:$AD$91,23,0) -> 0 | Q50: =VLOOKUP(C50,TONGHOPCONGDOI!$C$11:$AD$91,24,0) -> 0 | R50: =VLOOKUP(C50,TONGHOPCONGDOI!$C$11:$AD$91,25,0) -> 0 | S50: =500000/25000 -> 20 | W50: =ROUND(((M50*46.1)+(N50*76.9)+(O50*92.2)+(P50*153.8)+(Q50*92.2)+(R50*153.8))*$E$12+(S50*25000)+(T50*10000)+(U50*30000),0) -> 1537293 | X50: =F50+L50+W50 -> 4248899 | Z50: =VLOOKUP(C50,'CNKT '!C50:Z96,24,0) -> 4248899 | AA50: =Z50-X50 -> 0
A51: 36 | B51: ='Chấm công KT'!D48 -> 02713 | C51: =TONGHOPCONGDOI!C46 -> T. Lung | F51: =E51*25000 -> 0 | G51: =VLOOKUP(C51,TONGHOPCONGDOI!C46:AE91,16,0) -> 1422 | H51: =VLOOKUP(C51,TONGHOPCONGDOI!C46:AE91,17,0) -> 0 | J51: =$AB$10/$AB$9*G51+H51*$AB$11+I51*$AB$12 -> 730.17264 | K51: =VLOOKUP(C51,'BTH mủ tạp'!C52:AL96,36,0) -> A | L51: =ROUND((IF(K51="A",(G51*$Z$12*6.1),IF(K51="B",(G51*$Z$12*5.8),IF(K51="C",(G51*$Z$12*5.5),IF(K51="D",(G51*$Z$12*5.2),0))))*$F$12+(H51*$AB$11*$F$12*6.1)+I51*$F$12*$AB$12*6.1),0) -> 2687041 | M51: =VLOOKUP(C51,TONGHOPCONGDOI!$C$11:$AD$91,20,0) -> 27 | N51: =VLOOKUP(C51,TONGHOPCONGDOI!$C$11:$AD$91,21,0) -> 4 | O51: =VLOOKUP(C51,TONGHOPCONGDOI!$C$11:$AD$91,22,0) -> 0 | P51: =VLOOKUP(C51,TONGHOPCONGDOI!$C$11:$AD$91,23,0) -> 0 | Q51: =VLOOKUP(C51,TONGHOPCONGDOI!$C$11:$AD$91,24,0) -> 0 | R51: =VLOOKUP(C51,TONGHOPCONGDOI!$C$11:$AD$91,25,0) -> 0 | S51: =500000/25000 -> 20 | W51: =ROUND(((M51*46.1)+(N51*76.9)+(O51*92.2)+(P51*153.8)+(Q51*92.2)+(R51*153.8))*$E$12+(S51*25000)+(T51*10000)+(U51*30000),0) -> 1537293 | X51: =F51+L51+W51 -> 4224334 | Z51: =VLOOKUP(C51,'CNKT '!C51:Z96,24,0) -> 4224334 | AA51: =Z51-X51 -> 0
A52: 37 | B52: ='Chấm công KT'!D49 -> #N/A | C52: =TONGHOPCONGDOI!C47 -> T. Bi Ly (2) | F52: =E52*25000 -> 0 | G52: =VLOOKUP(C52,TONGHOPCONGDOI!C47:AE91,16,0) -> 1581 | H52: =VLOOKUP(C52,TONGHOPCONGDOI!C47:AE91,17,0) -> 0 | J52: =$AB$10/$AB$9*G52+H52*$AB$11+I52*$AB$12 -> 811.81641 | K52: =VLOOKUP(C52,'BTH mủ tạp'!C53:AL96,36,0) -> A | L52: =ROUND((IF(K52="A",(G52*$Z$12*6.1),IF(K52="B",(G52*$Z$12*5.8),IF(K52="C",(G52*$Z$12*5.5),IF(K52="D",(G52*$Z$12*5.2),0))))*$F$12+(H52*$AB$11*$F$12*6.1)+I52*$F$12*$AB$12*6.1),0) -> 2987491 | M52: =VLOOKUP(C52,TONGHOPCONGDOI!$C$11:$AD$91,20,0) -> 27 | N52: =VLOOKUP(C52,TONGHOPCONGDOI!$C$11:$AD$91,21,0) -> 4 | O52: =VLOOKUP(C52,TONGHOPCONGDOI!$C$11:$AD$91,22,0) -> 0 | P52: =VLOOKUP(C52,TONGHOPCONGDOI!$C$11:$AD$91,23,0) -> 0 | Q52: =VLOOKUP(C52,TONGHOPCONGDOI!$C$11:$AD$91,24,0) -> 0 | R52: =VLOOKUP(C52,TONGHOPCONGDOI!$C$11:$AD$91,25,0) -> 0 | S52: =500000/25000 -> 20 | W52: =ROUND(((M52*46.1)+(N52*76.9)+(O52*92.2)+(P52*153.8)+(Q52*92.2)+(R52*153.8))*$E$12+(S52*25000)+(T52*10000)+(U52*30000),0) -> 1537293 | X52: =F52+L52+W52 -> 4524784 | Z52: =VLOOKUP(C52,'CNKT '!C52:Z96,24,0) -> 4524784 | AA52: =Z52-X52 -> 0
A53: 38 | B53: ='Chấm công KT'!D50 -> 03487 | C53: =TONGHOPCONGDOI!C48 -> N. Ba Say | F53: =E53*25000 -> 0 | G53: =VLOOKUP(C53,TONGHOPCONGDOI!C48:AE91,16,0) -> 884 | H53: =VLOOKUP(C53,TONGHOPCONGDOI!C48:AE91,17,0) -> 0 | J53: =$AB$10/$AB$9*G53+H53*$AB$11+I53*$AB$12 -> 453.91885 | K53: =VLOOKUP(C53,'BTH mủ tạp'!C54:AL96,36,0) -> B | L53: =ROUND((IF(K53="A",(G53*$Z$12*6.1),IF(K53="B",(G53*$Z$12*5.8),IF(K53="C",(G53*$Z$12*5.5),IF(K53="D",(G53*$Z$12*5.2),0))))*$F$12+(H53*$AB$11*$F$12*6.1)+I53*$F$12*$AB$12*6.1),0) -> 1588273 | M53: =VLOOKUP(C53,TONGHOPCONGDOI!$C$11:$AD$91,20,0) -> 22 | N53: =VLOOKUP(C53,TONGHOPCONGDOI!$C$11:$AD$91,21,0) -> 3 | O53: =VLOOKUP(C53,TONGHOPCONGDOI!$C$11:$AD$91,22,0) -> 0 | P53: =VLOOKUP(C53,TONGHOPCONGDOI!$C$11:$AD$91,23,0) -> 0 | Q53: =VLOOKUP(C53,TONGHOPCONGDOI!$C$11:$AD$91,24,0) -> 0 | R53: =VLOOKUP(C53,TONGHOPCONGDOI!$C$11:$AD$91,25,0) -> 0 | W53: =ROUND(((M53*46.1)+(N53*76.9)+(O53*92.2)+(P53*153.8)+(Q53*92.2)+(R53*153.8))*$E$12+(S53*25000)+(T53*10000)+(U53*30000),0) -> 831880 | X53: =F53+L53+W53 -> 2420153 | Z53: =VLOOKUP(C53,'CNKT '!C53:Z96,24,0) -> 2420153 | AA53: =Z53-X53 -> 0
A54: 39 | B54: ='Chấm công KT'!D51 -> 03488 | C54: =TONGHOPCONGDOI!C49 -> N. Đeng | F54: =E54*25000 -> 0 | G54: =VLOOKUP(C54,TONGHOPCONGDOI!C49:AE91,16,0) -> 1897 | H54: =VLOOKUP(C54,TONGHOPCONGDOI!C49:AE91,17,0) -> 0 | J54: =$AB$10/$AB$9*G54+H54*$AB$11+I54*$AB$12 -> 974.077 | K54: =VLOOKUP(C54,'BTH mủ tạp'!C55:AL96,36,0) -> A | L54: =ROUND((IF(K54="A",(G54*$Z$12*6.1),IF(K54="B",(G54*$Z$12*5.8),IF(K54="C",(G54*$Z$12*5.5),IF(K54="D",(G54*$Z$12*5.2),0))))*$F$12+(H54*$AB$11*$F$12*6.1)+I54*$F$12*$AB$12*6.1),0) -> 3584611 | M54: =VLOOKUP(C54,TONGHOPCONGDOI!$C$11:$AD$91,20,0) -> 27 | N54: =VLOOKUP(C54,TONGHOPCONGDOI!$C$11:$AD$91,21,0) -> 4 | O54: =VLOOKUP(C54,TONGHOPCONGDOI!$C$11:$AD$91,22,0) -> 0 | P54: =VLOOKUP(C54,TONGHOPCONGDOI!$C$11:$AD$91,23,0) -> 0 | Q54: =VLOOKUP(C54,TONGHOPCONGDOI!$C$11:$AD$91,24,0) -> 0 | R54: =VLOOKUP(C54,TONGHOPCONGDOI!$C$11:$AD$91,25,0) -> 0 | S54: =500000/25000 -> 20 | W54: =ROUND(((M54*46.1)+(N54*76.9)+(O54*92.2)+(P54*153.8)+(Q54*92.2)+(R54*153.8))*$E$12+(S54*25000)+(T54*10000)+(U54*30000),0) -> 1537293 | X54: =F54+L54+W54 -> 5121904 | Z54: =VLOOKUP(C54,'CNKT '!C54:Z96,24,0) -> 5121904 | AA54: =Z54-X54 -> 0
A55: 40 | B55: ='Chấm công KT'!D52 -> 03489 | C55: =TONGHOPCONGDOI!C50 -> T. Tinh | F55: =E55*25000 -> 0 | G55: =VLOOKUP(C55,TONGHOPCONGDOI!C50:AE91,16,0) -> 912 | H55: =VLOOKUP(C55,TONGHOPCONGDOI!C50:AE91,17,0) -> 0 | J55: =$AB$10/$AB$9*G55+H55*$AB$11+I55*$AB$12 -> 468.29637 | K55: =VLOOKUP(C55,'BTH mủ tạp'!C56:AL96,36,0) -> B | L55: =ROUND((IF(K55="A",(G55*$Z$12*6.1),IF(K55="B",(G55*$Z$12*5.8),IF(K55="C",(G55*$Z$12*5.5),IF(K55="D",(G55*$Z$12*5.2),0))))*$F$12+(H55*$AB$11*$F$12*6.1)+I55*$F$12*$AB$12*6.1),0) -> 1638580 | M55: =VLOOKUP(C55,TONGHOPCONGDOI!$C$11:$AD$91,20,0) -> 23 | N55: =VLOOKUP(C55,TONGHOPCONGDOI!$C$11:$AD$91,21,0) -> 3 | O55: =VLOOKUP(C55,TONGHOPCONGDOI!$C$11:$AD$91,22,0) -> 0 | P55: =VLOOKUP(C55,TONGHOPCONGDOI!$C$11:$AD$91,23,0) -> 0 | Q55: =VLOOKUP(C55,TONGHOPCONGDOI!$C$11:$AD$91,24,0) -> 0 | R55: =VLOOKUP(C55,TONGHOPCONGDOI!$C$11:$AD$91,25,0) -> 0 | S55: =500000/25000 -> 20 | W55: =ROUND(((M55*46.1)+(N55*76.9)+(O55*92.2)+(P55*153.8)+(Q55*92.2)+(R55*153.8))*$E$12+(S55*25000)+(T55*10000)+(U55*30000),0) -> 1362685 | X55: =F55+L55+W55 -> 3001265 | Z55: =VLOOKUP(C55,'CNKT '!C55:Z96,24,0) -> 3001265 | AA55: =Z55-X55 -> 0
A56: 41 | B56: ='Chấm công KT'!D53 -> 0 | C56: =TONGHOPCONGDOI!C51 -> T. Khăm Pỏi | F56: =E56*25000 -> 0 | G56: =VLOOKUP(C56,TONGHOPCONGDOI!C51:AE91,16,0) -> 1578 | H56: =VLOOKUP(C56,TONGHOPCONGDOI!C51:AE91,17,0) -> 0 | J56: =$AB$10/$AB$9*G56+H56*$AB$11+I56*$AB$12 -> 810.27596 | K56: =VLOOKUP(C56,'BTH mủ tạp'!C57:AL96,36,0) -> A | L56: =ROUND((IF(K56="A",(G56*$Z$12*6.1),IF(K56="B",(G56*$Z$12*5.8),IF(K56="C",(G56*$Z$12*5.5),IF(K56="D",(G56*$Z$12*5.2),0))))*$F$12+(H56*$AB$11*$F$12*6.1)+I56*$F$12*$AB$12*6.1),0) -> 2981822 | M56: =VLOOKUP(C56,TONGHOPCONGDOI!$C$11:$AD$91,20,0) -> 27 | N56: =VLOOKUP(C56,TONGHOPCONGDOI!$C$11:$AD$91,21,0) -> 4 | O56: =VLOOKUP(C56,TONGHOPCONGDOI!$C$11:$AD$91,22,0) -> 0 | P56: =VLOOKUP(C56,TONGHOPCONGDOI!$C$11:$AD$91,23,0) -> 0 | Q56: =VLOOKUP(C56,TONGHOPCONGDOI!$C$11:$AD$91,24,0) -> 0 | R56: =VLOOKUP(C56,TONGHOPCONGDOI!$C$11:$AD$91,25,0) -> 0 | S56: =500000/25000 -> 20 | W56: =ROUND(((M56*46.1)+(N56*76.9)+(O56*92.2)+(P56*153.8)+(Q56*92.2)+(R56*153.8))*$E$12+(S56*25000)+(T56*10000)+(U56*30000),0) -> 1537293 | X56: =F56+L56+W56 -> 4519115 | Z56: =VLOOKUP(C56,'CNKT '!C56:Z96,24,0) -> 4519115 | AA56: =Z56-X56 -> 0
A57: 42 | B57: ='Chấm công KT'!D54 -> 03491 | C57: =TONGHOPCONGDOI!C52 -> Lăm Ngân | F57: =E57*25000 -> 0 | G57: =VLOOKUP(C57,TONGHOPCONGDOI!C52:AE91,16,0) -> 1904 | H57: =VLOOKUP(C57,TONGHOPCONGDOI!C52:AE91,17,0) -> 0 | J57: =$AB$10/$AB$9*G57+H57*$AB$11+I57*$AB$12 -> 977.67138 | K57: =VLOOKUP(C57,'BTH mủ tạp'!C58:AL96,36,0) -> A | L57: =ROUND((IF(K57="A",(G57*$Z$12*6.1),IF(K57="B",(G57*$Z$12*5.8),IF(K57="C",(G57*$Z$12*5.5),IF(K57="D",(G57*$Z$12*5.2),0))))*$F$12+(H57*$AB$11*$F$12*6.1)+I57*$F$12*$AB$12*6.1),0) -> 3597838 | M57: =VLOOKUP(C57,TONGHOPCONGDOI!$C$11:$AD$91,20,0) -> 27 | N57: =VLOOKUP(C57,TONGHOPCONGDOI!$C$11:$AD$91,21,0) -> 4 | O57: =VLOOKUP(C57,TONGHOPCONGDOI!$C$11:$AD$91,22,0) -> 0 | P57: =VLOOKUP(C57,TONGHOPCONGDOI!$C$11:$AD$91,23,0) -> 0 | Q57: =VLOOKUP(C57,TONGHOPCONGDOI!$C$11:$AD$91,24,0) -> 0 | R57: =VLOOKUP(C57,TONGHOPCONGDOI!$C$11:$AD$91,25,0) -> 0 | S57: =500000/25000 -> 20 | W57: =ROUND(((M57*46.1)+(N57*76.9)+(O57*92.2)+(P57*153.8)+(Q57*92.2)+(R57*153.8))*$E$12+(S57*25000)+(T57*10000)+(U57*30000),0) -> 1537293 | X57: =F57+L57+W57 -> 5135131 | Z57: =VLOOKUP(C57,'CNKT '!C57:Z96,24,0) -> 5135131 | AA57: =Z57-X57 -> 0
A58: 43 | C58: =TONGHOPCONGDOI!C53 -> T. Không | F58: =E58*25000 -> 0 | G58: =VLOOKUP(C58,TONGHOPCONGDOI!C53:AE91,16,0) -> 1847 | H58: =VLOOKUP(C58,TONGHOPCONGDOI!C53:AE91,17,0) -> 0 | J58: =$AB$10/$AB$9*G58+H58*$AB$11+I58*$AB$12 -> 948.40285 | K58: =VLOOKUP(C58,'BTH mủ tạp'!C59:AL96,36,0) -> B | L58: =ROUND((IF(K58="A",(G58*$Z$12*6.1),IF(K58="B",(G58*$Z$12*5.8),IF(K58="C",(G58*$Z$12*5.5),IF(K58="D",(G58*$Z$12*5.2),0))))*$F$12+(H58*$AB$11*$F$12*6.1)+I58*$F$12*$AB$12*6.1),0) -> 3318484 | M58: =VLOOKUP(C58,TONGHOPCONGDOI!$C$11:$AD$91,20,0) -> 27 | N58: =VLOOKUP(C58,TONGHOPCONGDOI!$C$11:$AD$91,21,0) -> 4 | O58: =VLOOKUP(C58,TONGHOPCONGDOI!$C$11:$AD$91,22,0) -> 0 | P58: =VLOOKUP(C58,TONGHOPCONGDOI!$C$11:$AD$91,23,0) -> 0 | Q58: =VLOOKUP(C58,TONGHOPCONGDOI!$C$11:$AD$91,24,0) -> 0 | R58: =VLOOKUP(C58,TONGHOPCONGDOI!$C$11:$AD$91,25,0) -> 0 | S58: =500000/25000 -> 20 | W58: =ROUND(((M58*46.1)+(N58*76.9)+(O58*92.2)+(P58*153.8)+(Q58*92.2)+(R58*153.8))*$E$12+(S58*25000)+(T58*10000)+(U58*30000),0) -> 1537293 | X58: =F58+L58+W58 -> 4855777 | Z58: =VLOOKUP(C58,'CNKT '!C58:Z96,24,0) -> 4855777 | AA58: =Z58-X58 -> 0
A59: 44 | B59: ='Chấm công KT'!D56 -> 03492 | C59: =TONGHOPCONGDOI!C54 -> T. Lem | F59: =E59*25000 -> 0 | G59: =VLOOKUP(C59,TONGHOPCONGDOI!C54:AE91,16,0) -> 1332 | H59: =VLOOKUP(C59,TONGHOPCONGDOI!C54:AE91,17,0) -> 0 | J59: =$AB$10/$AB$9*G59+H59*$AB$11+I59*$AB$12 -> 683.95918 | K59: =VLOOKUP(C59,'BTH mủ tạp'!C60:AL96,36,0) -> A | L59: =ROUND((IF(K59="A",(G59*$Z$12*6.1),IF(K59="B",(G59*$Z$12*5.8),IF(K59="C",(G59*$Z$12*5.5),IF(K59="D",(G59*$Z$12*5.2),0))))*$F$12+(H59*$AB$11*$F$12*6.1)+I59*$F$12*$AB$12*6.1),0) -> 2516975 | M59: =VLOOKUP(C59,TONGHOPCONGDOI!$C$11:$AD$91,20,0) -> 25 | N59: =VLOOKUP(C59,TONGHOPCONGDOI!$C$11:$AD$91,21,0) -> 4 | O59: =VLOOKUP(C59,TONGHOPCONGDOI!$C$11:$AD$91,22,0) -> 0 | P59: =VLOOKUP(C59,TONGHOPCONGDOI!$C$11:$AD$91,23,0) -> 0 | Q59: =VLOOKUP(C59,TONGHOPCONGDOI!$C$11:$AD$91,24,0) -> 0 | R59: =VLOOKUP(C59,TONGHOPCONGDOI!$C$11:$AD$91,25,0) -> 0 | S59: =500000/25000 -> 20 | W59: =ROUND(((M59*46.1)+(N59*76.9)+(O59*92.2)+(P59*153.8)+(Q59*92.2)+(R59*153.8))*$E$12+(S59*25000)+(T59*10000)+(U59*30000),0) -> 1475683 | X59: =F59+L59+W59 -> 3992658 | Z59: =VLOOKUP(C59,'CNKT '!C59:Z96,24,0) -> 3992658 | AA59: =Z59-X59 -> 0
A60: 45 | B60: ='Chấm công KT'!D57 -> 03493 | C60: =TONGHOPCONGDOI!C55 -> T. Pông | F60: =E60*25000 -> 0 | G60: =VLOOKUP(C60,TONGHOPCONGDOI!C55:AE91,16,0) -> 2263 | H60: =VLOOKUP(C60,TONGHOPCONGDOI!C55:AE91,17,0) -> 0 | J60: =$AB$10/$AB$9*G60+H60*$AB$11+I60*$AB$12 -> 1162.0117 | K60: =VLOOKUP(C60,'BTH mủ tạp'!C61:AL96,36,0) -> A | L60: =ROUND((IF(K60="A",(G60*$Z$12*6.1),IF(K60="B",(G60*$Z$12*5.8),IF(K60="C",(G60*$Z$12*5.5),IF(K60="D",(G60*$Z$12*5.2),0))))*$F$12+(H60*$AB$11*$F$12*6.1)+I60*$F$12*$AB$12*6.1),0) -> 4276212 | M60: =VLOOKUP(C60,TONGHOPCONGDOI!$C$11:$AD$91,20,0) -> 26 | N60: =VLOOKUP(C60,TONGHOPCONGDOI!$C$11:$AD$91,21,0) -> 4 | O60: =VLOOKUP(C60,TONGHOPCONGDOI!$C$11:$AD$91,22,0) -> 0 | P60: =VLOOKUP(C60,TONGHOPCONGDOI!$C$11:$AD$91,23,0) -> 0 | Q60: =VLOOKUP(C60,TONGHOPCONGDOI!$C$11:$AD$91,24,0) -> 0 | R60: =VLOOKUP(C60,TONGHOPCONGDOI!$C$11:$AD$91,25,0) -> 0 | S60: =500000/25000 -> 20 | W60: =ROUND(((M60*46.1)+(N60*76.9)+(O60*92.2)+(P60*153.8)+(Q60*92.2)+(R60*153.8))*$E$12+(S60*25000)+(T60*10000)+(U60*30000),0) -> 1506488 | X60: =F60+L60+W60 -> 5782700 | Z60: =VLOOKUP(C60,'CNKT '!C60:Z96,24,0) -> 5782700 | AA60: =Z60-X60 -> 0
A61: 46 | B61: ='Chấm công KT'!D58 -> 03496 | C61: =TONGHOPCONGDOI!C56 -> T. Lốp | F61: =E61*25000 -> 0 | G61: =VLOOKUP(C61,TONGHOPCONGDOI!C56:AE91,16,0) -> 2111 | H61: =VLOOKUP(C61,TONGHOPCONGDOI!C56:AE91,17,0) -> 0 | J61: =$AB$10/$AB$9*G61+H61*$AB$11+I61*$AB$12 -> 1083.9623 | K61: =VLOOKUP(C61,'BTH mủ tạp'!C62:AL96,36,0) -> B | L61: =ROUND((IF(K61="A",(G61*$Z$12*6.1),IF(K61="B",(G61*$Z$12*5.8),IF(K61="C",(G61*$Z$12*5.5),IF(K61="D",(G61*$Z$12*5.2),0))))*$F$12+(H61*$AB$11*$F$12*6.1)+I61*$F$12*$AB$12*6.1),0) -> 3792810 | M61: =VLOOKUP(C61,TONGHOPCONGDOI!$C$11:$AD$91,20,0) -> 24 | N61: =VLOOKUP(C61,TONGHOPCONGDOI!$C$11:$AD$91,21,0) -> 4 | O61: =VLOOKUP(C61,TONGHOPCONGDOI!$C$11:$AD$91,22,0) -> 0 | P61: =VLOOKUP(C61,TONGHOPCONGDOI!$C$11:$AD$91,23,0) -> 0 | Q61: =VLOOKUP(C61,TONGHOPCONGDOI!$C$11:$AD$91,24,0) -> 0 | R61: =VLOOKUP(C61,TONGHOPCONGDOI!$C$11:$AD$91,25,0) -> 0 | S61: =500000/25000 -> 20 | W61: =ROUND(((M61*46.1)+(N61*76.9)+(O61*92.2)+(P61*153.8)+(Q61*92.2)+(R61*153.8))*$E$12+(S61*25000)+(T61*10000)+(U61*30000),0) -> 1444877 | X61: =F61+L61+W61 -> 5237687 | Z61: =VLOOKUP(C61,'CNKT '!C61:Z96,24,0) -> 5237687 | AA61: =Z61-X61 -> 0
A62: 47 | B62: ='Chấm công KT'!D59 -> #N/A | C62: =TONGHOPCONGDOI!C57 -> N. Nu Ni | F62: =E62*25000 -> 0 | G62: =VLOOKUP(C62,TONGHOPCONGDOI!C57:AE91,16,0) -> 2148 | H62: =VLOOKUP(C62,TONGHOPCONGDOI!C57:AE91,17,0) -> 0 | J62: =$AB$10/$AB$9*G62+H62*$AB$11+I62*$AB$12 -> 1102.9612 | K62: =VLOOKUP(C62,'BTH mủ tạp'!C63:AL96,36,0) -> B | L62: =ROUND((IF(K62="A",(G62*$Z$12*6.1),IF(K62="B",(G62*$Z$12*5.8),IF(K62="C",(G62*$Z$12*5.5),IF(K62="D",(G62*$Z$12*5.2),0))))*$F$12+(H62*$AB$11*$F$12*6.1)+I62*$F$12*$AB$12*6.1),0) -> 3859288 | M62: =VLOOKUP(C62,TONGHOPCONGDOI!$C$11:$AD$91,20,0) -> 24 | N62: =VLOOKUP(C62,TONGHOPCONGDOI!$C$11:$AD$91,21,0) -> 4 | O62: =VLOOKUP(C62,TONGHOPCONGDOI!$C$11:$AD$91,22,0) -> 0 | P62: =VLOOKUP(C62,TONGHOPCONGDOI!$C$11:$AD$91,23,0) -> 0 | Q62: =VLOOKUP(C62,TONGHOPCONGDOI!$C$11:$AD$91,24,0) -> 0 | R62: =VLOOKUP(C62,TONGHOPCONGDOI!$C$11:$AD$91,25,0) -> 0 | S62: =500000/25000 -> 20 | W62: =ROUND(((M62*46.1)+(N62*76.9)+(O62*92.2)+(P62*153.8)+(Q62*92.2)+(R62*153.8))*$E$12+(S62*25000)+(T62*10000)+(U62*30000),0) -> 1444877 | X62: =F62+L62+W62 -> 5304165 | Z62: =VLOOKUP(C62,'CNKT '!C62:Z96,24,0) -> 5304165 | AA62: =Z62-X62 -> 0
A63: 48 | B63: ='Chấm công KT'!D60 -> 03494 | C63: =TONGHOPCONGDOI!C58 -> T. Đi | F63: =E63*25000 -> 0 | G63: =VLOOKUP(C63,TONGHOPCONGDOI!C58:AE91,16,0) -> 1454 | H63: =VLOOKUP(C63,TONGHOPCONGDOI!C58:AE91,17,0) -> 0 | J63: =$AB$10/$AB$9*G63+H63*$AB$11+I63*$AB$12 -> 746.60409 | K63: =VLOOKUP(C63,'BTH mủ tạp'!C64:AL96,36,0) -> C | L63: =ROUND((IF(K63="A",(G63*$Z$12*6.1),IF(K63="B",(G63*$Z$12*5.8),IF(K63="C",(G63*$Z$12*5.5),IF(K63="D",(G63*$Z$12*5.2),0))))*$F$12+(H63*$AB$11*$F$12*6.1)+I63*$F$12*$AB$12*6.1),0) -> 2477262 | M63: =VLOOKUP(C63,TONGHOPCONGDOI!$C$11:$AD$91,20,0) -> 25 | N63: =VLOOKUP(C63,TONGHOPCONGDOI!$C$11:$AD$91,21,0) -> 4 | O63: =VLOOKUP(C63,TONGHOPCONGDOI!$C$11:$AD$91,22,0) -> 0 | P63: =VLOOKUP(C63,TONGHOPCONGDOI!$C$11:$AD$91,23,0) -> 0 | Q63: =VLOOKUP(C63,TONGHOPCONGDOI!$C$11:$AD$91,24,0) -> 0 | R63: =VLOOKUP(C63,TONGHOPCONGDOI!$C$11:$AD$91,25,0) -> 0 | S63: =500000/25000 -> 20 | W63: =ROUND(((M63*46.1)+(N63*76.9)+(O63*92.2)+(P63*153.8)+(Q63*92.2)+(R63*153.8))*$E$12+(S63*25000)+(T63*10000)+(U63*30000),0) -> 1475683 | X63: =F63+L63+W63 -> 3952945 | Z63: =VLOOKUP(C63,'CNKT '!C63:Z96,24,0) -> 3952945 | AA63: =Z63-X63 -> 0
A64: 49 | B64: ='Chấm công KT'!D61 -> 03495 | C64: =TONGHOPCONGDOI!C59 -> N. On Xi | F64: =E64*25000 -> 0 | G64: =VLOOKUP(C64,TONGHOPCONGDOI!C59:AE91,16,0) -> 666 | H64: =VLOOKUP(C64,TONGHOPCONGDOI!C59:AE91,17,0) -> 0 | J64: =$AB$10/$AB$9*G64+H64*$AB$11+I64*$AB$12 -> 341.97959 | K64: =VLOOKUP(C64,'BTH mủ tạp'!C65:AL96,36,0) -> A | L64: =ROUND((IF(K64="A",(G64*$Z$12*6.1),IF(K64="B",(G64*$Z$12*5.8),IF(K64="C",(G64*$Z$12*5.5),IF(K64="D",(G64*$Z$12*5.2),0))))*$F$12+(H64*$AB$11*$F$12*6.1)+I64*$F$12*$AB$12*6.1),0) -> 1258488 | M64: =VLOOKUP(C64,TONGHOPCONGDOI!$C$11:$AD$91,20,0) -> 22 | N64: =VLOOKUP(C64,TONGHOPCONGDOI!$C$11:$AD$91,21,0) -> 4 | O64: =VLOOKUP(C64,TONGHOPCONGDOI!$C$11:$AD$91,22,0) -> 0 | P64: =VLOOKUP(C64,TONGHOPCONGDOI!$C$11:$AD$91,23,0) -> 0 | Q64: =VLOOKUP(C64,TONGHOPCONGDOI!$C$11:$AD$91,24,0) -> 0 | R64: =VLOOKUP(C64,TONGHOPCONGDOI!$C$11:$AD$91,25,0) -> 0 | S64: =500000/25000 -> 20 | W64: =ROUND(((M64*46.1)+(N64*76.9)+(O64*92.2)+(P64*153.8)+(Q64*92.2)+(R64*153.8))*$E$12+(S64*25000)+(T64*10000)+(U64*30000),0) -> 1383266 | X64: =F64+L64+W64 -> 2641754 | Z64: =VLOOKUP(C64,'CNKT '!C64:Z96,24,0) -> 2641754 | AA64: =Z64-X64 -> 0
