Workbook

Sheet thưởng 300
A1: CỘNG HÒA DÂN CHỦ NHÂN DÂN LÀO
A2: Hòa Bình - Độc Lập - Dân Chủ - Thống Nhất - Thịnh Vượng
A3: -----oOo-----
A5: CÔNG TY TNHH CỔ PHẦN QUASA - GERUCO LÀO
A6: ĐƠN VỊ: NÔNG TRƯỜNG 1
A8: BẢNG THANH TOÁN PHỤ CẤP TRANG BỊ VẬT TƯ - XÃ MIỆNG CẠO CHO CÔNG NHÂN KHAI THÁC
A10: STT | C10: Mã số nhân viên | E10: Tên công nhân | F10: Chức vụ | G10: Thành tiền(kíp) | H10: Kí Nhận | I10: Ghi chú
A11: ĐỘI 1 | G11: =SUM(G12:G54) -> 21500000
A12: 1 | B12: 1 | E12: Bôn | F12: CNKT | G12: 500000 | I12: =E12 -> Bôn
A13: 2 | B13: 2 | E13: E | F13: CNKT | G13: 500000 | I13: =E13 -> E
A14: 3 | B14: 3 | E14: Khương (3) | F14: CNKT | G14: 500000 | I14: =E14 -> Khương (3)
A15: 4 | B15: 4 | E15: Nít Ni Lanh | F15: CNKT | G15: 500000 | I15: =E15 -> Nít Ni Lanh
A16: 5 | B16: 5 | E16: Khăm Đeng | F16: CNKT | G16: 500000 | I16: =E16 -> Khăm Đeng
A17: 6 | B17: 6 | E17: Nàng Năt | F17: CNKT | G17: 500000 | I17: =E17 -> Nàng Năt
A18: 7 | B18: 7 | E18: Xay (3) | F18: CNKT | G18: 500000 | I18: =E18 -> Xay (3)
A19: 8 | B19: 8 | E19: Xôn | F19: CNKT | G19: 500000 | I19: =E19 -> Xôn
A20: 9 | B20: 9 | E20: Phum Hom | F20: CNKT | G20: 500000 | I20: =E20 -> Phum Hom
A21: 10 | B21: 10 | E21: Pa Lay | F21: CNKT | G21: 500000 | I21: =E21 -> Pa Lay
A22: 11 | B22: 11 | E22: Măm | F22: CNKT | G22: 500000 | I22: =E22 -> Măm
A23: 12 | B23: 12 | E23: Muôi | F23: CNKT | G23: 500000 | I23: =E23 -> Muôi
... A54: 43 | B54: 43 | E54: Me Son | F54: CNKT | G54: 500000 | I54: =E54 -> Me Son
A55: ĐỘI 2 | G55: =SUM(G56:G112) -> 28500000
A56: 44 | B56: 1 | E56: Bôn | F56: CNKT | G56: 500000 | I56: =E56 -> Bôn
A57: 45 | B57: 2 | E57: E | F57: CNKT | G57: 500000 | I57: =E57 -> E
A58: 46 | B58: 3 | E58: Khương (3) | F58: CNKT | G58: 500000 | I58: =E58 -> Khương (3)
A59: 47 | B59: 4 | E59: Nít Ni Lanh | F59: CNKT | G59: 500000 | I59: =E59 -> Nít Ni Lanh
A60: 48 | B60: 5 | E60: Khăm Đeng | F60: CNKT | G60: 500000 | I60: =E60 -> Khăm Đeng
A61: 49 | B61: 6 | E61: Nàng Năt | F61: CNKT | G61: 500000 | I61: =E61 -> Nàng Năt
A62: 50 | B62: 7 | E62: Xay (3) | F62: CNKT | G62: 500000 | I62: =E62 -> Xay (3)
A63: 51 | B63: 8 | E63: Xôn | F63: CNKT | G63: 500000 | I63: =E63 -> Xôn
A64: 52 | B64: 9 | E64: Phum Hom | F64: CNKT | G64: 500000 | I64: =E64 -> Phum Hom
A65: 53 | B65: 10 | E65: Pa Lay | F65: CNKT | G65: 500000 | I65: =E65 -> Pa Lay
A66: 54 | B66: 11 | E66: Măm | F66: CNKT | G66: 500000 | I66: =E66 -> Măm
A67: 55 | B67: 12 | E67: Muôi | F67: CNKT | G67: 500000 | I67: =E67 -> Muôi
... A99: 87 | B99: 44 | E99: Nít | F99: CNKT | G99: 500000 | I99: =E99 -> Nít
A100: 88 | B100: 45 | E100: Nui | F100: CNKT | G100: 500000 | I100: =E100 -> Nui | Q100: =760.5-48.5 -> 712
A101: 89 | B101: 46 | E101: Đuông Chăn | F101: CNKT | G101: 500000 | I101: =E101 -> Đuông Chăn | Q101: =+Q100*30 -> 21360
A102: 90 | B102: 47 | E102: Đăm (3) | F102: CNKT | G102: 500000 | I102: =E102 -> Đăm (3)
A103: 91 | B103: 48 | E103: Hăm Nọi A | F103: CNKT | G103: 500000 | I103: =E103 -> Hăm Nọi A
A104: 92 | B104: 49 | E104: Hip | F104: CNKT | G104: 500000 | I104: =E104 -> Hip
A105: 93 | B105: 50 | E105: Hăm Noi B | F105: CNKT | G105: 500000 | I105: =E105 -> Hăm Noi B
A106: 94 | B106: 51 | E106: Tụp | F106: CNKT | G106: 500000 | I106: =E106 -> Tụp
A107: 95 | B107: 52 | E107: S Ting | F107: CNKT | G107: 500000 | I107: =E107 -> S Ting
A108: 96 | B108: 53 | E108: Tom | F108: CNKT | G108: 500000 | I108: =E108 -> Tom
A109: 97 | B109: 54 | E109: Nang Py | F109: CNKT | G109: 500000 | I109: =E109 -> Nang Py
A110: 98 | B110: 55 | E110: Ô | F110: CNKT | G110: 500000 | I110: =E110 -> Ô
A111: 99 | B111: 56 | E111: Văn Thong | F111: CNKT | G111: 500000 | I111: =E111 -> Văn Thong
A112: 100 | B112: 57 | E112: Va | F112: CNKT | G112: 500000 | I112: =E112 -> Va
A113: ĐỘI 3 | G113: =SUM(G114:G199) -> 43000000
A114: 101 | B114: 1 | E114: Bôn | F114: CNKT | G114: 500000 | I114: =E114 -> Bôn
A115: 102 | B115: 2 | E115: E | F115: CNKT | G115: 500000 | I115: =E115 -> E
A116: 103 | B116: 3 | E116: Khương (3) | F116: CNKT | G116: 500000 | I116: =E116 -> Khương (3)
A117: 104 | B117: 4 | E117: Nít Ni Lanh | F117: CNKT | G117: 500000 | I117: =E117 -> Nít Ni Lanh
A118: 105 | B118: 5 | E118: Khăm Đeng | F118: CNKT | G118: 500000 | I118: =E118 -> Khăm Đeng
A119: 106 | B119: 6 | E119: Nàng Năt | F119: CNKT | G119: 500000 | I119: =E119 -> Nàng Năt
A120: 107 | B120: 7 | E120: Xay (3) | F120: CNKT | G120: 500000 | I120: =E120 -> Xay (3)
A121: 108 | B121: 8 | E121: Xôn | F121: CNKT | G121: 500000 | I121: =E121 -> Xôn
A122: 109 | B122: 9 | E122: Phum Hom | F122: CNKT | G122: 500000 | I122: =E122 -> Phum Hom
A123: 110 | B123: 10 | E123: Pa Lay | F123: CNKT | G123: 500000 | I123: =E123 -> Pa Lay
A124: 111 | B124: 11 | E124: Măm | F124: CNKT | G124: 500000 | I124: =E124 -> Măm
A125: 112 | B125: 12 | E125: Muôi | F125: CNKT | G125: 500000 | I125: =E125 -> Muôi
... A157: 144 | B157: 44 | E157: Nít | F157: CNKT | G157: 500000 | I157: =E157 -> Nít
A158: 145 | B158: 45 | E158: Nui | F158: CNKT | G158: 500000 | I158: =E158 -> Nui | Q158: =760.5-48.5 -> 712
A159: 146 | B159: 46 | E159: Đuông Chăn | F159: CNKT | G159: 500000 | I159: =E159 -> Đuông Chăn | Q159: =+Q158*30 -> 21360
A160: 147 | B160: 47 | E160: Đăm (3) | F160: CNKT | G160: 500000 | I160: =E160 -> Đăm (3)
A161: 148 | B161: 48 | E161: Hăm Nọi A | F161: CNKT | G161: 500000 | I161: =E161 -> Hăm Nọi A
A162: 149 | B162: 49 | E162: Hip | F162: CNKT | G162: 500000 | I162: =E162 -> Hip
A163: 150 | B163: 50 | E163: Hăm Noi B | F163: CNKT | G163: 500000 | I163: =E163 -> Hăm Noi B
A164: 151 | B164: 51 | E164: Tụp | F164: CNKT | G164: 500000 | I164: =E164 -> Tụp
A165: 152 | B165: 52 | E165: S Ting | F165: CNKT | G165: 500000 | I165: =E165 -> S Ting
A166: 153 | B166: 53 | E166: Tom | F166: CNKT | G166: 500000 | I166: =E166 -> Tom
A167: 154 | B167: 54 | E167: Nang Py | F167: CNKT | G167: 500000 | I167: =E167 -> Nang Py
A168: 155 | B168: 55 | E168: Ô | F168: CNKT | G168: 500000 | I168: =E168 -> Ô
A169: 156 | B169: 56 | E169: Văn Thong | F169: CNKT | G169: 500000 | I169: =E169 -> Văn Thong
A170: 157 | B170: 57 | E170: Va | F170: CNKT | G170: 500000 | I170: =E170 -> Va
A171: 158 | B171: 58 | E171: Pông | F171: CNKT | G171: 500000 | I171: =E171 -> Pông
... A199: 186 | B199: 86 | E199: Tha Mon Ta | F199: CNKT | G199: 500000 | I199: =E199 -> Tha Mon Ta
A200: Trạm cán | G200: =SUM(G201:G211) -> 5500000
A201: 187 | B201: 1 | E201: Thon | F201: CNKT | G201: 500000 | I201: =E201 -> Thon
A202: 188 | B202: 2 | E202: Nhon | F202: CNKT | G202: 500000 | I202: =E202 -> Nhon
A203: 189 | B203: 3 | E203: Nàng Núi | F203: CNKT | G203: 500000 | I203: =E203 -> Nàng Núi
A204: 190 | B204: 4 | E204: Nàng Nú | F204: CNKT | G204: 500000 | I204: =E204 -> Nàng Nú
A205: 191 | B205: 5 | E205: Khăm | F205: CNKT | G205: 500000 | I205: =E205 -> Khăm
A206: 192 | B206: 6 | E206: Nàng Bát | F206: CNKT | G206: 500000 | I206: =E206 -> Nàng Bát
A207: 193 | B207: 7 | E207: Dộc | F207: CNKT | G207: 500000 | I207: =E207 -> Dộc
A208: 194 | B208: 8 | E208: Chăn (3) | F208: CNKT | G208: 500000 | I208: =E208 -> Chăn (3)
A209: 195 | B209: 9 | E209: Hát | F209: CNKT | G209: 500000 | I209: =E209 -> Hát
A210: 196 | B210: 8 | E210: Bun (3) | F210: CNKT | G210: 500000 | I210: =E210 -> Bun (3)
A211: 197 | B211: 9 | E211: Hông Khăm | F211: CNKT | G211: 500000 | I211: =E211 -> Hông Khăm
A212: Xưởng Cưa | G212: =SUM(G213:G219) -> 3500000 | I212: =E212 -> 0
A213: 198 | B213: 1 | E213: Pan | F213: CNKT | G213: 500000 | I213: =E213 -> Pan
A214: 199 | B214: 2 | E214: Vi Say | F214: CNKT | G214: 500000 | I214: =E214 -> Vi Say
A215: 200 | B215: 3 | E215: Ka Púc | F215: CNKT | G215: 500000 | I215: =E215 -> Ka Púc
A216: 201 | B216: 4 | E216: Chay Đi | F216: CNKT | G216: 500000 | I216: =E216 -> Chay Đi
A217: 202 | B217: 5 | E217: Lăng B | F217: CNKT | G217: 500000 | I217: =E217 -> Lăng B
A218: 203 | B218: 6 | E218: Tuc | F218: CNKT | G218: 500000 | I218: =E218 -> Tuc
A219: 204 | B219: 7 | E219: On | F219: CNKT | G219: 500000 | I219: =E219 -> On
A220: Đội 4 | G220: =SUM(G221:G302) -> 41000000 | I220: =E220 -> 0
A221: 205 | B221: 1 | E221: Sốt | F221: CNKT | G221: 500000 | I221: =E221 -> Sốt
A222: 206 | B222: 2 | E222: Thảo A Tiền | F222: CNKT | G222: 500000 | I222: =E222 -> Thảo A Tiền
...

Sheet PLC   (2)
A1: ĐỘI 1
A2: =$K$2 -> THÁNG 09/2024 | G2: =$K$2 -> THÁNG 09/2024 | K2: THÁNG 09/2024
A3: Họ và tên | B3: Thô | G3: Họ và tên | H3: Mè Ta Van | L3: 680.47
A4: Công sản phẩm | B4: ²½ìò©ªະພັນ | C4: =VLOOKUP(B3,'LƯƠNG KT'!$D$16:$AC$184,3,0) -> #N/A | D4: =+C4*25000 -> #N/A | G4: Công sản phẩm | H4: ²½ìò©ªະພັນ | I4: =VLOOKUP(H3,'LƯƠNG KT'!$D$16:$AC$184,3,0) -> #N/A | J4: =+I4*25000 -> #N/A | K4: Công đi cạo | L4: =46.1*L3 -> 31369.667
A5: Công đi cạo | B5: ໝວດໄປຂີດ | C5: =VLOOKUP(B3,'LƯƠNG KT'!$D$16:$AC$184,14,0) -> #N/A | D5: =C5*$L$4 -> #N/A | G5: Công đi cạo | H5: ໝວດໄປຂີດ | I5: =VLOOKUP(H3,'LƯƠNG KT'!$D$16:$AC$184,14,0) -> #N/A | J5: =I5*$L$4 -> #N/A | K5: Công chủ nhật | L5: =76.9*L3 -> 52328.143
A6: Công làm ngày chủ nhật | B6: ໝວດເຮັດວຽກວັນທິດ | C6: =VLOOKUP(B3,'LƯƠNG KT'!$D$16:$AC$184,15,0) -> #N/A | D6: =C6*$L$5 -> #N/A | G6: Công làm ngày chủ nhật | H6: ໝວດເຮັດວຽກວັນທິດ | I6: =VLOOKUP(H3,'LƯƠNG KT'!$D$16:$AC$184,15,0) -> #N/A | J6: =I6*$L$5 -> #N/A | K6: PC đánh axit | L6: 10000
A7: Công nhỏ axit đánh đông | C7: =VLOOKUP(B3,'LƯƠNG KT'!$D$16:$AC$184,16,0) -> #N/A | D7: =+C7*$L$6 -> #N/A | G7: Công nhỏ axit đánh đông | I7: =VLOOKUP(H3,'LƯƠNG KT'!$D$16:$AC$184,16,0) -> #N/A | J7: =+I7*$L$6 -> #N/A | K7: PC cây non | L7: =30.7*L3 -> 20890.429
A8: Phụ cấp cạo 2 lát | C8: =VLOOKUP(B4,'LƯƠNG KT'!$D$16:$AC$184,16,0) -> #N/A | D8: =+C8*$L$6 -> #N/A | G8: Công nhỏ axit đánh đông | I8: =VLOOKUP(H4,'LƯƠNG KT'!$D$16:$AC$184,16,0) -> #N/A | J8: =+I8*$L$6 -> #N/A | K8: PC cây non | L8: =30.7*L4 -> 963048.78
A9: Phụ cấp tiền lương | C9: =VLOOKUP(B5,'LƯƠNG KT'!$D$16:$AC$184,16,0) -> #N/A | D9: =+C9*$L$6 -> #N/A | G9: Công nhỏ axit đánh đông | I9: =VLOOKUP(H5,'LƯƠNG KT'!$D$16:$AC$184,16,0) -> #N/A | J9: =+I9*$L$6 -> #N/A | K9: PC cây non | L9: =30.7*L5 -> 1606474
A10: Mủ dây | B10: ຢ່າງເສັ້ນ | C10: =VLOOKUP(B3,'LƯƠNG KT'!$D$16:$AC$184,9,0)*$L$10 -> #N/A | D10: =+C10*0.5*3000 -> #N/A | G10: Mủ dây | H10: ຢ່າງເສັ້ນ | I10: =VLOOKUP(H3,'LƯƠNG KT'!$D$16:$AC$184,9,0)*$L$10 -> #N/A | J10: =+I10*0.5*3000 -> #N/A | K10: DRC mủ dây | L10: 0.5
A11: Sản lượng mủ | B11: ໝວດຂີດທັບເກັບຢາງ | C11: =VLOOKUP(B3,'LƯƠNG KT'!$D$16:$AC$184,8,0)*$L$11 -> #N/A | D11: =VLOOKUP(B3,'LƯƠNG KT'!$D$16:$AC$184,13,0)-D10 -> #N/A | G11: Sản lượng mủ | H11: ໝວດຂີດທັບເກັບຢາງ | I11: =VLOOKUP(H3,'LƯƠNG KT'!$D$16:$AC$184,8,0)*$L$11 -> #N/A | J11: =VLOOKUP(H3,'LƯƠNG KT'!$D$16:$AC$184,13,0)-J10 -> #N/A | K11: DRC mủ tạp | L11: 0.42315994
A12: Các khoản trừ | B12: ການຫັກລົບ | G12: Các khoản trừ | H12: ການຫັກລົບ
A13: Tạm ứng | B13: ຄວາມກ້າວໜ້າ | D13: =56*25000 -> 1400000 | G13: Tạm ứng | H13: ຄວາມກ້າວໜ້າ | J13: =56*25000 -> 1400000
A14: Tổng trừ: | B14: ລວມທັງໝົດ | D14: =D13 -> 1400000 | G14: Tổng trừ: | H14: ລວມທັງໝົດ | J14: =J13 -> 1400000
A15: Còn lãnh | B15: ຍັງເຫລືອ | D15: =SUM(D4:D11)-D14 -> #N/A | G15: Còn lãnh | H15: ຍັງເຫລືອ | J15: =SUM(J4:J11)-J14 -> #N/A
L16: Phụ cấp cạo 2 lát | M16: Phụ cấp tiền lương
A18: =$K$2 -> THÁNG 09/2024 | G18: =$K$2 -> THÁNG 09/2024
A19: Họ và tên | B19: Ka Tho | G19: Họ và tên | H19: Xay
A20: Công sản phẩm | B20: ²½ìò©ªະພັນ | C20: =VLOOKUP(B19,'LƯƠNG KT'!$D$16:$AC$184,3,0) -> #N/A | D20: =+C20*25000 -> #N/A | G20: Công sản phẩm | H20: ²½ìò©ªະພັນ | I20: =VLOOKUP(H19,'LƯƠNG KT'!$D$16:$AC$184,3,0) -> #N/A | J20: =+I20*25000 -> #N/A
A21: Công đi cạo | B21: ໝວດໄປຂີດ | C21: =VLOOKUP(B19,'LƯƠNG KT'!$D$16:$AC$184,14,0) -> #N/A | D21: =C21*$L$4 -> #N/A | G21: Công đi cạo | H21: ໝວດໄປຂີດ | I21: =VLOOKUP(H19,'LƯƠNG KT'!$D$16:$AC$184,14,0) -> #N/A | J21: =I21*$L$4 -> #N/A
A22: Công làm ngày chủ nhật | B22: ໝວດເຮັດວຽກວັນທິດ | C22: =VLOOKUP(B19,'LƯƠNG KT'!$D$16:$AC$184,15,0) -> #N/A | D22: =C22*$L$5 -> #N/A | G22: Công làm ngày chủ nhật | H22: ໝວດເຮັດວຽກວັນທິດ | I22: =VLOOKUP(H19,'LƯƠNG KT'!$D$16:$AC$184,15,0) -> #N/A | J22: =I22*$L$5 -> #N/A
A23: Công nhỏ axit đánh đông | C23: =VLOOKUP(B19,'LƯƠNG KT'!$D$16:$AC$184,16,0) -> #N/A | D23: =+C23*$L$6 -> #N/A | G23: Công nhỏ axit đánh đông | I23: =VLOOKUP(H19,'LƯƠNG KT'!$D$16:$AC$184,16,0) -> #N/A | J23: =+I23*$L$6 -> #N/A | M23: =425*50 -> 21250
A24: Công nhỏ axit đánh đông | C24: =VLOOKUP(B20,'LƯƠNG KT'!$D$16:$AC$184,16,0) -> #N/A | D24: =+C24*$L$6 -> #N/A | G24: Công nhỏ axit đánh đông | I24: =VLOOKUP(H20,'LƯƠNG KT'!$D$16:$AC$184,16,0) -> #N/A | J24: =+I24*$L$6 -> #N/A | M24: =425*50 -> 21250
A25: Công nhỏ axit đánh đông | C25: =VLOOKUP(B21,'LƯƠNG KT'!$D$16:$AC$184,16,0) -> #N/A | D25: =+C25*$L$6 -> #N/A | G25: Công nhỏ axit đánh đông | I25: =VLOOKUP(H21,'LƯƠNG KT'!$D$16:$AC$184,16,0) -> #N/A | J25: =+I25*$L$6 -> #N/A | M25: =425*50 -> 21250
A26: Mủ dây | B26: ຢ່າງເສັ້ນ | C26: =VLOOKUP(B19,'LƯƠNG KT'!$D$16:$AC$184,9,0)*$L$10 -> #N/A | D26: =+C26*0.5*3000 -> #N/A | G26: Mủ dây | H26: ຢ່າງເສັ້ນ | I26: =VLOOKUP(H19,'LƯƠNG KT'!$D$16:$AC$184,9,0)*$L$10 -> #N/A | J26: =+I26*0.5*3000 -> #N/A
A27: Sản lượng mủ | B27: ໝວດຂີດທັບເກັບຢາງ | C27: =VLOOKUP(B19,'LƯƠNG KT'!$D$16:$AC$184,8,0)*$L$11 -> #N/A | D27: =VLOOKUP(B19,'LƯƠNG KT'!$D$16:$AC$184,13,0)-D26 -> #N/A | G27: Sản lượng mủ | H27: ໝວດຂີດທັບເກັບຢາງ | I27: =VLOOKUP(H19,'LƯƠNG KT'!$D$16:$AC$184,8,0)*$L$11 -> #N/A | J27: =VLOOKUP(H19,'LƯƠNG KT'!$D$16:$AC$184,13,0)-J26+I21*20000+I22*20000 -> #N/A
A28: Các khoản trừ | B28: ການຫັກລົບ | G28: Các khoản trừ | H28: ການຫັກລົບ
A29: Tạm ứng | B29: ຄວາມກ້າວໜ້າ | D29: =56*25000 -> 1400000 | G29: Tạm ứng | H29: ຄວາມກ້າວໜ້າ | J29: =56*25000 -> 1400000 | M29: =425+9 -> 434 | N29: =+M29*20 -> 8680
A30: Tổng trừ: | B30: ລວມທັງໝົດ | D30: =D29 -> 1400000 | G30: Tổng trừ: | H30: ລວມທັງໝົດ | J30: =J29 -> 1400000 | M30: =+M29*50 -> 21700
A31: Còn lãnh | B31: ຍັງເຫລືອ | D31: =SUM(D20:D27)-D30 -> #N/A | G31: Còn lãnh | H31: ຍັງເຫລືອ | J31: =SUM(J20:J27)-J30 -> #N/A
A34: =$K$2 -> THÁNG 09/2024 | G34: =$K$2 -> THÁNG 09/2024
A35: Họ và tên | B35: Thảo In | G35: Họ và tên | H35: Cha La
A36: Công sản phẩm | B36: ²½ìò©ªະພັນ | C36: =VLOOKUP(B35,'LƯƠNG KT'!$D$16:$AC$184,3,0) -> #N/A | D36: =+C36*25000 -> #N/A | G36: Công sản phẩm | H36: ²½ìò©ªະພັນ | I36: =VLOOKUP(H35,'LƯƠNG KT'!$D$16:$AC$184,3,0) -> #N/A | J36: =+I36*25000 -> #N/A
A37: Công đi cạo | B37: ໝວດໄປຂີດ | C37: =VLOOKUP(B35,'LƯƠNG KT'!$D$16:$AC$184,14,0) -> #N/A | D37: =C37*$L$4 -> #N/A | G37: Công đi cạo | H37: ໝວດໄປຂີດ | I37: =VLOOKUP(H35,'LƯƠNG KT'!$D$16:$AC$184,14,0) -> #N/A | J37: =I37*$L$4 -> #N/A
A38: Công làm ngày chủ nhật | B38: ໝວດເຮັດວຽກວັນທິດ | C38: =VLOOKUP(B35,'LƯƠNG KT'!$D$16:$AC$184,15,0) -> #N/A | D38: =C38*$L$5 -> #N/A | G38: Công làm ngày chủ nhật | H38: ໝວດເຮັດວຽກວັນທິດ | I38: =VLOOKUP(H35,'LƯƠNG KT'!$D$16:$AC$184,15,0) -> #N/A | J38: =I38*$L$5 -> #N/A
A39: Công nhỏ axit đánh đông | C39: =VLOOKUP(B35,'LƯƠNG KT'!$D$16:$AC$184,16,0) -> #N/A | D39: =+C39*$L$6 -> #N/A | G39: Công nhỏ axit đánh đông | I39: =VLOOKUP(H35,'LƯƠNG KT'!$D$16:$AC$184,16,0) -> #N/A | J39: =+I39*$L$6 -> #N/A
A42: Mủ dây | B42: ຢ່າງເສັ້ນ | C42: =VLOOKUP(B35,'LƯƠNG KT'!$D$16:$AC$184,9,0)*$L$10 -> #N/A | D42: =+C42*0.5*3000 -> #N/A | G42: Mủ dây | H42: ຢ່າງເສັ້ນ | I42: =VLOOKUP(H35,'LƯƠNG KT'!$D$16:$AC$184,9,0)*$L$10 -> #N/A | J42: =+I42*0.5*3000 -> #N/A
A43: Sản lượng mủ | B43: ໝວດຂີດທັບເກັບຢາງ | C43: =VLOOKUP(B35,'LƯƠNG KT'!$D$16:$AC$184,8,0)*$L$11 -> #N/A | D43: =VLOOKUP(B35,'LƯƠNG KT'!$D$16:$AC$184,13,0)-D42+C37*20000+C38*20000 -> #N/A | G43: Sản lượng mủ | H43: ໝວດຂີດທັບເກັບຢາງ | I43: =VLOOKUP(H35,'LƯƠNG KT'!$D$16:$AC$184,8,0)*$L$11 -> #N/A | J43: =VLOOKUP(H35,'LƯƠNG KT'!$D$16:$AC$184,13,0)-J42 -> #N/A
A44: Các khoản trừ | B44: ການຫັກລົບ | G44: Các khoản trừ | H44: ການຫັກລົບ
A45: Tạm ứng | B45: ຄວາມກ້າວໜ້າ | D45: =56*25000 -> 1400000 | G45: Tạm ứng | H45: ຄວາມກ້າວໜ້າ | J45: =56*25000 -> 1400000
A46: Tổng trừ: | B46: ລວມທັງໝົດ | D46: =D45 -> 1400000 | G46: Tổng trừ: | H46: ລວມທັງໝົດ | J46: =J45 -> 1400000
A47: Còn lãnh | B47: ຍັງເຫລືອ | D47: =SUM(D36:D43)-D46 -> #N/A | G47: Còn lãnh | H47: ຍັງເຫລືອ | J47: =SUM(J36:J43)-J46 -> #N/A
A50: =$K$2 -> THÁNG 09/2024 | G50: =$K$2 -> THÁNG 09/2024
A51: Họ và tên | B51: Nang Nga | G51: Họ và tên | H51: Khăm Đi
A52: Công sản phẩm | B52: ²½ìò©ªະພັນ | C52: =VLOOKUP(B51,'LƯƠNG KT'!$D$16:$AC$184,3,0) -> #N/A | D52: =+C52*25000 -> #N/A | G52: Công sản phẩm | H52: ²½ìò©ªະພັນ | I52: =VLOOKUP(H51,'LƯƠNG KT'!$D$16:$AC$184,3,0) -> #N/A | J52: =+I52*25000 -> #N/A
A53: Công đi cạo | B53: ໝວດໄປຂີດ | C53: =VLOOKUP(B51,'LƯƠNG KT'!$D$16:$AC$184,14,0) -> #N/A | D53: =C53*$L$4 -> #N/A | G53: Công đi cạo | H53: ໝວດໄປຂີດ | I53: =VLOOKUP(H51,'LƯƠNG KT'!$D$16:$AC$184,14,0) -> #N/A | J53: =I53*$L$4 -> #N/A
A54: Công làm ngày chủ nhật | B54: ໝວດເຮັດວຽກວັນທິດ | C54: =VLOOKUP(B51,'LƯƠNG KT'!$D$16:$AC$184,15,0) -> #N/A | D54: =C54*$L$5 -> #N/A | G54: Công làm ngày chủ nhật | H54: ໝວດເຮັດວຽກວັນທິດ | I54: =VLOOKUP(H51,'LƯƠNG KT'!$D$16:$AC$184,15,0) -> #N/A | J54: =I54*$L$5 -> #N/A
A55: Công nhỏ axit đánh đông | C55: =VLOOKUP(B51,'LƯƠNG KT'!$D$16:$AC$184,16,0) -> #N/A | D55: =+C55*$L$6 -> #N/A | G55: Công nhỏ axit đánh đông | I55: =VLOOKUP(H51,'LƯƠNG KT'!$D$16:$AC$184,16,0) -> #N/A | J55: =+I55*$L$6 -> #N/A
A58: Mủ dây | B58: ຢ່າງເສັ້ນ | C58: =VLOOKUP(B51,'LƯƠNG KT'!$D$16:$AC$184,9,0)*$L$10 -> #N/A | D58: =+C58*0.5*3000 -> #N/A | G58: Mủ dây | H58: ຢ່າງເສັ້ນ | I58: =VLOOKUP(H51,'LƯƠNG KT'!$D$16:$AC$184,9,0)*$L$10 -> #N/A | J58: =+I58*0.5*3000 -> #N/A
A59: Sản lượng mủ | B59: ໝວດຂີດທັບເກັບຢາງ | C59: =VLOOKUP(B51,'LƯƠNG KT'!$D$16:$AC$184,8,0)*$L$11 -> #N/A | D59: =VLOOKUP(B51,'LƯƠNG KT'!$D$16:$AC$184,13,0)-D58 -> #N/A | G59: Sản lượng mủ | H59: ໝວດຂີດທັບເກັບຢາງ | I59: =VLOOKUP(H51,'LƯƠNG KT'!$D$16:$AC$184,8,0)*$L$11 -> #N/A | J59: =VLOOKUP(H51,'LƯƠNG KT'!$D$16:$AC$184,13,0)-J58 -> #N/A
A60: Các khoản trừ | B60: ການຫັກລົບ | G60: Các khoản trừ | H60: ການຫັກລົບ
A61: Tạm ứng | B61: ຄວາມກ້າວໜ້າ | D61: =56*25000 -> 1400000 | G61: Tạm ứng | H61: ຄວາມກ້າວໜ້າ | J61: =56*25000 -> 1400000
A62: Tổng trừ: | B62: ລວມທັງໝົດ | D62: =D61 -> 1400000 | G62: Tổng trừ: | H62: ລວມທັງໝົດ | J62: =J61 -> 1400000
A63: Còn lãnh | B63: ຍັງເຫລືອ | D63: =SUM(D52:D59)-D62 -> #N/A | G63: Còn lãnh | H63: ຍັງເຫລືອ | J63: =SUM(J52:J59)-J62 -> #N/A
A67: =$K$2 -> THÁNG 09/2024 | G67: =$K$2 -> THÁNG 09/2024
A68: Họ và tên | B68: Me Đuông | G68: Họ và tên | H68: Nang Môn
A69: Công sản phẩm | B69: ²½ìò©ªະພັນ | C69: =VLOOKUP(B68,'LƯƠNG KT'!$D$16:$AC$184,3,0) -> #N/A | D69: =+C69*25000 -> #N/A | G69: Công sản phẩm | H69: ²½ìò©ªະພັນ | I69: =VLOOKUP(H68,'LƯƠNG KT'!$D$16:$AC$184,3,0) -> #N/A | J69: =+I69*25000 -> #N/A
A70: Công đi cạo | B70: ໝວດໄປຂີດ | C70: =VLOOKUP(B68,'LƯƠNG KT'!$D$16:$AC$184,14,0) -> #N/A | D70: =C70*$L$4 -> #N/A | G70: Công đi cạo | H70: ໝວດໄປຂີດ | I70: =VLOOKUP(H68,'LƯƠNG KT'!$D$16:$AC$184,14,0) -> #N/A | J70: =I70*$L$4 -> #N/A
A71: Công làm ngày chủ nhật | B71: ໝວດເຮັດວຽກວັນທິດ | C71: =VLOOKUP(B68,'LƯƠNG KT'!$D$16:$AC$184,15,0) -> #N/A | D71: =C71*$L$5 -> #N/A | G71: Công làm ngày chủ nhật | H71: ໝວດເຮັດວຽກວັນທິດ | I71: =VLOOKUP(H68,'LƯƠNG KT'!$D$16:$AC$184,15,0) -> #N/A | J71: =I71*$L$5 -> #N/A
A72: Công nhỏ axit đánh đông | C72: =VLOOKUP(B68,'LƯƠNG KT'!$D$16:$AC$184,16,0) -> #N/A | D72: =+C72*$L$6 -> #N/A | G72: Công nhỏ axit đánh đông | I72: =VLOOKUP(H68,'LƯƠNG KT'!$D$16:$AC$184,16,0) -> #N/A | J72: =+I72*$L$6 -> #N/A
A75: Mủ dây | B75: ຢ່າງເສັ້ນ | C75: =VLOOKUP(B68,'LƯƠNG KT'!$D$16:$AC$184,9,0)*$L$10 -> #N/A | D75: =+C75*0.5*3000 -> #N/A | G75: Mủ dây | H75: ຢ່າງເສັ້ນ | I75: =VLOOKUP(H68,'LƯƠNG KT'!$D$16:$AC$184,9,0)*$L$10 -> #N/A | J75: =+I75*0.5*3000 -> #N/A
A76: Sản lượng mủ | B76: ໝວດຂີດທັບເກັບຢາງ | C76: =VLOOKUP(B68,'LƯƠNG KT'!$D$16:$AC$184,8,0)*$L$11 -> #N/A | D76: =VLOOKUP(B68,'LƯƠNG KT'!$D$16:$AC$184,13,0)-D75 -> #N/A | G76: Sản lượng mủ | H76: ໝວດຂີດທັບເກັບຢາງ | I76: =VLOOKUP(H68,'LƯƠNG KT'!$D$16:$AC$184,8,0)*$L$11 -> #N/A | J76: =VLOOKUP(H68,'LƯƠNG KT'!$D$16:$AC$184,13,0)-J75 -> #N/A
A77: Các khoản trừ | B77: ການຫັກລົບ | G77: Các khoản trừ | H77: ການຫັກລົບ
A78: Tạm ứng | B78: ຄວາມກ້າວໜ້າ | D78: =56*25000 -> 1400000 | G78: Tạm ứng | H78: ຄວາມກ້າວໜ້າ | J78: =56*25000 -> 1400000
A79: Tổng trừ: | B79: ລວມທັງໝົດ | D79: =D78 -> 1400000 | G79: Tổng trừ: | H79: ລວມທັງໝົດ | J79: =J78 -> 1400000
A80: Còn lãnh | B80: ຍັງເຫລືອ | D80: =SUM(D69:D76)-D79 -> #N/A | G80: Còn lãnh | H80: ຍັງເຫລືອ | J80: =SUM(J69:J76)-J79 -> #N/A
A83: =$K$2 -> THÁNG 09/2024 | G83: =$K$2 -> THÁNG 09/2024
A84: Họ và tên | B84: Ziên | G84: Họ và tên | H84: Me Pê
A85: Công sản phẩm | B85: ²½ìò©ªະພັນ | C85: =VLOOKUP(B84,'LƯƠNG KT'!$D$16:$AC$184,3,0) -> #N/A | D85: =+C85*25000 -> #N/A | G85: Công sản phẩm | H85: ²½ìò©ªະພັນ | I85: =VLOOKUP(H84,'LƯƠNG KT'!$D$16:$AC$184,3,0) -> #N/A | J85: =+I85*25000 -> #N/A
A86: Công đi cạo | B86: ໝວດໄປຂີດ | C86: =VLOOKUP(B84,'LƯƠNG KT'!$D$16:$AC$184,14,0) -> #N/A | D86: =C86*$L$4 -> #N/A | G86: Công đi cạo | H86: ໝວດໄປຂີດ | I86: =VLOOKUP(H84,'LƯƠNG KT'!$D$16:$AC$184,14,0) -> #N/A | J86: =I86*$L$4 -> #N/A
A87: Công làm ngày chủ nhật | B87: ໝວດເຮັດວຽກວັນທິດ | C87: =VLOOKUP(B84,'LƯƠNG KT'!$D$16:$AC$184,15,0) -> #N/A | D87: =C87*$L$5 -> #N/A | G87: Công làm ngày chủ nhật | H87: ໝວດເຮັດວຽກວັນທິດ | I87: =VLOOKUP(H84,'LƯƠNG KT'!$D$16:$AC$184,15,0) -> #N/A | J87: =I87*$L$5 -> #N/A
A88: Công nhỏ axit đánh đông | C88: =VLOOKUP(B84,'LƯƠNG KT'!$D$16:$AC$184,16,0) -> #N/A | D88: =+C88*$L$6 -> #N/A | G88: Công nhỏ axit đánh đông | I88: =VLOOKUP(H84,'LƯƠNG KT'!$D$16:$AC$184,16,0) -> #N/A | J88: =+I88*$L$6 -> #N/A
A91: Mủ dây | B91: ຢ່າງເສັ້ນ | C91: =VLOOKUP(B84,'LƯƠNG KT'!$D$16:$AC$184,9,0)*$L$10 -> #N/A | D91: =+C91*0.5*3000 -> #N/A | G91: Mủ dây | H91: ຢ່າງເສັ້ນ | I91: =VLOOKUP(H84,'LƯƠNG KT'!$D$16:$AC$184,9,0)*$L$10 -> #N/A | J91: =+I91*0.5*3000 -> #N/A
A92: Sản lượng mủ | B92: ໝວດຂີດທັບເກັບຢາງ | C92: =VLOOKUP(B84,'LƯƠNG KT'!$D$16:$AC$184,8,0)*$L$11 -> #N/A | D92: =VLOOKUP(B84,'LƯƠNG KT'!$D$16:$AC$184,13,0)-D91+C86*20000+C87*20000 -> #N/A | G92: Sản lượng mủ | H92: ໝວດຂີດທັບເກັບຢາງ | I92: =VLOOKUP(H84,'LƯƠNG KT'!$D$16:$AC$184,8,0)*$L$11 -> #N/A | J92: =VLOOKUP(H84,'LƯƠNG KT'!$D$16:$AC$184,13,0)-J91 -> #N/A
A93: Các khoản trừ | B93: ການຫັກລົບ | G93: Các khoản trừ | H93: ການຫັກລົບ
A94: Tạm ứng | B94: ຄວາມກ້າວໜ້າ | D94: =56*25000 -> 1400000 | G94: Tạm ứng | H94: ຄວາມກ້າວໜ້າ | J94: =56*25000 -> 1400000
A95: Tổng trừ: | B95: ລວມທັງໝົດ | D95: =D94 -> 1400000 | G95: Tổng trừ: | H95: ລວມທັງໝົດ | J95: =J94 -> 1400000
A96: Còn lãnh | B96: ຍັງເຫລືອ | D96: =SUM(D85:D92)-D95 -> #N/A | G96: Còn lãnh | H96: ຍັງເຫລືອ | J96: =SUM(J85:J92)-J95 -> #N/A
A99: =$K$2 -> THÁNG 09/2024 | G99: =$K$2 -> THÁNG 09/2024
A100: Họ và tên | B100: Thảo Chòi | G100: Họ và tên | H100: Tìng A
A101: Công sản phẩm | B101: ²½ìò©ªະພັນ | C101: =VLOOKUP(B100,'LƯƠNG KT'!$D$16:$AC$184,3,0) -> #N/A | D101: =+C101*25000 -> #N/A | G101: Công sản phẩm | H101: ²½ìò©ªະພັນ | I101: =VLOOKUP(H100,'LƯƠNG KT'!$D$16:$AC$184,3,0) -> #N/A | J101: =+I101*25000 -> #N/A
A102: Công đi cạo | B102: ໝວດໄປຂີດ | C102: =VLOOKUP(B100,'LƯƠNG KT'!$D$16:$AC$184,14,0) -> #N/A | D102: =C102*$L$4 -> #N/A | G102: Công đi cạo | H102: ໝວດໄປຂີດ | I102: =VLOOKUP(H100,'LƯƠNG KT'!$D$16:$AC$184,14,0) -> #N/A | J102: =I102*$L$4 -> #N/A
A103: Công làm ngày chủ nhật | B103: ໝວດເຮັດວຽກວັນທິດ | C103: =VLOOKUP(B100,'LƯƠNG KT'!$D$16:$AC$184,15,0) -> #N/A | D103: =C103*$L$5 -> #N/A | G103: Công làm ngày chủ nhật | H103: ໝວດເຮັດວຽກວັນທິດ | I103: =VLOOKUP(H100,'LƯƠNG KT'!$D$16:$AC$184,15,0) -> #N/A | J103: =I103*$L$5 -> #N/A
A104: Công nhỏ axit đánh đông | C104: =VLOOKUP(B100,'LƯƠNG KT'!$D$16:$AC$184,16,0) -> #N/A | D104: =+C104*$L$6 -> #N/A | G104: Công nhỏ axit đánh đông | I104: =VLOOKUP(H100,'LƯƠNG KT'!$D$16:$AC$184,16,0) -> #N/A | J104: =+I104*$L$6 -> #N/A
A107: Mủ dây | B107: ຢ່າງເສັ້ນ | C107: =VLOOKUP(B100,'LƯƠNG KT'!$D$16:$AC$184,9,0)*$L$10 -> #N/A | D107: =+C107*0.5*3000 -> #N/A | G107: Mủ dây | H107: ຢ່າງເສັ້ນ | I107: =VLOOKUP(H100,'LƯƠNG KT'!$D$16:$AC$184,9,0)*$L$10 -> #N/A | J107: =+I107*0.5*3000 -> #N/A
A108: Sản lượng mủ | B108: ໝວດຂີດທັບເກັບຢາງ | C108: =VLOOKUP(B100,'LƯƠNG KT'!$D$16:$AC$184,8,0)*$L$11 -> #N/A | D108: =VLOOKUP(B100,'LƯƠNG KT'!$D$16:$AC$184,13,0)-D107 -> #N/A | G108: Sản lượng mủ | H108: ໝວດຂີດທັບເກັບຢາງ | I108: =VLOOKUP(H100,'LƯƠNG KT'!$D$16:$AC$184,8,0)*$L$11 -> #N/A | J108: =VLOOKUP(H100,'LƯƠNG KT'!$D$16:$AC$184,13,0)-J107 -> #N/A
A109: Các khoản trừ | B109: ການຫັກລົບ | G109: Các khoản trừ | H109: ການຫັກລົບ
A110: Tạm ứng | B110: ຄວາມກ້າວໜ້າ | D110: =56*25000 -> 1400000 | G110: Tạm ứng | H110: ຄວາມກ້າວໜ້າ | J110: =56*25000 -> 1400000
A111: Tổng trừ: | B111: ລວມທັງໝົດ | D111: =D110 -> 1400000 | G111: Tổng trừ: | H111: ລວມທັງໝົດ | J111: =J110 -> 1400000
A112: Còn lãnh | B112: ຍັງເຫລືອ | D112: =SUM(D101:D108)-D111 -> #N/A | G112: Còn lãnh | H112: ຍັງເຫລືອ | J112: =SUM(J101:J108)-J111 -> #N/A
A115: =$K$2 -> THÁNG 09/2024 | G115: =$K$2 -> THÁNG 09/2024
A116: Họ và tên | B116: Phò Set Tha | G116: Họ và tên | H116: Sắt
A117: Công sản phẩm | B117: ²½ìò©ªະພັນ | C117: =VLOOKUP(B116,'LƯƠNG KT'!$D$16:$AC$184,3,0) -> #N/A | D117: =+C117*25000 -> #N/A | G117: Công sản phẩm | H117: ²½ìò©ªະພັນ | I117: =VLOOKUP(H116,'LƯƠNG KT'!$D$16:$AC$184,3,0) -> #N/A | J117: =+I117*25000 -> #N/A
A118: Công đi cạo | B118: ໝວດໄປຂີດ | C118: =VLOOKUP(B116,'LƯƠNG KT'!$D$16:$AC$184,14,0) -> #N/A | D118: =C118*$L$4 -> #N/A | G118: Công đi cạo | H118: ໝວດໄປຂີດ | I118: =VLOOKUP(H116,'LƯƠNG KT'!$D$16:$AC$184,14,0) -> #N/A | J118: =I118*$L$4 -> #N/A
A119: Công làm ngày chủ nhật | B119: ໝວດເຮັດວຽກວັນທິດ | C119: =VLOOKUP(B116,'LƯƠNG KT'!$D$16:$AC$184,15,0) -> #N/A | D119: =C119*$L$5 -> #N/A | G119: Công làm ngày chủ nhật | H119: ໝວດເຮັດວຽກວັນທິດ | I119: =VLOOKUP(H116,'LƯƠNG KT'!$D$16:$AC$184,15,0) -> #N/A | J119: =I119*$L$5 -> #N/A
A120: Công nhỏ axit đánh đông | C120: =VLOOKUP(B116,'LƯƠNG KT'!$D$16:$AC$184,16,0) -> #N/A | D120: =+C120*$L$6 -> #N/A | G120: Công nhỏ axit đánh đông | I120: =VLOOKUP(H116,'LƯƠNG KT'!$D$16:$AC$184,16,0) -> #N/A | J120: =+I120*$L$6 -> #N/A
A123: Mủ dây | B123: ຢ່າງເສັ້ນ | C123: =VLOOKUP(B116,'LƯƠNG KT'!$D$16:$AC$184,9,0)*$L$10 -> #N/A | D123: =+C123*0.5*3000 -> #N/A | G123: Mủ dây | H123: ຢ່າງເສັ້ນ | I123: =VLOOKUP(H116,'LƯƠNG KT'!$D$16:$AC$184,9,0)*$L$10 -> #N/A | J123: =+I123*0.5*3000 -> #N/A
A124: Sản lượng mủ | B124: ໝວດຂີດທັບເກັບຢາງ | C124: =VLOOKUP(B116,'LƯƠNG KT'!$D$16:$AC$184,8,0)*$L$11 -> #N/A | D124: =VLOOKUP(B116,'LƯƠNG KT'!$D$16:$AC$184,13,0)-D123 -> #N/A | G124: Sản lượng mủ | H124: ໝວດຂີດທັບເກັບຢາງ | I124: =VLOOKUP(H116,'LƯƠNG KT'!$D$16:$AC$184,8,0)*$L$11 -> #N/A | J124: =VLOOKUP(H116,'LƯƠNG KT'!$D$16:$AC$184,13,0)-J123 -> #N/A
A125: Các khoản trừ | B125: ການຫັກລົບ | G125: Các khoản trừ | H125: ການຫັກລົບ
A126: Tạm ứng | B126: ຄວາມກ້າວໜ້າ | D126: =56*25000 -> 1400000 | G126: Tạm ứng | H126: ຄວາມກ້າວໜ້າ | J126: =56*25000 -> 1400000
...

Sheet PCNC BUN 
A1: CỘNG HÒA DÂN CHỦ NHÂN DÂN LÀO
A2: Hòa Bình - Độc Lập - Dân Chủ - Thống Nhất - Thịnh Vượng
A3: -----oOo-----
A5: CÔNG TY TNHH CỔ PHẦN QUASA - GERUCO LÀO
A6: ĐƠN VỊ: NÔNG TRƯỜNG 1
A8: BẢNG THANH TOÁN PHỤ CẤP NGÀY CÔNG CHO CÔNG NHÂN TRỰC TIẾP THÁNG 11 NĂM 2024
A10: STT | C10: Mã số nhân viên | E10: Tên công nhân | F10: Chức vụ | G10: Ngày công | K10: Tổng công | L10: Thành tiền(kíp) | M10: Ký nhận
G11: 2/11 | H11: 3/11 | I11: 4/11 | J11: 5/11
A12: ĐỘI 1 | G12: =COUNTIF(G13:G55,"X") -> 43 | H12: =COUNTIF(H13:H55,"X") -> 43 | I12: =COUNTIF(I13:I55,"X") -> 42 | J12: =COUNTIF(J13:J55,"X") -> 40 | K12: =SUM(K13:K55) -> 168 | L12: =SUM(L13:L55) -> 16800000
A13: 1 | B13: 1 | E13: Thô | F13: CNKT | G13: X | H13: X | I13: X | J13: X | K13: =COUNTIF(G13:J13,"X") -> 4 | L13: =K13*100000 -> 400000
A14: 2 | B14: 2 | E14: Mè Ta Van | F14: CNKT | G14: X | H14: X | I14: X | K14: =COUNTIF(G14:J14,"X") -> 3 | L14: =K14*100000 -> 300000
A15: 3 | B15: 3 | E15: Ka Tho | F15: CNKT | G15: X | H15: X | I15: X | J15: X | K15: =COUNTIF(G15:J15,"X") -> 4 | L15: =K15*100000 -> 400000
A16: 4 | B16: 4 | E16: Xay | F16: CNKT | G16: X | H16: X | I16: X | K16: =COUNTIF(G16:J16,"X") -> 3 | L16: =K16*100000 -> 300000
A17: 5 | B17: 5 | E17: Thảo In | F17: CNKT | G17: X | H17: X | K17: =COUNTIF(G17:J17,"X") -> 2 | L17: =K17*100000 -> 200000
A18: 6 | B18: 6 | E18: Cha La | F18: CNKT | G18: X | H18: X | I18: X | J18: X | K18: =COUNTIF(G18:J18,"X") -> 4 | L18: =K18*100000 -> 400000
A19: 7 | B19: 7 | E19: Nang Nga | F19: CNKT | G19: X | H19: X | I19: X | J19: X | K19: =COUNTIF(G19:J19,"X") -> 4 | L19: =K19*100000 -> 400000
A20: 8 | B20: 8 | E20: Khăm Đi | F20: CNKT | G20: X | H20: X | I20: X | J20: X | K20: =COUNTIF(G20:J20,"X") -> 4 | L20: =K20*100000 -> 400000
A21: 9 | B21: 9 | E21: Me Đuông | F21: CNKT | G21: X | H21: X | I21: X | J21: X | K21: =COUNTIF(G21:J21,"X") -> 4 | L21: =K21*100000 -> 400000
A22: 10 | B22: 10 | E22: Nang Môn | F22: CNKT | G22: X | H22: X | I22: X | J22: X | K22: =COUNTIF(G22:J22,"X") -> 4 | L22: =K22*100000 -> 400000
A23: 11 | B23: 11 | E23: Ziên | F23: CNKT | G23: X | H23: X | I23: X | J23: X | K23: =COUNTIF(G23:J23,"X") -> 4 | L23: =K23*100000 -> 400000
A24: 12 | B24: 12 | E24: Me Pê | F24: CNKT | G24: X | H24: X | I24: X | J24: X | K24: =COUNTIF(G24:J24,"X") -> 4 | L24: =K24*100000 -> 400000
A25: 13 | B25: 13 | E25: Thảo chòi | F25: CNKT | G25: X | H25: X | I25: X | J25: X | K25: =COUNTIF(G25:J25,"X") -> 4 | L25: =K25*100000 -> 400000
A26: 14 | B26: 14 | E26: Tìng A | F26: CNKT | G26: X | H26: X | I26: X | J26: X | K26: =COUNTIF(G26:J26,"X") -> 4 | L26: =K26*100000 -> 400000
A27: 15 | B27: 15 | E27: Phò Set Tha | F27: CNKT | G27: X | H27: X | I27: X | J27: X | K27: =COUNTIF(G27:J27,"X") -> 4 | L27: =K27*100000 -> 400000
A28: 16 | B28: 16 | E28: Sắt | F28: CNKT | G28: X | H28: X | I28: X | J28: X | K28: =COUNTIF(G28:J28,"X") -> 4 | L28: =K28*100000 -> 400000
A29: 17 | B29: 17 | E29: Khăm | F29: CNKT | G29: X | H29: X | I29: X | J29: X | K29: =COUNTIF(G29:J29,"X") -> 4 | L29: =K29*100000 -> 400000
... A55: 43 | B55: 43 | E55: Nang Hỏm | F55: CNKT | G55: X | H55: X | I55: X | J55: X | K55: =COUNTIF(G55:J55,"X") -> 4 | L55: =K55*100000 -> 400000
A56: ĐỘI 2 | G56: =COUNTIF(G57:G111,"X") -> 50 | H56: =COUNTIF(H57:H111,"X") -> 53 | I56: =COUNTIF(I57:I111,"X") -> 52 | J56: =COUNTIF(J57:J111,"X") -> 49 | K56: =SUM(K57:K111) -> 204 | L56: =SUM(L57:L111) -> 20400000
A57: 44 | B57: 1 | E57: Lếc | F57: CNKT | I57: X | K57: =COUNTIF(G57:J57,"X") -> 1 | L57: =K57*100000 -> 100000
A58: 45 | B58: 2 | E58: Hăm Lẹ | F58: CNKT | G58: X | H58: X | I58: X | J58: X | K58: =COUNTIF(G58:J58,"X") -> 4 | L58: =K58*100000 -> 400000
A59: 46 | B59: 3 | E59: Vông | F59: CNKT | G59: X | H59: X | I59: X | J59: X | K59: =COUNTIF(G59:J59,"X") -> 4 | L59: =K59*100000 -> 400000
A60: 47 | B60: 4 | E60: Ma Ni Son | F60: CNKT | G60: X | H60: X | I60: X | J60: X | K60: =COUNTIF(G60:J60,"X") -> 4 | L60: =K60*100000 -> 400000
A61: 48 | B61: 5 | E61: Cong Ma | F61: CNKT | G61: X | H61: X | I61: X | J61: X | K61: =COUNTIF(G61:J61,"X") -> 4 | L61: =K61*100000 -> 400000 | P61: =5+2+3+6 -> 16
A62: 49 | B62: 6 | E62: Kệt | F62: CNKT | H62: X | I62: X | J62: X | K62: =COUNTIF(G62:J62,"X") -> 3 | L62: =K62*100000 -> 300000 | P62: =55*4 -> 220
A63: 50 | B63: 7 | E63: Măn | F63: CNKT | G63: X | H63: X | I63: X | J63: X | K63: =COUNTIF(G63:J63,"X") -> 4 | L63: =K63*100000 -> 400000 | P63: =+P62-P61 -> 204
A64: 51 | B64: 8 | E64: Soi | F64: CNKT | G64: X | H64: X | J64: X | K64: =COUNTIF(G64:J64,"X") -> 3 | L64: =K64*100000 -> 300000
A65: 52 | B65: 9 | E65: Phò Mom | F65: CNKT | G65: X | H65: X | I65: X | J65: X | K65: =COUNTIF(G65:J65,"X") -> 4 | L65: =K65*100000 -> 400000
A66: 53 | B66: 10 | E66: Pệt | F66: CNKT | G66: X | H66: X | I66: X | K66: =COUNTIF(G66:J66,"X") -> 3 | L66: =K66*100000 -> 300000
A67: 54 | B67: 11 | E67: Khay Khăm | F67: CNKT | G67: X | H67: X | I67: X | J67: X | K67: =COUNTIF(G67:J67,"X") -> 4 | L67: =K67*100000 -> 400000
A68: 55 | B68: 12 | E68: Ô Lích | F68: CNKT | G68: X | H68: X | I68: X | J68: X | K68: =COUNTIF(G68:J68,"X") -> 4 | L68: =K68*100000 -> 400000
A69: 56 | B69: 13 | E69: Va Khăm | F69: CNKT | G69: X | H69: X | I69: X | J69: X | K69: =COUNTIF(G69:J69,"X") -> 4 | L69: =K69*100000 -> 400000
A70: 57 | B70: 14 | E70: Căn Nha | F70: CNKT | G70: X | H70: X | I70: X | J70: X | K70: =COUNTIF(G70:J70,"X") -> 4 | L70: =K70*100000 -> 400000
A71: 58 | B71: 15 | E71: Nọi | F71: CNKT | G71: X | H71: X | I71: X | J71: X | K71: =COUNTIF(G71:J71,"X") -> 4 | L71: =K71*100000 -> 400000
A72: 59 | B72: 16 | E72: Lợt | F72: CNKT | H72: X | I72: X | J72: X | K72: =COUNTIF(G72:J72,"X") -> 3 | L72: =K72*100000 -> 300000
A73: 60 | B73: 17 | E73: Éc ( Thỉa) | F73: CNKT | G73: X | H73: X | I73: X | K73: =COUNTIF(G73:J73,"X") -> 3 | L73: =K73*100000 -> 300000
A74: 61 | B74: 18 | E74: Hắm ( Say) | F74: CNKT | G74: X | H74: X | I74: X | K74: =COUNTIF(G74:J74,"X") -> 3 | L74: =K74*100000 -> 300000
A75: 62 | B75: 19 | E75: Híp | F75: CNKT | G75: X | H75: X | I75: X | J75: X | K75: =COUNTIF(G75:J75,"X") -> 4 | L75: =K75*100000 -> 400000
A76: 63 | B76: 20 | E76: Pử | F76: CNKT | G76: X | H76: X | I76: X | J76: X | K76: =COUNTIF(G76:J76,"X") -> 4 | L76: =K76*100000 -> 400000
A77: 64 | B77: 21 | E77: Mi | F77: CNKT | G77: X | H77: X | I77: X | J77: X | K77: =COUNTIF(G77:J77,"X") -> 4 | L77: =K77*100000 -> 400000
A78: 65 | B78: 22 | E78: Ửm | F78: CNKT | G78: X | H78: X | I78: X | J78: X | K78: =COUNTIF(G78:J78,"X") -> 4 | L78: =K78*100000 -> 400000
A79: 66 | B79: 23 | E79: Thông May | F79: CNKT | G79: X | H79: X | I79: X | J79: X | K79: =COUNTIF(G79:J79,"X") -> 4 | L79: =K79*100000 -> 400000
A80: 67 | B80: 24 | E80: Su Ki | F80: CNKT | G80: X | H80: X | I80: X | J80: X | K80: =COUNTIF(G80:J80,"X") -> 4 | L80: =K80*100000 -> 400000
A81: 68 | B81: 25 | E81: Xút Chay | F81: CNKT | G81: X | H81: X | I81: X | J81: X | K81: =COUNTIF(G81:J81,"X") -> 4 | L81: =K81*100000 -> 400000
A82: 69 | B82: 26 | E82: Khăm Ma Ni | F82: CNKT | G82: X | H82: X | I82: X | K82: =COUNTIF(G82:J82,"X") -> 3 | L82: =K82*100000 -> 300000
A83: 70 | B83: 27 | E83: Lúi | F83: CNKT | G83: X | H83: X | I83: X | J83: X | K83: =COUNTIF(G83:J83,"X") -> 4 | L83: =K83*100000 -> 400000
A84: 71 | B84: 28 | E84: Thong Đeng | F84: CNKT | H84: X | J84: X | K84: =COUNTIF(G84:J84,"X") -> 2 | L84: =K84*100000 -> 200000
A85: 72 | B85: 29 | E85: Choi | F85: CNKT | H85: X | I85: X | J85: X | K85: =COUNTIF(G85:J85,"X") -> 3 | L85: =K85*100000 -> 300000
A86: 73 | B86: 30 | E86: Bua Pha | F86: CNKT | G86: X | H86: X | I86: X | J86: X | K86: =COUNTIF(G86:J86,"X") -> 4 | L86: =K86*100000 -> 400000
A87: 74 | B87: 31 | E87: Thong La | F87: CNKT | G87: X | H87: X | I87: X | J87: X | K87: =COUNTIF(G87:J87,"X") -> 4 | L87: =K87*100000 -> 400000
A88: 75 | B88: 32 | E88: A Nan | F88: CNKT | G88: X | H88: X | I88: X | J88: X | K88: =COUNTIF(G88:J88,"X") -> 4 | L88: =K88*100000 -> 400000
A89: 76 | B89: 33 | E89: In Pon | F89: CNKT | G89: X | H89: X | I89: X | J89: X | K89: =COUNTIF(G89:J89,"X") -> 4 | L89: =K89*100000 -> 400000
A90: 77 | B90: 34 | E90: Xi Đa | F90: CNKT | G90: X | H90: X | I90: X | J90: X | K90: =COUNTIF(G90:J90,"X") -> 4 | L90: =K90*100000 -> 400000
A91: 78 | B91: 35 | E91: Bun Sóng | F91: CNKT | G91: X | H91: X | I91: X | K91: =COUNTIF(G91:J91,"X") -> 3 | L91: =K91*100000 -> 300000
A92: 79 | B92: 36 | E92: Tông | F92: CNKT | G92: X | H92: X | I92: X | J92: X | K92: =COUNTIF(G92:J92,"X") -> 4 | L92: =K92*100000 -> 400000
A93: 80 | B93: 37 | E93: Vá | F93: CNKT | G93: X | H93: X | I93: X | J93: X | K93: =COUNTIF(G93:J93,"X") -> 4 | L93: =K93*100000 -> 400000
A94: 81 | B94: 38 | E94: Su Ly | F94: CNKT | G94: X | H94: X | I94: X | J94: X | K94: =COUNTIF(G94:J94,"X") -> 4 | L94: =K94*100000 -> 400000
A95: 82 | B95: 39 | E95: Phò Vy | F95: CNKT | G95: X | H95: X | I95: X | J95: X | K95: =COUNTIF(G95:J95,"X") -> 4 | L95: =K95*100000 -> 400000
A96: 83 | B96: 40 | E96: Đeng | F96: CNKT | G96: X | H96: X | I96: X | J96: X | K96: =COUNTIF(G96:J96,"X") -> 4 | L96: =K96*100000 -> 400000
A97: 84 | B97: 41 | E97: Pừng | F97: CNKT | G97: X | H97: X | I97: X | J97: X | K97: =COUNTIF(G97:J97,"X") -> 4 | L97: =K97*100000 -> 400000
A98: 85 | B98: 42 | E98: Xi Chăn | F98: CNKT | G98: X | H98: X | I98: X | J98: X | K98: =COUNTIF(G98:J98,"X") -> 4 | L98: =K98*100000 -> 400000
A99: 86 | B99: 43 | E99: Na ly | F99: CNKT | G99: X | H99: X | I99: X | J99: X | K99: =COUNTIF(G99:J99,"X") -> 4 | L99: =K99*100000 -> 400000
A100: 87 | B100: 44 | E100: Chăn Đi | F100: CNKT | G100: X | H100: X | I100: X | J100: X | K100: =COUNTIF(G100:J100,"X") -> 4 | L100: =K100*100000 -> 400000
A101: 88 | B101: 45 | E101: Phôm Ma | F101: CNKT | G101: X | H101: X | I101: X | J101: X | K101: =COUNTIF(G101:J101,"X") -> 4 | L101: =K101*100000 -> 400000
A102: 89 | B102: 46 | E102: Lăm | F102: CNKT | G102: X | H102: X | I102: X | J102: X | K102: =COUNTIF(G102:J102,"X") -> 4 | L102: =K102*100000 -> 400000
A103: 90 | B103: 47 | E103: Lích | F103: CNKT | G103: X | H103: X | I103: X | J103: X | K103: =COUNTIF(G103:J103,"X") -> 4 | L103: =K103*100000 -> 400000
... A108: 95 | B108: 52 | E108: Tu La | F108: CNKT | G108: X | H108: X | I108: X | J108: X | K108: =COUNTIF(G108:J108,"X") -> 4 | L108: =K108*100000 -> 400000
A109: 96 | B109: 53 | E109: Noi | F109: CNKT | G109: X | J109: X | K109: =COUNTIF(G109:J109,"X") -> 2 | L109: =K109*100000 -> 200000
A110: 97 | B110: 54 | E110: Hăm Nọi | F110: CNKT | G110: X | H110: X | I110: X | J110: X | K110: =COUNTIF(G110:J110,"X") -> 4 | L110: =K110*100000 -> 400000
A111: 98 | B111: 55 | E111: Pheng Phăn | F111: CNKT | G111: X | H111: X | I111: X | J111: X | K111: =COUNTIF(G111:J111,"X") -> 4 | L111: =K111*100000 -> 400000
A112: ĐỘI 3 | G112: =COUNTIF(G113:G205,"X") -> 86 | H112: =COUNTIF(H113:H205,"X") -> 81 | I112: =COUNTIF(I113:I205,"X") -> 63 | J112: =COUNTIF(J113:J205,"X") -> 65 | K112: =SUM(K113:K205) -> 295 | L112: =SUM(L113:L205) -> 29500000 | O112: =+G112+G206+G218 -> 104 | P112: =+H112+H206+H218 -> 99 | Q112: =+I112+I206+I218 -> 76 | R112: =+J112+J206+J218 -> 83
A113: 99 | B113: 1 | E113: Bôn | F113: CNKT | G113: X | J113: X | K113: =COUNTIF(G113:J113,"X") -> 2 | L113: =K113*100000 -> 200000 | O113: 0 | R113: =111-33 -> 78
A114: 100 | B114: 2 | E114: E | F114: CNKT | G114: X | H114: X | I114: X | J114: X | K114: =COUNTIF(G114:J114,"X") -> 4 | L114: =K114*100000 -> 400000 | N114: CN | O114: 72 | R114: =111-24 -> 87
A115: 101 | B115: 3 | E115: Khương | F115: CNKT | G115: X | H115: X | I115: X | J115: X | K115: =COUNTIF(G115:J115,"X") -> 4 | L115: =K115*100000 -> 400000 | N115: CN | O115: 45 | R115: =111-24 -> 87
A116: 102 | B116: 4 | E116: Nít Ni Lanh | F116: CNKT | G116: X | H116: X | I116: X | J116: X | K116: =COUNTIF(G116:J116,"X") -> 4 | L116: =K116*100000 -> 400000 | N116: CN | O116: 45
A117: 103 | B117: 5 | E117: Chec | F117: CNKT | G117: X | H117: X | I117: X | J117: X | K117: =COUNTIF(G117:J117,"X") -> 4 | L117: =K117*100000 -> 400000 | N117: CN | O117: 40
A118: 104 | B118: 6 | E118: Tảnh | F118: CNKT | G118: X | H118: X | K118: =COUNTIF(G118:J118,"X") -> 2 | L118: =K118*100000 -> 200000 | N118: CN | O118: 84
A119: 105 | B119: 7 | E119: Xay (3) | F119: CNKT | G119: X | H119: X | I119: X | J119: X | K119: =COUNTIF(G119:J119,"X") -> 4 | L119: =K119*100000 -> 400000 | N119: CN | O119: 52
A120: 106 | B120: 8 | E120: Xôn | F120: CNKT | G120: X | H120: X | I120: X | J120: X | K120: =COUNTIF(G120:J120,"X") -> 4 | L120: =K120*100000 -> 400000 | N120: CN | O120: 58
A121: 107 | B121: 9 | E121: Phum Hom | F121: CNKT | G121: X | H121: X | I121: X | J121: X | K121: =COUNTIF(G121:J121,"X") -> 4 | L121: =K121*100000 -> 400000 | N121: CN | O121: 62
A122: 108 | B122: 10 | E122: Pa Lay | F122: CNKT | G122: X | K122: =COUNTIF(G122:J122,"X") -> 1 | L122: =K122*100000 -> 100000 | O122: 0
A123: 109 | B123: 11 | E123: Măm | F123: CNKT | G123: X | H123: X | I123: X | K123: =COUNTIF(G123:J123,"X") -> 3 | L123: =K123*100000 -> 300000 | N123: CN | O123: 67
A124: 110 | B124: 12 | E124: Muôi | F124: CNKT | G124: X | H124: X | I124: X | J124: X | K124: =COUNTIF(G124:J124,"X") -> 4 | L124: =K124*100000 -> 400000 | N124: CN | O124: 55
A125: 111 | B125: 13 | E125: Vat Sa Na | F125: CNKT | G125: X | H125: X | I125: X | J125: X | K125: =COUNTIF(G125:J125,"X") -> 4 | L125: =K125*100000 -> 400000 | N125: CN | O125: 146
A126: 112 | B126: 14 | E126: Xi La | F126: CNKT | G126: X | H126: X | I126: X | J126: X | K126: =COUNTIF(G126:J126,"X") -> 4 | L126: =K126*100000 -> 400000 | N126: CN | O126: 147
A127: 113 | B127: 15 | E127: Me Nhon | F127: CNKT | G127: X | H127: X | J127: X | K127: =COUNTIF(G127:J127,"X") -> 3 | L127: =K127*100000 -> 300000 | N127: CN | O127: 64
A128: 114 | B128: 16 | E128: Ten (3) | F128: CNKT | G128: X | H128: X | J128: X | K128: =COUNTIF(G128:J128,"X") -> 3 | L128: =K128*100000 -> 300000 | N128: CN | O128: 71
A129: 115 | B129: 17 | E129: Ki | F129: CNKT | G129: X | H129: X | I129: X | J129: X | K129: =COUNTIF(G129:J129,"X") -> 4 | L129: =K129*100000 -> 400000 | N129: CN | O129: 65
A130: 116 | B130: 18 | E130: Phết (3) | F130: CNKT | G130: X | H130: X | I130: X | J130: X | K130: =COUNTIF(G130:J130,"X") -> 4 | L130: =K130*100000 -> 400000 | N130: CN | O130: 60
A131: 117 | B131: 19 | E131: Phon (3) | F131: CNKT | G131: X | H131: X | I131: X | J131: X | K131: =COUNTIF(G131:J131,"X") -> 4 | L131: =K131*100000 -> 400000 | N131: CN | O131: 58
A132: 118 | B132: 20 | E132: Nang Vone | F132: CNKT | G132: X | K132: =COUNTIF(G132:J132,"X") -> 1 | L132: =K132*100000 -> 100000 | O132: 0
...

Sheet LƯƠNG GIA THUỘC THÁNG 11
A1: CỘNG HOÀ DÂN CHỦ NHÂN DÂN LÀO
A2: Hoà bình - Độc lập - Dân chủ - Thống nhất - Thịnh vượng
A3: ----oOo----
A4: CÔNG TY TNHH CỔ PHẦN QUASA - GERUCO LÀO
A5: NÔNG TRƯỜNG CAO SU SỐ 1
A6: BẢNG LƯƠNG CB QUẢN LÝ & CN TRỰC TIẾP NGƯỜI LÀO THÁNG 11 NĂM 2024
D8: Tỷ giá Bath qua Kip | F8: 660
A10: Stt | B10: Mã nhân viên | C10: Lào | D10: Việt Nam | E10: Chức vụ | F10: Ký tên | G10: Lương | J10: Tổng tiền lương | K10: Thưởng hoàn thanh nước rút | L10: Thuế TNCN | M10: Tiền lương còn lại | N10: Ghi chú
G11: Lương chăm sóc | H11: Lương sản lượng | I11: Lương phụ cấp
A12: ì© | C12: §ˆ²¾¦¾ì¾¸ | D12: §ˆ²¾¦¾¹¸¼© | E12: ª¿ÁÎÈ¤ | G12: ¸ñ­¤¾­ | H12: À¤ò­À©õº­ª¾ ´°½ìò©ª½²ñ­ | I12: º÷©Îø­¡ó©µ¾¤* | J12: ລວມເປັນເເງິນ | K12: ì¸´À¤ò­»ñ® | L12: º¾¡º­ì¾¨ Ä©É | M12: À¤ò­»ñ ®ªö¸¥ò¤
A13: 1 | C13: ອ່ວນ | D13: Sủng | E13: CNKT | G13: 40000 | H13: 614840.62 | I13: 118679 | J13: =SUM(G13:I13) -> 773519.62 | M13: =J13-L13 -> 773519.62 | O13: =1300000-M13 -> 526480.38
A14: 2 | C14: ຕອງ | D14: Thảo Mút | E14: CNKT | G14: 40000 | H14: 554373.1 | I14: 107985.27 | J14: =SUM(G14:I14) -> 702358.37 | M14: =J14-L14 -> 702358.37 | O14: =MIN(M14:M193,M195:M524,M526:M1097,M1099:M1141,M1143:M1183,M1185:M1694,M1696:M2162,M2164:M2552) -> 544338.9
A15: 3 | B15: =VLOOKUP(D15,'[1]DS CN MOI UP'!$B$11:$C$447,2,0) -> 02429 | C15: ຄຳບຸນ | D15: Nang Thôn | E15: CNKT | G15: 40000 | H15: 554373.1 | I15: 106506.79 | J15: =SUM(G15:I15) -> 700879.89 | M15: =J15-L15 -> 700879.89
A16: 4 | B16: =VLOOKUP(D16,'[1]DS CN MOI UP'!$B$11:$C$447,2,0) -> #N/A | C16: ນ ວັນ | D16: Khai Thong | E16: CNKT | G16: 40000 | H16: 554373.1 | I16: 75304.754 | J16: =SUM(G16:I16) -> 669677.85 | M16: =J16-L16 -> 669677.85
A17: 5 | B17: =VLOOKUP(D17,'[1]DS CN MOI UP'!$B$11:$C$447,2,0) -> 02431 | C17: ນ ວັນ | D17: Xăm Phon | E17: CNKT | G17: 40000 | H17: 635040.19 | I17: 150609.51 | J17: =SUM(G17:I17) -> 825649.7 | M17: =J17-L17 -> 825649.7
A18: 6 | B18: =VLOOKUP(D18,'[1]DS CN MOI UP'!$B$11:$C$447,2,0) -> #N/A | C18: ນ ວັນ | D18: Nang Tìng | E18: CNKT | G18: 40000 | H18: 544338.9 | I18: 146532.6 | J18: =SUM(G18:I18) -> 730871.5 | M18: =J18-L18 -> 730871.5
A19: 7 | B19: =VLOOKUP(D19,'[1]DS CN MOI UP'!$B$11:$C$447,2,0) -> 02433 | C19: ນ ວັນ | D19: Me Đuông | E19: CNKT | G19: 40000 | H19: 574572.66 | I19: 107519.12 | J19: =SUM(G19:I19) -> 722091.79 | M19: =J19-L19 -> 722091.79
A20: 8 | B20: =VLOOKUP(D20,'[1]DS CN MOI UP'!$B$11:$C$447,2,0) -> #N/A | C20: ນ ວັນ | D20: Xơi | E20: CNKT | G20: 40000 | H20: 604806.43 | I20: 109019.12 | J20: =SUM(G20:I20) -> 753825.55 | M20: =J20-L20 -> 753825.55
A21: 9 | B21: =VLOOKUP(D21,'[1]DS CN MOI UP'!$B$11:$C$447,2,0) -> 03436 | C21: ນ ວັນ | D21: Sắt | E21: CNKT | G21: 40000 | H21: 584606.86 | I21: 229728.84 | J21: =SUM(G21:I21) -> 854335.7 | M21: =J21-L21 -> 854335.7
A22: 10 | B22: =VLOOKUP(D22,'[1]DS CN MOI UP'!$B$11:$C$447,2,0) -> 02638 | C22: ນ ວັນ | D22: Đăm | E22: CNKT | G22: 40000 | H22: 635040.19 | I22: 193212.23 | J22: =SUM(G22:I22) -> 868252.41 | M22: =J22-L22 -> 868252.41
A23: 11 | B23: =VLOOKUP(D23,'[1]DS CN MOI UP'!$B$11:$C$447,2,0) -> 02437 | C23: ນ ວັນ | D23: Bun Nác | E23: CNKT | G23: 40000 | H23: 524139.34 | I23: 524139.34 | J23: =SUM(G23:I23) -> 1088278.7 | M23: =J23-L23 -> 1088278.7
A24: 12 | B24: =VLOOKUP(D24,'[1]DS CN MOI UP'!$B$11:$C$447,2,0) -> 02438 | C24: ນ ວັນ | D24: Nàng Chăn A | E24: CNKT | G24: 40000 | H24: 635040.19 | I24: 524139.34 | J24: =SUM(G24:I24) -> 1199179.5 | M24: =J24-L24 -> 1199179.5
A25: 13 | B25: =VLOOKUP(D25,'[1]DS CN MOI UP'!$B$11:$C$447,2,0) -> 02440 | C25: ນ ວັນ | D25: Thô | E25: CNKT | G25: 40000 | H25: 635040.19 | I25: 524139.34 | J25: =SUM(G25:I25) -> 1199179.5 | M25: =J25-L25 -> 1199179.5
A26: 14 | B26: =VLOOKUP(D26,'[1]DS CN MOI UP'!$B$11:$C$447,2,0) -> 02442 | C26: ນ ວັນ | D26: Nang Thong | E26: CNKT | G26: 40000 | H26: 554373.1 | I26: 524139.34 | J26: =SUM(G26:I26) -> 1118512.4 | M26: =J26-L26 -> 1118512.4
... A33: 21 | B33: =VLOOKUP(D33,'[1]DS CN MOI UP'!$B$11:$C$447,2,0) -> #N/A | C33: ແຕງ | D33: Thảo Nọi | E33: CNKT | G33: 40000 | H33: 554373.1 | I33: 554373.1 | J33: =SUM(G33:I33) -> 1148746.2 | M33: =J33-L33 -> 1148746.2
A34: 22 | B34: =VLOOKUP(D34,'[1]DS CN MOI UP'!$B$11:$C$447,2,0) -> #N/A | C34: ແຕງ | D34: Phò Thiêm | E34: CNKT | H34: 635040.19 | I34: 635040.19 | J34: =SUM(G34:I34) -> 1270080.4 | M34: =J34-L34 -> 1270080.4
A35: 23 | B35: =VLOOKUP(D35,'[1]DS CN MOI UP'!$B$11:$C$447,2,0) -> #N/A | C35: ແຕງ | D35: Nàng Nun | E35: CNKT | G35: 40000 | H35: 544338.9 | I35: 544338.9 | J35: =SUM(G35:I35) -> 1128677.8 | M35: =J35-L35 -> 1128677.8
A36: 24 | B36: =VLOOKUP(D36,'[1]DS CN MOI UP'!$B$11:$C$447,2,0) -> #N/A | C36: ແຕງ | D36: Thảo Bổ | E36: CNKT | G36: 40000 | H36: 574572.66 | I36: 574572.66 | J36: =SUM(G36:I36) -> 1189145.3 | M36: =J36-L36 -> 1189145.3
A37: 25 | B37: =VLOOKUP(D37,'[1]DS CN MOI UP'!$B$11:$C$447,2,0) -> #N/A | C37: ແຕງ | D37: Nàng Tủi | E37: CNKT | G37: 40000 | H37: 604806.43 | I37: 604806.43 | J37: =SUM(G37:I37) -> 1249612.9 | M37: =J37-L37 -> 1249612.9
A38: 26 | B38: =VLOOKUP(D38,'[1]DS CN MOI UP'!$B$11:$C$447,2,0) -> #N/A | C38: ແຕງ | D38: Nang Miu | E38: CNKT | G38: 40000 | H38: 584606.86 | I38: 584606.86 | J38: =SUM(G38:I38) -> 1209213.7 | M38: =J38-L38 -> 1209213.7
A39: 27 | B39: =VLOOKUP(D39,'[1]DS CN MOI UP'!$B$11:$C$447,2,0) -> 03442 | C39: ແຕງ | D39: Lec | E39: CNKT | H39: 635040.19 | I39: 635040.19 | J39: =SUM(G39:I39) -> 1270080.4 | M39: =J39-L39 -> 1270080.4
A40: 28 | B40: =VLOOKUP(D40,'[1]DS CN MOI UP'!$B$11:$C$447,2,0) -> 03439 | C40: ແຕງ | D40: Khu | E40: CNKT | G40: 40000 | H40: 524139.34 | I40: 524139.34 | J40: =SUM(G40:I40) -> 1088278.7 | M40: =J40-L40 -> 1088278.7
A41: 29 | B41: =VLOOKUP(D41,'[1]DS CN MOI UP'!$B$11:$C$447,2,0) -> #N/A | C41: ແຕງ | D41: Hài | E41: CNKT | G41: 40000 | H41: 554373.1 | I41: 554373.1 | J41: =SUM(G41:I41) -> 1148746.2 | M41: =J41-L41 -> 1148746.2
A42: 30 | B42: =VLOOKUP(D42,'[1]DS CN MOI UP'!$B$11:$C$447,2,0) -> 03443 | C42: ແຕງ | D42: Chun | E42: CNKT | G42: 40000 | H42: 554373.1 | I42: 265581.23 | J42: =SUM(G42:I42) -> 859954.33 | M42: =J42-L42 -> 859954.33
A43: 31 | B43: =VLOOKUP(D43,'[1]DS CN MOI UP'!$B$11:$C$447,2,0) -> #N/A | C43: ແຕງ | D43: Phò Đon | E43: CNKT | G43: 40000 | H43: 614840.62 | I43: 118679 | J43: =SUM(G43:I43) -> 773519.62 | M43: =J43-L43 -> 773519.62
A44: 32 | B44: =VLOOKUP(D44,'[1]DS CN MOI UP'!$B$11:$C$447,2,0) -> 03446 | C44: ແຕງ | D44: Thảo Công | E44: CNKT | G44: 40000 | H44: 554373.1 | I44: 107985.27 | J44: =SUM(G44:I44) -> 702358.37 | M44: =J44-L44 -> 702358.37
A45: 33 | B45: =VLOOKUP(D45,'[1]DS CN MOI UP'!$B$11:$C$447,2,0) -> 03440 | C45: ແຕງ | D45: Xeng | E45: CNKT | G45: 40000 | H45: 554373.1 | I45: 106506.79 | J45: =SUM(G45:I45) -> 700879.89 | M45: =J45-L45 -> 700879.89
A46: 34 | B46: =VLOOKUP(D46,'[1]DS CN MOI UP'!$B$11:$C$447,2,0) -> 03852 | C46: ແຕງ | D46: Na Ly | E46: CNKT | G46: 40000 | H46: 554373.1 | I46: 75304.754 | J46: =SUM(G46:I46) -> 669677.85 | M46: =J46-L46 -> 669677.85
A47: 35 | B47: =VLOOKUP(D47,'[1]DS CN MOI UP'!$B$11:$C$447,2,0) -> #N/A | C47: ແຕງ | D47: Ngui | E47: CNKT | G47: 40000 | H47: 635040.19 | I47: 150609.51 | J47: =SUM(G47:I47) -> 825649.7 | M47: =J47-L47 -> 825649.7
A48: 36 | B48: =VLOOKUP(D48,'[1]DS CN MOI UP'!$B$11:$C$447,2,0) -> #N/A | C48: ແຕງ | D48: Ca Lo | E48: CNKT | G48: 40000 | H48: 544338.9 | I48: 146532.6 | J48: =SUM(G48:I48) -> 730871.5 | M48: =J48-L48 -> 730871.5
A49: 37 | B49: =VLOOKUP(D49,'[1]DS CN MOI UP'!$B$11:$C$447,2,0) -> #N/A | C49: ແຕງ | D49: Ký | E49: CNKT | G49: 40000 | H49: 574572.66 | I49: 107519.12 | J49: =SUM(G49:I49) -> 722091.79 | M49: =J49-L49 -> 722091.79
A50: 38 | B50: =VLOOKUP(D50,'[1]DS CN MOI UP'!$B$11:$C$447,2,0) -> #N/A | C50: ແຕງ | D50: Xa Thít | E50: CNKT | G50: 40000 | H50: 604806.43 | I50: 109019.12 | J50: =SUM(G50:I50) -> 753825.55 | M50: =J50-L50 -> 753825.55
A51: 39 | B51: =VLOOKUP(D51,'[1]DS CN MOI UP'!$B$11:$C$447,2,0) -> #N/A | C51: ແຕງ | D51: Ting Nọi | E51: CNKT | G51: 40000 | H51: 584606.86 | I51: 229728.84 | J51: =SUM(G51:I51) -> 854335.7 | M51: =J51-L51 -> 854335.7
... A55: 43 | B55: =VLOOKUP(D55,'[1]DS CN MOI UP'!$B$11:$C$447,2,0) -> 03438 | C55: ແຕງ | D55: Nàng Ni | E55: CNKT | G55: 40000 | H55: 635040.19 | I55: 524139.34 | J55: =SUM(G55:I55) -> 1199179.5 | M55: =J55-L55 -> 1199179.5
A56: 44 | C56: ຕອງ | D56: Xang | E56: CNKT | G56: 40000 | H56: 554373.1 | I56: 524139.34 | J56: =SUM(G56:I56) -> 1118512.4 | M56: =J56-L56 -> 1118512.4
A57: 45 | B57: =VLOOKUP(D57,'[1]DS CN MOI UP'!$B$11:$C$447,2,0) -> 03432 | C57: ຄຳບຸນ | D57: Me Pê | E57: CNKT | G57: 40000 | H57: 635040.19 | I57: 524139.34 | J57: =SUM(G57:I57) -> 1199179.5 | M57: =J57-L57 -> 1199179.5
A58: 46 | B58: =VLOOKUP(D58,'[1]DS CN MOI UP'!$B$11:$C$447,2,0) -> 02680 | C58: ນ ວັນ | D58: Thảo Pha | E58: CNKT | G58: 40000 | H58: 635040.19 | I58: 524139.34 | J58: =SUM(G58:I58) -> 1199179.5 | M58: =J58-L58 -> 1199179.5
A59: 47 | B59: =VLOOKUP(D59,'[1]DS CN MOI UP'!$B$11:$C$447,2,0) -> 03444 | C59: ນ ວັນ | D59: Nàng Nọi | E59: CNKT | G59: 40000 | H59: 635040.19 | I59: 524139.34 | J59: =SUM(G59:I59) -> 1199179.5 | M59: =J59-L59 -> 1199179.5
A60: 48 | B60: =VLOOKUP(D60,'[1]DS CN MOI UP'!$B$11:$C$447,2,0) -> #N/A | C60: ນ ວັນ | D60: Chăm Pa Thong | E60: CNKT | G60: 40000 | H60: 614840.62 | I60: 614840.62 | J60: =SUM(G60:I60) -> 1269681.2 | M60: =J60-L60 -> 1269681.2
A61: 49 | B61: =VLOOKUP(D61,'[1]DS CN MOI UP'!$B$11:$C$447,2,0) -> #N/A | C61: ນ ວັນ | D61: Om | E61: CNKT | G61: 40000 | H61: 554373.1 | I61: 554373.1 | J61: =SUM(G61:I61) -> 1148746.2 | M61: =J61-L61 -> 1148746.2
A62: 50 | B62: =VLOOKUP(D62,'[1]DS CN MOI UP'!$B$11:$C$447,2,0) -> #N/A | C62: ນ ວັນ | D62: Vay | E62: CNKT | G62: 40000 | H62: 554373.1 | I62: 554373.1 | J62: =SUM(G62:I62) -> 1148746.2 | M62: =J62-L62 -> 1148746.2
A63: 51 | B63: =VLOOKUP(D63,'[1]DS CN MOI UP'!$B$11:$C$447,2,0) -> #N/A | C63: ນ ວັນ | D63: Dom | E63: CNKT | G63: 40000 | H63: 554373.1 | I63: 554373.1 | J63: =SUM(G63:I63) -> 1148746.2 | M63: =J63-L63 -> 1148746.2
A64: 52 | B64: =VLOOKUP(D64,'[1]DS CN MOI UP'!$B$11:$C$447,2,0) -> 03433 | C64: ນ ວັນ | D64: Thảo chòi | E64: CNKT | H64: 635040.19 | I64: 635040.19 | J64: =SUM(G64:I64) -> 1270080.4 | M64: =J64-L64 -> 1270080.4
A65: 53 | B65: =VLOOKUP(D65,'[1]DS CN MOI UP'!$B$11:$C$447,2,0) -> 03427 | C65: ນ ວັນ | D65: Thảo In | E65: CNKT | G65: 40000 | H65: 544338.9 | I65: 544338.9 | J65: =SUM(G65:I65) -> 1128677.8 | M65: =J65-L65 -> 1128677.8
A66: 54 | B66: =VLOOKUP(D66,'[1]DS CN MOI UP'!$B$11:$C$447,2,0) -> #N/A | C66: ນ ວັນ | D66: Thảo Vê | E66: CNKT | G66: 40000 | H66: 574572.66 | I66: 574572.66 | J66: =SUM(G66:I66) -> 1189145.3 | M66: =J66-L66 -> 1189145.3
A67: 55 | B67: =VLOOKUP(D67,'[1]DS CN MOI UP'!$B$11:$C$447,2,0) -> #N/A | C67: ນ ວັນ | D67: Thảo Păng | E67: CNKT | G67: 40000 | H67: 604806.43 | I67: 604806.43 | J67: =SUM(G67:I67) -> 1249612.9 | M67: =J67-L67 -> 1249612.9
A68: 56 | B68: =VLOOKUP(D68,'[1]DS CN MOI UP'!$B$11:$C$447,2,0) -> #N/A | C68: ນ ວັນ | D68: Na Đi | E68: CNKT | G68: 40000 | H68: 584606.86 | I68: 584606.86 | J68: =SUM(G68:I68) -> 1209213.7 | M68: =J68-L68 -> 1209213.7
A69: 57 | B69: =VLOOKUP(D69,'[1]DS CN MOI UP'!$B$11:$C$447,2,0) -> #N/A | C69: ນ ວັນ | D69: Lâm Ngân (1) | E69: CNKT | H69: 635040.19 | I69: 635040.19 | J69: =SUM(G69:I69) -> 1270080.4 | M69: =J69-L69 -> 1270080.4
A70: 58 | B70: =VLOOKUP(D70,'[1]DS CN MOI UP'!$B$11:$C$447,2,0) -> #N/A | C70: ແຕງ | D70: Nong Đeng | E70: CNKT | G70: 80000 | H70: 524139.34 | I70: 524139.34 | J70: =SUM(G70:I70) -> 1128278.7 | M70: =J70-L70 -> 1128278.7
A71: 59 | B71: =VLOOKUP(D71,'[1]DS CN MOI UP'!$B$11:$C$447,2,0) -> 02499 | C71: ແຕງ | D71: Đen | E71: CNKT | G71: 40000 | H71: 554373.1 | I71: 554373.1 | J71: =SUM(G71:I71) -> 1148746.2 | M71: =J71-L71 -> 1148746.2
A72: 60 | B72: =VLOOKUP(D72,'[1]DS CN MOI UP'!$B$11:$C$447,2,0) -> #N/A | C72: ແຕງ | D72: Cong Li | E72: CNKT | G72: 40000 | H72: 554373.1 | I72: 554373.1 | J72: =SUM(G72:I72) -> 1148746.2 | M72: =J72-L72 -> 1148746.2
A73: 61 | B73: =VLOOKUP(D73,'[1]DS CN MOI UP'!$B$11:$C$447,2,0) -> 02594 | C73: ແຕງ | D73: Bun | E73: CNKT | G73: 40000 | H73: 614840.62 | I73: 554373.1 | J73: =SUM(G73:I73) -> 1209213.7 | M73: =J73-L73 -> 1209213.7
A74: 62 | B74: =VLOOKUP(D74,'[1]DS CN MOI UP'!$B$11:$C$447,2,0) -> #N/A | C74: ແຕງ | D74: Cong | E74: CNKT | G74: 40000 | H74: 614840.62 | I74: 554373.1 | J74: =SUM(G74:I74) -> 1209213.7 | M74: =J74-L74 -> 1209213.7
A75: 63 | B75: =VLOOKUP(D75,'[1]DS CN MOI UP'!$B$11:$C$447,2,0) -> #N/A | C75: ແຕງ | D75: Khăm Bun | E75: CNKT | G75: 40000 | H75: 614840.62 | I75: 554373.1 | J75: =SUM(G75:I75) -> 1209213.7 | M75: =J75-L75 -> 1209213.7
A76: 64 | B76: =VLOOKUP(D76,'[1]DS CN MOI UP'!$B$11:$C$447,2,0) -> #N/A | C76: ແຕງ | D76: Bô Nát | E76: CNKT | G76: 40000 | H76: 614840.62 | I76: 554373.1 | J76: =SUM(G76:I76) -> 1209213.7 | M76: =J76-L76 -> 1209213.7
A77: 65 | B77: =VLOOKUP(D77,'[1]DS CN MOI UP'!$B$11:$C$447,2,0) -> #N/A | C77: ແຕງ | D77: Xiểng Miệng | E77: CNKT | G77: 40000 | H77: 614840.62 | I77: 554373.1 | J77: =SUM(G77:I77) -> 1209213.7 | M77: =J77-L77 -> 1209213.7
A78: 66 | B78: =VLOOKUP(D78,'[1]DS CN MOI UP'!$B$11:$C$447,2,0) -> #N/A | C78: ແຕງ | D78: Nang Vanh | E78: CNKT | G78: 40000 | H78: 544338.9 | I78: 554373.1 | J78: =SUM(G78:I78) -> 1138712 | M78: =J78-L78 -> 1138712
A79: 67 | B79: =VLOOKUP(D79,'[1]DS CN MOI UP'!$B$11:$C$447,2,0) -> #N/A | C79: ແຕງ | D79: Nang | E79: CNKT | G79: 40000 | H79: 574572.66 | I79: 554373.1 | J79: =SUM(G79:I79) -> 1168945.8 | M79: =J79-L79 -> 1168945.8
A80: 68 | B80: =VLOOKUP(D80,'[1]DS CN MOI UP'!$B$11:$C$447,2,0) -> 02437 | C80: ແຕງ | D80: Bun Nác | E80: CNKT | G80: 40000 | H80: 604806.43 | I80: 554373.1 | J80: =SUM(G80:I80) -> 1199179.5 | M80: =J80-L80 -> 1199179.5
A81: 69 | B81: =VLOOKUP(D81,'[1]DS CN MOI UP'!$B$11:$C$447,2,0) -> #N/A | C81: ແຕງ | D81: Nàng Nga | E81: CNKT | G81: 40000 | H81: 584606.86 | I81: 554373.1 | J81: =SUM(G81:I81) -> 1178980 | M81: =J81-L81 -> 1178980
... A93: 81 | B93: =VLOOKUP(D93,'[1]DS CN MOI UP'!$B$11:$C$447,2,0) -> #N/A | C93: ແຕງ | D93: Khăm Bun | E93: CNKT | G93: 40000 | H93: 554373.1 | I93: 554373.1 | J93: =SUM(G93:I93) -> 1148746.2 | M93: =J93-L93 -> 1148746.2
A94: 82 | B94: =VLOOKUP(D94,'[1]DS CN MOI UP'!$B$11:$C$447,2,0) -> #N/A | C94: ແຕງ | D94: Khụ | E94: CNKT | H94: 635040.19 | I94: 635040.19 | J94: =SUM(G94:I94) -> 1270080.4 | M94: =J94-L94 -> 1270080.4
A95: 83 | B95: =VLOOKUP(D95,'[1]DS CN MOI UP'!$B$11:$C$447,2,0) -> #N/A | C95: ແຕງ | D95: Phê | E95: CNKT | G95: 40000 | H95: 544338.9 | I95: 544338.9 | J95: =SUM(G95:I95) -> 1128677.8 | M95: =J95-L95 -> 1128677.8
A96: 84 | B96: =VLOOKUP(D96,'[1]DS CN MOI UP'!$B$11:$C$447,2,0) -> #N/A | C96: ແຕງ | D96: Làm Phiềng | E96: CNKT | G96: 40000 | H96: 574572.66 | I96: 574572.66 | J96: =SUM(G96:I96) -> 1189145.3 | M96: =J96-L96 -> 1189145.3
A97: 85 | B97: =VLOOKUP(D97,'[1]DS CN MOI UP'!$B$11:$C$447,2,0) -> #N/A | C97: ແຕງ | D97: Lam | E97: CNKT | G97: 40000 | H97: 604806.43 | I97: 604806.43 | J97: =SUM(G97:I97) -> 1249612.9 | M97: =J97-L97 -> 1249612.9
A98: 86 | C98: ຕອງ | D98: Pu | E98: CNKT | H98: 554373.1 | I98: 604806.43 | J98: =SUM(G98:I98) -> 1159179.5 | M98: =J98-L98 -> 1159179.5
A99: 87 | B99: =VLOOKUP(D99,'[1]DS CN MOI UP'!$B$11:$C$447,2,0) -> #N/A | C99: ຄຳບຸນ | D99: Tôn | E99: CNKT | H99: 554373.1 | I99: 604806.43 | J99: =SUM(G99:I99) -> 1159179.5 | M99: =J99-L99 -> 1159179.5
A100: 88 | B100: =VLOOKUP(D100,'[1]DS CN MOI UP'!$B$11:$C$447,2,0) -> #N/A | C100: ນ ວັນ | D100: Nàng Híp | E100: CNKT | H100: 554373.1 | I100: 604806.43 | J100: =SUM(G100:I100) -> 1159179.5 | M100: =J100-L100 -> 1159179.5
A101: 89 | B101: =VLOOKUP(D101,'[1]DS CN MOI UP'!$B$11:$C$447,2,0) -> #N/A | C101: ນ ວັນ | D101: Khăn Ta | E101: CNKT | H101: 635040.19 | I101: 604806.43 | J101: =SUM(G101:I101) -> 1239846.6 | M101: =J101-L101 -> 1239846.6
A102: 90 | B102: =VLOOKUP(D102,'[1]DS CN MOI UP'!$B$11:$C$447,2,0) -> #N/A | C102: ນ ວັນ | D102: Phươn | E102: CNKT | H102: 544338.9 | I102: 604806.43 | J102: =SUM(G102:I102) -> 1149145.3 | M102: =J102-L102 -> 1149145.3
A103: 91 | B103: =VLOOKUP(D103,'[1]DS CN MOI UP'!$B$11:$C$447,2,0) -> 02622 | C103: ນ ວັນ | D103: Thôn | E103: CNKT | H103: 574572.66 | I103: 604806.43 | J103: =SUM(G103:I103) -> 1179379.1 | M103: =J103-L103 -> 1179379.1
A104: 92 | B104: =VLOOKUP(D104,'[1]DS CN MOI UP'!$B$11:$C$447,2,0) -> #N/A | C104: ນ ວັນ | D104: Điêu | E104: CNKT | H104: 604806.43 | I104: 604806.43 | J104: =SUM(G104:I104) -> 1209612.9 | M104: =J104-L104 -> 1209612.9
A105: 93 | B105: =VLOOKUP(D105,'[1]DS CN MOI UP'!$B$11:$C$447,2,0) -> #N/A | C105: ນ ວັນ | D105: Mút | E105: CNKT | H105: 584606.86 | I105: 604806.43 | J105: =SUM(G105:I105) -> 1189413.3 | M105: =J105-L105 -> 1189413.3
A106: 94 | B106: =VLOOKUP(D106,'[1]DS CN MOI UP'!$B$11:$C$447,2,0) -> #N/A | C106: ນ ວັນ | D106: Phơi | E106: CNKT | H106: 635040.19 | I106: 604806.43 | J106: =SUM(G106:I106) -> 1239846.6 | M106: =J106-L106 -> 1239846.6
A107: 95 | B107: =VLOOKUP(D107,'[1]DS CN MOI UP'!$B$11:$C$447,2,0) -> #N/A | C107: ນ ວັນ | D107: Lầm Xi | E107: CNKT | H107: 524139.34 | I107: 524139.34 | J107: =SUM(G107:I107) -> 1048278.7 | M107: =J107-L107 -> 1048278.7
A108: 96 | B108: =VLOOKUP(D108,'[1]DS CN MOI UP'!$B$11:$C$447,2,0) -> #N/A | C108: ນ ວັນ | D108: Chum | E108: CNKT | H108: 635040.19 | I108: 524139.34 | J108: =SUM(G108:I108) -> 1159179.5 | M108: =J108-L108 -> 1159179.5
A109: 97 | B109: =VLOOKUP(D109,'[1]DS CN MOI UP'!$B$11:$C$447,2,0) -> #N/A | C109: ນ ວັນ | D109: Chòi | E109: CNKT | H109: 635040.19 | I109: 524139.34 | J109: =SUM(G109:I109) -> 1159179.5 | M109: =J109-L109 -> 1159179.5
A110: 98 | B110: =VLOOKUP(D110,'[1]DS CN MOI UP'!$B$11:$C$447,2,0) -> 02691 | C110: ນ ວັນ | D110: Sun | E110: CNKT | H110: 635040.19 | I110: 524139.34 | J110: =SUM(G110:I110) -> 1159179.5 | M110: =J110-L110 -> 1159179.5
... A113: 101 | B113: =VLOOKUP(D113,'[1]DS CN MOI UP'!$B$11:$C$447,2,0) -> #N/A | C113: ແຕງ | D113: Chek | E113: CNKT | H113: 635040.19 | I113: 152246.34 | J113: =SUM(G113:I113) -> 787286.52 | M113: =J113-L113 -> 787286.52
A114: 102 | B114: =VLOOKUP(D114,'[1]DS CN MOI UP'!$B$11:$C$447,2,0) -> #N/A | C114: ແຕງ | D114: T. Thô | E114: CNKT | H114: 614840.62 | J114: =SUM(G114:I114) -> 614840.62 | M114: =J114-L114 -> 614840.62
A115: 103 | B115: =VLOOKUP(D115,'[1]DS CN MOI UP'!$B$11:$C$447,2,0) -> #N/A | C115: ແຕງ | D115: La | E115: CNKT | H115: 554373.1 | J115: =SUM(G115:I115) -> 554373.1 | M115: =J115-L115 -> 554373.1
A116: 104 | B116: =VLOOKUP(D116,'[1]DS CN MOI UP'!$B$11:$C$447,2,0) -> #N/A | C116: ແຕງ | D116: Ni | E116: CNKT | H116: 1250645 | J116: =SUM(G116:I116) -> 1250645 | M116: =J116-L116 -> 1250645
A117: 105 | B117: =VLOOKUP(D117,'[1]DS CN MOI UP'!$B$11:$C$447,2,0) -> #N/A | C117: ແຕງ | D117: Nàng Mi | E117: CNKT | H117: 554373.1 | J117: =SUM(G117:I117) -> 554373.1 | M117: =J117-L117 -> 554373.1
A118: 106 | B118: =VLOOKUP(D118,'[1]DS CN MOI UP'!$B$11:$C$447,2,0) -> #N/A | C118: ແຕງ | D118: Na Li | E118: CNKT | H118: 635040.19 | J118: =SUM(G118:I118) -> 635040.19 | M118: =J118-L118 -> 635040.19
A119: 107 | B119: =VLOOKUP(D119,'[1]DS CN MOI UP'!$B$11:$C$447,2,0) -> #N/A | C119: ແຕງ | D119: Cha Lon | E119: CNKT | H119: 544338.9 | J119: =SUM(G119:I119) -> 544338.9 | M119: =J119-L119 -> 544338.9
A120: 108 | B120: =VLOOKUP(D120,'[1]DS CN MOI UP'!$B$11:$C$447,2,0) -> #N/A | C120: ແຕງ | D120: Kong Chai | E120: CNKT | G120: 200000 | H120: 574572.66 | J120: =SUM(G120:I120) -> 774572.66 | M120: =J120-L120 -> 774572.66
A121: 109 | B121: =VLOOKUP(D121,'[1]DS CN MOI UP'!$B$11:$C$447,2,0) -> #N/A | C121: ແຕງ | D121: Thảo Súc | E121: CNKT | H121: 1148746.2 | J121: =SUM(G121:I121) -> 1148746.2 | M121: =J121-L121 -> 1148746.2
A122: 110 | B122: =VLOOKUP(D122,'[1]DS CN MOI UP'!$B$11:$C$447,2,0) -> #N/A | C122: ແຕງ | D122: Thảo | E122: CNKT | H122: 1270080.4 | J122: =SUM(G122:I122) -> 1270080.4 | M122: =J122-L122 -> 1270080.4
A123: 111 | B123: =VLOOKUP(D123,'[1]DS CN MOI UP'!$B$11:$C$447,2,0) -> 02433 | C123: ແຕງ | D123: Me Đuông | E123: CNKT | H123: 1128677.8 | J123: =SUM(G123:I123) -> 1128677.8 | M123: =J123-L123 -> 1128677.8
A124: 112 | B124: =VLOOKUP(D124,'[1]DS CN MOI UP'!$B$11:$C$447,2,0) -> #N/A | C124: ແຕງ | D124: Hỏm | E124: CNKT | H124: 1189145.3 | J124: =SUM(G124:I124) -> 1189145.3 | M124: =J124-L124 -> 1189145.3
...

Sheet CHẤM CÔNG Axit
A1: CÔNG TY TNHH CP QUASA-GERUCO | R1: CỘNG HÒA DÂN CHỦ NHÂN DÂN LÀO
A2: NÔNG TRƯỜNG 1 | R2: Hòa Bình - Độc Lập - Dân Chủ - Thống Nhất - Thịnh Vượng
R3: ----oOo----
A4: BẢNG CHẤM CÔNG THEO DÕI CHẤM CÔNG SỬ DỤNG AXIT ĐÁNH ĐÔNG THÁNG 06 NĂM 2024
A5: (Từ ngày 01 đến 30/06/2024)
A6: Stt | B6: MSNV | C6: Họ và tên | D6: Ngày công | AI6: Tổng số ngày làm việc | AJ6: Ký tên CN
D7: 1 | E7: 2 | F7: 3 | G7: 4 | H7: 5 | I7: 6 | J7: 7 | K7: 8 | L7: 9 | M7: 10 | N7: 11 | O7: 12 | P7: 13 | Q7: 14 | R7: 15 | S7: 16 | T7: 17 | U7: 18 | V7: 19 | W7: 20 | X7: 21 | Y7: 22 | Z7: 23 | AA7: 24 | AB7: 25 | AC7: 26 | AD7: 27 | AE7: 28 | AF7: 29 | AG7: 30 | AH7: 31
C8: Tên Việt
A9: Đội 1 | D9: =COUNTIF(D10:D52,"X")+COUNTIF(D10:D52,"CN") -> 0 | E9: =COUNTIF(E10:E52,"X")+COUNTIF(E10:E52,"CN") -> 0 | F9: =COUNTIF(F10:F52,"X")+COUNTIF(F10:F52,"CN") -> 0 | G9: =COUNTIF(G10:G52,"X")+COUNTIF(G10:G52,"CN") -> 0 | H9: =COUNTIF(H10:H52,"X")+COUNTIF(H10:H52,"CN") -> 0 | I9: =COUNTIF(I10:I52,"X")+COUNTIF(I10:I52,"CN") -> 0 | J9: =COUNTIF(J10:J52,"X")+COUNTIF(J10:J52,"CN") -> 0 | K9: =COUNTIF(K10:K52,"X")+COUNTIF(K10:K52,"CN") -> 0 | ... AH9: =COUNTIF(AH10:AH52,"X")+COUNTIF(AH10:AH52,"CN") -> 0 | AI9: =SUM(AI10:AI52) -> 0
A10: 1 | B10: =VLOOKUP(C10,'DS CN MOI UP'!$B$10:$C$347,2,0) -> #N/A | C10: Thô | AI10: =COUNTIF(D10:AH10,"X") -> 0
A11: 2 | B11: =VLOOKUP(C11,'DS CN MOI UP'!$B$10:$C$347,2,0) -> #N/A | C11: Mè Ta Van | AI11: =COUNTIF(D11:AH11,"X") -> 0
A12: 3 | B12: =VLOOKUP(C12,'DS CN MOI UP'!$B$10:$C$347,2,0) -> #N/A | C12: Ka Tho | AI12: =COUNTIF(D12:AH12,"X") -> 0
A13: 4 | B13: =VLOOKUP(C13,'DS CN MOI UP'!$B$10:$C$347,2,0) -> #N/A | C13: Tô Tộ | AI13: =COUNTIF(D13:AH13,"X") -> 0
A14: 5 | B14: =VLOOKUP(C14,'DS CN MOI UP'!$B$10:$C$347,2,0) -> #N/A | C14: Thảo In | AI14: =COUNTIF(D14:AH14,"X") -> 0
A15: 6 | B15: =VLOOKUP(C15,'DS CN MOI UP'!$B$10:$C$347,2,0) -> #N/A | C15: Cha La | AI15: =COUNTIF(D15:AH15,"X") -> 0
A16: 7 | B16: =VLOOKUP(C16,'DS CN MOI UP'!$B$10:$C$347,2,0) -> #N/A | C16: Nang Nga | AI16: =COUNTIF(D16:AH16,"X") -> 0
A17: 8 | B17: =VLOOKUP(C17,'DS CN MOI UP'!$B$10:$C$347,2,0) -> #N/A | C17: Viêng (1) | AI17: =COUNTIF(D17:AH17,"X") -> 0
A18: 9 | B18: =VLOOKUP(C18,'DS CN MOI UP'!$B$10:$C$347,2,0) -> #N/A | C18: Me Đuông | AI18: =COUNTIF(D18:AH18,"X") -> 0
A19: 10 | B19: =VLOOKUP(C19,'DS CN MOI UP'!$B$10:$C$347,2,0) -> #N/A | C19: Nang Môn | AI19: =COUNTIF(D19:AH19,"X") -> 0
A20: 11 | B20: =VLOOKUP(C20,'DS CN MOI UP'!$B$10:$C$347,2,0) -> #N/A | C20: Ziên | AI20: =COUNTIF(D20:AH20,"X") -> 0
A21: 12 | B21: =VLOOKUP(C21,'DS CN MOI UP'!$B$10:$C$347,2,0) -> #N/A | C21: Me Pê | AI21: =COUNTIF(D21:AH21,"X") -> 0
... A52: 43 | B52: =VLOOKUP(C52,'DS CN MOI UP'!$B$10:$C$347,2,0) -> #N/A | C52: Nang Hỏm | AI52: =COUNTIF(D52:AH52,"X") -> 0
A53: Đội 2 | B53: =VLOOKUP(C53,'DS CN MOI UP'!$B$10:$C$347,2,0) -> #N/A | D53: =COUNTIF(D54:D108,"X")+COUNTIF(D54:D108,"CN") -> 0 | E53: =COUNTIF(E54:E108,"X")+COUNTIF(E54:E108,"CN") -> 0 | F53: =COUNTIF(F54:F108,"X")+COUNTIF(F54:F108,"CN") -> 12 | G53: =COUNTIF(G54:G108,"X")+COUNTIF(G54:G108,"CN") -> 0 | H53: =COUNTIF(H54:H108,"X")+COUNTIF(H54:H108,"CN") -> 15 | I53: =COUNTIF(I54:I108,"X")+COUNTIF(I54:I108,"CN") -> 16 | J53: =COUNTIF(J54:J108,"X")+COUNTIF(J54:J108,"CN") -> 12 | K53: =COUNTIF(K54:K108,"X")+COUNTIF(K54:K108,"CN") -> 21 | ... AH53: =COUNTIF(AH54:AH108,"X")+COUNTIF(AH54:AH108,"CN") -> 0 | AI53: =SUM(AI54:AI108) -> 173
A54: 1 | B54: =VLOOKUP(C54,'DS CN MOI UP'!$B$10:$C$347,2,0) -> #N/A | C54: Lếc | AI54: =COUNTIF(D54:AH54,"X") -> 0
A55: 2 | B55: =VLOOKUP(C55,'DS CN MOI UP'!$B$10:$C$347,2,0) -> #N/A | C55: Hăm Lẹ | R55: X | T55: X | AI55: =COUNTIF(D55:AH55,"X") -> 2
A56: 3 | B56: =VLOOKUP(C56,'DS CN MOI UP'!$B$10:$C$347,2,0) -> #N/A | C56: Vông | F56: X | H56: X | O56: X | T56: X | AI56: =COUNTIF(D56:AH56,"X") -> 4
A57: 4 | B57: =VLOOKUP(C57,'DS CN MOI UP'!$B$10:$C$347,2,0) -> #N/A | C57: Ma Ni Son | H57: X | K57: X | Q57: X | R57: X | AI57: =COUNTIF(D57:AH57,"X") -> 4
A58: 5 | B58: =VLOOKUP(C58,'DS CN MOI UP'!$B$10:$C$347,2,0) -> #N/A | C58: Cong Ma | H58: X | Q58: X | U58: X | AI58: =COUNTIF(D58:AH58,"X") -> 3
A59: 6 | B59: =VLOOKUP(C59,'DS CN MOI UP'!$B$10:$C$347,2,0) -> #N/A | C59: Két | H59: X | K59: X | AI59: =COUNTIF(D59:AH59,"X") -> 2
A60: 7 | B60: =VLOOKUP(C60,'DS CN MOI UP'!$B$10:$C$347,2,0) -> #N/A | C60: Măn | AI60: =COUNTIF(D60:AH60,"X") -> 0
A61: 8 | B61: =VLOOKUP(C61,'DS CN MOI UP'!$B$10:$C$347,2,0) -> #N/A | C61: Soi | I61: X | K61: X | O61: X | AI61: =COUNTIF(D61:AH61,"X") -> 3
A62: 9 | B62: =VLOOKUP(C62,'DS CN MOI UP'!$B$10:$C$347,2,0) -> #N/A | C62: Pò Mòm | F62: X | I62: X | K62: X | O62: X | P62: X | Q62: X | T62: X | U62: X | AI62: =COUNTIF(D62:AH62,"X") -> 8
A63: 10 | B63: =VLOOKUP(C63,'DS CN MOI UP'!$B$10:$C$347,2,0) -> #N/A | C63: Pệt | AI63: =COUNTIF(D63:AH63,"X") -> 0
A64: 11 | B64: =VLOOKUP(C64,'DS CN MOI UP'!$B$10:$C$347,2,0) -> #N/A | C64: Khay Khăm | H64: X | O64: X | AI64: =COUNTIF(D64:AH64,"X") -> 2
A65: 12 | B65: =VLOOKUP(C65,'DS CN MOI UP'!$B$10:$C$347,2,0) -> #N/A | C65: Ô Lích | I65: X | K65: X | P65: X | R65: X | T65: X | U65: X | AI65: =COUNTIF(D65:AH65,"X") -> 6
A66: 13 | B66: =VLOOKUP(C66,'DS CN MOI UP'!$B$10:$C$347,2,0) -> #N/A | C66: Va Khăm | I66: X | K66: X | Q66: X | AI66: =COUNTIF(D66:AH66,"X") -> 3
A67: 14 | B67: =VLOOKUP(C67,'DS CN MOI UP'!$B$10:$C$347,2,0) -> #N/A | C67: Căn Nha | I67: X | R67: X | AI67: =COUNTIF(D67:AH67,"X") -> 2
A68: 15 | B68: =VLOOKUP(C68,'DS CN MOI UP'!$B$10:$C$347,2,0) -> #N/A | C68: Nọi (2) | P68: X | AI68: =COUNTIF(D68:AH68,"X") -> 1
A69: 16 | B69: =VLOOKUP(C69,'DS CN MOI UP'!$B$10:$C$347,2,0) -> #N/A | C69: Lợt | H69: X | K69: X | Q69: X | T69: X | AI69: =COUNTIF(D69:AH69,"X") -> 4
A70: 17 | B70: =VLOOKUP(C70,'DS CN MOI UP'!$B$10:$C$347,2,0) -> #N/A | C70: Ếch | H70: X | K70: X | O70: X | Q70: X | T70: X | AI70: =COUNTIF(D70:AH70,"X") -> 5
A71: 18 | B71: =VLOOKUP(C71,'DS CN MOI UP'!$B$10:$C$347,2,0) -> #N/A | C71: Hắm | AI71: =COUNTIF(D71:AH71,"X") -> 0
A72: 19 | B72: =VLOOKUP(C72,'DS CN MOI UP'!$B$10:$C$347,2,0) -> #N/A | C72: Híp | H72: X | J72: X | Q72: X | AI72: =COUNTIF(D72:AH72,"X") -> 3
A73: 20 | B73: =VLOOKUP(C73,'DS CN MOI UP'!$B$10:$C$347,2,0) -> #N/A | C73: Pử | AI73: =COUNTIF(D73:AH73,"X") -> 0
A74: 21 | B74: =VLOOKUP(C74,'DS CN MOI UP'!$B$10:$C$347,2,0) -> #N/A | C74: Mi | J74: X | K74: X | Q74: X | AI74: =COUNTIF(D74:AH74,"X") -> 3
A75: 22 | B75: =VLOOKUP(C75,'DS CN MOI UP'!$B$10:$C$347,2,0) -> #N/A | C75: Ừm | F75: X | I75: X | J75: X | K75: X | O75: X | Q75: X | T75: X | AI75: =COUNTIF(D75:AH75,"X") -> 7
A76: 23 | B76: =VLOOKUP(C76,'DS CN MOI UP'!$B$10:$C$347,2,0) -> #N/A | C76: Thông May | I76: X | O76: X | Q76: X | AI76: =COUNTIF(D76:AH76,"X") -> 3
A77: 24 | B77: =VLOOKUP(C77,'DS CN MOI UP'!$B$10:$C$347,2,0) -> #N/A | C77: Su Ki | Q77: X | U77: X | AI77: =COUNTIF(D77:AH77,"X") -> 2
A78: 25 | B78: =VLOOKUP(C78,'DS CN MOI UP'!$B$10:$C$347,2,0) -> #N/A | C78: Xút Chay | T78: X | U78: X | AI78: =COUNTIF(D78:AH78,"X") -> 2
A79: 26 | B79: =VLOOKUP(C79,'DS CN MOI UP'!$B$10:$C$347,2,0) -> #N/A | C79: Khăm Ma Ny | O79: X | T79: X | U79: X | AI79: =COUNTIF(D79:AH79,"X") -> 3
A80: 27 | B80: =VLOOKUP(C80,'DS CN MOI UP'!$B$10:$C$347,2,0) -> #N/A | C80: Lúi | AI80: =COUNTIF(D80:AH80,"X") -> 0
A81: 28 | B81: =VLOOKUP(C81,'DS CN MOI UP'!$B$10:$C$347,2,0) -> #N/A | C81: Thong Đeng | AI81: =COUNTIF(D81:AH81,"X") -> 0
A82: 29 | B82: =VLOOKUP(C82,'DS CN MOI UP'!$B$10:$C$347,2,0) -> #N/A | C82: Choi (2) | H82: X | K82: X | O82: X | P82: X | T82: X | U82: X | AI82: =COUNTIF(D82:AH82,"X") -> 6
A83: 30 | B83: =VLOOKUP(C83,'DS CN MOI UP'!$B$10:$C$347,2,0) -> #N/A | C83: Bua Pha | AI83: =COUNTIF(D83:AH83,"X") -> 0
A84: 31 | B84: =VLOOKUP(C84,'DS CN MOI UP'!$B$10:$C$347,2,0) -> #N/A | C84: Thong La | F84: X | H84: X | I84: X | O84: X | Q84: X | R84: X | U84: X | AI84: =COUNTIF(D84:AH84,"X") -> 7
A85: 32 | B85: =VLOOKUP(C85,'DS CN MOI UP'!$B$10:$C$347,2,0) -> #N/A | C85: A Nan | H85: X | I85: X | J85: X | R85: X | AI85: =COUNTIF(D85:AH85,"X") -> 4
A86: 33 | B86: =VLOOKUP(C86,'DS CN MOI UP'!$B$10:$C$347,2,0) -> #N/A | C86: In Pon | I86: X | J86: X | K86: X | T86: X | AI86: =COUNTIF(D86:AH86,"X") -> 4
A87: 34 | B87: =VLOOKUP(C87,'DS CN MOI UP'!$B$10:$C$347,2,0) -> #N/A | C87: Xi Đa (2) | I87: X | J87: X | K87: X | R87: X | AI87: =COUNTIF(D87:AH87,"X") -> 4
A88: 35 | B88: =VLOOKUP(C88,'DS CN MOI UP'!$B$10:$C$347,2,0) -> #N/A | C88: Bun Sóng | H88: X | O88: X | U88: X | AI88: =COUNTIF(D88:AH88,"X") -> 3
A89: 36 | B89: =VLOOKUP(C89,'DS CN MOI UP'!$B$10:$C$347,2,0) -> #N/A | C89: Tỏng | H89: X | I89: X | K89: X | O89: X | P89: X | Q89: X | AI89: =COUNTIF(D89:AH89,"X") -> 6
A90: 37 | B90: =VLOOKUP(C90,'DS CN MOI UP'!$B$10:$C$347,2,0) -> #N/A | C90: Vá | F90: X | K90: X | O90: X | P90: X | Q90: X | T90: X | U90: X | AI90: =COUNTIF(D90:AH90,"X") -> 7
A91: 38 | B91: =VLOOKUP(C91,'DS CN MOI UP'!$B$10:$C$347,2,0) -> #N/A | C91: Su Ly | Q91: X | AI91: =COUNTIF(D91:AH91,"X") -> 1
A92: 39 | B92: =VLOOKUP(C92,'DS CN MOI UP'!$B$10:$C$347,2,0) -> #N/A | C92: Pò Vy | F92: X | H92: X | O92: X | Q92: X | R92: X | T92: X | U92: X | AI92: =COUNTIF(D92:AH92,"X") -> 7
A93: 40 | B93: =VLOOKUP(C93,'DS CN MOI UP'!$B$10:$C$347,2,0) -> #N/A | C93: Đeng | AI93: =COUNTIF(D93:AH93,"X") -> 0
A94: 41 | B94: =VLOOKUP(C94,'DS CN MOI UP'!$B$10:$C$347,2,0) -> #N/A | C94: Pừng | F94: X | H94: X | I94: X | O94: X | R94: X | U94: X | AI94: =COUNTIF(D94:AH94,"X") -> 6
A95: 42 | B95: =VLOOKUP(C95,'DS CN MOI UP'!$B$10:$C$347,2,0) -> #N/A | C95: Xi Chăn | F95: X | J95: X | K95: X | O95: X | P95: X | AI95: =COUNTIF(D95:AH95,"X") -> 5
A96: 43 | B96: =VLOOKUP(C96,'DS CN MOI UP'!$B$10:$C$347,2,0) -> #N/A | C96: Na Ly | F96: X | I96: X | J96: X | K96: X | O96: X | Q96: X | R96: X | T96: X | U96: X | AI96: =COUNTIF(D96:AH96,"X") -> 9
A97: 44 | B97: =VLOOKUP(C97,'DS CN MOI UP'!$B$10:$C$347,2,0) -> #N/A | C97: Chăn Đi | U97: X | AI97: =COUNTIF(D97:AH97,"X") -> 1
A98: 45 | B98: =VLOOKUP(C98,'DS CN MOI UP'!$B$10:$C$347,2,0) -> #N/A | C98: Phôm Ma | J98: X | K98: X | O98: X | T98: X | AI98: =COUNTIF(D98:AH98,"X") -> 4
A99: 46 | B99: =VLOOKUP(C99,'DS CN MOI UP'!$B$10:$C$347,2,0) -> #N/A | C99: Lăm (2) | AI99: =COUNTIF(D99:AH99,"X") -> 0
A100: 47 | B100: =VLOOKUP(C100,'DS CN MOI UP'!$B$10:$C$347,2,0) -> #N/A | C100: Lích | I100: X | K100: X | O100: X | R100: X | AI100: =COUNTIF(D100:AH100,"X") -> 4
A101: 48 | B101: =VLOOKUP(C101,'DS CN MOI UP'!$B$10:$C$347,2,0) -> #N/A | C101: Lăm Phon (2) | F101: X | J101: X | K101: X | AI101: =COUNTIF(D101:AH101,"X") -> 3
A102: 49 | B102: =VLOOKUP(C102,'DS CN MOI UP'!$B$10:$C$347,2,0) -> #N/A | C102: Bun Thay | T102: X | U102: X | AI102: =COUNTIF(D102:AH102,"X") -> 2
A103: 50 | B103: =VLOOKUP(C103,'DS CN MOI UP'!$B$10:$C$347,2,0) -> #N/A | C103: Ta Luông | F103: X | Q103: X | T103: X | AI103: =COUNTIF(D103:AH103,"X") -> 3
A104: 51 | B104: =VLOOKUP(C104,'DS CN MOI UP'!$B$10:$C$347,2,0) -> #N/A | C104: Phim Phon | F104: X | J104: X | O104: X | R104: X | AI104: =COUNTIF(D104:AH104,"X") -> 4
A105: 52 | B105: =VLOOKUP(C105,'DS CN MOI UP'!$B$10:$C$347,2,0) -> #N/A | C105: Tu La | J105: X | K105: X | O105: X | Q105: X | T105: X | U105: X | AI105: =COUNTIF(D105:AH105,"X") -> 6
A106: 53 | B106: =VLOOKUP(C106,'DS CN MOI UP'!$B$10:$C$347,2,0) -> #N/A | C106: Noi | AI106: =COUNTIF(D106:AH106,"X") -> 0
A107: 54 | B107: =VLOOKUP(C107,'DS CN MOI UP'!$B$10:$C$347,2,0) -> #N/A | C107: Hắm Nọi | T107: X | AI107: =COUNTIF(D107:AH107,"X") -> 1
A108: 55 | B108: =VLOOKUP(C108,'DS CN MOI UP'!$B$10:$C$347,2,0) -> #N/A | C108: Pheng Phăn | I108: X | P108: X | Q108: X | U108: X | AI108: =COUNTIF(D108:AH108,"X") -> 4
A109: Đội 3 | B109: =VLOOKUP(C109,'DS CN MOI UP'!$B$10:$C$347,2,0) -> #N/A | C109: Mủ xirum | D109: =COUNTIF(D110:D203,"X")+COUNTIF(D110:D203,"CN") -> 0 | E109: =COUNTIF(E110:E203,"X")+COUNTIF(E110:E203,"CN") -> 29 | F109: =COUNTIF(F110:F203,"X")+COUNTIF(F110:F203,"CN") -> 22 | G109: =COUNTIF(G110:G203,"X")+COUNTIF(G110:G203,"CN") -> 51 | H109: =COUNTIF(H110:H203,"X")+COUNTIF(H110:H203,"CN") -> 0 | I109: =COUNTIF(I110:I203,"X")+COUNTIF(I110:I203,"CN") -> 0 | J109: =COUNTIF(J110:J203,"X")+COUNTIF(J110:J203,"CN") -> 0 | K109: =COUNTIF(K110:K203,"X")+COUNTIF(K110:K203,"CN") -> 0 | ... AH109: =COUNTIF(AH110:AH203,"X")+COUNTIF(AH110:AH203,"CN") -> 0 | AI109: =SUM(AI110:AI203) -> 758
A110: 1 | B110: =VLOOKUP(C110,'DS CN MOI UP'!$B$10:$C$347,2,0) -> 03319 | C110: Bôn | E110: X | G110: X | Q110: X | R110: X | S110: X | T110: X | U110: X | X110: X | AA110: X | AF110: X | AG110: X | AI110: =COUNTIF(D110:AH110,"X") -> 11
A111: 2 | B111: =VLOOKUP(C111,'DS CN MOI UP'!$B$10:$C$347,2,0) -> 03320 | C111: E | E111: X | G111: X | Q111: X | R111: X | S111: X | T111: X | U111: X | V111: X | X111: X | AA111: X | AF111: X | AG111: X | AI111: =COUNTIF(D111:AH111,"X") -> 12
A112: 3 | B112: =VLOOKUP(C112,'DS CN MOI UP'!$B$10:$C$347,2,0) -> 02453 | C112: Khương (3) | E112: X | G112: X | Q112: X | R112: X | S112: X | T112: X | U112: X | AF112: X | AG112: X | AI112: =COUNTIF(D112:AH112,"X") -> 9
A113: 4 | B113: =VLOOKUP(C113,'DS CN MOI UP'!$B$10:$C$347,2,0) -> 02471 | C113: Nít Ni Lanh | E113: X | G113: X | Q113: X | R113: X | T113: X | U113: X | V113: X | X113: X | AA113: X | AF113: X | AG113: X | AI113: =COUNTIF(D113:AH113,"X") -> 11
A114: 5 | B114: =VLOOKUP(C114,'DS CN MOI UP'!$B$10:$C$347,2,0) -> #N/A | C114: Chec | E114: X | G114: X | Q114: X | R114: X | S114: X | T114: X | U114: X | V114: X | AG114: X | AI114: =COUNTIF(D114:AH114,"X") -> 9
A115: 6 | B115: =VLOOKUP(C115,'DS CN MOI UP'!$B$10:$C$347,2,0) -> #N/A | C115: Tảnh | G115: X | Q115: X | R115: X | S115: X | T115: X | U115: X | W115: X | X115: X | AG115: X | AI115: =COUNTIF(D115:AH115,"X") -> 9
A116: 7 | B116: =VLOOKUP(C116,'DS CN MOI UP'!$B$10:$C$347,2,0) -> 03322 | C116: Xay (3) | E116: X | R116: X | T116: X | X116: X | AF116: X | AG116: X | AI116: =COUNTIF(D116:AH116,"X") -> 6
A117: 8 | B117: =VLOOKUP(C117,'DS CN MOI UP'!$B$10:$C$347,2,0) -> 02452 | C117: Xôn | Q117: X | R117: X | S117: X | T117: X | U117: X | W117: X | X117: X | AA117: X | AF117: X | AG117: X | AI117: =COUNTIF(D117:AH117,"X") -> 10
A118: 9 | B118: =VLOOKUP(C118,'DS CN MOI UP'!$B$10:$C$347,2,0) -> 02508 | C118: Phum Hom | Q118: X | R118: X | S118: X | T118: X | U118: X | W118: X | X118: X | AA118: X | AF118: X | AG118: X | AI118: =COUNTIF(D118:AH118,"X") -> 10
A119: 10 | B119: =VLOOKUP(C119,'DS CN MOI UP'!$B$10:$C$347,2,0) -> 03323 | C119: Pa Lay | E119: X | F119: X | G119: X | Q119: X | R119: X | S119: X | U119: X | W119: X | X119: X | AA119: X | AF119: X | AG119: X | AI119: =COUNTIF(D119:AH119,"X") -> 12
A120: 11 | B120: =VLOOKUP(C120,'DS CN MOI UP'!$B$10:$C$347,2,0) -> 02466 | C120: Măm | E120: X | F120: X | G120: X | Q120: X | U120: X | X120: X | AA120: X | AF120: X | AG120: X | AI120: =COUNTIF(D120:AH120,"X") -> 9
A121: 12 | B121: =VLOOKUP(C121,'DS CN MOI UP'!$B$10:$C$347,2,0) -> 02493 | C121: Muôi | E121: X | F121: X | G121: X | S121: X | T121: X | U121: X | X121: X | AA121: X | AF121: X | AG121: X | AI121: =COUNTIF(D121:AH121,"X") -> 10
A122: 13 | B122: =VLOOKUP(C122,'DS CN MOI UP'!$B$10:$C$347,2,0) -> 03324 | C122: Vat Sa Na | F122: X | Q122: X | U122: X | V122: X | X122: X | AF122: X | AG122: X | AI122: =COUNTIF(D122:AH122,"X") -> 7
A123: 14 | B123: =VLOOKUP(C123,'DS CN MOI UP'!$B$10:$C$347,2,0) -> 03325 | C123: Xi La | F123: X | Q123: X | U123: X | V123: X | X123: X | AA123: X | AF123: X | AG123: X | AI123: =COUNTIF(D123:AH123,"X") -> 8
A124: 15 | B124: =VLOOKUP(C124,'DS CN MOI UP'!$B$10:$C$347,2,0) -> 03326 | C124: Me Nhon | E124: X | G124: X | V124: X | AA124: X | AG124: X | AI124: =COUNTIF(D124:AH124,"X") -> 5
A125: 16 | B125: =VLOOKUP(C125,'DS CN MOI UP'!$B$10:$C$347,2,0) -> 02492 | C125: Ten (3) | R125: X | U125: X | W125: X | AF125: X | AG125: X | AI125: =COUNTIF(D125:AH125,"X") -> 5
A126: 17 | B126: =VLOOKUP(C126,'DS CN MOI UP'!$B$10:$C$347,2,0) -> 02485 | C126: Ki | G126: X | Q126: X | R126: X | S126: X | T126: X | U126: X | W126: X | X126: X | AA126: X | AF126: X | AG126: X | AI126: =COUNTIF(D126:AH126,"X") -> 11
A127: 18 | B127: =VLOOKUP(C127,'DS CN MOI UP'!$B$10:$C$347,2,0) -> 02487 | C127: Phết (3) | G127: X | Q127: X | R127: X | S127: X | T127: X | U127: X | W127: X | X127: X | AA127: X | AF127: X | AG127: X | AI127: =COUNTIF(D127:AH127,"X") -> 11
A128: 19 | B128: =VLOOKUP(C128,'DS CN MOI UP'!$B$10:$C$347,2,0) -> 03327 | C128: Phon (3) | Q128: X | R128: X | S128: X | T128: X | U128: X | V128: X | X128: X | AA128: X | AF128: X | AG128: X | AI128: =COUNTIF(D128:AH128,"X") -> 10
A129: 20 | B129: =VLOOKUP(C129,'DS CN MOI UP'!$B$10:$C$347,2,0) -> 02684 | C129: Nang Vone | Q129: X | R129: X | S129: X | T129: X | U129: X | W129: X | X129: X | AF129: X | AG129: X | AI129: =COUNTIF(D129:AH129,"X") -> 9
A130: 21 | B130: =VLOOKUP(C130,'DS CN MOI UP'!$B$10:$C$347,2,0) -> 02488 | C130: Lăng A | Q130: X | R130: X | S130: X | T130: X | U130: X | X130: X | AF130: X | AI130: =COUNTIF(D130:AH130,"X") -> 7
...

Sheet MỦ XIRUM
A1: CÔNG TY TNHH CP QUASA-GERUCO LÀO | S1: CỘNG HÒA DÂN CHỦ NHÂN DÂN LÀO
A2: NÔNG TRƯỜNG 1 | S2: Hòa Bình - Độc Lập - Dân Chủ - Thống Nhất - Thịnh Vượng
S3: ----oOo----
A4: BẢNG THEO DÕI SẢN LƯỢNG MỦ TẠP THÁNG 09 NĂM 2024
A5: (Từ ngày 01 đến 31/07/2024) | AK5: DRC | AL5: 0.4986
A6: Stt | B6: Stt | C6: MSNV | D6: Họ và tên | E6: Ngày | AL6: Ký tên
E7: 1 | F7: 2 | G7: 3 | H7: 4 | I7: 5 | J7: 6 | K7: 7 | L7: 8 | M7: 9 | N7: 10 | O7: 11 | P7: 12 | Q7: 13 | R7: 14 | S7: 15 | T7: 16 | U7: 17 | V7: 18 | W7: 19 | X7: 20 | Y7: 21 | Z7: 22 | AA7: 23 | AB7: 24 | AC7: 25 | AD7: 26 | AE7: 27 | AF7: 28 | AG7: 29 | AH7: 30 | AI7: 31 | AJ7: Tổng mủ Xirum | AK7: Quy khô
A8: Lát bốc | E8: B | F8: C | G8: A | H8: B | I8: C | J8: A | K8: B | L8: C | M8: A | N8: B | O8: C | P8: A | Q8: B | R8: C | S8: A | T8: B | U8: C | V8: A | W8: B | X8: C | Y8: A | Z8: B | AA8: C | AB8: A | AC8: B | AD8: C | AE8: A | AF8: B | AG8: C | AH8: A | AI8: B | AM8: DRC | AN8: 0.42315994
A9: Đội 1 | E9: =SUM(E10:E10) -> 0 | F9: =SUM(F10:F10) -> 0 | G9: =SUM(G10:G10) -> 0 | H9: =SUM(H10:H10) -> 0 | I9: =SUM(I10:I10) -> 0 | J9: =SUM(J10:J10) -> 0 | K9: =SUM(K10:K10) -> 0 | L9: =SUM(L10:L10) -> 0 | ... AI9: =SUM(AI10:AI10) -> 0 | AJ9: =AJ10 -> 0 | AK9: =AK10 -> 0
A10: 1 | B10: 1 | C10: Mủ xirum | D10: Mủ xirum 1 | AJ10: =SUM(E10:AI10) -> 0 | AK10: =+AJ10*$AL$5 -> 0 | AM10: =SUM(E10:AI10) -> 0 | AN10: Mủ serum Đội 3 | AO10: 0.17504745
A11: Đội 2 | E11: =SUM(E12:E12) -> 0 | F11: =SUM(F12:F12) -> 0 | G11: =SUM(G12:G12) -> 0 | H11: =SUM(H12:H12) -> 0 | I11: =SUM(I12:I12) -> 0 | J11: =SUM(J12:J12) -> 0 | K11: =SUM(K12:K12) -> 0 | L11: =SUM(L12:L12) -> 0 | ... AI11: =SUM(AI12:AI12) -> 0 | AJ11: =AJ12 -> 290 | AK11: =AK12 -> 144.594 | AN11: Mủ serum Đội 4 | AO11: 0.31672615
A12: 1 | B12: 1 | C12: Mủ xirum | D12: Mủ xirum 2 | AH12: 290 | AJ12: =SUM(E12:AI12) -> 290 | AK12: =+AJ12*$AL$5 -> 144.594 | AM12: =SUM(E12:AI12) -> 290 | AN12: Mủ serum Đội 5 | AO12: 0.4986
A13: Đội 3 | E13: =SUM(E14:E14) -> 0 | F13: =SUM(F14:F14) -> 0 | G13: =SUM(G14:G14) -> 0 | H13: =SUM(H14:H14) -> 0 | I13: =SUM(I14:I14) -> 0 | J13: =SUM(J14:J14) -> 0 | K13: =SUM(K14:K14) -> 0 | L13: =SUM(L14:L14) -> 0 | ... AI13: =SUM(AI14:AI14) -> 0 | AJ13: =AJ14 -> 0 | AK13: =AK14 -> 0
A14: 2 | B14: 1 | C14: Phong | D14: Mủ xirum 3 | AJ14: =SUM(E14:AI14) -> 0 | AK14: =+AJ14*$AO$10 -> 0
A15: Đội 4 | E15: =SUM(E16:E16) -> 0 | F15: =SUM(F16:F16) -> 0 | G15: =SUM(G16:G16) -> 0 | H15: =SUM(H16:H16) -> 0 | I15: =SUM(I16:I16) -> 0 | J15: =SUM(J16:J16) -> 0 | K15: =SUM(K16:K16) -> 0 | L15: =SUM(L16:L16) -> 0 | ... AI15: =SUM(AI16:AI16) -> 0 | AJ15: =AJ16 -> 0 | AK15: =AK16 -> 0 | AM15: =SUM(AK9,AK11,AK13,AK15) -> 144.594
A16: 2 | B16: 1 | C16: Phong | D16: Mủ xirum 4 | AJ16: =SUM(E16:AI16) -> 0 | AK16: =+AJ16*$AO$11 -> 0
A17: Đội 5 | E17: =SUM(E18:E18) -> 0 | F17: =SUM(F18:F18) -> 0 | G17: =SUM(G18:G18) -> 0 | H17: =SUM(H18:H18) -> 0 | I17: =SUM(I18:I18) -> 0 | J17: =SUM(J18:J18) -> 0 | K17: =SUM(K18:K18) -> 0 | L17: =SUM(L18:L18) -> 0 | ... AI17: =SUM(AI18:AI18) -> 0 | AJ17: =SUM(E17:AI17) -> 0 | AK17: =SUM(AK18:AK18) -> 0
A18: 3 | B18: 1 | C18: Nàng Mon | D18: Mủ xirum 5 | AJ18: =SUM(E18:AI18) -> 0 | AK18: =+AJ18*$AO$12 -> 0
A19: Tổng | E19: =E11+E13+E15 -> 0 | F19: =F11+F13+F15 -> 0 | G19: =G11+G13+G15 -> 0 | H19: =H11+H13+H15 -> 0 | I19: =I11+I13+I15 -> 0 | J19: =J11+J13+J15 -> 0 | K19: =K11+K13+K15 -> 0 | L19: =L11+L13+L15 -> 0 | ... AI19: =AI11+AI13+AI15 -> 0 | AJ19: =AJ11+AJ13+AJ15+AJ9+AJ18 -> 290 | AK19: =AK11+AK13+AK15+AK9+AK18 -> 144.594 | AM19: =+AK19+'sản lượng'!AL170 -> 221555.43
A22: TỔNG GIÁM ĐỐC | J22: PHÒNG KT - NN | Q22: GĐ. NÔNG TRƯỜNG | Z22: TL. TC - KT | AG22: TL. KH - NN | AJ22: NGƯỜI LẬP BIỂU

Sheet MỦ DÂY
A1: CÔNG TY TNHH CP QUASA-GERUCO LÀO | S1: CỘNG HÒA DÂN CHỦ NHÂN DÂN LÀO
A2: NÔNG TRƯỜNG 1 | S2: Hòa Bình - Độc Lập - Dân Chủ - Thống Nhất - Thịnh Vượng
S3: ----oOo----
A4: BẢNG THEO DÕI SẢN LƯỢNG MỦ TẠP THÁNG 07 NĂM 2024
A5: (Từ ngày 01 đến 31/07/2024)
A6: Stt | B6: Stt | C6: MSNV | D6: Họ và tên | E6: Ngày | AJ6: Tổng mủ dây | AK6: Quy khô | AL6: Ký tên | AM6: DRC | AN6: 0.5
E7: 1 | F7: 2 | G7: 3 | H7: 4 | I7: 5 | J7: 6 | K7: 7 | L7: 8 | M7: 9 | N7: 10 | O7: 11 | P7: 12 | Q7: 13 | R7: 14 | S7: 15 | T7: 16 | U7: 17 | V7: 18 | W7: 19 | X7: 20 | Y7: 21 | Z7: 22 | AA7: 23 | AB7: 24 | AC7: 25 | AD7: 26 | AE7: 27 | AF7: 28 | AG7: 29 | AH7: 30 | AI7: 31
A8: Lát bốc | E8: B | F8: C | G8: A | H8: B | I8: C | J8: A | K8: B | L8: C | M8: A | N8: B | O8: C | P8: A | Q8: B | R8: C | S8: A | T8: B | U8: C | V8: A | W8: B | X8: C | Y8: A | Z8: B | AA8: C | AB8: A | AC8: B | AD8: C | AE8: A | AF8: B | AG8: C | AH8: A | AI8: B
A9: Đội 1 | E9: =SUM(E10:E52) -> 0 | F9: =SUM(F10:F52) -> 0 | G9: =SUM(G10:G52) -> 0 | H9: =SUM(H10:H52) -> 0 | I9: =SUM(I10:I52) -> 0 | J9: =SUM(J10:J52) -> 0 | K9: =SUM(K10:K52) -> 0 | L9: =SUM(L10:L52) -> 0 | ... AK9: =SUM(AK10:AK52) -> 0
A10: 1 | B10: 1 | C10: =VLOOKUP(D10,'DS CN MOI UP'!$B$10:$C$347,2,0) -> #N/A | D10: Thô | AJ10: =SUM(E10:AI10) -> 0 | AK10: =AJ10*$AN$6 -> 0
A11: 2 | B11: 2 | C11: =VLOOKUP(D11,'DS CN MOI UP'!$B$10:$C$347,2,0) -> #N/A | D11: Mè Ta Van | AJ11: =SUM(E11:AI11) -> 0 | AK11: =AJ11*$AN$6 -> 0
A12: 3 | B12: 3 | C12: =VLOOKUP(D12,'DS CN MOI UP'!$B$10:$C$347,2,0) -> #N/A | D12: Ka Tho | AJ12: =SUM(E12:AI12) -> 0 | AK12: =AJ12*$AN$6 -> 0
A13: 4 | B13: 4 | C13: =VLOOKUP(D13,'DS CN MOI UP'!$B$10:$C$347,2,0) -> #N/A | D13: Tô Tộ | AJ13: =SUM(E13:AI13) -> 0 | AK13: =AJ13*$AN$6 -> 0
A14: 5 | B14: 5 | C14: =VLOOKUP(D14,'DS CN MOI UP'!$B$10:$C$347,2,0) -> #N/A | D14: Thảo In | AJ14: =SUM(E14:AI14) -> 0 | AK14: =AJ14*$AN$6 -> 0
A15: 6 | B15: 6 | C15: =VLOOKUP(D15,'DS CN MOI UP'!$B$10:$C$347,2,0) -> #N/A | D15: Cha La | AJ15: =SUM(E15:AI15) -> 0 | AK15: =AJ15*$AN$6 -> 0
A16: 7 | B16: 7 | C16: =VLOOKUP(D16,'DS CN MOI UP'!$B$10:$C$347,2,0) -> #N/A | D16: Nang Nga | AJ16: =SUM(E16:AI16) -> 0 | AK16: =AJ16*$AN$6 -> 0
A17: 8 | B17: 8 | C17: =VLOOKUP(D17,'DS CN MOI UP'!$B$10:$C$347,2,0) -> #N/A | D17: Viêng (1) | AJ17: =SUM(E17:AI17) -> 0 | AK17: =AJ17*$AN$6 -> 0
A18: 9 | B18: 9 | C18: =VLOOKUP(D18,'DS CN MOI UP'!$B$10:$C$347,2,0) -> #N/A | D18: Me Đuông | AJ18: =SUM(E18:AI18) -> 0 | AK18: =AJ18*$AN$6 -> 0
A19: 10 | B19: 10 | C19: =VLOOKUP(D19,'DS CN MOI UP'!$B$10:$C$347,2,0) -> #N/A | D19: Nang Môn | AJ19: =SUM(E19:AI19) -> 0 | AK19: =AJ19*$AN$6 -> 0
A20: 11 | B20: 11 | C20: =VLOOKUP(D20,'DS CN MOI UP'!$B$10:$C$347,2,0) -> #N/A | D20: Ziên | AJ20: =SUM(E20:AI20) -> 0 | AK20: =AJ20*$AN$6 -> 0
A21: 12 | B21: 12 | C21: =VLOOKUP(D21,'DS CN MOI UP'!$B$10:$C$347,2,0) -> #N/A | D21: Me Pê | AJ21: =SUM(E21:AI21) -> 0 | AK21: =AJ21*$AN$6 -> 0
... A52: 43 | B52: 43 | C52: =VLOOKUP(D52,'DS CN MOI UP'!$B$10:$C$347,2,0) -> #N/A | D52: Nang Hỏm | AJ52: =SUM(E52:AI52) -> 0 | AK52: =AJ52*$AN$6 -> 0
A53: Đội 2 | C53: =VLOOKUP(D53,'DS CN MOI UP'!$B$10:$C$347,2,0) -> #N/A | AJ53: =SUM(AJ54:AJ109) -> 0 | AK53: =SUM(AK54:AK109) -> 0
A54: 44 | B54: 1 | C54: =VLOOKUP(D54,'DS CN MOI UP'!$B$10:$C$347,2,0) -> #N/A | D54: Lếc | AJ54: =SUM(E54:AI54) -> 0 | AK54: =AJ54*$AN$6 -> 0 | AM54: =SUM(E54:AI54) -> 0 | AN54: =+#REF!-AM54 -> #REF!
A55: 45 | B55: 2 | C55: =VLOOKUP(D55,'DS CN MOI UP'!$B$10:$C$347,2,0) -> #N/A | D55: Hăm Lẹ | AJ55: =SUM(E55:AI55) -> 0 | AK55: =AJ55*$AN$6 -> 0 | AM55: =SUM(E55:AI55) -> 0 | AN55: =+#REF!-AM55 -> #REF!
A56: 46 | B56: 3 | C56: =VLOOKUP(D56,'DS CN MOI UP'!$B$10:$C$347,2,0) -> #N/A | D56: Vông | AJ56: =SUM(E56:AI56) -> 0 | AK56: =AJ56*$AN$6 -> 0 | AM56: =SUM(E56:AI56) -> 0 | AN56: =+#REF!-AM56 -> #REF!
A57: 47 | B57: 4 | C57: =VLOOKUP(D57,'DS CN MOI UP'!$B$10:$C$347,2,0) -> #N/A | D57: Ma Ni Son | AJ57: =SUM(E57:AI57) -> 0 | AK57: =AJ57*$AN$6 -> 0 | AM57: =SUM(E57:AI57) -> 0 | AN57: =+#REF!-AM57 -> #REF!
A58: 48 | B58: 5 | C58: =VLOOKUP(D58,'DS CN MOI UP'!$B$10:$C$347,2,0) -> #N/A | D58: Cong Ma | AJ58: =SUM(E58:AI58) -> 0 | AK58: =AJ58*$AN$6 -> 0 | AM58: =SUM(E58:AI58) -> 0 | AN58: =+#REF!-AM58 -> #REF!
A59: 49 | B59: 6 | C59: =VLOOKUP(D59,'DS CN MOI UP'!$B$10:$C$347,2,0) -> #N/A | D59: Két | AJ59: =SUM(E59:AI59) -> 0 | AK59: =AJ59*$AN$6 -> 0 | AM59: =SUM(E59:AI59) -> 0 | AN59: =+#REF!-AM59 -> #REF!
A60: 50 | B60: 7 | C60: =VLOOKUP(D60,'DS CN MOI UP'!$B$10:$C$347,2,0) -> #N/A | D60: Măn | AJ60: =SUM(E60:AI60) -> 0 | AK60: =AJ60*$AN$6 -> 0 | AM60: =SUM(E60:AI60) -> 0 | AN60: =+#REF!-AM60 -> #REF!
A61: 51 | B61: 8 | C61: =VLOOKUP(D61,'DS CN MOI UP'!$B$10:$C$347,2,0) -> #N/A | D61: Soi | AJ61: =SUM(E61:AI61) -> 0 | AK61: =AJ61*$AN$6 -> 0 | AM61: =SUM(E61:AI61) -> 0 | AN61: =+#REF!-AM61 -> #REF!
A62: 52 | B62: 9 | C62: =VLOOKUP(D62,'DS CN MOI UP'!$B$10:$C$347,2,0) -> #N/A | D62: Pò Mòm | AJ62: =SUM(E62:AI62) -> 0 | AK62: =AJ62*$AN$6 -> 0 | AM62: =SUM(E62:AI62) -> 0 | AN62: =+#REF!-AM62 -> #REF!
A63: 53 | B63: 10 | C63: =VLOOKUP(D63,'DS CN MOI UP'!$B$10:$C$347,2,0) -> #N/A | D63: Pệt | AJ63: =SUM(E63:AI63) -> 0 | AK63: =AJ63*$AN$6 -> 0 | AM63: =SUM(E63:AI63) -> 0 | AN63: =+#REF!-AM63 -> #REF!
A64: 54 | B64: 11 | C64: =VLOOKUP(D64,'DS CN MOI UP'!$B$10:$C$347,2,0) -> #N/A | D64: Khay Khăm | AJ64: =SUM(E64:AI64) -> 0 | AK64: =AJ64*$AN$6 -> 0 | AM64: =SUM(E64:AI64) -> 0 | AN64: =+#REF!-AM64 -> #REF!
A65: 55 | B65: 12 | C65: =VLOOKUP(D65,'DS CN MOI UP'!$B$10:$C$347,2,0) -> #N/A | D65: Ô Lích | AJ65: =SUM(E65:AI65) -> 0 | AK65: =AJ65*$AN$6 -> 0 | AM65: =SUM(E65:AI65) -> 0 | AN65: =+#REF!-AM65 -> #REF!
... A109: 99 | B109: 55 | C109: =VLOOKUP(D109,'DS CN MOI UP'!$B$10:$C$347,2,0) -> #N/A | D109: Mủ xirum | AJ109: =SUM(E109:AI109) -> 0 | AK109: =AJ109*$AN$6 -> 0 | AM109: =SUM(E109:AI109) -> 0 | AN109: =+#REF!-AM109 -> #REF!
A110: Đội 3 | C110: =VLOOKUP(D110,'DS CN MOI UP'!$B$10:$C$347,2,0) -> #N/A | AJ110: =SUM(AJ111:AJ204) -> 0 | AK110: =SUM(AK111:AK204) -> 0
A111: 100 | B111: 1 | C111: =VLOOKUP(D111,'DS CN MOI UP'!$B$10:$C$347,2,0) -> 03319 | D111: Bôn | AJ111: =SUM(E111:AI111) -> 0 | AK111: =AJ111*$AN$6 -> 0
A112: 101 | B112: 2 | C112: =VLOOKUP(D112,'DS CN MOI UP'!$B$10:$C$347,2,0) -> 03320 | D112: E | AJ112: =SUM(E112:AI112) -> 0 | AK112: =AJ112*$AN$6 -> 0
A113: 102 | B113: 3 | C113: =VLOOKUP(D113,'DS CN MOI UP'!$B$10:$C$347,2,0) -> 02453 | D113: Khương (3) | AJ113: =SUM(E113:AI113) -> 0 | AK113: =AJ113*$AN$6 -> 0
A114: 103 | B114: 4 | C114: =VLOOKUP(D114,'DS CN MOI UP'!$B$10:$C$347,2,0) -> 02471 | D114: Nít Ni Lanh | AJ114: =SUM(E114:AI114) -> 0 | AK114: =AJ114*$AN$6 -> 0
A115: 104 | B115: 5 | C115: =VLOOKUP(D115,'DS CN MOI UP'!$B$10:$C$347,2,0) -> #N/A | D115: Chec | AJ115: =SUM(E115:AI115) -> 0 | AK115: =AJ115*$AN$6 -> 0
A116: 105 | B116: 6 | C116: =VLOOKUP(D116,'DS CN MOI UP'!$B$10:$C$347,2,0) -> #N/A | D116: Tảnh | AJ116: =SUM(E116:AI116) -> 0 | AK116: =AJ116*$AN$6 -> 0
A117: 106 | B117: 7 | C117: =VLOOKUP(D117,'DS CN MOI UP'!$B$10:$C$347,2,0) -> 03322 | D117: Xay (3) | AJ117: =SUM(E117:AI117) -> 0 | AK117: =AJ117*$AN$6 -> 0
A118: 107 | B118: 8 | C118: =VLOOKUP(D118,'DS CN MOI UP'!$B$10:$C$347,2,0) -> 02452 | D118: Xôn | AJ118: =SUM(E118:AI118) -> 0 | AK118: =AJ118*$AN$6 -> 0
A119: 108 | B119: 9 | C119: =VLOOKUP(D119,'DS CN MOI UP'!$B$10:$C$347,2,0) -> 02508 | D119: Phum Hom | AJ119: =SUM(E119:AI119) -> 0 | AK119: =AJ119*$AN$6 -> 0
A120: 109 | B120: 10 | C120: =VLOOKUP(D120,'DS CN MOI UP'!$B$10:$C$347,2,0) -> 03323 | D120: Pa Lay | AJ120: =SUM(E120:AI120) -> 0 | AK120: =AJ120*$AN$6 -> 0
A121: 110 | B121: 11 | C121: =VLOOKUP(D121,'DS CN MOI UP'!$B$10:$C$347,2,0) -> 02466 | D121: Măm | AJ121: =SUM(E121:AI121) -> 0 | AK121: =AJ121*$AN$6 -> 0
A122: 111 | B122: 12 | C122: =VLOOKUP(D122,'DS CN MOI UP'!$B$10:$C$347,2,0) -> 02493 | D122: Muôi | AJ122: =SUM(E122:AI122) -> 0 | AK122: =AJ122*$AN$6 -> 0
... A204: 193 | B204: 94 | C204: =VLOOKUP(D204,'DS CN MOI UP'!$B$10:$C$347,2,0) -> #N/A | D204: Nhôn | AJ204: =SUM(E204:AI204) -> 0 | AK204: =AJ204*$AN$6 -> 0
A205: Đội 3- Trạm cán | C205: =VLOOKUP(D205,'DS CN MOI UP'!$B$10:$C$347,2,0) -> #N/A | AJ205: =SUM(AJ206:AJ216) -> 0 | AK205: =AJ205*$AN$6 -> 0
A206: 194 | B206: 1 | C206: =VLOOKUP(D206,'DS CN MOI UP'!$B$10:$C$347,2,0) -> 03343 | D206: Thon | AJ206: =SUM(E206:AI206) -> 0 | AK206: =AJ206*$AN$6 -> 0
A207: 195 | B207: 2 | C207: =VLOOKUP(D207,'DS CN MOI UP'!$B$10:$C$347,2,0) -> 02444 | D207: Nhon | AJ207: =SUM(E207:AI207) -> 0 | AK207: =AJ207*$AN$6 -> 0
A208: 196 | B208: 3 | C208: =VLOOKUP(D208,'DS CN MOI UP'!$B$10:$C$347,2,0) -> 02447 | D208: Hăm (3) | AJ208: =SUM(E208:AI208) -> 0 | AK208: =AJ208*$AN$6 -> 0
A209: 197 | B209: 4 | C209: =VLOOKUP(D209,'DS CN MOI UP'!$B$10:$C$347,2,0) -> 03344 | D209: Nang (3) | AJ209: =SUM(E209:AI209) -> 0 | AK209: =AJ209*$AN$6 -> 0
A210: 198 | B210: 5 | C210: =VLOOKUP(D210,'DS CN MOI UP'!$B$10:$C$347,2,0) -> 02449 | D210: Khăm | AJ210: =SUM(E210:AI210) -> 0 | AK210: =AJ210*$AN$6 -> 0
A211: 199 | B211: 6 | C211: =VLOOKUP(D211,'DS CN MOI UP'!$B$10:$C$347,2,0) -> 02445 | D211: Nàng Bát | AJ211: =SUM(E211:AI211) -> 0 | AK211: =AJ211*$AN$6 -> 0
A212: 200 | B212: 7 | C212: =VLOOKUP(D212,'DS CN MOI UP'!$B$10:$C$347,2,0) -> 02446 | D212: Dộc | AJ212: =SUM(E212:AI212) -> 0 | AK212: =AJ212*$AN$6 -> 0
A213: 201 | B213: 8 | C213: =VLOOKUP(D213,'DS CN MOI UP'!$B$10:$C$347,2,0) -> 03345 | D213: Chăn (3) | AJ213: =SUM(E213:AI213) -> 0 | AK213: =AJ213*$AN$6 -> 0
A214: 202 | B214: 9 | C214: =VLOOKUP(D214,'DS CN MOI UP'!$B$10:$C$347,2,0) -> 03854 | D214: Hát | AJ214: =SUM(E214:AI214) -> 0 | AK214: =AJ214*$AN$6 -> 0
A215: 203 | B215: 9 | C215: =VLOOKUP(D215,'DS CN MOI UP'!$B$10:$C$347,2,0) -> 03855 | D215: Bun (3) | AJ215: =SUM(E215:AI215) -> 0 | AK215: =AJ215*$AN$6 -> 0
A216: 204 | B216: 9 | C216: =VLOOKUP(D216,'DS CN MOI UP'!$B$10:$C$347,2,0) -> 03856 | D216: My | AJ216: =SUM(E216:AI216) -> 0 | AK216: =AJ216*$AN$6 -> 0
A217: Đội 3- Xưởng cưa | C217: =VLOOKUP(D217,'DS CN MOI UP'!$B$10:$C$347,2,0) -> #N/A | AJ217: =SUM(AJ218:AJ224) -> 0 | AK217: =AJ217*$AN$6 -> 0
A218: 205 | B218: 1 | C218: =VLOOKUP(D218,'DS CN MOI UP'!$B$10:$C$347,2,0) -> 03346 | D218: Pho Thông | AJ218: =SUM(E218:AI218) -> 0 | AK218: =AJ218*$AN$6 -> 0
A219: 206 | B219: 2 | C219: =VLOOKUP(D219,'DS CN MOI UP'!$B$10:$C$347,2,0) -> #N/A | D219: Ka Púc | AJ219: =SUM(E219:AI219) -> 0 | AK219: =AJ219*$AN$6 -> 0
A220: 207 | B220: 3 | C220: =VLOOKUP(D220,'DS CN MOI UP'!$B$10:$C$347,2,0) -> 02477 | D220: Chay Đi | AJ220: =SUM(E220:AI220) -> 0 | AK220: =AJ220*$AN$6 -> 0
A221: 208 | B221: 4 | C221: =VLOOKUP(D221,'DS CN MOI UP'!$B$10:$C$347,2,0) -> 02495 | D221: Lăng B | AJ221: =SUM(E221:AI221) -> 0 | AK221: =AJ221*$AN$6 -> 0
A222: 209 | B222: 5 | C222: =VLOOKUP(D222,'DS CN MOI UP'!$B$10:$C$347,2,0) -> 02505 | D222: Vi Say | AJ222: =SUM(E222:AI222) -> 0 | AK222: =AJ222*$AN$6 -> 0
A223: 210 | B223: 6 | C223: =VLOOKUP(D223,'DS CN MOI UP'!$B$10:$C$347,2,0) -> 02516 | D223: On | AJ223: =SUM(E223:AI223) -> 0 | AK223: =AJ223*$AN$6 -> 0
A224: 211 | B224: 7 | C224: =VLOOKUP(D224,'DS CN MOI UP'!$B$10:$C$347,2,0) -> 03347 | D224: Tuc | AJ224: =SUM(E224:AI224) -> 0 | AK224: =AJ224*$AN$6 -> 0
A225: Đội 4 | C225: =VLOOKUP(D225,'DS CN MOI UP'!$B$10:$C$347,2,0) -> #N/A | AJ225: =SUM(AJ226:AJ310) -> 0 | AK225: =AJ225*$AN$6 -> 0
A226: 212 | B226: 1 | C226: =VLOOKUP(D226,'DS CN MOI UP'!$B$10:$C$347,2,0) -> 03348 | D226: Sốt | AJ226: =SUM(E226:AI226) -> 0 | AK226: =AJ226*$AN$6 -> 0
A227: 213 | B227: 2 | C227: =VLOOKUP(D227,'DS CN MOI UP'!$B$10:$C$347,2,0) -> 03349 | D227: Thảo A Tiền | AJ227: =SUM(E227:AI227) -> 0 | AK227: =AJ227*$AN$6 -> 0
A228: 214 | B228: 3 | C228: =VLOOKUP(D228,'DS CN MOI UP'!$B$10:$C$347,2,0) -> 02545 | D228: Sít | AJ228: =SUM(E228:AI228) -> 0 | AK228: =AJ228*$AN$6 -> 0
A229: 215 | B229: 4 | C229: =VLOOKUP(D229,'DS CN MOI UP'!$B$10:$C$347,2,0) -> 02693 | D229: Nghiệp | AJ229: =SUM(E229:AI229) -> 0 | AK229: =AJ229*$AN$6 -> 0
A230: 216 | B230: 5 | C230: =VLOOKUP(D230,'DS CN MOI UP'!$B$10:$C$347,2,0) -> 03350 | D230: Bun Theo | AJ230: =SUM(E230:AI230) -> 0 | AK230: =AJ230*$AN$6 -> 0
A231: 217 | B231: 6 | C231: =VLOOKUP(D231,'DS CN MOI UP'!$B$10:$C$347,2,0) -> 02526 | D231: Núi | AJ231: =SUM(E231:AI231) -> 0 | AK231: =AJ231*$AN$6 -> 0
A232: 218 | B232: 7 | C232: =VLOOKUP(D232,'DS CN MOI UP'!$B$10:$C$347,2,0) -> 03351 | D232: Xa Mon | AJ232: =SUM(E232:AI232) -> 0 | AK232: =AJ232*$AN$6 -> 0
A233: 219 | B233: 8 | C233: =VLOOKUP(D233,'DS CN MOI UP'!$B$10:$C$347,2,0) -> 03352 | D233: Thảo Thúc | AJ233: =SUM(E233:AI233) -> 0 | AK233: =AJ233*$AN$6 -> 0
A234: 220 | B234: 9 | C234: =VLOOKUP(D234,'DS CN MOI UP'!$B$10:$C$347,2,0) -> 02567 | D234: Bo Loi | AJ234: =SUM(E234:AI234) -> 0 | AK234: =AJ234*$AN$6 -> 0
A235: 221 | B235: 10 | C235: =VLOOKUP(D235,'DS CN MOI UP'!$B$10:$C$347,2,0) -> 02564 | D235: Xoong | AJ235: =SUM(E235:AI235) -> 0 | AK235: =AJ235*$AN$6 -> 0
A236: 222 | B236: 11 | C236: =VLOOKUP(D236,'DS CN MOI UP'!$B$10:$C$347,2,0) -> 03353 | D236: Ta Văn | AJ236: =SUM(E236:AI236) -> 0 | AK236: =AJ236*$AN$6 -> 0
A237: 223 | B237: 12 | C237: =VLOOKUP(D237,'DS CN MOI UP'!$B$10:$C$347,2,0) -> 02518 | D237: Khăm Măn | AJ237: =SUM(E237:AI237) -> 0 | AK237: =AJ237*$AN$6 -> 0
... A310: 295 | B310: 84 | C310: =VLOOKUP(D310,'DS CN MOI UP'!$B$10:$C$347,2,0) -> #N/A | D310: Hắc Xa Mi | AJ310: =SUM(E310:AI310) -> 0 | AK310: =AJ310*$AN$6 -> 0
A311: Đội 5 | C311: =VLOOKUP(D311,'DS CN MOI UP'!$B$10:$C$347,2,0) -> #N/A | AJ311: =SUM(AJ312:AJ383) -> 0 | AK311: =AJ311*$AN$6 -> 0
A312: 296 | B312: 1 | C312: =VLOOKUP(D312,'DS CN MOI UP'!$B$10:$C$347,2,0) -> 02615 | D312: Nàng Mon | AJ312: =SUM(E312:AI312) -> 0 | AK312: =AJ312*$AN$6 -> 0
A313: 297 | B313: 2 | C313: =VLOOKUP(D313,'DS CN MOI UP'!$B$10:$C$347,2,0) -> 02594 | D313: Bun | AJ313: =SUM(E313:AI313) -> 0 | AK313: =AJ313*$AN$6 -> 0
A314: 298 | B314: 3 | C314: =VLOOKUP(D314,'DS CN MOI UP'!$B$10:$C$347,2,0) -> 02596 | D314: Xôm Bách | AJ314: =SUM(E314:AI314) -> 0 | AK314: =AJ314*$AN$6 -> 0
A315: 299 | B315: 4 | C315: =VLOOKUP(D315,'DS CN MOI UP'!$B$10:$C$347,2,0) -> 02601 | D315: Thảo Tịa | AJ315: =SUM(E315:AI315) -> 0 | AK315: =AJ315*$AN$6 -> 0
A316: 300 | B316: 5 | C316: =VLOOKUP(D316,'DS CN MOI UP'!$B$10:$C$347,2,0) -> 02697 | D316: Hám Lae | AJ316: =SUM(E316:AI316) -> 0 | AK316: =AJ316*$AN$6 -> 0
A317: 301 | B317: 6 | C317: =VLOOKUP(D317,'DS CN MOI UP'!$B$10:$C$347,2,0) -> 02610 | D317: Lan (5) | AJ317: =SUM(E317:AI317) -> 0 | AK317: =AJ317*$AN$6 -> 0
A318: 302 | B318: 7 | C318: =VLOOKUP(D318,'DS CN MOI UP'!$B$10:$C$347,2,0) -> 02611 | D318: Năm | AJ318: =SUM(E318:AI318) -> 0 | AK318: =AJ318*$AN$6 -> 0
A319: 303 | B319: 8 | C319: =VLOOKUP(D319,'DS CN MOI UP'!$B$10:$C$347,2,0) -> 02602 | D319: Thảo Sum | AJ319: =SUM(E319:AI319) -> 0 | AK319: =AJ319*$AN$6 -> 0
A320: 304 | B320: 9 | C320: =VLOOKUP(D320,'DS CN MOI UP'!$B$10:$C$347,2,0) -> 02609 | D320: A Sung | AJ320: =SUM(E320:AI320) -> 0 | AK320: =AJ320*$AN$6 -> 0
A321: 305 | B321: 10 | C321: =VLOOKUP(D321,'DS CN MOI UP'!$B$10:$C$347,2,0) -> 02569 | D321: Phết Sa Mon | AJ321: =SUM(E321:AI321) -> 0 | AK321: =AJ321*$AN$6 -> 0
A322: 306 | B322: 11 | C322: =VLOOKUP(D322,'DS CN MOI UP'!$B$10:$C$347,2,0) -> 02583 | D322: Nàng Von | AJ322: =SUM(E322:AI322) -> 0 | AK322: =AJ322*$AN$6 -> 0
A323: 307 | B323: 12 | C323: =VLOOKUP(D323,'DS CN MOI UP'!$B$10:$C$347,2,0) -> 02604 | D323: T. Chòi | AJ323: =SUM(E323:AI323) -> 0 | AK323: =AJ323*$AN$6 -> 0
... A383: 367 | B383: 69 | C383: =VLOOKUP(D383,'DS CN MOI UP'!$B$10:$C$347,2,0) -> #N/A | D383: Thảo Len | AJ383: =SUM(E383:AI383) -> 0 | AK383: =AJ383*$AN$6 -> 0
A384: Đội 6 | C384: =VLOOKUP(D384,'DS CN MOI UP'!$B$10:$C$347,2,0) -> #N/A | AJ384: =SUM(AJ385:AJ442) -> 0 | AK384: =AJ384*$AN$6 -> 0
A385: 368 | B385: 1 | C385: =VLOOKUP(D385,'DS CN MOI UP'!$B$10:$C$347,2,0) -> 02616 | D385: A Lem | AJ385: =SUM(E385:AI385) -> 0 | AK385: =AJ385*$AN$6 -> 0
...

Sheet DS CN MOI UP
A1: CÔNG TY TNHH CP QUASA-GERUCO LÀO | D1: CỘNG HÒA DÂN CHỦ NHÂN DÂN LÀO
A2: NÔNG TRƯỜNG 1 | D2: Hòa bình - Độc lập - Dân chủ - Thống nhất - Thịnh vượng
A4: DANH SÁCH CÔNG NHÂN KHAI THÁC + BẢO VỆ
A7: Stt | B7: Họ và tên | C7: MSNV | D7: Giới tính | E7: Ngày tháng năm sinh | F7: Nơi ở | G7: Ghi chú
A8: A | B8: CÔNG NHÂN KHAI THÁC
A10: Đội 3
A11: 1 | B11: Bôn | C11: 03319 | D11: Nam | F11: Non Say
A12: 2 | B12: E | C12: 03320 | D12: Nam | F12: Non Say
A13: 3 | B13: Khương (3) | C13: 02453 | D13: Nam | F13: Non Say
A14: 4 | B14: Nít Ni Lanh | C14: 02471 | D14: Nam | F14: Non Say
A15: 5 | B15: Khăm Đeng | C15: 02465 | D15: Nam | F15: Non Say
A16: 6 | B16: Nàng Năt | C16: 03321 | D16: Nữ | F16: Non Say
A17: 7 | B17: Xay (3) | C17: 03322 | D17: Nam | F17: Non Say
A18: 8 | B18: Xôn | C18: 02452 | D18: Nam | F18: Non Say
A19: 9 | B19: Phum Hom | C19: 02508 | D19: Nam | F19: Non Say
A20: 10 | B20: Pa Lay | C20: 03323 | D20: Nam | F20: Non Say
A21: 11 | B21: Măm | C21: 02466 | D21: Nam | F21: Non Say
A22: 12 | B22: Muôi | C22: 02493 | D22: Nữ | F22: Non Say
... A103: 93 | B103: Chinh | C103: 02480 | D103: Nữ | F103: Non Say
A104: XC
A105: 1 | B105: Pho Thông | C105: 03346 | D105: Nam | E105: 26696 | F105: Non Say
A106: 2 | B106: Ka Púc | C106: 02472 | D106: Nam | E106: 32579 | F106: Non Say
A107: 3 | B107: Chay Đi | C107: 02477 | D107: Nữ | E107: 34889 | F107: Non Say
A108: 4 | B108: Lăng B | C108: 02495 | D108: Nam | E108: 25486 | F108: Non Say
A109: 5 | B109: Vi Say | C109: 02505 | D109: Nam | E109: 26183 | F109: Non Say
A110: 6 | B110: On | C110: 02516 | D110: Nữ | E110: 35013 | F110: Non Say
A111: 7 | B111: Tuc | C111: 03347 | D111: Nữ | E111: 26671 | F111: Non Say
A112: TC
A113: 1 | B113: Thon | C113: 03343 | D113: Nam | E113: 38400 | F113: Non Say
A114: 2 | B114: Nhon | C114: 02444 | D114: Nữ | E114: 29503 | F114: Non Say
A115: 3 | B115: Hăm (3) | C115: 02447 | D115: Nam | E115: 32960 | F115: Xay Xăm Bun
A116: 4 | B116: Nang (3) | C116: 03344 | D116: Nữ | E116: 36203 | F116: Xay Xăm Bun
A117: 5 | B117: Khăm | C117: 02449 | D117: Nam | E117: 28619 | F117: Non Say
A118: 6 | B118: Nàng Bát | C118: 02445 | D118: Nữ | E118: 29405 | F118: Non Say
A119: 7 | B119: Dộc | C119: 02446 | D119: Nam | E119: 29803 | F119: Non Say
A120: 8 | B120: Chăn (3) | C120: 03345 | D120: Nam | E120: 32762 | F120: Xi Bun Hương
A121: 9 | B121: Hát | C121: 03854 | D121: Nam | E121: =2024-1982 -> 42 | F121: Xay Xăm Bun | G121: Chưa có HĐ
A122: 10 | B122: Bun (3) | C122: 03855 | D122: Nam | E122: =2024-1975 -> 49 | F122: Bản Cang | G122: Chưa có HĐ
A123: 11 | B123: My | C123: 03856 | D123: Nữ | E123: =2024-1986 -> 38 | F123: Xay Xăm Bun | G123: Chưa có HĐ
A124: Đội 4
A125: 1 | B125: Sốt | C125: 03348 | D125: Nam | E125: 34825 | F125: Non Say
A126: 2 | B126: Thảo A Tiền | C126: 03349 | D126: Nam | E126: 36777 | F126: Khọc Pun
A127: 3 | B127: Kong Ta | C127: 02543 | D127: Nam | E127: 28709 | F127: Xi Bun Hương
A128: 4 | B128: Nghiệp | C128: 02693 | D128: Nam | E128: 31998 | F128: Non Say
A129: 5 | B129: Bun Theo | C129: 03350 | D129: Nam | E129: 34822 | F129: Khọc Pun
A130: 6 | B130: Núi | C130: 02526 | D130: Nam | E130: 35925 | F130: Khọc Pun
A131: 7 | B131: Xa Mon | C131: 03351
A132: 8 | B132: Thảo Thúc | C132: 03352 | D132: Nam | E132: 28613 | F132: Khọc Pun
A133: 9 | B133: Bo Loi | C133: 02567 | D133: Nam | E133: 29039 | F133: Khọc Pun
A134: 10 | B134: Xoong | C134: 02564 | D134: Nam | E134: 31658 | F134: Khọc Pun
A135: 11 | B135: Ta Văn | C135: 03353 | D135: Nam | E135: 34768 | F135: Khọc Pun
A136: 12 | B136: Khăm Măn | C136: 02518 | D136: Nam | E136: 33770 | F136: Khọc Pun
A137: 13 | B137: Ninh | C137: 03354 | D137: Nam | E137: 35530 | F137: Non Say
A138: 14 | B138: Vôn | C138: 03355 | D138: Nam | E138: 36229 | F138: Non Say
A139: 15 | B139: Khăm Thạ Von | C139: 02521 | D139: Nam | E139: 31787 | F139: Khọc Pun
A140: 16 | B140: Minh | C140: 03356 | D140: Nam | E140: 34188 | F140: Xay Xăm Bun
A141: 17 | B141: Đan | C141: 02524 | D141: Nam | E141: 35951 | F141: Khọc Pun
A142: 18 | B142: Nội | C142: 03357 | D142: Nam | E142: 36314 | F142: Khọc Pun
A143: 19 | B143: Keo La | C143: 03358 | D143: Nam | E143: 36621 | F143: Khọc Pun
... A206: 82 | B206: Khăm Lổ | C206: 02559 | D206: Nam | E206: 31963 | F206: Thìn
A207: Đội 5
A208: 1 | B208: Nàng Mon | C208: 02615 | D208: Nữ | E208: 37664 | F208: Sa Khuôn
A209: 2 | B209: Bun | C209: 02594 | D209: Nam | E209: 29678 | F209: Thơm
A210: 3 | B210: Xôm Bách | C210: 02596 | D210: Nam | E210: 38068 | F210: Thơm
A211: 4 | B211: Thảo Tịa | C211: 02601 | D211: Nam | E211: 34861 | F211: Sa Khuôn
A212: 5 | B212: Hám Lae | C212: 02697 | D212: Nam | E212: 32784 | F212: Sa Khuôn
A213: 6 | B213: Lan (5) | C213: 02610 | D213: Nữ | E213: 32605 | F213: Sa Khuôn
A214: 7 | B214: Năm | C214: 02611 | D214: Nam | E214: 31190 | F214: Sa Khuôn
A215: 8 | B215: Thảo Sum | C215: 02602 | D215: Nam | E215: 37784 | F215: Sa Khuôn
A216: 9 | B216: A Sung | C216: 02609 | D216: Nam | E216: 37114 | F216: Sa Loi Nọi
A217: 10 | B217: Phết Sa Mon | C217: 02569 | D217: Nam | E217: 30361 | F217: Sa Khuôn
A218: 11 | B218: Nàng Von | C218: 02583 | D218: Nữ | E218: 38180 | F218: Sa Khuôn
A219: 12 | B219: T. Chòi | C219: 02604 | D219: Nam | E219: 37104 | F219: Sa Khuôn
... A261: 54 | B261: A Vun | C261: 02577 | D261: Nam | E261: 30085 | F261: Sa Khuôn
A262: 55 | B262: Thảo Bơt | C262: 03857 | D262: Nam | E262: 27 | F262: Xạ Xuông | G262: Chưa có HĐ
A263: 56 | B263: Say (5) | C263: 02597 | D263: Nam | E263: 35102 | F263: Sa Khuôn
A264: 57 | B264: Đăm (5) | C264: 02590 | D264: Nam | E264: 33697 | F264: Sa Khuôn
A265: 58 | B265: Viêng | C265: 02585 | D265: Nam | E265: 32710 | F265: Sa Khuôn
A266: 59 | B266: Săn | C266: 03399 | D266: Nam | E266: 34562 | F266: Hủa Bun
A267: 60 | B267: Nàng Loi | C267: 02584 | D267: Nữ | E267: 33770 | F267: Thơm
A268: 61 | B268: A Săn | C268: 02698 | D268: Nam | E268: 38870 | F268: Thơm
A269: 62 | B269: Sa Máy | C269: 03858 | D269: Nam | E269: 23 | F269: Xạ Xuông | G269: Chưa có HĐ
A270: 63 | B270: Khăm Bay (5) | C270: 02591 | D270: Nam | E270: 37727 | F270: Thơm
A271: 64 | B271: Chôn | C271: 02595 | D271: Nam | E271: 38544 | F271: Hủa Bun
A272: 65 | B272: Lâm Ngân | C272: 02582
A273: 66 | B273: A Nha | C273: 02572
A274: 67 | B274: Tảo Pheo | C274: 02694 | D274: Nam | E274: 31521 | F274: Sa Khuôn
A275: 68 | B275: P. Mong | C275: 02699 | D275: Nam | E275: 32275 | F275: Sa Loi Nọi
A276: 69 | B276: A Chon | C276: 03400 | D276: Nam | E276: 32734 | F276: Sa Loi Nọi
A277: KV 71
A278: 1 | B278: Tà Lòi | C278: 02658 | D278: Nam | E278: 35981 | F278: Buôn Tây
A279: 2 | B279: Bay | C279: 02660 | D279: Nam | E279: 35982 | F279: Buôn
A280: 3 | B280: LạC Khon | C280: 02657 | D280: Nam | E280: 33636 | F280: A Cây
A281: 4 | B281: Tà (5) | C281: 02659 | D281: Nam | E281: 27212 | F281: Buôn Nưa
A282: 5 | B282: Xay (5) | C282: 02662 | D282: Nam | E282: 35951 | F282: Buôn Tây
A283: 6 | B283: Ka Tun | C283: 02661 | D283: Nam | E283: 30072 | F283: Buôn Tây
A284: 6 | B284: Lây | C284: 02705 | D284: Nam | E284: 33822 | F284: Buôn Tây
A285: ĐỘI 6
A286: 1 | B286: A Lem | C286: 02616
A287: 2 | B287: Bun Nhèng | C287: 02617
...

Sheet CÔNG CHĂM SÓC
A2: BẢNG TỔNG HỢP CÁC CÔNG CHĂM SÓC
A4: STT | B4: Tên CN | C4: Tên công việc | L4: Tổng
C5: Bôi thuốc kích thích | D5: Bấm mái chắn mưa ngữa | E5: Bấm mái chắn mưa úp | F5: Gắn màng phủ chén | G5: Bấm mái HO4 | H5: Gia cố | N5: Bấm mái chắn mưa | O5: Bấm mái chắn mưa HO4 | P5: Bấm màng phủ chén | Q5: Bôi thuốc kích thích
C6: 1.25 | D6: 0.14285714 | E6: 0.125 | F6: 0.16666667 | G6: 0.083333333 | H6: 0.5
A7: Trạm 1 | C7: =SUM(C8:C113) -> 249.6 | D7: =SUM(D8:D113) -> 0 | E7: =SUM(E8:E113) -> 1904 | F7: =SUM(F8:F113) -> 1872 | G7: =SUM(G8:G113) -> 888 | H7: =SUM(H8:H113) -> 0 | I7: =SUM(I8:I113) -> 0 | J7: =SUM(J8:J113) -> 0 | ... L7: =SUM(L8:L113) -> 4913.6
A8: 1 | B8: Thá | C8: =Q8/$C$6 -> 2.4 | E8: =N8/$E$6 -> 16 | F8: =P8/$F$6 -> 18 | G8: =O8/$G$6 -> 12 | L8: =SUM(C8:K8) -> 48.4 | N8: 2 | O8: 1 | P8: 3 | Q8: 3
A9: 2 | B9: Đăm (3) | C9: =Q9/$C$6 -> 2.4 | E9: =N9/$E$6 -> 8 | F9: =P9/$F$6 -> 18 | G9: =O9/$G$6 -> 24 | L9: =SUM(C9:K9) -> 52.4 | N9: 1 | O9: 2 | P9: 3 | Q9: 3
A10: 3 | B10: Chọt | C10: =Q10/$C$6 -> 2.4 | E10: =N10/$E$6 -> 8 | F10: =P10/$F$6 -> 18 | G10: =O10/$G$6 -> 24 | L10: =SUM(C10:K10) -> 52.4 | N10: 1 | O10: 2 | P10: 3 | Q10: 3
A11: 4 | B11: Vat Sa Na | C11: =Q11/$C$6 -> 2.4 | E11: =N11/$E$6 -> 8 | F11: =P11/$F$6 -> 18 | G11: =O11/$G$6 -> 24 | L11: =SUM(C11:K11) -> 52.4 | N11: 1 | O11: 2 | P11: 3 | Q11: 3
A12: 5 | B12: Xi La | C12: =Q12/$C$6 -> 2.4 | E12: =N12/$E$6 -> 8 | F12: =P12/$F$6 -> 18 | G12: =O12/$G$6 -> 24 | L12: =SUM(C12:K12) -> 52.4 | N12: 1 | O12: 2 | P12: 3 | Q12: 3
A13: 6 | B13: Nàng Lên | C13: =Q13/$C$6 -> 2.4 | E13: =N13/$E$6 -> 8 | F13: =P13/$F$6 -> 18 | G13: =O13/$G$6 -> 24 | L13: =SUM(C13:K13) -> 52.4 | N13: 1 | O13: 2 | P13: 3 | Q13: 3
A14: 7 | B14: Kum Man | C14: =Q14/$C$6 -> 2.4 | E14: =N14/$E$6 -> 8 | F14: =P14/$F$6 -> 18 | G14: =O14/$G$6 -> 24 | L14: =SUM(C14:K14) -> 52.4 | N14: 1 | O14: 2 | P14: 3 | Q14: 3
A15: 8 | B15: Xai Ta | C15: =Q15/$C$6 -> 2.4 | E15: =N15/$E$6 -> 8 | F15: =P15/$F$6 -> 18 | G15: =O15/$G$6 -> 24 | L15: =SUM(C15:K15) -> 52.4 | N15: 1 | O15: 2 | P15: 3 | Q15: 3
A16: 9 | B16: Ót | C16: =Q16/$C$6 -> 2.4 | E16: =N16/$E$6 -> 8 | F16: =P16/$F$6 -> 18 | G16: =O16/$G$6 -> 24 | L16: =SUM(C16:K16) -> 52.4 | N16: 1 | O16: 2 | P16: 3 | Q16: 3
A17: 10 | B17: Thảo Tom | C17: =Q17/$C$6 -> 2.4 | E17: =N17/$E$6 -> 8 | F17: =P17/$F$6 -> 18 | G17: =O17/$G$6 -> 24 | L17: =SUM(C17:K17) -> 52.4 | N17: 1 | O17: 2 | P17: 3 | Q17: 3
A18: 11 | B18: Me Nhon | C18: =Q18/$C$6 -> 2.4 | E18: =N18/$E$6 -> 8 | F18: =P18/$F$6 -> 18 | G18: =O18/$G$6 -> 24 | L18: =SUM(C18:K18) -> 52.4 | N18: 1 | O18: 2 | P18: 3 | Q18: 3
A19: 12 | B19: Son | C19: =Q19/$C$6 -> 2.4 | E19: =N19/$E$6 -> 8 | F19: =P19/$F$6 -> 18 | G19: =O19/$G$6 -> 24 | L19: =SUM(C19:K19) -> 52.4 | N19: 1 | O19: 2 | P19: 3 | Q19: 3
... A44: 37 | B44: Nang Ny | C44: =Q44/$C$6 -> 2.4 | E44: =N44/$E$6 -> 8 | F44: =P44/$F$6 -> 18 | G44: =O44/$G$6 -> 24 | L44: =SUM(C44:K44) -> 52.4 | N44: 1 | O44: 2 | P44: 3 | Q44: 3
A45: 38 | B45: Thảo Lúi | C45: =Q45/$C$6 -> 2.4 | E45: =N45/$E$6 -> 24 | F45: =P45/$F$6 -> 18 | G45: =O45/$G$6 -> 0 | L45: =SUM(C45:K45) -> 44.4 | N45: 3 | P45: 3 | Q45: 3
A46: 39 | B46: Lên | C46: =Q46/$C$6 -> 2.4 | E46: =N46/$E$6 -> 24 | F46: =P46/$F$6 -> 18 | G46: =O46/$G$6 -> 0 | L46: =SUM(C46:K46) -> 44.4 | N46: 3 | P46: 3 | Q46: 3
A47: 40 | B47: Ô | C47: =Q47/$C$6 -> 2.4 | E47: =N47/$E$6 -> 24 | F47: =P47/$F$6 -> 18 | G47: =O47/$G$6 -> 0 | L47: =SUM(C47:K47) -> 44.4 | N47: 3 | P47: 3 | Q47: 3
A48: 41 | B48: Văn Thong | C48: =Q48/$C$6 -> 2.4 | E48: =N48/$E$6 -> 24 | F48: =P48/$F$6 -> 18 | G48: =O48/$G$6 -> 0 | L48: =SUM(C48:K48) -> 44.4 | N48: 3 | P48: 3 | Q48: 3
A49: 42 | B49: Khôn (3) | C49: =Q49/$C$6 -> 2.4 | E49: =N49/$E$6 -> 24 | F49: =P49/$F$6 -> 18 | G49: =O49/$G$6 -> 0 | L49: =SUM(C49:K49) -> 44.4 | N49: 3 | P49: 3 | Q49: 3
A50: 43 | B50: Me Son | C50: =Q50/$C$6 -> 2.4 | E50: =N50/$E$6 -> 24 | F50: =P50/$F$6 -> 18 | G50: =O50/$G$6 -> 0 | L50: =SUM(C50:K50) -> 44.4 | N50: 3 | P50: 3 | Q50: 3
A51: 44 | B51: Me Ly | C51: =Q51/$C$6 -> 2.4 | E51: =N51/$E$6 -> 24 | F51: =P51/$F$6 -> 18 | G51: =O51/$G$6 -> 0 | L51: =SUM(C51:K51) -> 44.4 | N51: 3 | P51: 3 | Q51: 3
A52: 45 | B52: Nít Ni Lanh | C52: =Q52/$C$6 -> 2.4 | E52: =N52/$E$6 -> 24 | F52: =P52/$F$6 -> 18 | G52: =O52/$G$6 -> 0 | L52: =SUM(C52:K52) -> 44.4 | N52: 3 | P52: 3 | Q52: 3
A53: 46 | B53: Lăng A | C53: =Q53/$C$6 -> 2.4 | E53: =N53/$E$6 -> 24 | F53: =P53/$F$6 -> 18 | G53: =O53/$G$6 -> 0 | L53: =SUM(C53:K53) -> 44.4 | N53: 3 | P53: 3 | Q53: 3
A54: 47 | B54: Phơn | C54: =Q54/$C$6 -> 2.4 | E54: =N54/$E$6 -> 24 | F54: =P54/$F$6 -> 18 | G54: =O54/$G$6 -> 0 | L54: =SUM(C54:K54) -> 44.4 | N54: 3 | P54: 3 | Q54: 3
A55: 48 | B55: Chít | C55: =Q55/$C$6 -> 2.4 | E55: =N55/$E$6 -> 24 | F55: =P55/$F$6 -> 18 | G55: =O55/$G$6 -> 0 | L55: =SUM(C55:K55) -> 44.4 | N55: 3 | P55: 3 | Q55: 3
A56: 49 | B56: Chec | C56: =Q56/$C$6 -> 2.4 | E56: =N56/$E$6 -> 24 | F56: =P56/$F$6 -> 18 | G56: =O56/$G$6 -> 0 | L56: =SUM(C56:K56) -> 44.4 | N56: 3 | P56: 3 | Q56: 3
... A61: 54 | B61: Ðuông Chăn | C61: =Q61/$C$6 -> 2.4 | E61: =N61/$E$6 -> 24 | F61: =P61/$F$6 -> 18 | G61: =O61/$G$6 -> 0 | L61: =SUM(C61:K61) -> 44.4 | N61: 3 | P61: 3 | Q61: 3
A62: 55 | B62: Xing | C62: =Q62/$C$6 -> 2.4 | E62: =N62/$E$6 -> 16 | F62: =P62/$F$6 -> 18 | G62: =O62/$G$6 -> 12 | L62: =SUM(C62:K62) -> 48.4 | N62: 2 | O62: 1 | P62: 3 | Q62: 3
A63: 56 | B63: Xi No | C63: =Q63/$C$6 -> 2.4 | E63: =N63/$E$6 -> 24 | F63: =P63/$F$6 -> 18 | G63: =O63/$G$6 -> 0 | L63: =SUM(C63:K63) -> 44.4 | N63: 3 | P63: 3 | Q63: 3
A64: 57 | B64: Lói | C64: =Q64/$C$6 -> 2.4 | E64: =N64/$E$6 -> 24 | F64: =P64/$F$6 -> 18 | G64: =O64/$G$6 -> 0 | L64: =SUM(C64:K64) -> 44.4 | N64: 3 | P64: 3 | Q64: 3
A65: 58 | B65: Nọi (3) | C65: =Q65/$C$6 -> 2.4 | E65: =N65/$E$6 -> 24 | F65: =P65/$F$6 -> 18 | G65: =O65/$G$6 -> 0 | L65: =SUM(C65:K65) -> 44.4 | N65: 3 | P65: 3 | Q65: 3
A66: 59 | B66: Thảo Ký | C66: =Q66/$C$6 -> 2.4 | E66: =N66/$E$6 -> 24 | F66: =P66/$F$6 -> 18 | G66: =O66/$G$6 -> 0 | L66: =SUM(C66:K66) -> 44.4 | N66: 3 | P66: 3 | Q66: 3
A67: 60 | B67: Nam phon | C67: =Q67/$C$6 -> 2.4 | E67: =N67/$E$6 -> 24 | F67: =P67/$F$6 -> 18 | G67: =O67/$G$6 -> 0 | L67: =SUM(C67:K67) -> 44.4 | N67: 3 | P67: 3 | Q67: 3
A68: 61 | B68: Nang Ta | C68: =Q68/$C$6 -> 2.4 | E68: =N68/$E$6 -> 24 | F68: =P68/$F$6 -> 18 | G68: =O68/$G$6 -> 0 | L68: =SUM(C68:K68) -> 44.4 | N68: 3 | P68: 3 | Q68: 3
A69: 62 | B69: Pa Lay | C69: =Q69/$C$6 -> 2.4 | E69: =N69/$E$6 -> 24 | F69: =P69/$F$6 -> 18 | G69: =O69/$G$6 -> 0 | L69: =SUM(C69:K69) -> 44.4 | N69: 3 | P69: 3 | Q69: 3
A70: 63 | B70: Lăm phon (3) | C70: =Q70/$C$6 -> 2.4 | E70: =N70/$E$6 -> 24 | F70: =P70/$F$6 -> 18 | G70: =O70/$G$6 -> 0 | L70: =SUM(C70:K70) -> 44.4 | N70: 3 | P70: 3 | Q70: 3
A71: 64 | B71: Tia | C71: =Q71/$C$6 -> 2.4 | E71: =N71/$E$6 -> 24 | F71: =P71/$F$6 -> 18 | G71: =O71/$G$6 -> 0 | L71: =SUM(C71:K71) -> 44.4 | N71: 3 | P71: 3 | Q71: 3
A72: 65 | B72: Xay (3) | C72: =Q72/$C$6 -> 2.4 | E72: =N72/$E$6 -> 24 | F72: =P72/$F$6 -> 18 | G72: =O72/$G$6 -> 0 | L72: =SUM(C72:K72) -> 44.4 | N72: 3 | P72: 3 | Q72: 3
A73: 66 | B73: Kị To | C73: =Q73/$C$6 -> 2.4 | E73: =N73/$E$6 -> 24 | F73: =P73/$F$6 -> 18 | G73: =O73/$G$6 -> 0 | L73: =SUM(C73:K73) -> 44.4 | N73: 3 | P73: 3 | Q73: 3
A74: 67 | B74: Quy | C74: =Q74/$C$6 -> 2.4 | E74: =N74/$E$6 -> 24 | F74: =P74/$F$6 -> 18 | G74: =O74/$G$6 -> 0 | L74: =SUM(C74:K74) -> 44.4 | N74: 3 | P74: 3 | Q74: 3
... A111: 104 | B111: On | C111: =Q111/$C$6 -> 2.4 | E111: =N111/$E$6 -> 24 | F111: =P111/$F$6 -> 18 | G111: =O111/$G$6 -> 0 | L111: =SUM(C111:K111) -> 44.4 | N111: 3 | P111: 3 | Q111: 3
A112: 105 | L112: =SUM(C112:K112) -> 0
A113: 106 | L113: =SUM(C113:K113) -> 0
A114: Trạm 2 | C114: =SUM(C115:C180) -> 201.6 | D114: =SUM(D115:D180) -> 1358 | E114: =SUM(E115:E180) -> 0 | F114: =SUM(F115:F180) -> 1512 | G114: =SUM(G115:G180) -> 0 | H114: =SUM(H115:H180) -> 116 | I114: =SUM(I115:I180) -> 0 | J114: =SUM(J115:J180) -> 0 | ... L114: =SUM(L115:L180) -> 3187.6 | N114: Bấm mái chắn mưa | P114: Bấm màng phủ chén | Q114: Bôi thuốc kích thích | R114: Gia cố mái chắn mưa
A115: 1 | B115: A Liên | C115: =Q115/$C$6 -> 3.2 | D115: =N115/$D$6 -> 28 | F115: =P115/$F$6 -> 24 | H115: =R115/$H$6 -> 0 | L115: =SUM(C115:K115) -> 55.2 | N115: 4 | P115: 4 | Q115: 4
A116: 2 | B116: Phu Ngân | C116: =Q116/$C$6 -> 3.2 | D116: =N116/$D$6 -> 28 | F116: =P116/$F$6 -> 24 | H116: =R116/$H$6 -> 0 | L116: =SUM(C116:K116) -> 55.2 | N116: 4 | P116: 4 | Q116: 4
A117: 3 | B117: Đăm | C117: =Q117/$C$6 -> 3.2 | D117: =N117/$D$6 -> 28 | F117: =P117/$F$6 -> 24 | H117: =R117/$H$6 -> 0 | L117: =SUM(C117:K117) -> 55.2 | N117: 4 | P117: 4 | Q117: 4
A118: 4 | B118: La | C118: =Q118/$C$6 -> 3.2 | D118: =N118/$D$6 -> 28 | F118: =P118/$F$6 -> 24 | H118: =R118/$H$6 -> 0 | L118: =SUM(C118:K118) -> 55.2 | N118: 4 | P118: 4 | Q118: 4
A119: 5 | B119: A Lua | C119: =Q119/$C$6 -> 3.2 | D119: =N119/$D$6 -> 28 | F119: =P119/$F$6 -> 24 | H119: =R119/$H$6 -> 0 | L119: =SUM(C119:K119) -> 55.2 | N119: 4 | P119: 4 | Q119: 4
A120: 6 | B120: Múc | C120: =Q120/$C$6 -> 3.2 | D120: =N120/$D$6 -> 28 | F120: =P120/$F$6 -> 24 | H120: =R120/$H$6 -> 0 | L120: =SUM(C120:K120) -> 55.2 | N120: 4 | P120: 4 | Q120: 4
A121: 7 | B121: Tia (6) | C121: =Q121/$C$6 -> 3.2 | D121: =N121/$D$6 -> 28 | F121: =P121/$F$6 -> 24 | H121: =R121/$H$6 -> 0 | L121: =SUM(C121:K121) -> 55.2 | N121: 4 | P121: 4 | Q121: 4
A122: 8 | B122: Đa | C122: =Q122/$C$6 -> 3.2 | D122: =N122/$D$6 -> 28 | F122: =P122/$F$6 -> 24 | H122: =R122/$H$6 -> 0 | L122: =SUM(C122:K122) -> 55.2 | N122: 4 | P122: 4 | Q122: 4
A123: 9 | B123: Lăm Say | C123: =Q123/$C$6 -> 3.2 | D123: =N123/$D$6 -> 28 | F123: =P123/$F$6 -> 24 | H123: =R123/$H$6 -> 0 | L123: =SUM(C123:K123) -> 55.2 | N123: 4 | P123: 4 | Q123: 4
A124: 10 | B124: Nga | C124: =Q124/$C$6 -> 3.2 | D124: =N124/$D$6 -> 28 | F124: =P124/$F$6 -> 24 | H124: =R124/$H$6 -> 0 | L124: =SUM(C124:K124) -> 55.2 | N124: 4 | P124: 4 | Q124: 4
A125: 11 | B125: Pong (6) | C125: =Q125/$C$6 -> 3.2 | D125: =N125/$D$6 -> 28 | F125: =P125/$F$6 -> 24 | H125: =R125/$H$6 -> 0 | L125: =SUM(C125:K125) -> 55.2 | N125: 4 | P125: 4 | Q125: 4
A126: 12 | B126: Típ | C126: =Q126/$C$6 -> 3.2 | D126: =N126/$D$6 -> 28 | F126: =P126/$F$6 -> 24 | H126: =R126/$H$6 -> 0 | L126: =SUM(C126:K126) -> 55.2 | N126: 4 | P126: 4 | Q126: 4
... A159: 45 | B159: Tụi | C159: =Q159/$C$6 -> 3.2 | D159: =N159/$D$6 -> 28 | F159: =P159/$F$6 -> 24 | H159: =R159/$H$6 -> 0 | L159: =SUM(C159:K159) -> 55.2 | N159: 4 | P159: 4 | Q159: 4
A160: 46 | B160: Nục | C160: =Q160/$C$6 -> 3.2 | D160: =N160/$D$6 -> 7 | F160: =P160/$F$6 -> 24 | H160: =R160/$H$6 -> 6 | L160: =SUM(C160:K160) -> 40.2 | N160: 1 | P160: 4 | Q160: 4 | R160: 3
A161: 47 | B161: Khăm (6) | C161: =Q161/$C$6 -> 3.2 | D161: =N161/$D$6 -> 7 | F161: =P161/$F$6 -> 24 | H161: =R161/$H$6 -> 6 | L161: =SUM(C161:K161) -> 40.2 | N161: 1 | P161: 4 | Q161: 4 | R161: 3
A162: 48 | B162: Ký | C162: =Q162/$C$6 -> 3.2 | D162: =N162/$D$6 -> 7 | F162: =P162/$F$6 -> 24 | H162: =R162/$H$6 -> 6 | L162: =SUM(C162:K162) -> 40.2 | N162: 1 | P162: 4 | Q162: 4 | R162: 3
A163: 49 | B163: Khương (6) | C163: =Q163/$C$6 -> 3.2 | D163: =N163/$D$6 -> 0 | F163: =P163/$F$6 -> 24 | H163: =R163/$H$6 -> 8 | L163: =SUM(C163:K163) -> 35.2 | N163: 0 | P163: 4 | Q163: 4 | R163: 4
A164: 50 | B164: A Buôn | C164: =Q164/$C$6 -> 3.2 | D164: =N164/$D$6 -> 7 | F164: =P164/$F$6 -> 24 | H164: =R164/$H$6 -> 6 | L164: =SUM(C164:K164) -> 40.2 | N164: 1 | P164: 4 | Q164: 4 | R164: 3
A165: 51 | B165: Nay (6) | C165: =Q165/$C$6 -> 3.2 | D165: =N165/$D$6 -> 7 | F165: =P165/$F$6 -> 24 | H165: =R165/$H$6 -> 6 | L165: =SUM(C165:K165) -> 40.2 | N165: 1 | P165: 4 | Q165: 4 | R165: 3
A166: 52 | B166: Mách | C166: =Q166/$C$6 -> 3.2 | D166: =N166/$D$6 -> 7 | F166: =P166/$F$6 -> 24 | H166: =R166/$H$6 -> 6 | L166: =SUM(C166:K166) -> 40.2 | N166: 1 | P166: 4 | Q166: 4 | R166: 3
A167: 53 | B167: Sưa | C167: =Q167/$C$6 -> 3.2 | D167: =N167/$D$6 -> 7 | F167: =P167/$F$6 -> 24 | H167: =R167/$H$6 -> 6 | L167: =SUM(C167:K167) -> 40.2 | N167: 1 | P167: 4 | Q167: 4 | R167: 3
A168: 54 | B168: Bắt | C168: =Q168/$C$6 -> 3.2 | D168: =N168/$D$6 -> 0 | F168: =P168/$F$6 -> 24 | H168: =R168/$H$6 -> 8 | L168: =SUM(C168:K168) -> 35.2 | N168: 0 | P168: 4 | Q168: 4 | R168: 4
A169: 55 | B169: Bộ | C169: =Q169/$C$6 -> 3.2 | D169: =N169/$D$6 -> 7 | F169: =P169/$F$6 -> 24 | H169: =R169/$H$6 -> 6 | L169: =SUM(C169:K169) -> 40.2 | N169: 1 | P169: 4 | Q169: 4 | R169: 3
A170: 56 | B170: Beng | C170: =Q170/$C$6 -> 3.2 | D170: =N170/$D$6 -> 7 | F170: =P170/$F$6 -> 24 | H170: =R170/$H$6 -> 6 | L170: =SUM(C170:K170) -> 40.2 | N170: 1 | P170: 4 | Q170: 4 | R170: 3
A171: 57 | B171: A Xiên | C171: =Q171/$C$6 -> 3.2 | D171: =N171/$D$6 -> 7 | F171: =P171/$F$6 -> 24 | H171: =R171/$H$6 -> 6 | L171: =SUM(C171:K171) -> 40.2 | N171: 1 | P171: 4 | Q171: 4 | R171: 3
... A177: 63 | B177: Hắm | C177: =Q177/$C$6 -> 3.2 | D177: =N177/$D$6 -> 7 | F177: =P177/$F$6 -> 24 | H177: =R177/$H$6 -> 6 | L177: =SUM(C177:K177) -> 40.2 | N177: 1 | P177: 4 | Q177: 4 | R177: 3
A178: 64 | B178: Xúc | C178: =Q178/$C$6 -> 0 | D178: =N178/$D$6 -> 0 | F178: =P178/$F$6 -> 0 | H178: =R178/$H$6 -> 0 | L178: =SUM(C178:K178) -> 0
A179: 65 | B179: Đeng | C179: =Q179/$C$6 -> 0 | D179: =N179/$D$6 -> 0 | F179: =P179/$F$6 -> 0 | H179: =R179/$H$6 -> 0 | L179: =SUM(C179:K179) -> 0
A180: 66 | L180: =SUM(C180:K180) -> 0
A181: TỔNG | C181: =SUM(C7,C114) -> 451.2 | D181: =SUM(D7,D114) -> 1358 | E181: =SUM(E7,E114) -> 1904 | F181: =SUM(F7,F114) -> 3384 | G181: =SUM(G7,G114) -> 888 | H181: =SUM(H7,H114) -> 116 | I181: =SUM(I7,I114) -> 0 | J181: =SUM(J7,J114) -> 0 | ... L181: =SUM(L7,L114) -> 8101.2

Sheet sản lượng
A1: CỘNG HÒA DÂN CHỦ NHÂN DÂN LÀO
A2: Hòa Bình - Độc Lập - Dân Chủ - Thống Nhất - Thịnh Vượng
A3: ----oOo----
A4: CÔNG TY TNHH MTV QUASA-GERUCO LÀO
A5: ĐỘI SẢN XUẤT SỐ 05
A7: BẢNG TỔNG HỢP SẢN LƯỢNG MỦ TẠP THÁNG 06 NĂM 2025
A8: (Từ ngày 01 đến 31/12/2025)
A9: Stt | C9: MSNV | D9: Họ và tên | E9: Ký tên | F9: Ngày | AK9: Tổng mủ tạp | AL9: Mủ tạp quy khô T12 | AM9: Tổng mủ tạp | AN9: Mủ tạp quy khô truy lĩnh T1,4,5,7,9 | AO9: Tổng trả lương | AP9: Xếp hạng kỹ thuật | AQ9: Ghi chú | AS9: T12 | AT9: TRUY THU
F10: 1 | G10: 2 | H10: 3 | I10: 4 | J10: 5 | K10: 6 | L10: 7 | M10: 8 | N10: 9 | O10: 10 | P10: 11 | Q10: 12 | R10: 13 | S10: 14 | T10: 15 | U10: 16 | V10: 17 | W10: 18 | X10: 19 | Y10: 20 | Z10: 21 | AA10: 22 | AB10: 23 | AC10: 24 | AD10: 25 | AE10: 26 | AF10: 27 | AG10: 28 | AH10: 29 | AI10: 30 | AJ10: 31 | AR10: DRC trạm 1 | AS10: 0.4250277 | AT10: 0.054801866
A11: Lát bốc | F11: A | G11: B | H11: C | I11: A | J11: B | K11: C | L11: A | M11: B | N11: C | O11: A | P11: B | Q11: C | R11: A | S11: B | T11: C | U11: A | V11: B | W11: C | X11: A | Y11: B | Z11: C | AA11: A | AB11: B | AC11: C | AD11: A | AE11: B | AF11: C | AG11: A | AH11: B | AI11: C | AJ11: A | AR11: DRC trạm 2 | AS11: 0.43569027 | AT11: 0.040575403
A12: Trạm 1 | F12: =SUM(F14:F97) -> 8361 | G12: =SUM(G14:G97) -> 12810 | H12: =SUM(H14:H97) -> 11535 | I12: =SUM(I14:I97) -> 9842 | J12: =SUM(J14:J97) -> 7910 | K12: =SUM(K14:K97) -> 11372 | L12: =SUM(L14:L97) -> 11376 | M12: =SUM(M14:M97) -> 11150 | ... AO12: =SUM(AO14:AO97) -> 161656.02 | AQ12: =SUM(AQ14:AQ97) -> 134761.2 | AR12: =SUM(AR14:AR97) -> 8431.9075
G13: =IF('sản lượng'!$Q$192:$S$192,8,IF('sản lượng'!$Q$191:$S$191>10,8,IF(E>5,9,IF(E14,10,IF(E12<50,11,12)))))/10 -> #VALUE!
A14: 1 | B14: 1 | C14: 04086 | D14: =TONGHOPCONGDOI!C11 -> T. Lê | F14: 160 | G14: 188 | H14: 152 | I14: 138 | J14: 77 | K14: 0 | L14: 159 | M14: 177 | N14: 100 | O14: 244 | P14: 174 | Q14: 221 | R14: 122 | S14: 179 | T14: 213 | U14: 201 | V14: 0 | W14: 211 | X14: 150 | Y14: 208 | Z14: 173 | AA14: 182 | AB14: 176 | AC14: 175 | AD14: 97 | AE14: 165 | AF14: 140 | AG14: 166 | AH14: 97 | AI14: 153 | AJ14: 118 | AK14: =SUM(F14:AJ14) -> 4716 | AL14: =AK14*$AS$10 -> 2004.4306 | AM14: =AK14 -> 4716 | AN14: =AM14*$AT$10 -> 258.4456 | AO14: =AL14+AN14 -> 2262.8762 | AP14: B | AQ14: =+AK14*40% -> 1886.4 | AR14: =+AL14-AQ14 -> 118.03064
A15: 2 | B15: 2 | C15: 02735 | D15: =TONGHOPCONGDOI!C12 -> Nang On Teng | F15: 0 | G15: 159 | H15: 191 | I15: 0 | J15: 131 | K15: 135 | L15: 0 | M15: 178 | N15: 0 | O15: 180 | P15: 121 | Q15: 245 | R15: 125 | S15: 222 | T15: 152 | U15: 206 | V15: 0 | W15: 214 | X15: 206 | Y15: 0 | Z15: 136 | AA15: 193 | AB15: 0 | AC15: 176 | AD15: 63 | AE15: 0 | AF15: 253 | AG15: 154 | AH15: 83 | AI15: 129 | AJ15: 158 | AK15: =SUM(F15:AJ15) -> 3810 | AL15: =AK15*$AS$10 -> 1619.3555 | AM15: =AK15 -> 3810 | AN15: =AM15*$AT$10 -> 208.79511 | AO15: =AL15+AN15 -> 1828.1507 | AP15: A | AQ15: =+AK15*40% -> 1524 | AR15: =+AL15-AQ15 -> 95.35554
A16: 3 | B16: 3 | C16: 03518 | D16: =TONGHOPCONGDOI!C13 -> T. Đôn Ma | F16: 0 | G16: 160 | H16: 191 | I16: 0 | J16: 131 | K16: 135 | L16: 0 | M16: 178 | N16: 0 | O16: 181 | P16: 121 | Q16: 245 | R16: 125 | S16: 223 | T16: 153 | U16: 207 | V16: 0 | W16: 213 | X16: 206 | Y16: 0 | Z16: 136 | AA16: 193 | AB16: 0 | AC16: 176 | AD16: 64 | AE16: 0 | AF16: 253 | AG16: 154 | AH16: 84 | AI16: 130 | AJ16: 159 | AK16: =SUM(F16:AJ16) -> 3818 | AL16: =AK16*$AS$10 -> 1622.7558 | AM16: =AK16 -> 3818 | AN16: =AM16*$AT$10 -> 209.23353 | AO16: =AL16+AN16 -> 1831.9893 | AP16: A | AQ16: =+AK16*40% -> 1527.2 | AR16: =+AL16-AQ16 -> 95.555762
A17: 4 | B17: 4 | C17: 04087 | D17: =TONGHOPCONGDOI!C14 -> N. La Ty | F17: 0 | G17: 249 | H17: 137 | I17: 130 | J17: 209 | K17: 140 | L17: 126 | M17: 135 | N17: 130 | O17: 209 | P17: 155 | Q17: 195 | R17: 117 | S17: 175 | T17: 143 | U17: 151 | V17: 0 | W17: 246 | X17: 194 | Y17: 160 | Z17: 220 | AA17: 180 | AB17: 167 | AC17: 160 | AD17: 105 | AE17: 156 | AF17: 156 | AG17: 120 | AH17: 0 | AI17: 120 | AJ17: 120 | AK17: =SUM(F17:AJ17) -> 4505 | AL17: =AK17*$AS$10 -> 1914.7498 | AM17: =AK17 -> 4505 | AN17: =AM17*$AT$10 -> 246.88241 | AO17: =AL17+AN17 -> 2161.6322 | AP17: A | AQ17: =+AK17*40% -> 1802 | AR17: =+AL17-AQ17 -> 112.74979
A18: 5 | B18: 5 | C18: 04088 | D18: =TONGHOPCONGDOI!C15 -> Thong Say | F18: 114 | G18: 144 | H18: 167 | I18: 71 | J18: 85 | K18: 88 | L18: 107 | M18: 0 | N18: 92 | O18: 183 | P18: 199 | Q18: 174 | R18: 89 | S18: 162 | T18: 183 | U18: 142 | V18: 96 | W18: 176 | X18: 189 | Y18: 144 | Z18: 90 | AA18: 159 | AB18: 159 | AC18: 106 | AD18: 105 | AE18: 119 | AF18: 130 | AG18: 113 | AH18: 86 | AI18: 139 | AJ18: 130 | AK18: =SUM(F18:AJ18) -> 3941 | AL18: =AK18*$AS$10 -> 1675.0342 | AM18: =AK18 -> 3941 | AN18: =AM18*$AT$10 -> 215.97416 | AO18: =AL18+AN18 -> 1891.0083 | AP18: B | AQ18: =+AK18*40% -> 1576.4 | AR18: =+AL18-AQ18 -> 98.634169
A19: 6 | B19: 6 | C19: 03545 | D19: =TONGHOPCONGDOI!C16 -> Phon Xa Văn | F19: 98 | G19: 183 | H19: 174 | I19: 125 | J19: 80 | K19: 157 | L19: 175 | M19: 130 | N19: 88 | O19: 193 | P19: 201 | Q19: 184 | R19: 89 | S19: 175 | T19: 185 | U19: 158 | V19: 89 | W19: 175 | X19: 173 | Y19: 140 | Z19: 105 | AA19: 153 | AB19: 154 | AC19: 131 | AD19: 72 | AE19: 132 | AF19: 147 | AG19: 116 | AH19: 95 | AI19: 185 | AJ19: 161 | AK19: =SUM(F19:AJ19) -> 4423 | AL19: =AK19*$AS$10 -> 1879.8975 | AM19: =AK19 -> 4423 | AN19: =AM19*$AT$10 -> 242.38866 | AO19: =AL19+AN19 -> 2122.2862 | AP19: A | AQ19: =+AK19*40% -> 1769.2 | AR19: =+AL19-AQ19 -> 110.69752
A20: 7 | B20: 7 | C20: 04089 | D20: =TONGHOPCONGDOI!C17 -> N. Tỏi | F20: 144 | G20: 199 | H20: 175 | I20: 139 | J20: 120 | K20: 150 | L20: 146 | M20: 153 | N20: 0 | O20: 174 | P20: 179 | Q20: 131 | R20: 246 | S20: 166 | T20: 237 | U20: 150 | V20: 0 | W20: 201 | X20: 175 | Y20: 0 | Z20: 195 | AA20: 0 | AB20: 0 | AC20: 131 | AD20: 0 | AE20: 0 | AF20: 405 | AG20: 142 | AH20: 100 | AI20: 59 | AJ20: 123 | AK20: =SUM(F20:AJ20) -> 4040 | AL20: =AK20*$AS$10 -> 1717.1119 | AM20: =AK20 -> 4040 | AN20: =AM20*$AT$10 -> 221.39954 | AO20: =AL20+AN20 -> 1938.5115 | AP20: A | AQ20: =+AK20*40% -> 1616 | AR20: =+AL20-AQ20 -> 101.11191
A21: 8 | B21: 8 | D21: =TONGHOPCONGDOI!C18 -> Na Ly | F21: 0 | G21: 155 | H21: 208 | I21: 152 | J21: 208 | K21: 136 | L21: 203 | M21: 140 | N21: 108 | O21: 163 | P21: 247 | Q21: 190 | R21: 112 | S21: 175 | T21: 176 | U21: 141 | V21: 0 | W21: 153 | X21: 153 | Y21: 169 | Z21: 124 | AA21: 136 | AB21: 224 | AC21: 144 | AD21: 114 | AE21: 162 | AF21: 173 | AG21: 180 | AH21: 126 | AI21: 191 | AJ21: 191 | AK21: =SUM(F21:AJ21) -> 4754 | AL21: =AK21*$AS$10 -> 2020.5817 | AM21: =AK21 -> 4754 | AN21: =AM21*$AT$10 -> 260.52807 | AO21: =AL21+AN21 -> 2281.1098 | AP21: A | AQ21: =+AK21*40% -> 1901.6 | AR21: =+AL21-AQ21 -> 118.98169
A22: 9 | B22: 9 | C22: 02739 | D22: =TONGHOPCONGDOI!C19 -> Thảo Lẹ | F22: 140 | G22: 145 | H22: 163 | I22: 153 | J22: 115 | K22: 139 | L22: 215 | M22: 144 | N22: 0 | O22: 242 | P22: 242 | Q22: 212 | R22: 246 | S22: 222 | T22: 254 | U22: 194 | V22: 126 | W22: 170 | X22: 178 | Y22: 207 | Z22: 128 | AA22: 218 | AB22: 219 | AC22: 157 | AD22: 129 | AE22: 156 | AF22: 229 | AG22: 200 | AH22: 140 | AI22: 166 | AJ22: 138 | AK22: =SUM(F22:AJ22) -> 5387 | AL22: =AK22*$AS$10 -> 2289.6242 | AM22: =AK22 -> 5387 | AN22: =AM22*$AT$10 -> 295.21765 | AO22: =AL22+AN22 -> 2584.8419 | AP22: B | AQ22: =+AK22*40% -> 2154.8 | AR22: =+AL22-AQ22 -> 134.82422
A23: 10 | B23: 10 | C23: 04090 | D23: =TONGHOPCONGDOI!C20 -> N. Đeng (2) | F23: 120 | G23: 163 | H23: 136 | I23: 132 | J23: 96 | K23: 163 | L23: 115 | M23: 140 | N23: 99 | O23: 179 | P23: 123 | Q23: 202 | R23: 113 | S23: 154 | T23: 165 | U23: 161 | V23: 116 | W23: 162 | X23: 149 | Y23: 162 | Z23: 107 | AA23: 141 | AB23: 150 | AC23: 131 | AD23: 97 | AE23: 128 | AF23: 152 | AG23: 177 | AH23: 112 | AI23: 161 | AJ23: 153 | AK23: =SUM(F23:AJ23) -> 4359 | AL23: =AK23*$AS$10 -> 1852.6957 | AM23: =AK23 -> 4359 | AN23: =AM23*$AT$10 -> 238.88134 | AO23: =AL23+AN23 -> 2091.5771 | AP23: B | AQ23: =+AK23*40% -> 1743.6 | AR23: =+AL23-AQ23 -> 109.09575
A24: 11 | B24: 11 | C24: 03509 | D24: =TONGHOPCONGDOI!C21 -> T. May | F24: 107 | G24: 215 | H24: 157 | I24: 108 | J24: 182 | K24: 245 | L24: 250 | M24: 174 | N24: 146 | O24: 203 | P24: 194 | Q24: 166 | R24: 0 | S24: 261 | T24: 261 | U24: 188 | V24: 248 | W24: 163 | X24: 145 | Y24: 116 | Z24: 147 | AA24: 225 | AB24: 221 | AC24: 170 | AD24: 82 | AE24: 135 | AF24: 142 | AG24: 99 | AH24: 183 | AI24: 211 | AJ24: 228 | AK24: =SUM(F24:AJ24) -> 5372 | AL24: =AK24*$AS$10 -> 2283.2488 | AM24: =AK24 -> 5372 | AN24: =AM24*$AT$10 -> 294.39563 | AO24: =AL24+AN24 -> 2577.6444 | AP24: A | AQ24: =+AK24*40% -> 2148.8 | AR24: =+AL24-AQ24 -> 134.44881
A25: 12 | B25: 12 | C25: 04091 | D25: =TONGHOPCONGDOI!C22 -> N. Bay | F25: 0 | G25: 93 | H25: 135 | I25: 118 | J25: 123 | K25: 97 | L25: 159 | M25: 128 | N25: 0 | O25: 132 | P25: 168 | Q25: 132 | R25: 94 | S25: 110 | T25: 137 | U25: 123 | V25: 0 | W25: 0 | X25: 187 | Y25: 133 | Z25: 79 | AA25: 160 | AB25: 166 | AC25: 117 | AD25: 0 | AE25: 0 | AF25: 116 | AG25: 92 | AH25: 0 | AI25: 111 | AJ25: 120 | AK25: =SUM(F25:AJ25) -> 3030 | AL25: =AK25*$AS$10 -> 1287.8339 | AM25: =AK25 -> 3030 | AN25: =AM25*$AT$10 -> 166.04966 | AO25: =AL25+AN25 -> 1453.8836 | AP25: B | AQ25: =+AK25*40% -> 1212 | AR25: =+AL25-AQ25 -> 75.833933
A26: 13 | B26: 13 | C26: 03527 | D26: =TONGHOPCONGDOI!C23 -> T Núc | F26: 0 | G26: 94 | H26: 136 | I26: 118 | J26: 124 | K26: 98 | L26: 160 | M26: 128 | N26: 0 | O26: 132 | P26: 168 | Q26: 133 | R26: 95 | S26: 110 | T26: 138 | U26: 123 | V26: 0 | W26: 0 | X26: 188 | Y26: 133 | Z26: 79 | AA26: 160 | AB26: 166 | AC26: 117 | AD26: 0 | AE26: 0 | AF26: 116 | AG26: 93 | AH26: 0 | AI26: 111 | AJ26: 120 | AK26: =SUM(F26:AJ26) -> 3040 | AL26: =AK26*$AS$10 -> 1292.0842 | AM26: =AK26 -> 3040 | AN26: =AM26*$AT$10 -> 166.59767 | AO26: =AL26+AN26 -> 1458.6819 | AP26: B | AQ26: =+AK26*40% -> 1216 | AR26: =+AL26-AQ26 -> 76.08421
A27: 14 | B27: 14 | C27: 03528 | D27: =TONGHOPCONGDOI!C24 -> T. Cô | F27: 98 | G27: 183 | H27: 174 | I27: 125 | J27: 80 | K27: 157 | L27: 175 | M27: 130 | N27: 88 | O27: 193 | P27: 205 | Q27: 185 | R27: 89 | S27: 175 | T27: 186 | U27: 159 | V27: 89 | W27: 145 | X27: 173 | Y27: 139 | Z27: 105 | AA27: 153 | AB27: 154 | AC27: 131 | AD27: 72 | AE27: 132 | AF27: 147 | AG27: 116 | AH27: 95 | AI27: 185 | AJ27: 161 | AK27: =SUM(F27:AJ27) -> 4399 | AL27: =AK27*$AS$10 -> 1869.6969 | AM27: =AK27 -> 4399 | AN27: =AM27*$AT$10 -> 241.07341 | AO27: =AL27+AN27 -> 2110.7703 | AP27: A | AQ27: =+AK27*40% -> 1759.6 | AR27: =+AL27-AQ27 -> 110.09686
A28: 15 | B28: 15 | C28: 03524 | D28: =TONGHOPCONGDOI!C25 -> T. Nả | F28: 115 | G28: 155 | H28: 154 | I28: 126 | J28: 0 | K28: 151 | L28: 179 | M28: 140 | N28: 180 | O28: 161 | P28: 194 | Q28: 136 | R28: 97 | S28: 153 | T28: 160 | U28: 137 | V28: 88 | W28: 149 | X28: 175 | Y28: 124 | Z28: 81 | AA28: 139 | AB28: 141 | AC28: 162 | AD28: 88 | AE28: 146 | AF28: 134 | AG28: 138 | AH28: 113 | AI28: 142 | AJ28: 217 | AK28: =SUM(F28:AJ28) -> 4275 | AL28: =AK28*$AS$10 -> 1816.9934 | AM28: =AK28 -> 4275 | AN28: =AM28*$AT$10 -> 234.27798 | AO28: =AL28+AN28 -> 2051.2714 | AP28: B | AQ28: =+AK28*40% -> 1710 | AR28: =+AL28-AQ28 -> 106.99342
A29: 16 | B29: 16 | C29: 03532 | D29: =TONGHOPCONGDOI!C26 -> N. Túc | F29: 171 | G29: 126 | H29: 154 | I29: 145 | J29: 80 | K29: 177 | L29: 150 | M29: 110 | N29: 0 | O29: 189 | P29: 186 | Q29: 139 | R29: 84 | S29: 190 | T29: 163 | U29: 202 | V29: 127 | W29: 174 | X29: 235 | Y29: 186 | Z29: 100 | AA29: 138 | AB29: 214 | AC29: 135 | AD29: 121 | AE29: 0 | AF29: 206 | AG29: 172 | AH29: 105 | AI29: 164 | AJ29: 188 | AK29: =SUM(F29:AJ29) -> 4531 | AL29: =AK29*$AS$10 -> 1925.8005 | AM29: =AK29 -> 4531 | AN29: =AM29*$AT$10 -> 248.30726 | AO29: =AL29+AN29 -> 2174.1078 | AP29: A | AQ29: =+AK29*40% -> 1812.4 | AR29: =+AL29-AQ29 -> 113.40051
A30: 17 | B30: 17 | D30: =TONGHOPCONGDOI!C27 -> Thảo Phút | F30: 89 | G30: 150 | H30: 109 | I30: 134 | J30: 65 | K30: 149 | L30: 131 | M30: 170 | N30: 75 | O30: 172 | P30: 167 | Q30: 220 | R30: 99 | S30: 181 | T30: 162 | U30: 216 | V30: 101 | W30: 185 | X30: 157 | Y30: 172 | Z30: 81 | AA30: 156 | AB30: 148 | AC30: 190 | AD30: 133 | AE30: 154 | AF30: 127 | AG30: 175 | AH30: 123 | AI30: 162 | AJ30: 115 | AK30: =SUM(F30:AJ30) -> 4468 | AL30: =AK30*$AS$10 -> 1899.0238 | AM30: =AK30 -> 4468 | AN30: =AM30*$AT$10 -> 244.85474 | AO30: =AL30+AN30 -> 2143.8785 | AP30: A | AQ30: =+AK30*40% -> 1787.2 | AR30: =+AL30-AQ30 -> 111.82377
A31: 18 | B31: 18 | C31: 04093 | D31: =TONGHOPCONGDOI!C28 -> T. Lu | F31: 104 | G31: 142 | H31: 0 | I31: 96 | J31: 69 | K31: 130 | L31: 234 | M31: 101 | N31: 84 | O31: 155 | P31: 188 | Q31: 146 | R31: 100 | S31: 170 | T31: 138 | U31: 131 | V31: 101 | W31: 174 | X31: 159 | Y31: 118 | Z31: 84 | AA31: 127 | AB31: 0 | AC31: 108 | AD31: 0 | AE31: 135 | AF31: 0 | AG31: 0 | AH31: 166 | AI31: 0 | AJ31: 228 | AK31: =SUM(F31:AJ31) -> 3388 | AL31: =AK31*$AS$10 -> 1439.9939 | AM31: =AK31 -> 3388 | AN31: =AM31*$AT$10 -> 185.66872 | AO31: =AL31+AN31 -> 1625.6626 | AP31: B | AQ31: =+AK31*40% -> 1355.2 | AR31: =+AL31-AQ31 -> 84.79385
A32: 19 | B32: 19 | C32: 02709 | D32: =TONGHOPCONGDOI!C29 -> T. Say | F32: 171 | G32: 127 | H32: 155 | I32: 145 | J32: 80 | K32: 177 | L32: 150 | M32: 110 | N32: 0 | O32: 190 | P32: 187 | Q32: 139 | R32: 85 | S32: 190 | T32: 164 | U32: 203 | V32: 128 | W32: 175 | X32: 235 | Y32: 187 | Z32: 0 | AA32: 139 | AB32: 0 | AC32: 136 | AD32: 121 | AE32: 0 | AF32: 207 | AG32: 172 | AH32: 105 | AI32: 164 | AJ32: 188 | AK32: =SUM(F32:AJ32) -> 4230 | AL32: =AK32*$AS$10 -> 1797.8672 | AM32: =AK32 -> 4230 | AN32: =AM32*$AT$10 -> 231.8119 | AO32: =AL32+AN32 -> 2029.6791 | AP32: A | AQ32: =+AK32*40% -> 1692 | AR32: =+AL32-AQ32 -> 105.86717
A33: 20 | B33: 20 | C33: 04094 | D33: =TONGHOPCONGDOI!C30 -> N. Khun Mi | F33: 132 | G33: 128 | H33: 127 | I33: 100 | J33: 103 | K33: 109 | L33: 118 | M33: 82 | N33: 94 | O33: 172 | P33: 185 | Q33: 149 | R33: 116 | S33: 165 | T33: 154 | U33: 147 | V33: 111 | W33: 173 | X33: 143 | Y33: 126 | Z33: 95 | AA33: 149 | AB33: 114 | AC33: 130 | AD33: 108 | AE33: 128 | AF33: 124 | AG33: 137 | AH33: 110 | AI33: 134 | AJ33: 118 | AK33: =SUM(F33:AJ33) -> 3981 | AL33: =AK33*$AS$10 -> 1692.0353 | AM33: =AK33 -> 3981 | AN33: =AM33*$AT$10 -> 218.16623 | AO33: =AL33+AN33 -> 1910.2015 | AP33: B | AQ33: =+AK33*40% -> 1592.4 | AR33: =+AL33-AQ33 -> 99.635277
A34: 21 | B34: 21 | C34: 03553 | D34: =TONGHOPCONGDOI!C31 -> A Tền | F34: 0 | G34: 169 | H34: 107 | I34: 83 | J34: 0 | K34: 126 | L34: 100 | M34: 104 | N34: 152 | O34: 195 | P34: 160 | Q34: 178 | R34: 97 | S34: 128 | T34: 133 | U34: 136 | V34: 94 | W34: 148 | X34: 112 | Y34: 149 | Z34: 83 | AA34: 197 | AB34: 116 | AC34: 138 | AD34: 85 | AE34: 175 | AF34: 116 | AG34: 135 | AH34: 0 | AI34: 165 | AJ34: 115 | AK34: =SUM(F34:AJ34) -> 3696 | AL34: =AK34*$AS$10 -> 1570.9024 | AM34: =AK34 -> 3696 | AN34: =AM34*$AT$10 -> 202.5477 | AO34: =AL34+AN34 -> 1773.4501 | AP34: B | AQ34: =+AK34*40% -> 1478.4 | AR34: =+AL34-AQ34 -> 92.502382
A35: 22 | B35: 22 | C35: 04095 | D35: =TONGHOPCONGDOI!C32 -> T. Pon | F35: 158 | G35: 137 | H35: 146 | I35: 152 | J35: 124 | K35: 136 | L35: 130 | M35: 104 | N35: 138 | O35: 176 | P35: 164 | Q35: 140 | R35: 145 | S35: 116 | T35: 138 | U35: 150 | V35: 158 | W35: 151 | X35: 167 | Y35: 186 | Z35: 132 | AA35: 164 | AB35: 148 | AC35: 160 | AD35: 150 | AE35: 111 | AF35: 113 | AG35: 134 | AH35: 124 | AI35: 134 | AJ35: 134 | AK35: =SUM(F35:AJ35) -> 4420 | AL35: =AK35*$AS$10 -> 1878.6224 | AM35: =AK35 -> 4420 | AN35: =AM35*$AT$10 -> 242.22425 | AO35: =AL35+AN35 -> 2120.8467 | AP35: B | AQ35: =+AK35*40% -> 1768 | AR35: =+AL35-AQ35 -> 110.62244
A36: 23 | B36: 23 | C36: 04096 | D36: =TONGHOPCONGDOI!C33 -> T. Ly | F36: 0 | G36: 164 | H36: 126 | I36: 113 | J36: 139 | K36: 129 | L36: 120 | M36: 94 | N36: 0 | O36: 131 | P36: 160 | Q36: 150 | R36: 215 | S36: 132 | T36: 154 | U36: 125 | V36: 100 | W36: 0 | X36: 128 | Y36: 111 | Z36: 104 | AA36: 101 | AB36: 122 | AC36: 103 | AD36: 0 | AE36: 0 | AF36: 109 | AG36: 100 | AH36: 169 | AI36: 185 | AJ36: 130 | AK36: =SUM(F36:AJ36) -> 3414 | AL36: =AK36*$AS$10 -> 1451.0446 | AM36: =AK36 -> 3414 | AN36: =AM36*$AT$10 -> 187.09357 | AO36: =AL36+AN36 -> 1638.1381 | AP36: A | AQ36: =+AK36*40% -> 1365.6 | AR36: =+AL36-AQ36 -> 85.44457
A37: 24 | B37: 24 | C37: 03537 | D37: =TONGHOPCONGDOI!C34 -> Văn Đi | F37: 127 | G37: 219 | H37: 168 | I37: 130 | J37: 91 | K37: 179 | L37: 148 | M37: 120 | N37: 107 | O37: 223 | P37: 216 | Q37: 166 | R37: 107 | S37: 193 | T37: 176 | U37: 157 | V37: 113 | W37: 218 | X37: 180 | Y37: 139 | Z37: 107 | AA37: 188 | AB37: 141 | AC37: 141 | AD37: 97 | AE37: 170 | AF37: 0 | AG37: 137 | AH37: 99 | AI37: 189 | AJ37: 286 | AK37: =SUM(F37:AJ37) -> 4732 | AL37: =AK37*$AS$10 -> 2011.2311 | AM37: =AK37 -> 4732 | AN37: =AM37*$AT$10 -> 259.32243 | AO37: =AL37+AN37 -> 2270.5535 | AP37: A | AQ37: =+AK37*40% -> 1892.8 | AR37: =+AL37-AQ37 -> 118.43108
A38: 25 | B38: 25 | C38: 04097 | D38: =TONGHOPCONGDOI!C35 -> Chày | F38: 107 | G38: 215 | H38: 157 | I38: 108 | J38: 182 | K38: 245 | L38: 250 | M38: 174 | N38: 146 | O38: 204 | P38: 194 | Q38: 166 | R38: 0 | S38: 261 | T38: 261 | U38: 188 | V38: 249 | W38: 163 | X38: 146 | Y38: 117 | Z38: 147 | AA38: 226 | AB38: 221 | AC38: 170 | AD38: 83 | AE38: 135 | AF38: 143 | AG38: 99 | AH38: 183 | AI38: 211 | AJ38: 228 | AK38: =SUM(F38:AJ38) -> 5379 | AL38: =AK38*$AS$10 -> 2286.224 | AM38: =AK38 -> 5379 | AN38: =AM38*$AT$10 -> 294.77924 | AO38: =AL38+AN38 -> 2581.0032 | AP38: A | AQ38: =+AK38*40% -> 2151.6 | AR38: =+AL38-AQ38 -> 134.624
A39: 26 | B39: 26 | D39: =TONGHOPCONGDOI!C36 -> Thảo Thủy | F39: 142 | G39: 225 | H39: 184 | I39: 124 | J39: 106 | K39: 194 | L39: 187 | M39: 134 | N39: 113 | O39: 216 | P39: 180 | Q39: 157 | R39: 128 | S39: 212 | T39: 195 | U39: 144 | V39: 148 | W39: 207 | X39: 207 | Y39: 137 | Z39: 118 | AA39: 181 | AB39: 190 | AC39: 131 | AD39: 121 | AE39: 164 | AF39: 171 | AG39: 123 | AH39: 123 | AI39: 186 | AJ39: 190 | AK39: =SUM(F39:AJ39) -> 5038 | AL39: =AK39*$AS$10 -> 2141.2896 | AM39: =AK39 -> 5038 | AN39: =AM39*$AT$10 -> 276.0918 | AO39: =AL39+AN39 -> 2417.3814 | AP39: A | AQ39: =+AK39*40% -> 2015.2 | AR39: =+AL39-AQ39 -> 126.08956
A40: 27 | B40: 27 | D40: =TONGHOPCONGDOI!C37 -> Thảo Ngân | F40: 131 | G40: 215 | H40: 112 | I40: 178 | J40: 103 | K40: 171 | L40: 117 | M40: 185 | N40: 109 | O40: 213 | P40: 125 | Q40: 236 | R40: 115 | S40: 188 | T40: 128 | U40: 203 | V40: 139 | W40: 192 | X40: 123 | Y40: 203 | Z40: 113 | AA40: 160 | AB40: 120 | AC40: 186 | AD40: 108 | AE40: 143 | AF40: 110 | AG40: 177 | AH40: 117 | AI40: 156 | AJ40: 120 | AK40: =SUM(F40:AJ40) -> 4696 | AL40: =AK40*$AS$10 -> 1995.9301 | AM40: =AK40 -> 4696 | AN40: =AM40*$AT$10 -> 257.34956 | AO40: =AL40+AN40 -> 2253.2796 | AP40: A | AQ40: =+AK40*40% -> 1878.4 | AR40: =+AL40-AQ40 -> 117.53008
A41: 28 | B41: 28 | C41: 03541 | D41: =TONGHOPCONGDOI!C38 -> T Đeng | F41: 0 | G41: 0 | H41: 0 | I41: 177 | J41: 92 | K41: 216 | L41: 221 | M41: 150 | N41: 80 | O41: 291 | P41: 281 | Q41: 217 | R41: 108 | S41: 235 | T41: 204 | U41: 169 | V41: 79 | W41: 332 | X41: 297 | Y41: 255 | Z41: 90 | AA41: 278 | AB41: 257 | AC41: 235 | AD41: 87 | AE41: 251 | AF41: 238 | AG41: 236 | AH41: 96 | AI41: 193 | AJ41: 262 | AK41: =SUM(F41:AJ41) -> 5627 | AL41: =AK41*$AS$10 -> 2391.6309 | AM41: =AK41 -> 5627 | AN41: =AM41*$AT$10 -> 308.3701 | AO41: =AL41+AN41 -> 2700.001 | AP41: B | AQ41: =+AK41*40% -> 2250.8 | AR41: =+AL41-AQ41 -> 140.83087
A42: 29 | B42: 29 | D42: =TONGHOPCONGDOI!C39 -> Thảo Xiều | F42: 151 | G42: 202 | H42: 143 | I42: 102 | J42: 118 | K42: 178 | L42: 146 | M42: 119 | N42: 122 | O42: 193 | P42: 158 | Q42: 135 | R42: 145 | S42: 195 | T42: 160 | U42: 123 | V42: 148 | W42: 191 | X42: 150 | Y42: 118 | Z42: 127 | AA42: 160 | AB42: 146 | AC42: 113 | AD42: 136 | AE42: 154 | AF42: 127 | AG42: 105 | AH42: 133 | AI42: 165 | AJ42: 131 | AK42: =SUM(F42:AJ42) -> 4494 | AL42: =AK42*$AS$10 -> 1910.0745 | AM42: =AK42 -> 4494 | AN42: =AM42*$AT$10 -> 246.27959 | AO42: =AL42+AN42 -> 2156.3541 | AP42: A | AQ42: =+AK42*40% -> 1797.6 | AR42: =+AL42-AQ42 -> 112.47449
A43: 30 | B43: 30 | C43: 03543 | D43: =TONGHOPCONGDOI!C40 -> Văn Na Nọi | F43: 173 | G43: 170 | H43: 130 | I43: 164 | J43: 159 | K43: 150 | L43: 127 | M43: 180 | N43: 163 | O43: 204 | P43: 152 | Q43: 191 | R43: 179 | S43: 204 | T43: 162 | U43: 196 | V43: 188 | W43: 207 | X43: 158 | Y43: 185 | Z43: 186 | AA43: 151 | AB43: 147 | AC43: 176 | AD43: 133 | AE43: 153 | AF43: 137 | AG43: 161 | AH43: 123 | AI43: 163 | AJ43: 149 | AK43: =SUM(F43:AJ43) -> 5121 | AL43: =AK43*$AS$10 -> 2176.5669 | AM43: =AK43 -> 5121 | AN43: =AM43*$AT$10 -> 280.64036 | AO43: =AL43+AN43 -> 2457.2072 | AP43: A | AQ43: =+AK43*40% -> 2048.4 | AR43: =+AL43-AQ43 -> 128.16686
A44: 31 | B44: 31 | C44: 03544 | D44: =TONGHOPCONGDOI!C41 -> T. Ta | F44: 114 | G44: 204 | H44: 155 | I44: 182 | J44: 92 | K44: 125 | L44: 128 | M44: 180 | N44: 97 | O44: 203 | P44: 195 | Q44: 267 | R44: 91 | S44: 179 | T44: 158 | U44: 214 | V44: 0 | W44: 176 | X44: 177 | Y44: 209 | Z44: 168 | AA44: 151 | AB44: 0 | AC44: 197 | AD44: 0 | AE44: 0 | AF44: 250 | AG44: 182 | AH44: 169 | AI44: 206 | AJ44: 155 | AK44: =SUM(F44:AJ44) -> 4624 | AL44: =AK44*$AS$10 -> 1965.3281 | AM44: =AK44 -> 4624 | AN44: =AM44*$AT$10 -> 253.40383 | AO44: =AL44+AN44 -> 2218.7319 | AP44: A | AQ44: =+AK44*40% -> 1849.6 | AR44: =+AL44-AQ44 -> 115.72809
A45: 32 | B45: 32 | C45: 04099 | D45: =TONGHOPCONGDOI!C42 -> Phon Xa May | F45: 114 | G45: 204 | H45: 155 | I45: 182 | J45: 92 | K45: 125 | L45: 129 | M45: 181 | N45: 97 | O45: 203 | P45: 196 | Q45: 268 | R45: 92 | S45: 179 | T45: 159 | U45: 215 | V45: 0 | W45: 177 | X45: 177 | Y45: 210 | Z45: 168 | AA45: 152 | AB45: 0 | AC45: 198 | AD45: 0 | AE45: 0 | AF45: 251 | AG45: 182 | AH45: 169 | AI45: 207 | AJ45: 155 | AK45: =SUM(F45:AJ45) -> 4637 | AL45: =AK45*$AS$10 -> 1970.8534 | AM45: =AK45 -> 4637 | AN45: =AM45*$AT$10 -> 254.11625 | AO45: =AL45+AN45 -> 2224.9697 | AP45: A | AQ45: =+AK45*40% -> 1854.8 | AR45: =+AL45-AQ45 -> 116.05345
A46: 33 | B46: 33 | C46: 04100 | D46: =TONGHOPCONGDOI!C43 -> T. Ừm | F46: 90 | G46: 125 | H46: 137 | I46: 142 | J46: 77 | K46: 105 | L46: 139 | M46: 148 | N46: 70 | O46: 136 | P46: 201 | Q46: 156 | R46: 88 | S46: 155 | T46: 126 | U46: 136 | V46: 80 | W46: 123 | X46: 156 | Y46: 159 | Z46: 86 | AA46: 107 | AB46: 142 | AC46: 141 | AD46: 80 | AE46: 94 | AF46: 137 | AG46: 116 | AH46: 88 | AI46: 140 | AJ46: 125 | AK46: =SUM(F46:AJ46) -> 3805 | AL46: =AK46*$AS$10 -> 1617.2304 | AM46: =AK46 -> 3805 | AN46: =AM46*$AT$10 -> 208.5211 | AO46: =AL46+AN46 -> 1825.7515 | AP46: B | AQ46: =+AK46*40% -> 1522 | AR46: =+AL46-AQ46 -> 95.230401
A47: 34 | B47: 34 | C47: 03557 | D47: =TONGHOPCONGDOI!C44 -> T. Phù | F47: 98 | G47: 204 | H47: 169 | I47: 134 | J47: 80 | K47: 186 | L47: 177 | M47: 140 | N47: 0 | O47: 262 | P47: 186 | Q47: 272 | R47: 0 | S47: 169 | T47: 114 | U47: 163 | V47: 0 | W47: 195 | X47: 165 | Y47: 144 | Z47: 154 | AA47: 165 | AB47: 170 | AC47: 131 | AD47: 90 | AE47: 132 | AF47: 0 | AG47: 125 | AH47: 74 | AI47: 0 | AJ47: 200 | AK47: =SUM(F47:AJ47) -> 4099 | AL47: =AK47*$AS$10 -> 1742.1885 | AM47: =AK47 -> 4099 | AN47: =AM47*$AT$10 -> 224.63285 | AO47: =AL47+AN47 -> 1966.8214 | AP47: B | AQ47: =+AK47*40% -> 1639.6 | AR47: =+AL47-AQ47 -> 102.58855
A48: 35 | B48: 35 | C48: 04101 | D48: =TONGHOPCONGDOI!C45 -> N. Công Say | F48: 167 | G48: 118 | H48: 159 | I48: 0 | J48: 105 | K48: 185 | L48: 126 | M48: 261 | N48: 117 | O48: 187 | P48: 205 | Q48: 191 | R48: 132 | S48: 171 | T48: 205 | U48: 192 | V48: 100 | W48: 172 | X48: 200 | Y48: 145 | Z48: 167 | AA48: 176 | AB48: 194 | AC48: 206 | AD48: 100 | AE48: 0 | AF48: 178 | AG48: 156 | AH48: 120 | AI48: 273 | AJ48: 172 | AK48: =SUM(F48:AJ48) -> 4880 | AL48: =AK48*$AS$10 -> 2074.1352 | AM48: =AK48 -> 4880 | AN48: =AM48*$AT$10 -> 267.43311 | AO48: =AL48+AN48 -> 2341.5683 | AP48: A | AQ48: =+AK48*40% -> 1952 | AR48: =+AL48-AQ48 -> 122.13518
A49: 36 | B49: 36 | C49: 03549 | D49: =TONGHOPCONGDOI!C46 -> N. Xi Xộm | F49: 128 | G49: 220 | H49: 168 | I49: 131 | J49: 91 | K49: 179 | L49: 148 | M49: 121 | N49: 107 | O49: 223 | P49: 217 | Q49: 166 | R49: 108 | S49: 193 | T49: 177 | U49: 157 | V49: 113 | W49: 219 | X49: 181 | Y49: 139 | Z49: 108 | AA49: 189 | AB49: 141 | AC49: 141 | AD49: 98 | AE49: 170 | AF49: 0 | AG49: 137 | AH49: 99 | AI49: 190 | AJ49: 286 | AK49: =SUM(F49:AJ49) -> 4745 | AL49: =AK49*$AS$10 -> 2016.7564 | AM49: =AK49 -> 4745 | AN49: =AM49*$AT$10 -> 260.03486 | AO49: =AL49+AN49 -> 2276.7913 | AP49: A | AQ49: =+AK49*40% -> 1898 | AR49: =+AL49-AQ49 -> 118.75644
A50: 37 | B50: 37 | C50: 04102 | D50: =TONGHOPCONGDOI!C47 -> Son Xa May | F50: 110 | G50: 136 | H50: 135 | I50: 110 | J50: 88 | K50: 111 | L50: 140 | M50: 147 | N50: 90 | O50: 147 | P50: 164 | Q50: 178 | R50: 84 | S50: 160 | T50: 175 | U50: 192 | V50: 74 | W50: 151 | X50: 176 | Y50: 168 | Z50: 116 | AA50: 150 | AB50: 147 | AC50: 156 | AD50: 94 | AE50: 118 | AF50: 135 | AG50: 149 | AH50: 102 | AI50: 137 | AJ50: 158 | AK50: =SUM(F50:AJ50) -> 4198 | AL50: =AK50*$AS$10 -> 1784.2663 | AM50: =AK50 -> 4198 | AN50: =AM50*$AT$10 -> 230.05824 | AO50: =AL50+AN50 -> 2014.3245 | AP50: A | AQ50: =+AK50*40% -> 1679.2 | AR50: =+AL50-AQ50 -> 105.06629
A51: 38 | B51: 38 | C51: 03551 | D51: =TONGHOPCONGDOI!C48 -> T . Pheng | F51: 110 | G51: 125 | H51: 132 | I51: 132 | J51: 71 | K51: 127 | L51: 103 | M51: 250 | N51: 0 | O51: 170 | P51: 179 | Q51: 214 | R51: 174 | S51: 0 | T51: 153 | U51: 194 | V51: 0 | W51: 199 | X51: 0 | Y51: 0 | Z51: 159 | AA51: 0 | AB51: 127 | AC51: 0 | AD51: 79 | AE51: 0 | AF51: 0 | AG51: 0 | AH51: 0 | AI51: 0 | AJ51: 0 | AK51: =SUM(F51:AJ51) -> 2698 | AL51: =AK51*$AS$10 -> 1146.7247 | AM51: =AK51 -> 2698 | AN51: =AM51*$AT$10 -> 147.85544 | AO51: =AL51+AN51 -> 1294.5802 | AP51: B | AQ51: =+AK51*40% -> 1079.2 | AR51: =+AL51-AQ51 -> 67.524737
A52: 39 | B52: 39 | C52: 04103 | D52: =TONGHOPCONGDOI!C49 -> T. Nọi Ê | F52: 167 | G52: 119 | H52: 160 | I52: 0 | J52: 105 | K52: 185 | L52: 127 | M52: 261 | N52: 118 | O52: 187 | P52: 206 | Q52: 191 | R52: 133 | S52: 172 | T52: 205 | U52: 192 | V52: 100 | W52: 172 | X52: 200 | Y52: 145 | Z52: 167 | AA52: 177 | AB52: 194 | AC52: 206 | AD52: 100 | AE52: 0 | AF52: 178 | AG52: 156 | AH52: 120 | AI52: 273 | AJ52: 172 | AK52: =SUM(F52:AJ52) -> 4888 | AL52: =AK52*$AS$10 -> 2077.5354 | AM52: =AK52 -> 4888 | AN52: =AM52*$AT$10 -> 267.87152 | AO52: =AL52+AN52 -> 2345.4069 | AP52: A | AQ52: =+AK52*40% -> 1955.2 | AR52: =+AL52-AQ52 -> 122.3354
A53: 40 | B53: 40 | C53: 03488 | D53: =TONGHOPCONGDOI!C50 -> N. Đeng | F53: 120 | G53: 163 | H53: 137 | I53: 133 | J53: 97 | K53: 163 | L53: 116 | M53: 141 | N53: 99 | O53: 180 | P53: 123 | Q53: 202 | R53: 113 | S53: 154 | T53: 166 | U53: 162 | V53: 117 | W53: 162 | X53: 149 | Y53: 163 | Z53: 108 | AA53: 142 | AB53: 150 | AC53: 131 | AD53: 98 | AE53: 129 | AF53: 152 | AG53: 177 | AH53: 113 | AI53: 161 | AJ53: 153 | AK53: =SUM(F53:AJ53) -> 4374 | AL53: =AK53*$AS$10 -> 1859.0712 | AM53: =AK53 -> 4374 | AN53: =AM53*$AT$10 -> 239.70336 | AO53: =AL53+AN53 -> 2098.7745 | AP53: A | AQ53: =+AK53*40% -> 1749.6 | AR53: =+AL53-AQ53 -> 109.47116
A54: 41 | B54: 41 | C54: 04104 | D54: =TONGHOPCONGDOI!C51 -> Thảo Buồng | F54: 105 | G54: 230 | H54: 186 | I54: 170 | J54: 86 | K54: 226 | L54: 198 | M54: 182 | N54: 84 | O54: 214 | P54: 173 | Q54: 207 | R54: 90 | S54: 218 | T54: 200 | U54: 198 | V54: 109 | W54: 221 | X54: 192 | Y54: 195 | Z54: 91 | AA54: 195 | AB54: 195 | AC54: 186 | AD54: 86 | AE54: 178 | AF54: 174 | AG54: 172 | AH54: 90 | AI54: 192 | AJ54: 179 | AK54: =SUM(F54:AJ54) -> 5222 | AL54: =AK54*$AS$10 -> 2219.4947 | AM54: =AK54 -> 5222 | AN54: =AM54*$AT$10 -> 286.17535 | AO54: =AL54+AN54 -> 2505.67 | AP54: A | AQ54: =+AK54*40% -> 2088.8 | AR54: =+AL54-AQ54 -> 130.69465
... A87: 74 | B87: 74 | C87: 04119 | D87: =TONGHOPCONGDOI!C84 -> A. Nóc | F87: 139 | G87: 140 | H87: 127 | I87: 133 | J87: 0 | K87: 103 | L87: 105 | M87: 174 | N87: 200 | O87: 173 | P87: 0 | Q87: 0 | R87: 0 | S87: 87 | T87: 289 | U87: 234 | V87: 228 | W87: 109 | X87: 145 | Y87: 146 | Z87: 90 | AA87: 155 | AB87: 185 | AC87: 171 | AD87: 95 | AE87: 155 | AF87: 146 | AG87: 0 | AH87: 0 | AI87: 131 | AJ87: 0 | AK87: =SUM(F87:AJ87) -> 3660 | AL87: =AK87*$AS$10 -> 1555.6014 | AM87: =AK87 -> 3660 | AN87: =AM87*$AT$10 -> 200.57483 | AO87: =AL87+AN87 -> 1756.1762 | AP87: B | AQ87: =+AK87*40% -> 1464 | AR87: =+AL87-AQ87 -> 91.601385
A88: 75 | B88: 75 | D88: =TONGHOPCONGDOI!C85 -> Nàng Keo (63) | F88: 101 | G88: 101 | H88: 200 | I88: 213 | J88: 0 | K88: 201 | L88: 100 | M88: 201 | N88: 155 | O88: 153 | P88: 101 | Q88: 171 | R88: 100 | S88: 0 | T88: 100 | U88: 240 | V88: 102 | W88: 0 | X88: 0 | Y88: 175 | Z88: 201 | AA88: 100 | AB88: 100 | AC88: 204 | AD88: 0 | AE88: 155 | AF88: 193 | AG88: 200 | AH88: 155 | AI88: 211 | AJ88: 101 | AK88: =SUM(F88:AJ88) -> 4034 | AL88: =AK88*$AS$10 -> 1714.5617 | AM88: =AK88 -> 4034 | AN88: =AM88*$AT$10 -> 221.07073 | AO88: =AL88+AN88 -> 1935.6325 | AP88: C. | AQ88: =+AK88*40% -> 1613.6 | AR88: =+AL88-AQ88 -> 100.96174
A89: 76 | B89: 76 | D89: =TONGHOPCONGDOI!C86 -> avan | F89: 102 | G89: 182 | H89: 252 | I89: 0 | J89: 110 | K89: 105 | L89: 101 | M89: 0 | N89: 79 | O89: 148 | P89: 0 | Q89: 0 | R89: 100 | S89: 100 | T89: 0 | U89: 0 | V89: 0 | W89: 176 | X89: 210 | Y89: 175 | Z89: 135 | AA89: 185 | AB89: 185 | AC89: 291 | AD89: 155 | AE89: 169 | AF89: 187 | AG89: 295 | AH89: 0 | AI89: 186 | AJ89: 0 | AK89: =SUM(F89:AJ89) -> 3628 | AL89: =AK89*$AS$10 -> 1542.0005 | AM89: =AK89 -> 3628 | AN89: =AM89*$AT$10 -> 198.82117 | AO89: =AL89+AN89 -> 1740.8217 | AP89: C. | AQ89: =+AK89*40% -> 1451.2 | AR89: =+AL89-AQ89 -> 90.800498
A90: 77 | B90: 77 | D90: =TONGHOPCONGDOI!C87 -> A thít | F90: 102 | G90: 176 | H90: 208 | I90: 0 | J90: 91 | K90: 0 | L90: 0 | M90: 0 | N90: 0 | O90: 0 | P90: 0 | Q90: 0 | R90: 153 | S90: 0 | T90: 0 | U90: 0 | V90: 0 | W90: 174 | X90: 0 | Y90: 265 | Z90: 176 | AA90: 193 | AB90: 177 | AC90: 0 | AD90: 0 | AE90: 135 | AF90: 165 | AG90: 0 | AH90: 0 | AI90: 189 | AJ90: 0 | AK90: =SUM(F90:AJ90) -> 2204 | AL90: =AK90*$AS$10 -> 936.76105 | AM90: =AK90 -> 2204 | AN90: =AM90*$AT$10 -> 120.78331 | AO90: =AL90+AN90 -> 1057.5444 | AP90: C. | AQ90: =+AK90*40% -> 881.6 | AR90: =+AL90-AQ90 -> 55.161052
A91: 78 | B91: 78 | D91: =TONGHOPCONGDOI!C88 -> Món | F91: 67 | G91: 0 | H91: 0 | I91: 0 | J91: 0 | K91: 0 | L91: 0 | M91: 0 | N91: 0 | O91: 0 | P91: 0 | Q91: 0 | R91: 151 | S91: 0 | T91: 0 | U91: 0 | V91: 0 | W91: 240 | X91: 0 | Y91: 225 | Z91: 0 | AA91: 0 | AB91: 0 | AC91: 0 | AD91: 0 | AE91: 138 | AF91: 0 | AG91: 0 | AH91: 0 | AI91: 100 | AJ91: 0 | AK91: =SUM(F91:AJ91) -> 921 | AL91: =AK91*$AS$10 -> 391.45051 | AM91: =AK91 -> 921 | AN91: =AM91*$AT$10 -> 50.472519 | AO91: =AL91+AN91 -> 441.92303 | AP91: C. | AQ91: =+AK91*40% -> 368.4 | AR91: =+AL91-AQ91 -> 23.050512
A92: 79 | B92: 79 | D92: =TONGHOPCONGDOI!C89 -> A tèng | F92: 0 | G92: 0 | H92: 0 | I92: 0 | J92: 0 | K92: 0 | L92: 0 | M92: 0 | N92: 0 | O92: 0 | P92: 0 | Q92: 0 | R92: 0 | S92: 0 | T92: 0 | U92: 0 | V92: 0 | W92: 0 | X92: 0 | Y92: 251 | Z92: 0 | AA92: 0 | AB92: 0 | AC92: 0 | AD92: 0 | AE92: 171 | AF92: 0 | AG92: 0 | AH92: 0 | AI92: 0 | AJ92: 0 | AK92: =SUM(F92:AJ92) -> 422 | AL92: =AK92*$AS$10 -> 179.36169 | AM92: =AK92 -> 422 | AN92: =AM92*$AT$10 -> 23.126388 | AO92: =AL92+AN92 -> 202.48808 | AP92: C. | AQ92: =+AK92*40% -> 168.8 | AR92: =+AL92-AQ92 -> 10.56169
A93: 80 | B93: 80 | D93: =TONGHOPCONGDOI!C90 -> Đao | F93: 0 | G93: 0 | H93: 0 | I93: 0 | J93: 0 | K93: 0 | L93: 0 | M93: 0 | N93: 0 | O93: 0 | P93: 0 | Q93: 0 | R93: 0 | S93: 0 | T93: 0 | U93: 0 | V93: 0 | W93: 0 | X93: 0 | Y93: 0 | Z93: 0 | AA93: 0 | AB93: 0 | AC93: 0 | AD93: 0 | AE93: 175 | AF93: 0 | AG93: 0 | AH93: 0 | AI93: 0 | AJ93: 0 | AK93: =SUM(F93:AJ93) -> 175 | AL93: =AK93*$AS$10 -> 74.379848 | AM93: =AK93 -> 175 | AN93: =AM93*$AT$10 -> 9.5903266 | AO93: =AL93+AN93 -> 83.970174 | AP93: C. | AQ93: =+AK93*40% -> 70 | AR93: =+AL93-AQ93 -> 4.3798476
A94: 81 | B94: 81 | D94: =TONGHOPCONGDOI!C91 -> Lôn | AK94: =SUM(F94:AJ94) -> 0 | AL94: =AK94*$AS$10 -> 0 | AN94: =AM94*$AT$10 -> 0 | AO94: =AL94+AN94 -> 0 | AQ94: =+AK94*40% -> 0 | AR94: =+AL94-AQ94 -> 0
A95: 82 | B95: 82 | D95: =TONGHOPCONGDOI!C92 -> Phay A | AK95: =SUM(F95:AJ95) -> 0 | AL95: =AK95*$AS$10 -> 0 | AN95: =AM95*$AT$10 -> 0 | AO95: =AL95+AN95 -> 0 | AQ95: =+AK95*40% -> 0 | AR95: =+AL95-AQ95 -> 0
A96: 83 | B96: 83 | D96: =TONGHOPCONGDOI!C93 -> Chày A | AK96: =SUM(F96:AJ96) -> 0 | AL96: =AK96*$AS$10 -> 0 | AN96: =AM96*$AT$10 -> 0 | AO96: =AL96+AN96 -> 0 | AQ96: =+AK96*40% -> 0 | AR96: =+AL96-AQ96 -> 0
A97: 84 | B97: 84 | D97: =TONGHOPCONGDOI!C94 -> MayA | AK97: =SUM(F97:AJ97) -> 0 | AL97: =AK97*$AS$10 -> 0 | AN97: =AM97*$AT$10 -> 0 | AO97: =AL97+AN97 -> 0 | AQ97: =+AK97*40% -> 0 | AR97: =+AL97-AQ97 -> 0
A98: Trạm 2 | F98: =SUM(F99:F169) -> 6171 | G98: =SUM(G99:G169) -> 9119 | H98: =SUM(H99:H169) -> 4923 | I98: =SUM(I99:I169) -> 5203 | J98: =SUM(J99:J169) -> 4045 | K98: =SUM(K99:K169) -> 4772 | L98: =SUM(L99:L169) -> 4422 | M98: =SUM(M99:M169) -> 5055 | ... AO98: =SUM(AO99:AO169) -> 85502.07 | AQ98: =SUM(AQ99:AQ169) -> 70625.6 | AR98: =SUM(AR99:AR169) -> 7543.3332
A99: 105 | B99: 1 | C99: 04120 | D99: =TONGHOPCONGDOI!C105 -> Thảo Văn | F99: 128 | G99: 100 | H99: 150 | I99: 100 | J99: 0 | K99: 100 | L99: 0 | M99: 0 | N99: 0 | O99: 0 | P99: 0 | Q99: 178 | R99: 0 | S99: 128 | T99: 0 | U99: 200 | V99: 156 | W99: 150 | X99: 138 | Y99: 100 | Z99: 136 | AA99: 148 | AB99: 118 | AC99: 100 | AD99: 114 | AE99: 0 | AF99: 146 | AG99: 0 | AH99: 150 | AI99: 140 | AJ99: 122 | AK99: =SUM(F99:AJ99) -> 2802 | AL99: =AK99*$AS$11 -> 1220.8041 | AM99: =AK99 -> 2802 | AN99: =AM99*$AT$11 -> 113.69228 | AO99: =AL99+AN99 -> 1334.4964 | AP99: A | AQ99: =+AK99*40% -> 1120.8 | AR99: =+AL99-AQ99 -> 100.00412
A100: 106 | B100: 2 | C100: 03646 | D100: =TONGHOPCONGDOI!C106 -> T . Thau | F100: 150 | G100: 202 | H100: 95 | I100: 146 | J100: 182 | K100: 108 | L100: 108 | M100: 167 | N100: 173 | O100: 164 | P100: 173 | Q100: 186 | R100: 73 | S100: 97 | T100: 133 | U100: 270 | V100: 0 | W100: 183 | X100: 107 | Y100: 77 | Z100: 185 | AA100: 167 | AB100: 141 | AC100: 126 | AD100: 155 | AE100: 172 | AF100: 81 | AG100: 100 | AH100: 159 | AI100: 144 | AJ100: 0 | AK100: =SUM(F100:AJ100) -> 4224 | AL100: =AK100*$AS$11 -> 1840.3557 | AM100: =AK100 -> 4224 | AN100: =AM100*$AT$11 -> 171.3905 | AO100: =AL100+AN100 -> 2011.7462 | AP100: B | AQ100: =+AK100*40% -> 1689.6 | AR100: =+AL100-AQ100 -> 150.75568
A101: 107 | B101: 3 | D101: =TONGHOPCONGDOI!C107 -> Nàng Lao | F101: 118 | G101: 198 | H101: 139 | I101: 60 | J101: 50 | K101: 60 | L101: 109 | M101: 0 | N101: 123 | O101: 99 | P101: 97 | Q101: 41 | R101: 66 | S101: 102 | T101: 57 | U101: 106 | V101: 77 | W101: 71 | X101: 80 | Y101: 80 | Z101: 191 | AA101: 80 | AB101: 80 | AC101: 41 | AD101: 131 | AE101: 54 | AF101: 54 | AG101: 113 | AH101: 81 | AI101: 56 | AJ101: 101 | AK101: =SUM(F101:AJ101) -> 2715 | AL101: =AK101*$AS$11 -> 1182.8991 | AM101: =AK101 -> 2715 | AN101: =AM101*$AT$11 -> 110.16222 | AO101: =AL101+AN101 -> 1293.0613 | AP101: B | AQ101: =+AK101*40% -> 1086 | AR101: =+AL101-AQ101 -> 96.89907
A102: 108 | B102: 4 | C102: 04122 | D102: =TONGHOPCONGDOI!C108 -> Nàng Eng | F102: 88 | G102: 162 | H102: 86 | I102: 103 | J102: 44 | K102: 121 | L102: 121 | M102: 123 | N102: 122 | O102: 95 | P102: 94 | Q102: 86 | R102: 0 | S102: 123 | T102: 124 | U102: 178 | V102: 111 | W102: 105 | X102: 68 | Y102: 111 | Z102: 114 | AA102: 114 | AB102: 0 | AC102: 0 | AD102: 0 | AE102: 65 | AF102: 112 | AG102: 0 | AH102: 80 | AI102: 102 | AJ102: 80 | AK102: =SUM(F102:AJ102) -> 2732 | AL102: =AK102*$AS$11 -> 1190.3058 | AM102: =AK102 -> 2732 | AN102: =AM102*$AT$11 -> 110.852 | AO102: =AL102+AN102 -> 1301.1578 | AP102: B | AQ102: =+AK102*40% -> 1092.8 | AR102: =+AL102-AQ102 -> 97.505804
A103: 109 | B103: 5 | C103: 03649 | D103: =TONGHOPCONGDOI!C109 -> T. Ve | F103: 150 | G103: 202 | H103: 96 | I103: 146 | J103: 183 | K103: 108 | L103: 108 | M103: 167 | N103: 174 | O103: 165 | P103: 174 | Q103: 187 | R103: 73 | S103: 97 | T103: 133 | U103: 272 | V103: 0 | W103: 183 | X103: 108 | Y103: 78 | Z103: 185 | AA103: 168 | AB103: 141 | AC103: 127 | AD103: 156 | AE103: 173 | AF103: 81 | AG103: 101 | AH103: 160 | AI103: 144 | AJ103: 0 | AK103: =SUM(F103:AJ103) -> 4240 | AL103: =AK103*$AS$11 -> 1847.3267 | AM103: =AK103 -> 4240 | AN103: =AM103*$AT$11 -> 172.03971 | AO103: =AL103+AN103 -> 2019.3664 | AP103: B | AQ103: =+AK103*40% -> 1696 | AR103: =+AL103-AQ103 -> 151.32672
A104: 110 | B104: 6 | C104: 03675 | D104: =TONGHOPCONGDOI!C110 -> Thảo Khổ | F104: 93 | G104: 171 | H104: 141 | I104: 102 | J104: 114 | K104: 81 | L104: 116 | M104: 0 | N104: 0 | O104: 92 | P104: 167 | Q104: 0 | R104: 204 | S104: 92 | T104: 72 | U104: 169 | V104: 58 | W104: 110 | X104: 92 | Y104: 84 | Z104: 116 | AA104: 163 | AB104: 141 | AC104: 128 | AD104: 0 | AE104: 126 | AF104: 82 | AG104: 62 | AH104: 81 | AI104: 0 | AJ104: 112 | AK104: =SUM(F104:AJ104) -> 2969 | AL104: =AK104*$AS$11 -> 1293.5644 | AM104: =AK104 -> 2969 | AN104: =AM104*$AT$11 -> 120.46837 | AO104: =AL104+AN104 -> 1414.0328 | AP104: A | AQ104: =+AK104*40% -> 1187.6 | AR104: =+AL104-AQ104 -> 105.9644
A105: 111 | B105: 7 | D105: =TONGHOPCONGDOI!C111 -> Nàng Văn Đay | F105: 64 | G105: 158 | H105: 84 | I105: 82 | J105: 154 | K105: 0 | L105: 87 | M105: 86 | N105: 67 | O105: 102 | P105: 93 | Q105: 68 | R105: 164 | S105: 110 | T105: 89 | U105: 168 | V105: 87 | W105: 94 | X105: 68 | Y105: 90 | Z105: 85 | AA105: 88 | AB105: 0 | AC105: 82 | AD105: 0 | AE105: 120 | AF105: 129 | AG105: 66 | AH105: 77 | AI105: 133 | AJ105: 50 | AK105: =SUM(F105:AJ105) -> 2745 | AL105: =AK105*$AS$11 -> 1195.9698 | AM105: =AK105 -> 2745 | AN105: =AM105*$AT$11 -> 111.37948 | AO105: =AL105+AN105 -> 1307.3493 | AP105: B | AQ105: =+AK105*40% -> 1098 | AR105: =+AL105-AQ105 -> 97.969778
A106: 112 | B106: 8 | C106: 03652 | D106: =TONGHOPCONGDOI!C112 -> Nàng Ni Khăm | F106: 154 | G106: 141 | H106: 0 | I106: 0 | J106: 96 | K106: 108 | L106: 159 | M106: 199 | N106: 227 | O106: 106 | P106: 0 | Q106: 105 | R106: 114 | S106: 0 | T106: 0 | U106: 202 | V106: 194 | W106: 126 | X106: 203 | Y106: 132 | Z106: 147 | AA106: 115 | AB106: 0 | AC106: 0 | AD106: 113 | AE106: 122 | AF106: 107 | AG106: 113 | AH106: 128 | AI106: 184 | AJ106: 105 | AK106: =SUM(F106:AJ106) -> 3400 | AL106: =AK106*$AS$11 -> 1481.3469 | AM106: =AK106 -> 3400 | AN106: =AM106*$AT$11 -> 137.95637 | AO106: =AL106+AN106 -> 1619.3033 | AP106: B | AQ106: =+AK106*40% -> 1360 | AR106: =+AL106-AQ106 -> 121.3469
A107: 113 | B107: 9 | C107: 04124 | D107: =TONGHOPCONGDOI!C113 -> T. Lăm Chê | F107: 144 | G107: 178 | H107: 81 | I107: 117 | J107: 74 | K107: 109 | L107: 0 | M107: 100 | N107: 69 | O107: 102 | P107: 160 | Q107: 57 | R107: 50 | S107: 0 | T107: 177 | U107: 157 | V107: 90 | W107: 127 | X107: 77 | Y107: 109 | Z107: 107 | AA107: 131 | AB107: 131 | AC107: 75 | AD107: 83 | AE107: 55 | AF107: 55 | AG107: 77 | AH107: 107 | AI107: 122 | AJ107: 80 | AK107: =SUM(F107:AJ107) -> 3001 | AL107: =AK107*$AS$11 -> 1307.5065 | AM107: =AK107 -> 3001 | AN107: =AM107*$AT$11 -> 121.76679 | AO107: =AL107+AN107 -> 1429.2733 | AP107: B | AQ107: =+AK107*40% -> 1200.4 | AR107: =+AL107-AQ107 -> 107.10649
A108: 114 | B108: 10 | C108: 03654 | D108: =TONGHOPCONGDOI!C114 -> T. Phim | F108: 0 | G108: 178 | H108: 0 | I108: 166 | J108: 68 | K108: 89 | L108: 144 | M108: 149 | N108: 215 | O108: 74 | P108: 185 | Q108: 76 | R108: 89 | S108: 152 | T108: 0 | U108: 214 | V108: 187 | W108: 70 | X108: 105 | Y108: 106 | Z108: 172 | AA108: 131 | AB108: 175 | AC108: 136 | AD108: 115 | AE108: 0 | AF108: 0 | AG108: 124 | AH108: 101 | AI108: 186 | AJ108: 78 | AK108: =SUM(F108:AJ108) -> 3485 | AL108: =AK108*$AS$11 -> 1518.3806 | AM108: =AK108 -> 3485 | AN108: =AM108*$AT$11 -> 141.40528 | AO108: =AL108+AN108 -> 1659.7859 | AP108: A | AQ108: =+AK108*40% -> 1394 | AR108: =+AL108-AQ108 -> 124.38057
A109: 115 | B109: 11 | C109: 04125 | D109: =TONGHOPCONGDOI!C115 -> T. Teo | F109: 123 | G109: 154 | H109: 81 | I109: 110 | J109: 91 | K109: 65 | L109: 0 | M109: 120 | N109: 99 | O109: 169 | P109: 113 | Q109: 90 | R109: 40 | S109: 103 | T109: 94 | U109: 191 | V109: 100 | W109: 123 | X109: 89 | Y109: 74 | Z109: 100 | AA109: 107 | AB109: 0 | AC109: 97 | AD109: 50 | AE109: 123 | AF109: 69 | AG109: 86 | AH109: 0 | AI109: 146 | AJ109: 0 | AK109: =SUM(F109:AJ109) -> 2807 | AL109: =AK109*$AS$11 -> 1222.9826 | AM109: =AK109 -> 2807 | AN109: =AM109*$AT$11 -> 113.89516 | AO109: =AL109+AN109 -> 1336.8777 | AP109: B | AQ109: =+AK109*40% -> 1122.8 | AR109: =+AL109-AQ109 -> 100.18257
A110: 116 | B110: 12 | C110: 03656 | D110: =TONGHOPCONGDOI!C116 -> N. Văn Thong | F110: 123 | G110: 160 | H110: 87 | I110: 110 | J110: 90 | K110: 78 | L110: 0 | M110: 121 | N110: 100 | O110: 169 | P110: 114 | Q110: 90 | R110: 40 | S110: 104 | T110: 95 | U110: 193 | V110: 110 | W110: 124 | X110: 90 | Y110: 74 | Z110: 100 | AA110: 107 | AB110: 0 | AC110: 98 | AD110: 50 | AE110: 124 | AF110: 70 | AG110: 87 | AH110: 0 | AI110: 146 | AJ110: 0 | AK110: =SUM(F110:AJ110) -> 2854 | AL110: =AK110*$AS$11 -> 1243.46 | AM110: =AK110 -> 2854 | AN110: =AM110*$AT$11 -> 115.8022 | AO110: =AL110+AN110 -> 1359.2622 | AP110: B | AQ110: =+AK110*40% -> 1141.6 | AR110: =+AL110-AQ110 -> 101.86002
A111: 117 | B111: 13 | C111: 03657 | D111: =TONGHOPCONGDOI!C117 -> Cong Khăm | F111: 149 | G111: 161 | H111: 70 | I111: 120 | J111: 75 | K111: 80 | L111: 71 | M111: 0 | N111: 80 | O111: 81 | P111: 215 | Q111: 73 | R111: 77 | S111: 64 | T111: 88 | U111: 173 | V111: 80 | W111: 131 | X111: 81 | Y111: 91 | Z111: 84 | AA111: 130 | AB111: 166 | AC111: 86 | AD111: 118 | AE111: 73 | AF111: 71 | AG111: 84 | AH111: 123 | AI111: 166 | AJ111: 80 | AK111: =SUM(F111:AJ111) -> 3141 | AL111: =AK111*$AS$11 -> 1368.5031 | AM111: =AK111 -> 3141 | AN111: =AM111*$AT$11 -> 127.44734 | AO111: =AL111+AN111 -> 1495.9505 | AP111: A | AQ111: =+AK111*40% -> 1256.4 | AR111: =+AL111-AQ111 -> 112.10312
A112: 118 | B112: 14 | C112: 03658 | D112: =TONGHOPCONGDOI!C118 -> Thảo Vông 1 | F112: 156 | G112: 101 | H112: 0 | I112: 157 | J112: 0 | K112: 162 | L112: 116 | M112: 0 | N112: 142 | O112: 0 | P112: 0 | Q112: 0 | R112: 0 | S112: 0 | T112: 0 | U112: 0 | V112: 0 | W112: 0 | X112: 0 | Y112: 0 | Z112: 0 | AA112: 0 | AB112: 0 | AC112: 0 | AD112: 0 | AE112: 0 | AF112: 0 | AG112: 0 | AH112: 0 | AI112: 0 | AJ112: 0 | AK112: =SUM(F112:AJ112) -> 834 | AL112: =AK112*$AS$11 -> 363.36568 | AM112: =AK112 -> 834 | AN112: =AM112*$AT$11 -> 33.839887 | AO112: =AL112+AN112 -> 397.20557 | AP112: A | AQ112: =+AK112*40% -> 333.6 | AR112: =+AL112-AQ112 -> 29.765681
A113: 119 | B113: 15 | C113: 04126 | D113: =TONGHOPCONGDOI!C119 -> N. Vông | F113: 69 | G113: 116 | H113: 82 | I113: 71 | J113: 77 | K113: 113 | L113: 97 | M113: 69 | N113: 115 | O113: 84 | P113: 65 | Q113: 82 | R113: 112 | S113: 92 | T113: 61 | U113: 133 | V113: 113 | W113: 72 | X113: 97 | Y113: 148 | Z113: 97 | AA113: 71 | AB113: 111 | AC113: 90 | AD113: 54 | AE113: 80 | AF113: 121 | AG113: 82 | AH113: 63 | AI113: 117 | AJ113: 82 | AK113: =SUM(F113:AJ113) -> 2836 | AL113: =AK113*$AS$11 -> 1235.6176 | AM113: =AK113 -> 2836 | AN113: =AM113*$AT$11 -> 115.07184 | AO113: =AL113+AN113 -> 1350.6894 | AP113: B | AQ113: =+AK113*40% -> 1134.4 | AR113: =+AL113-AQ113 -> 101.21759
A114: 120 | B114: 16 | C114: 03494 | D114: =TONGHOPCONGDOI!C120 -> T. Đi | F114: 69 | G114: 116 | H114: 83 | I114: 70 | J114: 78 | K114: 113 | L114: 97 | M114: 69 | N114: 114 | O114: 84 | P114: 66 | Q114: 83 | R114: 112 | S114: 93 | T114: 62 | U114: 134 | V114: 113 | W114: 72 | X114: 98 | Y114: 148 | Z114: 97 | AA114: 72 | AB114: 111 | AC114: 89 | AD114: 55 | AE114: 80 | AF114: 121 | AG114: 83 | AH114: 64 | AI114: 117 | AJ114: 82 | AK114: =SUM(F114:AJ114) -> 2845 | AL114: =AK114*$AS$11 -> 1239.5388 | AM114: =AK114 -> 2845 | AN114: =AM114*$AT$11 -> 115.43702 | AO114: =AL114+AN114 -> 1354.9758 | AP114: B | AQ114: =+AK114*40% -> 1138 | AR114: =+AL114-AQ114 -> 101.5388
A115: 121 | B115: 17 | D115: =TONGHOPCONGDOI!C121 -> Nàng Lênh | F115: 108 | G115: 90 | H115: 131 | I115: 95 | J115: 82 | K115: 117 | L115: 0 | M115: 94 | N115: 96 | O115: 216 | P115: 56 | Q115: 95 | R115: 139 | S115: 116 | T115: 119 | U115: 176 | V115: 130 | W115: 120 | X115: 94 | Y115: 132 | Z115: 117 | AA115: 60 | AB115: 0 | AC115: 0 | AD115: 103 | AE115: 73 | AF115: 107 | AG115: 95 | AH115: 175 | AI115: 169 | AJ115: 90 | AK115: =SUM(F115:AJ115) -> 3195 | AL115: =AK115*$AS$11 -> 1392.0304 | AM115: =AK115 -> 3195 | AN115: =AM115*$AT$11 -> 129.63841 | AO115: =AL115+AN115 -> 1521.6688 | AP115: B | AQ115: =+AK115*40% -> 1278 | AR115: =+AL115-AQ115 -> 114.0304
A116: 122 | B116: 18 | C116: 03662 | D116: =TONGHOPCONGDOI!C122 -> T.Xê | F116: 64 | G116: 159 | H116: 85 | I116: 82 | J116: 154 | K116: 0 | L116: 86 | M116: 86 | N116: 67 | O116: 101 | P116: 93 | Q116: 68 | R116: 164 | S116: 110 | T116: 89 | U116: 168 | V116: 87 | W116: 95 | X116: 69 | Y116: 100 | Z116: 86 | AA116: 88 | AB116: 0 | AC116: 82 | AD116: 0 | AE116: 121 | AF116: 130 | AG116: 66 | AH116: 96 | AI116: 133 | AJ116: 51 | AK116: =SUM(F116:AJ116) -> 2780 | AL116: =AK116*$AS$11 -> 1211.2189 | AM116: =AK116 -> 2780 | AN116: =AM116*$AT$11 -> 112.79962 | AO116: =AL116+AN116 -> 1324.0186 | AP116: B | AQ116: =+AK116*40% -> 1112 | AR116: =+AL116-AQ116 -> 99.218937
A117: 123 | B117: 19 | C117: 03663 | D117: =TONGHOPCONGDOI!C123 -> T. Hách | F117: 151 | G117: 91 | H117: 100 | I117: 90 | J117: 48 | K117: 70 | L117: 96 | M117: 92 | N117: 66 | O117: 83 | P117: 104 | Q117: 57 | R117: 148 | S117: 127 | T117: 83 | U117: 149 | V117: 138 | W117: 88 | X117: 52 | Y117: 83 | Z117: 142 | AA117: 88 | AB117: 136 | AC117: 132 | AD117: 0 | AE117: 0 | AF117: 0 | AG117: 0 | AH117: 185 | AI117: 191 | AJ117: 95 | AK117: =SUM(F117:AJ117) -> 2885 | AL117: =AK117*$AS$11 -> 1256.9664 | AM117: =AK117 -> 2885 | AN117: =AM117*$AT$11 -> 117.06004 | AO117: =AL117+AN117 -> 1374.0265 | AP117: B | AQ117: =+AK117*40% -> 1154 | AR117: =+AL117-AQ117 -> 102.96641
A118: 124 | B118: 20 | C118: 03664 | D118: =TONGHOPCONGDOI!C124 -> Khay Khăm | F118: 85 | G118: 321 | H118: 119 | I118: 88 | J118: 161 | K118: 218 | L118: 130 | M118: 120 | N118: 332 | O118: 102 | P118: 93 | Q118: 130 | R118: 213 | S118: 118 | T118: 110 | U118: 412 | V118: 113 | W118: 91 | X118: 148 | Y118: 197 | Z118: 97 | AA118: 120 | AB118: 159 | AC118: 144 | AD118: 124 | AE118: 136 | AF118: 0 | AG118: 89 | AH118: 85 | AI118: 441 | AJ118: 111 | AK118: =SUM(F118:AJ118) -> 4807 | AL118: =AK118*$AS$11 -> 2094.3631 | AM118: =AK118 -> 4807 | AN118: =AM118*$AT$11 -> 195.04596 | AO118: =AL118+AN118 -> 2289.4091 | AP118: B | AQ118: =+AK118*40% -> 1922.8 | AR118: =+AL118-AQ118 -> 171.5631
A119: 125 | B119: 21 | C119: 03637 | D119: =TONGHOPCONGDOI!C125 -> T. Vạt | F119: 125 | G119: 266 | H119: 123 | I119: 109 | J119: 130 | K119: 165 | L119: 143 | M119: 112 | N119: 260 | O119: 119 | P119: 137 | Q119: 116 | R119: 151 | S119: 118 | T119: 97 | U119: 256 | V119: 0 | W119: 141 | X119: 126 | Y119: 172 | Z119: 129 | AA119: 110 | AB119: 278 | AC119: 98 | AD119: 142 | AE119: 96 | AF119: 122 | AG119: 103 | AH119: 159 | AI119: 205 | AJ119: 0 | AK119: =SUM(F119:AJ119) -> 4308 | AL119: =AK119*$AS$11 -> 1876.9537 | AM119: =AK119 -> 4308 | AN119: =AM119*$AT$11 -> 174.79884 | AO119: =AL119+AN119 -> 2051.7525 | AP119: A | AQ119: =+AK119*40% -> 1723.2 | AR119: =+AL119-AQ119 -> 153.75366
A120: 126 | B120: 22 | C120: 03666 | D120: =TONGHOPCONGDOI!C126 -> T. Chăn (4) | F120: 151 | G120: 196 | H120: 89 | I120: 119 | J120: 84 | K120: 106 | L120: 0 | M120: 121 | N120: 88 | O120: 0 | P120: 0 | Q120: 82 | R120: 157 | S120: 156 | T120: 193 | U120: 192 | V120: 102 | W120: 126 | X120: 0 | Y120: 106 | Z120: 102 | AA120: 136 | AB120: 199 | AC120: 92 | AD120: 127 | AE120: 72 | AF120: 0 | AG120: 0 | AH120: 0 | AI120: 67 | AJ120: 0 | AK120: =SUM(F120:AJ120) -> 2863 | AL120: =AK120*$AS$11 -> 1247.3812 | AM120: =AK120 -> 2863 | AN120: =AM120*$AT$11 -> 116.16738 | AO120: =AL120+AN120 -> 1363.5486 | AP120: A | AQ120: =+AK120*40% -> 1145.2 | AR120: =+AL120-AQ120 -> 102.18123
A121: 127 | B121: 23 | C121: 04128 | D121: =TONGHOPCONGDOI!C127 -> Thảo Ca Thon | F121: 114 | G121: 204 | H121: 84 | I121: 88 | J121: 66 | K121: 115 | L121: 112 | M121: 100 | N121: 168 | O121: 71 | P121: 97 | Q121: 91 | R121: 79 | S121: 89 | T121: 88 | U121: 192 | V121: 91 | W121: 101 | X121: 82 | Y121: 96 | Z121: 83 | AA121: 94 | AB121: 174 | AC121: 74 | AD121: 97 | AE121: 74 | AF121: 78 | AG121: 71 | AH121: 116 | AI121: 171 | AJ121: 80 | AK121: =SUM(F121:AJ121) -> 3240 | AL121: =AK121*$AS$11 -> 1411.6365 | AM121: =AK121 -> 3240 | AN121: =AM121*$AT$11 -> 131.46431 | AO121: =AL121+AN121 -> 1543.1008 | AP121: B | AQ121: =+AK121*40% -> 1296 | AR121: =+AL121-AQ121 -> 115.63646
A122: 128 | B122: 24 | C122: 04129 | D122: =TONGHOPCONGDOI!C128 -> N.. Đeng | F122: 152 | G122: 196 | H122: 89 | I122: 118 | J122: 85 | K122: 106 | L122: 0 | M122: 121 | N122: 88 | O122: 0 | P122: 0 | Q122: 83 | R122: 157 | S122: 157 | T122: 193 | U122: 192 | V122: 102 | W122: 126 | X122: 0 | Y122: 105 | Z122: 102 | AA122: 137 | AB122: 199 | AC122: 92 | AD122: 128 | AE122: 72 | AF122: 0 | AG122: 0 | AH122: 0 | AI122: 67 | AJ122: 66 | AK122: =SUM(F122:AJ122) -> 2933 | AL122: =AK122*$AS$11 -> 1277.8795 | AM122: =AK122 -> 2933 | AN122: =AM122*$AT$11 -> 119.00766 | AO122: =AL122+AN122 -> 1396.8872 | AP122: A | AQ122: =+AK122*40% -> 1173.2 | AR122: =+AL122-AQ122 -> 104.67955
A123: 129 | B123: 25 | C123: 03522 | D123: =TONGHOPCONGDOI!C129 -> N.T.T Trang (1) | F123: 150 | G123: 135 | H123: 196 | I123: 123 | J123: 147 | K123: 130 | L123: 0 | M123: 0 | N123: 123 | O123: 151 | P123: 100 | Q123: 0 | R123: 135 | S123: 150 | T123: 0 | U123: 207 | V123: 200 | W123: 300 | X123: 300 | Y123: 129 | Z123: 250 | AA123: 200 | AB123: 150 | AC123: 295 | AD123: 200 | AE123: 161 | AF123: 200 | AG123: 164 | AH123: 150 | AI123: 400 | AJ123: 200 | AK123: =SUM(F123:AJ123) -> 5046 | AL123: =AK123*$AS$11 -> 2198.4931 | AM123: =AK123 -> 5046 | AN123: =AM123*$AT$11 -> 204.74349 | AO123: =AL123+AN123 -> 2403.2366 | AP123: A | AQ123: =+AK123*40% -> 2018.4 | AR123: =+AL123-AQ123 -> 180.09308
A124: 130 | B124: 26 | C124: 04130 | D124: =TONGHOPCONGDOI!C130 -> T. Chay | F124: 151 | G124: 168 | H124: 0 | I124: 0 | J124: 104 | K124: 0 | L124: 70 | M124: 170 | N124: 137 | O124: 130 | P124: 0 | Q124: 87 | R124: 122 | S124: 55 | T124: 129 | U124: 0 | V124: 120 | W124: 0 | X124: 144 | Y124: 92 | Z124: 105 | AA124: 136 | AB124: 145 | AC124: 73 | AD124: 109 | AE124: 74 | AF124: 74 | AG124: 0 | AH124: 0 | AI124: 130 | AJ124: 63 | AK124: =SUM(F124:AJ124) -> 2588 | AL124: =AK124*$AS$11 -> 1127.5664 | AM124: =AK124 -> 2588 | AN124: =AM124*$AT$11 -> 105.00914 | AO124: =AL124+AN124 -> 1232.5756 | AP124: B | AQ124: =+AK124*40% -> 1035.2 | AR124: =+AL124-AQ124 -> 92.366406
A125: 131 | B125: 27 | C125: 04131 | D125: =TONGHOPCONGDOI!C131 -> T. Lê | F125: 107 | G125: 90 | H125: 121 | I125: 95 | J125: 81 | K125: 117 | L125: 0 | M125: 93 | N125: 95 | O125: 215 | P125: 149 | Q125: 94 | R125: 139 | S125: 116 | T125: 119 | U125: 176 | V125: 130 | W125: 119 | X125: 94 | Y125: 132 | Z125: 118 | AA125: 60 | AB125: 0 | AC125: 0 | AD125: 0 | AE125: 73 | AF125: 107 | AG125: 94 | AH125: 175 | AI125: 168 | AJ125: 89 | AK125: =SUM(F125:AJ125) -> 3166 | AL125: =AK125*$AS$11 -> 1379.3954 | AM125: =AK125 -> 3166 | AN125: =AM125*$AT$11 -> 128.46173 | AO125: =AL125+AN125 -> 1507.8571 | AP125: C | AQ125: =+AK125*40% -> 1266.4 | AR125: =+AL125-AQ125 -> 112.99538
A126: 132 | B126: 28 | C126: 03672 | D126: =TONGHOPCONGDOI!C132 -> Nàng Chưa | F126: 90 | G126: 102 | H126: 142 | I126: 102 | J126: 122 | K126: 82 | L126: 0 | M126: 0 | N126: 0 | O126: 92 | P126: 57 | Q126: 0 | R126: 151 | S126: 52 | T126: 0 | U126: 160 | V126: 58 | W126: 146 | X126: 140 | Y126: 0 | Z126: 106 | AA126: 45 | AB126: 119 | AC126: 111 | AD126: 81 | AE126: 140 | AF126: 82 | AG126: 63 | AH126: 81 | AI126: 0 | AJ126: 113 | AK126: =SUM(F126:AJ126) -> 2437 | AL126: =AK126*$AS$11 -> 1061.7772 | AM126: =AK126 -> 2437 | AN126: =AM126*$AT$11 -> 98.882258 | AO126: =AL126+AN126 -> 1160.6594 | AP126: B | AQ126: =+AK126*40% -> 974.8 | AR126: =+AL126-AQ126 -> 86.977176
A127: 133 | B127: 29 | C127: 04132 | D127: =TONGHOPCONGDOI!C133 -> Hà Đức Văn | F127: 150 | G127: 200 | H127: 150 | I127: 123 | J127: 156 | K127: 130 | L127: 0 | M127: 0 | N127: 124 | O127: 152 | P127: 109 | Q127: 178 | R127: 135 | S127: 150 | T127: 0 | U127: 100 | V127: 200 | W127: 285 | X127: 300 | Y127: 127 | Z127: 250 | AA127: 200 | AB127: 150 | AC127: 200 | AD127: 200 | AE127: 160 | AF127: 200 | AG127: 164 | AH127: 150 | AI127: 400 | AJ127: 214 | AK127: =SUM(F127:AJ127) -> 5057 | AL127: =AK127*$AS$11 -> 2203.2857 | AM127: =AK127 -> 5057 | AN127: =AM127*$AT$11 -> 205.18982 | AO127: =AL127+AN127 -> 2408.4755 | AP127: A | AQ127: =+AK127*40% -> 2022.8 | AR127: =+AL127-AQ127 -> 180.48567
... A131: 137 | B131: 33 | C131: 03597 | D131: =TONGHOPCONGDOI!C137 -> N. Lẹ | F131: 126 | G131: 260 | H131: 103 | I131: 0 | J131: 156 | K131: 90 | L131: 93 | M131: 111 | N131: 195 | O131: 269 | P131: 200 | Q131: 250 | R131: 370 | S131: 200 | T131: 112 | U131: 400 | V131: 164 | W131: 200 | X131: 200 | Y131: 300 | Z131: 148 | AA131: 200 | AB131: 186 | AC131: 300 | AD131: 182 | AE131: 200 | AF131: 200 | AG131: 172 | AH131: 100 | AI131: 300 | AJ131: 124 | AK131: =SUM(F131:AJ131) -> 5911 | AL131: =AK131*$AS$11 -> 2575.3652 | AM131: =AK131 -> 5911 | AN131: =AM131*$AT$11 -> 239.84121 | AO131: =AL131+AN131 -> 2815.2064 | AP131: A | AQ131: =+AK131*40% -> 2364.4 | AR131: =+AL131-AQ131 -> 210.96516
A132: 138 | B132: 34 | D132: =TONGHOPCONGDOI!C138 -> T. Mi | F132: 144 | G132: 178 | H132: 81 | I132: 117 | J132: 75 | K132: 109 | L132: 0 | M132: 99 | N132: 69 | O132: 102 | P132: 160 | Q132: 58 | R132: 107 | S132: 0 | T132: 176 | U132: 158 | V132: 89 | W132: 127 | X132: 78 | Y132: 108 | Z132: 107 | AA132: 132 | AB132: 131 | AC132: 75 | AD132: 83 | AE132: 55 | AF132: 0 | AG132: 77 | AH132: 108 | AI132: 123 | AJ132: 80 | AK132: =SUM(F132:AJ132) -> 3006 | AL132: =AK132*$AS$11 -> 1309.6849 | AM132: =AK132 -> 3006 | AN132: =AM132*$AT$11 -> 121.96966 | AO132: =AL132+AN132 -> 1431.6546 | AP132: B | AQ132: =+AK132*40% -> 1202.4 | AR132: =+AL132-AQ132 -> 107.28494
A133: 139 | B133: 35 | C133: 04135 | D133: =TONGHOPCONGDOI!C139 -> Thảo Pi | F133: 100 | G133: 84 | H133: 96 | I133: 130 | J133: 0 | K133: 0 | L133: 98 | M133: 0 | N133: 79 | O133: 135 | P133: 84 | Q133: 0 | R133: 0 | S133: 0 | T133: 0 | U133: 0 | V133: 0 | W133: 0 | X133: 0 | Y133: 0 | Z133: 0 | AA133: 0 | AB133: 0 | AC133: 0 | AD133: 0 | AE133: 0 | AF133: 0 | AG133: 0 | AH133: 0 | AI133: 0 | AJ133: 0 | AK133: =SUM(F133:AJ133) -> 806 | AL133: =AK133*$AS$11 -> 351.16635 | AM133: =AK133 -> 806 | AN133: =AM133*$AT$11 -> 32.703775 | AO133: =AL133+AN133 -> 383.87013 | AP133: B | AQ133: =+AK133*40% -> 322.4 | AR133: =+AL133-AQ133 -> 28.766354
A134: 140 | B134: 36 | C134: 04136 | D134: =TONGHOPCONGDOI!C140 -> T. Mút | F134: 155 | G134: 142 | H134: 0 | I134: 96 | J134: 98 | K134: 109 | L134: 160 | M134: 200 | N134: 227 | O134: 106 | P134: 0 | Q134: 120 | R134: 115 | S134: 0 | T134: 0 | U134: 102 | V134: 195 | W134: 126 | X134: 204 | Y134: 132 | Z134: 167 | AA134: 115 | AB134: 0 | AC134: 0 | AD134: 113 | AE134: 122 | AF134: 107 | AG134: 114 | AH134: 129 | AI134: 184 | AJ134: 105 | AK134: =SUM(F134:AJ134) -> 3443 | AL134: =AK134*$AS$11 -> 1500.0816 | AM134: =AK134 -> 3443 | AN134: =AM134*$AT$11 -> 139.70111 | AO134: =AL134+AN134 -> 1639.7827 | AP134: B | AQ134: =+AK134*40% -> 1377.2 | AR134: =+AL134-AQ134 -> 122.88158
A135: 141 | B135: 37 | C135: 04137 | D135: =TONGHOPCONGDOI!C141 -> T. Lươn | F135: 139 | G135: 173 | H135: 0 | I135: 0 | J135: 0 | K135: 0 | L135: 114 | M135: 149 | N135: 97 | O135: 88 | P135: 102 | Q135: 96 | R135: 71 | S135: 128 | T135: 82 | U135: 243 | V135: 78 | W135: 97 | X135: 0 | Y135: 0 | Z135: 134 | AA135: 81 | AB135: 0 | AC135: 140 | AD135: 60 | AE135: 115 | AF135: 119 | AG135: 66 | AH135: 138 | AI135: 160 | AJ135: 0 | AK135: =SUM(F135:AJ135) -> 2670 | AL135: =AK135*$AS$11 -> 1163.293 | AM135: =AK135 -> 2670 | AN135: =AM135*$AT$11 -> 108.33633 | AO135: =AL135+AN135 -> 1271.6293 | AP135: B | AQ135: =+AK135*40% -> 1068 | AR135: =+AL135-AQ135 -> 95.293008
A136: 142 | B136: 38 | C136: 03512 | D136: =TONGHOPCONGDOI!C142 -> N. Đon | F136: 180 | G136: 151 | H136: 130 | I136: 0 | J136: 0 | K136: 134 | L136: 98 | M136: 0 | N136: 100 | O136: 131 | P136: 0 | Q136: 0 | R136: 94 | S136: 0 | T136: 71 | U136: 0 | V136: 0 | W136: 0 | X136: 0 | Y136: 0 | Z136: 0 | AA136: 0 | AB136: 0 | AC136: 70 | AD136: 0 | AE136: 121 | AF136: 94 | AG136: 117 | AH136: 125 | AI136: 131 | AJ136: 98 | AK136: =SUM(F136:AJ136) -> 1845 | AL136: =AK136*$AS$11 -> 803.84854 | AM136: =AK136 -> 1845 | AN136: =AM136*$AT$11 -> 74.861619 | AO136: =AL136+AN136 -> 878.71016 | AP136: A | AQ136: =+AK136*40% -> 738 | AR136: =+AL136-AQ136 -> 65.848539
...

Sheet SIRUM
A2: CỘNG HÒA DÂN CHỦ NHÂN DÂN LÀO
A3: Hòa Bình -Độc Lập - Dân Chủ - thống Nhất - Thịnh Vượng
A4: -----o0o-----
A6: CÔNG TY TNHH MTV QUASA - GERUCO LÀO
A7: ĐỘI SẢN XUẤT SỐ 05
A9: BẢNG THEO DÕI SẢN LƯỢNG MỦ SERUM THÁNG 12 NĂM 2025
AK10: DRC
A11: Stt | B11: Họ và tên | C11: Ngày | AH11: Tổng mủ Xirum | AI11: DRC bình quân | AJ11: Quy khô | AK11: Xếp hạng kỹ thuật | AL11: Kí tên
C12: 1 | D12: 2 | E12: 3 | F12: 4 | G12: 5 | H12: 6 | I12: 7 | J12: 8 | K12: 9 | L12: 10 | M12: 11 | N12: 12 | O12: 13 | P12: 14 | Q12: 15 | R12: 16 | S12: 17 | T12: 18 | U12: 19 | V12: 20 | W12: 21 | X12: 22 | Y12: 23 | Z12: 24 | AA12: 25 | AB12: 26 | AC12: 27 | AD12: 28 | AE12: 29 | AF12: 30
A13: TRẠM 1 | C13: =C14 -> 0 | D13: =D14 -> 0 | E13: =E14 -> 0 | F13: =F14 -> 0 | G13: =G14 -> 0 | H13: =H14 -> 0 | I13: =I14 -> 0 | J13: =J14 -> 0 | ... AF13: =AF14 -> 0 | AH13: =AH14 -> 910 | AJ13: =AJ14 -> 475.764 | AK13: =AK14 -> 0
A14: 1 | B14: Mủ Xirum | L14: 410 | AE14: 500 | AH14: =SUM(C14:AG14) -> 910 | AI14: 52.281758 | AJ14: =AH14*AI14/100 -> 475.764
A15: TRẠM 2 | C15: =C16 -> 0 | D15: =D16 -> 0 | E15: =E16 -> 0 | F15: =F16 -> 0 | G15: =G16 -> 0 | H15: =H16 -> 0 | I15: =I16 -> 0 | J15: =J16 -> 0 | ... AF15: =AF16 -> 300 | AH15: =AH16 -> 790 | AJ15: =AJ16 -> 332.007
A16: 1 | B16: Mủ Xirum | R16: 490 | AF16: 300 | AH16: =SUM(C16:AG16) -> 790 | AI16: 42.026203 | AJ16: =AH16*AI16/100 -> 332.007
A17: Tổng cộng | C17: =C13+C15 -> 0 | D17: =D13+D15 -> 0 | E17: =E13+E15 -> 0 | F17: =F13+F15 -> 0 | G17: =G13+G15 -> 0 | H17: =H13+H15 -> 0 | I17: =I13+I15 -> 0 | J17: =J13+J15 -> 0 | ... AH17: =AH13+AH15 -> 1700 | AJ17: =AJ13+AJ15 -> 807.771 | AK17: =AK13+AK15+#REF!+#REF! -> #REF!
B20: TỔNG GIÁM ĐỐC | J20: PHÒNG KT - NN | R20: GĐ. NÔNG TRƯỜNG | Z20: TL. NÔNG NGHIỆP | AH20: TL. TC - KT
AH28: Trần Viết Hùng
F192: =F178+F185 -> 0

Sheet CHẤM CÔNG 
A1: CỘNG HÒA DÂN CHỦ NHÂN DÂN LÀO
A2: Hòa bình - Độc lập - Dân chủ - Thống nhất - Thịnh vượng
A3: ----oOo----
A4: CÔNG TY TNHH MTV QUASA-GERUCO LÀO
A5: ĐỘI SẢN XUẤT SỐ 05
A7: BẢNG CHẤM CÔNG CÔNG NHÂN KHAI THÁC THÁNG 06 NĂM 2025
A8: (Từ ngày 01 đến 30/06/2025)
A10: Stt | C10: MSNV | E10: Họ và tên | F10: Ký tên | G10: Ngày công | AL10: Ngày bình thường | AM10: Chủ nhật | AN10: Cạo 2 lát | AO10: Cạo 2 lát chủ nhật | AP10: Cạo 2 miệng | AQ10: Cạo 2 miệng chủ nhật (CT) | AR10: Tổng
G11: 1 | H11: 2 | I11: 3 | J11: 4 | K11: 5 | L11: 6 | M11: 7 | N11: 8 | O11: 9 | P11: 10 | Q11: 11 | R11: 12 | S11: 13 | T11: 14 | U11: 15 | V11: 16 | W11: 17 | X11: 18 | Y11: 19 | Z11: 20 | AA11: 21 | AB11: 22 | AC11: 23 | AD11: 24 | AE11: 25 | AF11: 26 | AG11: 27 | AH11: 28 | AI11: 29 | AJ11: 30 | AK11: 31
A12: Trạm 1 | G12: =COUNTIF(G13:G96,"X")+COUNTIF(G13:G96,"CN")+COUNTIF(G13:G96,"đ")+COUNTIF(G13:G96,"đc") -> 74 | H12: =COUNTIF(H13:H96,"X")+COUNTIF(H13:H96,"CN")+COUNTIF(H13:H96,"đ")+COUNTIF(H13:H96,"đc") -> 74 | I12: =COUNTIF(I13:I96,"X")+COUNTIF(I13:I96,"CN")+COUNTIF(I13:I96,"đ")+COUNTIF(I13:I96,"đc") -> 74 | J12: =COUNTIF(J13:J96,"X")+COUNTIF(J13:J96,"CN")+COUNTIF(J13:J96,"đ")+COUNTIF(J13:J96,"đc") -> 74 | K12: =COUNTIF(K13:K96,"X")+COUNTIF(K13:K96,"CN")+COUNTIF(K13:K96,"đ")+COUNTIF(K13:K96,"đc") -> 74 | L12: =COUNTIF(L13:L96,"X")+COUNTIF(L13:L96,"CN")+COUNTIF(L13:L96,"đ")+COUNTIF(L13:L96,"đc") -> 74 | M12: =COUNTIF(M13:M96,"X")+COUNTIF(M13:M96,"CN")+COUNTIF(M13:M96,"đ")+COUNTIF(M13:M96,"đc") -> 74 | N12: =COUNTIF(N13:N96,"X")+COUNTIF(N13:N96,"CN")+COUNTIF(N13:N96,"đ")+COUNTIF(N13:N96,"đc") -> 74 | ... AJ12: =COUNTIF(AJ13:AJ96,"X")+COUNTIF(AJ13:AJ96,"CN")+COUNTIF(AJ13:AJ96,"đ")+COUNTIF(AJ13:AJ96,"đc") -> 74 | AK12: =COUNTIF(AK13:AK96,"X")+COUNTIF(AK13:AK96,"CN")+COUNTIF(AK13:AK96,"đ") -> 74 | AL12: =SUM(AL13:AL96) -> 1998 | AM12: =SUM(AM13:AM96) -> 296 | AN12: =SUM(AN13:AN96) -> 0 | AO12: =SUM(AO13:AO96) -> 0 | AP12: =SUM(AP13:AP96) -> 0 | AQ12: =SUM(AQ13:AQ96) -> 0 | AR12: =SUM(AR13:AR96) -> 2294
A13: 1 | B13: 1 | C13: ='sản lượng'!C14 -> 04086 | D13: Thô | E13: =TONGHOPCONGDOI!C11 -> T. Lê | G13: x | H13: x | I13: x | J13: x | K13: x | L13: x | M13: cn | N13: x | O13: x | P13: x | Q13: x | R13: x | S13: x | T13: cn | U13: x | V13: x | W13: x | X13: x | Y13: x | Z13: x | AA13: cn | AB13: x | AC13: x | AD13: x | AE13: x | AF13: x | AG13: x | AH13: cn | AI13: x | AJ13: x | AK13: x | AL13: =COUNTIF(G13:AK13,"X") -> 27 | AM13: =COUNTIF(G13:AK13,"CN") -> 4 | AN13: =COUNTIF(G13:AK13,"Đ") -> 0 | AO13: =COUNTIF(G13:AK13,"ĐC") -> 0 | AP13: =COUNTIF(G13:AK13,"GT") -> 0 | AQ13: =COUNTIF(G13:AK13,"CT") -> 0 | AR13: =SUM(AL13:AQ13) -> 31
A14: 2 | B14: 2 | C14: ='sản lượng'!C15 -> 02735 | D14: Mè Ta Van | E14: =TONGHOPCONGDOI!C12 -> Nang On Teng | G14: x | H14: x | I14: x | K14: x | L14: x | M14: cn | N14: x | O14: x | P14: x | Q14: x | R14: x | S14: x | T14: cn | U14: x | V14: x | X14: x | Y14: x | Z14: x | AA14: cn | AB14: x | AD14: x | AE14: x | AF14: x | AG14: x | AH14: cn | AI14: x | AJ14: x | AK14: x | AL14: =COUNTIF(G14:AK14,"X") -> 24 | AM14: =COUNTIF(G14:AK14,"CN") -> 4 | AN14: =COUNTIF(G14:AK14,"Đ") -> 0 | AO14: =COUNTIF(G14:AK14,"ĐC") -> 0 | AP14: =COUNTIF(G14:AK14,"GT") -> 0 | AQ14: =COUNTIF(G14:AK14,"CT") -> 0 | AR14: =SUM(AL14:AQ14) -> 28
A15: 3 | B15: 3 | C15: ='sản lượng'!C16 -> 03518 | D15: Ka Tho | E15: =TONGHOPCONGDOI!C13 -> T. Đôn Ma | G15: x | H15: x | I15: x | K15: x | L15: x | M15: cn | N15: x | O15: x | P15: x | Q15: x | R15: x | S15: x | T15: cn | U15: x | V15: x | X15: x | Y15: x | Z15: x | AA15: cn | AB15: x | AD15: x | AE15: x | AF15: x | AG15: x | AH15: cn | AI15: x | AJ15: x | AK15: x | AL15: =COUNTIF(G15:AK15,"X") -> 24 | AM15: =COUNTIF(G15:AK15,"CN") -> 4 | AN15: =COUNTIF(G15:AK15,"Đ") -> 0 | AO15: =COUNTIF(G15:AK15,"ĐC") -> 0 | AP15: =COUNTIF(G15:AK15,"GT") -> 0 | AQ15: =COUNTIF(G15:AK15,"CT") -> 0 | AR15: =SUM(AL15:AQ15) -> 28
A16: 4 | B16: 4 | C16: ='sản lượng'!C17 -> 04087 | D16: Tô Tộ | E16: =TONGHOPCONGDOI!C14 -> N. La Ty | G16: x | H16: x | I16: x | J16: x | K16: x | L16: x | M16: cn | N16: x | O16: x | P16: x | Q16: x | R16: x | S16: x | T16: cn | U16: x | V16: x | W16: x | X16: x | Y16: x | Z16: x | AA16: cn | AB16: x | AC16: x | AD16: x | AE16: x | AF16: x | AG16: x | AH16: cn | AI16: x | AJ16: x | AK16: x | AL16: =COUNTIF(G16:AK16,"X") -> 27 | AM16: =COUNTIF(G16:AK16,"CN") -> 4 | AN16: =COUNTIF(G16:AK16,"Đ") -> 0 | AO16: =COUNTIF(G16:AK16,"ĐC") -> 0 | AP16: =COUNTIF(G16:AK16,"GT") -> 0 | AQ16: =COUNTIF(G16:AK16,"CT") -> 0 | AR16: =SUM(AL16:AQ16) -> 31
A17: 5 | B17: 5 | C17: ='sản lượng'!C18 -> 04088 | D17: Thảo In | E17: =TONGHOPCONGDOI!C15 -> Thong Say | G17: x | H17: x | I17: x | J17: x | K17: x | L17: x | M17: cn | N17: x | O17: x | P17: x | Q17: x | R17: x | S17: x | T17: cn | U17: x | V17: x | W17: x | X17: x | Y17: x | Z17: x | AA17: cn | AB17: x | AC17: x | AD17: x | AE17: x | AF17: x | AG17: x | AH17: cn | AI17: x | AJ17: x | AK17: x | AL17: =COUNTIF(G17:AK17,"X") -> 27 | AM17: =COUNTIF(G17:AK17,"CN") -> 4 | AN17: =COUNTIF(G17:AK17,"Đ") -> 0 | AO17: =COUNTIF(G17:AK17,"ĐC") -> 0 | AP17: =COUNTIF(G17:AK17,"GT") -> 0 | AQ17: =COUNTIF(G17:AK17,"CT") -> 0 | AR17: =SUM(AL17:AQ17) -> 31
A18: 6 | B18: 6 | C18: ='sản lượng'!C19 -> 03545 | D18: Cha La | E18: =TONGHOPCONGDOI!C16 -> Phon Xa Văn | G18: x | H18: x | I18: x | J18: x | K18: x | L18: x | M18: cn | N18: x | O18: x | P18: x | Q18: x | R18: x | S18: x | T18: cn | U18: x | V18: x | W18: x | X18: x | Y18: x | Z18: x | AA18: cn | AB18: x | AC18: x | AD18: x | AE18: x | AF18: x | AG18: x | AH18: cn | AI18: x | AJ18: x | AK18: x | AL18: =COUNTIF(G18:AK18,"X") -> 27 | AM18: =COUNTIF(G18:AK18,"CN") -> 4 | AN18: =COUNTIF(G18:AK18,"Đ") -> 0 | AO18: =COUNTIF(G18:AK18,"ĐC") -> 0 | AP18: =COUNTIF(G18:AK18,"GT") -> 0 | AQ18: =COUNTIF(G18:AK18,"CT") -> 0 | AR18: =SUM(AL18:AQ18) -> 31
A19: 7 | B19: 7 | C19: ='sản lượng'!C20 -> 04089 | D19: Nang Nga | E19: =TONGHOPCONGDOI!C17 -> N. Tỏi | G19: x | H19: x | I19: x | J19: x | K19: x | L19: x | M19: cn | N19: x | O19: x | P19: x | Q19: x | R19: x | S19: x | T19: cn | U19: x | V19: x | W19: x | X19: x | Y19: x | AA19: cn | AB19: x | AD19: x | AE19: x | AF19: x | AG19: x | AH19: cn | AI19: x | AJ19: x | AK19: x | AL19: =COUNTIF(G19:AK19,"X") -> 25 | AM19: =COUNTIF(G19:AK19,"CN") -> 4 | AN19: =COUNTIF(G19:AK19,"Đ") -> 0 | AO19: =COUNTIF(G19:AK19,"ĐC") -> 0 | AP19: =COUNTIF(G19:AK19,"GT") -> 0 | AQ19: =COUNTIF(G19:AK19,"CT") -> 0 | AR19: =SUM(AL19:AQ19) -> 29
A20: 8 | B20: 8 | C20: ='sản lượng'!C21 -> 0 | D20: Viêng | E20: =TONGHOPCONGDOI!C18 -> Na Ly | G20: x | H20: x | I20: x | J20: x | K20: x | L20: x | M20: cn | N20: x | O20: x | P20: x | Q20: x | R20: x | S20: x | T20: cn | U20: x | V20: x | W20: x | X20: x | Y20: x | Z20: x | AA20: cn | AB20: x | AC20: x | AD20: x | AE20: x | AF20: x | AG20: x | AH20: cn | AI20: x | AJ20: x | AK20: x | AL20: =COUNTIF(G20:AK20,"X") -> 27 | AM20: =COUNTIF(G20:AK20,"CN") -> 4 | AN20: =COUNTIF(G20:AK20,"Đ") -> 0 | AO20: =COUNTIF(G20:AK20,"ĐC") -> 0 | AP20: =COUNTIF(G20:AK20,"GT") -> 0 | AQ20: =COUNTIF(G20:AK20,"CT") -> 0 | AR20: =SUM(AL20:AQ20) -> 31
A21: 9 | B21: 9 | C21: ='sản lượng'!C22 -> 02739 | D21: Me Đuông | E21: =TONGHOPCONGDOI!C19 -> Thảo Lẹ | G21: x | H21: x | I21: x | J21: x | K21: x | L21: x | M21: cn | N21: x | O21: x | P21: x | Q21: x | R21: x | S21: x | T21: cn | U21: x | V21: x | W21: x | X21: x | Y21: x | Z21: x | AA21: cn | AB21: x | AC21: x | AD21: x | AE21: x | AF21: x | AG21: x | AH21: cn | AI21: x | AJ21: x | AK21: x | AL21: =COUNTIF(G21:AK21,"X") -> 27 | AM21: =COUNTIF(G21:AK21,"CN") -> 4 | AN21: =COUNTIF(G21:AK21,"Đ") -> 0 | AO21: =COUNTIF(G21:AK21,"ĐC") -> 0 | AP21: =COUNTIF(G21:AK21,"GT") -> 0 | AQ21: =COUNTIF(G21:AK21,"CT") -> 0 | AR21: =SUM(AL21:AQ21) -> 31
A22: 10 | B22: 10 | C22: ='sản lượng'!C23 -> 04090 | D22: Nang Môn | E22: =TONGHOPCONGDOI!C20 -> N. Đeng (2) | G22: x | H22: x | I22: x | J22: x | K22: x | L22: x | M22: cn | N22: x | O22: x | P22: x | Q22: x | R22: x | S22: x | T22: cn | U22: x | V22: x | W22: x | X22: x | Y22: x | Z22: x | AA22: cn | AB22: x | AC22: x | AD22: x | AE22: x | AF22: x | AG22: x | AH22: cn | AI22: x | AJ22: x | AK22: x | AL22: =COUNTIF(G22:AK22,"X") -> 27 | AM22: =COUNTIF(G22:AK22,"CN") -> 4 | AN22: =COUNTIF(G22:AK22,"Đ") -> 0 | AO22: =COUNTIF(G22:AK22,"ĐC") -> 0 | AP22: =COUNTIF(G22:AK22,"GT") -> 0 | AQ22: =COUNTIF(G22:AK22,"CT") -> 0 | AR22: =SUM(AL22:AQ22) -> 31
A23: 11 | B23: 11 | C23: ='sản lượng'!C24 -> 03509 | D23: Ziên | E23: =TONGHOPCONGDOI!C21 -> T. May | G23: x | H23: x | I23: x | J23: x | K23: x | L23: x | M23: cn | N23: x | O23: x | P23: x | Q23: x | R23: x | S23: x | T23: cn | U23: x | V23: x | W23: x | X23: x | Y23: x | Z23: x | AA23: cn | AB23: x | AC23: x | AD23: x | AE23: x | AF23: x | AG23: x | AH23: cn | AI23: x | AJ23: x | AK23: x | AL23: =COUNTIF(G23:AK23,"X") -> 27 | AM23: =COUNTIF(G23:AK23,"CN") -> 4 | AN23: =COUNTIF(G23:AK23,"Đ") -> 0 | AO23: =COUNTIF(G23:AK23,"ĐC") -> 0 | AP23: =COUNTIF(G23:AK23,"GT") -> 0 | AQ23: =COUNTIF(G23:AK23,"CT") -> 0 | AR23: =SUM(AL23:AQ23) -> 31
A24: 12 | B24: 12 | C24: ='sản lượng'!C25 -> 04091 | D24: Me Pê | E24: =TONGHOPCONGDOI!C22 -> N. Bay | G24: x | H24: x | I24: x | J24: x | K24: x | L24: x | M24: cn | N24: x | O24: x | P24: x | Q24: x | R24: x | S24: x | T24: cn | U24: x | V24: x | W24: x | X24: x | Y24: x | Z24: x | AA24: cn | AB24: x | AC24: x | AD24: x | AE24: x | AF24: x | AG24: x | AH24: cn | AI24: x | AJ24: x | AK24: x | AL24: =COUNTIF(G24:AK24,"X") -> 27 | AM24: =COUNTIF(G24:AK24,"CN") -> 4 | AN24: =COUNTIF(G24:AK24,"Đ") -> 0 | AO24: =COUNTIF(G24:AK24,"ĐC") -> 0 | AP24: =COUNTIF(G24:AK24,"GT") -> 0 | AQ24: =COUNTIF(G24:AK24,"CT") -> 0 | AR24: =SUM(AL24:AQ24) -> 31
A25: 13 | B25: 13 | C25: ='sản lượng'!C26 -> 03527 | D25: Thảo chòi | E25: =TONGHOPCONGDOI!C23 -> T Núc | G25: x | H25: x | I25: x | J25: x | K25: x | L25: x | M25: cn | N25: x | O25: x | P25: x | Q25: x | R25: x | S25: x | T25: cn | U25: x | V25: x | W25: x | X25: x | Y25: x | Z25: x | AA25: cn | AB25: x | AC25: x | AD25: x | AE25: x | AF25: x | AG25: x | AH25: cn | AI25: x | AJ25: x | AK25: x | AL25: =COUNTIF(G25:AK25,"X") -> 27 | AM25: =COUNTIF(G25:AK25,"CN") -> 4 | AN25: =COUNTIF(G25:AK25,"Đ") -> 0 | AO25: =COUNTIF(G25:AK25,"ĐC") -> 0 | AP25: =COUNTIF(G25:AK25,"GT") -> 0 | AQ25: =COUNTIF(G25:AK25,"CT") -> 0 | AR25: =SUM(AL25:AQ25) -> 31
A26: 14 | B26: 14 | C26: ='sản lượng'!C27 -> 03528 | D26: Tìng A | E26: =TONGHOPCONGDOI!C24 -> T. Cô | G26: x | H26: x | I26: x | J26: x | K26: x | L26: x | M26: cn | N26: x | O26: x | P26: x | Q26: x | R26: x | S26: x | T26: cn | U26: x | V26: x | W26: x | X26: x | Y26: x | Z26: x | AA26: cn | AB26: x | AC26: x | AD26: x | AE26: x | AF26: x | AG26: x | AH26: cn | AI26: x | AJ26: x | AK26: x | AL26: =COUNTIF(G26:AK26,"X") -> 27 | AM26: =COUNTIF(G26:AK26,"CN") -> 4 | AN26: =COUNTIF(G26:AK26,"Đ") -> 0 | AO26: =COUNTIF(G26:AK26,"ĐC") -> 0 | AP26: =COUNTIF(G26:AK26,"GT") -> 0 | AQ26: =COUNTIF(G26:AK26,"CT") -> 0 | AR26: =SUM(AL26:AQ26) -> 31
A27: 15 | B27: 15 | C27: ='sản lượng'!C28 -> 03524 | D27: Phò Set Tha | E27: =TONGHOPCONGDOI!C25 -> T. Nả | G27: x | H27: x | I27: x | J27: x | K27: x | L27: x | M27: cn | N27: x | O27: x | P27: x | Q27: x | R27: x | S27: x | T27: cn | U27: x | V27: x | W27: x | X27: x | Y27: x | Z27: x | AA27: cn | AB27: x | AC27: x | AD27: x | AE27: x | AF27: x | AG27: x | AH27: cn | AI27: x | AJ27: x | AK27: x | AL27: =COUNTIF(G27:AK27,"X") -> 27 | AM27: =COUNTIF(G27:AK27,"CN") -> 4 | AN27: =COUNTIF(G27:AK27,"Đ") -> 0 | AO27: =COUNTIF(G27:AK27,"ĐC") -> 0 | AP27: =COUNTIF(G27:AK27,"GT") -> 0 | AQ27: =COUNTIF(G27:AK27,"CT") -> 0 | AR27: =SUM(AL27:AQ27) -> 31
A28: 16 | B28: 16 | C28: ='sản lượng'!C29 -> 03532 | D28: Căn Nha | E28: =TONGHOPCONGDOI!C26 -> N. Túc | G28: x | H28: x | I28: x | J28: x | K28: x | L28: x | M28: cn | N28: x | O28: x | P28: x | Q28: x | R28: x | S28: x | T28: cn | U28: x | V28: x | W28: x | X28: x | Y28: x | Z28: x | AA28: cn | AB28: x | AC28: x | AD28: x | AE28: x | AF28: x | AG28: x | AH28: cn | AI28: x | AJ28: x | AK28: x | AL28: =COUNTIF(G28:AK28,"X") -> 27 | AM28: =COUNTIF(G28:AK28,"CN") -> 4 | AN28: =COUNTIF(G28:AK28,"Đ") -> 0 | AO28: =COUNTIF(G28:AK28,"ĐC") -> 0 | AP28: =COUNTIF(G28:AK28,"GT") -> 0 | AQ28: =COUNTIF(G28:AK28,"CT") -> 0 | AR28: =SUM(AL28:AQ28) -> 31
A29: 17 | B29: 17 | C29: ='sản lượng'!C30 -> 0 | D29: Khăm (1) | E29: =TONGHOPCONGDOI!C27 -> Thảo Phút | G29: x | H29: x | I29: x | J29: x | K29: x | L29: x | M29: cn | N29: x | O29: x | P29: x | Q29: x | R29: x | S29: x | T29: cn | U29: x | V29: x | W29: x | X29: x | Y29: x | Z29: x | AA29: cn | AB29: x | AC29: x | AD29: x | AE29: x | AF29: x | AG29: x | AH29: cn | AI29: x | AJ29: x | AK29: x | AL29: =COUNTIF(G29:AK29,"X") -> 27 | AM29: =COUNTIF(G29:AK29,"CN") -> 4 | AN29: =COUNTIF(G29:AK29,"Đ") -> 0 | AO29: =COUNTIF(G29:AK29,"ĐC") -> 0 | AP29: =COUNTIF(G29:AK29,"GT") -> 0 | AQ29: =COUNTIF(G29:AK29,"CT") -> 0 | AR29: =SUM(AL29:AQ29) -> 31
A30: 18 | B30: 18 | C30: ='sản lượng'!C31 -> 04093 | D30: Nàng Ni | E30: =TONGHOPCONGDOI!C28 -> T. Lu | G30: x | H30: x | I30: x | J30: x | K30: x | L30: x | M30: cn | N30: x | O30: x | P30: x | Q30: x | R30: x | S30: x | T30: cn | U30: x | V30: x | W30: x | X30: x | Y30: x | AA30: cn | AB30: x | AC30: x | AD30: x | AF30: x | AH30: cn | AI30: x | AJ30: x | AK30: x | AL30: =COUNTIF(G30:AK30,"X") -> 24 | AM30: =COUNTIF(G30:AK30,"CN") -> 4 | AN30: =COUNTIF(G30:AK30,"Đ") -> 0 | AO30: =COUNTIF(G30:AK30,"ĐC") -> 0 | AP30: =COUNTIF(G30:AK30,"GT") -> 0 | AQ30: =COUNTIF(G30:AK30,"CT") -> 0 | AR30: =SUM(AL30:AQ30) -> 28
A31: 19 | B31: 19 | C31: ='sản lượng'!C32 -> 02709 | D31: Khu | E31: =TONGHOPCONGDOI!C29 -> T. Say | G31: x | H31: x | I31: x | J31: x | K31: x | L31: x | M31: cn | N31: x | O31: x | P31: x | Q31: x | R31: x | S31: x | T31: cn | U31: x | V31: x | W31: x | X31: x | Y31: x | Z31: x | AA31: cn | AB31: x | AC31: x | AD31: x | AE31: x | AF31: x | AG31: x | AH31: cn | AI31: x | AJ31: x | AK31: x | AL31: =COUNTIF(G31:AK31,"X") -> 27 | AM31: =COUNTIF(G31:AK31,"CN") -> 4 | AN31: =COUNTIF(G31:AK31,"Đ") -> 0 | AO31: =COUNTIF(G31:AK31,"ĐC") -> 0 | AP31: =COUNTIF(G31:AK31,"GT") -> 0 | AQ31: =COUNTIF(G31:AK31,"CT") -> 0 | AR31: =SUM(AL31:AQ31) -> 31
A32: 20 | B32: 20 | C32: ='sản lượng'!C33 -> 04094 | D32: Nang Thôn | E32: =TONGHOPCONGDOI!C30 -> N. Khun Mi | G32: x | H32: x | I32: x | J32: x | K32: x | L32: x | M32: cn | N32: x | O32: x | P32: x | Q32: x | R32: x | S32: x | T32: cn | U32: x | V32: x | W32: x | X32: x | Y32: x | Z32: x | AA32: cn | AB32: x | AC32: x | AD32: x | AE32: x | AF32: x | AG32: x | AH32: cn | AI32: x | AJ32: x | AK32: x | AL32: =COUNTIF(G32:AK32,"X") -> 27 | AM32: =COUNTIF(G32:AK32,"CN") -> 4 | AN32: =COUNTIF(G32:AK32,"Đ") -> 0 | AO32: =COUNTIF(G32:AK32,"ĐC") -> 0 | AP32: =COUNTIF(G32:AK32,"GT") -> 0 | AQ32: =COUNTIF(G32:AK32,"CT") -> 0 | AR32: =SUM(AL32:AQ32) -> 31
A33: 21 | B33: 21 | C33: ='sản lượng'!C34 -> 03553 | D33: Xeng | E33: =TONGHOPCONGDOI!C31 -> A Tền | G33: x | H33: x | I33: x | J33: x | K33: x | L33: x | M33: cn | N33: x | O33: x | P33: x | Q33: x | R33: x | S33: x | T33: cn | U33: x | V33: x | W33: x | X33: x | Y33: x | Z33: x | AA33: cn | AB33: x | AC33: x | AD33: x | AE33: x | AF33: x | AG33: x | AH33: cn | AI33: x | AJ33: x | AK33: x | AL33: =COUNTIF(G33:AK33,"X") -> 27 | AM33: =COUNTIF(G33:AK33,"CN") -> 4 | AN33: =COUNTIF(G33:AK33,"Đ") -> 0 | AO33: =COUNTIF(G33:AK33,"ĐC") -> 0 | AP33: =COUNTIF(G33:AK33,"GT") -> 0 | AQ33: =COUNTIF(G33:AK33,"CT") -> 0 | AR33: =SUM(AL33:AQ33) -> 31
A34: 22 | B34: 22 | C34: ='sản lượng'!C35 -> 04095 | D34: Lăm Phiêng | E34: =TONGHOPCONGDOI!C32 -> T. Pon | G34: x | H34: x | I34: x | J34: x | K34: x | L34: x | M34: cn | N34: x | O34: x | P34: x | Q34: x | R34: x | S34: x | T34: cn | U34: x | V34: x | W34: x | X34: x | Y34: x | Z34: x | AA34: cn | AB34: x | AC34: x | AD34: x | AE34: x | AF34: x | AG34: x | AH34: cn | AI34: x | AJ34: x | AK34: x | AL34: =COUNTIF(G34:AK34,"X") -> 27 | AM34: =COUNTIF(G34:AK34,"CN") -> 4 | AN34: =COUNTIF(G34:AK34,"Đ") -> 0 | AO34: =COUNTIF(G34:AK34,"ĐC") -> 0 | AP34: =COUNTIF(G34:AK34,"GT") -> 0 | AQ34: =COUNTIF(G34:AK34,"CT") -> 0 | AR34: =SUM(AL34:AQ34) -> 31
A35: 23 | B35: 23 | C35: ='sản lượng'!C36 -> 04096 | D35: Nang Tìng B | E35: =TONGHOPCONGDOI!C33 -> T. Ly | G35: x | H35: x | I35: x | J35: x | K35: x | L35: x | M35: cn | N35: x | O35: x | P35: x | Q35: x | R35: x | S35: x | T35: cn | V35: x | W35: x | X35: x | Y35: x | Z35: x | AA35: cn | AB35: x | AC35: x | AD35: x | AG35: x | AH35: cn | AI35: x | AJ35: x | AK35: x | AL35: =COUNTIF(G35:AK35,"X") -> 24 | AM35: =COUNTIF(G35:AK35,"CN") -> 4 | AN35: =COUNTIF(G35:AK35,"Đ") -> 0 | AO35: =COUNTIF(G35:AK35,"ĐC") -> 0 | AP35: =COUNTIF(G35:AK35,"GT") -> 0 | AQ35: =COUNTIF(G35:AK35,"CT") -> 0 | AR35: =SUM(AL35:AQ35) -> 28
A36: 24 | B36: 24 | C36: ='sản lượng'!C37 -> 03537 | D36: Lec | E36: =TONGHOPCONGDOI!C34 -> Văn Đi | G36: x | H36: x | I36: x | J36: x | K36: x | L36: x | M36: cn | N36: x | O36: x | P36: x | Q36: x | R36: x | S36: x | T36: cn | U36: x | V36: x | W36: x | X36: x | Y36: x | Z36: x | AA36: cn | AB36: x | AC36: x | AD36: x | AE36: x | AF36: x | AG36: x | AH36: cn | AI36: x | AJ36: x | AK36: x | AL36: =COUNTIF(G36:AK36,"X") -> 27 | AM36: =COUNTIF(G36:AK36,"CN") -> 4 | AN36: =COUNTIF(G36:AK36,"Đ") -> 0 | AO36: =COUNTIF(G36:AK36,"ĐC") -> 0 | AP36: =COUNTIF(G36:AK36,"GT") -> 0 | AQ36: =COUNTIF(G36:AK36,"CT") -> 0 | AR36: =SUM(AL36:AQ36) -> 31
A37: 25 | B37: 25 | C37: ='sản lượng'!C38 -> 04097 | D37: Chun | E37: =TONGHOPCONGDOI!C35 -> Chày | G37: x | H37: x | I37: x | J37: x | K37: x | L37: x | M37: cn | N37: x | O37: x | P37: x | Q37: x | R37: x | S37: x | T37: cn | U37: x | V37: x | W37: x | X37: x | Y37: x | Z37: x | AA37: cn | AB37: x | AC37: x | AD37: x | AE37: x | AF37: x | AG37: x | AH37: cn | AI37: x | AJ37: x | AK37: x | AL37: =COUNTIF(G37:AK37,"X") -> 27 | AM37: =COUNTIF(G37:AK37,"CN") -> 4 | AN37: =COUNTIF(G37:AK37,"Đ") -> 0 | AO37: =COUNTIF(G37:AK37,"ĐC") -> 0 | AP37: =COUNTIF(G37:AK37,"GT") -> 0 | AQ37: =COUNTIF(G37:AK37,"CT") -> 0 | AR37: =SUM(AL37:AQ37) -> 31
A38: 26 | B38: 26 | C38: ='sản lượng'!C39 -> 0 | D38: Nàng Nọi | E38: =TONGHOPCONGDOI!C36 -> Thảo Thủy | G38: x | H38: x | I38: x | J38: x | K38: x | L38: x | M38: cn | N38: x | O38: x | P38: x | Q38: x | R38: x | S38: x | T38: cn | U38: x | V38: x | W38: x | X38: x | Y38: x | Z38: x | AA38: cn | AB38: x | AC38: x | AD38: x | AE38: x | AF38: x | AG38: x | AH38: cn | AI38: x | AJ38: x | AK38: x | AL38: =COUNTIF(G38:AK38,"X") -> 27 | AM38: =COUNTIF(G38:AK38,"CN") -> 4 | AN38: =COUNTIF(G38:AK38,"Đ") -> 0 | AO38: =COUNTIF(G38:AK38,"ĐC") -> 0 | AP38: =COUNTIF(G38:AK38,"GT") -> 0 | AQ38: =COUNTIF(G38:AK38,"CT") -> 0 | AR38: =SUM(AL38:AQ38) -> 31
A39: 27 | B39: 27 | C39: ='sản lượng'!C40 -> 0 | D39: T Cô | E39: =TONGHOPCONGDOI!C37 -> Thảo Ngân | G39: x | H39: x | I39: x | J39: x | K39: x | L39: x | M39: cn | N39: x | O39: x | P39: x | Q39: x | R39: x | S39: x | T39: cn | U39: x | V39: x | W39: x | X39: x | Y39: x | Z39: x | AA39: cn | AB39: x | AC39: x | AD39: x | AE39: x | AF39: x | AG39: x | AH39: cn | AI39: x | AJ39: x | AK39: x | AL39: =COUNTIF(G39:AK39,"X") -> 27 | AM39: =COUNTIF(G39:AK39,"CN") -> 4 | AN39: =COUNTIF(G39:AK39,"Đ") -> 0 | AO39: =COUNTIF(G39:AK39,"ĐC") -> 0 | AP39: =COUNTIF(G39:AK39,"GT") -> 0 | AQ39: =COUNTIF(G39:AK39,"CT") -> 0 | AR39: =SUM(AL39:AQ39) -> 31
A40: 28 | B40: 28 | C40: ='sản lượng'!C41 -> 03541 | D40: Bun Nác | E40: =TONGHOPCONGDOI!C38 -> T Đeng | G40: x | H40: x | I40: x | J40: x | K40: x | L40: x | M40: cn | N40: x | O40: x | P40: x | Q40: x | R40: x | S40: x | T40: cn | U40: x | V40: x | W40: x | X40: x | Y40: x | Z40: x | AA40: cn | AB40: x | AC40: x | AD40: x | AE40: x | AF40: x | AG40: x | AH40: cn | AI40: x | AJ40: x | AK40: x | AL40: =COUNTIF(G40:AK40,"X") -> 27 | AM40: =COUNTIF(G40:AK40,"CN") -> 4 | AN40: =COUNTIF(G40:AK40,"Đ") -> 0 | AO40: =COUNTIF(G40:AK40,"ĐC") -> 0 | AP40: =COUNTIF(G40:AK40,"GT") -> 0 | AQ40: =COUNTIF(G40:AK40,"CT") -> 0 | AR40: =SUM(AL40:AQ40) -> 31
A41: 29 | B41: 29 | C41: ='sản lượng'!C42 -> 0 | D41: Thảo Nọi (1) | E41: =TONGHOPCONGDOI!C39 -> Thảo Xiều | G41: x | H41: x | I41: x | J41: x | K41: x | L41: x | M41: cn | N41: x | O41: x | P41: x | Q41: x | R41: x | S41: x | T41: cn | U41: x | V41: x | W41: x | X41: x | Y41: x | Z41: x | AA41: cn | AB41: x | AC41: x | AD41: x | AE41: x | AF41: x | AG41: x | AH41: cn | AI41: x | AJ41: x | AK41: x | AL41: =COUNTIF(G41:AK41,"X") -> 27 | AM41: =COUNTIF(G41:AK41,"CN") -> 4 | AN41: =COUNTIF(G41:AK41,"Đ") -> 0 | AO41: =COUNTIF(G41:AK41,"ĐC") -> 0 | AP41: =COUNTIF(G41:AK41,"GT") -> 0 | AQ41: =COUNTIF(G41:AK41,"CT") -> 0 | AR41: =SUM(AL41:AQ41) -> 31
A42: 30 | B42: 30 | C42: ='sản lượng'!C43 -> 03543 | D42: Thảo Công | E42: =TONGHOPCONGDOI!C40 -> Văn Na Nọi | G42: x | H42: x | I42: x | J42: x | K42: x | L42: x | M42: cn | N42: x | O42: x | P42: x | Q42: x | R42: x | S42: x | T42: cn | U42: x | V42: x | W42: x | X42: x | Y42: x | Z42: x | AA42: cn | AB42: x | AC42: x | AD42: x | AE42: x | AF42: x | AG42: x | AH42: cn | AI42: x | AJ42: x | AK42: x | AL42: =COUNTIF(G42:AK42,"X") -> 27 | AM42: =COUNTIF(G42:AK42,"CN") -> 4 | AN42: =COUNTIF(G42:AK42,"Đ") -> 0 | AO42: =COUNTIF(G42:AK42,"ĐC") -> 0 | AP42: =COUNTIF(G42:AK42,"GT") -> 0 | AQ42: =COUNTIF(G42:AK42,"CT") -> 0 | AR42: =SUM(AL42:AQ42) -> 31
A43: 31 | B43: 31 | C43: ='sản lượng'!C44 -> 03544 | D43: Phò Tham | E43: =TONGHOPCONGDOI!C41 -> T. Ta | G43: x | H43: x | I43: x | J43: x | K43: x | L43: x | M43: cn | N43: x | O43: x | P43: x | Q43: x | R43: x | S43: x | T43: cn | U43: x | V43: x | W43: x | X43: x | Y43: x | Z43: x | AA43: cn | AB43: x | AC43: x | AD43: x | AE43: x | AF43: x | AG43: x | AH43: cn | AI43: x | AJ43: x | AK43: x | AL43: =COUNTIF(G43:AK43,"X") -> 27 | AM43: =COUNTIF(G43:AK43,"CN") -> 4 | AN43: =COUNTIF(G43:AK43,"Đ") -> 0 | AO43: =COUNTIF(G43:AK43,"ĐC") -> 0 | AP43: =COUNTIF(G43:AK43,"GT") -> 0 | AQ43: =COUNTIF(G43:AK43,"CT") -> 0 | AR43: =SUM(AL43:AQ43) -> 31
A44: 32 | B44: 32 | C44: ='sản lượng'!C45 -> 04099 | D44: Xơi | E44: =TONGHOPCONGDOI!C42 -> Phon Xa May | G44: x | H44: x | I44: x | J44: x | K44: x | L44: x | M44: cn | N44: x | O44: x | P44: x | Q44: x | R44: x | S44: x | T44: cn | U44: x | V44: x | W44: x | X44: x | Y44: x | Z44: x | AA44: cn | AB44: x | AC44: x | AD44: x | AE44: x | AF44: x | AG44: x | AH44: cn | AI44: x | AJ44: x | AK44: x | AL44: =COUNTIF(G44:AK44,"X") -> 27 | AM44: =COUNTIF(G44:AK44,"CN") -> 4 | AN44: =COUNTIF(G44:AK44,"Đ") -> 0 | AO44: =COUNTIF(G44:AK44,"ĐC") -> 0 | AP44: =COUNTIF(G44:AK44,"GT") -> 0 | AQ44: =COUNTIF(G44:AK44,"CT") -> 0 | AR44: =SUM(AL44:AQ44) -> 31
