Workbook

Sheet Chấm công KT
B1: CỘNG HÒA DÂN CHỦ NHÂN DÂN LÀO
B2: Hòa Bình -Độc Lập - Dân Chủ - thống Nhất - Thịnh Vượng
B3: -----o0o-----
B5: CÔNG TY TNHH CP QUASA - GERUCO LÀO
B6: NÔNG TRƯỜNG 2
B7: BẢNG CHẤM CÔNG PHỤ CẤP CHO CÔNG NHÂN KHAI THÁC THÁNG 02 NĂM 2025
A8: STT | B8: STT | C8: HỌ VÀ TÊN | D8: BẢN | E8: Phụ cấp ngày cạo, ngày chủ nhật | AJ8: Ngày công đi cạo thường (x) | AK8: Ngày CN thường (cn) | AL8: Ngày công đi cạo 2 lát (đ) | AM8: Ngày công chủ nhật cạo 2 lát (đc) | AN8: Ngày công cạo gia tăng 2 miêng (gt) | AO8: Ngày chủ nhật cạo gia tăng 2 miệng (ct) | AP8: Tổng công | AQ8: Kí tên | AU8: Ngày công đi cạo thường (x) | AV8: Ngày CN thường (cn) | AW8: Ngày công đi cạo 2 lát (đ) | AX8: Ngày công chủ nhật cạo 2 lát (đc) | AY8: Ngày công cạo gia tăng 2 miêng (gt) | AZ8: Ngày chủ nhật cạo gia tăng 2 miệng (ct)
E9: 1 | F9: 2 | G9: 3 | H9: 4 | I9: 5 | J9: 6 | K9: 7 | L9: 8 | M9: 9 | N9: 10 | O9: 11 | P9: 12 | Q9: 13 | R9: 14 | S9: 15 | T9: 16 | U9: 17 | V9: 18 | W9: 19 | X9: 20 | Y9: 21 | Z9: 22 | AA9: 23 | AB9: 24 | AC9: 25 | AD9: 26 | AE9: 27 | AF9: 28 | AG9: 29 | AH9: 30 | AI9: 31
B10: Đội I | E10: =SUM(COUNTIF(E11:E90,"x"))+(COUNTIF(E11:E90,"cn"))+(COUNTIF(E11:E90,"gt"))+(COUNTIF(E11:E90,"ct")) -> 0 | F10: =SUM(COUNTIF(F11:F90,"x"))+(COUNTIF(F11:F90,"cn"))+(COUNTIF(F11:F90,"gt"))+(COUNTIF(F11:F90,"ct")) -> 0 | G10: =SUM(COUNTIF(G11:G90,"x"))+(COUNTIF(G11:G90,"cn"))+(COUNTIF(G11:G90,"gt"))+(COUNTIF(G11:G90,"ct")) -> 0 | H10: =SUM(COUNTIF(H11:H90,"x"))+(COUNTIF(H11:H90,"cn"))+(COUNTIF(H11:H90,"gt"))+(COUNTIF(H11:H90,"ct")) -> 0 | I10: =SUM(COUNTIF(I11:I90,"x"))+(COUNTIF(I11:I90,"cn"))+(COUNTIF(I11:I90,"gt"))+(COUNTIF(I11:I90,"ct")) -> 0 | J10: =SUM(COUNTIF(J11:J90,"x"))+(COUNTIF(J11:J90,"cn"))+(COUNTIF(J11:J90,"gt"))+(COUNTIF(J11:J90,"ct")) -> 0 | K10: =SUM(COUNTIF(K11:K90,"x"))+(COUNTIF(K11:K90,"cn"))+(COUNTIF(K11:K90,"gt"))+(COUNTIF(K11:K90,"ct")) -> 0 | L10: =SUM(COUNTIF(L11:L90,"x"))+(COUNTIF(L11:L90,"cn"))+(COUNTIF(L11:L90,"gt"))+(COUNTIF(L11:L90,"ct")) -> 0 | ... AH10: =SUM(COUNTIF(AH11:AH90,"x"))+(COUNTIF(AH11:AH90,"cn"))+(COUNTIF(AH11:AH90,"gt"))+(COUNTIF(AH11:AH90,"ct")) -> 0 | AI10: =SUM(COUNTIF(AI11:AI90,"x"))+(COUNTIF(AI11:AI90,"cn"))+(COUNTIF(AI11:AI90,"đ")) -> 0 | AJ10: =SUM(AJ11:AJ90) -> 0 | AK10: =SUM(AK11:AK90) -> 0 | AL10: =SUM(AL11:AL90) -> 0 | AM10: =SUM(AM11:AM90) -> 0 | AN10: =SUM(AN11:AN90) -> 0 | AO10: =SUM(AO11:AO90) -> 0 | AP10: =SUM(AP11:AP90) -> 0 | AS10: =VLOOKUP(C11,'[1]NT 2'!$C$2:$J$259,8,0) -> 03456 | AT10: =D11-AS10 -> 0
A11: 1 | B11: 1 | C11: T. Vôn | D11: =VLOOKUP(C11,'[1]NT 2'!$C$2:$J$259,8,0) -> 03456 | AJ11: =SUM(COUNTIF(E11:AI11,"x")) -> 0 | AK11: =SUM(COUNTIF(E11:AI11,"cn")) -> 0 | AL11: =SUM(COUNTIF(E11:AI11,"đ")) -> 0 | AM11: =SUM(COUNTIF(E11:AI11,"đc")) -> 0 | AN11: =SUM(COUNTIF(E11:AI11,"gt")) -> 0 | AO11: =SUM(COUNTIF(E11:AI11,"ct")) -> 0 | AP11: =AJ11+AK11+AL11+AM11+AN11+AO11 -> 0 | AS11: =VLOOKUP(C12,'[1]NT 2'!$C$2:$J$259,8,0) -> #N/A | AT11: =D12-AS11 -> #N/A
A12: 2 | B12: 2 | C12: T. Feng | AJ12: =SUM(COUNTIF(E12:AI12,"x")) -> 0 | AK12: =SUM(COUNTIF(E12:AI12,"cn")) -> 0 | AL12: =SUM(COUNTIF(E12:AI12,"đ")) -> 0 | AM12: =SUM(COUNTIF(E12:AI12,"đc")) -> 0 | AN12: =SUM(COUNTIF(E12:AI12,"gt")) -> 0 | AO12: =SUM(COUNTIF(E12:AI12,"ct")) -> 0 | AP12: =AJ12+AK12+AL12+AM12+AN12+AO12 -> 0 | AS12: =VLOOKUP(C13,'[1]NT 2'!$C$2:$J$259,8,0) -> 02725 | AT12: =D13-AS12 -> 0
A13: 3 | B13: 3 | C13: T. Sa Văn | D13: =VLOOKUP(C13,'[1]NT 2'!$C$2:$J$259,8,0) -> 02725 | AJ13: =SUM(COUNTIF(E13:AI13,"x")) -> 0 | AK13: =SUM(COUNTIF(E13:AI13,"cn")) -> 0 | AL13: =SUM(COUNTIF(E13:AI13,"đ")) -> 0 | AM13: =SUM(COUNTIF(E13:AI13,"đc")) -> 0 | AN13: =SUM(COUNTIF(E13:AI13,"gt")) -> 0 | AO13: =SUM(COUNTIF(E13:AI13,"ct")) -> 0 | AP13: =AJ13+AK13+AL13+AM13+AN13+AO13 -> 0 | AS13: =VLOOKUP(C14,'[1]NT 2'!$C$2:$J$259,8,0) -> 03458 | AT13: =D14-AS13 -> 0
A14: 4 | B14: 4 | C14: N. Pheng Mi | D14: =VLOOKUP(C14,'[1]NT 2'!$C$2:$J$259,8,0) -> 03458 | AJ14: =SUM(COUNTIF(E14:AI14,"x")) -> 0 | AK14: =SUM(COUNTIF(E14:AI14,"cn")) -> 0 | AL14: =SUM(COUNTIF(E14:AI14,"đ")) -> 0 | AM14: =SUM(COUNTIF(E14:AI14,"đc")) -> 0 | AN14: =SUM(COUNTIF(E14:AI14,"gt")) -> 0 | AO14: =SUM(COUNTIF(E14:AI14,"ct")) -> 0 | AP14: =AJ14+AK14+AL14+AM14+AN14+AO14 -> 0 | AS14: =VLOOKUP(C15,'[1]NT 2'!$C$2:$J$259,8,0) -> 03459 | AT14: =D15-AS14 -> 0
A15: 5 | B15: 5 | C15: N. Vạt | D15: =VLOOKUP(C15,'[1]NT 2'!$C$2:$J$259,8,0) -> 03459 | AJ15: =SUM(COUNTIF(E15:AI15,"x")) -> 0 | AK15: =SUM(COUNTIF(E15:AI15,"cn")) -> 0 | AL15: =SUM(COUNTIF(E15:AI15,"đ")) -> 0 | AM15: =SUM(COUNTIF(E15:AI15,"đc")) -> 0 | AN15: =SUM(COUNTIF(E15:AI15,"gt")) -> 0 | AO15: =SUM(COUNTIF(E15:AI15,"ct")) -> 0 | AP15: =AJ15+AK15+AL15+AM15+AN15+AO15 -> 0 | AS15: =VLOOKUP(C16,'[1]NT 2'!$C$2:$J$259,8,0) -> 03460 | AT15: =D16-AS15 -> 0
A16: 6 | B16: 6 | C16: T. Tích | D16: =VLOOKUP(C16,'[1]NT 2'!$C$2:$J$259,8,0) -> 03460 | AJ16: =SUM(COUNTIF(E16:AI16,"x")) -> 0 | AK16: =SUM(COUNTIF(E16:AI16,"cn")) -> 0 | AL16: =SUM(COUNTIF(E16:AI16,"đ")) -> 0 | AM16: =SUM(COUNTIF(E16:AI16,"đc")) -> 0 | AN16: =SUM(COUNTIF(E16:AI16,"gt")) -> 0 | AO16: =SUM(COUNTIF(E16:AI16,"ct")) -> 0 | AP16: =AJ16+AK16+AL16+AM16+AN16+AO16 -> 0 | AS16: =VLOOKUP(C17,'[1]NT 2'!$C$2:$J$259,8,0) -> 03461 | AT16: =D17-AS16 -> 0
A17: 7 | B17: 7 | C17: T. Bi Ly | D17: =VLOOKUP(C17,'[1]NT 2'!$C$2:$J$259,8,0) -> 03461 | AJ17: =SUM(COUNTIF(E17:AI17,"x")) -> 0 | AK17: =SUM(COUNTIF(E17:AI17,"cn")) -> 0 | AL17: =SUM(COUNTIF(E17:AI17,"đ")) -> 0 | AM17: =SUM(COUNTIF(E17:AI17,"đc")) -> 0 | AN17: =SUM(COUNTIF(E17:AI17,"gt")) -> 0 | AO17: =SUM(COUNTIF(E17:AI17,"ct")) -> 0 | AP17: =AJ17+AK17+AL17+AM17+AN17+AO17 -> 0 | AS17: =VLOOKUP(C18,'[1]NT 2'!$C$2:$J$259,8,0) -> 03462 | AT17: =D18-AS17 -> 0
A18: 8 | B18: 8 | C18: T . Bua Ngân | D18: =VLOOKUP(C18,'[1]NT 2'!$C$2:$J$259,8,0) -> 03462 | AJ18: =SUM(COUNTIF(E18:AI18,"x")) -> 0 | AK18: =SUM(COUNTIF(E18:AI18,"cn")) -> 0 | AL18: =SUM(COUNTIF(E18:AI18,"đ")) -> 0 | AM18: =SUM(COUNTIF(E18:AI18,"đc")) -> 0 | AN18: =SUM(COUNTIF(E18:AI18,"gt")) -> 0 | AO18: =SUM(COUNTIF(E18:AI18,"ct")) -> 0 | AP18: =AJ18+AK18+AL18+AM18+AN18+AO18 -> 0 | AS18: =VLOOKUP(C19,'[1]NT 2'!$C$2:$J$259,8,0) -> 03463 | AT18: =D19-AS18 -> 0
A19: 9 | B19: 9 | C19: T Căng | D19: =VLOOKUP(C19,'[1]NT 2'!$C$2:$J$259,8,0) -> 03463 | AJ19: =SUM(COUNTIF(E19:AI19,"x")) -> 0 | AK19: =SUM(COUNTIF(E19:AI19,"cn")) -> 0 | AL19: =SUM(COUNTIF(E19:AI19,"đ")) -> 0 | AM19: =SUM(COUNTIF(E19:AI19,"đc")) -> 0 | AN19: =SUM(COUNTIF(E19:AI19,"gt")) -> 0 | AO19: =SUM(COUNTIF(E19:AI19,"ct")) -> 0 | AP19: =AJ19+AK19+AL19+AM19+AN19+AO19 -> 0 | AS19: =VLOOKUP(C20,'[1]NT 2'!$C$2:$J$259,8,0) -> 03464 | AT19: =D20-AS19 -> 0
A20: 10 | B20: 10 | C20: N. Phôn 1 | D20: =VLOOKUP(C20,'[1]NT 2'!$C$2:$J$259,8,0) -> 03464 | AJ20: =SUM(COUNTIF(E20:AI20,"x")) -> 0 | AK20: =SUM(COUNTIF(E20:AI20,"cn")) -> 0 | AL20: =SUM(COUNTIF(E20:AI20,"đ")) -> 0 | AM20: =SUM(COUNTIF(E20:AI20,"đc")) -> 0 | AN20: =SUM(COUNTIF(E20:AI20,"gt")) -> 0 | AO20: =SUM(COUNTIF(E20:AI20,"ct")) -> 0 | AP20: =AJ20+AK20+AL20+AM20+AN20+AO20 -> 0 | AS20: =VLOOKUP(C21,'[1]NT 2'!$C$2:$J$259,8,0) -> 03465 | AT20: =D21-AS20 -> 0
A21: 11 | B21: 11 | C21: T. In Păn | D21: =VLOOKUP(C21,'[1]NT 2'!$C$2:$J$259,8,0) -> 03465 | AJ21: =SUM(COUNTIF(E21:AI21,"x")) -> 0 | AK21: =SUM(COUNTIF(E21:AI21,"cn")) -> 0 | AL21: =SUM(COUNTIF(E21:AI21,"đ")) -> 0 | AM21: =SUM(COUNTIF(E21:AI21,"đc")) -> 0 | AN21: =SUM(COUNTIF(E21:AI21,"gt")) -> 0 | AO21: =SUM(COUNTIF(E21:AI21,"ct")) -> 0 | AP21: =AJ21+AK21+AL21+AM21+AN21+AO21 -> 0 | AS21: =VLOOKUP(C22,'[1]NT 2'!$C$2:$J$259,8,0) -> 03466 | AT21: =D22-AS21 -> 0
A22: 12 | B22: 12 | C22: N. Keo | D22: =VLOOKUP(C22,'[1]NT 2'!$C$2:$J$259,8,0) -> 03466 | AJ22: =SUM(COUNTIF(E22:AI22,"x")) -> 0 | AK22: =SUM(COUNTIF(E22:AI22,"cn")) -> 0 | AL22: =SUM(COUNTIF(E22:AI22,"đ")) -> 0 | AM22: =SUM(COUNTIF(E22:AI22,"đc")) -> 0 | AN22: =SUM(COUNTIF(E22:AI22,"gt")) -> 0 | AO22: =SUM(COUNTIF(E22:AI22,"ct")) -> 0 | AP22: =AJ22+AK22+AL22+AM22+AN22+AO22 -> 0 | AS22: =VLOOKUP(C23,'[1]NT 2'!$C$2:$J$259,8,0) -> 02727 | AT22: =D23-AS22 -> 0
A23: 13 | B23: 13 | C23: T. Thong Đon | D23: =VLOOKUP(C23,'[1]NT 2'!$C$2:$J$259,8,0) -> 02727 | AJ23: =SUM(COUNTIF(E23:AI23,"x")) -> 0 | AK23: =SUM(COUNTIF(E23:AI23,"cn")) -> 0 | AL23: =SUM(COUNTIF(E23:AI23,"đ")) -> 0 | AM23: =SUM(COUNTIF(E23:AI23,"đc")) -> 0 | AN23: =SUM(COUNTIF(E23:AI23,"gt")) -> 0 | AO23: =SUM(COUNTIF(E23:AI23,"ct")) -> 0 | AP23: =AJ23+AK23+AL23+AM23+AN23+AO23 -> 0 | AS23: =VLOOKUP(C24,'[1]NT 2'!$C$2:$J$259,8,0) -> 03467 | AT23: =D24-AS23 -> 0
A24: 14 | B24: 14 | C24: T. Hin | D24: =VLOOKUP(C24,'[1]NT 2'!$C$2:$J$259,8,0) -> 03467 | AJ24: =SUM(COUNTIF(E24:AI24,"x")) -> 0 | AK24: =SUM(COUNTIF(E24:AI24,"cn")) -> 0 | AL24: =SUM(COUNTIF(E24:AI24,"đ")) -> 0 | AM24: =SUM(COUNTIF(E24:AI24,"đc")) -> 0 | AN24: =SUM(COUNTIF(E24:AI24,"gt")) -> 0 | AO24: =SUM(COUNTIF(E24:AI24,"ct")) -> 0 | AP24: =AJ24+AK24+AL24+AM24+AN24+AO24 -> 0 | AS24: =VLOOKUP(C25,'[1]NT 2'!$C$2:$J$259,8,0) -> 03468 | AT24: =D25-AS24 -> 0
... A50: 40 | B50: 40 | C50: T. Tinh | D50: =VLOOKUP(C50,'[1]NT 2'!$C$2:$J$259,8,0) -> 03489 | AJ50: =SUM(COUNTIF(E50:AI50,"x")) -> 0 | AK50: =SUM(COUNTIF(E50:AI50,"cn")) -> 0 | AL50: =SUM(COUNTIF(E50:AI50,"đ")) -> 0 | AM50: =SUM(COUNTIF(E50:AI50,"đc")) -> 0 | AN50: =SUM(COUNTIF(E50:AI50,"gt")) -> 0 | AO50: =SUM(COUNTIF(E50:AI50,"ct")) -> 0 | AP50: =AJ50+AK50+AL50+AM50+AN50+AO50 -> 0 | AS50: =VLOOKUP(C51,'[1]NT 2'!$C$2:$J$259,8,0) -> #N/A | AT50: =D51-AS50 -> #N/A
A51: 41 | B51: 41 | C51: T. Khăm Pỏi | AJ51: =SUM(COUNTIF(E51:AI51,"x")) -> 0 | AK51: =SUM(COUNTIF(E51:AI51,"cn")) -> 0 | AL51: =SUM(COUNTIF(E51:AI51,"đ")) -> 0 | AM51: =SUM(COUNTIF(E51:AI51,"đc")) -> 0 | AN51: =SUM(COUNTIF(E51:AI51,"gt")) -> 0 | AO51: =SUM(COUNTIF(E51:AI51,"ct")) -> 0 | AP51: =AJ51+AK51+AL51+AM51+AN51+AO51 -> 0 | AS51: =VLOOKUP(C52,'[1]NT 2'!$C$2:$J$259,8,0) -> 03491 | AT51: =D52-AS51 -> 0
A52: 42 | B52: 42 | C52: Lăm Ngân | D52: =VLOOKUP(C52,'[1]NT 2'!$C$2:$J$259,8,0) -> 03491 | AJ52: =SUM(COUNTIF(E52:AI52,"x")) -> 0 | AK52: =SUM(COUNTIF(E52:AI52,"cn")) -> 0 | AL52: =SUM(COUNTIF(E52:AI52,"đ")) -> 0 | AM52: =SUM(COUNTIF(E52:AI52,"đc")) -> 0 | AN52: =SUM(COUNTIF(E52:AI52,"gt")) -> 0 | AO52: =SUM(COUNTIF(E52:AI52,"ct")) -> 0 | AP52: =AJ52+AK52+AL52+AM52+AN52+AO52 -> 0 | AS52: =VLOOKUP(C53,'[1]NT 2'!$C$2:$J$259,8,0) -> 02715 | AT52: =D53-AS52 -> 0
A53: 43 | B53: 43 | C53: N. Ting | D53: =VLOOKUP(C53,'[1]NT 2'!$C$2:$J$259,8,0) -> 02715 | AJ53: =SUM(COUNTIF(E53:AI53,"x")) -> 0 | AK53: =SUM(COUNTIF(E53:AI53,"cn")) -> 0 | AL53: =SUM(COUNTIF(E53:AI53,"đ")) -> 0 | AM53: =SUM(COUNTIF(E53:AI53,"đc")) -> 0 | AN53: =SUM(COUNTIF(E53:AI53,"gt")) -> 0 | AO53: =SUM(COUNTIF(E53:AI53,"ct")) -> 0 | AP53: =AJ53+AK53+AL53+AM53+AN53+AO53 -> 0 | AS53: =VLOOKUP(C54,'[1]NT 2'!$C$2:$J$259,8,0) -> 03492 | AT53: =D54-AS53 -> 0
A54: 44 | B54: 44 | C54: T. Lem | D54: =VLOOKUP(C54,'[1]NT 2'!$C$2:$J$259,8,0) -> 03492 | AJ54: =SUM(COUNTIF(E54:AI54,"x")) -> 0 | AK54: =SUM(COUNTIF(E54:AI54,"cn")) -> 0 | AL54: =SUM(COUNTIF(E54:AI54,"đ")) -> 0 | AM54: =SUM(COUNTIF(E54:AI54,"đc")) -> 0 | AN54: =SUM(COUNTIF(E54:AI54,"gt")) -> 0 | AO54: =SUM(COUNTIF(E54:AI54,"ct")) -> 0 | AP54: =AJ54+AK54+AL54+AM54+AN54+AO54 -> 0 | AS54: =VLOOKUP(C55,'[1]NT 2'!$C$2:$J$259,8,0) -> 03493 | AT54: =D55-AS54 -> 0
A55: 45 | B55: 45 | C55: T. Pông | D55: =VLOOKUP(C55,'[1]NT 2'!$C$2:$J$259,8,0) -> 03493 | AJ55: =SUM(COUNTIF(E55:AI55,"x")) -> 0 | AK55: =SUM(COUNTIF(E55:AI55,"cn")) -> 0 | AL55: =SUM(COUNTIF(E55:AI55,"đ")) -> 0 | AM55: =SUM(COUNTIF(E55:AI55,"đc")) -> 0 | AN55: =SUM(COUNTIF(E55:AI55,"gt")) -> 0 | AO55: =SUM(COUNTIF(E55:AI55,"ct")) -> 0 | AP55: =AJ55+AK55+AL55+AM55+AN55+AO55 -> 0 | AS55: =VLOOKUP(C56,'[1]NT 2'!$C$2:$J$259,8,0) -> 02721 | AT55: =D56-AS55 -> 0
A56: 46 | B56: 46 | C56: T. Chít | D56: =VLOOKUP(C56,'[1]NT 2'!$C$2:$J$259,8,0) -> 02721 | AJ56: =SUM(COUNTIF(E56:AI56,"x")) -> 0 | AK56: =SUM(COUNTIF(E56:AI56,"cn")) -> 0 | AL56: =SUM(COUNTIF(E56:AI56,"đ")) -> 0 | AM56: =SUM(COUNTIF(E56:AI56,"đc")) -> 0 | AN56: =SUM(COUNTIF(E56:AI56,"gt")) -> 0 | AO56: =SUM(COUNTIF(E56:AI56,"ct")) -> 0 | AP56: =AJ56+AK56+AL56+AM56+AN56+AO56 -> 0 | AS56: =VLOOKUP(C57,'[1]NT 2'!$C$2:$J$259,8,0) -> 02720 | AT56: =D57-AS56 -> 0
A57: 47 | B57: 47 | C57: N. La | D57: =VLOOKUP(C57,'[1]NT 2'!$C$2:$J$259,8,0) -> 02720 | AJ57: =SUM(COUNTIF(E57:AI57,"x")) -> 0 | AK57: =SUM(COUNTIF(E57:AI57,"cn")) -> 0 | AL57: =SUM(COUNTIF(E57:AI57,"đ")) -> 0 | AM57: =SUM(COUNTIF(E57:AI57,"đc")) -> 0 | AN57: =SUM(COUNTIF(E57:AI57,"gt")) -> 0 | AO57: =SUM(COUNTIF(E57:AI57,"ct")) -> 0 | AP57: =AJ57+AK57+AL57+AM57+AN57+AO57 -> 0 | AS57: =VLOOKUP(C58,'[1]NT 2'!$C$2:$J$259,8,0) -> 03494 | AT57: =D58-AS57 -> 0
A58: 48 | B58: 48 | C58: T. Đi | D58: =VLOOKUP(C58,'[1]NT 2'!$C$2:$J$259,8,0) -> 03494 | AJ58: =SUM(COUNTIF(E58:AI58,"x")) -> 0 | AK58: =SUM(COUNTIF(E58:AI58,"cn")) -> 0 | AL58: =SUM(COUNTIF(E58:AI58,"đ")) -> 0 | AM58: =SUM(COUNTIF(E58:AI58,"đc")) -> 0 | AN58: =SUM(COUNTIF(E58:AI58,"gt")) -> 0 | AO58: =SUM(COUNTIF(E58:AI58,"ct")) -> 0 | AP58: =AJ58+AK58+AL58+AM58+AN58+AO58 -> 0 | AS58: =VLOOKUP(C59,'[1]NT 2'!$C$2:$J$259,8,0) -> 03495 | AT58: =D59-AS58 -> 0
A59: 49 | B59: 49 | C59: N. On Xi | D59: =VLOOKUP(C59,'[1]NT 2'!$C$2:$J$259,8,0) -> 03495 | AJ59: =SUM(COUNTIF(E59:AI59,"x")) -> 0 | AK59: =SUM(COUNTIF(E59:AI59,"cn")) -> 0 | AL59: =SUM(COUNTIF(E59:AI59,"đ")) -> 0 | AM59: =SUM(COUNTIF(E59:AI59,"đc")) -> 0 | AN59: =SUM(COUNTIF(E59:AI59,"gt")) -> 0 | AO59: =SUM(COUNTIF(E59:AI59,"ct")) -> 0 | AP59: =AJ59+AK59+AL59+AM59+AN59+AO59 -> 0 | AS59: =VLOOKUP(C60,'[1]NT 2'!$C$2:$J$259,8,0) -> 03496 | AT59: =D60-AS59 -> 0
A60: 50 | B60: 50 | C60: T. Lốp | D60: =VLOOKUP(C60,'[1]NT 2'!$C$2:$J$259,8,0) -> 03496 | AJ60: =SUM(COUNTIF(E60:AI60,"x")) -> 0 | AK60: =SUM(COUNTIF(E60:AI60,"cn")) -> 0 | AL60: =SUM(COUNTIF(E60:AI60,"đ")) -> 0 | AM60: =SUM(COUNTIF(E60:AI60,"đc")) -> 0 | AN60: =SUM(COUNTIF(E60:AI60,"gt")) -> 0 | AO60: =SUM(COUNTIF(E60:AI60,"ct")) -> 0 | AP60: =AJ60+AK60+AL60+AM60+AN60+AO60 -> 0 | AS60: =VLOOKUP(C61,'[1]NT 2'!$C$2:$J$259,8,0) -> 03497 | AT60: =D61-AS60 -> 0
A61: 51 | B61: 51 | C61: T. Son Xay | D61: =VLOOKUP(C61,'[1]NT 2'!$C$2:$J$259,8,0) -> 03497 | AJ61: =SUM(COUNTIF(E61:AI61,"x")) -> 0 | AK61: =SUM(COUNTIF(E61:AI61,"cn")) -> 0 | AL61: =SUM(COUNTIF(E61:AI61,"đ")) -> 0 | AM61: =SUM(COUNTIF(E61:AI61,"đc")) -> 0 | AN61: =SUM(COUNTIF(E61:AI61,"gt")) -> 0 | AO61: =SUM(COUNTIF(E61:AI61,"ct")) -> 0 | AP61: =AJ61+AK61+AL61+AM61+AN61+AO61 -> 0 | AS61: =VLOOKUP(C62,'[1]NT 2'!$C$2:$J$259,8,0) -> 03498 | AT61: =D62-AS61 -> 0
A62: 52 | B62: 52 | C62: N. Lăm Phay | D62: =VLOOKUP(C62,'[1]NT 2'!$C$2:$J$259,8,0) -> 03498 | AJ62: =SUM(COUNTIF(E62:AI62,"x")) -> 0 | AK62: =SUM(COUNTIF(E62:AI62,"cn")) -> 0 | AL62: =SUM(COUNTIF(E62:AI62,"đ")) -> 0 | AM62: =SUM(COUNTIF(E62:AI62,"đc")) -> 0 | AN62: =SUM(COUNTIF(E62:AI62,"gt")) -> 0 | AO62: =SUM(COUNTIF(E62:AI62,"ct")) -> 0 | AP62: =AJ62+AK62+AL62+AM62+AN62+AO62 -> 0 | AS62: =VLOOKUP(C63,'[1]NT 2'!$C$2:$J$259,8,0) -> 02706 | AT62: =D63-AS62 -> 0
A63: 53 | B63: 53 | C63: T. Nhung | D63: =VLOOKUP(C63,'[1]NT 2'!$C$2:$J$259,8,0) -> 02706 | AJ63: =SUM(COUNTIF(E63:AI63,"x")) -> 0 | AK63: =SUM(COUNTIF(E63:AI63,"cn")) -> 0 | AL63: =SUM(COUNTIF(E63:AI63,"đ")) -> 0 | AM63: =SUM(COUNTIF(E63:AI63,"đc")) -> 0 | AN63: =SUM(COUNTIF(E63:AI63,"gt")) -> 0 | AO63: =SUM(COUNTIF(E63:AI63,"ct")) -> 0 | AP63: =AJ63+AK63+AL63+AM63+AN63+AO63 -> 0 | AS63: =VLOOKUP(C64,'[1]NT 2'!$C$2:$J$259,8,0) -> 03499 | AT63: =D64-AS63 -> 0
A64: 54 | B64: 54 | C64: N. In Ton | D64: =VLOOKUP(C64,'[1]NT 2'!$C$2:$J$259,8,0) -> 03499 | AJ64: =SUM(COUNTIF(E64:AI64,"x")) -> 0 | AK64: =SUM(COUNTIF(E64:AI64,"cn")) -> 0 | AL64: =SUM(COUNTIF(E64:AI64,"đ")) -> 0 | AM64: =SUM(COUNTIF(E64:AI64,"đc")) -> 0 | AN64: =SUM(COUNTIF(E64:AI64,"gt")) -> 0 | AO64: =SUM(COUNTIF(E64:AI64,"ct")) -> 0 | AP64: =AJ64+AK64+AL64+AM64+AN64+AO64 -> 0 | AS64: =VLOOKUP(C65,'[1]NT 2'!$C$2:$J$259,8,0) -> #N/A | AT64: =D65-AS64 -> #N/A
A65: 55 | B65: 55 | C65: N. Khay Chăn | AJ65: =SUM(COUNTIF(E65:AI65,"x")) -> 0 | AK65: =SUM(COUNTIF(E65:AI65,"cn")) -> 0 | AL65: =SUM(COUNTIF(E65:AI65,"đ")) -> 0 | AM65: =SUM(COUNTIF(E65:AI65,"đc")) -> 0 | AN65: =SUM(COUNTIF(E65:AI65,"gt")) -> 0 | AO65: =SUM(COUNTIF(E65:AI65,"ct")) -> 0 | AP65: =AJ65+AK65+AL65+AM65+AN65+AO65 -> 0 | AS65: =VLOOKUP(C66,'[1]NT 2'!$C$2:$J$259,8,0) -> 03501 | AT65: =D66-AS65 -> 0
A66: 56 | B66: 56 | C66: T Dăn | D66: =VLOOKUP(C66,'[1]NT 2'!$C$2:$J$259,8,0) -> 03501 | AJ66: =SUM(COUNTIF(E66:AI66,"x")) -> 0 | AK66: =SUM(COUNTIF(E66:AI66,"cn")) -> 0 | AL66: =SUM(COUNTIF(E66:AI66,"đ")) -> 0 | AM66: =SUM(COUNTIF(E66:AI66,"đc")) -> 0 | AN66: =SUM(COUNTIF(E66:AI66,"gt")) -> 0 | AO66: =SUM(COUNTIF(E66:AI66,"ct")) -> 0 | AP66: =AJ66+AK66+AL66+AM66+AN66+AO66 -> 0 | AS66: =VLOOKUP(C67,'[1]NT 2'!$C$2:$J$259,8,0) -> 03502 | AT66: =D67-AS66 -> 0
A67: 57 | B67: 57 | C67: T. Xợt | D67: =VLOOKUP(C67,'[1]NT 2'!$C$2:$J$259,8,0) -> 03502 | AJ67: =SUM(COUNTIF(E67:AI67,"x")) -> 0 | AK67: =SUM(COUNTIF(E67:AI67,"cn")) -> 0 | AL67: =SUM(COUNTIF(E67:AI67,"đ")) -> 0 | AM67: =SUM(COUNTIF(E67:AI67,"đc")) -> 0 | AN67: =SUM(COUNTIF(E67:AI67,"gt")) -> 0 | AO67: =SUM(COUNTIF(E67:AI67,"ct")) -> 0 | AP67: =AJ67+AK67+AL67+AM67+AN67+AO67 -> 0 | AS67: =VLOOKUP(C68,'[1]NT 2'!$C$2:$J$259,8,0) -> #N/A | AT67: =D68-AS67 -> #N/A
A68: 58 | B68: 58 | C68: N. Phết 2 | D68: =VLOOKUP(C68,'[1]NT 2'!$C$2:$J$259,8,0) -> #N/A | AJ68: =SUM(COUNTIF(E68:AI68,"x")) -> 0 | AK68: =SUM(COUNTIF(E68:AI68,"cn")) -> 0 | AL68: =SUM(COUNTIF(E68:AI68,"đ")) -> 0 | AM68: =SUM(COUNTIF(E68:AI68,"đc")) -> 0 | AN68: =SUM(COUNTIF(E68:AI68,"gt")) -> 0 | AO68: =SUM(COUNTIF(E68:AI68,"ct")) -> 0 | AP68: =AJ68+AK68+AL68+AM68+AN68+AO68 -> 0 | AS68: =VLOOKUP(C69,'[1]NT 2'!$C$2:$J$259,8,0) -> 03504 | AT68: =D69-AS68 -> 0
A69: 59 | B69: 59 | C69: T. Cạp | D69: =VLOOKUP(C69,'[1]NT 2'!$C$2:$J$259,8,0) -> 03504 | AJ69: =SUM(COUNTIF(E69:AI69,"x")) -> 0 | AK69: =SUM(COUNTIF(E69:AI69,"cn")) -> 0 | AL69: =SUM(COUNTIF(E69:AI69,"đ")) -> 0 | AM69: =SUM(COUNTIF(E69:AI69,"đc")) -> 0 | AN69: =SUM(COUNTIF(E69:AI69,"gt")) -> 0 | AO69: =SUM(COUNTIF(E69:AI69,"ct")) -> 0 | AP69: =AJ69+AK69+AL69+AM69+AN69+AO69 -> 0 | AS69: =VLOOKUP(C70,'[1]NT 2'!$C$2:$J$259,8,0) -> 03505 | AT69: =D70-AS69 -> 0
A70: 60 | B70: 60 | C70: N. Phết | D70: =VLOOKUP(C70,'[1]NT 2'!$C$2:$J$259,8,0) -> 03505 | AJ70: =SUM(COUNTIF(E70:AI70,"x")) -> 0 | AK70: =SUM(COUNTIF(E70:AI70,"cn")) -> 0 | AL70: =SUM(COUNTIF(E70:AI70,"đ")) -> 0 | AM70: =SUM(COUNTIF(E70:AI70,"đc")) -> 0 | AN70: =SUM(COUNTIF(E70:AI70,"gt")) -> 0 | AO70: =SUM(COUNTIF(E70:AI70,"ct")) -> 0 | AP70: =AJ70+AK70+AL70+AM70+AN70+AO70 -> 0 | AS70: =VLOOKUP(C71,'[1]NT 2'!$C$2:$J$259,8,0) -> 03506 | AT70: =D71-AS70 -> 0
A71: 61 | B71: 61 | C71: N. Bua Hom | D71: =VLOOKUP(C71,'[1]NT 2'!$C$2:$J$259,8,0) -> 03506 | AJ71: =SUM(COUNTIF(E71:AI71,"x")) -> 0 | AK71: =SUM(COUNTIF(E71:AI71,"cn")) -> 0 | AL71: =SUM(COUNTIF(E71:AI71,"đ")) -> 0 | AM71: =SUM(COUNTIF(E71:AI71,"đc")) -> 0 | AN71: =SUM(COUNTIF(E71:AI71,"gt")) -> 0 | AO71: =SUM(COUNTIF(E71:AI71,"ct")) -> 0 | AP71: =AJ71+AK71+AL71+AM71+AN71+AO71 -> 0 | AS71: =VLOOKUP(C72,'[1]NT 2'!$C$2:$J$259,8,0) -> 03507 | AT71: =D72-AS71 -> 0
A72: 62 | B72: 62 | C72: N. Không | D72: =VLOOKUP(C72,'[1]NT 2'!$C$2:$J$259,8,0) -> 03507 | AJ72: =SUM(COUNTIF(E72:AI72,"x")) -> 0 | AK72: =SUM(COUNTIF(E72:AI72,"cn")) -> 0 | AL72: =SUM(COUNTIF(E72:AI72,"đ")) -> 0 | AM72: =SUM(COUNTIF(E72:AI72,"đc")) -> 0 | AN72: =SUM(COUNTIF(E72:AI72,"gt")) -> 0 | AO72: =SUM(COUNTIF(E72:AI72,"ct")) -> 0 | AP72: =AJ72+AK72+AL72+AM72+AN72+AO72 -> 0 | AS72: =VLOOKUP(C73,'[1]NT 2'!$C$2:$J$259,8,0) -> 03508 | AT72: =D73-AS72 -> 0
A73: 63 | B73: 63 | C73: T. Đèng | D73: =VLOOKUP(C73,'[1]NT 2'!$C$2:$J$259,8,0) -> 03508 | AJ73: =SUM(COUNTIF(E73:AI73,"x")) -> 0 | AK73: =SUM(COUNTIF(E73:AI73,"cn")) -> 0 | AL73: =SUM(COUNTIF(E73:AI73,"đ")) -> 0 | AM73: =SUM(COUNTIF(E73:AI73,"đc")) -> 0 | AN73: =SUM(COUNTIF(E73:AI73,"gt")) -> 0 | AO73: =SUM(COUNTIF(E73:AI73,"ct")) -> 0 | AP73: =AJ73+AK73+AL73+AM73+AN73+AO73 -> 0 | AS73: =VLOOKUP(C74,'[1]NT 2'!$C$2:$J$259,8,0) -> 03509 | AT73: =D74-AS73 -> 0
A74: 64 | B74: 64 | C74: T. May | D74: =VLOOKUP(C74,'[1]NT 2'!$C$2:$J$259,8,0) -> 03509 | AJ74: =SUM(COUNTIF(E74:AI74,"x")) -> 0 | AK74: =SUM(COUNTIF(E74:AI74,"cn")) -> 0 | AL74: =SUM(COUNTIF(E74:AI74,"đ")) -> 0 | AM74: =SUM(COUNTIF(E74:AI74,"đc")) -> 0 | AN74: =SUM(COUNTIF(E74:AI74,"gt")) -> 0 | AO74: =SUM(COUNTIF(E74:AI74,"ct")) -> 0 | AP74: =AJ74+AK74+AL74+AM74+AN74+AO74 -> 0 | AS74: =VLOOKUP(C75,'[1]NT 2'!$C$2:$J$259,8,0) -> #N/A | AT74: =D75-AS74 -> #N/A
A75: 65 | B75: 65 | C75: T. La | AJ75: =SUM(COUNTIF(E75:AI75,"x")) -> 0 | AK75: =SUM(COUNTIF(E75:AI75,"cn")) -> 0 | AL75: =SUM(COUNTIF(E75:AI75,"đ")) -> 0 | AM75: =SUM(COUNTIF(E75:AI75,"đc")) -> 0 | AN75: =SUM(COUNTIF(E75:AI75,"gt")) -> 0 | AO75: =SUM(COUNTIF(E75:AI75,"ct")) -> 0 | AP75: =AJ75+AK75+AL75+AM75+AN75+AO75 -> 0 | AS75: =VLOOKUP(C76,'[1]NT 2'!$C$2:$J$259,8,0) -> #N/A | AT75: =D76-AS75 -> #N/A
A76: 66 | B76: 66 | C76: T. Bờm | AJ76: =SUM(COUNTIF(E76:AI76,"x")) -> 0 | AK76: =SUM(COUNTIF(E76:AI76,"cn")) -> 0 | AL76: =SUM(COUNTIF(E76:AI76,"đ")) -> 0 | AM76: =SUM(COUNTIF(E76:AI76,"đc")) -> 0 | AN76: =SUM(COUNTIF(E76:AI76,"gt")) -> 0 | AO76: =SUM(COUNTIF(E76:AI76,"ct")) -> 0 | AP76: =AJ76+AK76+AL76+AM76+AN76+AO76 -> 0 | AS76: =VLOOKUP(C77,'[1]NT 2'!$C$2:$J$259,8,0) -> 03512 | AT76: =D77-AS76 -> 0
A77: 67 | B77: 67 | C77: N. Đon | D77: =VLOOKUP(C77,'[1]NT 2'!$C$2:$J$259,8,0) -> 03512 | AJ77: =SUM(COUNTIF(E77:AI77,"x")) -> 0 | AK77: =SUM(COUNTIF(E77:AI77,"cn")) -> 0 | AL77: =SUM(COUNTIF(E77:AI77,"đ")) -> 0 | AM77: =SUM(COUNTIF(E77:AI77,"đc")) -> 0 | AN77: =SUM(COUNTIF(E77:AI77,"gt")) -> 0 | AO77: =SUM(COUNTIF(E77:AI77,"ct")) -> 0 | AP77: =AJ77+AK77+AL77+AM77+AN77+AO77 -> 0 | AS77: =VLOOKUP(C78,'[1]NT 2'!$C$2:$J$259,8,0) -> 03513 | AT77: =D78-AS77 -> 0
A78: 68 | B78: 68 | C78: T. Keo Ma Ni Son | D78: =VLOOKUP(C78,'[1]NT 2'!$C$2:$J$259,8,0) -> 03513 | AJ78: =SUM(COUNTIF(E78:AI78,"x")) -> 0 | AK78: =SUM(COUNTIF(E78:AI78,"cn")) -> 0 | AL78: =SUM(COUNTIF(E78:AI78,"đ")) -> 0 | AM78: =SUM(COUNTIF(E78:AI78,"đc")) -> 0 | AN78: =SUM(COUNTIF(E78:AI78,"gt")) -> 0 | AO78: =SUM(COUNTIF(E78:AI78,"ct")) -> 0 | AP78: =AJ78+AK78+AL78+AM78+AN78+AO78 -> 0 | AS78: =VLOOKUP(C79,'[1]NT 2'!$C$2:$J$259,8,0) -> #N/A | AT78: =D79-AS78 -> #N/A
A79: 69 | B79: 69 | C79: T Bun | AJ79: =SUM(COUNTIF(E79:AI79,"x")) -> 0 | AK79: =SUM(COUNTIF(E79:AI79,"cn")) -> 0 | AL79: =SUM(COUNTIF(E79:AI79,"đ")) -> 0 | AM79: =SUM(COUNTIF(E79:AI79,"đc")) -> 0 | AN79: =SUM(COUNTIF(E79:AI79,"gt")) -> 0 | AO79: =SUM(COUNTIF(E79:AI79,"ct")) -> 0 | AP79: =AJ79+AK79+AL79+AM79+AN79+AO79 -> 0 | AS79: =VLOOKUP(C80,'[1]NT 2'!$C$2:$J$259,8,0) -> 03515 | AT79: =D80-AS79 -> 0
A80: 70 | B80: 70 | C80: N. Xi | D80: =VLOOKUP(C80,'[1]NT 2'!$C$2:$J$259,8,0) -> 03515 | AJ80: =SUM(COUNTIF(E80:AI80,"x")) -> 0 | AK80: =SUM(COUNTIF(E80:AI80,"cn")) -> 0 | AL80: =SUM(COUNTIF(E80:AI80,"đ")) -> 0 | AM80: =SUM(COUNTIF(E80:AI80,"đc")) -> 0 | AN80: =SUM(COUNTIF(E80:AI80,"gt")) -> 0 | AO80: =SUM(COUNTIF(E80:AI80,"ct")) -> 0 | AP80: =AJ80+AK80+AL80+AM80+AN80+AO80 -> 0 | AS80: =VLOOKUP(C81,'[1]NT 2'!$C$2:$J$259,8,0) -> 03516 | AT80: =D81-AS80 -> 0
A81: 71 | B81: 71 | C81: N. Chay | D81: =VLOOKUP(C81,'[1]NT 2'!$C$2:$J$259,8,0) -> 03516 | AJ81: =SUM(COUNTIF(E81:AI81,"x")) -> 0 | AK81: =SUM(COUNTIF(E81:AI81,"cn")) -> 0 | AL81: =SUM(COUNTIF(E81:AI81,"đ")) -> 0 | AM81: =SUM(COUNTIF(E81:AI81,"đc")) -> 0 | AN81: =SUM(COUNTIF(E81:AI81,"gt")) -> 0 | AO81: =SUM(COUNTIF(E81:AI81,"ct")) -> 0 | AP81: =AJ81+AK81+AL81+AM81+AN81+AO81 -> 0 | AS81: =VLOOKUP(C82,'[1]NT 2'!$C$2:$J$259,8,0) -> 02732 | AT81: =D82-AS81 -> 0
A82: 72 | B82: 72 | C82: N. Khăm | D82: =VLOOKUP(C82,'[1]NT 2'!$C$2:$J$259,8,0) -> 02732 | AJ82: =SUM(COUNTIF(E82:AI82,"x")) -> 0 | AK82: =SUM(COUNTIF(E82:AI82,"cn")) -> 0 | AL82: =SUM(COUNTIF(E82:AI82,"đ")) -> 0 | AM82: =SUM(COUNTIF(E82:AI82,"đc")) -> 0 | AN82: =SUM(COUNTIF(E82:AI82,"gt")) -> 0 | AO82: =SUM(COUNTIF(E82:AI82,"ct")) -> 0 | AP82: =AJ82+AK82+AL82+AM82+AN82+AO82 -> 0 | AS82: =VLOOKUP(C83,'[1]NT 2'!$C$2:$J$259,8,0) -> 02733 | AT82: =D83-AS82 -> 0
A83: 73 | B83: 73 | C83: N. Phôn | D83: =VLOOKUP(C83,'[1]NT 2'!$C$2:$J$259,8,0) -> 02733 | AJ83: =SUM(COUNTIF(E83:AI83,"x")) -> 0 | AK83: =SUM(COUNTIF(E83:AI83,"cn")) -> 0 | AL83: =SUM(COUNTIF(E83:AI83,"đ")) -> 0 | AM83: =SUM(COUNTIF(E83:AI83,"đc")) -> 0 | AN83: =SUM(COUNTIF(E83:AI83,"gt")) -> 0 | AO83: =SUM(COUNTIF(E83:AI83,"ct")) -> 0 | AP83: =AJ83+AK83+AL83+AM83+AN83+AO83 -> 0 | AS83: =VLOOKUP(C84,'[1]NT 2'!$C$2:$J$259,8,0) -> #N/A | AT83: =D84-AS83 -> #N/A
A84: 74 | B84: 74 | C84: T. Xem | AJ84: =SUM(COUNTIF(E84:AI84,"x")) -> 0 | AK84: =SUM(COUNTIF(E84:AI84,"cn")) -> 0 | AL84: =SUM(COUNTIF(E84:AI84,"đ")) -> 0 | AM84: =SUM(COUNTIF(E84:AI84,"đc")) -> 0 | AN84: =SUM(COUNTIF(E84:AI84,"gt")) -> 0 | AO84: =SUM(COUNTIF(E84:AI84,"ct")) -> 0 | AP84: =AJ84+AK84+AL84+AM84+AN84+AO84 -> 0 | AT84: =D85-AS84 -> 0
A85: 75 | B85: 75 | C85: T.Trí | AJ85: =SUM(COUNTIF(E85:AI85,"x")) -> 0 | AK85: =SUM(COUNTIF(E85:AI85,"cn")) -> 0 | AL85: =SUM(COUNTIF(E85:AI85,"đ")) -> 0 | AM85: =SUM(COUNTIF(E85:AI85,"đc")) -> 0 | AN85: =SUM(COUNTIF(E85:AI85,"gt")) -> 0 | AO85: =SUM(COUNTIF(E85:AI85,"ct")) -> 0 | AP85: =AJ85+AK85+AL85+AM85+AN85+AO85 -> 0 | AT85: =D86-AS85 -> 0
A86: 76 | B86: 76 | C86: T. Ngân | AJ86: =SUM(COUNTIF(E86:AI86,"x")) -> 0 | AK86: =SUM(COUNTIF(E86:AI86,"cn")) -> 0 | AL86: =SUM(COUNTIF(E86:AI86,"đ")) -> 0 | AM86: =SUM(COUNTIF(E86:AI86,"đc")) -> 0 | AN86: =SUM(COUNTIF(E86:AI86,"gt")) -> 0 | AO86: =SUM(COUNTIF(E86:AI86,"ct")) -> 0 | AP86: =AJ86+AK86+AL86+AM86+AN86+AO86 -> 0 | AT86: =#REF!-AS86 -> #REF!
A87: 77 | B87: 77 | C87: T.Pu | AJ87: =SUM(COUNTIF(E87:AI87,"x")) -> 0 | AK87: =SUM(COUNTIF(E87:AI87,"cn")) -> 0 | AL87: =SUM(COUNTIF(E87:AI87,"đ")) -> 0 | AM87: =SUM(COUNTIF(E87:AI87,"đc")) -> 0 | AN87: =SUM(COUNTIF(E87:AI87,"gt")) -> 0 | AO87: =SUM(COUNTIF(E87:AI87,"ct")) -> 0 | AP87: =AJ87+AK87+AL87+AM87+AN87+AO87 -> 0
A88: 78 | B88: 78 | C88: T.Ta | AJ88: =SUM(COUNTIF(E88:AI88,"x")) -> 0 | AK88: =SUM(COUNTIF(E88:AI88,"cn")) -> 0 | AL88: =SUM(COUNTIF(E88:AI88,"đ")) -> 0 | AM88: =SUM(COUNTIF(E88:AI88,"đc")) -> 0 | AN88: =SUM(COUNTIF(E88:AI88,"gt")) -> 0 | AO88: =SUM(COUNTIF(E88:AI88,"ct")) -> 0 | AP88: =AJ88+AK88+AL88+AM88+AN88+AO88 -> 0 | AT88: =D89-AS88 -> 0
A89: 79 | B89: 79 | C89: N.Nang | AJ89: =SUM(COUNTIF(E89:AI89,"x")) -> 0 | AK89: =SUM(COUNTIF(E89:AI89,"cn")) -> 0 | AL89: =SUM(COUNTIF(E89:AI89,"đ")) -> 0 | AM89: =SUM(COUNTIF(E89:AI89,"đc")) -> 0 | AN89: =SUM(COUNTIF(E89:AI89,"gt")) -> 0 | AO89: =SUM(COUNTIF(E89:AI89,"ct")) -> 0 | AP89: =AJ89+AK89+AL89+AM89+AN89+AO89 -> 0 | AT89: =#REF!-AS89 -> #REF!
A90: 80 | B90: 80 | C90: T. Tan | AJ90: =SUM(COUNTIF(E90:AI90,"x")) -> 0 | AK90: =SUM(COUNTIF(E90:AI90,"cn")) -> 0 | AL90: =SUM(COUNTIF(E90:AI90,"đ")) -> 0 | AM90: =SUM(COUNTIF(E90:AI90,"đc")) -> 0 | AN90: =SUM(COUNTIF(E90:AI90,"gt")) -> 0 | AO90: =SUM(COUNTIF(E90:AI90,"ct")) -> 0 | AP90: =AJ90+AK90+AL90+AM90+AN90+AO90 -> 0
B91: Đội II | E91: =SUM(COUNTIF(E92:E175,"x"))+(COUNTIF(E92:E175,"cn"))+(COUNTIF(E92:E175,"gt"))+(COUNTIF(E92:E175,"ct")) -> 0 | F91: =SUM(COUNTIF(F92:F175,"x"))+(COUNTIF(F92:F175,"cn"))+(COUNTIF(F92:F175,"gt"))+(COUNTIF(F92:F175,"ct")) -> 0 | G91: =SUM(COUNTIF(G92:G175,"x"))+(COUNTIF(G92:G175,"cn"))+(COUNTIF(G92:G175,"gt"))+(COUNTIF(G92:G175,"ct")) -> 0 | H91: =SUM(COUNTIF(H92:H175,"x"))+(COUNTIF(H92:H175,"cn"))+(COUNTIF(H92:H175,"gt"))+(COUNTIF(H92:H175,"ct")) -> 0 | I91: =SUM(COUNTIF(I92:I175,"x"))+(COUNTIF(I92:I175,"cn"))+(COUNTIF(I92:I175,"gt"))+(COUNTIF(I92:I175,"ct")) -> 0 | J91: =SUM(COUNTIF(J92:J175,"x"))+(COUNTIF(J92:J175,"cn"))+(COUNTIF(J92:J175,"gt"))+(COUNTIF(J92:J175,"ct")) -> 0 | K91: =SUM(COUNTIF(K92:K175,"x"))+(COUNTIF(K92:K175,"cn"))+(COUNTIF(K92:K175,"gt"))+(COUNTIF(K92:K175,"ct")) -> 0 | L91: =SUM(COUNTIF(L92:L175,"x"))+(COUNTIF(L92:L175,"cn"))+(COUNTIF(L92:L175,"gt"))+(COUNTIF(L92:L175,"ct")) -> 0 | ... AI91: =SUM(COUNTIF(AI92:AI175,"x"))+(COUNTIF(AI92:AI175,"cn"))+(COUNTIF(AI92:AI175,"gt"))+(COUNTIF(AI92:AI175,"ct")) -> 0 | AJ91: =SUM(AJ92:AJ175) -> 0 | AK91: =SUM(AK92:AK175) -> 0 | AL91: =SUM(AL92:AL175) -> 0 | AM91: =SUM(AM92:AM175) -> 0 | AN91: =SUM(AN92:AN175) -> 0 | AO91: =SUM(AO92:AO175) -> 0 | AP91: =SUM(AP92:AP175) -> 0 | AS91: =VLOOKUP(C92,'[1]NT 2'!$C$2:$J$259,8,0) -> #N/A | AT91: =D92-AS91 -> #N/A
A92: 81 | B92: 1 | C92: T. Lê | AJ92: =SUM(COUNTIF(E92:AI92,"x")) -> 0 | AK92: =SUM(COUNTIF(E92:AI92,"cn")) -> 0 | AL92: =SUM(COUNTIF(E92:AI92,"đ")) -> 0 | AM92: =SUM(COUNTIF(E92:AI92,"đc")) -> 0 | AN92: =SUM(COUNTIF(E92:AI92,"gt")) -> 0 | AO92: =SUM(COUNTIF(E92:AI92,"ct")) -> 0 | AP92: =AJ92+AK92+AL92+AM92+AN92+AO92 -> 0 | AS92: =VLOOKUP(C93,'[1]NT 2'!$C$2:$J$259,8,0) -> 02735 | AT92: =D93-AS92 -> 0
A93: 82 | B93: 2 | C93: Nang On Teng | D93: =VLOOKUP(C93,'[1]NT 2'!$C$2:$J$259,8,0) -> 02735 | AJ93: =SUM(COUNTIF(E93:AI93,"x")) -> 0 | AK93: =SUM(COUNTIF(E93:AI93,"cn")) -> 0 | AL93: =SUM(COUNTIF(E93:AI93,"đ")) -> 0 | AM93: =SUM(COUNTIF(E93:AI93,"đc")) -> 0 | AN93: =SUM(COUNTIF(E93:AI93,"gt")) -> 0 | AO93: =SUM(COUNTIF(E93:AI93,"ct")) -> 0 | AP93: =AJ93+AK93+AL93+AM93+AN93+AO93 -> 0 | AS93: =VLOOKUP(C94,'[1]NT 2'!$C$2:$J$259,8,0) -> 03518 | AT93: =D94-AS93 -> 0
A94: 83 | B94: 3 | C94: T. Đôn Ma | D94: =VLOOKUP(C94,'[1]NT 2'!$C$2:$J$259,8,0) -> 03518 | AJ94: =SUM(COUNTIF(E94:AI94,"x")) -> 0 | AK94: =SUM(COUNTIF(E94:AI94,"cn")) -> 0 | AL94: =SUM(COUNTIF(E94:AI94,"đ")) -> 0 | AM94: =SUM(COUNTIF(E94:AI94,"đc")) -> 0 | AN94: =SUM(COUNTIF(E94:AI94,"gt")) -> 0 | AO94: =SUM(COUNTIF(E94:AI94,"ct")) -> 0 | AP94: =AJ94+AK94+AL94+AM94+AN94+AO94 -> 0 | AS94: =VLOOKUP(C95,'[1]NT 2'!$C$2:$J$259,8,0) -> 03519 | AT94: =D95-AS94 -> 0
A95: 84 | B95: 4 | C95: T Nôn | D95: =VLOOKUP(C95,'[1]NT 2'!$C$2:$J$259,8,0) -> 03519 | AJ95: =SUM(COUNTIF(E95:AI95,"x")) -> 0 | AK95: =SUM(COUNTIF(E95:AI95,"cn")) -> 0 | AL95: =SUM(COUNTIF(E95:AI95,"đ")) -> 0 | AM95: =SUM(COUNTIF(E95:AI95,"đc")) -> 0 | AN95: =SUM(COUNTIF(E95:AI95,"gt")) -> 0 | AO95: =SUM(COUNTIF(E95:AI95,"ct")) -> 0 | AP95: =AJ95+AK95+AL95+AM95+AN95+AO95 -> 0 | AS95: =VLOOKUP(C96,'[1]NT 2'!$C$2:$J$259,8,0) -> 03520 | AT95: =D96-AS95 -> 0
A96: 85 | B96: 5 | C96: N. Khăm.. | D96: =VLOOKUP(C96,'[1]NT 2'!$C$2:$J$259,8,0) -> 03520 | AJ96: =SUM(COUNTIF(E96:AI96,"x")) -> 0 | AK96: =SUM(COUNTIF(E96:AI96,"cn")) -> 0 | AL96: =SUM(COUNTIF(E96:AI96,"đ")) -> 0 | AM96: =SUM(COUNTIF(E96:AI96,"đc")) -> 0 | AN96: =SUM(COUNTIF(E96:AI96,"gt")) -> 0 | AO96: =SUM(COUNTIF(E96:AI96,"ct")) -> 0 | AP96: =AJ96+AK96+AL96+AM96+AN96+AO96 -> 0 | AS96: =VLOOKUP(C97,'[1]NT 2'!$C$2:$J$259,8,0) -> 03521 | AT96: =D97-AS96 -> 0
A97: 86 | B97: 6 | C97: Nang La Ty | D97: =VLOOKUP(C97,'[1]NT 2'!$C$2:$J$259,8,0) -> 03521 | AJ97: =SUM(COUNTIF(E97:AI97,"x")) -> 0 | AK97: =SUM(COUNTIF(E97:AI97,"cn")) -> 0 | AL97: =SUM(COUNTIF(E97:AI97,"đ")) -> 0 | AM97: =SUM(COUNTIF(E97:AI97,"đc")) -> 0 | AN97: =SUM(COUNTIF(E97:AI97,"gt")) -> 0 | AO97: =SUM(COUNTIF(E97:AI97,"ct")) -> 0 | AP97: =AJ97+AK97+AL97+AM97+AN97+AO97 -> 0 | AS97: =VLOOKUP(C98,'[1]NT 2'!$C$2:$J$259,8,0) -> 03522 | AT97: =D98-AS97 -> 0
A98: 87 | B98: 7 | C98: N.T.T Trang (1) | D98: =VLOOKUP(C98,'[1]NT 2'!$C$2:$J$259,8,0) -> 03522 | AJ98: =SUM(COUNTIF(E98:AI98,"x")) -> 0 | AK98: =SUM(COUNTIF(E98:AI98,"cn")) -> 0 | AL98: =SUM(COUNTIF(E98:AI98,"đ")) -> 0 | AM98: =SUM(COUNTIF(E98:AI98,"đc")) -> 0 | AN98: =SUM(COUNTIF(E98:AI98,"gt")) -> 0 | AO98: =SUM(COUNTIF(E98:AI98,"ct")) -> 0 | AP98: =AJ98+AK98+AL98+AM98+AN98+AO98 -> 0 | AS98: =VLOOKUP(C99,'[1]NT 2'!$C$2:$J$259,8,0) -> 03523 | AT98: =D99-AS98 -> 0
A99: 88 | B99: 8 | C99: T. Ni On | D99: =VLOOKUP(C99,'[1]NT 2'!$C$2:$J$259,8,0) -> 03523 | AJ99: =SUM(COUNTIF(E99:AI99,"x")) -> 0 | AK99: =SUM(COUNTIF(E99:AI99,"cn")) -> 0 | AL99: =SUM(COUNTIF(E99:AI99,"đ")) -> 0 | AM99: =SUM(COUNTIF(E99:AI99,"đc")) -> 0 | AN99: =SUM(COUNTIF(E99:AI99,"gt")) -> 0 | AO99: =SUM(COUNTIF(E99:AI99,"ct")) -> 0 | AP99: =AJ99+AK99+AL99+AM99+AN99+AO99 -> 0 | AS99: =VLOOKUP(C100,'[1]NT 2'!$C$2:$J$259,8,0) -> 02739 | AT99: =D100-AS99 -> 0
A100: 89 | B100: 9 | C100: Thảo Lẹ | D100: =VLOOKUP(C100,'[1]NT 2'!$C$2:$J$259,8,0) -> 02739 | AJ100: =SUM(COUNTIF(E100:AI100,"x")) -> 0 | AK100: =SUM(COUNTIF(E100:AI100,"cn")) -> 0 | AL100: =SUM(COUNTIF(E100:AI100,"đ")) -> 0 | AM100: =SUM(COUNTIF(E100:AI100,"đc")) -> 0 | AN100: =SUM(COUNTIF(E100:AI100,"gt")) -> 0 | AO100: =SUM(COUNTIF(E100:AI100,"ct")) -> 0 | AP100: =AJ100+AK100+AL100+AM100+AN100+AO100 -> 0 | AS100: =VLOOKUP(C101,'[1]NT 2'!$C$2:$J$259,8,0) -> 03524 | AT100: =D101-AS100 -> 0
A101: 90 | B101: 10 | C101: T. Nả | D101: =VLOOKUP(C101,'[1]NT 2'!$C$2:$J$259,8,0) -> 03524 | AJ101: =SUM(COUNTIF(E101:AI101,"x")) -> 0 | AK101: =SUM(COUNTIF(E101:AI101,"cn")) -> 0 | AL101: =SUM(COUNTIF(E101:AI101,"đ")) -> 0 | AM101: =SUM(COUNTIF(E101:AI101,"đc")) -> 0 | AN101: =SUM(COUNTIF(E101:AI101,"gt")) -> 0 | AO101: =SUM(COUNTIF(E101:AI101,"ct")) -> 0 | AP101: =AJ101+AK101+AL101+AM101+AN101+AO101 -> 0 | AS101: =VLOOKUP(C102,'[1]NT 2'!$C$2:$J$259,8,0) -> 03525 | AT101: =D102-AS101 -> 0
A102: 91 | B102: 11 | C102: N. Sa Văn | D102: =VLOOKUP(C102,'[1]NT 2'!$C$2:$J$259,8,0) -> 03525 | AJ102: =SUM(COUNTIF(E102:AI102,"x")) -> 0 | AK102: =SUM(COUNTIF(E102:AI102,"cn")) -> 0 | AL102: =SUM(COUNTIF(E102:AI102,"đ")) -> 0 | AM102: =SUM(COUNTIF(E102:AI102,"đc")) -> 0 | AN102: =SUM(COUNTIF(E102:AI102,"gt")) -> 0 | AO102: =SUM(COUNTIF(E102:AI102,"ct")) -> 0 | AP102: =AJ102+AK102+AL102+AM102+AN102+AO102 -> 0 | AS102: =VLOOKUP(C103,'[1]NT 2'!$C$2:$J$259,8,0) -> 03526 | AT102: =D103-AS102 -> 0
A103: 92 | B103: 12 | C103: N. Chăn | D103: =VLOOKUP(C103,'[1]NT 2'!$C$2:$J$259,8,0) -> 03526 | AJ103: =SUM(COUNTIF(E103:AI103,"x")) -> 0 | AK103: =SUM(COUNTIF(E103:AI103,"cn")) -> 0 | AL103: =SUM(COUNTIF(E103:AI103,"đ")) -> 0 | AM103: =SUM(COUNTIF(E103:AI103,"đc")) -> 0 | AN103: =SUM(COUNTIF(E103:AI103,"gt")) -> 0 | AO103: =SUM(COUNTIF(E103:AI103,"ct")) -> 0 | AP103: =AJ103+AK103+AL103+AM103+AN103+AO103 -> 0 | AS103: =VLOOKUP(C104,'[1]NT 2'!$C$2:$J$259,8,0) -> 03527 | AT103: =D104-AS103 -> 0
A104: 93 | B104: 13 | C104: T Núc | D104: =VLOOKUP(C104,'[1]NT 2'!$C$2:$J$259,8,0) -> 03527 | AJ104: =SUM(COUNTIF(E104:AI104,"x")) -> 0 | AK104: =SUM(COUNTIF(E104:AI104,"cn")) -> 0 | AL104: =SUM(COUNTIF(E104:AI104,"đ")) -> 0 | AM104: =SUM(COUNTIF(E104:AI104,"đc")) -> 0 | AN104: =SUM(COUNTIF(E104:AI104,"gt")) -> 0 | AO104: =SUM(COUNTIF(E104:AI104,"ct")) -> 0 | AP104: =AJ104+AK104+AL104+AM104+AN104+AO104 -> 0 | AS104: =VLOOKUP(C105,'[1]NT 2'!$C$2:$J$259,8,0) -> 03528 | AT104: =D105-AS104 -> 0
... A113: 102 | B113: 22 | C113: T. Ôn | D113: =VLOOKUP(C113,'[1]NT 2'!$C$2:$J$259,8,0) -> 03535 | AJ113: =SUM(COUNTIF(E113:AI113,"x")) -> 0 | AK113: =SUM(COUNTIF(E113:AI113,"cn")) -> 0 | AL113: =SUM(COUNTIF(E113:AI113,"đ")) -> 0 | AM113: =SUM(COUNTIF(E113:AI113,"đc")) -> 0 | AN113: =SUM(COUNTIF(E113:AI113,"gt")) -> 0 | AO113: =SUM(COUNTIF(E113:AI113,"ct")) -> 0 | AP113: =AJ113+AK113+AL113+AM113+AN113+AO113 -> 0 | AS113: =VLOOKUP(C114,'[1]NT 2'!$C$2:$J$259,8,0) -> 03507 | AT113: =D114-AS113 -> -3507
A114: 103 | B114: 23 | C114: N. Không | AJ114: =SUM(COUNTIF(E114:AI114,"x")) -> 0 | AK114: =SUM(COUNTIF(E114:AI114,"cn")) -> 0 | AL114: =SUM(COUNTIF(E114:AI114,"đ")) -> 0 | AM114: =SUM(COUNTIF(E114:AI114,"đc")) -> 0 | AN114: =SUM(COUNTIF(E114:AI114,"gt")) -> 0 | AO114: =SUM(COUNTIF(E114:AI114,"ct")) -> 0 | AP114: =AJ114+AK114+AL114+AM114+AN114+AO114 -> 0 | AS114: =VLOOKUP(C115,'[1]NT 2'!$C$2:$J$259,8,0) -> 03537 | AT114: =D115-AS114 -> 0
A115: 104 | B115: 24 | C115: Văn Đi | D115: =VLOOKUP(C115,'[1]NT 2'!$C$2:$J$259,8,0) -> 03537 | AJ115: =SUM(COUNTIF(E115:AI115,"x")) -> 0 | AK115: =SUM(COUNTIF(E115:AI115,"cn")) -> 0 | AL115: =SUM(COUNTIF(E115:AI115,"đ")) -> 0 | AM115: =SUM(COUNTIF(E115:AI115,"đc")) -> 0 | AN115: =SUM(COUNTIF(E115:AI115,"gt")) -> 0 | AO115: =SUM(COUNTIF(E115:AI115,"ct")) -> 0 | AP115: =AJ115+AK115+AL115+AM115+AN115+AO115 -> 0 | AS115: =VLOOKUP(C116,'[1]NT 2'!$C$2:$J$259,8,0) -> 03538 | AT115: =D116-AS115 -> 0
A116: 105 | B116: 25 | C116: T. U Đôm | D116: =VLOOKUP(C116,'[1]NT 2'!$C$2:$J$259,8,0) -> 03538 | AJ116: =SUM(COUNTIF(E116:AI116,"x")) -> 0 | AK116: =SUM(COUNTIF(E116:AI116,"cn")) -> 0 | AL116: =SUM(COUNTIF(E116:AI116,"đ")) -> 0 | AM116: =SUM(COUNTIF(E116:AI116,"đc")) -> 0 | AN116: =SUM(COUNTIF(E116:AI116,"gt")) -> 0 | AO116: =SUM(COUNTIF(E116:AI116,"ct")) -> 0 | AP116: =AJ116+AK116+AL116+AM116+AN116+AO116 -> 0 | AS116: =VLOOKUP(C117,'[1]NT 2'!$C$2:$J$259,8,0) -> #N/A | AT116: =D117-AS116 -> #N/A
A117: 106 | B117: 26 | C117: N. Lăm Thong | AJ117: =SUM(COUNTIF(E117:AI117,"x")) -> 0 | AK117: =SUM(COUNTIF(E117:AI117,"cn")) -> 0 | AL117: =SUM(COUNTIF(E117:AI117,"đ")) -> 0 | AM117: =SUM(COUNTIF(E117:AI117,"đc")) -> 0 | AN117: =SUM(COUNTIF(E117:AI117,"gt")) -> 0 | AO117: =SUM(COUNTIF(E117:AI117,"ct")) -> 0 | AP117: =AJ117+AK117+AL117+AM117+AN117+AO117 -> 0 | AS117: =VLOOKUP(C118,'[1]NT 2'!$C$2:$J$259,8,0) -> 03540 | AT117: =D118-AS117 -> 0
A118: 107 | B118: 27 | C118: N. Seng | D118: =VLOOKUP(C118,'[1]NT 2'!$C$2:$J$259,8,0) -> 03540 | AJ118: =SUM(COUNTIF(E118:AI118,"x")) -> 0 | AK118: =SUM(COUNTIF(E118:AI118,"cn")) -> 0 | AL118: =SUM(COUNTIF(E118:AI118,"đ")) -> 0 | AM118: =SUM(COUNTIF(E118:AI118,"đc")) -> 0 | AN118: =SUM(COUNTIF(E118:AI118,"gt")) -> 0 | AO118: =SUM(COUNTIF(E118:AI118,"ct")) -> 0 | AP118: =AJ118+AK118+AL118+AM118+AN118+AO118 -> 0 | AS118: =VLOOKUP(C119,'[1]NT 2'!$C$2:$J$259,8,0) -> 03541 | AT118: =D119-AS118 -> 0
A119: 108 | B119: 28 | C119: T Đeng | D119: =VLOOKUP(C119,'[1]NT 2'!$C$2:$J$259,8,0) -> 03541 | AJ119: =SUM(COUNTIF(E119:AI119,"x")) -> 0 | AK119: =SUM(COUNTIF(E119:AI119,"cn")) -> 0 | AL119: =SUM(COUNTIF(E119:AI119,"đ")) -> 0 | AM119: =SUM(COUNTIF(E119:AI119,"đc")) -> 0 | AN119: =SUM(COUNTIF(E119:AI119,"gt")) -> 0 | AO119: =SUM(COUNTIF(E119:AI119,"ct")) -> 0 | AP119: =AJ119+AK119+AL119+AM119+AN119+AO119 -> 0 | AS119: =VLOOKUP(C120,'[1]NT 2'!$C$2:$J$259,8,0) -> 03542 | AT119: =D120-AS119 -> 0
A120: 109 | B120: 29 | C120: T . Keo | D120: =VLOOKUP(C120,'[1]NT 2'!$C$2:$J$259,8,0) -> 03542 | AJ120: =SUM(COUNTIF(E120:AI120,"x")) -> 0 | AK120: =SUM(COUNTIF(E120:AI120,"cn")) -> 0 | AL120: =SUM(COUNTIF(E120:AI120,"đ")) -> 0 | AM120: =SUM(COUNTIF(E120:AI120,"đc")) -> 0 | AN120: =SUM(COUNTIF(E120:AI120,"gt")) -> 0 | AO120: =SUM(COUNTIF(E120:AI120,"ct")) -> 0 | AP120: =AJ120+AK120+AL120+AM120+AN120+AO120 -> 0 | AS120: =VLOOKUP(C121,'[1]NT 2'!$C$2:$J$259,8,0) -> 03543 | AT120: =D121-AS120 -> 0
A121: 110 | B121: 30 | C121: Văn Na Nọi | D121: =VLOOKUP(C121,'[1]NT 2'!$C$2:$J$259,8,0) -> 03543 | AJ121: =SUM(COUNTIF(E121:AI121,"x")) -> 0 | AK121: =SUM(COUNTIF(E121:AI121,"cn")) -> 0 | AL121: =SUM(COUNTIF(E121:AI121,"đ")) -> 0 | AM121: =SUM(COUNTIF(E121:AI121,"đc")) -> 0 | AN121: =SUM(COUNTIF(E121:AI121,"gt")) -> 0 | AO121: =SUM(COUNTIF(E121:AI121,"ct")) -> 0 | AP121: =AJ121+AK121+AL121+AM121+AN121+AO121 -> 0 | AS121: =VLOOKUP(C122,'[1]NT 2'!$C$2:$J$259,8,0) -> 03544 | AT121: =D122-AS121 -> 0
A122: 111 | B122: 31 | C122: T. Ta | D122: =VLOOKUP(C122,'[1]NT 2'!$C$2:$J$259,8,0) -> 03544 | AJ122: =SUM(COUNTIF(E122:AI122,"x")) -> 0 | AK122: =SUM(COUNTIF(E122:AI122,"cn")) -> 0 | AL122: =SUM(COUNTIF(E122:AI122,"đ")) -> 0 | AM122: =SUM(COUNTIF(E122:AI122,"đc")) -> 0 | AN122: =SUM(COUNTIF(E122:AI122,"gt")) -> 0 | AO122: =SUM(COUNTIF(E122:AI122,"ct")) -> 0 | AP122: =AJ122+AK122+AL122+AM122+AN122+AO122 -> 0 | AS122: =VLOOKUP(C123,'[1]NT 2'!$C$2:$J$259,8,0) -> 03545 | AT122: =D123-AS122 -> 0
A123: 112 | B123: 32 | C123: Phon Xa Văn | D123: =VLOOKUP(C123,'[1]NT 2'!$C$2:$J$259,8,0) -> 03545 | AJ123: =SUM(COUNTIF(E123:AI123,"x")) -> 0 | AK123: =SUM(COUNTIF(E123:AI123,"cn")) -> 0 | AL123: =SUM(COUNTIF(E123:AI123,"đ")) -> 0 | AM123: =SUM(COUNTIF(E123:AI123,"đc")) -> 0 | AN123: =SUM(COUNTIF(E123:AI123,"gt")) -> 0 | AO123: =SUM(COUNTIF(E123:AI123,"ct")) -> 0 | AP123: =AJ123+AK123+AL123+AM123+AN123+AO123 -> 0 | AS123: =VLOOKUP(C124,'[1]NT 2'!$C$2:$J$259,8,0) -> 03546 | AT123: =D124-AS123 -> 0
A124: 113 | B124: 33 | C124: T. Nọi | D124: =VLOOKUP(C124,'[1]NT 2'!$C$2:$J$259,8,0) -> 03546 | AJ124: =SUM(COUNTIF(E124:AI124,"x")) -> 0 | AK124: =SUM(COUNTIF(E124:AI124,"cn")) -> 0 | AL124: =SUM(COUNTIF(E124:AI124,"đ")) -> 0 | AM124: =SUM(COUNTIF(E124:AI124,"đc")) -> 0 | AN124: =SUM(COUNTIF(E124:AI124,"gt")) -> 0 | AO124: =SUM(COUNTIF(E124:AI124,"ct")) -> 0 | AP124: =AJ124+AK124+AL124+AM124+AN124+AO124 -> 0 | AS124: =VLOOKUP(C125,'[1]NT 2'!$C$2:$J$259,8,0) -> 03547 | AT124: =D125-AS124 -> 0
A125: 114 | B125: 34 | C125: N. Nôn | D125: =VLOOKUP(C125,'[1]NT 2'!$C$2:$J$259,8,0) -> 03547 | AJ125: =SUM(COUNTIF(E125:AI125,"x")) -> 0 | AK125: =SUM(COUNTIF(E125:AI125,"cn")) -> 0 | AL125: =SUM(COUNTIF(E125:AI125,"đ")) -> 0 | AM125: =SUM(COUNTIF(E125:AI125,"đc")) -> 0 | AN125: =SUM(COUNTIF(E125:AI125,"gt")) -> 0 | AO125: =SUM(COUNTIF(E125:AI125,"ct")) -> 0 | AP125: =AJ125+AK125+AL125+AM125+AN125+AO125 -> 0 | AS125: =VLOOKUP(C126,'[1]NT 2'!$C$2:$J$259,8,0) -> #N/A | AT125: =D126-AS125 -> #N/A
A126: 115 | B126: 35 | C126: N. Công Say | AJ126: =SUM(COUNTIF(E126:AI126,"x")) -> 0 | AK126: =SUM(COUNTIF(E126:AI126,"cn")) -> 0 | AL126: =SUM(COUNTIF(E126:AI126,"đ")) -> 0 | AM126: =SUM(COUNTIF(E126:AI126,"đc")) -> 0 | AN126: =SUM(COUNTIF(E126:AI126,"gt")) -> 0 | AO126: =SUM(COUNTIF(E126:AI126,"ct")) -> 0 | AP126: =AJ126+AK126+AL126+AM126+AN126+AO126 -> 0 | AS126: =VLOOKUP(C127,'[1]NT 2'!$C$2:$J$259,8,0) -> 03549 | AT126: =D127-AS126 -> 0
A127: 116 | B127: 36 | C127: N. Xi Xộm | D127: =VLOOKUP(C127,'[1]NT 2'!$C$2:$J$259,8,0) -> 03549 | AJ127: =SUM(COUNTIF(E127:AI127,"x")) -> 0 | AK127: =SUM(COUNTIF(E127:AI127,"cn")) -> 0 | AL127: =SUM(COUNTIF(E127:AI127,"đ")) -> 0 | AM127: =SUM(COUNTIF(E127:AI127,"đc")) -> 0 | AN127: =SUM(COUNTIF(E127:AI127,"gt")) -> 0 | AO127: =SUM(COUNTIF(E127:AI127,"ct")) -> 0 | AP127: =AJ127+AK127+AL127+AM127+AN127+AO127 -> 0 | AS127: =VLOOKUP(C128,'[1]NT 2'!$C$2:$J$259,8,0) -> 03550 | AT127: =D128-AS127 -> 0
A128: 117 | B128: 37 | C128: T. Đuông | D128: =VLOOKUP(C128,'[1]NT 2'!$C$2:$J$259,8,0) -> 03550 | AJ128: =SUM(COUNTIF(E128:AI128,"x")) -> 0 | AK128: =SUM(COUNTIF(E128:AI128,"cn")) -> 0 | AL128: =SUM(COUNTIF(E128:AI128,"đ")) -> 0 | AM128: =SUM(COUNTIF(E128:AI128,"đc")) -> 0 | AN128: =SUM(COUNTIF(E128:AI128,"gt")) -> 0 | AO128: =SUM(COUNTIF(E128:AI128,"ct")) -> 0 | AP128: =AJ128+AK128+AL128+AM128+AN128+AO128 -> 0 | AS128: =VLOOKUP(C129,'[1]NT 2'!$C$2:$J$259,8,0) -> 03551 | AT128: =D129-AS128 -> 0
A129: 118 | B129: 38 | C129: T . Pheng | D129: =VLOOKUP(C129,'[1]NT 2'!$C$2:$J$259,8,0) -> 03551 | AJ129: =SUM(COUNTIF(E129:AI129,"x")) -> 0 | AK129: =SUM(COUNTIF(E129:AI129,"cn")) -> 0 | AL129: =SUM(COUNTIF(E129:AI129,"đ")) -> 0 | AM129: =SUM(COUNTIF(E129:AI129,"đc")) -> 0 | AN129: =SUM(COUNTIF(E129:AI129,"gt")) -> 0 | AO129: =SUM(COUNTIF(E129:AI129,"ct")) -> 0 | AP129: =AJ129+AK129+AL129+AM129+AN129+AO129 -> 0 | AS129: =VLOOKUP(C130,'[1]NT 2'!$C$2:$J$259,8,0) -> #N/A | AT129: =D130-AS129 -> #N/A
A130: 119 | B130: 39 | C130: T. Nọi Ê | AJ130: =SUM(COUNTIF(E130:AI130,"x")) -> 0 | AK130: =SUM(COUNTIF(E130:AI130,"cn")) -> 0 | AL130: =SUM(COUNTIF(E130:AI130,"đ")) -> 0 | AM130: =SUM(COUNTIF(E130:AI130,"đc")) -> 0 | AN130: =SUM(COUNTIF(E130:AI130,"gt")) -> 0 | AO130: =SUM(COUNTIF(E130:AI130,"ct")) -> 0 | AP130: =AJ130+AK130+AL130+AM130+AN130+AO130 -> 0 | AS130: =VLOOKUP(C131,'[1]NT 2'!$C$2:$J$259,8,0) -> 03488 | AT130: =D131-AS130 -> 0
A131: 120 | B131: 40 | C131: N. Đeng | D131: =VLOOKUP(C131,'[1]NT 2'!$C$2:$J$259,8,0) -> 03488 | AJ131: =SUM(COUNTIF(E131:AI131,"x")) -> 0 | AK131: =SUM(COUNTIF(E131:AI131,"cn")) -> 0 | AL131: =SUM(COUNTIF(E131:AI131,"đ")) -> 0 | AM131: =SUM(COUNTIF(E131:AI131,"đc")) -> 0 | AN131: =SUM(COUNTIF(E131:AI131,"gt")) -> 0 | AO131: =SUM(COUNTIF(E131:AI131,"ct")) -> 0 | AP131: =AJ131+AK131+AL131+AM131+AN131+AO131 -> 0 | AS131: =VLOOKUP(C132,'[1]NT 2'!$C$2:$J$259,8,0) -> #N/A | AT131: =D132-AS131 -> #N/A
A132: 121 | B132: 41 | C132: Xôm Phon 1 | AJ132: =SUM(COUNTIF(E132:AI132,"x")) -> 0 | AK132: =SUM(COUNTIF(E132:AI132,"cn")) -> 0 | AL132: =SUM(COUNTIF(E132:AI132,"đ")) -> 0 | AM132: =SUM(COUNTIF(E132:AI132,"đc")) -> 0 | AN132: =SUM(COUNTIF(E132:AI132,"gt")) -> 0 | AO132: =SUM(COUNTIF(E132:AI132,"ct")) -> 0 | AP132: =AJ132+AK132+AL132+AM132+AN132+AO132 -> 0 | AS132: =VLOOKUP(C133,'[1]NT 2'!$C$2:$J$259,8,0) -> 03555 | AT132: =D133-AS132 -> 0
A133: 122 | B133: 42 | C133: C. Trang 1 | D133: =VLOOKUP(C133,'[1]NT 2'!$C$2:$J$259,8,0) -> 03555 | AJ133: =SUM(COUNTIF(E133:AI133,"x")) -> 0 | AK133: =SUM(COUNTIF(E133:AI133,"cn")) -> 0 | AL133: =SUM(COUNTIF(E133:AI133,"đ")) -> 0 | AM133: =SUM(COUNTIF(E133:AI133,"đc")) -> 0 | AN133: =SUM(COUNTIF(E133:AI133,"gt")) -> 0 | AO133: =SUM(COUNTIF(E133:AI133,"ct")) -> 0 | AP133: =AJ133+AK133+AL133+AM133+AN133+AO133 -> 0 | AS133: =VLOOKUP(C134,'[1]NT 2'!$C$2:$J$259,8,0) -> #N/A | AT133: =D134-AS133 -> #N/A
A134: 123 | B134: 43 | C134: Lâm Ngân | AJ134: =SUM(COUNTIF(E134:AI134,"x")) -> 0 | AK134: =SUM(COUNTIF(E134:AI134,"cn")) -> 0 | AL134: =SUM(COUNTIF(E134:AI134,"đ")) -> 0 | AM134: =SUM(COUNTIF(E134:AI134,"đc")) -> 0 | AN134: =SUM(COUNTIF(E134:AI134,"gt")) -> 0 | AO134: =SUM(COUNTIF(E134:AI134,"ct")) -> 0 | AP134: =AJ134+AK134+AL134+AM134+AN134+AO134 -> 0 | AS134: =VLOOKUP(C135,'[1]NT 2'!$C$2:$J$259,8,0) -> #N/A | AT134: =D135-AS134 -> #N/A
...

Sheet BTH mủ tạp
A2: CỘNG HÒA DÂN CHỦ NHÂN DÂN LÀO
A3: Hòa Bình -Độc Lập - Dân Chủ - thống Nhất - Thịnh Vượng
A4: -----o0o-----
B6: CÔNG TY TNHH CP QUASA - GERUCO LÀO
B7: NÔNG TRƯỜNG 2
B9: BẢNG THEO DÕI SẢN LƯỢNG MỦ TẠP THÁNG 02 NĂM 2025
A11: Stt | B11: Stt | C11: Họ và tên | D11: Ngày | AI11: Tổng mủ tạp | AJ11: DRC bình quân | AK11: Quy khô | AL11: Xếp hạng kỹ thuật | AM11: Kí tên
D12: 1 | E12: 2 | F12: 3 | G12: 4 | H12: 5 | I12: 6 | J12: 7 | K12: 8 | L12: 9 | M12: 10 | N12: 11 | O12: 12 | P12: 13 | Q12: 14 | R12: 15 | S12: 16 | T12: 17 | U12: 18 | V12: 19 | W12: 20 | X12: 21 | Y12: 22 | Z12: 23 | AA12: 24 | AB12: 25 | AC12: 26 | AD12: 27 | AE12: 28 | AF12: 45717 | AG12: 45718 | AH12: 31 | AO12: DRC bình quân
B13: ĐỘI 1
A14: Tổng | D14: =SUM(D15:D94) -> 0 | E14: =SUM(E15:E94) -> 0 | F14: =SUM(F15:F94) -> 0 | G14: =SUM(G15:G94) -> 0 | H14: =SUM(H15:H94) -> 0 | I14: =SUM(I15:I94) -> 0 | J14: =SUM(J15:J94) -> 0 | K14: =SUM(K15:K94) -> 0 | ... AG14: =SUM(AG15:AG94) -> 0 | AH14: =SUM(AH15:AH93) -> 0 | AI14: =SUM(AI15:AI94) -> 0 | AK14: =SUM(AK15:AK94) -> 0
A15: 1 | B15: 1 | C15: ='Chấm công KT'!C11 -> T. Vôn | AI15: =SUM(D15:AH15) -> 0 | AJ15: 43.78515 | AK15: =AI15*AJ15/100 -> 0 | AL15: C
A16: 2 | B16: 2 | C16: ='Chấm công KT'!C12 -> T. Feng | AI16: =SUM(D16:AH16) -> 0 | AJ16: 43.78515 | AK16: =AI16*AJ16/100 -> 0 | AL16: A
A17: 3 | B17: 3 | C17: ='Chấm công KT'!C13 -> T. Sa Văn | AI17: =SUM(D17:AH17) -> 0 | AJ17: 43.78515 | AK17: =AI17*AJ17/100 -> 0 | AL17: A
A18: 4 | B18: 4 | C18: ='Chấm công KT'!C14 -> N. Pheng Mi | AI18: =SUM(D18:AH18) -> 0 | AJ18: 43.78515 | AK18: =AI18*AJ18/100 -> 0 | AL18: B
A19: 5 | B19: 5 | C19: ='Chấm công KT'!C15 -> N. Vạt | AI19: =SUM(D19:AH19) -> 0 | AJ19: 43.78515 | AK19: =AI19*AJ19/100 -> 0 | AL19: A
A20: 6 | B20: 6 | C20: ='Chấm công KT'!C16 -> T. Tích | AI20: =SUM(D20:AH20) -> 0 | AJ20: 43.78515 | AK20: =AI20*AJ20/100 -> 0 | AL20: A
A21: 7 | B21: 7 | C21: ='Chấm công KT'!C17 -> T. Bi Ly | AI21: =SUM(D21:AH21) -> 0 | AJ21: 43.78515 | AK21: =AI21*AJ21/100 -> 0 | AL21: A
A22: 8 | B22: 8 | C22: ='Chấm công KT'!C18 -> T . Bua Ngân | AI22: =SUM(D22:AH22) -> 0 | AJ22: 43.78515 | AK22: =AI22*AJ22/100 -> 0 | AL22: A
A23: 9 | B23: 9 | C23: ='Chấm công KT'!C19 -> T Căng | AI23: =SUM(D23:AH23) -> 0 | AJ23: 43.78515 | AK23: =AI23*AJ23/100 -> 0 | AL23: A
A24: 10 | B24: 10 | C24: ='Chấm công KT'!C20 -> N. Phôn 1 | AI24: =SUM(D24:AH24) -> 0 | AJ24: 43.78515 | AK24: =AI24*AJ24/100 -> 0 | AL24: A
A25: 11 | B25: 11 | C25: ='Chấm công KT'!C21 -> T. In Păn | AI25: =SUM(D25:AH25) -> 0 | AJ25: 43.78515 | AK25: =AI25*AJ25/100 -> 0 | AL25: B
A26: 12 | B26: 12 | C26: ='Chấm công KT'!C22 -> N. Keo | AI26: =SUM(D26:AH26) -> 0 | AJ26: 43.78515 | AK26: =AI26*AJ26/100 -> 0 | AL26: A
... A88: 74 | B88: 74 | C88: ='Chấm công KT'!C84 -> T. Xem | AI88: =SUM(D88:AH88) -> 0 | AJ88: 43.78515 | AK88: =AI88*AJ88/100 -> 0 | AL88: C.
A89: 75 | B89: 75 | C89: ='Chấm công KT'!C85 -> T.Trí | AI89: =SUM(D89:AH89) -> 0 | AK89: =AI89*AJ89/100 -> 0 | AL89: C.
A90: 76 | B90: 76 | C90: ='Chấm công KT'!C86 -> T. Ngân | AI90: =SUM(D90:AH90) -> 0 | AK90: =AI90*AJ90/100 -> 0 | AL90: C.
A91: 77 | B91: 77 | C91: ='Chấm công KT'!C87 -> T.Pu | AI91: =SUM(D91:AH91) -> 0 | AK91: =AI91*AJ91/100 -> 0 | AL91: C.
A92: 78 | B92: 78 | C92: ='Chấm công KT'!C88 -> T.Ta | AI92: =SUM(D92:AH92) -> 0 | AK92: =AI92*AJ92/100 -> 0 | AL92: C.
A93: 79 | B93: 79 | C93: ='Chấm công KT'!C89 -> N.Nang | AI93: =SUM(D93:AH93) -> 0 | AK93: =AI93*AJ93/100 -> 0 | AL93: C.
A94: 80 | B94: 80 | C94: T. Tan | AI94: =SUM(D94:AH94) -> 0 | AK94: =AI94*AJ94/100 -> 0 | AL94: C.
B95: ĐỘI 2 | AO95: =SUM(AI88:AI92) -> 0
A96: Tổng | D96: =SUM(D97:D180) -> 0 | E96: =SUM(E97:E180) -> 0 | F96: =SUM(F97:F180) -> 0 | G96: =SUM(G97:G180) -> 0 | H96: =SUM(H97:H180) -> 0 | I96: =SUM(I97:I180) -> 0 | J96: =SUM(J97:J180) -> 0 | K96: =SUM(K97:K180) -> 0 | ... AG96: =SUM(AG97:AG180) -> 0 | AH96: =SUM(AH97:AH176) -> 0 | AI96: =SUM(AI97:AI180) -> 0 | AK96: =SUM(AK97:AK180) -> 0
A97: 81 | B97: 1 | C97: ='Chấm công KT'!C92 -> T. Lê | AI97: =SUM(D97:AH97) -> 0 | AJ97: 43.829255 | AK97: =AI97*AJ97/100 -> 0 | AL97: A
A98: 82 | B98: 2 | C98: ='Chấm công KT'!C93 -> Nang On Teng | AI98: =SUM(D98:AH98) -> 0 | AJ98: 43.829255 | AK98: =AI98*AJ98/100 -> 0 | AL98: A
A99: 83 | B99: 3 | C99: ='Chấm công KT'!C94 -> T. Đôn Ma | AI99: =SUM(D99:AH99) -> 0 | AJ99: 43.829255 | AK99: =AI99*AJ99/100 -> 0 | AL99: A
A100: 84 | B100: 4 | C100: ='Chấm công KT'!C95 -> T Nôn | AI100: =SUM(D100:AH100) -> 0 | AJ100: 43.829255 | AK100: =AI100*AJ100/100 -> 0 | AL100: A
A101: 85 | B101: 5 | C101: ='Chấm công KT'!C96 -> N. Khăm.. | AI101: =SUM(D101:AH101) -> 0 | AJ101: 43.829255 | AK101: =AI101*AJ101/100 -> 0 | AL101: A
A102: 86 | B102: 6 | C102: ='Chấm công KT'!C97 -> Nang La Ty | AI102: =SUM(D102:AH102) -> 0 | AJ102: 43.829255 | AK102: =AI102*AJ102/100 -> 0 | AL102: A
A103: 87 | B103: 7 | C103: ='Chấm công KT'!C98 -> N.T.T Trang (1) | AI103: =SUM(D103:AH103) -> 0 | AJ103: 43.829255 | AK103: =AI103*AJ103/100 -> 0 | AL103: A
A104: 88 | B104: 8 | C104: ='Chấm công KT'!C99 -> T. Ni On | AI104: =SUM(D104:AH104) -> 0 | AJ104: 43.829255 | AK104: =AI104*AJ104/100 -> 0 | AL104: B
A105: 89 | B105: 9 | C105: ='Chấm công KT'!C100 -> Thảo Lẹ | AI105: =SUM(D105:AH105) -> 0 | AJ105: 43.829255 | AK105: =AI105*AJ105/100 -> 0 | AL105: A
A106: 90 | B106: 10 | C106: ='Chấm công KT'!C101 -> T. Nả | AI106: =SUM(D106:AH106) -> 0 | AJ106: 43.829255 | AK106: =AI106*AJ106/100 -> 0 | AL106: B
A107: 91 | B107: 11 | C107: ='Chấm công KT'!C102 -> N. Sa Văn | AI107: =SUM(D107:AH107) -> 0 | AJ107: 43.829255 | AK107: =AI107*AJ107/100 -> 0 | AL107: A
A108: 92 | B108: 12 | C108: ='Chấm công KT'!C103 -> N. Chăn | AI108: =SUM(D108:AH108) -> 0 | AJ108: 43.829255 | AK108: =AI108*AJ108/100 -> 0 | AL108: B
... A169: 153 | B169: 73 | C169: ='Chấm công KT'!C164 -> A Xít | AI169: =SUM(D169:AH169) -> 0 | AJ169: 43.829255 | AK169: =AI169*AJ169/100 -> 0 | AL169: B
A170: 154 | B170: 74 | C170: ='Chấm công KT'!C165 -> Bợt | AI170: =SUM(D170:AH170) -> 0 | AK170: =AI170*AJ170/100 -> 0 | AL170: C.
A171: 155 | B171: 75 | C171: ='Chấm công KT'!C166 -> Đức Văn | AI171: =SUM(D171:AH171) -> 0 | AK171: =AI171*AJ171/100 -> 0 | AL171: C.
A172: 156 | B172: 76 | C172: ='Chấm công KT'!C167 -> A Van | AI172: =SUM(D172:AH172) -> 0 | AK172: =AI172*AJ172/100 -> 0 | AL172: C.
A173: 157 | B173: 77 | C173: ='Chấm công KT'!C168 -> A thít | AI173: =SUM(D173:AH173) -> 0 | AK173: =AI173*AJ173/100 -> 0 | AL173: C.
A174: 158 | B174: 78 | C174: ='Chấm công KT'!C169 -> Món | AI174: =SUM(D174:AH174) -> 0 | AK174: =AI174*AJ174/100 -> 0 | AL174: C.
A175: 159 | B175: 79 | C175: ='Chấm công KT'!C170 -> A tèng | AI175: =SUM(D175:AH175) -> 0 | AK175: =AI175*AJ175/100 -> 0 | AL175: C. | AO175: =SUM(AI171:AI175) -> 0
A176: 160 | B176: 80 | C176: ='Chấm công KT'!C171 -> Đao | AI176: =SUM(D176:AH176) -> 0 | AK176: =AI176*AJ176/100 -> 0 | AL176: C.
A177: 161 | B177: 81 | C177: ='Chấm công KT'!C172 -> Lôn | AI177: =SUM(D177:AH177) -> 0 | AK177: =AI177*AJ177/100 -> 0 | AL177: C.
A178: 162 | B178: 82 | C178: ='Chấm công KT'!C173 -> Phay | AI178: =SUM(D178:AH178) -> 0 | AK178: =AI178*AJ178/100 -> 0 | AL178: C.
A179: 163 | B179: 83 | C179: ='Chấm công KT'!C174 -> Chày | AI179: =SUM(D179:AH179) -> 0 | AK179: =AI179*AJ179/100 -> 0 | AL179: C.
A180: 164 | B180: 84 | C180: ='Chấm công KT'!C175 -> Mày | AI180: =SUM(D180:AH180) -> 0 | AK180: =AI180*AJ180/100 -> 0 | AL180: C.
B181: ĐỘI 3
A182: Tổng | D182: =SUM(D183:D244) -> 0 | E182: =SUM(E183:E244) -> 0 | F182: =SUM(F183:F244) -> 0 | G182: =SUM(G183:G244) -> 0 | H182: =SUM(H183:H244) -> 0 | I182: =SUM(I183:I244) -> 0 | J182: =SUM(J183:J244) -> 0 | K182: =SUM(K183:K244) -> 0 | ... AG182: =SUM(AG183:AG244) -> 0 | AI182: =SUM(AI183:AI244) -> 0 | AK182: =SUM(AK183:AK244) -> 0
A183: 165 | B183: 1 | C183: ='Chấm công KT'!C177 -> T.Son say A | AI183: =SUM(D183:AH183) -> 0 | AJ183: 43.564841 | AK183: =AI183*AJ183/100 -> 0 | AL183: B
A184: 166 | B184: 2 | C184: ='Chấm công KT'!C178 -> N. Keo | AI184: =SUM(D184:AH184) -> 0 | AJ184: 43.564841 | AK184: =AI184*AJ184/100 -> 0 | AL184: B
A185: 167 | B185: 3 | C185: ='Chấm công KT'!C179 -> T .Nhum | AI185: =SUM(D185:AH185) -> 0 | AJ185: 43.564841 | AK185: =AI185*AJ185/100 -> 0 | AL185: B
A186: 168 | B186: 4 | C186: ='Chấm công KT'!C180 -> N.Vông Ma Ni | AI186: =SUM(D186:AH186) -> 0 | AJ186: 43.564841 | AK186: =AI186*AJ186/100 -> 0 | AL186: A
A187: 169 | B187: 5 | C187: ='Chấm công KT'!C181 -> Đao Hương | AI187: =SUM(D187:AH187) -> 0 | AJ187: 43.564841 | AK187: =AI187*AJ187/100 -> 0 | AL187: A
A188: 170 | B188: 6 | C188: ='Chấm công KT'!C182 -> T. Xi Nun | AI188: =SUM(D188:AH188) -> 0 | AJ188: 43.564841 | AK188: =AI188*AJ188/100 -> 0 | AL188: A
A189: 171 | B189: 7 | C189: ='Chấm công KT'!C183 -> T. Bun Hinh | AI189: =SUM(D189:AH189) -> 0 | AJ189: 43.564841 | AK189: =AI189*AJ189/100 -> 0 | AL189: A
A190: 172 | B190: 8 | C190: ='Chấm công KT'!C184 -> N. Lăm | AI190: =SUM(D190:AH190) -> 0 | AJ190: 43.564841 | AK190: =AI190*AJ190/100 -> 0 | AL190: A
A191: 173 | B191: 9 | C191: ='Chấm công KT'!C185 -> N. Xúc | AI191: =SUM(D191:AH191) -> 0 | AJ191: 43.564841 | AK191: =AI191*AJ191/100 -> 0 | AL191: A
A192: 174 | B192: 10 | C192: ='Chấm công KT'!C186 -> N. Lẹ | AI192: =SUM(D192:AH192) -> 0 | AJ192: 43.564841 | AK192: =AI192*AJ192/100 -> 0 | AL192: B
A193: 175 | B193: 11 | C193: ='Chấm công KT'!C187 -> N . Thích | AI193: =SUM(D193:AH193) -> 0 | AJ193: 43.564841 | AK193: =AI193*AJ193/100 -> 0 | AL193: A
A194: 176 | B194: 12 | C194: ='Chấm công KT'!C188 -> N. Cong Mi | AI194: =SUM(D194:AH194) -> 0 | AJ194: 43.564841 | AK194: =AI194*AJ194/100 -> 0 | AL194: A
... A244: 226 | B244: 62 | C244: ='Chấm công KT'!C238 -> Thảo Túc | AI244: =SUM(D244:AH244) -> 0 | AJ244: 43.564841 | AK244: =AI244*AJ244/100 -> 0 | AL244: C.
B245: ĐỘI 4 | AO245: =SUM(AI241:AI244) -> 0
A246: Tổng | D246: =SUM(D247:D313) -> 0 | E246: =SUM(E247:E313) -> 0 | F246: =SUM(F247:F313) -> 0 | G246: =SUM(G247:G313) -> 0 | H246: =SUM(H247:H313) -> 0 | I246: =SUM(I247:I313) -> 0 | J246: =SUM(J247:J313) -> 0 | K246: =SUM(K247:K313) -> 0 | ... AG246: =SUM(AG247:AG313) -> 0 | AI246: =SUM(AI247:AI313) -> 0 | AK246: =SUM(AK247:AK313) -> 0
A247: 227 | B247: 1 | C247: ='Chấm công KT'!C240 -> N. Teo | AI247: =SUM(D247:AH247) -> 0 | AJ247: 44.196433 | AK247: =AI247*AJ247/100 -> 0 | AL247: C
A248: 228 | B248: 2 | C248: ='Chấm công KT'!C241 -> T . Thau | AI248: =SUM(D248:AH248) -> 0 | AJ248: 44.196433 | AK248: =AI248*AJ248/100 -> 0 | AL248: B
A249: 229 | B249: 3 | C249: ='Chấm công KT'!C242 -> T . Vi | AI249: =SUM(D249:AH249) -> 0 | AJ249: 44.196433 | AK249: =AI249*AJ249/100 -> 0 | AL249: C
A250: 230 | B250: 4 | C250: ='Chấm công KT'!C243 -> Khâm Đi | AI250: =SUM(D250:AH250) -> 0 | AJ250: 44.196433 | AK250: =AI250*AJ250/100 -> 0 | AL250: C
A251: 231 | B251: 5 | C251: ='Chấm công KT'!C244 -> T. Ve | AI251: =SUM(D251:AH251) -> 0 | AJ251: 44.196433 | AK251: =AI251*AJ251/100 -> 0 | AL251: B
A252: 232 | B252: 6 | C252: ='Chấm công KT'!C245 -> T. Thèo | AI252: =SUM(D252:AH252) -> 0 | AJ252: 44.196433 | AK252: =AI252*AJ252/100 -> 0 | AL252: C
A253: 233 | B253: 7 | C253: ='Chấm công KT'!C246 -> Kèo Xột | AI253: =SUM(D253:AH253) -> 0 | AJ253: 44.196433 | AK253: =AI253*AJ253/100 -> 0 | AL253: C
A254: 234 | B254: 8 | C254: ='Chấm công KT'!C247 -> N. Chít | AI254: =SUM(D254:AH254) -> 0 | AJ254: 44.196433 | AK254: =AI254*AJ254/100 -> 0 | AL254: C
A255: 235 | B255: 9 | C255: ='Chấm công KT'!C248 -> N. Căn Da | AI255: =SUM(D255:AH255) -> 0 | AJ255: 44.196433 | AK255: =AI255*AJ255/100 -> 0 | AL255: B
A256: 236 | B256: 10 | C256: ='Chấm công KT'!C249 -> T. Phim | AI256: =SUM(D256:AH256) -> 0 | AJ256: 44.196433 | AK256: =AI256*AJ256/100 -> 0 | AL256: B
A257: 237 | B257: 11 | C257: ='Chấm công KT'!C250 -> T Chăn Thi | AI257: =SUM(D257:AH257) -> 0 | AJ257: 44.196433 | AK257: =AI257*AJ257/100 -> 0 | AL257: C
A258: 238 | B258: 12 | C258: ='Chấm công KT'!C251 -> N. Văn Thong | AI258: =SUM(D258:AH258) -> 0 | AJ258: 44.196433 | AK258: =AI258*AJ258/100 -> 0 | AL258: B
... A312: 292 | B312: 66 | C312: ='Chấm công KT'!C305 -> Thảo Linh | AI312: =SUM(D312:AH312) -> 0 | AJ312: 44.196433 | AK312: =AI312*AJ312/100 -> 0 | AL312: C.
A313: 293 | B313: 67 | C313: T. Xinh | AI313: =SUM(D313:AH313) -> 0 | AJ313: 44.196433 | AK313: =AI313*AJ313/100 -> 0 | AL313: C.
A314: Tổng cộng | D314: =D14+D96+D182+D246 -> 0 | E314: =E14+E96+E182+E246 -> 0 | F314: =F14+F96+F182+F246 -> 0 | G314: =G14+G96+G182+G246 -> 0 | H314: =H14+H96+H182+H246 -> 0 | I314: =I14+I96+I182+I246 -> 0 | J314: =J14+J96+J182+J246 -> 0 | K314: =K14+K96+K182+K246 -> 0 | ... AI314: =AI14+AI96+AI182+AI246 -> 0 | AK314: =AK14+AK96+AK182+AK246 -> 0 | AO314: =SUM(AI300:AI305) -> 0
A316: STT | D316: SỐ CÔNG NHÂN | G316: HẠNG KỸ THUẬT | K316: SẢN LƯỢNG MỦ TẠP (KG) | P316: SẢN LƯỢNG MỦ QUY KHÔ (KG) | U316: TỶ LỆ % THEO HẠNG KỸ THUẬT | AC316: GHI CHÚ | AO316: =SUM(AO11:AO314) -> 0
A317: Công nhân chính thức | D317: =SUM(D318:F321) -> 257 | K317: =SUM(K318:O321) -> 0 | P317: =SUM(P318:T321) -> 0 | U317: =SUM(U318:AB320) -> #DIV/0!
A318: 1 | D318: =SUM(COUNTIF(AL14:AL305,"A")) -> 144 | G318: A | K318: =SUMIF($AL$13:$AL$312,"A",$AI$13:$AI$312) -> 0 | P318: =SUMIF($AL$13:$AL$312,"A",$AK$13:$AK$312) -> 0 | U318: =P318/P324*100 -> #DIV/0!
A319: 2 | D319: =SUM(COUNTIF(AL14:AL305,"B")) -> 87 | G319: B | K319: =SUMIF($AL$13:$AL$312,"B",$AI$13:$AI$312) -> 0 | P319: =SUMIF($AL$13:$AL$312,"B",$AK$13:$AK$312) -> 0 | U319: =P319/P324*100 -> #DIV/0! | AK319: =AK314+'BTH mủ Sỉum'!AJ21 -> 0
A320: 3 | D320: =SUM(COUNTIF(AL14:AL305,"C")) -> 25 | G320: C | K320: =SUMIF($AL$13:$AL$312,"C",$AI$13:$AI$312) -> 0 | P320: =SUMIF($AL$13:$AL$312,"C",$AK$13:$AK$312) -> 0 | U320: =P320/P324*100 -> #DIV/0!
A321: 4 | D321: =SUM(COUNTIF(AL14:AL305,"D")) -> 1 | G321: D | K321: =SUMIF($AL$13:$AL$305,"D",$AI$13:$AI$305) -> 0 | P321: =SUMIF($AL$13:$AL$305,"D",$AK$13:$AK$305) -> 0 | U321: =P321/P324*100 -> #DIV/0!
A322: Công nhân thay thế | D322: =D323 -> 36 | K322: =K323 -> 0 | P322: =P323 -> 0 | U322: =U323 -> #DIV/0!
A323: 1 | D323: =SUM(COUNTIF(AL17:AL316,"C.")) -> 36 | G323: C. | K323: =SUMIF($AL$13:$AL$313,"C.",$AI$13:$AI$313) -> 0 | P323: =SUMIF($AL$13:$AL$313,"C.",$AK$13:$AK$313) -> 0 | U323: =P323/P324*100 -> #DIV/0!
A324: Tổng cộng | D324: =D317+D322 -> 293 | K324: =K317+K322 -> 0 | P324: =P317+P322 -> 0 | U324: =U317+U322 -> #DIV/0!
Y325: Nông trường 2, ngày 02 tháng 03 năm 2025
C326: TỔNG GIÁM ĐỐC | K326: PHÒNG KT - NN | S326: GĐ. NÔNG TRƯỜNG | AA326: TL. NÔNG NGHIỆP | AI326: TL. TC - KT
AI334: Trần Viết Hùng

Sheet BTH mủ Sỉum
A2: CỘNG HÒA DÂN CHỦ NHÂN DÂN LÀO
A3: Hòa Bình -Độc Lập - Dân Chủ - thống Nhất - Thịnh Vượng
A4: -----o0o-----
A6: CÔNG TY TNHH CP QUASA - GERUCO LÀO
A7: NÔNG TRƯỜNG 2
A9: BẢNG THEO DÕI SẢN LƯỢNG MỦ SERUM THÁNG 02 NĂM 2025
AK10: DRC
A11: Stt | B11: Họ và tên | C11: Ngày | AH11: Tổng mủ Xirum | AI11: DRC bình quân | AJ11: Quy khô | AK11: Xếp hạng kỹ thuật | AL11: Kí tên
C12: 1 | D12: 2 | E12: 3 | F12: 4 | G12: 5 | H12: 6 | I12: 7 | J12: 8 | K12: 9 | L12: 10 | M12: 11 | N12: 12 | O12: 13 | P12: 14 | Q12: 15 | R12: 16 | S12: 17 | T12: 18 | U12: 19 | V12: 20 | W12: 21 | X12: 22 | Y12: 23 | Z12: 24 | AA12: 25 | AB12: 26 | AC12: 27 | AD12: 28 | AE12: 45717 | AF12: 45718
A13: ĐỘI 1 | C13: =C14 -> 0 | D13: =D14 -> 0 | E13: =E14 -> 0 | F13: =F14 -> 0 | G13: =G14 -> 0 | H13: =H14 -> 0 | I13: =I14 -> 0 | J13: =J14 -> 0 | ... AF13: =AF14 -> 0 | AH13: =AH14 -> 0 | AJ13: =AJ14 -> 0 | AK13: =AK14 -> 0
A14: 1 | B14: Mủ Xirum | AH14: =SUM(C14:AG14) -> 0 | AI14: 48.216842 | AJ14: =AH14*AI14/100 -> 0
A15: ĐỘI 2 | C15: =C16 -> 0 | D15: =D16 -> 0 | E15: =E16 -> 0 | F15: =F16 -> 0 | G15: =G16 -> 0 | H15: =H16 -> 0 | I15: =I16 -> 0 | J15: =J16 -> 0 | ... AF15: =AF16 -> 0 | AH15: =AH16 -> 0 | AJ15: =AJ16 -> 0
A16: 1 | B16: Mủ Xirum | AH16: =SUM(C16:AG16) -> 0 | AI16: 44.235 | AJ16: =AH16*AI16/100 -> 0
A17: ĐỘI 3 | C17: =C18 -> 0 | D17: =D18 -> 0 | E17: =E18 -> 0 | F17: =F18 -> 0 | G17: =G18 -> 0 | H17: =H18 -> 0 | I17: =I18 -> 0 | J17: =J18 -> 0 | ... AF17: =AF18 -> 0 | AH17: =AH18 -> 0 | AJ17: =AJ18 -> 0 | AK17: =AK18 -> 0
A18: 1 | B18: Mủ Xirum | AH18: =SUM(C18:AG18) -> 0 | AI18: 47.395652 | AJ18: =AH18*AI18/100 -> 0
A19: ĐỘI 4 | C19: =C20 -> 0 | D19: =D20 -> 0 | E19: =E20 -> 0 | F19: =F20 -> 0 | G19: =G20 -> 0 | H19: =H20 -> 0 | I19: =I20 -> 0 | J19: =J20 -> 0 | ... AF19: =AF20 -> 0 | AH19: =AH20 -> 0 | AJ19: =AJ20 -> 0 | AN19: =SUM(#REF!) -> #REF!
A20: 1 | B20: Mủ Xirum | AH20: =SUM(C20:AG20) -> 0 | AI20: 47.340606 | AJ20: =AH20*AI20/100 -> 0
A21: Tổng cộng | AE21: =AE13+AE15+AE17+AE19 -> 0 | AF21: =AF13+AF15+AF17+AF19 -> 0 | AH21: =AH13+AH15+AH17+AH19 -> 0 | AJ21: =AJ13+AJ15+AJ17+AJ19 -> 0 | AK21: =AK13+AK15+AK17+AK19 -> 0
X23: Nông trường 2, ngày 02 tháng 03 năm 2025
B24: TỔNG GIÁM ĐỐC | J24: PHÒNG KT - NN | R24: GĐ. NÔNG TRƯỜNG | Z24: TL. NÔNG NGHIỆP | AH24: TL. TC - KT
AH32: Trần Viết Hùng

Sheet TONGHOPCONGDOI
A2: CÔNG TY TNHH CỔ PHẦN QUASA - GERUCO | R2: CỘNG HÒA DÂN CHỦ NHÂN DÂN LÀO
A3: NÔNG TRƯỜNG 2 | N3: =144/0.67 -> 214.92537 | R3: Hòa Bình - Độc Lập - Dân Chủ - Thống Nhất - Thịnh Vượng
A4: Đội: 1.2.3.4 | J4: =F11*25000 -> 0 | K4: =G11*25000 -> 0 | T4: =Q9-19035.02 -> -5308.44
A5: BẢNG TỔNG HỢP CÔNG THỰC HIỆN THÁNG 01 NĂM 2025
A6: STT | B6: Mã số nhân viên | C6: Họ và Tên Lào | D6: Chức vụ
E7: Bôi thuốc kích thích | F7: Đánh đông A xít | G7: Ủi cục bộ | H7: Phun thuốc bô try | I7: Phun cỏ bao lô chống cháy | J7: Mở miêng cạo úp (mới) | K7: Ủi bao lô chống cháy | L7: Kiểm kê 0 giờ | M7: Phát chồi đại trà | N7: Băm chồi hàng | P7: Thổi lá hàng 3m | Q7: Tổng công | R7: Sản lượng mủ | V7: Các khoản PC | AC7: Tổng cộng | AD7: Xếp loại KT tính lương | AE7: Xác Nhận
R8: Mủ tạp | S8: Mủ Xirum | T8: Quy khô DRC=50 | U8: Tổng sản lượng mủ tạp+mủ dây quy khô | V8: Ngày công đi cạo thường (x) | W8: Ngày CN thường (cn) | X8: Ngày công đi cạo 2 lát (đ) | Y8: Ngày công chủ nhật cạo 2 lát (đc) | Z8: Ngày công cạo gia tăng 2 miêng (gt) | AA8: Ngày chủ nhật cạo gia tăng 2 miệng (ct) | AB8: Phụ cấp nhỏ a xít | AI8: =5308.01-Q9 -> -8418.57
A9: I | B9: VC KINH DOANH NĂM | E9: =E10+E95+E184+E250 -> 0 | F9: =F10+F95+F184+F250 -> 0 | G9: =G10+G95+G184+G250 -> 0 | H9: =H10+H95+H184+H250 -> 0 | I9: =I10+I95+I184+I250 -> 0 | J9: =J10+J95+J184+J250 -> 0 | K9: =K10+K95+K184+K250 -> 0 | L9: =L10+L95+L184+L250 -> 0 | ... N9: =N10+N95+N184+N250 -> 0 | P9: =P10+P95+P184+P250 -> 13726.58 | Q9: =Q10+Q95+Q184+Q250 -> 13726.58 | R9: =R10+R95+R184+R250 -> 0 | S9: =S10+S95+S184+S250 -> 0 | T9: =T10+T95+T184+T250 -> 0 | U9: =U10+U95+U184+U250 -> 0 | V9: =V10+V95+V184+V250 -> 0 | W9: =W10+W95+W184+W250 -> 0 | ... AC9: =AC10+AC95+AC184+AC250 -> 13726.58 | AF9: 6716.8 | AG9: =6716.8-Q9 -> -7009.78
A10: A | B10: Đội I | E10: =SUM(E11:E94) -> 0 | F10: =SUM(F11:F94) -> 0 | G10: =SUM(G11:G94) -> 0 | H10: =SUM(H11:H94) -> 0 | I10: =SUM(I11:I94) -> 0 | J10: =SUM(J11:J94) -> 0 | K10: =SUM(K11:K94) -> 0 | L10: =SUM(L11:L94) -> 0 | ... AC10: =SUM(AC11:AC94) -> 3813.57 | AF10: 1618 | AG10: 194
A11: 1 | B11: ='Chấm công KT'!D11 -> 03456 | C11: ='Chấm công KT'!C11 -> T. Vôn | D11: CN-KT | Q11: =SUM(E11:P11) -> 0 | R11: =VLOOKUP(C11,'BTH mủ tạp'!$C$15:$AI$94,33,0) -> 0 | T11: =S11*50/100 -> 0 | U11: =R11 -> 0 | V11: =VLOOKUP(C11,'Chấm công KT'!$C$11:$AJ$90,34,0) -> 0 | W11: =VLOOKUP(C11,'Chấm công KT'!$C$11:$AK$90,35,0) -> 0 | Z11: =VLOOKUP(C11,'Chấm công KT'!$C$11:$AN$90,38,0) -> 0 | AA11: =VLOOKUP(C11,'Chấm công KT'!$C$11:$AO$90,39,0) -> 0 | AC11: =Q11 -> 0 | AD11: =VLOOKUP(C11,'BTH mủ tạp'!$C$15:$AL$305,36,0) -> C
A12: 2 | B12: ='Chấm công KT'!D12 -> 0 | C12: ='Chấm công KT'!C12 -> T. Feng | D12: CN-KT | Q12: =SUM(E12:P12) -> 0 | R12: =VLOOKUP(C12,'BTH mủ tạp'!$C$15:$AI$94,33,0) -> 0 | T12: =S12*50/100 -> 0 | U12: =R12 -> 0 | V12: =VLOOKUP(C12,'Chấm công KT'!$C$11:$AJ$90,34,0) -> 0 | W12: =VLOOKUP(C12,'Chấm công KT'!$C$11:$AK$90,35,0) -> 0 | Z12: =VLOOKUP(C12,'Chấm công KT'!$C$11:$AN$90,38,0) -> 0 | AA12: =VLOOKUP(C12,'Chấm công KT'!$C$11:$AO$90,39,0) -> 0 | AC12: =Q12 -> 0 | AD12: =VLOOKUP(C12,'BTH mủ tạp'!$C$15:$AL$305,36,0) -> A
A13: 3 | B13: ='Chấm công KT'!D13 -> 02725 | C13: ='Chấm công KT'!C13 -> T. Sa Văn | D13: CN-KT | Q13: =SUM(E13:P13) -> 0 | R13: =VLOOKUP(C13,'BTH mủ tạp'!$C$15:$AI$94,33,0) -> 0 | T13: =S13*50/100 -> 0 | U13: =R13 -> 0 | V13: =VLOOKUP(C13,'Chấm công KT'!$C$11:$AJ$90,34,0) -> 0 | W13: =VLOOKUP(C13,'Chấm công KT'!$C$11:$AK$90,35,0) -> 0 | Z13: =VLOOKUP(C13,'Chấm công KT'!$C$11:$AN$90,38,0) -> 0 | AA13: =VLOOKUP(C13,'Chấm công KT'!$C$11:$AO$90,39,0) -> 0 | AC13: =Q13 -> 0 | AD13: =VLOOKUP(C13,'BTH mủ tạp'!$C$15:$AL$305,36,0) -> A | AG13: 119657 | AH13: 197
A14: 4 | B14: ='Chấm công KT'!D14 -> 03458 | C14: ='Chấm công KT'!C14 -> N. Pheng Mi | D14: CN-KT | Q14: =SUM(E14:P14) -> 0 | R14: =VLOOKUP(C14,'BTH mủ tạp'!$C$15:$AI$94,33,0) -> 0 | T14: =S14*50/100 -> 0 | U14: =R14 -> 0 | V14: =VLOOKUP(C14,'Chấm công KT'!$C$11:$AJ$90,34,0) -> 0 | W14: =VLOOKUP(C14,'Chấm công KT'!$C$11:$AK$90,35,0) -> 0 | Z14: =VLOOKUP(C14,'Chấm công KT'!$C$11:$AN$90,38,0) -> 0 | AA14: =VLOOKUP(C14,'Chấm công KT'!$C$11:$AO$90,39,0) -> 0 | AC14: =Q14 -> 0 | AD14: =VLOOKUP(C14,'BTH mủ tạp'!$C$15:$AL$305,36,0) -> B | AG14: 125408 | AH14: 554
A15: 5 | B15: ='Chấm công KT'!D15 -> 03459 | C15: ='Chấm công KT'!C15 -> N. Vạt | D15: CN-KT | Q15: =SUM(E15:P15) -> 0 | R15: =VLOOKUP(C15,'BTH mủ tạp'!$C$15:$AI$94,33,0) -> 0 | T15: =S15*50/100 -> 0 | U15: =R15 -> 0 | V15: =VLOOKUP(C15,'Chấm công KT'!$C$11:$AJ$90,34,0) -> 0 | W15: =VLOOKUP(C15,'Chấm công KT'!$C$11:$AK$90,35,0) -> 0 | Z15: =VLOOKUP(C15,'Chấm công KT'!$C$11:$AN$90,38,0) -> 0 | AA15: =VLOOKUP(C15,'Chấm công KT'!$C$11:$AO$90,39,0) -> 0 | AC15: =Q15 -> 0 | AD15: =VLOOKUP(C15,'BTH mủ tạp'!$C$15:$AL$305,36,0) -> A | AG15: 97048 | AH15: 92
A16: 6 | B16: ='Chấm công KT'!D16 -> 03460 | C16: ='Chấm công KT'!C16 -> T. Tích | D16: CN-KT | Q16: =SUM(E16:P16) -> 0 | R16: =VLOOKUP(C16,'BTH mủ tạp'!$C$15:$AI$94,33,0) -> 0 | T16: =S16*50/100 -> 0 | U16: =R16 -> 0 | V16: =VLOOKUP(C16,'Chấm công KT'!$C$11:$AJ$90,34,0) -> 0 | W16: =VLOOKUP(C16,'Chấm công KT'!$C$11:$AK$90,35,0) -> 0 | Z16: =VLOOKUP(C16,'Chấm công KT'!$C$11:$AN$90,38,0) -> 0 | AA16: =VLOOKUP(C16,'Chấm công KT'!$C$11:$AO$90,39,0) -> 0 | AC16: =Q16 -> 0 | AD16: =VLOOKUP(C16,'BTH mủ tạp'!$C$15:$AL$305,36,0) -> A | AG16: 46179
A17: 7 | B17: ='Chấm công KT'!D17 -> 03461 | C17: ='Chấm công KT'!C17 -> T. Bi Ly | D17: CN-KT | Q17: =SUM(E17:P17) -> 0 | R17: =VLOOKUP(C17,'BTH mủ tạp'!$C$15:$AI$94,33,0) -> 0 | T17: =S17*50/100 -> 0 | U17: =R17 -> 0 | V17: =VLOOKUP(C17,'Chấm công KT'!$C$11:$AJ$90,34,0) -> 0 | W17: =VLOOKUP(C17,'Chấm công KT'!$C$11:$AK$90,35,0) -> 0 | Z17: =VLOOKUP(C17,'Chấm công KT'!$C$11:$AN$90,38,0) -> 0 | AA17: =VLOOKUP(C17,'Chấm công KT'!$C$11:$AO$90,39,0) -> 0 | AC17: =Q17 -> 0 | AD17: =VLOOKUP(C17,'BTH mủ tạp'!$C$15:$AL$305,36,0) -> A
A18: 8 | B18: ='Chấm công KT'!D18 -> 03462 | C18: ='Chấm công KT'!C18 -> T . Bua Ngân | D18: CN-KT | Q18: =SUM(E18:P18) -> 0 | R18: =VLOOKUP(C18,'BTH mủ tạp'!$C$15:$AI$94,33,0) -> 0 | T18: =S18*50/100 -> 0 | U18: =R18 -> 0 | V18: =VLOOKUP(C18,'Chấm công KT'!$C$11:$AJ$90,34,0) -> 0 | W18: =VLOOKUP(C18,'Chấm công KT'!$C$11:$AK$90,35,0) -> 0 | Z18: =VLOOKUP(C18,'Chấm công KT'!$C$11:$AN$90,38,0) -> 0 | AA18: =VLOOKUP(C18,'Chấm công KT'!$C$11:$AO$90,39,0) -> 0 | AC18: =Q18 -> 0 | AD18: =VLOOKUP(C18,'BTH mủ tạp'!$C$15:$AL$305,36,0) -> A | AI18: =1155.43-Q9 -> -12571.15
A19: 9 | B19: ='Chấm công KT'!D19 -> 03463 | C19: ='Chấm công KT'!C19 -> T Căng | D19: CN-KT | Q19: =SUM(E19:P19) -> 0 | R19: =VLOOKUP(C19,'BTH mủ tạp'!$C$15:$AI$94,33,0) -> 0 | T19: =S19*50/100 -> 0 | U19: =R19 -> 0 | V19: =VLOOKUP(C19,'Chấm công KT'!$C$11:$AJ$90,34,0) -> 0 | W19: =VLOOKUP(C19,'Chấm công KT'!$C$11:$AK$90,35,0) -> 0 | Z19: =VLOOKUP(C19,'Chấm công KT'!$C$11:$AN$90,38,0) -> 0 | AA19: =VLOOKUP(C19,'Chấm công KT'!$C$11:$AO$90,39,0) -> 0 | AC19: =Q19 -> 0 | AD19: =VLOOKUP(C19,'BTH mủ tạp'!$C$15:$AL$305,36,0) -> A
A20: 10 | B20: ='Chấm công KT'!D20 -> 03464 | C20: ='Chấm công KT'!C20 -> N. Phôn 1 | D20: CN-KT | Q20: =SUM(E20:P20) -> 0 | R20: =VLOOKUP(C20,'BTH mủ tạp'!$C$15:$AI$94,33,0) -> 0 | T20: =S20*50/100 -> 0 | U20: =R20 -> 0 | V20: =VLOOKUP(C20,'Chấm công KT'!$C$11:$AJ$90,34,0) -> 0 | W20: =VLOOKUP(C20,'Chấm công KT'!$C$11:$AK$90,35,0) -> 0 | Z20: =VLOOKUP(C20,'Chấm công KT'!$C$11:$AN$90,38,0) -> 0 | AA20: =VLOOKUP(C20,'Chấm công KT'!$C$11:$AO$90,39,0) -> 0 | AC20: =Q20 -> 0 | AD20: =VLOOKUP(C20,'BTH mủ tạp'!$C$15:$AL$305,36,0) -> A | AG20: =Q9 -> 13726.58
A21: 11 | B21: ='Chấm công KT'!D21 -> 03465 | C21: ='Chấm công KT'!C21 -> T. In Păn | D21: CN-KT | Q21: =SUM(E21:P21) -> 0 | R21: =VLOOKUP(C21,'BTH mủ tạp'!$C$15:$AI$94,33,0) -> 0 | T21: =S21*50/100 -> 0 | U21: =R21 -> 0 | V21: =VLOOKUP(C21,'Chấm công KT'!$C$11:$AJ$90,34,0) -> 0 | W21: =VLOOKUP(C21,'Chấm công KT'!$C$11:$AK$90,35,0) -> 0 | Z21: =VLOOKUP(C21,'Chấm công KT'!$C$11:$AN$90,38,0) -> 0 | AA21: =VLOOKUP(C21,'Chấm công KT'!$C$11:$AO$90,39,0) -> 0 | AC21: =Q21 -> 0 | AD21: =VLOOKUP(C21,'BTH mủ tạp'!$C$15:$AL$305,36,0) -> B | AG21: =AG20-2544.38 -> 11182.2
A22: 12 | B22: ='Chấm công KT'!D22 -> 03466 | C22: ='Chấm công KT'!C22 -> N. Keo | D22: CN-KT | Q22: =SUM(E22:P22) -> 0 | R22: =VLOOKUP(C22,'BTH mủ tạp'!$C$15:$AI$94,33,0) -> 0 | T22: =S22*50/100 -> 0 | U22: =R22 -> 0 | V22: =VLOOKUP(C22,'Chấm công KT'!$C$11:$AJ$90,34,0) -> 0 | W22: =VLOOKUP(C22,'Chấm công KT'!$C$11:$AK$90,35,0) -> 0 | Z22: =VLOOKUP(C22,'Chấm công KT'!$C$11:$AN$90,38,0) -> 0 | AA22: =VLOOKUP(C22,'Chấm công KT'!$C$11:$AO$90,39,0) -> 0 | AC22: =Q22 -> 0 | AD22: =VLOOKUP(C22,'BTH mủ tạp'!$C$15:$AL$305,36,0) -> A | AG22: =AG21-6.33 -> 11175.87
A23: 13 | B23: ='Chấm công KT'!D23 -> 02727 | C23: ='Chấm công KT'!C23 -> T. Thong Đon | D23: CN-KT | Q23: =SUM(E23:P23) -> 0 | R23: =VLOOKUP(C23,'BTH mủ tạp'!$C$15:$AI$94,33,0) -> 0 | T23: =S23*50/100 -> 0 | U23: =R23 -> 0 | V23: =VLOOKUP(C23,'Chấm công KT'!$C$11:$AJ$90,34,0) -> 0 | W23: =VLOOKUP(C23,'Chấm công KT'!$C$11:$AK$90,35,0) -> 0 | Z23: =VLOOKUP(C23,'Chấm công KT'!$C$11:$AN$90,38,0) -> 0 | AA23: =VLOOKUP(C23,'Chấm công KT'!$C$11:$AO$90,39,0) -> 0 | AC23: =Q23 -> 0 | AD23: =VLOOKUP(C23,'BTH mủ tạp'!$C$15:$AL$305,36,0) -> B
A24: 14 | B24: ='Chấm công KT'!D24 -> 03467 | C24: ='Chấm công KT'!C24 -> T. Hin | D24: CN-KT | Q24: =SUM(E24:P24) -> 0 | R24: =VLOOKUP(C24,'BTH mủ tạp'!$C$15:$AI$94,33,0) -> 0 | T24: =S24*50/100 -> 0 | U24: =R24 -> 0 | V24: =VLOOKUP(C24,'Chấm công KT'!$C$11:$AJ$90,34,0) -> 0 | W24: =VLOOKUP(C24,'Chấm công KT'!$C$11:$AK$90,35,0) -> 0 | Z24: =VLOOKUP(C24,'Chấm công KT'!$C$11:$AN$90,38,0) -> 0 | AA24: =VLOOKUP(C24,'Chấm công KT'!$C$11:$AO$90,39,0) -> 0 | AC24: =Q24 -> 0 | AD24: =VLOOKUP(C24,'BTH mủ tạp'!$C$15:$AL$305,36,0) -> A
A25: 15 | B25: ='Chấm công KT'!D25 -> 03468 | C25: ='Chấm công KT'!C25 -> T. Son | D25: CN-KT | Q25: =SUM(E25:P25) -> 0 | R25: =VLOOKUP(C25,'BTH mủ tạp'!$C$15:$AI$94,33,0) -> 0 | T25: =S25*50/100 -> 0 | U25: =R25 -> 0 | V25: =VLOOKUP(C25,'Chấm công KT'!$C$11:$AJ$90,34,0) -> 0 | W25: =VLOOKUP(C25,'Chấm công KT'!$C$11:$AK$90,35,0) -> 0 | Z25: =VLOOKUP(C25,'Chấm công KT'!$C$11:$AN$90,38,0) -> 0 | AA25: =VLOOKUP(C25,'Chấm công KT'!$C$11:$AO$90,39,0) -> 0 | AC25: =Q25 -> 0 | AD25: =VLOOKUP(C25,'BTH mủ tạp'!$C$15:$AL$305,36,0) -> A
A26: 16 | B26: ='Chấm công KT'!D26 -> 03469 | C26: ='Chấm công KT'!C26 -> T. Xôm Va Nít | D26: CN-KT | Q26: =SUM(E26:P26) -> 0 | R26: =VLOOKUP(C26,'BTH mủ tạp'!$C$15:$AI$94,33,0) -> 0 | T26: =S26*50/100 -> 0 | U26: =R26 -> 0 | V26: =VLOOKUP(C26,'Chấm công KT'!$C$11:$AJ$90,34,0) -> 0 | W26: =VLOOKUP(C26,'Chấm công KT'!$C$11:$AK$90,35,0) -> 0 | Z26: =VLOOKUP(C26,'Chấm công KT'!$C$11:$AN$90,38,0) -> 0 | AA26: =VLOOKUP(C26,'Chấm công KT'!$C$11:$AO$90,39,0) -> 0 | AC26: =Q26 -> 0 | AD26: =VLOOKUP(C26,'BTH mủ tạp'!$C$15:$AL$305,36,0) -> A
A27: 17 | B27: ='Chấm công KT'!D27 -> 03470 | C27: ='Chấm công KT'!C27 -> T. Lọi | D27: CN-KT | Q27: =SUM(E27:P27) -> 0 | R27: =VLOOKUP(C27,'BTH mủ tạp'!$C$15:$AI$94,33,0) -> 0 | T27: =S27*50/100 -> 0 | U27: =R27 -> 0 | V27: =VLOOKUP(C27,'Chấm công KT'!$C$11:$AJ$90,34,0) -> 0 | W27: =VLOOKUP(C27,'Chấm công KT'!$C$11:$AK$90,35,0) -> 0 | Z27: =VLOOKUP(C27,'Chấm công KT'!$C$11:$AN$90,38,0) -> 0 | AA27: =VLOOKUP(C27,'Chấm công KT'!$C$11:$AO$90,39,0) -> 0 | AC27: =Q27 -> 0 | AD27: =VLOOKUP(C27,'BTH mủ tạp'!$C$15:$AL$305,36,0) -> A
A28: 18 | B28: ='Chấm công KT'!D28 -> 03471 | C28: ='Chấm công KT'!C28 -> T. Phô Thong | D28: CN-KT | Q28: =SUM(E28:P28) -> 0 | R28: =VLOOKUP(C28,'BTH mủ tạp'!$C$15:$AI$94,33,0) -> 0 | T28: =S28*50/100 -> 0 | U28: =R28 -> 0 | V28: =VLOOKUP(C28,'Chấm công KT'!$C$11:$AJ$90,34,0) -> 0 | W28: =VLOOKUP(C28,'Chấm công KT'!$C$11:$AK$90,35,0) -> 0 | Z28: =VLOOKUP(C28,'Chấm công KT'!$C$11:$AN$90,38,0) -> 0 | AA28: =VLOOKUP(C28,'Chấm công KT'!$C$11:$AO$90,39,0) -> 0 | AC28: =Q28 -> 0 | AD28: =VLOOKUP(C28,'BTH mủ tạp'!$C$15:$AL$305,36,0) -> A | AF28: =Q9-10084 -> 3642.58
A29: 19 | B29: ='Chấm công KT'!D29 -> 03472 | C29: ='Chấm công KT'!C29 -> N. Soi | D29: CN-KT | Q29: =SUM(E29:P29) -> 0 | R29: =VLOOKUP(C29,'BTH mủ tạp'!$C$15:$AI$94,33,0) -> 0 | T29: =S29*50/100 -> 0 | U29: =R29 -> 0 | V29: =VLOOKUP(C29,'Chấm công KT'!$C$11:$AJ$90,34,0) -> 0 | W29: =VLOOKUP(C29,'Chấm công KT'!$C$11:$AK$90,35,0) -> 0 | Z29: =VLOOKUP(C29,'Chấm công KT'!$C$11:$AN$90,38,0) -> 0 | AA29: =VLOOKUP(C29,'Chấm công KT'!$C$11:$AO$90,39,0) -> 0 | AC29: =Q29 -> 0 | AD29: =VLOOKUP(C29,'BTH mủ tạp'!$C$15:$AL$305,36,0) -> A
A30: 20 | B30: ='Chấm công KT'!D30 -> 03473 | C30: ='Chấm công KT'!C30 -> N. Me Kha La | D30: CN-KT | Q30: =SUM(E30:P30) -> 0 | R30: =VLOOKUP(C30,'BTH mủ tạp'!$C$15:$AI$94,33,0) -> 0 | T30: =S30*50/100 -> 0 | U30: =R30 -> 0 | V30: =VLOOKUP(C30,'Chấm công KT'!$C$11:$AJ$90,34,0) -> 0 | W30: =VLOOKUP(C30,'Chấm công KT'!$C$11:$AK$90,35,0) -> 0 | Z30: =VLOOKUP(C30,'Chấm công KT'!$C$11:$AN$90,38,0) -> 0 | AA30: =VLOOKUP(C30,'Chấm công KT'!$C$11:$AO$90,39,0) -> 0 | AC30: =Q30 -> 0 | AD30: =VLOOKUP(C30,'BTH mủ tạp'!$C$15:$AL$305,36,0) -> A
A31: 21 | B31: ='Chấm công KT'!D31 -> 03474 | C31: ='Chấm công KT'!C31 -> N. Mon Khăm | D31: CN-KT | Q31: =SUM(E31:P31) -> 0 | R31: =VLOOKUP(C31,'BTH mủ tạp'!$C$15:$AI$94,33,0) -> 0 | T31: =S31*50/100 -> 0 | U31: =R31 -> 0 | V31: =VLOOKUP(C31,'Chấm công KT'!$C$11:$AJ$90,34,0) -> 0 | W31: =VLOOKUP(C31,'Chấm công KT'!$C$11:$AK$90,35,0) -> 0 | Z31: =VLOOKUP(C31,'Chấm công KT'!$C$11:$AN$90,38,0) -> 0 | AA31: =VLOOKUP(C31,'Chấm công KT'!$C$11:$AO$90,39,0) -> 0 | AC31: =Q31 -> 0 | AD31: =VLOOKUP(C31,'BTH mủ tạp'!$C$15:$AL$305,36,0) -> B
A32: 22 | B32: ='Chấm công KT'!D32 -> 03475 | C32: ='Chấm công KT'!C32 -> T. In | D32: CN-KT | Q32: =SUM(E32:P32) -> 0 | R32: =VLOOKUP(C32,'BTH mủ tạp'!$C$15:$AI$94,33,0) -> 0 | T32: =S32*50/100 -> 0 | U32: =R32 -> 0 | V32: =VLOOKUP(C32,'Chấm công KT'!$C$11:$AJ$90,34,0) -> 0 | W32: =VLOOKUP(C32,'Chấm công KT'!$C$11:$AK$90,35,0) -> 0 | Z32: =VLOOKUP(C32,'Chấm công KT'!$C$11:$AN$90,38,0) -> 0 | AA32: =VLOOKUP(C32,'Chấm công KT'!$C$11:$AO$90,39,0) -> 0 | AC32: =Q32 -> 0 | AD32: =VLOOKUP(C32,'BTH mủ tạp'!$C$15:$AL$305,36,0) -> C
A33: 23 | B33: ='Chấm công KT'!D33 -> 03476 | C33: ='Chấm công KT'!C33 -> T. Bin Ly. | D33: CN-KT | Q33: =SUM(E33:P33) -> 0 | R33: =VLOOKUP(C33,'BTH mủ tạp'!$C$15:$AI$94,33,0) -> 0 | T33: =S33*50/100 -> 0 | U33: =R33 -> 0 | V33: =VLOOKUP(C33,'Chấm công KT'!$C$11:$AJ$90,34,0) -> 0 | W33: =VLOOKUP(C33,'Chấm công KT'!$C$11:$AK$90,35,0) -> 0 | Z33: =VLOOKUP(C33,'Chấm công KT'!$C$11:$AN$90,38,0) -> 0 | AA33: =VLOOKUP(C33,'Chấm công KT'!$C$11:$AO$90,39,0) -> 0 | AC33: =Q33 -> 0 | AD33: =VLOOKUP(C33,'BTH mủ tạp'!$C$15:$AL$305,36,0) -> B
A34: 24 | B34: ='Chấm công KT'!D34 -> 03477 | C34: ='Chấm công KT'!C34 -> N. Phim Phon. | D34: CN-KT | Q34: =SUM(E34:P34) -> 0 | R34: =VLOOKUP(C34,'BTH mủ tạp'!$C$15:$AI$94,33,0) -> 0 | T34: =S34*50/100 -> 0 | U34: =R34 -> 0 | V34: =VLOOKUP(C34,'Chấm công KT'!$C$11:$AJ$90,34,0) -> 0 | W34: =VLOOKUP(C34,'Chấm công KT'!$C$11:$AK$90,35,0) -> 0 | Z34: =VLOOKUP(C34,'Chấm công KT'!$C$11:$AN$90,38,0) -> 0 | AA34: =VLOOKUP(C34,'Chấm công KT'!$C$11:$AO$90,39,0) -> 0 | AC34: =Q34 -> 0 | AD34: =VLOOKUP(C34,'BTH mủ tạp'!$C$15:$AL$305,36,0) -> C
A35: 25 | B35: ='Chấm công KT'!D35 -> 03478 | C35: ='Chấm công KT'!C35 -> N. Nong | D35: CN-KT | Q35: =SUM(E35:P35) -> 0 | R35: =VLOOKUP(C35,'BTH mủ tạp'!$C$15:$AI$94,33,0) -> 0 | T35: =S35*50/100 -> 0 | U35: =R35 -> 0 | V35: =VLOOKUP(C35,'Chấm công KT'!$C$11:$AJ$90,34,0) -> 0 | W35: =VLOOKUP(C35,'Chấm công KT'!$C$11:$AK$90,35,0) -> 0 | Z35: =VLOOKUP(C35,'Chấm công KT'!$C$11:$AN$90,38,0) -> 0 | AA35: =VLOOKUP(C35,'Chấm công KT'!$C$11:$AO$90,39,0) -> 0 | AC35: =Q35 -> 0 | AD35: =VLOOKUP(C35,'BTH mủ tạp'!$C$15:$AL$305,36,0) -> A
A36: 26 | B36: ='Chấm công KT'!D36 -> 03479 | C36: ='Chấm công KT'!C36 -> N. Tun 1 | D36: CN-KT | Q36: =SUM(E36:P36) -> 0 | R36: =VLOOKUP(C36,'BTH mủ tạp'!$C$15:$AI$94,33,0) -> 0 | T36: =S36*50/100 -> 0 | U36: =R36 -> 0 | V36: =VLOOKUP(C36,'Chấm công KT'!$C$11:$AJ$90,34,0) -> 0 | W36: =VLOOKUP(C36,'Chấm công KT'!$C$11:$AK$90,35,0) -> 0 | Z36: =VLOOKUP(C36,'Chấm công KT'!$C$11:$AN$90,38,0) -> 0 | AA36: =VLOOKUP(C36,'Chấm công KT'!$C$11:$AO$90,39,0) -> 0 | AC36: =Q36 -> 0 | AD36: =VLOOKUP(C36,'BTH mủ tạp'!$C$15:$AL$305,36,0) -> A
A37: 27 | B37: ='Chấm công KT'!D37 -> 03480 | C37: ='Chấm công KT'!C37 -> T . Lốc | D37: CN-KT | Q37: =SUM(E37:P37) -> 0 | R37: =VLOOKUP(C37,'BTH mủ tạp'!$C$15:$AI$94,33,0) -> 0 | T37: =S37*50/100 -> 0 | U37: =R37 -> 0 | V37: =VLOOKUP(C37,'Chấm công KT'!$C$11:$AJ$90,34,0) -> 0 | W37: =VLOOKUP(C37,'Chấm công KT'!$C$11:$AK$90,35,0) -> 0 | Z37: =VLOOKUP(C37,'Chấm công KT'!$C$11:$AN$90,38,0) -> 0 | AA37: =VLOOKUP(C37,'Chấm công KT'!$C$11:$AO$90,39,0) -> 0 | AC37: =Q37 -> 0 | AD37: =VLOOKUP(C37,'BTH mủ tạp'!$C$15:$AL$305,36,0) -> B
A38: 28 | B38: ='Chấm công KT'!D38 -> 03481 | C38: ='Chấm công KT'!C38 -> N . Khâm (1) | D38: CN-KT | Q38: =SUM(E38:P38) -> 0 | R38: =VLOOKUP(C38,'BTH mủ tạp'!$C$15:$AI$94,33,0) -> 0 | T38: =S38*50/100 -> 0 | U38: =R38 -> 0 | V38: =VLOOKUP(C38,'Chấm công KT'!$C$11:$AJ$90,34,0) -> 0 | W38: =VLOOKUP(C38,'Chấm công KT'!$C$11:$AK$90,35,0) -> 0 | Z38: =VLOOKUP(C38,'Chấm công KT'!$C$11:$AN$90,38,0) -> 0 | AA38: =VLOOKUP(C38,'Chấm công KT'!$C$11:$AO$90,39,0) -> 0 | AC38: =Q38 -> 0 | AD38: =VLOOKUP(C38,'BTH mủ tạp'!$C$15:$AL$305,36,0) -> A
A39: 29 | B39: ='Chấm công KT'!D39 -> 03482 | C39: ='Chấm công KT'!C39 -> T . Phết | D39: CN-KT | Q39: =SUM(E39:P39) -> 0 | R39: =VLOOKUP(C39,'BTH mủ tạp'!$C$15:$AI$94,33,0) -> 0 | T39: =S39*50/100 -> 0 | U39: =R39 -> 0 | V39: =VLOOKUP(C39,'Chấm công KT'!$C$11:$AJ$90,34,0) -> 0 | W39: =VLOOKUP(C39,'Chấm công KT'!$C$11:$AK$90,35,0) -> 0 | Z39: =VLOOKUP(C39,'Chấm công KT'!$C$11:$AN$90,38,0) -> 0 | AA39: =VLOOKUP(C39,'Chấm công KT'!$C$11:$AO$90,39,0) -> 0 | AC39: =Q39 -> 0 | AD39: =VLOOKUP(C39,'BTH mủ tạp'!$C$15:$AL$305,36,0) -> A
A40: 30 | B40: ='Chấm công KT'!D40 -> 03483 | C40: ='Chấm công KT'!C40 -> T. Viêng Sa Văn | D40: CN-KT | Q40: =SUM(E40:P40) -> 0 | R40: =VLOOKUP(C40,'BTH mủ tạp'!$C$15:$AI$94,33,0) -> 0 | T40: =S40*50/100 -> 0 | U40: =R40 -> 0 | V40: =VLOOKUP(C40,'Chấm công KT'!$C$11:$AJ$90,34,0) -> 0 | W40: =VLOOKUP(C40,'Chấm công KT'!$C$11:$AK$90,35,0) -> 0 | Z40: =VLOOKUP(C40,'Chấm công KT'!$C$11:$AN$90,38,0) -> 0 | AA40: =VLOOKUP(C40,'Chấm công KT'!$C$11:$AO$90,39,0) -> 0 | AC40: =Q40 -> 0 | AD40: =VLOOKUP(C40,'BTH mủ tạp'!$C$15:$AL$305,36,0) -> A
... A83: 73 | B83: ='Chấm công KT'!D83 -> 02733 | C83: ='Chấm công KT'!C83 -> N. Phôn | D83: CN-KT | Q83: =SUM(E83:P83) -> 0 | R83: =VLOOKUP(C83,'BTH mủ tạp'!$C$15:$AI$94,33,0) -> 0 | T83: =S83*50/100 -> 0 | U83: =R83 -> 0 | V83: =VLOOKUP(C83,'Chấm công KT'!$C$11:$AJ$90,34,0) -> 0 | W83: =VLOOKUP(C83,'Chấm công KT'!$C$11:$AK$90,35,0) -> 0 | Z83: =VLOOKUP(C83,'Chấm công KT'!$C$11:$AN$90,38,0) -> 0 | AA83: =VLOOKUP(C83,'Chấm công KT'!$C$11:$AO$90,39,0) -> 0 | AC83: =Q83 -> 0 | AD83: =VLOOKUP(C83,'BTH mủ tạp'!$C$15:$AL$305,36,0) -> A
A84: 74 | C84: ='Chấm công KT'!C84 -> T. Xem | D84: CN-KT | Q84: =SUM(E84:P84) -> 0 | R84: =VLOOKUP(C84,'BTH mủ tạp'!$C$15:$AI$94,33,0) -> 0 | T84: =S84*50/100 -> 0 | U84: =R84 -> 0 | V84: =VLOOKUP(C84,'Chấm công KT'!$C$11:$AJ$90,34,0) -> 0 | W84: =VLOOKUP(C84,'Chấm công KT'!$C$11:$AK$90,35,0) -> 0 | Z84: =VLOOKUP(C84,'Chấm công KT'!$C$11:$AN$90,38,0) -> 0 | AA84: =VLOOKUP(C84,'Chấm công KT'!$C$11:$AO$90,39,0) -> 0 | AC84: =Q84 -> 0 | AD84: =VLOOKUP(C84,'BTH mủ tạp'!$C$15:$AL$305,36,0) -> C.
A85: 75 | C85: ='Chấm công KT'!C85 -> T.Trí | D85: CN-KT | Q85: =SUM(E85:P85) -> 0 | R85: =VLOOKUP(C85,'BTH mủ tạp'!$C$15:$AI$94,33,0) -> 0 | T85: =S85*50/100 -> 0 | U85: =R85 -> 0 | V85: =VLOOKUP(C85,'Chấm công KT'!$C$11:$AJ$90,34,0) -> 0 | W85: =VLOOKUP(C85,'Chấm công KT'!$C$11:$AK$90,35,0) -> 0 | Z85: =VLOOKUP(C85,'Chấm công KT'!$C$11:$AN$90,38,0) -> 0 | AA85: =VLOOKUP(C85,'Chấm công KT'!$C$11:$AO$90,39,0) -> 0 | AC85: =Q85 -> 0 | AD85: =VLOOKUP(C85,'BTH mủ tạp'!$C$15:$AL$305,36,0) -> C.
A86: 76 | C86: ='Chấm công KT'!C86 -> T. Ngân | D86: CN-KT | Q86: =SUM(E86:P86) -> 0 | R86: =VLOOKUP(C86,'BTH mủ tạp'!$C$15:$AI$94,33,0) -> 0 | T86: =S86*50/100 -> 0 | U86: =R86 -> 0 | V86: =VLOOKUP(C86,'Chấm công KT'!$C$11:$AJ$90,34,0) -> 0 | W86: =VLOOKUP(C86,'Chấm công KT'!$C$11:$AK$90,35,0) -> 0 | Z86: =VLOOKUP(C86,'Chấm công KT'!$C$11:$AN$90,38,0) -> 0 | AA86: =VLOOKUP(C86,'Chấm công KT'!$C$11:$AO$90,39,0) -> 0 | AC86: =Q86 -> 0 | AD86: =VLOOKUP(C86,'BTH mủ tạp'!$C$15:$AL$305,36,0) -> C.
A87: 77 | C87: ='Chấm công KT'!C87 -> T.Pu | D87: CN-KT | Q87: =SUM(E87:P87) -> 0 | R87: =VLOOKUP(C87,'BTH mủ tạp'!$C$15:$AI$94,33,0) -> 0 | U87: =R87 -> 0 | V87: =VLOOKUP(C87,'Chấm công KT'!$C$11:$AJ$90,34,0) -> 0 | W87: =VLOOKUP(C87,'Chấm công KT'!$C$11:$AK$90,35,0) -> 0 | Z87: =VLOOKUP(C87,'Chấm công KT'!$C$11:$AN$90,38,0) -> 0 | AA87: =VLOOKUP(C87,'Chấm công KT'!$C$11:$AO$90,39,0) -> 0 | AC87: =Q87 -> 0 | AD87: =VLOOKUP(C87,'BTH mủ tạp'!$C$15:$AL$305,36,0) -> C.
A88: 78 | C88: ='Chấm công KT'!C88 -> T.Ta | D88: CN-KT | Q88: =SUM(E88:P88) -> 0 | R88: =VLOOKUP(C88,'BTH mủ tạp'!$C$15:$AI$94,33,0) -> 0 | U88: =R88 -> 0 | V88: =VLOOKUP(C88,'Chấm công KT'!$C$11:$AJ$90,34,0) -> 0 | W88: =VLOOKUP(C88,'Chấm công KT'!$C$11:$AK$90,35,0) -> 0 | Z88: =VLOOKUP(C88,'Chấm công KT'!$C$11:$AN$90,38,0) -> 0 | AA88: =VLOOKUP(C88,'Chấm công KT'!$C$11:$AO$90,39,0) -> 0 | AC88: =Q88 -> 0 | AD88: =VLOOKUP(C88,'BTH mủ tạp'!$C$15:$AL$305,36,0) -> C.
A89: 79 | C89: ='Chấm công KT'!C89 -> N.Nang | D89: CN-KT | Q89: =SUM(E89:P89) -> 0 | R89: =VLOOKUP(C89,'BTH mủ tạp'!$C$15:$AI$94,33,0) -> 0 | U89: =R89 -> 0 | V89: =VLOOKUP(C89,'Chấm công KT'!$C$11:$AJ$90,34,0) -> 0 | W89: =VLOOKUP(C89,'Chấm công KT'!$C$11:$AK$90,35,0) -> 0 | Z89: =VLOOKUP(C89,'Chấm công KT'!$C$11:$AN$90,38,0) -> 0 | AA89: =VLOOKUP(C89,'Chấm công KT'!$C$11:$AO$90,39,0) -> 0 | AC89: =Q89 -> 0 | AD89: =VLOOKUP(C89,'BTH mủ tạp'!$C$15:$AL$305,36,0) -> C.
A90: 80 | C90: T. Tan | D90: CNK | Q90: =SUM(E90:P90) -> 0 | R90: =VLOOKUP(C90,'BTH mủ tạp'!$C$15:$AI$94,33,0) -> 0 | U90: =R90 -> 0 | V90: =VLOOKUP(C90,'Chấm công KT'!$C$11:$AJ$90,34,0) -> 0 | W90: =VLOOKUP(C90,'Chấm công KT'!$C$11:$AK$90,35,0) -> 0 | Z90: =VLOOKUP(C90,'Chấm công KT'!$C$11:$AN$90,38,0) -> 0 | AA90: =VLOOKUP(C90,'Chấm công KT'!$C$11:$AO$90,39,0) -> 0 | AC90: =Q90 -> 0 | AD90: =VLOOKUP(C90,'BTH mủ tạp'!$C$15:$AL$305,36,0) -> C.
A91: 81 | C91: Mủ Xi Rum | D91: CNK | Q91: =SUM(E91:P91) -> 0 | S91: ='BTH mủ Sỉum'!AH14 -> 0 | U91: =R91 -> 0 | AC91: =Q91 -> 0 | AD91: =VLOOKUP(C91,'BTH mủ tạp'!$C$15:$AL$305,36,0) -> #N/A
A92: 82 | C92: T . Say | D92: CNK | P92: 3813.57 | Q92: =SUM(E92:P92) -> 3813.57 | U92: =R92 -> 0 | AC92: =Q92 -> 3813.57
A93: 83 | C93: A Xít | D93: CNK | Q93: =SUM(E93:P93) -> 0 | T93: =S93*50/100 -> 0 | U93: =R93 -> 0 | AC93: =Q93 -> 0
A94: 84 | C94: T. Tý | D94: CNK | Q94: =SUM(E94:P94) -> 0 | AC94: =Q94 -> 0
B95: Đội II | E95: =SUM(E96:E183) -> 0 | F95: =SUM(F96:F183) -> 0 | G95: =SUM(G96:G183) -> 0 | H95: =SUM(H96:H183) -> 0 | I95: =SUM(I96:I183) -> 0 | J95: =SUM(J96:J183) -> 0 | K95: =SUM(K96:K183) -> 0 | L95: =SUM(L96:L183) -> 0 | ... AC95: =SUM(AC96:AC183) -> 3852.99 | AF95: 1456 | AG95: 182
A96: 1 | B96: ='Chấm công KT'!D92 -> 0 | C96: ='Chấm công KT'!C92 -> T. Lê | D96: CNKT | Q96: =SUM(E96:P96) -> 0 | R96: =VLOOKUP(C96,'BTH mủ tạp'!$C$97:$AI$180,33,0) -> 0 | T96: =S96*50/100 -> 0 | U96: =R96 -> 0 | V96: =VLOOKUP(C96,'Chấm công KT'!$C$92:$AJ$174,34,0) -> 0 | W96: =VLOOKUP(C96,'Chấm công KT'!$C$92:$AK$174,35,0) -> 0 | Z96: =VLOOKUP(C96,'Chấm công KT'!C92:AN174,38,0) -> 0 | AA96: =VLOOKUP(C96,'Chấm công KT'!$C$92:$AO$174,39,0) -> 0 | AC96: =Q96 -> 0 | AD96: =VLOOKUP(C96,'BTH mủ tạp'!$C$15:$AL$305,36,0) -> A
A97: 2 | B97: ='Chấm công KT'!D93 -> 02735 | C97: ='Chấm công KT'!C93 -> Nang On Teng | D97: CNKT | Q97: =SUM(E97:P97) -> 0 | R97: =VLOOKUP(C97,'BTH mủ tạp'!$C$97:$AI$180,33,0) -> 0 | T97: =S97*50/100 -> 0 | U97: =R97 -> 0 | V97: =VLOOKUP(C97,'Chấm công KT'!$C$92:$AJ$174,34,0) -> 0 | W97: =VLOOKUP(C97,'Chấm công KT'!$C$92:$AK$174,35,0) -> 0 | Z97: =VLOOKUP(C97,'Chấm công KT'!C93:AN176,38,0) -> 0 | AA97: =VLOOKUP(C97,'Chấm công KT'!$C$92:$AO$174,39,0) -> 0 | AC97: =Q97 -> 0 | AD97: =VLOOKUP(C97,'BTH mủ tạp'!$C$15:$AL$305,36,0) -> A
A98: 3 | B98: ='Chấm công KT'!D94 -> 03518 | C98: ='Chấm công KT'!C94 -> T. Đôn Ma | D98: CNKT | Q98: =SUM(E98:P98) -> 0 | R98: =VLOOKUP(C98,'BTH mủ tạp'!$C$97:$AI$180,33,0) -> 0 | T98: =S98*50/100 -> 0 | U98: =R98 -> 0 | V98: =VLOOKUP(C98,'Chấm công KT'!$C$92:$AJ$174,34,0) -> 0 | W98: =VLOOKUP(C98,'Chấm công KT'!$C$92:$AK$174,35,0) -> 0 | Z98: =VLOOKUP(C98,'Chấm công KT'!C94:AN177,38,0) -> 0 | AA98: =VLOOKUP(C98,'Chấm công KT'!$C$92:$AO$174,39,0) -> 0 | AC98: =Q98 -> 0 | AD98: =VLOOKUP(C98,'BTH mủ tạp'!$C$15:$AL$305,36,0) -> A
A99: 4 | B99: ='Chấm công KT'!D95 -> 03519 | C99: ='Chấm công KT'!C95 -> T Nôn | D99: CNKT | Q99: =SUM(E99:P99) -> 0 | R99: =VLOOKUP(C99,'BTH mủ tạp'!$C$97:$AI$180,33,0) -> 0 | T99: =S99*50/100 -> 0 | U99: =R99 -> 0 | V99: =VLOOKUP(C99,'Chấm công KT'!$C$92:$AJ$174,34,0) -> 0 | W99: =VLOOKUP(C99,'Chấm công KT'!$C$92:$AK$174,35,0) -> 0 | Z99: =VLOOKUP(C99,'Chấm công KT'!C95:AN178,38,0) -> 0 | AA99: =VLOOKUP(C99,'Chấm công KT'!$C$92:$AO$174,39,0) -> 0 | AC99: =Q99 -> 0 | AD99: =VLOOKUP(C99,'BTH mủ tạp'!$C$15:$AL$305,36,0) -> A
A100: 5 | B100: ='Chấm công KT'!D96 -> 03520 | C100: ='Chấm công KT'!C96 -> N. Khăm.. | D100: CNKT | Q100: =SUM(E100:P100) -> 0 | R100: =VLOOKUP(C100,'BTH mủ tạp'!$C$97:$AI$180,33,0) -> 0 | T100: =S100*50/100 -> 0 | U100: =R100 -> 0 | V100: =VLOOKUP(C100,'Chấm công KT'!$C$92:$AJ$174,34,0) -> 0 | W100: =VLOOKUP(C100,'Chấm công KT'!$C$92:$AK$174,35,0) -> 0 | Z100: =VLOOKUP(C100,'Chấm công KT'!C96:AN179,38,0) -> 0 | AA100: =VLOOKUP(C100,'Chấm công KT'!$C$92:$AO$174,39,0) -> 0 | AC100: =Q100 -> 0 | AD100: =VLOOKUP(C100,'BTH mủ tạp'!$C$15:$AL$305,36,0) -> A
A101: 6 | B101: ='Chấm công KT'!D97 -> 03521 | C101: ='Chấm công KT'!C97 -> Nang La Ty | D101: CNKT | Q101: =SUM(E101:P101) -> 0 | R101: =VLOOKUP(C101,'BTH mủ tạp'!$C$97:$AI$180,33,0) -> 0 | T101: =S101*50/100 -> 0 | U101: =R101 -> 0 | V101: =VLOOKUP(C101,'Chấm công KT'!$C$92:$AJ$174,34,0) -> 0 | W101: =VLOOKUP(C101,'Chấm công KT'!$C$92:$AK$174,35,0) -> 0 | Z101: =VLOOKUP(C101,'Chấm công KT'!C97:AN180,38,0) -> 0 | AA101: =VLOOKUP(C101,'Chấm công KT'!$C$92:$AO$174,39,0) -> 0 | AC101: =Q101 -> 0 | AD101: =VLOOKUP(C101,'BTH mủ tạp'!$C$15:$AL$305,36,0) -> A
A102: 7 | B102: ='Chấm công KT'!D98 -> 03522 | C102: ='Chấm công KT'!C98 -> N.T.T Trang (1) | D102: CNKT | Q102: =SUM(E102:P102) -> 0 | R102: =VLOOKUP(C102,'BTH mủ tạp'!$C$97:$AI$180,33,0) -> 0 | T102: =S102*50/100 -> 0 | U102: =R102 -> 0 | V102: =VLOOKUP(C102,'Chấm công KT'!$C$92:$AJ$174,34,0) -> 0 | W102: =VLOOKUP(C102,'Chấm công KT'!$C$92:$AK$174,35,0) -> 0 | Z102: =VLOOKUP(C102,'Chấm công KT'!C98:AN181,38,0) -> 0 | AA102: =VLOOKUP(C102,'Chấm công KT'!$C$92:$AO$174,39,0) -> 0 | AC102: =Q102 -> 0 | AD102: =VLOOKUP(C102,'BTH mủ tạp'!$C$15:$AL$305,36,0) -> A
A103: 8 | B103: ='Chấm công KT'!D99 -> 03523 | C103: ='Chấm công KT'!C99 -> T. Ni On | D103: CNKT | Q103: =SUM(E103:P103) -> 0 | R103: =VLOOKUP(C103,'BTH mủ tạp'!$C$97:$AI$180,33,0) -> 0 | T103: =S103*50/100 -> 0 | U103: =R103 -> 0 | V103: =VLOOKUP(C103,'Chấm công KT'!$C$92:$AJ$174,34,0) -> 0 | W103: =VLOOKUP(C103,'Chấm công KT'!$C$92:$AK$174,35,0) -> 0 | Z103: =VLOOKUP(C103,'Chấm công KT'!C99:AN182,38,0) -> 0 | AA103: =VLOOKUP(C103,'Chấm công KT'!$C$92:$AO$174,39,0) -> 0 | AC103: =Q103 -> 0 | AD103: =VLOOKUP(C103,'BTH mủ tạp'!$C$15:$AL$305,36,0) -> B
A104: 9 | B104: ='Chấm công KT'!D100 -> 02739 | C104: ='Chấm công KT'!C100 -> Thảo Lẹ | D104: CNKT | Q104: =SUM(E104:P104) -> 0 | R104: =VLOOKUP(C104,'BTH mủ tạp'!$C$97:$AI$180,33,0) -> 0 | T104: =S104*50/100 -> 0 | U104: =R104 -> 0 | V104: =VLOOKUP(C104,'Chấm công KT'!$C$92:$AJ$174,34,0) -> 0 | W104: =VLOOKUP(C104,'Chấm công KT'!$C$92:$AK$174,35,0) -> 0 | Z104: =VLOOKUP(C104,'Chấm công KT'!C100:AN183,38,0) -> 0 | AA104: =VLOOKUP(C104,'Chấm công KT'!$C$92:$AO$174,39,0) -> 0 | AC104: =Q104 -> 0 | AD104: =VLOOKUP(C104,'BTH mủ tạp'!$C$15:$AL$305,36,0) -> A
A105: 10 | B105: ='Chấm công KT'!D101 -> 03524 | C105: ='Chấm công KT'!C101 -> T. Nả | D105: CNKT | Q105: =SUM(E105:P105) -> 0 | R105: =VLOOKUP(C105,'BTH mủ tạp'!$C$97:$AI$180,33,0) -> 0 | T105: =S105*50/100 -> 0 | U105: =R105 -> 0 | V105: =VLOOKUP(C105,'Chấm công KT'!$C$92:$AJ$174,34,0) -> 0 | W105: =VLOOKUP(C105,'Chấm công KT'!$C$92:$AK$174,35,0) -> 0 | Z105: =VLOOKUP(C105,'Chấm công KT'!C101:AN184,38,0) -> 0 | AA105: =VLOOKUP(C105,'Chấm công KT'!$C$92:$AO$174,39,0) -> 0 | AC105: =Q105 -> 0 | AD105: =VLOOKUP(C105,'BTH mủ tạp'!$C$15:$AL$305,36,0) -> B
A106: 11 | B106: ='Chấm công KT'!D102 -> 03525 | C106: ='Chấm công KT'!C102 -> N. Sa Văn | D106: CNKT | Q106: =SUM(E106:P106) -> 0 | R106: =VLOOKUP(C106,'BTH mủ tạp'!$C$97:$AI$180,33,0) -> 0 | T106: =S106*50/100 -> 0 | U106: =R106 -> 0 | V106: =VLOOKUP(C106,'Chấm công KT'!$C$92:$AJ$174,34,0) -> 0 | W106: =VLOOKUP(C106,'Chấm công KT'!$C$92:$AK$174,35,0) -> 0 | Z106: =VLOOKUP(C106,'Chấm công KT'!C102:AN185,38,0) -> 0 | AA106: =VLOOKUP(C106,'Chấm công KT'!$C$92:$AO$174,39,0) -> 0 | AC106: =Q106 -> 0 | AD106: =VLOOKUP(C106,'BTH mủ tạp'!$C$15:$AL$305,36,0) -> A
A107: 12 | B107: ='Chấm công KT'!D103 -> 03526 | C107: ='Chấm công KT'!C103 -> N. Chăn | D107: CNKT | Q107: =SUM(E107:P107) -> 0 | R107: =VLOOKUP(C107,'BTH mủ tạp'!$C$97:$AI$180,33,0) -> 0 | T107: =S107*50/100 -> 0 | U107: =R107 -> 0 | V107: =VLOOKUP(C107,'Chấm công KT'!$C$92:$AJ$174,34,0) -> 0 | W107: =VLOOKUP(C107,'Chấm công KT'!$C$92:$AK$174,35,0) -> 0 | Z107: =VLOOKUP(C107,'Chấm công KT'!C103:AN186,38,0) -> 0 | AA107: =VLOOKUP(C107,'Chấm công KT'!$C$92:$AO$174,39,0) -> 0 | AC107: =Q107 -> 0 | AD107: =VLOOKUP(C107,'BTH mủ tạp'!$C$15:$AL$305,36,0) -> B
A108: 13 | B108: ='Chấm công KT'!D104 -> 03527 | C108: ='Chấm công KT'!C104 -> T Núc | D108: CNKT | Q108: =SUM(E108:P108) -> 0 | R108: =VLOOKUP(C108,'BTH mủ tạp'!$C$97:$AI$180,33,0) -> 0 | T108: =S108*50/100 -> 0 | U108: =R108 -> 0 | V108: =VLOOKUP(C108,'Chấm công KT'!$C$92:$AJ$174,34,0) -> 0 | W108: =VLOOKUP(C108,'Chấm công KT'!$C$92:$AK$174,35,0) -> 0 | Z108: =VLOOKUP(C108,'Chấm công KT'!C104:AN187,38,0) -> 0 | AA108: =VLOOKUP(C108,'Chấm công KT'!$C$92:$AO$174,39,0) -> 0 | AC108: =Q108 -> 0 | AD108: =VLOOKUP(C108,'BTH mủ tạp'!$C$15:$AL$305,36,0) -> B
... A169: 74 | B169: ='Chấm công KT'!D165 -> 0 | C169: ='Chấm công KT'!C165 -> Bợt | D169: CNKT | Q169: =SUM(E169:P169) -> 0 | R169: =VLOOKUP(C169,'BTH mủ tạp'!$C$97:$AI$180,33,0) -> 0 | T169: =S169*50/100 -> 0 | U169: =R169 -> 0 | V169: =VLOOKUP(C169,'Chấm công KT'!$C$92:$AJ$174,34,0) -> 0 | W169: =VLOOKUP(C169,'Chấm công KT'!$C$92:$AK$174,35,0) -> 0 | Z169: =VLOOKUP(C169,'Chấm công KT'!C165:AN248,38,0) -> 0 | AA169: =VLOOKUP(C169,'Chấm công KT'!$C$92:$AO$174,39,0) -> 0 | AC169: =Q169 -> 0 | AD169: =VLOOKUP(C169,'BTH mủ tạp'!$C$15:$AL$305,36,0) -> C.
A170: 75 | C170: ='Chấm công KT'!C166 -> Đức Văn | D170: CNKT | Q170: =SUM(E170:P170) -> 0 | R170: =VLOOKUP(C170,'BTH mủ tạp'!$C$97:$AI$180,33,0) -> 0 | T170: =S170*50/100 -> 0 | U170: =R170 -> 0 | V170: =VLOOKUP(C170,'Chấm công KT'!$C$92:$AJ$174,34,0) -> 0 | W170: =VLOOKUP(C170,'Chấm công KT'!$C$92:$AK$174,35,0) -> 0 | Z170: =VLOOKUP(C170,'Chấm công KT'!C166:AN249,38,0) -> 0 | AA170: =VLOOKUP(C170,'Chấm công KT'!$C$92:$AO$174,39,0) -> 0 | AC170: =Q170 -> 0 | AD170: =VLOOKUP(C170,'BTH mủ tạp'!$C$15:$AL$305,36,0) -> C.
A171: 76 | C171: ='Chấm công KT'!C167 -> A Van | D171: CNKT | Q171: =SUM(E171:P171) -> 0 | R171: =VLOOKUP(C171,'BTH mủ tạp'!$C$97:$AI$180,33,0) -> 0 | T171: =S171*50/100 -> 0 | U171: =R171 -> 0 | V171: =VLOOKUP(C171,'Chấm công KT'!$C$92:$AJ$174,34,0) -> 0 | W171: =VLOOKUP(C171,'Chấm công KT'!$C$92:$AK$174,35,0) -> 0 | Z171: =VLOOKUP(C171,'Chấm công KT'!C167:AN250,38,0) -> 0 | AA171: =VLOOKUP(C171,'Chấm công KT'!$C$92:$AO$174,39,0) -> 0 | AC171: =Q171 -> 0 | AD171: =VLOOKUP(C171,'BTH mủ tạp'!$C$15:$AL$305,36,0) -> C.
A172: 77 | C172: ='Chấm công KT'!C168 -> A thít | Q172: =SUM(E172:P172) -> 0 | R172: =VLOOKUP(C172,'BTH mủ tạp'!$C$97:$AI$180,33,0) -> 0 | T172: =S172*50/100 -> 0 | U172: =R172 -> 0 | V172: =VLOOKUP(C172,'Chấm công KT'!$C$92:$AJ$174,34,0) -> 0 | W172: =VLOOKUP(C172,'Chấm công KT'!$C$92:$AK$174,35,0) -> 0 | Z172: =VLOOKUP(C172,'Chấm công KT'!C168:AN251,38,0) -> 0 | AA172: =VLOOKUP(C172,'Chấm công KT'!$C$92:$AO$174,39,0) -> 0 | AC172: =Q172 -> 0 | AD172: =VLOOKUP(C172,'BTH mủ tạp'!$C$15:$AL$305,36,0) -> C.
A173: 78 | C173: ='Chấm công KT'!C169 -> Món | Q173: =SUM(E173:P173) -> 0 | R173: =VLOOKUP(C173,'BTH mủ tạp'!$C$97:$AI$180,33,0) -> 0 | T173: =S173*50/100 -> 0 | U173: =R173 -> 0 | V173: =VLOOKUP(C173,'Chấm công KT'!$C$92:$AJ$174,34,0) -> 0 | W173: =VLOOKUP(C173,'Chấm công KT'!$C$92:$AK$174,35,0) -> 0 | Z173: =VLOOKUP(C173,'Chấm công KT'!C169:AN252,38,0) -> 0 | AA173: =VLOOKUP(C173,'Chấm công KT'!$C$92:$AO$174,39,0) -> 0 | AC173: =Q173 -> 0 | AD173: =VLOOKUP(C173,'BTH mủ tạp'!$C$15:$AL$305,36,0) -> C.
A174: 79 | C174: ='Chấm công KT'!C170 -> A tèng | Q174: =SUM(E174:P174) -> 0 | R174: =VLOOKUP(C174,'BTH mủ tạp'!$C$97:$AI$180,33,0) -> 0 | U174: =R174 -> 0 | V174: =VLOOKUP(C174,'Chấm công KT'!$C$92:$AJ$174,34,0) -> 0 | W174: =VLOOKUP(C174,'Chấm công KT'!$C$92:$AK$174,35,0) -> 0 | Z174: =VLOOKUP(C174,'Chấm công KT'!C170:AN253,38,0) -> 0 | AA174: =VLOOKUP(C174,'Chấm công KT'!$C$92:$AO$174,39,0) -> 0 | AC174: =Q174 -> 0 | AD174: =VLOOKUP(C174,'BTH mủ tạp'!$C$15:$AL$305,36,0) -> C.
A175: 80 | C175: ='Chấm công KT'!C171 -> Đao | Q175: =SUM(E175:P175) -> 0 | R175: =VLOOKUP(C175,'BTH mủ tạp'!$C$97:$AI$180,33,0) -> 0 | U175: =R175 -> 0 | V175: =VLOOKUP(C175,'Chấm công KT'!$C$92:$AJ$174,34,0) -> 0 | W175: =VLOOKUP(C175,'Chấm công KT'!$C$92:$AK$174,35,0) -> 0 | Z175: =VLOOKUP(C175,'Chấm công KT'!C171:AN254,38,0) -> 0 | AA175: =VLOOKUP(C175,'Chấm công KT'!$C$92:$AO$174,39,0) -> 0 | AC175: =Q175 -> 0 | AD175: =VLOOKUP(C175,'BTH mủ tạp'!$C$15:$AL$305,36,0) -> C.
A176: 81 | C176: ='Chấm công KT'!C172 -> Lôn | Q176: =SUM(E176:P176) -> 0 | R176: =VLOOKUP(C176,'BTH mủ tạp'!$C$97:$AI$180,33,0) -> 0 | U176: =R176 -> 0 | V176: =VLOOKUP(C176,'Chấm công KT'!$C$92:$AJ$174,34,0) -> 0 | W176: =VLOOKUP(C176,'Chấm công KT'!$C$92:$AK$174,35,0) -> 0 | Z176: =VLOOKUP(C176,'Chấm công KT'!C172:AN255,38,0) -> 0 | AA176: =VLOOKUP(C176,'Chấm công KT'!$C$92:$AO$174,39,0) -> 0 | AC176: =Q176 -> 0 | AD176: =VLOOKUP(C176,'BTH mủ tạp'!$C$15:$AL$305,36,0) -> C.
A177: 82 | C177: ='Chấm công KT'!C173 -> Phay | Q177: =SUM(E177:P177) -> 0 | R177: =VLOOKUP(C177,'BTH mủ tạp'!$C$97:$AI$180,33,0) -> 0 | U177: =R177 -> 0 | V177: =VLOOKUP(C177,'Chấm công KT'!$C$92:$AJ$174,34,0) -> 0 | W177: =VLOOKUP(C177,'Chấm công KT'!$C$92:$AK$174,35,0) -> 0 | Z177: =VLOOKUP(C177,'Chấm công KT'!C173:AN256,38,0) -> 0 | AA177: =VLOOKUP(C177,'Chấm công KT'!$C$92:$AO$174,39,0) -> 0 | AC177: =Q177 -> 0 | AD177: =VLOOKUP(C177,'BTH mủ tạp'!$C$15:$AL$305,36,0) -> C.
A178: 83 | C178: ='Chấm công KT'!C174 -> Chày | Q178: =SUM(E178:P178) -> 0 | R178: =VLOOKUP(C178,'BTH mủ tạp'!$C$97:$AI$180,33,0) -> 0 | U178: =R178 -> 0 | V178: =VLOOKUP(C178,'Chấm công KT'!$C$92:$AJ$174,34,0) -> 0 | W178: =VLOOKUP(C178,'Chấm công KT'!$C$92:$AK$174,35,0) -> 0 | Z178: =VLOOKUP(C178,'Chấm công KT'!C174:AN257,38,0) -> 0 | AA178: =VLOOKUP(C178,'Chấm công KT'!$C$92:$AO$174,39,0) -> 0 | AC178: =Q178 -> 0 | AD178: =VLOOKUP(C178,'BTH mủ tạp'!$C$15:$AL$305,36,0) -> C.
A179: 84 | C179: ='Chấm công KT'!C175 -> Mày | Q179: =SUM(E179:P179) -> 0 | R179: =VLOOKUP(C179,'BTH mủ tạp'!$C$97:$AI$180,33,0) -> 0 | U179: =R179 -> 0 | V179: =VLOOKUP(C179,'Chấm công KT'!$C$92:$AJ$175,34,0) -> 0 | W179: =VLOOKUP(C179,'Chấm công KT'!$C$92:$AK$175,35,0) -> 0 | Z179: =VLOOKUP(C179,'Chấm công KT'!C175:AN258,38,0) -> 0 | AA179: =VLOOKUP(C179,'Chấm công KT'!$C$92:$AO$175,39,0) -> 0 | AC179: =Q179 -> 0
A180: 85 | C180: Mủ Xi Rum
A181: 86 | C181: Say ủi | Q181: =SUM(E181:P181) -> 0 | AC181: =Q181 -> 0
A182: 87 | C182: Kỷ | P182: 3852.99 | Q182: =SUM(E182:P182) -> 3852.99 | AC182: =Q182 -> 3852.99
A183: 88 | C183: Say | Q183: =SUM(E183:P183) -> 0 | AC183: =Q183 -> 0
B184: Đội III | E184: =SUM(E185:E249) -> 0 | F184: =SUM(F185:F249) -> 0 | G184: =SUM(G185:G249) -> 0 | H184: =SUM(H185:H249) -> 0 | I184: =SUM(I185:I249) -> 0 | J184: =SUM(J185:J249) -> 0 | K184: =SUM(K185:K249) -> 0 | L184: =SUM(L185:L249) -> 0 | ... AC184: =SUM(AC185:AC249) -> 3218.16 | AE184: =SUM(AE185:AE248) -> 0 | AF184: 1121 | AG184: 135 | AH184: 1191 | AI184: 173
A185: 1 | B185: ='Chấm công KT'!D177 -> 03588 | C185: ='Chấm công KT'!C177 -> T.Son say A | D185: CNKT | Q185: =SUM(E185:P185) -> 0 | R185: =VLOOKUP(C185,'BTH mủ tạp'!$C$183:$AI$244,33,0) -> 0 | T185: =S185*50/100 -> 0 | U185: =R185 -> 0 | V185: =VLOOKUP(C185,'Chấm công KT'!$C$177:$AJ$238,34,0) -> 0 | W185: =VLOOKUP(C185,'Chấm công KT'!$C$177:$AK$238,35,0) -> 0 | X185: =VLOOKUP(C185,'Chấm công KT'!C177:AL238,36,0) -> 0 | AC185: =Q185 -> 0 | AD185: =VLOOKUP(C185,'BTH mủ tạp'!$C$15:$AL$305,36,0) -> B
A186: 2 | B186: ='Chấm công KT'!D178 -> 03466 | C186: ='Chấm công KT'!C178 -> N. Keo | D186: CNKT | Q186: =SUM(E186:P186) -> 0 | R186: =VLOOKUP(C186,'BTH mủ tạp'!$C$183:$AI$244,33,0) -> 0 | T186: =S186*50/100 -> 0 | U186: =R186 -> 0 | V186: =VLOOKUP(C186,'Chấm công KT'!$C$177:$AJ$238,34,0) -> 0 | W186: =VLOOKUP(C186,'Chấm công KT'!$C$177:$AK$238,35,0) -> 0 | X186: =VLOOKUP(C186,'Chấm công KT'!C178:AL239,36,0) -> 0 | AC186: =Q186 -> 0 | AD186: =VLOOKUP(C186,'BTH mủ tạp'!$C$15:$AL$305,36,0) -> A
A187: 3 | B187: ='Chấm công KT'!D179 -> 03590 | C187: ='Chấm công KT'!C179 -> T .Nhum | D187: CNKT | Q187: =SUM(E187:P187) -> 0 | R187: =VLOOKUP(C187,'BTH mủ tạp'!$C$183:$AI$244,33,0) -> 0 | T187: =S187*50/100 -> 0 | U187: =R187 -> 0 | V187: =VLOOKUP(C187,'Chấm công KT'!$C$177:$AJ$238,34,0) -> 0 | W187: =VLOOKUP(C187,'Chấm công KT'!$C$177:$AK$238,35,0) -> 0 | X187: =VLOOKUP(C187,'Chấm công KT'!C179:AL240,36,0) -> 0 | AC187: =Q187 -> 0 | AD187: =VLOOKUP(C187,'BTH mủ tạp'!$C$15:$AL$305,36,0) -> B
A188: 4 | B188: ='Chấm công KT'!D180 -> 03591 | C188: ='Chấm công KT'!C180 -> N.Vông Ma Ni | D188: CNKT | Q188: =SUM(E188:P188) -> 0 | R188: =VLOOKUP(C188,'BTH mủ tạp'!$C$183:$AI$244,33,0) -> 0 | T188: =S188*50/100 -> 0 | U188: =R188 -> 0 | V188: =VLOOKUP(C188,'Chấm công KT'!$C$177:$AJ$238,34,0) -> 0 | W188: =VLOOKUP(C188,'Chấm công KT'!$C$177:$AK$238,35,0) -> 0 | X188: =VLOOKUP(C188,'Chấm công KT'!C180:AL241,36,0) -> 0 | AC188: =Q188 -> 0 | AD188: =VLOOKUP(C188,'BTH mủ tạp'!$C$15:$AL$305,36,0) -> A
A189: 5 | B189: ='Chấm công KT'!D181 -> 03592 | C189: ='Chấm công KT'!C181 -> Đao Hương | D189: CNKT | Q189: =SUM(E189:P189) -> 0 | R189: =VLOOKUP(C189,'BTH mủ tạp'!$C$183:$AI$244,33,0) -> 0 | T189: =S189*50/100 -> 0 | U189: =R189 -> 0 | V189: =VLOOKUP(C189,'Chấm công KT'!$C$177:$AJ$238,34,0) -> 0 | W189: =VLOOKUP(C189,'Chấm công KT'!$C$177:$AK$238,35,0) -> 0 | X189: =VLOOKUP(C189,'Chấm công KT'!C181:AL242,36,0) -> 0 | AC189: =Q189 -> 0 | AD189: =VLOOKUP(C189,'BTH mủ tạp'!$C$15:$AL$305,36,0) -> A | AF189: =241.33-E184 -> 241.33
A190: 6 | B190: ='Chấm công KT'!D182 -> 03593 | C190: ='Chấm công KT'!C182 -> T. Xi Nun | D190: CNKT | Q190: =SUM(E190:P190) -> 0 | R190: =VLOOKUP(C190,'BTH mủ tạp'!$C$183:$AI$244,33,0) -> 0 | T190: =S190*50/100 -> 0 | U190: =R190 -> 0 | V190: =VLOOKUP(C190,'Chấm công KT'!$C$177:$AJ$238,34,0) -> 0 | W190: =VLOOKUP(C190,'Chấm công KT'!$C$177:$AK$238,35,0) -> 0 | X190: =VLOOKUP(C190,'Chấm công KT'!C182:AL243,36,0) -> 0 | AC190: =Q190 -> 0 | AD190: =VLOOKUP(C190,'BTH mủ tạp'!$C$15:$AL$305,36,0) -> A | AG190: =183*0.5 -> 91.5
A191: 7 | B191: ='Chấm công KT'!D183 -> 03594 | C191: ='Chấm công KT'!C183 -> T. Bun Hinh | D191: CNKT | Q191: =SUM(E191:P191) -> 0 | R191: =VLOOKUP(C191,'BTH mủ tạp'!$C$183:$AI$244,33,0) -> 0 | T191: =S191*50/100 -> 0 | U191: =R191 -> 0 | V191: =VLOOKUP(C191,'Chấm công KT'!$C$177:$AJ$238,34,0) -> 0 | W191: =VLOOKUP(C191,'Chấm công KT'!$C$177:$AK$238,35,0) -> 0 | X191: =VLOOKUP(C191,'Chấm công KT'!C183:AL244,36,0) -> 0 | AC191: =Q191 -> 0 | AD191: =VLOOKUP(C191,'BTH mủ tạp'!$C$15:$AL$305,36,0) -> A
A192: 8 | B192: ='Chấm công KT'!D184 -> 03595 | C192: ='Chấm công KT'!C184 -> N. Lăm | D192: CNKT | Q192: =SUM(E192:P192) -> 0 | R192: =VLOOKUP(C192,'BTH mủ tạp'!$C$183:$AI$244,33,0) -> 0 | T192: =S192*50/100 -> 0 | U192: =R192 -> 0 | V192: =VLOOKUP(C192,'Chấm công KT'!$C$177:$AJ$238,34,0) -> 0 | W192: =VLOOKUP(C192,'Chấm công KT'!$C$177:$AK$238,35,0) -> 0 | X192: =VLOOKUP(C192,'Chấm công KT'!C184:AL245,36,0) -> 0 | AC192: =Q192 -> 0 | AD192: =VLOOKUP(C192,'BTH mủ tạp'!$C$15:$AL$305,36,0) -> A
A193: 9 | B193: ='Chấm công KT'!D185 -> 03596 | C193: ='Chấm công KT'!C185 -> N. Xúc | D193: CNKT | Q193: =SUM(E193:P193) -> 0 | R193: =VLOOKUP(C193,'BTH mủ tạp'!$C$183:$AI$244,33,0) -> 0 | T193: =S193*50/100 -> 0 | U193: =R193 -> 0 | V193: =VLOOKUP(C193,'Chấm công KT'!$C$177:$AJ$238,34,0) -> 0 | W193: =VLOOKUP(C193,'Chấm công KT'!$C$177:$AK$238,35,0) -> 0 | X193: =VLOOKUP(C193,'Chấm công KT'!C185:AL246,36,0) -> 0 | AC193: =Q193 -> 0 | AD193: =VLOOKUP(C193,'BTH mủ tạp'!$C$15:$AL$305,36,0) -> A
A194: 10 | B194: ='Chấm công KT'!D186 -> 03597 | C194: ='Chấm công KT'!C186 -> N. Lẹ | D194: CNKT | Q194: =SUM(E194:P194) -> 0 | R194: =VLOOKUP(C194,'BTH mủ tạp'!$C$183:$AI$244,33,0) -> 0 | T194: =S194*50/100 -> 0 | U194: =R194 -> 0 | V194: =VLOOKUP(C194,'Chấm công KT'!$C$177:$AJ$238,34,0) -> 0 | W194: =VLOOKUP(C194,'Chấm công KT'!$C$177:$AK$238,35,0) -> 0 | X194: =VLOOKUP(C194,'Chấm công KT'!C186:AL247,36,0) -> 0 | AC194: =Q194 -> 0 | AD194: =VLOOKUP(C194,'BTH mủ tạp'!$C$15:$AL$305,36,0) -> B
A195: 11 | B195: ='Chấm công KT'!D187 -> 03598 | C195: ='Chấm công KT'!C187 -> N . Thích | D195: CNKT | Q195: =SUM(E195:P195) -> 0 | R195: =VLOOKUP(C195,'BTH mủ tạp'!$C$183:$AI$244,33,0) -> 0 | T195: =S195*50/100 -> 0 | U195: =R195 -> 0 | V195: =VLOOKUP(C195,'Chấm công KT'!$C$177:$AJ$238,34,0) -> 0 | W195: =VLOOKUP(C195,'Chấm công KT'!$C$177:$AK$238,35,0) -> 0 | X195: =VLOOKUP(C195,'Chấm công KT'!C187:AL248,36,0) -> 0 | AC195: =Q195 -> 0 | AD195: =VLOOKUP(C195,'BTH mủ tạp'!$C$15:$AL$305,36,0) -> A
A196: 12 | B196: ='Chấm công KT'!D188 -> 03599 | C196: ='Chấm công KT'!C188 -> N. Cong Mi | D196: CNKT | Q196: =SUM(E196:P196) -> 0 | R196: =VLOOKUP(C196,'BTH mủ tạp'!$C$183:$AI$244,33,0) -> 0 | T196: =S196*50/100 -> 0 | U196: =R196 -> 0 | V196: =VLOOKUP(C196,'Chấm công KT'!$C$177:$AJ$238,34,0) -> 0 | W196: =VLOOKUP(C196,'Chấm công KT'!$C$177:$AK$238,35,0) -> 0 | X196: =VLOOKUP(C196,'Chấm công KT'!C188:AL249,36,0) -> 0 | AC196: =Q196 -> 0 | AD196: =VLOOKUP(C196,'BTH mủ tạp'!$C$15:$AL$305,36,0) -> A
A197: 13 | B197: ='Chấm công KT'!D189 -> 03600 | C197: ='Chấm công KT'!C189 -> T . Vay | D197: CNKT | Q197: =SUM(E197:P197) -> 0 | R197: =VLOOKUP(C197,'BTH mủ tạp'!$C$183:$AI$244,33,0) -> 0 | T197: =S197*50/100 -> 0 | U197: =R197 -> 0 | V197: =VLOOKUP(C197,'Chấm công KT'!$C$177:$AJ$238,34,0) -> 0 | W197: =VLOOKUP(C197,'Chấm công KT'!$C$177:$AK$238,35,0) -> 0 | X197: =VLOOKUP(C197,'Chấm công KT'!C189:AL250,36,0) -> 0 | AC197: =Q197 -> 0 | AD197: =VLOOKUP(C197,'BTH mủ tạp'!$C$15:$AL$305,36,0) -> A
A198: 14 | B198: ='Chấm công KT'!D190 -> 03601 | C198: ='Chấm công KT'!C190 -> T. Khăm Mặn | D198: CNKT | Q198: =SUM(E198:P198) -> 0 | R198: =VLOOKUP(C198,'BTH mủ tạp'!$C$183:$AI$244,33,0) -> 0 | T198: =S198*50/100 -> 0 | U198: =R198 -> 0 | V198: =VLOOKUP(C198,'Chấm công KT'!$C$177:$AJ$238,34,0) -> 0 | W198: =VLOOKUP(C198,'Chấm công KT'!$C$177:$AK$238,35,0) -> 0 | X198: =VLOOKUP(C198,'Chấm công KT'!C190:AL251,36,0) -> 0 | AC198: =Q198 -> 0 | AD198: =VLOOKUP(C198,'BTH mủ tạp'!$C$15:$AL$305,36,0) -> A
A199: 15 | B199: ='Chấm công KT'!D191 -> 03602 | C199: ='Chấm công KT'!C191 -> T . In Tong | D199: CNKT | Q199: =SUM(E199:P199) -> 0 | R199: =VLOOKUP(C199,'BTH mủ tạp'!$C$183:$AI$244,33,0) -> 0 | T199: =S199*50/100 -> 0 | U199: =R199 -> 0 | V199: =VLOOKUP(C199,'Chấm công KT'!$C$177:$AJ$238,34,0) -> 0 | W199: =VLOOKUP(C199,'Chấm công KT'!$C$177:$AK$238,35,0) -> 0 | X199: =VLOOKUP(C199,'Chấm công KT'!C191:AL252,36,0) -> 0 | AC199: =Q199 -> 0 | AD199: =VLOOKUP(C199,'BTH mủ tạp'!$C$15:$AL$305,36,0) -> A
A200: 16 | B200: ='Chấm công KT'!D192 -> 03603 | C200: ='Chấm công KT'!C192 -> T. Sòn | D200: CNKT | Q200: =SUM(E200:P200) -> 0 | R200: =VLOOKUP(C200,'BTH mủ tạp'!$C$183:$AI$244,33,0) -> 0 | T200: =S200*50/100 -> 0 | U200: =R200 -> 0 | V200: =VLOOKUP(C200,'Chấm công KT'!$C$177:$AJ$238,34,0) -> 0 | W200: =VLOOKUP(C200,'Chấm công KT'!$C$177:$AK$238,35,0) -> 0 | X200: =VLOOKUP(C200,'Chấm công KT'!C192:AL253,36,0) -> 0 | AC200: =Q200 -> 0 | AD200: =VLOOKUP(C200,'BTH mủ tạp'!$C$15:$AL$305,36,0) -> B
A201: 17 | B201: ='Chấm công KT'!D193 -> 03604 | C201: ='Chấm công KT'!C193 -> T. Lăm Phêng | D201: CNKT | Q201: =SUM(E201:P201) -> 0 | R201: =VLOOKUP(C201,'BTH mủ tạp'!$C$183:$AI$244,33,0) -> 0 | T201: =S201*50/100 -> 0 | U201: =R201 -> 0 | V201: =VLOOKUP(C201,'Chấm công KT'!$C$177:$AJ$238,34,0) -> 0 | W201: =VLOOKUP(C201,'Chấm công KT'!$C$177:$AK$238,35,0) -> 0 | X201: =VLOOKUP(C201,'Chấm công KT'!C193:AL254,36,0) -> 0 | AC201: =Q201 -> 0 | AD201: =VLOOKUP(C201,'BTH mủ tạp'!$C$15:$AL$305,36,0) -> A
A202: 18 | B202: ='Chấm công KT'!D194 -> #N/A | C202: ='Chấm công KT'!C194 -> T Xèng | D202: CNKT | Q202: =SUM(E202:P202) -> 0 | R202: =VLOOKUP(C202,'BTH mủ tạp'!$C$183:$AI$244,33,0) -> 0 | T202: =S202*50/100 -> 0 | U202: =R202 -> 0 | V202: =VLOOKUP(C202,'Chấm công KT'!$C$177:$AJ$238,34,0) -> 0 | W202: =VLOOKUP(C202,'Chấm công KT'!$C$177:$AK$238,35,0) -> 0 | X202: =VLOOKUP(C202,'Chấm công KT'!C194:AL255,36,0) -> 0 | AC202: =Q202 -> 0 | AD202: =VLOOKUP(C202,'BTH mủ tạp'!$C$15:$AL$305,36,0) -> A
... A227: 43 | B227: ='Chấm công KT'!D219 -> 03629 | C227: ='Chấm công KT'!C219 -> T. Chăn La . | D227: CNKT | Q227: =SUM(E227:P227) -> 0 | R227: =VLOOKUP(C227,'BTH mủ tạp'!$C$183:$AI$244,33,0) -> 0 | T227: =S227*50/100 -> 0 | U227: =R227 -> 0 | V227: =VLOOKUP(C227,'Chấm công KT'!$C$177:$AJ$238,34,0) -> 0 | W227: =VLOOKUP(C227,'Chấm công KT'!$C$177:$AK$238,35,0) -> 0 | X227: =VLOOKUP(C227,'Chấm công KT'!C219:AL280,36,0) -> 0 | AC227: =Q227 -> 0 | AD227: =VLOOKUP(C227,'BTH mủ tạp'!$C$15:$AL$305,36,0) -> A
...

Sheet CNKT Đ1
A2: CỘNG HÒA DÂN CHỦ NHÂN DÂN LÀO
A3: Hòa Bình - Độc Lập - Dân Chủ - Thống Nhất - Thịnh Vượng
A4: -----o0o-----
A6: CÔNG TY TNHH CỔ PHẦN QUASA - GERUCO LÀO
A7: ĐƠN VỊ: NÔNG TRƯỜNG 2
A9: BẢNG LƯƠNG KHAI THÁC ĐỘI 1 THÁNG 02 NĂM 2025 | AA9: Mủ tạp | AB9: ='BTH mủ tạp'!$AI$14 -> 0
AA10: mủ QK | AB10: ='BTH mủ tạp'!$AK$14 -> 0
AA11: DRC mủ dây | AB11: 0.5
C12: Tỷ giá Bath qua Kip: | E12: ='CNKT '!E11 -> 656 | Z12: =AB10/AB9 -> #DIV/0! | AA12: DRC mủ serum | AB12: 0.2
A13: STT | B13: Mã số nhân viên | C13: Họ và tên | D13: Kí nhận | E13: LƯƠNG | X13: Tổng lương | Y13: Thuế TNCN | Z13: Tiền lương còn lại
E14: Lương chăm sóc ( đơn giá 25.000 kíp/ công) | J14: Lương sản lượng | M14: Phụ cấp khai thác
E15: Ngày công | F15: Thành tiền | G15: Mủ tạp (kg) | H15: Mủ dây (kg) | I15: Mủ xirum (kg) | J15: Quy khô ( kg) | K15: Hạng kỹ thuật | L15: Thành tiền | M15: Phụ cấp ngày công bình thường | N15: Phụ cấp ngày CN thường | O15: Phụ cấp ngày công đi cạo 2 lát | P15: Phụ cấp ngày công chủ nhật cạo 2 lát | Q15: Phụ cấp ngày công cạo gia tăng 2 miêng | R15: Phụ cấp ngày chủ nhật cạo gia tăng 2 miệng | S15: Phụ cấp nhỏ a xít (20.000 kíp/phần) | T15: Phụ cấp tiền lương (10.000 kíp/phần) | U15: Phụ cấp tiền lương (30.000 kíp/phần) | W15: Thành tiền | AB15: =5.5*E12 -> 3608 | AC15: =265*AB15 -> 956120
A16: 1 | B16: ='Chấm công KT'!D11 -> 03456 | C16: =TONGHOPCONGDOI!C11 -> T. Vôn | X16: =F16+L16+W16 -> 0 | Z16: =VLOOKUP(C16,'CNKT '!C16:Z93,24,0) -> 0 | AA16: =Z16-X16 -> 0
A17: 2 | C17: =TONGHOPCONGDOI!C12 -> T. Feng | X17: =F17+L17+W17 -> 0 | Z17: =VLOOKUP(C17,'CNKT '!C17:Z94,24,0) -> 0 | AA17: =Z17-X17 -> 0
A18: 3 | B18: ='Chấm công KT'!D13 -> 02725 | C18: =TONGHOPCONGDOI!C13 -> T. Sa Văn | X18: =F18+L18+W18 -> 0 | Z18: =VLOOKUP(C18,'CNKT '!C18:Z95,24,0) -> 0 | AA18: =Z18-X18 -> 0
A19: 4 | B19: ='Chấm công KT'!D14 -> 03458 | C19: =TONGHOPCONGDOI!C14 -> N. Pheng Mi | X19: =F19+L19+W19 -> 0 | Z19: =VLOOKUP(C19,'CNKT '!C19:Z96,24,0) -> 0 | AA19: =Z19-X19 -> 0
A20: 5 | B20: ='Chấm công KT'!D15 -> 03459 | C20: =TONGHOPCONGDOI!C15 -> N. Vạt | X20: =F20+L20+W20 -> 0 | Z20: =VLOOKUP(C20,'CNKT '!C20:Z97,24,0) -> 0 | AA20: =Z20-X20 -> 0
A21: 6 | B21: ='Chấm công KT'!D16 -> 03460 | C21: =TONGHOPCONGDOI!C16 -> T. Tích | X21: =F21+L21+W21 -> 0 | Z21: =VLOOKUP(C21,'CNKT '!C21:Z98,24,0) -> 0 | AA21: =Z21-X21 -> 0
A22: 7 | B22: ='Chấm công KT'!D17 -> 03461 | C22: =TONGHOPCONGDOI!C17 -> T. Bi Ly | X22: =F22+L22+W22 -> 0 | Z22: =VLOOKUP(C22,'CNKT '!C22:Z99,24,0) -> 0 | AA22: =Z22-X22 -> 0
A23: 8 | B23: ='Chấm công KT'!D18 -> 03462 | C23: =TONGHOPCONGDOI!C18 -> T . Bua Ngân | X23: =F23+L23+W23 -> 0 | Z23: =VLOOKUP(C23,'CNKT '!C23:Z100,24,0) -> 0 | AA23: =Z23-X23 -> 0
A24: 9 | B24: ='Chấm công KT'!D19 -> 03463 | C24: =TONGHOPCONGDOI!C19 -> T Căng | X24: =F24+L24+W24 -> 0 | Z24: =VLOOKUP(C24,'CNKT '!C24:Z101,24,0) -> 0 | AA24: =Z24-X24 -> 0
A25: 10 | B25: ='Chấm công KT'!D20 -> 03464 | C25: =TONGHOPCONGDOI!C20 -> N. Phôn 1 | X25: =F25+L25+W25 -> 0 | Z25: =VLOOKUP(C25,'CNKT '!C25:Z102,24,0) -> 0 | AA25: =Z25-X25 -> 0
A26: 11 | B26: ='Chấm công KT'!D21 -> 03465 | C26: =TONGHOPCONGDOI!C21 -> T. In Păn | X26: =F26+L26+W26 -> 0 | Z26: =VLOOKUP(C26,'CNKT '!C26:Z103,24,0) -> 0 | AA26: =Z26-X26 -> 0
A27: 12 | B27: ='Chấm công KT'!D22 -> 03466 | C27: =TONGHOPCONGDOI!C22 -> N. Keo | X27: =F27+L27+W27 -> 0 | Z27: =VLOOKUP(C27,'CNKT '!C27:Z104,24,0) -> 0 | AA27: =Z27-X27 -> 0
A28: 13 | B28: ='Chấm công KT'!D23 -> 02727 | C28: =TONGHOPCONGDOI!C23 -> T. Thong Đon | X28: =F28+L28+W28 -> 0 | Z28: =VLOOKUP(C28,'CNKT '!C28:Z105,24,0) -> 0 | AA28: =Z28-X28 -> 0
A29: 14 | B29: ='Chấm công KT'!D24 -> 03467 | C29: =TONGHOPCONGDOI!C24 -> T. Hin | X29: =F29+L29+W29 -> 0 | Z29: =VLOOKUP(C29,'CNKT '!C29:Z106,24,0) -> 0 | AA29: =Z29-X29 -> 0
... A69: 54 | B69: ='Chấm công KT'!D64 -> 03499 | C69: =TONGHOPCONGDOI!C64 -> N. In Ton | X69: =F69+L69+W69 -> 0 | Z69: =VLOOKUP(C69,'CNKT '!C69:Z146,24,0) -> 0 | AA69: =Z69-X69 -> 0
A70: 55 | C70: =TONGHOPCONGDOI!C65 -> N. Khay Chăn | X70: =F70+L70+W70 -> 0 | Z70: =VLOOKUP(C70,'CNKT '!C70:Z147,24,0) -> 0 | AA70: =Z70-X70 -> 0
A71: 56 | B71: ='Chấm công KT'!D66 -> 03501 | C71: =TONGHOPCONGDOI!C66 -> T Dăn | X71: =F71+L71+W71 -> 0 | Z71: =VLOOKUP(C71,'CNKT '!C71:Z148,24,0) -> 0 | AA71: =Z71-X71 -> 0
A72: 57 | B72: ='Chấm công KT'!D67 -> 03502 | C72: =TONGHOPCONGDOI!C67 -> T. Xợt | X72: =F72+L72+W72 -> 0 | Z72: =VLOOKUP(C72,'CNKT '!C72:Z149,24,0) -> 0 | AA72: =Z72-X72 -> 0
A73: 58 | C73: =TONGHOPCONGDOI!C68 -> N. Phết 2 | X73: =F73+L73+W73 -> 0 | Z73: =VLOOKUP(C73,'CNKT '!C73:Z150,24,0) -> 0 | AA73: =Z73-X73 -> 0
A74: 59 | B74: ='Chấm công KT'!D69 -> 03504 | C74: =TONGHOPCONGDOI!C69 -> T. Cạp | X74: =F74+L74+W74 -> 0 | Z74: =VLOOKUP(C74,'CNKT '!C74:Z151,24,0) -> 0 | AA74: =Z74-X74 -> 0
A75: 60 | B75: ='Chấm công KT'!D70 -> 03505 | C75: =TONGHOPCONGDOI!C70 -> N. Phết | X75: =F75+L75+W75 -> 0 | Z75: =VLOOKUP(C75,'CNKT '!C75:Z152,24,0) -> 0 | AA75: =Z75-X75 -> 0
A76: 61 | B76: ='Chấm công KT'!D71 -> 03506 | C76: =TONGHOPCONGDOI!C71 -> N. Bua Hom | X76: =F76+L76+W76 -> 0 | Z76: =VLOOKUP(C76,'CNKT '!C76:Z153,24,0) -> 0 | AA76: =Z76-X76 -> 0
A77: 62 | B77: ='Chấm công KT'!D72 -> 03507 | C77: =TONGHOPCONGDOI!C72 -> N. Không | X77: =F77+L77+W77 -> 0 | Z77: =VLOOKUP(C77,'CNKT '!C77:Z154,24,0) -> 0 | AA77: =Z77-X77 -> 0
A78: 63 | B78: ='Chấm công KT'!D73 -> 03508 | C78: =TONGHOPCONGDOI!C73 -> T. Đèng | X78: =F78+L78+W78 -> 0 | Z78: =VLOOKUP(C78,'CNKT '!C78:Z155,24,0) -> 0 | AA78: =Z78-X78 -> 0
A79: 64 | B79: ='Chấm công KT'!D74 -> 03509 | C79: =TONGHOPCONGDOI!C74 -> T. May | X79: =F79+L79+W79 -> 0 | Z79: =VLOOKUP(C79,'CNKT '!C79:Z156,24,0) -> 0 | AA79: =Z79-X79 -> 0
A80: 65 | C80: =TONGHOPCONGDOI!C75 -> T. La | X80: =F80+L80+W80 -> 0 | Z80: =VLOOKUP(C80,'CNKT '!C80:Z157,24,0) -> 0 | AA80: =Z80-X80 -> 0
A81: 66 | C81: =TONGHOPCONGDOI!C76 -> T. Bờm | X81: =F81+L81+W81 -> 0 | Z81: =VLOOKUP(C81,'CNKT '!C81:Z158,24,0) -> 0 | AA81: =Z81-X81 -> 0
A82: 67 | B82: ='Chấm công KT'!D77 -> 03512 | C82: =TONGHOPCONGDOI!C77 -> N. Đon | X82: =F82+L82+W82 -> 0 | Z82: =VLOOKUP(C82,'CNKT '!C82:Z159,24,0) -> 0 | AA82: =Z82-X82 -> 0
A83: 68 | B83: ='Chấm công KT'!D78 -> 03513 | C83: =TONGHOPCONGDOI!C78 -> T. Keo Ma Ni Son | X83: =F83+L83+W83 -> 0 | Z83: =VLOOKUP(C83,'CNKT '!C83:Z160,24,0) -> 0 | AA83: =Z83-X83 -> 0
A84: 69 | C84: =TONGHOPCONGDOI!C79 -> T Bun | X84: =F84+L84+W84 -> 0 | Z84: =VLOOKUP(C84,'CNKT '!C84:Z161,24,0) -> 0 | AA84: =Z84-X84 -> 0
A85: 70 | B85: ='Chấm công KT'!D80 -> 03515 | C85: =TONGHOPCONGDOI!C80 -> N. Xi | X85: =F85+L85+W85 -> 0 | Z85: =VLOOKUP(C85,'CNKT '!C85:Z162,24,0) -> 0 | AA85: =Z85-X85 -> 0
A86: 71 | B86: ='Chấm công KT'!D81 -> 03516 | C86: =TONGHOPCONGDOI!C81 -> N. Chay | X86: =F86+L86+W86 -> 0 | Z86: =VLOOKUP(C86,'CNKT '!C86:Z163,24,0) -> 0 | AA86: =Z86-X86 -> 0
A87: 72 | B87: ='Chấm công KT'!D82 -> 02732 | C87: =TONGHOPCONGDOI!C82 -> N. Khăm | X87: =F87+L87+W87 -> 0 | Z87: =VLOOKUP(C87,'CNKT '!C87:Z164,24,0) -> 0 | AA87: =Z87-X87 -> 0
A88: 73 | B88: ='Chấm công KT'!D83 -> 02733 | C88: =TONGHOPCONGDOI!C83 -> N. Phôn | X88: =F88+L88+W88 -> 0 | Z88: =VLOOKUP(C88,'CNKT '!C88:Z165,24,0) -> 0 | AA88: =Z88-X88 -> 0
A89: 74 | B89: ='Chấm công KT'!D84 -> 0 | C89: =TONGHOPCONGDOI!C84 -> T. Xem | X89: =F89+L89+W89 -> 0 | Z89: =VLOOKUP(C89,'CNKT '!C89:Z166,24,0) -> 0 | AA89: =Z89-X89 -> 0
A90: 75 | B90: ='Chấm công KT'!D85 -> 0 | C90: =TONGHOPCONGDOI!C85 -> T.Trí | X90: =F90+L90+W90 -> 0 | Z90: =VLOOKUP(C90,'CNKT '!C90:Z167,24,0) -> 0 | AA90: =Z90-X90 -> 0
A91: 76 | B91: ='Chấm công KT'!D86 -> 0 | C91: =TONGHOPCONGDOI!C86 -> T. Ngân | X91: =F91+L91+W91 -> 0 | Z91: =VLOOKUP(C91,'CNKT '!C91:Z168,24,0) -> 0 | AA91: =Z91-X91 -> 0
A92: 77 | B92: ='Chấm công KT'!D88 -> 0 | C92: =TONGHOPCONGDOI!C87 -> T.Pu | X92: =F92+L92+W92 -> 0 | Z92: =VLOOKUP(C92,'CNKT '!C92:Z169,24,0) -> 0 | AA92: =Z92-X92 -> 0
A93: 78 | B93: ='Chấm công KT'!D89 -> 0 | C93: =TONGHOPCONGDOI!C88 -> T.Ta | X93: =F93+L93+W93 -> 0 | Z93: =VLOOKUP(C93,'CNKT '!C93:Z170,24,0) -> 0 | AA93: =Z93-X93 -> 0
A94: 79 | C94: =TONGHOPCONGDOI!C89 -> N.Nang | X94: =F94+L94+W94 -> 0 | Z94: =VLOOKUP(C94,'CNKT '!C94:Z171,24,0) -> 0 | AA94: =Z94-X94 -> 0
A95: 80 | C95: =TONGHOPCONGDOI!C90 -> T. Tan | X95: =F95+L95+W95 -> 0 | Z95: =VLOOKUP(C95,'CNKT '!C95:Z172,24,0) -> 0 | AA95: =Z95-X95 -> 0
A96: 75 | C96: =TONGHOPCONGDOI!C91 -> Mủ Xi Rum | X96: =F96+L96+W96 -> 0 | Z96: =VLOOKUP(C96,'CNKT '!C96:Z173,24,0) -> 0 | AA96: =Z96-X96 -> 0
A97: 1 | C97: =TONGHOPCONGDOI!C92 -> T . Say | E97: =VLOOKUP(C97,TONGHOPCONGDOI!$C$11:$Q$93,15,0) -> 3813.57 | F97: =ROUND(E97*25000,0) -> 95339250 | M97: =VLOOKUP(C97,TONGHOPCONGDOI!$C$11:$AD$93,20,0) -> 0 | N97: =VLOOKUP(C97,TONGHOPCONGDOI!$C$11:$AD$93,21,0) -> 0 | O97: =VLOOKUP(C97,TONGHOPCONGDOI!$C$11:$AD$93,22,0) -> 0 | P97: =VLOOKUP(C97,TONGHOPCONGDOI!$C$11:$AD$93,23,0) -> 0 | Q97: =VLOOKUP(C97,TONGHOPCONGDOI!$C$11:$AD$93,24,0) -> 0 | R97: =VLOOKUP(C97,TONGHOPCONGDOI!$C$11:$AD$93,25,0) -> 0 | T97: =SUM(M97:R97) -> 0 | W97: =ROUND(((M97*46.1)+(N97*76.9)+(O97*92.2)+(P97*153.8)+(Q97*92.2)+(R97*153.8))*$E$12+(S97*20000)+(T97*10000)+(U97*30000),0) -> 0 | X97: =F97+L97+W97 -> 95339250 | Z97: =VLOOKUP(C97,'CNKT '!C97:Z174,24,0) -> 95339251 | AA97: =Z97-X97 -> 1
A98: 83 | C98: =TONGHOPCONGDOI!C93 -> A Xít | E98: =VLOOKUP(C98,TONGHOPCONGDOI!$C$11:$Q$93,15,0) -> 0 | F98: =E98*25000 -> 0 | M98: =VLOOKUP(C98,TONGHOPCONGDOI!$C$11:$AD$93,20,0) -> 0 | N98: =VLOOKUP(C98,TONGHOPCONGDOI!$C$11:$AD$93,21,0) -> 0 | O98: =VLOOKUP(C98,TONGHOPCONGDOI!$C$11:$AD$93,22,0) -> 0 | P98: =VLOOKUP(C98,TONGHOPCONGDOI!$C$11:$AD$93,23,0) -> 0 | Q98: =VLOOKUP(C98,TONGHOPCONGDOI!$C$11:$AD$93,24,0) -> 0 | R98: =VLOOKUP(C98,TONGHOPCONGDOI!$C$11:$AD$93,25,0) -> 0 | W98: =((M98*46.1)+(N98*76.9)+(O98*92.2)+(P98*153.8)+(Q98*92.2)+(R98*153.8))*$E$12+(S98*20000)+(T98*10000)+(U98*30000) -> 0 | X98: =F98+L98+W98 -> 0 | Z98: =VLOOKUP(C98,'CNKT '!C98:Z175,24,0) -> 0
A99: 84 | C99: =TONGHOPCONGDOI!C94 -> T. Tý | E99: =VLOOKUP(C99,TONGHOPCONGDOI!$C$11:$Q$94,15,0) -> 0 | F99: =E99*25000 -> 0 | M99: =VLOOKUP(C99,TONGHOPCONGDOI!$C$11:$AD$94,20,0) -> 0 | N99: =VLOOKUP(C99,TONGHOPCONGDOI!$C$11:$AD$94,21,0) -> 0 | O99: =VLOOKUP(C99,TONGHOPCONGDOI!$C$11:$AD$94,22,0) -> 0 | P99: =VLOOKUP(C99,TONGHOPCONGDOI!$C$11:$AD$94,23,0) -> 0 | Q99: =VLOOKUP(C99,TONGHOPCONGDOI!$C$11:$AD$94,24,0) -> 0 | R99: =VLOOKUP(C99,TONGHOPCONGDOI!$C$11:$AD$94,25,0) -> 0 | W99: =((M99*46.1)+(N99*76.9)+(O99*92.2)+(P99*153.8)+(Q99*92.2)+(R99*153.8))*$E$12+(S99*20000)+(T99*10000)+(U99*30000) -> 0 | X99: =F99+L99+W99 -> 0 | Z99: =VLOOKUP(C99,'CNKT '!C99:Z176,24,0) -> 0
A100: Vườn cây kinh doanh | E100: =SUM(E16:E99) -> 3813.57 | F100: =SUM(F16:F99) -> 95339250 | G100: =SUM(G16:G99) -> 0 | H100: =SUM(H16:H99) -> 0 | I100: =SUM(I16:I99) -> 0 | J100: =SUM(J16:J99) -> 0 | K100: =SUM(K16:K99) -> 0 | L100: =SUM(L16:L99) -> 0 | ... U100: =SUM(U16:U99) -> 0 | W100: =SUM(W16:W99) -> 0 | X100: =SUM(X16:X99) -> 95339250 | Y100: =SUM(Y16:Y99) -> 0 | Z100: =SUM(Z16:Z99) -> 95339251 | AA100: =X100-Z100 -> -1 | AB100: 97959067
A101: Bằng chữ : Chín mươi lăm triệu ba trăm ba mươi chín nghìn hai trăm năm mươi kíp | AB101: =G100*Z12/1000 -> #DIV/0!
T103: Nông trường 2, ngày 02 tháng 03 năm 2025 | AB103: =Z100-Z99 -> 95339251
A106: PHÒNG TC - KT | J106: PHÒNG TC -HC | L106: NÔNG TRƯỜNG 2 | X106: TL. TC - KT
AC107: =1442+5382 -> 6824
AC115: =+AC107*25000 -> 170600000
A116: Nguyễn Thị Liệu | J116: Võ Thị Phượng | L116: Đoàn Văn Nghĩa | X116: Trần Viết Hùng
C156: =#REF!+#REF!+#REF!+#REF! -> #REF! | E156: Đội 1,2 3 | F156: =SUMIF(K16:K100,"A",J16:J100) -> 0 | J156: =F156*2500 -> 0 | O156: =7.2+0.6+21+5+70 -> 103.8
F157: =SUMIF(K16:K100,"B",J16:J100) -> 0 | J157: =F157*2400 -> 0
F158: =SUMIF(K16:K100,"C",J16:J100) -> 0 | J158: =F158*2300 -> 0
F159: =SUMIF(K16:K100,"D",J16:J100) -> 0 | J159: =F159*2200 -> 0
F166: =SUM(F156:F164) -> 0 | J166: =SUM(J156:J164) -> 0 | M166: =J166+J176+F181 -> #REF! | W166: =M166-#REF! -> #REF!
F168: 5422 | J168: =F168*30000 -> 162660000
F169: 20 | J169: =F169*60000 -> 1200000
F170: 230 | J170: =F170*80000 -> 18400000
F171: 998 | J171: =F171*50000 -> 49900000
F172: 2 | J172: =F172*80000 -> 160000
F173: 89 | J173: =F173*100000 -> 8900000
F174: 301.56 | J174: =F174*25000 -> 7539000
F175: 2965 | J175: =F175*20000 -> 59300000
F176: =SUM(F168:F175) -> 10027.56 | J176: =SUM(J168:J175) -> 308059000 | T176: =J176-#REF! -> #REF!
F177: =#REF!+#REF!+#REF!+E100 -> #REF! | J177: =F177*25000 -> #REF!
E178: lương Đội Lào Phôn +bun khưn | F178: =#REF!+#REF! -> #REF! | J178: =#REF!+#REF! -> #REF!
F179: =#REF! -> #REF! | J179: =#REF! -> #REF!
F180: =#REF!+#REF!+#REF!+#REF! -> #REF! | J180: =#REF!+#REF!+#REF!+#REF! -> #REF!
F181: =SUM(J177:K180) -> #REF! | L181: =F181-#REF! -> #REF!
J183: =+#REF!+#REF!+#REF!+#REF!+1000000 -> #REF!
F190: 2551.89
F191: =+F177-F190 -> #REF!
K197: 1678 | L197: 1573 | M197: 1187 | O197: 1183 | W197: =SUM(K197:O197) -> 5621
K198: 257 | L198: 244 | M198: 183 | O198: 182 | W198: =SUM(K198:O198) -> 866
K199: 1935 | L199: 1817 | M199: 1370 | O199: 1365 | W199: =SUM(K199:O199) -> 6487

Sheet CNKT Đ2
A2: CỘNG HÒA DÂN CHỦ NHÂN DÂN LÀO
A3: Hòa Bình - Độc Lập - Dân Chủ - Thống Nhất - Thịnh Vượng
A4: -----o0o-----
A6: CÔNG TY TNHH CỔ PHẦN QUASA - GERUCO LÀO
A7: ĐƠN VỊ: NÔNG TRƯỜNG 2
A10: BẢNG LƯƠNG KHAI THÁC ĐỘI 2 THÁNG 02 NĂM 2025 | AA10: Mủ tạp | AB10: ='BTH mủ tạp'!$AI$96 -> 0
AA11: mủ QK | AB11: ='BTH mủ tạp'!$AK$96 -> 0
AA12: DRC mủ dây | AB12: 0.5
C13: Tỷ giá Bath qua Kip: | E13: ='CNKT '!E11 -> 656 | X13: DRC thực tế | Z13: =AB11/AB10 -> #DIV/0! | AA13: DRC mủ serum | AB13: 0.2
A14: STT | B14: Mã số nhân viên | C14: Họ và tên | D14: Kí nhận | E14: LƯƠNG | X14: Tổng Tiền lương | Y14: Thuế TNCN | Z14: Tiền lương còn lại
E15: Lương chăm sóc ( đơn giá 25.000 kíp/ công) | G15: Lương sản lượng | M15: Phụ cấp khai thác
E16: Ngày công | F16: Thành tiền | G16: Mủ tạp (kg) | H16: Mủ dây (kg) | I16: Mủ xirum (kg) | J16: Quy khô ( kg) | K16: Hạng kỹ thuật | L16: Thành tiền | M16: Phụ cấp ngày công bình thường | N16: Phụ cấp ngày CN thường | O16: Phụ cấp ngày công đi cạo 2 lát | P16: Phụ cấp ngày công chủ nhật cạo 2 lát | Q16: Phụ cấp ngày công cạo gia tăng 2 miêng | R16: Phụ cấp ngày chủ nhật cạo gia tăng 2 miệng | S16: Phụ cấp nhỏ a xít (20.000 kíp/phần) | T16: Phụ cấp tiền lương (10.000 kíp/phần) | U16: Phụ cấp tiền lương (30.000 kíp/phần) | W16: Thành tiền
A17: 1 | C17: =TONGHOPCONGDOI!C96 -> T. Lê | E17: =VLOOKUP(C17,TONGHOPCONGDOI!C96:Q183,15,0) -> 0 | F17: =E17*25000 -> 0 | G17: =VLOOKUP(C17,TONGHOPCONGDOI!C96:AD183,16,0) -> 0 | H17: =VLOOKUP(C17,TONGHOPCONGDOI!C96:AD183,18,0) -> 0 | J17: =$AB$11/$AB$10*G17+H17*$AB$12+I17*$AB$13 -> #DIV/0! | K17: =VLOOKUP(C17,'BTH mủ tạp'!C97:AL175,36,0) -> A | L17: =ROUND((IF(K17="A",(G17*$Z$13*6.1),IF(K17="B",(G17*$Z$13*5.8),IF(K17="C",(G17*$Z$13*5.5),IF(K17="D",(G17*$Z$13*5.2),0))))*$E$13+(H17*$AB$12*$E$13*6.1)+I17*$E$13*$AB$13*6.1),0) -> #DIV/0! | M17: =VLOOKUP(C17,TONGHOPCONGDOI!$C$96:$AD$183,20,0) -> 0 | N17: =VLOOKUP(C17,TONGHOPCONGDOI!$C$96:$AD$183,21,0) -> 0 | O17: =VLOOKUP(C17,TONGHOPCONGDOI!$C$96:$AD$183,22,0) -> 0 | P17: =VLOOKUP(C17,TONGHOPCONGDOI!$C$96:$AD$183,23,0) -> 0 | Q17: =VLOOKUP(C17,TONGHOPCONGDOI!$C$96:$AD$183,24,0) -> 0 | R17: =VLOOKUP(C17,TONGHOPCONGDOI!$C$96:$AD$183,25,0) -> 0 | T17: =SUM(M17:R17) -> 0 | U17: =SUM(M17:R17) -> 0 | W17: =ROUND(((M17*46.1)+(N17*76.9)+(O17*92.2)+(P17*153.8)+(Q17*92.2)+(R17*153.8))*$E$13+(S17*20000)+(T17*10000)+(U17*30000),0) -> 0 | X17: =F17+L17+W17 -> #DIV/0! | Z17: =VLOOKUP(C17,'CNKT '!$C$101:$Z$182,24,0) -> 0 | AA17: =X17-Z17 -> #DIV/0!
A18: 2 | B18: ='Chấm công KT'!D93 -> 02735 | C18: =TONGHOPCONGDOI!C97 -> Nang On Teng | E18: =VLOOKUP(C18,TONGHOPCONGDOI!C97:Q184,15,0) -> 0 | F18: =E18*25000 -> 0 | G18: =VLOOKUP(C18,TONGHOPCONGDOI!C97:AD184,16,0) -> 0 | H18: =VLOOKUP(C18,TONGHOPCONGDOI!C97:AD184,18,0) -> 0 | J18: =$AB$11/$AB$10*G18+H18*$AB$12+I18*$AB$13 -> #DIV/0! | K18: =VLOOKUP(C18,'BTH mủ tạp'!C98:AL181,36,0) -> A | L18: =ROUND((IF(K18="A",(G18*$Z$13*6.1),IF(K18="B",(G18*$Z$13*5.8),IF(K18="C",(G18*$Z$13*5.5),IF(K18="D",(G18*$Z$13*5.2),0))))*$E$13+(H18*$AB$12*$E$13*6.1)+I18*$E$13*$AB$13*6.1),0) -> #DIV/0! | M18: =VLOOKUP(C18,TONGHOPCONGDOI!$C$96:$AD$183,20,0) -> 0 | N18: =VLOOKUP(C18,TONGHOPCONGDOI!$C$96:$AD$183,21,0) -> 0 | O18: =VLOOKUP(C18,TONGHOPCONGDOI!$C$96:$AD$183,22,0) -> 0 | P18: =VLOOKUP(C18,TONGHOPCONGDOI!$C$96:$AD$183,23,0) -> 0 | Q18: =VLOOKUP(C18,TONGHOPCONGDOI!$C$96:$AD$183,24,0) -> 0 | R18: =VLOOKUP(C18,TONGHOPCONGDOI!$C$96:$AD$183,25,0) -> 0 | T18: =SUM(M18:R18) -> 0 | U18: =SUM(M18:R18) -> 0 | W18: =ROUND(((M18*46.1)+(N18*76.9)+(O18*92.2)+(P18*153.8)+(Q18*92.2)+(R18*153.8))*$E$13+(S18*20000)+(T18*10000)+(U18*30000),0) -> 0 | X18: =F18+L18+W18 -> #DIV/0! | Z18: =VLOOKUP(C18,'CNKT '!$C$101:$Z$182,24,0) -> 0 | AA18: =X18-Z18 -> #DIV/0!
A19: 3 | B19: ='Chấm công KT'!D94 -> 03518 | C19: =TONGHOPCONGDOI!C98 -> T. Đôn Ma | E19: =VLOOKUP(C19,TONGHOPCONGDOI!C98:Q185,15,0) -> 0 | F19: =E19*25000 -> 0 | G19: =VLOOKUP(C19,TONGHOPCONGDOI!C98:AD185,16,0) -> 0 | H19: =VLOOKUP(C19,TONGHOPCONGDOI!C98:AD185,18,0) -> 0 | J19: =$AB$11/$AB$10*G19+H19*$AB$12+I19*$AB$13 -> #DIV/0! | K19: =VLOOKUP(C19,'BTH mủ tạp'!C99:AL182,36,0) -> A | L19: =ROUND((IF(K19="A",(G19*$Z$13*6.1),IF(K19="B",(G19*$Z$13*5.8),IF(K19="C",(G19*$Z$13*5.5),IF(K19="D",(G19*$Z$13*5.2),0))))*$E$13+(H19*$AB$12*$E$13*6.1)+I19*$E$13*$AB$13*6.1),0) -> #DIV/0! | M19: =VLOOKUP(C19,TONGHOPCONGDOI!$C$96:$AD$183,20,0) -> 0 | N19: =VLOOKUP(C19,TONGHOPCONGDOI!$C$96:$AD$183,21,0) -> 0 | O19: =VLOOKUP(C19,TONGHOPCONGDOI!$C$96:$AD$183,22,0) -> 0 | P19: =VLOOKUP(C19,TONGHOPCONGDOI!$C$96:$AD$183,23,0) -> 0 | Q19: =VLOOKUP(C19,TONGHOPCONGDOI!$C$96:$AD$183,24,0) -> 0 | R19: =VLOOKUP(C19,TONGHOPCONGDOI!$C$96:$AD$183,25,0) -> 0 | T19: =SUM(M19:R19) -> 0 | U19: =SUM(M19:R19) -> 0 | W19: =ROUND(((M19*46.1)+(N19*76.9)+(O19*92.2)+(P19*153.8)+(Q19*92.2)+(R19*153.8))*$E$13+(S19*20000)+(T19*10000)+(U19*30000),0) -> 0 | X19: =F19+L19+W19 -> #DIV/0! | Z19: =VLOOKUP(C19,'CNKT '!$C$101:$Z$182,24,0) -> 0 | AA19: =X19-Z19 -> #DIV/0!
A20: 4 | B20: ='Chấm công KT'!D95 -> 03519 | C20: =TONGHOPCONGDOI!C99 -> T Nôn | E20: =VLOOKUP(C20,TONGHOPCONGDOI!C99:Q186,15,0) -> 0 | F20: =E20*25000 -> 0 | G20: =VLOOKUP(C20,TONGHOPCONGDOI!C99:AD186,16,0) -> 0 | H20: =VLOOKUP(C20,TONGHOPCONGDOI!C99:AD186,18,0) -> 0 | J20: =$AB$11/$AB$10*G20+H20*$AB$12+I20*$AB$13 -> #DIV/0! | K20: =VLOOKUP(C20,'BTH mủ tạp'!C100:AL183,36,0) -> A | L20: =ROUND((IF(K20="A",(G20*$Z$13*6.1),IF(K20="B",(G20*$Z$13*5.8),IF(K20="C",(G20*$Z$13*5.5),IF(K20="D",(G20*$Z$13*5.2),0))))*$E$13+(H20*$AB$12*$E$13*6.1)+I20*$E$13*$AB$13*6.1),0) -> #DIV/0! | M20: =VLOOKUP(C20,TONGHOPCONGDOI!$C$96:$AD$183,20,0) -> 0 | N20: =VLOOKUP(C20,TONGHOPCONGDOI!$C$96:$AD$183,21,0) -> 0 | O20: =VLOOKUP(C20,TONGHOPCONGDOI!$C$96:$AD$183,22,0) -> 0 | P20: =VLOOKUP(C20,TONGHOPCONGDOI!$C$96:$AD$183,23,0) -> 0 | Q20: =VLOOKUP(C20,TONGHOPCONGDOI!$C$96:$AD$183,24,0) -> 0 | R20: =VLOOKUP(C20,TONGHOPCONGDOI!$C$96:$AD$183,25,0) -> 0 | T20: =SUM(M20:R20) -> 0 | U20: =SUM(M20:R20) -> 0 | W20: =ROUND(((M20*46.1)+(N20*76.9)+(O20*92.2)+(P20*153.8)+(Q20*92.2)+(R20*153.8))*$E$13+(S20*20000)+(T20*10000)+(U20*30000),0) -> 0 | X20: =F20+L20+W20 -> #DIV/0! | Z20: =VLOOKUP(C20,'CNKT '!$C$101:$Z$182,24,0) -> 0 | AA20: =X20-Z20 -> #DIV/0!
A21: 5 | B21: ='Chấm công KT'!D96 -> 03520 | C21: =TONGHOPCONGDOI!C100 -> N. Khăm.. | E21: =VLOOKUP(C21,TONGHOPCONGDOI!C100:Q187,15,0) -> 0 | F21: =E21*25000 -> 0 | G21: =VLOOKUP(C21,TONGHOPCONGDOI!C100:AD187,16,0) -> 0 | H21: =VLOOKUP(C21,TONGHOPCONGDOI!C100:AD187,18,0) -> 0 | J21: =$AB$11/$AB$10*G21+H21*$AB$12+I21*$AB$13 -> #DIV/0! | K21: =VLOOKUP(C21,'BTH mủ tạp'!C101:AL184,36,0) -> A | L21: =ROUND((IF(K21="A",(G21*$Z$13*6.1),IF(K21="B",(G21*$Z$13*5.8),IF(K21="C",(G21*$Z$13*5.5),IF(K21="D",(G21*$Z$13*5.2),0))))*$E$13+(H21*$AB$12*$E$13*6.1)+I21*$E$13*$AB$13*6.1),0) -> #DIV/0! | M21: =VLOOKUP(C21,TONGHOPCONGDOI!$C$96:$AD$183,20,0) -> 0 | N21: =VLOOKUP(C21,TONGHOPCONGDOI!$C$96:$AD$183,21,0) -> 0 | O21: =VLOOKUP(C21,TONGHOPCONGDOI!$C$96:$AD$183,22,0) -> 0 | P21: =VLOOKUP(C21,TONGHOPCONGDOI!$C$96:$AD$183,23,0) -> 0 | Q21: =VLOOKUP(C21,TONGHOPCONGDOI!$C$96:$AD$183,24,0) -> 0 | R21: =VLOOKUP(C21,TONGHOPCONGDOI!$C$96:$AD$183,25,0) -> 0 | T21: =SUM(M21:R21) -> 0 | U21: =SUM(M21:R21) -> 0 | W21: =ROUND(((M21*46.1)+(N21*76.9)+(O21*92.2)+(P21*153.8)+(Q21*92.2)+(R21*153.8))*$E$13+(S21*20000)+(T21*10000)+(U21*30000),0) -> 0 | X21: =F21+L21+W21 -> #DIV/0! | Z21: =VLOOKUP(C21,'CNKT '!$C$101:$Z$182,24,0) -> 0 | AA21: =X21-Z21 -> #DIV/0!
A22: 6 | B22: ='Chấm công KT'!D97 -> 03521 | C22: =TONGHOPCONGDOI!C101 -> Nang La Ty | E22: =VLOOKUP(C22,TONGHOPCONGDOI!C101:Q188,15,0) -> 0 | F22: =E22*25000 -> 0 | G22: =VLOOKUP(C22,TONGHOPCONGDOI!C101:AD188,16,0) -> 0 | H22: =VLOOKUP(C22,TONGHOPCONGDOI!C101:AD188,18,0) -> 0 | J22: =$AB$11/$AB$10*G22+H22*$AB$12+I22*$AB$13 -> #DIV/0! | K22: =VLOOKUP(C22,'BTH mủ tạp'!C102:AL185,36,0) -> A | L22: =ROUND((IF(K22="A",(G22*$Z$13*6.1),IF(K22="B",(G22*$Z$13*5.8),IF(K22="C",(G22*$Z$13*5.5),IF(K22="D",(G22*$Z$13*5.2),0))))*$E$13+(H22*$AB$12*$E$13*6.1)+I22*$E$13*$AB$13*6.1),0) -> #DIV/0! | M22: =VLOOKUP(C22,TONGHOPCONGDOI!$C$96:$AD$183,20,0) -> 0 | N22: =VLOOKUP(C22,TONGHOPCONGDOI!$C$96:$AD$183,21,0) -> 0 | O22: =VLOOKUP(C22,TONGHOPCONGDOI!$C$96:$AD$183,22,0) -> 0 | P22: =VLOOKUP(C22,TONGHOPCONGDOI!$C$96:$AD$183,23,0) -> 0 | Q22: =VLOOKUP(C22,TONGHOPCONGDOI!$C$96:$AD$183,24,0) -> 0 | R22: =VLOOKUP(C22,TONGHOPCONGDOI!$C$96:$AD$183,25,0) -> 0 | T22: =SUM(M22:R22) -> 0 | U22: =SUM(M22:R22) -> 0 | W22: =ROUND(((M22*46.1)+(N22*76.9)+(O22*92.2)+(P22*153.8)+(Q22*92.2)+(R22*153.8))*$E$13+(S22*20000)+(T22*10000)+(U22*30000),0) -> 0 | X22: =F22+L22+W22 -> #DIV/0! | Z22: =VLOOKUP(C22,'CNKT '!$C$101:$Z$182,24,0) -> 0 | AA22: =X22-Z22 -> #DIV/0!
A23: 7 | B23: ='Chấm công KT'!D98 -> 03522 | C23: =TONGHOPCONGDOI!C102 -> N.T.T Trang (1) | E23: =VLOOKUP(C23,TONGHOPCONGDOI!C102:Q189,15,0) -> 0 | F23: =E23*25000 -> 0 | G23: =VLOOKUP(C23,TONGHOPCONGDOI!C102:AD189,16,0) -> 0 | H23: =VLOOKUP(C23,TONGHOPCONGDOI!C102:AD189,18,0) -> 0 | J23: =$AB$11/$AB$10*G23+H23*$AB$12+I23*$AB$13 -> #DIV/0! | K23: =VLOOKUP(C23,'BTH mủ tạp'!C103:AL186,36,0) -> A | L23: =ROUND((IF(K23="A",(G23*$Z$13*6.1),IF(K23="B",(G23*$Z$13*5.8),IF(K23="C",(G23*$Z$13*5.5),IF(K23="D",(G23*$Z$13*5.2),0))))*$E$13+(H23*$AB$12*$E$13*6.1)+I23*$E$13*$AB$13*6.1),0) -> #DIV/0! | M23: =VLOOKUP(C23,TONGHOPCONGDOI!$C$96:$AD$183,20,0) -> 0 | N23: =VLOOKUP(C23,TONGHOPCONGDOI!$C$96:$AD$183,21,0) -> 0 | O23: =VLOOKUP(C23,TONGHOPCONGDOI!$C$96:$AD$183,22,0) -> 0 | P23: =VLOOKUP(C23,TONGHOPCONGDOI!$C$96:$AD$183,23,0) -> 0 | Q23: =VLOOKUP(C23,TONGHOPCONGDOI!$C$96:$AD$183,24,0) -> 0 | R23: =VLOOKUP(C23,TONGHOPCONGDOI!$C$96:$AD$183,25,0) -> 0 | T23: =SUM(M23:R23) -> 0 | U23: =SUM(M23:R23) -> 0 | W23: =ROUND(((M23*46.1)+(N23*76.9)+(O23*92.2)+(P23*153.8)+(Q23*92.2)+(R23*153.8))*$E$13+(S23*20000)+(T23*10000)+(U23*30000),0) -> 0 | X23: =F23+L23+W23 -> #DIV/0! | Z23: =VLOOKUP(C23,'CNKT '!$C$101:$Z$182,24,0) -> 0 | AA23: =X23-Z23 -> #DIV/0!
A24: 8 | B24: ='Chấm công KT'!D99 -> 03523 | C24: =TONGHOPCONGDOI!C103 -> T. Ni On | E24: =VLOOKUP(C24,TONGHOPCONGDOI!C103:Q190,15,0) -> 0 | F24: =E24*25000 -> 0 | G24: =VLOOKUP(C24,TONGHOPCONGDOI!C103:AD190,16,0) -> 0 | H24: =VLOOKUP(C24,TONGHOPCONGDOI!C103:AD190,18,0) -> 0 | J24: =$AB$11/$AB$10*G24+H24*$AB$12+I24*$AB$13 -> #DIV/0! | K24: =VLOOKUP(C24,'BTH mủ tạp'!C104:AL187,36,0) -> B | L24: =ROUND((IF(K24="A",(G24*$Z$13*6.1),IF(K24="B",(G24*$Z$13*5.8),IF(K24="C",(G24*$Z$13*5.5),IF(K24="D",(G24*$Z$13*5.2),0))))*$E$13+(H24*$AB$12*$E$13*6.1)+I24*$E$13*$AB$13*6.1),0) -> #DIV/0! | M24: =VLOOKUP(C24,TONGHOPCONGDOI!$C$96:$AD$183,20,0) -> 0 | N24: =VLOOKUP(C24,TONGHOPCONGDOI!$C$96:$AD$183,21,0) -> 0 | O24: =VLOOKUP(C24,TONGHOPCONGDOI!$C$96:$AD$183,22,0) -> 0 | P24: =VLOOKUP(C24,TONGHOPCONGDOI!$C$96:$AD$183,23,0) -> 0 | Q24: =VLOOKUP(C24,TONGHOPCONGDOI!$C$96:$AD$183,24,0) -> 0 | R24: =VLOOKUP(C24,TONGHOPCONGDOI!$C$96:$AD$183,25,0) -> 0 | T24: =SUM(M24:R24) -> 0 | U24: =SUM(M24:R24) -> 0 | W24: =ROUND(((M24*46.1)+(N24*76.9)+(O24*92.2)+(P24*153.8)+(Q24*92.2)+(R24*153.8))*$E$13+(S24*20000)+(T24*10000)+(U24*30000),0) -> 0 | X24: =F24+L24+W24 -> #DIV/0! | Z24: =VLOOKUP(C24,'CNKT '!$C$101:$Z$182,24,0) -> 0 | AA24: =X24-Z24 -> #DIV/0!
A25: 9 | B25: ='Chấm công KT'!D100 -> 02739 | C25: =TONGHOPCONGDOI!C104 -> Thảo Lẹ | E25: =VLOOKUP(C25,TONGHOPCONGDOI!C104:Q191,15,0) -> 0 | F25: =E25*25000 -> 0 | G25: =VLOOKUP(C25,TONGHOPCONGDOI!C104:AD191,16,0) -> 0 | H25: =VLOOKUP(C25,TONGHOPCONGDOI!C104:AD191,18,0) -> 0 | J25: =$AB$11/$AB$10*G25+H25*$AB$12+I25*$AB$13 -> #DIV/0! | K25: =VLOOKUP(C25,'BTH mủ tạp'!C105:AL188,36,0) -> A | L25: =ROUND((IF(K25="A",(G25*$Z$13*6.1),IF(K25="B",(G25*$Z$13*5.8),IF(K25="C",(G25*$Z$13*5.5),IF(K25="D",(G25*$Z$13*5.2),0))))*$E$13+(H25*$AB$12*$E$13*6.1)+I25*$E$13*$AB$13*6.1),0) -> #DIV/0! | M25: =VLOOKUP(C25,TONGHOPCONGDOI!$C$96:$AD$183,20,0) -> 0 | N25: =VLOOKUP(C25,TONGHOPCONGDOI!$C$96:$AD$183,21,0) -> 0 | O25: =VLOOKUP(C25,TONGHOPCONGDOI!$C$96:$AD$183,22,0) -> 0 | P25: =VLOOKUP(C25,TONGHOPCONGDOI!$C$96:$AD$183,23,0) -> 0 | Q25: =VLOOKUP(C25,TONGHOPCONGDOI!$C$96:$AD$183,24,0) -> 0 | R25: =VLOOKUP(C25,TONGHOPCONGDOI!$C$96:$AD$183,25,0) -> 0 | T25: =SUM(M25:R25) -> 0 | U25: =SUM(M25:R25) -> 0 | W25: =ROUND(((M25*46.1)+(N25*76.9)+(O25*92.2)+(P25*153.8)+(Q25*92.2)+(R25*153.8))*$E$13+(S25*20000)+(T25*10000)+(U25*30000),0) -> 0 | X25: =F25+L25+W25 -> #DIV/0! | Z25: =VLOOKUP(C25,'CNKT '!$C$101:$Z$182,24,0) -> 0 | AA25: =X25-Z25 -> #DIV/0!
A26: 10 | B26: ='Chấm công KT'!D101 -> 03524 | C26: =TONGHOPCONGDOI!C105 -> T. Nả | E26: =VLOOKUP(C26,TONGHOPCONGDOI!C105:Q192,15,0) -> 0 | F26: =E26*25000 -> 0 | G26: =VLOOKUP(C26,TONGHOPCONGDOI!C105:AD192,16,0) -> 0 | H26: =VLOOKUP(C26,TONGHOPCONGDOI!C105:AD192,18,0) -> 0 | J26: =$AB$11/$AB$10*G26+H26*$AB$12+I26*$AB$13 -> #DIV/0! | K26: =VLOOKUP(C26,'BTH mủ tạp'!C106:AL189,36,0) -> B | L26: =ROUND((IF(K26="A",(G26*$Z$13*6.1),IF(K26="B",(G26*$Z$13*5.8),IF(K26="C",(G26*$Z$13*5.5),IF(K26="D",(G26*$Z$13*5.2),0))))*$E$13+(H26*$AB$12*$E$13*6.1)+I26*$E$13*$AB$13*6.1),0) -> #DIV/0! | M26: =VLOOKUP(C26,TONGHOPCONGDOI!$C$96:$AD$183,20,0) -> 0 | N26: =VLOOKUP(C26,TONGHOPCONGDOI!$C$96:$AD$183,21,0) -> 0 | O26: =VLOOKUP(C26,TONGHOPCONGDOI!$C$96:$AD$183,22,0) -> 0 | P26: =VLOOKUP(C26,TONGHOPCONGDOI!$C$96:$AD$183,23,0) -> 0 | Q26: =VLOOKUP(C26,TONGHOPCONGDOI!$C$96:$AD$183,24,0) -> 0 | R26: =VLOOKUP(C26,TONGHOPCONGDOI!$C$96:$AD$183,25,0) -> 0 | T26: =SUM(M26:R26) -> 0 | U26: =SUM(M26:R26) -> 0 | W26: =ROUND(((M26*46.1)+(N26*76.9)+(O26*92.2)+(P26*153.8)+(Q26*92.2)+(R26*153.8))*$E$13+(S26*20000)+(T26*10000)+(U26*30000),0) -> 0 | X26: =F26+L26+W26 -> #DIV/0! | Z26: =VLOOKUP(C26,'CNKT '!$C$101:$Z$182,24,0) -> 0 | AA26: =X26-Z26 -> #DIV/0!
A27: 11 | B27: ='Chấm công KT'!D102 -> 03525 | C27: =TONGHOPCONGDOI!C106 -> N. Sa Văn | E27: =VLOOKUP(C27,TONGHOPCONGDOI!C106:Q193,15,0) -> 0 | F27: =E27*25000 -> 0 | G27: =VLOOKUP(C27,TONGHOPCONGDOI!C106:AD193,16,0) -> 0 | H27: =VLOOKUP(C27,TONGHOPCONGDOI!C106:AD193,18,0) -> 0 | J27: =$AB$11/$AB$10*G27+H27*$AB$12+I27*$AB$13 -> #DIV/0! | K27: =VLOOKUP(C27,'BTH mủ tạp'!C107:AL190,36,0) -> A | L27: =ROUND((IF(K27="A",(G27*$Z$13*6.1),IF(K27="B",(G27*$Z$13*5.8),IF(K27="C",(G27*$Z$13*5.5),IF(K27="D",(G27*$Z$13*5.2),0))))*$E$13+(H27*$AB$12*$E$13*6.1)+I27*$E$13*$AB$13*6.1),0) -> #DIV/0! | M27: =VLOOKUP(C27,TONGHOPCONGDOI!$C$96:$AD$183,20,0) -> 0 | N27: =VLOOKUP(C27,TONGHOPCONGDOI!$C$96:$AD$183,21,0) -> 0 | O27: =VLOOKUP(C27,TONGHOPCONGDOI!$C$96:$AD$183,22,0) -> 0 | P27: =VLOOKUP(C27,TONGHOPCONGDOI!$C$96:$AD$183,23,0) -> 0 | Q27: =VLOOKUP(C27,TONGHOPCONGDOI!$C$96:$AD$183,24,0) -> 0 | R27: =VLOOKUP(C27,TONGHOPCONGDOI!$C$96:$AD$183,25,0) -> 0 | T27: =SUM(M27:R27) -> 0 | U27: =SUM(M27:R27) -> 0 | W27: =ROUND(((M27*46.1)+(N27*76.9)+(O27*92.2)+(P27*153.8)+(Q27*92.2)+(R27*153.8))*$E$13+(S27*20000)+(T27*10000)+(U27*30000),0) -> 0 | X27: =F27+L27+W27 -> #DIV/0! | Z27: =VLOOKUP(C27,'CNKT '!$C$101:$Z$182,24,0) -> 0 | AA27: =X27-Z27 -> #DIV/0!
A28: 12 | B28: ='Chấm công KT'!D103 -> 03526 | C28: =TONGHOPCONGDOI!C107 -> N. Chăn | E28: =VLOOKUP(C28,TONGHOPCONGDOI!C107:Q194,15,0) -> 0 | F28: =E28*25000 -> 0 | G28: =VLOOKUP(C28,TONGHOPCONGDOI!C107:AD194,16,0) -> 0 | H28: =VLOOKUP(C28,TONGHOPCONGDOI!C107:AD194,18,0) -> 0 | J28: =$AB$11/$AB$10*G28+H28*$AB$12+I28*$AB$13 -> #DIV/0! | K28: =VLOOKUP(C28,'BTH mủ tạp'!C108:AL191,36,0) -> B | L28: =ROUND((IF(K28="A",(G28*$Z$13*6.1),IF(K28="B",(G28*$Z$13*5.8),IF(K28="C",(G28*$Z$13*5.5),IF(K28="D",(G28*$Z$13*5.2),0))))*$E$13+(H28*$AB$12*$E$13*6.1)+I28*$E$13*$AB$13*6.1),0) -> #DIV/0! | M28: =VLOOKUP(C28,TONGHOPCONGDOI!$C$96:$AD$183,20,0) -> 0 | N28: =VLOOKUP(C28,TONGHOPCONGDOI!$C$96:$AD$183,21,0) -> 0 | O28: =VLOOKUP(C28,TONGHOPCONGDOI!$C$96:$AD$183,22,0) -> 0 | P28: =VLOOKUP(C28,TONGHOPCONGDOI!$C$96:$AD$183,23,0) -> 0 | Q28: =VLOOKUP(C28,TONGHOPCONGDOI!$C$96:$AD$183,24,0) -> 0 | R28: =VLOOKUP(C28,TONGHOPCONGDOI!$C$96:$AD$183,25,0) -> 0 | T28: =SUM(M28:R28) -> 0 | U28: =SUM(M28:R28) -> 0 | W28: =ROUND(((M28*46.1)+(N28*76.9)+(O28*92.2)+(P28*153.8)+(Q28*92.2)+(R28*153.8))*$E$13+(S28*20000)+(T28*10000)+(U28*30000),0) -> 0 | X28: =F28+L28+W28 -> #DIV/0! | Z28: =VLOOKUP(C28,'CNKT '!$C$101:$Z$182,24,0) -> 0 | AA28: =X28-Z28 -> #DIV/0!
A29: 13 | B29: ='Chấm công KT'!D104 -> 03527 | C29: =TONGHOPCONGDOI!C108 -> T Núc | E29: =VLOOKUP(C29,TONGHOPCONGDOI!C108:Q195,15,0) -> 0 | F29: =E29*25000 -> 0 | G29: =VLOOKUP(C29,TONGHOPCONGDOI!C108:AD195,16,0) -> 0 | H29: =VLOOKUP(C29,TONGHOPCONGDOI!C108:AD195,18,0) -> 0 | J29: =$AB$11/$AB$10*G29+H29*$AB$12+I29*$AB$13 -> #DIV/0! | K29: =VLOOKUP(C29,'BTH mủ tạp'!C109:AL192,36,0) -> B | L29: =ROUND((IF(K29="A",(G29*$Z$13*6.1),IF(K29="B",(G29*$Z$13*5.8),IF(K29="C",(G29*$Z$13*5.5),IF(K29="D",(G29*$Z$13*5.2),0))))*$E$13+(H29*$AB$12*$E$13*6.1)+I29*$E$13*$AB$13*6.1),0) -> #DIV/0! | M29: =VLOOKUP(C29,TONGHOPCONGDOI!$C$96:$AD$183,20,0) -> 0 | N29: =VLOOKUP(C29,TONGHOPCONGDOI!$C$96:$AD$183,21,0) -> 0 | O29: =VLOOKUP(C29,TONGHOPCONGDOI!$C$96:$AD$183,22,0) -> 0 | P29: =VLOOKUP(C29,TONGHOPCONGDOI!$C$96:$AD$183,23,0) -> 0 | Q29: =VLOOKUP(C29,TONGHOPCONGDOI!$C$96:$AD$183,24,0) -> 0 | R29: =VLOOKUP(C29,TONGHOPCONGDOI!$C$96:$AD$183,25,0) -> 0 | T29: =SUM(M29:R29) -> 0 | U29: =SUM(M29:R29) -> 0 | W29: =ROUND(((M29*46.1)+(N29*76.9)+(O29*92.2)+(P29*153.8)+(Q29*92.2)+(R29*153.8))*$E$13+(S29*20000)+(T29*10000)+(U29*30000),0) -> 0 | X29: =F29+L29+W29 -> #DIV/0! | Z29: =VLOOKUP(C29,'CNKT '!$C$101:$Z$182,24,0) -> 0 | AA29: =X29-Z29 -> #DIV/0!
... A38: 22 | B38: ='Chấm công KT'!D113 -> 03535 | C38: =TONGHOPCONGDOI!C117 -> T. Ôn | E38: =VLOOKUP(C38,TONGHOPCONGDOI!C117:Q204,15,0) -> 0 | F38: =E38*25000 -> 0 | G38: =VLOOKUP(C38,TONGHOPCONGDOI!C117:AD204,16,0) -> 0 | H38: =VLOOKUP(C38,TONGHOPCONGDOI!C117:AD204,18,0) -> 0 | J38: =$AB$11/$AB$10*G38+H38*$AB$12+I38*$AB$13 -> #DIV/0! | K38: =VLOOKUP(C38,'BTH mủ tạp'!C118:AL201,36,0) -> A | L38: =ROUND((IF(K38="A",(G38*$Z$13*6.1),IF(K38="B",(G38*$Z$13*5.8),IF(K38="C",(G38*$Z$13*5.5),IF(K38="D",(G38*$Z$13*5.2),0))))*$E$13+(H38*$AB$12*$E$13*6.1)+I38*$E$13*$AB$13*6.1),0) -> #DIV/0! | M38: =VLOOKUP(C38,TONGHOPCONGDOI!$C$96:$AD$183,20,0) -> 0 | N38: =VLOOKUP(C38,TONGHOPCONGDOI!$C$96:$AD$183,21,0) -> 0 | O38: =VLOOKUP(C38,TONGHOPCONGDOI!$C$96:$AD$183,22,0) -> 0 | P38: =VLOOKUP(C38,TONGHOPCONGDOI!$C$96:$AD$183,23,0) -> 0 | Q38: =VLOOKUP(C38,TONGHOPCONGDOI!$C$96:$AD$183,24,0) -> 0 | R38: =VLOOKUP(C38,TONGHOPCONGDOI!$C$96:$AD$183,25,0) -> 0 | T38: =SUM(M38:R38) -> 0 | U38: =SUM(M38:R38) -> 0 | W38: =ROUND(((M38*46.1)+(N38*76.9)+(O38*92.2)+(P38*153.8)+(Q38*92.2)+(R38*153.8))*$E$13+(S38*20000)+(T38*10000)+(U38*30000),0) -> 0 | X38: =F38+L38+W38 -> #DIV/0! | Z38: =VLOOKUP(C38,'CNKT '!$C$101:$Z$182,24,0) -> 0 | AA38: =X38-Z38 -> #DIV/0!
A39: 23 | C39: =TONGHOPCONGDOI!C118 -> N. Không | E39: =VLOOKUP(C39,TONGHOPCONGDOI!C118:Q205,15,0) -> 0 | F39: =E39*25000 -> 0 | G39: =VLOOKUP(C39,TONGHOPCONGDOI!C118:AD205,16,0) -> 0 | H39: =VLOOKUP(C39,TONGHOPCONGDOI!C118:AD205,18,0) -> 0 | J39: =$AB$11/$AB$10*G39+H39*$AB$12+I39*$AB$13 -> #DIV/0! | K39: =VLOOKUP(C39,'BTH mủ tạp'!C119:AL202,36,0) -> B | L39: =ROUND((IF(K39="A",(G39*$Z$13*6.1),IF(K39="B",(G39*$Z$13*5.8),IF(K39="C",(G39*$Z$13*5.5),IF(K39="D",(G39*$Z$13*5.2),0))))*$E$13+(H39*$AB$12*$E$13*6.1)+I39*$E$13*$AB$13*6.1),0) -> #DIV/0! | M39: =VLOOKUP(C39,TONGHOPCONGDOI!$C$96:$AD$183,20,0) -> 0 | N39: =VLOOKUP(C39,TONGHOPCONGDOI!$C$96:$AD$183,21,0) -> 0 | O39: =VLOOKUP(C39,TONGHOPCONGDOI!$C$96:$AD$183,22,0) -> 0 | P39: =VLOOKUP(C39,TONGHOPCONGDOI!$C$96:$AD$183,23,0) -> 0 | Q39: =VLOOKUP(C39,TONGHOPCONGDOI!$C$96:$AD$183,24,0) -> 0 | R39: =VLOOKUP(C39,TONGHOPCONGDOI!$C$96:$AD$183,25,0) -> 0 | T39: =SUM(M39:R39) -> 0 | U39: =SUM(M39:R39) -> 0 | W39: =ROUND(((M39*46.1)+(N39*76.9)+(O39*92.2)+(P39*153.8)+(Q39*92.2)+(R39*153.8))*$E$13+(S39*20000)+(T39*10000)+(U39*30000),0) -> 0 | X39: =F39+L39+W39 -> #DIV/0! | Z39: =VLOOKUP(C39,'CNKT '!$C$101:$Z$182,24,0) -> 0 | AA39: =X39-Z39 -> #DIV/0!
A40: 24 | B40: ='Chấm công KT'!D115 -> 03537 | C40: =TONGHOPCONGDOI!C119 -> Văn Đi | E40: =VLOOKUP(C40,TONGHOPCONGDOI!C119:Q206,15,0) -> 0 | F40: =E40*25000 -> 0 | G40: =VLOOKUP(C40,TONGHOPCONGDOI!C119:AD206,16,0) -> 0 | H40: =VLOOKUP(C40,TONGHOPCONGDOI!C119:AD206,18,0) -> 0 | J40: =$AB$11/$AB$10*G40+H40*$AB$12+I40*$AB$13 -> #DIV/0! | K40: =VLOOKUP(C40,'BTH mủ tạp'!C120:AL203,36,0) -> B | L40: =ROUND((IF(K40="A",(G40*$Z$13*6.1),IF(K40="B",(G40*$Z$13*5.8),IF(K40="C",(G40*$Z$13*5.5),IF(K40="D",(G40*$Z$13*5.2),0))))*$E$13+(H40*$AB$12*$E$13*6.1)+I40*$E$13*$AB$13*6.1),0) -> #DIV/0! | M40: =VLOOKUP(C40,TONGHOPCONGDOI!$C$96:$AD$183,20,0) -> 0 | N40: =VLOOKUP(C40,TONGHOPCONGDOI!$C$96:$AD$183,21,0) -> 0 | O40: =VLOOKUP(C40,TONGHOPCONGDOI!$C$96:$AD$183,22,0) -> 0 | P40: =VLOOKUP(C40,TONGHOPCONGDOI!$C$96:$AD$183,23,0) -> 0 | Q40: =VLOOKUP(C40,TONGHOPCONGDOI!$C$96:$AD$183,24,0) -> 0 | R40: =VLOOKUP(C40,TONGHOPCONGDOI!$C$96:$AD$183,25,0) -> 0 | T40: =SUM(M40:R40) -> 0 | U40: =SUM(M40:R40) -> 0 | W40: =ROUND(((M40*46.1)+(N40*76.9)+(O40*92.2)+(P40*153.8)+(Q40*92.2)+(R40*153.8))*$E$13+(S40*20000)+(T40*10000)+(U40*30000),0) -> 0 | X40: =F40+L40+W40 -> #DIV/0! | Z40: =VLOOKUP(C40,'CNKT '!$C$101:$Z$182,24,0) -> 0 | AA40: =X40-Z40 -> #DIV/0!
A41: 25 | B41: ='Chấm công KT'!D116 -> 03538 | C41: =TONGHOPCONGDOI!C120 -> T. U Đôm | E41: =VLOOKUP(C41,TONGHOPCONGDOI!C120:Q207,15,0) -> 0 | F41: =E41*25000 -> 0 | G41: =VLOOKUP(C41,TONGHOPCONGDOI!C120:AD207,16,0) -> 0 | H41: =VLOOKUP(C41,TONGHOPCONGDOI!C120:AD207,18,0) -> 0 | J41: =$AB$11/$AB$10*G41+H41*$AB$12+I41*$AB$13 -> #DIV/0! | K41: =VLOOKUP(C41,'BTH mủ tạp'!C121:AL204,36,0) -> A | L41: =ROUND((IF(K41="A",(G41*$Z$13*6.1),IF(K41="B",(G41*$Z$13*5.8),IF(K41="C",(G41*$Z$13*5.5),IF(K41="D",(G41*$Z$13*5.2),0))))*$E$13+(H41*$AB$12*$E$13*6.1)+I41*$E$13*$AB$13*6.1),0) -> #DIV/0! | M41: =VLOOKUP(C41,TONGHOPCONGDOI!$C$96:$AD$183,20,0) -> 0 | N41: =VLOOKUP(C41,TONGHOPCONGDOI!$C$96:$AD$183,21,0) -> 0 | O41: =VLOOKUP(C41,TONGHOPCONGDOI!$C$96:$AD$183,22,0) -> 0 | P41: =VLOOKUP(C41,TONGHOPCONGDOI!$C$96:$AD$183,23,0) -> 0 | Q41: =VLOOKUP(C41,TONGHOPCONGDOI!$C$96:$AD$183,24,0) -> 0 | R41: =VLOOKUP(C41,TONGHOPCONGDOI!$C$96:$AD$183,25,0) -> 0 | T41: =SUM(M41:R41) -> 0 | U41: =SUM(M41:R41) -> 0 | W41: =ROUND(((M41*46.1)+(N41*76.9)+(O41*92.2)+(P41*153.8)+(Q41*92.2)+(R41*153.8))*$E$13+(S41*20000)+(T41*10000)+(U41*30000),0) -> 0 | X41: =F41+L41+W41 -> #DIV/0! | Z41: =VLOOKUP(C41,'CNKT '!$C$101:$Z$182,24,0) -> 0 | AA41: =X41-Z41 -> #DIV/0!
A42: 26 | C42: =TONGHOPCONGDOI!C121 -> N. Lăm Thong | E42: =VLOOKUP(C42,TONGHOPCONGDOI!C121:Q208,15,0) -> 0 | F42: =E42*25000 -> 0 | G42: =VLOOKUP(C42,TONGHOPCONGDOI!C121:AD208,16,0) -> 0 | H42: =VLOOKUP(C42,TONGHOPCONGDOI!C121:AD208,18,0) -> 0 | J42: =$AB$11/$AB$10*G42+H42*$AB$12+I42*$AB$13 -> #DIV/0! | K42: =VLOOKUP(C42,'BTH mủ tạp'!C122:AL205,36,0) -> A | L42: =ROUND((IF(K42="A",(G42*$Z$13*6.1),IF(K42="B",(G42*$Z$13*5.8),IF(K42="C",(G42*$Z$13*5.5),IF(K42="D",(G42*$Z$13*5.2),0))))*$E$13+(H42*$AB$12*$E$13*6.1)+I42*$E$13*$AB$13*6.1),0) -> #DIV/0! | M42: =VLOOKUP(C42,TONGHOPCONGDOI!$C$96:$AD$183,20,0) -> 0 | N42: =VLOOKUP(C42,TONGHOPCONGDOI!$C$96:$AD$183,21,0) -> 0 | O42: =VLOOKUP(C42,TONGHOPCONGDOI!$C$96:$AD$183,22,0) -> 0 | P42: =VLOOKUP(C42,TONGHOPCONGDOI!$C$96:$AD$183,23,0) -> 0 | Q42: =VLOOKUP(C42,TONGHOPCONGDOI!$C$96:$AD$183,24,0) -> 0 | R42: =VLOOKUP(C42,TONGHOPCONGDOI!$C$96:$AD$183,25,0) -> 0 | T42: =SUM(M42:R42) -> 0 | U42: =SUM(M42:R42) -> 0 | W42: =ROUND(((M42*46.1)+(N42*76.9)+(O42*92.2)+(P42*153.8)+(Q42*92.2)+(R42*153.8))*$E$13+(S42*20000)+(T42*10000)+(U42*30000),0) -> 0 | X42: =F42+L42+W42 -> #DIV/0! | Z42: =VLOOKUP(C42,'CNKT '!$C$101:$Z$182,24,0) -> 0 | AA42: =X42-Z42 -> #DIV/0!
A43: 27 | B43: ='Chấm công KT'!D118 -> 03540 | C43: =TONGHOPCONGDOI!C122 -> N. Seng | E43: =VLOOKUP(C43,TONGHOPCONGDOI!C122:Q209,15,0) -> 0 | F43: =E43*25000 -> 0 | G43: =VLOOKUP(C43,TONGHOPCONGDOI!C122:AD209,16,0) -> 0 | H43: =VLOOKUP(C43,TONGHOPCONGDOI!C122:AD209,18,0) -> 0 | J43: =$AB$11/$AB$10*G43+H43*$AB$12+I43*$AB$13 -> #DIV/0! | K43: =VLOOKUP(C43,'BTH mủ tạp'!C123:AL206,36,0) -> B | L43: =ROUND((IF(K43="A",(G43*$Z$13*6.1),IF(K43="B",(G43*$Z$13*5.8),IF(K43="C",(G43*$Z$13*5.5),IF(K43="D",(G43*$Z$13*5.2),0))))*$E$13+(H43*$AB$12*$E$13*6.1)+I43*$E$13*$AB$13*6.1),0) -> #DIV/0! | M43: =VLOOKUP(C43,TONGHOPCONGDOI!$C$96:$AD$183,20,0) -> 0 | N43: =VLOOKUP(C43,TONGHOPCONGDOI!$C$96:$AD$183,21,0) -> 0 | O43: =VLOOKUP(C43,TONGHOPCONGDOI!$C$96:$AD$183,22,0) -> 0 | P43: =VLOOKUP(C43,TONGHOPCONGDOI!$C$96:$AD$183,23,0) -> 0 | Q43: =VLOOKUP(C43,TONGHOPCONGDOI!$C$96:$AD$183,24,0) -> 0 | R43: =VLOOKUP(C43,TONGHOPCONGDOI!$C$96:$AD$183,25,0) -> 0 | T43: =SUM(M43:R43) -> 0 | U43: =SUM(M43:R43) -> 0 | W43: =ROUND(((M43*46.1)+(N43*76.9)+(O43*92.2)+(P43*153.8)+(Q43*92.2)+(R43*153.8))*$E$13+(S43*20000)+(T43*10000)+(U43*30000),0) -> 0 | X43: =F43+L43+W43 -> #DIV/0! | Z43: =VLOOKUP(C43,'CNKT '!$C$101:$Z$182,24,0) -> 0 | AA43: =X43-Z43 -> #DIV/0!
A44: 28 | B44: ='Chấm công KT'!D119 -> 03541 | C44: =TONGHOPCONGDOI!C123 -> T Đeng | E44: =VLOOKUP(C44,TONGHOPCONGDOI!C123:Q210,15,0) -> 0 | F44: =E44*25000 -> 0 | G44: =VLOOKUP(C44,TONGHOPCONGDOI!C123:AD210,16,0) -> 0 | H44: =VLOOKUP(C44,TONGHOPCONGDOI!C123:AD210,18,0) -> 0 | J44: =$AB$11/$AB$10*G44+H44*$AB$12+I44*$AB$13 -> #DIV/0! | K44: =VLOOKUP(C44,'BTH mủ tạp'!C124:AL207,36,0) -> A | L44: =ROUND((IF(K44="A",(G44*$Z$13*6.1),IF(K44="B",(G44*$Z$13*5.8),IF(K44="C",(G44*$Z$13*5.5),IF(K44="D",(G44*$Z$13*5.2),0))))*$E$13+(H44*$AB$12*$E$13*6.1)+I44*$E$13*$AB$13*6.1),0) -> #DIV/0! | M44: =VLOOKUP(C44,TONGHOPCONGDOI!$C$96:$AD$183,20,0) -> 0 | N44: =VLOOKUP(C44,TONGHOPCONGDOI!$C$96:$AD$183,21,0) -> 0 | O44: =VLOOKUP(C44,TONGHOPCONGDOI!$C$96:$AD$183,22,0) -> 0 | P44: =VLOOKUP(C44,TONGHOPCONGDOI!$C$96:$AD$183,23,0) -> 0 | Q44: =VLOOKUP(C44,TONGHOPCONGDOI!$C$96:$AD$183,24,0) -> 0 | R44: =VLOOKUP(C44,TONGHOPCONGDOI!$C$96:$AD$183,25,0) -> 0 | T44: =SUM(M44:R44) -> 0 | U44: =SUM(M44:R44) -> 0 | W44: =ROUND(((M44*46.1)+(N44*76.9)+(O44*92.2)+(P44*153.8)+(Q44*92.2)+(R44*153.8))*$E$13+(S44*20000)+(T44*10000)+(U44*30000),0) -> 0 | X44: =F44+L44+W44 -> #DIV/0! | Z44: =VLOOKUP(C44,'CNKT '!$C$101:$Z$182,24,0) -> 0 | AA44: =X44-Z44 -> #DIV/0!
A45: 29 | B45: ='Chấm công KT'!D120 -> 03542 | C45: =TONGHOPCONGDOI!C124 -> T . Keo | E45: =VLOOKUP(C45,TONGHOPCONGDOI!C124:Q211,15,0) -> 0 | F45: =E45*25000 -> 0 | G45: =VLOOKUP(C45,TONGHOPCONGDOI!C124:AD211,16,0) -> 0 | H45: =VLOOKUP(C45,TONGHOPCONGDOI!C124:AD211,18,0) -> 0 | J45: =$AB$11/$AB$10*G45+H45*$AB$12+I45*$AB$13 -> #DIV/0! | K45: =VLOOKUP(C45,'BTH mủ tạp'!C125:AL208,36,0) -> B | L45: =ROUND((IF(K45="A",(G45*$Z$13*6.1),IF(K45="B",(G45*$Z$13*5.8),IF(K45="C",(G45*$Z$13*5.5),IF(K45="D",(G45*$Z$13*5.2),0))))*$E$13+(H45*$AB$12*$E$13*6.1)+I45*$E$13*$AB$13*6.1),0) -> #DIV/0! | M45: =VLOOKUP(C45,TONGHOPCONGDOI!$C$96:$AD$183,20,0) -> 0 | N45: =VLOOKUP(C45,TONGHOPCONGDOI!$C$96:$AD$183,21,0) -> 0 | O45: =VLOOKUP(C45,TONGHOPCONGDOI!$C$96:$AD$183,22,0) -> 0 | P45: =VLOOKUP(C45,TONGHOPCONGDOI!$C$96:$AD$183,23,0) -> 0 | Q45: =VLOOKUP(C45,TONGHOPCONGDOI!$C$96:$AD$183,24,0) -> 0 | R45: =VLOOKUP(C45,TONGHOPCONGDOI!$C$96:$AD$183,25,0) -> 0 | T45: =SUM(M45:R45) -> 0 | U45: =SUM(M45:R45) -> 0 | W45: =ROUND(((M45*46.1)+(N45*76.9)+(O45*92.2)+(P45*153.8)+(Q45*92.2)+(R45*153.8))*$E$13+(S45*20000)+(T45*10000)+(U45*30000),0) -> 0 | X45: =F45+L45+W45 -> #DIV/0! | Z45: =VLOOKUP(C45,'CNKT '!$C$101:$Z$182,24,0) -> 0 | AA45: =X45-Z45 -> #DIV/0!
A46: 30 | B46: ='Chấm công KT'!D121 -> 03543 | C46: =TONGHOPCONGDOI!C125 -> Văn Na Nọi | E46: =VLOOKUP(C46,TONGHOPCONGDOI!C125:Q212,15,0) -> 0 | F46: =E46*25000 -> 0 | G46: =VLOOKUP(C46,TONGHOPCONGDOI!C125:AD212,16,0) -> 0 | H46: =VLOOKUP(C46,TONGHOPCONGDOI!C125:AD212,18,0) -> 0 | J46: =$AB$11/$AB$10*G46+H46*$AB$12+I46*$AB$13 -> #DIV/0! | K46: =VLOOKUP(C46,'BTH mủ tạp'!C126:AL209,36,0) -> B | L46: =ROUND((IF(K46="A",(G46*$Z$13*6.1),IF(K46="B",(G46*$Z$13*5.8),IF(K46="C",(G46*$Z$13*5.5),IF(K46="D",(G46*$Z$13*5.2),0))))*$E$13+(H46*$AB$12*$E$13*6.1)+I46*$E$13*$AB$13*6.1),0) -> #DIV/0! | M46: =VLOOKUP(C46,TONGHOPCONGDOI!$C$96:$AD$183,20,0) -> 0 | N46: =VLOOKUP(C46,TONGHOPCONGDOI!$C$96:$AD$183,21,0) -> 0 | O46: =VLOOKUP(C46,TONGHOPCONGDOI!$C$96:$AD$183,22,0) -> 0 | P46: =VLOOKUP(C46,TONGHOPCONGDOI!$C$96:$AD$183,23,0) -> 0 | Q46: =VLOOKUP(C46,TONGHOPCONGDOI!$C$96:$AD$183,24,0) -> 0 | R46: =VLOOKUP(C46,TONGHOPCONGDOI!$C$96:$AD$183,25,0) -> 0 | T46: =SUM(M46:R46) -> 0 | U46: =SUM(M46:R46) -> 0 | W46: =ROUND(((M46*46.1)+(N46*76.9)+(O46*92.2)+(P46*153.8)+(Q46*92.2)+(R46*153.8))*$E$13+(S46*20000)+(T46*10000)+(U46*30000),0) -> 0 | X46: =F46+L46+W46 -> #DIV/0! | Z46: =VLOOKUP(C46,'CNKT '!$C$101:$Z$182,24,0) -> 0 | AA46: =X46-Z46 -> #DIV/0!
A47: 31 | B47: ='Chấm công KT'!D122 -> 03544 | C47: =TONGHOPCONGDOI!C126 -> T. Ta | E47: =VLOOKUP(C47,TONGHOPCONGDOI!C126:Q213,15,0) -> 0 | F47: =E47*25000 -> 0 | G47: =VLOOKUP(C47,TONGHOPCONGDOI!C126:AD213,16,0) -> 0 | H47: =VLOOKUP(C47,TONGHOPCONGDOI!C126:AD213,18,0) -> 0 | J47: =$AB$11/$AB$10*G47+H47*$AB$12+I47*$AB$13 -> #DIV/0! | K47: =VLOOKUP(C47,'BTH mủ tạp'!C127:AL210,36,0) -> A | L47: =ROUND((IF(K47="A",(G47*$Z$13*6.1),IF(K47="B",(G47*$Z$13*5.8),IF(K47="C",(G47*$Z$13*5.5),IF(K47="D",(G47*$Z$13*5.2),0))))*$E$13+(H47*$AB$12*$E$13*6.1)+I47*$E$13*$AB$13*6.1),0) -> #DIV/0! | M47: =VLOOKUP(C47,TONGHOPCONGDOI!$C$96:$AD$183,20,0) -> 0 | N47: =VLOOKUP(C47,TONGHOPCONGDOI!$C$96:$AD$183,21,0) -> 0 | O47: =VLOOKUP(C47,TONGHOPCONGDOI!$C$96:$AD$183,22,0) -> 0 | P47: =VLOOKUP(C47,TONGHOPCONGDOI!$C$96:$AD$183,23,0) -> 0 | Q47: =VLOOKUP(C47,TONGHOPCONGDOI!$C$96:$AD$183,24,0) -> 0 | R47: =VLOOKUP(C47,TONGHOPCONGDOI!$C$96:$AD$183,25,0) -> 0 | T47: =SUM(M47:R47) -> 0 | U47: =SUM(M47:R47) -> 0 | W47: =ROUND(((M47*46.1)+(N47*76.9)+(O47*92.2)+(P47*153.8)+(Q47*92.2)+(R47*153.8))*$E$13+(S47*20000)+(T47*10000)+(U47*30000),0) -> 0 | X47: =F47+L47+W47 -> #DIV/0! | Z47: =VLOOKUP(C47,'CNKT '!$C$101:$Z$182,24,0) -> 0 | AA47: =X47-Z47 -> #DIV/0!
A48: 32 | B48: ='Chấm công KT'!D123 -> 03545 | C48: =TONGHOPCONGDOI!C127 -> Phon Xa Văn | E48: =VLOOKUP(C48,TONGHOPCONGDOI!C127:Q214,15,0) -> 0 | F48: =E48*25000 -> 0 | G48: =VLOOKUP(C48,TONGHOPCONGDOI!C127:AD214,16,0) -> 0 | H48: =VLOOKUP(C48,TONGHOPCONGDOI!C127:AD214,18,0) -> 0 | J48: =$AB$11/$AB$10*G48+H48*$AB$12+I48*$AB$13 -> #DIV/0! | K48: =VLOOKUP(C48,'BTH mủ tạp'!C128:AL211,36,0) -> B | L48: =ROUND((IF(K48="A",(G48*$Z$13*6.1),IF(K48="B",(G48*$Z$13*5.8),IF(K48="C",(G48*$Z$13*5.5),IF(K48="D",(G48*$Z$13*5.2),0))))*$E$13+(H48*$AB$12*$E$13*6.1)+I48*$E$13*$AB$13*6.1),0) -> #DIV/0! | M48: =VLOOKUP(C48,TONGHOPCONGDOI!$C$96:$AD$183,20,0) -> 0 | N48: =VLOOKUP(C48,TONGHOPCONGDOI!$C$96:$AD$183,21,0) -> 0 | O48: =VLOOKUP(C48,TONGHOPCONGDOI!$C$96:$AD$183,22,0) -> 0 | P48: =VLOOKUP(C48,TONGHOPCONGDOI!$C$96:$AD$183,23,0) -> 0 | Q48: =VLOOKUP(C48,TONGHOPCONGDOI!$C$96:$AD$183,24,0) -> 0 | R48: =VLOOKUP(C48,TONGHOPCONGDOI!$C$96:$AD$183,25,0) -> 0 | T48: =SUM(M48:R48) -> 0 | U48: =SUM(M48:R48) -> 0 | W48: =ROUND(((M48*46.1)+(N48*76.9)+(O48*92.2)+(P48*153.8)+(Q48*92.2)+(R48*153.8))*$E$13+(S48*20000)+(T48*10000)+(U48*30000),0) -> 0 | X48: =F48+L48+W48 -> #DIV/0! | Z48: =VLOOKUP(C48,'CNKT '!$C$101:$Z$182,24,0) -> 0 | AA48: =X48-Z48 -> #DIV/0!
A49: 33 | B49: ='Chấm công KT'!D124 -> 03546 | C49: =TONGHOPCONGDOI!C128 -> T. Nọi | E49: =VLOOKUP(C49,TONGHOPCONGDOI!C128:Q215,15,0) -> 0 | F49: =E49*25000 -> 0 | G49: =VLOOKUP(C49,TONGHOPCONGDOI!C128:AD215,16,0) -> 0 | H49: =VLOOKUP(C49,TONGHOPCONGDOI!C128:AD215,18,0) -> 0 | J49: =$AB$11/$AB$10*G49+H49*$AB$12+I49*$AB$13 -> #DIV/0! | K49: =VLOOKUP(C49,'BTH mủ tạp'!C129:AL212,36,0) -> A | L49: =ROUND((IF(K49="A",(G49*$Z$13*6.1),IF(K49="B",(G49*$Z$13*5.8),IF(K49="C",(G49*$Z$13*5.5),IF(K49="D",(G49*$Z$13*5.2),0))))*$E$13+(H49*$AB$12*$E$13*6.1)+I49*$E$13*$AB$13*6.1),0) -> #DIV/0! | M49: =VLOOKUP(C49,TONGHOPCONGDOI!$C$96:$AD$183,20,0) -> 0 | N49: =VLOOKUP(C49,TONGHOPCONGDOI!$C$96:$AD$183,21,0) -> 0 | O49: =VLOOKUP(C49,TONGHOPCONGDOI!$C$96:$AD$183,22,0) -> 0 | P49: =VLOOKUP(C49,TONGHOPCONGDOI!$C$96:$AD$183,23,0) -> 0 | Q49: =VLOOKUP(C49,TONGHOPCONGDOI!$C$96:$AD$183,24,0) -> 0 | R49: =VLOOKUP(C49,TONGHOPCONGDOI!$C$96:$AD$183,25,0) -> 0 | T49: =SUM(M49:R49) -> 0 | U49: =SUM(M49:R49) -> 0 | W49: =ROUND(((M49*46.1)+(N49*76.9)+(O49*92.2)+(P49*153.8)+(Q49*92.2)+(R49*153.8))*$E$13+(S49*20000)+(T49*10000)+(U49*30000),0) -> 0 | X49: =F49+L49+W49 -> #DIV/0! | Z49: =VLOOKUP(C49,'CNKT '!$C$101:$Z$182,24,0) -> 0 | AA49: =X49-Z49 -> #DIV/0!
A50: 34 | B50: ='Chấm công KT'!D125 -> 03547 | C50: =TONGHOPCONGDOI!C129 -> N. Nôn | E50: =VLOOKUP(C50,TONGHOPCONGDOI!C129:Q216,15,0) -> 0 | F50: =E50*25000 -> 0 | G50: =VLOOKUP(C50,TONGHOPCONGDOI!C129:AD216,16,0) -> 0 | H50: =VLOOKUP(C50,TONGHOPCONGDOI!C129:AD216,18,0) -> 0 | J50: =$AB$11/$AB$10*G50+H50*$AB$12+I50*$AB$13 -> #DIV/0! | K50: =VLOOKUP(C50,'BTH mủ tạp'!C130:AL213,36,0) -> A | L50: =ROUND((IF(K50="A",(G50*$Z$13*6.1),IF(K50="B",(G50*$Z$13*5.8),IF(K50="C",(G50*$Z$13*5.5),IF(K50="D",(G50*$Z$13*5.2),0))))*$E$13+(H50*$AB$12*$E$13*6.1)+I50*$E$13*$AB$13*6.1),0) -> #DIV/0! | M50: =VLOOKUP(C50,TONGHOPCONGDOI!$C$96:$AD$183,20,0) -> 0 | N50: =VLOOKUP(C50,TONGHOPCONGDOI!$C$96:$AD$183,21,0) -> 0 | O50: =VLOOKUP(C50,TONGHOPCONGDOI!$C$96:$AD$183,22,0) -> 0 | P50: =VLOOKUP(C50,TONGHOPCONGDOI!$C$96:$AD$183,23,0) -> 0 | Q50: =VLOOKUP(C50,TONGHOPCONGDOI!$C$96:$AD$183,24,0) -> 0 | R50: =VLOOKUP(C50,TONGHOPCONGDOI!$C$96:$AD$183,25,0) -> 0 | T50: =SUM(M50:R50) -> 0 | U50: =SUM(M50:R50) -> 0 | W50: =ROUND(((M50*46.1)+(N50*76.9)+(O50*92.2)+(P50*153.8)+(Q50*92.2)+(R50*153.8))*$E$13+(S50*20000)+(T50*10000)+(U50*30000),0) -> 0 | X50: =F50+L50+W50 -> #DIV/0! | Z50: =VLOOKUP(C50,'CNKT '!$C$101:$Z$182,24,0) -> 0 | AA50: =X50-Z50 -> #DIV/0!
A51: 35 | C51: =TONGHOPCONGDOI!C130 -> N. Công Say | E51: =VLOOKUP(C51,TONGHOPCONGDOI!C130:Q217,15,0) -> 0 | F51: =E51*25000 -> 0 | G51: =VLOOKUP(C51,TONGHOPCONGDOI!C130:AD217,16,0) -> 0 | H51: =VLOOKUP(C51,TONGHOPCONGDOI!C130:AD217,18,0) -> 0 | J51: =$AB$11/$AB$10*G51+H51*$AB$12+I51*$AB$13 -> #DIV/0! | K51: =VLOOKUP(C51,'BTH mủ tạp'!C131:AL214,36,0) -> A | L51: =ROUND((IF(K51="A",(G51*$Z$13*6.1),IF(K51="B",(G51*$Z$13*5.8),IF(K51="C",(G51*$Z$13*5.5),IF(K51="D",(G51*$Z$13*5.2),0))))*$E$13+(H51*$AB$12*$E$13*6.1)+I51*$E$13*$AB$13*6.1),0) -> #DIV/0! | M51: =VLOOKUP(C51,TONGHOPCONGDOI!$C$96:$AD$183,20,0) -> 0 | N51: =VLOOKUP(C51,TONGHOPCONGDOI!$C$96:$AD$183,21,0) -> 0 | O51: =VLOOKUP(C51,TONGHOPCONGDOI!$C$96:$AD$183,22,0) -> 0 | P51: =VLOOKUP(C51,TONGHOPCONGDOI!$C$96:$AD$183,23,0) -> 0 | Q51: =VLOOKUP(C51,TONGHOPCONGDOI!$C$96:$AD$183,24,0) -> 0 | R51: =VLOOKUP(C51,TONGHOPCONGDOI!$C$96:$AD$183,25,0) -> 0 | T51: =SUM(M51:R51) -> 0 | U51: =SUM(M51:R51) -> 0 | W51: =ROUND(((M51*46.1)+(N51*76.9)+(O51*92.2)+(P51*153.8)+(Q51*92.2)+(R51*153.8))*$E$13+(S51*20000)+(T51*10000)+(U51*30000),0) -> 0 | X51: =F51+L51+W51 -> #DIV/0! | Z51: =VLOOKUP(C51,'CNKT '!$C$101:$Z$182,24,0) -> 0 | AA51: =X51-Z51 -> #DIV/0!
A52: 36 | B52: ='Chấm công KT'!D127 -> 03549 | C52: =TONGHOPCONGDOI!C131 -> N. Xi Xộm | E52: =VLOOKUP(C52,TONGHOPCONGDOI!C131:Q218,15,0) -> 0 | F52: =E52*25000 -> 0 | G52: =VLOOKUP(C52,TONGHOPCONGDOI!C131:AD218,16,0) -> 0 | H52: =VLOOKUP(C52,TONGHOPCONGDOI!C131:AD218,18,0) -> 0 | J52: =$AB$11/$AB$10*G52+H52*$AB$12+I52*$AB$13 -> #DIV/0! | K52: =VLOOKUP(C52,'BTH mủ tạp'!C132:AL215,36,0) -> B | L52: =ROUND((IF(K52="A",(G52*$Z$13*6.1),IF(K52="B",(G52*$Z$13*5.8),IF(K52="C",(G52*$Z$13*5.5),IF(K52="D",(G52*$Z$13*5.2),0))))*$E$13+(H52*$AB$12*$E$13*6.1)+I52*$E$13*$AB$13*6.1),0) -> #DIV/0! | M52: =VLOOKUP(C52,TONGHOPCONGDOI!$C$96:$AD$183,20,0) -> 0 | N52: =VLOOKUP(C52,TONGHOPCONGDOI!$C$96:$AD$183,21,0) -> 0 | O52: =VLOOKUP(C52,TONGHOPCONGDOI!$C$96:$AD$183,22,0) -> 0 | P52: =VLOOKUP(C52,TONGHOPCONGDOI!$C$96:$AD$183,23,0) -> 0 | Q52: =VLOOKUP(C52,TONGHOPCONGDOI!$C$96:$AD$183,24,0) -> 0 | R52: =VLOOKUP(C52,TONGHOPCONGDOI!$C$96:$AD$183,25,0) -> 0 | T52: =SUM(M52:R52) -> 0 | U52: =SUM(M52:R52) -> 0 | W52: =ROUND(((M52*46.1)+(N52*76.9)+(O52*92.2)+(P52*153.8)+(Q52*92.2)+(R52*153.8))*$E$13+(S52*20000)+(T52*10000)+(U52*30000),0) -> 0 | X52: =F52+L52+W52 -> #DIV/0! | Z52: =VLOOKUP(C52,'CNKT '!$C$101:$Z$182,24,0) -> 0 | AA52: =X52-Z52 -> #DIV/0!
A53: 37 | B53: ='Chấm công KT'!D128 -> 03550 | C53: =TONGHOPCONGDOI!C132 -> T. Đuông | E53: =VLOOKUP(C53,TONGHOPCONGDOI!C132:Q219,15,0) -> 0 | F53: =E53*25000 -> 0 | G53: =VLOOKUP(C53,TONGHOPCONGDOI!C132:AD219,16,0) -> 0 | H53: =VLOOKUP(C53,TONGHOPCONGDOI!C132:AD219,18,0) -> 0 | J53: =$AB$11/$AB$10*G53+H53*$AB$12+I53*$AB$13 -> #DIV/0! | K53: =VLOOKUP(C53,'BTH mủ tạp'!C133:AL216,36,0) -> B | L53: =ROUND((IF(K53="A",(G53*$Z$13*6.1),IF(K53="B",(G53*$Z$13*5.8),IF(K53="C",(G53*$Z$13*5.5),IF(K53="D",(G53*$Z$13*5.2),0))))*$E$13+(H53*$AB$12*$E$13*6.1)+I53*$E$13*$AB$13*6.1),0) -> #DIV/0! | M53: =VLOOKUP(C53,TONGHOPCONGDOI!$C$96:$AD$183,20,0) -> 0 | N53: =VLOOKUP(C53,TONGHOPCONGDOI!$C$96:$AD$183,21,0) -> 0 | O53: =VLOOKUP(C53,TONGHOPCONGDOI!$C$96:$AD$183,22,0) -> 0 | P53: =VLOOKUP(C53,TONGHOPCONGDOI!$C$96:$AD$183,23,0) -> 0 | Q53: =VLOOKUP(C53,TONGHOPCONGDOI!$C$96:$AD$183,24,0) -> 0 | R53: =VLOOKUP(C53,TONGHOPCONGDOI!$C$96:$AD$183,25,0) -> 0 | T53: =SUM(M53:R53) -> 0 | U53: =SUM(M53:R53) -> 0 | W53: =ROUND(((M53*46.1)+(N53*76.9)+(O53*92.2)+(P53*153.8)+(Q53*92.2)+(R53*153.8))*$E$13+(S53*20000)+(T53*10000)+(U53*30000),0) -> 0 | X53: =F53+L53+W53 -> #DIV/0! | Z53: =VLOOKUP(C53,'CNKT '!$C$101:$Z$182,24,0) -> 0 | AA53: =X53-Z53 -> #DIV/0!
A54: 38 | B54: ='Chấm công KT'!D129 -> 03551 | C54: =TONGHOPCONGDOI!C133 -> T . Pheng | E54: =VLOOKUP(C54,TONGHOPCONGDOI!C133:Q220,15,0) -> 0 | F54: =E54*25000 -> 0 | G54: =VLOOKUP(C54,TONGHOPCONGDOI!C133:AD220,16,0) -> 0 | H54: =VLOOKUP(C54,TONGHOPCONGDOI!C133:AD220,18,0) -> 0 | J54: =$AB$11/$AB$10*G54+H54*$AB$12+I54*$AB$13 -> #DIV/0! | K54: =VLOOKUP(C54,'BTH mủ tạp'!C134:AL217,36,0) -> B | L54: =ROUND((IF(K54="A",(G54*$Z$13*6.1),IF(K54="B",(G54*$Z$13*5.8),IF(K54="C",(G54*$Z$13*5.5),IF(K54="D",(G54*$Z$13*5.2),0))))*$E$13+(H54*$AB$12*$E$13*6.1)+I54*$E$13*$AB$13*6.1),0) -> #DIV/0! | M54: =VLOOKUP(C54,TONGHOPCONGDOI!$C$96:$AD$183,20,0) -> 0 | N54: =VLOOKUP(C54,TONGHOPCONGDOI!$C$96:$AD$183,21,0) -> 0 | O54: =VLOOKUP(C54,TONGHOPCONGDOI!$C$96:$AD$183,22,0) -> 0 | P54: =VLOOKUP(C54,TONGHOPCONGDOI!$C$96:$AD$183,23,0) -> 0 | Q54: =VLOOKUP(C54,TONGHOPCONGDOI!$C$96:$AD$183,24,0) -> 0 | R54: =VLOOKUP(C54,TONGHOPCONGDOI!$C$96:$AD$183,25,0) -> 0 | T54: =SUM(M54:R54) -> 0 | U54: =SUM(M54:R54) -> 0 | W54: =ROUND(((M54*46.1)+(N54*76.9)+(O54*92.2)+(P54*153.8)+(Q54*92.2)+(R54*153.8))*$E$13+(S54*20000)+(T54*10000)+(U54*30000),0) -> 0 | X54: =F54+L54+W54 -> #DIV/0! | Z54: =VLOOKUP(C54,'CNKT '!$C$101:$Z$182,24,0) -> 0 | AA54: =X54-Z54 -> #DIV/0!
A55: 39 | C55: =TONGHOPCONGDOI!C134 -> T. Nọi Ê | E55: =VLOOKUP(C55,TONGHOPCONGDOI!C134:Q221,15,0) -> 0 | F55: =E55*25000 -> 0 | G55: =VLOOKUP(C55,TONGHOPCONGDOI!C134:AD221,16,0) -> 0 | H55: =VLOOKUP(C55,TONGHOPCONGDOI!C134:AD221,18,0) -> 0 | J55: =$AB$11/$AB$10*G55+H55*$AB$12+I55*$AB$13 -> #DIV/0! | K55: =VLOOKUP(C55,'BTH mủ tạp'!C135:AL218,36,0) -> A | L55: =ROUND((IF(K55="A",(G55*$Z$13*6.1),IF(K55="B",(G55*$Z$13*5.8),IF(K55="C",(G55*$Z$13*5.5),IF(K55="D",(G55*$Z$13*5.2),0))))*$E$13+(H55*$AB$12*$E$13*6.1)+I55*$E$13*$AB$13*6.1),0) -> #DIV/0! | M55: =VLOOKUP(C55,TONGHOPCONGDOI!$C$96:$AD$183,20,0) -> 0 | N55: =VLOOKUP(C55,TONGHOPCONGDOI!$C$96:$AD$183,21,0) -> 0 | O55: =VLOOKUP(C55,TONGHOPCONGDOI!$C$96:$AD$183,22,0) -> 0 | P55: =VLOOKUP(C55,TONGHOPCONGDOI!$C$96:$AD$183,23,0) -> 0 | Q55: =VLOOKUP(C55,TONGHOPCONGDOI!$C$96:$AD$183,24,0) -> 0 | R55: =VLOOKUP(C55,TONGHOPCONGDOI!$C$96:$AD$183,25,0) -> 0 | T55: =SUM(M55:R55) -> 0 | U55: =SUM(M55:R55) -> 0 | W55: =ROUND(((M55*46.1)+(N55*76.9)+(O55*92.2)+(P55*153.8)+(Q55*92.2)+(R55*153.8))*$E$13+(S55*20000)+(T55*10000)+(U55*30000),0) -> 0 | X55: =F55+L55+W55 -> #DIV/0! | Z55: =VLOOKUP(C55,'CNKT '!$C$101:$Z$182,24,0) -> 0 | AA55: =X55-Z55 -> #DIV/0!
A56: 40 | B56: ='Chấm công KT'!D131 -> 03488 | C56: =TONGHOPCONGDOI!C135 -> N. Đeng | E56: =VLOOKUP(C56,TONGHOPCONGDOI!C135:Q222,15,0) -> 0 | F56: =E56*25000 -> 0 | G56: =VLOOKUP(C56,TONGHOPCONGDOI!C135:AD222,16,0) -> 0 | H56: =VLOOKUP(C56,TONGHOPCONGDOI!C135:AD222,18,0) -> 0 | J56: =$AB$11/$AB$10*G56+H56*$AB$12+I56*$AB$13 -> #DIV/0! | K56: =VLOOKUP(C56,'BTH mủ tạp'!C136:AL219,36,0) -> A | L56: =ROUND((IF(K56="A",(G56*$Z$13*6.1),IF(K56="B",(G56*$Z$13*5.8),IF(K56="C",(G56*$Z$13*5.5),IF(K56="D",(G56*$Z$13*5.2),0))))*$E$13+(H56*$AB$12*$E$13*6.1)+I56*$E$13*$AB$13*6.1),0) -> #DIV/0! | M56: =VLOOKUP(C56,TONGHOPCONGDOI!$C$96:$AD$183,20,0) -> 0 | N56: =VLOOKUP(C56,TONGHOPCONGDOI!$C$96:$AD$183,21,0) -> 0 | O56: =VLOOKUP(C56,TONGHOPCONGDOI!$C$96:$AD$183,22,0) -> 0 | P56: =VLOOKUP(C56,TONGHOPCONGDOI!$C$96:$AD$183,23,0) -> 0 | Q56: =VLOOKUP(C56,TONGHOPCONGDOI!$C$96:$AD$183,24,0) -> 0 | R56: =VLOOKUP(C56,TONGHOPCONGDOI!$C$96:$AD$183,25,0) -> 0 | T56: =SUM(M56:R56) -> 0 | U56: =SUM(M56:R56) -> 0 | W56: =ROUND(((M56*46.1)+(N56*76.9)+(O56*92.2)+(P56*153.8)+(Q56*92.2)+(R56*153.8))*$E$13+(S56*20000)+(T56*10000)+(U56*30000),0) -> 0 | X56: =F56+L56+W56 -> #DIV/0! | Z56: =VLOOKUP(C56,'CNKT '!$C$101:$Z$182,24,0) -> 0 | AA56: =X56-Z56 -> #DIV/0!
A57: 41 | C57: =TONGHOPCONGDOI!C136 -> Xôm Phon 1 | E57: =VLOOKUP(C57,TONGHOPCONGDOI!C136:Q223,15,0) -> 0 | F57: =E57*25000 -> 0 | G57: =VLOOKUP(C57,TONGHOPCONGDOI!C136:AD223,16,0) -> 0 | H57: =VLOOKUP(C57,TONGHOPCONGDOI!C136:AD223,18,0) -> 0 | J57: =$AB$11/$AB$10*G57+H57*$AB$12+I57*$AB$13 -> #DIV/0! | K57: =VLOOKUP(C57,'BTH mủ tạp'!C137:AL220,36,0) -> C | L57: =ROUND((IF(K57="A",(G57*$Z$13*6.1),IF(K57="B",(G57*$Z$13*5.8),IF(K57="C",(G57*$Z$13*5.5),IF(K57="D",(G57*$Z$13*5.2),0))))*$E$13+(H57*$AB$12*$E$13*6.1)+I57*$E$13*$AB$13*6.1),0) -> #DIV/0! | M57: =VLOOKUP(C57,TONGHOPCONGDOI!$C$96:$AD$183,20,0) -> 0 | N57: =VLOOKUP(C57,TONGHOPCONGDOI!$C$96:$AD$183,21,0) -> 0 | O57: =VLOOKUP(C57,TONGHOPCONGDOI!$C$96:$AD$183,22,0) -> 0 | P57: =VLOOKUP(C57,TONGHOPCONGDOI!$C$96:$AD$183,23,0) -> 0 | Q57: =VLOOKUP(C57,TONGHOPCONGDOI!$C$96:$AD$183,24,0) -> 0 | R57: =VLOOKUP(C57,TONGHOPCONGDOI!$C$96:$AD$183,25,0) -> 0 | T57: =SUM(M57:R57) -> 0 | U57: =SUM(M57:R57) -> 0 | W57: =ROUND(((M57*46.1)+(N57*76.9)+(O57*92.2)+(P57*153.8)+(Q57*92.2)+(R57*153.8))*$E$13+(S57*20000)+(T57*10000)+(U57*30000),0) -> 0 | X57: =F57+L57+W57 -> #DIV/0! | Z57: =VLOOKUP(C57,'CNKT '!$C$101:$Z$182,24,0) -> 0 | AA57: =X57-Z57 -> #DIV/0!
A58: 42 | B58: ='Chấm công KT'!D133 -> 03555 | C58: =TONGHOPCONGDOI!C137 -> C. Trang 1 | E58: =VLOOKUP(C58,TONGHOPCONGDOI!C137:Q224,15,0) -> 0 | F58: =E58*25000 -> 0 | G58: =VLOOKUP(C58,TONGHOPCONGDOI!C137:AD224,16,0) -> 0 | H58: =VLOOKUP(C58,TONGHOPCONGDOI!C137:AD224,18,0) -> 0 | J58: =$AB$11/$AB$10*G58+H58*$AB$12+I58*$AB$13 -> #DIV/0! | K58: =VLOOKUP(C58,'BTH mủ tạp'!C138:AL221,36,0) -> A | L58: =ROUND((IF(K58="A",(G58*$Z$13*6.1),IF(K58="B",(G58*$Z$13*5.8),IF(K58="C",(G58*$Z$13*5.5),IF(K58="D",(G58*$Z$13*5.2),0))))*$E$13+(H58*$AB$12*$E$13*6.1)+I58*$E$13*$AB$13*6.1),0) -> #DIV/0! | M58: =VLOOKUP(C58,TONGHOPCONGDOI!$C$96:$AD$183,20,0) -> 0 | N58: =VLOOKUP(C58,TONGHOPCONGDOI!$C$96:$AD$183,21,0) -> 0 | O58: =VLOOKUP(C58,TONGHOPCONGDOI!$C$96:$AD$183,22,0) -> 0 | P58: =VLOOKUP(C58,TONGHOPCONGDOI!$C$96:$AD$183,23,0) -> 0 | Q58: =VLOOKUP(C58,TONGHOPCONGDOI!$C$96:$AD$183,24,0) -> 0 | R58: =VLOOKUP(C58,TONGHOPCONGDOI!$C$96:$AD$183,25,0) -> 0 | T58: =SUM(M58:R58) -> 0 | U58: =SUM(M58:R58) -> 0 | W58: =ROUND(((M58*46.1)+(N58*76.9)+(O58*92.2)+(P58*153.8)+(Q58*92.2)+(R58*153.8))*$E$13+(S58*20000)+(T58*10000)+(U58*30000),0) -> 0 | X58: =F58+L58+W58 -> #DIV/0! | Z58: =VLOOKUP(C58,'CNKT '!$C$101:$Z$182,24,0) -> 0 | AA58: =X58-Z58 -> #DIV/0!
A59: 43 | B59: ='Chấm công KT'!D134 -> 0 | C59: =TONGHOPCONGDOI!C138 -> Lâm Ngân | E59: =VLOOKUP(C59,TONGHOPCONGDOI!C138:Q225,15,0) -> 0 | F59: =E59*25000 -> 0 | G59: =VLOOKUP(C59,TONGHOPCONGDOI!C138:AD225,16,0) -> 0 | H59: =VLOOKUP(C59,TONGHOPCONGDOI!C138:AD225,18,0) -> 0 | J59: =$AB$11/$AB$10*G59+H59*$AB$12+I59*$AB$13 -> #DIV/0! | K59: =VLOOKUP(C59,'BTH mủ tạp'!C139:AL222,36,0) -> A | L59: =ROUND((IF(K59="A",(G59*$Z$13*6.1),IF(K59="B",(G59*$Z$13*5.8),IF(K59="C",(G59*$Z$13*5.5),IF(K59="D",(G59*$Z$13*5.2),0))))*$E$13+(H59*$AB$12*$E$13*6.1)+I59*$E$13*$AB$13*6.1),0) -> #DIV/0! | M59: =VLOOKUP(C59,TONGHOPCONGDOI!$C$96:$AD$183,20,0) -> 0 | N59: =VLOOKUP(C59,TONGHOPCONGDOI!$C$96:$AD$183,21,0) -> 0 | O59: =VLOOKUP(C59,TONGHOPCONGDOI!$C$96:$AD$183,22,0) -> 0 | P59: =VLOOKUP(C59,TONGHOPCONGDOI!$C$96:$AD$183,23,0) -> 0 | Q59: =VLOOKUP(C59,TONGHOPCONGDOI!$C$96:$AD$183,24,0) -> 0 | R59: =VLOOKUP(C59,TONGHOPCONGDOI!$C$96:$AD$183,25,0) -> 0 | T59: =SUM(M59:R59) -> 0 | U59: =SUM(M59:R59) -> 0 | W59: =ROUND(((M59*46.1)+(N59*76.9)+(O59*92.2)+(P59*153.8)+(Q59*92.2)+(R59*153.8))*$E$13+(S59*20000)+(T59*10000)+(U59*30000),0) -> 0 | X59: =F59+L59+W59 -> #DIV/0! | Z59: =VLOOKUP(C59,'CNKT '!$C$101:$Z$182,24,0) -> 0 | AA59: =X59-Z59 -> #DIV/0!
A60: 44 | C60: =TONGHOPCONGDOI!C139 -> T. Thong A | E60: =VLOOKUP(C60,TONGHOPCONGDOI!C139:Q226,15,0) -> 0 | F60: =E60*25000 -> 0 | G60: =VLOOKUP(C60,TONGHOPCONGDOI!C139:AD226,16,0) -> 0 | H60: =VLOOKUP(C60,TONGHOPCONGDOI!C139:AD226,18,0) -> 0 | J60: =$AB$11/$AB$10*G60+H60*$AB$12+I60*$AB$13 -> #DIV/0! | K60: =VLOOKUP(C60,'BTH mủ tạp'!C140:AL223,36,0) -> A | L60: =ROUND((IF(K60="A",(G60*$Z$13*6.1),IF(K60="B",(G60*$Z$13*5.8),IF(K60="C",(G60*$Z$13*5.5),IF(K60="D",(G60*$Z$13*5.2),0))))*$E$13+(H60*$AB$12*$E$13*6.1)+I60*$E$13*$AB$13*6.1),0) -> #DIV/0! | M60: =VLOOKUP(C60,TONGHOPCONGDOI!$C$96:$AD$183,20,0) -> 0 | N60: =VLOOKUP(C60,TONGHOPCONGDOI!$C$96:$AD$183,21,0) -> 0 | O60: =VLOOKUP(C60,TONGHOPCONGDOI!$C$96:$AD$183,22,0) -> 0 | P60: =VLOOKUP(C60,TONGHOPCONGDOI!$C$96:$AD$183,23,0) -> 0 | Q60: =VLOOKUP(C60,TONGHOPCONGDOI!$C$96:$AD$183,24,0) -> 0 | R60: =VLOOKUP(C60,TONGHOPCONGDOI!$C$96:$AD$183,25,0) -> 0 | T60: =SUM(M60:R60) -> 0 | U60: =SUM(M60:R60) -> 0 | W60: =ROUND(((M60*46.1)+(N60*76.9)+(O60*92.2)+(P60*153.8)+(Q60*92.2)+(R60*153.8))*$E$13+(S60*20000)+(T60*10000)+(U60*30000),0) -> 0 | X60: =F60+L60+W60 -> #DIV/0! | Z60: =VLOOKUP(C60,'CNKT '!$C$101:$Z$182,24,0) -> 0 | AA60: =X60-Z60 -> #DIV/0!
A61: 45 | C61: =TONGHOPCONGDOI!C140 -> T Phù | E61: =VLOOKUP(C61,TONGHOPCONGDOI!C140:Q227,15,0) -> 0 | F61: =E61*25000 -> 0 | G61: =VLOOKUP(C61,TONGHOPCONGDOI!C140:AD227,16,0) -> 0 | H61: =VLOOKUP(C61,TONGHOPCONGDOI!C140:AD227,18,0) -> 0 | J61: =$AB$11/$AB$10*G61+H61*$AB$12+I61*$AB$13 -> #DIV/0! | K61: =VLOOKUP(C61,'BTH mủ tạp'!C141:AL224,36,0) -> A | L61: =ROUND((IF(K61="A",(G61*$Z$13*6.1),IF(K61="B",(G61*$Z$13*5.8),IF(K61="C",(G61*$Z$13*5.5),IF(K61="D",(G61*$Z$13*5.2),0))))*$E$13+(H61*$AB$12*$E$13*6.1)+I61*$E$13*$AB$13*6.1),0) -> #DIV/0! | M61: =VLOOKUP(C61,TONGHOPCONGDOI!$C$96:$AD$183,20,0) -> 0 | N61: =VLOOKUP(C61,TONGHOPCONGDOI!$C$96:$AD$183,21,0) -> 0 | O61: =VLOOKUP(C61,TONGHOPCONGDOI!$C$96:$AD$183,22,0) -> 0 | P61: =VLOOKUP(C61,TONGHOPCONGDOI!$C$96:$AD$183,23,0) -> 0 | Q61: =VLOOKUP(C61,TONGHOPCONGDOI!$C$96:$AD$183,24,0) -> 0 | R61: =VLOOKUP(C61,TONGHOPCONGDOI!$C$96:$AD$183,25,0) -> 0 | T61: =SUM(M61:R61) -> 0 | U61: =SUM(M61:R61) -> 0 | W61: =ROUND(((M61*46.1)+(N61*76.9)+(O61*92.2)+(P61*153.8)+(Q61*92.2)+(R61*153.8))*$E$13+(S61*20000)+(T61*10000)+(U61*30000),0) -> 0 | X61: =F61+L61+W61 -> #DIV/0! | Z61: =VLOOKUP(C61,'CNKT '!$C$101:$Z$182,24,0) -> 0 | AA61: =X61-Z61 -> #DIV/0!
A62: 46 | B62: ='Chấm công KT'!D137 -> 03559 | C62: =TONGHOPCONGDOI!C141 -> Viêng Khăm | E62: =VLOOKUP(C62,TONGHOPCONGDOI!C141:Q228,15,0) -> 0 | F62: =E62*25000 -> 0 | G62: =VLOOKUP(C62,TONGHOPCONGDOI!C141:AD228,16,0) -> 0 | H62: =VLOOKUP(C62,TONGHOPCONGDOI!C141:AD228,18,0) -> 0 | J62: =$AB$11/$AB$10*G62+H62*$AB$12+I62*$AB$13 -> #DIV/0! | K62: =VLOOKUP(C62,'BTH mủ tạp'!C142:AL225,36,0) -> B | L62: =ROUND((IF(K62="A",(G62*$Z$13*6.1),IF(K62="B",(G62*$Z$13*5.8),IF(K62="C",(G62*$Z$13*5.5),IF(K62="D",(G62*$Z$13*5.2),0))))*$E$13+(H62*$AB$12*$E$13*6.1)+I62*$E$13*$AB$13*6.1),0) -> #DIV/0! | M62: =VLOOKUP(C62,TONGHOPCONGDOI!$C$96:$AD$183,20,0) -> 0 | N62: =VLOOKUP(C62,TONGHOPCONGDOI!$C$96:$AD$183,21,0) -> 0 | O62: =VLOOKUP(C62,TONGHOPCONGDOI!$C$96:$AD$183,22,0) -> 0 | P62: =VLOOKUP(C62,TONGHOPCONGDOI!$C$96:$AD$183,23,0) -> 0 | Q62: =VLOOKUP(C62,TONGHOPCONGDOI!$C$96:$AD$183,24,0) -> 0 | R62: =VLOOKUP(C62,TONGHOPCONGDOI!$C$96:$AD$183,25,0) -> 0 | T62: =SUM(M62:R62) -> 0 | U62: =SUM(M62:R62) -> 0 | W62: =ROUND(((M62*46.1)+(N62*76.9)+(O62*92.2)+(P62*153.8)+(Q62*92.2)+(R62*153.8))*$E$13+(S62*20000)+(T62*10000)+(U62*30000),0) -> 0 | X62: =F62+L62+W62 -> #DIV/0! | Z62: =VLOOKUP(C62,'CNKT '!$C$101:$Z$182,24,0) -> 0 | AA62: =X62-Z62 -> #DIV/0!
A63: 47 | B63: ='Chấm công KT'!D138 -> 03560 | C63: =TONGHOPCONGDOI!C142 -> Veo Khăm | E63: =VLOOKUP(C63,TONGHOPCONGDOI!C142:Q229,15,0) -> 0 | F63: =E63*25000 -> 0 | G63: =VLOOKUP(C63,TONGHOPCONGDOI!C142:AD229,16,0) -> 0 | H63: =VLOOKUP(C63,TONGHOPCONGDOI!C142:AD229,18,0) -> 0 | J63: =$AB$11/$AB$10*G63+H63*$AB$12+I63*$AB$13 -> #DIV/0! | K63: =VLOOKUP(C63,'BTH mủ tạp'!C143:AL226,36,0) -> A | L63: =ROUND((IF(K63="A",(G63*$Z$13*6.1),IF(K63="B",(G63*$Z$13*5.8),IF(K63="C",(G63*$Z$13*5.5),IF(K63="D",(G63*$Z$13*5.2),0))))*$E$13+(H63*$AB$12*$E$13*6.1)+I63*$E$13*$AB$13*6.1),0) -> #DIV/0! | M63: =VLOOKUP(C63,TONGHOPCONGDOI!$C$96:$AD$183,20,0) -> 0 | N63: =VLOOKUP(C63,TONGHOPCONGDOI!$C$96:$AD$183,21,0) -> 0 | O63: =VLOOKUP(C63,TONGHOPCONGDOI!$C$96:$AD$183,22,0) -> 0 | P63: =VLOOKUP(C63,TONGHOPCONGDOI!$C$96:$AD$183,23,0) -> 0 | Q63: =VLOOKUP(C63,TONGHOPCONGDOI!$C$96:$AD$183,24,0) -> 0 | R63: =VLOOKUP(C63,TONGHOPCONGDOI!$C$96:$AD$183,25,0) -> 0 | T63: =SUM(M63:R63) -> 0 | U63: =SUM(M63:R63) -> 0 | W63: =ROUND(((M63*46.1)+(N63*76.9)+(O63*92.2)+(P63*153.8)+(Q63*92.2)+(R63*153.8))*$E$13+(S63*20000)+(T63*10000)+(U63*30000),0) -> 0 | X63: =F63+L63+W63 -> #DIV/0! | Z63: =VLOOKUP(C63,'CNKT '!$C$101:$Z$182,24,0) -> 0 | AA63: =X63-Z63 -> #DIV/0!
A64: 48 | B64: ='Chấm công KT'!D139 -> 03561 | C64: =TONGHOPCONGDOI!C143 -> T . Khon | E64: =VLOOKUP(C64,TONGHOPCONGDOI!C143:Q230,15,0) -> 0 | F64: =E64*25000 -> 0 | G64: =VLOOKUP(C64,TONGHOPCONGDOI!C143:AD230,16,0) -> 0 | H64: =VLOOKUP(C64,TONGHOPCONGDOI!C143:AD230,18,0) -> 0 | J64: =$AB$11/$AB$10*G64+H64*$AB$12+I64*$AB$13 -> #DIV/0! | K64: =VLOOKUP(C64,'BTH mủ tạp'!C144:AL227,36,0) -> C | L64: =ROUND((IF(K64="A",(G64*$Z$13*6.1),IF(K64="B",(G64*$Z$13*5.8),IF(K64="C",(G64*$Z$13*5.5),IF(K64="D",(G64*$Z$13*5.2),0))))*$E$13+(H64*$AB$12*$E$13*6.1)+I64*$E$13*$AB$13*6.1),0) -> #DIV/0! | M64: =VLOOKUP(C64,TONGHOPCONGDOI!$C$96:$AD$183,20,0) -> 0 | N64: =VLOOKUP(C64,TONGHOPCONGDOI!$C$96:$AD$183,21,0) -> 0 | O64: =VLOOKUP(C64,TONGHOPCONGDOI!$C$96:$AD$183,22,0) -> 0 | P64: =VLOOKUP(C64,TONGHOPCONGDOI!$C$96:$AD$183,23,0) -> 0 | Q64: =VLOOKUP(C64,TONGHOPCONGDOI!$C$96:$AD$183,24,0) -> 0 | R64: =VLOOKUP(C64,TONGHOPCONGDOI!$C$96:$AD$183,25,0) -> 0 | T64: =SUM(M64:R64) -> 0 | U64: =SUM(M64:R64) -> 0 | W64: =ROUND(((M64*46.1)+(N64*76.9)+(O64*92.2)+(P64*153.8)+(Q64*92.2)+(R64*153.8))*$E$13+(S64*20000)+(T64*10000)+(U64*30000),0) -> 0 | X64: =F64+L64+W64 -> #DIV/0! | Z64: =VLOOKUP(C64,'CNKT '!$C$101:$Z$182,24,0) -> 0 | AA64: =X64-Z64 -> #DIV/0!
A65: 49 | B65: ='Chấm công KT'!D140 -> 03562 | C65: =TONGHOPCONGDOI!C144 -> N. Nun | E65: =VLOOKUP(C65,TONGHOPCONGDOI!C144:Q231,15,0) -> 0 | F65: =E65*25000 -> 0 | G65: =VLOOKUP(C65,TONGHOPCONGDOI!C144:AD231,16,0) -> 0 | H65: =VLOOKUP(C65,TONGHOPCONGDOI!C144:AD231,18,0) -> 0 | J65: =$AB$11/$AB$10*G65+H65*$AB$12+I65*$AB$13 -> #DIV/0! | K65: =VLOOKUP(C65,'BTH mủ tạp'!C145:AL228,36,0) -> A | L65: =ROUND((IF(K65="A",(G65*$Z$13*6.1),IF(K65="B",(G65*$Z$13*5.8),IF(K65="C",(G65*$Z$13*5.5),IF(K65="D",(G65*$Z$13*5.2),0))))*$E$13+(H65*$AB$12*$E$13*6.1)+I65*$E$13*$AB$13*6.1),0) -> #DIV/0! | M65: =VLOOKUP(C65,TONGHOPCONGDOI!$C$96:$AD$183,20,0) -> 0 | N65: =VLOOKUP(C65,TONGHOPCONGDOI!$C$96:$AD$183,21,0) -> 0 | O65: =VLOOKUP(C65,TONGHOPCONGDOI!$C$96:$AD$183,22,0) -> 0 | P65: =VLOOKUP(C65,TONGHOPCONGDOI!$C$96:$AD$183,23,0) -> 0 | Q65: =VLOOKUP(C65,TONGHOPCONGDOI!$C$96:$AD$183,24,0) -> 0 | R65: =VLOOKUP(C65,TONGHOPCONGDOI!$C$96:$AD$183,25,0) -> 0 | T65: =SUM(M65:R65) -> 0 | U65: =SUM(M65:R65) -> 0 | W65: =ROUND(((M65*46.1)+(N65*76.9)+(O65*92.2)+(P65*153.8)+(Q65*92.2)+(R65*153.8))*$E$13+(S65*20000)+(T65*10000)+(U65*30000),0) -> 0 | X65: =F65+L65+W65 -> #DIV/0! | Z65: =VLOOKUP(C65,'CNKT '!$C$101:$Z$182,24,0) -> 0 | AA65: =X65-Z65 -> #DIV/0!
A66: 50 | B66: ='Chấm công KT'!D141 -> 03563 | C66: =TONGHOPCONGDOI!C145 -> In Pông | E66: =VLOOKUP(C66,TONGHOPCONGDOI!C145:Q232,15,0) -> 0 | F66: =E66*25000 -> 0 | G66: =VLOOKUP(C66,TONGHOPCONGDOI!C145:AD232,16,0) -> 0 | H66: =VLOOKUP(C66,TONGHOPCONGDOI!C145:AD232,18,0) -> 0 | J66: =$AB$11/$AB$10*G66+H66*$AB$12+I66*$AB$13 -> #DIV/0! | K66: =VLOOKUP(C66,'BTH mủ tạp'!C146:AL229,36,0) -> B | L66: =ROUND((IF(K66="A",(G66*$Z$13*6.1),IF(K66="B",(G66*$Z$13*5.8),IF(K66="C",(G66*$Z$13*5.5),IF(K66="D",(G66*$Z$13*5.2),0))))*$E$13+(H66*$AB$12*$E$13*6.1)+I66*$E$13*$AB$13*6.1),0) -> #DIV/0! | M66: =VLOOKUP(C66,TONGHOPCONGDOI!$C$96:$AD$183,20,0) -> 0 | N66: =VLOOKUP(C66,TONGHOPCONGDOI!$C$96:$AD$183,21,0) -> 0 | O66: =VLOOKUP(C66,TONGHOPCONGDOI!$C$96:$AD$183,22,0) -> 0 | P66: =VLOOKUP(C66,TONGHOPCONGDOI!$C$96:$AD$183,23,0) -> 0 | Q66: =VLOOKUP(C66,TONGHOPCONGDOI!$C$96:$AD$183,24,0) -> 0 | R66: =VLOOKUP(C66,TONGHOPCONGDOI!$C$96:$AD$183,25,0) -> 0 | T66: =SUM(M66:R66) -> 0 | U66: =SUM(M66:R66) -> 0 | W66: =ROUND(((M66*46.1)+(N66*76.9)+(O66*92.2)+(P66*153.8)+(Q66*92.2)+(R66*153.8))*$E$13+(S66*20000)+(T66*10000)+(U66*30000),0) -> 0 | X66: =F66+L66+W66 -> #DIV/0! | Z66: =VLOOKUP(C66,'CNKT '!$C$101:$Z$182,24,0) -> 0 | AA66: =X66-Z66 -> #DIV/0!
A67: 51 | B67: ='Chấm công KT'!D142 -> 03564 | C67: =TONGHOPCONGDOI!C146 -> A Nóc | E67: =VLOOKUP(C67,TONGHOPCONGDOI!C146:Q233,15,0) -> 0 | F67: =E67*25000 -> 0 | G67: =VLOOKUP(C67,TONGHOPCONGDOI!C146:AD233,16,0) -> 0 | H67: =VLOOKUP(C67,TONGHOPCONGDOI!C146:AD233,18,0) -> 0 | J67: =$AB$11/$AB$10*G67+H67*$AB$12+I67*$AB$13 -> #DIV/0! | K67: =VLOOKUP(C67,'BTH mủ tạp'!C147:AL230,36,0) -> B | L67: =ROUND((IF(K67="A",(G67*$Z$13*6.1),IF(K67="B",(G67*$Z$13*5.8),IF(K67="C",(G67*$Z$13*5.5),IF(K67="D",(G67*$Z$13*5.2),0))))*$E$13+(H67*$AB$12*$E$13*6.1)+I67*$E$13*$AB$13*6.1),0) -> #DIV/0! | M67: =VLOOKUP(C67,TONGHOPCONGDOI!$C$96:$AD$183,20,0) -> 0 | N67: =VLOOKUP(C67,TONGHOPCONGDOI!$C$96:$AD$183,21,0) -> 0 | O67: =VLOOKUP(C67,TONGHOPCONGDOI!$C$96:$AD$183,22,0) -> 0 | P67: =VLOOKUP(C67,TONGHOPCONGDOI!$C$96:$AD$183,23,0) -> 0 | Q67: =VLOOKUP(C67,TONGHOPCONGDOI!$C$96:$AD$183,24,0) -> 0 | R67: =VLOOKUP(C67,TONGHOPCONGDOI!$C$96:$AD$183,25,0) -> 0 | T67: =SUM(M67:R67) -> 0 | U67: =SUM(M67:R67) -> 0 | W67: =ROUND(((M67*46.1)+(N67*76.9)+(O67*92.2)+(P67*153.8)+(Q67*92.2)+(R67*153.8))*$E$13+(S67*20000)+(T67*10000)+(U67*30000),0) -> 0 | X67: =F67+L67+W67 -> #DIV/0! | Z67: =VLOOKUP(C67,'CNKT '!$C$101:$Z$182,24,0) -> 0 | AA67: =X67-Z67 -> #DIV/0!
A68: 52 | C68: =TONGHOPCONGDOI!C147 -> N. Lắc | E68: =VLOOKUP(C68,TONGHOPCONGDOI!C147:Q234,15,0) -> 0 | F68: =E68*25000 -> 0 | G68: =VLOOKUP(C68,TONGHOPCONGDOI!C147:AD234,16,0) -> 0 | H68: =VLOOKUP(C68,TONGHOPCONGDOI!C147:AD234,18,0) -> 0 | J68: =$AB$11/$AB$10*G68+H68*$AB$12+I68*$AB$13 -> #DIV/0! | K68: =VLOOKUP(C68,'BTH mủ tạp'!C148:AL231,36,0) -> A | L68: =ROUND((IF(K68="A",(G68*$Z$13*6.1),IF(K68="B",(G68*$Z$13*5.8),IF(K68="C",(G68*$Z$13*5.5),IF(K68="D",(G68*$Z$13*5.2),0))))*$E$13+(H68*$AB$12*$E$13*6.1)+I68*$E$13*$AB$13*6.1),0) -> #DIV/0! | M68: =VLOOKUP(C68,TONGHOPCONGDOI!$C$96:$AD$183,20,0) -> 0 | N68: =VLOOKUP(C68,TONGHOPCONGDOI!$C$96:$AD$183,21,0) -> 0 | O68: =VLOOKUP(C68,TONGHOPCONGDOI!$C$96:$AD$183,22,0) -> 0 | P68: =VLOOKUP(C68,TONGHOPCONGDOI!$C$96:$AD$183,23,0) -> 0 | Q68: =VLOOKUP(C68,TONGHOPCONGDOI!$C$96:$AD$183,24,0) -> 0 | R68: =VLOOKUP(C68,TONGHOPCONGDOI!$C$96:$AD$183,25,0) -> 0 | T68: =SUM(M68:R68) -> 0 | U68: =SUM(M68:R68) -> 0 | W68: =ROUND(((M68*46.1)+(N68*76.9)+(O68*92.2)+(P68*153.8)+(Q68*92.2)+(R68*153.8))*$E$13+(S68*20000)+(T68*10000)+(U68*30000),0) -> 0 | X68: =F68+L68+W68 -> #DIV/0! | Z68: =VLOOKUP(C68,'CNKT '!$C$101:$Z$182,24,0) -> 0 | AA68: =X68-Z68 -> #DIV/0!
A69: 53 | B69: ='Chấm công KT'!D144 -> #N/A | C69: =TONGHOPCONGDOI!C148 -> T. Lăm | E69: =VLOOKUP(C69,TONGHOPCONGDOI!C148:Q235,15,0) -> 0 | F69: =E69*25000 -> 0 | G69: =VLOOKUP(C69,TONGHOPCONGDOI!C148:AD235,16,0) -> 0 | H69: =VLOOKUP(C69,TONGHOPCONGDOI!C148:AD235,18,0) -> 0 | J69: =$AB$11/$AB$10*G69+H69*$AB$12+I69*$AB$13 -> #DIV/0! | K69: =VLOOKUP(C69,'BTH mủ tạp'!C149:AL232,36,0) -> A | L69: =ROUND((IF(K69="A",(G69*$Z$13*6.1),IF(K69="B",(G69*$Z$13*5.8),IF(K69="C",(G69*$Z$13*5.5),IF(K69="D",(G69*$Z$13*5.2),0))))*$E$13+(H69*$AB$12*$E$13*6.1)+I69*$E$13*$AB$13*6.1),0) -> #DIV/0! | M69: =VLOOKUP(C69,TONGHOPCONGDOI!$C$96:$AD$183,20,0) -> 0 | N69: =VLOOKUP(C69,TONGHOPCONGDOI!$C$96:$AD$183,21,0) -> 0 | O69: =VLOOKUP(C69,TONGHOPCONGDOI!$C$96:$AD$183,22,0) -> 0 | P69: =VLOOKUP(C69,TONGHOPCONGDOI!$C$96:$AD$183,23,0) -> 0 | Q69: =VLOOKUP(C69,TONGHOPCONGDOI!$C$96:$AD$183,24,0) -> 0 | R69: =VLOOKUP(C69,TONGHOPCONGDOI!$C$96:$AD$183,25,0) -> 0 | T69: =SUM(M69:R69) -> 0 | U69: =SUM(M69:R69) -> 0 | W69: =ROUND(((M69*46.1)+(N69*76.9)+(O69*92.2)+(P69*153.8)+(Q69*92.2)+(R69*153.8))*$E$13+(S69*20000)+(T69*10000)+(U69*30000),0) -> 0 | X69: =F69+L69+W69 -> #DIV/0! | Z69: =VLOOKUP(C69,'CNKT '!$C$101:$Z$182,24,0) -> 0 | AA69: =X69-Z69 -> #DIV/0!
A70: 54 | B70: ='Chấm công KT'!D145 -> 03567 | C70: =TONGHOPCONGDOI!C149 -> Khăm Phiêng | E70: =VLOOKUP(C70,TONGHOPCONGDOI!C149:Q236,15,0) -> 0 | F70: =E70*25000 -> 0 | G70: =VLOOKUP(C70,TONGHOPCONGDOI!C149:AD236,16,0) -> 0 | H70: =VLOOKUP(C70,TONGHOPCONGDOI!C149:AD236,18,0) -> 0 | J70: =$AB$11/$AB$10*G70+H70*$AB$12+I70*$AB$13 -> #DIV/0! | K70: =VLOOKUP(C70,'BTH mủ tạp'!C150:AL233,36,0) -> A | L70: =ROUND((IF(K70="A",(G70*$Z$13*6.1),IF(K70="B",(G70*$Z$13*5.8),IF(K70="C",(G70*$Z$13*5.5),IF(K70="D",(G70*$Z$13*5.2),0))))*$E$13+(H70*$AB$12*$E$13*6.1)+I70*$E$13*$AB$13*6.1),0) -> #DIV/0! | M70: =VLOOKUP(C70,TONGHOPCONGDOI!$C$96:$AD$183,20,0) -> 0 | N70: =VLOOKUP(C70,TONGHOPCONGDOI!$C$96:$AD$183,21,0) -> 0 | O70: =VLOOKUP(C70,TONGHOPCONGDOI!$C$96:$AD$183,22,0) -> 0 | P70: =VLOOKUP(C70,TONGHOPCONGDOI!$C$96:$AD$183,23,0) -> 0 | Q70: =VLOOKUP(C70,TONGHOPCONGDOI!$C$96:$AD$183,24,0) -> 0 | R70: =VLOOKUP(C70,TONGHOPCONGDOI!$C$96:$AD$183,25,0) -> 0 | T70: =SUM(M70:R70) -> 0 | U70: =SUM(M70:R70) -> 0 | W70: =ROUND(((M70*46.1)+(N70*76.9)+(O70*92.2)+(P70*153.8)+(Q70*92.2)+(R70*153.8))*$E$13+(S70*20000)+(T70*10000)+(U70*30000),0) -> 0 | X70: =F70+L70+W70 -> #DIV/0! | Z70: =VLOOKUP(C70,'CNKT '!$C$101:$Z$182,24,0) -> 0 | AA70: =X70-Z70 -> #DIV/0!
A71: 55 | B71: ='Chấm công KT'!D146 -> 03568 | C71: =TONGHOPCONGDOI!C150 -> Khiêng Khăm | E71: =VLOOKUP(C71,TONGHOPCONGDOI!C150:Q237,15,0) -> 0 | F71: =E71*25000 -> 0 | G71: =VLOOKUP(C71,TONGHOPCONGDOI!C150:AD237,16,0) -> 0 | H71: =VLOOKUP(C71,TONGHOPCONGDOI!C150:AD237,18,0) -> 0 | J71: =$AB$11/$AB$10*G71+H71*$AB$12+I71*$AB$13 -> #DIV/0! | K71: =VLOOKUP(C71,'BTH mủ tạp'!C151:AL234,36,0) -> A | L71: =ROUND((IF(K71="A",(G71*$Z$13*6.1),IF(K71="B",(G71*$Z$13*5.8),IF(K71="C",(G71*$Z$13*5.5),IF(K71="D",(G71*$Z$13*5.2),0))))*$E$13+(H71*$AB$12*$E$13*6.1)+I71*$E$13*$AB$13*6.1),0) -> #DIV/0! | M71: =VLOOKUP(C71,TONGHOPCONGDOI!$C$96:$AD$183,20,0) -> 0 | N71: =VLOOKUP(C71,TONGHOPCONGDOI!$C$96:$AD$183,21,0) -> 0 | O71: =VLOOKUP(C71,TONGHOPCONGDOI!$C$96:$AD$183,22,0) -> 0 | P71: =VLOOKUP(C71,TONGHOPCONGDOI!$C$96:$AD$183,23,0) -> 0 | Q71: =VLOOKUP(C71,TONGHOPCONGDOI!$C$96:$AD$183,24,0) -> 0 | R71: =VLOOKUP(C71,TONGHOPCONGDOI!$C$96:$AD$183,25,0) -> 0 | T71: =SUM(M71:R71) -> 0 | U71: =SUM(M71:R71) -> 0 | W71: =ROUND(((M71*46.1)+(N71*76.9)+(O71*92.2)+(P71*153.8)+(Q71*92.2)+(R71*153.8))*$E$13+(S71*20000)+(T71*10000)+(U71*30000),0) -> 0 | X71: =F71+L71+W71 -> #DIV/0! | Z71: =VLOOKUP(C71,'CNKT '!$C$101:$Z$182,24,0) -> 0 | AA71: =X71-Z71 -> #DIV/0!
A72: 56 | B72: ='Chấm công KT'!D147 -> 03569 | C72: =TONGHOPCONGDOI!C151 -> T. Kỷ | E72: =VLOOKUP(C72,TONGHOPCONGDOI!C151:Q238,15,0) -> 0 | F72: =E72*25000 -> 0 | G72: =VLOOKUP(C72,TONGHOPCONGDOI!C151:AD238,16,0) -> 0 | H72: =VLOOKUP(C72,TONGHOPCONGDOI!C151:AD238,18,0) -> 0 | J72: =$AB$11/$AB$10*G72+H72*$AB$12+I72*$AB$13 -> #DIV/0! | K72: =VLOOKUP(C72,'BTH mủ tạp'!C152:AL235,36,0) -> A | L72: =ROUND((IF(K72="A",(G72*$Z$13*6.1),IF(K72="B",(G72*$Z$13*5.8),IF(K72="C",(G72*$Z$13*5.5),IF(K72="D",(G72*$Z$13*5.2),0))))*$E$13+(H72*$AB$12*$E$13*6.1)+I72*$E$13*$AB$13*6.1),0) -> #DIV/0! | M72: =VLOOKUP(C72,TONGHOPCONGDOI!$C$96:$AD$183,20,0) -> 0 | N72: =VLOOKUP(C72,TONGHOPCONGDOI!$C$96:$AD$183,21,0) -> 0 | O72: =VLOOKUP(C72,TONGHOPCONGDOI!$C$96:$AD$183,22,0) -> 0 | P72: =VLOOKUP(C72,TONGHOPCONGDOI!$C$96:$AD$183,23,0) -> 0 | Q72: =VLOOKUP(C72,TONGHOPCONGDOI!$C$96:$AD$183,24,0) -> 0 | R72: =VLOOKUP(C72,TONGHOPCONGDOI!$C$96:$AD$183,25,0) -> 0 | T72: =SUM(M72:R72) -> 0 | U72: =SUM(M72:R72) -> 0 | W72: =ROUND(((M72*46.1)+(N72*76.9)+(O72*92.2)+(P72*153.8)+(Q72*92.2)+(R72*153.8))*$E$13+(S72*20000)+(T72*10000)+(U72*30000),0) -> 0 | X72: =F72+L72+W72 -> #DIV/0! | Z72: =VLOOKUP(C72,'CNKT '!$C$101:$Z$182,24,0) -> 0 | AA72: =X72-Z72 -> #DIV/0!
A73: 57 | B73: ='Chấm công KT'!D148 -> 03570 | C73: =TONGHOPCONGDOI!C152 -> T. Vi Lai Văn | E73: =VLOOKUP(C73,TONGHOPCONGDOI!C152:Q239,15,0) -> 0 | F73: =E73*25000 -> 0 | G73: =VLOOKUP(C73,TONGHOPCONGDOI!C152:AD239,16,0) -> 0 | H73: =VLOOKUP(C73,TONGHOPCONGDOI!C152:AD239,18,0) -> 0 | J73: =$AB$11/$AB$10*G73+H73*$AB$12+I73*$AB$13 -> #DIV/0! | K73: =VLOOKUP(C73,'BTH mủ tạp'!C153:AL236,36,0) -> A | L73: =ROUND((IF(K73="A",(G73*$Z$13*6.1),IF(K73="B",(G73*$Z$13*5.8),IF(K73="C",(G73*$Z$13*5.5),IF(K73="D",(G73*$Z$13*5.2),0))))*$E$13+(H73*$AB$12*$E$13*6.1)+I73*$E$13*$AB$13*6.1),0) -> #DIV/0! | M73: =VLOOKUP(C73,TONGHOPCONGDOI!$C$96:$AD$183,20,0) -> 0 | N73: =VLOOKUP(C73,TONGHOPCONGDOI!$C$96:$AD$183,21,0) -> 0 | O73: =VLOOKUP(C73,TONGHOPCONGDOI!$C$96:$AD$183,22,0) -> 0 | P73: =VLOOKUP(C73,TONGHOPCONGDOI!$C$96:$AD$183,23,0) -> 0 | Q73: =VLOOKUP(C73,TONGHOPCONGDOI!$C$96:$AD$183,24,0) -> 0 | R73: =VLOOKUP(C73,TONGHOPCONGDOI!$C$96:$AD$183,25,0) -> 0 | T73: =SUM(M73:R73) -> 0 | U73: =SUM(M73:R73) -> 0 | W73: =ROUND(((M73*46.1)+(N73*76.9)+(O73*92.2)+(P73*153.8)+(Q73*92.2)+(R73*153.8))*$E$13+(S73*20000)+(T73*10000)+(U73*30000),0) -> 0 | X73: =F73+L73+W73 -> #DIV/0! | Z73: =VLOOKUP(C73,'CNKT '!$C$101:$Z$182,24,0) -> 0 | AA73: =X73-Z73 -> #DIV/0!
A74: 58 | B74: ='Chấm công KT'!D149 -> 03571 | C74: =TONGHOPCONGDOI!C153 -> T. Ê | E74: =VLOOKUP(C74,TONGHOPCONGDOI!C153:Q240,15,0) -> 0 | F74: =E74*25000 -> 0 | G74: =VLOOKUP(C74,TONGHOPCONGDOI!C153:AD240,16,0) -> 0 | H74: =VLOOKUP(C74,TONGHOPCONGDOI!C153:AD240,18,0) -> 0 | J74: =$AB$11/$AB$10*G74+H74*$AB$12+I74*$AB$13 -> #DIV/0! | K74: =VLOOKUP(C74,'BTH mủ tạp'!C154:AL237,36,0) -> A | L74: =ROUND((IF(K74="A",(G74*$Z$13*6.1),IF(K74="B",(G74*$Z$13*5.8),IF(K74="C",(G74*$Z$13*5.5),IF(K74="D",(G74*$Z$13*5.2),0))))*$E$13+(H74*$AB$12*$E$13*6.1)+I74*$E$13*$AB$13*6.1),0) -> #DIV/0! | M74: =VLOOKUP(C74,TONGHOPCONGDOI!$C$96:$AD$183,20,0) -> 0 | N74: =VLOOKUP(C74,TONGHOPCONGDOI!$C$96:$AD$183,21,0) -> 0 | O74: =VLOOKUP(C74,TONGHOPCONGDOI!$C$96:$AD$183,22,0) -> 0 | P74: =VLOOKUP(C74,TONGHOPCONGDOI!$C$96:$AD$183,23,0) -> 0 | Q74: =VLOOKUP(C74,TONGHOPCONGDOI!$C$96:$AD$183,24,0) -> 0 | R74: =VLOOKUP(C74,TONGHOPCONGDOI!$C$96:$AD$183,25,0) -> 0 | T74: =SUM(M74:R74) -> 0 | U74: =SUM(M74:R74) -> 0 | W74: =ROUND(((M74*46.1)+(N74*76.9)+(O74*92.2)+(P74*153.8)+(Q74*92.2)+(R74*153.8))*$E$13+(S74*20000)+(T74*10000)+(U74*30000),0) -> 0 | X74: =F74+L74+W74 -> #DIV/0! | Z74: =VLOOKUP(C74,'CNKT '!$C$101:$Z$182,24,0) -> 0 | AA74: =X74-Z74 -> #DIV/0!
A75: 59 | B75: ='Chấm công KT'!D150 -> 03572 | C75: =TONGHOPCONGDOI!C154 -> N. Lắt Đa | E75: =VLOOKUP(C75,TONGHOPCONGDOI!C154:Q241,15,0) -> 0 | F75: =E75*25000 -> 0 | G75: =VLOOKUP(C75,TONGHOPCONGDOI!C154:AD241,16,0) -> 0 | H75: =VLOOKUP(C75,TONGHOPCONGDOI!C154:AD241,18,0) -> 0 | J75: =$AB$11/$AB$10*G75+H75*$AB$12+I75*$AB$13 -> #DIV/0! | K75: =VLOOKUP(C75,'BTH mủ tạp'!C155:AL238,36,0) -> A | L75: =ROUND((IF(K75="A",(G75*$Z$13*6.1),IF(K75="B",(G75*$Z$13*5.8),IF(K75="C",(G75*$Z$13*5.5),IF(K75="D",(G75*$Z$13*5.2),0))))*$E$13+(H75*$AB$12*$E$13*6.1)+I75*$E$13*$AB$13*6.1),0) -> #DIV/0! | M75: =VLOOKUP(C75,TONGHOPCONGDOI!$C$96:$AD$183,20,0) -> 0 | N75: =VLOOKUP(C75,TONGHOPCONGDOI!$C$96:$AD$183,21,0) -> 0 | O75: =VLOOKUP(C75,TONGHOPCONGDOI!$C$96:$AD$183,22,0) -> 0 | P75: =VLOOKUP(C75,TONGHOPCONGDOI!$C$96:$AD$183,23,0) -> 0 | Q75: =VLOOKUP(C75,TONGHOPCONGDOI!$C$96:$AD$183,24,0) -> 0 | R75: =VLOOKUP(C75,TONGHOPCONGDOI!$C$96:$AD$183,25,0) -> 0 | T75: =SUM(M75:R75) -> 0 | U75: =SUM(M75:R75) -> 0 | W75: =ROUND(((M75*46.1)+(N75*76.9)+(O75*92.2)+(P75*153.8)+(Q75*92.2)+(R75*153.8))*$E$13+(S75*20000)+(T75*10000)+(U75*30000),0) -> 0 | X75: =F75+L75+W75 -> #DIV/0! | Z75: =VLOOKUP(C75,'CNKT '!$C$101:$Z$182,24,0) -> 0 | AA75: =X75-Z75 -> #DIV/0!
A76: 60 | B76: ='Chấm công KT'!D151 -> 03573 | C76: =TONGHOPCONGDOI!C155 -> N. Tieng Na | E76: =VLOOKUP(C76,TONGHOPCONGDOI!C155:Q242,15,0) -> 0 | F76: =E76*25000 -> 0 | G76: =VLOOKUP(C76,TONGHOPCONGDOI!C155:AD242,16,0) -> 0 | H76: =VLOOKUP(C76,TONGHOPCONGDOI!C155:AD242,18,0) -> 0 | J76: =$AB$11/$AB$10*G76+H76*$AB$12+I76*$AB$13 -> #DIV/0! | K76: =VLOOKUP(C76,'BTH mủ tạp'!C156:AL239,36,0) -> A | L76: =ROUND((IF(K76="A",(G76*$Z$13*6.1),IF(K76="B",(G76*$Z$13*5.8),IF(K76="C",(G76*$Z$13*5.5),IF(K76="D",(G76*$Z$13*5.2),0))))*$E$13+(H76*$AB$12*$E$13*6.1)+I76*$E$13*$AB$13*6.1),0) -> #DIV/0! | M76: =VLOOKUP(C76,TONGHOPCONGDOI!$C$96:$AD$183,20,0) -> 0 | N76: =VLOOKUP(C76,TONGHOPCONGDOI!$C$96:$AD$183,21,0) -> 0 | O76: =VLOOKUP(C76,TONGHOPCONGDOI!$C$96:$AD$183,22,0) -> 0 | P76: =VLOOKUP(C76,TONGHOPCONGDOI!$C$96:$AD$183,23,0) -> 0 | Q76: =VLOOKUP(C76,TONGHOPCONGDOI!$C$96:$AD$183,24,0) -> 0 | R76: =VLOOKUP(C76,TONGHOPCONGDOI!$C$96:$AD$183,25,0) -> 0 | T76: =SUM(M76:R76) -> 0 | U76: =SUM(M76:R76) -> 0 | W76: =ROUND(((M76*46.1)+(N76*76.9)+(O76*92.2)+(P76*153.8)+(Q76*92.2)+(R76*153.8))*$E$13+(S76*20000)+(T76*10000)+(U76*30000),0) -> 0 | X76: =F76+L76+W76 -> #DIV/0! | Z76: =VLOOKUP(C76,'CNKT '!$C$101:$Z$182,24,0) -> 0 | AA76: =X76-Z76 -> #DIV/0!
A77: 61 | B77: ='Chấm công KT'!D152 -> 03574 | C77: =TONGHOPCONGDOI!C156 -> T. Đăm | E77: =VLOOKUP(C77,TONGHOPCONGDOI!C156:Q243,15,0) -> 0 | F77: =E77*25000 -> 0 | G77: =VLOOKUP(C77,TONGHOPCONGDOI!C156:AD243,16,0) -> 0 | H77: =VLOOKUP(C77,TONGHOPCONGDOI!C156:AD243,18,0) -> 0 | J77: =$AB$11/$AB$10*G77+H77*$AB$12+I77*$AB$13 -> #DIV/0! | K77: =VLOOKUP(C77,'BTH mủ tạp'!C157:AL240,36,0) -> B | L77: =ROUND((IF(K77="A",(G77*$Z$13*6.1),IF(K77="B",(G77*$Z$13*5.8),IF(K77="C",(G77*$Z$13*5.5),IF(K77="D",(G77*$Z$13*5.2),0))))*$E$13+(H77*$AB$12*$E$13*6.1)+I77*$E$13*$AB$13*6.1),0) -> #DIV/0! | M77: =VLOOKUP(C77,TONGHOPCONGDOI!$C$96:$AD$183,20,0) -> 0 | N77: =VLOOKUP(C77,TONGHOPCONGDOI!$C$96:$AD$183,21,0) -> 0 | O77: =VLOOKUP(C77,TONGHOPCONGDOI!$C$96:$AD$183,22,0) -> 0 | P77: =VLOOKUP(C77,TONGHOPCONGDOI!$C$96:$AD$183,23,0) -> 0 | Q77: =VLOOKUP(C77,TONGHOPCONGDOI!$C$96:$AD$183,24,0) -> 0 | R77: =VLOOKUP(C77,TONGHOPCONGDOI!$C$96:$AD$183,25,0) -> 0 | T77: =SUM(M77:R77) -> 0 | U77: =SUM(M77:R77) -> 0 | W77: =ROUND(((M77*46.1)+(N77*76.9)+(O77*92.2)+(P77*153.8)+(Q77*92.2)+(R77*153.8))*$E$13+(S77*20000)+(T77*10000)+(U77*30000),0) -> 0 | X77: =F77+L77+W77 -> #DIV/0! | Z77: =VLOOKUP(C77,'CNKT '!$C$101:$Z$182,24,0) -> 0 | AA77: =X77-Z77 -> #DIV/0!
A78: 62 | B78: ='Chấm công KT'!D153 -> #N/A | C78: =TONGHOPCONGDOI!C157 -> T. Văn Ê | E78: =VLOOKUP(C78,TONGHOPCONGDOI!C157:Q244,15,0) -> 0 | F78: =E78*25000 -> 0 | G78: =VLOOKUP(C78,TONGHOPCONGDOI!C157:AD244,16,0) -> 0 | H78: =VLOOKUP(C78,TONGHOPCONGDOI!C157:AD244,18,0) -> 0 | J78: =$AB$11/$AB$10*G78+H78*$AB$12+I78*$AB$13 -> #DIV/0! | K78: =VLOOKUP(C78,'BTH mủ tạp'!C158:AL241,36,0) -> A | L78: =ROUND((IF(K78="A",(G78*$Z$13*6.1),IF(K78="B",(G78*$Z$13*5.8),IF(K78="C",(G78*$Z$13*5.5),IF(K78="D",(G78*$Z$13*5.2),0))))*$E$13+(H78*$AB$12*$E$13*6.1)+I78*$E$13*$AB$13*6.1),0) -> #DIV/0! | M78: =VLOOKUP(C78,TONGHOPCONGDOI!$C$96:$AD$183,20,0) -> 0 | N78: =VLOOKUP(C78,TONGHOPCONGDOI!$C$96:$AD$183,21,0) -> 0 | O78: =VLOOKUP(C78,TONGHOPCONGDOI!$C$96:$AD$183,22,0) -> 0 | P78: =VLOOKUP(C78,TONGHOPCONGDOI!$C$96:$AD$183,23,0) -> 0 | Q78: =VLOOKUP(C78,TONGHOPCONGDOI!$C$96:$AD$183,24,0) -> 0 | R78: =VLOOKUP(C78,TONGHOPCONGDOI!$C$96:$AD$183,25,0) -> 0 | T78: =SUM(M78:R78) -> 0 | U78: =SUM(M78:R78) -> 0 | W78: =ROUND(((M78*46.1)+(N78*76.9)+(O78*92.2)+(P78*153.8)+(Q78*92.2)+(R78*153.8))*$E$13+(S78*20000)+(T78*10000)+(U78*30000),0) -> 0 | X78: =F78+L78+W78 -> #DIV/0! | Z78: =VLOOKUP(C78,'CNKT '!$C$101:$Z$182,24,0) -> 0 | AA78: =X78-Z78 -> #DIV/0!
A79: 63 | B79: ='Chấm công KT'!D154 -> 03576 | C79: =TONGHOPCONGDOI!C158 -> T. Sinh | E79: =VLOOKUP(C79,TONGHOPCONGDOI!C158:Q245,15,0) -> 0 | F79: =E79*25000 -> 0 | G79: =VLOOKUP(C79,TONGHOPCONGDOI!C158:AD245,16,0) -> 0 | H79: =VLOOKUP(C79,TONGHOPCONGDOI!C158:AD245,18,0) -> 0 | J79: =$AB$11/$AB$10*G79+H79*$AB$12+I79*$AB$13 -> #DIV/0! | K79: =VLOOKUP(C79,'BTH mủ tạp'!C159:AL242,36,0) -> A | L79: =ROUND((IF(K79="A",(G79*$Z$13*6.1),IF(K79="B",(G79*$Z$13*5.8),IF(K79="C",(G79*$Z$13*5.5),IF(K79="D",(G79*$Z$13*5.2),0))))*$E$13+(H79*$AB$12*$E$13*6.1)+I79*$E$13*$AB$13*6.1),0) -> #DIV/0! | M79: =VLOOKUP(C79,TONGHOPCONGDOI!$C$96:$AD$183,20,0) -> 0 | N79: =VLOOKUP(C79,TONGHOPCONGDOI!$C$96:$AD$183,21,0) -> 0 | O79: =VLOOKUP(C79,TONGHOPCONGDOI!$C$96:$AD$183,22,0) -> 0 | P79: =VLOOKUP(C79,TONGHOPCONGDOI!$C$96:$AD$183,23,0) -> 0 | Q79: =VLOOKUP(C79,TONGHOPCONGDOI!$C$96:$AD$183,24,0) -> 0 | R79: =VLOOKUP(C79,TONGHOPCONGDOI!$C$96:$AD$183,25,0) -> 0 | T79: =SUM(M79:R79) -> 0 | U79: =SUM(M79:R79) -> 0 | W79: =ROUND(((M79*46.1)+(N79*76.9)+(O79*92.2)+(P79*153.8)+(Q79*92.2)+(R79*153.8))*$E$13+(S79*20000)+(T79*10000)+(U79*30000),0) -> 0 | X79: =F79+L79+W79 -> #DIV/0! | Z79: =VLOOKUP(C79,'CNKT '!$C$101:$Z$182,24,0) -> 0 | AA79: =X79-Z79 -> #DIV/0!
A80: 64 | C80: =TONGHOPCONGDOI!C159 -> T. Khăm Công | E80: =VLOOKUP(C80,TONGHOPCONGDOI!C159:Q246,15,0) -> 0 | F80: =E80*25000 -> 0 | G80: =VLOOKUP(C80,TONGHOPCONGDOI!C159:AD245,16,0) -> 0 | H80: =VLOOKUP(C80,TONGHOPCONGDOI!C159:AD248,18,0) -> 0 | J80: =$AB$11/$AB$10*G80+H80*$AB$12+I80*$AB$13 -> #DIV/0! | K80: =VLOOKUP(C80,'BTH mủ tạp'!C160:AL243,36,0) -> B | L80: =ROUND((IF(K80="A",(G80*$Z$13*6.1),IF(K80="B",(G80*$Z$13*5.8),IF(K80="C",(G80*$Z$13*5.5),IF(K80="D",(G80*$Z$13*5.2),0))))*$E$13+(H80*$AB$12*$E$13*6.1)+I80*$E$13*$AB$13*6.1),0) -> #DIV/0! | M80: =VLOOKUP(C80,TONGHOPCONGDOI!$C$96:$AD$183,20,0) -> 0 | N80: =VLOOKUP(C80,TONGHOPCONGDOI!$C$96:$AD$183,21,0) -> 0 | O80: =VLOOKUP(C80,TONGHOPCONGDOI!$C$96:$AD$183,22,0) -> 0 | P80: =VLOOKUP(C80,TONGHOPCONGDOI!$C$96:$AD$183,23,0) -> 0 | Q80: =VLOOKUP(C80,TONGHOPCONGDOI!$C$96:$AD$183,24,0) -> 0 | R80: =VLOOKUP(C80,TONGHOPCONGDOI!$C$96:$AD$183,25,0) -> 0 | T80: =SUM(M80:R80) -> 0 | U80: =SUM(M80:R80) -> 0 | W80: =ROUND(((M80*46.1)+(N80*76.9)+(O80*92.2)+(P80*153.8)+(Q80*92.2)+(R80*153.8))*$E$13+(S80*20000)+(T80*10000)+(U80*30000),0) -> 0 | X80: =F80+L80+W80 -> #DIV/0! | Z80: =VLOOKUP(C80,'CNKT '!$C$101:$Z$182,24,0) -> 0 | AA80: =X80-Z80 -> #DIV/0!
A81: 65 | B81: ='Chấm công KT'!D156 -> 03578 | C81: =TONGHOPCONGDOI!C160 -> T. Ngon | E81: =VLOOKUP(C81,TONGHOPCONGDOI!C160:Q247,15,0) -> 0 | F81: =E81*25000 -> 0 | G81: =VLOOKUP(C81,TONGHOPCONGDOI!C160:AD248,16,0) -> 0 | H81: =VLOOKUP(C81,TONGHOPCONGDOI!C160:AD248,18,0) -> 0 | J81: =$AB$11/$AB$10*G81+H81*$AB$12+I81*$AB$13 -> #DIV/0! | K81: =VLOOKUP(C81,'BTH mủ tạp'!C161:AL244,36,0) -> A | L81: =ROUND((IF(K81="A",(G81*$Z$13*6.1),IF(K81="B",(G81*$Z$13*5.8),IF(K81="C",(G81*$Z$13*5.5),IF(K81="D",(G81*$Z$13*5.2),0))))*$E$13+(H81*$AB$12*$E$13*6.1)+I81*$E$13*$AB$13*6.1),0) -> #DIV/0! | M81: =VLOOKUP(C81,TONGHOPCONGDOI!$C$96:$AD$183,20,0) -> 0 | N81: =VLOOKUP(C81,TONGHOPCONGDOI!$C$96:$AD$183,21,0) -> 0 | O81: =VLOOKUP(C81,TONGHOPCONGDOI!$C$96:$AD$183,22,0) -> 0 | P81: =VLOOKUP(C81,TONGHOPCONGDOI!$C$96:$AD$183,23,0) -> 0 | Q81: =VLOOKUP(C81,TONGHOPCONGDOI!$C$96:$AD$183,24,0) -> 0 | R81: =VLOOKUP(C81,TONGHOPCONGDOI!$C$96:$AD$183,25,0) -> 0 | T81: =SUM(M81:R81) -> 0 | U81: =SUM(M81:R81) -> 0 | W81: =ROUND(((M81*46.1)+(N81*76.9)+(O81*92.2)+(P81*153.8)+(Q81*92.2)+(R81*153.8))*$E$13+(S81*20000)+(T81*10000)+(U81*30000),0) -> 0 | X81: =F81+L81+W81 -> #DIV/0! | Z81: =VLOOKUP(C81,'CNKT '!$C$101:$Z$182,24,0) -> 0 | AA81: =X81-Z81 -> #DIV/0!
A82: 66 | C82: =TONGHOPCONGDOI!C161 -> N . Lạ | E82: =VLOOKUP(C82,TONGHOPCONGDOI!C161:Q248,15,0) -> 0 | F82: =E82*25000 -> 0 | G82: =VLOOKUP(C82,TONGHOPCONGDOI!C161:AD248,16,0) -> 0 | H82: =VLOOKUP(C82,TONGHOPCONGDOI!C161:AD248,18,0) -> 0 | J82: =$AB$11/$AB$10*G82+H82*$AB$12+I82*$AB$13 -> #DIV/0! | K82: =VLOOKUP(C82,'BTH mủ tạp'!C162:AL245,36,0) -> A | L82: =ROUND((IF(K82="A",(G82*$Z$13*6.1),IF(K82="B",(G82*$Z$13*5.8),IF(K82="C",(G82*$Z$13*5.5),IF(K82="D",(G82*$Z$13*5.2),0))))*$E$13+(H82*$AB$12*$E$13*6.1)+I82*$E$13*$AB$13*6.1),0) -> #DIV/0! | M82: =VLOOKUP(C82,TONGHOPCONGDOI!$C$96:$AD$183,20,0) -> 0 | N82: =VLOOKUP(C82,TONGHOPCONGDOI!$C$96:$AD$183,21,0) -> 0 | O82: =VLOOKUP(C82,TONGHOPCONGDOI!$C$96:$AD$183,22,0) -> 0 | P82: =VLOOKUP(C82,TONGHOPCONGDOI!$C$96:$AD$183,23,0) -> 0 | Q82: =VLOOKUP(C82,TONGHOPCONGDOI!$C$96:$AD$183,24,0) -> 0 | R82: =VLOOKUP(C82,TONGHOPCONGDOI!$C$96:$AD$183,25,0) -> 0 | T82: =SUM(M82:R82) -> 0 | U82: =SUM(M82:R82) -> 0 | W82: =ROUND(((M82*46.1)+(N82*76.9)+(O82*92.2)+(P82*153.8)+(Q82*92.2)+(R82*153.8))*$E$13+(S82*20000)+(T82*10000)+(U82*30000),0) -> 0 | X82: =F82+L82+W82 -> #DIV/0! | Z82: =VLOOKUP(C82,'CNKT '!$C$101:$Z$182,24,0) -> 0 | AA82: =X82-Z82 -> #DIV/0!
A83: 67 | C83: =TONGHOPCONGDOI!C162 -> T. Chỏ | E83: =VLOOKUP(C83,TONGHOPCONGDOI!C162:Q249,15,0) -> 0 | F83: =E83*25000 -> 0 | G83: =VLOOKUP(C83,TONGHOPCONGDOI!C162:AD248,16,0) -> 0 | H83: =VLOOKUP(C83,TONGHOPCONGDOI!C162:AD250,18,0) -> 0 | J83: =$AB$11/$AB$10*G83+H83*$AB$12+I83*$AB$13 -> #DIV/0! | K83: =VLOOKUP(C83,'BTH mủ tạp'!C163:AL246,36,0) -> B | L83: =ROUND((IF(K83="A",(G83*$Z$13*6.1),IF(K83="B",(G83*$Z$13*5.8),IF(K83="C",(G83*$Z$13*5.5),IF(K83="D",(G83*$Z$13*5.2),0))))*$E$13+(H83*$AB$12*$E$13*6.1)+I83*$E$13*$AB$13*6.1),0) -> #DIV/0! | M83: =VLOOKUP(C83,TONGHOPCONGDOI!$C$96:$AD$183,20,0) -> 0 | N83: =VLOOKUP(C83,TONGHOPCONGDOI!$C$96:$AD$183,21,0) -> 0 | O83: =VLOOKUP(C83,TONGHOPCONGDOI!$C$96:$AD$183,22,0) -> 0 | P83: =VLOOKUP(C83,TONGHOPCONGDOI!$C$96:$AD$183,23,0) -> 0 | Q83: =VLOOKUP(C83,TONGHOPCONGDOI!$C$96:$AD$183,24,0) -> 0 | R83: =VLOOKUP(C83,TONGHOPCONGDOI!$C$96:$AD$183,25,0) -> 0 | T83: =SUM(M83:R83) -> 0 | U83: =SUM(M83:R83) -> 0 | W83: =ROUND(((M83*46.1)+(N83*76.9)+(O83*92.2)+(P83*153.8)+(Q83*92.2)+(R83*153.8))*$E$13+(S83*20000)+(T83*10000)+(U83*30000),0) -> 0 | X83: =F83+L83+W83 -> #DIV/0! | Z83: =VLOOKUP(C83,'CNKT '!$C$101:$Z$182,24,0) -> 0 | AA83: =X83-Z83 -> #DIV/0!
A84: 68 | B84: ='Chấm công KT'!D159 -> 03581 | C84: =TONGHOPCONGDOI!C163 -> Chăn Đen | E84: =VLOOKUP(C84,TONGHOPCONGDOI!C163:Q250,15,0) -> 0 | F84: =E84*25000 -> 0 | G84: =VLOOKUP(C84,TONGHOPCONGDOI!C163:AD250,16,0) -> 0 | H84: =VLOOKUP(C84,TONGHOPCONGDOI!C163:AD251,18,0) -> 0 | J84: =$AB$11/$AB$10*G84+H84*$AB$12+I84*$AB$13 -> #DIV/0! | K84: =VLOOKUP(C84,'BTH mủ tạp'!C164:AL247,36,0) -> B | L84: =ROUND((IF(K84="A",(G84*$Z$13*6.1),IF(K84="B",(G84*$Z$13*5.8),IF(K84="C",(G84*$Z$13*5.5),IF(K84="D",(G84*$Z$13*5.2),0))))*$E$13+(H84*$AB$12*$E$13*6.1)+I84*$E$13*$AB$13*6.1),0) -> #DIV/0! | M84: =VLOOKUP(C84,TONGHOPCONGDOI!$C$96:$AD$183,20,0) -> 0 | N84: =VLOOKUP(C84,TONGHOPCONGDOI!$C$96:$AD$183,21,0) -> 0 | O84: =VLOOKUP(C84,TONGHOPCONGDOI!$C$96:$AD$183,22,0) -> 0 | P84: =VLOOKUP(C84,TONGHOPCONGDOI!$C$96:$AD$183,23,0) -> 0 | Q84: =VLOOKUP(C84,TONGHOPCONGDOI!$C$96:$AD$183,24,0) -> 0 | R84: =VLOOKUP(C84,TONGHOPCONGDOI!$C$96:$AD$183,25,0) -> 0 | T84: =SUM(M84:R84) -> 0 | U84: =SUM(M84:R84) -> 0 | W84: =ROUND(((M84*46.1)+(N84*76.9)+(O84*92.2)+(P84*153.8)+(Q84*92.2)+(R84*153.8))*$E$13+(S84*20000)+(T84*10000)+(U84*30000),0) -> 0 | X84: =F84+L84+W84 -> #DIV/0! | Z84: =VLOOKUP(C84,'CNKT '!$C$101:$Z$182,24,0) -> 0 | AA84: =X84-Z84 -> #DIV/0!
A85: 69 | B85: ='Chấm công KT'!D160 -> 03456 | C85: =TONGHOPCONGDOI!C164 -> T. Vôn | E85: =VLOOKUP(C85,TONGHOPCONGDOI!C164:Q251,15,0) -> 0 | F85: =E85*25000 -> 0 | G85: =VLOOKUP(C85,TONGHOPCONGDOI!C164:AD251,16,0) -> 0 | H85: =VLOOKUP(C85,TONGHOPCONGDOI!C164:AD252,18,0) -> 0 | J85: =$AB$11/$AB$10*G85+H85*$AB$12+I85*$AB$13 -> #DIV/0! | K85: =VLOOKUP(C85,'BTH mủ tạp'!C165:AL248,36,0) -> A | L85: =ROUND((IF(K85="A",(G85*$Z$13*6.1),IF(K85="B",(G85*$Z$13*5.8),IF(K85="C",(G85*$Z$13*5.5),IF(K85="D",(G85*$Z$13*5.2),0))))*$E$13+(H85*$AB$12*$E$13*6.1)+I85*$E$13*$AB$13*6.1),0) -> #DIV/0! | M85: =VLOOKUP(C85,TONGHOPCONGDOI!$C$96:$AD$183,20,0) -> 0 | N85: =VLOOKUP(C85,TONGHOPCONGDOI!$C$96:$AD$183,21,0) -> 0 | O85: =VLOOKUP(C85,TONGHOPCONGDOI!$C$96:$AD$183,22,0) -> 0 | P85: =VLOOKUP(C85,TONGHOPCONGDOI!$C$96:$AD$183,23,0) -> 0 | Q85: =VLOOKUP(C85,TONGHOPCONGDOI!$C$96:$AD$183,24,0) -> 0 | R85: =VLOOKUP(C85,TONGHOPCONGDOI!$C$96:$AD$183,25,0) -> 0 | T85: =SUM(M85:R85) -> 0 | U85: =SUM(M85:R85) -> 0 | W85: =ROUND(((M85*46.1)+(N85*76.9)+(O85*92.2)+(P85*153.8)+(Q85*92.2)+(R85*153.8))*$E$13+(S85*20000)+(T85*10000)+(U85*30000),0) -> 0 | X85: =F85+L85+W85 -> #DIV/0! | Z85: =VLOOKUP(C85,'CNKT '!$C$101:$Z$182,24,0) -> 0 | AA85: =X85-Z85 -> #DIV/0!
A86: 70 | B86: ='Chấm công KT'!D161 -> 03583 | C86: =TONGHOPCONGDOI!C165 -> Đa Ly | E86: =VLOOKUP(C86,TONGHOPCONGDOI!C165:Q252,15,0) -> 0 | F86: =E86*25000 -> 0 | G86: =VLOOKUP(C86,TONGHOPCONGDOI!C165:AD252,16,0) -> 0 | H86: =VLOOKUP(C86,TONGHOPCONGDOI!C165:AD253,18,0) -> 0 | J86: =$AB$11/$AB$10*G86+H86*$AB$12+I86*$AB$13 -> #DIV/0! | K86: =VLOOKUP(C86,'BTH mủ tạp'!C166:AL249,36,0) -> A | L86: =ROUND((IF(K86="A",(G86*$Z$13*6.1),IF(K86="B",(G86*$Z$13*5.8),IF(K86="C",(G86*$Z$13*5.5),IF(K86="D",(G86*$Z$13*5.2),0))))*$E$13+(H86*$AB$12*$E$13*6.1)+I86*$E$13*$AB$13*6.1),0) -> #DIV/0! | M86: =VLOOKUP(C86,TONGHOPCONGDOI!$C$96:$AD$183,20,0) -> 0 | N86: =VLOOKUP(C86,TONGHOPCONGDOI!$C$96:$AD$183,21,0) -> 0 | O86: =VLOOKUP(C86,TONGHOPCONGDOI!$C$96:$AD$183,22,0) -> 0 | P86: =VLOOKUP(C86,TONGHOPCONGDOI!$C$96:$AD$183,23,0) -> 0 | Q86: =VLOOKUP(C86,TONGHOPCONGDOI!$C$96:$AD$183,24,0) -> 0 | R86: =VLOOKUP(C86,TONGHOPCONGDOI!$C$96:$AD$183,25,0) -> 0 | T86: =SUM(M86:R86) -> 0 | U86: =SUM(M86:R86) -> 0 | W86: =ROUND(((M86*46.1)+(N86*76.9)+(O86*92.2)+(P86*153.8)+(Q86*92.2)+(R86*153.8))*$E$13+(S86*20000)+(T86*10000)+(U86*30000),0) -> 0 | X86: =F86+L86+W86 -> #DIV/0! | Z86: =VLOOKUP(C86,'CNKT '!$C$101:$Z$182,24,0) -> 0 | AA86: =X86-Z86 -> #DIV/0!
