Workbook

Sheet Chấm công KT
B1: CỘNG HÒA DÂN CHỦ NHÂN DÂN LÀO
B2: Hòa Bình -Độc Lập - Dân Chủ - thống Nhất - Thịnh Vượng
B3: -----o0o-----
B5: CÔNG TY TNHH MTV QUASA - GERUCO LÀO
B6: ĐỘI SẢN XUẤT SỐ 04
B7: BẢNG CHẤM CÔNG PHỤ CẤP CHO CÔNG NHÂN KHAI THÁC THÁNG 06 NĂM 2025
A8: (Từ ngày 01/06 đến 30/06/2025)
A10: STT | C10: MSNV | D10: HỌ VÀ TÊN | E10: Kí tên | F10: Phụ cấp ngày cạo, ngày chủ nhật | AK10: Ngày công đi cạo thường | AL10: Ngày CN thường | AM10: Ngày công đi cạo 2 lát (đ) | AN10: Ngày công chủ nhật cạo 2 lát (đc) | AO10: Ngày công cạo gia tăng 2 miêng (gt) | AP10: Ngày chủ nhật cạo gia tăng 2 miệng (ct) | AQ10: Tổng công | AU10: Ngày công đi cạo thường (x) | AV10: Ngày CN thường (cn) | AW10: Ngày công đi cạo 2 lát (đ) | AX10: Ngày công chủ nhật cạo 2 lát (đc) | AY10: Ngày công cạo gia tăng 2 miêng (gt) | AZ10: Ngày chủ nhật cạo gia tăng 2 miệng (ct)
F11: 1 | G11: 2 | H11: 3 | I11: 4 | J11: 5 | K11: 6 | L11: 7 | M11: 8 | N11: 9 | O11: 10 | P11: 11 | Q11: 12 | R11: 13 | S11: 14 | T11: 15 | U11: 16 | V11: 17 | W11: 18 | X11: 19 | Y11: 20 | Z11: 21 | AA11: 22 | AB11: 23 | AC11: 24 | AD11: 25 | AE11: 26 | AF11: 27 | AG11: 28 | AH11: 29 | AI11: 30 | AJ11: 31
A12: Trạm 1 | F12: =SUM(COUNTIF(F13:F93,"x"))+(COUNTIF(F13:F93,"cn"))+(COUNTIF(F13:F93,"gt"))+(COUNTIF(F13:F93,"ct")) -> 73 | G12: =SUM(COUNTIF(G13:G93,"x"))+(COUNTIF(G13:G93,"cn"))+(COUNTIF(G13:G93,"gt"))+(COUNTIF(G13:G93,"ct")) -> 73 | H12: =SUM(COUNTIF(H13:H93,"x"))+(COUNTIF(H13:H93,"cn"))+(COUNTIF(H13:H93,"gt"))+(COUNTIF(H13:H93,"ct")) -> 73 | I12: =SUM(COUNTIF(I13:I93,"x"))+(COUNTIF(I13:I93,"cn"))+(COUNTIF(I13:I93,"gt"))+(COUNTIF(I13:I93,"ct")) -> 73 | J12: =SUM(COUNTIF(J13:J93,"x"))+(COUNTIF(J13:J93,"cn"))+(COUNTIF(J13:J93,"gt"))+(COUNTIF(J13:J93,"ct")) -> 73 | K12: =SUM(COUNTIF(K13:K93,"x"))+(COUNTIF(K13:K93,"cn"))+(COUNTIF(K13:K93,"gt"))+(COUNTIF(K13:K93,"ct")) -> 73 | L12: =SUM(COUNTIF(L13:L93,"x"))+(COUNTIF(L13:L93,"cn"))+(COUNTIF(L13:L93,"gt"))+(COUNTIF(L13:L93,"ct")) -> 73 | M12: =SUM(COUNTIF(M13:M93,"x"))+(COUNTIF(M13:M93,"cn"))+(COUNTIF(M13:M93,"gt"))+(COUNTIF(M13:M93,"ct")) -> 73 | ... AI12: =SUM(COUNTIF(AI13:AI93,"x"))+(COUNTIF(AI13:AI93,"cn"))+(COUNTIF(AI13:AI93,"gt"))+(COUNTIF(AI13:AI93,"ct")) -> 70 | AJ12: =SUM(COUNTIF(AJ13:AJ92,"x"))+(COUNTIF(AJ13:AJ92,"cn"))+(COUNTIF(AJ13:AJ92,"đ")) -> 0 | AK12: =SUM(AK13:AK93) -> 1623 | AL12: =SUM(AL13:AL93) -> 357 | AM12: =SUM(AM13:AM93) -> 0 | AN12: =SUM(AN13:AN93) -> 0 | AO12: =SUM(AO13:AO93) -> 0 | AP12: =SUM(AP13:AP93) -> 0 | AQ12: =SUM(AQ13:AQ93) -> 1980 | AS12: ='Mã số nhân viên'!I3 -> 03456 | AT12: =C13-AS12 -> 0
A13: 1 | B13: 1 | C13: =VLOOKUP(D13,'Mã số nhân viên'!B3:I134,8,0) -> 03456 | D13: T. Vôn | F13: cn | G13: x | H13: x | I13: x | J13: x | K13: x | L13: x | M13: cn | N13: x | O13: x | P13: x | U13: x | V13: x | W13: x | X13: tt | Y13: tt | Z13: tt | AA13: tt | AB13: tt | AC13: tt | AD13: tt | AE13: tt | AF13: tt | AG13: tt | AH13: tt | AI13: tt | AK13: =SUM(COUNTIF(F13:AJ13,"x")) -> 12 | AL13: =SUM(COUNTIF(F13:AJ13,"cn")) -> 2 | AM13: =SUM(COUNTIF(F13:AJ13,"đ")) -> 0 | AN13: =SUM(COUNTIF(F13:AJ13,"đc")) -> 0 | AO13: =SUM(COUNTIF(F13:AJ13,"gt")) -> 0 | AP13: =SUM(COUNTIF(F13:AJ13,"ct")) -> 0 | AQ13: =AK13+AL13+AM13+AN13+AO13+AP13 -> 14 | AS13: ='Mã số nhân viên'!I4 -> 04052 | AT13: =C14-AS13 -> 0
A14: 2 | B14: 2 | C14: =VLOOKUP(D14,'Mã số nhân viên'!B4:I135,8,0) -> 04052 | D14: T. Feng | F14: cn | G14: x | H14: x | I14: x | J14: x | K14: x | L14: x | M14: cn | N14: x | O14: x | P14: x | S14: x | T14: cn | U14: x | V14: x | W14: x | X14: x | Y14: x | Z14: x | AA14: cn | AB14: x | AC14: x | AE14: x | AF14: tt | AG14: x | AH14: tt | AI14: x | AK14: =SUM(COUNTIF(F14:AJ14,"x")) -> 21 | AL14: =SUM(COUNTIF(F14:AJ14,"cn")) -> 4 | AM14: =SUM(COUNTIF(F14:AJ14,"đ")) -> 0 | AN14: =SUM(COUNTIF(F14:AJ14,"đc")) -> 0 | AO14: =SUM(COUNTIF(F14:AJ14,"gt")) -> 0 | AP14: =SUM(COUNTIF(F14:AJ14,"ct")) -> 0 | AQ14: =AK14+AL14+AM14+AN14+AO14+AP14 -> 25 | AS14: ='Mã số nhân viên'!I5 -> 02725 | AT14: =C15-AS14 -> 0
A15: 3 | B15: 3 | C15: =VLOOKUP(D15,'Mã số nhân viên'!B5:I136,8,0) -> 02725 | D15: T. Sa Văn | F15: cn | G15: x | H15: x | I15: x | J15: x | K15: x | L15: x | M15: cn | N15: x | O15: x | P15: x | R15: x | S15: x | T15: cn | U15: tt | V15: tt | W15: tt | Y15: tt | Z15: x | AA15: cn | AB15: x | AC15: x | AD15: x | AE15: x | AF15: x | AG15: x | AH15: cn | AI15: x | AK15: =SUM(COUNTIF(F15:AJ15,"x")) -> 19 | AL15: =SUM(COUNTIF(F15:AJ15,"cn")) -> 5 | AM15: =SUM(COUNTIF(F15:AJ15,"đ")) -> 0 | AN15: =SUM(COUNTIF(F15:AJ15,"đc")) -> 0 | AO15: =SUM(COUNTIF(F15:AJ15,"gt")) -> 0 | AP15: =SUM(COUNTIF(F15:AJ15,"ct")) -> 0 | AQ15: =AK15+AL15+AM15+AN15+AO15+AP15 -> 24 | AS15: ='Mã số nhân viên'!I6 -> 04053 | AT15: =C16-AS15 -> 0
A16: 4 | B16: 4 | C16: =VLOOKUP(D16,'Mã số nhân viên'!B6:I137,8,0) -> 04053 | D16: Lăm Ma Thu | F16: cn | G16: x | H16: x | I16: x | J16: x | K16: x | L16: x | M16: cn | N16: x | O16: x | P16: x | S16: x | T16: cn | U16: tt | V16: tt | W16: x | X16: x | Y16: x | Z16: x | AA16: cn | AC16: x | AD16: x | AE16: x | AF16: x | AG16: x | AH16: cn | AI16: x | AK16: =SUM(COUNTIF(F16:AJ16,"x")) -> 20 | AL16: =SUM(COUNTIF(F16:AJ16,"cn")) -> 5 | AM16: =SUM(COUNTIF(F16:AJ16,"đ")) -> 0 | AN16: =SUM(COUNTIF(F16:AJ16,"đc")) -> 0 | AO16: =SUM(COUNTIF(F16:AJ16,"gt")) -> 0 | AP16: =SUM(COUNTIF(F16:AJ16,"ct")) -> 0 | AQ16: =AK16+AL16+AM16+AN16+AO16+AP16 -> 25 | AS16: ='Mã số nhân viên'!I7 -> 03459 | AT16: =C17-AS16 -> 0
A17: 5 | B17: 5 | C17: =VLOOKUP(D17,'Mã số nhân viên'!B7:I138,8,0) -> 03459 | D17: N. Vạt | F17: cn | G17: x | H17: x | I17: x | J17: x | K17: x | L17: x | M17: cn | N17: tt | O17: tt | S17: tt | T17: tt | U17: x | V17: x | W17: x | X17: x | Y17: x | Z17: x | AA17: cn | AB17: x | AC17: x | AD17: x | AE17: x | AF17: x | AG17: x | AH17: cn | AI17: x | AK17: =SUM(COUNTIF(F17:AJ17,"x")) -> 19 | AL17: =SUM(COUNTIF(F17:AJ17,"cn")) -> 4 | AM17: =SUM(COUNTIF(F17:AJ17,"đ")) -> 0 | AN17: =SUM(COUNTIF(F17:AJ17,"đc")) -> 0 | AO17: =SUM(COUNTIF(F17:AJ17,"gt")) -> 0 | AP17: =SUM(COUNTIF(F17:AJ17,"ct")) -> 0 | AQ17: =AK17+AL17+AM17+AN17+AO17+AP17 -> 23 | AS17: ='Mã số nhân viên'!I8 -> 04054 | AT17: =C18-AS17 -> 0
A18: 6 | B18: 6 | C18: =VLOOKUP(D18,'Mã số nhân viên'!B8:I139,8,0) -> 04054 | D18: N. Kay Son | F18: cn | G18: x | H18: x | I18: x | J18: x | K18: x | L18: x | M18: cn | N18: x | O18: x | P18: x | U18: tt | V18: tt | W18: x | X18: x | Y18: x | Z18: x | AA18: cn | AB18: x | AC18: x | AD18: x | AE18: x | AF18: x | AG18: x | AH18: cn | AI18: x | AK18: =SUM(COUNTIF(F18:AJ18,"x")) -> 20 | AL18: =SUM(COUNTIF(F18:AJ18,"cn")) -> 4 | AM18: =SUM(COUNTIF(F18:AJ18,"đ")) -> 0 | AN18: =SUM(COUNTIF(F18:AJ18,"đc")) -> 0 | AO18: =SUM(COUNTIF(F18:AJ18,"gt")) -> 0 | AP18: =SUM(COUNTIF(F18:AJ18,"ct")) -> 0 | AQ18: =AK18+AL18+AM18+AN18+AO18+AP18 -> 24 | AS18: ='Mã số nhân viên'!I9 -> 04055 | AT18: =C19-AS18 -> 0
A19: 7 | B19: 7 | C19: =VLOOKUP(D19,'Mã số nhân viên'!B9:I140,8,0) -> 04055 | D19: T. Đèng 1 | F19: cn | G19: x | H19: x | I19: x | J19: x | K19: x | L19: x | M19: cn | N19: x | O19: x | P19: x | S19: x | T19: cn | U19: x | V19: x | W19: x | X19: x | Y19: x | Z19: x | AA19: cn | AB19: x | AC19: x | AD19: x | AE19: x | AF19: x | AG19: x | AH19: cn | AI19: x | AK19: =SUM(COUNTIF(F19:AJ19,"x")) -> 23 | AL19: =SUM(COUNTIF(F19:AJ19,"cn")) -> 5 | AM19: =SUM(COUNTIF(F19:AJ19,"đ")) -> 0 | AN19: =SUM(COUNTIF(F19:AJ19,"đc")) -> 0 | AO19: =SUM(COUNTIF(F19:AJ19,"gt")) -> 0 | AP19: =SUM(COUNTIF(F19:AJ19,"ct")) -> 0 | AQ19: =AK19+AL19+AM19+AN19+AO19+AP19 -> 28 | AS19: ='Mã số nhân viên'!I10 -> 03462 | AT19: =C20-AS19 -> 0
A20: 8 | B20: 8 | C20: =VLOOKUP(D20,'Mã số nhân viên'!B10:I141,8,0) -> 03462 | D20: T . Bua Ngân | F20: cn | G20: x | H20: x | I20: x | J20: x | K20: x | L20: x | M20: cn | N20: x | O20: x | P20: x | S20: x | T20: cn | U20: x | V20: x | W20: x | X20: x | Y20: x | Z20: x | AA20: cn | AB20: x | AC20: x | AD20: x | AE20: x | AF20: x | AG20: x | AH20: cn | AI20: x | AK20: =SUM(COUNTIF(F20:AJ20,"x")) -> 23 | AL20: =SUM(COUNTIF(F20:AJ20,"cn")) -> 5 | AM20: =SUM(COUNTIF(F20:AJ20,"đ")) -> 0 | AN20: =SUM(COUNTIF(F20:AJ20,"đc")) -> 0 | AO20: =SUM(COUNTIF(F20:AJ20,"gt")) -> 0 | AP20: =SUM(COUNTIF(F20:AJ20,"ct")) -> 0 | AQ20: =AK20+AL20+AM20+AN20+AO20+AP20 -> 28 | AS20: ='Mã số nhân viên'!I11 -> 03463 | AT20: =C21-AS20 -> 0
A21: 9 | B21: 9 | C21: =VLOOKUP(D21,'Mã số nhân viên'!B11:I142,8,0) -> 03463 | D21: T Căng | F21: cn | G21: x | H21: x | I21: x | J21: x | K21: x | L21: x | M21: cn | N21: x | O21: x | P21: x | S21: x | T21: cn | U21: x | V21: x | W21: x | X21: x | Y21: x | Z21: x | AA21: cn | AB21: x | AC21: x | AD21: x | AE21: x | AF21: x | AG21: x | AH21: cn | AI21: x | AK21: =SUM(COUNTIF(F21:AJ21,"x")) -> 23 | AL21: =SUM(COUNTIF(F21:AJ21,"cn")) -> 5 | AM21: =SUM(COUNTIF(F21:AJ21,"đ")) -> 0 | AN21: =SUM(COUNTIF(F21:AJ21,"đc")) -> 0 | AO21: =SUM(COUNTIF(F21:AJ21,"gt")) -> 0 | AP21: =SUM(COUNTIF(F21:AJ21,"ct")) -> 0 | AQ21: =AK21+AL21+AM21+AN21+AO21+AP21 -> 28 | AS21: ='Mã số nhân viên'!I12 -> 03464 | AT21: =C22-AS21 -> 0
A22: 10 | B22: 10 | C22: =VLOOKUP(D22,'Mã số nhân viên'!B12:I143,8,0) -> 03464 | D22: N. Phôn 1 | F22: cn | G22: x | H22: x | I22: x | J22: x | K22: x | L22: x | M22: cn | N22: x | O22: x | P22: x | S22: x | T22: cn | U22: x | V22: x | W22: x | X22: x | Y22: x | Z22: x | AA22: cn | AB22: x | AC22: x | AD22: x | AE22: x | AF22: x | AG22: x | AH22: cn | AI22: x | AK22: =SUM(COUNTIF(F22:AJ22,"x")) -> 23 | AL22: =SUM(COUNTIF(F22:AJ22,"cn")) -> 5 | AM22: =SUM(COUNTIF(F22:AJ22,"đ")) -> 0 | AN22: =SUM(COUNTIF(F22:AJ22,"đc")) -> 0 | AO22: =SUM(COUNTIF(F22:AJ22,"gt")) -> 0 | AP22: =SUM(COUNTIF(F22:AJ22,"ct")) -> 0 | AQ22: =AK22+AL22+AM22+AN22+AO22+AP22 -> 28 | AS22: ='Mã số nhân viên'!I13 -> 03465 | AT22: =C23-AS22 -> 0
A23: 11 | B23: 11 | C23: =VLOOKUP(D23,'Mã số nhân viên'!B13:I144,8,0) -> 03465 | D23: T. In Păn | F23: cn | G23: x | H23: x | I23: x | J23: x | K23: x | L23: x | M23: cn | N23: tt | O23: x | S23: x | T23: cn | U23: x | V23: x | W23: x | X23: x | Y23: x | Z23: x | AA23: cn | AB23: x | AC23: x | AD23: x | AE23: x | AF23: x | AH23: cn | AI23: x | AK23: =SUM(COUNTIF(F23:AJ23,"x")) -> 20 | AL23: =SUM(COUNTIF(F23:AJ23,"cn")) -> 5 | AM23: =SUM(COUNTIF(F23:AJ23,"đ")) -> 0 | AN23: =SUM(COUNTIF(F23:AJ23,"đc")) -> 0 | AO23: =SUM(COUNTIF(F23:AJ23,"gt")) -> 0 | AP23: =SUM(COUNTIF(F23:AJ23,"ct")) -> 0 | AQ23: =AK23+AL23+AM23+AN23+AO23+AP23 -> 25 | AS23: ='Mã số nhân viên'!I14 -> 03466 | AT23: =C24-AS23 -> 0
A24: 12 | B24: 12 | C24: =VLOOKUP(D24,'Mã số nhân viên'!B14:I145,8,0) -> 03466 | D24: N. Keo | F24: cn | G24: x | H24: x | I24: x | J24: x | K24: x | L24: x | M24: cn | N24: x | O24: x | P24: x | S24: x | T24: cn | U24: x | V24: x | W24: x | X24: x | Y24: x | Z24: x | AA24: cn | AB24: x | AC24: x | AD24: x | AE24: x | AF24: x | AG24: x | AH24: cn | AI24: x | AK24: =SUM(COUNTIF(F24:AJ24,"x")) -> 23 | AL24: =SUM(COUNTIF(F24:AJ24,"cn")) -> 5 | AM24: =SUM(COUNTIF(F24:AJ24,"đ")) -> 0 | AN24: =SUM(COUNTIF(F24:AJ24,"đc")) -> 0 | AO24: =SUM(COUNTIF(F24:AJ24,"gt")) -> 0 | AP24: =SUM(COUNTIF(F24:AJ24,"ct")) -> 0 | AQ24: =AK24+AL24+AM24+AN24+AO24+AP24 -> 28 | AS24: ='Mã số nhân viên'!I15 -> 02727 | AT24: =C25-AS24 -> 0
A25: 13 | B25: 13 | C25: =VLOOKUP(D25,'Mã số nhân viên'!B15:I146,8,0) -> 02727 | D25: T. Thong Đon | F25: cn | G25: x | H25: x | I25: x | J25: x | K25: x | L25: x | M25: cn | N25: x | O25: x | P25: x | S25: x | T25: cn | W25: x | X25: x | Y25: x | Z25: x | AA25: cn | AB25: x | AC25: x | AD25: x | AE25: x | AF25: x | AH25: cn | AI25: x | AK25: =SUM(COUNTIF(F25:AJ25,"x")) -> 20 | AL25: =SUM(COUNTIF(F25:AJ25,"cn")) -> 5 | AM25: =SUM(COUNTIF(F25:AJ25,"đ")) -> 0 | AN25: =SUM(COUNTIF(F25:AJ25,"đc")) -> 0 | AO25: =SUM(COUNTIF(F25:AJ25,"gt")) -> 0 | AP25: =SUM(COUNTIF(F25:AJ25,"ct")) -> 0 | AQ25: =AK25+AL25+AM25+AN25+AO25+AP25 -> 25 | AS25: ='Mã số nhân viên'!I16 -> 03467 | AT25: =C26-AS25 -> 0
A26: 14 | B26: 14 | C26: =VLOOKUP(D26,'Mã số nhân viên'!B16:I147,8,0) -> 03467 | D26: T. Hin | F26: cn | G26: x | H26: x | I26: x | J26: x | K26: x | L26: x | M26: cn | N26: x | O26: x | P26: x | S26: x | T26: cn | U26: x | V26: x | W26: x | X26: x | Y26: x | Z26: x | AA26: cn | AB26: x | AC26: x | AD26: x | AE26: x | AF26: x | AH26: cn | AI26: x | AK26: =SUM(COUNTIF(F26:AJ26,"x")) -> 22 | AL26: =SUM(COUNTIF(F26:AJ26,"cn")) -> 5 | AM26: =SUM(COUNTIF(F26:AJ26,"đ")) -> 0 | AN26: =SUM(COUNTIF(F26:AJ26,"đc")) -> 0 | AO26: =SUM(COUNTIF(F26:AJ26,"gt")) -> 0 | AP26: =SUM(COUNTIF(F26:AJ26,"ct")) -> 0 | AQ26: =AK26+AL26+AM26+AN26+AO26+AP26 -> 27 | AS26: ='Mã số nhân viên'!I17 -> 04056 | AT26: =C27-AS26 -> 0
A27: 15 | B27: 15 | C27: =VLOOKUP(D27,'Mã số nhân viên'!B17:I148,8,0) -> 04056 | D27: N. Ly Phon | F27: cn | G27: x | H27: x | I27: x | J27: x | K27: x | L27: x | M27: cn | N27: x | O27: x | P27: x | S27: x | V27: x | W27: tt | X27: tt | Y27: x | Z27: x | AA27: cn | AC27: x | AD27: x | AE27: x | AF27: x | AG27: x | AH27: cn | AI27: x | AK27: =SUM(COUNTIF(F27:AJ27,"x")) -> 19 | AL27: =SUM(COUNTIF(F27:AJ27,"cn")) -> 4 | AM27: =SUM(COUNTIF(F27:AJ27,"đ")) -> 0 | AN27: =SUM(COUNTIF(F27:AJ27,"đc")) -> 0 | AO27: =SUM(COUNTIF(F27:AJ27,"gt")) -> 0 | AP27: =SUM(COUNTIF(F27:AJ27,"ct")) -> 0 | AQ27: =AK27+AL27+AM27+AN27+AO27+AP27 -> 23 | AS27: ='Mã số nhân viên'!I18 -> 03469 | AT27: =C28-AS27 -> 0
A28: 16 | B28: 16 | C28: =VLOOKUP(D28,'Mã số nhân viên'!B18:I149,8,0) -> 03469 | D28: T. Xôm Va Nít | F28: cn | G28: x | H28: x | I28: x | J28: x | K28: x | L28: x | M28: cn | N28: x | O28: x | P28: x | S28: x | T28: cn | U28: x | V28: x | W28: x | X28: x | Y28: x | Z28: x | AA28: cn | AB28: x | AC28: x | AD28: x | AE28: x | AF28: x | AG28: x | AH28: cn | AI28: x | AK28: =SUM(COUNTIF(F28:AJ28,"x")) -> 23 | AL28: =SUM(COUNTIF(F28:AJ28,"cn")) -> 5 | AM28: =SUM(COUNTIF(F28:AJ28,"đ")) -> 0 | AN28: =SUM(COUNTIF(F28:AJ28,"đc")) -> 0 | AO28: =SUM(COUNTIF(F28:AJ28,"gt")) -> 0 | AP28: =SUM(COUNTIF(F28:AJ28,"ct")) -> 0 | AQ28: =AK28+AL28+AM28+AN28+AO28+AP28 -> 28 | AS28: ='Mã số nhân viên'!I19 -> 03470 | AT28: =C29-AS28 -> 0
A29: 17 | B29: 17 | C29: =VLOOKUP(D29,'Mã số nhân viên'!B19:I150,8,0) -> 03470 | D29: T. Lọi | F29: cn | G29: x | H29: x | I29: x | J29: x | K29: x | L29: x | M29: cn | N29: tt | O29: tt | S29: tt | T29: tt | U29: x | V29: x | W29: x | X29: x | Y29: x | Z29: x | AA29: cn | AB29: x | AC29: x | AD29: x | AE29: x | AF29: x | AG29: x | AH29: cn | AI29: x | AK29: =SUM(COUNTIF(F29:AJ29,"x")) -> 19 | AL29: =SUM(COUNTIF(F29:AJ29,"cn")) -> 4 | AM29: =SUM(COUNTIF(F29:AJ29,"đ")) -> 0 | AN29: =SUM(COUNTIF(F29:AJ29,"đc")) -> 0 | AO29: =SUM(COUNTIF(F29:AJ29,"gt")) -> 0 | AP29: =SUM(COUNTIF(F29:AJ29,"ct")) -> 0 | AQ29: =AK29+AL29+AM29+AN29+AO29+AP29 -> 23 | AS29: ='Mã số nhân viên'!I20 -> 03471 | AT29: =C30-AS29 -> 0
A30: 18 | B30: 18 | C30: =VLOOKUP(D30,'Mã số nhân viên'!B20:I151,8,0) -> 03471 | D30: T. Phô Thong | F30: cn | G30: x | H30: x | I30: x | J30: x | K30: x | L30: x | M30: cn | N30: x | O30: x | P30: x | S30: x | T30: cn | U30: x | V30: x | W30: x | X30: x | Y30: x | Z30: x | AA30: cn | AB30: x | AC30: x | AD30: x | AE30: x | AF30: x | AG30: x | AH30: cn | AI30: x | AK30: =SUM(COUNTIF(F30:AJ30,"x")) -> 23 | AL30: =SUM(COUNTIF(F30:AJ30,"cn")) -> 5 | AM30: =SUM(COUNTIF(F30:AJ30,"đ")) -> 0 | AN30: =SUM(COUNTIF(F30:AJ30,"đc")) -> 0 | AO30: =SUM(COUNTIF(F30:AJ30,"gt")) -> 0 | AP30: =SUM(COUNTIF(F30:AJ30,"ct")) -> 0 | AQ30: =AK30+AL30+AM30+AN30+AO30+AP30 -> 28 | AS30: ='Mã số nhân viên'!I21 -> 03472 | AT30: =C31-AS30 -> 0
A31: 19 | B31: 19 | C31: =VLOOKUP(D31,'Mã số nhân viên'!B21:I152,8,0) -> 03472 | D31: N. Soi | F31: cn | G31: x | H31: x | I31: x | J31: x | K31: x | L31: x | M31: cn | N31: x | P31: x | T31: cn | U31: x | V31: tt | W31: x | X31: x | Y31: x | Z31: x | AA31: cn | AB31: x | AC31: x | AD31: x | AE31: x | AF31: x | AG31: x | AH31: cn | AI31: x | AK31: =SUM(COUNTIF(F31:AJ31,"x")) -> 20 | AL31: =SUM(COUNTIF(F31:AJ31,"cn")) -> 5 | AM31: =SUM(COUNTIF(F31:AJ31,"đ")) -> 0 | AN31: =SUM(COUNTIF(F31:AJ31,"đc")) -> 0 | AO31: =SUM(COUNTIF(F31:AJ31,"gt")) -> 0 | AP31: =SUM(COUNTIF(F31:AJ31,"ct")) -> 0 | AQ31: =AK31+AL31+AM31+AN31+AO31+AP31 -> 25 | AS31: ='Mã số nhân viên'!I22 -> 03473 | AT31: =C32-AS31 -> 0
A32: 20 | B32: 20 | C32: =VLOOKUP(D32,'Mã số nhân viên'!B22:I153,8,0) -> 03473 | D32: N. Me Kha La | F32: cn | G32: x | H32: x | I32: x | J32: x | K32: x | L32: x | M32: cn | N32: x | O32: x | P32: x | R32: x | S32: x | T32: cn | W32: tt | X32: tt | Y32: tt | Z32: x | AA32: cn | AB32: x | AC32: x | AD32: x | AE32: x | AF32: x | AG32: x | AH32: cn | AI32: x | AK32: =SUM(COUNTIF(F32:AJ32,"x")) -> 19 | AL32: =SUM(COUNTIF(F32:AJ32,"cn")) -> 5 | AM32: =SUM(COUNTIF(F32:AJ32,"đ")) -> 0 | AN32: =SUM(COUNTIF(F32:AJ32,"đc")) -> 0 | AO32: =SUM(COUNTIF(F32:AJ32,"gt")) -> 0 | AP32: =SUM(COUNTIF(F32:AJ32,"ct")) -> 0 | AQ32: =AK32+AL32+AM32+AN32+AO32+AP32 -> 24 | AS32: ='Mã số nhân viên'!I23 -> 03474 | AT32: =C33-AS32 -> 0
A33: 21 | B33: 21 | C33: =VLOOKUP(D33,'Mã số nhân viên'!B23:I154,8,0) -> 03474 | D33: N. Mon Khăm | F33: cn | G33: x | H33: x | I33: x | J33: x | K33: x | L33: x | M33: cn | N33: x | O33: x | P33: x | S33: x | T33: cn | U33: x | V33: x | W33: x | X33: x | Y33: x | Z33: x | AA33: cn | AB33: x | AC33: x | AD33: x | AE33: x | AF33: x | AG33: tt | AH33: cn | AI33: x | AK33: =SUM(COUNTIF(F33:AJ33,"x")) -> 22 | AL33: =SUM(COUNTIF(F33:AJ33,"cn")) -> 5 | AM33: =SUM(COUNTIF(F33:AJ33,"đ")) -> 0 | AN33: =SUM(COUNTIF(F33:AJ33,"đc")) -> 0 | AO33: =SUM(COUNTIF(F33:AJ33,"gt")) -> 0 | AP33: =SUM(COUNTIF(F33:AJ33,"ct")) -> 0 | AQ33: =AK33+AL33+AM33+AN33+AO33+AP33 -> 27 | AS33: ='Mã số nhân viên'!I24 -> 04057 | AT33: =C34-AS33 -> 0
A34: 22 | B34: 22 | C34: =VLOOKUP(D34,'Mã số nhân viên'!B24:I155,8,0) -> 04057 | D34: N. Bua Lay | F34: cn | G34: x | H34: x | I34: x | J34: x | K34: x | L34: x | M34: cn | N34: x | O34: x | P34: x | S34: x | T34: cn | U34: x | V34: x | W34: x | X34: x | Y34: x | Z34: x | AA34: cn | AB34: x | AC34: x | AD34: x | AE34: x | AF34: x | AG34: x | AH34: cn | AI34: x | AK34: =SUM(COUNTIF(F34:AJ34,"x")) -> 23 | AL34: =SUM(COUNTIF(F34:AJ34,"cn")) -> 5 | AM34: =SUM(COUNTIF(F34:AJ34,"đ")) -> 0 | AN34: =SUM(COUNTIF(F34:AJ34,"đc")) -> 0 | AO34: =SUM(COUNTIF(F34:AJ34,"gt")) -> 0 | AP34: =SUM(COUNTIF(F34:AJ34,"ct")) -> 0 | AQ34: =AK34+AL34+AM34+AN34+AO34+AP34 -> 28 | AS34: ='Mã số nhân viên'!I25 -> 03476 | AT34: =C35-AS34 -> 0
A35: 23 | B35: 23 | C35: =VLOOKUP(D35,'Mã số nhân viên'!B25:I156,8,0) -> 03476 | D35: T. Bin Ly. | F35: cn | G35: x | H35: x | I35: x | J35: x | K35: x | L35: x | M35: cn | N35: x | O35: x | P35: x | S35: x | T35: cn | U35: x | V35: x | W35: x | X35: x | Y35: x | Z35: x | AA35: cn | AB35: x | AC35: x | AD35: x | AE35: x | AF35: x | AG35: tt | AH35: cn | AK35: =SUM(COUNTIF(F35:AJ35,"x")) -> 21 | AL35: =SUM(COUNTIF(F35:AJ35,"cn")) -> 5 | AM35: =SUM(COUNTIF(F35:AJ35,"đ")) -> 0 | AN35: =SUM(COUNTIF(F35:AJ35,"đc")) -> 0 | AO35: =SUM(COUNTIF(F35:AJ35,"gt")) -> 0 | AP35: =SUM(COUNTIF(F35:AJ35,"ct")) -> 0 | AQ35: =AK35+AL35+AM35+AN35+AO35+AP35 -> 26 | AS35: ='Mã số nhân viên'!I26 -> 03477 | AT35: =C36-AS35 -> 0
A36: 24 | B36: 24 | C36: =VLOOKUP(D36,'Mã số nhân viên'!B26:I157,8,0) -> 03477 | D36: N. Phim Phon. | F36: cn | G36: x | H36: x | I36: x | J36: x | K36: x | L36: x | M36: cn | N36: x | O36: x | P36: x | S36: x | T36: cn | U36: x | V36: x | W36: x | X36: x | Y36: x | Z36: x | AA36: cn | AB36: x | AC36: x | AD36: x | AE36: x | AF36: x | AG36: x | AH36: cn | AI36: x | AK36: =SUM(COUNTIF(F36:AJ36,"x")) -> 23 | AL36: =SUM(COUNTIF(F36:AJ36,"cn")) -> 5 | AM36: =SUM(COUNTIF(F36:AJ36,"đ")) -> 0 | AN36: =SUM(COUNTIF(F36:AJ36,"đc")) -> 0 | AO36: =SUM(COUNTIF(F36:AJ36,"gt")) -> 0 | AP36: =SUM(COUNTIF(F36:AJ36,"ct")) -> 0 | AQ36: =AK36+AL36+AM36+AN36+AO36+AP36 -> 28 | AS36: ='Mã số nhân viên'!I27 -> 03478 | AT36: =C37-AS36 -> 0
A37: 25 | B37: 25 | C37: =VLOOKUP(D37,'Mã số nhân viên'!B27:I158,8,0) -> 03478 | D37: N. Nong | F37: cn | G37: x | H37: x | I37: x | J37: x | K37: x | L37: x | M37: cn | N37: x | O37: x | P37: x | S37: x | T37: cn | U37: x | V37: x | W37: x | X37: x | Y37: x | Z37: x | AA37: cn | AB37: x | AC37: x | AD37: tt | AE37: x | AF37: tt | AH37: cn | AI37: x | AK37: =SUM(COUNTIF(F37:AJ37,"x")) -> 20 | AL37: =SUM(COUNTIF(F37:AJ37,"cn")) -> 5 | AM37: =SUM(COUNTIF(F37:AJ37,"đ")) -> 0 | AN37: =SUM(COUNTIF(F37:AJ37,"đc")) -> 0 | AO37: =SUM(COUNTIF(F37:AJ37,"gt")) -> 0 | AP37: =SUM(COUNTIF(F37:AJ37,"ct")) -> 0 | AQ37: =AK37+AL37+AM37+AN37+AO37+AP37 -> 25 | AS37: ='Mã số nhân viên'!I28 -> 03479 | AT37: =C38-AS37 -> 0
A38: 26 | B38: 26 | C38: =VLOOKUP(D38,'Mã số nhân viên'!B28:I159,8,0) -> 03479 | D38: N. Tun 1 | F38: cn | G38: x | H38: x | I38: tt | J38: tt | K38: tt | L38: x | M38: cn | N38: x | O38: x | P38: x | S38: x | T38: cn | U38: x | V38: x | W38: x | X38: x | Y38: x | Z38: x | AA38: cn | AB38: x | AC38: x | AD38: x | AE38: x | AF38: x | AG38: x | AH38: cn | AI38: x | AK38: =SUM(COUNTIF(F38:AJ38,"x")) -> 20 | AL38: =SUM(COUNTIF(F38:AJ38,"cn")) -> 5 | AM38: =SUM(COUNTIF(F38:AJ38,"đ")) -> 0 | AN38: =SUM(COUNTIF(F38:AJ38,"đc")) -> 0 | AO38: =SUM(COUNTIF(F38:AJ38,"gt")) -> 0 | AP38: =SUM(COUNTIF(F38:AJ38,"ct")) -> 0 | AQ38: =AK38+AL38+AM38+AN38+AO38+AP38 -> 25 | AS38: ='Mã số nhân viên'!I29 -> 03480 | AT38: =C39-AS38 -> 0
A39: 27 | B39: 27 | C39: =VLOOKUP(D39,'Mã số nhân viên'!B29:I160,8,0) -> 03480 | D39: T . Lốc | F39: cn | G39: x | H39: x | I39: tt | J39: tt | K39: tt | L39: x | M39: cn | N39: x | O39: x | P39: x | S39: x | T39: cn | U39: x | V39: x | W39: x | X39: x | Y39: x | Z39: x | AA39: cn | AB39: x | AC39: x | AD39: x | AE39: x | AF39: x | AG39: x | AH39: cn | AI39: x | AK39: =SUM(COUNTIF(F39:AJ39,"x")) -> 20 | AL39: =SUM(COUNTIF(F39:AJ39,"cn")) -> 5 | AM39: =SUM(COUNTIF(F39:AJ39,"đ")) -> 0 | AN39: =SUM(COUNTIF(F39:AJ39,"đc")) -> 0 | AO39: =SUM(COUNTIF(F39:AJ39,"gt")) -> 0 | AP39: =SUM(COUNTIF(F39:AJ39,"ct")) -> 0 | AQ39: =AK39+AL39+AM39+AN39+AO39+AP39 -> 25 | AS39: ='Mã số nhân viên'!I30 -> 03481 | AT39: =C40-AS39 -> 0
A40: 28 | B40: 28 | C40: =VLOOKUP(D40,'Mã số nhân viên'!B30:I161,8,0) -> 03481 | D40: N . Khâm (1) | F40: cn | G40: x | H40: x | I40: x | J40: x | K40: x | L40: x | M40: cn | N40: x | O40: x | S40: x | T40: cn | U40: x | V40: x | W40: x | X40: x | Y40: x | Z40: x | AA40: cn | AB40: x | AC40: x | AD40: x | AE40: x | AF40: x | AG40: x | AH40: cn | AI40: x | AK40: =SUM(COUNTIF(F40:AJ40,"x")) -> 22 | AL40: =SUM(COUNTIF(F40:AJ40,"cn")) -> 5 | AM40: =SUM(COUNTIF(F40:AJ40,"đ")) -> 0 | AN40: =SUM(COUNTIF(F40:AJ40,"đc")) -> 0 | AO40: =SUM(COUNTIF(F40:AJ40,"gt")) -> 0 | AP40: =SUM(COUNTIF(F40:AJ40,"ct")) -> 0 | AQ40: =AK40+AL40+AM40+AN40+AO40+AP40 -> 27 | AS40: ='Mã số nhân viên'!I31 -> 03482 | AT40: =C41-AS40 -> 0
A41: 29 | B41: 29 | C41: =VLOOKUP(D41,'Mã số nhân viên'!B31:I162,8,0) -> 03482 | D41: T . Phết | F41: cn | G41: x | H41: x | I41: x | J41: x | K41: x | L41: x | M41: cn | N41: x | O41: x | S41: x | T41: cn | U41: x | V41: x | W41: x | X41: x | Y41: x | Z41: x | AA41: cn | AB41: x | AC41: x | AD41: x | AE41: x | AF41: x | AG41: x | AH41: cn | AI41: x | AK41: =SUM(COUNTIF(F41:AJ41,"x")) -> 22 | AL41: =SUM(COUNTIF(F41:AJ41,"cn")) -> 5 | AM41: =SUM(COUNTIF(F41:AJ41,"đ")) -> 0 | AN41: =SUM(COUNTIF(F41:AJ41,"đc")) -> 0 | AO41: =SUM(COUNTIF(F41:AJ41,"gt")) -> 0 | AP41: =SUM(COUNTIF(F41:AJ41,"ct")) -> 0 | AQ41: =AK41+AL41+AM41+AN41+AO41+AP41 -> 27 | AS41: ='Mã số nhân viên'!I32 -> 03483 | AT41: =C42-AS41 -> 0
A42: 30 | B42: 30 | C42: =VLOOKUP(D42,'Mã số nhân viên'!B32:I163,8,0) -> 03483 | D42: T. Viêng Sa Văn | F42: cn | G42: x | H42: x | I42: x | J42: x | K42: x | L42: x | M42: cn | N42: x | O42: x | P42: x | S42: x | T42: cn | U42: x | V42: x | W42: x | X42: x | Y42: x | Z42: x | AA42: cn | AB42: x | AC42: x | AD42: x | AE42: x | AF42: x | AG42: tt | AH42: cn | AI42: x | AK42: =SUM(COUNTIF(F42:AJ42,"x")) -> 22 | AL42: =SUM(COUNTIF(F42:AJ42,"cn")) -> 5 | AM42: =SUM(COUNTIF(F42:AJ42,"đ")) -> 0 | AN42: =SUM(COUNTIF(F42:AJ42,"đc")) -> 0 | AO42: =SUM(COUNTIF(F42:AJ42,"gt")) -> 0 | AP42: =SUM(COUNTIF(F42:AJ42,"ct")) -> 0 | AQ42: =AK42+AL42+AM42+AN42+AO42+AP42 -> 27 | AS42: ='Mã số nhân viên'!I33 -> 03484 | AT42: =C43-AS42 -> 0
A43: 31 | B43: 31 | C43: =VLOOKUP(D43,'Mã số nhân viên'!B33:I164,8,0) -> 03484 | D43: T. Ca Te | F43: cn | G43: x | H43: x | I43: x | J43: x | K43: x | L43: x | M43: cn | N43: x | O43: x | P43: x | S43: x | T43: cn | U43: x | V43: x | W43: x | X43: x | Y43: x | Z43: x | AA43: cn | AB43: x | AC43: x | AD43: tt | AE43: tt | AF43: tt | AG43: tt | AH43: tt | AI43: tt | AK43: =SUM(COUNTIF(F43:AJ43,"x")) -> 18 | AL43: =SUM(COUNTIF(F43:AJ43,"cn")) -> 4 | AM43: =SUM(COUNTIF(F43:AJ43,"đ")) -> 0 | AN43: =SUM(COUNTIF(F43:AJ43,"đc")) -> 0 | AO43: =SUM(COUNTIF(F43:AJ43,"gt")) -> 0 | AP43: =SUM(COUNTIF(F43:AJ43,"ct")) -> 0 | AQ43: =AK43+AL43+AM43+AN43+AO43+AP43 -> 22 | AS43: ='Mã số nhân viên'!I34 -> 03485 | AT43: =C44-AS43 -> 0
A44: 32 | B44: 32 | C44: =VLOOKUP(D44,'Mã số nhân viên'!B34:I165,8,0) -> 03485 | D44: T. Lâm Phon | F44: cn | G44: x | H44: x | I44: x | J44: x | K44: x | L44: x | M44: cn | N44: x | O44: x | P44: x | S44: x | T44: cn | U44: x | W44: x | X44: x | Y44: x | Z44: x | AA44: cn | AB44: x | AC44: x | AD44: tt | AE44: tt | AF44: x | AG44: x | AH44: cn | AI44: x | AK44: =SUM(COUNTIF(F44:AJ44,"x")) -> 20 | AL44: =SUM(COUNTIF(F44:AJ44,"cn")) -> 5 | AM44: =SUM(COUNTIF(F44:AJ44,"đ")) -> 0 | AN44: =SUM(COUNTIF(F44:AJ44,"đc")) -> 0 | AO44: =SUM(COUNTIF(F44:AJ44,"gt")) -> 0 | AP44: =SUM(COUNTIF(F44:AJ44,"ct")) -> 0 | AQ44: =AK44+AL44+AM44+AN44+AO44+AP44 -> 25 | AS44: ='Mã số nhân viên'!I35 -> 02712 | AT44: =C45-AS44 -> 0
A45: 33 | B45: 33 | C45: =VLOOKUP(D45,'Mã số nhân viên'!B35:I166,8,0) -> 02712 | D45: T. Sô Đa | F45: cn | G45: x | H45: x | I45: x | J45: x | K45: x | L45: x | M45: cn | N45: x | O45: x | P45: x | S45: x | T45: cn | U45: x | V45: x | W45: x | X45: x | Y45: x | Z45: x | AA45: cn | AB45: x | AC45: x | AD45: x | AE45: x | AF45: x | AG45: x | AH45: cn | AI45: x | AK45: =SUM(COUNTIF(F45:AJ45,"x")) -> 23 | AL45: =SUM(COUNTIF(F45:AJ45,"cn")) -> 5 | AM45: =SUM(COUNTIF(F45:AJ45,"đ")) -> 0 | AN45: =SUM(COUNTIF(F45:AJ45,"đc")) -> 0 | AO45: =SUM(COUNTIF(F45:AJ45,"gt")) -> 0 | AP45: =SUM(COUNTIF(F45:AJ45,"ct")) -> 0 | AQ45: =AK45+AL45+AM45+AN45+AO45+AP45 -> 28 | AS45: ='Mã số nhân viên'!I36 -> 02722 | AT45: =C46-AS45 -> 0
A46: 34 | B46: 34 | C46: =VLOOKUP(D46,'Mã số nhân viên'!B36:I167,8,0) -> 02722 | D46: T. Phu Ngân | F46: cn | G46: x | H46: x | I46: x | J46: x | K46: x | L46: x | M46: cn | N46: x | O46: x | P46: x | S46: x | T46: cn | U46: x | V46: x | W46: x | X46: x | Y46: x | Z46: x | AA46: cn | AC46: x | AD46: x | AE46: x | AF46: x | AG46: x | AH46: cn | AI46: x | AK46: =SUM(COUNTIF(F46:AJ46,"x")) -> 22 | AL46: =SUM(COUNTIF(F46:AJ46,"cn")) -> 5 | AM46: =SUM(COUNTIF(F46:AJ46,"đ")) -> 0 | AN46: =SUM(COUNTIF(F46:AJ46,"đc")) -> 0 | AO46: =SUM(COUNTIF(F46:AJ46,"gt")) -> 0 | AP46: =SUM(COUNTIF(F46:AJ46,"ct")) -> 0 | AQ46: =AK46+AL46+AM46+AN46+AO46+AP46 -> 27 | AS46: ='Mã số nhân viên'!I37 -> 02714 | AT46: =C47-AS46 -> 0
A47: 35 | B47: 35 | C47: =VLOOKUP(D47,'Mã số nhân viên'!B37:I168,8,0) -> 02714 | D47: N. Tủn | F47: cn | G47: x | H47: x | I47: x | J47: x | K47: x | L47: x | M47: cn | N47: x | O47: x | P47: x | S47: x | T47: cn | U47: x | V47: tt | W47: x | X47: x | Y47: x | Z47: x | AA47: cn | AB47: x | AC47: x | AD47: x | AE47: x | AF47: x | AH47: cn | AI47: x | AK47: =SUM(COUNTIF(F47:AJ47,"x")) -> 21 | AL47: =SUM(COUNTIF(F47:AJ47,"cn")) -> 5 | AM47: =SUM(COUNTIF(F47:AJ47,"đ")) -> 0 | AN47: =SUM(COUNTIF(F47:AJ47,"đc")) -> 0 | AO47: =SUM(COUNTIF(F47:AJ47,"gt")) -> 0 | AP47: =SUM(COUNTIF(F47:AJ47,"ct")) -> 0 | AQ47: =AK47+AL47+AM47+AN47+AO47+AP47 -> 26 | AS47: ='Mã số nhân viên'!I38 -> 02713 | AT47: =C48-AS47 -> 0
A48: 36 | B48: 36 | C48: =VLOOKUP(D48,'Mã số nhân viên'!B38:I169,8,0) -> 02713 | D48: T. Lung | F48: cn | G48: x | H48: x | I48: x | J48: x | K48: x | L48: x | M48: cn | N48: x | O48: x | P48: x | S48: x | T48: cn | U48: x | W48: x | X48: x | Y48: x | Z48: x | AA48: cn | AB48: x | AC48: x | AD48: x | AE48: x | AF48: x | AH48: cn | AI48: x | AK48: =SUM(COUNTIF(F48:AJ48,"x")) -> 21 | AL48: =SUM(COUNTIF(F48:AJ48,"cn")) -> 5 | AM48: =SUM(COUNTIF(F48:AJ48,"đ")) -> 0 | AN48: =SUM(COUNTIF(F48:AJ48,"đc")) -> 0 | AO48: =SUM(COUNTIF(F48:AJ48,"gt")) -> 0 | AP48: =SUM(COUNTIF(F48:AJ48,"ct")) -> 0 | AQ48: =AK48+AL48+AM48+AN48+AO48+AP48 -> 26 | AS48: ='Mã số nhân viên'!I39 -> 04058 | AT48: =C49-AS48 -> 0
A49: 37 | B49: 37 | C49: =VLOOKUP(D49,'Mã số nhân viên'!B39:I170,8,0) -> 04058 | D49: T. Bi Ly (2) | F49: cn | G49: x | H49: x | I49: x | J49: x | K49: x | L49: x | M49: cn | N49: x | O49: x | P49: x | S49: x | T49: cn | V49: tt | W49: x | X49: x | Y49: x | Z49: x | AA49: cn | AB49: x | AC49: x | AD49: x | AE49: x | AF49: x | AG49: x | AH49: cn | AI49: x | AK49: =SUM(COUNTIF(F49:AJ49,"x")) -> 21 | AL49: =SUM(COUNTIF(F49:AJ49,"cn")) -> 5 | AM49: =SUM(COUNTIF(F49:AJ49,"đ")) -> 0 | AN49: =SUM(COUNTIF(F49:AJ49,"đc")) -> 0 | AO49: =SUM(COUNTIF(F49:AJ49,"gt")) -> 0 | AP49: =SUM(COUNTIF(F49:AJ49,"ct")) -> 0 | AQ49: =AK49+AL49+AM49+AN49+AO49+AP49 -> 26 | AS49: ='Mã số nhân viên'!I40 -> 03487 | AT49: =C50-AS49 -> 0
A50: 38 | B50: 38 | C50: =VLOOKUP(D50,'Mã số nhân viên'!B40:I171,8,0) -> 03487 | D50: N. Ba Say | F50: cn | G50: x | H50: x | I50: x | J50: x | K50: x | L50: x | M50: cn | N50: x | O50: x | P50: x | T50: cn | U50: x | V50: x | W50: x | X50: x | Y50: x | Z50: x | AA50: cn | AB50: x | AC50: x | AD50: x | AE50: x | AG50: x | AH50: cn | AI50: x | AK50: =SUM(COUNTIF(F50:AJ50,"x")) -> 21 | AL50: =SUM(COUNTIF(F50:AJ50,"cn")) -> 5 | AM50: =SUM(COUNTIF(F50:AJ50,"đ")) -> 0 | AN50: =SUM(COUNTIF(F50:AJ50,"đc")) -> 0 | AO50: =SUM(COUNTIF(F50:AJ50,"gt")) -> 0 | AP50: =SUM(COUNTIF(F50:AJ50,"ct")) -> 0 | AQ50: =AK50+AL50+AM50+AN50+AO50+AP50 -> 26 | AS50: ='Mã số nhân viên'!I41 -> 03488 | AT50: =C51-AS50 -> 0
A51: 39 | B51: 39 | C51: =VLOOKUP(D51,'Mã số nhân viên'!B41:I172,8,0) -> 03488 | D51: N. Đeng | F51: cn | G51: x | H51: x | I51: x | J51: x | K51: x | L51: x | M51: cn | N51: x | O51: tt | T51: cn | U51: x | V51: x | W51: x | X51: x | Y51: x | Z51: x | AA51: cn | AB51: x | AC51: x | AD51: x | AE51: x | AF51: x | AG51: x | AH51: cn | AI51: x | AK51: =SUM(COUNTIF(F51:AJ51,"x")) -> 20 | AL51: =SUM(COUNTIF(F51:AJ51,"cn")) -> 5 | AM51: =SUM(COUNTIF(F51:AJ51,"đ")) -> 0 | AN51: =SUM(COUNTIF(F51:AJ51,"đc")) -> 0 | AO51: =SUM(COUNTIF(F51:AJ51,"gt")) -> 0 | AP51: =SUM(COUNTIF(F51:AJ51,"ct")) -> 0 | AQ51: =AK51+AL51+AM51+AN51+AO51+AP51 -> 25 | AS51: ='Mã số nhân viên'!I42 -> 03489 | AT51: =C52-AS51 -> 0
A52: 40 | B52: 40 | C52: =VLOOKUP(D52,'Mã số nhân viên'!B42:I173,8,0) -> 03489 | D52: T. Tinh | F52: cn | G52: x | H52: x | I52: x | J52: x | K52: x | L52: x | M52: cn | N52: x | O52: x | P52: x | T52: cn | U52: x | V52: x | W52: x | X52: x | Y52: x | Z52: x | AA52: cn | AB52: x | AC52: x | AD52: x | AE52: x | AF52: x | AG52: x | AH52: cn | AI52: x | AK52: =SUM(COUNTIF(F52:AJ52,"x")) -> 22 | AL52: =SUM(COUNTIF(F52:AJ52,"cn")) -> 5 | AM52: =SUM(COUNTIF(F52:AJ52,"đ")) -> 0 | AN52: =SUM(COUNTIF(F52:AJ52,"đc")) -> 0 | AO52: =SUM(COUNTIF(F52:AJ52,"gt")) -> 0 | AP52: =SUM(COUNTIF(F52:AJ52,"ct")) -> 0 | AQ52: =AK52+AL52+AM52+AN52+AO52+AP52 -> 27 | AS52: ='Mã số nhân viên'!I43 -> 04059 | AT52: =C53-AS52 -> 0
A53: 41 | B53: 41 | C53: =VLOOKUP(D53,'Mã số nhân viên'!B43:I174,8,0) -> 04059 | D53: T. Khăm Pỏi | F53: cn | G53: x | H53: x | I53: x | J53: x | K53: x | L53: x | M53: cn | N53: x | O53: x | P53: x | S53: tt | V53: x | W53: x | X53: x | Y53: x | Z53: x | AA53: cn | AB53: x | AC53: x | AD53: x | AE53: x | AF53: x | AG53: x | AH53: cn | AI53: x | AK53: =SUM(COUNTIF(F53:AJ53,"x")) -> 21 | AL53: =SUM(COUNTIF(F53:AJ53,"cn")) -> 4 | AM53: =SUM(COUNTIF(F53:AJ53,"đ")) -> 0 | AN53: =SUM(COUNTIF(F53:AJ53,"đc")) -> 0 | AO53: =SUM(COUNTIF(F53:AJ53,"gt")) -> 0 | AP53: =SUM(COUNTIF(F53:AJ53,"ct")) -> 0 | AQ53: =AK53+AL53+AM53+AN53+AO53+AP53 -> 25 | AS53: ='Mã số nhân viên'!I44 -> 03491 | AT53: =C54-AS53 -> 0
A54: 42 | B54: 42 | C54: =VLOOKUP(D54,'Mã số nhân viên'!B44:I175,8,0) -> 03491 | D54: Lăm Ngân | F54: cn | G54: x | H54: x | I54: x | J54: x | K54: x | L54: x | M54: cn | N54: x | O54: tt | T54: cn | U54: x | V54: x | W54: x | X54: x | Y54: x | Z54: x | AA54: cn | AB54: x | AC54: x | AD54: x | AE54: x | AF54: x | AG54: x | AH54: cn | AI54: x | AK54: =SUM(COUNTIF(F54:AJ54,"x")) -> 20 | AL54: =SUM(COUNTIF(F54:AJ54,"cn")) -> 5 | AM54: =SUM(COUNTIF(F54:AJ54,"đ")) -> 0 | AN54: =SUM(COUNTIF(F54:AJ54,"đc")) -> 0 | AO54: =SUM(COUNTIF(F54:AJ54,"gt")) -> 0 | AP54: =SUM(COUNTIF(F54:AJ54,"ct")) -> 0 | AQ54: =AK54+AL54+AM54+AN54+AO54+AP54 -> 25 | AS54: ='Mã số nhân viên'!I45 -> 04060 | AT54: =C55-AS54 -> 0
A55: 43 | B55: 43 | C55: =VLOOKUP(D55,'Mã số nhân viên'!B45:I176,8,0) -> 04060 | D55: T. Không | F55: cn | G55: x | H55: x | I55: x | J55: x | K55: x | L55: x | M55: cn | N55: x | O55: x | P55: x | S55: x | T55: cn | U55: x | V55: x | W55: x | X55: x | Y55: x | Z55: x | AA55: cn | AB55: x | AC55: x | AD55: x | AE55: x | AF55: x | AG55: x | AH55: cn | AI55: x | AK55: =SUM(COUNTIF(F55:AJ55,"x")) -> 23 | AL55: =SUM(COUNTIF(F55:AJ55,"cn")) -> 5 | AM55: =SUM(COUNTIF(F55:AJ55,"đ")) -> 0 | AN55: =SUM(COUNTIF(F55:AJ55,"đc")) -> 0 | AO55: =SUM(COUNTIF(F55:AJ55,"gt")) -> 0 | AP55: =SUM(COUNTIF(F55:AJ55,"ct")) -> 0 | AQ55: =AK55+AL55+AM55+AN55+AO55+AP55 -> 28 | AS55: ='Mã số nhân viên'!I46 -> 03492 | AT55: =C56-AS55 -> 0
A56: 44 | B56: 44 | C56: =VLOOKUP(D56,'Mã số nhân viên'!B46:I177,8,0) -> 03492 | D56: T. Lem | F56: cn | G56: x | H56: x | I56: x | J56: x | K56: x | L56: x | M56: cn | N56: x | O56: x | P56: x | R56: x | S56: x | T56: cn | U56: x | V56: x | W56: x | X56: x | Y56: x | Z56: x | AA56: cn | AB56: x | AC56: x | AD56: x | AE56: x | AF56: x | AG56: tt | AH56: cn | AI56: tt | AK56: =SUM(COUNTIF(F56:AJ56,"x")) -> 22 | AL56: =SUM(COUNTIF(F56:AJ56,"cn")) -> 5 | AM56: =SUM(COUNTIF(F56:AJ56,"đ")) -> 0 | AN56: =SUM(COUNTIF(F56:AJ56,"đc")) -> 0 | AO56: =SUM(COUNTIF(F56:AJ56,"gt")) -> 0 | AP56: =SUM(COUNTIF(F56:AJ56,"ct")) -> 0 | AQ56: =AK56+AL56+AM56+AN56+AO56+AP56 -> 27 | AS56: ='Mã số nhân viên'!I47 -> 03493 | AT56: =C57-AS56 -> 0
A57: 45 | B57: 45 | C57: =VLOOKUP(D57,'Mã số nhân viên'!B47:I178,8,0) -> 03493 | D57: T. Pông | F57: cn | G57: x | H57: x | I57: x | J57: x | K57: x | L57: x | M57: cn | N57: x | O57: x | P57: x | S57: x | T57: cn | U57: x | V57: x | W57: x | X57: x | Y57: x | Z57: x | AA57: cn | AC57: x | AD57: x | AE57: x | AF57: x | AG57: x | AH57: cn | AI57: x | AK57: =SUM(COUNTIF(F57:AJ57,"x")) -> 22 | AL57: =SUM(COUNTIF(F57:AJ57,"cn")) -> 5 | AM57: =SUM(COUNTIF(F57:AJ57,"đ")) -> 0 | AN57: =SUM(COUNTIF(F57:AJ57,"đc")) -> 0 | AO57: =SUM(COUNTIF(F57:AJ57,"gt")) -> 0 | AP57: =SUM(COUNTIF(F57:AJ57,"ct")) -> 0 | AQ57: =AK57+AL57+AM57+AN57+AO57+AP57 -> 27 | AS57: ='Mã số nhân viên'!I48 -> 03496 | AT57: =C58-AS57 -> 0
A58: 46 | B58: 46 | C58: =VLOOKUP(D58,'Mã số nhân viên'!B48:I179,8,0) -> 03496 | D58: T. Lốp | F58: cn | G58: x | H58: x | I58: x | J58: x | K58: x | L58: x | M58: cn | N58: x | O58: x | P58: x | S58: x | T58: cn | U58: x | V58: x | W58: x | X58: x | Y58: x | Z58: x | AA58: cn | AB58: x | AC58: x | AD58: x | AE58: x | AF58: x | AG58: x | AH58: cn | AI58: x | AK58: =SUM(COUNTIF(F58:AJ58,"x")) -> 23 | AL58: =SUM(COUNTIF(F58:AJ58,"cn")) -> 5 | AM58: =SUM(COUNTIF(F58:AJ58,"đ")) -> 0 | AN58: =SUM(COUNTIF(F58:AJ58,"đc")) -> 0 | AO58: =SUM(COUNTIF(F58:AJ58,"gt")) -> 0 | AP58: =SUM(COUNTIF(F58:AJ58,"ct")) -> 0 | AQ58: =AK58+AL58+AM58+AN58+AO58+AP58 -> 28 | AS58: ='Mã số nhân viên'!I49 -> 04061 | AT58: =C59-AS58 -> 0
A59: 47 | B59: 47 | C59: =VLOOKUP(D59,'Mã số nhân viên'!B49:I180,8,0) -> 04061 | D59: N. Nu Ni | F59: cn | G59: x | H59: x | I59: x | J59: x | K59: x | L59: x | M59: cn | N59: x | O59: x | P59: x | S59: x | T59: cn | U59: x | V59: x | W59: x | X59: x | Y59: x | Z59: x | AA59: cn | AB59: x | AC59: x | AD59: x | AE59: x | AF59: x | AG59: x | AH59: cn | AI59: x | AK59: =SUM(COUNTIF(F59:AJ59,"x")) -> 23 | AL59: =SUM(COUNTIF(F59:AJ59,"cn")) -> 5 | AM59: =SUM(COUNTIF(F59:AJ59,"đ")) -> 0 | AN59: =SUM(COUNTIF(F59:AJ59,"đc")) -> 0 | AO59: =SUM(COUNTIF(F59:AJ59,"gt")) -> 0 | AP59: =SUM(COUNTIF(F59:AJ59,"ct")) -> 0 | AQ59: =AK59+AL59+AM59+AN59+AO59+AP59 -> 28 | AS59: ='Mã số nhân viên'!I50 -> 03494 | AT59: =C60-AS59 -> 0
A60: 48 | B60: 48 | C60: =VLOOKUP(D60,'Mã số nhân viên'!B50:I181,8,0) -> 03494 | D60: T. Đi | F60: cn | G60: tt | H60: x | I60: x | J60: x | K60: x | L60: x | M60: cn | N60: x | O60: x | P60: x | S60: x | T60: cn | U60: x | V60: x | W60: tt | X60: tt | Y60: tt | Z60: tt | AA60: tt | AB60: tt | AC60: tt | AD60: x | AE60: x | AF60: x | AG60: x | AH60: cn | AI60: x | AK60: =SUM(COUNTIF(F60:AJ60,"x")) -> 16 | AL60: =SUM(COUNTIF(F60:AJ60,"cn")) -> 4 | AM60: =SUM(COUNTIF(F60:AJ60,"đ")) -> 0 | AN60: =SUM(COUNTIF(F60:AJ60,"đc")) -> 0 | AO60: =SUM(COUNTIF(F60:AJ60,"gt")) -> 0 | AP60: =SUM(COUNTIF(F60:AJ60,"ct")) -> 0 | AQ60: =AK60+AL60+AM60+AN60+AO60+AP60 -> 20 | AS60: ='Mã số nhân viên'!I51 -> 03495 | AT60: =C61-AS60 -> 0
A61: 49 | B61: 49 | C61: =VLOOKUP(D61,'Mã số nhân viên'!B51:I182,8,0) -> 03495 | D61: N. On Xi | F61: cn | G61: x | H61: x | I61: x | J61: x | K61: x | L61: x | M61: cn | N61: x | O61: x | P61: x | S61: x | T61: cn | U61: x | V61: x | W61: x | X61: x | Y61: x | Z61: x | AA61: cn | AB61: x | AC61: x | AD61: x | AE61: x | AG61: tt | AH61: cn | AI61: x | AK61: =SUM(COUNTIF(F61:AJ61,"x")) -> 21 | AL61: =SUM(COUNTIF(F61:AJ61,"cn")) -> 5 | AM61: =SUM(COUNTIF(F61:AJ61,"đ")) -> 0 | AN61: =SUM(COUNTIF(F61:AJ61,"đc")) -> 0 | AO61: =SUM(COUNTIF(F61:AJ61,"gt")) -> 0 | AP61: =SUM(COUNTIF(F61:AJ61,"ct")) -> 0 | AQ61: =AK61+AL61+AM61+AN61+AO61+AP61 -> 26 | AS61: ='Mã số nhân viên'!I52 -> 04062 | AT61: =C62-AS61 -> 0
A62: 50 | B62: 50 | C62: =VLOOKUP(D62,'Mã số nhân viên'!B52:I183,8,0) -> 04062 | D62: N. Thông La | F62: cn | G62: x | H62: x | I62: x | J62: x | K62: x | L62: x | M62: cn | N62: x | O62: x | P62: x | S62: x | T62: cn | U62: x | V62: x | W62: x | X62: x | Y62: x | Z62: x | AA62: cn | AB62: x | AC62: x | AD62: x | AE62: x | AF62: x | AG62: x | AH62: cn | AI62: x | AK62: =SUM(COUNTIF(F62:AJ62,"x")) -> 23 | AL62: =SUM(COUNTIF(F62:AJ62,"cn")) -> 5 | AM62: =SUM(COUNTIF(F62:AJ62,"đ")) -> 0 | AN62: =SUM(COUNTIF(F62:AJ62,"đc")) -> 0 | AO62: =SUM(COUNTIF(F62:AJ62,"gt")) -> 0 | AP62: =SUM(COUNTIF(F62:AJ62,"ct")) -> 0 | AQ62: =AK62+AL62+AM62+AN62+AO62+AP62 -> 28 | AS62: ='Mã số nhân viên'!I53 -> 03497 | AT62: =C63-AS62 -> 0
A63: 51 | B63: 51 | C63: =VLOOKUP(D63,'Mã số nhân viên'!B53:I184,8,0) -> 03497 | D63: T. Son Xay | F63: cn | G63: x | H63: x | I63: x | J63: x | K63: x | L63: x | M63: cn | N63: x | O63: x | P63: x | S63: x | T63: cn | U63: x | V63: x | W63: x | X63: x | Y63: x | Z63: x | AA63: cn | AB63: x | AC63: x | AD63: x | AE63: tt | AH63: cn | AI63: x | AK63: =SUM(COUNTIF(F63:AJ63,"x")) -> 20 | AL63: =SUM(COUNTIF(F63:AJ63,"cn")) -> 5 | AM63: =SUM(COUNTIF(F63:AJ63,"đ")) -> 0 | AN63: =SUM(COUNTIF(F63:AJ63,"đc")) -> 0 | AO63: =SUM(COUNTIF(F63:AJ63,"gt")) -> 0 | AP63: =SUM(COUNTIF(F63:AJ63,"ct")) -> 0 | AQ63: =AK63+AL63+AM63+AN63+AO63+AP63 -> 25 | AS63: ='Mã số nhân viên'!I54 -> 03498 | AT63: =C64-AS63 -> 0
A64: 52 | B64: 52 | C64: =VLOOKUP(D64,'Mã số nhân viên'!B54:I185,8,0) -> 03498 | D64: N. Lăm Phay | F64: cn | G64: x | H64: x | I64: x | J64: x | K64: x | L64: x | M64: cn | N64: x | O64: x | P64: x | S64: x | T64: cn | U64: x | V64: x | W64: x | X64: x | Y64: x | Z64: x | AA64: cn | AB64: x | AC64: x | AD64: x | AE64: tt | AG64: x | AH64: cn | AI64: x | AK64: =SUM(COUNTIF(F64:AJ64,"x")) -> 21 | AL64: =SUM(COUNTIF(F64:AJ64,"cn")) -> 5 | AM64: =SUM(COUNTIF(F64:AJ64,"đ")) -> 0 | AN64: =SUM(COUNTIF(F64:AJ64,"đc")) -> 0 | AO64: =SUM(COUNTIF(F64:AJ64,"gt")) -> 0 | AP64: =SUM(COUNTIF(F64:AJ64,"ct")) -> 0 | AQ64: =AK64+AL64+AM64+AN64+AO64+AP64 -> 26 | AS64: ='Mã số nhân viên'!I55 -> 02706 | AT64: =C65-AS64 -> 0
A65: 53 | B65: 53 | C65: =VLOOKUP(D65,'Mã số nhân viên'!B55:I186,8,0) -> 02706 | D65: T. Nhung | F65: cn | G65: x | H65: x | I65: x | J65: x | K65: x | L65: x | M65: cn | N65: x | O65: x | P65: x | S65: x | T65: cn | U65: x | V65: x | W65: x | X65: x | Y65: x | Z65: x | AA65: cn | AB65: x | AC65: tt | AD65: x | AE65: x | AF65: x | AG65: x | AH65: cn | AI65: x | AK65: =SUM(COUNTIF(F65:AJ65,"x")) -> 22 | AL65: =SUM(COUNTIF(F65:AJ65,"cn")) -> 5 | AM65: =SUM(COUNTIF(F65:AJ65,"đ")) -> 0 | AN65: =SUM(COUNTIF(F65:AJ65,"đc")) -> 0 | AO65: =SUM(COUNTIF(F65:AJ65,"gt")) -> 0 | AP65: =SUM(COUNTIF(F65:AJ65,"ct")) -> 0 | AQ65: =AK65+AL65+AM65+AN65+AO65+AP65 -> 27 | AS65: ='Mã số nhân viên'!I56 -> 04063 | AT65: =C66-AS65 -> 0
A66: 54 | B66: 54 | C66: =VLOOKUP(D66,'Mã số nhân viên'!B56:I187,8,0) -> 04063 | D66: T. Khay Khăm | F66: cn | G66: x | H66: x | I66: x | J66: x | K66: x | L66: x | M66: cn | N66: x | O66: x | P66: x | S66: x | T66: cn | U66: x | V66: x | W66: x | X66: x | Y66: x | Z66: x | AA66: tt | AB66: tt | AC66: tt | AD66: tt | AE66: x | AG66: tt | AH66: tt | AI66: x | AK66: =SUM(COUNTIF(F66:AJ66,"x")) -> 18 | AL66: =SUM(COUNTIF(F66:AJ66,"cn")) -> 3 | AM66: =SUM(COUNTIF(F66:AJ66,"đ")) -> 0 | AN66: =SUM(COUNTIF(F66:AJ66,"đc")) -> 0 | AO66: =SUM(COUNTIF(F66:AJ66,"gt")) -> 0 | AP66: =SUM(COUNTIF(F66:AJ66,"ct")) -> 0 | AQ66: =AK66+AL66+AM66+AN66+AO66+AP66 -> 21 | AS66: ='Mã số nhân viên'!I57 -> 04064 | AT66: =C67-AS66 -> 0
A67: 55 | B67: 55 | C67: =VLOOKUP(D67,'Mã số nhân viên'!B57:I188,8,0) -> 04064 | D67: N. Khay Chăn | F67: cn | G67: x | H67: x | I67: x | J67: x | K67: x | L67: x | M67: cn | N67: x | O67: x | P67: x | S67: x | T67: cn | U67: x | V67: x | W67: x | X67: x | Y67: x | Z67: x | AA67: cn | AB67: x | AC67: x | AD67: x | AE67: x | AF67: x | AG67: x | AH67: cn | AI67: x | AK67: =SUM(COUNTIF(F67:AJ67,"x")) -> 23 | AL67: =SUM(COUNTIF(F67:AJ67,"cn")) -> 5 | AM67: =SUM(COUNTIF(F67:AJ67,"đ")) -> 0 | AN67: =SUM(COUNTIF(F67:AJ67,"đc")) -> 0 | AO67: =SUM(COUNTIF(F67:AJ67,"gt")) -> 0 | AP67: =SUM(COUNTIF(F67:AJ67,"ct")) -> 0 | AQ67: =AK67+AL67+AM67+AN67+AO67+AP67 -> 28 | AS67: ='Mã số nhân viên'!I58 -> 03501 | AT67: =C68-AS67 -> 0
A68: 56 | B68: 56 | C68: =VLOOKUP(D68,'Mã số nhân viên'!B58:I189,8,0) -> 03501 | D68: T Dăn | F68: cn | G68: x | H68: x | I68: x | J68: x | K68: x | L68: tt | M68: cn | N68: x | O68: x | P68: x | S68: x | T68: cn | U68: x | V68: x | W68: x | X68: x | Y68: x | Z68: x | AA68: cn | AB68: x | AC68: x | AD68: x | AE68: x | AF68: x | AG68: x | AH68: cn | AI68: x | AK68: =SUM(COUNTIF(F68:AJ68,"x")) -> 22 | AL68: =SUM(COUNTIF(F68:AJ68,"cn")) -> 5 | AM68: =SUM(COUNTIF(F68:AJ68,"đ")) -> 0 | AN68: =SUM(COUNTIF(F68:AJ68,"đc")) -> 0 | AO68: =SUM(COUNTIF(F68:AJ68,"gt")) -> 0 | AP68: =SUM(COUNTIF(F68:AJ68,"ct")) -> 0 | AQ68: =AK68+AL68+AM68+AN68+AO68+AP68 -> 27 | AS68: ='Mã số nhân viên'!I59 -> 03502 | AT68: =C69-AS68 -> 0
A69: 57 | B69: 57 | C69: =VLOOKUP(D69,'Mã số nhân viên'!B59:I190,8,0) -> 03502 | D69: T. Xợt | F69: cn | G69: x | H69: x | I69: x | J69: x | K69: x | L69: x | M69: cn | N69: x | O69: x | P69: x | S69: x | T69: cn | U69: x | V69: x | W69: x | X69: x | Y69: x | Z69: x | AA69: cn | AB69: x | AC69: x | AD69: x | AE69: x | AF69: x | AG69: x | AH69: cn | AI69: x | AK69: =SUM(COUNTIF(F69:AJ69,"x")) -> 23 | AL69: =SUM(COUNTIF(F69:AJ69,"cn")) -> 5 | AM69: =SUM(COUNTIF(F69:AJ69,"đ")) -> 0 | AN69: =SUM(COUNTIF(F69:AJ69,"đc")) -> 0 | AO69: =SUM(COUNTIF(F69:AJ69,"gt")) -> 0 | AP69: =SUM(COUNTIF(F69:AJ69,"ct")) -> 0 | AQ69: =AK69+AL69+AM69+AN69+AO69+AP69 -> 28 | AS69: ='Mã số nhân viên'!I60 -> 04065 | AT69: =C70-AS69 -> 0
A70: 58 | B70: 58 | C70: =VLOOKUP(D70,'Mã số nhân viên'!B60:I191,8,0) -> 04065 | D70: N. Phết 2 | F70: cn | G70: x | H70: x | I70: x | J70: x | K70: x | L70: x | M70: cn | N70: x | O70: x | P70: x | S70: tt | U70: tt | V70: x | W70: x | X70: x | Y70: x | Z70: x | AA70: cn | AB70: x | AC70: x | AD70: x | AE70: x | AF70: x | AG70: x | AH70: cn | AI70: x | AK70: =SUM(COUNTIF(F70:AJ70,"x")) -> 21 | AL70: =SUM(COUNTIF(F70:AJ70,"cn")) -> 4 | AM70: =SUM(COUNTIF(F70:AJ70,"đ")) -> 0 | AN70: =SUM(COUNTIF(F70:AJ70,"đc")) -> 0 | AO70: =SUM(COUNTIF(F70:AJ70,"gt")) -> 0 | AP70: =SUM(COUNTIF(F70:AJ70,"ct")) -> 0 | AQ70: =AK70+AL70+AM70+AN70+AO70+AP70 -> 25 | AS70: ='Mã số nhân viên'!I61 -> 03504 | AT70: =C71-AS70 -> 0
A71: 59 | B71: 59 | C71: =VLOOKUP(D71,'Mã số nhân viên'!B61:I192,8,0) -> 03504 | D71: T. Cạp | F71: cn | G71: x | H71: x | I71: x | J71: x | K71: x | L71: x | M71: cn | N71: x | O71: x | P71: x | S71: x | U71: tt | V71: tt | W71: tt | Y71: x | Z71: x | AA71: cn | AC71: x | AD71: x | AE71: x | AF71: x | AG71: x | AH71: cn | AI71: x | AK71: =SUM(COUNTIF(F71:AJ71,"x")) -> 18 | AL71: =SUM(COUNTIF(F71:AJ71,"cn")) -> 4 | AM71: =SUM(COUNTIF(F71:AJ71,"đ")) -> 0 | AN71: =SUM(COUNTIF(F71:AJ71,"đc")) -> 0 | AO71: =SUM(COUNTIF(F71:AJ71,"gt")) -> 0 | AP71: =SUM(COUNTIF(F71:AJ71,"ct")) -> 0 | AQ71: =AK71+AL71+AM71+AN71+AO71+AP71 -> 22 | AS71: ='Mã số nhân viên'!I62 -> 04066 | AT71: =C72-AS71 -> 0
A72: 60 | B72: 60 | C72: =VLOOKUP(D72,'Mã số nhân viên'!B62:I193,8,0) -> 04066 | D72: T. Toi | F72: cn | G72: x | H72: x | I72: x | J72: x | K72: x | L72: x | M72: cn | N72: x | O72: x | P72: x | U72: tt | W72: x | X72: x | Y72: x | Z72: x | AA72: cn | AB72: x | AC72: x | AD72: x | AE72: x | AF72: x | AG72: x | AH72: cn | AI72: x | AK72: =SUM(COUNTIF(F72:AJ72,"x")) -> 20 | AL72: =SUM(COUNTIF(F72:AJ72,"cn")) -> 4 | AM72: =SUM(COUNTIF(F72:AJ72,"đ")) -> 0 | AN72: =SUM(COUNTIF(F72:AJ72,"đc")) -> 0 | AO72: =SUM(COUNTIF(F72:AJ72,"gt")) -> 0 | AP72: =SUM(COUNTIF(F72:AJ72,"ct")) -> 0 | AQ72: =AK72+AL72+AM72+AN72+AO72+AP72 -> 24 | AS72: ='Mã số nhân viên'!I63 -> 03506 | AT72: =C73-AS72 -> 0
A73: 61 | B73: 61 | C73: =VLOOKUP(D73,'Mã số nhân viên'!B63:I194,8,0) -> 03506 | D73: N. Bua Hom | F73: cn | G73: x | H73: x | I73: x | J73: x | K73: x | L73: x | M73: cn | N73: x | O73: x | P73: x | S73: x | T73: cn | U73: x | V73: x | W73: x | X73: x | Y73: x | Z73: x | AA73: cn | AB73: x | AC73: tt | AD73: x | AE73: x | AF73: x | AG73: x | AH73: tt | AI73: x | AK73: =SUM(COUNTIF(F73:AJ73,"x")) -> 22 | AL73: =SUM(COUNTIF(F73:AJ73,"cn")) -> 4 | AM73: =SUM(COUNTIF(F73:AJ73,"đ")) -> 0 | AN73: =SUM(COUNTIF(F73:AJ73,"đc")) -> 0 | AO73: =SUM(COUNTIF(F73:AJ73,"gt")) -> 0 | AP73: =SUM(COUNTIF(F73:AJ73,"ct")) -> 0 | AQ73: =AK73+AL73+AM73+AN73+AO73+AP73 -> 26 | AS73: ='Mã số nhân viên'!I64 -> 04067 | AT73: =C74-AS73 -> 0
A74: 62 | B74: 62 | C74: =VLOOKUP(D74,'Mã số nhân viên'!B64:I195,8,0) -> 04067 | D74: N. Lăm Phay (2) | F74: cn | G74: x | H74: x | I74: x | J74: x | K74: x | L74: x | M74: cn | N74: x | O74: x | P74: x | S74: x | T74: cn | U74: tt | W74: x | X74: x | Y74: x | Z74: x | AA74: cn | AC74: x | AD74: x | AE74: x | AF74: x | AG74: x | AH74: cn | AI74: x | AK74: =SUM(COUNTIF(F74:AJ74,"x")) -> 20 | AL74: =SUM(COUNTIF(F74:AJ74,"cn")) -> 5 | AM74: =SUM(COUNTIF(F74:AJ74,"đ")) -> 0 | AN74: =SUM(COUNTIF(F74:AJ74,"đc")) -> 0 | AO74: =SUM(COUNTIF(F74:AJ74,"gt")) -> 0 | AP74: =SUM(COUNTIF(F74:AJ74,"ct")) -> 0 | AQ74: =AK74+AL74+AM74+AN74+AO74+AP74 -> 25 | AS74: ='Mã số nhân viên'!I65 -> 03508 | AT74: =C75-AS74 -> 0
A75: 63 | B75: 63 | C75: =VLOOKUP(D75,'Mã số nhân viên'!B65:I196,8,0) -> 03508 | D75: T. Đèng | F75: cn | G75: x | H75: x | I75: x | J75: x | K75: x | L75: x | M75: cn | N75: x | O75: x | P75: x | R75: x | S75: x | T75: cn | U75: x | V75: x | W75: x | X75: x | Y75: x | Z75: x | AA75: cn | AB75: x | AC75: x | AD75: x | AE75: x | AF75: x | AG75: x | AH75: cn | AI75: x | AK75: =SUM(COUNTIF(F75:AJ75,"x")) -> 24 | AL75: =SUM(COUNTIF(F75:AJ75,"cn")) -> 5 | AM75: =SUM(COUNTIF(F75:AJ75,"đ")) -> 0 | AN75: =SUM(COUNTIF(F75:AJ75,"đc")) -> 0 | AO75: =SUM(COUNTIF(F75:AJ75,"gt")) -> 0 | AP75: =SUM(COUNTIF(F75:AJ75,"ct")) -> 0 | AQ75: =AK75+AL75+AM75+AN75+AO75+AP75 -> 29 | AS75: ='Mã số nhân viên'!I66 -> 03512 | AT75: =C76-AS75 -> 0
A76: 64 | B76: 64 | C76: =VLOOKUP(D76,'Mã số nhân viên'!B66:I197,8,0) -> 03512 | D76: N. Đon | F76: cn | G76: x | H76: x | I76: x | J76: x | K76: x | L76: x | M76: cn | N76: x | O76: x | P76: x | R76: x | S76: x | T76: cn | U76: x | V76: x | W76: x | X76: x | Y76: x | Z76: x | AA76: cn | AB76: x | AC76: x | AD76: x | AE76: x | AF76: tt | AG76: x | AH76: tt | AK76: =SUM(COUNTIF(F76:AJ76,"x")) -> 22 | AL76: =SUM(COUNTIF(F76:AJ76,"cn")) -> 4 | AM76: =SUM(COUNTIF(F76:AJ76,"đ")) -> 0 | AN76: =SUM(COUNTIF(F76:AJ76,"đc")) -> 0 | AO76: =SUM(COUNTIF(F76:AJ76,"gt")) -> 0 | AP76: =SUM(COUNTIF(F76:AJ76,"ct")) -> 0 | AQ76: =AK76+AL76+AM76+AN76+AO76+AP76 -> 26 | AS76: ='Mã số nhân viên'!I67 -> 04068 | AT76: =C77-AS76 -> 0
A77: 65 | B77: 65 | C77: =VLOOKUP(D77,'Mã số nhân viên'!B67:I198,8,0) -> 04068 | D77: T. La | F77: cn | G77: x | H77: x | I77: x | J77: x | K77: x | L77: x | M77: cn | N77: x | P77: x | U77: x | V77: x | W77: x | Y77: x | Z77: x | AA77: cn | AB77: x | AC77: x | AD77: x | AE77: x | AF77: x | AG77: x | AH77: cn | AI77: x | AK77: =SUM(COUNTIF(F77:AJ77,"x")) -> 20 | AL77: =SUM(COUNTIF(F77:AJ77,"cn")) -> 4 | AM77: =SUM(COUNTIF(F77:AJ77,"đ")) -> 0 | AN77: =SUM(COUNTIF(F77:AJ77,"đc")) -> 0 | AO77: =SUM(COUNTIF(F77:AJ77,"gt")) -> 0 | AP77: =SUM(COUNTIF(F77:AJ77,"ct")) -> 0 | AQ77: =AK77+AL77+AM77+AN77+AO77+AP77 -> 24 | AS77: ='Mã số nhân viên'!I68 -> 04069 | AT77: =C78-AS77 -> 0
A78: 66 | B78: 66 | C78: =VLOOKUP(D78,'Mã số nhân viên'!B68:I199,8,0) -> 04069 | D78: T. Bờm | F78: cn | G78: x | H78: x | I78: x | J78: x | K78: x | L78: x | M78: cn | N78: x | O78: x | P78: x | R78: x | S78: x | T78: cn | U78: x | V78: x | W78: x | X78: x | Y78: x | Z78: x | AA78: cn | AB78: x | AC78: x | AD78: x | AE78: x | AG78: x | AH78: tt | AK78: =SUM(COUNTIF(F78:AJ78,"x")) -> 22 | AL78: =SUM(COUNTIF(F78:AJ78,"cn")) -> 4 | AM78: =SUM(COUNTIF(F78:AJ78,"đ")) -> 0 | AN78: =SUM(COUNTIF(F78:AJ78,"đc")) -> 0 | AO78: =SUM(COUNTIF(F78:AJ78,"gt")) -> 0 | AP78: =SUM(COUNTIF(F78:AJ78,"ct")) -> 0 | AQ78: =AK78+AL78+AM78+AN78+AO78+AP78 -> 26 | AS78: ='Mã số nhân viên'!I69 -> 03546 | AT78: =C79-AS78 -> 0
A79: 67 | B79: 67 | C79: =VLOOKUP(D79,'Mã số nhân viên'!B69:I200,8,0) -> 03546 | D79: T. Nọi | F79: cn | G79: x | H79: x | I79: x | J79: x | K79: x | L79: x | M79: cn | N79: x | O79: x | P79: x | S79: x | T79: cn | U79: x | V79: x | W79: x | X79: x | Y79: x | Z79: x | AA79: cn | AB79: x | AC79: x | AD79: x | AE79: x | AF79: x | AG79: x | AH79: cn | AI79: x | AK79: =SUM(COUNTIF(F79:AJ79,"x")) -> 23 | AL79: =SUM(COUNTIF(F79:AJ79,"cn")) -> 5 | AM79: =SUM(COUNTIF(F79:AJ79,"đ")) -> 0 | AN79: =SUM(COUNTIF(F79:AJ79,"đc")) -> 0 | AO79: =SUM(COUNTIF(F79:AJ79,"gt")) -> 0 | AP79: =SUM(COUNTIF(F79:AJ79,"ct")) -> 0 | AQ79: =AK79+AL79+AM79+AN79+AO79+AP79 -> 28 | AS79: ='Mã số nhân viên'!I70 -> 03571 | AT79: =C80-AS79 -> 0
A80: 68 | B80: 68 | C80: =VLOOKUP(D80,'Mã số nhân viên'!B70:I201,8,0) -> 03571 | D80: T. Ê | F80: cn | G80: x | H80: x | I80: x | J80: x | K80: x | L80: x | M80: cn | N80: x | O80: x | P80: x | R80: x | S80: x | T80: cn | U80: x | V80: x | W80: x | X80: x | Y80: x | Z80: x | AA80: cn | AB80: x | AC80: x | AD80: x | AE80: x | AH80: cn | AI80: x | AK80: =SUM(COUNTIF(F80:AJ80,"x")) -> 22 | AL80: =SUM(COUNTIF(F80:AJ80,"cn")) -> 5 | AM80: =SUM(COUNTIF(F80:AJ80,"đ")) -> 0 | AN80: =SUM(COUNTIF(F80:AJ80,"đc")) -> 0 | AO80: =SUM(COUNTIF(F80:AJ80,"gt")) -> 0 | AP80: =SUM(COUNTIF(F80:AJ80,"ct")) -> 0 | AQ80: =AK80+AL80+AM80+AN80+AO80+AP80 -> 27 | AS80: ='Mã số nhân viên'!I71 -> 04070 | AT80: =C81-AS80 -> 0
A81: 69 | B81: 69 | C81: =VLOOKUP(D81,'Mã số nhân viên'!B71:I202,8,0) -> 04070 | D81: T Bun | F81: cn | G81: tt | H81: tt | I81: x | J81: x | K81: x | L81: x | M81: cn | N81: x | T81: cn | U81: x | V81: x | W81: x | X81: x | Y81: x | Z81: x | AA81: cn | AB81: x | AC81: x | AD81: x | AE81: x | AF81: x | AG81: x | AH81: cn | AI81: x | AK81: =SUM(COUNTIF(F81:AJ81,"x")) -> 18 | AL81: =SUM(COUNTIF(F81:AJ81,"cn")) -> 5 | AM81: =SUM(COUNTIF(F81:AJ81,"đ")) -> 0 | AN81: =SUM(COUNTIF(F81:AJ81,"đc")) -> 0 | AO81: =SUM(COUNTIF(F81:AJ81,"gt")) -> 0 | AP81: =SUM(COUNTIF(F81:AJ81,"ct")) -> 0 | AQ81: =AK81+AL81+AM81+AN81+AO81+AP81 -> 23 | AS81: ='Mã số nhân viên'!I72 -> 03515 | AT81: =C82-AS81 -> 0
A82: 70 | B82: 70 | C82: =VLOOKUP(D82,'Mã số nhân viên'!B72:I203,8,0) -> 03515 | D82: N. Xi | F82: cn | G82: x | H82: x | I82: x | J82: x | K82: x | L82: x | M82: cn | N82: x | O82: x | P82: x | S82: x | T82: cn | U82: x | V82: x | W82: x | X82: x | Y82: x | Z82: x | AA82: cn | AB82: x | AC82: x | AD82: x | AE82: x | AF82: x | AG82: x | AH82: cn | AI82: x | AK82: =SUM(COUNTIF(F82:AJ82,"x")) -> 23 | AL82: =SUM(COUNTIF(F82:AJ82,"cn")) -> 5 | AM82: =SUM(COUNTIF(F82:AJ82,"đ")) -> 0 | AN82: =SUM(COUNTIF(F82:AJ82,"đc")) -> 0 | AO82: =SUM(COUNTIF(F82:AJ82,"gt")) -> 0 | AP82: =SUM(COUNTIF(F82:AJ82,"ct")) -> 0 | AQ82: =AK82+AL82+AM82+AN82+AO82+AP82 -> 28 | AS82: ='Mã số nhân viên'!I73 -> 03516 | AT82: =C83-AS82 -> 0
A83: 71 | B83: 71 | C83: =VLOOKUP(D83,'Mã số nhân viên'!B73:I204,8,0) -> 03516 | D83: N. Chay | F83: cn | G83: tt | H83: x | I83: x | J83: x | K83: x | L83: x | M83: cn | N83: x | O83: x | P83: x | T83: cn | U83: x | V83: x | W83: x | X83: tt | Y83: tt | Z83: tt | AA83: tt | AC83: x | AD83: x | AE83: x | AF83: x | AG83: x | AH83: cn | AI83: x | AK83: =SUM(COUNTIF(F83:AJ83,"x")) -> 17 | AL83: =SUM(COUNTIF(F83:AJ83,"cn")) -> 4 | AM83: =SUM(COUNTIF(F83:AJ83,"đ")) -> 0 | AN83: =SUM(COUNTIF(F83:AJ83,"đc")) -> 0 | AO83: =SUM(COUNTIF(F83:AJ83,"gt")) -> 0 | AP83: =SUM(COUNTIF(F83:AJ83,"ct")) -> 0 | AQ83: =AK83+AL83+AM83+AN83+AO83+AP83 -> 21 | AS83: ='Mã số nhân viên'!I74 -> 03544 | AT83: =C84-AS83 -> 0
A84: 72 | B84: 72 | C84: =VLOOKUP(D84,'Mã số nhân viên'!B74:I205,8,0) -> 03544 | D84: T. Ta | F84: cn | G84: x | H84: x | I84: x | J84: x | K84: x | L84: x | M84: cn | N84: x | O84: x | P84: x | R84: x | S84: x | T84: cn | U84: x | V84: x | W84: x | X84: x | Y84: x | Z84: x | AA84: cn | AB84: x | AC84: x | AD84: x | AE84: x | AF84: x | AH84: cn | AI84: x | AK84: =SUM(COUNTIF(F84:AJ84,"x")) -> 23 | AL84: =SUM(COUNTIF(F84:AJ84,"cn")) -> 5 | AM84: =SUM(COUNTIF(F84:AJ84,"đ")) -> 0 | AN84: =SUM(COUNTIF(F84:AJ84,"đc")) -> 0 | AO84: =SUM(COUNTIF(F84:AJ84,"gt")) -> 0 | AP84: =SUM(COUNTIF(F84:AJ84,"ct")) -> 0 | AQ84: =AK84+AL84+AM84+AN84+AO84+AP84 -> 28 | AS84: ='Mã số nhân viên'!I75 -> 04071 | AT84: =C85-AS84 -> 0
A85: 73 | B85: 73 | C85: =VLOOKUP(D85,'Mã số nhân viên'!B75:I206,8,0) -> 04071 | D85: T. Ne | F85: cn | G85: x | H85: x | I85: x | J85: x | K85: x | L85: x | M85: cn | N85: x | O85: x | P85: x | R85: x | S85: x | T85: cn | U85: x | V85: x | W85: x | X85: x | Y85: x | Z85: x | AA85: cn | AB85: x | AC85: x | AD85: x | AE85: x | AF85: x | AH85: cn | AI85: x | AK85: =SUM(COUNTIF(F85:AJ85,"x")) -> 23 | AL85: =SUM(COUNTIF(F85:AJ85,"cn")) -> 5 | AM85: =SUM(COUNTIF(F85:AJ85,"đ")) -> 0 | AN85: =SUM(COUNTIF(F85:AJ85,"đc")) -> 0 | AO85: =SUM(COUNTIF(F85:AJ85,"gt")) -> 0 | AP85: =SUM(COUNTIF(F85:AJ85,"ct")) -> 0 | AQ85: =AK85+AL85+AM85+AN85+AO85+AP85 -> 28 | AS85: ='Mã số nhân viên'!I76 -> 0 | AT85: =E86-AS85 -> 0
A86: 74 | B86: 74 | D86: T. Tý | AB86: x | AC86: x | AD86: x | AE86: x | AF86: x | AG86: x | AH86: cn | AI86: x | AK86: =SUM(COUNTIF(F86:AJ86,"x")) -> 7 | AL86: =SUM(COUNTIF(F86:AJ86,"cn")) -> 1 | AM86: =SUM(COUNTIF(F86:AJ86,"đ")) -> 0 | AN86: =SUM(COUNTIF(F86:AJ86,"đc")) -> 0 | AO86: =SUM(COUNTIF(F86:AJ86,"gt")) -> 0 | AP86: =SUM(COUNTIF(F86:AJ86,"ct")) -> 0 | AQ86: =AK86+AL86+AM86+AN86+AO86+AP86 -> 8
A87: 75 | B87: 75 | D87: T. Lã | G87: x | H87: x | I87: x | J87: x | K87: x | L87: x | N87: x | O87: x | S87: x | T87: cn | U87: x | V87: x | W87: x | X87: x | Y87: x | Z87: x | AA87: cn | AB87: x | AC87: x | AD87: x | AE87: x | AF87: x | AG87: x | AH87: cn | AI87: x | AK87: =SUM(COUNTIF(F87:AJ87,"x")) -> 22 | AL87: =SUM(COUNTIF(F87:AJ87,"cn")) -> 3 | AM87: =SUM(COUNTIF(F87:AJ87,"đ")) -> 0 | AN87: =SUM(COUNTIF(F87:AJ87,"đc")) -> 0 | AO87: =SUM(COUNTIF(F87:AJ87,"gt")) -> 0 | AP87: =SUM(COUNTIF(F87:AJ87,"ct")) -> 0 | AQ87: =AK87+AL87+AM87+AN87+AO87+AP87 -> 25
A88: 76 | B88: 76 | D88: N. Veo | G88: x | I88: x | J88: x | K88: x | N88: x | O88: x | S88: x | T88: cn | U88: x | V88: x | W88: x | X88: x | Y88: x | Z88: x | AA88: cn | AB88: x | AC88: x | AD88: x | AE88: x | AF88: x | AG88: x | AH88: cn | AI88: x | AK88: =SUM(COUNTIF(F88:AJ88,"x")) -> 20 | AL88: =SUM(COUNTIF(F88:AJ88,"cn")) -> 3 | AM88: =SUM(COUNTIF(F88:AJ88,"đ")) -> 0 | AN88: =SUM(COUNTIF(F88:AJ88,"đc")) -> 0 | AO88: =SUM(COUNTIF(F88:AJ88,"gt")) -> 0 | AP88: =SUM(COUNTIF(F88:AJ88,"ct")) -> 0 | AQ88: =AK88+AL88+AM88+AN88+AO88+AP88 -> 23
A89: 77 | B89: 77 | D89: T. Pu | G89: x | N89: x | O89: x | S89: x | U89: x | V89: x | W89: x | X89: x | Y89: x | Z89: x | AA89: cn | AC89: x | AD89: x | AE89: x | AF89: x | AG89: x | AH89: cn | AK89: =SUM(COUNTIF(F89:AJ89,"x")) -> 15 | AL89: =SUM(COUNTIF(F89:AJ89,"cn")) -> 2 | AM89: =SUM(COUNTIF(F89:AJ89,"đ")) -> 0 | AN89: =SUM(COUNTIF(F89:AJ89,"đc")) -> 0 | AO89: =SUM(COUNTIF(F89:AJ89,"gt")) -> 0 | AP89: =SUM(COUNTIF(F89:AJ89,"ct")) -> 0 | AQ89: =AK89+AL89+AM89+AN89+AO89+AP89 -> 17
A90: 78 | B90: 78 | D90: T. Ta. | O90: x | S90: x | U90: x | V90: x | W90: x | X90: x | Y90: x | AA90: cn | AC90: x | AD90: x | AE90: x | AF90: x | AG90: x | AH90: cn | AK90: =SUM(COUNTIF(F90:AJ90,"x")) -> 12 | AL90: =SUM(COUNTIF(F90:AJ90,"cn")) -> 2 | AM90: =SUM(COUNTIF(F90:AJ90,"đ")) -> 0 | AN90: =SUM(COUNTIF(F90:AJ90,"đc")) -> 0 | AO90: =SUM(COUNTIF(F90:AJ90,"gt")) -> 0 | AP90: =SUM(COUNTIF(F90:AJ90,"ct")) -> 0 | AQ90: =AK90+AL90+AM90+AN90+AO90+AP90 -> 14
A91: 79 | B91: 79 | D91: N. Nang | U91: x | V91: x | W91: x | X91: x | Y91: x | AG91: x | AH91: cn | AK91: =SUM(COUNTIF(F91:AJ91,"x")) -> 6 | AL91: =SUM(COUNTIF(F91:AJ91,"cn")) -> 1 | AM91: =SUM(COUNTIF(F91:AJ91,"đ")) -> 0 | AN91: =SUM(COUNTIF(F91:AJ91,"đc")) -> 0 | AO91: =SUM(COUNTIF(F91:AJ91,"gt")) -> 0 | AP91: =SUM(COUNTIF(F91:AJ91,"ct")) -> 0 | AQ91: =AK91+AL91+AM91+AN91+AO91+AP91 -> 7
A92: 80 | B92: 80 | D92: T. Tan | U92: x | V92: x | AG92: x | AH92: cn | AK92: =SUM(COUNTIF(F92:AJ92,"x")) -> 3 | AL92: =SUM(COUNTIF(F92:AJ92,"cn")) -> 1 | AM92: =SUM(COUNTIF(F92:AJ92,"đ")) -> 0 | AN92: =SUM(COUNTIF(F92:AJ92,"đc")) -> 0 | AO92: =SUM(COUNTIF(F92:AJ92,"gt")) -> 0 | AP92: =SUM(COUNTIF(F92:AJ92,"ct")) -> 0 | AQ92: =AK92+AL92+AM92+AN92+AO92+AP92 -> 4
A93: 81 | B93: 81 | D93: T. Tu | U93: x | V93: x | AK93: =SUM(COUNTIF(F93:AJ93,"x")) -> 2 | AL93: =SUM(COUNTIF(F93:AJ93,"cn")) -> 0 | AM93: =SUM(COUNTIF(F93:AJ93,"đ")) -> 0 | AN93: =SUM(COUNTIF(F93:AJ93,"đc")) -> 0 | AO93: =SUM(COUNTIF(F93:AJ93,"gt")) -> 0 | AP93: =SUM(COUNTIF(F93:AJ93,"ct")) -> 0 | AQ93: =AK93+AL93+AM93+AN93+AO93+AP93 -> 2
A94: Trạm 2 | F94: =SUM(COUNTIF(F95:F156,"x"))+(COUNTIF(F95:F156,"cn"))+(COUNTIF(F95:F156,"cnđ"))+(COUNTIF(F95:F156,"đ")) -> 58 | G94: =SUM(COUNTIF(G95:G156,"x"))+(COUNTIF(G95:G156,"cn"))+(COUNTIF(G95:G156,"cnđ"))+(COUNTIF(G95:G156,"đ")) -> 58 | H94: =SUM(COUNTIF(H95:H156,"x"))+(COUNTIF(H95:H156,"cn"))+(COUNTIF(H95:H156,"cnđ"))+(COUNTIF(H95:H156,"đ")) -> 58 | I94: =SUM(COUNTIF(I95:I156,"x"))+(COUNTIF(I95:I156,"cn"))+(COUNTIF(I95:I156,"cnđ"))+(COUNTIF(I95:I156,"đ")) -> 58 | J94: =SUM(COUNTIF(J95:J156,"x"))+(COUNTIF(J95:J156,"cn"))+(COUNTIF(J95:J156,"cnđ"))+(COUNTIF(J95:J156,"đ")) -> 58 | K94: =SUM(COUNTIF(K95:K156,"x"))+(COUNTIF(K95:K156,"cn"))+(COUNTIF(K95:K156,"cnđ"))+(COUNTIF(K95:K156,"đ")) -> 58 | L94: =SUM(COUNTIF(L95:L156,"x"))+(COUNTIF(L95:L156,"cn"))+(COUNTIF(L95:L156,"cnđ"))+(COUNTIF(L95:L156,"đ")) -> 58 | M94: =SUM(COUNTIF(M95:M156,"x"))+(COUNTIF(M95:M156,"cn"))+(COUNTIF(M95:M156,"cnđ"))+(COUNTIF(M95:M156,"đ")) -> 58 | ... AI94: =SUM(COUNTIF(AI95:AI156,"x"))+(COUNTIF(AI95:AI156,"cn"))+(COUNTIF(AI95:AI156,"cnđ"))+(COUNTIF(AI95:AI156,"đ")) -> 57 | AJ94: =SUM(COUNTIF(AJ95:AJ156,"x"))+(COUNTIF(AJ95:AJ156,"cn")) -> 0 | AK94: =SUM(AK95:AK156) -> 1383 | AL94: =SUM(AL95:AL156) -> 289 | AM94: =SUM(AM95:AM156) -> 0 | AN94: =SUM(AN95:AN156) -> 0 | AO94: =SUM(AO95:AO156) -> 0 | AP94: =SUM(AP95:AP156) -> 0 | AQ94: =SUM(AQ95:AQ156) -> 1672
A95: 82 | B95: 1 | C95: =VLOOKUP(D95,'Mã số nhân viên'!B77:I134,8,0) -> 04072 | D95: T. Lun | F95: cn | G95: x | H95: x | I95: x | J95: x | K95: x | L95: x | M95: cn | N95: x | O95: x | P95: x | R95: x | S95: x | T95: cn | U95: x | V95: x | W95: x | X95: x | Y95: x | Z95: x | AA95: cn | AB95: x | AC95: x | AD95: x | AE95: x | AF95: x | AG95: x | AH95: cn | AI95: x | AK95: =SUM(COUNTIF(F95:AJ95,"x")) -> 24 | AL95: =SUM(COUNTIF(F95:AJ95,"cn")) -> 5 | AM95: =SUM(COUNTIF(F95:AJ95,"đ")) -> 0 | AN95: =SUM(COUNTIF(F95:AJ95,"đc")) -> 0 | AO95: =SUM(COUNTIF(F95:AJ95,"gt")) -> 0 | AP95: =SUM(COUNTIF(F95:AJ95,"ct")) -> 0 | AQ95: =AK95+AL95+AM95+AN95+AO95+AP95 -> 29 | AS95: ='Mã số nhân viên'!I77 -> 04072 | AT95: =C95-AS95 -> 0 | AU95: 129
A96: 83 | B96: 2 | C96: =VLOOKUP(D96,'Mã số nhân viên'!B78:I135,8,0) -> 03466 | D96: N. Keo | F96: cn | G96: x | H96: x | I96: x | J96: tt | K96: x | L96: x | M96: cn | N96: x | O96: x | P96: x | R96: x | S96: x | T96: cn | U96: x | V96: x | W96: x | X96: x | Y96: x | Z96: x | AA96: cn | AB96: x | AC96: x | AD96: x | AE96: x | AF96: x | AG96: x | AH96: cn | AI96: x | AK96: =SUM(COUNTIF(F96:AJ96,"x")) -> 23 | AL96: =SUM(COUNTIF(F96:AJ96,"cn")) -> 5 | AM96: =SUM(COUNTIF(F96:AJ96,"đ")) -> 0 | AN96: =SUM(COUNTIF(F96:AJ96,"đc")) -> 0 | AO96: =SUM(COUNTIF(F96:AJ96,"gt")) -> 0 | AP96: =SUM(COUNTIF(F96:AJ96,"ct")) -> 0 | AQ96: =AK96+AL96+AM96+AN96+AO96+AP96 -> 28 | AS96: ='Mã số nhân viên'!I78 -> 03466 | AT96: =C96-AS96 -> 0
A97: 84 | B97: 3 | C97: =VLOOKUP(D97,'Mã số nhân viên'!B79:I136,8,0) -> 03590 | D97: T .Nhum | F97: cn | G97: x | H97: x | I97: x | J97: x | K97: x | L97: x | M97: cn | N97: x | O97: x | P97: x | R97: x | S97: x | T97: cn | U97: x | V97: x | W97: x | X97: x | Y97: x | Z97: x | AA97: cn | AB97: x | AC97: x | AD97: x | AE97: x | AF97: x | AG97: x | AH97: cn | AI97: x | AK97: =SUM(COUNTIF(F97:AJ97,"x")) -> 24 | AL97: =SUM(COUNTIF(F97:AJ97,"cn")) -> 5 | AM97: =SUM(COUNTIF(F97:AJ97,"đ")) -> 0 | AN97: =SUM(COUNTIF(F97:AJ97,"đc")) -> 0 | AO97: =SUM(COUNTIF(F97:AJ97,"gt")) -> 0 | AP97: =SUM(COUNTIF(F97:AJ97,"ct")) -> 0 | AQ97: =AK97+AL97+AM97+AN97+AO97+AP97 -> 29 | AS97: ='Mã số nhân viên'!I79 -> 03590 | AT97: =C97-AS97 -> 0
A98: 85 | B98: 4 | C98: =VLOOKUP(D98,'Mã số nhân viên'!B80:I137,8,0) -> 03591 | D98: N.Vông Ma Ni | F98: cn | G98: x | H98: x | I98: x | J98: x | K98: x | L98: x | M98: cn | N98: x | O98: x | P98: x | R98: x | S98: x | T98: cn | U98: x | V98: x | W98: x | X98: x | Y98: x | Z98: x | AA98: cn | AB98: x | AC98: x | AD98: x | AE98: x | AF98: x | AG98: x | AH98: cn | AI98: x | AK98: =SUM(COUNTIF(F98:AJ98,"x")) -> 24 | AL98: =SUM(COUNTIF(F98:AJ98,"cn")) -> 5 | AM98: =SUM(COUNTIF(F98:AJ98,"đ")) -> 0 | AN98: =SUM(COUNTIF(F98:AJ98,"đc")) -> 0 | AO98: =SUM(COUNTIF(F98:AJ98,"gt")) -> 0 | AP98: =SUM(COUNTIF(F98:AJ98,"ct")) -> 0 | AQ98: =AK98+AL98+AM98+AN98+AO98+AP98 -> 29 | AS98: ='Mã số nhân viên'!I80 -> 03591 | AT98: =C98-AS98 -> 0
A99: 86 | B99: 5 | C99: =VLOOKUP(D99,'Mã số nhân viên'!B81:I138,8,0) -> 03592 | D99: Đao Hương | F99: cn | G99: x | H99: x | I99: x | J99: x | K99: x | L99: x | M99: cn | N99: x | O99: x | P99: x | R99: x | S99: x | T99: cn | U99: x | V99: x | W99: x | X99: x | Y99: x | Z99: x | AA99: cn | AB99: x | AC99: x | AD99: x | AE99: x | AF99: x | AG99: x | AH99: cn | AI99: x | AK99: =SUM(COUNTIF(F99:AJ99,"x")) -> 24 | AL99: =SUM(COUNTIF(F99:AJ99,"cn")) -> 5 | AM99: =SUM(COUNTIF(F99:AJ99,"đ")) -> 0 | AN99: =SUM(COUNTIF(F99:AJ99,"đc")) -> 0 | AO99: =SUM(COUNTIF(F99:AJ99,"gt")) -> 0 | AP99: =SUM(COUNTIF(F99:AJ99,"ct")) -> 0 | AQ99: =AK99+AL99+AM99+AN99+AO99+AP99 -> 29 | AS99: ='Mã số nhân viên'!I81 -> 03592 | AT99: =C99-AS99 -> 0
A100: 87 | B100: 6 | C100: =VLOOKUP(D100,'Mã số nhân viên'!B82:I139,8,0) -> 03593 | D100: T. Xi Nun | F100: tt | G100: x | H100: x | I100: x | J100: x | K100: x | L100: x | M100: cn | N100: x | O100: tt | P100: tt | R100: tt | S100: x | T100: tt | U100: tt | V100: tt | W100: x | X100: x | Y100: tt | Z100: x | AA100: cn | AB100: x | AC100: x | AD100: x | AE100: x | AF100: x | AG100: x | AH100: tt | AK100: =SUM(COUNTIF(F100:AJ100,"x")) -> 17 | AL100: =SUM(COUNTIF(F100:AJ100,"cn")) -> 2 | AM100: =SUM(COUNTIF(F100:AJ100,"đ")) -> 0 | AN100: =SUM(COUNTIF(F100:AJ100,"đc")) -> 0 | AO100: =SUM(COUNTIF(F100:AJ100,"gt")) -> 0 | AP100: =SUM(COUNTIF(F100:AJ100,"ct")) -> 0 | AQ100: =AK100+AL100+AM100+AN100+AO100+AP100 -> 19 | AS100: ='Mã số nhân viên'!I82 -> 03593 | AT100: =C100-AS100 -> 0
A101: 88 | B101: 7 | C101: =VLOOKUP(D101,'Mã số nhân viên'!B83:I140,8,0) -> 03594 | D101: T. Bun Hinh | F101: cn | G101: x | H101: x | I101: x | J101: x | K101: x | L101: x | M101: cn | N101: x | O101: x | P101: x | Q101: x | R101: x | S101: x | T101: cn | U101: x | V101: x | W101: x | X101: x | Y101: x | Z101: x | AA101: cn | AB101: x | AC101: x | AD101: x | AE101: x | AF101: x | AG101: x | AH101: cn | AI101: x | AK101: =SUM(COUNTIF(F101:AJ101,"x")) -> 25 | AL101: =SUM(COUNTIF(F101:AJ101,"cn")) -> 5 | AM101: =SUM(COUNTIF(F101:AJ101,"đ")) -> 0 | AN101: =SUM(COUNTIF(F101:AJ101,"đc")) -> 0 | AO101: =SUM(COUNTIF(F101:AJ101,"gt")) -> 0 | AP101: =SUM(COUNTIF(F101:AJ101,"ct")) -> 0 | AQ101: =AK101+AL101+AM101+AN101+AO101+AP101 -> 30 | AS101: ='Mã số nhân viên'!I83 -> 03594 | AT101: =C101-AS101 -> 0
A102: 89 | B102: 8 | C102: =VLOOKUP(D102,'Mã số nhân viên'!B84:I141,8,0) -> 04073 | D102: T. Miềng | F102: cn | G102: tt | H102: x | I102: x | J102: x | K102: x | L102: x | M102: cn | N102: x | O102: x | P102: x | R102: x | S102: tt | T102: tt | U102: x | V102: x | W102: x | X102: x | Y102: x | Z102: x | AA102: cn | AB102: tt | AC102: x | AD102: x | AE102: tt | AF102: x | AG102: x | AH102: cn | AI102: x | AK102: =SUM(COUNTIF(F102:AJ102,"x")) -> 20 | AL102: =SUM(COUNTIF(F102:AJ102,"cn")) -> 4 | AM102: =SUM(COUNTIF(F102:AJ102,"đ")) -> 0 | AN102: =SUM(COUNTIF(F102:AJ102,"đc")) -> 0 | AO102: =SUM(COUNTIF(F102:AJ102,"gt")) -> 0 | AP102: =SUM(COUNTIF(F102:AJ102,"ct")) -> 0 | AQ102: =AK102+AL102+AM102+AN102+AO102+AP102 -> 24 | AS102: ='Mã số nhân viên'!I84 -> 04073 | AT102: =C102-AS102 -> 0
...

Sheet BTH mủ tạp
A2: CỘNG HÒA DÂN CHỦ NHÂN DÂN LÀO
A3: Hòa Bình -Độc Lập - Dân Chủ - thống Nhất - Thịnh Vượng
A4: -----o0o-----
B6: CÔNG TY TNHH MTV QUASA - GERUCO LÀO
B7: ĐỘI SẢN XUẤT SỐ 04
A9: BẢNG THEO DÕI SẢN LƯỢNG MỦ TẠP THÁNG 06 NĂM 2025
A10: (Từ ngày 01 đến 31/05/2025)
A13: Stt | C13: MSNV | D13: Họ và tên | E13: Kí tên | F13: Ngày | AK13: Tổng mủ tạp | AL13: DRC bình quân | AM13: Quy khô | AN13: Xếp hạng kỹ thuật
F14: 1 | G14: 2 | H14: 3 | I14: 4 | J14: 5 | K14: 6 | L14: 7 | M14: 8 | N14: 9 | O14: 10 | P14: 11 | Q14: 12 | R14: 13 | S14: 14 | T14: 15 | U14: 16 | V14: 17 | W14: 18 | X14: 19 | Y14: 20 | Z14: 21 | AA14: 22 | AB14: 23 | AC14: 24 | AD14: 25 | AE14: 26 | AF14: 27 | AG14: 28 | AH14: 29 | AI14: 30 | AJ14: 31 | AP14: DRC bình quân
A15: Lát bốc | F15: C | G15: D | H15: A | I15: B | J15: C | K15: D | L15: A | M15: B | N15: C | O15: D | P15: A | Q15: B | R15: C | S15: D | T15: A | U15: B | V15: C | W15: D | X15: A | Y15: B | Z15: C | AA15: D | AB15: A | AC15: B | AD15: C | AE15: D | AF15: A | AG15: B | AH15: C | AI15: D
A16: Trạm 2 | F16: =SUM(F17:F97) -> 3836 | G16: =SUM(G17:G97) -> 3892 | H16: =SUM(H17:H97) -> 4476 | I16: =SUM(I17:I97) -> 4305 | J16: =SUM(J17:J97) -> 4164 | K16: =SUM(K17:K97) -> 4839 | L16: =SUM(L17:L97) -> 9907 | M16: =SUM(M17:M97) -> 9612 | ... AK16: =SUM(AK17:AK97) -> 168911 | AM16: =SUM(AM17:AM97) -> 78326.587
A17: 1 | B17: 1 | C17: ='Chấm công KT'!C13 -> 03456 | D17: ='Chấm công KT'!D13 -> T. Vôn | F17: 39 | G17: 58 | H17: 44 | I17: 51 | J17: 49 | K17: 46 | L17: 90 | M17: 79 | N17: 98 | O17: 94 | P17: 67 | Q17: 0 | R17: 0 | S17: 0 | T17: 0 | U17: 0 | V17: 0 | W17: 0 | X17: 0 | Y17: 60 | Z17: 176 | AA17: 100 | AB17: 84 | AC17: 0 | AD17: 0 | AE17: 0 | AF17: 0 | AG17: 0 | AH17: 0 | AI17: 0 | AK17: =SUM(F17:AJ17) -> 1135 | AL17: 46.371513 | AM17: =AK17*AL17/100 -> 526.31668 | AN17: B | AS17: =AM16/15*100 -> 522177.25
A18: 2 | B18: 2 | C18: ='Chấm công KT'!C14 -> 04052 | D18: ='Chấm công KT'!D14 -> T. Feng | F18: 65 | G18: 53 | H18: 62 | I18: 20 | J18: 28 | K18: 50 | L18: 124 | M18: 93 | N18: 90 | O18: 99 | P18: 97 | Q18: 87 | R18: 81 | S18: 108 | T18: 0 | U18: 0 | V18: 96 | W18: 82 | X18: 90 | Y18: 63 | Z18: 70 | AA18: 85 | AB18: 94 | AC18: 75 | AD18: 75 | AE18: 83 | AF18: 85 | AG18: 0 | AH18: 0 | AI18: 0 | AK18: =SUM(F18:AJ18) -> 1955 | AL18: 46.371513 | AM18: =AK18*AL18/100 -> 906.56309 | AN18: A
A19: 3 | B19: 3 | C19: ='Chấm công KT'!C15 -> 02725 | D19: ='Chấm công KT'!D15 -> T. Sa Văn | F19: 75 | G19: 0 | H19: 61 | I19: 0 | J19: 53 | K19: 70 | L19: 141 | M19: 174 | N19: 147 | O19: 100 | P19: 156 | Q19: 93 | R19: 89 | S19: 0 | T19: 0 | U19: 0 | V19: 0 | W19: 0 | X19: 0 | Y19: 0 | Z19: 0 | AA19: 0 | AB19: 0 | AC19: 142 | AD19: 165 | AE19: 134 | AF19: 71 | AG19: 96 | AH19: 50 | AI19: 86 | AK19: =SUM(F19:AJ19) -> 1903 | AL19: 46.371513 | AM19: =AK19*AL19/100 -> 882.4499 | AN19: A
A20: 4 | B20: 4 | C20: ='Chấm công KT'!C16 -> 04053 | D20: ='Chấm công KT'!D16 -> Lăm Ma Thu | F20: 61 | G20: 41 | H20: 54 | I20: 62 | J20: 48 | K20: 40 | L20: 125 | M20: 190 | N20: 127 | O20: 100 | P20: 103 | Q20: 139 | R20: 134 | S20: 73 | T20: 0 | U20: 0 | V20: 0 | W20: 0 | X20: 0 | Y20: 40 | Z20: 137 | AA20: 125 | AB20: 0 | AC20: 64 | AD20: 55 | AE20: 0 | AF20: 142 | AG20: 93 | AH20: 106 | AI20: 86 | AK20: =SUM(F20:AJ20) -> 2145 | AL20: 46.371513 | AM20: =AK20*AL20/100 -> 994.66896 | AN20: B
A21: 5 | B21: 5 | C21: ='Chấm công KT'!C17 -> 03459 | D21: ='Chấm công KT'!D17 -> N. Vạt | F21: 60 | G21: 96 | H21: 72 | I21: 52 | J21: 49 | K21: 84 | L21: 159 | M21: 0 | N21: 147 | O21: 0 | P21: 104 | Q21: 0 | R21: 0 | S21: 0 | T21: 0 | U21: 0 | V21: 0 | W21: 0 | X21: 85 | Y21: 90 | Z21: 49 | AA21: 176 | AB21: 100 | AC21: 81 | AD21: 90 | AE21: 139 | AF21: 89 | AG21: 54 | AH21: 85 | AI21: 154 | AK21: =SUM(F21:AJ21) -> 2015 | AL21: 46.371513 | AM21: =AK21*AL21/100 -> 934.386 | AN21: A
A22: 6 | B22: 6 | C22: ='Chấm công KT'!C18 -> 04054 | D22: ='Chấm công KT'!D18 -> N. Kay Son | F22: 59 | G22: 91 | H22: 105 | I22: 64 | J22: 57 | K22: 73 | L22: 160 | M22: 127 | N22: 109 | O22: 174 | P22: 124 | Q22: 82 | R22: 83 | S22: 0 | T22: 0 | U22: 0 | V22: 0 | W22: 0 | X22: 0 | Y22: 70 | Z22: 77 | AA22: 207 | AB22: 112 | AC22: 85 | AD22: 77 | AE22: 108 | AF22: 93 | AG22: 80 | AH22: 85 | AI22: 99 | AK22: =SUM(F22:AJ22) -> 2401 | AL22: 46.371513 | AM22: =AK22*AL22/100 -> 1113.38 | AN22: A
A23: 7 | B23: 7 | C23: ='Chấm công KT'!C19 -> 04055 | D23: ='Chấm công KT'!D19 -> T. Đèng 1 | F23: 47 | G23: 75 | H23: 55 | I23: 67 | J23: 38 | K23: 51 | L23: 119 | M23: 88 | N23: 112 | O23: 130 | P23: 91 | Q23: 0 | R23: 0 | S23: 0 | T23: 0 | U23: 0 | V23: 63 | W23: 191 | X23: 0 | Y23: 107 | Z23: 73 | AA23: 95 | AB23: 118 | AC23: 0 | AD23: 64 | AE23: 87 | AF23: 59 | AG23: 103 | AH23: 63 | AI23: 97 | AK23: =SUM(F23:AJ23) -> 1993 | AL23: 46.371513 | AM23: =AK23*AL23/100 -> 924.18426 | AN23: A
A24: 8 | B24: 8 | C24: ='Chấm công KT'!C20 -> 03462 | D24: ='Chấm công KT'!D20 -> T . Bua Ngân | F24: 65 | G24: 49 | H24: 54 | I24: 66 | J24: 67 | K24: 67 | L24: 129 | M24: 119 | N24: 118 | O24: 145 | P24: 99 | Q24: 84 | R24: 0 | S24: 0 | T24: 0 | U24: 0 | V24: 179 | W24: 0 | X24: 75 | Y24: 107 | Z24: 102 | AA24: 126 | AB24: 95 | AC24: 90 | AD24: 102 | AE24: 60 | AF24: 87 | AG24: 87 | AH24: 101 | AI24: 60 | AK24: =SUM(F24:AJ24) -> 2333 | AL24: 46.371513 | AM24: =AK24*AL24/100 -> 1081.8474 | AN24: A
A25: 9 | B25: 9 | C25: ='Chấm công KT'!C21 -> 03463 | D25: ='Chấm công KT'!D21 -> T Căng | F25: 95 | G25: 119 | H25: 64 | I25: 45 | J25: 50 | K25: 93 | L25: 169 | M25: 109 | N25: 152 | O25: 195 | P25: 126 | Q25: 84 | R25: 141 | S25: 163 | T25: 0 | U25: 0 | V25: 91 | W25: 155 | X25: 73 | Y25: 0 | Z25: 0 | AA25: 0 | AB25: 0 | AC25: 139 | AD25: 152 | AE25: 250 | AF25: 140 | AG25: 66 | AH25: 92 | AI25: 122 | AK25: =SUM(F25:AJ25) -> 2885 | AL25: 46.371513 | AM25: =AK25*AL25/100 -> 1337.8182 | AN25: A
A26: 10 | B26: 10 | C26: ='Chấm công KT'!C22 -> 03464 | D26: ='Chấm công KT'!D22 -> N. Phôn 1 | F26: 95 | G26: 95 | H26: 65 | I26: 45 | J26: 84 | K26: 101 | L26: 134 | M26: 117 | N26: 152 | O26: 203 | P26: 126 | Q26: 100 | R26: 133 | S26: 156 | T26: 0 | U26: 0 | V26: 88 | W26: 167 | X26: 88 | Y26: 0 | Z26: 0 | AA26: 0 | AB26: 0 | AC26: 117 | AD26: 152 | AE26: 241 | AF26: 140 | AG26: 50 | AH26: 79 | AI26: 120 | AK26: =SUM(F26:AJ26) -> 2848 | AL26: 46.371513 | AM26: =AK26*AL26/100 -> 1320.6607 | AN26: A
A27: 11 | B27: 11 | C27: ='Chấm công KT'!C23 -> 03465 | D27: ='Chấm công KT'!D23 -> T. In Păn | F27: 76 | G27: 50 | H27: 0 | I27: 32 | J27: 30 | K27: 60 | L27: 195 | M27: 0 | N27: 130 | O27: 114 | P27: 147 | Q27: 150 | R27: 100 | S27: 0 | T27: 0 | U27: 0 | V27: 75 | W27: 0 | X27: 0 | Y27: 91 | Z27: 54 | AA27: 185 | AB27: 156 | AC27: 0 | AD27: 70 | AE27: 0 | AF27: 107 | AG27: 104 | AH27: 90 | AI27: 166 | AK27: =SUM(F27:AJ27) -> 2182 | AL27: 46.371513 | AM27: =AK27*AL27/100 -> 1011.8264 | AN27: A
A28: 12 | B28: 12 | C28: ='Chấm công KT'!C24 -> 03466 | D28: ='Chấm công KT'!D24 -> N. Keo | F28: 70 | G28: 100 | H28: 75 | I28: 76 | J28: 63 | K28: 100 | L28: 146 | M28: 179 | N28: 155 | O28: 200 | P28: 110 | Q28: 149 | R28: 123 | S28: 152 | T28: 0 | U28: 0 | V28: 90 | W28: 145 | X28: 96 | Y28: 92 | Z28: 74 | AA28: 148 | AB28: 65 | AC28: 117 | AD28: 94 | AE28: 150 | AF28: 69 | AG28: 90 | AH28: 89 | AI28: 162 | AK28: =SUM(F28:AJ28) -> 3179 | AL28: 46.371513 | AM28: =AK28*AL28/100 -> 1474.1504 | AN28: A
A29: 13 | B29: 13 | C29: ='Chấm công KT'!C25 -> 02727 | D29: ='Chấm công KT'!D25 -> T. Thong Đon | F29: 61 | G29: 221 | H29: 59 | I29: 54 | J29: 69 | K29: 122 | L29: 136 | M29: 143 | N29: 152 | O29: 232 | P29: 119 | Q29: 101 | R29: 106 | S29: 198 | T29: 0 | U29: 0 | V29: 0 | W29: 0 | X29: 0 | Y29: 0 | Z29: 163 | AA29: 277 | AB29: 70 | AC29: 0 | AD29: 0 | AE29: 0 | AF29: 0 | AG29: 0 | AH29: 0 | AI29: 240 | AK29: =SUM(F29:AJ29) -> 2523 | AL29: 46.371513 | AM29: =AK29*AL29/100 -> 1169.9533 | AN29: A
... A89: 73 | B89: 73 | C89: ='Chấm công KT'!C85 -> 04071 | D89: ='Chấm công KT'!D85 -> T. Ne | F89: 40 | G89: 0 | H89: 68 | I89: 42 | J89: 31 | K89: 0 | L89: 123 | M89: 129 | N89: 96 | O89: 92 | P89: 87 | Q89: 86 | R89: 73 | S89: 73 | T89: 0 | U89: 60 | V89: 61 | W89: 54 | X89: 55 | Y89: 56 | Z89: 58 | AA89: 0 | AB89: 50 | AC89: 54 | AD89: 52 | AE89: 49 | AF89: 0 | AG89: 0 | AH89: 0 | AI89: 99 | AK89: =SUM(F89:AJ89) -> 1588 | AL89: 46.371513 | AM89: =AK89*AL89/100 -> 736.37963 | AN89: A
A90: 74 | B90: 74 | D90: ='Chấm công KT'!D86 -> T. Tý | F90: 0 | G90: 0 | H90: 0 | I90: 0 | J90: 0 | K90: 0 | L90: 0 | M90: 0 | N90: 0 | O90: 0 | P90: 0 | Q90: 0 | R90: 0 | S90: 0 | T90: 0 | U90: 0 | V90: 0 | W90: 0 | X90: 0 | Y90: 0 | Z90: 0 | AA90: 0 | AB90: 0 | AC90: 0 | AD90: 0 | AE90: 0 | AF90: 0 | AG90: 0 | AH90: 0 | AI90: 109 | AK90: =SUM(F90:AJ90) -> 109 | AL90: 46.371513 | AM90: =AK90*AL90/100 -> 50.54495 | AN90: C.
A91: 75 | B91: 75 | D91: ='Chấm công KT'!D87 -> T. Lã | F91: 0 | G91: 0 | H91: 0 | I91: 0 | J91: 0 | K91: 70 | L91: 70 | M91: 0 | N91: 0 | O91: 80 | P91: 189 | Q91: 118 | R91: 0 | S91: 0 | T91: 0 | U91: 0 | V91: 0 | W91: 0 | X91: 0 | Y91: 0 | Z91: 0 | AA91: 0 | AB91: 138 | AC91: 92 | AD91: 93 | AE91: 0 | AF91: 62 | AG91: 104 | AH91: 59 | AI91: 62 | AK91: =SUM(F91:AJ91) -> 1137 | AL91: 46.371513 | AM91: =AK91*AL91/100 -> 527.24411 | AN91: C.
A92: 76 | B92: 76 | D92: ='Chấm công KT'!D88 -> N. Veo | F92: 0 | G92: 0 | H92: 0 | I92: 0 | J92: 0 | K92: 80 | L92: 188 | M92: 0 | N92: 0 | O92: 0 | P92: 137 | Q92: 100 | R92: 0 | S92: 0 | T92: 0 | U92: 0 | V92: 142 | W92: 0 | X92: 0 | Y92: 0 | Z92: 106 | AA92: 109 | AB92: 139 | AC92: 0 | AD92: 103 | AE92: 0 | AF92: 92 | AG92: 106 | AH92: 45 | AI92: 0 | AK92: =SUM(F92:AJ92) -> 1347 | AL92: 46.371513 | AM92: =AK92*AL92/100 -> 624.62429 | AN92: C.
A93: 77 | B93: 77 | D93: ='Chấm công KT'!D89 -> T. Pu | F93: 0 | G93: 0 | H93: 0 | I93: 0 | J93: 0 | K93: 0 | L93: 200 | M93: 0 | N93: 0 | O93: 0 | P93: 124 | Q93: 0 | R93: 0 | S93: 0 | T93: 0 | U93: 0 | V93: 0 | W93: 0 | X93: 88 | Y93: 0 | Z93: 82 | AA93: 155 | AB93: 0 | AC93: 0 | AD93: 0 | AE93: 0 | AF93: 0 | AG93: 100 | AH93: 121 | AI93: 0 | AK93: =SUM(F93:AJ93) -> 870 | AL93: 46.371513 | AM93: =AK93*AL93/100 -> 403.43217 | AN93: C.
A94: 78 | B94: 78 | D94: ='Chấm công KT'!D90 -> T. Ta. | F94: 0 | G94: 0 | H94: 0 | I94: 0 | J94: 0 | K94: 0 | L94: 0 | M94: 0 | N94: 0 | O94: 0 | P94: 0 | Q94: 0 | R94: 0 | S94: 0 | T94: 0 | U94: 0 | V94: 144 | W94: 0 | X94: 68 | Y94: 0 | Z94: 119 | AA94: 84 | AB94: 131 | AC94: 0 | AD94: 0 | AE94: 0 | AF94: 0 | AG94: 93 | AH94: 78 | AI94: 0 | AK94: =SUM(F94:AJ94) -> 717 | AL94: 46.371513 | AM94: =AK94*AL94/100 -> 332.48375 | AN94: C.
A95: 79 | B95: 79 | D95: ='Chấm công KT'!D91 -> N. Nang | F95: 0 | G95: 0 | H95: 0 | I95: 0 | J95: 0 | K95: 0 | L95: 0 | M95: 0 | N95: 0 | O95: 0 | P95: 0 | Q95: 0 | R95: 0 | S95: 0 | T95: 0 | U95: 0 | V95: 0 | W95: 0 | X95: 76 | Y95: 80 | Z95: 120 | AA95: 0 | AB95: 121 | AC95: 0 | AD95: 0 | AE95: 0 | AF95: 0 | AG95: 0 | AH95: 80 | AI95: 0 | AK95: =SUM(F95:AJ95) -> 477 | AL95: 46.371513 | AM95: =AK95*AL95/100 -> 221.19212 | AN95: C.
A96: 80 | B96: 80 | D96: ='Chấm công KT'!D92 -> T. Tan | F96: 0 | G96: 0 | H96: 0 | I96: 0 | J96: 0 | K96: 0 | L96: 0 | M96: 0 | N96: 0 | O96: 0 | P96: 0 | Q96: 0 | R96: 0 | S96: 0 | T96: 0 | U96: 0 | V96: 0 | W96: 0 | X96: 0 | Y96: 80 | Z96: 119 | AA96: 0 | AB96: 152 | AC96: 0 | AD96: 0 | AE96: 0 | AF96: 0 | AG96: 0 | AH96: 0 | AI96: 0 | AK96: =SUM(F96:AJ96) -> 351 | AL96: 46.371513 | AM96: =AK96*AL96/100 -> 162.76401 | AN96: C.
A97: 81 | B97: 81 | D97: ='Chấm công KT'!D93 -> T. Tu | F97: 0 | G97: 0 | H97: 0 | I97: 0 | J97: 0 | K97: 0 | L97: 0 | M97: 0 | N97: 0 | O97: 0 | P97: 0 | Q97: 0 | R97: 0 | S97: 0 | T97: 0 | U97: 0 | V97: 0 | W97: 0 | X97: 0 | Y97: 0 | Z97: 120 | AA97: 0 | AB97: 152 | AC97: 0 | AD97: 0 | AE97: 0 | AF97: 0 | AG97: 0 | AH97: 0 | AI97: 0 | AK97: =SUM(F97:AJ97) -> 272 | AL97: 46.371513 | AM97: =AK97*AL97/100 -> 126.13052 | AN97: C.
A98: Tram 2 | F98: =SUM(F99:F160) -> 4989 | G98: =SUM(G99:G160) -> 3957 | H98: =SUM(H99:H160) -> 2998 | I98: =SUM(I99:I160) -> 5483 | J98: =SUM(J99:J160) -> 5090 | K98: =SUM(K99:K160) -> 3780 | L98: =SUM(L99:L160) -> 5743 | M98: =SUM(M99:M160) -> 9622 | ... AI98: =SUM(AI99:AI160) -> 4649 | AK98: =SUM(AK99:AK160) -> 158146 | AM98: =SUM(AM99:AM160) -> 73024.987
A99: 82 | B99: 1 | C99: ='Chấm công KT'!C95 -> 04072 | D99: ='Chấm công KT'!D95 -> T. Lun | F99: 88 | G99: 116 | H99: 43 | I99: 51 | J99: 84 | K99: 115 | L99: 31 | M99: 109 | N99: 174 | O99: 121 | P99: 122 | Q99: 78 | R99: 136 | S99: 105 | T99: 0 | U99: 0 | V99: 98 | W99: 60 | X99: 69 | Y99: 101 | Z99: 102 | AA99: 207 | AB99: 46 | AC99: 68 | AD99: 125 | AE99: 120 | AF99: 0 | AG99: 44 | AH99: 82 | AI99: 106 | AK99: =SUM(F99:AJ99) -> 2601 | AL99: 46.175678 | AM99: =AK99*AL99/100 -> 1201.0294 | AN99: A
A100: 83 | B100: 2 | C100: ='Chấm công KT'!C96 -> 03466 | D100: ='Chấm công KT'!D96 -> N. Keo | F100: 0 | G100: 74 | H100: 61 | I100: 151 | J100: 0 | K100: 45 | L100: 167 | M100: 165 | N100: 260 | O100: 84 | P100: 151 | Q100: 158 | R100: 0 | S100: 44 | T100: 0 | U100: 0 | V100: 218 | W100: 0 | X100: 139 | Y100: 196 | Z100: 118 | AA100: 130 | AB100: 118 | AC100: 111 | AD100: 124 | AE100: 67 | AF100: 109 | AG100: 103 | AH100: 0 | AI100: 70 | AK100: =SUM(F100:AJ100) -> 2863 | AL100: 46.175678 | AM100: =AK100*AL100/100 -> 1322.0096 | AN100: B
A101: 84 | B101: 3 | C101: ='Chấm công KT'!C97 -> 03590 | D101: ='Chấm công KT'!D97 -> T .Nhum | F101: 91 | G101: 64 | H101: 66 | I101: 71 | J101: 88 | K101: 70 | L101: 116 | M101: 127 | N101: 212 | O101: 91 | P101: 95 | Q101: 141 | R101: 0 | S101: 0 | T101: 0 | U101: 59 | V101: 229 | W101: 121 | X101: 64 | Y101: 0 | Z101: 123 | AA101: 139 | AB101: 68 | AC101: 73 | AD101: 124 | AE101: 93 | AF101: 46 | AG101: 59 | AH101: 117 | AI101: 0 | AK101: =SUM(F101:AJ101) -> 2547 | AL101: 46.175678 | AM101: =AK101*AL101/100 -> 1176.0945 | AN101: A
A102: 85 | B102: 4 | C102: ='Chấm công KT'!C98 -> 03591 | D102: ='Chấm công KT'!D98 -> N.Vông Ma Ni | F102: 89 | G102: 150 | H102: 74 | I102: 83 | J102: 77 | K102: 77 | L102: 90 | M102: 153 | N102: 151 | O102: 108 | P102: 89 | Q102: 0 | R102: 140 | S102: 0 | T102: 0 | U102: 177 | V102: 101 | W102: 176 | X102: 63 | Y102: 81 | Z102: 100 | AA102: 173 | AB102: 48 | AC102: 85 | AD102: 80 | AE102: 128 | AF102: 54 | AG102: 81 | AH102: 102 | AI102: 168 | AK102: =SUM(F102:AJ102) -> 2898 | AL102: 46.175678 | AM102: =AK102*AL102/100 -> 1338.1711 | AN102: A
A103: 86 | B103: 5 | C103: ='Chấm công KT'!C99 -> 03592 | D103: ='Chấm công KT'!D99 -> Đao Hương | F103: 88 | G103: 134 | H103: 60 | I103: 87 | J103: 100 | K103: 112 | L103: 107 | M103: 172 | N103: 156 | O103: 121 | P103: 92 | Q103: 0 | R103: 156 | S103: 0 | T103: 0 | U103: 183 | V103: 82 | W103: 182 | X103: 64 | Y103: 69 | Z103: 104 | AA103: 198 | AB103: 51 | AC103: 92 | AD103: 86 | AE103: 169 | AF103: 54 | AG103: 83 | AH103: 79 | AI103: 133 | AK103: =SUM(F103:AJ103) -> 3014 | AL103: 46.175678 | AM103: =AK103*AL103/100 -> 1391.7349 | AN103: A
A104: 87 | B104: 6 | C104: ='Chấm công KT'!C100 -> 03593 | D104: ='Chấm công KT'!D100 -> T. Xi Nun | F104: 76 | G104: 100 | H104: 68 | I104: 128 | J104: 158 | K104: 72 | L104: 116 | M104: 198 | N104: 184 | O104: 0 | P104: 60 | Q104: 121 | R104: 0 | S104: 0 | T104: 0 | U104: 0 | V104: 123 | W104: 79 | X104: 33 | Y104: 0 | Z104: 0 | AA104: 137 | AB104: 0 | AC104: 100 | AD104: 219 | AE104: 115 | AF104: 0 | AG104: 94 | AH104: 102 | AI104: 0 | AK104: =SUM(F104:AJ104) -> 2283 | AL104: 46.175678 | AM104: =AK104*AL104/100 -> 1054.1907 | AN104: B
A105: 88 | B105: 7 | C105: ='Chấm công KT'!C101 -> 03594 | D105: ='Chấm công KT'!D101 -> T. Bun Hinh | F105: 105 | G105: 62 | H105: 25 | I105: 145 | J105: 98 | K105: 45 | L105: 84 | M105: 175 | N105: 163 | O105: 70 | P105: 71 | Q105: 0 | R105: 0 | S105: 0 | T105: 0 | U105: 172 | V105: 176 | W105: 83 | X105: 148 | Y105: 0 | Z105: 81 | AA105: 97 | AB105: 0 | AC105: 82 | AD105: 98 | AE105: 78 | AF105: 36 | AG105: 103 | AH105: 84 | AI105: 64 | AK105: =SUM(F105:AJ105) -> 2345 | AL105: 46.175678 | AM105: =AK105*AL105/100 -> 1082.8196 | AN105: A
A106: 89 | B106: 8 | C106: ='Chấm công KT'!C102 -> 04073 | D106: ='Chấm công KT'!D102 -> T. Miềng | F106: 72 | G106: 53 | H106: 45 | I106: 130 | J106: 0 | K106: 63 | L106: 15 | M106: 152 | N106: 153 | O106: 65 | P106: 58 | Q106: 161 | R106: 0 | S106: 0 | T106: 0 | U106: 98 | V106: 125 | W106: 70 | X106: 155 | Y106: 0 | Z106: 111 | AA106: 72 | AB106: 0 | AC106: 127 | AD106: 138 | AE106: 0 | AF106: 40 | AG106: 133 | AH106: 132 | AI106: 76 | AK106: =SUM(F106:AJ106) -> 2244 | AL106: 46.175678 | AM106: =AK106*AL106/100 -> 1036.1822 | AN106: B
A107: 90 | B107: 9 | C107: ='Chấm công KT'!C103 -> 03596 | D107: ='Chấm công KT'!D103 -> N. Xúc | F107: 266 | G107: 0 | H107: 0 | I107: 150 | J107: 98 | K107: 79 | L107: 87 | M107: 235 | N107: 208 | O107: 66 | P107: 107 | Q107: 0 | R107: 203 | S107: 0 | T107: 0 | U107: 173 | V107: 73 | W107: 84 | X107: 0 | Y107: 190 | Z107: 164 | AA107: 0 | AB107: 194 | AC107: 137 | AD107: 0 | AE107: 161 | AF107: 0 | AG107: 150 | AH107: 186 | AI107: 72 | AK107: =SUM(F107:AJ107) -> 3083 | AL107: 46.175678 | AM107: =AK107*AL107/100 -> 1423.5961 | AN107: B
A108: 91 | B108: 10 | C108: ='Chấm công KT'!C104 -> 03597 | D108: ='Chấm công KT'!D104 -> N. Lẹ | F108: 92 | G108: 115 | H108: 65 | I108: 75 | J108: 82 | K108: 65 | L108: 117 | M108: 123 | N108: 170 | O108: 88 | P108: 77 | Q108: 80 | R108: 0 | S108: 0 | T108: 0 | U108: 80 | V108: 261 | W108: 116 | X108: 57 | Y108: 0 | Z108: 128 | AA108: 130 | AB108: 55 | AC108: 70 | AD108: 118 | AE108: 141 | AF108: 55 | AG108: 60 | AH108: 113 | AI108: 0 | AK108: =SUM(F108:AJ108) -> 2533 | AL108: 46.175678 | AM108: =AK108*AL108/100 -> 1169.6299 | AN108: A
A109: 92 | B109: 11 | C109: ='Chấm công KT'!C105 -> 03598 | D109: ='Chấm công KT'!D105 -> N . Thích | F109: 74 | G109: 71 | H109: 40 | I109: 74 | J109: 63 | K109: 75 | L109: 80 | M109: 171 | N109: 188 | O109: 129 | P109: 80 | Q109: 138 | R109: 104 | S109: 71 | T109: 0 | U109: 146 | V109: 100 | W109: 135 | X109: 60 | Y109: 117 | Z109: 153 | AA109: 124 | AB109: 40 | AC109: 84 | AD109: 100 | AE109: 95 | AF109: 41 | AG109: 98 | AH109: 81 | AI109: 102 | AK109: =SUM(F109:AJ109) -> 2834 | AL109: 46.175678 | AM109: =AK109*AL109/100 -> 1308.6187 | AN109: B
A110: 93 | B110: 12 | C110: ='Chấm công KT'!C106 -> 03599 | D110: ='Chấm công KT'!D106 -> N. Cong Mi | F110: 109 | G110: 91 | H110: 25 | I110: 78 | J110: 93 | K110: 45 | L110: 82 | M110: 157 | N110: 165 | O110: 70 | P110: 76 | Q110: 0 | R110: 0 | S110: 0 | T110: 0 | U110: 177 | V110: 142 | W110: 87 | X110: 140 | Y110: 0 | Z110: 100 | AA110: 100 | AB110: 0 | AC110: 80 | AD110: 92 | AE110: 86 | AF110: 36 | AG110: 108 | AH110: 88 | AI110: 82 | AK110: =SUM(F110:AJ110) -> 2309 | AL110: 46.175678 | AM110: =AK110*AL110/100 -> 1066.1964 | AN110: A
... A156: 139 | B156: 58 | C156: ='Chấm công KT'!C152 -> 04085 | D156: ='Chấm công KT'!D152 -> On chay | F156: 58 | G156: 0 | H156: 111 | I156: 45 | J156: 54 | K156: 46 | L156: 49 | M156: 135 | N156: 152 | O156: 36 | P156: 129 | Q156: 123 | R156: 0 | S156: 0 | T156: 0 | U156: 110 | V156: 239 | W156: 82 | X156: 110 | Y156: 111 | Z156: 130 | AA156: 98 | AB156: 109 | AC156: 0 | AD156: 130 | AE156: 82 | AF156: 116 | AG156: 175 | AH156: 144 | AI156: 82 | AK156: =SUM(F156:AJ156) -> 2656 | AL156: 46.175678 | AM156: =AK156*AL156/100 -> 1226.426 | AN156: A
A157: 140 | B157: 59 | D157: ='Chấm công KT'!D153 -> T. Thong | F157: 70 | G157: 80 | H157: 40 | I157: 90 | J157: 50 | K157: 40 | L157: 0 | M157: 0 | N157: 61 | O157: 60 | P157: 68 | Q157: 96 | R157: 0 | S157: 76 | T157: 0 | U157: 42 | V157: 90 | W157: 0 | X157: 50 | Y157: 60 | Z157: 73 | AA157: 61 | AB157: 70 | AC157: 96 | AD157: 61 | AE157: 41 | AF157: 28 | AG157: 72 | AH157: 50 | AI157: 68 | AK157: =SUM(F157:AJ157) -> 1593 | AL157: 46.175678 | AM157: =AK157*AL157/100 -> 735.57854 | AN157: C.
A158: 141 | B158: 60 | D158: ='Chấm công KT'!D154 -> T. Khách | F158: 60 | G158: 0 | H158: 0 | I158: 100 | J158: 51 | K158: 80 | L158: 0 | M158: 0 | N158: 94 | O158: 0 | P158: 81 | Q158: 58 | R158: 0 | S158: 0 | T158: 0 | U158: 100 | V158: 64 | W158: 32 | X158: 0 | Y158: 98 | Z158: 0 | AA158: 62 | AB158: 71 | AC158: 71 | AD158: 92 | AE158: 30 | AF158: 27 | AG158: 71 | AH158: 76 | AI158: 0 | AK158: =SUM(F158:AJ158) -> 1318 | AL158: 46.175678 | AM158: =AK158*AL158/100 -> 608.59543 | AN158: C.
A159: 142 | B159: 61 | D159: ='Chấm công KT'!D155 -> Nang On Xi | F159: 0 | G159: 0 | H159: 0 | I159: 0 | J159: 0 | K159: 0 | L159: 0 | M159: 82 | N159: 0 | O159: 0 | P159: 0 | Q159: 0 | R159: 0 | S159: 0 | T159: 0 | U159: 0 | V159: 82 | W159: 51 | X159: 0 | Y159: 151 | Z159: 0 | AA159: 38 | AB159: 0 | AC159: 81 | AD159: 0 | AE159: 0 | AF159: 34 | AG159: 0 | AH159: 0 | AI159: 0 | AK159: =SUM(F159:AJ159) -> 519 | AL159: 46.175678 | AM159: =AK159*AL159/100 -> 239.65177 | AN159: C.
A160: 143 | B160: 62 | D160: ='Chấm công KT'!D156 -> Thảo Túc | F160: 0 | G160: 0 | H160: 0 | I160: 0 | J160: 0 | K160: 0 | L160: 0 | M160: 0 | N160: 0 | O160: 0 | P160: 0 | Q160: 0 | R160: 0 | S160: 0 | T160: 0 | U160: 0 | V160: 0 | W160: 0 | X160: 0 | Y160: 0 | Z160: 0 | AA160: 0 | AB160: 0 | AC160: 0 | AD160: 0 | AE160: 0 | AF160: 118 | AG160: 0 | AH160: 0 | AI160: 0 | AK160: =SUM(F160:AJ160) -> 118 | AL160: 46.175678 | AM160: =AK160*AL160/100 -> 54.487299 | AN160: C.
A161: Tổng cộng | F161: =F16+F98 -> 8825 | G161: =G16+G98 -> 7849 | H161: =H16+H98 -> 7474 | I161: =I16+I98 -> 9788 | J161: =J16+J98 -> 9254 | K161: =K16+K98 -> 8619 | L161: =L16+L98 -> 15650 | M161: =M16+M98 -> 19234 | ... AM161: =AM16+AM98 -> 151351.57 | AP161: =SUM(#REF!) -> #REF!
A163: STT | F163: SỐ CÔNG NHÂN | I163: HẠNG KỸ THUẬT | M163: SẢN LƯỢNG MỦ TẠP (KG) | R163: SẢN LƯỢNG MỦ QUY KHÔ (KG) | W163: TỶ LỆ % THEO HẠNG KỸ THUẬT | AE163: GHI CHÚ | AP163: =SUM(AP13:AP161) -> #REF!
A164: Công nhân chính thức | F164: =SUM(F165:H168) -> 131 | M164: =SUM(M165:Q168) -> 318229 | R164: =SUM(R165:V168) -> 147264.85 | W164: =SUM(W165:AD167) -> 97.299844
A165: 1 | F165: =SUM(COUNTIF(AN16:AN160,"A")) -> 92 | I165: A | M165: =SUMIF($AN$15:$AN$160,"A",$AK$15:$AK$160) -> 231883 | R165: =SUMIF($AN$15:$AN$160,"A",$AM$15:$AM$160) -> 107329.3 | W165: =R165/R171*100 -> 70.913898
A166: 2 | F166: =SUM(COUNTIF(AN16:AN160,"B")) -> 39 | I166: B | M166: =SUMIF($AN$15:$AN$160,"B",$AK$15:$AK$160) -> 86346 | R166: =SUMIF($AN$15:$AN$160,"B",$AM$15:$AM$160) -> 39935.545 | W166: =R166/R171*100 -> 26.385946 | AM166: =AM161+'BTH mủ Sỉum'!AJ20 -> 151351.57
A167: 3 | F167: =SUM(COUNTIF(AN16:AN160,"C")) -> 0 | I167: C | M167: =SUMIF($AN$15:$AN$160,"C",$AK$15:$AK$160) -> 0 | R167: =SUMIF($AN$15:$AN$160,"C",$AM$15:$AM$160) -> 0 | W167: =R167/R171*100 -> 0
A168: 4 | F168: =SUM(COUNTIF(AN16:AN160,"D")) -> 0 | I168: D | M168: =SUMIF($AN$15:$AN$160,"D",$AK$15:$AK$160) -> 0 | R168: =SUMIF($AN$15:$AN$160,"D",$AM$15:$AM$160) -> 0 | W168: =R168/R171*100 -> 0
A169: Công nhân thay thế | F169: =F170 -> 12 | M169: =M170 -> 8828 | R169: =R170 -> 4086.7289 | W169: =W170 -> 2.7001562
A170: 1 | F170: =SUM(COUNTIF(AN19:AN163,"C.")) -> 12 | I170: C. | M170: =SUMIF($AN$15:$AN$160,"C.",$AK$15:$AK$160) -> 8828 | R170: =SUMIF($AN$15:$AN$160,"C.",$AM$15:$AM$160) -> 4086.7289 | W170: =R170/R171*100 -> 2.7001562
A171: Tổng cộng | F171: =F164+F169 -> 143 | M171: =M164+M169 -> 327057 | R171: =R164+R169 -> 151351.57 | W171: =W164+W169 -> 100
D173: STT | F173: Số công nhân | M173: Hạng kỹ thuật | T173: Sản lượng mủ (kg) | AL173: Ghi chú
M174: Hạng | Q174: Tỷ lệ % | T174: Mủ tạp | AA174: Mủ quy khô | AH174: Tỷ lệ %
D175: CN chính thức | F175: =SUM(F176:L179) -> 73 | Q175: =SUM(Q176:S179) -> 100 | T175: =SUM(T176:Z179) -> 163631 | AA175: =SUM(AA176:AG179) -> 75878.171 | AH175: =SUM(AH176:AK179) -> 100
F176: =COUNTIF($AN$17:$AN$97,"A") -> 56 | M176: A | Q176: =+F176/$F$175*100 -> 76.712329 | T176: =SUMIF($AN$17:$AN$97,"A",$AK$17:$AK$97) -> 130596 | AA176: =SUMIF($AN$17:$AN$97,"A",$AM$17:$AM$97) -> 60559.342 | AH176: =+AA176/$AA$175*100 -> 79.811283
F177: =COUNTIF($AN$17:$AN$96,"B") -> 17 | M177: B | Q177: =+F177/$F$175*100 -> 23.287671 | T177: =SUMIF($AN$17:$AN$97,"B",$AK$17:$AK$97) -> 33035 | AA177: =SUMIF($AN$17:$AN$97,"B",$AM$17:$AM$97) -> 15318.829 | AH177: =+AA177/$AA$175*100 -> 20.188717
F178: =COUNTIF($AN$17:$AN$96,"C") -> 0 | M178: C | Q178: =+F178/$F$175*100 -> 0 | T178: =SUMIF($AN$17:$AN$97,"C",$AK$17:$AK$97) -> 0 | AA178: =SUMIF($AN$17:$AN$97,"C",$AM$17:$AM$97) -> 0 | AH178: =+AA178/$AA$175*100 -> 0
F179: =COUNTIF($AN$17:$AN$97,"D") -> 0 | M179: D | Q179: =+F179/$F$175*100 -> 0 | T179: =SUMIF($AN$17:$AN$97,"D",$AK$17:$AK$97) -> 0 | AA179: =SUMIF($AN$17:$AN$97,"D",$AM$17:$AM$97) -> 0 | AH179: =+AA179/$AA$175*100 -> 0
D180: CN thay thế | F180: =COUNTIF($AN$17:$AN$97,"C.") -> 8 | M180: C. | T180: =SUMIF($AN$17:$AN$97,"C.",$AK$17:$AK$97) -> 5280 | AA180: =SUMIF($AN$17:$AN$97,"C.",$AM$17:$AM$97) -> 2448.4159
D181: Tổng Trạm 1 | F181: =+F175+F180 -> 81 | T181: =+T175+T180 -> 168911 | AA181: =AA175+AA180 -> 78326.587
D182: CN chính thức | F182: =SUM(F183:L186) -> 58 | Q182: =SUM(Q183:S186) -> 100 | T182: =SUM(T183:Z186) -> 154598 | AA182: =SUM(AA183:AG186) -> 71386.674 | AH182: =SUM(AH183:AK186) -> 100
F183: =COUNTIF($AN$99:$AN$160,"A") -> 36 | M183: A | Q183: =+F183/$F$182*100 -> 62.068966 | T183: =SUMIF($AN$99:$AN$160,"A",$AK$99:$AK$160) -> 101287 | AA183: =SUMIF($AN$99:$AN$160,"A",$AM$99:$AM$160) -> 46769.959 | AH183: =+AA183/$AA$182*100 -> 65.516371
F184: =COUNTIF($AN$99:$AN$160,"B") -> 22 | M184: B | Q184: =+F184/$F$182*100 -> 37.931034 | T184: =SUMIF($AN$99:$AN$160,"B",$AK$99:$AK$160) -> 53311 | AA184: =SUMIF($AN$99:$AN$160,"B",$AM$99:$AM$160) -> 24616.715 | AH184: =+AA184/$AA$182*100 -> 34.483629
F185: =COUNTIF($AN$99:$AN$160,"C") -> 0 | M185: C | Q185: =+F185/$F$195*100 -> 0 | T185: =SUMIF($AN$99:$AN$160,"C",$AK$99:$AK$160) -> 0 | AA185: =SUMIF($AN$99:$AN$160,"C",$AM$99:$AM$160) -> 0 | AH185: =+AA185/$AA$181*100 -> 0
F186: =COUNTIF($AN$99:$AN$160,"D") -> 0 | M186: D | Q186: =+F186/$F$195*100 -> 0 | T186: =SUMIF($AN$99:$AN$160,"D",$AK$99:$AK$160) -> 0 | AA186: =SUMIF($AN$99:$AN$160,"D",$AM$99:$AM$160) -> 0 | AH186: =+AA186/$AA$181*100 -> 0
D187: CN thay thế | F187: =COUNTIF($AN$99:$AN$160,"C.") -> 4 | M187: C. | T187: =SUMIF($AN$99:$AN$160,"C.",$AK$99:$AK$160) -> 3548 | AA187: =SUMIF($AN$99:$AN$160,"C.",$AM$99:$AM$160) -> 1638.313
D188: Tổng Trạm 2 | F188: =+F182+F187 -> 62 | T188: =+T182+T187 -> 158146 | AA188: =AA182+AA187 -> 73024.987
D189: CN chính thức | F189: =SUM(F190:L193) -> 131 | Q189: =SUM(Q190:S193) -> 100 | T189: =SUM(T190:Z193) -> 318229 | AA189: =SUM(AA190:AG193) -> 147264.85 | AH189: =SUM(AH190:AK193) -> 100
F190: =F176+F183 -> 92 | M190: A | Q190: =+F190/$F$189*100 -> 70.229008 | T190: =T183+T176 -> 231883 | AA190: =AA176+AA183 -> 107329.3 | AH190: =+AA190/$AA$189*100 -> 72.881821
F191: =F177+F184 -> 39 | M191: B | Q191: =+F191/$F$189*100 -> 29.770992 | T191: =T184+T177 -> 86346 | AA191: =AA177+AA184 -> 39935.545 | AH191: =+AA191/$AA$189*100 -> 27.118179
F192: =F178+F185 -> 0 | M192: C | Q192: =+F192/$F$189*100 -> 0 | T192: =T185+T178 -> 0 | AA192: =AA178+AA185 -> 0 | AH192: =+AA192/$AA$189*100 -> 0
F193: =F179+F186 -> 0 | M193: D | Q193: =+F193/$F$195*100 -> 0 | T193: =T186+T179 -> 0 | AA193: =AA179+AA186 -> 0 | AH193: =+AA193/$AA$189*100 -> 0
D194: CN thay thế | F194: =F187+F180 -> 12 | M194: C. | T194: =T187+T180 -> 8828 | AA194: =AA180+AA187 -> 4086.7289
D195: Tổng Đội | F195: =+F189+F194 -> 143 | T195: =+T189+T194 -> 327057 | AA195: =+AA189+AA194 -> 151351.57
AD197: Huyện Phìn, ngày 01 tháng 07 năm 2025
A198: TỔNG GIÁM ĐỐC | F198: PHÒNG KT - NN | O198: PHÒNG TC - HC | W198: P.PHÒNG PHỤ TRÁCH | AE198: ĐỘI TRƯỞNG | AK198: NGƯỜI LẬP

Sheet BTH mủ Sỉum
A1: CỘNG HÒA DÂN CHỦ NHÂN DÂN LÀO
A2: Hòa Bình -Độc Lập - Dân Chủ - thống Nhất - Thịnh Vượng
A3: -----o0o-----
A5: CÔNG TY TNHH MTV QUASA - GERUCO LÀO
A6: ĐỘI SẢN XUẤT SỐ 4
A12: BẢNG THEO DÕI SẢN LƯỢNG MỦ SERUM THÁNG 06 NĂM 2025
AK13: DRC
A14: Stt | B14: Họ và tên | C14: Ngày | AH14: Tổng mủ Xirum | AI14: DRC bình quân | AJ14: Quy khô | AK14: Xếp hạng kỹ thuật | AL14: Kí tên
C15: 1 | D15: 2 | E15: 3 | F15: 4 | G15: 5 | H15: 6 | I15: 7 | J15: 8 | K15: 9 | L15: 10 | M15: 11 | N15: 12 | O15: 13 | P15: 14 | Q15: 15 | R15: 16 | S15: 17 | T15: 18 | U15: 19 | V15: 20 | W15: 21 | X15: 22 | Y15: 23 | Z15: 24 | AA15: 25 | AB15: 26 | AC15: 27 | AD15: 28 | AE15: 29 | AF15: 30
A16: Trạm 1 | C16: =C17 -> 0 | D16: =D17 -> 0 | E16: =E17 -> 0 | F16: =F17 -> 0 | G16: =G17 -> 0 | H16: =H17 -> 0 | I16: =I17 -> 0 | J16: =J17 -> 0 | ... AF16: =AF17 -> 0 | AH16: =AH17 -> 0 | AJ16: =AJ17 -> 0 | AK16: =AK17 -> 0
A17: 1 | B17: Mủ Xirum | AH17: =SUM(C17:AG17) -> 0 | AI17: 48.216842 | AJ17: =AH17*AI17/100 -> 0
A18: Trạm 2 | C18: =C19 -> 0 | D18: =D19 -> 0 | E18: =E19 -> 0 | F18: =F19 -> 0 | G18: =G19 -> 0 | H18: =H19 -> 0 | I18: =I19 -> 0 | J18: =J19 -> 0 | ... AF18: =AF19 -> 0 | AH18: =AH19 -> 0 | AJ18: =AJ19 -> 0
A19: 1 | B19: Mủ Xirum | AH19: =SUM(C19:AG19) -> 0 | AI19: 44.235 | AJ19: =AH19*AI19/100 -> 0
A20: Tổng cộng | AE20: =AE16+AE18 -> 0 | AF20: =AF16+AF18 -> 0 | AG20: =AG16+AG18 -> 0 | AH20: =AH16+AH18 -> 0 | AI20: =AI16+AI18 -> 0 | AJ20: =AJ16+AJ18 -> 0 | AK20: =AK16+AK18+#REF!+#REF! -> #REF!
Y22: Mường phìn, ngày 02 tháng 06 năm 2025
A23: TỔNG GIÁM ĐỐC PHÒNG KT - NN P. PHÒNG PHỤ TRÁCH ĐỘI TRƯỞNG NGƯỜI LẬP

Sheet TONGHOPCONGDOI
A2: CÔNG TY TNHH CỔ PHẦN QUASA - GERUCO | R2: CỘNG HÒA DÂN CHỦ NHÂN DÂN LÀO
A3: NÔNG TRƯỜNG 2 | N3: =144/0.67 -> 214.92537 | R3: Hòa Bình - Độc Lập - Dân Chủ - Thống Nhất - Thịnh Vượng
A4: Đội: 1.2.3.4 | J4: =F11*25000 -> 0 | K4: =G11*25000 -> 0 | T4: =Q9-19035.02 -> -16832.72
A5: BẢNG TỔNG HỢP CÔNG THỰC HIỆN THÁNG 01 NĂM 2025
A6: STT | B6: Mã số nhân viên | C6: Họ và Tên Lào | D6: Chức vụ
E7: Bôi thuốc kích thích | F7: Bôi thuốc loét sọc | G7: Phun cỏ đại trà | H7: Phát chồi đại trà | I7: Thiết kế miệng cạo ngữa | J7: Rút máng | K7: Cột kiềng | L7: Xả miệng cạo ngữa | M7: Phát chồi đại trà | N7: Gom chén | P7: Thổi lá hàng 3m | Q7: Tổng công | R7: Sản lượng mủ | V7: Các khoản PC | AC7: Tổng cộng | AD7: Xếp loại KT tính lương | AE7: Xác Nhận
R8: Mủ tạp | S8: Mủ Xirum | T8: Quy khô DRC=50 | U8: Tổng sản lượng mủ tạp+mủ dây quy khô | V8: Ngày công đi cạo thường (x) | W8: Ngày CN thường (cn) | X8: Ngày công đi cạo 2 lát (đ) | Y8: Ngày công chủ nhật cạo 2 lát (đc) | Z8: Ngày công cạo gia tăng 2 miêng (gt) | AA8: Ngày chủ nhật cạo gia tăng 2 miệng (ct) | AB8: Phụ cấp nhỏ a xít | AI8: =5308.01-Q9 -> 3105.71
A9: I | B9: VC KINH DOANH NĂM | E9: =E10+E95 -> 419.2 | F9: =F10+F95 -> 50.4 | G9: =G10+G95 -> 254.7 | H9: =H10+H95 -> 1340.8 | I9: =I10+I95 -> 0 | J9: =J10+J95 -> 0 | K9: =K10+K95 -> 0 | L9: =L10+L95 -> 0 | ... AC9: =AC10+AC95 -> 2202.3 | AF9: 6716.8 | AG9: =6716.8-Q9 -> 4514.5
A10: A | B10: Đội I | E10: =SUM(E11:E94) -> 233.6 | F10: =SUM(F11:F94) -> 3.2 | G10: =SUM(G11:G94) -> 0 | H10: =SUM(H11:H94) -> 431.16 | I10: =SUM(I11:I94) -> 0 | J10: =SUM(J11:J94) -> 0 | K10: =SUM(K11:K94) -> 0 | L10: =SUM(L11:L94) -> 0 | ... AC10: =SUM(AC11:AC94) -> 805.16 | AF10: 1618 | AG10: 194
A11: 1 | B11: ='Chấm công KT'!C13 -> 03456 | C11: ='Chấm công KT'!D13 -> T. Vôn | D11: CN-KT | E11: =4/1.25 -> 3.2 | Q11: =SUM(E11:P11) -> 3.2 | R11: =VLOOKUP(C11,'BTH mủ tạp'!D17:AK97,34,0) -> 1135 | T11: =S11*50/100 -> 0 | U11: =R11 -> 1135 | V11: =VLOOKUP(C11,'Chấm công KT'!D13:AK93,34,0) -> 12 | W11: =VLOOKUP(C11,'Chấm công KT'!D13:AL93,35,0) -> 2 | Z11: =VLOOKUP(C11,'Chấm công KT'!$D$13:$AO$92,38,0) -> 0 | AA11: =VLOOKUP(C11,'Chấm công KT'!$D$13:$AP$92,39,0) -> 0 | AC11: =Q11 -> 3.2 | AD11: =VLOOKUP(C11,'BTH mủ tạp'!$D$17:$AN$160,36,0) -> 526.31668
A12: 2 | B12: ='Chấm công KT'!C14 -> 04052 | C12: ='Chấm công KT'!D14 -> T. Feng | D12: CN-KT | E12: =4/1.25 -> 3.2 | Q12: =SUM(E12:P12) -> 3.2 | R12: =VLOOKUP(C12,'BTH mủ tạp'!D18:AK98,34,0) -> 1955 | T12: =S12*50/100 -> 0 | U12: =R12 -> 1955 | V12: =VLOOKUP(C12,'Chấm công KT'!D14:AK94,34,0) -> 21 | W12: =VLOOKUP(C12,'Chấm công KT'!D14:AL94,35,0) -> 4 | Z12: =VLOOKUP(C12,'Chấm công KT'!$D$13:$AO$92,38,0) -> 0 | AA12: =VLOOKUP(C12,'Chấm công KT'!$D$13:$AP$92,39,0) -> 0 | AC12: =Q12 -> 3.2 | AD12: =VLOOKUP(C12,'BTH mủ tạp'!$D$17:$AN$160,36,0) -> 906.56309
A13: 3 | B13: ='Chấm công KT'!C15 -> 02725 | C13: ='Chấm công KT'!D15 -> T. Sa Văn | D13: CN-KT | E13: =4/1.25 -> 3.2 | Q13: =SUM(E13:P13) -> 3.2 | R13: =VLOOKUP(C13,'BTH mủ tạp'!D19:AK99,34,0) -> 1903 | T13: =S13*50/100 -> 0 | U13: =R13 -> 1903 | V13: =VLOOKUP(C13,'Chấm công KT'!D15:AK95,34,0) -> 19 | W13: =VLOOKUP(C13,'Chấm công KT'!D15:AL95,35,0) -> 5 | Z13: =VLOOKUP(C13,'Chấm công KT'!$D$13:$AO$92,38,0) -> 0 | AA13: =VLOOKUP(C13,'Chấm công KT'!$D$13:$AP$92,39,0) -> 0 | AC13: =Q13 -> 3.2 | AD13: =VLOOKUP(C13,'BTH mủ tạp'!$D$17:$AN$160,36,0) -> 882.4499 | AG13: 119657 | AH13: 197
A14: 4 | B14: ='Chấm công KT'!C16 -> 04053 | C14: ='Chấm công KT'!D16 -> Lăm Ma Thu | D14: CN-KT | E14: =4/1.25 -> 3.2 | Q14: =SUM(E14:P14) -> 3.2 | R14: =VLOOKUP(C14,'BTH mủ tạp'!D20:AK100,34,0) -> 2145 | T14: =S14*50/100 -> 0 | U14: =R14 -> 2145 | V14: =VLOOKUP(C14,'Chấm công KT'!D16:AK96,34,0) -> 20 | W14: =VLOOKUP(C14,'Chấm công KT'!D16:AL96,35,0) -> 5 | Z14: =VLOOKUP(C14,'Chấm công KT'!$D$13:$AO$92,38,0) -> 0 | AA14: =VLOOKUP(C14,'Chấm công KT'!$D$13:$AP$92,39,0) -> 0 | AC14: =Q14 -> 3.2 | AD14: =VLOOKUP(C14,'BTH mủ tạp'!$D$17:$AN$160,36,0) -> 994.66896 | AG14: 125408 | AH14: 554
A15: 5 | B15: ='Chấm công KT'!C17 -> 03459 | C15: ='Chấm công KT'!D17 -> N. Vạt | D15: CN-KT | E15: =4/1.25 -> 3.2 | Q15: =SUM(E15:P15) -> 3.2 | R15: =VLOOKUP(C15,'BTH mủ tạp'!D21:AK101,34,0) -> 2015 | T15: =S15*50/100 -> 0 | U15: =R15 -> 2015 | V15: =VLOOKUP(C15,'Chấm công KT'!D17:AK97,34,0) -> 19 | W15: =VLOOKUP(C15,'Chấm công KT'!D17:AL97,35,0) -> 4 | Z15: =VLOOKUP(C15,'Chấm công KT'!$D$13:$AO$92,38,0) -> 0 | AA15: =VLOOKUP(C15,'Chấm công KT'!$D$13:$AP$92,39,0) -> 0 | AC15: =Q15 -> 3.2 | AD15: =VLOOKUP(C15,'BTH mủ tạp'!$D$17:$AN$160,36,0) -> 934.386 | AG15: 97048 | AH15: 92
A16: 6 | B16: ='Chấm công KT'!C18 -> 04054 | C16: ='Chấm công KT'!D18 -> N. Kay Son | D16: CN-KT | E16: =4/1.25 -> 3.2 | Q16: =SUM(E16:P16) -> 3.2 | R16: =VLOOKUP(C16,'BTH mủ tạp'!D22:AK102,34,0) -> 2401 | T16: =S16*50/100 -> 0 | U16: =R16 -> 2401 | V16: =VLOOKUP(C16,'Chấm công KT'!D18:AK98,34,0) -> 20 | W16: =VLOOKUP(C16,'Chấm công KT'!D18:AL98,35,0) -> 4 | Z16: =VLOOKUP(C16,'Chấm công KT'!$D$13:$AO$92,38,0) -> 0 | AA16: =VLOOKUP(C16,'Chấm công KT'!$D$13:$AP$92,39,0) -> 0 | AC16: =Q16 -> 3.2 | AD16: =VLOOKUP(C16,'BTH mủ tạp'!$D$17:$AN$160,36,0) -> 1113.38 | AG16: 46179
A17: 7 | B17: ='Chấm công KT'!C19 -> 04055 | C17: ='Chấm công KT'!D19 -> T. Đèng 1 | D17: CN-KT | E17: =4/1.25 -> 3.2 | Q17: =SUM(E17:P17) -> 3.2 | R17: =VLOOKUP(C17,'BTH mủ tạp'!D23:AK103,34,0) -> 1993 | T17: =S17*50/100 -> 0 | U17: =R17 -> 1993 | V17: =VLOOKUP(C17,'Chấm công KT'!D19:AK99,34,0) -> 23 | W17: =VLOOKUP(C17,'Chấm công KT'!D19:AL99,35,0) -> 5 | Z17: =VLOOKUP(C17,'Chấm công KT'!$D$13:$AO$92,38,0) -> 0 | AA17: =VLOOKUP(C17,'Chấm công KT'!$D$13:$AP$92,39,0) -> 0 | AC17: =Q17 -> 3.2 | AD17: =VLOOKUP(C17,'BTH mủ tạp'!$D$17:$AN$160,36,0) -> 924.18426
A18: 8 | B18: ='Chấm công KT'!C20 -> 03462 | C18: ='Chấm công KT'!D20 -> T . Bua Ngân | D18: CN-KT | E18: =4/1.25 -> 3.2 | Q18: =SUM(E18:P18) -> 3.2 | R18: =VLOOKUP(C18,'BTH mủ tạp'!D24:AK104,34,0) -> 2333 | T18: =S18*50/100 -> 0 | U18: =R18 -> 2333 | V18: =VLOOKUP(C18,'Chấm công KT'!D20:AK100,34,0) -> 23 | W18: =VLOOKUP(C18,'Chấm công KT'!D20:AL100,35,0) -> 5 | Z18: =VLOOKUP(C18,'Chấm công KT'!$D$13:$AO$92,38,0) -> 0 | AA18: =VLOOKUP(C18,'Chấm công KT'!$D$13:$AP$92,39,0) -> 0 | AC18: =Q18 -> 3.2 | AD18: =VLOOKUP(C18,'BTH mủ tạp'!$D$17:$AN$160,36,0) -> 1081.8474 | AI18: =1155.43-Q9 -> -1046.87
A19: 9 | B19: ='Chấm công KT'!C21 -> 03463 | C19: ='Chấm công KT'!D21 -> T Căng | D19: CN-KT | E19: =4/1.25 -> 3.2 | Q19: =SUM(E19:P19) -> 3.2 | R19: =VLOOKUP(C19,'BTH mủ tạp'!D25:AK105,34,0) -> 2885 | T19: =S19*50/100 -> 0 | U19: =R19 -> 2885 | V19: =VLOOKUP(C19,'Chấm công KT'!D21:AK101,34,0) -> 23 | W19: =VLOOKUP(C19,'Chấm công KT'!D21:AL101,35,0) -> 5 | Z19: =VLOOKUP(C19,'Chấm công KT'!$D$13:$AO$92,38,0) -> 0 | AA19: =VLOOKUP(C19,'Chấm công KT'!$D$13:$AP$92,39,0) -> 0 | AC19: =Q19 -> 3.2 | AD19: =VLOOKUP(C19,'BTH mủ tạp'!$D$17:$AN$160,36,0) -> 1337.8182
A20: 10 | B20: ='Chấm công KT'!C22 -> 03464 | C20: ='Chấm công KT'!D22 -> N. Phôn 1 | D20: CN-KT | E20: =4/1.25 -> 3.2 | Q20: =SUM(E20:P20) -> 3.2 | R20: =VLOOKUP(C20,'BTH mủ tạp'!D26:AK106,34,0) -> 2848 | T20: =S20*50/100 -> 0 | U20: =R20 -> 2848 | V20: =VLOOKUP(C20,'Chấm công KT'!D22:AK102,34,0) -> 23 | W20: =VLOOKUP(C20,'Chấm công KT'!D22:AL102,35,0) -> 5 | Z20: =VLOOKUP(C20,'Chấm công KT'!$D$13:$AO$92,38,0) -> 0 | AA20: =VLOOKUP(C20,'Chấm công KT'!$D$13:$AP$92,39,0) -> 0 | AC20: =Q20 -> 3.2 | AD20: =VLOOKUP(C20,'BTH mủ tạp'!$D$17:$AN$160,36,0) -> 1320.6607 | AG20: =Q9 -> 2202.3
A21: 11 | B21: ='Chấm công KT'!C23 -> 03465 | C21: ='Chấm công KT'!D23 -> T. In Păn | D21: CN-KT | E21: =4/1.25 -> 3.2 | Q21: =SUM(E21:P21) -> 3.2 | R21: =VLOOKUP(C21,'BTH mủ tạp'!D27:AK107,34,0) -> 2182 | T21: =S21*50/100 -> 0 | U21: =R21 -> 2182 | V21: =VLOOKUP(C21,'Chấm công KT'!D23:AK103,34,0) -> 20 | W21: =VLOOKUP(C21,'Chấm công KT'!D23:AL103,35,0) -> 5 | Z21: =VLOOKUP(C21,'Chấm công KT'!$D$13:$AO$92,38,0) -> 0 | AA21: =VLOOKUP(C21,'Chấm công KT'!$D$13:$AP$92,39,0) -> 0 | AC21: =Q21 -> 3.2 | AD21: =VLOOKUP(C21,'BTH mủ tạp'!$D$17:$AN$160,36,0) -> 1011.8264 | AG21: =AG20-2544.38 -> -342.08
A22: 12 | B22: ='Chấm công KT'!C24 -> 03466 | C22: ='Chấm công KT'!D24 -> N. Keo | D22: CN-KT | E22: =4/1.25 -> 3.2 | Q22: =SUM(E22:P22) -> 3.2 | R22: =VLOOKUP(C22,'BTH mủ tạp'!D28:AK108,34,0) -> 3179 | T22: =S22*50/100 -> 0 | U22: =R22 -> 3179 | V22: =VLOOKUP(C22,'Chấm công KT'!D24:AK104,34,0) -> 23 | W22: =VLOOKUP(C22,'Chấm công KT'!D24:AL104,35,0) -> 5 | Z22: =VLOOKUP(C22,'Chấm công KT'!$D$13:$AO$92,38,0) -> 0 | AA22: =VLOOKUP(C22,'Chấm công KT'!$D$13:$AP$92,39,0) -> 0 | AC22: =Q22 -> 3.2 | AD22: =VLOOKUP(C22,'BTH mủ tạp'!$D$17:$AN$160,36,0) -> 1474.1504 | AG22: =AG21-6.33 -> -348.41
A23: 13 | B23: ='Chấm công KT'!C25 -> 02727 | C23: ='Chấm công KT'!D25 -> T. Thong Đon | D23: CN-KT | E23: =4/1.25 -> 3.2 | Q23: =SUM(E23:P23) -> 3.2 | R23: =VLOOKUP(C23,'BTH mủ tạp'!D29:AK109,34,0) -> 2523 | T23: =S23*50/100 -> 0 | U23: =R23 -> 2523 | V23: =VLOOKUP(C23,'Chấm công KT'!D25:AK105,34,0) -> 20 | W23: =VLOOKUP(C23,'Chấm công KT'!D25:AL105,35,0) -> 5 | Z23: =VLOOKUP(C23,'Chấm công KT'!$D$13:$AO$92,38,0) -> 0 | AA23: =VLOOKUP(C23,'Chấm công KT'!$D$13:$AP$92,39,0) -> 0 | AC23: =Q23 -> 3.2 | AD23: =VLOOKUP(C23,'BTH mủ tạp'!$D$17:$AN$160,36,0) -> 1169.9533
A24: 14 | B24: ='Chấm công KT'!C26 -> 03467 | C24: ='Chấm công KT'!D26 -> T. Hin | D24: CN-KT | E24: =4/1.25 -> 3.2 | Q24: =SUM(E24:P24) -> 3.2 | R24: =VLOOKUP(C24,'BTH mủ tạp'!D30:AK110,34,0) -> 2309 | T24: =S24*50/100 -> 0 | U24: =R24 -> 2309 | V24: =VLOOKUP(C24,'Chấm công KT'!D26:AK106,34,0) -> 22 | W24: =VLOOKUP(C24,'Chấm công KT'!D26:AL106,35,0) -> 5 | Z24: =VLOOKUP(C24,'Chấm công KT'!$D$13:$AO$92,38,0) -> 0 | AA24: =VLOOKUP(C24,'Chấm công KT'!$D$13:$AP$92,39,0) -> 0 | AC24: =Q24 -> 3.2 | AD24: =VLOOKUP(C24,'BTH mủ tạp'!$D$17:$AN$160,36,0) -> 1070.7182
A25: 15 | B25: ='Chấm công KT'!C27 -> 04056 | C25: ='Chấm công KT'!D27 -> N. Ly Phon | D25: CN-KT | E25: =4/1.25 -> 3.2 | Q25: =SUM(E25:P25) -> 3.2 | R25: =VLOOKUP(C25,'BTH mủ tạp'!D31:AK111,34,0) -> 1650 | T25: =S25*50/100 -> 0 | U25: =R25 -> 1650 | V25: =VLOOKUP(C25,'Chấm công KT'!D27:AK107,34,0) -> 19 | W25: =VLOOKUP(C25,'Chấm công KT'!D27:AL107,35,0) -> 4 | Z25: =VLOOKUP(C25,'Chấm công KT'!$D$13:$AO$92,38,0) -> 0 | AA25: =VLOOKUP(C25,'Chấm công KT'!$D$13:$AP$92,39,0) -> 0 | AC25: =Q25 -> 3.2 | AD25: =VLOOKUP(C25,'BTH mủ tạp'!$D$17:$AN$160,36,0) -> 765.12997
A26: 16 | B26: ='Chấm công KT'!C28 -> 03469 | C26: ='Chấm công KT'!D28 -> T. Xôm Va Nít | D26: CN-KT | E26: =4/1.25 -> 3.2 | Q26: =SUM(E26:P26) -> 3.2 | R26: =VLOOKUP(C26,'BTH mủ tạp'!D32:AK112,34,0) -> 3122 | T26: =S26*50/100 -> 0 | U26: =R26 -> 3122 | V26: =VLOOKUP(C26,'Chấm công KT'!D28:AK108,34,0) -> 23 | W26: =VLOOKUP(C26,'Chấm công KT'!D28:AL108,35,0) -> 5 | Z26: =VLOOKUP(C26,'Chấm công KT'!$D$13:$AO$92,38,0) -> 0 | AA26: =VLOOKUP(C26,'Chấm công KT'!$D$13:$AP$92,39,0) -> 0 | AC26: =Q26 -> 3.2 | AD26: =VLOOKUP(C26,'BTH mủ tạp'!$D$17:$AN$160,36,0) -> 1447.7186
A27: 17 | B27: ='Chấm công KT'!C29 -> 03470 | C27: ='Chấm công KT'!D29 -> T. Lọi | D27: CN-KT | E27: =4/1.25 -> 3.2 | Q27: =SUM(E27:P27) -> 3.2 | R27: =VLOOKUP(C27,'BTH mủ tạp'!D33:AK113,34,0) -> 2112 | T27: =S27*50/100 -> 0 | U27: =R27 -> 2112 | V27: =VLOOKUP(C27,'Chấm công KT'!D29:AK109,34,0) -> 19 | W27: =VLOOKUP(C27,'Chấm công KT'!D29:AL109,35,0) -> 4 | Z27: =VLOOKUP(C27,'Chấm công KT'!$D$13:$AO$92,38,0) -> 0 | AA27: =VLOOKUP(C27,'Chấm công KT'!$D$13:$AP$92,39,0) -> 0 | AC27: =Q27 -> 3.2 | AD27: =VLOOKUP(C27,'BTH mủ tạp'!$D$17:$AN$160,36,0) -> 979.36636
A28: 18 | B28: ='Chấm công KT'!C30 -> 03471 | C28: ='Chấm công KT'!D30 -> T. Phô Thong | D28: CN-KT | E28: =4/1.25 -> 3.2 | Q28: =SUM(E28:P28) -> 3.2 | R28: =VLOOKUP(C28,'BTH mủ tạp'!D34:AK114,34,0) -> 2729 | T28: =S28*50/100 -> 0 | U28: =R28 -> 2729 | V28: =VLOOKUP(C28,'Chấm công KT'!D30:AK110,34,0) -> 23 | W28: =VLOOKUP(C28,'Chấm công KT'!D30:AL110,35,0) -> 5 | Z28: =VLOOKUP(C28,'Chấm công KT'!$D$13:$AO$92,38,0) -> 0 | AA28: =VLOOKUP(C28,'Chấm công KT'!$D$13:$AP$92,39,0) -> 0 | AC28: =Q28 -> 3.2 | AD28: =VLOOKUP(C28,'BTH mủ tạp'!$D$17:$AN$160,36,0) -> 1265.4786 | AF28: =Q9-10084 -> -7881.7
A29: 19 | B29: ='Chấm công KT'!C31 -> 03472 | C29: ='Chấm công KT'!D31 -> N. Soi | D29: CN-KT | E29: =4/1.25 -> 3.2 | Q29: =SUM(E29:P29) -> 3.2 | R29: =VLOOKUP(C29,'BTH mủ tạp'!D35:AK115,34,0) -> 1472 | T29: =S29*50/100 -> 0 | U29: =R29 -> 1472 | V29: =VLOOKUP(C29,'Chấm công KT'!D31:AK111,34,0) -> 20 | W29: =VLOOKUP(C29,'Chấm công KT'!D31:AL111,35,0) -> 5 | Z29: =VLOOKUP(C29,'Chấm công KT'!$D$13:$AO$92,38,0) -> 0 | AA29: =VLOOKUP(C29,'Chấm công KT'!$D$13:$AP$92,39,0) -> 0 | AC29: =Q29 -> 3.2 | AD29: =VLOOKUP(C29,'BTH mủ tạp'!$D$17:$AN$160,36,0) -> 682.58868
A30: 20 | B30: ='Chấm công KT'!C32 -> 03473 | C30: ='Chấm công KT'!D32 -> N. Me Kha La | D30: CN-KT | E30: =4/1.25 -> 3.2 | Q30: =SUM(E30:P30) -> 3.2 | R30: =VLOOKUP(C30,'BTH mủ tạp'!D36:AK116,34,0) -> 2260 | T30: =S30*50/100 -> 0 | U30: =R30 -> 2260 | V30: =VLOOKUP(C30,'Chấm công KT'!D32:AK112,34,0) -> 19 | W30: =VLOOKUP(C30,'Chấm công KT'!D32:AL112,35,0) -> 5 | Z30: =VLOOKUP(C30,'Chấm công KT'!$D$13:$AO$92,38,0) -> 0 | AA30: =VLOOKUP(C30,'Chấm công KT'!$D$13:$AP$92,39,0) -> 0 | AC30: =Q30 -> 3.2 | AD30: =VLOOKUP(C30,'BTH mủ tạp'!$D$17:$AN$160,36,0) -> 1047.9962
A31: 21 | B31: ='Chấm công KT'!C33 -> 03474 | C31: ='Chấm công KT'!D33 -> N. Mon Khăm | D31: CN-KT | E31: =4/1.25 -> 3.2 | Q31: =SUM(E31:P31) -> 3.2 | R31: =VLOOKUP(C31,'BTH mủ tạp'!D37:AK117,34,0) -> 2248 | T31: =S31*50/100 -> 0 | U31: =R31 -> 2248 | V31: =VLOOKUP(C31,'Chấm công KT'!D33:AK113,34,0) -> 22 | W31: =VLOOKUP(C31,'Chấm công KT'!D33:AL113,35,0) -> 5 | Z31: =VLOOKUP(C31,'Chấm công KT'!$D$13:$AO$92,38,0) -> 0 | AA31: =VLOOKUP(C31,'Chấm công KT'!$D$13:$AP$92,39,0) -> 0 | AC31: =Q31 -> 3.2 | AD31: =VLOOKUP(C31,'BTH mủ tạp'!$D$17:$AN$160,36,0) -> 1042.4316
A32: 22 | B32: ='Chấm công KT'!C34 -> 04057 | C32: ='Chấm công KT'!D34 -> N. Bua Lay | D32: CN-KT | E32: =4/1.25 -> 3.2 | Q32: =SUM(E32:P32) -> 3.2 | R32: =VLOOKUP(C32,'BTH mủ tạp'!D38:AK118,34,0) -> 1824 | T32: =S32*50/100 -> 0 | U32: =R32 -> 1824 | V32: =VLOOKUP(C32,'Chấm công KT'!D34:AK114,34,0) -> 23 | W32: =VLOOKUP(C32,'Chấm công KT'!D34:AL114,35,0) -> 5 | Z32: =VLOOKUP(C32,'Chấm công KT'!$D$13:$AO$92,38,0) -> 0 | AA32: =VLOOKUP(C32,'Chấm công KT'!$D$13:$AP$92,39,0) -> 0 | AC32: =Q32 -> 3.2 | AD32: =VLOOKUP(C32,'BTH mủ tạp'!$D$17:$AN$160,36,0) -> 845.8164
A33: 23 | B33: ='Chấm công KT'!C35 -> 03476 | C33: ='Chấm công KT'!D35 -> T. Bin Ly. | D33: CN-KT | E33: =4/1.25 -> 3.2 | Q33: =SUM(E33:P33) -> 3.2 | R33: =VLOOKUP(C33,'BTH mủ tạp'!D39:AK119,34,0) -> 2609 | T33: =S33*50/100 -> 0 | U33: =R33 -> 2609 | V33: =VLOOKUP(C33,'Chấm công KT'!D35:AK115,34,0) -> 21 | W33: =VLOOKUP(C33,'Chấm công KT'!D35:AL115,35,0) -> 5 | Z33: =VLOOKUP(C33,'Chấm công KT'!$D$13:$AO$92,38,0) -> 0 | AA33: =VLOOKUP(C33,'Chấm công KT'!$D$13:$AP$92,39,0) -> 0 | AC33: =Q33 -> 3.2 | AD33: =VLOOKUP(C33,'BTH mủ tạp'!$D$17:$AN$160,36,0) -> 1209.8328
A34: 24 | B34: ='Chấm công KT'!C36 -> 03477 | C34: ='Chấm công KT'!D36 -> N. Phim Phon. | D34: CN-KT | E34: =4/1.25 -> 3.2 | Q34: =SUM(E34:P34) -> 3.2 | R34: =VLOOKUP(C34,'BTH mủ tạp'!D40:AK120,34,0) -> 1924 | T34: =S34*50/100 -> 0 | U34: =R34 -> 1924 | V34: =VLOOKUP(C34,'Chấm công KT'!D36:AK116,34,0) -> 23 | W34: =VLOOKUP(C34,'Chấm công KT'!D36:AL116,35,0) -> 5 | Z34: =VLOOKUP(C34,'Chấm công KT'!$D$13:$AO$92,38,0) -> 0 | AA34: =VLOOKUP(C34,'Chấm công KT'!$D$13:$AP$92,39,0) -> 0 | AC34: =Q34 -> 3.2 | AD34: =VLOOKUP(C34,'BTH mủ tạp'!$D$17:$AN$160,36,0) -> 892.18792
A35: 25 | B35: ='Chấm công KT'!C37 -> 03478 | C35: ='Chấm công KT'!D37 -> N. Nong | D35: CN-KT | E35: =4/1.25 -> 3.2 | Q35: =SUM(E35:P35) -> 3.2 | R35: =VLOOKUP(C35,'BTH mủ tạp'!D41:AK121,34,0) -> 2449 | T35: =S35*50/100 -> 0 | U35: =R35 -> 2449 | V35: =VLOOKUP(C35,'Chấm công KT'!D37:AK117,34,0) -> 20 | W35: =VLOOKUP(C35,'Chấm công KT'!D37:AL117,35,0) -> 5 | Z35: =VLOOKUP(C35,'Chấm công KT'!$D$13:$AO$92,38,0) -> 0 | AA35: =VLOOKUP(C35,'Chấm công KT'!$D$13:$AP$92,39,0) -> 0 | AC35: =Q35 -> 3.2 | AD35: =VLOOKUP(C35,'BTH mủ tạp'!$D$17:$AN$160,36,0) -> 1135.6384
A36: 26 | B36: ='Chấm công KT'!C38 -> 03479 | C36: ='Chấm công KT'!D38 -> N. Tun 1 | D36: CN-KT | E36: =4/1.25 -> 3.2 | Q36: =SUM(E36:P36) -> 3.2 | R36: =VLOOKUP(C36,'BTH mủ tạp'!D42:AK122,34,0) -> 2717 | T36: =S36*50/100 -> 0 | U36: =R36 -> 2717 | V36: =VLOOKUP(C36,'Chấm công KT'!D38:AK118,34,0) -> 20 | W36: =VLOOKUP(C36,'Chấm công KT'!D38:AL118,35,0) -> 5 | Z36: =VLOOKUP(C36,'Chấm công KT'!$D$13:$AO$92,38,0) -> 0 | AA36: =VLOOKUP(C36,'Chấm công KT'!$D$13:$AP$92,39,0) -> 0 | AC36: =Q36 -> 3.2 | AD36: =VLOOKUP(C36,'BTH mủ tạp'!$D$17:$AN$160,36,0) -> 1259.914
A37: 27 | B37: ='Chấm công KT'!C39 -> 03480 | C37: ='Chấm công KT'!D39 -> T . Lốc | D37: CN-KT | E37: =4/1.25 -> 3.2 | Q37: =SUM(E37:P37) -> 3.2 | R37: =VLOOKUP(C37,'BTH mủ tạp'!D43:AK123,34,0) -> 2702 | T37: =S37*50/100 -> 0 | U37: =R37 -> 2702 | V37: =VLOOKUP(C37,'Chấm công KT'!D39:AK119,34,0) -> 20 | W37: =VLOOKUP(C37,'Chấm công KT'!D39:AL119,35,0) -> 5 | Z37: =VLOOKUP(C37,'Chấm công KT'!$D$13:$AO$92,38,0) -> 0 | AA37: =VLOOKUP(C37,'Chấm công KT'!$D$13:$AP$92,39,0) -> 0 | AC37: =Q37 -> 3.2 | AD37: =VLOOKUP(C37,'BTH mủ tạp'!$D$17:$AN$160,36,0) -> 1252.9583
A38: 28 | B38: ='Chấm công KT'!C40 -> 03481 | C38: ='Chấm công KT'!D40 -> N . Khâm (1) | D38: CN-KT | E38: =4/1.25 -> 3.2 | Q38: =SUM(E38:P38) -> 3.2 | R38: =VLOOKUP(C38,'BTH mủ tạp'!D44:AK124,34,0) -> 3031 | T38: =S38*50/100 -> 0 | U38: =R38 -> 3031 | V38: =VLOOKUP(C38,'Chấm công KT'!D40:AK120,34,0) -> 22 | W38: =VLOOKUP(C38,'Chấm công KT'!D40:AL120,35,0) -> 5 | Z38: =VLOOKUP(C38,'Chấm công KT'!$D$13:$AO$92,38,0) -> 0 | AA38: =VLOOKUP(C38,'Chấm công KT'!$D$13:$AP$92,39,0) -> 0 | AC38: =Q38 -> 3.2 | AD38: =VLOOKUP(C38,'BTH mủ tạp'!$D$17:$AN$160,36,0) -> 1405.5206
A39: 29 | B39: ='Chấm công KT'!C41 -> 03482 | C39: ='Chấm công KT'!D41 -> T . Phết | D39: CN-KT | E39: =4/1.25 -> 3.2 | Q39: =SUM(E39:P39) -> 3.2 | R39: =VLOOKUP(C39,'BTH mủ tạp'!D45:AK125,34,0) -> 3072 | T39: =S39*50/100 -> 0 | U39: =R39 -> 3072 | V39: =VLOOKUP(C39,'Chấm công KT'!D41:AK121,34,0) -> 22 | W39: =VLOOKUP(C39,'Chấm công KT'!D41:AL121,35,0) -> 5 | Z39: =VLOOKUP(C39,'Chấm công KT'!$D$13:$AO$92,38,0) -> 0 | AA39: =VLOOKUP(C39,'Chấm công KT'!$D$13:$AP$92,39,0) -> 0 | AC39: =Q39 -> 3.2 | AD39: =VLOOKUP(C39,'BTH mủ tạp'!$D$17:$AN$160,36,0) -> 1424.5329
A40: 30 | B40: ='Chấm công KT'!C42 -> 03483 | C40: ='Chấm công KT'!D42 -> T. Viêng Sa Văn | D40: CN-KT | E40: =4/1.25 -> 3.2 | Q40: =SUM(E40:P40) -> 3.2 | R40: =VLOOKUP(C40,'BTH mủ tạp'!D46:AK126,34,0) -> 3023 | T40: =S40*50/100 -> 0 | U40: =R40 -> 3023 | V40: =VLOOKUP(C40,'Chấm công KT'!D42:AK122,34,0) -> 22 | W40: =VLOOKUP(C40,'Chấm công KT'!D42:AL122,35,0) -> 5 | Z40: =VLOOKUP(C40,'Chấm công KT'!$D$13:$AO$92,38,0) -> 0 | AA40: =VLOOKUP(C40,'Chấm công KT'!$D$13:$AP$92,39,0) -> 0 | AC40: =Q40 -> 3.2 | AD40: =VLOOKUP(C40,'BTH mủ tạp'!$D$17:$AN$160,36,0) -> 1401.8109
... A49: 39 | B49: ='Chấm công KT'!C51 -> 03488 | C49: ='Chấm công KT'!D51 -> N. Đeng | D49: CN-KT | E49: =4/1.25 -> 3.2 | Q49: =SUM(E49:P49) -> 3.2 | R49: =VLOOKUP(C49,'BTH mủ tạp'!D55:AK135,34,0) -> 2198 | T49: =S49*50/100 -> 0 | U49: =R49 -> 2198 | V49: =VLOOKUP(C49,'Chấm công KT'!D51:AK131,34,0) -> 20 | W49: =VLOOKUP(C49,'Chấm công KT'!D51:AL131,35,0) -> 5 | Z49: =VLOOKUP(C49,'Chấm công KT'!$D$13:$AO$92,38,0) -> 0 | AA49: =VLOOKUP(C49,'Chấm công KT'!$D$13:$AP$92,39,0) -> 0 | AC49: =Q49 -> 3.2 | AD49: =VLOOKUP(C49,'BTH mủ tạp'!$D$17:$AN$160,36,0) -> 1019.2459
A50: 40 | B50: ='Chấm công KT'!C52 -> 03489 | C50: ='Chấm công KT'!D52 -> T. Tinh | D50: CN-KT | E50: =4/1.25 -> 3.2 | F50: =1/1.25 -> 0.8 | Q50: =SUM(E50:P50) -> 4 | R50: =VLOOKUP(C50,'BTH mủ tạp'!D56:AK136,34,0) -> 1703 | T50: =S50*50/100 -> 0 | U50: =R50 -> 1703 | V50: =VLOOKUP(C50,'Chấm công KT'!D52:AK132,34,0) -> 22 | W50: =VLOOKUP(C50,'Chấm công KT'!D52:AL132,35,0) -> 5 | Z50: =VLOOKUP(C50,'Chấm công KT'!$D$13:$AO$92,38,0) -> 0 | AA50: =VLOOKUP(C50,'Chấm công KT'!$D$13:$AP$92,39,0) -> 0 | AC50: =Q50 -> 4 | AD50: =VLOOKUP(C50,'BTH mủ tạp'!$D$17:$AN$160,36,0) -> 789.70687
A51: 41 | B51: ='Chấm công KT'!C53 -> 04059 | C51: ='Chấm công KT'!D53 -> T. Khăm Pỏi | D51: CN-KT | E51: =4/1.25 -> 3.2 | F51: =1/1.25 -> 0.8 | Q51: =SUM(E51:P51) -> 4 | R51: =VLOOKUP(C51,'BTH mủ tạp'!D57:AK137,34,0) -> 2260 | T51: =S51*50/100 -> 0 | U51: =R51 -> 2260 | V51: =VLOOKUP(C51,'Chấm công KT'!D53:AK133,34,0) -> 21 | W51: =VLOOKUP(C51,'Chấm công KT'!D53:AL133,35,0) -> 4 | Z51: =VLOOKUP(C51,'Chấm công KT'!$D$13:$AO$92,38,0) -> 0 | AA51: =VLOOKUP(C51,'Chấm công KT'!$D$13:$AP$92,39,0) -> 0 | AC51: =Q51 -> 4 | AD51: =VLOOKUP(C51,'BTH mủ tạp'!$D$17:$AN$160,36,0) -> 1047.9962
A52: 42 | B52: ='Chấm công KT'!C54 -> 03491 | C52: ='Chấm công KT'!D54 -> Lăm Ngân | D52: CN-KT | E52: =4/1.25 -> 3.2 | F52: =1/1.25 -> 0.8 | Q52: =SUM(E52:P52) -> 4 | R52: =VLOOKUP(C52,'BTH mủ tạp'!D58:AK138,34,0) -> 2352 | T52: =S52*50/100 -> 0 | U52: =R52 -> 2352 | V52: =VLOOKUP(C52,'Chấm công KT'!D54:AK134,34,0) -> 20 | W52: =VLOOKUP(C52,'Chấm công KT'!D54:AL134,35,0) -> 5 | Z52: =VLOOKUP(C52,'Chấm công KT'!$D$13:$AO$92,38,0) -> 0 | AA52: =VLOOKUP(C52,'Chấm công KT'!$D$13:$AP$92,39,0) -> 0 | AC52: =Q52 -> 4 | AD52: =VLOOKUP(C52,'BTH mủ tạp'!$D$17:$AN$160,36,0) -> 1090.658
A53: 43 | B53: ='Chấm công KT'!C55 -> 04060 | C53: ='Chấm công KT'!D55 -> T. Không | D53: CN-KT | E53: =4/1.25 -> 3.2 | F53: =1/1.25 -> 0.8 | Q53: =SUM(E53:P53) -> 4 | R53: =VLOOKUP(C53,'BTH mủ tạp'!D59:AK139,34,0) -> 1929 | T53: =S53*50/100 -> 0 | U53: =R53 -> 1929 | V53: =VLOOKUP(C53,'Chấm công KT'!D55:AK135,34,0) -> 23 | W53: =VLOOKUP(C53,'Chấm công KT'!D55:AL135,35,0) -> 5 | Z53: =VLOOKUP(C53,'Chấm công KT'!$D$13:$AO$92,38,0) -> 0 | AA53: =VLOOKUP(C53,'Chấm công KT'!$D$13:$AP$92,39,0) -> 0 | AC53: =Q53 -> 4 | AD53: =VLOOKUP(C53,'BTH mủ tạp'!$D$17:$AN$160,36,0) -> 894.50649
A54: 44 | B54: ='Chấm công KT'!C56 -> 03492 | C54: ='Chấm công KT'!D56 -> T. Lem | D54: CN-KT | E54: =4/1.25 -> 3.2 | Q54: =SUM(E54:P54) -> 3.2 | R54: =VLOOKUP(C54,'BTH mủ tạp'!D60:AK140,34,0) -> 2372 | T54: =S54*50/100 -> 0 | U54: =R54 -> 2372 | V54: =VLOOKUP(C54,'Chấm công KT'!D56:AK136,34,0) -> 22 | W54: =VLOOKUP(C54,'Chấm công KT'!D56:AL136,35,0) -> 5 | Z54: =VLOOKUP(C54,'Chấm công KT'!$D$13:$AO$92,38,0) -> 0 | AA54: =VLOOKUP(C54,'Chấm công KT'!$D$13:$AP$92,39,0) -> 0 | AC54: =Q54 -> 3.2 | AD54: =VLOOKUP(C54,'BTH mủ tạp'!$D$17:$AN$160,36,0) -> 1099.9323
A55: 45 | B55: ='Chấm công KT'!C57 -> 03493 | C55: ='Chấm công KT'!D57 -> T. Pông | D55: CN-KT | E55: =4/1.25 -> 3.2 | Q55: =SUM(E55:P55) -> 3.2 | R55: =VLOOKUP(C55,'BTH mủ tạp'!D61:AK141,34,0) -> 3438 | T55: =S55*50/100 -> 0 | U55: =R55 -> 3438 | V55: =VLOOKUP(C55,'Chấm công KT'!D57:AK137,34,0) -> 22 | W55: =VLOOKUP(C55,'Chấm công KT'!D57:AL137,35,0) -> 5 | Z55: =VLOOKUP(C55,'Chấm công KT'!$D$13:$AO$92,38,0) -> 0 | AA55: =VLOOKUP(C55,'Chấm công KT'!$D$13:$AP$92,39,0) -> 0 | AC55: =Q55 -> 3.2 | AD55: =VLOOKUP(C55,'BTH mủ tạp'!$D$17:$AN$160,36,0) -> 1594.2526
A56: 46 | B56: ='Chấm công KT'!C58 -> 03496 | C56: ='Chấm công KT'!D58 -> T. Lốp | D56: CN-KT | E56: =4/1.25 -> 3.2 | Q56: =SUM(E56:P56) -> 3.2 | R56: =VLOOKUP(C56,'BTH mủ tạp'!D62:AK142,34,0) -> 2981 | T56: =S56*50/100 -> 0 | U56: =R56 -> 2981 | V56: =VLOOKUP(C56,'Chấm công KT'!D58:AK138,34,0) -> 23 | W56: =VLOOKUP(C56,'Chấm công KT'!D58:AL138,35,0) -> 5 | Z56: =VLOOKUP(C56,'Chấm công KT'!$D$13:$AO$92,38,0) -> 0 | AA56: =VLOOKUP(C56,'Chấm công KT'!$D$13:$AP$92,39,0) -> 0 | AC56: =Q56 -> 3.2 | AD56: =VLOOKUP(C56,'BTH mủ tạp'!$D$17:$AN$160,36,0) -> 1382.3348
A57: 47 | B57: ='Chấm công KT'!C59 -> 04061 | C57: ='Chấm công KT'!D59 -> N. Nu Ni | D57: CN-KT | E57: =4/1.25 -> 3.2 | Q57: =SUM(E57:P57) -> 3.2 | R57: =VLOOKUP(C57,'BTH mủ tạp'!D63:AK143,34,0) -> 3004 | T57: =S57*50/100 -> 0 | U57: =R57 -> 3004 | V57: =VLOOKUP(C57,'Chấm công KT'!D59:AK139,34,0) -> 23 | W57: =VLOOKUP(C57,'Chấm công KT'!D59:AL139,35,0) -> 5 | Z57: =VLOOKUP(C57,'Chấm công KT'!$D$13:$AO$92,38,0) -> 0 | AA57: =VLOOKUP(C57,'Chấm công KT'!$D$13:$AP$92,39,0) -> 0 | AC57: =Q57 -> 3.2 | AD57: =VLOOKUP(C57,'BTH mủ tạp'!$D$17:$AN$160,36,0) -> 1393.0003
A58: 48 | B58: ='Chấm công KT'!C60 -> 03494 | C58: ='Chấm công KT'!D60 -> T. Đi | D58: CN-KT | E58: =4/1.25 -> 3.2 | Q58: =SUM(E58:P58) -> 3.2 | R58: =VLOOKUP(C58,'BTH mủ tạp'!D64:AK144,34,0) -> 1429 | T58: =S58*50/100 -> 0 | U58: =R58 -> 1429 | V58: =VLOOKUP(C58,'Chấm công KT'!D60:AK140,34,0) -> 16 | W58: =VLOOKUP(C58,'Chấm công KT'!D60:AL140,35,0) -> 4 | Z58: =VLOOKUP(C58,'Chấm công KT'!$D$13:$AO$92,38,0) -> 0 | AA58: =VLOOKUP(C58,'Chấm công KT'!$D$13:$AP$92,39,0) -> 0 | AC58: =Q58 -> 3.2 | AD58: =VLOOKUP(C58,'BTH mủ tạp'!$D$17:$AN$160,36,0) -> 662.64893
A59: 49 | B59: ='Chấm công KT'!C61 -> 03495 | C59: ='Chấm công KT'!D61 -> N. On Xi | D59: CN-KT | E59: =4/1.25 -> 3.2 | Q59: =SUM(E59:P59) -> 3.2 | R59: =VLOOKUP(C59,'BTH mủ tạp'!D65:AK145,34,0) -> 1920 | T59: =S59*50/100 -> 0 | U59: =R59 -> 1920 | V59: =VLOOKUP(C59,'Chấm công KT'!D61:AK141,34,0) -> 21 | W59: =VLOOKUP(C59,'Chấm công KT'!D61:AL141,35,0) -> 5 | Z59: =VLOOKUP(C59,'Chấm công KT'!$D$13:$AO$92,38,0) -> 0 | AA59: =VLOOKUP(C59,'Chấm công KT'!$D$13:$AP$92,39,0) -> 0 | AC59: =Q59 -> 3.2 | AD59: =VLOOKUP(C59,'BTH mủ tạp'!$D$17:$AN$160,36,0) -> 890.33306
A60: 50 | B60: ='Chấm công KT'!C62 -> 04062 | C60: ='Chấm công KT'!D62 -> N. Thông La | D60: CN-KT | E60: =4/1.25 -> 3.2 | Q60: =SUM(E60:P60) -> 3.2 | R60: =VLOOKUP(C60,'BTH mủ tạp'!D66:AK146,34,0) -> 2490 | T60: =S60*50/100 -> 0 | U60: =R60 -> 2490 | V60: =VLOOKUP(C60,'Chấm công KT'!D62:AK142,34,0) -> 23 | W60: =VLOOKUP(C60,'Chấm công KT'!D62:AL142,35,0) -> 5 | Z60: =VLOOKUP(C60,'Chấm công KT'!$D$13:$AO$92,38,0) -> 0 | AA60: =VLOOKUP(C60,'Chấm công KT'!$D$13:$AP$92,39,0) -> 0 | AC60: =Q60 -> 3.2 | AD60: =VLOOKUP(C60,'BTH mủ tạp'!$D$17:$AN$160,36,0) -> 1154.6507
A61: 51 | B61: ='Chấm công KT'!C63 -> 03497 | C61: ='Chấm công KT'!D63 -> T. Son Xay | D61: CN-KT | E61: =4/1.25 -> 3.2 | Q61: =SUM(E61:P61) -> 3.2 | R61: =VLOOKUP(C61,'BTH mủ tạp'!D67:AK147,34,0) -> 2572 | T61: =S61*50/100 -> 0 | U61: =R61 -> 2572 | V61: =VLOOKUP(C61,'Chấm công KT'!D63:AK143,34,0) -> 20 | W61: =VLOOKUP(C61,'Chấm công KT'!D63:AL143,35,0) -> 5 | Z61: =VLOOKUP(C61,'Chấm công KT'!$D$13:$AO$92,38,0) -> 0 | AA61: =VLOOKUP(C61,'Chấm công KT'!$D$13:$AP$92,39,0) -> 0 | AC61: =Q61 -> 3.2 | AD61: =VLOOKUP(C61,'BTH mủ tạp'!$D$17:$AN$160,36,0) -> 1192.6753
A62: 52 | B62: ='Chấm công KT'!C64 -> 03498 | C62: ='Chấm công KT'!D64 -> N. Lăm Phay | D62: CN-KT | E62: =4/1.25 -> 3.2 | Q62: =SUM(E62:P62) -> 3.2 | R62: =VLOOKUP(C62,'BTH mủ tạp'!D68:AK148,34,0) -> 2593 | T62: =S62*50/100 -> 0 | U62: =R62 -> 2593 | V62: =VLOOKUP(C62,'Chấm công KT'!D64:AK144,34,0) -> 21 | W62: =VLOOKUP(C62,'Chấm công KT'!D64:AL144,35,0) -> 5 | Z62: =VLOOKUP(C62,'Chấm công KT'!$D$13:$AO$92,38,0) -> 0 | AA62: =VLOOKUP(C62,'Chấm công KT'!$D$13:$AP$92,39,0) -> 0 | AC62: =Q62 -> 3.2 | AD62: =VLOOKUP(C62,'BTH mủ tạp'!$D$17:$AN$160,36,0) -> 1202.4133
A63: 53 | B63: ='Chấm công KT'!C65 -> 02706 | C63: ='Chấm công KT'!D65 -> T. Nhung | D63: CN-KT | E63: =4/1.25 -> 3.2 | Q63: =SUM(E63:P63) -> 3.2 | R63: =VLOOKUP(C63,'BTH mủ tạp'!D69:AK149,34,0) -> 2707 | T63: =S63*50/100 -> 0 | U63: =R63 -> 2707 | V63: =VLOOKUP(C63,'Chấm công KT'!D65:AK145,34,0) -> 22 | W63: =VLOOKUP(C63,'Chấm công KT'!D65:AL145,35,0) -> 5 | Z63: =VLOOKUP(C63,'Chấm công KT'!$D$13:$AO$92,38,0) -> 0 | AA63: =VLOOKUP(C63,'Chấm công KT'!$D$13:$AP$92,39,0) -> 0 | AC63: =Q63 -> 3.2 | AD63: =VLOOKUP(C63,'BTH mủ tạp'!$D$17:$AN$160,36,0) -> 1255.2769
A64: 54 | B64: ='Chấm công KT'!C66 -> 04063 | C64: ='Chấm công KT'!D66 -> T. Khay Khăm | D64: CN-KT | E64: =4/1.25 -> 3.2 | Q64: =SUM(E64:P64) -> 3.2 | R64: =VLOOKUP(C64,'BTH mủ tạp'!D70:AK150,34,0) -> 1093 | T64: =S64*50/100 -> 0 | U64: =R64 -> 1093 | V64: =VLOOKUP(C64,'Chấm công KT'!D66:AK146,34,0) -> 18 | W64: =VLOOKUP(C64,'Chấm công KT'!D66:AL146,35,0) -> 3 | Z64: =VLOOKUP(C64,'Chấm công KT'!$D$13:$AO$92,38,0) -> 0 | AA64: =VLOOKUP(C64,'Chấm công KT'!$D$13:$AP$92,39,0) -> 0 | AC64: =Q64 -> 3.2 | AD64: =VLOOKUP(C64,'BTH mủ tạp'!$D$17:$AN$160,36,0) -> 506.84064
A65: 55 | B65: ='Chấm công KT'!C67 -> 04064 | C65: ='Chấm công KT'!D67 -> N. Khay Chăn | D65: CN-KT | E65: =4/1.25 -> 3.2 | Q65: =SUM(E65:P65) -> 3.2 | R65: =VLOOKUP(C65,'BTH mủ tạp'!D71:AK151,34,0) -> 2699 | T65: =S65*50/100 -> 0 | U65: =R65 -> 2699 | V65: =VLOOKUP(C65,'Chấm công KT'!D67:AK147,34,0) -> 23 | W65: =VLOOKUP(C65,'Chấm công KT'!D67:AL147,35,0) -> 5 | Z65: =VLOOKUP(C65,'Chấm công KT'!$D$13:$AO$92,38,0) -> 0 | AA65: =VLOOKUP(C65,'Chấm công KT'!$D$13:$AP$92,39,0) -> 0 | AC65: =Q65 -> 3.2 | AD65: =VLOOKUP(C65,'BTH mủ tạp'!$D$17:$AN$160,36,0) -> 1251.5671
... A83: 73 | B83: ='Chấm công KT'!C85 -> 04071 | C83: ='Chấm công KT'!D85 -> T. Ne | D83: CN-KT | E83: =4/1.25 -> 3.2 | Q83: =SUM(E83:P83) -> 3.2 | R83: =VLOOKUP(C83,'BTH mủ tạp'!D89:AK169,34,0) -> 1588 | T83: =S83*50/100 -> 0 | U83: =R83 -> 1588 | V83: =VLOOKUP(C83,'Chấm công KT'!D85:AK165,34,0) -> 23 | W83: =VLOOKUP(C83,'Chấm công KT'!D85:AL165,35,0) -> 5 | Z83: =VLOOKUP(C83,'Chấm công KT'!$D$13:$AO$92,38,0) -> 0 | AA83: =VLOOKUP(C83,'Chấm công KT'!$D$13:$AP$92,39,0) -> 0 | AC83: =Q83 -> 3.2 | AD83: =VLOOKUP(C83,'BTH mủ tạp'!$D$17:$AN$160,36,0) -> 736.37963
A84: 74 | C84: ='Chấm công KT'!D86 -> T. Tý | D84: CN-KT | Q84: =SUM(E84:P84) -> 0 | R84: =VLOOKUP(C84,'BTH mủ tạp'!D90:AK170,34,0) -> 109 | T84: =S84*50/100 -> 0 | U84: =R84 -> 109 | V84: =VLOOKUP(C84,'Chấm công KT'!D86:AK166,34,0) -> 7 | W84: =VLOOKUP(C84,'Chấm công KT'!D86:AL166,35,0) -> 1 | Z84: =VLOOKUP(C84,'Chấm công KT'!$D$13:$AO$92,38,0) -> 0 | AA84: =VLOOKUP(C84,'Chấm công KT'!$D$13:$AP$92,39,0) -> 0 | AC84: =Q84 -> 0 | AD84: =VLOOKUP(C84,'BTH mủ tạp'!$D$17:$AN$160,36,0) -> 50.54495
A85: 75 | C85: ='Chấm công KT'!D87 -> T. Lã | D85: CN-KT | Q85: =SUM(E85:P85) -> 0 | R85: =VLOOKUP(C85,'BTH mủ tạp'!D91:AK171,34,0) -> 1137 | T85: =S85*50/100 -> 0 | U85: =R85 -> 1137 | V85: =VLOOKUP(C85,'Chấm công KT'!D87:AK167,34,0) -> 22 | W85: =VLOOKUP(C85,'Chấm công KT'!D87:AL167,35,0) -> 3 | Z85: =VLOOKUP(C85,'Chấm công KT'!$D$13:$AO$92,38,0) -> 0 | AA85: =VLOOKUP(C85,'Chấm công KT'!$D$13:$AP$92,39,0) -> 0 | AC85: =Q85 -> 0 | AD85: =VLOOKUP(C85,'BTH mủ tạp'!$D$17:$AN$160,36,0) -> 527.24411
A86: 76 | C86: ='Chấm công KT'!D88 -> N. Veo | D86: CN-KT | Q86: =SUM(E86:P86) -> 0 | R86: =VLOOKUP(C86,'BTH mủ tạp'!D92:AK172,34,0) -> 1347 | T86: =S86*50/100 -> 0 | U86: =R86 -> 1347 | V86: =VLOOKUP(C86,'Chấm công KT'!D88:AK168,34,0) -> 20 | W86: =VLOOKUP(C86,'Chấm công KT'!D88:AL168,35,0) -> 3 | Z86: =VLOOKUP(C86,'Chấm công KT'!$D$13:$AO$92,38,0) -> 0 | AA86: =VLOOKUP(C86,'Chấm công KT'!$D$13:$AP$92,39,0) -> 0 | AC86: =Q86 -> 0 | AD86: =VLOOKUP(C86,'BTH mủ tạp'!$D$17:$AN$160,36,0) -> 624.62429
A87: 77 | C87: ='Chấm công KT'!D89 -> T. Pu | D87: CN-KT | Q87: =SUM(E87:P87) -> 0 | R87: =VLOOKUP(C87,'BTH mủ tạp'!D93:AK173,34,0) -> 870 | U87: =R87 -> 870 | V87: =VLOOKUP(C87,'Chấm công KT'!D89:AK169,34,0) -> 15 | W87: =VLOOKUP(C87,'Chấm công KT'!D89:AL169,35,0) -> 2 | Z87: =VLOOKUP(C87,'Chấm công KT'!$D$13:$AO$92,38,0) -> 0 | AA87: =VLOOKUP(C87,'Chấm công KT'!$D$13:$AP$92,39,0) -> 0 | AC87: =Q87 -> 0 | AD87: =VLOOKUP(C87,'BTH mủ tạp'!$D$17:$AN$160,36,0) -> 403.43217
A88: 78 | C88: ='Chấm công KT'!D90 -> T. Ta. | D88: CN-KT | Q88: =SUM(E88:P88) -> 0 | R88: =VLOOKUP(C88,'BTH mủ tạp'!D94:AK174,34,0) -> 717 | U88: =R88 -> 717 | V88: =VLOOKUP(C88,'Chấm công KT'!D90:AK170,34,0) -> 12 | W88: =VLOOKUP(C88,'Chấm công KT'!D90:AL170,35,0) -> 2 | Z88: =VLOOKUP(C88,'Chấm công KT'!$D$13:$AO$92,38,0) -> 0 | AA88: =VLOOKUP(C88,'Chấm công KT'!$D$13:$AP$92,39,0) -> 0 | AC88: =Q88 -> 0 | AD88: =VLOOKUP(C88,'BTH mủ tạp'!$D$17:$AN$160,36,0) -> 332.48375
A89: 79 | C89: ='Chấm công KT'!D91 -> N. Nang | D89: CN-KT | Q89: =SUM(E89:P89) -> 0 | R89: =VLOOKUP(C89,'BTH mủ tạp'!D95:AK175,34,0) -> 477 | U89: =R89 -> 477 | V89: =VLOOKUP(C89,'Chấm công KT'!D91:AK171,34,0) -> 6 | W89: =VLOOKUP(C89,'Chấm công KT'!D91:AL171,35,0) -> 1 | Z89: =VLOOKUP(C89,'Chấm công KT'!$D$13:$AO$92,38,0) -> 0 | AA89: =VLOOKUP(C89,'Chấm công KT'!$D$13:$AP$92,39,0) -> 0 | AC89: =Q89 -> 0 | AD89: =VLOOKUP(C89,'BTH mủ tạp'!$D$17:$AN$160,36,0) -> 221.19212
A90: 80 | C90: ='Chấm công KT'!D92 -> T. Tan | D90: CNK | Q90: =SUM(E90:P90) -> 0 | R90: =VLOOKUP(C90,'BTH mủ tạp'!D96:AK176,34,0) -> 351 | U90: =R90 -> 351 | V90: =VLOOKUP(C90,'Chấm công KT'!D92:AK172,34,0) -> 3 | W90: =VLOOKUP(C90,'Chấm công KT'!D92:AL172,35,0) -> 1 | Z90: =VLOOKUP(C90,'Chấm công KT'!$D$13:$AO$92,38,0) -> 0 | AA90: =VLOOKUP(C90,'Chấm công KT'!$D$13:$AP$92,39,0) -> 0 | AC90: =Q90 -> 0 | AD90: =VLOOKUP(C90,'BTH mủ tạp'!$D$17:$AN$160,36,0) -> 162.76401
A91: 81 | C91: ='Chấm công KT'!D93 -> T. Tu | D91: CNK | Q91: =SUM(E91:P91) -> 0 | R91: =VLOOKUP(C91,'BTH mủ tạp'!D97:AK177,34,0) -> 272 | S91: ='BTH mủ Sỉum'!AH17 -> 0 | U91: =R91 -> 272 | V91: =VLOOKUP(C91,'Chấm công KT'!D93:AK173,34,0) -> 2 | W91: =VLOOKUP(C91,'Chấm công KT'!D93:AL173,35,0) -> 0 | AC91: =Q91 -> 0 | AD91: =VLOOKUP(C91,'BTH mủ tạp'!$D$17:$AN$160,36,0) -> 126.13052
A92: 82 | C92: ='Chấm công KT'!D94 -> 0 | D92: CNK | Q92: =SUM(E92:P92) -> 0 | U92: =R92 -> 0 | AC92: =Q92 -> 0
A93: 83 | C93: ='Chấm công KT'!D95 -> T. Lun | D93: CNK | Q93: =SUM(E93:P93) -> 0 | T93: =S93*50/100 -> 0 | U93: =R93 -> 0 | AC93: =Q93 -> 0
A94: 84 | C94: T. Tạch | D94: CNK | H94: 431.16 | N94: 137.2 | Q94: =SUM(E94:P94) -> 568.36 | AC94: =Q94 -> 568.36
B95: Trạm 2 | E95: =SUM(E96:E160) -> 185.6 | F95: =SUM(F96:F160) -> 47.2 | G95: =SUM(G96:G160) -> 254.7 | H95: =SUM(H96:H160) -> 909.64 | I95: =SUM(I96:I160) -> 0 | J95: =SUM(J96:J160) -> 0 | K95: =SUM(K96:K160) -> 0 | L95: =SUM(L96:L160) -> 0 | ... AC95: =SUM(AC96:AC160) -> 1397.14 | AE95: =SUM(AE96:AE159) -> 0 | AF95: 1121 | AG95: 135 | AH95: 1191 | AI95: 173
A96: 1 | B96: ='Chấm công KT'!C95 -> 04072 | C96: ='Chấm công KT'!D95 -> T. Lun | D96: CNKT | E96: =4/1.25 -> 3.2 | F96: =1/1.25 -> 0.8 | Q96: =SUM(E96:P96) -> 4 | R96: =VLOOKUP(C96,'BTH mủ tạp'!$D$99:$AK$160,34,0) -> 2601 | T96: =S96*50/100 -> 0 | U96: =R96 -> 2601 | V96: =VLOOKUP(C96,'Chấm công KT'!$D$95:$AK$156,34,0) -> 24 | W96: =VLOOKUP(C96,'Chấm công KT'!$D$95:$AL$156,35,0) -> 5 | X96: =VLOOKUP(C96,'Chấm công KT'!D95:AM156,36,0) -> 0 | AC96: =Q96 -> 4 | AD96: =VLOOKUP(C96,'BTH mủ tạp'!$D$17:$AN$160,36,0) -> 1201.0294
A97: 2 | B97: ='Chấm công KT'!C96 -> 03466 | C97: ='Chấm công KT'!D96 -> N. Keo | D97: CNKT | E97: =4/1.25 -> 3.2 | F97: =1/1.25 -> 0.8 | Q97: =SUM(E97:P97) -> 4 | R97: =VLOOKUP(C97,'BTH mủ tạp'!$D$99:$AK$160,34,0) -> 2863 | T97: =S97*50/100 -> 0 | U97: =R97 -> 2863 | V97: =VLOOKUP(C97,'Chấm công KT'!$D$95:$AK$156,34,0) -> 23 | W97: =VLOOKUP(C97,'Chấm công KT'!$D$95:$AL$156,35,0) -> 5 | X97: =VLOOKUP(C97,'Chấm công KT'!D96:AM156,36,0) -> 0 | AC97: =Q97 -> 4 | AD97: =VLOOKUP(C97,'BTH mủ tạp'!$D$17:$AN$160,36,0) -> 1474.1504
A98: 3 | B98: ='Chấm công KT'!C97 -> 03590 | C98: ='Chấm công KT'!D97 -> T .Nhum | D98: CNKT | E98: =4/1.25 -> 3.2 | F98: =1/1.25 -> 0.8 | Q98: =SUM(E98:P98) -> 4 | R98: =VLOOKUP(C98,'BTH mủ tạp'!$D$99:$AK$160,34,0) -> 2547 | T98: =S98*50/100 -> 0 | U98: =R98 -> 2547 | V98: =VLOOKUP(C98,'Chấm công KT'!$D$95:$AK$156,34,0) -> 24 | W98: =VLOOKUP(C98,'Chấm công KT'!$D$95:$AL$156,35,0) -> 5 | X98: =VLOOKUP(C98,'Chấm công KT'!D97:AM156,36,0) -> 0 | AC98: =Q98 -> 4 | AD98: =VLOOKUP(C98,'BTH mủ tạp'!$D$17:$AN$160,36,0) -> 1176.0945
A99: 4 | B99: ='Chấm công KT'!C98 -> 03591 | C99: ='Chấm công KT'!D98 -> N.Vông Ma Ni | D99: CNKT | E99: =4/1.25 -> 3.2 | F99: =1/1.25 -> 0.8 | Q99: =SUM(E99:P99) -> 4 | R99: =VLOOKUP(C99,'BTH mủ tạp'!$D$99:$AK$160,34,0) -> 2898 | T99: =S99*50/100 -> 0 | U99: =R99 -> 2898 | V99: =VLOOKUP(C99,'Chấm công KT'!$D$95:$AK$156,34,0) -> 24 | W99: =VLOOKUP(C99,'Chấm công KT'!$D$95:$AL$156,35,0) -> 5 | X99: =VLOOKUP(C99,'Chấm công KT'!D98:AM156,36,0) -> 0 | AC99: =Q99 -> 4 | AD99: =VLOOKUP(C99,'BTH mủ tạp'!$D$17:$AN$160,36,0) -> 1338.1711
A100: 5 | B100: ='Chấm công KT'!C99 -> 03592 | C100: ='Chấm công KT'!D99 -> Đao Hương | D100: CNKT | E100: =4/1.25 -> 3.2 | F100: =1/1.25 -> 0.8 | Q100: =SUM(E100:P100) -> 4 | R100: =VLOOKUP(C100,'BTH mủ tạp'!$D$99:$AK$160,34,0) -> 3014 | T100: =S100*50/100 -> 0 | U100: =R100 -> 3014 | V100: =VLOOKUP(C100,'Chấm công KT'!$D$95:$AK$156,34,0) -> 24 | W100: =VLOOKUP(C100,'Chấm công KT'!$D$95:$AL$156,35,0) -> 5 | X100: =VLOOKUP(C100,'Chấm công KT'!D99:AM156,36,0) -> 0 | AC100: =Q100 -> 4 | AD100: =VLOOKUP(C100,'BTH mủ tạp'!$D$17:$AN$160,36,0) -> 1391.7349 | AF100: =241.33-E95 -> 55.73
A101: 6 | B101: ='Chấm công KT'!C100 -> 03593 | C101: ='Chấm công KT'!D100 -> T. Xi Nun | D101: CNKT | E101: =4/1.25 -> 3.2 | F101: =1/1.25 -> 0.8 | Q101: =SUM(E101:P101) -> 4 | R101: =VLOOKUP(C101,'BTH mủ tạp'!$D$99:$AK$160,34,0) -> 2283 | T101: =S101*50/100 -> 0 | U101: =R101 -> 2283 | V101: =VLOOKUP(C101,'Chấm công KT'!$D$95:$AK$156,34,0) -> 17 | W101: =VLOOKUP(C101,'Chấm công KT'!$D$95:$AL$156,35,0) -> 2 | X101: =VLOOKUP(C101,'Chấm công KT'!D100:AM156,36,0) -> 0 | AC101: =Q101 -> 4 | AD101: =VLOOKUP(C101,'BTH mủ tạp'!$D$17:$AN$160,36,0) -> 1054.1907 | AG101: =183*0.5 -> 91.5
A102: 7 | B102: ='Chấm công KT'!C101 -> 03594 | C102: ='Chấm công KT'!D101 -> T. Bun Hinh | D102: CNKT | E102: =4/1.25 -> 3.2 | F102: =1/1.25 -> 0.8 | Q102: =SUM(E102:P102) -> 4 | R102: =VLOOKUP(C102,'BTH mủ tạp'!$D$99:$AK$160,34,0) -> 2345 | T102: =S102*50/100 -> 0 | U102: =R102 -> 2345 | V102: =VLOOKUP(C102,'Chấm công KT'!$D$95:$AK$156,34,0) -> 25 | W102: =VLOOKUP(C102,'Chấm công KT'!$D$95:$AL$156,35,0) -> 5 | X102: =VLOOKUP(C102,'Chấm công KT'!D101:AM156,36,0) -> 0 | AC102: =Q102 -> 4 | AD102: =VLOOKUP(C102,'BTH mủ tạp'!$D$17:$AN$160,36,0) -> 1082.8196
A103: 8 | B103: ='Chấm công KT'!C102 -> 04073 | C103: ='Chấm công KT'!D102 -> T. Miềng | D103: CNKT | E103: =4/1.25 -> 3.2 | F103: =2/1.25 -> 1.6 | Q103: =SUM(E103:P103) -> 4.8 | R103: =VLOOKUP(C103,'BTH mủ tạp'!$D$99:$AK$160,34,0) -> 2244 | T103: =S103*50/100 -> 0 | U103: =R103 -> 2244 | V103: =VLOOKUP(C103,'Chấm công KT'!$D$95:$AK$156,34,0) -> 20 | W103: =VLOOKUP(C103,'Chấm công KT'!$D$95:$AL$156,35,0) -> 4 | X103: =VLOOKUP(C103,'Chấm công KT'!D102:AM156,36,0) -> 0 | AC103: =Q103 -> 4.8 | AD103: =VLOOKUP(C103,'BTH mủ tạp'!$D$17:$AN$160,36,0) -> 1036.1822
A104: 9 | B104: ='Chấm công KT'!C103 -> 03596 | C104: ='Chấm công KT'!D103 -> N. Xúc | D104: CNKT | E104: =4/1.25 -> 3.2 | F104: =1/1.25 -> 0.8 | Q104: =SUM(E104:P104) -> 4 | R104: =VLOOKUP(C104,'BTH mủ tạp'!$D$99:$AK$160,34,0) -> 3083 | T104: =S104*50/100 -> 0 | U104: =R104 -> 3083 | V104: =VLOOKUP(C104,'Chấm công KT'!$D$95:$AK$156,34,0) -> 23 | W104: =VLOOKUP(C104,'Chấm công KT'!$D$95:$AL$156,35,0) -> 5 | X104: =VLOOKUP(C104,'Chấm công KT'!D103:AM156,36,0) -> 0 | AC104: =Q104 -> 4 | AD104: =VLOOKUP(C104,'BTH mủ tạp'!$D$17:$AN$160,36,0) -> 1423.5961
A105: 10 | B105: ='Chấm công KT'!C104 -> 03597 | C105: ='Chấm công KT'!D104 -> N. Lẹ | D105: CNKT | E105: =4/1.25 -> 3.2 | F105: =1/1.25 -> 0.8 | Q105: =SUM(E105:P105) -> 4 | R105: =VLOOKUP(C105,'BTH mủ tạp'!$D$99:$AK$160,34,0) -> 2533 | T105: =S105*50/100 -> 0 | U105: =R105 -> 2533 | V105: =VLOOKUP(C105,'Chấm công KT'!$D$95:$AK$156,34,0) -> 24 | W105: =VLOOKUP(C105,'Chấm công KT'!$D$95:$AL$156,35,0) -> 5 | X105: =VLOOKUP(C105,'Chấm công KT'!D104:AM156,36,0) -> 0 | AC105: =Q105 -> 4 | AD105: =VLOOKUP(C105,'BTH mủ tạp'!$D$17:$AN$160,36,0) -> 1169.6299
A106: 11 | B106: ='Chấm công KT'!C105 -> 03598 | C106: ='Chấm công KT'!D105 -> N . Thích | D106: CNKT | E106: =4/1.25 -> 3.2 | F106: =1/1.25 -> 0.8 | Q106: =SUM(E106:P106) -> 4 | R106: =VLOOKUP(C106,'BTH mủ tạp'!$D$99:$AK$160,34,0) -> 2834 | T106: =S106*50/100 -> 0 | U106: =R106 -> 2834 | V106: =VLOOKUP(C106,'Chấm công KT'!$D$95:$AK$156,34,0) -> 24 | W106: =VLOOKUP(C106,'Chấm công KT'!$D$95:$AL$156,35,0) -> 5 | X106: =VLOOKUP(C106,'Chấm công KT'!D105:AM156,36,0) -> 0 | AC106: =Q106 -> 4 | AD106: =VLOOKUP(C106,'BTH mủ tạp'!$D$17:$AN$160,36,0) -> 1308.6187
A107: 12 | B107: ='Chấm công KT'!C106 -> 03599 | C107: ='Chấm công KT'!D106 -> N. Cong Mi | D107: CNKT | E107: =4/1.25 -> 3.2 | F107: =1/1.25 -> 0.8 | Q107: =SUM(E107:P107) -> 4 | R107: =VLOOKUP(C107,'BTH mủ tạp'!$D$99:$AK$160,34,0) -> 2309 | T107: =S107*50/100 -> 0 | U107: =R107 -> 2309 | V107: =VLOOKUP(C107,'Chấm công KT'!$D$95:$AK$156,34,0) -> 24 | W107: =VLOOKUP(C107,'Chấm công KT'!$D$95:$AL$156,35,0) -> 5 | X107: =VLOOKUP(C107,'Chấm công KT'!D106:AM156,36,0) -> 0 | AC107: =Q107 -> 4 | AD107: =VLOOKUP(C107,'BTH mủ tạp'!$D$17:$AN$160,36,0) -> 1066.1964
A108: 13 | B108: ='Chấm công KT'!C107 -> 04074 | C108: ='Chấm công KT'!D107 -> T. Na | D108: CNKT | E108: =4/1.25 -> 3.2 | F108: =1/1.25 -> 0.8 | Q108: =SUM(E108:P108) -> 4 | R108: =VLOOKUP(C108,'BTH mủ tạp'!$D$99:$AK$160,34,0) -> 2090 | T108: =S108*50/100 -> 0 | U108: =R108 -> 2090 | V108: =VLOOKUP(C108,'Chấm công KT'!$D$95:$AK$156,34,0) -> 21 | W108: =VLOOKUP(C108,'Chấm công KT'!$D$95:$AL$156,35,0) -> 4 | X108: =VLOOKUP(C108,'Chấm công KT'!D107:AM156,36,0) -> 0 | AC108: =Q108 -> 4 | AD108: =VLOOKUP(C108,'BTH mủ tạp'!$D$17:$AN$160,36,0) -> 965.07166
A109: 14 | B109: ='Chấm công KT'!C108 -> 03601 | C109: ='Chấm công KT'!D108 -> T. Khăm Mặn | D109: CNKT | E109: =4/1.25 -> 3.2 | F109: =1/1.25 -> 0.8 | Q109: =SUM(E109:P109) -> 4 | R109: =VLOOKUP(C109,'BTH mủ tạp'!$D$99:$AK$160,34,0) -> 3739 | T109: =S109*50/100 -> 0 | U109: =R109 -> 3739 | V109: =VLOOKUP(C109,'Chấm công KT'!$D$95:$AK$156,34,0) -> 24 | W109: =VLOOKUP(C109,'Chấm công KT'!$D$95:$AL$156,35,0) -> 5 | X109: =VLOOKUP(C109,'Chấm công KT'!D108:AM156,36,0) -> 0 | AC109: =Q109 -> 4 | AD109: =VLOOKUP(C109,'BTH mủ tạp'!$D$17:$AN$160,36,0) -> 1726.5086
A110: 15 | B110: ='Chấm công KT'!C109 -> 03602 | C110: ='Chấm công KT'!D109 -> T . In Tong | D110: CNKT | E110: =4/1.25 -> 3.2 | F110: =1/1.25 -> 0.8 | Q110: =SUM(E110:P110) -> 4 | R110: =VLOOKUP(C110,'BTH mủ tạp'!$D$99:$AK$160,34,0) -> 2733 | T110: =S110*50/100 -> 0 | U110: =R110 -> 2733 | V110: =VLOOKUP(C110,'Chấm công KT'!$D$95:$AK$156,34,0) -> 24 | W110: =VLOOKUP(C110,'Chấm công KT'!$D$95:$AL$156,35,0) -> 5 | X110: =VLOOKUP(C110,'Chấm công KT'!D109:AM156,36,0) -> 0 | AC110: =Q110 -> 4 | AD110: =VLOOKUP(C110,'BTH mủ tạp'!$D$17:$AN$160,36,0) -> 1261.9813
A111: 16 | B111: ='Chấm công KT'!C110 -> 03496 | C111: ='Chấm công KT'!D110 -> T. Lốp | D111: CNKT | E111: =4/1.25 -> 3.2 | F111: =1/1.25 -> 0.8 | Q111: =SUM(E111:P111) -> 4 | R111: =VLOOKUP(C111,'BTH mủ tạp'!$D$99:$AK$160,34,0) -> 2447 | T111: =S111*50/100 -> 0 | U111: =R111 -> 2447 | V111: =VLOOKUP(C111,'Chấm công KT'!$D$95:$AK$156,34,0) -> 22 | W111: =VLOOKUP(C111,'Chấm công KT'!$D$95:$AL$156,35,0) -> 3 | X111: =VLOOKUP(C111,'Chấm công KT'!D110:AM156,36,0) -> 0 | AC111: =Q111 -> 4 | AD111: =VLOOKUP(C111,'BTH mủ tạp'!$D$17:$AN$160,36,0) -> 1382.3348
A112: 17 | B112: ='Chấm công KT'!C111 -> 03604 | C112: ='Chấm công KT'!D111 -> T. Lăm Phêng | D112: CNKT | E112: =4/1.25 -> 3.2 | F112: =1/1.25 -> 0.8 | Q112: =SUM(E112:P112) -> 4 | R112: =VLOOKUP(C112,'BTH mủ tạp'!$D$99:$AK$160,34,0) -> 4123 | T112: =S112*50/100 -> 0 | U112: =R112 -> 4123 | V112: =VLOOKUP(C112,'Chấm công KT'!$D$95:$AK$156,34,0) -> 23 | W112: =VLOOKUP(C112,'Chấm công KT'!$D$95:$AL$156,35,0) -> 5 | X112: =VLOOKUP(C112,'Chấm công KT'!D111:AM156,36,0) -> 0 | AC112: =Q112 -> 4 | AD112: =VLOOKUP(C112,'BTH mủ tạp'!$D$17:$AN$160,36,0) -> 1903.8232
A113: 18 | B113: ='Chấm công KT'!C112 -> 04075 | C113: ='Chấm công KT'!D112 -> T Xèng | D113: CNKT | E113: =4/1.25 -> 3.2 | F113: =1/1.25 -> 0.8 | Q113: =SUM(E113:P113) -> 4 | R113: =VLOOKUP(C113,'BTH mủ tạp'!$D$99:$AK$160,34,0) -> 3112 | T113: =S113*50/100 -> 0 | U113: =R113 -> 3112 | V113: =VLOOKUP(C113,'Chấm công KT'!$D$95:$AK$156,34,0) -> 24 | W113: =VLOOKUP(C113,'Chấm công KT'!$D$95:$AL$156,35,0) -> 5 | X113: =VLOOKUP(C113,'Chấm công KT'!D112:AM156,36,0) -> 0 | AC113: =Q113 -> 4 | AD113: =VLOOKUP(C113,'BTH mủ tạp'!$D$17:$AN$160,36,0) -> 1436.9871
A114: 19 | B114: ='Chấm công KT'!C113 -> 03509 | C114: ='Chấm công KT'!D113 -> T. May | D114: CNKT | E114: =4/1.25 -> 3.2 | F114: =1/1.25 -> 0.8 | Q114: =SUM(E114:P114) -> 4 | R114: =VLOOKUP(C114,'BTH mủ tạp'!$D$99:$AK$160,34,0) -> 2965 | T114: =S114*50/100 -> 0 | U114: =R114 -> 2965 | V114: =VLOOKUP(C114,'Chấm công KT'!$D$95:$AK$156,34,0) -> 25 | W114: =VLOOKUP(C114,'Chấm công KT'!$D$95:$AL$156,35,0) -> 5 | X114: =VLOOKUP(C114,'Chấm công KT'!D113:AM156,36,0) -> 0 | AC114: =Q114 -> 4 | AD114: =VLOOKUP(C114,'BTH mủ tạp'!$D$17:$AN$160,36,0) -> 1369.1088
A115: 20 | B115: ='Chấm công KT'!C114 -> 03607 | C115: ='Chấm công KT'!D114 -> T. Huôn | D115: CNKT | E115: =4/1.25 -> 3.2 | F115: =1/1.25 -> 0.8 | Q115: =SUM(E115:P115) -> 4 | R115: =VLOOKUP(C115,'BTH mủ tạp'!$D$99:$AK$160,34,0) -> 2426 | T115: =S115*50/100 -> 0 | U115: =R115 -> 2426 | V115: =VLOOKUP(C115,'Chấm công KT'!$D$95:$AK$156,34,0) -> 25 | W115: =VLOOKUP(C115,'Chấm công KT'!$D$95:$AL$156,35,0) -> 5 | X115: =VLOOKUP(C115,'Chấm công KT'!D114:AM156,36,0) -> 0 | AC115: =Q115 -> 4 | AD115: =VLOOKUP(C115,'BTH mủ tạp'!$D$17:$AN$160,36,0) -> 1120.2219
A116: 21 | B116: ='Chấm công KT'!C115 -> 02729 | C116: ='Chấm công KT'!D115 -> N. Lay | D116: CNKT | E116: =4/1.25 -> 3.2 | F116: =1/1.25 -> 0.8 | Q116: =SUM(E116:P116) -> 4 | R116: =VLOOKUP(C116,'BTH mủ tạp'!$D$99:$AK$160,34,0) -> 2477 | T116: =S116*50/100 -> 0 | U116: =R116 -> 2477 | V116: =VLOOKUP(C116,'Chấm công KT'!$D$95:$AK$156,34,0) -> 25 | W116: =VLOOKUP(C116,'Chấm công KT'!$D$95:$AL$156,35,0) -> 5 | X116: =VLOOKUP(C116,'Chấm công KT'!D115:AM156,36,0) -> 0 | AC116: =Q116 -> 4 | AD116: =VLOOKUP(C116,'BTH mủ tạp'!$D$17:$AN$160,36,0) -> 1143.7715
A117: 22 | B117: ='Chấm công KT'!C116 -> 03608 | C117: ='Chấm công KT'!D116 -> N. Pon | D117: CNKT | E117: =4/1.25 -> 3.2 | F117: =1/1.25 -> 0.8 | Q117: =SUM(E117:P117) -> 4 | R117: =VLOOKUP(C117,'BTH mủ tạp'!$D$99:$AK$160,34,0) -> 2578 | T117: =S117*50/100 -> 0 | U117: =R117 -> 2578 | V117: =VLOOKUP(C117,'Chấm công KT'!$D$95:$AK$156,34,0) -> 23 | W117: =VLOOKUP(C117,'Chấm công KT'!$D$95:$AL$156,35,0) -> 5 | X117: =VLOOKUP(C117,'Chấm công KT'!D116:AM156,36,0) -> 0 | AC117: =Q117 -> 4 | AD117: =VLOOKUP(C117,'BTH mủ tạp'!$D$17:$AN$160,36,0) -> 1190.409
A118: 23 | B118: ='Chấm công KT'!C117 -> 03609 | C118: ='Chấm công KT'!D117 -> N. Bun Đi | D118: CNKT | E118: =4/1.25 -> 3.2 | F118: =1/1.25 -> 0.8 | Q118: =SUM(E118:P118) -> 4 | R118: =VLOOKUP(C118,'BTH mủ tạp'!$D$99:$AK$160,34,0) -> 2248 | T118: =S118*50/100 -> 0 | U118: =R118 -> 2248 | V118: =VLOOKUP(C118,'Chấm công KT'!$D$95:$AK$156,34,0) -> 24 | W118: =VLOOKUP(C118,'Chấm công KT'!$D$95:$AL$156,35,0) -> 5 | X118: =VLOOKUP(C118,'Chấm công KT'!D117:AM156,36,0) -> 0 | AC118: =Q118 -> 4 | AD118: =VLOOKUP(C118,'BTH mủ tạp'!$D$17:$AN$160,36,0) -> 1038.0292
A119: 24 | B119: ='Chấm công KT'!C118 -> 03610 | C119: ='Chấm công KT'!D118 -> N. Phon | D119: CNKT | E119: =4/1.25 -> 3.2 | F119: =1/1.25 -> 0.8 | Q119: =SUM(E119:P119) -> 4 | R119: =VLOOKUP(C119,'BTH mủ tạp'!$D$99:$AK$160,34,0) -> 2328 | T119: =S119*50/100 -> 0 | U119: =R119 -> 2328 | V119: =VLOOKUP(C119,'Chấm công KT'!$D$95:$AK$156,34,0) -> 24 | W119: =VLOOKUP(C119,'Chấm công KT'!$D$95:$AL$156,35,0) -> 5 | X119: =VLOOKUP(C119,'Chấm công KT'!D118:AM156,36,0) -> 0 | AC119: =Q119 -> 4 | AD119: =VLOOKUP(C119,'BTH mủ tạp'!$D$17:$AN$160,36,0) -> 1074.9698
A120: 25 | B120: ='Chấm công KT'!C119 -> 04076 | C120: ='Chấm công KT'!D119 -> N. Bun | D120: CNKT | E120: =4/1.25 -> 3.2 | F120: =1/1.25 -> 0.8 | Q120: =SUM(E120:P120) -> 4 | R120: =VLOOKUP(C120,'BTH mủ tạp'!$D$99:$AK$160,34,0) -> 3222 | T120: =S120*50/100 -> 0 | U120: =R120 -> 3222 | V120: =VLOOKUP(C120,'Chấm công KT'!$D$95:$AK$156,34,0) -> 24 | W120: =VLOOKUP(C120,'Chấm công KT'!$D$95:$AL$156,35,0) -> 4 | X120: =VLOOKUP(C120,'Chấm công KT'!D119:AM156,36,0) -> 0 | AC120: =Q120 -> 4 | AD120: =VLOOKUP(C120,'BTH mủ tạp'!$D$17:$AN$160,36,0) -> 1487.7803
A121: 26 | B121: ='Chấm công KT'!C120 -> 03612 | C121: ='Chấm công KT'!D120 -> N. Phu Văn | D121: CNKT | E121: =4/1.25 -> 3.2 | F121: =1/1.25 -> 0.8 | Q121: =SUM(E121:P121) -> 4 | R121: =VLOOKUP(C121,'BTH mủ tạp'!$D$99:$AK$160,34,0) -> 2983 | T121: =S121*50/100 -> 0 | U121: =R121 -> 2983 | V121: =VLOOKUP(C121,'Chấm công KT'!$D$95:$AK$156,34,0) -> 24 | W121: =VLOOKUP(C121,'Chấm công KT'!$D$95:$AL$156,35,0) -> 5 | X121: =VLOOKUP(C121,'Chấm công KT'!D120:AM156,36,0) -> 0 | AC121: =Q121 -> 4 | AD121: =VLOOKUP(C121,'BTH mủ tạp'!$D$17:$AN$160,36,0) -> 1377.4205
A122: 27 | B122: ='Chấm công KT'!C121 -> 03613 | C122: ='Chấm công KT'!D121 -> N. Lỷ | D122: CNKT | E122: =4/1.25 -> 3.2 | F122: =1/1.25 -> 0.8 | Q122: =SUM(E122:P122) -> 4 | R122: =VLOOKUP(C122,'BTH mủ tạp'!$D$99:$AK$160,34,0) -> 2391 | T122: =S122*50/100 -> 0 | U122: =R122 -> 2391 | V122: =VLOOKUP(C122,'Chấm công KT'!$D$95:$AK$156,34,0) -> 24 | W122: =VLOOKUP(C122,'Chấm công KT'!$D$95:$AL$156,35,0) -> 5 | X122: =VLOOKUP(C122,'Chấm công KT'!D121:AM156,36,0) -> 0 | AC122: =Q122 -> 4 | AD122: =VLOOKUP(C122,'BTH mủ tạp'!$D$17:$AN$160,36,0) -> 1104.0604
A123: 28 | B123: ='Chấm công KT'!C122 -> 04077 | C123: ='Chấm công KT'!D122 -> N. Quen | D123: CNKT | E123: =4/1.25 -> 3.2 | F123: =1/1.25 -> 0.8 | Q123: =SUM(E123:P123) -> 4 | R123: =VLOOKUP(C123,'BTH mủ tạp'!$D$99:$AK$160,34,0) -> 2964 | T123: =S123*50/100 -> 0 | U123: =R123 -> 2964 | V123: =VLOOKUP(C123,'Chấm công KT'!$D$95:$AK$156,34,0) -> 23 | W123: =VLOOKUP(C123,'Chấm công KT'!$D$95:$AL$156,35,0) -> 5 | X123: =VLOOKUP(C123,'Chấm công KT'!D122:AM156,36,0) -> 0 | AC123: =Q123 -> 4 | AD123: =VLOOKUP(C123,'BTH mủ tạp'!$D$17:$AN$160,36,0) -> 1368.6471
A124: 29 | B124: ='Chấm công KT'!C123 -> 03615 | C124: ='Chấm công KT'!D123 -> T. Xi Nuôn | D124: CNKT | E124: =4/1.25 -> 3.2 | F124: =1/1.25 -> 0.8 | Q124: =SUM(E124:P124) -> 4 | R124: =VLOOKUP(C124,'BTH mủ tạp'!$D$99:$AK$160,34,0) -> 1950 | T124: =S124*50/100 -> 0 | U124: =R124 -> 1950 | V124: =VLOOKUP(C124,'Chấm công KT'!$D$95:$AK$156,34,0) -> 20 | W124: =VLOOKUP(C124,'Chấm công KT'!$D$95:$AL$156,35,0) -> 4 | X124: =VLOOKUP(C124,'Chấm công KT'!D123:AM156,36,0) -> 0 | AC124: =Q124 -> 4 | AD124: =VLOOKUP(C124,'BTH mủ tạp'!$D$17:$AN$160,36,0) -> 900.42571
A125: 30 | B125: ='Chấm công KT'!C124 -> 03616 | C125: ='Chấm công KT'!D124 -> N. Ốc | D125: CNKT | E125: =4/1.25 -> 3.2 | F125: =1/1.25 -> 0.8 | Q125: =SUM(E125:P125) -> 4 | R125: =VLOOKUP(C125,'BTH mủ tạp'!$D$99:$AK$160,34,0) -> 2389 | T125: =S125*50/100 -> 0 | U125: =R125 -> 2389 | V125: =VLOOKUP(C125,'Chấm công KT'!$D$95:$AK$156,34,0) -> 24 | W125: =VLOOKUP(C125,'Chấm công KT'!$D$95:$AL$156,35,0) -> 5 | X125: =VLOOKUP(C125,'Chấm công KT'!D124:AM156,36,0) -> 0 | AC125: =Q125 -> 4 | AD125: =VLOOKUP(C125,'BTH mủ tạp'!$D$17:$AN$160,36,0) -> 1103.1369
A126: 31 | B126: ='Chấm công KT'!C125 -> 03617 | C126: ='Chấm công KT'!D125 -> T. Văn Nô | D126: CNKT | E126: =4/1.25 -> 3.2 | F126: =1/1.25 -> 0.8 | Q126: =SUM(E126:P126) -> 4 | R126: =VLOOKUP(C126,'BTH mủ tạp'!$D$99:$AK$160,34,0) -> 3310 | T126: =S126*50/100 -> 0 | U126: =R126 -> 3310 | V126: =VLOOKUP(C126,'Chấm công KT'!$D$95:$AK$156,34,0) -> 24 | W126: =VLOOKUP(C126,'Chấm công KT'!$D$95:$AL$156,35,0) -> 5 | X126: =VLOOKUP(C126,'Chấm công KT'!D125:AM156,36,0) -> 0 | AC126: =Q126 -> 4 | AD126: =VLOOKUP(C126,'BTH mủ tạp'!$D$17:$AN$160,36,0) -> 1528.4149
...

Sheet Trạm 1
A1: CỘNG HÒA DÂN CHỦ NHÂN DÂN LÀO
A2: Hòa Bình - Độc Lập - Dân Chủ - Thống Nhất - Thịnh Vượng
A3: -----o0o-----
A5: CÔNG TY TNHH MTV QUASA - GERUCO LÀO
A6: ĐỘI SẢN XUẤT SỐ 4
A8: BẢNG LƯƠNG KHAI THÁC TRẠM 1 THÁNG 06 NĂM 2025
AA9: Mủ tạp | AB9: ='BTH mủ tạp'!$AK$16 -> 168911
AA10: mủ QK | AB10: ='BTH mủ tạp'!$AM$16 -> 78326.587
E11: 655.8 | AA11: DRC mủ dây | AB11: 0.5
C12: Tỷ giá Bath qua Kip: | E12: ='CNKT '!F11 -> 668.84 | Z12: =AB10/AB9 -> 0.46371513 | AA12: DRC mủ serum | AB12: 0.2
A13: STT | B13: Mã số nhân viên | C13: Họ và tên | D13: Kí nhận | E13: LƯƠNG | X13: Tổng lương | Y13: Thuế TNCN | Z13: Tiền lương còn lại
E14: Lương chăm sóc ( đơn giá 25.000 kíp/ công) | J14: Lương sản lượng | M14: Phụ cấp khai thác
E15: Ngày công | F15: Thành tiền | G15: Mủ tạp (kg) | H15: Mủ dây (kg) | I15: Mủ xirum (kg) | J15: Quy khô ( kg) | K15: Hạng kỹ thuật | L15: Thành tiền | M15: Phụ cấp ngày công bình thường | N15: Phụ cấp ngày CN thường | O15: Phụ cấp ngày công đi cạo 2 lát | P15: Phụ cấp ngày công chủ nhật cạo 2 lát | Q15: Phụ cấp tiền lương (500.000 kíp/phần) | R15: Phụ cấp ngày chủ nhật cạo gia tăng 2 miệng | S15: Phụ cấp tiền lương (500.000 kíp/phần) | T15: Phụ cấp tiền lương (10.000 kíp/phần) | U15: Phụ cấp tiền lương (30.000 kíp/phần) | W15: Thành tiền | AB15: =5.5*E12 -> 3678.62 | AC15: =265*AB15 -> 974834.3
A16: 1 | B16: ='Chấm công KT'!C13 -> 03456 | C16: =TONGHOPCONGDOI!C11 -> T. Vôn | F16: =E16*25000 -> 0 | G16: =VLOOKUP(C16,TONGHOPCONGDOI!C11:AE93,16,0) -> 1135 | H16: =VLOOKUP(C16,TONGHOPCONGDOI!C11:AE93,17,0) -> 0 | J16: =$AB$10/$AB$9*G16+H16*$AB$11+I16*$AB$12 -> 526.31668 | K16: =VLOOKUP(C16,'BTH mủ tạp'!D17:AN95,37,0) -> B | L16: =ROUND((IF(K16="A",(G16*$Z$12*6.1),IF(K16="B",(G16*$Z$12*5.8),IF(K16="C",(G16*$Z$12*5.5),IF(K16="C.",(G16*$Z$12*5.5),IF(K16="D",(G16*$Z$12*5.2),0)))))*$E$12+(H16*$AB$11*$E$12*6.1)+I16*$E$12*$AB$12*6.1),0) -> 2041726 | M16: =VLOOKUP(C16,TONGHOPCONGDOI!$C$11:$V$91,20,0) -> 12 | N16: =VLOOKUP(C16,TONGHOPCONGDOI!$C$11:$W$91,21,0) -> 2 | O16: =VLOOKUP(C16,TONGHOPCONGDOI!$C$11:$AD$93,22,0) -> 0 | P16: =VLOOKUP(C16,TONGHOPCONGDOI!$C$11:$AD$93,23,0) -> 0 | Q16: =VLOOKUP(C16,TONGHOPCONGDOI!$C$11:$AD$93,24,0) -> 0 | R16: =VLOOKUP(C16,TONGHOPCONGDOI!$C$11:$AD$93,25,0) -> 0 | W16: =ROUND(((M16*46.1)+(N16*76.9)+(O16*92.2)+(P16*153.8)+(Q16*92.2)+(R16*153.8))*$E$12+(S16*25000)+(T16*10000)+(U16*30000),0) -> 472870 | X16: =F16+L16+W16 -> 2514596 | Z16: =VLOOKUP(C16,'CNKT '!D16:AA93,24,0) -> 2514596 | AA16: =Z16-X16 -> 0
A17: 2 | B17: ='Chấm công KT'!C14 -> 04052 | C17: =TONGHOPCONGDOI!C12 -> T. Feng | F17: =E17*25000 -> 0 | G17: =VLOOKUP(C17,TONGHOPCONGDOI!C12:AE94,16,0) -> 1955 | H17: =VLOOKUP(C17,TONGHOPCONGDOI!C12:AE94,17,0) -> 0 | J17: =$AB$10/$AB$9*G17+H17*$AB$11+I17*$AB$12 -> 906.56309 | K17: =VLOOKUP(C17,'BTH mủ tạp'!D18:AN96,37,0) -> A | L17: =ROUND((IF(K17="A",(G17*$Z$12*6.1),IF(K17="B",(G17*$Z$12*5.8),IF(K17="C",(G17*$Z$12*5.5),IF(K17="C.",(G17*$Z$12*5.5),IF(K17="D",(G17*$Z$12*5.2),0)))))*$E$12+(H17*$AB$11*$E$12*6.1)+I17*$E$12*$AB$12*6.1),0) -> 3698708 | M17: =VLOOKUP(C17,TONGHOPCONGDOI!$C$11:$V$91,20,0) -> 21 | N17: =VLOOKUP(C17,TONGHOPCONGDOI!$C$11:$W$91,21,0) -> 4 | O17: =VLOOKUP(C17,TONGHOPCONGDOI!$C$11:$AD$93,22,0) -> 0 | P17: =VLOOKUP(C17,TONGHOPCONGDOI!$C$11:$AD$93,23,0) -> 0 | Q17: =VLOOKUP(C17,TONGHOPCONGDOI!$C$11:$AD$93,24,0) -> 0 | R17: =VLOOKUP(C17,TONGHOPCONGDOI!$C$11:$AD$93,25,0) -> 0 | W17: =ROUND(((M17*46.1)+(N17*76.9)+(O17*92.2)+(P17*153.8)+(Q17*92.2)+(R17*153.8))*$E$12+(S17*25000)+(T17*10000)+(U17*30000),0) -> 853239 | X17: =F17+L17+W17 -> 4551947 | Z17: =VLOOKUP(C17,'CNKT '!D17:AA94,24,0) -> 4551947 | AA17: =Z17-X17 -> 0
A18: 3 | B18: ='Chấm công KT'!C15 -> 02725 | C18: =TONGHOPCONGDOI!C13 -> T. Sa Văn | F18: =E18*25000 -> 0 | G18: =VLOOKUP(C18,TONGHOPCONGDOI!C13:AE94,16,0) -> 1903 | H18: =VLOOKUP(C18,TONGHOPCONGDOI!C13:AE94,17,0) -> 0 | J18: =$AB$10/$AB$9*G18+H18*$AB$11+I18*$AB$12 -> 882.4499 | K18: =VLOOKUP(C18,'BTH mủ tạp'!D19:AN97,37,0) -> A | L18: =ROUND((IF(K18="A",(G18*$Z$12*6.1),IF(K18="B",(G18*$Z$12*5.8),IF(K18="C",(G18*$Z$12*5.5),IF(K18="C.",(G18*$Z$12*5.5),IF(K18="D",(G18*$Z$12*5.2),0)))))*$E$12+(H18*$AB$11*$E$12*6.1)+I18*$E$12*$AB$12*6.1),0) -> 3600329 | M18: =VLOOKUP(C18,TONGHOPCONGDOI!$C$11:$V$91,20,0) -> 19 | N18: =VLOOKUP(C18,TONGHOPCONGDOI!$C$11:$W$91,21,0) -> 5 | O18: =VLOOKUP(C18,TONGHOPCONGDOI!$C$11:$AD$93,22,0) -> 0 | P18: =VLOOKUP(C18,TONGHOPCONGDOI!$C$11:$AD$93,23,0) -> 0 | Q18: =VLOOKUP(C18,TONGHOPCONGDOI!$C$11:$AD$93,24,0) -> 0 | R18: =VLOOKUP(C18,TONGHOPCONGDOI!$C$11:$AD$93,25,0) -> 0 | W18: =ROUND(((M18*46.1)+(N18*76.9)+(O18*92.2)+(P18*153.8)+(Q18*92.2)+(R18*153.8))*$E$12+(S18*25000)+(T18*10000)+(U18*30000),0) -> 843006 | X18: =F18+L18+W18 -> 4443335 | Z18: =VLOOKUP(C18,'CNKT '!D18:AA95,24,0) -> 4443335 | AA18: =Z18-X18 -> 0
A19: 4 | B19: ='Chấm công KT'!C16 -> 04053 | C19: =TONGHOPCONGDOI!C14 -> Lăm Ma Thu | F19: =E19*25000 -> 0 | G19: =VLOOKUP(C19,TONGHOPCONGDOI!C14:AE94,16,0) -> 2145 | H19: =VLOOKUP(C19,TONGHOPCONGDOI!C14:AE94,17,0) -> 0 | J19: =$AB$10/$AB$9*G19+H19*$AB$11+I19*$AB$12 -> 994.66896 | K19: =VLOOKUP(C19,'BTH mủ tạp'!D20:AN98,37,0) -> B | L19: =ROUND((IF(K19="A",(G19*$Z$12*6.1),IF(K19="B",(G19*$Z$12*5.8),IF(K19="C",(G19*$Z$12*5.5),IF(K19="C.",(G19*$Z$12*5.5),IF(K19="D",(G19*$Z$12*5.2),0)))))*$E$12+(H19*$AB$11*$E$12*6.1)+I19*$E$12*$AB$12*6.1),0) -> 3858591 | M19: =VLOOKUP(C19,TONGHOPCONGDOI!$C$11:$V$91,20,0) -> 20 | N19: =VLOOKUP(C19,TONGHOPCONGDOI!$C$11:$W$91,21,0) -> 5 | O19: =VLOOKUP(C19,TONGHOPCONGDOI!$C$11:$AD$93,22,0) -> 0 | P19: =VLOOKUP(C19,TONGHOPCONGDOI!$C$11:$AD$93,23,0) -> 0 | Q19: =VLOOKUP(C19,TONGHOPCONGDOI!$C$11:$AD$93,24,0) -> 0 | R19: =VLOOKUP(C19,TONGHOPCONGDOI!$C$11:$AD$93,25,0) -> 0 | W19: =ROUND(((M19*46.1)+(N19*76.9)+(O19*92.2)+(P19*153.8)+(Q19*92.2)+(R19*153.8))*$E$12+(S19*25000)+(T19*10000)+(U19*30000),0) -> 873839 | X19: =F19+L19+W19 -> 4732430 | Z19: =VLOOKUP(C19,'CNKT '!D19:AA96,24,0) -> 4732430 | AA19: =Z19-X19 -> 0
A20: 5 | B20: ='Chấm công KT'!C17 -> 03459 | C20: =TONGHOPCONGDOI!C15 -> N. Vạt | F20: =E20*25000 -> 0 | G20: =VLOOKUP(C20,TONGHOPCONGDOI!C15:AE94,16,0) -> 2015 | H20: =VLOOKUP(C20,TONGHOPCONGDOI!C15:AE94,17,0) -> 0 | J20: =$AB$10/$AB$9*G20+H20*$AB$11+I20*$AB$12 -> 934.386 | K20: =VLOOKUP(C20,'BTH mủ tạp'!D21:AN99,37,0) -> A | L20: =ROUND((IF(K20="A",(G20*$Z$12*6.1),IF(K20="B",(G20*$Z$12*5.8),IF(K20="C",(G20*$Z$12*5.5),IF(K20="C.",(G20*$Z$12*5.5),IF(K20="D",(G20*$Z$12*5.2),0)))))*$E$12+(H20*$AB$11*$E$12*6.1)+I20*$E$12*$AB$12*6.1),0) -> 3812224 | M20: =VLOOKUP(C20,TONGHOPCONGDOI!$C$11:$V$91,20,0) -> 19 | N20: =VLOOKUP(C20,TONGHOPCONGDOI!$C$11:$W$91,21,0) -> 4 | O20: =VLOOKUP(C20,TONGHOPCONGDOI!$C$11:$AD$93,22,0) -> 0 | P20: =VLOOKUP(C20,TONGHOPCONGDOI!$C$11:$AD$93,23,0) -> 0 | Q20: =VLOOKUP(C20,TONGHOPCONGDOI!$C$11:$AD$93,24,0) -> 0 | R20: =VLOOKUP(C20,TONGHOPCONGDOI!$C$11:$AD$93,25,0) -> 0 | W20: =ROUND(((M20*46.1)+(N20*76.9)+(O20*92.2)+(P20*153.8)+(Q20*92.2)+(R20*153.8))*$E$12+(S20*25000)+(T20*10000)+(U20*30000),0) -> 791572 | X20: =F20+L20+W20 -> 4603796 | Z20: =VLOOKUP(C20,'CNKT '!D20:AA97,24,0) -> 4603796 | AA20: =Z20-X20 -> 0
A21: 6 | B21: ='Chấm công KT'!C18 -> 04054 | C21: =TONGHOPCONGDOI!C16 -> N. Kay Son | F21: =E21*25000 -> 0 | G21: =VLOOKUP(C21,TONGHOPCONGDOI!C16:AE94,16,0) -> 2401 | H21: =VLOOKUP(C21,TONGHOPCONGDOI!C16:AE94,17,0) -> 0 | J21: =$AB$10/$AB$9*G21+H21*$AB$11+I21*$AB$12 -> 1113.38 | K21: =VLOOKUP(C21,'BTH mủ tạp'!D22:AN100,37,0) -> A | L21: =ROUND((IF(K21="A",(G21*$Z$12*6.1),IF(K21="B",(G21*$Z$12*5.8),IF(K21="C",(G21*$Z$12*5.5),IF(K21="C.",(G21*$Z$12*5.5),IF(K21="D",(G21*$Z$12*5.2),0)))))*$E$12+(H21*$AB$11*$E$12*6.1)+I21*$E$12*$AB$12*6.1),0) -> 4542506 | M21: =VLOOKUP(C21,TONGHOPCONGDOI!$C$11:$V$91,20,0) -> 20 | N21: =VLOOKUP(C21,TONGHOPCONGDOI!$C$11:$W$91,21,0) -> 4 | O21: =VLOOKUP(C21,TONGHOPCONGDOI!$C$11:$AD$93,22,0) -> 0 | P21: =VLOOKUP(C21,TONGHOPCONGDOI!$C$11:$AD$93,23,0) -> 0 | Q21: =VLOOKUP(C21,TONGHOPCONGDOI!$C$11:$AD$93,24,0) -> 0 | R21: =VLOOKUP(C21,TONGHOPCONGDOI!$C$11:$AD$93,25,0) -> 0 | W21: =ROUND(((M21*46.1)+(N21*76.9)+(O21*92.2)+(P21*153.8)+(Q21*92.2)+(R21*153.8))*$E$12+(S21*25000)+(T21*10000)+(U21*30000),0) -> 822406 | X21: =F21+L21+W21 -> 5364912 | Z21: =VLOOKUP(C21,'CNKT '!D21:AA97,24,0) -> 5364912 | AA21: =Z21-X21 -> 0
A22: 7 | B22: ='Chấm công KT'!C19 -> 04055 | C22: =TONGHOPCONGDOI!C17 -> T. Đèng 1 | F22: =E22*25000 -> 0 | G22: =VLOOKUP(C22,TONGHOPCONGDOI!C17:AE94,16,0) -> 1993 | H22: =VLOOKUP(C22,TONGHOPCONGDOI!C17:AE94,17,0) -> 0 | J22: =$AB$10/$AB$9*G22+H22*$AB$11+I22*$AB$12 -> 924.18426 | K22: =VLOOKUP(C22,'BTH mủ tạp'!D23:AN101,37,0) -> A | L22: =ROUND((IF(K22="A",(G22*$Z$12*6.1),IF(K22="B",(G22*$Z$12*5.8),IF(K22="C",(G22*$Z$12*5.5),IF(K22="C.",(G22*$Z$12*5.5),IF(K22="D",(G22*$Z$12*5.2),0)))))*$E$12+(H22*$AB$11*$E$12*6.1)+I22*$E$12*$AB$12*6.1),0) -> 3770602 | M22: =VLOOKUP(C22,TONGHOPCONGDOI!$C$11:$V$91,20,0) -> 23 | N22: =VLOOKUP(C22,TONGHOPCONGDOI!$C$11:$W$91,21,0) -> 5 | O22: =VLOOKUP(C22,TONGHOPCONGDOI!$C$11:$AD$93,22,0) -> 0 | P22: =VLOOKUP(C22,TONGHOPCONGDOI!$C$11:$AD$93,23,0) -> 0 | Q22: =VLOOKUP(C22,TONGHOPCONGDOI!$C$11:$AD$93,24,0) -> 0 | R22: =VLOOKUP(C22,TONGHOPCONGDOI!$C$11:$AD$93,25,0) -> 0 | W22: =ROUND(((M22*46.1)+(N22*76.9)+(O22*92.2)+(P22*153.8)+(Q22*92.2)+(R22*153.8))*$E$12+(S22*25000)+(T22*10000)+(U22*30000),0) -> 966340 | X22: =F22+L22+W22 -> 4736942 | Z22: =VLOOKUP(C22,'CNKT '!D22:AA98,24,0) -> 4736942 | AA22: =Z22-X22 -> 0
A23: 8 | B23: ='Chấm công KT'!C20 -> 03462 | C23: =TONGHOPCONGDOI!C18 -> T . Bua Ngân | F23: =E23*25000 -> 0 | G23: =VLOOKUP(C23,TONGHOPCONGDOI!C18:AE94,16,0) -> 2333 | H23: =VLOOKUP(C23,TONGHOPCONGDOI!C18:AE94,17,0) -> 0 | J23: =$AB$10/$AB$9*G23+H23*$AB$11+I23*$AB$12 -> 1081.8474 | K23: =VLOOKUP(C23,'BTH mủ tạp'!D24:AN102,37,0) -> A | L23: =ROUND((IF(K23="A",(G23*$Z$12*6.1),IF(K23="B",(G23*$Z$12*5.8),IF(K23="C",(G23*$Z$12*5.5),IF(K23="C.",(G23*$Z$12*5.5),IF(K23="D",(G23*$Z$12*5.2),0)))))*$E$12+(H23*$AB$11*$E$12*6.1)+I23*$E$12*$AB$12*6.1),0) -> 4413855 | M23: =VLOOKUP(C23,TONGHOPCONGDOI!$C$11:$V$91,20,0) -> 23 | N23: =VLOOKUP(C23,TONGHOPCONGDOI!$C$11:$W$91,21,0) -> 5 | O23: =VLOOKUP(C23,TONGHOPCONGDOI!$C$11:$AD$93,22,0) -> 0 | P23: =VLOOKUP(C23,TONGHOPCONGDOI!$C$11:$AD$93,23,0) -> 0 | Q23: =VLOOKUP(C23,TONGHOPCONGDOI!$C$11:$AD$93,24,0) -> 0 | R23: =VLOOKUP(C23,TONGHOPCONGDOI!$C$11:$AD$93,25,0) -> 0 | W23: =ROUND(((M23*46.1)+(N23*76.9)+(O23*92.2)+(P23*153.8)+(Q23*92.2)+(R23*153.8))*$E$12+(S23*25000)+(T23*10000)+(U23*30000),0) -> 966340 | X23: =F23+L23+W23 -> 5380195 | Z23: =VLOOKUP(C23,'CNKT '!D23:AA98,24,0) -> 5380195 | AA23: =Z23-X23 -> 0
A24: 9 | B24: ='Chấm công KT'!C21 -> 03463 | C24: =TONGHOPCONGDOI!C19 -> T Căng | F24: =E24*25000 -> 0 | G24: =VLOOKUP(C24,TONGHOPCONGDOI!C19:AE94,16,0) -> 2885 | H24: =VLOOKUP(C24,TONGHOPCONGDOI!C19:AE94,17,0) -> 0 | J24: =$AB$10/$AB$9*G24+H24*$AB$11+I24*$AB$12 -> 1337.8182 | K24: =VLOOKUP(C24,'BTH mủ tạp'!D25:AN103,37,0) -> A | L24: =ROUND((IF(K24="A",(G24*$Z$12*6.1),IF(K24="B",(G24*$Z$12*5.8),IF(K24="C",(G24*$Z$12*5.5),IF(K24="C.",(G24*$Z$12*5.5),IF(K24="D",(G24*$Z$12*5.2),0)))))*$E$12+(H24*$AB$11*$E$12*6.1)+I24*$E$12*$AB$12*6.1),0) -> 5458196 | M24: =VLOOKUP(C24,TONGHOPCONGDOI!$C$11:$V$91,20,0) -> 23 | N24: =VLOOKUP(C24,TONGHOPCONGDOI!$C$11:$W$91,21,0) -> 5 | O24: =VLOOKUP(C24,TONGHOPCONGDOI!$C$11:$AD$93,22,0) -> 0 | P24: =VLOOKUP(C24,TONGHOPCONGDOI!$C$11:$AD$93,23,0) -> 0 | Q24: =VLOOKUP(C24,TONGHOPCONGDOI!$C$11:$AD$93,24,0) -> 0 | R24: =VLOOKUP(C24,TONGHOPCONGDOI!$C$11:$AD$93,25,0) -> 0 | W24: =ROUND(((M24*46.1)+(N24*76.9)+(O24*92.2)+(P24*153.8)+(Q24*92.2)+(R24*153.8))*$E$12+(S24*25000)+(T24*10000)+(U24*30000),0) -> 966340 | X24: =F24+L24+W24 -> 6424536 | Z24: =VLOOKUP(C24,'CNKT '!D24:AA98,24,0) -> 6424536 | AA24: =Z24-X24 -> 0
A25: 10 | B25: ='Chấm công KT'!C22 -> 03464 | C25: =TONGHOPCONGDOI!C20 -> N. Phôn 1 | F25: =E25*25000 -> 0 | G25: =VLOOKUP(C25,TONGHOPCONGDOI!C20:AE94,16,0) -> 2848 | H25: =VLOOKUP(C25,TONGHOPCONGDOI!C20:AE94,17,0) -> 0 | J25: =$AB$10/$AB$9*G25+H25*$AB$11+I25*$AB$12 -> 1320.6607 | K25: =VLOOKUP(C25,'BTH mủ tạp'!D26:AN104,37,0) -> A | L25: =ROUND((IF(K25="A",(G25*$Z$12*6.1),IF(K25="B",(G25*$Z$12*5.8),IF(K25="C",(G25*$Z$12*5.5),IF(K25="C.",(G25*$Z$12*5.5),IF(K25="D",(G25*$Z$12*5.2),0)))))*$E$12+(H25*$AB$11*$E$12*6.1)+I25*$E$12*$AB$12*6.1),0) -> 5388195 | M25: =VLOOKUP(C25,TONGHOPCONGDOI!$C$11:$V$91,20,0) -> 23 | N25: =VLOOKUP(C25,TONGHOPCONGDOI!$C$11:$W$91,21,0) -> 5 | O25: =VLOOKUP(C25,TONGHOPCONGDOI!$C$11:$AD$93,22,0) -> 0 | P25: =VLOOKUP(C25,TONGHOPCONGDOI!$C$11:$AD$93,23,0) -> 0 | Q25: =VLOOKUP(C25,TONGHOPCONGDOI!$C$11:$AD$93,24,0) -> 0 | R25: =VLOOKUP(C25,TONGHOPCONGDOI!$C$11:$AD$93,25,0) -> 0 | W25: =ROUND(((M25*46.1)+(N25*76.9)+(O25*92.2)+(P25*153.8)+(Q25*92.2)+(R25*153.8))*$E$12+(S25*25000)+(T25*10000)+(U25*30000),0) -> 966340 | X25: =F25+L25+W25 -> 6354535 | Z25: =VLOOKUP(C25,'CNKT '!D25:AA98,24,0) -> 6354535 | AA25: =Z25-X25 -> 0
A26: 11 | B26: ='Chấm công KT'!C23 -> 03465 | C26: =TONGHOPCONGDOI!C21 -> T. In Păn | F26: =E26*25000 -> 0 | G26: =VLOOKUP(C26,TONGHOPCONGDOI!C21:AE94,16,0) -> 2182 | H26: =VLOOKUP(C26,TONGHOPCONGDOI!C21:AE94,17,0) -> 0 | J26: =$AB$10/$AB$9*G26+H26*$AB$11+I26*$AB$12 -> 1011.8264 | K26: =VLOOKUP(C26,'BTH mủ tạp'!D27:AN105,37,0) -> A | L26: =ROUND((IF(K26="A",(G26*$Z$12*6.1),IF(K26="B",(G26*$Z$12*5.8),IF(K26="C",(G26*$Z$12*5.5),IF(K26="C.",(G26*$Z$12*5.5),IF(K26="D",(G26*$Z$12*5.2),0)))))*$E$12+(H26*$AB$11*$E$12*6.1)+I26*$E$12*$AB$12*6.1),0) -> 4128175 | M26: =VLOOKUP(C26,TONGHOPCONGDOI!$C$11:$V$91,20,0) -> 20 | N26: =VLOOKUP(C26,TONGHOPCONGDOI!$C$11:$W$91,21,0) -> 5 | O26: =VLOOKUP(C26,TONGHOPCONGDOI!$C$11:$AD$93,22,0) -> 0 | P26: =VLOOKUP(C26,TONGHOPCONGDOI!$C$11:$AD$93,23,0) -> 0 | Q26: =VLOOKUP(C26,TONGHOPCONGDOI!$C$11:$AD$93,24,0) -> 0 | R26: =VLOOKUP(C26,TONGHOPCONGDOI!$C$11:$AD$93,25,0) -> 0 | W26: =ROUND(((M26*46.1)+(N26*76.9)+(O26*92.2)+(P26*153.8)+(Q26*92.2)+(R26*153.8))*$E$12+(S26*25000)+(T26*10000)+(U26*30000),0) -> 873839 | X26: =F26+L26+W26 -> 5002014 | Z26: =VLOOKUP(C26,'CNKT '!D26:AA98,24,0) -> 5002014 | AA26: =Z26-X26 -> 0
A27: 12 | B27: ='Chấm công KT'!C24 -> 03466 | C27: =TONGHOPCONGDOI!C22 -> N. Keo | F27: =E27*25000 -> 0 | G27: =VLOOKUP(C27,TONGHOPCONGDOI!C22:AE94,16,0) -> 3179 | H27: =VLOOKUP(C27,TONGHOPCONGDOI!C22:AE94,17,0) -> 0 | J27: =$AB$10/$AB$9*G27+H27*$AB$11+I27*$AB$12 -> 1474.1504 | K27: =VLOOKUP(C27,'BTH mủ tạp'!D28:AN106,37,0) -> A | L27: =ROUND((IF(K27="A",(G27*$Z$12*6.1),IF(K27="B",(G27*$Z$12*5.8),IF(K27="C",(G27*$Z$12*5.5),IF(K27="C.",(G27*$Z$12*5.5),IF(K27="D",(G27*$Z$12*5.2),0)))))*$E$12+(H27*$AB$11*$E$12*6.1)+I27*$E$12*$AB$12*6.1),0) -> 6014422 | M27: =VLOOKUP(C27,TONGHOPCONGDOI!$C$11:$V$91,20,0) -> 23 | N27: =VLOOKUP(C27,TONGHOPCONGDOI!$C$11:$W$91,21,0) -> 5 | O27: =VLOOKUP(C27,TONGHOPCONGDOI!$C$11:$AD$93,22,0) -> 0 | P27: =VLOOKUP(C27,TONGHOPCONGDOI!$C$11:$AD$93,23,0) -> 0 | Q27: =VLOOKUP(C27,TONGHOPCONGDOI!$C$11:$AD$93,24,0) -> 0 | R27: =VLOOKUP(C27,TONGHOPCONGDOI!$C$11:$AD$93,25,0) -> 0 | W27: =ROUND(((M27*46.1)+(N27*76.9)+(O27*92.2)+(P27*153.8)+(Q27*92.2)+(R27*153.8))*$E$12+(S27*25000)+(T27*10000)+(U27*30000),0) -> 966340 | X27: =F27+L27+W27 -> 6980762 | Z27: =VLOOKUP(C27,'CNKT '!D27:AA98,24,0) -> 6980762 | AA27: =Z27-X27 -> 0
A28: 13 | B28: ='Chấm công KT'!C25 -> 02727 | C28: =TONGHOPCONGDOI!C23 -> T. Thong Đon | F28: =E28*25000 -> 0 | G28: =VLOOKUP(C28,TONGHOPCONGDOI!C23:AE94,16,0) -> 2523 | H28: =VLOOKUP(C28,TONGHOPCONGDOI!C23:AE94,17,0) -> 0 | J28: =$AB$10/$AB$9*G28+H28*$AB$11+I28*$AB$12 -> 1169.9533 | K28: =VLOOKUP(C28,'BTH mủ tạp'!D29:AN107,37,0) -> A | L28: =ROUND((IF(K28="A",(G28*$Z$12*6.1),IF(K28="B",(G28*$Z$12*5.8),IF(K28="C",(G28*$Z$12*5.5),IF(K28="C.",(G28*$Z$12*5.5),IF(K28="D",(G28*$Z$12*5.2),0)))))*$E$12+(H28*$AB$11*$E$12*6.1)+I28*$E$12*$AB$12*6.1),0) -> 4773320 | M28: =VLOOKUP(C28,TONGHOPCONGDOI!$C$11:$V$91,20,0) -> 20 | N28: =VLOOKUP(C28,TONGHOPCONGDOI!$C$11:$W$91,21,0) -> 5 | O28: =VLOOKUP(C28,TONGHOPCONGDOI!$C$11:$AD$93,22,0) -> 0 | P28: =VLOOKUP(C28,TONGHOPCONGDOI!$C$11:$AD$93,23,0) -> 0 | Q28: =VLOOKUP(C28,TONGHOPCONGDOI!$C$11:$AD$93,24,0) -> 0 | R28: =VLOOKUP(C28,TONGHOPCONGDOI!$C$11:$AD$93,25,0) -> 0 | W28: =ROUND(((M28*46.1)+(N28*76.9)+(O28*92.2)+(P28*153.8)+(Q28*92.2)+(R28*153.8))*$E$12+(S28*25000)+(T28*10000)+(U28*30000),0) -> 873839 | X28: =F28+L28+W28 -> 5647159 | Z28: =VLOOKUP(C28,'CNKT '!D28:AA98,24,0) -> 5647159 | AA28: =Z28-X28 -> 0
A29: 14 | B29: ='Chấm công KT'!C26 -> 03467 | C29: =TONGHOPCONGDOI!C24 -> T. Hin | F29: =E29*25000 -> 0 | G29: =VLOOKUP(C29,TONGHOPCONGDOI!C24:AE94,16,0) -> 2309 | H29: =VLOOKUP(C29,TONGHOPCONGDOI!C24:AE94,17,0) -> 0 | J29: =$AB$10/$AB$9*G29+H29*$AB$11+I29*$AB$12 -> 1070.7182 | K29: =VLOOKUP(C29,'BTH mủ tạp'!D30:AN108,37,0) -> A | L29: =ROUND((IF(K29="A",(G29*$Z$12*6.1),IF(K29="B",(G29*$Z$12*5.8),IF(K29="C",(G29*$Z$12*5.5),IF(K29="C.",(G29*$Z$12*5.5),IF(K29="D",(G29*$Z$12*5.2),0)))))*$E$12+(H29*$AB$11*$E$12*6.1)+I29*$E$12*$AB$12*6.1),0) -> 4368449 | M29: =VLOOKUP(C29,TONGHOPCONGDOI!$C$11:$V$91,20,0) -> 22 | N29: =VLOOKUP(C29,TONGHOPCONGDOI!$C$11:$W$91,21,0) -> 5 | O29: =VLOOKUP(C29,TONGHOPCONGDOI!$C$11:$AD$93,22,0) -> 0 | P29: =VLOOKUP(C29,TONGHOPCONGDOI!$C$11:$AD$93,23,0) -> 0 | Q29: =VLOOKUP(C29,TONGHOPCONGDOI!$C$11:$AD$93,24,0) -> 0 | R29: =VLOOKUP(C29,TONGHOPCONGDOI!$C$11:$AD$93,25,0) -> 0 | W29: =ROUND(((M29*46.1)+(N29*76.9)+(O29*92.2)+(P29*153.8)+(Q29*92.2)+(R29*153.8))*$E$12+(S29*25000)+(T29*10000)+(U29*30000),0) -> 935507 | X29: =F29+L29+W29 -> 5303956 | Z29: =VLOOKUP(C29,'CNKT '!D29:AA98,24,0) -> 5303956 | AA29: =Z29-X29 -> 0
A30: 15 | B30: ='Chấm công KT'!C27 -> 04056 | C30: =TONGHOPCONGDOI!C25 -> N. Ly Phon | F30: =E30*25000 -> 0 | G30: =VLOOKUP(C30,TONGHOPCONGDOI!C25:AE94,16,0) -> 1650 | H30: =VLOOKUP(C30,TONGHOPCONGDOI!C25:AE94,17,0) -> 0 | J30: =$AB$10/$AB$9*G30+H30*$AB$11+I30*$AB$12 -> 765.12997 | K30: =VLOOKUP(C30,'BTH mủ tạp'!D31:AN109,37,0) -> B | L30: =ROUND((IF(K30="A",(G30*$Z$12*6.1),IF(K30="B",(G30*$Z$12*5.8),IF(K30="C",(G30*$Z$12*5.5),IF(K30="C.",(G30*$Z$12*5.5),IF(K30="D",(G30*$Z$12*5.2),0)))))*$E$12+(H30*$AB$11*$E$12*6.1)+I30*$E$12*$AB$12*6.1),0) -> 2968147 | M30: =VLOOKUP(C30,TONGHOPCONGDOI!$C$11:$V$91,20,0) -> 19 | N30: =VLOOKUP(C30,TONGHOPCONGDOI!$C$11:$W$91,21,0) -> 4 | O30: =VLOOKUP(C30,TONGHOPCONGDOI!$C$11:$AD$93,22,0) -> 0 | P30: =VLOOKUP(C30,TONGHOPCONGDOI!$C$11:$AD$93,23,0) -> 0 | Q30: =VLOOKUP(C30,TONGHOPCONGDOI!$C$11:$AD$93,24,0) -> 0 | R30: =VLOOKUP(C30,TONGHOPCONGDOI!$C$11:$AD$93,25,0) -> 0 | W30: =ROUND(((M30*46.1)+(N30*76.9)+(O30*92.2)+(P30*153.8)+(Q30*92.2)+(R30*153.8))*$E$12+(S30*25000)+(T30*10000)+(U30*30000),0) -> 791572 | X30: =F30+L30+W30 -> 3759719 | Z30: =VLOOKUP(C30,'CNKT '!D30:AA98,24,0) -> 3759719 | AA30: =Z30-X30 -> 0
A31: 16 | B31: ='Chấm công KT'!C28 -> 03469 | C31: =TONGHOPCONGDOI!C26 -> T. Xôm Va Nít | F31: =E31*25000 -> 0 | G31: =VLOOKUP(C31,TONGHOPCONGDOI!C26:AE94,16,0) -> 3122 | H31: =VLOOKUP(C31,TONGHOPCONGDOI!C26:AE94,17,0) -> 0 | J31: =$AB$10/$AB$9*G31+H31*$AB$11+I31*$AB$12 -> 1447.7186 | K31: =VLOOKUP(C31,'BTH mủ tạp'!D32:AN110,37,0) -> B | L31: =ROUND((IF(K31="A",(G31*$Z$12*6.1),IF(K31="B",(G31*$Z$12*5.8),IF(K31="C",(G31*$Z$12*5.5),IF(K31="C.",(G31*$Z$12*5.5),IF(K31="D",(G31*$Z$12*5.2),0)))))*$E$12+(H31*$AB$11*$E$12*6.1)+I31*$E$12*$AB$12*6.1),0) -> 5616094 | M31: =VLOOKUP(C31,TONGHOPCONGDOI!$C$11:$V$91,20,0) -> 23 | N31: =VLOOKUP(C31,TONGHOPCONGDOI!$C$11:$W$91,21,0) -> 5 | O31: =VLOOKUP(C31,TONGHOPCONGDOI!$C$11:$AD$93,22,0) -> 0 | P31: =VLOOKUP(C31,TONGHOPCONGDOI!$C$11:$AD$93,23,0) -> 0 | Q31: =VLOOKUP(C31,TONGHOPCONGDOI!$C$11:$AD$93,24,0) -> 0 | R31: =VLOOKUP(C31,TONGHOPCONGDOI!$C$11:$AD$93,25,0) -> 0 | W31: =ROUND(((M31*46.1)+(N31*76.9)+(O31*92.2)+(P31*153.8)+(Q31*92.2)+(R31*153.8))*$E$12+(S31*25000)+(T31*10000)+(U31*30000),0) -> 966340 | X31: =F31+L31+W31 -> 6582434 | Z31: =VLOOKUP(C31,'CNKT '!D31:AA98,24,0) -> 6582434 | AA31: =Z31-X31 -> 0
A32: 17 | B32: ='Chấm công KT'!C29 -> 03470 | C32: =TONGHOPCONGDOI!C27 -> T. Lọi | F32: =E32*25000 -> 0 | G32: =VLOOKUP(C32,TONGHOPCONGDOI!C27:AE94,16,0) -> 2112 | H32: =VLOOKUP(C32,TONGHOPCONGDOI!C27:AE94,17,0) -> 0 | J32: =$AB$10/$AB$9*G32+H32*$AB$11+I32*$AB$12 -> 979.36636 | K32: =VLOOKUP(C32,'BTH mủ tạp'!D33:AN111,37,0) -> B | L32: =ROUND((IF(K32="A",(G32*$Z$12*6.1),IF(K32="B",(G32*$Z$12*5.8),IF(K32="C",(G32*$Z$12*5.5),IF(K32="C.",(G32*$Z$12*5.5),IF(K32="D",(G32*$Z$12*5.2),0)))))*$E$12+(H32*$AB$11*$E$12*6.1)+I32*$E$12*$AB$12*6.1),0) -> 3799229 | M32: =VLOOKUP(C32,TONGHOPCONGDOI!$C$11:$V$91,20,0) -> 19 | N32: =VLOOKUP(C32,TONGHOPCONGDOI!$C$11:$W$91,21,0) -> 4 | O32: =VLOOKUP(C32,TONGHOPCONGDOI!$C$11:$AD$93,22,0) -> 0 | P32: =VLOOKUP(C32,TONGHOPCONGDOI!$C$11:$AD$93,23,0) -> 0 | Q32: =VLOOKUP(C32,TONGHOPCONGDOI!$C$11:$AD$93,24,0) -> 0 | R32: =VLOOKUP(C32,TONGHOPCONGDOI!$C$11:$AD$93,25,0) -> 0 | W32: =ROUND(((M32*46.1)+(N32*76.9)+(O32*92.2)+(P32*153.8)+(Q32*92.2)+(R32*153.8))*$E$12+(S32*25000)+(T32*10000)+(U32*30000),0) -> 791572 | X32: =F32+L32+W32 -> 4590801 | Z32: =VLOOKUP(C32,'CNKT '!D32:AA98,24,0) -> 4590801 | AA32: =Z32-X32 -> 0
A33: 18 | B33: ='Chấm công KT'!C30 -> 03471 | C33: =TONGHOPCONGDOI!C28 -> T. Phô Thong | F33: =E33*25000 -> 0 | G33: =VLOOKUP(C33,TONGHOPCONGDOI!C28:AE94,16,0) -> 2729 | H33: =VLOOKUP(C33,TONGHOPCONGDOI!C28:AE94,17,0) -> 0 | J33: =$AB$10/$AB$9*G33+H33*$AB$11+I33*$AB$12 -> 1265.4786 | K33: =VLOOKUP(C33,'BTH mủ tạp'!D34:AN112,37,0) -> A | L33: =ROUND((IF(K33="A",(G33*$Z$12*6.1),IF(K33="B",(G33*$Z$12*5.8),IF(K33="C",(G33*$Z$12*5.5),IF(K33="C.",(G33*$Z$12*5.5),IF(K33="D",(G33*$Z$12*5.2),0)))))*$E$12+(H33*$AB$11*$E$12*6.1)+I33*$E$12*$AB$12*6.1),0) -> 5163057 | M33: =VLOOKUP(C33,TONGHOPCONGDOI!$C$11:$V$91,20,0) -> 23 | N33: =VLOOKUP(C33,TONGHOPCONGDOI!$C$11:$W$91,21,0) -> 5 | O33: =VLOOKUP(C33,TONGHOPCONGDOI!$C$11:$AD$93,22,0) -> 0 | P33: =VLOOKUP(C33,TONGHOPCONGDOI!$C$11:$AD$93,23,0) -> 0 | Q33: =VLOOKUP(C33,TONGHOPCONGDOI!$C$11:$AD$93,24,0) -> 0 | R33: =VLOOKUP(C33,TONGHOPCONGDOI!$C$11:$AD$93,25,0) -> 0 | W33: =ROUND(((M33*46.1)+(N33*76.9)+(O33*92.2)+(P33*153.8)+(Q33*92.2)+(R33*153.8))*$E$12+(S33*25000)+(T33*10000)+(U33*30000),0) -> 966340 | X33: =F33+L33+W33 -> 6129397 | Z33: =VLOOKUP(C33,'CNKT '!D33:AA98,24,0) -> 6129397 | AA33: =Z33-X33 -> 0
A34: 19 | B34: ='Chấm công KT'!C31 -> 03472 | C34: =TONGHOPCONGDOI!C29 -> N. Soi | F34: =E34*25000 -> 0 | G34: =VLOOKUP(C34,TONGHOPCONGDOI!C29:AE94,16,0) -> 1472 | H34: =VLOOKUP(C34,TONGHOPCONGDOI!C29:AE94,17,0) -> 0 | J34: =$AB$10/$AB$9*G34+H34*$AB$11+I34*$AB$12 -> 682.58868 | K34: =VLOOKUP(C34,'BTH mủ tạp'!D35:AN113,37,0) -> A | L34: =ROUND((IF(K34="A",(G34*$Z$12*6.1),IF(K34="B",(G34*$Z$12*5.8),IF(K34="C",(G34*$Z$12*5.5),IF(K34="C.",(G34*$Z$12*5.5),IF(K34="D",(G34*$Z$12*5.2),0)))))*$E$12+(H34*$AB$11*$E$12*6.1)+I34*$E$12*$AB$12*6.1),0) -> 2784910 | M34: =VLOOKUP(C34,TONGHOPCONGDOI!$C$11:$V$91,20,0) -> 20 | N34: =VLOOKUP(C34,TONGHOPCONGDOI!$C$11:$W$91,21,0) -> 5 | O34: =VLOOKUP(C34,TONGHOPCONGDOI!$C$11:$AD$93,22,0) -> 0 | P34: =VLOOKUP(C34,TONGHOPCONGDOI!$C$11:$AD$93,23,0) -> 0 | Q34: =VLOOKUP(C34,TONGHOPCONGDOI!$C$11:$AD$93,24,0) -> 0 | R34: =VLOOKUP(C34,TONGHOPCONGDOI!$C$11:$AD$93,25,0) -> 0 | W34: =ROUND(((M34*46.1)+(N34*76.9)+(O34*92.2)+(P34*153.8)+(Q34*92.2)+(R34*153.8))*$E$12+(S34*25000)+(T34*10000)+(U34*30000),0) -> 873839 | X34: =F34+L34+W34 -> 3658749 | Z34: =VLOOKUP(C34,'CNKT '!D34:AA98,24,0) -> 3658749 | AA34: =Z34-X34 -> 0
A35: 20 | B35: ='Chấm công KT'!C32 -> 03473 | C35: =TONGHOPCONGDOI!C30 -> N. Me Kha La | F35: =E35*25000 -> 0 | G35: =VLOOKUP(C35,TONGHOPCONGDOI!C30:AE94,16,0) -> 2260 | H35: =VLOOKUP(C35,TONGHOPCONGDOI!C30:AE94,17,0) -> 0 | J35: =$AB$10/$AB$9*G35+H35*$AB$11+I35*$AB$12 -> 1047.9962 | K35: =VLOOKUP(C35,'BTH mủ tạp'!D36:AN114,37,0) -> A | L35: =ROUND((IF(K35="A",(G35*$Z$12*6.1),IF(K35="B",(G35*$Z$12*5.8),IF(K35="C",(G35*$Z$12*5.5),IF(K35="C.",(G35*$Z$12*5.5),IF(K35="D",(G35*$Z$12*5.2),0)))))*$E$12+(H35*$AB$11*$E$12*6.1)+I35*$E$12*$AB$12*6.1),0) -> 4275745 | M35: =VLOOKUP(C35,TONGHOPCONGDOI!$C$11:$V$91,20,0) -> 19 | N35: =VLOOKUP(C35,TONGHOPCONGDOI!$C$11:$W$91,21,0) -> 5 | O35: =VLOOKUP(C35,TONGHOPCONGDOI!$C$11:$AD$93,22,0) -> 0 | P35: =VLOOKUP(C35,TONGHOPCONGDOI!$C$11:$AD$93,23,0) -> 0 | Q35: =VLOOKUP(C35,TONGHOPCONGDOI!$C$11:$AD$93,24,0) -> 0 | R35: =VLOOKUP(C35,TONGHOPCONGDOI!$C$11:$AD$93,25,0) -> 0 | W35: =ROUND(((M35*46.1)+(N35*76.9)+(O35*92.2)+(P35*153.8)+(Q35*92.2)+(R35*153.8))*$E$12+(S35*25000)+(T35*10000)+(U35*30000),0) -> 843006 | X35: =F35+L35+W35 -> 5118751 | Z35: =VLOOKUP(C35,'CNKT '!D35:AA98,24,0) -> 5118751 | AA35: =Z35-X35 -> 0
A36: 21 | B36: ='Chấm công KT'!C33 -> 03474 | C36: =TONGHOPCONGDOI!C31 -> N. Mon Khăm | F36: =E36*25000 -> 0 | G36: =VLOOKUP(C36,TONGHOPCONGDOI!C31:AE94,16,0) -> 2248 | H36: =VLOOKUP(C36,TONGHOPCONGDOI!C31:AE94,17,0) -> 0 | J36: =$AB$10/$AB$9*G36+H36*$AB$11+I36*$AB$12 -> 1042.4316 | K36: =VLOOKUP(C36,'BTH mủ tạp'!D37:AN115,37,0) -> A | L36: =ROUND((IF(K36="A",(G36*$Z$12*6.1),IF(K36="B",(G36*$Z$12*5.8),IF(K36="C",(G36*$Z$12*5.5),IF(K36="C.",(G36*$Z$12*5.5),IF(K36="D",(G36*$Z$12*5.2),0)))))*$E$12+(H36*$AB$11*$E$12*6.1)+I36*$E$12*$AB$12*6.1),0) -> 4253042 | M36: =VLOOKUP(C36,TONGHOPCONGDOI!$C$11:$V$91,20,0) -> 22 | N36: =VLOOKUP(C36,TONGHOPCONGDOI!$C$11:$W$91,21,0) -> 5 | O36: =VLOOKUP(C36,TONGHOPCONGDOI!$C$11:$AD$93,22,0) -> 0 | P36: =VLOOKUP(C36,TONGHOPCONGDOI!$C$11:$AD$93,23,0) -> 0 | Q36: =VLOOKUP(C36,TONGHOPCONGDOI!$C$11:$AD$93,24,0) -> 0 | R36: =VLOOKUP(C36,TONGHOPCONGDOI!$C$11:$AD$93,25,0) -> 0 | W36: =ROUND(((M36*46.1)+(N36*76.9)+(O36*92.2)+(P36*153.8)+(Q36*92.2)+(R36*153.8))*$E$12+(S36*25000)+(T36*10000)+(U36*30000),0) -> 935507 | X36: =F36+L36+W36 -> 5188549 | Z36: =VLOOKUP(C36,'CNKT '!D36:AA98,24,0) -> 5188549 | AA36: =Z36-X36 -> 0
A37: 22 | B37: ='Chấm công KT'!C34 -> 04057 | C37: =TONGHOPCONGDOI!C32 -> N. Bua Lay | F37: =E37*25000 -> 0 | G37: =VLOOKUP(C37,TONGHOPCONGDOI!C32:AE94,16,0) -> 1824 | H37: =VLOOKUP(C37,TONGHOPCONGDOI!C32:AE94,17,0) -> 0 | J37: =$AB$10/$AB$9*G37+H37*$AB$11+I37*$AB$12 -> 845.8164 | K37: =VLOOKUP(C37,'BTH mủ tạp'!D38:AN116,37,0) -> A | L37: =ROUND((IF(K37="A",(G37*$Z$12*6.1),IF(K37="B",(G37*$Z$12*5.8),IF(K37="C",(G37*$Z$12*5.5),IF(K37="C.",(G37*$Z$12*5.5),IF(K37="D",(G37*$Z$12*5.2),0)))))*$E$12+(H37*$AB$11*$E$12*6.1)+I37*$E$12*$AB$12*6.1),0) -> 3450867 | M37: =VLOOKUP(C37,TONGHOPCONGDOI!$C$11:$V$91,20,0) -> 23 | N37: =VLOOKUP(C37,TONGHOPCONGDOI!$C$11:$W$91,21,0) -> 5 | O37: =VLOOKUP(C37,TONGHOPCONGDOI!$C$11:$AD$93,22,0) -> 0 | P37: =VLOOKUP(C37,TONGHOPCONGDOI!$C$11:$AD$93,23,0) -> 0 | Q37: =VLOOKUP(C37,TONGHOPCONGDOI!$C$11:$AD$93,24,0) -> 0 | R37: =VLOOKUP(C37,TONGHOPCONGDOI!$C$11:$AD$93,25,0) -> 0 | W37: =ROUND(((M37*46.1)+(N37*76.9)+(O37*92.2)+(P37*153.8)+(Q37*92.2)+(R37*153.8))*$E$12+(S37*25000)+(T37*10000)+(U37*30000),0) -> 966340 | X37: =F37+L37+W37 -> 4417207 | Z37: =VLOOKUP(C37,'CNKT '!D37:AA98,24,0) -> 4417207 | AA37: =Z37-X37 -> 0
A38: 23 | B38: ='Chấm công KT'!C35 -> 03476 | C38: =TONGHOPCONGDOI!C33 -> T. Bin Ly. | F38: =E38*25000 -> 0 | G38: =VLOOKUP(C38,TONGHOPCONGDOI!C33:AE94,16,0) -> 2609 | H38: =VLOOKUP(C38,TONGHOPCONGDOI!C33:AE94,17,0) -> 0 | J38: =$AB$10/$AB$9*G38+H38*$AB$11+I38*$AB$12 -> 1209.8328 | K38: =VLOOKUP(C38,'BTH mủ tạp'!D39:AN117,37,0) -> A | L38: =ROUND((IF(K38="A",(G38*$Z$12*6.1),IF(K38="B",(G38*$Z$12*5.8),IF(K38="C",(G38*$Z$12*5.5),IF(K38="C.",(G38*$Z$12*5.5),IF(K38="D",(G38*$Z$12*5.2),0)))))*$E$12+(H38*$AB$11*$E$12*6.1)+I38*$E$12*$AB$12*6.1),0) -> 4936026 | M38: =VLOOKUP(C38,TONGHOPCONGDOI!$C$11:$V$91,20,0) -> 21 | N38: =VLOOKUP(C38,TONGHOPCONGDOI!$C$11:$W$91,21,0) -> 5 | O38: =VLOOKUP(C38,TONGHOPCONGDOI!$C$11:$AD$93,22,0) -> 0 | P38: =VLOOKUP(C38,TONGHOPCONGDOI!$C$11:$AD$93,23,0) -> 0 | Q38: =VLOOKUP(C38,TONGHOPCONGDOI!$C$11:$AD$93,24,0) -> 0 | R38: =VLOOKUP(C38,TONGHOPCONGDOI!$C$11:$AD$93,25,0) -> 0 | W38: =ROUND(((M38*46.1)+(N38*76.9)+(O38*92.2)+(P38*153.8)+(Q38*92.2)+(R38*153.8))*$E$12+(S38*25000)+(T38*10000)+(U38*30000),0) -> 904673 | X38: =F38+L38+W38 -> 5840699 | Z38: =VLOOKUP(C38,'CNKT '!D38:AA98,24,0) -> 5840699 | AA38: =Z38-X38 -> 0
A39: 24 | B39: ='Chấm công KT'!C36 -> 03477 | C39: =TONGHOPCONGDOI!C34 -> N. Phim Phon. | F39: =E39*25000 -> 0 | G39: =VLOOKUP(C39,TONGHOPCONGDOI!C34:AE94,16,0) -> 1924 | H39: =VLOOKUP(C39,TONGHOPCONGDOI!C34:AE94,17,0) -> 0 | J39: =$AB$10/$AB$9*G39+H39*$AB$11+I39*$AB$12 -> 892.18792 | K39: =VLOOKUP(C39,'BTH mủ tạp'!D40:AN118,37,0) -> B | L39: =ROUND((IF(K39="A",(G39*$Z$12*6.1),IF(K39="B",(G39*$Z$12*5.8),IF(K39="C",(G39*$Z$12*5.5),IF(K39="C.",(G39*$Z$12*5.5),IF(K39="D",(G39*$Z$12*5.2),0)))))*$E$12+(H39*$AB$11*$E$12*6.1)+I39*$E$12*$AB$12*6.1),0) -> 3461040 | M39: =VLOOKUP(C39,TONGHOPCONGDOI!$C$11:$V$91,20,0) -> 23 | N39: =VLOOKUP(C39,TONGHOPCONGDOI!$C$11:$W$91,21,0) -> 5 | O39: =VLOOKUP(C39,TONGHOPCONGDOI!$C$11:$AD$93,22,0) -> 0 | P39: =VLOOKUP(C39,TONGHOPCONGDOI!$C$11:$AD$93,23,0) -> 0 | Q39: =VLOOKUP(C39,TONGHOPCONGDOI!$C$11:$AD$93,24,0) -> 0 | R39: =VLOOKUP(C39,TONGHOPCONGDOI!$C$11:$AD$93,25,0) -> 0 | W39: =ROUND(((M39*46.1)+(N39*76.9)+(O39*92.2)+(P39*153.8)+(Q39*92.2)+(R39*153.8))*$E$12+(S39*25000)+(T39*10000)+(U39*30000),0) -> 966340 | X39: =F39+L39+W39 -> 4427380 | Z39: =VLOOKUP(C39,'CNKT '!D39:AA98,24,0) -> 4427380 | AA39: =Z39-X39 -> 0
A40: 25 | B40: ='Chấm công KT'!C37 -> 03478 | C40: =TONGHOPCONGDOI!C35 -> N. Nong | F40: =E40*25000 -> 0 | G40: =VLOOKUP(C40,TONGHOPCONGDOI!C35:AE94,16,0) -> 2449 | H40: =VLOOKUP(C40,TONGHOPCONGDOI!C35:AE94,17,0) -> 0 | J40: =$AB$10/$AB$9*G40+H40*$AB$11+I40*$AB$12 -> 1135.6384 | K40: =VLOOKUP(C40,'BTH mủ tạp'!D41:AN119,37,0) -> B | L40: =ROUND((IF(K40="A",(G40*$Z$12*6.1),IF(K40="B",(G40*$Z$12*5.8),IF(K40="C",(G40*$Z$12*5.5),IF(K40="C.",(G40*$Z$12*5.5),IF(K40="D",(G40*$Z$12*5.2),0)))))*$E$12+(H40*$AB$11*$E$12*6.1)+I40*$E$12*$AB$12*6.1),0) -> 4405450 | M40: =VLOOKUP(C40,TONGHOPCONGDOI!$C$11:$V$91,20,0) -> 20 | N40: =VLOOKUP(C40,TONGHOPCONGDOI!$C$11:$W$91,21,0) -> 5 | O40: =VLOOKUP(C40,TONGHOPCONGDOI!$C$11:$AD$93,22,0) -> 0 | P40: =VLOOKUP(C40,TONGHOPCONGDOI!$C$11:$AD$93,23,0) -> 0 | Q40: =VLOOKUP(C40,TONGHOPCONGDOI!$C$11:$AD$93,24,0) -> 0 | R40: =VLOOKUP(C40,TONGHOPCONGDOI!$C$11:$AD$93,25,0) -> 0 | W40: =ROUND(((M40*46.1)+(N40*76.9)+(O40*92.2)+(P40*153.8)+(Q40*92.2)+(R40*153.8))*$E$12+(S40*25000)+(T40*10000)+(U40*30000),0) -> 873839 | X40: =F40+L40+W40 -> 5279289 | Z40: =VLOOKUP(C40,'CNKT '!D40:AA98,24,0) -> 5279289 | AA40: =Z40-X40 -> 0
A41: 26 | B41: ='Chấm công KT'!C38 -> 03479 | C41: =TONGHOPCONGDOI!C36 -> N. Tun 1 | F41: =E41*25000 -> 0 | G41: =VLOOKUP(C41,TONGHOPCONGDOI!C36:AE94,16,0) -> 2717 | H41: =VLOOKUP(C41,TONGHOPCONGDOI!C36:AE94,17,0) -> 0 | J41: =$AB$10/$AB$9*G41+H41*$AB$11+I41*$AB$12 -> 1259.914 | K41: =VLOOKUP(C41,'BTH mủ tạp'!D42:AN120,37,0) -> A | L41: =ROUND((IF(K41="A",(G41*$Z$12*6.1),IF(K41="B",(G41*$Z$12*5.8),IF(K41="C",(G41*$Z$12*5.5),IF(K41="C.",(G41*$Z$12*5.5),IF(K41="D",(G41*$Z$12*5.2),0)))))*$E$12+(H41*$AB$11*$E$12*6.1)+I41*$E$12*$AB$12*6.1),0) -> 5140353 | M41: =VLOOKUP(C41,TONGHOPCONGDOI!$C$11:$V$91,20,0) -> 20 | N41: =VLOOKUP(C41,TONGHOPCONGDOI!$C$11:$W$91,21,0) -> 5 | O41: =VLOOKUP(C41,TONGHOPCONGDOI!$C$11:$AD$93,22,0) -> 0 | P41: =VLOOKUP(C41,TONGHOPCONGDOI!$C$11:$AD$93,23,0) -> 0 | Q41: =VLOOKUP(C41,TONGHOPCONGDOI!$C$11:$AD$93,24,0) -> 0 | R41: =VLOOKUP(C41,TONGHOPCONGDOI!$C$11:$AD$93,25,0) -> 0 | W41: =ROUND(((M41*46.1)+(N41*76.9)+(O41*92.2)+(P41*153.8)+(Q41*92.2)+(R41*153.8))*$E$12+(S41*25000)+(T41*10000)+(U41*30000),0) -> 873839 | X41: =F41+L41+W41 -> 6014192 | Z41: =VLOOKUP(C41,'CNKT '!D41:AA98,24,0) -> 6014192 | AA41: =Z41-X41 -> 0
A42: 27 | B42: ='Chấm công KT'!C39 -> 03480 | C42: =TONGHOPCONGDOI!C37 -> T . Lốc | F42: =E42*25000 -> 0 | G42: =VLOOKUP(C42,TONGHOPCONGDOI!C37:AE94,16,0) -> 2702 | H42: =VLOOKUP(C42,TONGHOPCONGDOI!C37:AE94,17,0) -> 0 | J42: =$AB$10/$AB$9*G42+H42*$AB$11+I42*$AB$12 -> 1252.9583 | K42: =VLOOKUP(C42,'BTH mủ tạp'!D43:AN121,37,0) -> A | L42: =ROUND((IF(K42="A",(G42*$Z$12*6.1),IF(K42="B",(G42*$Z$12*5.8),IF(K42="C",(G42*$Z$12*5.5),IF(K42="C.",(G42*$Z$12*5.5),IF(K42="D",(G42*$Z$12*5.2),0)))))*$E$12+(H42*$AB$11*$E$12*6.1)+I42*$E$12*$AB$12*6.1),0) -> 5111975 | M42: =VLOOKUP(C42,TONGHOPCONGDOI!$C$11:$V$91,20,0) -> 20 | N42: =VLOOKUP(C42,TONGHOPCONGDOI!$C$11:$W$91,21,0) -> 5 | O42: =VLOOKUP(C42,TONGHOPCONGDOI!$C$11:$AD$93,22,0) -> 0 | P42: =VLOOKUP(C42,TONGHOPCONGDOI!$C$11:$AD$93,23,0) -> 0 | Q42: =VLOOKUP(C42,TONGHOPCONGDOI!$C$11:$AD$93,24,0) -> 0 | R42: =VLOOKUP(C42,TONGHOPCONGDOI!$C$11:$AD$93,25,0) -> 0 | W42: =ROUND(((M42*46.1)+(N42*76.9)+(O42*92.2)+(P42*153.8)+(Q42*92.2)+(R42*153.8))*$E$12+(S42*25000)+(T42*10000)+(U42*30000),0) -> 873839 | X42: =F42+L42+W42 -> 5985814 | Z42: =VLOOKUP(C42,'CNKT '!D42:AA98,24,0) -> 5985814 | AA42: =Z42-X42 -> 0
A43: 28 | B43: ='Chấm công KT'!C40 -> 03481 | C43: =TONGHOPCONGDOI!C38 -> N . Khâm (1) | F43: =E43*25000 -> 0 | G43: =VLOOKUP(C43,TONGHOPCONGDOI!C38:AE94,16,0) -> 3031 | H43: =VLOOKUP(C43,TONGHOPCONGDOI!C38:AE94,17,0) -> 0 | J43: =$AB$10/$AB$9*G43+H43*$AB$11+I43*$AB$12 -> 1405.5206 | K43: =VLOOKUP(C43,'BTH mủ tạp'!D44:AN122,37,0) -> A | L43: =ROUND((IF(K43="A",(G43*$Z$12*6.1),IF(K43="B",(G43*$Z$12*5.8),IF(K43="C",(G43*$Z$12*5.5),IF(K43="C.",(G43*$Z$12*5.5),IF(K43="D",(G43*$Z$12*5.2),0)))))*$E$12+(H43*$AB$11*$E$12*6.1)+I43*$E$12*$AB$12*6.1),0) -> 5734417 | M43: =VLOOKUP(C43,TONGHOPCONGDOI!$C$11:$V$91,20,0) -> 22 | N43: =VLOOKUP(C43,TONGHOPCONGDOI!$C$11:$W$91,21,0) -> 5 | O43: =VLOOKUP(C43,TONGHOPCONGDOI!$C$11:$AD$93,22,0) -> 0 | P43: =VLOOKUP(C43,TONGHOPCONGDOI!$C$11:$AD$93,23,0) -> 0 | Q43: =VLOOKUP(C43,TONGHOPCONGDOI!$C$11:$AD$93,24,0) -> 0 | R43: =VLOOKUP(C43,TONGHOPCONGDOI!$C$11:$AD$93,25,0) -> 0 | W43: =ROUND(((M43*46.1)+(N43*76.9)+(O43*92.2)+(P43*153.8)+(Q43*92.2)+(R43*153.8))*$E$12+(S43*25000)+(T43*10000)+(U43*30000),0) -> 935507 | X43: =F43+L43+W43 -> 6669924 | Z43: =VLOOKUP(C43,'CNKT '!D43:AA98,24,0) -> 6669924 | AA43: =Z43-X43 -> 0
A44: 29 | B44: ='Chấm công KT'!C41 -> 03482 | C44: =TONGHOPCONGDOI!C39 -> T . Phết | F44: =E44*25000 -> 0 | G44: =VLOOKUP(C44,TONGHOPCONGDOI!C39:AE94,16,0) -> 3072 | H44: =VLOOKUP(C44,TONGHOPCONGDOI!C39:AE94,17,0) -> 0 | J44: =$AB$10/$AB$9*G44+H44*$AB$11+I44*$AB$12 -> 1424.5329 | K44: =VLOOKUP(C44,'BTH mủ tạp'!D45:AN123,37,0) -> A | L44: =ROUND((IF(K44="A",(G44*$Z$12*6.1),IF(K44="B",(G44*$Z$12*5.8),IF(K44="C",(G44*$Z$12*5.5),IF(K44="C.",(G44*$Z$12*5.5),IF(K44="D",(G44*$Z$12*5.2),0)))))*$E$12+(H44*$AB$11*$E$12*6.1)+I44*$E$12*$AB$12*6.1),0) -> 5811986 | M44: =VLOOKUP(C44,TONGHOPCONGDOI!$C$11:$V$91,20,0) -> 22 | N44: =VLOOKUP(C44,TONGHOPCONGDOI!$C$11:$W$91,21,0) -> 5 | O44: =VLOOKUP(C44,TONGHOPCONGDOI!$C$11:$AD$93,22,0) -> 0 | P44: =VLOOKUP(C44,TONGHOPCONGDOI!$C$11:$AD$93,23,0) -> 0 | Q44: =VLOOKUP(C44,TONGHOPCONGDOI!$C$11:$AD$93,24,0) -> 0 | R44: =VLOOKUP(C44,TONGHOPCONGDOI!$C$11:$AD$93,25,0) -> 0 | W44: =ROUND(((M44*46.1)+(N44*76.9)+(O44*92.2)+(P44*153.8)+(Q44*92.2)+(R44*153.8))*$E$12+(S44*25000)+(T44*10000)+(U44*30000),0) -> 935507 | X44: =F44+L44+W44 -> 6747493 | Z44: =VLOOKUP(C44,'CNKT '!D44:AA98,24,0) -> 6747493 | AA44: =Z44-X44 -> 0
A45: 30 | B45: ='Chấm công KT'!C42 -> 03483 | C45: =TONGHOPCONGDOI!C40 -> T. Viêng Sa Văn | F45: =E45*25000 -> 0 | G45: =VLOOKUP(C45,TONGHOPCONGDOI!C40:AE94,16,0) -> 3023 | H45: =VLOOKUP(C45,TONGHOPCONGDOI!C40:AE94,17,0) -> 0 | J45: =$AB$10/$AB$9*G45+H45*$AB$11+I45*$AB$12 -> 1401.8109 | K45: =VLOOKUP(C45,'BTH mủ tạp'!D46:AN124,37,0) -> A | L45: =ROUND((IF(K45="A",(G45*$Z$12*6.1),IF(K45="B",(G45*$Z$12*5.8),IF(K45="C",(G45*$Z$12*5.5),IF(K45="C.",(G45*$Z$12*5.5),IF(K45="D",(G45*$Z$12*5.2),0)))))*$E$12+(H45*$AB$11*$E$12*6.1)+I45*$E$12*$AB$12*6.1),0) -> 5719282 | M45: =VLOOKUP(C45,TONGHOPCONGDOI!$C$11:$V$91,20,0) -> 22 | N45: =VLOOKUP(C45,TONGHOPCONGDOI!$C$11:$W$91,21,0) -> 5 | O45: =VLOOKUP(C45,TONGHOPCONGDOI!$C$11:$AD$93,22,0) -> 0 | P45: =VLOOKUP(C45,TONGHOPCONGDOI!$C$11:$AD$93,23,0) -> 0 | Q45: =VLOOKUP(C45,TONGHOPCONGDOI!$C$11:$AD$93,24,0) -> 0 | R45: =VLOOKUP(C45,TONGHOPCONGDOI!$C$11:$AD$93,25,0) -> 0 | W45: =ROUND(((M45*46.1)+(N45*76.9)+(O45*92.2)+(P45*153.8)+(Q45*92.2)+(R45*153.8))*$E$12+(S45*25000)+(T45*10000)+(U45*30000),0) -> 935507 | X45: =F45+L45+W45 -> 6654789 | Z45: =VLOOKUP(C45,'CNKT '!D45:AA98,24,0) -> 6654789 | AA45: =Z45-X45 -> 0
A46: 31 | B46: ='Chấm công KT'!C43 -> 03484 | C46: =TONGHOPCONGDOI!C41 -> T. Ca Te | F46: =E46*25000 -> 0 | G46: =VLOOKUP(C46,TONGHOPCONGDOI!C41:AE94,16,0) -> 2662 | H46: =VLOOKUP(C46,TONGHOPCONGDOI!C41:AE94,17,0) -> 0 | J46: =$AB$10/$AB$9*G46+H46*$AB$11+I46*$AB$12 -> 1234.4097 | K46: =VLOOKUP(C46,'BTH mủ tạp'!D47:AN125,37,0) -> A | L46: =ROUND((IF(K46="A",(G46*$Z$12*6.1),IF(K46="B",(G46*$Z$12*5.8),IF(K46="C",(G46*$Z$12*5.5),IF(K46="C.",(G46*$Z$12*5.5),IF(K46="D",(G46*$Z$12*5.2),0)))))*$E$12+(H46*$AB$11*$E$12*6.1)+I46*$E$12*$AB$12*6.1),0) -> 5036298 | M46: =VLOOKUP(C46,TONGHOPCONGDOI!$C$11:$V$91,20,0) -> 18 | N46: =VLOOKUP(C46,TONGHOPCONGDOI!$C$11:$W$91,21,0) -> 4 | O46: =VLOOKUP(C46,TONGHOPCONGDOI!$C$11:$AD$93,22,0) -> 0 | P46: =VLOOKUP(C46,TONGHOPCONGDOI!$C$11:$AD$93,23,0) -> 0 | Q46: =VLOOKUP(C46,TONGHOPCONGDOI!$C$11:$AD$93,24,0) -> 0 | R46: =VLOOKUP(C46,TONGHOPCONGDOI!$C$11:$AD$93,25,0) -> 0 | W46: =ROUND(((M46*46.1)+(N46*76.9)+(O46*92.2)+(P46*153.8)+(Q46*92.2)+(R46*153.8))*$E$12+(S46*25000)+(T46*10000)+(U46*30000),0) -> 760739 | X46: =F46+L46+W46 -> 5797037 | Z46: =VLOOKUP(C46,'CNKT '!D46:AA98,24,0) -> 5797037 | AA46: =Z46-X46 -> 0
A47: 32 | B47: ='Chấm công KT'!C44 -> 03485 | C47: =TONGHOPCONGDOI!C42 -> T. Lâm Phon | F47: =E47*25000 -> 0 | G47: =VLOOKUP(C47,TONGHOPCONGDOI!C42:AE94,16,0) -> 2819 | H47: =VLOOKUP(C47,TONGHOPCONGDOI!C42:AE94,17,0) -> 0 | J47: =$AB$10/$AB$9*G47+H47*$AB$11+I47*$AB$12 -> 1307.213 | K47: =VLOOKUP(C47,'BTH mủ tạp'!D48:AN126,37,0) -> B | L47: =ROUND((IF(K47="A",(G47*$Z$12*6.1),IF(K47="B",(G47*$Z$12*5.8),IF(K47="C",(G47*$Z$12*5.5),IF(K47="C.",(G47*$Z$12*5.5),IF(K47="D",(G47*$Z$12*5.2),0)))))*$E$12+(H47*$AB$11*$E$12*6.1)+I47*$E$12*$AB$12*6.1),0) -> 5071035 | M47: =VLOOKUP(C47,TONGHOPCONGDOI!$C$11:$V$91,20,0) -> 20 | N47: =VLOOKUP(C47,TONGHOPCONGDOI!$C$11:$W$91,21,0) -> 5 | O47: =VLOOKUP(C47,TONGHOPCONGDOI!$C$11:$AD$93,22,0) -> 0 | P47: =VLOOKUP(C47,TONGHOPCONGDOI!$C$11:$AD$93,23,0) -> 0 | Q47: =VLOOKUP(C47,TONGHOPCONGDOI!$C$11:$AD$93,24,0) -> 0 | R47: =VLOOKUP(C47,TONGHOPCONGDOI!$C$11:$AD$93,25,0) -> 0 | W47: =ROUND(((M47*46.1)+(N47*76.9)+(O47*92.2)+(P47*153.8)+(Q47*92.2)+(R47*153.8))*$E$12+(S47*25000)+(T47*10000)+(U47*30000),0) -> 873839 | X47: =F47+L47+W47 -> 5944874 | Z47: =VLOOKUP(C47,'CNKT '!D47:AA98,24,0) -> 5944874 | AA47: =Z47-X47 -> 0
A48: 33 | B48: ='Chấm công KT'!C45 -> 02712 | C48: =TONGHOPCONGDOI!C43 -> T. Sô Đa | F48: =E48*25000 -> 0 | G48: =VLOOKUP(C48,TONGHOPCONGDOI!C43:AE94,16,0) -> 2937 | H48: =VLOOKUP(C48,TONGHOPCONGDOI!C43:AE94,17,0) -> 0 | J48: =$AB$10/$AB$9*G48+H48*$AB$11+I48*$AB$12 -> 1361.9313 | K48: =VLOOKUP(C48,'BTH mủ tạp'!D49:AN127,37,0) -> A | L48: =ROUND((IF(K48="A",(G48*$Z$12*6.1),IF(K48="B",(G48*$Z$12*5.8),IF(K48="C",(G48*$Z$12*5.5),IF(K48="C.",(G48*$Z$12*5.5),IF(K48="D",(G48*$Z$12*5.2),0)))))*$E$12+(H48*$AB$11*$E$12*6.1)+I48*$E$12*$AB$12*6.1),0) -> 5556576 | M48: =VLOOKUP(C48,TONGHOPCONGDOI!$C$11:$V$91,20,0) -> 23 | N48: =VLOOKUP(C48,TONGHOPCONGDOI!$C$11:$W$91,21,0) -> 5 | O48: =VLOOKUP(C48,TONGHOPCONGDOI!$C$11:$AD$93,22,0) -> 0 | P48: =VLOOKUP(C48,TONGHOPCONGDOI!$C$11:$AD$93,23,0) -> 0 | Q48: =VLOOKUP(C48,TONGHOPCONGDOI!$C$11:$AD$93,24,0) -> 0 | R48: =VLOOKUP(C48,TONGHOPCONGDOI!$C$11:$AD$93,25,0) -> 0 | W48: =ROUND(((M48*46.1)+(N48*76.9)+(O48*92.2)+(P48*153.8)+(Q48*92.2)+(R48*153.8))*$E$12+(S48*25000)+(T48*10000)+(U48*30000),0) -> 966340 | X48: =F48+L48+W48 -> 6522916 | Z48: =VLOOKUP(C48,'CNKT '!D48:AA98,24,0) -> 6522916 | AA48: =Z48-X48 -> 0
A49: 34 | B49: ='Chấm công KT'!C46 -> 02722 | C49: =TONGHOPCONGDOI!C44 -> T. Phu Ngân | F49: =E49*25000 -> 0 | G49: =VLOOKUP(C49,TONGHOPCONGDOI!C44:AE94,16,0) -> 3221 | H49: =VLOOKUP(C49,TONGHOPCONGDOI!C44:AE94,17,0) -> 0 | J49: =$AB$10/$AB$9*G49+H49*$AB$11+I49*$AB$12 -> 1493.6264 | K49: =VLOOKUP(C49,'BTH mủ tạp'!D50:AN128,37,0) -> A | L49: =ROUND((IF(K49="A",(G49*$Z$12*6.1),IF(K49="B",(G49*$Z$12*5.8),IF(K49="C",(G49*$Z$12*5.5),IF(K49="C.",(G49*$Z$12*5.5),IF(K49="D",(G49*$Z$12*5.2),0)))))*$E$12+(H49*$AB$11*$E$12*6.1)+I49*$E$12*$AB$12*6.1),0) -> 6093882 | M49: =VLOOKUP(C49,TONGHOPCONGDOI!$C$11:$V$91,20,0) -> 22 | N49: =VLOOKUP(C49,TONGHOPCONGDOI!$C$11:$W$91,21,0) -> 5 | O49: =VLOOKUP(C49,TONGHOPCONGDOI!$C$11:$AD$93,22,0) -> 0 | P49: =VLOOKUP(C49,TONGHOPCONGDOI!$C$11:$AD$93,23,0) -> 0 | Q49: =VLOOKUP(C49,TONGHOPCONGDOI!$C$11:$AD$93,24,0) -> 0 | R49: =VLOOKUP(C49,TONGHOPCONGDOI!$C$11:$AD$93,25,0) -> 0 | W49: =ROUND(((M49*46.1)+(N49*76.9)+(O49*92.2)+(P49*153.8)+(Q49*92.2)+(R49*153.8))*$E$12+(S49*25000)+(T49*10000)+(U49*30000),0) -> 935507 | X49: =F49+L49+W49 -> 7029389 | Z49: =VLOOKUP(C49,'CNKT '!D49:AA98,24,0) -> 7029389 | AA49: =Z49-X49 -> 0
A50: 35 | B50: ='Chấm công KT'!C47 -> 02714 | C50: =TONGHOPCONGDOI!C45 -> N. Tủn | F50: =E50*25000 -> 0 | G50: =VLOOKUP(C50,TONGHOPCONGDOI!C45:AE94,16,0) -> 1945 | H50: =VLOOKUP(C50,TONGHOPCONGDOI!C45:AE94,17,0) -> 0 | J50: =$AB$10/$AB$9*G50+H50*$AB$11+I50*$AB$12 -> 901.92594 | K50: =VLOOKUP(C50,'BTH mủ tạp'!D51:AN129,37,0) -> A | L50: =ROUND((IF(K50="A",(G50*$Z$12*6.1),IF(K50="B",(G50*$Z$12*5.8),IF(K50="C",(G50*$Z$12*5.5),IF(K50="C.",(G50*$Z$12*5.5),IF(K50="D",(G50*$Z$12*5.2),0)))))*$E$12+(H50*$AB$11*$E$12*6.1)+I50*$E$12*$AB$12*6.1),0) -> 3679789 | M50: =VLOOKUP(C50,TONGHOPCONGDOI!$C$11:$V$91,20,0) -> 21 | N50: =VLOOKUP(C50,TONGHOPCONGDOI!$C$11:$W$91,21,0) -> 5 | O50: =VLOOKUP(C50,TONGHOPCONGDOI!$C$11:$AD$93,22,0) -> 0 | P50: =VLOOKUP(C50,TONGHOPCONGDOI!$C$11:$AD$93,23,0) -> 0 | Q50: =VLOOKUP(C50,TONGHOPCONGDOI!$C$11:$AD$93,24,0) -> 0 | R50: =VLOOKUP(C50,TONGHOPCONGDOI!$C$11:$AD$93,25,0) -> 0 | W50: =ROUND(((M50*46.1)+(N50*76.9)+(O50*92.2)+(P50*153.8)+(Q50*92.2)+(R50*153.8))*$E$12+(S50*25000)+(T50*10000)+(U50*30000),0) -> 904673 | X50: =F50+L50+W50 -> 4584462 | Z50: =VLOOKUP(C50,'CNKT '!D50:AA98,24,0) -> 4584462 | AA50: =Z50-X50 -> 0
A51: 36 | B51: ='Chấm công KT'!C48 -> 02713 | C51: =TONGHOPCONGDOI!C46 -> T. Lung | F51: =E51*25000 -> 0 | G51: =VLOOKUP(C51,TONGHOPCONGDOI!C46:AE94,16,0) -> 1947 | H51: =VLOOKUP(C51,TONGHOPCONGDOI!C46:AE94,17,0) -> 0 | J51: =$AB$10/$AB$9*G51+H51*$AB$11+I51*$AB$12 -> 902.85337 | K51: =VLOOKUP(C51,'BTH mủ tạp'!D52:AN130,37,0) -> A | L51: =ROUND((IF(K51="A",(G51*$Z$12*6.1),IF(K51="B",(G51*$Z$12*5.8),IF(K51="C",(G51*$Z$12*5.5),IF(K51="C.",(G51*$Z$12*5.5),IF(K51="D",(G51*$Z$12*5.2),0)))))*$E$12+(H51*$AB$11*$E$12*6.1)+I51*$E$12*$AB$12*6.1),0) -> 3683573 | M51: =VLOOKUP(C51,TONGHOPCONGDOI!$C$11:$V$91,20,0) -> 21 | N51: =VLOOKUP(C51,TONGHOPCONGDOI!$C$11:$W$91,21,0) -> 5 | O51: =VLOOKUP(C51,TONGHOPCONGDOI!$C$11:$AD$93,22,0) -> 0 | P51: =VLOOKUP(C51,TONGHOPCONGDOI!$C$11:$AD$93,23,0) -> 0 | Q51: =VLOOKUP(C51,TONGHOPCONGDOI!$C$11:$AD$93,24,0) -> 0 | R51: =VLOOKUP(C51,TONGHOPCONGDOI!$C$11:$AD$93,25,0) -> 0 | W51: =ROUND(((M51*46.1)+(N51*76.9)+(O51*92.2)+(P51*153.8)+(Q51*92.2)+(R51*153.8))*$E$12+(S51*25000)+(T51*10000)+(U51*30000),0) -> 904673 | X51: =F51+L51+W51 -> 4588246 | Z51: =VLOOKUP(C51,'CNKT '!D51:AA98,24,0) -> 4588246 | AA51: =Z51-X51 -> 0
A52: 37 | B52: ='Chấm công KT'!C49 -> 04058 | C52: =TONGHOPCONGDOI!C47 -> T. Bi Ly (2) | F52: =E52*25000 -> 0 | G52: =VLOOKUP(C52,TONGHOPCONGDOI!C47:AE94,16,0) -> 2194 | H52: =VLOOKUP(C52,TONGHOPCONGDOI!C47:AE94,17,0) -> 0 | J52: =$AB$10/$AB$9*G52+H52*$AB$11+I52*$AB$12 -> 1017.391 | K52: =VLOOKUP(C52,'BTH mủ tạp'!D53:AN131,37,0) -> B | L52: =ROUND((IF(K52="A",(G52*$Z$12*6.1),IF(K52="B",(G52*$Z$12*5.8),IF(K52="C",(G52*$Z$12*5.5),IF(K52="C.",(G52*$Z$12*5.5),IF(K52="D",(G52*$Z$12*5.2),0)))))*$E$12+(H52*$AB$11*$E$12*6.1)+I52*$E$12*$AB$12*6.1),0) -> 3946736 | M52: =VLOOKUP(C52,TONGHOPCONGDOI!$C$11:$V$91,20,0) -> 21 | N52: =VLOOKUP(C52,TONGHOPCONGDOI!$C$11:$W$91,21,0) -> 5 | O52: =VLOOKUP(C52,TONGHOPCONGDOI!$C$11:$AD$93,22,0) -> 0 | P52: =VLOOKUP(C52,TONGHOPCONGDOI!$C$11:$AD$93,23,0) -> 0 | Q52: =VLOOKUP(C52,TONGHOPCONGDOI!$C$11:$AD$93,24,0) -> 0 | R52: =VLOOKUP(C52,TONGHOPCONGDOI!$C$11:$AD$93,25,0) -> 0 | W52: =ROUND(((M52*46.1)+(N52*76.9)+(O52*92.2)+(P52*153.8)+(Q52*92.2)+(R52*153.8))*$E$12+(S52*25000)+(T52*10000)+(U52*30000),0) -> 904673 | X52: =F52+L52+W52 -> 4851409 | Z52: =VLOOKUP(C52,'CNKT '!D52:AA98,24,0) -> 4851409 | AA52: =Z52-X52 -> 0
A53: 38 | B53: ='Chấm công KT'!C50 -> 03487 | C53: =TONGHOPCONGDOI!C48 -> N. Ba Say | F53: =E53*25000 -> 0 | G53: =VLOOKUP(C53,TONGHOPCONGDOI!C48:AE94,16,0) -> 1776 | H53: =VLOOKUP(C53,TONGHOPCONGDOI!C48:AE94,17,0) -> 0 | J53: =$AB$10/$AB$9*G53+H53*$AB$11+I53*$AB$12 -> 823.55808 | K53: =VLOOKUP(C53,'BTH mủ tạp'!D54:AN132,37,0) -> B | L53: =ROUND((IF(K53="A",(G53*$Z$12*6.1),IF(K53="B",(G53*$Z$12*5.8),IF(K53="C",(G53*$Z$12*5.5),IF(K53="C.",(G53*$Z$12*5.5),IF(K53="D",(G53*$Z$12*5.2),0)))))*$E$12+(H53*$AB$11*$E$12*6.1)+I53*$E$12*$AB$12*6.1),0) -> 3194806 | M53: =VLOOKUP(C53,TONGHOPCONGDOI!$C$11:$V$91,20,0) -> 21 | N53: =VLOOKUP(C53,TONGHOPCONGDOI!$C$11:$W$91,21,0) -> 5 | O53: =VLOOKUP(C53,TONGHOPCONGDOI!$C$11:$AD$93,22,0) -> 0 | P53: =VLOOKUP(C53,TONGHOPCONGDOI!$C$11:$AD$93,23,0) -> 0 | Q53: =VLOOKUP(C53,TONGHOPCONGDOI!$C$11:$AD$93,24,0) -> 0 | R53: =VLOOKUP(C53,TONGHOPCONGDOI!$C$11:$AD$93,25,0) -> 0 | W53: =ROUND(((M53*46.1)+(N53*76.9)+(O53*92.2)+(P53*153.8)+(Q53*92.2)+(R53*153.8))*$E$12+(S53*25000)+(T53*10000)+(U53*30000),0) -> 904673 | X53: =F53+L53+W53 -> 4099479 | Z53: =VLOOKUP(C53,'CNKT '!D53:AA98,24,0) -> 4099479 | AA53: =Z53-X53 -> 0
A54: 39 | B54: ='Chấm công KT'!C51 -> 03488 | C54: =TONGHOPCONGDOI!C49 -> N. Đeng | F54: =E54*25000 -> 0 | G54: =VLOOKUP(C54,TONGHOPCONGDOI!C49:AE94,16,0) -> 2198 | H54: =VLOOKUP(C54,TONGHOPCONGDOI!C49:AE94,17,0) -> 0 | J54: =$AB$10/$AB$9*G54+H54*$AB$11+I54*$AB$12 -> 1019.2459 | K54: =VLOOKUP(C54,'BTH mủ tạp'!D55:AN133,37,0) -> A | L54: =ROUND((IF(K54="A",(G54*$Z$12*6.1),IF(K54="B",(G54*$Z$12*5.8),IF(K54="C",(G54*$Z$12*5.5),IF(K54="C.",(G54*$Z$12*5.5),IF(K54="D",(G54*$Z$12*5.2),0)))))*$E$12+(H54*$AB$11*$E$12*6.1)+I54*$E$12*$AB$12*6.1),0) -> 4158446 | M54: =VLOOKUP(C54,TONGHOPCONGDOI!$C$11:$V$91,20,0) -> 20 | N54: =VLOOKUP(C54,TONGHOPCONGDOI!$C$11:$W$91,21,0) -> 5 | O54: =VLOOKUP(C54,TONGHOPCONGDOI!$C$11:$AD$93,22,0) -> 0 | P54: =VLOOKUP(C54,TONGHOPCONGDOI!$C$11:$AD$93,23,0) -> 0 | Q54: =VLOOKUP(C54,TONGHOPCONGDOI!$C$11:$AD$93,24,0) -> 0 | R54: =VLOOKUP(C54,TONGHOPCONGDOI!$C$11:$AD$93,25,0) -> 0 | W54: =ROUND(((M54*46.1)+(N54*76.9)+(O54*92.2)+(P54*153.8)+(Q54*92.2)+(R54*153.8))*$E$12+(S54*25000)+(T54*10000)+(U54*30000),0) -> 873839 | X54: =F54+L54+W54 -> 5032285 | Z54: =VLOOKUP(C54,'CNKT '!D54:AA98,24,0) -> 5032285 | AA54: =Z54-X54 -> 0
A55: 40 | B55: ='Chấm công KT'!C52 -> 03489 | C55: =TONGHOPCONGDOI!C50 -> T. Tinh | F55: =E55*25000 -> 0 | G55: =VLOOKUP(C55,TONGHOPCONGDOI!C50:AE94,16,0) -> 1703 | H55: =VLOOKUP(C55,TONGHOPCONGDOI!C50:AE94,17,0) -> 0 | J55: =$AB$10/$AB$9*G55+H55*$AB$11+I55*$AB$12 -> 789.70687 | K55: =VLOOKUP(C55,'BTH mủ tạp'!D56:AN134,37,0) -> A | L55: =ROUND((IF(K55="A",(G55*$Z$12*6.1),IF(K55="B",(G55*$Z$12*5.8),IF(K55="C",(G55*$Z$12*5.5),IF(K55="C.",(G55*$Z$12*5.5),IF(K55="D",(G55*$Z$12*5.2),0)))))*$E$12+(H55*$AB$11*$E$12*6.1)+I55*$E$12*$AB$12*6.1),0) -> 3221944 | M55: =VLOOKUP(C55,TONGHOPCONGDOI!$C$11:$V$91,20,0) -> 22 | N55: =VLOOKUP(C55,TONGHOPCONGDOI!$C$11:$W$91,21,0) -> 5 | O55: =VLOOKUP(C55,TONGHOPCONGDOI!$C$11:$AD$93,22,0) -> 0 | P55: =VLOOKUP(C55,TONGHOPCONGDOI!$C$11:$AD$93,23,0) -> 0 | Q55: =VLOOKUP(C55,TONGHOPCONGDOI!$C$11:$AD$93,24,0) -> 0 | R55: =VLOOKUP(C55,TONGHOPCONGDOI!$C$11:$AD$93,25,0) -> 0 | W55: =ROUND(((M55*46.1)+(N55*76.9)+(O55*92.2)+(P55*153.8)+(Q55*92.2)+(R55*153.8))*$E$12+(S55*25000)+(T55*10000)+(U55*30000),0) -> 935507 | X55: =F55+L55+W55 -> 4157451 | Z55: =VLOOKUP(C55,'CNKT '!D55:AA98,24,0) -> 4157451 | AA55: =Z55-X55 -> 0
A56: 41 | B56: ='Chấm công KT'!C53 -> 04059 | C56: =TONGHOPCONGDOI!C51 -> T. Khăm Pỏi | F56: =E56*25000 -> 0 | G56: =VLOOKUP(C56,TONGHOPCONGDOI!C51:AE94,16,0) -> 2260 | H56: =VLOOKUP(C56,TONGHOPCONGDOI!C51:AE94,17,0) -> 0 | J56: =$AB$10/$AB$9*G56+H56*$AB$11+I56*$AB$12 -> 1047.9962 | K56: =VLOOKUP(C56,'BTH mủ tạp'!D57:AN135,37,0) -> A | L56: =ROUND((IF(K56="A",(G56*$Z$12*6.1),IF(K56="B",(G56*$Z$12*5.8),IF(K56="C",(G56*$Z$12*5.5),IF(K56="C.",(G56*$Z$12*5.5),IF(K56="D",(G56*$Z$12*5.2),0)))))*$E$12+(H56*$AB$11*$E$12*6.1)+I56*$E$12*$AB$12*6.1),0) -> 4275745 | M56: =VLOOKUP(C56,TONGHOPCONGDOI!$C$11:$V$91,20,0) -> 21 | N56: =VLOOKUP(C56,TONGHOPCONGDOI!$C$11:$W$91,21,0) -> 4 | O56: =VLOOKUP(C56,TONGHOPCONGDOI!$C$11:$AD$93,22,0) -> 0 | P56: =VLOOKUP(C56,TONGHOPCONGDOI!$C$11:$AD$93,23,0) -> 0 | Q56: =VLOOKUP(C56,TONGHOPCONGDOI!$C$11:$AD$93,24,0) -> 0 | R56: =VLOOKUP(C56,TONGHOPCONGDOI!$C$11:$AD$93,25,0) -> 0 | W56: =ROUND(((M56*46.1)+(N56*76.9)+(O56*92.2)+(P56*153.8)+(Q56*92.2)+(R56*153.8))*$E$12+(S56*25000)+(T56*10000)+(U56*30000),0) -> 853239 | X56: =F56+L56+W56 -> 5128984 | Z56: =VLOOKUP(C56,'CNKT '!D56:AA98,24,0) -> 5128984 | AA56: =Z56-X56 -> 0
A57: 42 | B57: ='Chấm công KT'!C54 -> 03491 | C57: =TONGHOPCONGDOI!C52 -> Lăm Ngân | F57: =E57*25000 -> 0 | G57: =VLOOKUP(C57,TONGHOPCONGDOI!C52:AE94,16,0) -> 2352 | H57: =VLOOKUP(C57,TONGHOPCONGDOI!C52:AE94,17,0) -> 0 | J57: =$AB$10/$AB$9*G57+H57*$AB$11+I57*$AB$12 -> 1090.658 | K57: =VLOOKUP(C57,'BTH mủ tạp'!D58:AN136,37,0) -> A | L57: =ROUND((IF(K57="A",(G57*$Z$12*6.1),IF(K57="B",(G57*$Z$12*5.8),IF(K57="C",(G57*$Z$12*5.5),IF(K57="C.",(G57*$Z$12*5.5),IF(K57="D",(G57*$Z$12*5.2),0)))))*$E$12+(H57*$AB$11*$E$12*6.1)+I57*$E$12*$AB$12*6.1),0) -> 4449802 | M57: =VLOOKUP(C57,TONGHOPCONGDOI!$C$11:$V$91,20,0) -> 20 | N57: =VLOOKUP(C57,TONGHOPCONGDOI!$C$11:$W$91,21,0) -> 5 | O57: =VLOOKUP(C57,TONGHOPCONGDOI!$C$11:$AD$93,22,0) -> 0 | P57: =VLOOKUP(C57,TONGHOPCONGDOI!$C$11:$AD$93,23,0) -> 0 | Q57: =VLOOKUP(C57,TONGHOPCONGDOI!$C$11:$AD$93,24,0) -> 0 | R57: =VLOOKUP(C57,TONGHOPCONGDOI!$C$11:$AD$93,25,0) -> 0 | W57: =ROUND(((M57*46.1)+(N57*76.9)+(O57*92.2)+(P57*153.8)+(Q57*92.2)+(R57*153.8))*$E$12+(S57*25000)+(T57*10000)+(U57*30000),0) -> 873839 | X57: =F57+L57+W57 -> 5323641 | Z57: =VLOOKUP(C57,'CNKT '!D57:AA98,24,0) -> 5323641 | AA57: =Z57-X57 -> 0
A58: 43 | B58: ='Chấm công KT'!C55 -> 04060 | C58: =TONGHOPCONGDOI!C53 -> T. Không | F58: =E58*25000 -> 0 | G58: =VLOOKUP(C58,TONGHOPCONGDOI!C53:AE94,16,0) -> 1929 | H58: =VLOOKUP(C58,TONGHOPCONGDOI!C53:AE94,17,0) -> 0 | J58: =$AB$10/$AB$9*G58+H58*$AB$11+I58*$AB$12 -> 894.50649 | K58: =VLOOKUP(C58,'BTH mủ tạp'!D59:AN137,37,0) -> A | L58: =ROUND((IF(K58="A",(G58*$Z$12*6.1),IF(K58="B",(G58*$Z$12*5.8),IF(K58="C",(G58*$Z$12*5.5),IF(K58="C.",(G58*$Z$12*5.5),IF(K58="D",(G58*$Z$12*5.2),0)))))*$E$12+(H58*$AB$11*$E$12*6.1)+I58*$E$12*$AB$12*6.1),0) -> 3649519 | M58: =VLOOKUP(C58,TONGHOPCONGDOI!$C$11:$V$91,20,0) -> 23 | N58: =VLOOKUP(C58,TONGHOPCONGDOI!$C$11:$W$91,21,0) -> 5 | O58: =VLOOKUP(C58,TONGHOPCONGDOI!$C$11:$AD$93,22,0) -> 0 | P58: =VLOOKUP(C58,TONGHOPCONGDOI!$C$11:$AD$93,23,0) -> 0 | Q58: =VLOOKUP(C58,TONGHOPCONGDOI!$C$11:$AD$93,24,0) -> 0 | R58: =VLOOKUP(C58,TONGHOPCONGDOI!$C$11:$AD$93,25,0) -> 0 | W58: =ROUND(((M58*46.1)+(N58*76.9)+(O58*92.2)+(P58*153.8)+(Q58*92.2)+(R58*153.8))*$E$12+(S58*25000)+(T58*10000)+(U58*30000),0) -> 966340 | X58: =F58+L58+W58 -> 4615859 | Z58: =VLOOKUP(C58,'CNKT '!D58:AA98,24,0) -> 4615859 | AA58: =Z58-X58 -> 0
A59: 44 | B59: ='Chấm công KT'!C56 -> 03492 | C59: =TONGHOPCONGDOI!C54 -> T. Lem | F59: =E59*25000 -> 0 | G59: =VLOOKUP(C59,TONGHOPCONGDOI!C54:AE94,16,0) -> 2372 | H59: =VLOOKUP(C59,TONGHOPCONGDOI!C54:AE94,17,0) -> 0 | J59: =$AB$10/$AB$9*G59+H59*$AB$11+I59*$AB$12 -> 1099.9323 | K59: =VLOOKUP(C59,'BTH mủ tạp'!D60:AN138,37,0) -> A | L59: =ROUND((IF(K59="A",(G59*$Z$12*6.1),IF(K59="B",(G59*$Z$12*5.8),IF(K59="C",(G59*$Z$12*5.5),IF(K59="C.",(G59*$Z$12*5.5),IF(K59="D",(G59*$Z$12*5.2),0)))))*$E$12+(H59*$AB$11*$E$12*6.1)+I59*$E$12*$AB$12*6.1),0) -> 4487640 | M59: =VLOOKUP(C59,TONGHOPCONGDOI!$C$11:$V$91,20,0) -> 22 | N59: =VLOOKUP(C59,TONGHOPCONGDOI!$C$11:$W$91,21,0) -> 5 | O59: =VLOOKUP(C59,TONGHOPCONGDOI!$C$11:$AD$93,22,0) -> 0 | P59: =VLOOKUP(C59,TONGHOPCONGDOI!$C$11:$AD$93,23,0) -> 0 | Q59: =VLOOKUP(C59,TONGHOPCONGDOI!$C$11:$AD$93,24,0) -> 0 | R59: =VLOOKUP(C59,TONGHOPCONGDOI!$C$11:$AD$93,25,0) -> 0 | W59: =ROUND(((M59*46.1)+(N59*76.9)+(O59*92.2)+(P59*153.8)+(Q59*92.2)+(R59*153.8))*$E$12+(S59*25000)+(T59*10000)+(U59*30000),0) -> 935507 | X59: =F59+L59+W59 -> 5423147 | Z59: =VLOOKUP(C59,'CNKT '!D59:AA98,24,0) -> 5423147 | AA59: =Z59-X59 -> 0
A60: 45 | B60: ='Chấm công KT'!C57 -> 03493 | C60: =TONGHOPCONGDOI!C55 -> T. Pông | F60: =E60*25000 -> 0 | G60: =VLOOKUP(C60,TONGHOPCONGDOI!C55:AE94,16,0) -> 3438 | H60: =VLOOKUP(C60,TONGHOPCONGDOI!C55:AE94,17,0) -> 0 | J60: =$AB$10/$AB$9*G60+H60*$AB$11+I60*$AB$12 -> 1594.2526 | K60: =VLOOKUP(C60,'BTH mủ tạp'!D61:AN139,37,0) -> A | L60: =ROUND((IF(K60="A",(G60*$Z$12*6.1),IF(K60="B",(G60*$Z$12*5.8),IF(K60="C",(G60*$Z$12*5.5),IF(K60="C.",(G60*$Z$12*5.5),IF(K60="D",(G60*$Z$12*5.2),0)))))*$E$12+(H60*$AB$11*$E$12*6.1)+I60*$E$12*$AB$12*6.1),0) -> 6504430 | M60: =VLOOKUP(C60,TONGHOPCONGDOI!$C$11:$V$91,20,0) -> 22 | N60: =VLOOKUP(C60,TONGHOPCONGDOI!$C$11:$W$91,21,0) -> 5 | O60: =VLOOKUP(C60,TONGHOPCONGDOI!$C$11:$AD$93,22,0) -> 0 | P60: =VLOOKUP(C60,TONGHOPCONGDOI!$C$11:$AD$93,23,0) -> 0 | Q60: =VLOOKUP(C60,TONGHOPCONGDOI!$C$11:$AD$93,24,0) -> 0 | R60: =VLOOKUP(C60,TONGHOPCONGDOI!$C$11:$AD$93,25,0) -> 0 | W60: =ROUND(((M60*46.1)+(N60*76.9)+(O60*92.2)+(P60*153.8)+(Q60*92.2)+(R60*153.8))*$E$12+(S60*25000)+(T60*10000)+(U60*30000),0) -> 935507 | X60: =F60+L60+W60 -> 7439937 | Z60: =VLOOKUP(C60,'CNKT '!D60:AA98,24,0) -> 7439937 | AA60: =Z60-X60 -> 0
