Workbook
Name So_XN: [1]PHATSINH!$B$6:$B$2093

Sheet BẢNG PHÂN TOÁN
A1: CỘNG HÒA DÂN CHỦ NHÂN DÂN LÀO
A2: Hòa bình - Độc lập - Dân chủ - Thống nhất - Thịnh vượng
A3: -----oOo-----
A4: CÔNG TY TNHH CỔ PHẦN QUASA - GERUCO LÀO
A5: ĐỘI SẢN XUẤT SEPON
A8: BẢNG PHÂN TOÁN TIỀN LƯƠNG THÁNG 01 NĂM 2025
A9: Từ ngày 01/01/2025 đến ngày 31/01/2025
I10: Đvt: Kip
A11: STT | B11: Danh mục | C11: Đvt | D11: Số lượng | E11: Sản lượng thực hiện quy khô | F11: Đơn giá | G11: Tổng tiền lương | H11: Tổng tiền thực nhận | I11: Ghi chú
A12: I | B12: Tiền lương kinh doanh | G12: =G13+G32 -> 4.290727e+08 | H12: =H13+H32 -> 3.939927e+08 | K12: Tỷ giá: USD qua Kíp: | L12: 21923
A13: 1 | B13: Tiền lương công nhân trực tiếp | G13: =G14+G23+G31 -> 3.9796625e+08 | H13: =H14+H23+H31 -> 3.6288625e+08
A14: 1.1 | B14: Sản lượng | E14: =+SUM(E15:E22) -> 63154.458 | G14: =H14 -> 2.5060559e+08 | H14: =SUM(H15:H22) -> 2.5060559e+08 | K14: Tỷ giá Bath qua Kíp | L14: 656
B15: Xếp loại kỹ thuật A (đơn giá chuẩn) | C15: Kg | E15: =+SUMIF('BẢNG LƯƠNG KT'!$K$17:$K$69,"A",'BẢNG LƯƠNG KT'!$J$17:$J$69) -> 25897.94 | F15: =6.1*$L$14 -> 4001.6 | G15: =E15*F15 -> 1.036332e+08 | H15: =+E15*F15 -> 1.036332e+08
B16: Xếp loại kỹ thuật B (đơn giá chuẩn) | C16: Kg | E16: =+SUMIF('BẢNG LƯƠNG KT'!$K$17:$K$69,"B",'BẢNG LƯƠNG KT'!$J$17:$J$69) -> 21418.57 | F16: =5.8*$L$14 -> 3804.8 | G16: =E16*F16 -> 81493376 | H16: =+E16*F16 -> 81493376
B17: Xếp loại kỹ thuật C (đơn giá chuẩn) | C17: Kg | E17: =+SUMIF('BẢNG LƯƠNG KT'!$K$17:$K$69,"C",'BẢNG LƯƠNG KT'!$J$17:$J$69) -> 4348.0415 | F17: =5.5*$L$14 -> 3608 | G17: =E17*F17 -> 15687734 | H17: =+E17*F17 -> 15687734
B18: Xếp loại kỹ thuật D (đơn giá chuẩn) | C18: Kg | E18: =+SUMIF('BẢNG LƯƠNG KT'!$K$17:$K$52,"D",'BẢNG LƯƠNG KT'!$J$17:$J$52) -> 0 | F18: =5.2*$L$14 -> 3411.2 | G18: =E18*F18 -> 0 | H18: =+E18*F18 -> 0
B19: Xếp loại kỹ thuật A (đơn giá phụ cấp ) | C19: Kg | E19: =+SUMIF('BẢNG LƯƠNG KT'!$K$72:$K$87,"A",'BẢNG LƯƠNG KT'!$J$72:$J$87) -> 7886.5068 | F19: =+(6.1+0.6)*$L$14 -> 4395.2 | G19: =E19*F19 -> 34662775 | H19: =+E19*F19 -> 34662775
B20: Xếp loại kỹ thuật B (đơn giá phụ cấp ) | C20: Kg | E20: =+SUMIF('BẢNG LƯƠNG KT'!$K$72:$K$87,"B",'BẢNG LƯƠNG KT'!$J$72:$J$87) -> 3603.3992 | F20: =+(5.8+0.6)*$L$14 -> 4198.4 | G20: =E20*F20 -> 15128511 | H20: =+E20*F20 -> 15128511
B21: Xếp loại kỹ thuật C (đơn giá phụ cấp ) | C21: Kg | E21: =+SUMIF('BẢNG LƯƠNG KT'!$K$72:$K$87,"C",'BẢNG LƯƠNG KT'!$J$72:$J$87) -> 0 | F21: =+(5.5+0.6)*$L$14 -> 4001.6 | G21: =E21*F21 -> 0 | H21: =+E21*F21 -> 0
B22: Xếp loại kỹ thuật D (đơn giá phụ cấp ) | C22: Kg | E22: =+SUMIF('BẢNG LƯƠNG KT'!$K$72:$K$87,"D",'BẢNG LƯƠNG KT'!$J$72:$J$87) -> 0 | F22: =+(5.2+0.6)*$L$14 -> 3804.8 | G22: =E22*F22 -> 0 | H22: =+E22*F22 -> 0
A23: 1.2 | B23: Phụ cấp khai thác | C23: Công | D23: =+SUM(D24:D29) -> 3162 | G23: =SUM(G24:G30) -> 1.4736065e+08 | H23: =SUM(H24:H29) -> 1.1228065e+08
B24: Phụ cấp ngày công thường | C24: Ngày | D24: ='BẢNG LƯƠNG KT'!M16+'BẢNG LƯƠNG KT'!M54 -> 1086 | F24: =46.1*'BẢNG PHÂN TOÁN'!$L$14 -> 30241.6 | G24: =D24*F24 -> 32842378 | H24: =D24*F24 -> 32842378
B25: Phụ cấp ngày công chủ nhật | C25: Ngày | D25: ='BẢNG LƯƠNG KT'!N54+'BẢNG LƯƠNG KT'!N16 -> 170 | F25: =76.9*$L$14 -> 50446.4 | G25: =D25*F25 -> 8575888 | H25: =D25*F25 -> 8575888
B26: Phụ cấp ngày công vườn cây non | C26: Ngày | D26: ='BẢNG LƯƠNG KT'!O89 -> 130 | F26: =76.8*'BẢNG PHÂN TOÁN'!$L$14 -> 50380.8 | G26: =D26*F26 -> 6549504 | H26: =D26*F26 -> 6549504
B27: Phụ cấp chủ nhật vườn cây non | C27: Ngày | D27: ='BẢNG LƯƠNG KT'!P89 -> 22 | F27: =107.6*'BẢNG PHÂN TOÁN'!$L$14 -> 70585.6 | G27: =D27*F27 -> 1552883.2 | H27: =D27*F27 -> 1552883.2 | K27: =G13+G32+G35+G36 -> 4.357327e+08
B28: Phụ cấp vùng khó khăn | C28: Ngày | D28: =SUM(D24:D27) -> 1408 | F28: 20000 | G28: =D28*F28 -> 28160000 | H28: =D28*F28 -> 28160000
B29: Phụ cấp ngày công tổ 3 | C29: Ngày | D29: ='BẢNG LƯƠNG KT'!M71+'BẢNG LƯƠNG KT'!N71 -> 346 | F29: 100000 | G29: =D29*F29 -> 34600000 | H29: =D29*F29 -> 34600000 | K29: ='1'!U51+'2'!U35+'3'!S33 -> 3.9796625e+08
B30: Phụ cấp tiền lương tháng 01 | C30: Ngày | D30: ='BẢNG LƯƠNG KT'!R89 -> 1754 | F30: 20000 | G30: =D30*F30 -> 35080000
A31: 1.3 | B31: Tiền lương chăm sóc vườn cây | C31: Công | D31: ='BẢNG LƯƠNG KT'!G89 -> 0 | F31: 25000 | G31: =D31*F31 -> 0 | H31: =+D31*F31 -> 0
A32: 2 | B32: Tiền lương bảo vệ vườn cây | C32: Công | D32: =G32/F32 -> 1244.2581 | F32: 25000 | G32: =BV!U26 -> 31106452 | H32: =+D32*F32 -> 31106452 | K32: =G35 -> 1700000
A33: II | B33: Tiền lương KTCB | C33: Công | D33: =D34 -> 0 | F33: 25000 | G33: =G34 -> 0 | H33: =H34 -> 0
A34: 1 | B34: Vườn cây 2018 | C34: Công | F34: 25000 | G34: =D34*F34 -> 0 | H34: =D34*F34 -> 0
A35: II | B35: Tiền lương tạp vụ | C35: Ngày | D35: ='Tạp vụ'!G13 -> 31 | F35: =G35/D35 -> 54838.71 | G35: 1700000 | H35: =G35-20000 -> 1680000 | K35: ='Phụ cấp người Việt'!F15 -> 4960000
A36: III | B36: Tiền lương phụ cấp CNKT người Việt | C36: Kíp | D36: ='Phụ cấp người Việt'!D15 -> 62 | F36: ='Phụ cấp người Việt'!E12 -> 80000 | G36: ='Phụ cấp người Việt'!F15 -> 4960000 | K36: =G32 -> 31106452
A37: TỔNG CỘNG: | E37: =E14 -> 63154.458 | G37: =G12+G33+G35+G36 -> 4.357327e+08 | H37: =H12+H33+H35 -> 3.956727e+08 | K37: =K29+K36+K32+K35+K30 -> 4.357327e+08
A38: Số tiền bằng chữ: Bốn trăm ba mươi lăm triệu bảy trăm ba mươi hai nghìn sáu trăm chín mươi tám kíp.
G40: Sepon, ngày 03 tháng 02 năm 2025
A41: TỔNG GIÁM ĐỐC PHÒNG TC - KT PHÒNG TC - HC ĐỘI SẢN XUẤT SEPON

Sheet Phụ cấp người Việt
A1: CỘNG HÒA DÂN CHỦ NHÂN DÂN LÀO
A2: Hòa Bình - Độc Lập - Dân Chủ - Thống Nhất - Thịnh Vượng
A3: ----- o0o-----
AA4: =1372+388 -> 1760 | AB4: =AA4*30000 -> 52800000 | AC4: =AB4+#REF!+#REF! -> #REF!
A5: CÔNG TY TNHH CỔ PHẦN QUASA - GERUCO LÀO
A6: ĐỘI SẢN XUẤT SEPON
A8: BẢNG THANH TOÁN TIỀN PHỤ CẤP THÁNG 01 NĂM 2025
I9: ĐVT : Kíp
A10: STT | B10: Tên Công nhân | C10: Chức Vụ | D10: Ngày công | E10: Đơn giá | F10: Thành tiền | G10: Thuế TNCN | H10: Thực nhận | I10: Ký nhận | J10: Ghi chú
A12: 1 | B12: Hồ Văn Tăng | C12: CNKT | D12: ='Chấm công công nhân'!AV73 -> 21 | E12: 80000 | F12: =D12*E12 -> 1680000 | G12: =IF(F12>65000000,((F12-65000000)*25%+10685000),IF(F12>25000000,((F12-25000000)*20%+2685000),IF(F12>15000000,((F12-15000000)*15%+1185000),IF(F12>5000000,(F12-5000000)*10%+185000,IF(F12>1300000,(F12-1300000)*5%,0))))) -> 19000 | H12: =+F12-G12 -> 1661000
A13: 2 | B13: Hồ Văn Khoa | C13: CNKT | D13: ='Chấm công công nhân'!AV74 -> 20 | E13: 80000 | F13: =D13*E13 -> 1600000 | G13: =IF(F13>65000000,((F13-65000000)*25%+10685000),IF(F13>25000000,((F13-25000000)*20%+2685000),IF(F13>15000000,((F13-15000000)*15%+1185000),IF(F13>5000000,(F13-5000000)*10%+185000,IF(F13>1300000,(F13-1300000)*5%,0))))) -> 15000 | H13: =+F13-G13 -> 1585000
A14: 3 | B14: Hồ Xa My | C14: CNKT | D14: ='Chấm công công nhân'!AV75 -> 21 | E14: 80000 | F14: =D14*E14 -> 1680000 | G14: =IF(F14>65000000,((F14-65000000)*25%+10685000),IF(F14>25000000,((F14-25000000)*20%+2685000),IF(F14>15000000,((F14-15000000)*15%+1185000),IF(F14>5000000,(F14-5000000)*10%+185000,IF(F14>1300000,(F14-1300000)*5%,0))))) -> 19000 | H14: =+F14-G14 -> 1661000
A15: Tổng cộng | D15: =SUM(D12:D14) -> 62 | F15: =SUM(F12:F14) -> 4960000 | G15: =SUM(G12:G14) -> 53000 | H15: =SUM(H12:H14) -> 4907000
A16: Số tiền bằng chữ: Bốn triệu chín trăm sáu mươi nghìn kíp.
G17: Sepon, ngày 03 tháng 02 năm 2025
A18: PHÒNG TC - KT | C18: PHÒNG TC - HC | F18: ĐỘI TRƯỞNG ĐỘI SEPON | H18: NGƯỜI LẬP BIỂU

Sheet BẢNG PHÂN TOÁN ĐÚNG
A1: CỘNG HÒA DÂN CHỦ NHÂN DÂN LÀO
A2: Hòa bình - Độc lập - Dân chủ - Thống nhất - Thịnh vượng
A3: -----oOo-----
A4: CÔNG TY TNHH CỔ PHẦN QUASA - GERUCO LÀO
A5: ĐỘI SẢN XUẤT SEPON
A8: BẢNG PHÂN TOÁN TIỀN LƯƠNG THÁNG 10 NĂM 2024
A9: Từ ngày 01/10/2024 đến ngày 31/10/2024
K10: Đvt: Kip
A11: STT | B11: Danh mục | C11: Đvt | D11: Số lượng | E11: Sản lượng thực hiện quy khô | F11: Đơn giá | G11: Tổng tiền lương | H11: Tổng tiền thực nhận | I11: Tiền lương tạm ứng theo sản lượng | J11: Tổng cộng | K11: Ghi chú
A12: I | B12: Tiền lương kinh doanh | G12: 5.4015776e+08 | H12: =H13+H31 -> 0 | I12: =I13+I31 -> 4720954.3 | J12: 5.4487872e+08 | L12: Tỷ giá: USD qua Kíp: | N12: 22036
A13: 1 | B13: Tiền lương công nhân trực tiếp | G13: 5.2975776e+08 | I13: =I14+I23+I30 -> 4720954.3 | J13: 5.3447872e+08
A14: 1.1 | B14: Sản lượng | E14: =+SUM(E15:E22) -> 63154.458 | G14: 3.3068032e+08 | I14: =SUM(I15:I22) -> 4720954.3 | J14: 3.3540128e+08 | L14: Tỷ giá Bath qua Kíp | M14: Tỷ giá Bath qua Kíp | N14: 657.39
B15: Xếp loại kỹ thuật A (đơn giá chuẩn) | C15: Kg | E15: =+SUMIF('BẢNG LƯƠNG KT'!$K$17:$K$69,"A",'BẢNG LƯƠNG KT'!$J$17:$J$69) -> 25897.94 | F15: =6.1*$N$14 -> 4010.079 | G15: 1.7012465e+08 | I15: 2639184.2 | J15: 1.7276383e+08
B16: Xếp loại kỹ thuật B (đơn giá chuẩn) | C16: Kg | E16: =+SUMIF('BẢNG LƯƠNG KT'!$K$17:$K$69,"B",'BẢNG LƯƠNG KT'!$J$17:$J$69) -> 21418.57 | F16: =5.8*$N$14 -> 3812.862 | G16: 1.0566893e+08 | I16: 2081770.1 | J16: 1.077507e+08
B17: Xếp loại kỹ thuật C (đơn giá chuẩn) | C17: Kg | E17: =+SUMIF('BẢNG LƯƠNG KT'!$K$17:$K$69,"C",'BẢNG LƯƠNG KT'!$J$17:$J$69) -> 4348.0415 | F17: =5.5*$N$14 -> 3615.645 | G17: 0 | J17: 0 | M17: =#REF!-#REF! -> #REF!
B18: Xếp loại kỹ thuật D (đơn giá chuẩn) | C18: Kg | E18: =+SUMIF('BẢNG LƯƠNG KT'!$K$17:$K$52,"D",'BẢNG LƯƠNG KT'!$J$17:$J$52) -> 0 | F18: =5.2*$N$14 -> 3418.428 | G18: 0 | J18: 0
B19: Xếp loại kỹ thuật A (đơn giá phụ cấp ) | C19: Kg | E19: =+SUMIF('BẢNG LƯƠNG KT'!$K$72:$K$87,"A",'BẢNG LƯƠNG KT'!$J$72:$J$87) -> 7886.5068 | F19: =+(6.1+0.6)*$N$14 -> 4404.513 | G19: 28570730 | J19: 28570730
B20: Xếp loại kỹ thuật B (đơn giá phụ cấp ) | C20: Kg | E20: =+SUMIF('BẢNG LƯƠNG KT'!$K$72:$K$87,"B",'BẢNG LƯƠNG KT'!$J$72:$J$87) -> 3603.3992 | F20: =+(5.8+0.6)*$N$14 -> 4207.296 | G20: 26316016 | J20: 26316016
B21: Xếp loại kỹ thuật C (đơn giá phụ cấp ) | C21: Kg | E21: =+SUMIF('BẢNG LƯƠNG KT'!$K$72:$K$87,"C",'BẢNG LƯƠNG KT'!$J$72:$J$87) -> 0 | F21: =+(5.5+0.6)*$N$14 -> 4010.079 | G21: 0 | J21: 0
B22: Xếp loại kỹ thuật D (đơn giá phụ cấp ) | C22: Kg | E22: =+SUMIF('BẢNG LƯƠNG KT'!$K$72:$K$87,"D",'BẢNG LƯƠNG KT'!$J$72:$J$87) -> 0 | F22: =+(5.2+0.6)*$N$14 -> 3812.862 | G22: 0 | J22: 0
A23: 1.2 | B23: Phụ cấp khai thác | C23: Công | D23: =+SUM(D24:D29) -> 3162 | G23: 1.1504985e+08 | I23: =SUM(I24:I29) -> 0 | J23: 1.1504985e+08
B24: Phụ cấp ngày công thường | C24: Ngày | D24: ='BẢNG LƯƠNG KT'!M16+'BẢNG LƯƠNG KT'!M54 -> 1086 | F24: =46.1*'BẢNG PHÂN TOÁN ĐÚNG'!$N$14 -> 30305.679 | G24: 35093976 | J24: 35093976
B25: Phụ cấp ngày công chủ nhật | C25: Ngày | D25: ='BẢNG LƯƠNG KT'!N54+'BẢNG LƯƠNG KT'!N16 -> 170 | F25: =76.9*$N$14 -> 50553.291 | G25: 6571927.8 | J25: 6571927.8
B26: Phụ cấp ngày công vườn cây non | C26: Ngày | D26: ='BẢNG LƯƠNG KT'!O89 -> 130 | F26: =76.8*'BẢNG PHÂN TOÁN ĐÚNG'!$N$14 -> 50487.552 | G26: 7977033.2 | J26: 7977033.2
B27: Phụ cấp chủ nhật vườn cây non | C27: Ngày | D27: ='BẢNG LƯƠNG KT'!P89 -> 22 | F27: =107.6*'BẢNG PHÂN TOÁN ĐÚNG'!$N$14 -> 70735.164 | G27: 1626908.8 | J27: 1626908.8 | M27: =G35+I35 -> 5.4718586e+08
B28: Phụ cấp vùng khó khăn | C28: Ngày | D28: =SUM(D24:D27) -> 1408 | F28: 20000 | G28: 29380000 | J28: 29380000
B29: Phụ cấp ngày công tổ 3 | C29: Ngày | D29: ='BẢNG LƯƠNG KT'!M71+'BẢNG LƯƠNG KT'!N71 -> 346 | F29: 100000 | G29: 34400000 | J29: 34400000
A30: 1.3 | B30: Tiền lương chăm sóc vườn cây | C30: Công | D30: ='BẢNG LƯƠNG KT'!G89 -> 0 | F30: 25000 | G30: 84027594 | J30: 84027594
A31: 2 | B31: Tiền lương bảo vệ vườn cây | C31: Công | D31: ='QL LƯƠNG'!G16 -> 416 | F31: 25000 | G31: 10400000 | J31: 10400000
A32: II | B32: Tiền lương KTCB | C32: Công | D32: =D33 -> 24.285714 | F32: 25000 | G32: 607142.86 | J32: 607142.86 | M32: ='LƯƠNG TT'!#REF! -> #REF! | N32: =M32+#REF!+#REF! -> #REF! | P32: =#REF!-455517042 -> #REF!
A33: 1 | B33: Vườn cây 2018 | C33: Công | D33: 24.285714 | F33: 25000 | G33: 607142.86 | J33: 607142.86
A34: III | B34: Tiền lương tạp vụ | C34: Ngày | D34: 30 | F34: 56666.667 | G34: 1700000 | J34: 1700000
A35: TỔNG CỘNG: | E35: =E14 -> 63154.458 | G35: 5.424649e+08 | H35: =H12+H32+H34 -> 0 | I35: =I12+I32 -> 4720954.3 | J35: 5.4718586e+08 | M35: =#REF!-#REF! -> #REF!
A36: Số tiền bằng chữ: Năm trăm bốn mươi bảy triệu một trăm tám mươi lăm nghìn tám trăm năm mươi tám kíp. | N36: =H35-H31 -> 0 | P36: =#REF!+1680000-#REF! -> #REF!
I38: Sepon, ngày 02 tháng 11 năm 2024
A40: TỔNG GIÁM ĐỐC PHÒNG TC - KT PHÒNG TC - HC ĐỘI SẢN XUẤT SEPON | N40: =#REF!+H33 -> #REF!
P42: =#REF!+1680000 -> #REF!

Sheet Mủ BN D40
A1: CỘNG HÒA DÂN CHỦ NHÂN DÂN LÀO
A2: Hòa bình - Độc lập - Dân chủ - Thống nhất - Thịnh vượng
A3: -----oOo-----
A5: CÔNG TY TNHH CỔ PHẦN QUASA-GERUCO LÀO
A6: ĐỘI SẢN XUẤT SEPON
A8: BẢNG THEO DÕI SẢN LƯỢNG MỦ THÁNG 10 NĂM 2024 TẠM TÍNH DRC 40%
A10: STT | B10: STT | C10: TÊN CN | D10: NGÀY | AI10: TẠP | AJ10: Quy khô (40%) | AK10: Xếp hạng kỹ thuật | AL10: Ký tên
D11: 1 | E11: 2 | F11: 3 | G11: 4 | H11: 5 | I11: 6 | J11: 7 | K11: 8 | L11: 9 | M11: 10 | N11: 11 | O11: 12 | P11: 13 | Q11: 14 | R11: 15 | S11: 16 | T11: 17 | U11: 18 | V11: 19 | W11: 20 | X11: 21 | Y11: 22 | Z11: 23 | AA11: 24 | AB11: 25 | AC11: 26 | AD11: 27 | AE11: 28 | AF11: 29 | AG11: 30 | AH11: 31 | AN11: bôi kt
A12: 52 | B12: 1 | C12: ='Chấm công công nhân'!L66 -> Phò Đăm | AB12: 167 | AC12: 206 | AG12: 0 | AI12: =SUM(D12:AH12) -> 373 | AJ12: =AI12*0.4 -> 149.2 | AK12: A | AM12: =IF(AJ12>=2790,700000,IF(AJ12>=2425,500000,IF(AJ12>2110,300000,IF(AJ12>=2110,0,0)))) -> 0 | AN12: =+#REF!-#REF! -> #REF! | AT12: =+AI12+[2]Mủ!AI13 -> 1418 | AX12: 9081.093 | AZ12: 1335.9741
A13: 53 | B13: 2 | C13: ='Chấm công công nhân'!L67 -> Thảo Mai | AB13: 147 | AC13: 187 | AG13: 0 | AI13: =SUM(D13:AH13) -> 334 | AJ13: =AI13*0.4 -> 133.6 | AK13: B | AM13: =IF(AJ13>=2790,700000,IF(AJ13>=2425,500000,IF(AJ13>2110,300000,IF(AJ13>=2110,0,0)))) -> 0 | AT13: =+AI13+[2]Mủ!AI14 -> 1138 | AX13: =AX12/#REF!*100 -> #REF! | AZ13: 785.2036
A14: 54 | B14: 3 | C14: ='Chấm công công nhân'!L68 -> Thảo Tưng | AB14: 0 | AC14: 0 | AG14: 91 | AI14: =SUM(D14:AH14) -> 91 | AJ14: =AI14*0.4 -> 36.4 | AK14: B | AM14: =IF(AJ14>=2790,700000,IF(AJ14>=2425,500000,IF(AJ14>2110,300000,IF(AJ14>=2110,0,0)))) -> 0 | AT14: =+AI14+[2]Mủ!AI15 -> 1676 | AZ14: 832.28639
A15: 55 | B15: 4 | C15: ='Chấm công công nhân'!L69 -> Thảo Xay | AB15: 66 | AC15: 77 | AG15: 151 | AI15: =SUM(D15:AH15) -> 294 | AJ15: =AI15*0.4 -> 117.6 | AK15: A | AM15: =IF(AJ15>=2790,700000,IF(AJ15>=2425,500000,IF(AJ15>2110,300000,IF(AJ15>=2110,0,0)))) -> 0 | AT15: =+AI15+[2]Mủ!AI16 -> 1529 | AX15: =SUM(AI12:AI16) -> 1383 | AZ15: 1005.9042
A16: 56 | B16: 5 | C16: ='Chấm công công nhân'!L70 -> Nàng Nọi | AB16: 64 | AC16: 78 | AG16: 149 | AI16: =SUM(D16:AH16) -> 291 | AJ16: =AI16*0.4 -> 116.4 | AK16: B | AM16: =IF(AJ16>=2790,700000,IF(AJ16>=2425,500000,IF(AJ16>2110,300000,IF(AJ16>=2110,0,0)))) -> 0 | AT16: =+AI16+[2]Mủ!AI17 -> 1522 | AX16: =SUM(AJ12:AJ16) -> 553.2 | AY16: =AX16/AX15*100 -> 40 | AZ16: 851.41377
A17: 57 | B17: 6 | C17: ='Chấm công công nhân'!L71 -> Thảo Đăm | AB17: 92 | AC17: 170 | AG17: 0 | AI17: =SUM(D17:AH17) -> 262 | AJ17: =AI17*0.4 -> 104.8 | AK17: B | AM17: =IF(AJ17>=2790,700000,IF(AJ17>=2425,500000,IF(AJ17>2110,300000,IF(AJ17>=2110,0,0)))) -> 0 | AT17: =+AI17+[2]Mủ!AI18 -> 1035 | AX17: =AX16-523 -> 30.2 | AY17: =AX17/AX15*100 -> 2.1836587
A18: 58 | B18: 7 | C18: ='Chấm công công nhân'!L72 -> Thảo chăn | AB18: 112 | AC18: 165 | AG18: 0 | AI18: =SUM(D18:AH18) -> 277 | AJ18: =AI18*0.4 -> 110.8 | AK18: A | AM18: =IF(AJ18>=2790,700000,IF(AJ18>=2425,500000,IF(AJ18>2110,300000,IF(AJ18>=2110,0,0)))) -> 0 | AT18: =+AI18+[2]Mủ!AI19 -> 1026 | AY18: 43.712734
A19: 59 | B19: 8 | C19: ='Chấm công công nhân'!L73 -> Hồ Văn Tăng | AB19: 0 | AC19: 0 | AG19: 0 | AI19: =SUM(D19:AH19) -> 0 | AJ19: =AI19*0.4 -> 0 | AK19: B | AM19: =IF(AJ19>=2790,700000,IF(AJ19>=2425,500000,IF(AJ19>2110,300000,IF(AJ19>=2110,0,0)))) -> 0
A20: 60 | B20: 9 | C20: ='Chấm công công nhân'!L74 -> Hồ Văn Khoa | AB20: 0 | AC20: 0 | AG20: 0 | AI20: =SUM(D20:AH20) -> 0 | AJ20: =AI20*0.4 -> 0 | AK20: A | AM20: =IF(AJ20>=2790,700000,IF(AJ20>=2425,500000,IF(AJ20>2110,300000,IF(AJ20>=2110,0,0)))) -> 0
A21: 61 | B21: 10 | C21: ='Chấm công công nhân'!L75 -> Hồ Xa My | AB21: 0 | AC21: 0 | AG21: 0 | AI21: =SUM(D21:AH21) -> 0 | AJ21: =AI21*0.4 -> 0 | AK21: B | AM21: =IF(AJ21>=2790,700000,IF(AJ21>=2425,500000,IF(AJ21>2110,300000,IF(AJ21>=2110,0,0)))) -> 0
A22: 62 | B22: 11 | C22: ='Chấm công công nhân'!L76 -> Thảo lay | AB22: 0 | AC22: 109 | AG22: 0 | AI22: =SUM(D22:AH22) -> 109 | AJ22: =AI22*0.4 -> 43.6 | AK22: B | AM22: =IF(AJ22>=2790,700000,IF(AJ22>=2425,500000,IF(AJ22>2110,300000,IF(AJ22>=2110,0,0)))) -> 0
A23: 63 | B23: 12 | C23: ='Chấm công công nhân'!L77 -> Thảo khên | AB23: 135 | AC23: 193 | AG23: 0 | AI23: =SUM(D23:AH23) -> 328 | AJ23: =AI23*0.4 -> 131.2 | AK23: A | AM23: =IF(AJ23>=2790,700000,IF(AJ23>=2425,500000,IF(AJ23>2110,300000,IF(AJ23>=2110,0,0)))) -> 0
A24: 64 | B24: 13 | C24: ='Chấm công công nhân'!L78 -> Thảo khon | AB24: 0 | AC24: 74 | AG24: 152 | AI24: =SUM(D24:AH24) -> 226 | AJ24: =AI24*0.4 -> 90.4 | AK24: A | AM24: =IF(AJ24>=2790,700000,IF(AJ24>=2425,500000,IF(AJ24>2110,300000,IF(AJ24>=2110,0,0)))) -> 0
A25: 65 | B25: 14 | C25: ='Chấm công công nhân'!L79 -> Thảo nga | AB25: 0 | AC25: 0 | AG25: 150 | AI25: =SUM(D25:AH25) -> 150 | AJ25: =AI25*0.4 -> 60 | AK25: B | AM25: =IF(AJ25>=2790,700000,IF(AJ25>=2425,500000,IF(AJ25>2110,300000,IF(AJ25>=2110,0,0)))) -> 0
A26: 62 | B26: 15 | C26: ='Chấm công công nhân'!L80 -> Thảo lăm ma | AB26: 0 | AC26: 0 | AG26: 0 | AJ26: =AI26*0.4 -> 0 | AK26: A | AM26: =IF(AJ26>=2790,700000,IF(AJ26>=2425,500000,IF(AJ26>2110,300000,IF(AJ26>=2110,0,0)))) -> 0
A27: TỔNG CỘNG | D27: =SUM(D12:D26) -> 0 | E27: =SUM(E12:E26) -> 0 | F27: =SUM(F12:F26) -> 0 | G27: =SUM(G12:G26) -> 0 | H27: =SUM(H12:H26) -> 0 | I27: =SUM(I12:I26) -> 0 | J27: =SUM(J12:J26) -> 0 | K27: =SUM(K12:K26) -> 0 | ... AJ27: =SUM(AJ12:AJ26) -> 1094
A29: STT | D29: SỐ CÔNG NHÂN | G29: HẠNG KỸ THUẬT | J29: SẢN LƯỢNG MỦ TẠP (kg) | P29: SẢN LƯỢNG MỦ QUY KHÔ
A30: 1 | G30: A | J30: =SUMIF($AK$12:$AK$26,"A",$AI$12:$AI$26) -> 1498 | P30: =SUMIF($AK$12:$AK$26,"A",$AJ$12:$AJ$26) -> 599.2
A31: 2 | G31: B | J31: =SUMIF($AK$12:$AK$26,"B",$AI$12:$AI$26) -> 1237 | P31: =SUMIF($AK$12:$AK$26,"B",$AJ$12:$AJ$26) -> 494.8 | AP31: =97677*43.16 -> 4215739.3
A32: 3 | G32: C | J32: =SUMIF($AK$12:$AK$26,"C",$AI$12:$AI$26) -> 0 | P32: =SUMIF($AK$12:$AK$26,"C",$AJ$12:$AJ$26) -> 0
A33: 4 | D33: =SUM(COUNTIF(AK12:AK21,"D")) -> 0 | G33: D | J33: =SUMIF($AK$12:$AK$18,"D",$AI$12:$AI$18) -> 0 | P33: =SUMIF($AK$12:$AK$18,"D",$AJ$12:$AJ$18) -> 0
A34: TỔNG | D34: =SUM(D30:F33) -> 0 | J34: =SUM(J30:O33) -> 2735 | P34: =SUM(P30:V33) -> 1094
AE35: Sepon, ngày 31 tháng 10 năm 2024
C36: TỔNG GIÁM ĐỐC | O36: PHÒNG. KTNN | AE36: ĐỘI TRƯỞNG ĐỘI SEPON
AE42: Phạm Đắc Nhân

Sheet THƯỞNG SL
A1: CÔNG TY TNHH CP QUASA - GERUCO | G1: CỘNG HÒA DÂN CHỦ NHÂN DÂN LÀO
G2: Hòa bình - Độc lập - Dân chủ - Thống nhất - Thịnh vượng
A5: TIỀN THƯỞNG HOÀN THÀNH VƯỢT SẢN LƯỢNG THÁNG 11 NĂM 2023
A6: ĐƠN VỊ: ĐỘI SX SEPON
A7: STT | B7: Họ và tên | D7: MS NV | E7: Chức vụ | F7: Bộ phận | G7: Số kg qui khô đạt trong tháng | H7: Tiền thưởng (Kíp) | I7: Ký nhận
B9: Lào | C9: Việt Nam
A10: 1 | B10: =VLOOKUP(C10,[4]Sheet1!$B$9:$C$115,2,0) -> #N/A
A11: 2 | B11: =VLOOKUP(C11,[4]Sheet1!$B$9:$C$115,2,0) -> #N/A
A12: 3 | B12: =VLOOKUP(C12,[4]Sheet1!$B$9:$C$115,2,0) -> #N/A
A13: TỔNG CỘNG | G13: =SUBTOTAL(9,G10:G12) -> 0 | H13: =SUBTOTAL(9,H10:H12) -> 0
H14: Sepon,ngày 03 tháng 12 năm 2023
A15: P.TC -KT | E15: P.TC -HC | G15: THỦ TRƯỞNG ĐƠN VỊ | H15: NGƯỜI LẬP

Sheet QL LƯƠNG
A1: CỘNG HÒA DÂN CHỦ NHÂN DÂN LÀO
A2: Hòa bình - Độc lập - Dân chủ - Thống nhất - Thịnh vượng
A3: -----oOo-----
A4: CÔNG TY TNHH CỔ PHẦN QUASA-GERUCO LÀO
A5: ĐỘI SẢN XUẤT SEPON
A7: BẢNG LƯƠNG QUẢN LÝ VÀ CÔNG NHÂN TRỰC TIẾP NGƯỜI LÀO THÁNG 09 NĂM 2024
C9: Tỷ giá: USD - LAK | D9: =+'Lương Tổng NT'!E6 -> 21555
B10: VND-LAK | D10: =+'Lương Tổng NT'!E7 -> 0.9894
C11: BATH-LAK | F11: =+'Lương Tổng NT'!E8 -> 670.65
A12: STT | B12: Họ và tên | D12: MS NV | E12: Chức vụ | F12: Số người | G12: LƯƠNG | P12: Tổng lương (kip) | Q12: BHXH BHYT BHTN 10.5% | R12: Truy thu BHXH BHYT BHTN năm 2020 | S12: Tổng cộng ( kip) | T12: Thuế TNCN | U12: Trích KP Công Đoàn | V12: Tổng thu nhập (Kíp) | W12: Ký nhận | X12: Ghi chú
G13: Lương chăm sóc (25000kip/tháng) | I13: Truy lĩnh lương T7+T8 | J13: Truy lãnh lương T8 - T12 | K13: Tổng lương | L13: Quy đổi USD-LAK | M13: Phụ cấp trách nhiệm | N13: Lương sản lượng | O13: Phụ cấp khai thác
G14: Công | H14: Thành tiền
A16: I | C16: BẢO VỆ | F16: 4 | G16: =10400000/25000 -> 416 | H16: =G16*25000 -> 10400000 | L16: =+H16 -> 10400000 | P16: =+L16 -> 10400000 | S16: =P16-Q16 -> 10400000 | V16: =S16 -> 10400000
A17: II | C17: VƯỜN CÂY KINH DOANH | F17: =+F21+F18+F23 -> 54 | G17: =+G21+G18+G23 -> 0 | H17: =H18+H21+H23 -> 0 | I17: =I18+I21+I23 -> 0 | J17: =J18+J21+J23 -> 0 | K17: =K18+K21+K23 -> 0 | L17: =L18+L21+L23 -> 0 | M17: =M18+M21+M23 -> 0 | N17: =N18+N21+N23 -> #REF! | O17: =O18+O21+O23 -> #REF! | ... U17: =U18+U21+U23 -> 0 | V17: =S17 -> #REF! | W17: =+W21+W18+W23 -> 0
A18: 1 | C18: TỔ 1 | F18: 32 | G18: =+G19 -> 0 | H18: =G18*25000 -> 0 | I18: =+I19 -> 0 | J18: =+J19 -> 0 | K18: =+K19 -> 0 | L18: =+L19 -> 0 | M18: =+M19 -> 0 | N18: =+'Tổ 1'!K53 -> 1.3932816e+08 | O18: =+'Tổ 1'!L53 -> 959 | P18: =+'Tổ 1'!M53 -> 1.3932912e+08 | Q18: =+Q19 -> 0 | R18: =+R19 -> 0 | S18: =+'Tổ 1'!O53 -> 1.3932912e+08 | T18: =+T19 -> 0 | U18: =+U19 -> 0 | V18: =S18 -> 1.3932912e+08
A19: 1.1 | C19: Lương công nhân khai thác | F19: 32 | G19: ='Tổ 1'!H53 -> 0 | H19: =G19*25000 -> 0 | L19: =+H19 -> 0 | N19: ='1'!L51 -> 1.3932816e+08 | O19: ='1'!S51 -> 73110091 | P19: =O19+L19+N19 -> 2.1243825e+08 | S19: =+P19 -> 2.1243825e+08 | V19: =S19 -> 2.1243825e+08
A20: 1.2 | C20: Lương công nhân khoán | G20: ='Tổ 1'!H52 -> 0 | H20: =G20*25000 -> 0 | L20: =+H20 -> 0 | P20: =O20+L20+N20 -> 0 | S20: =+P20 -> 0 | V20: =S20 -> 0
A21: 2 | C21: TỔ 2 | F21: =+F22 -> 15 | G21: =+G22 -> 0 | H21: =G21*25000 -> 0 | I21: =+I22 -> 0 | J21: =+J22 -> 0 | K21: =+K22 -> 0 | L21: =+L22 -> 0 | M21: =+M22 -> 0 | N21: =+N22 -> #REF! | O21: =+O22 -> #REF! | P21: =+P22 -> 61486597 | ... U21: =+U22 -> 0 | V21: =S21 -> 61486597
A22: 2..1 | C22: Lương công nhân khai thác | F22: 15 | G22: =+'Tổ 2'!H30 -> 0 | H22: =G22*25000 -> 0 | L22: =+H22 -> 0 | N22: =#REF! -> #REF! | O22: =#REF! -> #REF! | P22: =+'Tổ 2'!M30 -> 61486597 | S22: =+P22 -> 61486597 | V22: =S22 -> 61486597
A23: 3 | C23: TỔ 3 | F23: 7 | G23: =+G24 -> 0 | H23: =G23*25000 -> 0 | I23: =+I24 -> 0 | J23: =+J24 -> 0 | K23: =+K24 -> 0 | L23: =+L24 -> 0 | M23: =+M24 -> 0 | N23: =+N24 -> #REF! | O23: =+O24 -> #REF! | P23: =+P24 -> #REF! | ... U23: =+U24 -> 0 | V23: =S23 -> #REF! | Y23: =+[5]VCKD!AD163 -> 104551558 | Z23: =+Y23-V23 -> #REF!
A24: 3.1 | C24: Lương công nhân khai thác | F24: 7 | G24: =+'Tổ 3'!H24 -> 0 | H24: =G24*25000 -> 0 | L24: =+H24 -> 0 | N24: ='3'!#REF! -> #REF! | O24: ='3'!#REF! -> #REF! | P24: =+L24+N24+O24 -> #REF! | S24: =+P24 -> #REF! | V24: =S24 -> #REF!
A25: 3.2 | C25: VƯỜN CÂY KTCB | G25: =+G26 -> 0 | H25: =G25*25000 -> 0 | I25: =+I26 -> 0 | J25: =+J26 -> 0 | K25: =+K26 -> 0 | L25: =+H25 -> 0 | M25: =+M26 -> 0 | N25: =+N26 -> 0 | O25: =+O26 -> 0 | P25: =+L25+N25+O25 -> 0 | Q25: =+Q26 -> 0 | R25: =+R26 -> 0 | S25: =+P25 -> 0 | T25: =+T26 -> 0 | U25: =+U26 -> 0 | V25: =S25 -> 0
A26: 3.3 | C26: Lương công nhân khoán | G26: 0 | H26: =G26*25000 -> 0 | L26: =+H26 -> 0 | P26: =+L26+N26+O26 -> 0 | S26: =+P26 -> 0 | V26: =S26 -> 0
A27: 3.2 | C27: Lương công nhân khoán | G27: ='Tổ 3'!H24 -> 0 | H27: =G27*25000 -> 0 | L27: =+H27 -> 0 | P27: =+L27+N27+O27 -> 0 | S27: =+P27 -> 0 | V27: =S27 -> 0 | Y27: =1700000/25000 -> 68
A28: IV | C28: TẠP VỤ VĂN PHÒNG | F28: =+F29 -> 1 | G28: =+G29 -> 68 | H28: =G28*25000 -> 1700000 | I28: =+I29 -> 0 | J28: =+J29 -> 0 | K28: =+K29 -> 0 | L28: =+L29 -> 1700000 | M28: =+M29 -> 0 | N28: =+N29 -> 0 | O28: =+O29 -> 0 | P28: =+P29 -> 1700000 | ... U28: =+U29 -> 0 | V28: =S28 -> 1700000 | W28: =+SUM(W29:W29) -> 0 | Z28: =+'[5]TRạm Cán'!V26 -> 28133235 | AA28: =+Z28-V28 -> 26433235
A29: 1 | C29: Tạp vụ | F29: 1 | G29: 68 | H29: =G29*25000 -> 1700000 | L29: =+H29 -> 1700000 | P29: =+L29 -> 1700000 | S29: =+P29 -> 1700000 | V29: =S29 -> 1700000
A30: TỔNG CỘNG | F30: =+F28+F17+F16 -> 59 | G30: =+G28+G17+G16+G25 -> 484 | H30: =+H28+H17+H16+H25 -> 12100000 | I30: =+I28+I17+I16+I25 -> 0 | J30: =+J28+J17+J16+J25 -> 0 | K30: =+K28+K17+K16+K25 -> 0 | L30: =+L28+L17+L16+L25 -> 12100000 | M30: =+M28+M17+M16+M25 -> 0 | N30: =+N28+N17+N16+N25 -> #REF! | ... V30: =+V28+V17+V16+V25 -> #REF!
A31: (Số tiền bẳng chữ: ba trăm ba sáu triệu tám trăm bốn lăm nghìn chín trăm bốn lăm kíp)
Q32: Sepon, ngày 03 tháng 10 năm 2024
B33: PHÒNG TC- KT | S33: ĐỘI TRƯỞNG ĐỘI SEPON
AA34: 112

Sheet Tổ 1
A1: CỘNG HÒA DÂN CHỦ NHÂN DÂN LÀO
A2: Hòa bình - Độc lập - Dân chủ - Thống nhất - Thịnh vượng
A3: -----oOo-----
A4: CÔNG TY TNHH CỔ PHẦN QUASA - GERUCO LÀO
A5: ĐỘI SẢN XUẤT SEPON
A7: BẢNG LƯƠNG CÔNG NHÂN KHAI THÁC THÁNG 06 NĂM 2024
A8: TỔ 1
C9: Tỷ giá: USD qua Kíp: | E9: 21178
C10: Tỷ giá: Việt qua Kíp: | E10: 0.9892
C11: Tỷ giá Bath qua Kíp | E11: 653.07
A12: STT | B12: Họ và Tên | E12: Chức vụ | F12: Ký Nhận | G12: Bộ phận | H12: Lương | M12: Tổng lương | N12: BHXH | O12: Tiền lương còn lại
D13: MSNV | H13: Lương chăm sóc (25000kip[/công) | K13: Lương sản lượng | L13: Phụ cấp khai thác
H14: Công | J14: Thành tiền
A15: 1 | B15: 2 | C15: 2 | D15: 4 | E15: 3 | G15: 4 | H15: 5 | I15: 6 | J15: 6 | K15: 7 | L15: 8 | M15: 9 | N15: 10 | O15: 10 | S15: cvk | T15: ='CV KHAC'!M13 -> 500000 | V15: 648 | W15: 304 | X15: =+V15-W15 -> 344
A16: 1 | B16: ວັນມາ | C16: ='Chấm công công nhân'!L13 -> Vắt Đi | E16: CNKT | G16: Tổ 1 | H16: =VLOOKUP(C16,'BẢNG LƯƠNG KT'!C17:G53,5,0) -> 0 | J16: =H16*25000 -> 0 | K16: =+VLOOKUP(C16,'BẢNG LƯƠNG KT'!C17:L17,10,0) -> 5165366.8 | L16: =VLOOKUP(C16,'BẢNG LƯƠNG KT'!C17:S17,15,0) -> 30 | M16: =SUM(J16:L16) -> 5165396.8 | O16: =M16 -> 5165396.8 | S16: công an bản đen | T16: 1500000 | V16: =SUM(V15:V15) -> 648 | W16: =SUM(W15:W15) -> 304 | X16: =+V16-W16 -> 344
A17: 2 | B17: ທ ສຸກ | C17: ='Chấm công công nhân'!L14 -> T Ô Vên | E17: CNKT | G17: Tổ 1 | H17: =VLOOKUP(C17,'BẢNG LƯƠNG KT'!C18:G54,5,0) -> 0 | J17: =H17*25000 -> 0 | K17: =+VLOOKUP(C17,'BẢNG LƯƠNG KT'!C18:L18,10,0) -> 4297011.7 | L17: =VLOOKUP(C17,'BẢNG LƯƠNG KT'!C18:S18,15,0) -> 31 | M17: =SUM(J17:L17) -> 4297042.7 | O17: =M17 -> 4297042.7
A18: 3 | B18: ເພັງ | C18: ='Chấm công công nhân'!L15 -> Nàng Túc | E18: CNKT | G18: Tổ 1 | H18: =VLOOKUP(C18,'BẢNG LƯƠNG KT'!C19:G55,5,0) -> 0 | J18: =H18*25000 -> 0 | K18: =+VLOOKUP(C18,'BẢNG LƯƠNG KT'!C19:L19,10,0) -> 4189421.9 | L18: =VLOOKUP(C18,'BẢNG LƯƠNG KT'!C19:S19,15,0) -> 31 | M18: =SUM(J18:L18) -> 4189452.9 | O18: =M18 -> 4189452.9 | W18: =+V16-W16 -> 344
A19: 4 | B19: ທ ກອກ | C19: ='Chấm công công nhân'!L16 -> Thảo Say | E19: CNKT | G19: Tổ 1 | H19: =VLOOKUP(C19,'BẢNG LƯƠNG KT'!C20:G56,5,0) -> 0 | J19: =H19*25000 -> 0 | K19: =+VLOOKUP(C19,'BẢNG LƯƠNG KT'!C20:L20,10,0) -> 2394234.1 | L19: =VLOOKUP(C19,'BẢNG LƯƠNG KT'!C20:S20,15,0) -> 18 | M19: =SUM(J19:L19) -> 2394252.1 | O19: =M19 -> 2394252.1 | S19: tổng | T19: =SUM(T15:T16) -> 2000000
A20: 4 | C20: ='Chấm công công nhân'!L17 -> Thảo Pheng | E20: CNKT | G20: Tổ 1 | H20: =VLOOKUP(C20,'BẢNG LƯƠNG KT'!C21:G57,5,0) -> 0 | J20: =H20*25000 -> 0 | K20: =+VLOOKUP(C20,'BẢNG LƯƠNG KT'!C21:L21,10,0) -> 3421688.3 | L20: =VLOOKUP(C20,'BẢNG LƯƠNG KT'!C21:S21,15,0) -> 28 | M20: =SUM(J20:L20) -> 3421716.3 | O20: =M20 -> 3421716.3 | S20: tiền đón trực tết | T20: 6000000 | W20: =100*20 -> 2000
A21: 5 | C21: ='Chấm công công nhân'!L18 -> Nàng Chay | E21: CNKT | G21: Tổ 1 | H21: =VLOOKUP(C21,'BẢNG LƯƠNG KT'!C22:G58,5,0) -> 0 | J21: =H21*25000 -> 0 | K21: =+VLOOKUP(C21,'BẢNG LƯƠNG KT'!C22:L22,10,0) -> 3991468 | L21: =VLOOKUP(C21,'BẢNG LƯƠNG KT'!C22:S22,15,0) -> 31 | M21: =SUM(J21:L21) -> 3991499 | O21: =M21 -> 3991499 | W21: =100*20 -> 2000
A22: 6 | C22: ='Chấm công công nhân'!L19 -> Nàng Hđao | E22: CNKT | G22: Tổ 1 | H22: =VLOOKUP(C22,'BẢNG LƯƠNG KT'!C23:G59,5,0) -> 0 | J22: =H22*25000 -> 0 | K22: =+VLOOKUP(C22,'BẢNG LƯƠNG KT'!C23:L23,10,0) -> 3409479.9 | L22: =VLOOKUP(C22,'BẢNG LƯƠNG KT'!C23:S23,15,0) -> 25 | M22: =SUM(J22:L22) -> 3409504.9 | O22: =M22 -> 3409504.9 | W22: =40*20+200 -> 1000
A23: 7 | C23: ='Chấm công công nhân'!L20 -> Thảo Ken | E23: CNKT | G23: Tổ 1 | H23: =VLOOKUP(C23,'BẢNG LƯƠNG KT'!C24:G60,5,0) -> 0 | J23: =H23*25000 -> 0 | K23: =+VLOOKUP(C23,'BẢNG LƯƠNG KT'!C24:L24,10,0) -> 4218326.2 | L23: =VLOOKUP(C23,'BẢNG LƯƠNG KT'!C24:S24,15,0) -> 31 | M23: =SUM(J23:L23) -> 4218357.2 | O23: =M23 -> 4218357.2
A24: 8 | C24: ='Chấm công công nhân'!L21 -> Thảo Cợt | E24: CNKT | G24: Tổ 1 | H24: =VLOOKUP(C24,'BẢNG LƯƠNG KT'!C25:G61,5,0) -> 0 | J24: =H24*25000 -> 0 | K24: =+VLOOKUP(C24,'BẢNG LƯƠNG KT'!C25:L25,10,0) -> 3537194 | L24: =VLOOKUP(C24,'BẢNG LƯƠNG KT'!C25:S25,15,0) -> 23 | M24: =SUM(J24:L24) -> 3537217 | O24: =M24 -> 3537217 | T24: 244427
A25: 9 | C25: ='Chấm công công nhân'!L22 -> Thảo Mi | E25: CNKT | G25: Tổ 1 | H25: =VLOOKUP(C25,'BẢNG LƯƠNG KT'!C26:G62,5,0) -> 0 | J25: =H25*25000 -> 0 | K25: =+VLOOKUP(C25,'BẢNG LƯƠNG KT'!C26:L26,10,0) -> 2376451.2 | L25: =VLOOKUP(C25,'BẢNG LƯƠNG KT'!C26:S26,15,0) -> 19 | M25: =SUM(J25:L25) -> 2376470.2 | O25: =M25 -> 2376470.2 | T25: 14473
A26: 10 | C26: ='Chấm công công nhân'!L23 -> Thảo Phét | E26: CNKT | G26: Tổ 1 | H26: =VLOOKUP(C26,'BẢNG LƯƠNG KT'!C27:G63,5,0) -> 0 | J26: =H26*25000 -> 0 | K26: =+VLOOKUP(C26,'BẢNG LƯƠNG KT'!C27:L27,10,0) -> 3757557.8 | L26: =VLOOKUP(C26,'BẢNG LƯƠNG KT'!C27:S27,15,0) -> 28 | M26: =SUM(J26:L26) -> 3757585.8 | O26: =M26 -> 3757585.8 | T26: =+T24+T25 -> 258900 | V26: 3 | W26: 50 | X26: =+V26*W26 -> 150
A27: 11 | C27: ='Chấm công công nhân'!L24 -> Thảo Hăm | E27: CNKT | G27: Tổ 1 | H27: =VLOOKUP(C27,'BẢNG LƯƠNG KT'!C28:G64,5,0) -> 0 | J27: =H27*25000 -> 0 | K27: =+VLOOKUP(C27,'BẢNG LƯƠNG KT'!C28:L28,10,0) -> 4344144.9 | L27: =VLOOKUP(C27,'BẢNG LƯƠNG KT'!C28:S28,15,0) -> 28 | M27: =SUM(J27:L27) -> 4344172.9 | O27: =M27 -> 4344172.9 | T27: 850 | X27: 100
A28: 12 | B28: ຫວັດດີ | C28: ='Chấm công công nhân'!L25 -> Nang Lon | E28: CNKT | G28: Tổ 1 | H28: =VLOOKUP(C28,'BẢNG LƯƠNG KT'!C29:G65,5,0) -> 0 | J28: =H28*25000 -> 0 | K28: =+VLOOKUP(C28,'BẢNG LƯƠNG KT'!C29:L29,10,0) -> 4349245.7 | L28: =VLOOKUP(C28,'BẢNG LƯƠNG KT'!C29:S29,15,0) -> 29 | M28: =SUM(J28:L28) -> 4349274.7 | O28: =M28 -> 4349274.7 | T28: =+T26-T27 -> 258050
A29: 13 | B29: ສະຕອງ | C29: ='Chấm công công nhân'!L26 -> Thảo Phết | E29: CNKT | G29: Tổ 1 | H29: =VLOOKUP(C29,'BẢNG LƯƠNG KT'!C30:G66,5,0) -> 0 | J29: =H29*25000 -> 0 | K29: =+VLOOKUP(C29,'BẢNG LƯƠNG KT'!C30:L30,10,0) -> 3962368.6 | L29: =VLOOKUP(C29,'BẢNG LƯƠNG KT'!C30:S30,15,0) -> 23 | M29: =SUM(J29:L29) -> 3962391.6 | O29: =M29 -> 3962391.6
A30: 14 | B30: ມອນ | C30: ='Chấm công công nhân'!L27 -> Vĩ Lay | E30: CNKT | G30: Tổ 1 | H30: =VLOOKUP(C30,'BẢNG LƯƠNG KT'!C31:G67,5,0) -> 0 | J30: =H30*25000 -> 0 | K30: =+VLOOKUP(C30,'BẢNG LƯƠNG KT'!C31:L31,10,0) -> 5400001.7 | L30: =VLOOKUP(C30,'BẢNG LƯƠNG KT'!C31:S31,15,0) -> 31 | M30: =SUM(J30:L30) -> 5400032.7 | O30: =M30 -> 5400032.7
A31: 15 | B31: ເງິນ | C31: ='Chấm công công nhân'!L28 -> Pha Xúc | E31: CNKT | G31: Tổ 1 | H31: =VLOOKUP(C31,'BẢNG LƯƠNG KT'!C32:G68,5,0) -> 0 | J31: =H31*25000 -> 0 | K31: =+VLOOKUP(C31,'BẢNG LƯƠNG KT'!C32:L32,10,0) -> 3924182.6 | L31: =VLOOKUP(C31,'BẢNG LƯƠNG KT'!C32:S32,15,0) -> 29 | M31: =SUM(J31:L31) -> 3924211.6 | O31: =M31 -> 3924211.6
A32: 15 | B32: ລອນ | C32: ='Chấm công công nhân'!L29 -> Nàng Đao | E32: CNKT | G32: Tổ 1 | H32: =VLOOKUP(C32,'BẢNG LƯƠNG KT'!C33:G69,5,0) -> 0 | J32: =H32*25000 -> 0 | K32: =+VLOOKUP(C32,'BẢNG LƯƠNG KT'!C33:L33,10,0) -> 3734423.3 | L32: =VLOOKUP(C32,'BẢNG LƯƠNG KT'!C33:S33,15,0) -> 30 | M32: =SUM(J32:L32) -> 3734453.3 | O32: =M32 -> 3734453.3
A33: 16 | B33: ນ ນາ | C33: ='Chấm công công nhân'!L30 -> Nàng Kiên | E33: CNKT | G33: Tổ 1 | H33: =VLOOKUP(C33,'BẢNG LƯƠNG KT'!C34:G71,5,0) -> 0 | J33: =H33*25000 -> 0 | K33: =+VLOOKUP(C33,'BẢNG LƯƠNG KT'!C34:L34,10,0) -> 3619837.4 | L33: =VLOOKUP(C33,'BẢNG LƯƠNG KT'!C34:S34,15,0) -> 29 | M33: =SUM(J33:L33) -> 3619866.4 | O33: =M33 -> 3619866.4
A34: 17 | B34: ພົງ | C34: ='Chấm công công nhân'!L31 -> Nàng Túc 2 | E34: CNKT | G34: Tổ 1 | H34: =VLOOKUP(C34,'BẢNG LƯƠNG KT'!C35:G72,5,0) -> 0 | J34: =H34*25000 -> 0 | K34: =+VLOOKUP(C34,'BẢNG LƯƠNG KT'!C35:L35,10,0) -> 3737656.5 | L34: =VLOOKUP(C34,'BẢNG LƯƠNG KT'!C35:S35,15,0) -> 29 | M34: =SUM(J34:L34) -> 3737685.5 | O34: =M34 -> 3737685.5
A35: 18 | B35: ທອງລາ | C35: ='Chấm công công nhân'!L32 -> Nàng Phon | E35: CNKT | G35: Tổ 1 | H35: =VLOOKUP(C35,'BẢNG LƯƠNG KT'!C36:G73,5,0) -> 0 | J35: =H35*25000 -> 0 | K35: =+VLOOKUP(C35,'BẢNG LƯƠNG KT'!C36:L36,10,0) -> 3351169.6 | L35: =VLOOKUP(C35,'BẢNG LƯƠNG KT'!C36:S36,15,0) -> 29 | M35: =SUM(J35:L35) -> 3351198.6 | O35: =M35 -> 3351198.6
A36: 19 | B36: ຫຳ | C36: ='Chấm công công nhân'!L33 -> Thảo Chòi | E36: CNKT | G36: Tổ 1 | H36: =VLOOKUP(C36,'BẢNG LƯƠNG KT'!C37:G74,5,0) -> 0 | J36: =H36*25000 -> 0 | K36: =+VLOOKUP(C36,'BẢNG LƯƠNG KT'!C37:L37,10,0) -> 4119711.6 | L36: =VLOOKUP(C36,'BẢNG LƯƠNG KT'!C37:S37,15,0) -> 30 | M36: =SUM(J36:L36) -> 4119741.6 | O36: =M36 -> 4119741.6
A37: 20 | B37: ທ ຈາບ | C37: ='Chấm công công nhân'!L34 -> Thong La | E37: CNKT | G37: Tổ 1 | H37: =VLOOKUP(C37,'BẢNG LƯƠNG KT'!C38:G75,5,0) -> 0 | J37: =H37*25000 -> 0 | K37: =+VLOOKUP(C37,'BẢNG LƯƠNG KT'!C38:L38,10,0) -> 4847419.6 | L37: =VLOOKUP(C37,'BẢNG LƯƠNG KT'!C38:S38,15,0) -> 31 | M37: =SUM(J37:L37) -> 4847450.6 | O37: =M37 -> 4847450.6
A38: 21 | B38: ນ ກຸຫລາບ | C38: ='Chấm công công nhân'!L35 -> Thảo kok | E38: CNKT | G38: Tổ 1 | H38: =VLOOKUP(C38,'BẢNG LƯƠNG KT'!C39:G76,5,0) -> 0 | J38: =H38*25000 -> 0 | K38: =+VLOOKUP(C38,'BẢNG LƯƠNG KT'!C39:L39,10,0) -> 4573679 | L38: =VLOOKUP(C38,'BẢNG LƯƠNG KT'!C39:S39,15,0) -> 29 | M38: =SUM(J38:L38) -> 4573708 | O38: =M38 -> 4573708
A39: 22 | B39: ທ ປອນ | C39: ='Chấm công công nhân'!L36 -> Thảo Hôm | E39: CNKT | G39: Tổ 1 | H39: =VLOOKUP(C39,'BẢNG LƯƠNG KT'!C40:G77,5,0) -> 0 | J39: =H39*25000 -> 0 | K39: =+VLOOKUP(C39,'BẢNG LƯƠNG KT'!C40:L40,10,0) -> 2251998.3 | L39: =VLOOKUP(C39,'BẢNG LƯƠNG KT'!C40:S40,15,0) -> 19 | M39: =SUM(J39:L39) -> 2252017.3 | O39: =M39 -> 2252017.3
A40: 23 | B40: ທ ສຸກ | C40: ='Chấm công công nhân'!L37 -> Nàng Lam | E40: CNKT | G40: Tổ 1 | H40: =VLOOKUP(C40,'BẢNG LƯƠNG KT'!C41:G78,5,0) -> 0 | J40: =H40*25000 -> 0 | K40: =+VLOOKUP(C40,'BẢNG LƯƠNG KT'!C41:L41,10,0) -> 2402317.3 | L40: =VLOOKUP(C40,'BẢNG LƯƠNG KT'!C41:S41,15,0) -> 19 | M40: =SUM(J40:L40) -> 2402336.3 | O40: =M40 -> 2402336.3
A41: 24 | B41: ທ ກີ່ | C41: ='Chấm công công nhân'!L38 -> Thảo Hơ Phơ | E41: CNKT | G41: Tổ 1 | H41: =VLOOKUP(C41,'BẢNG LƯƠNG KT'!C42:G78,5,0) -> 0 | J41: =H41*25000 -> 0 | K41: =+VLOOKUP(C41,'BẢNG LƯƠNG KT'!C42:L42,10,0) -> 3507620.7 | L41: =VLOOKUP(C41,'BẢNG LƯƠNG KT'!C42:S42,15,0) -> 21 | M41: =SUM(J41:L41) -> 3507641.7 | O41: =M41 -> 3507641.7
A42: 25 | B42: ນ ບຸນນອງ | C42: ='Chấm công công nhân'!L39 -> Thảo Lay | E42: CNKT | G42: Tổ 1 | H42: =VLOOKUP(C42,'BẢNG LƯƠNG KT'!C43:G78,5,0) -> 0 | J42: =H42*25000 -> 0 | K42: =+VLOOKUP(C42,'BẢNG LƯƠNG KT'!C43:L43,10,0) -> 4546475 | L42: =VLOOKUP(C42,'BẢNG LƯƠNG KT'!C43:S43,15,0) -> 31 | M42: =SUM(J42:L42) -> 4546506 | O42: =M42 -> 4546506
A43: 26 | B43: ທ ສູນທອນ | C43: ='Chấm công công nhân'!L40 -> Thảo Khốc | E43: CNKT | G43: Tổ 1 | H43: =VLOOKUP(C43,'BẢNG LƯƠNG KT'!C44:G78,5,0) -> 0 | J43: =H43*25000 -> 0 | K43: =+VLOOKUP(C43,'BẢNG LƯƠNG KT'!C44:L44,10,0) -> 4481865.4 | L43: =VLOOKUP(C43,'BẢNG LƯƠNG KT'!C44:S44,15,0) -> 23 | M43: =SUM(J43:L43) -> 4481888.4 | O43: =M43 -> 4481888.4
A44: 27 | B44: ທ ຄຸດ | C44: ='Chấm công công nhân'!L41 -> Thảo Sợt | E44: CNKT | G44: Tổ 1 | H44: =VLOOKUP(C44,'BẢNG LƯƠNG KT'!C45:G78,5,0) -> 0 | J44: =H44*25000 -> 0 | K44: =+VLOOKUP(C44,'BẢNG LƯƠNG KT'!C45:L45,10,0) -> 4272762.2 | L44: =VLOOKUP(C44,'BẢNG LƯƠNG KT'!C45:S45,15,0) -> 23 | M44: =SUM(J44:L44) -> 4272785.2 | O44: =M44 -> 4272785.2
A45: 28 | B45: ນ ວັນ | C45: ='Chấm công công nhân'!L42 -> Thảo Văn | E45: CNKT | G45: Tổ 1 | H45: =VLOOKUP(C45,'BẢNG LƯƠNG KT'!C46:G78,5,0) -> 0 | J45: =H45*25000 -> 0 | K45: =+VLOOKUP(C45,'BẢNG LƯƠNG KT'!C46:L46,10,0) -> 4560522.9 | L45: =VLOOKUP(C45,'BẢNG LƯƠNG KT'!C46:S46,15,0) -> 28 | M45: =SUM(J45:L45) -> 4560550.9 | O45: =M45 -> 4560550.9
A46: 28 | C46: ='Chấm công công nhân'!L43 -> Thảo Thong | E46: CNKT | G46: Tổ 1 | H46: =VLOOKUP(C46,'BẢNG LƯƠNG KT'!C47:G78,5,0) -> 0 | J46: =H46*25000 -> 0 | K46: =+VLOOKUP(C46,'BẢNG LƯƠNG KT'!C47:L47,10,0) -> 3800064.1 | L46: =VLOOKUP(C46,'BẢNG LƯƠNG KT'!C47:S47,15,0) -> 25 | M46: =SUM(J46:L46) -> 3800089.1 | O46: =M46 -> 3800089.1
A47: 29 | B47: ນ ບຸນນອງ | C47: ='Chấm công công nhân'!L44 -> Nàng Ngột | E47: CNKT | G47: Tổ 1 | H47: =VLOOKUP(C47,'BẢNG LƯƠNG KT'!C48:G78,5,0) -> 0 | J47: =H47*25000 -> 0 | K47: =+VLOOKUP(C47,'BẢNG LƯƠNG KT'!C48:L48,10,0) -> 3618025.6 | L47: =VLOOKUP(C47,'BẢNG LƯƠNG KT'!C48:S48,15,0) -> 25 | M47: =SUM(J47:L47) -> 3618050.6 | O47: =M47 -> 3618050.6
A48: 30 | B48: ທ ສູນທອນ | C48: ='Chấm công công nhân'!L45 -> Nàng Chon | E48: CNKT | G48: Tổ 1 | H48: =VLOOKUP(C48,'BẢNG LƯƠNG KT'!C49:G78,5,0) -> 0 | J48: =H48*25000 -> 0 | K48: =+VLOOKUP(C48,'BẢNG LƯƠNG KT'!C49:L49,10,0) -> 3336731.4 | L48: =VLOOKUP(C48,'BẢNG LƯƠNG KT'!C49:S49,15,0) -> 21 | M48: =SUM(J48:L48) -> 3336752.4 | O48: =M48 -> 3336752.4
A49: 31 | B49: ທ ຄຸດ | C49: ='Chấm công công nhân'!L46 -> Bun han | E49: CNKT | G49: Tổ 1 | H49: =VLOOKUP(C49,'BẢNG LƯƠNG KT'!C50:G78,5,0) -> 0 | J49: =H49*25000 -> 0 | K49: =+VLOOKUP(C49,'BẢNG LƯƠNG KT'!C50:L50,10,0) -> 3567910 | L49: =VLOOKUP(C49,'BẢNG LƯƠNG KT'!C50:S50,15,0) -> 26 | M49: =SUM(J49:L49) -> 3567936 | O49: =M49 -> 3567936
A50: 31 | B50: ນ ວັນ | C50: ='Chấm công công nhân'!L47 -> Hăn | E50: CNKT | G50: Tổ 1 | H50: =VLOOKUP(C50,'BẢNG LƯƠNG KT'!C51:G88,5,0) -> 0 | J50: =H50*25000 -> 0 | K50: =+VLOOKUP(C50,'BẢNG LƯƠNG KT'!C51:L51,10,0) -> 3747356.3 | L50: =VLOOKUP(C50,'BẢNG LƯƠNG KT'!C51:S51,15,0) -> 25 | M50: =SUM(J50:L50) -> 3747381.3 | O50: =M50 -> 3747381.3
A51: 32 | C51: ='Chấm công công nhân'!L48 -> Thảo Tuỳ | E51: CNKT | G51: Tổ 1 | H51: =VLOOKUP(C51,'BẢNG LƯƠNG KT'!C52:G88,5,0) -> 0 | J51: =H51*25000 -> 0 | K51: =+VLOOKUP(C51,'BẢNG LƯƠNG KT'!C52:L52,10,0) -> 4512469.9 | L51: =VLOOKUP(C51,'BẢNG LƯƠNG KT'!C52:S52,15,0) -> 31 | M51: =SUM(J51:L51) -> 4512500.9 | O51: =M51 -> 4512500.9
A52: 33 | C52: ='Tong hop cong'!C49 -> Thảo e | E52: CNK | H52: ='BẢNG LƯƠNG KT'!G53 -> 0 | J52: =H52*25000 -> 0 | K52: =+VLOOKUP(C52,'BẢNG LƯƠNG KT'!C53:L53,10,0) -> 0 | L52: =VLOOKUP(C52,'BẢNG LƯƠNG KT'!C53:S53,15,0) -> 0 | M52: =SUM(J52:L52) -> 0 | O52: =M52 -> 0
A53: Tổng cộng | H53: =SUM(H16:H52) -> 0 | I53: =SUM(I16:I51) -> 0 | J53: =SUM(J16:J52) -> 0 | K53: =SUM(K16:K52) -> 1.3932816e+08 | L53: =SUM(L16:L52) -> 959 | M53: =SUM(M16:M52) -> 1.3932912e+08 | N53: =SUM(N16:N52) -> 0 | O53: =SUM(O16:O52) -> 1.3932912e+08
A54: (Bằng chữ: Một trăm lẻ hai triệu năm trăm lẻ tám nghìn tám trăm ba chín kíp) | S54: cvk | T54: ='CV KHAC'!M44 -> 0 | V54: 648 | W54: 304 | X54: =+V54-W54 -> 344
L55: Sepon, ngày 30 tháng 06 năm 2024 | S55: trưởng bản | T55: 150000 | V55: 875 | W55: 395 | X55: =+V55-W55 -> 480
C56: PHÒNG TC-KT | H56: PHÒNG TC-HC | M56: ĐỘI TRƯỞNG ĐỘI SEPON | T56: 1500000 | V56: =SUM(V54:V55) -> 1523 | W56: =SUM(W54:W55) -> 699 | X56: =+V56-W56 -> 824

Sheet Tổ 2
A1: CỘNG HÒA DÂN CHỦ NHÂN DÂN LÀO
A2: Hòa bình - Độc lập - Dân chủ - Thống nhất - Thịnh vượng
A3: -----oOo-----
A4: CÔNG TY TNHH CỔ PHẦN QUASA - GERUCO LÀO
A5: ĐỘI SẢN XUẤT SEPON
A7: BẢNG LƯƠNG CÔNG NHÂN TRỰC TIẾP NGƯỜI LÀO THÁNG 06 NĂM 2024
A8: TỔ 2
C9: Tỷ giá: USD qua Kíp: | E9: ='Tổ 1'!E9 -> 21178
C10: Tỷ giá: Việt qua Kíp: | E10: ='Tổ 1'!E10 -> 0.9892
C11: Tỷ giá Bath qua Kíp | E11: ='Tổ 1'!E11 -> 653.07
A12: STT | B12: Họ và Tên | E12: Chức vụ | F12: Ký nhận | G12: Bộ phận | H12: Lương | M12: Tổng lương | N12: BHXH | O12: Tiền lương còn lại
H13: Lương chăm sóc (25000kip[/công) | K13: Lương sản lượng | L13: Phụ cấp khai thác
D14: MSNV | H14: Công | I14: Thành tiền | J14: Thành tiền
A15: 1 | B15: ທ ສົມ | C15: ='Chấm công công nhân'!L50 -> Thảo tít | E15: CNKT | G15: Tổ 2 | H15: =+VLOOKUP(C15,'BẢNG LƯƠNG KT'!C55:G69,5,0) -> 0 | I15: =H15*25000 -> 0 | K15: =+VLOOKUP(C15,'BẢNG LƯƠNG KT'!C55:L55,10,0) -> 3773841.2 | L15: =+VLOOKUP(C15,'BẢNG LƯƠNG KT'!C55:S55,15,0) -> 30 | M15: =SUM(I15:L15) -> 3773871.2 | O15: =M15 -> 3773871.2
A16: 2 | B16: ທ ດິນ | C16: ='Chấm công công nhân'!L51 -> Thảo ớt | E16: CNKT | G16: Tổ 2 | H16: =+VLOOKUP(C16,'BẢNG LƯƠNG KT'!C56:G71,5,0) -> 0 | I16: =H16*25000 -> 0 | K16: =+VLOOKUP(C16,'BẢNG LƯƠNG KT'!C56:L56,10,0) -> 4434873.5 | L16: =+VLOOKUP(C16,'BẢNG LƯƠNG KT'!C56:S56,15,0) -> 31 | M16: =SUM(I16:L16) -> 4434904.5 | O16: =M16 -> 4434904.5 | S16: 244427
A17: 3 | B17: ທ ຫວ່າງ | C17: ='Chấm công công nhân'!L52 -> Nàng Ọt | E17: CNKT | G17: Tổ 2 | H17: =+VLOOKUP(C17,'BẢNG LƯƠNG KT'!C57:G72,5,0) -> 0 | I17: =H17*25000 -> 0 | K17: =+VLOOKUP(C17,'BẢNG LƯƠNG KT'!C57:L57,10,0) -> 3924206.5 | L17: =+VLOOKUP(C17,'BẢNG LƯƠNG KT'!C57:S57,15,0) -> 31 | M17: =SUM(I17:L17) -> 3924237.5 | O17: =M17 -> 3924237.5 | S17: 14473
A18: 4 | B18: ທ ຈັນ | C18: ='Chấm công công nhân'!L53 -> Thào Tòng | E18: CNKT | G18: Tổ 2 | H18: =+VLOOKUP(C18,'BẢNG LƯƠNG KT'!C58:G73,5,0) -> 0 | I18: =H18*25000 -> 0 | K18: =+VLOOKUP(C18,'BẢNG LƯƠNG KT'!C58:L58,10,0) -> 3912765.6 | L18: =+VLOOKUP(C18,'BẢNG LƯƠNG KT'!C58:S58,15,0) -> 31 | M18: =SUM(I18:L18) -> 3912796.6 | O18: =M18 -> 3912796.6 | S18: =+S16+S17 -> 258900 | U18: 3 | V18: 50 | W18: =+U18*V18 -> 150
A19: 5 | B19: ທ ກວັກ | C19: ='Chấm công công nhân'!L54 -> Nàng Nơm | E19: CNKT | G19: Tổ 2 | H19: =+VLOOKUP(C19,'BẢNG LƯƠNG KT'!C59:G74,5,0) -> 0 | I19: =H19*25000 -> 0 | K19: =+VLOOKUP(C19,'BẢNG LƯƠNG KT'!C59:L59,10,0) -> 4106555.3 | L19: =+VLOOKUP(C19,'BẢNG LƯƠNG KT'!C59:S59,15,0) -> 31 | M19: =SUM(I19:L19) -> 4106586.3 | O19: =M19 -> 4106586.3 | S19: 850 | W19: 100
A20: 6 | B20: ທ ຈັນດີ | C20: ='Chấm công công nhân'!L55 -> Thảo Ây | E20: CNKT | G20: Tổ 2 | H20: =+VLOOKUP(C20,'BẢNG LƯƠNG KT'!C60:G75,5,0) -> 0 | I20: =H20*25000 -> 0 | K20: =+VLOOKUP(C20,'BẢNG LƯƠNG KT'!C60:L60,10,0) -> 4087647 | L20: =+VLOOKUP(C20,'BẢNG LƯƠNG KT'!C60:S60,15,0) -> 31 | M20: =SUM(I20:L20) -> 4087678 | O20: =M20 -> 4087678 | S20: =+S18-S19 -> 258050
A21: 7 | B21: ນ ສະຫວັນ | C21: ='Chấm công công nhân'!L56 -> Thảo Âm Thong | E21: CNKT | G21: Tổ 2 | H21: =+VLOOKUP(C21,'BẢNG LƯƠNG KT'!C61:G76,5,0) -> 0 | I21: =H21*25000 -> 0 | K21: =+VLOOKUP(C21,'BẢNG LƯƠNG KT'!C61:L61,10,0) -> 3115232.3 | L21: =+VLOOKUP(C21,'BẢNG LƯƠNG KT'!C61:S61,15,0) -> 27 | M21: =SUM(I21:L21) -> 3115259.3 | O21: =M21 -> 3115259.3
A22: 8 | B22: ນ ລີ | C22: ='Chấm công công nhân'!L57 -> Nàng phon | E22: CNKT | G22: Tổ 2 | H22: =+VLOOKUP(C22,'BẢNG LƯƠNG KT'!C62:G77,5,0) -> 0 | I22: =H22*25000 -> 0 | K22: =+VLOOKUP(C22,'BẢNG LƯƠNG KT'!C62:L62,10,0) -> 3618572.7 | L22: =+VLOOKUP(C22,'BẢNG LƯƠNG KT'!C62:S62,15,0) -> 28 | M22: =SUM(I22:L22) -> 3618600.7 | O22: =M22 -> 3618600.7
A23: 9 | B23: ທ ວັນ | C23: ='Chấm công công nhân'!L58 -> Thảo phắt | E23: CNKT | G23: Tổ 2 | H23: =+VLOOKUP(C23,'BẢNG LƯƠNG KT'!C63:G78,5,0) -> 0 | I23: =H23*25000 -> 0 | K23: =+VLOOKUP(C23,'BẢNG LƯƠNG KT'!C63:L63,10,0) -> 4197152.1 | L23: =+VLOOKUP(C23,'BẢNG LƯƠNG KT'!C63:S63,15,0) -> 31 | M23: =SUM(I23:L23) -> 4197183.1 | O23: =M23 -> 4197183.1
A24: 10 | B24: ທ ວີລະ | C24: ='Chấm công công nhân'!L59 -> Thảo Phon Say | E24: CNKT | G24: Tổ 2 | H24: =+VLOOKUP(C24,'BẢNG LƯƠNG KT'!C64:G78,5,0) -> 0 | I24: =H24*25000 -> 0 | K24: =+VLOOKUP(C24,'BẢNG LƯƠNG KT'!C64:L64,10,0) -> 4352420.6 | L24: =+VLOOKUP(C24,'BẢNG LƯƠNG KT'!C64:S64,15,0) -> 31 | M24: =SUM(I24:L24) -> 4352451.6 | O24: =M24 -> 4352451.6
A25: 11 | C25: ='Chấm công công nhân'!L60 -> Nàng Pít | E25: CNKT | G25: Tổ 2 | H25: =+VLOOKUP(C25,'BẢNG LƯƠNG KT'!C65:G78,5,0) -> 0 | I25: =H25*25000 -> 0 | K25: =+VLOOKUP(C25,'BẢNG LƯƠNG KT'!C65:L65,10,0) -> 3547645.2 | L25: =+VLOOKUP(C25,'BẢNG LƯƠNG KT'!C65:S65,15,0) -> 30 | M25: =SUM(I25:L25) -> 3547675.2 | O25: =M25 -> 3547675.2
A26: 12 | C26: ='Chấm công công nhân'!L61 -> Thảo út | E26: CNKT | G26: Tổ 2 | H26: =+VLOOKUP(C26,'BẢNG LƯƠNG KT'!C66:G78,5,0) -> 0 | I26: =H26*25000 -> 0 | K26: =+VLOOKUP(C26,'BẢNG LƯƠNG KT'!C66:L66,10,0) -> 4501912.3 | L26: =+VLOOKUP(C26,'BẢNG LƯƠNG KT'!C66:S66,15,0) -> 31 | M26: =SUM(I26:L26) -> 4501943.3 | O26: =M26 -> 4501943.3
A27: 13 | C27: ='Chấm công công nhân'!L62 -> Nàng ăm | E27: CNKT | G27: Tổ 2 | H27: =+VLOOKUP(C27,'BẢNG LƯƠNG KT'!C67:G78,5,0) -> 0 | I27: =H27*25000 -> 0 | K27: =+VLOOKUP(C27,'BẢNG LƯƠNG KT'!C67:L67,10,0) -> 4515861.1 | L27: =+VLOOKUP(C27,'BẢNG LƯƠNG KT'!C67:S67,15,0) -> 27 | M27: =SUM(I27:L27) -> 4515888.1 | O27: =M27 -> 4515888.1
A28: 14 | C28: ='Chấm công công nhân'!L63 -> Nàng Phìn | E28: CNKT | G28: Tổ 2 | H28: =+VLOOKUP(C28,'BẢNG LƯƠNG KT'!C68:G78,5,0) -> 0 | I28: =H28*25000 -> 0 | K28: =+VLOOKUP(C28,'BẢNG LƯƠNG KT'!C68:L68,10,0) -> 4565513.2 | L28: =+VLOOKUP(C28,'BẢNG LƯƠNG KT'!C68:S68,15,0) -> 31 | M28: =SUM(I28:L28) -> 4565544.2 | O28: =M28 -> 4565544.2
A29: 15 | C29: ='Chấm công công nhân'!L64 -> May | E29: CNKT | G29: Tổ 2 | H29: =+VLOOKUP(C29,'BẢNG LƯƠNG KT'!C69:G78,5,0) -> 0 | I29: =H29*25000 -> 0 | K29: =+VLOOKUP(C29,'BẢNG LƯƠNG KT'!C69:L69,10,0) -> 4831949.4 | L29: =+VLOOKUP(C29,'BẢNG LƯƠNG KT'!C69:S69,15,0) -> 28 | M29: =SUM(I29:L29) -> 4831977.4 | O29: =M29 -> 4831977.4
A30: Tổng cộng | H30: =SUM(H15:H29) -> 0 | I30: =SUM(I15:I29) -> 0 | J30: =SUM(J15:J29) -> 0 | K30: =SUM(K15:K29) -> 61486148 | L30: =SUM(L15:L29) -> 449 | M30: =SUM(M15:M29) -> 61486597 | N30: =SUM(N15:N29) -> 0 | O30: =SUM(O15:O29) -> 61486597
A32: (Bằng chữ: Tám bốn triệu một trăm hai mươi nghìn tám trăm tám mốt kíp)
L33: Sepon, ngày 30 tháng 06 năm 2024
C34: PHÒNG TC-KT | H34: PHÒNG TC-HC | M34: ĐỘI TRƯỞNG ĐỘI SEPON

Sheet Tổ 3
A1: CỘNG HÒA DÂN CHỦ NHÂN DÂN LÀO
A2: Hòa bình - Độc lập - Dân chủ - Thống nhất - Thịnh vượng
A3: -----oOo-----
A4: CÔNG TY TNHH CỔ PHẦN QUASA - GERUCO LÀO
A5: ĐỘI SẢN XUẤT SEPON
A7: BẢNG LƯƠNG CÔNG NHÂN TRỰC TIẾP NGƯỜI LÀO THÁNG 06 NĂM 2024
A8: TỔ 3
C9: Tỷ giá: USD qua Kíp: | E9: 20939
C10: Tỷ giá: Việt qua Kíp: | E10: 0.9901
C11: Tỷ giá Bath qua Kíp | E11: 653.23
A12: STT | B12: Họ và Tên | E12: Chức vụ | F12: Ký nhận | G12: Bộ phận | H12: Lương | L12: Tổng lương | M12: BHXH | N12: Thực Nhận
D13: MSNV | H13: Lương chăm sóc (25000kip/công) | J13: Lương sản lượng | K13: Phụ cấp khai thác | U13: =20*100 -> 2000
H14: Công | I14: Thành tiền
A15: 1 | B15: 2 | C15: 3 | D15: 4 | E15: 5 | H15: 6 | I15: 9 | J15: 11 | K15: 12 | L15: 13 | M15: 14 | N15: 15 | Q15: =421.47*25000 -> 10536750
A16: 1 | B16: ທ ໂຈ້ | C16: ='Chấm công công nhân'!L66 -> Phò Đăm | E16: CNKT | G16: Tổ 3 | H16: =+VLOOKUP(C16,'BẢNG LƯƠNG KT'!C72:G88,5,0) -> 0 | I16: =+H16*25000 -> 0 | J16: =+VLOOKUP(C16,'BẢNG LƯƠNG KT'!C72:L72,10,0) -> 5352523.3 | K16: =+VLOOKUP(C16,'BẢNG LƯƠNG KT'!C72:S72,15,0) -> 0 | L16: =SUM(I16:K16) -> 5352523.3 | N16: =L16 -> 5352523.3
A17: 2 | B17: ນ ຄຳ | C17: ='Chấm công công nhân'!L67 -> Thảo Mai | E17: CNKT | G17: Tổ 3 | H17: =+VLOOKUP(C17,'BẢNG LƯƠNG KT'!C73:G88,5,0) -> 0 | I17: =+H17*25000 -> 0 | J17: =+VLOOKUP(C17,'BẢNG LƯƠNG KT'!C73:L73,10,0) -> 965101.5 | K17: =+VLOOKUP(C17,'BẢNG LƯƠNG KT'!C73:S73,15,0) -> 0 | L17: =SUM(I17:K17) -> 965101.5 | N17: =L17 -> 965101.5
A18: 3 | B18: ທ ວີ | C18: ='Chấm công công nhân'!L68 -> Thảo Tưng | E18: CNKT | G18: Tổ 3 | H18: =+VLOOKUP(C18,'BẢNG LƯƠNG KT'!C74:G89,5,0) -> 0 | I18: =+H18*25000 -> 0 | J18: =+VLOOKUP(C18,'BẢNG LƯƠNG KT'!C74:L74,10,0) -> 2090723 | K18: =+VLOOKUP(C18,'BẢNG LƯƠNG KT'!C74:S74,15,0) -> 0 | L18: =SUM(I18:K18) -> 2090723 | N18: =L18 -> 2090723
A19: 4 | B19: ນ ທອງ | C19: ='Chấm công công nhân'!L69 -> Thảo Xay | E19: CNKT | G19: Tổ 3 | H19: =+VLOOKUP(C19,'BẢNG LƯƠNG KT'!C75:G90,5,0) -> 0 | I19: =+H19*25000 -> 0 | J19: =+VLOOKUP(C19,'BẢNG LƯƠNG KT'!C75:L75,10,0) -> 3568348.9 | K19: =+VLOOKUP(C19,'BẢNG LƯƠNG KT'!C75:S75,15,0) -> 0 | L19: =SUM(I19:K19) -> 3568348.9 | N19: =L19 -> 3568348.9
A20: 5 | B20: ທ ຕາ | C20: ='Chấm công công nhân'!L70 -> Nàng Nọi | E20: CNKT | G20: Tổ 3 | H20: =+VLOOKUP(C20,'BẢNG LƯƠNG KT'!C76:G91,5,0) -> 0 | I20: =+H20*25000 -> 0 | J20: =+VLOOKUP(C20,'BẢNG LƯƠNG KT'!C76:L76,10,0) -> 2891341.1 | K20: =+VLOOKUP(C20,'BẢNG LƯƠNG KT'!C76:S76,15,0) -> 0 | L20: =SUM(I20:K20) -> 2891341.1 | N20: =L20 -> 2891341.1
A21: 6 | B21: ທ ຈື່ | C21: ='Chấm công công nhân'!L71 -> Thảo Đăm | E21: CNKT | G21: Tổ 3 | H21: =+VLOOKUP(C21,'BẢNG LƯƠNG KT'!C77:G92,5,0) -> 0 | I21: =+H21*25000 -> 0 | J21: =+VLOOKUP(C21,'BẢNG LƯƠNG KT'!C77:L77,10,0) -> 2954260.9 | K21: =+VLOOKUP(C21,'BẢNG LƯƠNG KT'!C77:S77,15,0) -> 0 | L21: =SUM(I21:K21) -> 2954260.9 | N21: =L21 -> 2954260.9
A22: 7 | B22: ທ ທອງ | C22: ='Chấm công công nhân'!L72 -> Thảo chăn | E22: CNKT | G22: Tổ 3 | H22: =+VLOOKUP(C22,'BẢNG LƯƠNG KT'!C78:G93,5,0) -> 0 | I22: =+H22*25000 -> 0 | J22: =+VLOOKUP(C22,'BẢNG LƯƠNG KT'!C78:L78,10,0) -> 4622256.5 | K22: =+VLOOKUP(C22,'BẢNG LƯƠNG KT'!C78:S78,15,0) -> 0 | L22: =SUM(I22:K22) -> 4622256.5 | N22: =L22 -> 4622256.5
A23: 8 | C23: ='Tong hop cong'!C77 -> Hồ Xa My | E23: CNK | H23: ='BẢNG LƯƠNG KT'!G88 -> 0 | I23: =+H23*25000 -> 0 | L23: =SUM(I23:K23) -> 0 | N23: =L23 -> 0
A24: Tổng cộng | H24: =SUM(H16:H23) -> 0 | I24: =SUM(I16:I23) -> 0 | J24: =SUM(J16:J23) -> 22444555 | K24: =SUM(K16:K23) -> 0 | L24: =SUM(L16:L23) -> 22444555 | M24: =SUM(M16:M23) -> 0 | N24: =SUM(N16:N23) -> 22444555
A26: (Bằng chữ: Hai mươi bảy triệu tám trăm năm chín nghìn chín trăm bảy lăm kíp)
K27: Sepon, Ngày 30 tháng 06 năm 2024
C28: PHÒNG TC-KT | H28: PHÒNG TC-HC | L28: ĐỘI TRƯỞNG ĐỘI SEPON

Sheet BN DRC CHUẨN
A1: CỘNG HÒA DÂN CHỦ NHÂN DÂN LÀO
A2: Hòa bình - Độc lập - Dân chủ - Thống nhất - Thịnh vượng
A3: -----oOo-----
A5: CÔNG TY TNHH CỔ PHẦN QUASA-GERUCO LÀO
A6: ĐỘI SẢN XUẤT SEPON
A8: BẢNG THEO DÕI SẢN LƯỢNG MỦ THÁNG 10 NĂM 2024
A10: STT | B10: STT | C10: TÊN CN | D10: NGÀY | AI10: TẠP | AJ10: Quy khô | AK10: Xếp hạng kỹ thuật | AL10: Ký tên
D11: 1 | E11: 2 | F11: 3 | G11: 4 | H11: 5 | I11: 6 | J11: 7 | K11: 8 | L11: 9 | M11: 10 | N11: 11 | O11: 12 | P11: 13 | Q11: 14 | R11: 15 | S11: 16 | T11: 17 | U11: 18 | V11: 19 | W11: 20 | X11: 21 | Y11: 22 | Z11: 23 | AA11: 24 | AB11: 25 | AC11: 26 | AD11: 27 | AE11: 28 | AF11: 29 | AG11: 30 | AH11: 31 | AN11: bôi kt
A12: 52 | B12: 1 | C12: ='[6]Chấm công công nhân'!L66 -> Phò Đăm | AB12: 167 | AC12: 206 | AG12: 0 | AI12: =SUM(D12:AH12) -> 373 | AJ12: =AI12*$AX$12/100 -> 195.54474 | AK12: ='[6]Kỷ thuật'!M64 -> A | AM12: =IF(AJ12>=2790,700000,IF(AJ12>=2425,500000,IF(AJ12>2110,300000,IF(AJ12>=2110,0,0)))) -> 0 | AN12: =+#REF!-#REF! -> #REF! | AT12: =+AI12+[2]Mủ!AI13 -> 1418 | AX12: 52.424863 | AZ12: 1335.9741
A13: 53 | B13: 2 | C13: ='[6]Chấm công công nhân'!L67 -> Thảo Mai | AB13: 147 | AC13: 187 | AG13: 0 | AI13: =SUM(D13:AH13) -> 334 | AJ13: =AI13*$AX$12/100 -> 175.09904 | AK13: ='[6]Kỷ thuật'!M65 -> B | AM13: =IF(AJ13>=2790,700000,IF(AJ13>=2425,500000,IF(AJ13>2110,300000,IF(AJ13>=2110,0,0)))) -> 0 | AT13: =+AI13+[2]Mủ!AI14 -> 1138 | AX13: =AX12/#REF!*100 -> #REF! | AZ13: 785.2036
A14: 54 | B14: 3 | C14: ='[6]Chấm công công nhân'!L68 -> Thảo Tưng | AB14: 0 | AC14: 0 | AG14: 91 | AI14: =SUM(D14:AH14) -> 91 | AJ14: =AI14*$AX$12/100 -> 47.706625 | AK14: ='[6]Kỷ thuật'!M66 -> B | AM14: =IF(AJ14>=2790,700000,IF(AJ14>=2425,500000,IF(AJ14>2110,300000,IF(AJ14>=2110,0,0)))) -> 0 | AT14: =+AI14+[2]Mủ!AI15 -> 1676 | AZ14: 832.28639
A15: 55 | B15: 4 | C15: ='[6]Chấm công công nhân'!L69 -> Thảo Xay | AB15: 66 | AC15: 77 | AG15: 151 | AI15: =SUM(D15:AH15) -> 294 | AJ15: =AI15*$AX$12/100 -> 154.1291 | AK15: ='[6]Kỷ thuật'!M67 -> A | AM15: =IF(AJ15>=2790,700000,IF(AJ15>=2425,500000,IF(AJ15>2110,300000,IF(AJ15>=2110,0,0)))) -> 0 | AT15: =+AI15+[2]Mủ!AI16 -> 1529 | AX15: =SUM(AI12:AI16) -> 1383 | AZ15: 1005.9042
A16: 56 | B16: 5 | C16: ='[6]Chấm công công nhân'!L70 -> Nàng Nọi | AB16: 64 | AC16: 78 | AG16: 149 | AI16: =SUM(D16:AH16) -> 291 | AJ16: =AI16*$AX$12/100 -> 152.55635 | AK16: ='[6]Kỷ thuật'!M68 -> B | AM16: =IF(AJ16>=2790,700000,IF(AJ16>=2425,500000,IF(AJ16>2110,300000,IF(AJ16>=2110,0,0)))) -> 0 | AT16: =+AI16+[2]Mủ!AI17 -> 1522 | AX16: =SUM(AJ12:AJ16) -> 725.03585 | AY16: =AX16/AX15*100 -> 52.424863 | AZ16: 851.41377
A17: 57 | B17: 6 | C17: ='[6]Chấm công công nhân'!L71 -> Thảo Đăm | AB17: 92 | AC17: 170 | AG17: 0 | AI17: =SUM(D17:AH17) -> 262 | AJ17: =AI17*$AX$12/100 -> 137.35314 | AK17: ='[6]Kỷ thuật'!M69 -> B | AM17: =IF(AJ17>=2790,700000,IF(AJ17>=2425,500000,IF(AJ17>2110,300000,IF(AJ17>=2110,0,0)))) -> 0 | AT17: =+AI17+[2]Mủ!AI18 -> 1035 | AX17: =AX16-523 -> 202.03585 | AY17: =AX17/AX15*100 -> 14.608522
A18: 58 | B18: 7 | C18: ='[6]Chấm công công nhân'!L72 -> Thảo Chăn | AB18: 112 | AC18: 165 | AG18: 0 | AI18: =SUM(D18:AH18) -> 277 | AJ18: =AI18*$AX$12/100 -> 145.21687 | AK18: ='[6]Kỷ thuật'!M70 -> A | AM18: =IF(AJ18>=2790,700000,IF(AJ18>=2425,500000,IF(AJ18>2110,300000,IF(AJ18>=2110,0,0)))) -> 0 | AT18: =+AI18+[2]Mủ!AI19 -> 1026 | AY18: 43.712734
A19: 59 | B19: 8 | C19: ='[6]Chấm công công nhân'!L73 -> Thảo Cô | AB19: 0 | AC19: 0 | AG19: 0 | AI19: =SUM(D19:AH19) -> 0 | AJ19: =AI19*$AX$12/100 -> 0 | AK19: ='[6]Kỷ thuật'!M71 -> B | AM19: =IF(AJ19>=2790,700000,IF(AJ19>=2425,500000,IF(AJ19>2110,300000,IF(AJ19>=2110,0,0)))) -> 0
A20: 60 | B20: 9 | C20: ='[6]Chấm công công nhân'!L74 -> Thảo Nha | AB20: 0 | AC20: 0 | AG20: 0 | AI20: =SUM(D20:AH20) -> 0 | AJ20: =AI20*$AX$12/100 -> 0 | AK20: ='[6]Kỷ thuật'!M72 -> A | AM20: =IF(AJ20>=2790,700000,IF(AJ20>=2425,500000,IF(AJ20>2110,300000,IF(AJ20>=2110,0,0)))) -> 0
A21: 61 | B21: 10 | C21: ='[6]Chấm công công nhân'!L75 -> Thảo Đăm 2 | AB21: 0 | AC21: 0 | AG21: 0 | AI21: =SUM(D21:AH21) -> 0 | AJ21: =AI21*$AX$12/100 -> 0 | AK21: ='[6]Kỷ thuật'!M73 -> B | AM21: =IF(AJ21>=2790,700000,IF(AJ21>=2425,500000,IF(AJ21>2110,300000,IF(AJ21>=2110,0,0)))) -> 0
A22: 62 | B22: 11 | C22: ='[6]Chấm công công nhân'!L76 -> Thảo Lay | AB22: 0 | AC22: 109 | AG22: 0 | AI22: =SUM(D22:AH22) -> 109 | AJ22: =AI22*$AX$12/100 -> 57.143101 | AK22: ='[6]Kỷ thuật'!M74 -> B | AM22: =IF(AJ22>=2790,700000,IF(AJ22>=2425,500000,IF(AJ22>2110,300000,IF(AJ22>=2110,0,0)))) -> 0
A23: 63 | B23: 12 | C23: ='[6]Chấm công công nhân'!L77 -> Thảo Khên | AB23: 135 | AC23: 193 | AG23: 0 | AI23: =SUM(D23:AH23) -> 328 | AJ23: =AI23*$AX$12/100 -> 171.95355 | AK23: ='[6]Kỷ thuật'!M75 -> A | AM23: =IF(AJ23>=2790,700000,IF(AJ23>=2425,500000,IF(AJ23>2110,300000,IF(AJ23>=2110,0,0)))) -> 0
A24: 64 | B24: 13 | C24: ='[6]Chấm công công nhân'!L78 -> Thảo Khon | AB24: 0 | AC24: 74 | AG24: 152 | AI24: =SUM(D24:AH24) -> 226 | AJ24: =AI24*$AX$12/100 -> 118.48019 | AK24: ='[6]Kỷ thuật'!M76 -> A | AM24: =IF(AJ24>=2790,700000,IF(AJ24>=2425,500000,IF(AJ24>2110,300000,IF(AJ24>=2110,0,0)))) -> 0
A25: 65 | B25: 14 | C25: ='[6]Chấm công công nhân'!L79 -> Thảo Nga | AB25: 0 | AC25: 0 | AG25: 150 | AI25: =SUM(D25:AH25) -> 150 | AJ25: =AI25*$AX$12/100 -> 78.637294 | AK25: ='[6]Kỷ thuật'!M77 -> B | AM25: =IF(AJ25>=2790,700000,IF(AJ25>=2425,500000,IF(AJ25>2110,300000,IF(AJ25>=2110,0,0)))) -> 0
A26: 62 | B26: 15 | C26: ='[6]Chấm công công nhân'!L80 -> 0 | AB26: 0 | AC26: 0 | AG26: 0 | AJ26: =AI26*$AX$12/100 -> 0 | AM26: =IF(AJ26>=2790,700000,IF(AJ26>=2425,500000,IF(AJ26>2110,300000,IF(AJ26>=2110,0,0)))) -> 0
A27: TỔNG CỘNG | D27: =SUM(D12:D26) -> 0 | E27: =SUM(E12:E26) -> 0 | F27: =SUM(F12:F26) -> 0 | G27: =SUM(G12:G26) -> 0 | H27: =SUM(H12:H26) -> 0 | I27: =SUM(I12:I26) -> 0 | J27: =SUM(J12:J26) -> 0 | K27: =SUM(K12:K26) -> 0 | ... AJ27: =SUM(AJ12:AJ26) -> 1433.82
A29: STT | D29: SỐ CÔNG NHÂN | G29: HẠNG KỸ THUẬT | J29: SẢN LƯỢNG MỦ TẠP (kg) | P29: SẢN LƯỢNG MỦ QUY KHÔ
A30: 1 | G30: A | J30: =SUMIF($AK$12:$AK$26,"A",$AI$12:$AI$26) -> 1498 | P30: =SUMIF($AK$12:$AK$26,"A",$AJ$12:$AJ$26) -> 785.32445
A31: 2 | G31: B | J31: =SUMIF($AK$12:$AK$26,"B",$AI$12:$AI$26) -> 1237 | P31: =SUMIF($AK$12:$AK$26,"B",$AJ$12:$AJ$26) -> 648.49555 | AP31: =97677*43.16 -> 4215739.3
A32: 3 | G32: C | J32: =SUMIF($AK$12:$AK$26,"C",$AI$12:$AI$26) -> 0 | P32: =SUMIF($AK$12:$AK$26,"C",$AJ$12:$AJ$26) -> 0
A33: 4 | D33: =SUM(COUNTIF(AK12:AK21,"D")) -> 0 | G33: D | J33: =SUMIF($AK$12:$AK$18,"D",$AI$12:$AI$18) -> 0 | P33: =SUMIF($AK$12:$AK$18,"D",$AJ$12:$AJ$18) -> 0
A34: TỔNG | D34: =SUM(D30:F33) -> 0 | J34: =SUM(J30:O33) -> 2735 | P34: =SUM(P30:V33) -> 1433.82
AE35: Sepon, ngày 31 tháng 10 năm 2024
C36: TỔNG GIÁM ĐỐC | O36: PHÒNG. KTNN | AE36: ĐỘI TRƯỞNG ĐỘI SEPON
AG37: Sepon, ngày 30 tháng 11 năm 2024
E38: TỔNG GIÁM ĐỐC | Q38: PHÒNG. KTNN | AG38: ĐỘI TRƯỞNG ĐỘI SEPON
AG44: Phạm Đắc Nhân

Sheet DANH SÁCH THUẾ
A1: CỘNG HÒA DÂN CHỦ NHÂN DÂN LÀO
A2: Hòa Bình -Độc Lập - Dân Chủ - Thống Nhất - Thịnh Vượng
A3: CÔNG TY TNHH CP QUASA - GERUCO LÀO
B4: ĐỘI SX SEPON
A6: DANH SÁCH CBCNV NỘP THUẾ TNCN THÁNG 01/2025
A8: STT | C8: HỌ VÀ TÊN | E8: CHỨC VỤ | F8: LƯƠNG | H8: THUẾ TNCN
A9: 1 | C9: Thảo Xúc | E9: Tạp vụ | F9: 1700000 | H9: 20000
A10: 2 | C10: ='Phụ cấp người Việt'!B12 -> Hồ Văn Tăng | E10: ='Phụ cấp người Việt'!C12 -> CNKT | F10: ='Phụ cấp người Việt'!F12 -> 1680000 | H10: ='Phụ cấp người Việt'!G12 -> 19000
A11: 3 | C11: ='Phụ cấp người Việt'!B13 -> Hồ Văn Khoa | E11: ='Phụ cấp người Việt'!C13 -> CNKT | F11: ='Phụ cấp người Việt'!F13 -> 1600000 | H11: ='Phụ cấp người Việt'!G13 -> 15000
A12: 4 | C12: ='Phụ cấp người Việt'!B14 -> Hồ Xa My | E12: ='Phụ cấp người Việt'!C14 -> CNKT | F12: ='Phụ cấp người Việt'!F14 -> 1680000 | H12: ='Phụ cấp người Việt'!G14 -> 19000
A13: TỔNG CỘNG | F13: =SUM(F9:G12) -> 6660000 | H13: =SUM(H9:I12) -> 73000
A15: Bằng chữ: Bảy mươi ba nghìn kíp.
F16: Sepon ngày 03 tháng 02 năm 2025
A18: TỔNG GIÁM ĐỐC | D18: PHÒNG TC-KT | F18: PHÒNG TC-HC | H18: ĐỘI TRƯỞNG

Sheet Chấm công công nhân
A1: CỘNG HÒA DÂN CHỦ NHÂN DÂN LÀO
A2: Hòa bình - Độc lập - Dân chủ - Thống nhất - Thịnh vượng
A3: -----oOo-----
J4: CÔNG TY TNHH CỔ PHẦN QUASA-GERUCO LÀO
A5: ĐỘI SẢN XUẤT SEPON | J5: ĐỘI SẢN XUẤT SEPON
J7: BẢNG CHẤM CÔNG CẠO MỦ HẰNG NGÀY CÔNG NHÂN THÁNG 01 NĂM 2025
A9: Lương ngày công | B9: Điểm ngày công | C9: Hạng kỹ thuật cạo | D9: Điểm kỹ thuật | E9: Tổng điểm | F9: Xếp hạng trong tháng | G9: Tổng mủ quy khô trong tháng | H9: Lương sản lượng trong tháng | I9: Tổng lương ngày công + sản lượng | J9: Stt | K9: Stt | L9: Họ và tên | M9: Ngày công | AR9: Ngày thường ( X) | AS9: Ngày chủ nhật ( CN) | AT9: Phụ cấp ngày công vườn cây năm nhất (X1) | AU9: Phụ cấp chủ nhật vườn cây năm nhất (CN1) | AV9: Tổng cộng | AW9: Ký tên | AY9: Ký tên
M10: 1 | N10: 2 | O10: 3 | P10: 4 | Q10: 5 | R10: 6 | S10: 7 | T10: 8 | U10: 9 | V10: 10 | W10: 11 | X10: 12 | Y10: 13 | Z10: 14 | AA10: 15 | AB10: 16 | AC10: 17 | AD10: 18 | AE10: 19 | AF10: 20 | AG10: 21 | AH10: 22 | AI10: 23 | AJ10: 24 | AK10: 25 | AL10: 26 | AM10: 27 | AN10: 28 | AO10: 29 | AP10: 30 | AQ10: 31
M11: D | N11: A | O11: B | P11: C | Q11: D | R11: A | S11: B | T11: C | U11: D | V11: A | W11: B | X11: C | Y11: D | Z11: A | AA11: B | AB11: C | AC11: D | AD11: A | AE11: B | AF11: C | AG11: D | AH11: A | AI11: B | AJ11: C | AK11: D | AL11: A | AM11: B | AN11: C | AO11: D | AP11: A | AQ11: B | BK11: 23
J12: A | K12: TỔ 1 | M12: =COUNTIF(M13:M48,"X")+COUNTIF(M13:M48,"CN")+COUNTIF(M13:M48,"X1")+COUNTIF(M13:M48,"CN1") -> 24 | N12: =COUNTIF(N13:N48,"X")+COUNTIF(N13:N48,"CN")+COUNTIF(N13:N48,"X1")+COUNTIF(N13:N48,"CN1") -> 19 | O12: =COUNTIF(O13:O48,"X")+COUNTIF(O13:O48,"CN")+COUNTIF(O13:O48,"X1")+COUNTIF(O13:O48,"CN1") -> 19 | P12: =COUNTIF(P13:P48,"X")+COUNTIF(P13:P48,"CN")+COUNTIF(P13:P48,"X1")+COUNTIF(P13:P48,"CN1") -> 36 | Q12: =COUNTIF(Q13:Q48,"X")+COUNTIF(Q13:Q48,"CN")+COUNTIF(Q13:Q48,"X1")+COUNTIF(Q13:Q48,"CN1") -> 36 | R12: =COUNTIF(R13:R48,"X")+COUNTIF(R13:R48,"CN")+COUNTIF(R13:R48,"X1")+COUNTIF(R13:R48,"CN1") -> 32 | S12: =COUNTIF(S13:S48,"X")+COUNTIF(S13:S48,"CN")+COUNTIF(S13:S48,"X1")+COUNTIF(S13:S48,"CN1") -> 36 | T12: =COUNTIF(T13:T48,"X")+COUNTIF(T13:T48,"CN")+COUNTIF(T13:T48,"X1")+COUNTIF(T13:T48,"CN1") -> 36 | ... AQ12: =COUNTIF(AQ13:AQ48,"X")+COUNTIF(AQ13:AQ48,"CN")+COUNTIF(AQ13:AQ48,"X1")+COUNTIF(AQ13:AQ48,"CN1") -> 32 | AR12: =SUM(AR13:AR48) -> 696 | AS12: =SUM(AS13:AS48) -> 111 | AT12: =SUM(AT13:AT48) -> 130 | AU12: =SUM(AU13:AU48) -> 22 | AV12: =SUM(AV13:AV48) -> 959 | AX12: =SUM(AX13:AX48) -> 180
J13: 1 | K13: 1 | L13: Vắt Đi | M13: x | N13: x1 | O13: x | P13: x | Q13: cn | R13: x1 | S13: x | T13: x | U13: x | V13: x1 | W13: x | X13: cn | Y13: x | Z13: x1 | AA13: x | AB13: x | AD13: x1 | AE13: cn | AF13: x | AG13: x | AH13: x1 | AI13: x | AJ13: x | AK13: x | AL13: cn1 | AM13: x | AN13: x | AO13: x | AP13: X1 | AQ13: x | AR13: =COUNTIF(M13:AQ13,"X") -> 19 | AS13: =+COUNTIF(M13:AQ13,"CN") -> 3 | AT13: =COUNTIF(M13:AQ13,"X1") -> 7 | AU13: =+COUNTIF(M13:AQ13,"CN1") -> 1 | AV13: =+SUM(AR13:AU13) -> 30
J14: 2 | K14: 2 | L14: T Ô Vên | M14: x1 | N14: x | O14: x | P14: x | Q14: cn1 | R14: x | S14: x | T14: x | U14: x1 | V14: x | W14: x | X14: cn | Y14: x1 | Z14: x | AA14: x | AB14: x | AC14: x1 | AD14: x | AE14: cn | AF14: x | AG14: x1 | AH14: x | AI14: x | AJ14: x | AK14: x1 | AL14: cn1 | AM14: x | AN14: x | AO14: x1 | AP14: x | AQ14: x | AR14: =COUNTIF(M14:AQ14,"X") -> 20 | AS14: =+COUNTIF(M14:AQ14,"CN") -> 2 | AT14: =COUNTIF(M14:AQ14,"X1") -> 7 | AU14: =+COUNTIF(M14:AQ14,"CN1") -> 2 | AV14: =+SUM(AR14:AU14) -> 31
J15: 3 | K15: 3 | L15: Nàng Túc | M15: x1 | N15: x | O15: x | P15: x | Q15: cn1 | R15: x | S15: x | T15: x | U15: x1 | V15: x | W15: x | X15: cn | Y15: x1 | Z15: x | AA15: x | AB15: x | AC15: x1 | AD15: x | AE15: cn | AF15: x | AG15: x1 | AH15: x | AI15: x | AJ15: x | AK15: x1 | AL15: cn1 | AM15: x | AN15: x | AO15: x1 | AP15: x | AQ15: x | AR15: =COUNTIF(M15:AQ15,"X") -> 20 | AS15: =+COUNTIF(M15:AQ15,"CN") -> 2 | AT15: =COUNTIF(M15:AQ15,"X1") -> 7 | AU15: =+COUNTIF(M15:AQ15,"CN1") -> 2 | AV15: =+SUM(AR15:AU15) -> 31
J16: 4 | K16: 4 | L16: Thảo Say | P16: x | Q16: cn1 | R16: x | S16: x | T16: x | U16: x1 | W16: x | X16: cn | Z16: x | AA16: x | AE16: cn | AF16: x | AH16: x | AI16: x | AL16: cn1 | AN16: x | AO16: x1 | AQ16: x | AR16: =COUNTIF(M16:AQ16,"X") -> 12 | AS16: =+COUNTIF(M16:AQ16,"CN") -> 2 | AT16: =COUNTIF(M16:AQ16,"X1") -> 2 | AU16: =+COUNTIF(M16:AQ16,"CN1") -> 2 | AV16: =+SUM(AR16:AU16) -> 18
J17: 5 | K17: 5 | L17: Thảo Pheng | M17: x1 | N17: x1 | O17: x | P17: x | Q17: cn1 | R17: x1 | S17: x | T17: x | U17: x1 | V17: x1 | W17: x | X17: cn | Z17: x1 | AA17: x | AD17: x1 | AE17: cn | AF17: x | AG17: x1 | AH17: x1 | AI17: x | AJ17: x | AK17: x1 | AL17: cn1 | AM17: x | AN17: x | AO17: x1 | AP17: x1 | AQ17: x | AR17: =COUNTIF(M17:AQ17,"X") -> 12 | AS17: =+COUNTIF(M17:AQ17,"CN") -> 2 | AT17: =COUNTIF(M17:AQ17,"X1") -> 12 | AU17: =+COUNTIF(M17:AQ17,"CN1") -> 2 | AV17: =+SUM(AR17:AU17) -> 28
J18: 6 | K18: 6 | L18: Nàng Chay | M18: x1 | N18: x1 | O18: x | P18: x | Q18: cn1 | R18: x1 | S18: x | T18: x | U18: x1 | V18: x1 | W18: x | X18: cn | Y18: x1 | Z18: x1 | AA18: x | AB18: x | AC18: x1 | AD18: x1 | AE18: cn | AF18: x | AG18: x1 | AH18: x1 | AI18: x | AJ18: x | AK18: x1 | AL18: cn1 | AM18: x | AN18: x | AO18: x1 | AP18: x1 | AQ18: x | AR18: =COUNTIF(M18:AQ18,"X") -> 13 | AS18: =+COUNTIF(M18:AQ18,"CN") -> 2 | AT18: =COUNTIF(M18:AQ18,"X1") -> 14 | AU18: =+COUNTIF(M18:AQ18,"CN1") -> 2 | AV18: =+SUM(AR18:AU18) -> 31
J19: 7 | K19: 7 | L19: Nàng Hđao | M19: x1 | P19: x | Q19: cn1 | R19: x1 | S19: x | T19: x | U19: x1 | V19: x1 | W19: x | X19: cn | Y19: x1 | Z19: x1 | AA19: x | AB19: x | AE19: cn | AF19: x | AG19: x1 | AH19: x1 | AI19: x | AK19: x1 | AL19: cn | AN19: x | AO19: x1 | AP19: x1 | AQ19: x | AR19: =COUNTIF(M19:AQ19,"X") -> 10 | AS19: =+COUNTIF(M19:AQ19,"CN") -> 3 | AT19: =COUNTIF(M19:AQ19,"X1") -> 11 | AU19: =+COUNTIF(M19:AQ19,"CN1") -> 1 | AV19: =+SUM(AR19:AU19) -> 25
J20: 8 | K20: 8 | L20: Thảo Ken | M20: x1 | N20: x1 | O20: x | P20: x | Q20: cn1 | R20: x1 | S20: x | T20: x | U20: x1 | V20: x1 | W20: x | X20: cn | Y20: x1 | Z20: x1 | AA20: x | AB20: x | AC20: x1 | AD20: x1 | AE20: cn | AF20: x | AG20: x1 | AH20: x1 | AI20: x | AJ20: x | AK20: x1 | AL20: cn | AM20: x | AN20: x | AO20: x1 | AP20: x1 | AQ20: x | AR20: =COUNTIF(M20:AQ20,"X") -> 13 | AS20: =+COUNTIF(M20:AQ20,"CN") -> 3 | AT20: =COUNTIF(M20:AQ20,"X1") -> 14 | AU20: =+COUNTIF(M20:AQ20,"CN1") -> 1 | AV20: =+SUM(AR20:AU20) -> 31
J21: 9 | K21: 9 | L21: Thảo Cợt | M21: x1 | N21: x1 | P21: x | Q21: cn1 | R21: x1 | S21: x | T21: x | U21: x1 | V21: x1 | W21: x | X21: cn | Y21: x1 | Z21: x1 | AG21: x1 | AH21: x1 | AI21: x | AJ21: x | AK21: x1 | AL21: cn | AM21: x | AO21: x1 | AP21: x1 | AQ21: x | AR21: =COUNTIF(M21:AQ21,"X") -> 8 | AS21: =+COUNTIF(M21:AQ21,"CN") -> 2 | AT21: =COUNTIF(M21:AQ21,"X1") -> 12 | AU21: =+COUNTIF(M21:AQ21,"CN1") -> 1 | AV21: =+SUM(AR21:AU21) -> 23
J22: 10 | K22: 10 | L22: Thảo Mi | P22: x | Q22: cn1 | R22: x1 | S22: x | T22: x | U22: x1 | V22: x1 | X22: cn | Y22: x1 | Z22: x1 | AA22: x | AE22: cn | AF22: x | AG22: x1 | AH22: x1 | AI22: x | AJ22: x | AP22: x1 | AQ22: x | AR22: =COUNTIF(M22:AQ22,"X") -> 8 | AS22: =+COUNTIF(M22:AQ22,"CN") -> 2 | AT22: =COUNTIF(M22:AQ22,"X1") -> 8 | AU22: =+COUNTIF(M22:AQ22,"CN1") -> 1 | AV22: =+SUM(AR22:AU22) -> 19
J23: 11 | K23: 11 | L23: Thảo Phét | M23: x | P23: x | Q23: cn | R23: x | S23: x | T23: x | U23: x | V23: x | W23: x | X23: cn | Y23: x | Z23: x | AA23: x | AB23: x | AC23: x | AD23: x | AE23: cn | AF23: x | AG23: x | AH23: x | AI23: x | AJ23: x | AK23: x | AM23: x | AN23: x | AO23: x | AP23: x | AQ23: x | AR23: =COUNTIF(M23:AQ23,"X") -> 25 | AS23: =+COUNTIF(M23:AQ23,"CN") -> 3 | AT23: =COUNTIF(M23:AQ23,"X1") -> 0 | AU23: =+COUNTIF(M23:AQ23,"CN1") -> 0 | AV23: =+SUM(AR23:AU23) -> 28
J24: 12 | K24: 12 | L24: Thảo Hăm | M24: x | N24: x | O24: x | P24: x | Q24: cn | R24: x | S24: x | T24: x | U24: x | V24: x | W24: x | X24: cn | Y24: x | Z24: x | AA24: x | AB24: x | AC24: x | AD24: x | AE24: cn | AF24: x | AG24: x | AH24: x | AI24: x | AJ24: x | AK24: x | AL24: cn | AM24: x | AN24: x | AR24: =COUNTIF(M24:AQ24,"X") -> 24 | AS24: =+COUNTIF(M24:AQ24,"CN") -> 4 | AT24: =COUNTIF(M24:AQ24,"X1") -> 0 | AU24: =+COUNTIF(M24:AQ24,"CN1") -> 0 | AV24: =+SUM(AR24:AU24) -> 28
J25: 13 | K25: 13 | L25: Nang Lon | M25: x | N25: x | O25: x | P25: x | Q25: cn | R25: x | S25: x | T25: x | U25: x | V25: x | W25: x | X25: cn | Y25: x | Z25: x | AA25: x | AB25: x | AC25: x | AD25: x | AE25: cn | AF25: x | AG25: x | AH25: x | AI25: x | AJ25: x | AK25: x | AL25: cn | AM25: x | AN25: x | AO25: x | AR25: =COUNTIF(M25:AQ25,"X") -> 25 | AS25: =+COUNTIF(M25:AQ25,"CN") -> 4 | AT25: =COUNTIF(M25:AQ25,"X1") -> 0 | AU25: =+COUNTIF(M25:AQ25,"CN1") -> 0 | AV25: =+SUM(AR25:AU25) -> 29
J26: 14 | K26: 14 | L26: Thảo Phết | P26: x | Q26: cn | R26: x | S26: x | T26: x | U26: x | V26: x | W26: x | X26: cn | Y26: x | Z26: x | AB26: x | AC26: x | AD26: x | AE26: cn | AF26: x | AG26: x | AH26: x | AI26: x | AJ26: x | AM26: x | AN26: x | AQ26: x | AR26: =COUNTIF(M26:AQ26,"X") -> 20 | AS26: =+COUNTIF(M26:AQ26,"CN") -> 3 | AT26: =COUNTIF(M26:AQ26,"X1") -> 0 | AU26: =+COUNTIF(M26:AQ26,"CN1") -> 0 | AV26: =+SUM(AR26:AU26) -> 23
J27: 15 | K27: 15 | L27: Vĩ Lay | M27: x | N27: x | O27: x | P27: x | Q27: cn | R27: x | S27: x | T27: x | U27: x | V27: x | W27: x | X27: cn | Y27: x | Z27: x | AA27: x | AB27: x | AC27: x | AD27: x | AE27: cn | AF27: x | AG27: x | AH27: x | AI27: x | AJ27: x | AK27: x | AL27: cn | AM27: x | AN27: x | AO27: x | AP27: x | AQ27: x | AR27: =COUNTIF(M27:AQ27,"X") -> 27 | AS27: =+COUNTIF(M27:AQ27,"CN") -> 4 | AT27: =COUNTIF(M27:AQ27,"X1") -> 0 | AU27: =+COUNTIF(M27:AQ27,"CN1") -> 0 | AV27: =+SUM(AR27:AU27) -> 31
A28: =#REF!*#REF!+#REF!*#REF! -> #REF! | B28: =IF(#REF!>15,40,IF(#REF!>12,35,IF(#REF!>9,30,25))) -> #REF! | C28: B | D28: =IF(C28="A",60,IF(C28="B",50,IF(C28="C",45,40))) -> 50 | E28: =D28+B28 -> #REF! | F28: =IF(E28>94,"A",IF(E28>80,"B",IF(E28>69,"C","D"))) -> #REF! | G28: =('[7]LÁT A'!N11+'[7]LÁT D'!N11+'[7]LÁT C'!N11+'[7]LÁT B'!N11)*0.4+'[7]MỦ DÂY'!AH11*0.5 -> 16 | H28: =G28*IF(F28="A",#REF!,IF(F28="B",#REF!,IF(F28="C",#REF!,#REF!))) -> #REF! | I28: =A28+H28 -> #REF! | J28: 16 | K28: 16 | L28: Pha Xúc | M28: x | N28: x | O28: x | P28: x | Q28: cn | R28: x | S28: x | T28: x | U28: x | V28: x | W28: x | X28: cn | Y28: x | Z28: x | AA28: x | AB28: x | AC28: x | AD28: x | AG28: x | AH28: x | AI28: x | AJ28: x | AK28: x | AL28: cn | AM28: x | AN28: x | AO28: x | AP28: x | AQ28: x | AR28: =COUNTIF(M28:AQ28,"X") -> 26 | AS28: =+COUNTIF(M28:AQ28,"CN") -> 3 | AT28: =COUNTIF(M28:AQ28,"X1") -> 0 | AU28: =+COUNTIF(M28:AQ28,"CN1") -> 0 | AV28: =+SUM(AR28:AU28) -> 29 | AX28: =IF(AV28=31,20,IF(AV28>=25,10)) -> 10
A29: =#REF!*#REF!+#REF!*#REF! -> #REF! | B29: =IF(#REF!>15,40,IF(#REF!>12,35,IF(#REF!>9,30,25))) -> #REF! | C29: B | D29: =IF(C29="A",60,IF(C29="B",50,IF(C29="C",45,40))) -> 50 | E29: =D29+B29 -> #REF! | F29: =IF(E29>94,"A",IF(E29>80,"B",IF(E29>69,"C","D"))) -> #REF! | G29: =('[7]LÁT A'!N12+'[7]LÁT D'!N12+'[7]LÁT C'!N12+'[7]LÁT B'!N12)*0.4+'[7]MỦ DÂY'!AH12*0.5 -> 0 | H29: =G29*IF(F29="A",#REF!,IF(F29="B",#REF!,IF(F29="C",#REF!,#REF!))) -> #REF! | I29: =A29+H29 -> #REF! | J29: 17 | K29: 17 | L29: Nàng Đao | M29: x | N29: x | O29: x | P29: x | Q29: cn | S29: x | T29: x | U29: x | V29: x | W29: x | X29: cn | Y29: x | Z29: x | AA29: x | AB29: x | AC29: x | AD29: x | AE29: cn | AF29: x | AG29: x | AH29: x | AI29: x | AJ29: x | AK29: x | AL29: cn | AM29: x | AN29: x | AO29: x | AP29: X | AQ29: x | AR29: =COUNTIF(M29:AQ29,"X") -> 26 | AS29: =+COUNTIF(M29:AQ29,"CN") -> 4 | AT29: =COUNTIF(M29:AQ29,"X1") -> 0 | AU29: =+COUNTIF(M29:AQ29,"CN1") -> 0 | AV29: =+SUM(AR29:AU29) -> 30 | AX29: =IF(AV29=31,20,IF(AV29>=25,10)) -> 10
A30: =#REF!*#REF!+#REF!*#REF! -> #REF! | B30: =IF(#REF!>15,40,IF(#REF!>12,35,IF(#REF!>9,30,25))) -> #REF! | C30: B | D30: =IF(C30="A",60,IF(C30="B",50,IF(C30="C",45,40))) -> 50 | E30: =D30+B30 -> #REF! | F30: =IF(E30>94,"A",IF(E30>80,"B",IF(E30>69,"C","D"))) -> #REF! | G30: =('[7]LÁT A'!N13+'[7]LÁT D'!N13+'[7]LÁT C'!N13+'[7]LÁT B'!N13)*0.4+'[7]MỦ DÂY'!AH13*0.5 -> 16 | H30: =G30*IF(F30="A",#REF!,IF(F30="B",#REF!,IF(F30="C",#REF!,#REF!))) -> #REF! | I30: =A30+H30 -> #REF! | J30: 18 | K30: 18 | L30: Nàng Kiên | M30: x | N30: x | O30: x | P30: x | Q30: cn | S30: x | T30: x | U30: x | V30: x | W30: x | X30: cn | Y30: x | Z30: x | AA30: x | AB30: x | AC30: x | AD30: x | AE30: cn | AF30: x | AG30: x | AI30: x | AJ30: x | AK30: x | AL30: cn | AM30: x | AN30: x | AO30: x | AP30: x | AQ30: x | AR30: =COUNTIF(M30:AQ30,"X") -> 25 | AS30: =+COUNTIF(M30:AQ30,"CN") -> 4 | AT30: =COUNTIF(M30:AQ30,"X1") -> 0 | AU30: =+COUNTIF(M30:AQ30,"CN1") -> 0 | AV30: =+SUM(AR30:AU30) -> 29 | AX30: =IF(AV30=31,20,IF(AV30>=25,10)) -> 10
A31: =#REF!*#REF!+#REF!*#REF! -> #REF! | B31: =IF(#REF!>15,40,IF(#REF!>12,35,IF(#REF!>9,30,25))) -> #REF! | C31: B | D31: =IF(C31="A",60,IF(C31="B",50,IF(C31="C",45,40))) -> 50 | E31: =D31+B31 -> #REF! | F31: =IF(E31>94,"A",IF(E31>80,"B",IF(E31>69,"C","D"))) -> #REF! | G31: =('[7]LÁT A'!N14+'[7]LÁT D'!N14+'[7]LÁT C'!N14+'[7]LÁT B'!N14)*0.4+'[7]MỦ DÂY'!AH14*0.5 -> 24 | H31: =G31*IF(F31="A",#REF!,IF(F31="B",#REF!,IF(F31="C",#REF!,#REF!))) -> #REF! | I31: =A31+H31 -> #REF! | J31: 19 | K31: 19 | L31: Nàng Túc 2 | M31: x | N31: x | O31: x | P31: x | Q31: cn | R31: x | S31: x | T31: x | U31: x | V31: x | W31: x | X31: cn | Y31: x | Z31: x | AA31: x | AB31: x | AC31: x | AD31: x | AG31: x | AH31: x | AI31: x | AJ31: x | AK31: x | AL31: cn | AM31: x | AN31: x | AO31: x | AP31: x | AQ31: x | AR31: =COUNTIF(M31:AQ31,"X") -> 26 | AS31: =+COUNTIF(M31:AQ31,"CN") -> 3 | AT31: =COUNTIF(M31:AQ31,"X1") -> 0 | AU31: =+COUNTIF(M31:AQ31,"CN1") -> 0 | AV31: =+SUM(AR31:AU31) -> 29 | AX31: =IF(AV31=31,20,IF(AV31>=25,10)) -> 10
A32: =#REF!*#REF!+#REF!*#REF! -> #REF! | B32: =IF(#REF!>15,40,IF(#REF!>12,35,IF(#REF!>9,30,25))) -> #REF! | C32: B | D32: =IF(C32="A",60,IF(C32="B",50,IF(C32="C",45,40))) -> 50 | E32: =D32+B32 -> #REF! | F32: =IF(E32>94,"A",IF(E32>80,"B",IF(E32>69,"C","D"))) -> #REF! | G32: =('[7]LÁT A'!N15+'[7]LÁT D'!N15+'[7]LÁT C'!N15+'[7]LÁT B'!N15)*0.4+'[7]MỦ DÂY'!AH15*0.5 -> 24 | H32: =G32*IF(F32="A",#REF!,IF(F32="B",#REF!,IF(F32="C",#REF!,#REF!))) -> #REF! | I32: =A32+H32 -> #REF! | J32: 20 | K32: 20 | L32: Nàng Phon | M32: x | N32: x1 | O32: x | P32: x | Q32: cn | R32: x1 | S32: x | T32: x | U32: x | V32: x1 | W32: x | X32: cn | Z32: x1 | AA32: x | AC32: x | AD32: x1 | AE32: cn | AF32: x | AG32: x | AH32: x1 | AI32: x | AJ32: x | AK32: x | AL32: cn1 | AM32: x | AN32: x | AO32: x | AP32: x1 | AQ32: x | AR32: =COUNTIF(M32:AQ32,"X") -> 18 | AS32: =+COUNTIF(M32:AQ32,"CN") -> 3 | AT32: =COUNTIF(M32:AQ32,"X1") -> 7 | AU32: =+COUNTIF(M32:AQ32,"CN1") -> 1 | AV32: =+SUM(AR32:AU32) -> 29 | AX32: =IF(AV32=31,20,IF(AV32>=25,10)) -> 10
A33: =#REF!*#REF!+#REF!*#REF! -> #REF! | B33: =IF(#REF!>15,40,IF(#REF!>12,35,IF(#REF!>9,30,25))) -> #REF! | C33: B | D33: =IF(C33="A",60,IF(C33="B",50,IF(C33="C",45,40))) -> 50 | E33: =D33+B33 -> #REF! | F33: =IF(E33>94,"A",IF(E33>80,"B",IF(E33>69,"C","D"))) -> #REF! | G33: =('[7]LÁT A'!N16+'[7]LÁT D'!N16+'[7]LÁT C'!N16+'[7]LÁT B'!N16)*0.4+'[7]MỦ DÂY'!AH16*0.5 -> 0 | H33: =G33*IF(F33="A",#REF!,IF(F33="B",#REF!,IF(F33="C",#REF!,#REF!))) -> #REF! | I33: =A33+H33 -> #REF! | J33: 21 | K33: 21 | L33: Thảo Chòi | N33: x1 | O33: x | P33: x | Q33: cn | R33: x1 | S33: x | T33: x | U33: x | V33: x1 | W33: x | X33: cn | Y33: x | Z33: x1 | AA33: x | AB33: x | AC33: x | AD33: x1 | AE33: cn | AF33: x | AG33: x | AH33: x1 | AI33: x | AJ33: x | AK33: x | AL33: cn1 | AM33: x | AN33: x | AO33: x | AP33: x1 | AQ33: x | AR33: =COUNTIF(M33:AQ33,"X") -> 19 | AS33: =+COUNTIF(M33:AQ33,"CN") -> 3 | AT33: =COUNTIF(M33:AQ33,"X1") -> 7 | AU33: =+COUNTIF(M33:AQ33,"CN1") -> 1 | AV33: =+SUM(AR33:AU33) -> 30 | AX33: =IF(AV33=31,20,IF(AV33>=25,10)) -> 10
A34: =#REF!*#REF!+#REF!*#REF! -> #REF! | B34: =IF(#REF!>15,40,IF(#REF!>12,35,IF(#REF!>9,30,25))) -> #REF! | C34: B | D34: =IF(C34="A",60,IF(C34="B",50,IF(C34="C",45,40))) -> 50 | E34: =D34+B34 -> #REF! | F34: =IF(E34>94,"A",IF(E34>80,"B",IF(E34>69,"C","D"))) -> #REF! | G34: =('[7]LÁT A'!N17+'[7]LÁT D'!N17+'[7]LÁT C'!N17+'[7]LÁT B'!N17)*0.4+'[7]MỦ DÂY'!AH17*0.5 -> 0 | H34: =G34*IF(F34="A",#REF!,IF(F34="B",#REF!,IF(F34="C",#REF!,#REF!))) -> #REF! | I34: =A34+H34 -> #REF! | J34: 22 | K34: 22 | L34: Thong La | M34: x | N34: x1 | O34: x | P34: x | Q34: cn | R34: x1 | S34: x | T34: x | U34: x | V34: x1 | W34: x | X34: cn | Y34: x | Z34: x1 | AA34: x | AB34: x | AC34: x | AD34: x1 | AE34: cn | AF34: x | AG34: x | AH34: x1 | AI34: x | AJ34: x | AK34: x | AL34: cn1 | AM34: x | AN34: x | AO34: x | AP34: x1 | AQ34: x | AR34: =COUNTIF(M34:AQ34,"X") -> 20 | AS34: =+COUNTIF(M34:AQ34,"CN") -> 3 | AT34: =COUNTIF(M34:AQ34,"X1") -> 7 | AU34: =+COUNTIF(M34:AQ34,"CN1") -> 1 | AV34: =+SUM(AR34:AU34) -> 31 | AX34: =IF(AV34=31,20,IF(AV34>=25,10)) -> 20
A35: =#REF!*#REF!+#REF!*#REF! -> #REF! | B35: =IF(#REF!>15,40,IF(#REF!>12,35,IF(#REF!>9,30,25))) -> #REF! | C35: B | D35: =IF(C35="A",60,IF(C35="B",50,IF(C35="C",45,40))) -> 50 | E35: =D35+B35 -> #REF! | F35: =IF(E35>94,"A",IF(E35>80,"B",IF(E35>69,"C","D"))) -> #REF! | G35: =('[7]LÁT A'!N18+'[7]LÁT D'!N18+'[7]LÁT C'!N18+'[7]LÁT B'!N18)*0.4+'[7]MỦ DÂY'!AH18*0.5 -> 16 | H35: =G35*IF(F35="A",#REF!,IF(F35="B",#REF!,IF(F35="C",#REF!,#REF!))) -> #REF! | I35: =A35+H35 -> #REF! | J35: 23 | K35: 23 | L35: Thảo kok | M35: x1 | O35: x | P35: x | Q35: cn1 | R35: x | S35: x | T35: x | U35: x1 | V35: x | W35: x | X35: cn | Y35: x1 | Z35: x | AA35: x | AB35: x | AC35: x1 | AD35: x | AE35: cn | AF35: x | AG35: x1 | AH35: x | AI35: x | AJ35: x | AK35: x1 | AL35: cn | AM35: x | AN35: x | AO35: x1 | AQ35: x | AR35: =COUNTIF(M35:AQ35,"X") -> 18 | AS35: =+COUNTIF(M35:AQ35,"CN") -> 3 | AT35: =COUNTIF(M35:AQ35,"X1") -> 7 | AU35: =+COUNTIF(M35:AQ35,"CN1") -> 1 | AV35: =+SUM(AR35:AU35) -> 29 | AX35: =IF(AV35=31,20,IF(AV35>=25,10)) -> 10
A36: =#REF!*#REF!+#REF!*#REF! -> #REF! | B36: =IF(#REF!>15,40,IF(#REF!>12,35,IF(#REF!>9,30,25))) -> #REF! | C36: B | D36: =IF(C36="A",60,IF(C36="B",50,IF(C36="C",45,40))) -> 50 | E36: =D36+B36 -> #REF! | F36: =IF(E36>94,"A",IF(E36>80,"B",IF(E36>69,"C","D"))) -> #REF! | G36: =('[7]LÁT A'!N19+'[7]LÁT D'!N19+'[7]LÁT C'!N19+'[7]LÁT B'!N19)*0.4+'[7]MỦ DÂY'!AH19*0.5 -> 0 | H36: =G36*IF(F36="A",#REF!,IF(F36="B",#REF!,IF(F36="C",#REF!,#REF!))) -> #REF! | I36: =A36+H36 -> #REF! | J36: 24 | K36: 24 | L36: Thảo Hôm | P36: x | Q36: cn1 | R36: x | S36: x | T36: x | U36: x1 | V36: x | X36: cn | Y36: x1 | Z36: x | AA36: x | AB36: x | AE36: cn | AF36: x | AH36: x | AI36: x | AJ36: x | AP36: x | AQ36: x | AR36: =COUNTIF(M36:AQ36,"X") -> 14 | AS36: =+COUNTIF(M36:AQ36,"CN") -> 2 | AT36: =COUNTIF(M36:AQ36,"X1") -> 2 | AU36: =+COUNTIF(M36:AQ36,"CN1") -> 1 | AV36: =+SUM(AR36:AU36) -> 19 | AX36: =IF(AV36=31,20,IF(AV36>=25,10)) -> FALSE
A37: =#REF!*#REF!+#REF!*#REF! -> #REF! | B37: =IF(#REF!>15,40,IF(#REF!>12,35,IF(#REF!>9,30,25))) -> #REF! | C37: B | D37: =IF(C37="A",60,IF(C37="B",50,IF(C37="C",45,40))) -> 50 | E37: =D37+B37 -> #REF! | F37: =IF(E37>94,"A",IF(E37>80,"B",IF(E37>69,"C","D"))) -> #REF! | G37: =('[7]LÁT A'!N12+'[7]LÁT D'!N12+'[7]LÁT C'!N12+'[7]LÁT B'!N12)*0.4+'[7]MỦ DÂY'!AH12*0.5 -> 0 | H37: =G37*IF(F37="A",#REF!,IF(F37="B",#REF!,IF(F37="C",#REF!,#REF!))) -> #REF! | I37: =A37+H37 -> #REF! | J37: 25 | K37: 25 | L37: Nàng Lam | P37: x | Q37: cn1 | R37: x | S37: x | T37: x | U37: x1 | W37: x | X37: cn | Z37: x | AA37: x | AB37: x | AE37: cn | AF37: x | AH37: x | AI37: x | AL37: cn | AN37: x | AO37: x1 | AQ37: x | AR37: =COUNTIF(M37:AQ37,"X") -> 13 | AS37: =+COUNTIF(M37:AQ37,"CN") -> 3 | AT37: =COUNTIF(M37:AQ37,"X1") -> 2 | AU37: =+COUNTIF(M37:AQ37,"CN1") -> 1 | AV37: =+SUM(AR37:AU37) -> 19 | AX37: =IF(AV37=31,20,IF(AV37>=25,10)) -> FALSE
A38: =#REF!*#REF!+#REF!*#REF! -> #REF! | B38: =IF(#REF!>15,40,IF(#REF!>12,35,IF(#REF!>9,30,25))) -> #REF! | C38: B | D38: =IF(C38="A",60,IF(C38="B",50,IF(C38="C",45,40))) -> 50 | E38: =D38+B38 -> #REF! | F38: =IF(E38>94,"A",IF(E38>80,"B",IF(E38>69,"C","D"))) -> #REF! | G38: =('[7]LÁT A'!N13+'[7]LÁT D'!N13+'[7]LÁT C'!N13+'[7]LÁT B'!N13)*0.4+'[7]MỦ DÂY'!AH13*0.5 -> 16 | H38: =G38*IF(F38="A",#REF!,IF(F38="B",#REF!,IF(F38="C",#REF!,#REF!))) -> #REF! | I38: =A38+H38 -> #REF! | J38: 26 | K38: 26 | L38: Thảo Hơ Phơ | P38: x | Q38: cn1 | S38: x | T38: x | U38: x1 | V38: x | W38: x | Y38: x1 | Z38: x | AA38: x | AB38: x | AE38: cn | AG38: x1 | AH38: x | AI38: x | AJ38: x | AL38: cn | AM38: x | AN38: x | AO38: x1 | AP38: x | AR38: =COUNTIF(M38:AQ38,"X") -> 14 | AS38: =+COUNTIF(M38:AQ38,"CN") -> 2 | AT38: =COUNTIF(M38:AQ38,"X1") -> 4 | AU38: =+COUNTIF(M38:AQ38,"CN1") -> 1 | AV38: =+SUM(AR38:AU38) -> 21 | AX38: =IF(AV38=31,20,IF(AV38>=25,10)) -> FALSE
A39: =#REF!*#REF!+#REF!*#REF! -> #REF! | B39: =IF(#REF!>15,40,IF(#REF!>12,35,IF(#REF!>9,30,25))) -> #REF! | C39: B | D39: =IF(C39="A",60,IF(C39="B",50,IF(C39="C",45,40))) -> 50 | E39: =D39+B39 -> #REF! | F39: =IF(E39>94,"A",IF(E39>80,"B",IF(E39>69,"C","D"))) -> #REF! | G39: =('[7]LÁT A'!N14+'[7]LÁT D'!N14+'[7]LÁT C'!N14+'[7]LÁT B'!N14)*0.4+'[7]MỦ DÂY'!AH14*0.5 -> 24 | H39: =G39*IF(F39="A",#REF!,IF(F39="B",#REF!,IF(F39="C",#REF!,#REF!))) -> #REF! | I39: =A39+H39 -> #REF! | J39: 27 | K39: 27 | L39: Thảo Lay | M39: x | N39: x | O39: x | P39: x | Q39: cn | R39: x | S39: x | T39: x | U39: x | V39: x | W39: x | X39: cn | Y39: x | Z39: x | AA39: x | AB39: x | AC39: x | AD39: x | AE39: cn | AF39: x | AG39: x | AH39: x | AI39: x | AJ39: x | AK39: x | AL39: cn | AM39: x | AN39: x | AO39: x | AP39: x | AQ39: x | AR39: =COUNTIF(M39:AQ39,"X") -> 27 | AS39: =+COUNTIF(M39:AQ39,"CN") -> 4 | AT39: =COUNTIF(M39:AQ39,"X1") -> 0 | AU39: =+COUNTIF(M39:AQ39,"CN1") -> 0 | AV39: =+SUM(AR39:AU39) -> 31 | AX39: =IF(AV39=31,20,IF(AV39>=25,10)) -> 20
A40: =#REF!*#REF!+#REF!*#REF! -> #REF! | B40: =IF(#REF!>15,40,IF(#REF!>12,35,IF(#REF!>9,30,25))) -> #REF! | C40: B | D40: =IF(C40="A",60,IF(C40="B",50,IF(C40="C",45,40))) -> 50 | E40: =D40+B40 -> #REF! | F40: =IF(E40>94,"A",IF(E40>80,"B",IF(E40>69,"C","D"))) -> #REF! | G40: =('[7]LÁT A'!N15+'[7]LÁT D'!N15+'[7]LÁT C'!N15+'[7]LÁT B'!N15)*0.4+'[7]MỦ DÂY'!AH15*0.5 -> 24 | H40: =G40*IF(F40="A",#REF!,IF(F40="B",#REF!,IF(F40="C",#REF!,#REF!))) -> #REF! | I40: =A40+H40 -> #REF! | J40: 28 | K40: 28 | L40: Thảo Khốc | P40: x | Q40: cn | R40: x | S40: x | T40: x | U40: x | V40: x | W40: x | X40: cn | Y40: x | Z40: x | AB40: x | AC40: x | AD40: x | AE40: cn | AF40: x | AG40: x | AH40: x | AI40: x | AJ40: x | AM40: x | AN40: x | AQ40: x | AR40: =COUNTIF(M40:AQ40,"X") -> 20 | AS40: =+COUNTIF(M40:AQ40,"CN") -> 3 | AT40: =COUNTIF(M40:AQ40,"X1") -> 0 | AU40: =+COUNTIF(M40:AQ40,"CN1") -> 0 | AV40: =+SUM(AR40:AU40) -> 23 | AX40: =IF(AV40=31,20,IF(AV40>=25,10)) -> FALSE
A41: =#REF!*#REF!+#REF!*#REF! -> #REF! | B41: =IF(#REF!>15,40,IF(#REF!>12,35,IF(#REF!>9,30,25))) -> #REF! | C41: B | D41: =IF(C41="A",60,IF(C41="B",50,IF(C41="C",45,40))) -> 50 | E41: =D41+B41 -> #REF! | F41: =IF(E41>94,"A",IF(E41>80,"B",IF(E41>69,"C","D"))) -> #REF! | G41: =('[7]LÁT A'!N16+'[7]LÁT D'!N16+'[7]LÁT C'!N16+'[7]LÁT B'!N16)*0.4+'[7]MỦ DÂY'!AH16*0.5 -> 0 | H41: =G41*IF(F41="A",#REF!,IF(F41="B",#REF!,IF(F41="C",#REF!,#REF!))) -> #REF! | I41: =A41+H41 -> #REF! | J41: 29 | K41: 29 | L41: Thảo Sợt | P41: x | Q41: cn | R41: x | S41: x | T41: x | U41: x | V41: x | W41: x | X41: cn | Y41: x | Z41: x | AB41: x | AC41: x | AD41: x | AE41: cn | AF41: x | AG41: x | AH41: x | AI41: x | AJ41: x | AM41: x | AN41: x | AQ41: x | AR41: =COUNTIF(M41:AQ41,"X") -> 20 | AS41: =+COUNTIF(M41:AQ41,"CN") -> 3 | AT41: =COUNTIF(M41:AQ41,"X1") -> 0 | AU41: =+COUNTIF(M41:AQ41,"CN1") -> 0 | AV41: =+SUM(AR41:AU41) -> 23 | AX41: =IF(AV41=31,20,IF(AV41>=25,10)) -> FALSE | BK41: =106-23 -> 83
A42: =#REF!*#REF!+#REF!*#REF! -> #REF! | B42: =IF(#REF!>15,40,IF(#REF!>12,35,IF(#REF!>9,30,25))) -> #REF! | C42: B | D42: =IF(C42="A",60,IF(C42="B",50,IF(C42="C",45,40))) -> 50 | E42: =D42+B42 -> #REF! | F42: =IF(E42>94,"A",IF(E42>80,"B",IF(E42>69,"C","D"))) -> #REF! | G42: =('[7]LÁT A'!N17+'[7]LÁT D'!N17+'[7]LÁT C'!N17+'[7]LÁT B'!N17)*0.4+'[7]MỦ DÂY'!AH17*0.5 -> 0 | H42: =G42*IF(F42="A",#REF!,IF(F42="B",#REF!,IF(F42="C",#REF!,#REF!))) -> #REF! | I42: =A42+H42 -> #REF! | J42: 30 | K42: 30 | L42: Thảo Văn | M42: x | P42: x | Q42: cn | R42: x | S42: x | T42: x | U42: x | V42: x | W42: x | X42: cn | Y42: x | Z42: x | AA42: x | AB42: x | AC42: x | AD42: x | AE42: cn | AF42: x | AG42: x | AH42: x | AI42: x | AJ42: x | AK42: x | AL42: cn | AN42: x | AO42: x | AP42: x | AQ42: x | AR42: =COUNTIF(M42:AQ42,"X") -> 24 | AS42: =+COUNTIF(M42:AQ42,"CN") -> 4 | AT42: =COUNTIF(M42:AQ42,"X1") -> 0 | AU42: =+COUNTIF(M42:AQ42,"CN1") -> 0 | AV42: =+SUM(AR42:AU42) -> 28 | AX42: =IF(AV42=31,20,IF(AV42>=25,10)) -> 10
A43: =#REF!*#REF!+#REF!*#REF! -> #REF! | B43: =IF(#REF!>15,40,IF(#REF!>12,35,IF(#REF!>9,30,25))) -> #REF! | C43: B | D43: =IF(C43="A",60,IF(C43="B",50,IF(C43="C",45,40))) -> 50 | E43: =D43+B43 -> #REF! | F43: =IF(E43>94,"A",IF(E43>80,"B",IF(E43>69,"C","D"))) -> #REF! | G43: =('[7]LÁT A'!N18+'[7]LÁT D'!N18+'[7]LÁT C'!N18+'[7]LÁT B'!N18)*0.4+'[7]MỦ DÂY'!AH18*0.5 -> 16 | H43: =G43*IF(F43="A",#REF!,IF(F43="B",#REF!,IF(F43="C",#REF!,#REF!))) -> #REF! | I43: =A43+H43 -> #REF! | J43: 31 | K43: 31 | L43: Thảo Thong | P43: x | Q43: cn | R43: x | S43: x | T43: x | U43: x | V43: x | W43: x | X43: cn | Y43: x | Z43: x | AA43: x | AB43: x | AC43: x | AE43: cn | AF43: x | AG43: x | AH43: x | AI43: x | AJ43: x | AL43: cn | AN43: x | AO43: x | AP43: x | AQ43: x | AR43: =COUNTIF(M43:AQ43,"X") -> 21 | AS43: =+COUNTIF(M43:AQ43,"CN") -> 4 | AT43: =COUNTIF(M43:AQ43,"X1") -> 0 | AU43: =+COUNTIF(M43:AQ43,"CN1") -> 0 | AV43: =+SUM(AR43:AU43) -> 25 | AX43: =IF(AV43=31,20,IF(AV43>=25,10)) -> 10
A44: =#REF!*#REF!+#REF!*#REF! -> #REF! | B44: =IF(#REF!>15,40,IF(#REF!>12,35,IF(#REF!>9,30,25))) -> #REF! | C44: B | D44: =IF(C44="A",60,IF(C44="B",50,IF(C44="C",45,40))) -> 50 | E44: =D44+B44 -> #REF! | F44: =IF(E44>94,"A",IF(E44>80,"B",IF(E44>69,"C","D"))) -> #REF! | G44: =('[7]LÁT A'!N23+'[7]LÁT D'!N23+'[7]LÁT C'!N23+'[7]LÁT B'!N23)*0.4+'[7]MỦ DÂY'!AH23*0.5 -> 16 | H44: =G44*IF(F44="A",#REF!,IF(F44="B",#REF!,IF(F44="C",#REF!,#REF!))) -> #REF! | I44: =A44+H44 -> #REF! | J44: 32 | K44: 32 | L44: Nàng Ngột | P44: x | Q44: cn | R44: x | S44: x | T44: x | U44: x | V44: x | W44: x | X44: cn | Y44: x | Z44: x | AA44: x | AB44: x | AC44: x | AE44: cn | AF44: x | AG44: x | AH44: x | AI44: x | AJ44: x | AL44: cn | AN44: x | AO44: x | AP44: x | AQ44: x | AR44: =COUNTIF(M44:AQ44,"X") -> 21 | AS44: =+COUNTIF(M44:AQ44,"CN") -> 4 | AT44: =COUNTIF(M44:AQ44,"X1") -> 0 | AU44: =+COUNTIF(M44:AQ44,"CN1") -> 0 | AV44: =+SUM(AR44:AU44) -> 25 | AX44: =IF(AV44=31,20,IF(AV44>=25,10)) -> 10
A45: =#REF!*#REF!+#REF!*#REF! -> #REF! | B45: =IF(#REF!>15,40,IF(#REF!>12,35,IF(#REF!>9,30,25))) -> #REF! | C45: B | D45: =IF(C45="A",60,IF(C45="B",50,IF(C45="C",45,40))) -> 50 | E45: =D45+B45 -> #REF! | F45: =IF(E45>94,"A",IF(E45>80,"B",IF(E45>69,"C","D"))) -> #REF! | G45: =('[7]LÁT A'!N20+'[7]LÁT D'!N20+'[7]LÁT C'!N20+'[7]LÁT B'!N20)*0.4+'[7]MỦ DÂY'!AH20*0.5 -> 12.8 | H45: =G45*IF(F45="A",#REF!,IF(F45="B",#REF!,IF(F45="C",#REF!,#REF!))) -> #REF! | I45: =A45+H45 -> #REF! | J45: 33 | K45: 33 | L45: Nàng Chon | P45: x | Q45: cn | S45: x | T45: x | U45: x | V45: x | W45: x | Y45: x | Z45: x | AA45: x | AB45: x | AE45: cn | AG45: x | AH45: x | AI45: x | AJ45: x | AL45: cn | AM45: x | AN45: x | AO45: x | AP45: x | AR45: =COUNTIF(M45:AQ45,"X") -> 18 | AS45: =+COUNTIF(M45:AQ45,"CN") -> 3 | AT45: =COUNTIF(M45:AQ45,"X1") -> 0 | AU45: =+COUNTIF(M45:AQ45,"CN1") -> 0 | AV45: =+SUM(AR45:AU45) -> 21 | AX45: =IF(AV45=31,20,IF(AV45>=25,10)) -> FALSE
A46: =#REF!*#REF!+#REF!*#REF! -> #REF! | B46: =IF(#REF!>15,40,IF(#REF!>12,35,IF(#REF!>9,30,25))) -> #REF! | C46: B | D46: =IF(C46="A",60,IF(C46="B",50,IF(C46="C",45,40))) -> 50 | E46: =D46+B46 -> #REF! | F46: =IF(E46>94,"A",IF(E46>80,"B",IF(E46>69,"C","D"))) -> #REF! | G46: =('[7]LÁT A'!N21+'[7]LÁT D'!N21+'[7]LÁT C'!N21+'[7]LÁT B'!N21)*0.4+'[7]MỦ DÂY'!AH21*0.5 -> 44.8 | H46: =G46*IF(F46="A",#REF!,IF(F46="B",#REF!,IF(F46="C",#REF!,#REF!))) -> #REF! | I46: =A46+H46 -> #REF! | J46: 34 | K46: 34 | L46: Bun han | M46: x | P46: x | Q46: cn | R46: x | S46: x | T46: x | U46: x | V46: x | W46: x | X46: cn | Y46: x | Z46: x | AA46: x | AB46: x | AE46: cn | AF46: x | AG46: x | AH46: x | AI46: x | AJ46: x | AL46: cn | AM46: x | AN46: x | AO46: x | AP46: x | AQ46: x | AR46: =COUNTIF(M46:AQ46,"X") -> 22 | AS46: =+COUNTIF(M46:AQ46,"CN") -> 4 | AT46: =COUNTIF(M46:AQ46,"X1") -> 0 | AU46: =+COUNTIF(M46:AQ46,"CN1") -> 0 | AV46: =+SUM(AR46:AU46) -> 26 | AX46: =IF(AV46=31,20,IF(AV46>=25,10)) -> 10
A47: =#REF!*#REF!+#REF!*#REF! -> #REF! | B47: =IF(#REF!>15,40,IF(#REF!>12,35,IF(#REF!>9,30,25))) -> #REF! | C47: B | D47: =IF(C47="A",60,IF(C47="B",50,IF(C47="C",45,40))) -> 50 | E47: =D47+B47 -> #REF! | F47: =IF(E47>94,"A",IF(E47>80,"B",IF(E47>69,"C","D"))) -> #REF! | G47: =('[7]LÁT A'!N22+'[7]LÁT D'!N22+'[7]LÁT C'!N22+'[7]LÁT B'!N22)*0.4+'[7]MỦ DÂY'!AH22*0.5 -> 0 | H47: =G47*IF(F47="A",#REF!,IF(F47="B",#REF!,IF(F47="C",#REF!,#REF!))) -> #REF! | I47: =A47+H47 -> #REF! | J47: 35 | K47: 35 | L47: Hăn | M47: x | P47: x | Q47: cn | R47: x | S47: x | T47: x | U47: x | V47: x | W47: x | X47: cn | Y47: x | Z47: x | AA47: x | AB47: x | AE47: cn | AF47: x | AG47: x | AH47: x | AI47: x | AK47: x | AL47: cn | AN47: x | AO47: x | AP47: x | AQ47: x | AR47: =COUNTIF(M47:AQ47,"X") -> 21 | AS47: =+COUNTIF(M47:AQ47,"CN") -> 4 | AT47: =COUNTIF(M47:AQ47,"X1") -> 0 | AU47: =+COUNTIF(M47:AQ47,"CN1") -> 0 | AV47: =+SUM(AR47:AU47) -> 25 | AX47: =IF(AV47=31,20,IF(AV47>=25,10)) -> 10
A48: =#REF!*#REF!+#REF!*#REF! -> #REF! | B48: =IF(#REF!>15,40,IF(#REF!>12,35,IF(#REF!>9,30,25))) -> #REF! | C48: B | D48: =IF(C48="A",60,IF(C48="B",50,IF(C48="C",45,40))) -> 50 | E48: =D48+B48 -> #REF! | F48: =IF(E48>94,"A",IF(E48>80,"B",IF(E48>69,"C","D"))) -> #REF! | G48: =('[7]LÁT A'!N23+'[7]LÁT D'!N23+'[7]LÁT C'!N23+'[7]LÁT B'!N23)*0.4+'[7]MỦ DÂY'!AH23*0.5 -> 16 | H48: =G48*IF(F48="A",#REF!,IF(F48="B",#REF!,IF(F48="C",#REF!,#REF!))) -> #REF! | I48: =A48+H48 -> #REF! | J48: 36 | K48: 36 | L48: Thảo Tuỳ | M48: x | N48: x | O48: x | P48: x | Q48: cn | R48: x | S48: x | T48: x | U48: x | V48: x | W48: x | X48: cn | Y48: x | Z48: x | AA48: x | AB48: x | AC48: x | AD48: x | AE48: cn | AF48: x | AG48: x | AH48: x | AI48: x | AJ48: x | AK48: x | AL48: cn | AM48: x | AN48: x | AO48: x | AP48: x | AQ48: x | AR48: =COUNTIF(M48:AQ48,"X") -> 27 | AS48: =+COUNTIF(M48:AQ48,"CN") -> 4 | AT48: =COUNTIF(M48:AQ48,"X1") -> 0 | AU48: =+COUNTIF(M48:AQ48,"CN1") -> 0 | AV48: =+SUM(AR48:AU48) -> 31 | AX48: =IF(AV48=31,20,IF(AV48>=25,10)) -> 20
A49: =#REF!*#REF!+#REF!*#REF! -> #REF! | B49: =IF(#REF!>15,40,IF(#REF!>12,35,IF(#REF!>9,30,25))) -> #REF! | J49: B | K49: TỔ 2 | M49: =COUNTIF(M50:M64,"X")+COUNTIF(M50:M64,"CN") -> 15 | N49: =COUNTIF(N50:N64,"X")+COUNTIF(N50:N64,"CN") -> 15 | O49: =COUNTIF(O50:O64,"X")+COUNTIF(O50:O64,"CN") -> 15 | P49: =COUNTIF(P50:P64,"X")+COUNTIF(P50:P64,"CN") -> 15 | Q49: =COUNTIF(Q50:Q64,"X")+COUNTIF(Q50:Q64,"CN") -> 15 | R49: =COUNTIF(R50:R64,"X")+COUNTIF(R50:R64,"CN") -> 15 | S49: =COUNTIF(S50:S64,"X")+COUNTIF(S50:S64,"CN") -> 15 | T49: =COUNTIF(T50:T64,"X")+COUNTIF(T50:T64,"CN") -> 15 | ... AQ49: =COUNTIF(AQ50:AQ64,"X")+COUNTIF(AQ50:AQ64,"CN") -> 15 | AR49: =SUM(AR50:AR64) -> 390 | AS49: =SUM(AS50:AS64) -> 59 | AT49: =SUM(AT50:AT64) -> 0 | AU49: =SUM(AU50:AU64) -> 0 | AV49: =SUM(AV50:AV64) -> 449 | AX49: =SUM(AX50:AX64) -> 220
A50: =#REF!*#REF!+#REF!*#REF! -> #REF! | B50: =IF(#REF!>15,40,IF(#REF!>12,35,IF(#REF!>9,30,25))) -> #REF! | C50: B | D50: =IF(C50="A",60,IF(C50="B",50,IF(C50="C",45,40))) -> 50 | E50: =D50+B50 -> #REF! | F50: =IF(E50>94,"A",IF(E50>80,"B",IF(E50>69,"C","D"))) -> #REF! | G50: =('[7]LÁT A'!N33+'[7]LÁT D'!N33+'[7]LÁT C'!N33+'[7]LÁT B'!N33)*0.4+'[7]MỦ DÂY'!AH33*0.5 -> 19.2 | H50: =G50*IF(F50="A",#REF!,IF(F50="B",#REF!,IF(F50="C",#REF!,#REF!))) -> #REF! | I50: =A50+H50 -> #REF! | J50: 37 | K50: 1 | L50: Thảo tít | M50: x | N50: x | O50: x | P50: x | Q50: cn | R50: x | S50: x | T50: x | U50: x | V50: x | W50: x | X50: cn | Y50: x | AA50: x | AB50: x | AC50: x | AD50: x | AE50: cn | AF50: x | AG50: x | AH50: x | AI50: x | AJ50: x | AK50: x | AL50: cn | AM50: x | AN50: x | AO50: x | AP50: x | AQ50: x | AR50: =COUNTIF(M50:AQ50,"X") -> 26 | AS50: =+COUNTIF(M50:AQ50,"CN") -> 4 | AT50: =COUNTIF(M50:AQ50,"X1") -> 0 | AU50: =+COUNTIF(M50:AQ50,"CN1") -> 0 | AV50: =+SUM(AR50:AU50) -> 30 | AX50: =IF(AV50=31,20,IF(AV50>=25,10)) -> 10
A51: =#REF!*#REF!+#REF!*#REF! -> #REF! | B51: =IF(#REF!>15,40,IF(#REF!>12,35,IF(#REF!>9,30,25))) -> #REF! | C51: B | D51: =IF(C51="A",60,IF(C51="B",50,IF(C51="C",45,40))) -> 50 | E51: =D51+B51 -> #REF! | F51: =IF(E51>94,"A",IF(E51>80,"B",IF(E51>69,"C","D"))) -> #REF! | G51: =('[7]LÁT A'!N34+'[7]LÁT D'!N34+'[7]LÁT C'!N34+'[7]LÁT B'!N34)*0.4+'[7]MỦ DÂY'!AH34*0.5 -> 22.4 | H51: =G51*IF(F51="A",#REF!,IF(F51="B",#REF!,IF(F51="C",#REF!,#REF!))) -> #REF! | I51: =A51+H51 -> #REF! | J51: 38 | K51: 2 | L51: Thảo ớt | M51: x | N51: x | O51: x | P51: x | Q51: cn | R51: x | S51: x | T51: x | U51: x | V51: x | W51: x | X51: cn | Y51: x | Z51: x | AA51: x | AB51: x | AC51: x | AD51: x | AE51: cn | AF51: x | AG51: x | AH51: x | AI51: x | AJ51: x | AK51: x | AL51: cn | AM51: x | AN51: x | AO51: x | AP51: x | AQ51: x | AR51: =COUNTIF(M51:AQ51,"X") -> 27 | AS51: =+COUNTIF(M51:AQ51,"CN") -> 4 | AT51: =COUNTIF(M51:AQ51,"X1") -> 0 | AU51: =+COUNTIF(M51:AQ51,"CN1") -> 0 | AV51: =+SUM(AR51:AU51) -> 31 | AX51: =IF(AV51=31,20,IF(AV51>=25,10)) -> 20
A52: =#REF!*#REF!+#REF!*#REF! -> #REF! | B52: =IF(#REF!>15,40,IF(#REF!>12,35,IF(#REF!>9,30,25))) -> #REF! | C52: B | D52: =IF(C52="A",60,IF(C52="B",50,IF(C52="C",45,40))) -> 50 | E52: =D52+B52 -> #REF! | F52: =IF(E52>94,"A",IF(E52>80,"B",IF(E52>69,"C","D"))) -> #REF! | G52: =('[7]LÁT A'!N35+'[7]LÁT D'!N35+'[7]LÁT C'!N35+'[7]LÁT B'!N35)*0.4+'[7]MỦ DÂY'!AH35*0.5 -> 17.6 | H52: =G52*IF(F52="A",#REF!,IF(F52="B",#REF!,IF(F52="C",#REF!,#REF!))) -> #REF! | I52: =A52+H52 -> #REF! | J52: 39 | K52: 3 | L52: Nàng Ọt | M52: x | N52: x | O52: x | P52: x | Q52: cn | R52: x | S52: x | T52: x | U52: x | V52: x | W52: x | X52: cn | Y52: x | Z52: x | AA52: x | AB52: x | AC52: x | AD52: x | AE52: cn | AF52: x | AG52: x | AH52: x | AI52: x | AJ52: x | AK52: x | AL52: cn | AM52: x | AN52: x | AO52: x | AP52: x | AQ52: x | AR52: =COUNTIF(M52:AQ52,"X") -> 27 | AS52: =+COUNTIF(M52:AQ52,"CN") -> 4 | AT52: =COUNTIF(M52:AQ52,"X1") -> 0 | AU52: =+COUNTIF(M52:AQ52,"CN1") -> 0 | AV52: =+SUM(AR52:AU52) -> 31 | AX52: =IF(AV52=31,20,IF(AV52>=25,10)) -> 20
A53: =#REF!*#REF!+#REF!*#REF! -> #REF! | B53: =IF(#REF!>15,40,IF(#REF!>12,35,IF(#REF!>9,30,25))) -> #REF! | C53: B | D53: =IF(C53="A",60,IF(C53="B",50,IF(C53="C",45,40))) -> 50 | E53: =D53+B53 -> #REF! | F53: =IF(E53>94,"A",IF(E53>80,"B",IF(E53>69,"C","D"))) -> #REF! | G53: =('[7]LÁT A'!N36+'[7]LÁT D'!N36+'[7]LÁT C'!N36+'[7]LÁT B'!N36)*0.4+'[7]MỦ DÂY'!AH36*0.5 -> 16 | H53: =G53*IF(F53="A",#REF!,IF(F53="B",#REF!,IF(F53="C",#REF!,#REF!))) -> #REF! | I53: =A53+H53 -> #REF! | J53: 40 | K53: 4 | L53: Thào Tòng | M53: x | N53: x | O53: x | P53: x | Q53: cn | R53: x | S53: x | T53: x | U53: x | V53: x | W53: x | X53: cn | Y53: x | Z53: x | AA53: x | AB53: x | AC53: x | AD53: x | AE53: cn | AF53: x | AG53: x | AH53: x | AI53: x | AJ53: x | AK53: x | AL53: cn | AM53: x | AN53: x | AO53: x | AP53: x | AQ53: x | AR53: =COUNTIF(M53:AQ53,"X") -> 27 | AS53: =+COUNTIF(M53:AQ53,"CN") -> 4 | AT53: =COUNTIF(M53:AQ53,"X1") -> 0 | AU53: =+COUNTIF(M53:AQ53,"CN1") -> 0 | AV53: =+SUM(AR53:AU53) -> 31 | AX53: =IF(AV53=31,20,IF(AV53>=25,10)) -> 20
A54: =#REF!*#REF!+#REF!*#REF! -> #REF! | B54: =IF(#REF!>15,40,IF(#REF!>12,35,IF(#REF!>9,30,25))) -> #REF! | C54: B | D54: =IF(C54="A",60,IF(C54="B",50,IF(C54="C",45,40))) -> 50 | E54: =D54+B54 -> #REF! | F54: =IF(E54>94,"A",IF(E54>80,"B",IF(E54>69,"C","D"))) -> #REF! | G54: =('[7]LÁT A'!N37+'[7]LÁT D'!N37+'[7]LÁT C'!N37+'[7]LÁT B'!N37)*0.4+'[7]MỦ DÂY'!AH37*0.5 -> 17.6 | H54: =G54*IF(F54="A",#REF!,IF(F54="B",#REF!,IF(F54="C",#REF!,#REF!))) -> #REF! | I54: =A54+H54 -> #REF! | J54: 41 | K54: 5 | L54: Nàng Nơm | M54: x | N54: x | O54: x | P54: x | Q54: cn | R54: x | S54: x | T54: x | U54: x | V54: x | W54: x | X54: cn | Y54: x | Z54: x | AA54: x | AB54: x | AC54: x | AD54: x | AE54: cn | AF54: x | AG54: x | AH54: x | AI54: x | AJ54: x | AK54: x | AL54: cn | AM54: x | AN54: x | AO54: x | AP54: x | AQ54: x | AR54: =COUNTIF(M54:AQ54,"X") -> 27 | AS54: =+COUNTIF(M54:AQ54,"CN") -> 4 | AT54: =COUNTIF(M54:AQ54,"X1") -> 0 | AU54: =+COUNTIF(M54:AQ54,"CN1") -> 0 | AV54: =+SUM(AR54:AU54) -> 31 | AX54: =IF(AV54=31,20,IF(AV54>=25,10)) -> 20
A55: =#REF!*#REF!+#REF!*#REF! -> #REF! | B55: =IF(#REF!>15,40,IF(#REF!>12,35,IF(#REF!>9,30,25))) -> #REF! | C55: B | D55: =IF(C55="A",60,IF(C55="B",50,IF(C55="C",45,40))) -> 50 | E55: =D55+B55 -> #REF! | F55: =IF(E55>94,"A",IF(E55>80,"B",IF(E55>69,"C","D"))) -> #REF! | G55: =('[7]LÁT A'!N38+'[7]LÁT D'!N38+'[7]LÁT C'!N38+'[7]LÁT B'!N38)*0.4+'[7]MỦ DÂY'!AH38*0.5 -> 0 | H55: =G55*IF(F55="A",#REF!,IF(F55="B",#REF!,IF(F55="C",#REF!,#REF!))) -> #REF! | I55: =A55+H55 -> #REF! | J55: 42 | K55: 6 | L55: Thảo Ây | M55: x | N55: x | O55: x | P55: x | Q55: cn | R55: x | S55: x | T55: x | U55: x | V55: x | W55: x | X55: cn | Y55: x | Z55: x | AA55: x | AB55: x | AC55: x | AD55: x | AE55: cn | AF55: x | AG55: x | AH55: x | AI55: x | AJ55: x | AK55: x | AL55: cn | AM55: x | AN55: x | AO55: x | AP55: x | AQ55: x | AR55: =COUNTIF(M55:AQ55,"X") -> 27 | AS55: =+COUNTIF(M55:AQ55,"CN") -> 4 | AT55: =COUNTIF(M55:AQ55,"X1") -> 0 | AU55: =+COUNTIF(M55:AQ55,"CN1") -> 0 | AV55: =+SUM(AR55:AU55) -> 31 | AX55: =IF(AV55=31,20,IF(AV55>=25,10)) -> 20
J56: 43 | K56: 7 | L56: Thảo Âm Thong | M56: x | N56: x | O56: x | P56: x | Q56: cn | R56: x | S56: x | T56: x | V56: x | W56: x | X56: cn | Y56: x | Z56: x | AA56: x | AB56: x | AD56: x | AG56: x | AH56: x | AI56: x | AJ56: x | AK56: x | AL56: cn | AM56: x | AN56: x | AO56: x | AP56: x | AQ56: x | AR56: =COUNTIF(M56:AQ56,"X") -> 24 | AS56: =+COUNTIF(M56:AQ56,"CN") -> 3 | AT56: =COUNTIF(M56:AQ56,"X1") -> 0 | AU56: =+COUNTIF(M56:AQ56,"CN1") -> 0 | AV56: =+SUM(AR56:AU56) -> 27
J57: 44 | K57: 8 | L57: Nàng phon | M57: x | N57: x | O57: x | P57: x | Q57: cn | R57: x | S57: x | T57: x | V57: x | W57: x | X57: cn | Y57: x | Z57: x | AA57: x | AB57: x | AC57: x | AD57: x | AE57: cn | AH57: x | AI57: x | AJ57: x | AK57: x | AL57: cn | AM57: x | AN57: x | AO57: x | AP57: x | AQ57: x | AR57: =COUNTIF(M57:AQ57,"X") -> 24 | AS57: =+COUNTIF(M57:AQ57,"CN") -> 4 | AT57: =COUNTIF(M57:AQ57,"X1") -> 0 | AU57: =+COUNTIF(M57:AQ57,"CN1") -> 0 | AV57: =+SUM(AR57:AU57) -> 28
A58: =#REF!*#REF!+#REF!*#REF! -> #REF! | B58: =IF(#REF!>15,40,IF(#REF!>12,35,IF(#REF!>9,30,25))) -> #REF! | C58: B | D58: =IF(C58="A",60,IF(C58="B",50,IF(C58="C",45,40))) -> 50 | E58: =D58+B58 -> #REF! | F58: =IF(E58>94,"A",IF(E58>80,"B",IF(E58>69,"C","D"))) -> #REF! | G58: =('[7]LÁT A'!N39+'[7]LÁT D'!N39+'[7]LÁT C'!N39+'[7]LÁT B'!N39)*0.4+'[7]MỦ DÂY'!AH39*0.5 -> 16 | H58: =G58*IF(F58="A",#REF!,IF(F58="B",#REF!,IF(F58="C",#REF!,#REF!))) -> #REF! | I58: =A58+H58 -> #REF! | J58: 45 | K58: 9 | L58: Thảo phắt | M58: x | N58: x | O58: x | P58: x | Q58: cn | R58: x | S58: x | T58: x | U58: x | V58: x | W58: x | X58: cn | Y58: x | Z58: x | AA58: x | AB58: x | AC58: x | AD58: x | AE58: cn | AF58: x | AG58: x | AH58: x | AI58: x | AJ58: x | AK58: x | AL58: cn | AM58: x | AN58: x | AO58: x | AP58: x | AQ58: x | AR58: =COUNTIF(M58:AQ58,"X") -> 27 | AS58: =+COUNTIF(M58:AQ58,"CN") -> 4 | AT58: =COUNTIF(M58:AQ58,"X1") -> 0 | AU58: =+COUNTIF(M58:AQ58,"CN1") -> 0 | AV58: =+SUM(AR58:AU58) -> 31 | AX58: =IF(AV58=31,20,IF(AV58>=25,10)) -> 20
A59: =#REF!*#REF!+#REF!*#REF! -> #REF! | B59: =IF(#REF!>15,40,IF(#REF!>12,35,IF(#REF!>9,30,25))) -> #REF! | C59: B | D59: =IF(C59="A",60,IF(C59="B",50,IF(C59="C",45,40))) -> 50 | E59: =D59+B59 -> #REF! | F59: =IF(E59>94,"A",IF(E59>80,"B",IF(E59>69,"C","D"))) -> #REF! | G59: =('[7]LÁT A'!N40+'[7]LÁT D'!N40+'[7]LÁT C'!N40+'[7]LÁT B'!N40)*0.4+'[7]MỦ DÂY'!AH40*0.5 -> 0 | H59: =G59*IF(F59="A",#REF!,IF(F59="B",#REF!,IF(F59="C",#REF!,#REF!))) -> #REF! | I59: =A59+H59 -> #REF! | J59: 46 | K59: 10 | L59: Thảo Phon Say | M59: x | N59: x | O59: x | P59: x | Q59: cn | R59: x | S59: x | T59: x | U59: x | V59: x | W59: x | X59: cn | Y59: x | Z59: x | AA59: x | AB59: x | AC59: x | AD59: x | AE59: cn | AF59: x | AG59: x | AH59: x | AI59: x | AJ59: x | AK59: x | AL59: cn | AM59: x | AN59: x | AO59: x | AP59: x | AQ59: x | AR59: =COUNTIF(M59:AQ59,"X") -> 27 | AS59: =+COUNTIF(M59:AQ59,"CN") -> 4 | AT59: =COUNTIF(M59:AQ59,"X1") -> 0 | AU59: =+COUNTIF(M59:AQ59,"CN1") -> 0 | AV59: =+SUM(AR59:AU59) -> 31 | AX59: =IF(AV59=31,20,IF(AV59>=25,10)) -> 20
A60: =#REF!*#REF!+#REF!*#REF! -> #REF! | B60: =IF(#REF!>15,40,IF(#REF!>12,35,IF(#REF!>9,30,25))) -> #REF! | C60: B | D60: =IF(C60="A",60,IF(C60="B",50,IF(C60="C",45,40))) -> 50 | E60: =D60+B60 -> #REF! | F60: =IF(E60>94,"A",IF(E60>80,"B",IF(E60>69,"C","D"))) -> #REF! | G60: =('[7]LÁT A'!N41+'[7]LÁT D'!N41+'[7]LÁT C'!N41+'[7]LÁT B'!N41)*0.4+'[7]MỦ DÂY'!AH41*0.5 -> 0 | H60: =G60*IF(F60="A",#REF!,IF(F60="B",#REF!,IF(F60="C",#REF!,#REF!))) -> #REF! | I60: =A60+H60 -> #REF! | J60: 47 | K60: 11 | L60: Nàng Pít | M60: x | N60: x | O60: x | P60: x | Q60: cn | R60: x | S60: x | T60: x | U60: x | V60: x | W60: x | X60: cn | Y60: x | AA60: x | AB60: x | AC60: x | AD60: x | AE60: cn | AF60: x | AG60: x | AH60: x | AI60: x | AJ60: x | AK60: x | AL60: cn | AM60: x | AN60: x | AO60: x | AP60: x | AQ60: x | AR60: =COUNTIF(M60:AQ60,"X") -> 26 | AS60: =+COUNTIF(M60:AQ60,"CN") -> 4 | AT60: =COUNTIF(M60:AQ60,"X1") -> 0 | AU60: =+COUNTIF(M60:AQ60,"CN1") -> 0 | AV60: =+SUM(AR60:AU60) -> 30 | AX60: =IF(AV60=31,20,IF(AV60>=25,10)) -> 10
A61: =#REF!*#REF!+#REF!*#REF! -> #REF! | B61: =IF(#REF!>15,40,IF(#REF!>12,35,IF(#REF!>9,30,25))) -> #REF! | C61: B | D61: =IF(C61="A",60,IF(C61="B",50,IF(C61="C",45,40))) -> 50 | E61: =D61+B61 -> #REF! | F61: =IF(E61>94,"A",IF(E61>80,"B",IF(E61>69,"C","D"))) -> #REF! | G61: =('[7]LÁT A'!N42+'[7]LÁT D'!N42+'[7]LÁT C'!N42+'[7]LÁT B'!N42)*0.4+'[7]MỦ DÂY'!AH42*0.5 -> 0 | H61: =G61*IF(F61="A",#REF!,IF(F61="B",#REF!,IF(F61="C",#REF!,#REF!))) -> #REF! | I61: =A61+H61 -> #REF! | J61: 48 | K61: 12 | L61: Thảo út | M61: x | N61: x | O61: x | P61: x | Q61: cn | R61: x | S61: x | T61: x | U61: x | V61: x | W61: x | X61: cn | Y61: x | Z61: x | AA61: x | AB61: x | AC61: x | AD61: x | AE61: cn | AF61: x | AG61: x | AH61: x | AI61: x | AJ61: x | AK61: x | AL61: cn | AM61: x | AN61: x | AO61: x | AP61: x | AQ61: x | AR61: =COUNTIF(M61:AQ61,"X") -> 27 | AS61: =+COUNTIF(M61:AQ61,"CN") -> 4 | AT61: =COUNTIF(M61:AQ61,"X1") -> 0 | AU61: =+COUNTIF(M61:AQ61,"CN1") -> 0 | AV61: =+SUM(AR61:AU61) -> 31 | AX61: =IF(AV61=31,20,IF(AV61>=25,10)) -> 20
A62: =#REF!*#REF!+#REF!*#REF! -> #REF! | B62: =IF(#REF!>15,40,IF(#REF!>12,35,IF(#REF!>9,30,25))) -> #REF! | C62: B | D62: =IF(C62="A",60,IF(C62="B",50,IF(C62="C",45,40))) -> 50 | E62: =D62+B62 -> #REF! | F62: =IF(E62>94,"A",IF(E62>80,"B",IF(E62>69,"C","D"))) -> #REF! | G62: =('[7]LÁT A'!N43+'[7]LÁT D'!N43+'[7]LÁT C'!N43+'[7]LÁT B'!N43)*0.4+'[7]MỦ DÂY'!AH43*0.5 -> 22.4 | H62: =G62*IF(F62="A",#REF!,IF(F62="B",#REF!,IF(F62="C",#REF!,#REF!))) -> #REF! | I62: =A62+H62 -> #REF! | J62: 49 | K62: 13 | L62: Nàng ăm | M62: x | N62: x | O62: x | P62: x | Q62: cn | R62: x | S62: x | T62: x | U62: x | V62: x | W62: x | X62: cn | Y62: x | AB62: x | AC62: x | AD62: x | AE62: cn | AH62: x | AI62: x | AJ62: x | AK62: x | AL62: cn | AM62: x | AN62: x | AO62: x | AP62: x | AQ62: x | AR62: =COUNTIF(M62:AQ62,"X") -> 23 | AS62: =+COUNTIF(M62:AQ62,"CN") -> 4 | AT62: =COUNTIF(M62:AQ62,"X1") -> 0 | AU62: =+COUNTIF(M62:AQ62,"CN1") -> 0 | AV62: =+SUM(AR62:AU62) -> 27 | AX62: =IF(AV62=31,20,IF(AV62>=25,10)) -> 10
A63: =#REF!*#REF!+#REF!*#REF! -> #REF! | J63: 50 | K63: 14 | L63: Nàng Phìn | M63: x | N63: x | O63: x | P63: x | Q63: cn | R63: x | S63: x | T63: x | U63: x | V63: x | W63: x | X63: cn | Y63: x | Z63: x | AA63: x | AB63: x | AC63: x | AD63: x | AE63: cn | AF63: x | AG63: x | AH63: x | AI63: x | AJ63: x | AK63: x | AL63: cn | AM63: x | AN63: x | AO63: x | AP63: x | AQ63: x | AR63: =COUNTIF(M63:AQ63,"X") -> 27 | AS63: =+COUNTIF(M63:AQ63,"CN") -> 4 | AT63: =COUNTIF(M63:AQ63,"X1") -> 0 | AU63: =+COUNTIF(M63:AQ63,"CN1") -> 0 | AV63: =+SUM(AR63:AU63) -> 31 | AX63: =IF(AV63=31,20,IF(AV63>=25,10)) -> 20
J64: 51 | K64: 15 | L64: May | M64: x | N64: x | O64: x | P64: x | Q64: cn | R64: x | S64: x | T64: x | U64: x | V64: x | W64: x | X64: cn | Y64: x | Z64: x | AB64: x | AC64: x | AD64: x | AE64: cn | AH64: x | AI64: x | AJ64: x | AK64: x | AL64: cn | AM64: x | AN64: x | AO64: x | AP64: x | AQ64: x | AR64: =COUNTIF(M64:AQ64,"X") -> 24 | AS64: =+COUNTIF(M64:AQ64,"CN") -> 4 | AT64: =COUNTIF(M64:AQ64,"X1") -> 0 | AU64: =+COUNTIF(M64:AQ64,"CN1") -> 0 | AV64: =+SUM(AR64:AU64) -> 28 | AX64: =IF(AV64=31,20,IF(AV64>=25,10)) -> 10
B65: =IF(#REF!>15,40,IF(#REF!>12,35,IF(#REF!>9,30,25))) -> #REF! | C65: B | D65: =IF(C65="A",60,IF(C65="B",50,IF(C65="C",45,40))) -> 50 | E65: =D65+B65 -> #REF! | F65: =IF(E65>94,"A",IF(E65>80,"B",IF(E65>69,"C","D"))) -> #REF! | G65: =('[7]LÁT A'!N44+'[7]LÁT D'!N44+'[7]LÁT C'!N44+'[7]LÁT B'!N44)*0.4+'[7]MỦ DÂY'!AH44*0.5 -> 24 | H65: =G65*IF(F65="A",#REF!,IF(F65="B",#REF!,IF(F65="C",#REF!,#REF!))) -> #REF! | I65: =A65+H65 -> #REF! | J65: C | K65: TỔ 3 | M65: =COUNTIF(M66:M81,"X")+COUNTIF(M66:M81,"CN") -> 10 | N65: =COUNTIF(N66:N81,"X")+COUNTIF(N66:N81,"CN") -> 10 | O65: =COUNTIF(O66:O81,"X")+COUNTIF(O66:O81,"CN") -> 14 | P65: =COUNTIF(P66:P81,"X")+COUNTIF(P66:P81,"CN") -> 14 | Q65: =COUNTIF(Q66:Q81,"X")+COUNTIF(Q66:Q81,"CN") -> 13 | R65: =COUNTIF(R66:R81,"X")+COUNTIF(R66:R81,"CN") -> 15 | S65: =COUNTIF(S66:S81,"X")+COUNTIF(S66:S81,"CN") -> 13 | T65: =COUNTIF(T66:T81,"X")+COUNTIF(T66:T81,"CN") -> 11 | ... AQ65: =COUNTIF(AQ66:AQ81,"X")+COUNTIF(AQ66:AQ81,"CN") -> 11 | AR65: =SUM(AR66:AR81) -> 305 | AS65: =SUM(AS66:AS81) -> 41 | AT65: =SUM(AT66:AT81) -> 0 | AU65: =SUM(AU66:AU81) -> 0 | AV65: =SUM(AV66:AV81) -> 346 | AX65: =SUM(AX66:AX81) -> 20
B66: =IF(#REF!>15,40,IF(#REF!>12,35,IF(#REF!>9,30,25))) -> #REF! | C66: B | D66: =IF(C66="A",60,IF(C66="B",50,IF(C66="C",45,40))) -> 50 | E66: =D66+B66 -> #REF! | F66: =IF(E66>94,"A",IF(E66>80,"B",IF(E66>69,"C","D"))) -> #REF! | G66: =('[7]LÁT A'!N45+'[7]LÁT D'!N45+'[7]LÁT C'!N45+'[7]LÁT B'!N45)*0.4+'[7]MỦ DÂY'!AH45*0.5 -> 0 | H66: =G66*IF(F66="A",#REF!,IF(F66="B",#REF!,IF(F66="C",#REF!,#REF!))) -> #REF! | I66: =A66+H66 -> #REF! | J66: 52 | K66: 1 | L66: Phò Đăm | O66: x | P66: x | Q66: cn | R66: x | S66: x | T66: x | V66: x | W66: x | X66: cn | Y66: x | Z66: x | AA66: x | AD66: x | AK66: x | AL66: cn | AM66: x | AN66: x | AO66: x | AP66: x | AQ66: x | AR66: =COUNTIF(M66:AQ66,"X") -> 17 | AS66: =+COUNTIF(M66:AQ66,"CN") -> 3 | AT66: =COUNTIF(Q66:AQ66,"X1") -> 0 | AU66: =+COUNTIF(Q66:AS66,"CN1") -> 0 | AV66: =+SUM(AR66:AS66) -> 20 | AX66: =IF(AV66=31,20,IF(AV66>=25,10)) -> FALSE
A67: =#REF!*#REF!+#REF!*#REF! -> #REF! | B67: =IF(#REF!>15,40,IF(#REF!>12,35,IF(#REF!>9,30,25))) -> #REF! | C67: B | D67: =IF(C67="A",60,IF(C67="B",50,IF(C67="C",45,40))) -> 50 | E67: =D67+B67 -> #REF! | F67: =IF(E67>94,"A",IF(E67>80,"B",IF(E67>69,"C","D"))) -> #REF! | G67: =('[7]LÁT A'!N46+'[7]LÁT D'!N46+'[7]LÁT C'!N46+'[7]LÁT B'!N46)*0.4+'[7]MỦ DÂY'!AH46*0.5 -> 19.2 | H67: =G67*IF(F67="A",#REF!,IF(F67="B",#REF!,IF(F67="C",#REF!,#REF!))) -> #REF! | I67: =A67+H67 -> #REF! | J67: 53 | K67: 2 | L67: Thảo Mai | O67: x | X67: cn | AG67: x | AN67: x | AO67: x | AP67: x | AQ67: x | AR67: =COUNTIF(M67:AQ67,"X") -> 6 | AS67: =+COUNTIF(M67:AQ67,"CN") -> 1 | AT67: =COUNTIF(Q67:AQ67,"X1") -> 0 | AU67: =+COUNTIF(Q67:AS67,"CN1") -> 0 | AV67: =+SUM(AR67:AS67) -> 7 | AX67: =IF(AV67=31,20,IF(AV67>=25,10)) -> FALSE
A68: =#REF!*#REF!+#REF!*#REF! -> #REF! | B68: =IF(#REF!>15,40,IF(#REF!>12,35,IF(#REF!>9,30,25))) -> #REF! | C68: B | D68: =IF(C68="A",60,IF(C68="B",50,IF(C68="C",45,40))) -> 50 | E68: =D68+B68 -> #REF! | F68: =IF(E68>94,"A",IF(E68>80,"B",IF(E68>69,"C","D"))) -> #REF! | G68: =('[7]LÁT A'!N47+'[7]LÁT D'!N47+'[7]LÁT C'!N47+'[7]LÁT B'!N47)*0.4+'[7]MỦ DÂY'!AH47*0.5 -> 0 | H68: =G68*IF(F68="A",#REF!,IF(F68="B",#REF!,IF(F68="C",#REF!,#REF!))) -> #REF! | I68: =A68+H68 -> #REF! | J68: 54 | K68: 3 | L68: Thảo Tưng | M68: x | N68: x | P68: x | Q68: cn | R68: x | T68: x | U68: x | X68: cn | AA68: x | AC68: x | AD68: x | AF68: x | AG68: x | AH68: x | AI68: x | AK68: x | AL68: cn | AM68: x | AO68: x | AP68: x | AQ68: x | AR68: =COUNTIF(M68:AQ68,"X") -> 18 | AS68: =+COUNTIF(M68:AQ68,"CN") -> 3 | AT68: =COUNTIF(Q68:AQ68,"X1") -> 0 | AU68: =+COUNTIF(Q68:AS68,"CN1") -> 0 | AV68: =+SUM(AR68:AS68) -> 21 | AX68: =IF(AV68=31,20,IF(AV68>=25,10)) -> FALSE
A69: =#REF!*#REF!+#REF!*#REF! -> #REF! | B69: =IF(#REF!>15,40,IF(#REF!>12,35,IF(#REF!>9,30,25))) -> #REF! | C69: B | D69: =IF(C69="A",60,IF(C69="B",50,IF(C69="C",45,40))) -> 50 | E69: =D69+B69 -> #REF! | F69: =IF(E69>94,"A",IF(E69>80,"B",IF(E69>69,"C","D"))) -> #REF! | G69: =('[7]LÁT A'!N48+'[7]LÁT D'!N48+'[7]LÁT C'!N48+'[7]LÁT B'!N48)*0.4+'[7]MỦ DÂY'!AH48*0.5 -> 16 | H69: =G69*IF(F69="A",#REF!,IF(F69="B",#REF!,IF(F69="C",#REF!,#REF!))) -> #REF! | I69: =A69+H69 -> #REF! | J69: 55 | K69: 4 | L69: Thảo Xay | M69: x | N69: x | O69: x | P69: x | Q69: cn | R69: x | S69: x | T69: x | U69: x | V69: x | W69: x | Y69: x | Z69: x | AA69: x | AD69: x | AF69: x | AG69: x | AH69: x | AI69: x | AJ69: x | AK69: x | AL69: cn | AO69: x | AP69: x | AQ69: x | AR69: =COUNTIF(M69:AQ69,"X") -> 23 | AS69: =+COUNTIF(M69:AQ69,"CN") -> 2 | AT69: =COUNTIF(Q69:AQ69,"X1") -> 0 | AU69: =+COUNTIF(Q69:AS69,"CN1") -> 0 | AV69: =+SUM(AR69:AS69) -> 25 | AX69: =IF(AV69=31,20,IF(AV69>=25,10)) -> 10
A70: =#REF!*#REF!+#REF!*#REF! -> #REF! | B70: =IF(#REF!>15,40,IF(#REF!>12,35,IF(#REF!>9,30,25))) -> #REF! | C70: B | D70: =IF(C70="A",60,IF(C70="B",50,IF(C70="C",45,40))) -> 50 | E70: =D70+B70 -> #REF! | F70: =IF(E70>94,"A",IF(E70>80,"B",IF(E70>69,"C","D"))) -> #REF! | G70: =('[7]LÁT A'!N49+'[7]LÁT D'!N49+'[7]LÁT C'!N49+'[7]LÁT B'!N49)*0.4+'[7]MỦ DÂY'!AH49*0.5 -> 0 | H70: =G70*IF(F70="A",#REF!,IF(F70="B",#REF!,IF(F70="C",#REF!,#REF!))) -> #REF! | I70: =A70+H70 -> #REF! | J70: 56 | K70: 5 | L70: Nàng Nọi | M70: x | N70: x. | O70: x | P70: x | Q70: cn | R70: x | S70: x | T70: x | U70: x | V70: x | Y70: x | Z70: x | AA70: x | AG70: x | AH70: x | AI70: x | AJ70: x | AK70: x | AL70: cn | AO70: x | AP70: x | AQ70: x | AR70: =COUNTIF(M70:AQ70,"X") -> 19 | AS70: =+COUNTIF(M70:AQ70,"CN") -> 2 | AT70: =COUNTIF(Q70:AQ70,"X1") -> 0 | AU70: =+COUNTIF(Q70:AS70,"CN1") -> 0 | AV70: =+SUM(AR70:AS70) -> 21 | AX70: =IF(AV70=31,20,IF(AV70>=25,10)) -> FALSE
A71: =#REF!*#REF!+#REF!*#REF! -> #REF! | B71: =IF(#REF!>15,40,IF(#REF!>12,35,IF(#REF!>9,30,25))) -> #REF! | C71: B | D71: =IF(C71="A",60,IF(C71="B",50,IF(C71="C",45,40))) -> 50 | E71: =D71+B71 -> #REF! | F71: =IF(E71>94,"A",IF(E71>80,"B",IF(E71>69,"C","D"))) -> #REF! | G71: =('[7]LÁT A'!N50+'[7]LÁT D'!N50+'[7]LÁT C'!N50+'[7]LÁT B'!N50)*0.4+'[7]MỦ DÂY'!AH50*0.5 -> 17.6 | H71: =G71*IF(F71="A",#REF!,IF(F71="B",#REF!,IF(F71="C",#REF!,#REF!))) -> #REF! | I71: =A71+H71 -> #REF! | J71: 57 | K71: 6 | L71: Thảo Đăm | O71: x | P71: x | Q71: cn | R71: x | S71: x | T71: x | U71: x | V71: x | W71: x | X71: cn | Y71: x | Z71: x | AA71: x | AD71: x | AG71: x | AK71: x | AL71: cn | AM71: x | AN71: x | AO71: x | AP71: x | AQ71: x | AR71: =COUNTIF(M71:AQ71,"X") -> 19 | AS71: =+COUNTIF(M71:AQ71,"CN") -> 3 | AT71: =COUNTIF(Q71:AQ71,"X1") -> 0 | AU71: =+COUNTIF(Q71:AS71,"CN1") -> 0 | AV71: =+SUM(AR71:AS71) -> 22 | AX71: =IF(AV71=31,20,IF(AV71>=25,10)) -> FALSE
A72: =#REF!*#REF!+#REF!*#REF! -> #REF! | B72: =IF(#REF!>15,40,IF(#REF!>12,35,IF(#REF!>9,30,25))) -> #REF! | C72: B | D72: =IF(C72="A",60,IF(C72="B",50,IF(C72="C",45,40))) -> 50 | E72: =D72+B72 -> #REF! | F72: =IF(E72>94,"A",IF(E72>80,"B",IF(E72>69,"C","D"))) -> #REF! | G72: =('[7]LÁT A'!N51+'[7]LÁT D'!N51+'[7]LÁT C'!N51+'[7]LÁT B'!N51)*0.4+'[7]MỦ DÂY'!AH51*0.5 -> 0 | H72: =G72*IF(F72="A",#REF!,IF(F72="B",#REF!,IF(F72="C",#REF!,#REF!))) -> #REF! | I72: =A72+H72 -> #REF! | J72: 58 | K72: 7 | L72: Thảo chăn | M72: x | N72: x | O72: x | P72: x | Q72: cn | R72: x | S72: x | T72: x | U72: x | V72: x | W72: x | X72: cn | Y72: x | Z72: x | AA72: x | AB72: x | AD72: x | AE72: cn | AG72: x | AJ72: x | AK72: x | AL72: cn | AM72: x | AO72: x | AP72: x | AQ72: x | AR72: =COUNTIF(M72:AQ72,"X") -> 22 | AS72: =+COUNTIF(M72:AQ72,"CN") -> 4 | AT72: =COUNTIF(Q72:AQ72,"X1") -> 0 | AU72: =+COUNTIF(Q72:AS72,"CN1") -> 0 | AV72: =+SUM(AR72:AS72) -> 26 | AX72: =IF(AV72=31,20,IF(AV72>=25,10)) -> 10
A73: =#REF!*#REF!+#REF!*#REF! -> #REF! | B73: =IF(#REF!>15,40,IF(#REF!>12,35,IF(#REF!>9,30,25))) -> #REF! | C73: B | D73: =IF(C73="A",60,IF(C73="B",50,IF(C73="C",45,40))) -> 50 | E73: =D73+B73 -> #REF! | F73: =IF(E73>94,"A",IF(E73>80,"B",IF(E73>69,"C","D"))) -> #REF! | G73: =('[7]LÁT A'!N52+'[7]LÁT D'!N52+'[7]LÁT C'!N52+'[7]LÁT B'!N52)*0.4+'[7]MỦ DÂY'!AH52*0.5 -> 0 | H73: =G73*IF(F73="A",#REF!,IF(F73="B",#REF!,IF(F73="C",#REF!,#REF!))) -> #REF! | I73: =A73+H73 -> #REF! | J73: 59 | K73: 8 | L73: Hồ Văn Tăng | M73: x | N73: x | O73: x | P73: x | Q73: cn | R73: x | S73: x | V73: x | W73: x | X73: cn | Y73: x | Z73: x | AA73: x | AB73: x | AC73: x | AD73: x | AF73: x | AG73: x | AH73: x | AI73: x | AJ73: x | AR73: =COUNTIF(M73:AQ73,"X") -> 19 | AS73: =+COUNTIF(M73:AQ73,"CN") -> 2 | AT73: =COUNTIF(Q73:AQ73,"X1") -> 0 | AU73: =+COUNTIF(Q73:AS73,"CN1") -> 0 | AV73: =+SUM(AR73:AS73) -> 21 | AX73: =IF(AV73=31,20,IF(AV73>=25,10)) -> FALSE
A74: =#REF!*#REF!+#REF!*#REF! -> #REF! | B74: =IF(#REF!>15,40,IF(#REF!>12,35,IF(#REF!>9,30,25))) -> #REF! | C74: B | D74: =IF(C74="A",60,IF(C74="B",50,IF(C74="C",45,40))) -> 50 | E74: =D74+B74 -> #REF! | F74: =IF(E74>94,"A",IF(E74>80,"B",IF(E74>69,"C","D"))) -> #REF! | G74: =('[7]LÁT A'!N53+'[7]LÁT D'!N53+'[7]LÁT C'!N53+'[7]LÁT B'!N53)*0.4+'[7]MỦ DÂY'!AH53*0.5 -> 0 | H74: =G74*IF(F74="A",#REF!,IF(F74="B",#REF!,IF(F74="C",#REF!,#REF!))) -> #REF! | I74: =A74+H74 -> #REF! | J74: 60 | K74: 9 | L74: Hồ Văn Khoa | M74: x | N74: x | O74: x | P74: x | Q74: cn | R74: x | S74: x | V74: x | W74: x | X74: cn | Y74: x | Z74: x | AA74: x | AB74: x | AC74: x | AD74: x | AF74: x | AH74: x | AI74: x | AJ74: x | AR74: =COUNTIF(M74:AQ74,"X") -> 18 | AS74: =+COUNTIF(M74:AQ74,"CN") -> 2 | AT74: =COUNTIF(Q74:AQ74,"X1") -> 0 | AU74: =+COUNTIF(Q74:AS74,"CN1") -> 0 | AV74: =+SUM(AR74:AS74) -> 20 | AX74: =IF(AV74=31,20,IF(AV74>=25,10)) -> FALSE
A75: =#REF!*#REF!+#REF!*#REF! -> #REF! | B75: =IF(#REF!>15,40,IF(#REF!>12,35,IF(#REF!>9,30,25))) -> #REF! | C75: B | D75: =IF(C75="A",60,IF(C75="B",50,IF(C75="C",45,40))) -> 50 | E75: =D75+B75 -> #REF! | F75: =IF(E75>94,"A",IF(E75>80,"B",IF(E75>69,"C","D"))) -> #REF! | G75: =('[7]LÁT A'!N54+'[7]LÁT D'!N54+'[7]LÁT C'!N54+'[7]LÁT B'!N54)*0.4+'[7]MỦ DÂY'!AH54*0.5 -> 0 | H75: =G75*IF(F75="A",#REF!,IF(F75="B",#REF!,IF(F75="C",#REF!,#REF!))) -> #REF! | I75: =A75+H75 -> #REF! | J75: 61 | K75: 10 | L75: Hồ Xa My | M75: x | N75: x | O75: x | P75: x | Q75: cn | R75: x | S75: x | V75: x | W75: x | X75: cn | Y75: x | Z75: x | AA75: x | AB75: x | AC75: x | AD75: x | AF75: x | AG75: x | AH75: x | AI75: x | AJ75: x | AR75: =COUNTIF(M75:AQ75,"X") -> 19 | AS75: =+COUNTIF(M75:AQ75,"CN") -> 2 | AT75: =COUNTIF(Q75:AQ75,"X1") -> 0 | AU75: =+COUNTIF(Q75:AS75,"CN1") -> 0 | AV75: =+SUM(AR75:AS75) -> 21
A76: =#REF!*#REF!+#REF!*#REF! -> #REF! | B76: =IF(#REF!>15,40,IF(#REF!>12,35,IF(#REF!>9,30,25))) -> #REF! | C76: B | D76: =IF(C76="A",60,IF(C76="B",50,IF(C76="C",45,40))) -> 50 | E76: =D76+B76 -> #REF! | F76: =IF(E76>94,"A",IF(E76>80,"B",IF(E76>69,"C","D"))) -> #REF! | G76: =('[7]LÁT A'!N55+'[7]LÁT D'!N55+'[7]LÁT C'!N55+'[7]LÁT B'!N55)*0.4+'[7]MỦ DÂY'!AH55*0.5 -> 0 | H76: =G76*IF(F76="A",#REF!,IF(F76="B",#REF!,IF(F76="C",#REF!,#REF!))) -> #REF! | I76: =A76+H76 -> #REF! | J76: 62 | K76: 11 | L76: Thảo lay | O76: x | P76: x | Q76: cn | R76: x | W76: x | X76: cn | Y76: x | AA76: x | AD76: x | AG76: x | AH76: x | AK76: x | AM76: x | AN76: x | AP76: x | AQ76: x | AR76: =COUNTIF(M76:AQ76,"X") -> 14 | AS76: =+COUNTIF(M76:AQ76,"CN") -> 2 | AT76: =COUNTIF(Q76:AQ76,"X1") -> 0 | AU76: =+COUNTIF(Q76:AS76,"CN1") -> 0 | AV76: =+SUM(AR76:AS76) -> 16
A77: =#REF!*#REF!+#REF!*#REF! -> #REF! | J77: 63 | K77: 12 | L77: Thảo khên | M77: x | N77: x | O77: x | P77: x | R77: x | S77: x | T77: x | U77: x | V77: x | W77: x | X77: cn | Y77: x | Z77: x | AC77: x | AD77: x | AE77: cn | AF77: x | AG77: x | AI77: x | AJ77: x | AK77: x | AL77: cn | AM77: x | AN77: x | AO77: x | AP77: x | AQ77: x | AR77: =COUNTIF(M77:AQ77,"X") -> 24 | AS77: =+COUNTIF(M77:AQ77,"CN") -> 3 | AT77: =COUNTIF(Q77:AQ77,"X1") -> 0 | AU77: =+COUNTIF(Q77:AS77,"CN1") -> 0 | AV77: =+SUM(AR77:AS77) -> 27
A78: =#REF!*#REF!+#REF!*#REF! -> #REF! | J78: 64 | K78: 13 | L78: Thảo khon | M78: x | N78: x | O78: x | P78: x | Q78: cn | R78: x | S78: x | T78: x | U78: x | V78: x | W78: x | X78: cn | Y78: x | Z78: x | AA78: x | AC78: x | AD78: x | AG78: x | AH78: x | AI78: x | AJ78: x | AK78: x | AL78: cn | AM78: x | AO78: x | AR78: =COUNTIF(M78:AQ78,"X") -> 22 | AS78: =+COUNTIF(M78:AQ78,"CN") -> 3 | AT78: =COUNTIF(Q78:AQ78,"X1") -> 0 | AU78: =+COUNTIF(Q78:AS78,"CN1") -> 0 | AV78: =+SUM(AR78:AS78) -> 25
A79: =#REF!*#REF!+#REF!*#REF! -> #REF! | B79: =IF(#REF!>15,40,IF(#REF!>12,35,IF(#REF!>9,30,25))) -> #REF! | C79: B | D79: =IF(C79="A",60,IF(C79="B",50,IF(C79="C",45,40))) -> 50 | E79: =D79+B79 -> #REF! | F79: =IF(E79>94,"A",IF(E79>80,"B",IF(E79>69,"C","D"))) -> #REF! | G79: =('[7]LÁT A'!N56+'[7]LÁT D'!N56+'[7]LÁT C'!N56+'[7]LÁT B'!N56)*0.4+'[7]MỦ DÂY'!AH56*0.5 -> 20.8 | H79: =G79*IF(F79="A",#REF!,IF(F79="B",#REF!,IF(F79="C",#REF!,#REF!))) -> #REF! | I79: =A79+H79 -> #REF! | J79: 65 | K79: 14 | L79: Thảo nga | M79: x | N79: x | O79: x | P79: x | Q79: cn | R79: x | S79: x | T79: x | U79: x | V79: x | W79: x | X79: cn | Y79: x | Z79: x | AA79: x | AC79: x | AD79: x | AG79: x | AH79: x | AI79: x | AJ79: x | AK79: x | AL79: cn | AM79: x | AO79: x | AR79: =COUNTIF(M79:AQ79,"X") -> 22 | AS79: =+COUNTIF(M79:AQ79,"CN") -> 3 | AT79: =COUNTIF(Q79:AQ79,"X1") -> 0 | AU79: =+COUNTIF(Q79:AS79,"CN1") -> 0 | AV79: =+SUM(AR79:AS79) -> 25
J80: 66 | K80: 15 | L80: Thảo lăm ma | N80: x | O80: x | P80: x | R80: x | S80: x | T80: x | U80: x | V80: x | W80: x | X80: cn | Y80: x | Z80: x | AA80: x | AB80: x | AD80: x | AE80: cn | AF80: x | AG80: x | AH80: x | AI80: x | AJ80: x | AK80: x | AL80: cn | AM80: x | AN80: x | AO80: x | AP80: x | AQ80: x | AR80: =COUNTIF(M80:AQ80,"X") -> 25 | AS80: =+COUNTIF(M80:AQ80,"CN") -> 3 | AT80: =COUNTIF(Q80:AQ80,"X1") -> 0 | AU80: =+COUNTIF(Q80:AS80,"CN1") -> 0 | AV80: =+SUM(AR80:AS80) -> 28
A81: =#REF!*#REF!+#REF!*#REF! -> #REF! | B81: =SUM(B13:B79) -> #REF! | C81: =SUM(C13:C79) -> 0 | D81: =SUM(D13:D79) -> 2250 | E81: =SUM(E13:E79) -> #REF! | F81: =SUM(F13:F79) -> #REF! | G81: =SUM(G13:G79) -> 494.4 | H81: =SUM(H13:H79) -> #REF! | I81: =SUM(I13:I79) -> #REF! | J81: 67 | K81: 16 | L81: Thảo Hôm | Q81: cn | R81: x | S81: x | T81: x | U81: x | V81: x | W81: x | X81: cn | Y81: x | Z81: x | AA81: x | AG81: x | AH81: x | AI81: x | AJ81: x | AK81: x | AL81: cn | AM81: x | AO81: x | AP81: x | AQ81: x | AR81: =COUNTIF(M81:AQ81,"X") -> 18 | AS81: =+COUNTIF(M81:AQ81,"CN") -> 3 | AT81: =COUNTIF(Q81:AQ81,"X1") -> 0 | AU81: =+COUNTIF(Q81:AS81,"CN1") -> 0 | AV81: =+SUM(AR81:AS81) -> 21
A82: =#REF!*#REF!+#REF!*#REF! -> #REF! | J82: Tổng | M82: =+M65+M49+M12 -> 49 | N82: =+N65+N49+N12 -> 44 | O82: =+O65+O49+O12 -> 48 | P82: =+P65+P49+P12 -> 65 | Q82: =+Q65+Q49+Q12 -> 64 | R82: =+R65+R49+R12 -> 62 | S82: =+S65+S49+S12 -> 64 | T82: =+T65+T49+T12 -> 62 | ... AV82: =+AV65+AV49+AV12 -> 1754 | AX82: =+AX65+AX49+AX12 -> 420
A83: =SUM(A13:A82) -> #REF! | K83: Ghi chú: | M83: x: ngày đi cạo
M84: cn: đi cạo ngày chủ nhật | AS84: Sepon, ngày 31 tháng 01 năm 2025
M85: x1: ngày đi cạo bình thường vc năm 1
M86: cn1: đi cạo ngày chủ nhật vc năm 1
L87: TỔNG GIÁM ĐỐC | AC87: PHÒNG. KTNN | AS87: ĐỘI TRƯỞNG ĐỘI SEPON
AS93: Phạm Đắc Nhân
A118: =1384+48+48 -> 1480

Sheet Mủ
A1: CỘNG HÒA DÂN CHỦ NHÂN DÂN LÀO
A2: Hòa bình - Độc lập - Dân chủ - Thống nhất - Thịnh vượng
A3: -----oOo-----
A5: CÔNG TY TNHH CỔ PHẦN QUASA-GERUCO LÀO
A6: ĐỘI SẢN XUẤT SEPON
A8: BẢNG THEO DÕI SẢN LƯỢNG MỦ THÁNG 01 NĂM 2025
A10: STT | B10: STT | C10: TÊN CN | D10: NGÀY | AI10: TẠP | AJ10: Quy khô | AK10: Xếp hạng kỹ thuật | AL10: Ký tên
D11: 1 | E11: 2 | F11: 3 | G11: 4 | H11: 5 | I11: 6 | J11: 7 | K11: 8 | L11: 9 | M11: 10 | N11: 11 | O11: 12 | P11: 13 | Q11: 14 | R11: 15 | S11: 16 | T11: 17 | U11: 18 | V11: 19 | W11: 20 | X11: 21 | Y11: 22 | Z11: 23 | AA11: 24 | AB11: 25 | AC11: 26 | AD11: 27 | AE11: 28 | AF11: 29 | AG11: 30 | AH11: 31 | AN11: bôi kt
A12: A | B12: TỔ 1 | D12: =SUM(D13:D48) -> 331 | E12: =SUM(E13:E48) -> 1552 | F12: =SUM(F13:F48) -> 2928 | G12: =SUM(G13:G48) -> 3497 | H12: =SUM(H13:H48) -> 2007 | I12: =SUM(I13:I48) -> 3861 | J12: =SUM(J13:J48) -> 3410 | K12: =SUM(K13:K48) -> 3399 | ... AJ12: =SUM(AJ13:AJ48) -> 35751.784
A13: 1 | B13: 1 | C13: Vắt Đi | D13: 90 | E13: 176 | F13: 82 | G13: 78 | H13: 0 | I13: 143 | J13: 92 | K13: 121 | L13: 157 | M13: 147 | N13: 86 | O13: 88 | P13: 72 | Q13: 154 | R13: 125 | S13: 0 | T13: 0 | U13: 133 | V13: 65 | W13: 122 | X13: 159 | Y13: 93 | Z13: 0 | AA13: 117 | AB13: 0 | AC13: 120 | AD13: 142 | AE13: 95 | AF13: 133 | AG13: 150 | AH13: 98 | AI13: =SUM(D13:AH13) -> 3038 | AJ13: =AI13*$AX$17/100 -> 1290.8254 | AK13: A | AM13: =IF(AJ13>=3175,700000,IF(AJ13>=2760,500000,IF(AJ13>2400,300000,IF(AJ13>=2400,0,0)))) -> 0 | AN13: 2 | AO13: =AN13/1.25 -> 1.6
A14: 2 | B14: 2 | C14: T Ô Vên | D14: 0 | E14: 91 | F14: 76 | G14: 106 | H14: 108 | I14: 87 | J14: 104 | K14: 98 | L14: 91 | M14: 106 | N14: 96 | O14: 86 | P14: 69 | Q14: 108 | R14: 117 | S14: 119 | T14: 92 | U14: 90 | V14: 84 | W14: 88 | X14: 94 | Y14: 82 | Z14: 0 | AA14: 78 | AB14: 72 | AC14: 80 | AD14: 161 | AE14: 58 | AF14: 50 | AG14: 75 | AH14: 92 | AI14: =SUM(D14:AH14) -> 2658 | AJ14: =AI14*$AX$17/100 -> 1129.366 | AK14: B | AM14: =IF(AJ14>=3175,700000,IF(AJ14>=2760,500000,IF(AJ14>2400,300000,IF(AJ14>=2400,0,0)))) -> 0 | AN14: 2 | AO14: =AN14/1.25 -> 1.6
A15: 3 | B15: 3 | C15: Nàng Túc | D15: 0 | E15: 122 | F15: 94 | G15: 112 | H15: 0 | I15: 92 | J15: 114 | K15: 94 | L15: 110 | M15: 139 | N15: 116 | O15: 81 | P15: 0 | Q15: 130 | R15: 126 | S15: 107 | T15: 123 | U15: 92 | V15: 0 | W15: 0 | X15: 158 | Y15: 0 | Z15: 157 | AA15: 82 | AB15: 0 | AC15: 120 | AD15: 66 | AE15: 42 | AF15: 82 | AG15: 105 | AH15: 0 | AI15: =SUM(D15:AH15) -> 2464 | AJ15: =AI15*$AX$17/100 -> 1046.9367 | AK15: A | AM15: =IF(AJ15>=3175,700000,IF(AJ15>=2760,500000,IF(AJ15>2400,300000,IF(AJ15>=2400,0,0)))) -> 0 | AN15: 2 | AO15: =AN15/1.25 -> 1.6
A16: 4 | B16: 4 | C16: Thảo Say | D16: 0 | E16: 0 | F16: 68 | G16: 110 | H16: 64 | I16: 85 | J16: 73 | K16: 138 | L16: 0 | M16: 77 | N16: 65 | O16: 0 | P16: 78 | Q16: 71 | R16: 91 | S16: 0 | T16: 0 | U16: 0 | V16: 64 | W16: 0 | X16: 113 | Y16: 75 | Z16: 0 | AA16: 0 | AB16: 65 | AC16: 0 | AD16: 78 | AE16: 97 | AF16: 0 | AG16: 69 | AH16: 0 | AI16: =SUM(D16:AH16) -> 1481 | AJ16: =AI16*$AX$17/100 -> 629.26675 | AK16: B | AM16: =IF(AJ16>=3175,700000,IF(AJ16>=2760,500000,IF(AJ16>2400,300000,IF(AJ16>=2400,0,0)))) -> 0 | AO16: =AN16/1.25 -> 0
A17: 5 | B17: 5 | C17: Thảo Pheng | D17: 0 | E17: 87 | F17: 71 | G17: 78 | H17: 141 | I17: 98 | J17: 87 | K17: 83 | L17: 109 | M17: 94 | N17: 75 | O17: 0 | P17: 111 | Q17: 104 | R17: 104 | S17: 0 | T17: 0 | U17: 88 | V17: 0 | W17: 122 | X17: 143 | Y17: 98 | Z17: 95 | AA17: 0 | AB17: 75 | AC17: 78 | AD17: 72 | AE17: 61 | AF17: 80 | AG17: 78 | AH17: 0 | AI17: =SUM(D17:AH17) -> 2232 | AJ17: =AI17*$AX$17/100 -> 948.3615 | AK17: C | AM17: =IF(AJ17>=3175,700000,IF(AJ17>=2760,500000,IF(AJ17>2400,300000,IF(AJ17>=2400,0,0)))) -> 0 | AO17: =AN17/1.25 -> 0 | AX17: 42.489315
A18: 6 | B18: 6 | C18: Nàng Chay | D18: 0 | E18: 122 | F18: 94 | G18: 112 | H18: 0 | I18: 92 | J18: 114 | K18: 100 | L18: 110 | M18: 139 | N18: 116 | O18: 81 | P18: 0 | Q18: 130 | R18: 125 | S18: 107 | T18: 122 | U18: 91 | V18: 0 | W18: 0 | X18: 158 | Y18: 0 | Z18: 157 | AA18: 82 | AB18: 0 | AC18: 120 | AD18: 68 | AE18: 42 | AF18: 82 | AG18: 105 | AH18: 0 | AI18: =SUM(D18:AH18) -> 2469 | AJ18: =AI18*$AX$17/100 -> 1049.0612 | AK18: B | AM18: =IF(AJ18>=3175,700000,IF(AJ18>=2760,500000,IF(AJ18>2400,300000,IF(AJ18>=2400,0,0)))) -> 0 | AN18: 2 | AO18: =AN18/1.25 -> 1.6
A19: 7 | B19: 7 | C19: Nàng Hđao | D19: 0 | E19: 0 | F19: 94 | G19: 98 | H19: 64 | I19: 138 | J19: 88 | K19: 0 | L19: 69 | M19: 131 | N19: 91 | O19: 76 | P19: 64 | Q19: 121 | R19: 106 | S19: 0 | T19: 0 | U19: 113 | V19: 83 | W19: 110 | X19: 78 | Y19: 125 | Z19: 0 | AA19: 75 | AB19: 74 | AC19: 0 | AD19: 84 | AE19: 74 | AF19: 56 | AG19: 97 | AH19: 0 | AI19: =SUM(D19:AH19) -> 2109 | AJ19: =AI19*$AX$17/100 -> 896.09965 | AK19: B | AM19: =IF(AJ19>=3175,700000,IF(AJ19>=2760,500000,IF(AJ19>2400,300000,IF(AJ19>=2400,0,0)))) -> 0 | AN19: 4 | AO19: =AN19/1.25 -> 3.2
A20: 8 | B20: 8 | C20: Thảo Ken | D20: 0 | E20: 124 | F20: 95 | G20: 114 | H20: 0 | I20: 93 | J20: 115 | K20: 100 | L20: 110 | M20: 138 | N20: 116 | O20: 81 | P20: 0 | Q20: 130 | R20: 125 | S20: 107 | T20: 122 | U20: 91 | V20: 0 | W20: 0 | X20: 158 | Y20: 0 | Z20: 157 | AA20: 82 | AB20: 0 | AC20: 121 | AD20: 70 | AE20: 44 | AF20: 83 | AG20: 105 | AH20: 0 | AI20: =SUM(D20:AH20) -> 2481 | AJ20: =AI20*$AX$17/100 -> 1054.1599 | AK20: A | AM20: =IF(AJ20>=3175,700000,IF(AJ20>=2760,500000,IF(AJ20>2400,300000,IF(AJ20>=2400,0,0)))) -> 0 | AN20: 4 | AO20: =AN20/1.25 -> 3.2
A21: 9 | B21: 9 | C21: Thảo Cợt | D21: 0 | E21: 242 | F21: 137 | G21: 128 | H21: 0 | I21: 116 | J21: 89 | K21: 0 | L21: 155 | M21: 95 | N21: 97 | O21: 187 | P21: 0 | Q21: 0 | R21: 0 | S21: 0 | T21: 0 | U21: 0 | V21: 0 | W21: 134 | X21: 95 | Y21: 111 | Z21: 0 | AA21: 102 | AB21: 0 | AC21: 107 | AD21: 0 | AE21: 55 | AF21: 83 | AG21: 99 | AH21: 156 | AI21: =SUM(D21:AH21) -> 2188 | AJ21: =AI21*$AX$17/100 -> 929.6662 | AK21: B | AM21: =IF(AJ21>=3175,700000,IF(AJ21>=2760,500000,IF(AJ21>2400,300000,IF(AJ21>=2400,0,0)))) -> 0 | AN21: 4 | AO21: =AN21/1.25 -> 3.2 | AQ21: thiếu | AR21: k bôi
A22: 10 | B22: 10 | C22: Thảo Mi | D22: 0 | E22: 0 | F22: 96 | G22: 114 | H22: 97 | I22: 64 | J22: 92 | K22: 109 | L22: 88 | M22: 0 | N22: 75 | O22: 83 | P22: 72 | Q22: 54 | R22: 0 | S22: 0 | T22: 0 | U22: 67 | V22: 92 | W22: 0 | X22: 87 | Y22: 61 | Z22: 81 | AA22: 0 | AB22: 0 | AC22: 0 | AD22: 0 | AE22: 0 | AF22: 88 | AG22: 50 | AH22: 0 | AI22: =SUM(D22:AH22) -> 1470 | AJ22: =AI22*$AX$17/100 -> 624.59292 | AK22: B | AM22: =IF(AJ22>=3175,700000,IF(AJ22>=2760,500000,IF(AJ22>2400,300000,IF(AJ22>=2400,0,0)))) -> 0 | AO22: =AN22/1.25 -> 0 | AQ22: 8 | AR22: 4 | AS22: =12*4 -> 48
A23: 11 | B23: 11 | C23: Thảo Phét | D23: 0 | E23: 0 | F23: 87 | G23: 91 | H23: 110 | I23: 63 | J23: 87 | K23: 93 | L23: 95 | M23: 86 | N23: 82 | O23: 88 | P23: 84 | Q23: 79 | R23: 85 | S23: 117 | T23: 0 | U23: 82 | V23: 77 | W23: 91 | X23: 101 | Y23: 64 | Z23: 74 | AA23: 0 | AB23: 72 | AC23: 58 | AD23: 75 | AE23: 78 | AF23: 61 | AG23: 55 | AH23: 75 | AI23: =SUM(D23:AH23) -> 2210 | AJ23: =AI23*$AX$17/100 -> 939.01385 | AK23: A | AM23: =IF(AJ23>=3175,700000,IF(AJ23>=2760,500000,IF(AJ23>2400,300000,IF(AJ23>=2400,0,0)))) -> 0 | AN23: 2 | AO23: =AN23/1.25 -> 1.6
A24: 12 | B24: 12 | C24: Thảo Hăm | D24: 0 | E24: 0 | F24: 0 | G24: 145 | H24: 0 | I24: 129 | J24: 122 | K24: 115 | L24: 0 | M24: 127 | N24: 180 | O24: 124 | P24: 165 | Q24: 0 | R24: 0 | S24: 161 | T24: 150 | U24: 230 | V24: 230 | W24: 0 | X24: 0 | Y24: 0 | Z24: 169 | AA24: 183 | AB24: 177 | AC24: 148 | AD24: 0 | AE24: 0 | AF24: 0 | AG24: 0 | AH24: 0 | AI24: =SUM(D24:AH24) -> 2555 | AJ24: =AI24*$AX$17/100 -> 1085.602 | AK24: A | AM24: =IF(AJ24>=3175,700000,IF(AJ24>=2760,500000,IF(AJ24>2400,300000,IF(AJ24>=2400,0,0)))) -> 0 | AN24: 4 | AO24: =AN24/1.25 -> 3.2
A25: 13 | B25: 13 | C25: Nang Lon | D25: 0 | E25: 0 | F25: 0 | G25: 145 | H25: 0 | I25: 129 | J25: 123 | K25: 116 | L25: 0 | M25: 127 | N25: 180 | O25: 124 | P25: 165 | Q25: 0 | R25: 0 | S25: 161 | T25: 150 | U25: 230 | V25: 230 | W25: 0 | X25: 0 | Y25: 0 | Z25: 168 | AA25: 184 | AB25: 178 | AC25: 148 | AD25: 0 | AE25: 0 | AF25: 0 | AG25: 0 | AH25: 0 | AI25: =SUM(D25:AH25) -> 2558 | AJ25: =AI25*$AX$17/100 -> 1086.8767 | AK25: A | AN25: 2 | AO25: =AN25/1.25 -> 1.6
A26: 14 | B26: 14 | C26: Thảo Phết | D26: 0 | E26: 0 | F26: 86 | G26: 127 | H26: 88 | I26: 93 | J26: 80 | K26: 111 | L26: 123 | M26: 103 | N26: 78 | O26: 124 | P26: 94 | Q26: 0 | R26: 103 | S26: 168 | T26: 134 | U26: 100 | V26: 80 | W26: 180 | X26: 117 | Y26: 0 | Z26: 83 | AA26: 0 | AB26: 0 | AC26: 121 | AD26: 70 | AE26: 0 | AF26: 0 | AG26: 99 | AH26: 89 | AI26: =SUM(D26:AH26) -> 2451 | AJ26: =AI26*$AX$17/100 -> 1041.4131 | AK26: B | AN26: 2 | AO26: =AN26/1.25 -> 1.6
A27: 15 | B27: 15 | C27: Vĩ Lay | D27: 119 | E27: 109 | F27: 0 | G27: 132 | H27: 95 | I27: 177 | J27: 116 | K27: 82 | L27: 170 | M27: 162 | N27: 0 | O27: 67 | P27: 98 | Q27: 186 | R27: 156 | S27: 0 | T27: 0 | U27: 112 | V27: 119 | W27: 115 | X27: 129 | Y27: 146 | Z27: 120 | AA27: 0 | AB27: 0 | AC27: 229 | AD27: 158 | AE27: 143 | AF27: 80 | AG27: 156 | AH27: 0 | AI27: =SUM(D27:AH27) -> 3176 | AJ27: =AI27*$AX$17/100 -> 1349.4606 | AK27: A | AN27: 2 | AO27: =AN27/1.25 -> 1.6
A28: 16 | B28: 16 | C28: Pha Xúc | D28: 0 | E28: 0 | F28: 113 | G28: 79 | H28: 0 | I28: 143 | J28: 101 | K28: 0 | L28: 170 | M28: 0 | N28: 150 | O28: 126 | P28: 0 | Q28: 146 | R28: 182 | S28: 0 | T28: 164 | U28: 99 | V28: 0 | W28: 0 | X28: 110 | Y28: 0 | Z28: 64 | AA28: 0 | AB28: 213 | AC28: 0 | AD28: 122 | AE28: 90 | AF28: 106 | AG28: 130 | AH28: 0 | AI28: =SUM(D28:AH28) -> 2308 | AJ28: =AI28*$AX$17/100 -> 980.65338 | AK28: A | AO28: =AN28/1.25 -> 0
A29: 17 | B29: 17 | C29: Nàng Đao | D29: 0 | E29: 88 | F29: 95 | G29: 0 | H29: 0 | I29: 113 | J29: 112 | K29: 135 | L29: 97 | M29: 109 | N29: 90 | O29: 0 | P29: 58 | Q29: 69 | R29: 137 | S29: 169 | T29: 0 | U29: 127 | V29: 0 | W29: 0 | X29: 172 | Y29: 0 | Z29: 162 | AA29: 108 | AB29: 0 | AC29: 124 | AD29: 87 | AE29: 73 | AF29: 115 | AG29: 70 | AH29: 0 | AI29: =SUM(D29:AH29) -> 2310 | AJ29: =AI29*$AX$17/100 -> 981.50317 | AK29: B | AN29: 4 | AO29: =AN29/1.25 -> 3.2
A30: 18 | B30: 18 | C30: Nàng Kiên | D30: 0 | E30: 102 | F30: 88 | G30: 0 | H30: 0 | I30: 0 | J30: 68 | K30: 137 | L30: 162 | M30: 172 | N30: 96 | O30: 59 | P30: 65 | Q30: 0 | R30: 117 | S30: 0 | T30: 169 | U30: 140 | V30: 0 | W30: 136 | X30: 0 | Y30: 0 | Z30: 0 | AA30: 0 | AB30: 0 | AC30: 263 | AD30: 156 | AE30: 50 | AF30: 0 | AG30: 149 | AH30: 0 | AI30: =SUM(D30:AH30) -> 2129 | AJ30: =AI30*$AX$17/100 -> 904.59751 | AK30: A | AN30: 4 | AO30: =AN30/1.25 -> 3.2
A31: 19 | B31: 19 | C31: Nàng Túc 2 | D31: 0 | E31: 0 | F31: 114 | G31: 80 | H31: 0 | I31: 143 | J31: 102 | K31: 0 | L31: 169 | M31: 0 | N31: 149 | O31: 125 | P31: 0 | Q31: 146 | R31: 182 | S31: 0 | T31: 164 | U31: 98 | V31: 0 | W31: 0 | X31: 111 | Y31: 0 | Z31: 65 | AA31: 0 | AB31: 214 | AC31: 0 | AD31: 123 | AE31: 91 | AF31: 106 | AG31: 130 | AH31: 0 | AI31: =SUM(D31:AH31) -> 2312 | AJ31: =AI31*$AX$17/100 -> 982.35295 | AK31: B | AN31: 4 | AO31: =AN31/1.25 -> 3.2
A32: 20 | B32: 20 | C32: Nàng Phon | D32: 0 | E32: 87 | F32: 71 | G32: 79 | H32: 141 | I32: 98 | J32: 88 | K32: 84 | L32: 0 | M32: 93 | N32: 74 | O32: 0 | P32: 110 | Q32: 104 | R32: 104 | S32: 0 | T32: 0 | U32: 87 | V32: 0 | W32: 123 | X32: 144 | Y32: 98 | Z32: 95 | AA32: 140 | AB32: 76 | AC32: 79 | AD32: 72 | AE32: 61 | AF32: 0 | AG32: 78 | AH32: 0 | AI32: =SUM(D32:AH32) -> 2186 | AJ32: =AI32*$AX$17/100 -> 928.81642 | AK32: C | AN32: 4 | AO32: =AN32/1.25 -> 3.2
A33: 21 | B33: 21 | C33: Thảo Chòi | D33: 0 | E33: 0 | F33: 96 | G33: 0 | H33: 119 | I33: 187 | J33: 89 | K33: 106 | L33: 0 | M33: 100 | N33: 89 | O33: 0 | P33: 136 | Q33: 85 | R33: 83 | S33: 159 | T33: 0 | U33: 110 | V33: 0 | W33: 0 | X33: 159 | Y33: 75 | Z33: 154 | AA33: 115 | AB33: 69 | AC33: 85 | AD33: 71 | AE33: 104 | AF33: 0 | AG33: 115 | AH33: 117 | AI33: =SUM(D33:AH33) -> 2423 | AJ33: =AI33*$AX$17/100 -> 1029.5161 | AK33: A | AO33: =AN33/1.25 -> 0
A34: 22 | B34: 22 | C34: Thong La | D34: 122 | E34: 111 | F34: 110 | G34: 120 | H34: 0 | I34: 95 | J34: 114 | K34: 128 | L34: 171 | M34: 103 | N34: 77 | O34: 84 | P34: 87 | Q34: 92 | R34: 0 | S34: 146 | T34: 0 | U34: 83 | V34: 204 | W34: 0 | X34: 169 | Y34: 102 | Z34: 0 | AA34: 149 | AB34: 0 | AC34: 83 | AD34: 156 | AE34: 95 | AF34: 160 | AG34: 90 | AH34: 0 | AI34: =SUM(D34:AH34) -> 2851 | AJ34: =AI34*$AX$17/100 -> 1211.3704 | AK34: A | AO34: =AN34/1.25 -> 0
A35: 23 | B35: 23 | C35: Thảo kok | D35: 0 | E35: 0 | F35: 120 | G35: 107 | H35: 0 | I35: 192 | J35: 109 | K35: 96 | L35: 0 | M35: 127 | N35: 144 | O35: 92 | P35: 135 | Q35: 98 | R35: 116 | S35: 0 | T35: 112 | U35: 127 | V35: 94 | W35: 118 | X35: 0 | Y35: 79 | Z35: 151 | AA35: 0 | AB35: 151 | AC35: 229 | AD35: 82 | AE35: 131 | AF35: 0 | AG35: 80 | AH35: 0 | AI35: =SUM(D35:AH35) -> 2690 | AJ35: =AI35*$AX$17/100 -> 1142.9626 | AK35: A | AN35: 4 | AO35: =AN35/1.25 -> 3.2
A36: 24 | B36: 24 | C36: Thảo Hôm | D36: 0 | E36: 0 | F36: 96 | G36: 115 | H36: 98 | I36: 64 | J36: 92 | K36: 110 | L36: 87 | M36: 0 | N36: 74 | O36: 83 | P36: 72 | Q36: 54 | R36: 0 | S36: 0 | T36: 0 | U36: 67 | V36: 92 | W36: 0 | X36: 88 | Y36: 60 | Z36: 80 | AA36: 0 | AB36: 0 | AC36: 0 | AD36: 0 | AE36: 0 | AF36: 88 | AG36: 49 | AH36: 0 | AI36: =SUM(D36:AH36) -> 1469 | AJ36: =AI36*$AX$17/100 -> 624.16803 | AK36: C | AN36: 4 | AO36: =AN36/1.25 -> 3.2
A37: 25 | B37: 25 | C37: Nàng Lam | D37: 0 | E37: 0 | F37: 69 | G37: 111 | H37: 64 | I37: 86 | J37: 74 | K37: 138 | L37: 0 | M37: 77 | N37: 65 | O37: 0 | P37: 78 | Q37: 70 | R37: 91 | S37: 0 | T37: 0 | U37: 0 | V37: 64 | W37: 0 | X37: 114 | Y37: 74 | Z37: 0 | AA37: 0 | AB37: 66 | AC37: 0 | AD37: 79 | AE37: 97 | AF37: 0 | AG37: 69 | AH37: 0 | AI37: =SUM(D37:AH37) -> 1486 | AJ37: =AI37*$AX$17/100 -> 631.39122 | AK37: B | AN37: 4 | AO37: =AN37/1.25 -> 3.2
A38: 26 | B38: 26 | C38: Thảo Hơ Phơ | D38: 0 | E38: 0 | F38: 65 | G38: 106 | H38: 0 | I38: 98 | J38: 72 | K38: 89 | L38: 103 | M38: 111 | N38: 0 | O38: 96 | P38: 109 | Q38: 104 | R38: 75 | S38: 0 | T38: 0 | U38: 107 | V38: 0 | W38: 142 | X38: 136 | Y38: 95 | Z38: 80 | AA38: 0 | AB38: 129 | AC38: 87 | AD38: 79 | AE38: 90 | AF38: 90 | AG38: 0 | AH38: 0 | AI38: =SUM(D38:AH38) -> 2063 | AJ38: =AI38*$AX$17/100 -> 876.55456 | AK38: A | AN38: 4 | AO38: =AN38/1.25 -> 3.2
A39: 27 | B39: 27 | C39: Thảo Lay | D39: 0 | E39: 0 | F39: 0 | G39: 0 | H39: 81 | I39: 101 | J39: 96 | K39: 130 | L39: 87 | M39: 95 | N39: 69 | O39: 112 | P39: 72 | Q39: 110 | R39: 113 | S39: 166 | T39: 99 | U39: 126 | V39: 67 | W39: 129 | X39: 112 | Y39: 104 | Z39: 97 | AA39: 131 | AB39: 80 | AC39: 88 | AD39: 72 | AE39: 117 | AF39: 73 | AG39: 94 | AH39: 53 | AI39: =SUM(D39:AH39) -> 2674 | AJ39: =AI39*$AX$17/100 -> 1136.1643 | AK39: A | AN39: 4 | AO39: =AN39/1.25 -> 3.2
A40: 28 | B40: 28 | C40: Thảo Khốc | D40: 0 | E40: 0 | F40: 100 | G40: 127 | H40: 100 | I40: 100 | J40: 100 | K40: 111 | L40: 123 | M40: 103 | N40: 77 | O40: 125 | P40: 95 | Q40: 0 | R40: 103 | S40: 167 | T40: 134 | U40: 100 | V40: 80 | W40: 180 | X40: 117 | Y40: 132 | Z40: 83 | AA40: 0 | AB40: 0 | AC40: 121 | AD40: 70 | AE40: 0 | AF40: 0 | AG40: 99 | AH40: 89 | AI40: =SUM(D40:AH40) -> 2636 | AJ40: =AI40*$AX$17/100 -> 1120.0183 | AK40: A | AM40: =IF(AJ40>=3175,700000,IF(AJ40>=2760,500000,IF(AJ40>2400,300000,IF(AJ40>=2400,0,0)))) -> 0 | AN40: 4 | AO40: =AN40/1.25 -> 3.2
A41: 29 | B41: 29 | C41: Thảo Sợt | D41: 0 | E41: 0 | F41: 100 | G41: 127 | H41: 100 | I41: 100 | J41: 100 | K41: 112 | L41: 123 | M41: 103 | N41: 77 | O41: 125 | P41: 95 | Q41: 0 | R41: 103 | S41: 167 | T41: 134 | U41: 100 | V41: 80 | W41: 181 | X41: 118 | Y41: 132 | Z41: 85 | AA41: 0 | AB41: 0 | AC41: 122 | AD41: 70 | AE41: 0 | AF41: 0 | AG41: 100 | AH41: 89 | AI41: =SUM(D41:AH41) -> 2643 | AJ41: =AI41*$AX$17/100 -> 1122.9926 | AK41: B | AM41: =IF(AJ41>=3175,700000,IF(AJ41>=2760,500000,IF(AJ41>2400,300000,IF(AJ41>=2400,0,0)))) -> 0 | AN41: 4 | AO41: =AN41/1.25 -> 3.2
A42: 30 | B42: 30 | C42: Thảo Văn | D42: 0 | E42: 0 | F42: 108 | G42: 133 | H42: 106 | I42: 144 | J42: 111 | K42: 136 | L42: 90 | M42: 128 | N42: 91 | O42: 0 | P42: 108 | Q42: 159 | R42: 0 | S42: 101 | T42: 0 | U42: 108 | V42: 181 | W42: 116 | X42: 148 | Y42: 0 | Z42: 0 | AA42: 126 | AB42: 94 | AC42: 0 | AD42: 160 | AE42: 87 | AF42: 74 | AG42: 211 | AH42: 101 | AI42: =SUM(D42:AH42) -> 2821 | AJ42: =AI42*$AX$17/100 -> 1198.6236 | AK42: B | AM42: =IF(AJ42>=3175,700000,IF(AJ42>=2760,500000,IF(AJ42>2400,300000,IF(AJ42>=2400,0,0)))) -> 0 | AO42: =AN42/1.25 -> 0
A43: 31 | B43: 31 | C43: Thảo Thong | D43: 0 | E43: 0 | F43: 89 | G43: 110 | H43: 73 | I43: 106 | J43: 67 | K43: 122 | L43: 85 | M43: 113 | N43: 86 | O43: 88 | P43: 66 | Q43: 99 | R43: 106 | S43: 0 | T43: 0 | U43: 103 | V43: 69 | W43: 151 | X43: 102 | Y43: 111 | Z43: 88 | AA43: 0 | AB43: 77 | AC43: 0 | AD43: 63 | AE43: 95 | AF43: 80 | AG43: 86 | AH43: 0 | AI43: =SUM(D43:AH43) -> 2235 | AJ43: =AI43*$AX$17/100 -> 949.63618 | AK43: A | AM43: =IF(AJ43>=3175,700000,IF(AJ43>=2760,500000,IF(AJ43>2400,300000,IF(AJ43>=2400,0,0)))) -> 0 | AN43: 4 | AO43: =AN43/1.25 -> 3.2
A44: 32 | B44: 32 | C44: Nàng Ngột | D44: 0 | E44: 0 | F44: 90 | G44: 111 | H44: 74 | I44: 106 | J44: 67 | K44: 123 | L44: 85 | M44: 112 | N44: 86 | O44: 88 | P44: 66 | Q44: 99 | R44: 106 | S44: 0 | T44: 0 | U44: 102 | V44: 68 | W44: 150 | X44: 103 | Y44: 110 | Z44: 88 | AA44: 0 | AB44: 78 | AC44: 0 | AD44: 64 | AE44: 96 | AF44: 81 | AG44: 85 | AH44: 0 | AI44: =SUM(D44:AH44) -> 2238 | AJ44: =AI44*$AX$17/100 -> 950.91086 | AK44: B | AM44: =IF(AJ44>=3175,700000,IF(AJ44>=2760,500000,IF(AJ44>2400,300000,IF(AJ44>=2400,0,0)))) -> 0 | AN44: 4 | AO44: =AN44/1.25 -> 3.2
A45: 33 | B45: 33 | C45: Nàng Chon | D45: 0 | E45: 0 | F45: 66 | G45: 107 | H45: 0 | I45: 98 | J45: 73 | K45: 90 | L45: 103 | M45: 111 | N45: 0 | O45: 96 | P45: 109 | Q45: 103 | R45: 75 | S45: 0 | T45: 0 | U45: 106 | V45: 0 | W45: 141 | X45: 137 | Y45: 94 | Z45: 81 | AA45: 0 | AB45: 129 | AC45: 87 | AD45: 78 | AE45: 90 | AF45: 90 | AG45: 0 | AH45: 0 | AI45: =SUM(D45:AH45) -> 2064 | AJ45: =AI45*$AX$17/100 -> 876.97945 | AK45: B | AM45: =IF(AJ45>=3175,700000,IF(AJ45>=2760,500000,IF(AJ45>2400,300000,IF(AJ45>=2400,0,0)))) -> 0 | AN45: 4 | AO45: =AN45/1.25 -> 3.2
A46: 34 | B46: 34 | C46: Bun han | D46: 0 | E46: 0 | F46: 86 | G46: 91 | H46: 110 | I46: 63 | J46: 87 | K46: 93 | L46: 95 | M46: 86 | N46: 82 | O46: 88 | P46: 84 | Q46: 79 | R46: 85 | S46: 117 | T46: 0 | U46: 81 | V46: 76 | W46: 91 | X46: 101 | Y46: 63 | Z46: 75 | AA46: 0 | AB46: 72 | AC46: 59 | AD46: 75 | AE46: 78 | AF46: 61 | AG46: 55 | AH46: 74 | AI46: =SUM(D46:AH46) -> 2207 | AJ46: =AI46*$AX$17/100 -> 937.73917 | AK46: B | AM46: =IF(AJ46>=3175,700000,IF(AJ46>=2760,500000,IF(AJ46>2400,300000,IF(AJ46>=2400,0,0)))) -> 0 | AN46: 4 | AO46: =AN46/1.25 -> 3.2
A47: 35 | B47: 35 | C47: Hăn | D47: 0 | E47: 0 | F47: 95 | G47: 98 | H47: 65 | I47: 138 | J47: 88 | K47: 0 | L47: 69 | M47: 131 | N47: 90 | O47: 75 | P47: 64 | Q47: 121 | R47: 105 | S47: 0 | T47: 0 | U47: 112 | V47: 82 | W47: 110 | X47: 79 | Y47: 125 | Z47: 96 | AA47: 75 | AB47: 74 | AC47: 0 | AD47: 85 | AE47: 74 | AF47: 56 | AG47: 97 | AH47: 0 | AI47: =SUM(D47:AH47) -> 2204 | AJ47: =AI47*$AX$17/100 -> 936.46449 | AK47: A | AM47: =IF(AJ47>=3175,700000,IF(AJ47>=2760,500000,IF(AJ47>2400,300000,IF(AJ47>=2400,0,0)))) -> 0 | AO47: =AN47/1.25 -> 0
A48: 36 | B48: 36 | C48: Thảo Tuỳ | D48: 0 | E48: 91 | F48: 77 | G48: 106 | H48: 109 | I48: 87 | J48: 104 | K48: 99 | L48: 90 | M48: 106 | N48: 95 | O48: 85 | P48: 68 | Q48: 108 | R48: 116 | S48: 118 | T48: 91 | U48: 90 | V48: 84 | W48: 88 | X48: 94 | Y48: 81 | Z48: 0 | AA48: 78 | AB48: 73 | AC48: 80 | AD48: 161 | AE48: 58 | AF48: 50 | AG48: 75 | AH48: 92 | AI48: =SUM(D48:AH48) -> 2654 | AJ48: =AI48*$AX$17/100 -> 1127.6664 | AK48: A | AM48: =IF(AJ48>=3175,700000,IF(AJ48>=2760,500000,IF(AJ48>2400,300000,IF(AJ48>=2400,0,0)))) -> 0 | AN48: 4 | AO48: =AN48/1.25 -> 3.2
A49: B | B49: TỔ 2 | D49: =SUM(D50:D64) -> 987 | E49: =SUM(E50:E64) -> 1294 | F49: =SUM(F50:F64) -> 1249 | G49: =SUM(G50:G64) -> 1833 | H49: =SUM(H50:H64) -> 1476 | I49: =SUM(I50:I64) -> 1363 | J49: =SUM(J50:J64) -> 1113 | K49: =SUM(K50:K64) -> 1808 | ... AJ49: =SUM(AJ50:AJ64) -> 15912.768 | AN49: =SUM(AN13:AN48) -> 96 | AO49: =SUM(AO13:AO48) -> 76.8
A50: 37 | B50: 1 | C50: ='[8]Chấm công công nhân'!L50 -> Thảo tít | D50: 94 | E50: 87 | F50: 95 | G50: 123 | H50: 99 | I50: 69 | J50: 57 | K50: 113 | L50: 105 | M50: 67 | N50: 53 | O50: 112 | P50: 88 | Q50: 0 | R50: 70 | S50: 142 | T50: 0 | U50: 131 | V50: 54 | W50: 101 | X50: 0 | Y50: 67 | Z50: 60 | AA50: 112 | AB50: 96 | AC50: 50 | AD50: 48 | AE50: 98 | AF50: 0 | AG50: 53 | AH50: 65 | AI50: =SUM(D50:AH50) -> 2309 | AJ50: =AI50*$AX$51/100 -> 991.86323 | AK50: B | AM50: =IF(AJ50>=1950,700000,IF(AJ50>=1770,500000,IF(AJ50>1610,300000,IF(AJ50>=1610,0,0)))) -> 0
A51: 38 | B51: 2 | C51: ='[8]Chấm công công nhân'!L51 -> Thảo ớt | D51: 51 | E51: 190 | F51: 71 | G51: 98 | H51: 51 | I51: 150 | J51: 68 | K51: 120 | L51: 45 | M51: 137 | N51: 61 | O51: 111 | P51: 0 | Q51: 0 | R51: 68 | S51: 157 | T51: 52 | U51: 181 | V51: 55 | W51: 91 | X51: 57 | Y51: 148 | Z51: 63 | AA51: 118 | AB51: 45 | AC51: 100 | AD51: 39 | AE51: 98 | AF51: 0 | AG51: 94 | AH51: 61 | AI51: =SUM(D51:AH51) -> 2580 | AJ51: =AI51*$AX$51/100 -> 1108.2751 | AK51: A | AM51: =IF(AJ51>=2615,700000,IF(AJ51>=2375,500000,IF(AJ51>2160,300000,IF(AJ51>=2160,0,0)))) -> 0 | AX51: 42.956398
A52: 39 | B52: 3 | C52: ='[8]Chấm công công nhân'!L52 -> Nàng Ọt | D52: 51 | E52: 84 | F52: 59 | G52: 132 | H52: 107 | I52: 71 | J52: 62 | K52: 121 | L52: 76 | M52: 82 | N52: 66 | O52: 124 | P52: 55 | Q52: 75 | R52: 65 | S52: 159 | T52: 80 | U52: 92 | V52: 52 | W52: 100 | X52: 86 | Y52: 73 | Z52: 62 | AA52: 133 | AB52: 74 | AC52: 93 | AD52: 54 | AE52: 0 | AF52: 0 | AG52: 61 | AH52: 52 | AI52: =SUM(D52:AH52) -> 2401 | AJ52: =AI52*$AX$51/100 -> 1031.3831 | AK52: B | AM52: =IF(AJ52>=2615,700000,IF(AJ52>=2375,500000,IF(AJ52>2160,300000,IF(AJ52>=2160,0,0)))) -> 0
A53: 40 | B53: 4 | C53: ='[8]Chấm công công nhân'!L53 -> Thào Tòng | D53: 51 | E53: 84 | F53: 59 | G53: 132 | H53: 107 | I53: 71 | J53: 61 | K53: 120 | L53: 76 | M53: 82 | N53: 66 | O53: 123 | P53: 55 | Q53: 74 | R53: 65 | S53: 158 | T53: 80 | U53: 91 | V53: 52 | W53: 100 | X53: 85 | Y53: 73 | Z53: 62 | AA53: 133 | AB53: 74 | AC53: 93 | AD53: 54 | AE53: 0 | AF53: 0 | AG53: 61 | AH53: 52 | AI53: =SUM(D53:AH53) -> 2394 | AJ53: =AI53*$AX$51/100 -> 1028.3762 | AK53: B | AM53: =IF(AJ53>=2615,700000,IF(AJ53>=2375,500000,IF(AJ53>2160,300000,IF(AJ53>=2160,0,0)))) -> 0 | AO53: 10 | AP53: 10
A54: 41 | B54: 5 | C54: ='[8]Chấm công công nhân'!L54 -> Nàng Nơm | D54: 51 | E54: 84 | F54: 59 | G54: 132 | H54: 107 | I54: 71 | J54: 61 | K54: 120 | L54: 76 | M54: 82 | N54: 65 | O54: 123 | P54: 55 | Q54: 74 | R54: 65 | S54: 158 | T54: 79 | U54: 91 | V54: 52 | W54: 99 | X54: 85 | Y54: 73 | Z54: 62 | AA54: 133 | AB54: 73 | AC54: 92 | AD54: 54 | AE54: 0 | AF54: 0 | AG54: 61 | AH54: 52 | AI54: =SUM(D54:AH54) -> 2389 | AJ54: =AI54*$AX$51/100 -> 1026.2283 | AK54: A | AM54: =IF(AJ54>=2615,700000,IF(AJ54>=2375,500000,IF(AJ54>2160,300000,IF(AJ54>=2160,0,0)))) -> 0 | AO54: 83 | AP54: -83
A55: 42 | B55: 6 | C55: ='[8]Chấm công công nhân'!L55 -> Thảo Ây | D55: 50 | E55: 84 | F55: 58 | G55: 132 | H55: 107 | I55: 71 | J55: 61 | K55: 120 | L55: 75 | M55: 81 | N55: 65 | O55: 123 | P55: 54 | Q55: 74 | R55: 64 | S55: 158 | T55: 79 | U55: 91 | V55: 51 | W55: 99 | X55: 85 | Y55: 72 | Z55: 61 | AA55: 132 | AB55: 73 | AC55: 92 | AD55: 54 | AE55: 0 | AF55: 0 | AG55: 60 | AH55: 52 | AI55: =SUM(D55:AH55) -> 2378 | AJ55: =AI55*$AX$51/100 -> 1021.5031 | AK55: A | AM55: =IF(AJ55>=2615,700000,IF(AJ55>=2375,500000,IF(AJ55>2160,300000,IF(AJ55>=2160,0,0)))) -> 0 | AO55: 11 | AP55: -11
A56: 43 | B56: 7 | C56: ='[8]Chấm công công nhân'!L56 -> Thảo Âm Thong | D56: 124 | E56: 97 | F56: 75 | G56: 109 | H56: 119 | I56: 79 | J56: 65 | K56: 108 | L56: 105 | M56: 67 | N56: 57 | O56: 0 | P56: 97 | Q56: 66 | R56: 67 | S56: 136 | T56: 86 | U56: 75 | V56: 62 | W56: 0 | X56: 0 | Y56: 0 | Z56: 0 | AA56: 0 | AB56: 0 | AC56: 98 | AD56: 105 | AE56: 52 | AF56: 0 | AG56: 81 | AH56: 80 | AI56: =SUM(D56:AH56) -> 2010 | AJ56: =AI56*$AX$51/100 -> 863.4236 | AK56: C | AM56: =IF(AJ56>=2615,700000,IF(AJ56>=2375,500000,IF(AJ56>2160,300000,IF(AJ56>=2160,0,0)))) -> 0 | AO56: 2 | AP56: 2
A57: 44 | B57: 8 | C57: ='[8]Chấm công công nhân'!L57 -> Nàng phon | D57: 123 | E57: 97 | F57: 74 | G57: 109 | H57: 119 | I57: 78 | J57: 65 | K57: 108 | L57: 104 | M57: 67 | N57: 56 | O57: 0 | P57: 97 | Q57: 66 | R57: 67 | S57: 135 | T57: 85 | U57: 75 | V57: 61 | W57: 0 | X57: 0 | Y57: 0 | Z57: 0 | AA57: 96 | AB57: 128 | AC57: 60 | AD57: 78 | AE57: 97 | AF57: 0 | AG57: 82 | AH57: 87 | AI57: =SUM(D57:AH57) -> 2214 | AJ57: =AI57*$AX$51/100 -> 951.05465 | AK57: B | AM57: =IF(AJ57>=2615,700000,IF(AJ57>=2375,500000,IF(AJ57>2160,300000,IF(AJ57>=2160,0,0)))) -> 0 | AO57: 220 | AP57: 220
A58: 45 | B58: 9 | C58: ='[8]Chấm công công nhân'!L58 -> Thảo phắt | D58: 0 | E58: 107 | F58: 86 | G58: 64 | H58: 124 | I58: 88 | J58: 88 | K58: 70 | L58: 158 | M58: 93 | N58: 96 | O58: 59 | P58: 107 | Q58: 96 | R58: 89 | S58: 79 | T58: 0 | U58: 81 | V58: 81 | W58: 60 | X58: 207 | Y58: 89 | Z58: 98 | AA58: 52 | AB58: 109 | AC58: 165 | AD58: 0 | AE58: 40 | AF58: 87 | AG58: 48 | AH58: 47 | AI58: =SUM(D58:AH58) -> 2568 | AJ58: =AI58*$AX$51/100 -> 1103.1203 | AK58: B | AM58: =IF(AJ58>=2615,700000,IF(AJ58>=2375,500000,IF(AJ58>2160,300000,IF(AJ58>=2160,0,0)))) -> 0 | AO58: =SUM(AO54:AO57) -> 316 | AP58: =SUM(AP53:AP57) -> 138
A59: 46 | B59: 10 | C59: ='[8]Chấm công công nhân'!L59 -> Thảo Phon Say | D59: 0 | E59: 100 | F59: 100 | G59: 127 | H59: 85 | I59: 102 | J59: 110 | K59: 122 | L59: 102 | M59: 109 | N59: 90 | O59: 110 | P59: 81 | Q59: 87 | R59: 97 | S59: 139 | T59: 102 | U59: 100 | V59: 92 | W59: 99 | X59: 99 | Y59: 81 | Z59: 72 | AA59: 102 | AB59: 77 | AC59: 73 | AD59: 73 | AE59: 75 | AF59: 57 | AG59: 0 | AH59: 0 | AI59: =SUM(D59:AH59) -> 2663 | AJ59: =AI59*$AX$51/100 -> 1143.9289 | AK59: B | AM59: =IF(AJ59>=2615,700000,IF(AJ59>=2375,500000,IF(AJ59>2160,300000,IF(AJ59>=2160,0,0)))) -> 0 | AO59: 94
A60: 47 | B60: 11 | C60: ='[8]Chấm công công nhân'!L60 -> Nàng Pít | D60: 105 | E60: 58 | F60: 89 | G60: 77 | H60: 119 | I60: 58 | J60: 76 | K60: 85 | L60: 115 | M60: 47 | N60: 57 | O60: 69 | P60: 0 | Q60: 0 | R60: 75 | S60: 94 | T60: 90 | U60: 90 | V60: 51 | W60: 53 | X60: 121 | Y60: 47 | Z60: 65 | AA60: 271 | AB60: 129 | AC60: 40 | AD60: 37 | AE60: 41 | AF60: 0 | AG60: 78 | AH60: 52 | AI60: =SUM(D60:AH60) -> 2289 | AJ60: =AI60*$AX$51/100 -> 983.27195 | AK60: C | AM60: =IF(AJ60>=2615,700000,IF(AJ60>=2375,500000,IF(AJ60>2160,300000,IF(AJ60>=2160,0,0)))) -> 0 | AO60: =AO58-AO59 -> 222
A61: 48 | B61: 12 | C61: ='[8]Chấm công công nhân'!L61 -> Thảo út | D61: 44 | E61: 122 | F61: 66 | G61: 156 | H61: 48 | I61: 110 | J61: 63 | K61: 120 | L61: 40 | M61: 108 | N61: 60 | O61: 123 | P61: 35 | Q61: 97 | R61: 73 | S61: 165 | T61: 48 | U61: 118 | V61: 50 | W61: 124 | X61: 41 | Y61: 93 | Z61: 53 | AA61: 96 | AB61: 128 | AC61: 97 | AD61: 78 | AE61: 96 | AF61: 0 | AG61: 81 | AH61: 86 | AI61: =SUM(D61:AH61) -> 2619 | AJ61: =AI61*$AX$51/100 -> 1125.0281 | AK61: A | AM61: =IF(AJ61>=2615,700000,IF(AJ61>=2375,500000,IF(AJ61>2160,300000,IF(AJ61>=2160,0,0)))) -> 0 | AP61: =AO58-312 -> 4
A62: 49 | B62: 13 | C62: ='[8]Chấm công công nhân'!L62 -> Nàng ăm | D62: 122 | E62: 0 | F62: 130 | G62: 158 | H62: 100 | I62: 122 | J62: 84 | K62: 180 | L62: 120 | M62: 119 | N62: 84 | O62: 140 | P62: 81 | Q62: 0 | R62: 0 | S62: 185 | T62: 0 | U62: 153 | V62: 147 | W62: 0 | X62: 0 | Y62: 113 | Z62: 0 | AA62: 128 | AB62: 137 | AC62: 111 | AD62: 63 | AE62: 103 | AF62: 0 | AG62: 104 | AH62: 79 | AI62: =SUM(D62:AH62) -> 2763 | AJ62: =AI62*$AX$51/100 -> 1186.8853 | AK62: B | AM62: =IF(AJ62>=2615,700000,IF(AJ62>=2375,500000,IF(AJ62>2160,300000,IF(AJ62>=2160,0,0)))) -> 0
A63: 50 | B63: 14 | C63: ='[8]Chấm công công nhân'!L63 -> Nàng Phìn | D63: 0 | E63: 100 | F63: 99 | G63: 127 | H63: 85 | I63: 102 | J63: 109 | K63: 121 | L63: 101 | M63: 109 | N63: 89 | O63: 110 | P63: 81 | Q63: 86 | R63: 97 | S63: 139 | T63: 102 | U63: 100 | V63: 92 | W63: 99 | X63: 99 | Y63: 81 | Z63: 71 | AA63: 102 | AB63: 77 | AC63: 73 | AD63: 73 | AE63: 75 | AF63: 57 | AG63: 0 | AH63: 0 | AI63: =SUM(D63:AH63) -> 2656 | AJ63: =AI63*$AX$51/100 -> 1140.9219 | AK63: A | AM63: =IF(AJ63>=2615,700000,IF(AJ63>=2375,500000,IF(AJ63>2160,300000,IF(AJ63>=2160,0,0)))) -> 0
A64: 51 | B64: 15 | C64: ='[8]Chấm công công nhân'!L64 -> May | D64: 121 | E64: 0 | F64: 129 | G64: 157 | H64: 99 | I64: 121 | J64: 83 | K64: 180 | L64: 120 | M64: 118 | N64: 83 | O64: 140 | P64: 81 | Q64: 0 | R64: 0 | S64: 185 | T64: 63 | U64: 153 | V64: 146 | W64: 0 | X64: 0 | Y64: 113 | Z64: 0 | AA64: 127 | AB64: 136 | AC64: 110 | AD64: 62 | AE64: 102 | AF64: 0 | AG64: 103 | AH64: 79 | AI64: =SUM(D64:AH64) -> 2811 | AJ64: =AI64*$AX$51/100 -> 1207.5043 | AK64: A | AM64: =IF(AJ64>=2615,700000,IF(AJ64>=2375,500000,IF(AJ64>2160,300000,IF(AJ64>=2160,0,0)))) -> 0
A65: C | B65: TỔ 3 | D65: =+SUM(D66:D81) -> 127 | E65: =+SUM(E66:E81) -> 644 | F65: =+SUM(F66:F81) -> 907 | G65: =+SUM(G66:G81) -> 1171 | H65: =+SUM(H66:H81) -> 846 | I65: =+SUM(I66:I81) -> 1014 | J65: =+SUM(J66:J81) -> 802 | K65: =+SUM(K66:K81) -> 919 | ... AI65: =+SUM(AI66:AI81) -> 24342 | AJ65: =SUM(AJ66:AJ81) -> 11489.906 | AN65: 17986 | AP65: =+AI65+7422 -> 31764
A66: 52 | B66: 1 | C66: Phò Đăm | D66: 0 | E66: 0 | F66: 79 | G66: 201 | H66: 0 | I66: 0 | J66: 167 | K66: 0 | L66: 0 | M66: 165 | N66: 168 | O66: 230 | P66: 193 | Q66: 123 | R66: 130 | S66: 0 | T66: 0 | U66: 221 | V66: 0 | W66: 0 | X66: 0 | Y66: 0 | Z66: 0 | AA66: 0 | AB66: 0 | AC66: 167 | AD66: 169 | AE66: 255 | AF66: 137 | AG66: 175 | AH66: 0 | AI66: =SUM(D66:AH66) -> 2580 | AJ66: =AI66*$AX$67/100 -> 1217.8111 | AK66: A | AM66: =IF(AJ66>=2790,700000,IF(AJ66>=2425,500000,IF(AJ66>2110,300000,IF(AJ66>=2110,0,0)))) -> 0 | AN66: =+AI65-AN65 -> 6356 | AT66: =+AI66+[2]Mủ!AI13 -> 3625
A67: 53 | B67: 2 | C67: Thảo Mai | D67: 0 | E67: 0 | F67: 0 | G67: 0 | H67: 0 | I67: 0 | J67: 0 | K67: 0 | L67: 0 | M67: 0 | N67: 0 | O67: 160 | P67: 0 | Q67: 0 | R67: 0 | S67: 0 | T67: 0 | U67: 0 | V67: 0 | W67: 0 | X67: 198 | Y67: 0 | Z67: 0 | AA67: 0 | AB67: 0 | AC67: 0 | AD67: 0 | AE67: 129 | AF67: 0 | AG67: 0 | AH67: 0 | AI67: =SUM(D67:AH67) -> 487 | AJ67: =AI67*$AX$67/100 -> 229.87364 | AK67: B | AM67: =IF(AJ67>=2790,700000,IF(AJ67>=2425,500000,IF(AJ67>2110,300000,IF(AJ67>=2110,0,0)))) -> 0 | AT67: =+AI67+[2]Mủ!AI14 -> 1291 | AX67: 47.20198
A68: 54 | B68: 3 | C68: Thảo Tưng | D68: 81 | E68: 0 | F68: 0 | G68: 0 | H68: 89 | I68: 73 | J68: 0 | K68: 78 | L68: 85 | M68: 0 | N68: 51 | O68: 0 | P68: 0 | Q68: 0 | R68: 80 | S68: 0 | T68: 92 | U68: 81 | V68: 0 | W68: 75 | X68: 44 | Y68: 40 | Z68: 0 | AA68: 0 | AB68: 0 | AC68: 76 | AD68: 74 | AE68: 0 | AF68: 0 | AG68: 36 | AH68: 0 | AI68: =SUM(D68:AH68) -> 1055 | AJ68: =AI68*$AX$67/100 -> 497.98089 | AK68: B | AM68: =IF(AJ68>=2790,700000,IF(AJ68>=2425,500000,IF(AJ68>2110,300000,IF(AJ68>=2110,0,0)))) -> 0 | AT68: =+AI68+[2]Mủ!AI15 -> 2640
A69: 55 | B69: 4 | C69: Thảo Xay | D69: 0 | E69: 80 | F69: 100 | G69: 75 | H69: 97 | I69: 107 | J69: 113 | K69: 118 | L69: 104 | M69: 100 | N69: 0 | O69: 0 | P69: 92 | Q69: 100 | R69: 80 | S69: 0 | T69: 0 | U69: 75 | V69: 0 | W69: 93 | X69: 75 | Y69: 0 | Z69: 71 | AA69: 50 | AB69: 0 | AC69: 103 | AD69: 0 | AE69: 0 | AF69: 43 | AG69: 44 | AH69: 0 | AI69: =SUM(D69:AH69) -> 1720 | AJ69: =AI69*$AX$67/100 -> 811.87406 | AK69: A | AM69: =IF(AJ69>=2790,700000,IF(AJ69>=2425,500000,IF(AJ69>2110,300000,IF(AJ69>=2110,0,0)))) -> 0 | AT69: =+AI69+[2]Mủ!AI16 -> 2955
A70: 56 | B70: 5 | C70: Nàng Nọi | D70: 0 | E70: 80 | F70: 101 | G70: 76 | H70: 98 | I70: 108 | J70: 113 | K70: 119 | L70: 104 | M70: 103 | N70: 0 | O70: 0 | P70: 93 | Q70: 100 | R70: 80 | S70: 0 | T70: 0 | U70: 0 | V70: 0 | W70: 0 | X70: 75 | Y70: 0 | Z70: 71 | AA70: 50 | AB70: 0 | AC70: 0 | AD70: 0 | AE70: 0 | AF70: 43 | AG70: 45 | AH70: 0 | AI70: =SUM(D70:AH70) -> 1459 | AJ70: =AI70*$AX$67/100 -> 688.67689 | AK70: B | AM70: =IF(AJ70>=2790,700000,IF(AJ70>=2425,500000,IF(AJ70>2110,300000,IF(AJ70>=2110,0,0)))) -> 0 | AT70: =+AI70+[2]Mủ!AI17 -> 2690
A71: 57 | B71: 6 | C71: Thảo Đăm | D71: 0 | E71: 0 | F71: 90 | G71: 148 | H71: 70 | I71: 80 | J71: 81 | K71: 75 | L71: 73 | M71: 0 | N71: 73 | O71: 0 | P71: 169 | Q71: 70 | R71: 90 | S71: 0 | T71: 0 | U71: 95 | V71: 0 | W71: 0 | X71: 55 | Y71: 0 | Z71: 0 | AA71: 0 | AB71: 0 | AC71: 124 | AD71: 59 | AE71: 72 | AF71: 0 | AG71: 0 | AH71: 0 | AI71: =SUM(D71:AH71) -> 1424 | AJ71: =AI71*$AX$67/100 -> 672.1562 | AK71: A | AM71: =IF(AJ71>=2790,700000,IF(AJ71>=2425,500000,IF(AJ71>2110,300000,IF(AJ71>=2110,0,0)))) -> 0 | AT71: =+AI71+[2]Mủ!AI18 -> 2197
A72: 58 | B72: 7 | C72: Thảo chăn | D72: 0 | E72: 120 | F72: 85 | G72: 152 | H72: 102 | I72: 71 | J72: 51 | K72: 82 | L72: 112 | M72: 125 | N72: 128 | O72: 211 | P72: 0 | Q72: 49 | R72: 0 | S72: 112 | T72: 0 | U72: 172 | V72: 109 | W72: 0 | X72: 103 | Y72: 0 | Z72: 0 | AA72: 62 | AB72: 0 | AC72: 126 | AD72: 98 | AE72: 0 | AF72: 120 | AG72: 38 | AH72: 0 | AI72: =SUM(D72:AH72) -> 2228 | AJ72: =AI72*$AX$67/100 -> 1051.6601 | AK72: A | AM72: =IF(AJ72>=2790,700000,IF(AJ72>=2425,500000,IF(AJ72>2110,300000,IF(AJ72>=2110,0,0)))) -> 0 | AT72: =+AI72+[2]Mủ!AI19 -> 2977
A73: 59 | B73: 8 | C73: Hồ Văn Tăng | D73: 0 | E73: 0 | F73: 80 | G73: 0 | H73: 0 | I73: 71 | J73: 0 | K73: 0 | L73: 0 | M73: 0 | N73: 102 | O73: 98 | P73: 0 | Q73: 83 | R73: 0 | S73: 102 | T73: 134 | U73: 119 | V73: 0 | W73: 113 | X73: 87 | Y73: 90 | Z73: 0 | AA73: 110 | AB73: 0 | AC73: 0 | AD73: 0 | AE73: 0 | AF73: 0 | AG73: 0 | AH73: 0 | AI73: =SUM(D73:AH73) -> 1189 | AJ73: =AI73*$AX$67/100 -> 561.23154 | AK73: B | AM73: =IF(AJ73>=2790,700000,IF(AJ73>=2425,500000,IF(AJ73>2110,300000,IF(AJ73>=2110,0,0)))) -> 0
A74: 60 | B74: 9 | C74: Hồ Văn Khoa | D74: 0 | E74: 0 | F74: 81 | G74: 84 | H74: 75 | I74: 69 | J74: 0 | K74: 0 | L74: 0 | M74: 0 | N74: 103 | O74: 98 | P74: 65 | Q74: 83 | R74: 40 | S74: 104 | T74: 135 | U74: 119 | V74: 0 | W74: 112 | X74: 0 | Y74: 91 | Z74: 101 | AA74: 109 | AB74: 0 | AC74: 0 | AD74: 0 | AE74: 0 | AF74: 0 | AG74: 0 | AH74: 0 | AI74: =SUM(D74:AH74) -> 1469 | AJ74: =AI74*$AX$67/100 -> 693.39709 | AK74: A | AM74: =IF(AJ74>=2790,700000,IF(AJ74>=2425,500000,IF(AJ74>2110,300000,IF(AJ74>=2110,0,0)))) -> 0
A75: 61 | B75: 10 | C75: Hồ Xa My | D75: 0 | E75: 0 | F75: 0 | G75: 86 | H75: 75 | I75: 70 | J75: 0 | K75: 0 | L75: 0 | M75: 0 | N75: 102 | O75: 98 | P75: 65 | Q75: 84 | R75: 0 | S75: 102 | T75: 134 | U75: 119 | V75: 0 | W75: 112 | X75: 87 | Y75: 90 | Z75: 101 | AA75: 109 | AB75: 0 | AC75: 0 | AD75: 0 | AE75: 0 | AF75: 0 | AG75: 0 | AH75: 0 | AI75: =SUM(D75:AH75) -> 1434 | AJ75: =AI75*$AX$67/100 -> 676.87639 | AK75: A | AM75: =IF(AJ75>=2790,700000,IF(AJ75>=2425,500000,IF(AJ75>2110,300000,IF(AJ75>=2110,0,0)))) -> 0
A76: 62 | B76: 11 | C76: Thảo lay | D76: 0 | E76: 0 | F76: 0 | G76: 102 | H76: 90 | I76: 0 | J76: 0 | K76: 0 | L76: 0 | M76: 116 | N76: 0 | O76: 150 | P76: 114 | Q76: 0 | R76: 38 | S76: 0 | T76: 0 | U76: 81 | V76: 0 | W76: 0 | X76: 168 | Y76: 0 | Z76: 87 | AA76: 0 | AB76: 0 | AC76: 0 | AD76: 0 | AE76: 246 | AF76: 0 | AG76: 125 | AH76: 0 | AI76: =SUM(D76:AH76) -> 1317 | AJ76: =AI76*$AX$67/100 -> 621.65008 | AK76: B | AM76: =IF(AJ76>=2790,700000,IF(AJ76>=2425,500000,IF(AJ76>2110,300000,IF(AJ76>=2110,0,0)))) -> 0
A77: 63 | B77: 12 | C77: Thảo khên | D77: 0 | E77: 161 | F77: 81 | G77: 124 | H77: 0 | I77: 139 | J77: 125 | K77: 150 | L77: 0 | M77: 0 | N77: 115 | O77: 87 | P77: 154 | Q77: 156 | R77: 120 | S77: 0 | T77: 162 | U77: 169 | V77: 159 | W77: 160 | X77: 109 | Y77: 0 | Z77: 0 | AA77: 76 | AB77: 114 | AC77: 61 | AD77: 133 | AE77: 137 | AF77: 132 | AG77: 139 | AH77: 0 | AI77: =SUM(D77:AH77) -> 2963 | AJ77: =AI77*$AX$67/100 -> 1398.5947 | AK77: A | AM77: =IF(AJ77>=2790,700000,IF(AJ77>=2425,500000,IF(AJ77>2110,300000,IF(AJ77>=2110,0,0)))) -> 0
A78: 64 | B78: 13 | C78: Thảo khon | D78: 0 | E78: 101 | F78: 104 | G78: 61 | H78: 74 | I78: 80 | J78: 76 | K78: 97 | L78: 60 | M78: 87 | N78: 0 | O78: 95 | P78: 74 | Q78: 85 | R78: 75 | S78: 0 | T78: 88 | U78: 84 | V78: 0 | W78: 0 | X78: 70 | Y78: 113 | Z78: 89 | AA78: 0 | AB78: 84 | AC78: 87 | AD78: 66 | AE78: 0 | AF78: 80 | AG78: 0 | AH78: 0 | AI78: =SUM(D78:AH78) -> 1830 | AJ78: =AI78*$AX$67/100 -> 863.79624 | AK78: B | AM78: =IF(AJ78>=2790,700000,IF(AJ78>=2425,500000,IF(AJ78>2110,300000,IF(AJ78>=2110,0,0)))) -> 0
A79: 65 | B79: 14 | C79: Thảo nga | D79: 0 | E79: 102 | F79: 106 | G79: 62 | H79: 76 | I79: 81 | J79: 76 | K79: 98 | L79: 60 | M79: 87 | N79: 0 | O79: 95 | P79: 76 | Q79: 86 | R79: 75 | S79: 0 | T79: 89 | U79: 84 | V79: 0 | W79: 0 | X79: 70 | Y79: 113 | Z79: 90 | AA79: 0 | AB79: 83 | AC79: 88 | AD79: 65 | AE79: 0 | AF79: 79 | AG79: 0 | AH79: 0 | AI79: =SUM(D79:AH79) -> 1841 | AJ79: =AI79*$AX$67/100 -> 868.98845 | AK79: A | AM79: =IF(AJ79>=2790,700000,IF(AJ79>=2425,500000,IF(AJ79>2110,300000,IF(AJ79>=2110,0,0)))) -> 0
A80: 66 | B80: 15 | C80: Thảo lăm ma | D80: 46 | E80: 0 | F80: 0 | G80: 0 | H80: 0 | I80: 65 | J80: 0 | K80: 102 | L80: 47 | M80: 62 | N80: 0 | O80: 141 | P80: 0 | Q80: 0 | R80: 30 | S80: 66 | T80: 0 | U80: 0 | V80: 44 | W80: 80 | X80: 35 | Y80: 0 | Z80: 0 | AA80: 0 | AB80: 0 | AC80: 50 | AD80: 45 | AE80: 88 | AF80: 60 | AG80: 88 | AH80: 0 | AI80: =SUM(D80:AH80) -> 1049 | AJ80: =AI80*$AX$67/100 -> 495.14877 | AK80: A | AM80: =IF(AJ80>=2790,700000,IF(AJ80>=2425,500000,IF(AJ80>2110,300000,IF(AJ80>=2110,0,0)))) -> 0
A81: 67 | B81: 16 | C81: Thảo Hôm | D81: 0 | E81: 0 | F81: 0 | G81: 0 | H81: 0 | I81: 0 | J81: 0 | K81: 0 | L81: 0 | M81: 0 | N81: 0 | O81: 0 | P81: 0 | Q81: 0 | R81: 28 | S81: 0 | T81: 0 | U81: 0 | V81: 0 | W81: 0 | X81: 0 | Y81: 110 | Z81: 0 | AA81: 0 | AB81: 0 | AC81: 0 | AD81: 115 | AE81: 0 | AF81: 0 | AG81: 44 | AH81: 0 | AI81: =SUM(D81:AH81) -> 297 | AJ81: =AI81*$AX$67/100 -> 140.18988 | AK81: B
A82: TỔNG CỘNG | D82: =+D12+D49+D65 -> 1445 | E82: =+E12+E49+E65 -> 3490 | F82: =+F12+F49+F65 -> 5084 | G82: =+G12+G49+G65 -> 6501 | H82: =+H12+H49+H65 -> 4329 | I82: =+I12+I49+I65 -> 6238 | J82: =+J12+J49+J65 -> 5325 | K82: =+K12+K49+K65 -> 6126 | ... AJ82: =+AJ12+AJ49+AJ65 -> 63154.458
A84: STT | D84: SỐ CÔNG NHÂN | G84: HẠNG KỸ THUẬT | J84: SẢN LƯỢNG MỦ TẠP (kg) | P84: SẢN LƯỢNG MỦ QUY KHÔ | W84: Tỉ lệ % theo hạng kỹ thuật | AB84: Ghi chú
A85: 1 | D85: =SUM(COUNTIF(AK13:AK81,"A")) -> 33 | G85: A | J85: =SUMIF($AK$13:$AK$81,"A",$AI$13:$AI$80) -> 77490 | P85: =SUMIF($AK$13:$AK$81,"A",$AJ$13:$AJ$80) -> 33784.447 | W85: =P85/$P$89*100 -> 53.494952
A86: 2 | D86: =SUM(COUNTIF(AK13:AK81,"B")) -> 29 | G86: B | J86: =SUMIF($AK$13:$AK$81,"B",$AI$13:$AI$80) -> 57853 | P86: =SUMIF($AK$13:$AK$81,"B",$AJ$13:$AJ$80) -> 25021.97 | W86: =P86/$P$89*100 -> 39.620274 | AP86: =97677*43.16 -> 4215739.3
A87: 3 | D87: =SUM(COUNTIF(AK13:AK81,"C")) -> 5 | G87: C | J87: =SUMIF($AK$13:$AK$81,"C",$AI$13:$AI$80) -> 10186 | P87: =SUMIF($AK$13:$AK$81,"C",$AJ$13:$AJ$80) -> 4348.0415 | W87: =P87/$P$89*100 -> 6.8847737
A88: 4 | D88: =SUM(COUNTIF(AK13:AK75,"D")) -> 0 | G88: D | J88: =SUMIF($AK$13:$AK$72,"D",$AI$13:$AI$72) -> 0 | P88: =SUMIF($AK$13:$AK$72,"D",$AJ$13:$AJ$72) -> 0
A89: TỔNG | D89: =SUM(D85:F88) -> 67 | J89: =SUM(J85:O88) -> 145529 | P89: =SUM(P85:V88) -> 63154.458 | W89: 100
AE90: Sepon, ngày 31 tháng 01 năm 2025
C91: TỔNG GIÁM ĐỐC | O91: PHÒNG. KTNN | AE91: ĐỘI TRƯỞNG ĐỘI SEPON
AE97: Phạm Đắc Nhân

Sheet Tong hop cong
A1: 1 | B1: 2 | C1: 3 | D1: 4 | E1: 5 | F1: 6 | G1: 7 | H1: 8 | I1: 9 | J1: 10 | K1: 11 | L1: 12 | M1: 13 | N1: 14 | O1: 15 | P1: 16 | R1: 17
A2: CỘNG HÒA DÂN CHỦ NHÂN DÂN LÀO
A3: Hòa bình - Độc lập - Dân chủ - Thống nhất - Thịnh vượng
L4: -----oOo-----
A5: CÔNG TY TNHH CỔ PHẦN QUASA - GERUCO LÀO
A6: ĐỘI SẢN XUẤT SEPON
AD7: =1/0.4 -> 2.5
B8: BẢNG TỔNG HỢP CÔNG THỰC HIỆN THÁNG 07 NĂM 2024
A10: STT | B10: STT | C10: Họ tên | D10: Vườn cây kinh doanh
E11: Bón phân | F11: Trộn phân đơn | G11: Phun thuốc diệt cỏ | H11: Phát chồi đại trà | I11: Ủi bao lô + ủi cục bộ | J11: Xả miệng rong mương đóng máng | K11: Gắn máng chắn mưa | L11: Gia cố máng chắn mưa | M11: Gắn màng phủ chén | N11: Rút, vs máng dẫn mủ | Q11: Giật cành cây nghiêng | R11: Tổng công | S11: Mủ tạp | T11: Mủ dây | U11: Quy Khô | V11: Ngày công | W11: Phụ cấp Chủ Nhật | X11: Phụ cấp cây non ngày BT | Y11: Phụ cấp cây non ngày chủ nhật | Z11: Phụ cấp bốc mủ 2 lát | AA11: Xếp loại KT tính lương | AB11: Xác Nhận
A12: A | B12: TỔ 1 | E12: =SUM(E13:E49) -> 0 | F12: =SUM(F13:F49) -> 0 | G12: =SUM(G13:G49) -> 0 | H12: =SUM(H13:H49) -> 0 | I12: =SUM(I13:I49) -> 0 | J12: =SUM(J13:J49) -> 0 | K12: =SUM(K13:K49) -> 0 | L12: =SUM(L13:L49) -> 0 | ... Z12: =SUM(Z13:Z49) -> 0
A13: 1 | B13: 1 | C13: ='Chấm công công nhân'!L13 -> Vắt Đi | I13: ='kt1'!H14 -> 0 | J13: ='xã cạo t1'!H14 -> 0 | K13: ='mcm t1'!J14 -> 0 | L13: ='gia cố mcm t1'!H14 -> 0 | M13: ='mpc t1'!H14 -> 0 | R13: =SUM(D13:Q13) -> 0 | S13: =VLOOKUP(C13,Mủ!C13:AI48,33,0) -> 3038 | U13: =VLOOKUP(C13,Mủ!C13:AJ48,34,0) -> 1290.8254 | V13: =VLOOKUP(C13,'Chấm công công nhân'!L13:AR13,33,0) -> 19 | W13: =VLOOKUP(C13,'Chấm công công nhân'!L13:AS82,34,0) -> 3 | X13: =VLOOKUP(C13,'Chấm công công nhân'!L13:AT48,35,0) -> 7 | Y13: =VLOOKUP(C13,'Chấm công công nhân'!L13:AU82,36,0) -> 1 | AA13: =VLOOKUP(C13,'Kỷ thuật'!C11:M11,11,0) -> A
A14: 2 | B14: 2 | C14: ='Chấm công công nhân'!L14 -> T Ô Vên | I14: ='kt1'!H15 -> 0 | J14: ='xã cạo t1'!H15 -> 0 | K14: ='mcm t1'!J15 -> 0 | L14: ='gia cố mcm t1'!H15 -> 0 | M14: ='mpc t1'!H15 -> 0 | R14: =SUM(D14:Q14) -> 0 | S14: =VLOOKUP(C14,Mủ!C14:AI49,33,0) -> 2658 | U14: =VLOOKUP(C14,Mủ!C14:AJ49,34,0) -> 1129.366 | V14: =VLOOKUP(C14,'Chấm công công nhân'!L14:AR14,33,0) -> 20 | W14: =VLOOKUP(C14,'Chấm công công nhân'!L14:AS83,34,0) -> 2 | X14: =VLOOKUP(C14,'Chấm công công nhân'!L14:AT49,35,0) -> 7 | Y14: =VLOOKUP(C14,'Chấm công công nhân'!L14:AU83,36,0) -> 2 | AA14: =VLOOKUP(C14,'Kỷ thuật'!C12:M12,11,0) -> B
A15: 3 | B15: 3 | C15: ='Chấm công công nhân'!L15 -> Nàng Túc | I15: ='kt1'!H16 -> 0 | J15: ='xã cạo t1'!H16 -> 0 | K15: ='mcm t1'!J16 -> 0 | L15: ='gia cố mcm t1'!H16 -> 0 | M15: ='mpc t1'!H16 -> 0 | R15: =SUM(D15:Q15) -> 0 | S15: =VLOOKUP(C15,Mủ!C15:AI50,33,0) -> 2464 | U15: =VLOOKUP(C15,Mủ!C15:AJ50,34,0) -> 1046.9367 | V15: =VLOOKUP(C15,'Chấm công công nhân'!L15:AR15,33,0) -> 20 | W15: =VLOOKUP(C15,'Chấm công công nhân'!L15:AS84,34,0) -> 2 | X15: =VLOOKUP(C15,'Chấm công công nhân'!L15:AT50,35,0) -> 7 | Y15: =VLOOKUP(C15,'Chấm công công nhân'!L15:AU84,36,0) -> 2 | AA15: =VLOOKUP(C15,'Kỷ thuật'!C13:M13,11,0) -> A
A16: 4 | B16: 4 | C16: ='Chấm công công nhân'!L16 -> Thảo Say | I16: ='kt1'!H17 -> 0 | J16: ='xã cạo t1'!H17 -> 0 | K16: ='mcm t1'!J17 -> 0 | L16: ='gia cố mcm t1'!H17 -> 0 | M16: ='mpc t1'!H17 -> 0 | R16: =SUM(D16:Q16) -> 0 | S16: =VLOOKUP(C16,Mủ!C16:AI51,33,0) -> 1481 | U16: =VLOOKUP(C16,Mủ!C16:AJ51,34,0) -> 629.26675 | V16: =VLOOKUP(C16,'Chấm công công nhân'!L16:AR16,33,0) -> 12 | W16: =VLOOKUP(C16,'Chấm công công nhân'!L16:AS85,34,0) -> 2 | X16: =VLOOKUP(C16,'Chấm công công nhân'!L16:AT51,35,0) -> 2 | Y16: =VLOOKUP(C16,'Chấm công công nhân'!L16:AU85,36,0) -> 2 | AA16: =VLOOKUP(C16,'Kỷ thuật'!C14:M14,11,0) -> B | AC16: =1/0.33 -> 3.030303
A17: 5 | B17: 5 | C17: ='Chấm công công nhân'!L17 -> Thảo Pheng | I17: ='kt1'!H18 -> 0 | J17: ='xã cạo t1'!H18 -> 0 | K17: ='mcm t1'!J18 -> 0 | L17: ='gia cố mcm t1'!H18 -> 0 | M17: ='mpc t1'!H18 -> 0 | R17: =SUM(D17:Q17) -> 0 | S17: =VLOOKUP(C17,Mủ!C17:AI52,33,0) -> 2232 | U17: =VLOOKUP(C17,Mủ!C17:AJ52,34,0) -> 948.3615 | V17: =VLOOKUP(C17,'Chấm công công nhân'!L17:AR17,33,0) -> 12 | W17: =VLOOKUP(C17,'Chấm công công nhân'!L17:AS86,34,0) -> 2 | X17: =VLOOKUP(C17,'Chấm công công nhân'!L17:AT52,35,0) -> 12 | Y17: =VLOOKUP(C17,'Chấm công công nhân'!L17:AU86,36,0) -> 2 | AA17: =VLOOKUP(C17,'Kỷ thuật'!C15:M15,11,0) -> C
A18: 6 | B18: 6 | C18: ='Chấm công công nhân'!L18 -> Nàng Chay | I18: ='kt1'!H19 -> 0 | J18: ='xã cạo t1'!H19 -> 0 | K18: ='mcm t1'!J19 -> 0 | L18: ='gia cố mcm t1'!H19 -> 0 | M18: ='mpc t1'!H19 -> 0 | R18: =SUM(D18:Q18) -> 0 | S18: =VLOOKUP(C18,Mủ!C18:AI53,33,0) -> 2469 | U18: =VLOOKUP(C18,Mủ!C18:AJ53,34,0) -> 1049.0612 | V18: =VLOOKUP(C18,'Chấm công công nhân'!L18:AR18,33,0) -> 13 | W18: =VLOOKUP(C18,'Chấm công công nhân'!L18:AS87,34,0) -> 2 | X18: =VLOOKUP(C18,'Chấm công công nhân'!L18:AT53,35,0) -> 14 | Y18: =VLOOKUP(C18,'Chấm công công nhân'!L18:AU87,36,0) -> 2 | AA18: =VLOOKUP(C18,'Kỷ thuật'!C16:M16,11,0) -> B
A19: 7 | B19: 7 | C19: ='Chấm công công nhân'!L19 -> Nàng Hđao | I19: ='kt1'!H20 -> 0 | J19: ='xã cạo t1'!H20 -> 0 | K19: ='mcm t1'!J20 -> 0 | L19: ='gia cố mcm t1'!H20 -> 0 | M19: ='mpc t1'!H20 -> 0 | R19: =SUM(D19:Q19) -> 0 | S19: =VLOOKUP(C19,Mủ!C19:AI54,33,0) -> 2109 | U19: =VLOOKUP(C19,Mủ!C19:AJ54,34,0) -> 896.09965 | V19: =VLOOKUP(C19,'Chấm công công nhân'!L19:AR19,33,0) -> 10 | W19: =VLOOKUP(C19,'Chấm công công nhân'!L19:AS88,34,0) -> 3 | X19: =VLOOKUP(C19,'Chấm công công nhân'!L19:AT54,35,0) -> 11 | Y19: =VLOOKUP(C19,'Chấm công công nhân'!L19:AU88,36,0) -> 1 | AA19: =VLOOKUP(C19,'Kỷ thuật'!C17:M17,11,0) -> B
A20: 8 | B20: 8 | C20: ='Chấm công công nhân'!L20 -> Thảo Ken | I20: ='kt1'!H21 -> 0 | J20: ='xã cạo t1'!H21 -> 0 | K20: ='mcm t1'!J21 -> 0 | L20: ='gia cố mcm t1'!H21 -> 0 | M20: ='mpc t1'!H21 -> 0 | R20: =SUM(D20:Q20) -> 0 | S20: =VLOOKUP(C20,Mủ!C20:AI55,33,0) -> 2481 | U20: =VLOOKUP(C20,Mủ!C20:AJ55,34,0) -> 1054.1599 | V20: =VLOOKUP(C20,'Chấm công công nhân'!L20:AR20,33,0) -> 13 | W20: =VLOOKUP(C20,'Chấm công công nhân'!L20:AS89,34,0) -> 3 | X20: =VLOOKUP(C20,'Chấm công công nhân'!L20:AT55,35,0) -> 14 | Y20: =VLOOKUP(C20,'Chấm công công nhân'!L20:AU89,36,0) -> 1 | AA20: =VLOOKUP(C20,'Kỷ thuật'!C18:M18,11,0) -> A
A21: 9 | B21: 9 | C21: ='Chấm công công nhân'!L21 -> Thảo Cợt | I21: ='kt1'!H22 -> 0 | J21: ='xã cạo t1'!H22 -> 0 | K21: ='mcm t1'!J22 -> 0 | L21: ='gia cố mcm t1'!H22 -> 0 | M21: ='mpc t1'!H22 -> 0 | R21: =SUM(D21:Q21) -> 0 | S21: =VLOOKUP(C21,Mủ!C21:AI56,33,0) -> 2188 | U21: =VLOOKUP(C21,Mủ!C21:AJ56,34,0) -> 929.6662 | V21: =VLOOKUP(C21,'Chấm công công nhân'!L21:AR21,33,0) -> 8 | W21: =VLOOKUP(C21,'Chấm công công nhân'!L21:AS90,34,0) -> 2 | X21: =VLOOKUP(C21,'Chấm công công nhân'!L21:AT56,35,0) -> 12 | Y21: =VLOOKUP(C21,'Chấm công công nhân'!L21:AU90,36,0) -> 1 | AA21: =VLOOKUP(C21,'Kỷ thuật'!C19:M19,11,0) -> B
A22: 10 | B22: 10 | C22: ='Chấm công công nhân'!L22 -> Thảo Mi | I22: ='kt1'!H23 -> 0 | J22: ='xã cạo t1'!H23 -> 0 | K22: ='mcm t1'!J23 -> 0 | L22: ='gia cố mcm t1'!H23 -> 0 | M22: ='mpc t1'!H23 -> 0 | R22: =SUM(D22:Q22) -> 0 | S22: =VLOOKUP(C22,Mủ!C22:AI57,33,0) -> 1470 | U22: =VLOOKUP(C22,Mủ!C22:AJ57,34,0) -> 624.59292 | V22: =VLOOKUP(C22,'Chấm công công nhân'!L22:AR22,33,0) -> 8 | W22: =VLOOKUP(C22,'Chấm công công nhân'!L22:AS91,34,0) -> 2 | X22: =VLOOKUP(C22,'Chấm công công nhân'!L22:AT57,35,0) -> 8 | Y22: =VLOOKUP(C22,'Chấm công công nhân'!L22:AU91,36,0) -> 1 | AA22: =VLOOKUP(C22,'Kỷ thuật'!C20:M20,11,0) -> B
A23: 11 | B23: 11 | C23: ='Chấm công công nhân'!L23 -> Thảo Phét | I23: ='kt1'!H24 -> 0 | J23: ='xã cạo t1'!H24 -> 0 | K23: ='mcm t1'!J24 -> 0 | L23: ='gia cố mcm t1'!H24 -> 0 | M23: ='mpc t1'!H24 -> 0 | R23: =SUM(D23:Q23) -> 0 | S23: =VLOOKUP(C23,Mủ!C23:AI58,33,0) -> 2210 | U23: =VLOOKUP(C23,Mủ!C23:AJ58,34,0) -> 939.01385 | V23: =VLOOKUP(C23,'Chấm công công nhân'!L23:AR23,33,0) -> 25 | W23: =VLOOKUP(C23,'Chấm công công nhân'!L23:AS92,34,0) -> 3 | X23: =VLOOKUP(C23,'Chấm công công nhân'!L23:AT58,35,0) -> 0 | Y23: =VLOOKUP(C23,'Chấm công công nhân'!L23:AU92,36,0) -> 0 | AA23: =VLOOKUP(C23,'Kỷ thuật'!C21:M21,11,0) -> A
A24: 12 | B24: 12 | C24: ='Chấm công công nhân'!L24 -> Thảo Hăm | I24: ='kt1'!H25 -> 0 | J24: ='xã cạo t1'!H25 -> 0 | K24: ='mcm t1'!J25 -> 0 | L24: ='gia cố mcm t1'!H25 -> 0 | M24: ='mpc t1'!H25 -> 0 | R24: =SUM(D24:Q24) -> 0 | S24: =VLOOKUP(C24,Mủ!C24:AI59,33,0) -> 2555 | U24: =VLOOKUP(C24,Mủ!C24:AJ59,34,0) -> 1085.602 | V24: =VLOOKUP(C24,'Chấm công công nhân'!L24:AR24,33,0) -> 24 | W24: =VLOOKUP(C24,'Chấm công công nhân'!L24:AS93,34,0) -> 4 | X24: =VLOOKUP(C24,'Chấm công công nhân'!L24:AT59,35,0) -> 0 | Y24: =VLOOKUP(C24,'Chấm công công nhân'!L24:AU93,36,0) -> 0 | AA24: =VLOOKUP(C24,'Kỷ thuật'!C22:M22,11,0) -> A
A25: 13 | B25: 13 | C25: ='Chấm công công nhân'!L25 -> Nang Lon | I25: ='kt1'!H26 -> 0 | J25: ='xã cạo t1'!H26 -> 0 | K25: ='mcm t1'!J26 -> 0 | L25: ='gia cố mcm t1'!H26 -> 0 | M25: ='mpc t1'!H26 -> 0 | R25: =SUM(D25:Q25) -> 0 | S25: =VLOOKUP(C25,Mủ!C25:AI60,33,0) -> 2558 | U25: =VLOOKUP(C25,Mủ!C25:AJ60,34,0) -> 1086.8767 | V25: =VLOOKUP(C25,'Chấm công công nhân'!L25:AR25,33,0) -> 25 | W25: =VLOOKUP(C25,'Chấm công công nhân'!L25:AS94,34,0) -> 4 | X25: =VLOOKUP(C25,'Chấm công công nhân'!L25:AT60,35,0) -> 0 | Y25: =VLOOKUP(C25,'Chấm công công nhân'!L25:AU94,36,0) -> 0 | AA25: =VLOOKUP(C25,'Kỷ thuật'!C23:M23,11,0) -> A
A26: 14 | B26: 14 | C26: ='Chấm công công nhân'!L26 -> Thảo Phết | I26: ='kt1'!H27 -> 0 | J26: ='xã cạo t1'!H27 -> 0 | K26: ='mcm t1'!J27 -> 0 | L26: ='gia cố mcm t1'!H27 -> 0 | M26: ='mpc t1'!H27 -> 0 | R26: =SUM(D26:Q26) -> 0 | S26: =VLOOKUP(C26,Mủ!C26:AI61,33,0) -> 2451 | U26: =VLOOKUP(C26,Mủ!C26:AJ61,34,0) -> 1041.4131 | V26: =VLOOKUP(C26,'Chấm công công nhân'!L26:AR26,33,0) -> 20 | W26: =VLOOKUP(C26,'Chấm công công nhân'!L26:AS95,34,0) -> 3 | X26: =VLOOKUP(C26,'Chấm công công nhân'!L26:AT61,35,0) -> 0 | Y26: =VLOOKUP(C26,'Chấm công công nhân'!L26:AU95,36,0) -> 0 | AA26: =VLOOKUP(C26,'Kỷ thuật'!C24:M24,11,0) -> B
A27: 15 | B27: 15 | C27: ='Chấm công công nhân'!L27 -> Vĩ Lay | I27: ='kt1'!H28 -> 0 | J27: ='xã cạo t1'!H28 -> 0 | K27: ='mcm t1'!J28 -> 0 | L27: ='gia cố mcm t1'!H28 -> 0 | M27: ='mpc t1'!H28 -> 0 | R27: =SUM(D27:Q27) -> 0 | S27: =VLOOKUP(C27,Mủ!C27:AI62,33,0) -> 3176 | U27: =VLOOKUP(C27,Mủ!C27:AJ62,34,0) -> 1349.4606 | V27: =VLOOKUP(C27,'Chấm công công nhân'!L27:AR27,33,0) -> 27 | W27: =VLOOKUP(C27,'Chấm công công nhân'!L27:AS96,34,0) -> 4 | X27: =VLOOKUP(C27,'Chấm công công nhân'!L27:AT62,35,0) -> 0 | Y27: =VLOOKUP(C27,'Chấm công công nhân'!L27:AU96,36,0) -> 0 | AA27: =VLOOKUP(C27,'Kỷ thuật'!C25:M25,11,0) -> A
A28: 16 | B28: 16 | C28: ='Chấm công công nhân'!L28 -> Pha Xúc | I28: ='kt1'!H29 -> 0 | J28: ='xã cạo t1'!H29 -> 0 | K28: ='mcm t1'!J29 -> 0 | L28: ='gia cố mcm t1'!H29 -> 0 | M28: ='mpc t1'!H29 -> 0 | R28: =SUM(D28:Q28) -> 0 | S28: =VLOOKUP(C28,Mủ!C28:AI63,33,0) -> 2308 | U28: =VLOOKUP(C28,Mủ!C28:AJ63,34,0) -> 980.65338 | V28: =VLOOKUP(C28,'Chấm công công nhân'!L28:AR28,33,0) -> 26 | W28: =VLOOKUP(C28,'Chấm công công nhân'!L28:AS97,34,0) -> 3 | X28: =VLOOKUP(C28,'Chấm công công nhân'!L28:AT63,35,0) -> 0 | Y28: =VLOOKUP(C28,'Chấm công công nhân'!L28:AU97,36,0) -> 0 | AA28: =VLOOKUP(C28,'Kỷ thuật'!C26:M26,11,0) -> A
A29: 17 | B29: 17 | C29: ='Chấm công công nhân'!L29 -> Nàng Đao | I29: ='kt1'!H30 -> 0 | J29: ='xã cạo t1'!H30 -> 0 | K29: ='mcm t1'!J30 -> 0 | L29: ='gia cố mcm t1'!H30 -> 0 | M29: ='mpc t1'!H30 -> 0 | R29: =SUM(D29:Q29) -> 0 | S29: =VLOOKUP(C29,Mủ!C29:AI64,33,0) -> 2310 | U29: =VLOOKUP(C29,Mủ!C29:AJ64,34,0) -> 981.50317 | V29: =VLOOKUP(C29,'Chấm công công nhân'!L29:AR29,33,0) -> 26 | W29: =VLOOKUP(C29,'Chấm công công nhân'!L29:AS98,34,0) -> 4 | X29: =VLOOKUP(C29,'Chấm công công nhân'!L29:AT64,35,0) -> 0 | Y29: =VLOOKUP(C29,'Chấm công công nhân'!L29:AU98,36,0) -> 0 | AA29: =VLOOKUP(C29,'Kỷ thuật'!C27:M27,11,0) -> B
A30: 18 | B30: 18 | C30: ='Chấm công công nhân'!L30 -> Nàng Kiên | I30: ='kt1'!H31 -> 0 | J30: ='xã cạo t1'!H31 -> 0 | K30: ='mcm t1'!J31 -> 0 | L30: ='gia cố mcm t1'!H31 -> 0 | M30: ='mpc t1'!H31 -> 0 | R30: =SUM(D30:Q30) -> 0 | S30: =VLOOKUP(C30,Mủ!C30:AI65,33,0) -> 2129 | U30: =VLOOKUP(C30,Mủ!C30:AJ64,34,0) -> 904.59751 | V30: =VLOOKUP(C30,'Chấm công công nhân'!L30:AR30,33,0) -> 25 | W30: =VLOOKUP(C30,'Chấm công công nhân'!L30:AS99,34,0) -> 4 | X30: =VLOOKUP(C30,'Chấm công công nhân'!L30:AT65,35,0) -> 0 | Y30: =VLOOKUP(C30,'Chấm công công nhân'!L30:AU99,36,0) -> 0 | AA30: =VLOOKUP(C30,'Kỷ thuật'!C28:M28,11,0) -> A
A31: 19 | B31: 19 | C31: ='Chấm công công nhân'!L31 -> Nàng Túc 2 | I31: ='kt1'!H32 -> 0 | J31: ='xã cạo t1'!H32 -> 0 | K31: ='mcm t1'!J32 -> 0 | L31: ='gia cố mcm t1'!H32 -> 0 | M31: ='mpc t1'!H32 -> 0 | R31: =SUM(D31:Q31) -> 0 | S31: =VLOOKUP(C31,Mủ!C31:AI66,33,0) -> 2312 | U31: =VLOOKUP(C31,Mủ!C31:AJ65,34,0) -> 982.35295 | V31: =VLOOKUP(C31,'Chấm công công nhân'!L31:AR31,33,0) -> 26 | W31: =VLOOKUP(C31,'Chấm công công nhân'!L31:AS100,34,0) -> 3 | X31: =VLOOKUP(C31,'Chấm công công nhân'!L31:AT66,35,0) -> 0 | Y31: =VLOOKUP(C31,'Chấm công công nhân'!L31:AU100,36,0) -> 0 | AA31: =VLOOKUP(C31,'Kỷ thuật'!C29:M29,11,0) -> B
A32: 20 | B32: 20 | C32: ='Chấm công công nhân'!L32 -> Nàng Phon | I32: ='kt1'!H33 -> 0 | J32: ='xã cạo t1'!H33 -> 0 | K32: ='mcm t1'!J33 -> 0 | L32: ='gia cố mcm t1'!H33 -> 0 | M32: ='mpc t1'!H33 -> 0 | R32: =SUM(D32:Q32) -> 0 | S32: =VLOOKUP(C32,Mủ!C32:AI67,33,0) -> 2186 | U32: =VLOOKUP(C32,Mủ!C32:AJ66,34,0) -> 928.81642 | V32: =VLOOKUP(C32,'Chấm công công nhân'!L32:AR32,33,0) -> 18 | W32: =VLOOKUP(C32,'Chấm công công nhân'!L32:AS101,34,0) -> 3 | X32: =VLOOKUP(C32,'Chấm công công nhân'!L32:AT67,35,0) -> 7 | Y32: =VLOOKUP(C32,'Chấm công công nhân'!L32:AU101,36,0) -> 1 | AA32: =VLOOKUP(C32,'Kỷ thuật'!C30:M30,11,0) -> C
A33: 21 | B33: 21 | C33: ='Chấm công công nhân'!L33 -> Thảo Chòi | I33: ='kt1'!H34 -> 0 | J33: ='xã cạo t1'!H34 -> 0 | K33: ='mcm t1'!J34 -> 0 | L33: ='gia cố mcm t1'!H34 -> 0 | M33: ='mpc t1'!H34 -> 0 | R33: =SUM(D33:Q33) -> 0 | S33: =VLOOKUP(C33,Mủ!C33:AI68,33,0) -> 2423 | U33: =VLOOKUP(C33,Mủ!C33:AJ67,34,0) -> 1029.5161 | V33: =VLOOKUP(C33,'Chấm công công nhân'!L33:AR33,33,0) -> 19 | W33: =VLOOKUP(C33,'Chấm công công nhân'!L33:AS102,34,0) -> 3 | X33: =VLOOKUP(C33,'Chấm công công nhân'!L33:AT68,35,0) -> 7 | Y33: =VLOOKUP(C33,'Chấm công công nhân'!L33:AU102,36,0) -> 1 | AA33: =VLOOKUP(C33,'Kỷ thuật'!C31:M31,11,0) -> A
A34: 22 | B34: 22 | C34: ='Chấm công công nhân'!L34 -> Thong La | I34: ='kt1'!H35 -> 0 | J34: ='xã cạo t1'!H35 -> 0 | K34: ='mcm t1'!J35 -> 0 | L34: ='gia cố mcm t1'!H35 -> 0 | M34: ='mpc t1'!H35 -> 0 | R34: =SUM(D34:Q34) -> 0 | S34: =VLOOKUP(C34,Mủ!C34:AI69,33,0) -> 2851 | U34: =VLOOKUP(C34,Mủ!C34:AJ68,34,0) -> 1211.3704 | V34: =VLOOKUP(C34,'Chấm công công nhân'!L34:AR34,33,0) -> 20 | W34: =VLOOKUP(C34,'Chấm công công nhân'!L34:AS103,34,0) -> 3 | X34: =VLOOKUP(C34,'Chấm công công nhân'!L34:AT69,35,0) -> 7 | Y34: =VLOOKUP(C34,'Chấm công công nhân'!L34:AU103,36,0) -> 1 | AA34: =VLOOKUP(C34,'Kỷ thuật'!C32:M32,11,0) -> A
A35: 23 | B35: 23 | C35: ='Chấm công công nhân'!L35 -> Thảo kok | I35: ='kt1'!H36 -> 0 | J35: ='xã cạo t1'!H36 -> 0 | K35: ='mcm t1'!J36 -> 0 | L35: ='gia cố mcm t1'!H36 -> 0 | M35: ='mpc t1'!H36 -> 0 | R35: =SUM(D35:Q35) -> 0 | S35: =VLOOKUP(C35,Mủ!C35:AI70,33,0) -> 2690 | U35: =VLOOKUP(C35,Mủ!C35:AJ69,34,0) -> 1142.9626 | V35: =VLOOKUP(C35,'Chấm công công nhân'!L35:AR35,33,0) -> 18 | W35: =VLOOKUP(C35,'Chấm công công nhân'!L35:AS104,34,0) -> 3 | X35: =VLOOKUP(C35,'Chấm công công nhân'!L35:AT70,35,0) -> 7 | Y35: =VLOOKUP(C35,'Chấm công công nhân'!L35:AU104,36,0) -> 1 | AA35: =VLOOKUP(C35,'Kỷ thuật'!C33:M33,11,0) -> A
A36: 24 | B36: 24 | C36: ='Chấm công công nhân'!L36 -> Thảo Hôm | I36: ='kt1'!H37 -> 0 | J36: ='xã cạo t1'!H37 -> 0 | K36: ='mcm t1'!J37 -> 0 | L36: ='gia cố mcm t1'!H37 -> 0 | M36: ='mpc t1'!H37 -> 0 | R36: =SUM(D36:Q36) -> 0 | S36: =VLOOKUP(C36,Mủ!C36:AI71,33,0) -> 1469 | U36: =VLOOKUP(C36,Mủ!C36:AJ70,34,0) -> 624.16803 | V36: =VLOOKUP(C36,'Chấm công công nhân'!L36:AR36,33,0) -> 14 | W36: =VLOOKUP(C36,'Chấm công công nhân'!L36:AS105,34,0) -> 2 | X36: =VLOOKUP(C36,'Chấm công công nhân'!L36:AT71,35,0) -> 2 | Y36: =VLOOKUP(C36,'Chấm công công nhân'!L36:AU105,36,0) -> 1 | AA36: =VLOOKUP(C36,'Kỷ thuật'!C34:M34,11,0) -> C
A37: 25 | B37: 25 | C37: ='Chấm công công nhân'!L37 -> Nàng Lam | I37: ='kt1'!H38 -> 0 | J37: ='xã cạo t1'!H38 -> 0 | K37: ='mcm t1'!J38 -> 0 | L37: ='gia cố mcm t1'!H38 -> 0 | M37: ='mpc t1'!H38 -> 0 | R37: =SUM(D37:Q37) -> 0 | S37: =VLOOKUP(C37,Mủ!C37:AI72,33,0) -> 1486 | U37: =VLOOKUP(C37,Mủ!C37:AJ71,34,0) -> 631.39122 | V37: =VLOOKUP(C37,'Chấm công công nhân'!L37:AR37,33,0) -> 13 | W37: =VLOOKUP(C37,'Chấm công công nhân'!L37:AS106,34,0) -> 3 | X37: =VLOOKUP(C37,'Chấm công công nhân'!L37:AT72,35,0) -> 2 | Y37: =VLOOKUP(C37,'Chấm công công nhân'!L37:AU106,36,0) -> 1 | AA37: =VLOOKUP(C37,'Kỷ thuật'!C35:M35,11,0) -> B
A38: 26 | B38: 26 | C38: ='Chấm công công nhân'!L38 -> Thảo Hơ Phơ | I38: ='kt1'!H39 -> 0 | J38: ='xã cạo t1'!H39 -> 0 | K38: ='mcm t1'!J39 -> 0 | L38: ='gia cố mcm t1'!H39 -> 0 | M38: ='mpc t1'!H39 -> 0 | R38: =SUM(D38:Q38) -> 0 | S38: =VLOOKUP(C38,Mủ!C38:AI73,33,0) -> 2063 | U38: =VLOOKUP(C38,Mủ!C38:AJ72,34,0) -> 876.55456 | V38: =VLOOKUP(C38,'Chấm công công nhân'!L38:AR38,33,0) -> 14 | W38: =VLOOKUP(C38,'Chấm công công nhân'!L38:AS107,34,0) -> 2 | X38: =VLOOKUP(C38,'Chấm công công nhân'!L38:AT73,35,0) -> 4 | Y38: =VLOOKUP(C38,'Chấm công công nhân'!L38:AU107,36,0) -> 1 | AA38: =VLOOKUP(C38,'Kỷ thuật'!C36:M36,11,0) -> A
A39: 27 | B39: 27 | C39: ='Chấm công công nhân'!L39 -> Thảo Lay | I39: ='kt1'!H40 -> 0 | J39: ='xã cạo t1'!H40 -> 0 | K39: ='mcm t1'!J40 -> 0 | L39: ='gia cố mcm t1'!H40 -> 0 | M39: ='mpc t1'!H40 -> 0 | R39: =SUM(D39:Q39) -> 0 | S39: =VLOOKUP(C39,Mủ!C39:AI74,33,0) -> 2674 | U39: =VLOOKUP(C39,Mủ!C39:AJ73,34,0) -> 1136.1643 | V39: =VLOOKUP(C39,'Chấm công công nhân'!L39:AR39,33,0) -> 27 | W39: =VLOOKUP(C39,'Chấm công công nhân'!L39:AS108,34,0) -> 4 | X39: =VLOOKUP(C39,'Chấm công công nhân'!L39:AT74,35,0) -> 0 | Y39: =VLOOKUP(C39,'Chấm công công nhân'!L39:AU108,36,0) -> 0 | AA39: =VLOOKUP(C39,'Kỷ thuật'!C37:M37,11,0) -> A
A40: 28 | B40: 28 | C40: ='Chấm công công nhân'!L40 -> Thảo Khốc | I40: ='kt1'!H41 -> 0 | J40: ='xã cạo t1'!H41 -> 0 | K40: ='mcm t1'!J41 -> 0 | L40: ='gia cố mcm t1'!H41 -> 0 | M40: ='mpc t1'!H41 -> 0 | R40: =SUM(D40:Q40) -> 0 | S40: =VLOOKUP(C40,Mủ!C40:AI75,33,0) -> 2636 | U40: =VLOOKUP(C40,Mủ!C40:AJ74,34,0) -> 1120.0183 | V40: =VLOOKUP(C40,'Chấm công công nhân'!L40:AR40,33,0) -> 20 | W40: =VLOOKUP(C40,'Chấm công công nhân'!L40:AS109,34,0) -> 3 | X40: =VLOOKUP(C40,'Chấm công công nhân'!L40:AT75,35,0) -> 0 | Y40: =VLOOKUP(C40,'Chấm công công nhân'!L40:AU109,36,0) -> 0 | AA40: =VLOOKUP(C40,'Kỷ thuật'!C38:M38,11,0) -> A
A41: 29 | B41: 29 | C41: ='Chấm công công nhân'!L41 -> Thảo Sợt | I41: ='kt1'!H42 -> 0 | J41: ='xã cạo t1'!H42 -> 0 | K41: ='mcm t1'!J42 -> 0 | L41: ='gia cố mcm t1'!H42 -> 0 | M41: ='mpc t1'!H42 -> 0 | R41: =SUM(D41:Q41) -> 0 | S41: =VLOOKUP(C41,Mủ!C41:AI76,33,0) -> 2643 | U41: =VLOOKUP(C41,Mủ!C41:AJ75,34,0) -> 1122.9926 | V41: =VLOOKUP(C41,'Chấm công công nhân'!L41:AR41,33,0) -> 20 | W41: =VLOOKUP(C41,'Chấm công công nhân'!L41:AS110,34,0) -> 3 | X41: =VLOOKUP(C41,'Chấm công công nhân'!L41:AT76,35,0) -> 0 | Y41: =VLOOKUP(C41,'Chấm công công nhân'!L41:AU110,36,0) -> 0 | AA41: =VLOOKUP(C41,'Kỷ thuật'!C39:M39,11,0) -> B
... A43: 31 | B43: 31 | C43: ='Chấm công công nhân'!L43 -> Thảo Thong | I43: ='kt1'!H44 -> 0 | J43: ='xã cạo t1'!H44 -> 0 | K43: ='mcm t1'!J44 -> 0 | L43: ='gia cố mcm t1'!H44 -> 0 | M43: ='mpc t1'!H44 -> 0 | R43: =SUM(D43:Q43) -> 0 | S43: =VLOOKUP(C43,Mủ!C43:AI78,33,0) -> 2235 | U43: =VLOOKUP(C43,Mủ!C43:AJ77,34,0) -> 949.63618 | V43: =VLOOKUP(C43,'Chấm công công nhân'!L43:AR43,33,0) -> 21 | W43: =VLOOKUP(C43,'Chấm công công nhân'!L43:AS112,34,0) -> 4 | X43: =VLOOKUP(C43,'Chấm công công nhân'!L43:AT78,35,0) -> 0 | Y43: =VLOOKUP(C43,'Chấm công công nhân'!L43:AU112,36,0) -> 0 | AA43: =VLOOKUP(C43,'Kỷ thuật'!C41:M41,11,0) -> A
A44: 32 | B44: 32 | C44: ='Chấm công công nhân'!L44 -> Nàng Ngột | I44: ='kt1'!H45 -> 0 | J44: ='xã cạo t1'!H45 -> 0 | K44: ='mcm t1'!J45 -> 0 | L44: ='gia cố mcm t1'!H45 -> 0 | M44: ='mpc t1'!H45 -> 0 | R44: =SUM(D44:Q44) -> 0 | S44: =VLOOKUP(C44,Mủ!C44:AI79,33,0) -> 2238 | U44: =VLOOKUP(C44,Mủ!C44:AJ78,34,0) -> 950.91086 | V44: =VLOOKUP(C44,'Chấm công công nhân'!L44:AR44,33,0) -> 21 | W44: =VLOOKUP(C44,'Chấm công công nhân'!L44:AS113,34,0) -> 4 | X44: =VLOOKUP(C44,'Chấm công công nhân'!L44:AT79,35,0) -> 0 | Y44: =VLOOKUP(C44,'Chấm công công nhân'!L44:AU113,36,0) -> 0 | AA44: =VLOOKUP(C44,'Kỷ thuật'!C42:M42,11,0) -> B | AE44: =U50/S50 -> 0.42956398
A45: 33 | B45: 33 | C45: ='Chấm công công nhân'!L45 -> Nàng Chon | I45: ='kt1'!H46 -> 0 | J45: ='xã cạo t1'!H46 -> 0 | K45: ='mcm t1'!J46 -> 0 | L45: ='gia cố mcm t1'!H46 -> 0 | M45: ='mpc t1'!H46 -> 0 | R45: =SUM(D45:Q45) -> 0 | S45: =VLOOKUP(C45,Mủ!C45:AI80,33,0) -> 2064 | U45: =VLOOKUP(C45,Mủ!C45:AJ79,34,0) -> 876.97945 | V45: =VLOOKUP(C45,'Chấm công công nhân'!L45:AR45,33,0) -> 18 | W45: =VLOOKUP(C45,'Chấm công công nhân'!L45:AS114,34,0) -> 3 | X45: =VLOOKUP(C45,'Chấm công công nhân'!L45:AT80,35,0) -> 0 | Y45: =VLOOKUP(C45,'Chấm công công nhân'!L45:AU114,36,0) -> 0 | AA45: =VLOOKUP(C45,'Kỷ thuật'!C43:M43,11,0) -> B
A46: 34 | B46: 34 | C46: ='Chấm công công nhân'!L46 -> Bun han | I46: ='kt1'!H47 -> 0 | J46: ='xã cạo t1'!H47 -> 0 | K46: ='mcm t1'!J47 -> 0 | L46: ='gia cố mcm t1'!H47 -> 0 | M46: ='mpc t1'!H47 -> 0 | R46: =SUM(D46:Q46) -> 0 | S46: =VLOOKUP(C46,Mủ!C46:AI81,33,0) -> 2207 | U46: =VLOOKUP(C46,Mủ!C46:AJ80,34,0) -> 937.73917 | V46: =VLOOKUP(C46,'Chấm công công nhân'!L46:AR46,33,0) -> 22 | W46: =VLOOKUP(C46,'Chấm công công nhân'!L46:AS115,34,0) -> 4 | X46: =VLOOKUP(C46,'Chấm công công nhân'!L46:AT81,35,0) -> 0 | Y46: =VLOOKUP(C46,'Chấm công công nhân'!L46:AU115,36,0) -> 0 | AA46: =VLOOKUP(C46,'Kỷ thuật'!C44:M44,11,0) -> B
A47: 35 | B47: 35 | C47: ='Chấm công công nhân'!L47 -> Hăn | I47: ='kt1'!H48 -> 0 | J47: ='xã cạo t1'!H48 -> 0 | K47: ='mcm t1'!J48 -> 0 | L47: ='gia cố mcm t1'!H48 -> 0 | M47: ='mpc t1'!H48 -> 0 | R47: =SUM(D47:Q47) -> 0 | S47: =VLOOKUP(C47,Mủ!C47:AI81,33,0) -> 2204 | U47: =VLOOKUP(C47,Mủ!C47:AJ81,34,0) -> 936.46449 | V47: =VLOOKUP(C47,'Chấm công công nhân'!L47:AR47,33,0) -> 21 | W47: =VLOOKUP(C47,'Chấm công công nhân'!L47:AS116,34,0) -> 4 | X47: =VLOOKUP(C47,'Chấm công công nhân'!L47:AT82,35,0) -> 0 | Y47: =VLOOKUP(C47,'Chấm công công nhân'!L47:AU116,36,0) -> 0 | AA47: =VLOOKUP(C47,'Kỷ thuật'!C45:M45,11,0) -> A
A48: 36 | B48: 36 | C48: ='Chấm công công nhân'!L48 -> Thảo Tuỳ | I48: ='kt1'!H49 -> 0 | J48: ='xã cạo t1'!H49 -> 0 | K48: ='mcm t1'!J49 -> 0 | L48: ='gia cố mcm t1'!H49 -> 0 | M48: ='mpc t1'!H49 -> 0 | R48: =SUM(D48:Q48) -> 0 | S48: =VLOOKUP(C48,Mủ!C48:AI81,33,0) -> 2654 | U48: =VLOOKUP(C48,Mủ!C48:AJ81,34,0) -> 1127.6664 | V48: =VLOOKUP(C48,'Chấm công công nhân'!L48:AR48,33,0) -> 27 | W48: =VLOOKUP(C48,'Chấm công công nhân'!L48:AS117,34,0) -> 4 | X48: =VLOOKUP(C48,'Chấm công công nhân'!L48:AT83,35,0) -> 0 | Y48: =VLOOKUP(C48,'Chấm công công nhân'!L48:AU117,36,0) -> 0 | AA48: =VLOOKUP(C48,'Kỷ thuật'!C46:M46,11,0) -> A
A49: 37 | B49: 37 | C49: Thảo e | I49: =AE86+AF86 -> 0 | J49: ='xã cạo t1'!H50 -> 0 | R49: =SUM(D49:Q49) -> 0
A50: B | B50: TỔ 2 | E50: =SUM(E51:E66) -> 0 | F50: =SUM(F51:F66) -> 0 | G50: =SUM(G51:G66) -> 0 | H50: =SUM(H51:H66) -> 0 | I50: =SUM(I51:I66) -> 0 | J50: =SUM(J51:J66) -> 0 | K50: =SUM(K51:K66) -> 0 | L50: =SUM(L51:L66) -> 0 | ... P50: =SUM(P51:P66) -> 0 | R50: =SUM(R51:R66) -> 0 | S50: =SUM(S51:S66) -> 37044 | T50: =SUM(T51:T66) -> 0 | U50: =SUM(U51:U66) -> 15912.768 | V50: =SUM(V51:V66) -> 390 | W50: =SUM(W51:W66) -> 59 | X50: =SUM(X51:X66) -> 0 | Y50: =SUM(Y51:Y66) -> 0 | Z50: =SUM(Z51:Z66) -> 0
A51: 38 | B51: 1 | C51: ='Chấm công công nhân'!L50 -> Thảo tít | I51: ='kt2'!H14 -> 0 | K51: ='mcm t2'!H14 -> 0 | M51: ='mpc t2'!H14 -> 0 | R51: =SUM(D51:Q51) -> 0 | S51: =VLOOKUP(C51,Mủ!C50:AI64,33,0) -> 2309 | U51: =VLOOKUP(C51,Mủ!C50:AJ64,34,0) -> 991.86323 | V51: =VLOOKUP(C51,'Chấm công công nhân'!L50:AR50,33,0) -> 26 | W51: =VLOOKUP(C51,'Chấm công công nhân'!L50:AS119,34,0) -> 4 | X51: =VLOOKUP(C51,'Chấm công công nhân'!L50:AT85,35,0) -> 0 | Y51: =VLOOKUP(C51,'Chấm công công nhân'!L50:AU119,36,0) -> 0 | AA51: =VLOOKUP(C51,'Kỷ thuật'!C48:M48,11,0) -> B
A52: 39 | B52: 2 | C52: ='Chấm công công nhân'!L51 -> Thảo ớt | I52: ='kt2'!H15 -> 0 | K52: ='mcm t2'!H15 -> 0 | M52: ='mpc t2'!H15 -> 0 | R52: =SUM(D52:Q52) -> 0 | S52: =VLOOKUP(C52,Mủ!C51:AI65,33,0) -> 2580 | U52: =VLOOKUP(C52,Mủ!C51:AJ65,34,0) -> 1108.2751 | V52: =VLOOKUP(C52,'Chấm công công nhân'!L51:AR51,33,0) -> 27 | W52: =VLOOKUP(C52,'Chấm công công nhân'!L51:AS120,34,0) -> 4 | X52: =VLOOKUP(C52,'Chấm công công nhân'!L51:AT86,35,0) -> 0 | Y52: =VLOOKUP(C52,'Chấm công công nhân'!L51:AU120,36,0) -> 0 | AA52: =VLOOKUP(C52,'Kỷ thuật'!C49:M49,11,0) -> A
A53: 40 | B53: 3 | C53: ='Chấm công công nhân'!L52 -> Nàng Ọt | I53: ='kt2'!H16 -> 0 | K53: ='mcm t2'!H16 -> 0 | M53: ='mpc t2'!H16 -> 0 | R53: =SUM(D53:Q53) -> 0 | S53: =VLOOKUP(C53,Mủ!C52:AI66,33,0) -> 2401 | U53: =VLOOKUP(C53,Mủ!C52:AJ66,34,0) -> 1031.3831 | V53: =VLOOKUP(C53,'Chấm công công nhân'!L52:AR52,33,0) -> 27 | W53: =VLOOKUP(C53,'Chấm công công nhân'!L52:AS121,34,0) -> 4 | X53: =VLOOKUP(C53,'Chấm công công nhân'!L52:AT87,35,0) -> 0 | Y53: =VLOOKUP(C53,'Chấm công công nhân'!L52:AU121,36,0) -> 0 | AA53: =VLOOKUP(C53,'Kỷ thuật'!C50:M50,11,0) -> B
A54: 41 | B54: 4 | C54: ='Chấm công công nhân'!L53 -> Thào Tòng | I54: ='kt2'!H17 -> 0 | K54: ='mcm t2'!H17 -> 0 | M54: ='mpc t2'!H17 -> 0 | R54: =SUM(D54:Q54) -> 0 | S54: =VLOOKUP(C54,Mủ!C53:AI67,33,0) -> 2394 | U54: =VLOOKUP(C54,Mủ!C53:AJ67,34,0) -> 1028.3762 | V54: =VLOOKUP(C54,'Chấm công công nhân'!L53:AR53,33,0) -> 27 | W54: =VLOOKUP(C54,'Chấm công công nhân'!L53:AS122,34,0) -> 4 | X54: =VLOOKUP(C54,'Chấm công công nhân'!L53:AT88,35,0) -> 0 | Y54: =VLOOKUP(C54,'Chấm công công nhân'!L53:AU122,36,0) -> 0 | AA54: =VLOOKUP(C54,'Kỷ thuật'!C51:M51,11,0) -> B
A55: 42 | B55: 5 | C55: ='Chấm công công nhân'!L54 -> Nàng Nơm | I55: ='kt2'!H18 -> 0 | K55: ='mcm t2'!H18 -> 0 | M55: ='mpc t2'!H18 -> 0 | R55: =SUM(D55:Q55) -> 0 | S55: =VLOOKUP(C55,Mủ!C54:AI68,33,0) -> 2389 | U55: =VLOOKUP(C55,Mủ!C54:AJ68,34,0) -> 1026.2283 | V55: =VLOOKUP(C55,'Chấm công công nhân'!L54:AR54,33,0) -> 27 | W55: =VLOOKUP(C55,'Chấm công công nhân'!L54:AS123,34,0) -> 4 | X55: =VLOOKUP(C55,'Chấm công công nhân'!L54:AT89,35,0) -> 0 | Y55: =VLOOKUP(C55,'Chấm công công nhân'!L54:AU123,36,0) -> 0 | AA55: =VLOOKUP(C55,'Kỷ thuật'!C52:M52,11,0) -> A
A56: 43 | B56: 6 | C56: ='Chấm công công nhân'!L55 -> Thảo Ây | I56: ='kt2'!H19 -> 0 | K56: ='mcm t2'!H19 -> 0 | M56: ='mpc t2'!H19 -> 0 | R56: =SUM(D56:Q56) -> 0 | S56: =VLOOKUP(C56,Mủ!C55:AI69,33,0) -> 2378 | U56: =VLOOKUP(C56,Mủ!C55:AJ69,34,0) -> 1021.5031 | V56: =VLOOKUP(C56,'Chấm công công nhân'!L55:AR55,33,0) -> 27 | W56: =VLOOKUP(C56,'Chấm công công nhân'!L55:AS124,34,0) -> 4 | X56: =VLOOKUP(C56,'Chấm công công nhân'!L55:AT90,35,0) -> 0 | Y56: =VLOOKUP(C56,'Chấm công công nhân'!L55:AU124,36,0) -> 0 | AA56: =VLOOKUP(C56,'Kỷ thuật'!C53:M53,11,0) -> A
A57: 44 | B57: 7 | C57: ='Chấm công công nhân'!L56 -> Thảo Âm Thong | I57: ='kt2'!H20 -> 0 | K57: ='mcm t2'!H20 -> 0 | M57: ='mpc t2'!H20 -> 0 | R57: =SUM(D57:Q57) -> 0 | S57: =VLOOKUP(C57,Mủ!C56:AI70,33,0) -> 2010 | U57: =VLOOKUP(C57,Mủ!C56:AJ70,34,0) -> 863.4236 | V57: =VLOOKUP(C57,'Chấm công công nhân'!L56:AR56,33,0) -> 24 | W57: =VLOOKUP(C57,'Chấm công công nhân'!L56:AS125,34,0) -> 3 | X57: =VLOOKUP(C57,'Chấm công công nhân'!L56:AT91,35,0) -> 0 | Y57: =VLOOKUP(C57,'Chấm công công nhân'!L56:AU125,36,0) -> 0 | AA57: =VLOOKUP(C57,'Kỷ thuật'!C54:M54,11,0) -> C
A58: 45 | B58: 8 | C58: ='Chấm công công nhân'!L57 -> Nàng phon | I58: ='kt2'!H21 -> 0 | K58: ='mcm t2'!H21 -> 0 | M58: ='mpc t2'!H21 -> 0 | R58: =SUM(D58:Q58) -> 0 | S58: =VLOOKUP(C58,Mủ!C57:AI71,33,0) -> 2214 | U58: =VLOOKUP(C58,Mủ!C57:AJ71,34,0) -> 951.05465 | V58: =VLOOKUP(C58,'Chấm công công nhân'!L57:AR57,33,0) -> 24 | W58: =VLOOKUP(C58,'Chấm công công nhân'!L57:AS126,34,0) -> 4 | X58: =VLOOKUP(C58,'Chấm công công nhân'!L57:AT92,35,0) -> 0 | Y58: =VLOOKUP(C58,'Chấm công công nhân'!L57:AU126,36,0) -> 0 | AA58: =VLOOKUP(C58,'Kỷ thuật'!C55:M55,11,0) -> B
A59: 46 | B59: 9 | C59: ='Chấm công công nhân'!L58 -> Thảo phắt | I59: ='kt2'!H22 -> 0 | K59: ='mcm t2'!H22 -> 0 | M59: ='mpc t2'!H22 -> 0 | R59: =SUM(D59:Q59) -> 0 | S59: =VLOOKUP(C59,Mủ!C58:AI72,33,0) -> 2568 | U59: =VLOOKUP(C59,Mủ!C58:AJ72,34,0) -> 1103.1203 | V59: =VLOOKUP(C59,'Chấm công công nhân'!L58:AR58,33,0) -> 27 | W59: =VLOOKUP(C59,'Chấm công công nhân'!L58:AS127,34,0) -> 4 | X59: =VLOOKUP(C59,'Chấm công công nhân'!L58:AT93,35,0) -> 0 | Y59: =VLOOKUP(C59,'Chấm công công nhân'!L58:AU127,36,0) -> 0 | AA59: =VLOOKUP(C59,'Kỷ thuật'!C56:M56,11,0) -> B
A60: 47 | B60: 10 | C60: ='Chấm công công nhân'!L59 -> Thảo Phon Say | I60: ='kt2'!H23 -> 0 | K60: ='mcm t2'!H23 -> 0 | M60: ='mpc t2'!H23 -> 0 | R60: =SUM(D60:Q60) -> 0 | S60: =VLOOKUP(C60,Mủ!C59:AI73,33,0) -> 2663 | U60: =VLOOKUP(C60,Mủ!C59:AJ73,34,0) -> 1143.9289 | V60: =VLOOKUP(C60,'Chấm công công nhân'!L59:AR59,33,0) -> 27 | W60: =VLOOKUP(C60,'Chấm công công nhân'!L59:AS128,34,0) -> 4 | X60: =VLOOKUP(C60,'Chấm công công nhân'!L59:AT94,35,0) -> 0 | Y60: =VLOOKUP(C60,'Chấm công công nhân'!L59:AU128,36,0) -> 0 | AA60: =VLOOKUP(C60,'Kỷ thuật'!C57:M57,11,0) -> B
A61: 48 | B61: 11 | C61: ='Chấm công công nhân'!L60 -> Nàng Pít | I61: ='kt2'!H24 -> 0 | K61: ='mcm t2'!H24 -> 0 | M61: ='mpc t2'!H24 -> 0 | R61: =SUM(D61:Q61) -> 0 | S61: =VLOOKUP(C61,Mủ!C60:AI74,33,0) -> 2289 | U61: =VLOOKUP(C61,Mủ!C60:AJ74,34,0) -> 983.27195 | V61: =VLOOKUP(C61,'Chấm công công nhân'!L60:AR60,33,0) -> 26 | W61: =VLOOKUP(C61,'Chấm công công nhân'!L60:AS129,34,0) -> 4 | X61: =VLOOKUP(C61,'Chấm công công nhân'!L60:AT95,35,0) -> 0 | Y61: =VLOOKUP(C61,'Chấm công công nhân'!L60:AU129,36,0) -> 0 | AA61: =VLOOKUP(C61,'Kỷ thuật'!C58:M58,11,0) -> C
A62: 49 | B62: 12 | C62: ='Chấm công công nhân'!L61 -> Thảo út | I62: ='kt2'!H25 -> 0 | K62: ='mcm t2'!H25 -> 0 | M62: ='mpc t2'!H25 -> 0 | R62: =SUM(D62:Q62) -> 0 | S62: =VLOOKUP(C62,Mủ!C61:AI75,33,0) -> 2619 | U62: =VLOOKUP(C62,Mủ!C61:AJ75,34,0) -> 1125.0281 | V62: =VLOOKUP(C62,'Chấm công công nhân'!L61:AR61,33,0) -> 27 | W62: =VLOOKUP(C62,'Chấm công công nhân'!L61:AS130,34,0) -> 4 | X62: =VLOOKUP(C62,'Chấm công công nhân'!L61:AT96,35,0) -> 0 | Y62: =VLOOKUP(C62,'Chấm công công nhân'!L61:AU130,36,0) -> 0 | AA62: =VLOOKUP(C62,'Kỷ thuật'!C59:M59,11,0) -> A
... A65: 52 | B65: 15 | C65: ='Chấm công công nhân'!L64 -> May | I65: ='kt2'!H28 -> 0 | K65: ='mcm t2'!H28 -> 0 | M65: ='mpc t2'!H28 -> 0 | R65: =SUM(D65:Q65) -> 0 | S65: =VLOOKUP(C65,Mủ!C64:AI78,33,0) -> 2811 | U65: =VLOOKUP(C65,Mủ!C64:AJ78,34,0) -> 1207.5043 | V65: =VLOOKUP(C65,'Chấm công công nhân'!L64:AR64,33,0) -> 24 | W65: =VLOOKUP(C65,'Chấm công công nhân'!L64:AS133,34,0) -> 4 | X65: =VLOOKUP(C65,'Chấm công công nhân'!L64:AT99,35,0) -> 0 | Y65: =VLOOKUP(C65,'Chấm công công nhân'!L64:AU133,36,0) -> 0 | AA65: =VLOOKUP(C65,'Kỷ thuật'!C62:M62,11,0) -> A
A66: 53 | B66: 16 | C66: Thảo e | I66: =AE87+AG87 -> 0 | R66: =SUM(D66:Q66) -> 0
A67: C | B67: TỔ 3 | E67: =SUM(E68:E84) -> 0 | F67: =SUM(F68:F84) -> 0 | H67: =SUM(H68:H84) -> 0 | I67: =SUM(I68:I84) -> 0 | J67: =SUM(J68:J84) -> 0 | K67: =SUM(K68:K84) -> 0 | L67: =SUM(L68:L84) -> 0 | M67: =SUM(M68:M84) -> 0 | N67: =SUM(N68:N84) -> 0 | O67: =SUM(O68:O84) -> 0 | P67: =SUM(P68:P84) -> 0 | R67: =SUM(R68:R84) -> 0 | S67: =SUM(S68:S84) -> 24342 | T67: =SUM(T68:T84) -> 140.18988 | U67: =SUM(U68:U84) -> 11489.906 | V67: =SUM(V68:V84) -> 305 | W67: =SUM(W68:W84) -> 41 | X67: =SUM(X68:X84) -> 0 | Y67: =SUM(Y68:Y84) -> 0
A68: 54 | B68: 1 | C68: ='Chấm công công nhân'!L66 -> Phò Đăm | I68: ='kt3'!H14 -> 0 | J68: ='xã cạo t3'!H14 -> 0 | M68: ='mpc t3'!H14 -> 0 | R68: =SUM(D68:Q68) -> 0 | S68: =VLOOKUP(C68,Mủ!C66:AI81,33,0) -> 2580 | U68: =VLOOKUP(C68,Mủ!C66:AJ72,34,0) -> 1217.8111 | V68: =VLOOKUP(C68,'Chấm công công nhân'!L66:AR82,33,0) -> 17 | W68: =VLOOKUP(C68,'Chấm công công nhân'!L66:AS135,34,0) -> 3 | X68: =VLOOKUP(C68,'Chấm công công nhân'!L66:AT101,35,0) -> 0 | Y68: =VLOOKUP(C68,'Chấm công công nhân'!L66:AU135,36,0) -> 0 | AA68: =VLOOKUP(C68,'Kỷ thuật'!C64:M64,11,0) -> A
A69: 55 | B69: 2 | C69: ='Chấm công công nhân'!L67 -> Thảo Mai | I69: ='kt3'!H15 -> 0 | J69: ='xã cạo t3'!H15 -> 0 | M69: ='mpc t3'!H15 -> 0 | R69: =SUM(D69:Q69) -> 0 | S69: =VLOOKUP(C69,Mủ!C67:AI82,33,0) -> 487 | U69: =VLOOKUP(C69,Mủ!C67:AJ73,34,0) -> 229.87364 | V69: =VLOOKUP(C69,'Chấm công công nhân'!L67:AR83,33,0) -> 6 | W69: =VLOOKUP(C69,'Chấm công công nhân'!L67:AS136,34,0) -> 1 | X69: =VLOOKUP(C69,'Chấm công công nhân'!L67:AT102,35,0) -> 0 | Y69: =VLOOKUP(C69,'Chấm công công nhân'!L67:AU136,36,0) -> 0 | AA69: =VLOOKUP(C69,'Kỷ thuật'!C65:M65,11,0) -> B
A70: 56 | B70: 3 | C70: ='Chấm công công nhân'!L68 -> Thảo Tưng | I70: ='kt3'!H16 -> 0 | J70: ='xã cạo t3'!H16 -> 0 | M70: ='mpc t3'!H16 -> 0 | R70: =SUM(D70:Q70) -> 0 | S70: =VLOOKUP(C70,Mủ!C68:AI83,33,0) -> 1055 | U70: =VLOOKUP(C70,Mủ!C68:AJ74,34,0) -> 497.98089 | V70: =VLOOKUP(C70,'Chấm công công nhân'!L68:AR84,33,0) -> 18 | W70: =VLOOKUP(C70,'Chấm công công nhân'!L68:AS137,34,0) -> 3 | X70: =VLOOKUP(C70,'Chấm công công nhân'!L68:AT103,35,0) -> 0 | Y70: =VLOOKUP(C70,'Chấm công công nhân'!L68:AU137,36,0) -> 0 | AA70: =VLOOKUP(C70,'Kỷ thuật'!C66:M66,11,0) -> B
A71: 57 | B71: 4 | C71: ='Chấm công công nhân'!L69 -> Thảo Xay | I71: ='kt3'!H17 -> 0 | J71: ='xã cạo t3'!H17 -> 0 | M71: ='mpc t3'!H17 -> 0 | R71: =SUM(D71:Q71) -> 0 | S71: =VLOOKUP(C71,Mủ!C69:AI84,33,0) -> 1720 | U71: =VLOOKUP(C71,Mủ!C69:AJ75,34,0) -> 811.87406 | V71: =VLOOKUP(C71,'Chấm công công nhân'!L69:AR85,33,0) -> 23 | W71: =VLOOKUP(C71,'Chấm công công nhân'!L69:AS138,34,0) -> 2 | X71: =VLOOKUP(C71,'Chấm công công nhân'!L69:AT104,35,0) -> 0 | Y71: =VLOOKUP(C71,'Chấm công công nhân'!L69:AU138,36,0) -> 0 | AA71: =VLOOKUP(C71,'Kỷ thuật'!C67:M67,11,0) -> A
A72: 58 | B72: 5 | C72: ='Chấm công công nhân'!L70 -> Nàng Nọi | I72: ='kt3'!H18 -> 0 | J72: ='xã cạo t3'!H18 -> 0 | M72: ='mpc t3'!H18 -> 0 | R72: =SUM(D72:Q72) -> 0 | S72: =VLOOKUP(C72,Mủ!C70:AI85,33,0) -> 1459 | U72: =VLOOKUP(C72,Mủ!C70:AJ76,34,0) -> 688.67689 | V72: =VLOOKUP(C72,'Chấm công công nhân'!L70:AR86,33,0) -> 19 | W72: =VLOOKUP(C72,'Chấm công công nhân'!L70:AS139,34,0) -> 2 | X72: =VLOOKUP(C72,'Chấm công công nhân'!L70:AT105,35,0) -> 0 | Y72: =VLOOKUP(C72,'Chấm công công nhân'!L70:AU139,36,0) -> 0 | AA72: =VLOOKUP(C72,'Kỷ thuật'!C68:M68,11,0) -> B
A73: 59 | B73: 6 | C73: ='Chấm công công nhân'!L71 -> Thảo Đăm | I73: ='kt3'!H19 -> 0 | J73: ='xã cạo t3'!H19 -> 0 | M73: ='mpc t3'!H19 -> 0 | R73: =SUM(D73:Q73) -> 0 | S73: =VLOOKUP(C73,Mủ!C71:AI86,33,0) -> 1424 | U73: =VLOOKUP(C73,Mủ!C71:AJ77,34,0) -> 672.1562 | V73: =VLOOKUP(C73,'Chấm công công nhân'!L71:AR87,33,0) -> 19 | W73: =VLOOKUP(C73,'Chấm công công nhân'!L71:AS140,34,0) -> 3 | X73: =VLOOKUP(C73,'Chấm công công nhân'!L71:AT106,35,0) -> 0 | Y73: =VLOOKUP(C73,'Chấm công công nhân'!L71:AU140,36,0) -> 0 | AA73: =VLOOKUP(C73,'Kỷ thuật'!C69:M69,11,0) -> A
A74: 60 | B74: 7 | C74: ='Chấm công công nhân'!L72 -> Thảo chăn | I74: ='kt3'!H20 -> 0 | J74: ='xã cạo t3'!H20 -> 0 | M74: ='mpc t3'!H20 -> 0 | R74: =SUM(D74:Q74) -> 0 | S74: =VLOOKUP(C74,Mủ!C72:AI87,33,0) -> 2228 | U74: =VLOOKUP(C74,Mủ!C72:AJ78,34,0) -> 1051.6601 | V74: =VLOOKUP(C74,'Chấm công công nhân'!L72:AR88,33,0) -> 22 | W74: =VLOOKUP(C74,'Chấm công công nhân'!L72:AS141,34,0) -> 4 | X74: =VLOOKUP(C74,'Chấm công công nhân'!L72:AT107,35,0) -> 0 | Y74: =VLOOKUP(C74,'Chấm công công nhân'!L72:AU141,36,0) -> 0 | AA74: =VLOOKUP(C74,'Kỷ thuật'!C70:M70,11,0) -> A
A75: 61 | B75: 8 | C75: ='Chấm công công nhân'!L73 -> Hồ Văn Tăng | I75: ='kt3'!H21 -> 0 | J75: ='xã cạo t3'!H21 -> 0 | M75: ='mpc t3'!H21 -> 0 | R75: =SUM(D75:Q75) -> 0 | S75: =VLOOKUP(C75,Mủ!C73:AI88,33,0) -> 1189 | U75: =VLOOKUP(C75,Mủ!C73:AJ79,34,0) -> 561.23154 | V75: =VLOOKUP(C75,'Chấm công công nhân'!L73:AR89,33,0) -> 19 | W75: =VLOOKUP(C75,'Chấm công công nhân'!L73:AS142,34,0) -> 2 | X75: =VLOOKUP(C75,'Chấm công công nhân'!L73:AT108,35,0) -> 0 | Y75: =VLOOKUP(C75,'Chấm công công nhân'!L73:AU142,36,0) -> 0 | AA75: =VLOOKUP(C75,'Kỷ thuật'!C71:M71,11,0) -> B
A76: 62 | B76: 9 | C76: ='Chấm công công nhân'!L74 -> Hồ Văn Khoa | I76: ='kt3'!H22 -> 0 | J76: ='xã cạo t3'!H22 -> 0 | M76: ='mpc t3'!H22 -> 0 | R76: =SUM(D76:Q76) -> 0 | S76: =VLOOKUP(C76,Mủ!C74:AI89,33,0) -> 1469 | U76: =VLOOKUP(C76,Mủ!C74:AJ80,34,0) -> 693.39709 | V76: =VLOOKUP(C76,'Chấm công công nhân'!L74:AR90,33,0) -> 18 | W76: =VLOOKUP(C76,'Chấm công công nhân'!L74:AS143,34,0) -> 2 | X76: =VLOOKUP(C76,'Chấm công công nhân'!L74:AT109,35,0) -> 0 | Y76: =VLOOKUP(C76,'Chấm công công nhân'!L74:AU143,36,0) -> 0 | AA76: =VLOOKUP(C76,'Kỷ thuật'!C72:M72,11,0) -> A
A77: 63 | B77: 10 | C77: ='Chấm công công nhân'!L75 -> Hồ Xa My | I77: ='kt3'!H23 -> 0 | J77: ='xã cạo t3'!H23 -> 0 | M77: ='mpc t3'!H23 -> 0 | R77: =SUM(D77:Q77) -> 0 | S77: =VLOOKUP(C77,Mủ!C75:AI90,33,0) -> 1434 | U77: =VLOOKUP(C77,Mủ!C75:AJ81,34,0) -> 676.87639 | V77: =VLOOKUP(C77,'Chấm công công nhân'!L75:AR91,33,0) -> 19 | W77: =VLOOKUP(C77,'Chấm công công nhân'!L75:AS144,34,0) -> 2 | X77: =VLOOKUP(C77,'Chấm công công nhân'!L75:AT110,35,0) -> 0 | Y77: =VLOOKUP(C77,'Chấm công công nhân'!L75:AU144,36,0) -> 0 | AA77: =VLOOKUP(C77,'Kỷ thuật'!C73:M73,11,0) -> A
A78: 64 | B78: 11 | C78: ='Chấm công công nhân'!L76 -> Thảo lay | I78: ='kt3'!H24 -> 0 | J78: ='xã cạo t3'!H24 -> 0 | M78: ='mpc t3'!H24 -> 0 | R78: =SUM(D78:Q78) -> 0 | S78: =VLOOKUP(C78,Mủ!C76:AI91,33,0) -> 1317 | U78: =VLOOKUP(C78,Mủ!C76:AJ82,34,0) -> 621.65008 | V78: =VLOOKUP(C78,'Chấm công công nhân'!L76:AR92,33,0) -> 14 | W78: =VLOOKUP(C78,'Chấm công công nhân'!L76:AS145,34,0) -> 2 | X78: =VLOOKUP(C78,'Chấm công công nhân'!L76:AT111,35,0) -> 0 | Y78: =VLOOKUP(C78,'Chấm công công nhân'!L76:AU145,36,0) -> 0 | AA78: =VLOOKUP(C78,'Kỷ thuật'!C74:M74,11,0) -> B
A79: 65 | B79: 12 | C79: ='Chấm công công nhân'!L77 -> Thảo khên | I79: ='kt3'!H25 -> 0 | J79: ='xã cạo t3'!H25 -> 0 | M79: ='mpc t3'!H25 -> 0 | R79: =SUM(D79:Q79) -> 0 | S79: =VLOOKUP(C79,Mủ!C77:AI92,33,0) -> 2963 | U79: =VLOOKUP(C79,Mủ!C77:AJ83,34,0) -> 1398.5947 | V79: =VLOOKUP(C79,'Chấm công công nhân'!L77:AR93,33,0) -> 24 | W79: =VLOOKUP(C79,'Chấm công công nhân'!L77:AS146,34,0) -> 3 | X79: =VLOOKUP(C79,'Chấm công công nhân'!L77:AT112,35,0) -> 0 | Y79: =VLOOKUP(C79,'Chấm công công nhân'!L77:AU146,36,0) -> 0 | AA79: =VLOOKUP(C79,'Kỷ thuật'!C75:M75,11,0) -> A
... A81: 67 | B81: 14 | C81: ='Chấm công công nhân'!L79 -> Thảo nga | I81: ='kt3'!H27 -> 0 | J81: ='xã cạo t3'!H27 -> 0 | M81: ='mpc t3'!H27 -> 0 | R81: =SUM(D81:Q81) -> 0 | S81: =VLOOKUP(C81,Mủ!C79:AI94,33,0) -> 1841 | U81: =VLOOKUP(C81,Mủ!C79:AJ85,34,0) -> 868.98845 | V81: =VLOOKUP(C81,'Chấm công công nhân'!L79:AR95,33,0) -> 22 | W81: =VLOOKUP(C81,'Chấm công công nhân'!L79:AS148,34,0) -> 3 | X81: =VLOOKUP(C81,'Chấm công công nhân'!L79:AT114,35,0) -> 0 | Y81: =VLOOKUP(C81,'Chấm công công nhân'!L79:AU148,36,0) -> 0 | AA81: =VLOOKUP(C81,'Kỷ thuật'!C77:M77,11,0) -> A
A82: 68 | B82: 15 | C82: ='Chấm công công nhân'!L80 -> Thảo lăm ma | I82: ='kt3'!H28 -> 0 | M82: ='mpc t3'!H28 -> 0 | R82: =SUM(D82:Q82) -> 0 | S82: =VLOOKUP(C82,Mủ!C80:AI95,33,0) -> 1049 | U82: =VLOOKUP(C82,Mủ!C80:AJ86,34,0) -> 495.14877 | V82: =VLOOKUP(C82,'Chấm công công nhân'!L80:AR96,33,0) -> 25 | W82: =VLOOKUP(C82,'Chấm công công nhân'!L80:AS149,34,0) -> 3 | AA82: =VLOOKUP(C82,'Kỷ thuật'!C78:M78,11,0) -> A
A83: 69 | B83: 16 | C83: ='Chấm công công nhân'!L81 -> Thảo Hôm | I83: ='kt3'!H29 -> 0 | J83: ='xã cạo t3'!H29 -> 0 | M83: ='mpc t3'!H29 -> 0 | R83: =SUM(D83:Q83) -> 0 | S83: =VLOOKUP(C83,Mủ!C81:AI96,33,0) -> 297 | T83: =VLOOKUP(D83,Mủ!D81:AJ96,33,0) -> 140.18988 | U83: =VLOOKUP(C83,Mủ!C81:AJ87,34,0) -> 140.18988 | V83: =VLOOKUP(C83,'Chấm công công nhân'!L81:AR97,33,0) -> 18 | W83: =VLOOKUP(C83,'Chấm công công nhân'!L81:AS150,34,0) -> 3 | X83: =VLOOKUP(C83,'Chấm công công nhân'!L81:AT116,35,0) -> 0 | Y83: =VLOOKUP(C83,'Chấm công công nhân'!L81:AU150,36,0) -> 0 | AA83: =VLOOKUP(C83,'Kỷ thuật'!C79:M79,11,0) -> B
A84: 70 | B84: 17 | C84: Thảo Ê | M84: ='mpc t3'!H30 -> 0 | R84: =SUM(D84:Q84) -> 0
B85: TỔNG | D85: =SUM(D13:D74) -> 0 | E85: =E12+E50+E67 -> 0 | F85: =F12+F50+F67 -> 0 | G85: =G12+G50+G67 -> 0 | H85: =H12+H50+H67 -> 0 | I85: =I12+I50+I67 -> 0 | J85: =J12+J50+J67 -> 0 | K85: =K12+K50+K67 -> 0 | L85: =L12+L50+L67 -> 0 | ... Z85: =Z12+Z50+Z67 -> 0 | AH85: bv chống cháy | AI85: ='[13]BCSX sau Chuyển đổi'!W23 -> bv | AJ85: ='[13]BCSX sau Chuyển đổi'!X23 -> dọn dẹp | AK85: ='[13]BCSX sau Chuyển đổi'!Y23 -> TỔNG CÔNG
Y86: Sepon, Ngày 03 tháng 02 năm 2025 | AH86: =((2600000/31*29*8) + (2600000/31*13))/25000 -> 821.93548 | AI86: ='[13]BCSX sau Chuyển đổi'!W24 -> 416 | AJ86: 20 | AK86: =AH86+AI86+AJ86 -> 1257.9355
Y87: ĐỘI TRƯỞNG ĐỘI SEPON

Sheet BẢNG LƯƠNG KT
A1: 1 | B1: 2 | C1: 3 | D1: 4 | E1: 5 | F1: 6 | G1: 7 | H1: 8 | I1: 9 | J1: 10 | K1: 11 | L1: 12 | M1: 13 | N1: 14 | O1: 15 | P1: 16 | S1: 17
A3: CỘNG HÒA DÂN CHỦ NHÂN DÂN LÀO
A4: Hòa bình - Độc lập - Dân chủ - Thống nhất - Thịnh vượng
A5: -----oOo-----
A6: CÔNG TY TNHH CỔ PHẦN QUASA-GERUCO LÀO
A7: ĐỘI SẢN XUẤT SEPON
A8: BẢNG LƯƠNG KHAI THÁC THÁNG 01 NĂM 2025
C10: Tỷ giá Bath qua Kíp | D10: Tỷ giá Bath qua Kíp | E10: ='BẢNG PHÂN TOÁN'!L14 -> 656 | U10: ĐVT: kíp
A11: STT | C11: Họ và tên | D11: MSNV | E11: Chức vụ | F11: Ký nhận | G11: LƯƠNG | U11: Tổng lương | V11: Tiền lương còn lại
G12: Lương chăm sóc (25.000 kíp/công) | I12: Lương sản lượng | M12: Lương phụ cấp khai thác | T12: Phụ cấp khó khăn
G13: Công | H13: Thành tiền | I13: Mủ tạp (kg) | J13: Mủ tạp quy khô (kg) | K13: Hạng kỹ thuật | L13: Thành tiền | M13: Phụ cấp ngày công | N13: Phụ cấp chủ nhật | O13: Phụ cấp ngày công vườn cây non | P13: Phụ cấp chủ nhật vườn cây non | Q13: Phụ cấp khó khăn | R13: Phụ cấp tiền lương tháng 01 | S13: Thành tiền
A14: ì© | B14: §ˆ²¾¦¾ì¾¸ | C14: §ˆ²¾¦¾¹¸¼©­¾´ | E14: ª¿ÁÎÈ¤ | G14: ¸ñ­¤¾­ | H14: À¯ñ­À¤ò­ | J14: µ¾¤­Õ£ò© ª¾´ºñ©ª¾ Á¹É¤ | K14: §˜­Àªñ¡ ­ò¡ | L14: À¯ñ­À¤ò­ | M14: º÷©Îø­ ¸ñ­¤¾­ | N14: º÷©Îø­ ¸ñ­º¾êò© | O14: º÷©Îø­ ¸ñ­¤¾­ | P14: º÷©Îø­ ¸ñ­º¾êò© | S14: À¯ñ­À¤ò­ | U14: ì¸´À¤ò­ À©õº­ | V14: ì¸´À¤ò­»ñ® | Y14: PC
A15: (1) | C15: (2) | D15: (1) | E15: (1) | F15: (1) | G15: (3) | H15: (4) | I15: (5) | J15: (6) | K15: (7) | L15: (8) | M15: (9) | N15: (10) | O15: (11) | P15: (12) | Q15: (13) | R15: (14) | S15: (15) | T15: (15) | U15: (16)=(4)+(8)+(15) | V15: (17) | Y15: 20000
