Workbook
Name So_XN: [1]PHATSINH!$B$6:$B$2093
Name So_XN: [2]PHATSINH!$B$6:$B$2093

Sheet bcsx  t10 + cdc IN KÝ
A1: CỘNG HÒA DÂN CHỦ NHÂN DÂN LÀO
A2: Hoà Bình - Độc Lập - Dân Chủ - Thống Nhất - Thịnh Vượng
A3: -----oOo-----
A4: CÔNG TY TNHH MTV QUASA- GERUCO LÀO
A5: ĐỘI SẢN XUẤT SỐ 6
A7: BÁO CÁO SẢN XUẤT THÁNG 10 NĂM 2025
A8: ( Từ ngày 01 tháng 10 đến ngày 31 tháng 10 năm 2025 )
A10: STT | B10: DANH MỤC | C10: ĐVT | D10: Định mức | E10: Địa điểm và khối lượng thực hiện | M10: Tổng khối lượng | N10: số lần | O10: Tổng công | P10: Ghi chú
E11: Tên lô | F11: KL | G11: Tên lô | H11: KL | I11: Tên lô | J11: KL | K11: Tên lô | L11: KL | O11: 25.000 kíp
A12: A | B12: VƯỜN CÂY KINH DOANH | O12: =SUBTOTAL(9,O13:O58) -> 8706.6712
A13: I | B13: SẢN LƯỢNG | C13: Kg
A14: 1.1 | B14: Mủ tạp (Quy khô) | C14: kg | M14: 90.872 | N14: tấn
A15: 1.2 | B15: Mủ dây ( Quy khô ) | C15: Kg
A16: 1.3 | B16: Mủ Sirum ( Quy khô) | C16: Kg
A17: II | B17: PHỤ CẤP CẠO MỦ | C17: Công | O17: =SUBTOTAL(9,O18:O23) -> 5827.0392
A18: 2.1 | B18: Phụ cấp ngày công đi cạo | C18: Công | O18: 2452.187
A19: 2.2 | B19: Phụ cấp đi cạo ngày chủ nhật | C19: Công | O19: 357.28652
A20: 2.3 | B20: Phụ cấp ngày công cho công nhân vùng khó khăn | C20: Công | O20: 1876
A21: 2.4 | B21: Phụ cấp cạo cây non | C21: Công | O21: 150.74016
A22: 2.5 | B22: Phụ cấp cạo 2 lát ngày thường | C22: Công | O22: 374.8256
A23: 2.6 | B23: Phụ cấp thêm cạo 2 lát ngày thường | C23: Công | O23: 616
A24: III | B24: CHĂM SÓC | O24: =SUBTOTAL(9,O25:O58) -> 2879.632
A25: 1 | B25: Vườn cây kinh doanh năm 1 (2018) | O25: =+SUBTOTAL(9,O26:O34) -> 799.384
A26: 1.1 | B26: Bôi thuốc kích thích | C26: Phần | D26: =25/20 -> 1.25 | M26: =23+33-18 -> 38 | N26: 1 | O26: =+M26/D26 -> 30.4 | R26: =+O26+O36+O43 -> 216
A27: 1.2 | B27: Gom cành nhánh | C27: Phần | D27: =1/2 -> 0.5 | M27: 56 | O27: =+M27/D27 -> 112
A28: 1.3 | B28: Phát chồi đại trà | C28: Ha | D28: =1/16 -> 0.0625 | M28: =+SUM(E29:L29) -> 20.85 | O28: =+M28/D28 -> 333.6
E29: X33 | F29: 8.76 | G29: X32 | H29: =12.18*0.5 -> 6.09 | I29: X22 | J29: 6
B30: Phát chồi đại trà * | C30: Ha | D30: =1/20 -> 0.05 | M30: =+SUM(E31:L31) -> 7.966 | O30: =+M30/D30 -> 159.32
E31: X26 | F31: 7.966
A32: 1.4 | B32: Phun thuốc diệt cỏ đại trà (phun cục bộ) * | C32: Ha | D32: =1/4.8 -> 0.20833333 | M32: =+SUM(E33:L34) -> 34.18 | O32: =+M32/D32 -> 164.064 | R32: =+L33+L34 -> 20.2
E33: X24 | F33: 2.28 | G33: X29 | H33: 2 | I33: X26 | J33: 1.5 | K33: X25 | L33: =2+10.65 -> 12.65
E34: X28 | F34: 1.2 | G34: X22 | H34: 3 | I34: X27 | J34: 4 | K34: X30 | L34: 7.55
A35: 2 | B35: Vườn cây kinh doanh năm 4 (2017) | O35: =+SUBTOTAL(9,O36:O41) -> 510.68
A36: 2.1 | B36: Bôi thuốc kích thích | C36: Phần | D36: =25/20 -> 1.25 | M36: 64 | N36: 2 | O36: =+M36/D36*2 -> 102.4 | R36: =+M26+M36*2+M43*2 -> 270
A37: 2.2 | B37: Gom cành nhánh | C37: Phần | D37: =1/2 -> 0.5 | M37: 64 | O37: =+M37/D37 -> 128
A38: 2.3 | B38: Phát chồi đại trà | C38: Ha | D38: =1/16 -> 0.0625 | M38: =+SUM(E39:L39) -> 11 | O38: =+M38/D38 -> 176
B39: Phát chồi đại trà | E39: X31 | F39: 11 | S39: =+M28+M38+M40+#REF!+#REF! -> #REF!
C40: Ha | D40: =1/12 -> 0.083333333 | M40: =+SUM(E41:L41) -> 8.69 | O40: =+M40/D40 -> 104.28 | S40: =+O28+O38+O40+#REF!+#REF! -> #REF!
E41: X23 | F41: 3 | G41: X24 | H41: 5.69
A42: 3 | B42: Vườn cây kinh doanh năm 7 (2012) | O42: =+SUBTOTAL(9,O43:O47) -> 254.16
A43: 3.1 | B43: Bôi thuốc kích thích | C43: Phần | D43: =25/20 -> 1.25 | M43: 52 | N43: 2 | O43: =+M43/D43*2 -> 83.2
A44: 3.2 | B44: Gom cành nhánh | C44: Phần | D44: =1/2 -> 0.5 | M44: 52 | O44: =+M44/D44 -> 104
A45: 3.3 | B45: Phun thuốc diệt cỏ đại trà (phun cục bộ) | C45: Ha | D45: =1/4.8 -> 0.20833333 | M45: =+SUM(E46:L47) -> 13.95 | O45: =+M45/D45 -> 66.96
E46: X9B | F46: 2 | G46: X10A | H46: 1 | I46: X10B | J46: 1 | K46: X8B | L46: 0.5
E47: X20A | F47: 1.1 | G47: X20B | H47: 4.7 | I47: X7 | J47: 1.75 | K47: X14 | L47: 1.9
A48: 4 | B48: Vườn cây kinh doanh năm 8 (2011) | O48: =+SUBTOTAL(9,O49:O58) -> 1315.408
A49: 4.1 | B49: Bôi thuốc kích thích | C49: Phần | D49: =25/20 -> 1.25 | M49: 136 | N49: 2 | O49: =+M49/D49*N49 -> 217.6 | R49: tháng 10 | S49: ha
A50: 4.2 | B50: Phun thuốc diệt cỏ đại trà | C50: Ha | D50: =1/4.8 -> 0.20833333 | M50: =+SUM(E51:L53) -> 133.76 | O50: =+M50/D50 -> 642.048 | R50: PHÁT CHỒI TRẠM 1 | S50: =+M57 -> 25.95 | U50: =+O57 -> 415.2
E51: L1 | F51: =18.46 -> 18.46 | G51: L3 | H51: =16.09 -> 16.09 | I51: L7 | J51: =6.64 -> 6.64 | K51: L16 | L51: =13.45 -> 13.45 | R51: PHUN CỎ TRẠM 1 | S51: =+M50 -> 133.76 | T51: =+S51+S52 -> #REF! | U51: =+O50+O54 -> 682.608
E52: L2 | F52: =21.8 -> 21.8 | G52: L5 | H52: =15.88 -> 15.88 | I52: L15 | J52: =9.61 -> 9.61 | K52: L17 | L52: =11.7 -> 11.7 | R52: PHUN cỏ TRẠM 2 | S52: =+#REF! -> #REF! | U52: =+#REF! -> #REF!
E53: L13 | F53: =9.13 -> 9.13 | G53: L12 | H53: =11 -> 11 | R53: PHUN BAO LÔ TRẠM 1 | S53: =+M54 -> 8.45 | T53: =+S53 -> 8.45
A54: 4.3 | B54: Phun bao lô + trục đường chính | C54: Ha | D54: =1/4.8 -> 0.20833333 | M54: =+SUM(E55:L56) -> 8.45 | O54: =+M54/D54 -> 40.56 | U54: =+O27+O37+O44+#REF! -> #REF!
E55: L4 | F55: 1.2 | G55: L6 | H55: 1.35 | I55: L8 | J55: 2 | K55: L10 | L55: 1.1
E56: L11 | F56: 2.8
A57: 4.4 | B57: Phát chồi đại trà | C57: Ha | D57: =1/16 -> 0.0625 | M57: =+SUM(E58:L58) -> 25.95 | O57: =+M57/D57 -> 415.2
E58: L6 | F58: 5 | G58: L8 | H58: 4 | I58: L9 | J58: 7.63 | K58: L11 | L58: 9.32
A59: B | B59: CÔNG BẢO VỆ | O59: =+SUBTOTAL(9,O60:O60) -> 312
A60: 1 | B60: Bảo vệ Lào | C60: Công | E60: 3 người * 2,600.000 Kíp/tháng | O60: =3*2600000/25000 -> 312
A61: C | B61: CÔNG VIỆC KHÁC | O61: =SUBTOTAL(9,O62:O62) -> 80
A62: 1 | B62: Phát dọn trục đường từ lô X14 đến lô X20A | C62: Công | O62: 80
A63: TỔNG CÔNG SẢN PHẨM = A+B+C | O63: =SUBTOTAL(9,O12:O62) -> 9098.6712 | R63: =+'[3]bcsx t10 gốc'!O69 -> 3271.102
I64: Đội 6, ngày…..tháng…..năm 2025
A65: PHÓ PHÒNG PHỤ TRÁCH | D65: ĐỘI TRƯỞNG | I65: THỐNG KÊ - TỔNG HỢP
A74: Đoàn nghiệm thu Công ty:
A76: TỔNG GIÁM ĐỐC | C76: PHÒNG TC-KT | G76: PHÒNG TC-HC | J76: PHÒNG KH-XDCB | M76: PHÒNG QLKT

Sheet Thanh toán mủ dây
A1: CỘNG HÒA DÂN CHỦ NHÂN DÂN LÀO
A2: Hòa Bình -Độc Lập - Dân Chủ - thống Nhất - Thịnh Vượng
A3: -----oOo-----
A4: CÔNG TY TNHH MTV QUASA - GERUCO LÀO
A5: ĐỘI SẢN XUẤT SỐ 6
A7: BẢNG THANH TOÁN TIỀN LƯƠNG MỦ DÂY THÁNG 11 NĂM 2025
A9: Stt | B9: Họ và tên | C9: Ngày | AG9: Sản lượng mủ dây (kg) | AH9: Đơn giá ( Kíp) | AI9: Thành tiền | AJ9: Ký tên
C10: 1 | D10: 2 | E10: 3 | F10: 4 | G10: 5 | H10: 6 | I10: 7 | J10: 8 | K10: 9 | L10: 10 | M10: 11 | N10: 12 | O10: 13 | P10: 14 | Q10: 15 | R10: 16 | S10: 17 | T10: 18 | U10: 19 | V10: 20 | W10: 21 | X10: 22 | Y10: 23 | Z10: 24 | AA10: 25 | AB10: 26 | AC10: 27 | AD10: 28 | AE10: 29 | AF10: 30
A11: 1 | B11: =+'Biểu 2 TH MỦ dây'!B10 -> Phò Thưng | T11: 20 | AG11: =+VLOOKUP(B11,'Biểu 2 TH MỦ dây'!$B$10:$AH$43,33,0) -> 15 | AH11: 8000 | AI11: =+AG11*AH11 -> 120000
A12: 2 | B12: =+'Biểu 2 TH MỦ dây'!B11 -> A Nhợp | R12: 20 | AG12: =+VLOOKUP(B12,'Biểu 2 TH MỦ dây'!$B$10:$AH$43,33,0) -> 15 | AH12: 8000 | AI12: =+AG12*AH12 -> 120000
A13: 3 | B13: =+'Biểu 2 TH MỦ dây'!B12 -> Van | Q13: 15 | AG13: =+VLOOKUP(B13,'Biểu 2 TH MỦ dây'!$B$10:$AH$43,33,0) -> 15 | AH13: 8000 | AI13: =+AG13*AH13 -> 120000
A14: 4 | B14: =+'Biểu 2 TH MỦ dây'!B13 -> Thảo Khọt | Q14: 16 | AG14: =+VLOOKUP(B14,'Biểu 2 TH MỦ dây'!$B$10:$AH$43,33,0) -> 15 | AH14: 8000 | AI14: =+AG14*AH14 -> 120000
A15: 5 | B15: =+'Biểu 2 TH MỦ dây'!B14 -> A Cơ | S15: 20 | AG15: =+VLOOKUP(B15,'Biểu 2 TH MỦ dây'!$B$10:$AH$43,33,0) -> 15 | AH15: 8000 | AI15: =+AG15*AH15 -> 120000
A16: 6 | B16: =+'Biểu 2 TH MỦ dây'!B15 -> Phơ | S16: 12 | AG16: =+VLOOKUP(B16,'Biểu 2 TH MỦ dây'!$B$10:$AH$43,33,0) -> 15 | AH16: 8000 | AI16: =+AG16*AH16 -> 120000
A17: 7 | B17: =+'Biểu 2 TH MỦ dây'!B16 -> A phơ | S17: 21 | AG17: =+VLOOKUP(B17,'Biểu 2 TH MỦ dây'!$B$10:$AH$43,33,0) -> 15 | AH17: 8000 | AI17: =+AG17*AH17 -> 120000
A18: 8 | B18: =+'Biểu 2 TH MỦ dây'!B17 -> Nang Đăm | T18: 17 | AG18: =+VLOOKUP(B18,'Biểu 2 TH MỦ dây'!$B$10:$AH$43,33,0) -> 14 | AH18: 8000 | AI18: =+AG18*AH18 -> 112000
A19: 9 | B19: =+'Biểu 2 TH MỦ dây'!B18 -> Nang Sun | R19: 20 | AG19: =+VLOOKUP(B19,'Biểu 2 TH MỦ dây'!$B$10:$AH$43,33,0) -> 14 | AH19: 8000 | AI19: =+AG19*AH19 -> 112000
A20: 10 | B20: =+'Biểu 2 TH MỦ dây'!B19 -> A Nghen | S20: 10 | AG20: =+VLOOKUP(B20,'Biểu 2 TH MỦ dây'!$B$10:$AH$43,33,0) -> 14 | AH20: 8000 | AI20: =+AG20*AH20 -> 112000
A21: 11 | B21: =+'Biểu 2 TH MỦ dây'!B20 -> Nguyễn Thị Thanh Trà | R21: 18 | AG21: =+VLOOKUP(B21,'Biểu 2 TH MỦ dây'!$B$10:$AH$43,33,0) -> 14 | AH21: 8000 | AI21: =+AG21*AH21 -> 112000
A22: 12 | B22: =+'Biểu 2 TH MỦ dây'!B21 -> Phò Thít | O22: 13 | S22: 6 | AG22: =+VLOOKUP(B22,'Biểu 2 TH MỦ dây'!$B$10:$AH$43,33,0) -> 14 | AH22: 8000 | AI22: =+AG22*AH22 -> 112000
A23: 13 | B23: =+'Biểu 2 TH MỦ dây'!B22 -> A Bợp | O23: 12 | AG23: =+VLOOKUP(B23,'Biểu 2 TH MỦ dây'!$B$10:$AH$43,33,0) -> 14 | AH23: 8000 | AI23: =+AG23*AH23 -> 112000
A24: 14 | B24: =+'Biểu 2 TH MỦ dây'!B23 -> A Khai | AG24: =+VLOOKUP(B24,'Biểu 2 TH MỦ dây'!$B$10:$AH$43,33,0) -> 14 | AH24: 8000 | AI24: =+AG24*AH24 -> 112000
A25: 15 | B25: =+'Biểu 2 TH MỦ dây'!B24 -> Võ Thị Nguyên | AG25: =+VLOOKUP(B25,'Biểu 2 TH MỦ dây'!$B$10:$AH$43,33,0) -> 14 | AH25: 8000 | AI25: =+AG25*AH25 -> 112000
A26: 16 | B26: =+'Biểu 2 TH MỦ dây'!B25 -> Tà Lọt | AG26: =+VLOOKUP(B26,'Biểu 2 TH MỦ dây'!$B$10:$AH$43,33,0) -> 14 | AH26: 8000 | AI26: =+AG26*AH26 -> 112000
A27: 17 | B27: =+'Biểu 2 TH MỦ dây'!B26 -> A Han | AG27: =+VLOOKUP(B27,'Biểu 2 TH MỦ dây'!$B$10:$AH$43,33,0) -> 14 | AH27: 8000 | AI27: =+AG27*AH27 -> 112000
A28: 18 | B28: =+'Biểu 2 TH MỦ dây'!B27 -> A Nút | AG28: =+VLOOKUP(B28,'Biểu 2 TH MỦ dây'!$B$10:$AH$43,33,0) -> 14 | AH28: 8000 | AI28: =+AG28*AH28 -> 112000
A29: 19 | B29: =+'Biểu 2 TH MỦ dây'!B28 -> Thảo Buôn | AG29: =+VLOOKUP(B29,'Biểu 2 TH MỦ dây'!$B$10:$AH$43,33,0) -> 14 | AH29: 8000 | AI29: =+AG29*AH29 -> 112000
A30: 20 | B30: =+'Biểu 2 TH MỦ dây'!B29 -> Phò Lấp | AG30: =+VLOOKUP(B30,'Biểu 2 TH MỦ dây'!$B$10:$AH$43,33,0) -> 14 | AH30: 8000 | AI30: =+AG30*AH30 -> 112000
A31: 21 | B31: =+'Biểu 2 TH MỦ dây'!B30 -> Phò Nhạc | AG31: =+VLOOKUP(B31,'Biểu 2 TH MỦ dây'!$B$10:$AH$43,33,0) -> 14 | AH31: 8000 | AI31: =+AG31*AH31 -> 112000
A32: 22 | B32: =+'Biểu 2 TH MỦ dây'!B31 -> Nang Nọi | AG32: =+VLOOKUP(B32,'Biểu 2 TH MỦ dây'!$B$10:$AH$43,33,0) -> 14 | AH32: 8000 | AI32: =+AG32*AH32 -> 112000
A33: 23 | B33: =+'Biểu 2 TH MỦ dây'!B32 -> Húc | AG33: =+VLOOKUP(B33,'Biểu 2 TH MỦ dây'!$B$10:$AH$43,33,0) -> 14 | AH33: 8000 | AI33: =+AG33*AH33 -> 112000
A34: 24 | B34: =+'Biểu 2 TH MỦ dây'!B33 -> A Côm | AG34: =+VLOOKUP(B34,'Biểu 2 TH MỦ dây'!$B$10:$AH$43,33,0) -> 14 | AH34: 8000 | AI34: =+AG34*AH34 -> 112000
A35: 25 | B35: =+'Biểu 2 TH MỦ dây'!B34 -> Nang Phen | AG35: =+VLOOKUP(B35,'Biểu 2 TH MỦ dây'!$B$10:$AH$43,33,0) -> 14 | AH35: 8000 | AI35: =+AG35*AH35 -> 112000
... A44: 34 | B44: =+'Biểu 2 TH MỦ dây'!B43 -> Thảo Xen | AG44: =+VLOOKUP(B44,'Biểu 2 TH MỦ dây'!$B$10:$AH$43,33,0) -> 16 | AH44: 8000 | AI44: =+AG44*AH44 -> 128000
A45: 78 | B45: Trần Quang Thiện | AG45: =SUM(AG11:AG44) -> 490 | AH45: 700 | AI45: =+AG45*AH45 -> 343000
A46: 79 | B46: Hoàng Tấn Thảo | AG46: =+AG45 -> 490 | AH46: 300 | AI46: =+AG46*AH46 -> 147000 | AP46: PHÒNG TC - KT PHÒNG TC - HC P.P PHỤ TRÁCH ĐỘI TRƯỞNG NGƯỜI LẬP
A47: 80 | B47: Vương Thanh Long | AG47: =+AG45 -> 490 | AH47: 1000 | AI47: =+AG47*AH47 -> 490000
A48: Tổng | C48: =#REF!+#REF!+#REF!+#REF! -> #REF! | D48: =#REF!+#REF!+#REF!+#REF! -> #REF! | E48: =#REF!+#REF!+#REF!+#REF! -> #REF! | F48: =#REF!+#REF!+#REF!+#REF! -> #REF! | G48: =#REF!+#REF!+#REF!+#REF! -> #REF! | H48: =#REF!+#REF!+#REF!+#REF! -> #REF! | I48: =#REF!+#REF!+#REF!+#REF! -> #REF! | J48: =#REF!+#REF!+#REF!+#REF! -> #REF! | ... AF48: =#REF!+#REF!+#REF!+#REF! -> #REF! | AG48: =+SUM(AG11:AG44) -> 490 | AI48: =+SUM(AI11:AI47) -> 4900000 | AK48: =+AG48*9000 -> 4410000
A49: Số tiền bằng chữ: Bốn triệu, chín trăm nghìn kíp. | AM49: =+AG48*9000 -> 4410000
AD51: Huyện Noong, ngày 01 tháng 12 năm 2025
A53: TỔNG GIÁM ĐỐC | AG53: P. TC - KT | AH53: P. TC - HC | AI53: P.P PHỤ TRÁCH | AJ53: ĐỘI TRƯỞNG NGƯỜI LẬP
AH60: Hồ Thị Thủy | AI60: Hoàng Tấn Thảo | AJ60: Trần Quang Thiện

Sheet Biểu 2 TH MỦ dây
A1: CỘNG HÒA DÂN CHỦ NHÂN DÂN LÀO
A2: Hòa bình - Độc lập - Dân chủ - Thống nhất - Thịnh vượng
A3: ----oOo----
A4: CÔNG TY TNHH MTV QUASA-GERUCO LÀO
A5: ĐỘI SẢN XUẤT SỐ 6
A6: BẢNG THEO DÕI SẢN LƯỢNG MỦ DÂY THÁNG 11 NĂM 2025
AH7: Biểu 2
A8: Stt | B8: Họ và tên | C8: Ngày công | AH8: Tổng mủ dây | AI8: DRC bình quân | AJ8: Mủ dây quy khô (DRC công nhân) | AK8: Xếp hạng kỹ thuật | AL8: Ký tên CN
C9: 1 | D9: 2 | E9: 3 | F9: 4 | G9: 5 | H9: 6 | I9: 7 | J9: 8 | K9: 9 | L9: 10 | M9: 11 | N9: 12 | O9: 13 | P9: 14 | Q9: 15 | R9: 16 | S9: 17 | T9: 18 | U9: 19 | V9: 20 | W9: 21 | X9: 22 | Y9: 23 | Z9: 24 | AA9: 25 | AB9: 26 | AC9: 27 | AD9: 28 | AE9: 29 | AF9: 30 | AG9: 31
A10: 1 | B10: =+'Biểu 1 TH CÔNG'!C11 -> Phò Thưng | C10: - | D10: - | E10: - | F10: - | G10: - | H10: - | I10: - | J10: - | K10: - | L10: - | M10: 7 | N10: - | O10: - | P10: - | Q10: - | R10: - | S10: - | T10: - | U10: - | V10: - | W10: - | X10: - | Y10: - | Z10: - | AA10: 8 | AB10: - | AC10: - | AD10: - | AE10: - | AF10: - | AG10: - | AH10: =SUM(C10:AG10) -> 15 | AJ10: =AH10*AI10/100 -> 0
A11: 2 | B11: =+'Biểu 1 TH CÔNG'!C12 -> A Nhợp | C11: - | D11: - | E11: - | F11: - | G11: - | H11: - | I11: - | J11: - | K11: - | L11: - | M11: 7 | N11: - | O11: - | P11: - | Q11: - | R11: - | S11: - | T11: - | U11: - | V11: - | W11: - | X11: - | Y11: - | Z11: - | AA11: 8 | AB11: - | AC11: - | AD11: - | AE11: - | AF11: - | AG11: - | AH11: =SUM(C11:AG11) -> 15 | AJ11: =AH11*AI11/100 -> 0 | AN11: 46.656799
A12: 3 | B12: =+'Biểu 1 TH CÔNG'!C13 -> Van | C12: - | D12: - | E12: - | F12: - | G12: - | H12: - | I12: - | J12: - | K12: - | L12: - | M12: 7 | N12: - | O12: - | P12: - | Q12: - | R12: - | S12: - | T12: - | U12: - | V12: - | W12: - | X12: - | Y12: - | Z12: - | AA12: 8 | AB12: - | AC12: - | AD12: - | AE12: - | AF12: - | AG12: - | AH12: =SUM(C12:AG12) -> 15 | AJ12: =AH12*AI12/100 -> 0 | AN12: =AN11/100 -> 0.46656799
A13: 4 | B13: =+'Biểu 1 TH CÔNG'!C14 -> Thảo Khọt | C13: - | D13: - | E13: - | F13: - | G13: - | H13: - | I13: - | J13: - | K13: - | L13: - | M13: 7 | N13: - | O13: - | P13: - | Q13: - | R13: - | S13: - | T13: - | U13: - | V13: - | W13: - | X13: - | Y13: - | Z13: - | AA13: 8 | AB13: - | AC13: - | AD13: - | AE13: - | AF13: - | AG13: - | AH13: =SUM(C13:AG13) -> 15 | AJ13: =AH13*AI13/100 -> 0
A14: 5 | B14: =+'Biểu 1 TH CÔNG'!C15 -> A Cơ | C14: - | D14: - | E14: - | F14: - | G14: - | H14: - | I14: - | J14: - | K14: - | L14: - | M14: 7 | N14: - | O14: - | P14: - | Q14: - | R14: - | S14: - | T14: - | U14: - | V14: - | W14: - | X14: - | Y14: - | Z14: - | AA14: 8 | AB14: - | AC14: - | AD14: - | AE14: - | AF14: - | AG14: - | AH14: =SUM(C14:AG14) -> 15 | AJ14: =AH14*AI14/100 -> 0
A15: 6 | B15: =+'Biểu 1 TH CÔNG'!C16 -> Phơ | C15: - | D15: - | E15: - | F15: - | G15: - | H15: - | I15: - | J15: - | K15: - | L15: - | M15: 7 | N15: - | O15: - | P15: - | Q15: - | R15: - | S15: - | T15: - | U15: - | V15: - | W15: - | X15: - | Y15: - | Z15: - | AA15: 8 | AB15: - | AC15: - | AD15: - | AE15: - | AF15: - | AG15: - | AH15: =SUM(C15:AG15) -> 15 | AJ15: =AH15*AI15/100 -> 0
A16: 7 | B16: =+'Biểu 1 TH CÔNG'!C17 -> A phơ | C16: - | D16: - | E16: - | F16: - | G16: - | H16: - | I16: - | J16: - | K16: - | L16: - | M16: 7 | N16: - | O16: - | P16: - | Q16: - | R16: - | S16: - | T16: - | U16: - | V16: - | W16: - | X16: - | Y16: - | Z16: - | AA16: 8 | AB16: - | AC16: - | AD16: - | AE16: - | AF16: - | AG16: - | AH16: =SUM(C16:AG16) -> 15 | AJ16: =AH16*AI16/100 -> 0
A17: 8 | B17: =+'Biểu 1 TH CÔNG'!C18 -> Nang Đăm | C17: - | D17: - | E17: - | F17: - | G17: - | H17: - | I17: - | J17: - | K17: - | L17: - | M17: 7 | N17: - | O17: - | P17: - | Q17: - | R17: - | S17: - | T17: - | U17: - | V17: - | W17: - | X17: - | Y17: - | Z17: - | AA17: 7 | AB17: - | AC17: - | AD17: - | AE17: - | AF17: - | AG17: - | AH17: =SUM(C17:AG17) -> 14 | AJ17: =AH17*AI17/100 -> 0
A18: 9 | B18: =+'Biểu 1 TH CÔNG'!C19 -> Nang Sun | C18: - | D18: - | E18: - | F18: - | G18: - | H18: - | I18: - | J18: - | K18: - | L18: - | M18: 7 | N18: - | O18: - | P18: - | Q18: - | R18: - | S18: - | T18: - | U18: - | V18: - | W18: - | X18: - | Y18: - | Z18: - | AA18: 7 | AB18: - | AC18: - | AD18: - | AE18: - | AF18: - | AG18: - | AH18: =SUM(C18:AG18) -> 14 | AJ18: =AH18*AI18/100 -> 0
A19: 10 | B19: =+'Biểu 1 TH CÔNG'!C20 -> A Nghen | C19: - | D19: - | E19: - | F19: - | G19: - | H19: - | I19: - | J19: - | K19: - | L19: - | M19: 7 | N19: - | O19: - | P19: - | Q19: - | R19: - | S19: - | T19: - | U19: - | V19: - | W19: - | X19: - | Y19: - | Z19: - | AA19: 7 | AB19: - | AC19: - | AD19: - | AE19: - | AF19: - | AG19: - | AH19: =SUM(C19:AG19) -> 14 | AJ19: =AH19*AI19/100 -> 0
A20: 11 | B20: =+'Biểu 1 TH CÔNG'!C21 -> Nguyễn Thị Thanh Trà | C20: - | D20: - | E20: - | F20: - | G20: - | H20: - | I20: - | J20: - | K20: - | L20: - | M20: 7 | N20: - | O20: - | P20: - | Q20: - | R20: - | S20: - | T20: - | U20: - | V20: - | W20: - | X20: - | Y20: - | Z20: - | AA20: 7 | AB20: - | AC20: - | AD20: - | AE20: - | AF20: - | AG20: - | AH20: =SUM(C20:AG20) -> 14 | AJ20: =AH20*AI20/100 -> 0
A21: 12 | B21: =+'Biểu 1 TH CÔNG'!C22 -> Phò Thít | C21: - | D21: - | E21: - | F21: - | G21: - | H21: - | I21: - | J21: - | K21: - | L21: - | M21: 7 | N21: - | O21: - | P21: - | Q21: - | R21: - | S21: - | T21: - | U21: - | V21: - | W21: - | X21: - | Y21: - | Z21: - | AA21: 7 | AB21: - | AC21: - | AD21: - | AE21: - | AF21: - | AG21: - | AH21: =SUM(C21:AG21) -> 14 | AJ21: =AH21*AI21/100 -> 0
A22: 13 | B22: =+'Biểu 1 TH CÔNG'!C23 -> A Bợp | C22: - | D22: - | E22: - | F22: - | G22: - | H22: - | I22: - | J22: - | K22: - | L22: - | M22: 7 | N22: - | O22: - | P22: - | Q22: - | R22: - | S22: - | T22: - | U22: - | V22: - | W22: - | X22: - | Y22: - | Z22: - | AA22: 7 | AB22: - | AC22: - | AD22: - | AE22: - | AF22: - | AG22: - | AH22: =SUM(C22:AG22) -> 14 | AJ22: =AH22*AI22/100 -> 0
A23: 14 | B23: =+'Biểu 1 TH CÔNG'!C24 -> A Khai | C23: - | D23: - | E23: - | F23: - | G23: - | H23: - | I23: - | J23: - | K23: - | L23: - | M23: 7 | N23: - | O23: - | P23: - | Q23: - | R23: - | S23: - | T23: - | U23: - | V23: - | W23: - | X23: - | Y23: - | Z23: - | AA23: 7 | AB23: - | AC23: - | AD23: - | AE23: - | AF23: - | AG23: - | AH23: =SUM(C23:AG23) -> 14 | AJ23: =AH23*AI23/100 -> 0
A24: 15 | B24: =+'Biểu 1 TH CÔNG'!C25 -> Võ Thị Nguyên | C24: - | D24: - | E24: - | F24: - | G24: - | H24: - | I24: - | J24: - | K24: - | L24: - | M24: 7 | N24: - | O24: - | P24: - | Q24: - | R24: - | S24: - | T24: - | U24: - | V24: - | W24: - | X24: - | Y24: - | Z24: - | AA24: 7 | AB24: - | AC24: - | AD24: - | AE24: - | AF24: - | AG24: - | AH24: =SUM(C24:AG24) -> 14 | AJ24: =AH24*AI24/100 -> 0
... A42: 33 | B42: =+'Biểu 1 TH CÔNG'!C43 -> Nang Cung | C42: - | D42: - | E42: - | F42: - | G42: - | H42: - | I42: - | J42: - | K42: - | L42: - | M42: 8 | N42: - | O42: - | P42: - | Q42: - | R42: - | S42: - | T42: - | U42: - | V42: - | W42: - | X42: - | Y42: - | Z42: - | AA42: 8 | AB42: - | AC42: - | AD42: - | AE42: - | AF42: - | AG42: - | AH42: =SUM(C42:AG42) -> 16 | AJ42: =AH42*AI42/100 -> 0
A43: 34 | B43: =+'Biểu 1 TH CÔNG'!C44 -> Thảo Xen | C43: - | D43: - | E43: - | F43: - | G43: - | H43: - | I43: - | J43: - | K43: - | L43: - | M43: 8 | N43: - | O43: - | P43: - | Q43: - | R43: - | S43: - | T43: - | U43: - | V43: - | W43: - | X43: - | Y43: - | Z43: - | AA43: 8 | AB43: - | AC43: - | AD43: - | AE43: - | AF43: - | AG43: - | AH43: =SUM(C43:AG43) -> 16
B44: TỔNG | C44: - | D44: - | E44: - | F44: - | G44: - | H44: - | I44: - | J44: - | K44: - | L44: =SUM(L10:L43) -> 0 | M44: =SUM(M10:M43) -> 240 | N44: - | O44: - | P44: - | Q44: - | R44: - | S44: - | T44: - | U44: - | V44: - | W44: - | X44: - | Y44: - | Z44: - | AA44: =SUM(AA10:AA43) -> 250 | AB44: - | AC44: - | AD44: - | AE44: - | AF44: - | AG44: - | AH44: =SUM(AH10:AH43) -> 490
AA45: Huyện Noong, ngày 01 tháng 12 năm 2025
B47: TỔNG GIÁM ĐỐC | I47: P. TC-HC | P47: P. QLKT | U47: P.P PHỤ TRÁCH | AB47: ĐỘI TRƯỞNG | AG47: NGƯỜI LẬP | AH47: NGƯỜI LẬP
I62: Hồ Thị Thủy | U62: Hoàng Tấn Thảo | AB62: Trần Quang Thiện | AH62: Hồ Dũng Cảm

Sheet SẢN LƯỢNG  SERUM THÁNG 12
A1: CỘNG HÒA DÂN CHỦ NHÂN DÂN LÀO
A2: Hòa Bình - Độc Lập - Dân Chủ - Thống Nhất - Thịnh Vượng
A3: ----oOo----
A4: CÔNG TY TNHH MTV QUASA-GERUCO LÀO
A5: ĐỘI SẢN XUẤT SỐ 06
A7: BẢNG TỔNG HỢP SẢN LƯỢNG MỦ XIRUM THÁNG 12 NĂM 2025
A8: (Từ ngày 01/12 đến 31/12/2025)
A9: Nội dung | B9: Ngày | AG9: Tổng mủ Xirum | AH9: Mủ Xirum quy khô | AI9: Ghi chú | AJ9: DRC trạm 1 | AK9: 40.586752 | AL9: 102 | AM9: 57.369
B10: 1 | C10: 2 | D10: 3 | E10: 4 | F10: 5 | G10: 6 | H10: 7 | I10: 8 | J10: 9 | K10: 10 | L10: 11 | M10: 12 | N10: 13 | O10: 14 | P10: 15 | Q10: 16 | R10: 17 | S10: 18 | T10: 19 | U10: 20 | V10: 21 | W10: 22 | X10: 23 | Y10: 24 | Z10: 25 | AA10: 26 | AB10: 27 | AC10: 28 | AD10: 29 | AE10: 30 | AF10: 31 | AJ10: DRC trạm 2 | AK10: =AM10/AL10 -> 0.5467234 | AL10: 94 | AM10: 51.392
A12: Mủ sirum | F12: 137 | AD12: 97 | AG12: =SUM(B12:AF12) -> 234 | AH12: =AG12*$AK$9/100 -> 94.973
A13: Mủ serum trạm 2 | AG13: =SUM(B13:AF13) -> 0 | AH13: =AG13*$AK$10 -> 0
A14: TỔNG CỘNG | B14: =SUM(B12:B13) -> 0 | C14: =SUM(C12:C13) -> 0 | D14: =SUM(D12:D13) -> 0 | E14: =SUM(E12:E13) -> 0 | F14: =SUM(F12:F13) -> 137 | G14: =SUM(G12:G13) -> 0 | H14: =SUM(H12:H13) -> 0 | I14: =SUM(I12:I13) -> 0 | ... AH14: =SUM(AH12:AH13) -> 94.973 | AJ14: =SUM(#REF!,#REF!) -> #REF! | AK14: ='[4]TRUY LĨNH SL THÁNG 8'!AL73 -> 3355.984 | AL14: =AK14-AG14 -> 3121.984
Z16: Huyện Noong, ngày 31 tháng 12 năm 2025
B17: TỔNG GIÁM ĐỐC | J17: PHÒNG QLKT | O17: PHÒNG TC - HC | U17: P.PHÒNG PHỤ TRÁCH | AB17: ĐỘI TRƯỞNG | AH17: NGƯỜI LẬP
O23: Hồ Thị Thủy | U23: Hoàng Tấn Thảo | AB23: Trần Quang Thiện | AH23: Hồ Dũng Cảm

Sheet Phu cấp cây non
A1: CỘNG HÒA DÂN CHỦ NHÂN DÂN LÀO
A2: Hòa bình - Độc lập - Dân chủ - Thống nhất - Thịnh vượng
A3: ----oOo----
A4: CÔNG TY TNHH MTV QUASA-GERUCO LÀO
A5: ĐỘI SẢN XUẤT SỐ 6
A7: BẢNG CHẤM CÔNG PHỤ CẤP CÂY NON KHAI THÁC THÁNG 12 NĂM 2025
A9: Stt | B9: Họ và tên | C9: Ngày công | AH9: Tổng ngày công | AI9: Ký tên
C10: 1 | D10: 2 | E10: 3 | F10: 4 | G10: 5 | H10: 6 | I10: 7 | J10: 8 | K10: 9 | L10: 10 | M10: 11 | N10: 12 | O10: 13 | P10: 14 | Q10: 15 | R10: 16 | S10: 17 | T10: 18 | U10: 19 | V10: 20 | W10: 21 | X10: 22 | Y10: 23 | Z10: 24 | AA10: 25 | AB10: 26 | AC10: 27 | AD10: 28 | AE10: 29 | AF10: 30 | AG10: 31
A11: II | B11: TRẠM 2 | C11: =COUNTIF(C12:C17,"x")+COUNTIF(C12:C17,"cn")+COUNTIF(C12:C17,"cnđ")+COUNTIF(C12:C17,"đ") -> 6 | D11: =COUNTIF(D12:D17,"x")+COUNTIF(D12:D17,"cn")+COUNTIF(D12:D17,"cnđ")+COUNTIF(D12:D17,"đ") -> 6 | E11: =COUNTIF(E12:E17,"x")+COUNTIF(E12:E17,"cn")+COUNTIF(E12:E17,"cnđ")+COUNTIF(E12:E17,"đ") -> 6 | F11: =COUNTIF(F12:F17,"x")+COUNTIF(F12:F17,"cn")+COUNTIF(F12:F17,"cnđ")+COUNTIF(F12:F17,"đ") -> 6 | G11: =COUNTIF(G12:G17,"x")+COUNTIF(G12:G17,"cn")+COUNTIF(G12:G17,"cnđ")+COUNTIF(G12:G17,"đ") -> 6 | H11: =COUNTIF(H12:H17,"x")+COUNTIF(H12:H17,"cn")+COUNTIF(H12:H17,"cnđ")+COUNTIF(H12:H17,"đ") -> 6 | I11: =COUNTIF(I12:I17,"x")+COUNTIF(I12:I17,"cn")+COUNTIF(I12:I17,"cnđ")+COUNTIF(I12:I17,"đ") -> 6 | J11: =COUNTIF(J12:J17,"x")+COUNTIF(J12:J17,"cn")+COUNTIF(J12:J17,"cnđ")+COUNTIF(J12:J17,"đ") -> 6 | ... AG11: =COUNTIF(AG12:AG17,"x")+COUNTIF(AG12:AG17,"cn")+COUNTIF(AG12:AG17,"cnđ")+COUNTIF(AG12:AG17,"đ") -> 6 | AH11: =SUM(AH12:AH17) -> 186
A12: 1 | B12: =+'Biểu 1 TH CÔNG'!C83 -> Thảo Vong | C12: x | D12: x | E12: x | F12: x | G12: x | H12: x | I12: x | J12: x | K12: x | L12: x | M12: x | N12: x | O12: x | P12: x | Q12: x | R12: x | S12: x | T12: x | U12: x | V12: x | W12: x | X12: x | Y12: x | Z12: x | AA12: x | AB12: x | AC12: x | AD12: x | AE12: x | AF12: x | AG12: x | AH12: =COUNTIF(C12:AG12,"X") -> 31
A13: 2 | B13: =+'Biểu 1 TH CÔNG'!C84 -> Nàng Veng | C13: x | D13: x | E13: x | F13: x | G13: x | H13: x | I13: x | J13: x | K13: x | L13: x | M13: x | N13: x | O13: x | P13: x | Q13: x | R13: x | S13: x | T13: x | U13: x | V13: x | W13: x | X13: x | Y13: x | Z13: x | AA13: x | AB13: x | AC13: x | AD13: x | AE13: x | AF13: x | AG13: x | AH13: =COUNTIF(C13:AG13,"X") -> 31
A14: 3 | B14: =+'Biểu 1 TH CÔNG'!C85 -> Thảo Đuông Chăn | C14: x | D14: x | E14: x | F14: x | G14: x | H14: x | I14: x | J14: x | K14: x | L14: x | M14: x | N14: x | O14: x | P14: x | Q14: x | R14: x | S14: x | T14: x | U14: x | V14: x | W14: x | X14: x | Y14: x | Z14: x | AA14: x | AB14: x | AC14: x | AD14: x | AE14: x | AF14: x | AG14: x | AH14: =COUNTIF(C14:AG14,"X") -> 31
A15: 4 | B15: =+'Biểu 1 TH CÔNG'!C86 -> Nàng Peng | C15: x | D15: x | E15: x | F15: x | G15: x | H15: x | I15: x | J15: x | K15: x | L15: x | M15: x | N15: x | O15: x | P15: x | Q15: x | R15: x | S15: x | T15: x | U15: x | V15: x | W15: x | X15: x | Y15: x | Z15: x | AA15: x | AB15: x | AC15: x | AD15: x | AE15: x | AF15: x | AG15: x | AH15: =COUNTIF(C15:AG15,"X") -> 31
A16: 5 | B16: =+'Biểu 1 TH CÔNG'!C87 -> Thảo Xay Tho | C16: x | D16: x | E16: x | F16: x | G16: x | H16: x | I16: x | J16: x | K16: x | L16: x | M16: x | N16: x | O16: x | P16: x | Q16: x | R16: x | S16: x | T16: x | U16: x | V16: x | W16: x | X16: x | Y16: x | Z16: x | AA16: x | AB16: x | AC16: x | AD16: x | AE16: x | AF16: x | AG16: x | AH16: =COUNTIF(C16:AG16,"X") -> 31
A17: 6 | B17: =+'Biểu 1 TH CÔNG'!C88 -> Nàng Xia Lô | C17: x | D17: x | E17: x | F17: x | G17: x | H17: x | I17: x | J17: x | K17: x | L17: x | M17: x | N17: x | O17: x | P17: x | Q17: x | R17: x | S17: x | T17: x | U17: x | V17: x | W17: x | X17: x | Y17: x | Z17: x | AA17: x | AB17: x | AC17: x | AD17: x | AE17: x | AF17: x | AG17: x | AH17: =COUNTIF(C17:AG17,"X") -> 31
B18: TỔNG CỘNG | C18: =+C11 -> 6 | D18: =+D11 -> 6 | E18: =+E11 -> 6 | F18: =+F11 -> 6 | G18: =+G11 -> 6 | H18: =+H11 -> 6 | I18: =+I11 -> 6 | J18: =+J11 -> 6 | ... AH18: =+AH11 -> 186
B20: Ghi chú: | C20: x: Ngày công cạo thường | AA20: Huyện Noong, ngày 31 tháng 12 năm 2025
B22: TỔNG GIÁM ĐỐC | I22: PHÒNG TC-HC | O22: PHÒNG QLKT | U22: P.P PHỤ TRÁCH | AA22: ĐỘI TRƯỞNG | AG22: NGƯỜI LẬP
I32: Hồ Thị Thủy | U32: Hoàng Tấn Thảo | AA32: Trần Quang Thiện | AH32: Hồ Dũng Cảm

Sheet Biểu 1 TH CÔNG
A1: CỘNG HÒA DÂN CHỦ NHÂN DÂN LÀO
A2: Hòa bình - Độc lập - Dân chủ - Thống nhất - Thịnh vượng
A3: ----oOo----
A4: CÔNG TY TNHH MTV QUASA-GERUCO LÀO
A5: ĐỘI SẢN XUẤT SỐ 6
A7: BẢNG CHẤM CÔNG THEO DÕI CÔNG NHÂN KHAI THÁC THÁNG 12 NĂM 2025
AJ8: Biểu 1
A9: Stt | C9: Họ và tên | D9: Ngày công | AI9: Trong đó | AN9: Ký tên
D10: 1 | E10: 2 | F10: 3 | G10: 4 | H10: 5 | I10: 6 | J10: 7 | K10: 8 | L10: 9 | M10: 10 | N10: 11 | O10: 12 | P10: 13 | Q10: 14 | R10: 15 | S10: 16 | T10: 17 | U10: 18 | V10: 19 | W10: 20 | X10: 21 | Y10: 22 | Z10: 23 | AA10: 24 | AB10: 25 | AC10: 26 | AD10: 27 | AE10: 28 | AF10: 29 | AG10: 30 | AH10: 31 | AI10: Ngày công cạo thường (x) | AJ10: Ngày công chủ nhật (cn) | AK10: Cạo đúp ngày thường (đ) | AL10: Cạo đúp ngày chủ nhật (đcn) | AM10: Tổng ngày công đi cạo
A11: 1 | C11: =+'[5]TỔNG MỦ TẠP'!$B9 -> Phò Thưng | D11: x | E11: x | F11: x | G11: x | H11: x | I11: x | J11: cn | K11: x | L11: x | M11: x | N11: x | O11: x | P11: x | Q11: cn | R11: x | S11: x | T11: x | U11: x | V11: x | W11: x | X11: cn | Y11: x | Z11: x | AA11: x | AB11: x | AC11: x | AD11: x | AE11: cn | AF11: x | AG11: x | AH11: x | AI11: =COUNTIF(D11:AH11,"x") -> 27 | AJ11: =COUNTIF(D11:AH11,"cn") -> 4 | AK11: =COUNTIF(D11:AH11,"đ") -> 0 | AL11: =COUNTIF(D11:AH11,"đcn") -> 0 | AM11: =SUM(AI11:AL11) -> 31
A12: 2 | C12: =+'[5]TỔNG MỦ TẠP'!$B10 -> A Nhợp | D12: x | E12: x | F12: x | G12: x | H12: x | I12: x | J12: cn | K12: x | L12: x | M12: x | N12: x | O12: x | P12: x | Q12: cn | R12: x | S12: x | T12: x | U12: x | V12: x | X12: cn | Y12: x | Z12: x | AA12: x | AB12: x | AC12: x | AD12: x | AE12: cn | AF12: x | AG12: x | AH12: x | AI12: =COUNTIF(D12:AH12,"x") -> 26 | AJ12: =COUNTIF(D12:AH12,"cn") -> 4 | AK12: =COUNTIF(D12:AH12,"đ") -> 0 | AL12: =COUNTIF(D12:AH12,"đcn") -> 0 | AM12: =SUM(AI12:AL12) -> 30
A13: 3 | C13: =+'[5]TỔNG MỦ TẠP'!$B11 -> Van | F13: x | G13: x | H13: x | I13: x | J13: cn | K13: x | L13: x | M13: x | N13: x | O13: x | Q13: cn | R13: x | S13: x | T13: x | U13: x | V13: x | X13: cn | Y13: x | Z13: x | AA13: x | AB13: x | AC13: x | AD13: x | AE13: cn | AF13: x | AG13: x | AH13: x | AI13: =COUNTIF(D13:AH13,"x") -> 23 | AJ13: =COUNTIF(D13:AH13,"cn") -> 4 | AK13: =COUNTIF(D13:AH13,"đ") -> 0 | AL13: =COUNTIF(D13:AH13,"đcn") -> 0 | AM13: =SUM(AI13:AL13) -> 27
A14: 4 | C14: =+'[5]TỔNG MỦ TẠP'!$B12 -> Thảo Khọt | D14: x | E14: x | F14: x | G14: x | H14: x | I14: x | J14: cn | K14: x | L14: x | M14: x | N14: x | O14: x | P14: x | Q14: cn | R14: x | S14: x | T14: x | U14: x | V14: x | W14: x | X14: cn | Y14: x | Z14: x | AA14: x | AB14: x | AC14: x | AD14: x | AE14: cn | AF14: x | AG14: x | AH14: x | AI14: =COUNTIF(D14:AH14,"x") -> 27 | AJ14: =COUNTIF(D14:AH14,"cn") -> 4 | AK14: =COUNTIF(D14:AH14,"đ") -> 0 | AL14: =COUNTIF(D14:AH14,"đcn") -> 0 | AM14: =SUM(AI14:AL14) -> 31
A15: 5 | C15: =+'[5]TỔNG MỦ TẠP'!$B13 -> A Cơ | D15: x | E15: x | F15: x | G15: x | H15: x | I15: x | J15: cn | K15: x | L15: x | M15: x | N15: x | O15: x | P15: x | Q15: cn | R15: x | S15: x | T15: x | U15: x | V15: x | W15: x | X15: cn | Y15: x | Z15: x | AA15: x | AB15: x | AC15: x | AD15: x | AE15: cn | AF15: x | AG15: x | AH15: x | AI15: =COUNTIF(D15:AH15,"x") -> 27 | AJ15: =COUNTIF(D15:AH15,"cn") -> 4 | AK15: =COUNTIF(D15:AH15,"đ") -> 0 | AL15: =COUNTIF(D15:AH15,"đcn") -> 0 | AM15: =SUM(AI15:AL15) -> 31
A16: 6 | C16: =+'[5]TỔNG MỦ TẠP'!$B14 -> Phơ | D16: x | E16: x | F16: x | G16: x | H16: x | I16: x | J16: cn | K16: x | L16: x | M16: x | N16: x | O16: x | P16: x | R16: x | S16: x | T16: x | U16: x | V16: x | W16: x | Y16: x | Z16: x | AA16: x | AB16: x | AC16: x | AD16: x | AE16: cn | AF16: x | AG16: x | AH16: x | AI16: =COUNTIF(D16:AH16,"x") -> 27 | AJ16: =COUNTIF(D16:AH16,"cn") -> 2 | AK16: =COUNTIF(D16:AH16,"đ") -> 0 | AL16: =COUNTIF(D16:AH16,"đcn") -> 0 | AM16: =SUM(AI16:AL16) -> 29
A17: 7 | C17: =+'[5]TỔNG MỦ TẠP'!$B15 -> A phơ | D17: x | E17: x | F17: x | G17: x | H17: x | I17: x | J17: cn | K17: x | L17: x | M17: x | N17: x | O17: x | P17: x | Q17: cn | R17: x | S17: x | T17: x | U17: x | V17: x | W17: x | X17: cn | Y17: x | Z17: x | AA17: x | AB17: x | AC17: x | AD17: x | AE17: cn | AF17: x | AG17: x | AH17: x | AI17: =COUNTIF(D17:AH17,"x") -> 27 | AJ17: =COUNTIF(D17:AH17,"cn") -> 4 | AK17: =COUNTIF(D17:AH17,"đ") -> 0 | AL17: =COUNTIF(D17:AH17,"đcn") -> 0 | AM17: =SUM(AI17:AL17) -> 31
A18: 8 | C18: =+'[5]TỔNG MỦ TẠP'!$B16 -> Nang Đăm | D18: x | E18: x | F18: x | G18: x | H18: x | I18: x | J18: cn | K18: x | L18: x | M18: x | N18: x | O18: x | P18: x | Q18: cn | R18: x | S18: x | U18: x | V18: x | W18: x | X18: cn | Y18: x | Z18: x | AA18: x | AB18: x | AC18: x | AD18: x | AE18: cn | AF18: x | AG18: x | AH18: x | AI18: =COUNTIF(D18:AH18,"x") -> 26 | AJ18: =COUNTIF(D18:AH18,"cn") -> 4 | AK18: =COUNTIF(D18:AH18,"đ") -> 0 | AL18: =COUNTIF(D18:AH18,"đcn") -> 0 | AM18: =SUM(AI18:AL18) -> 30
A19: 9 | C19: =+'[5]TỔNG MỦ TẠP'!$B17 -> Nang Sun | D19: x | E19: x | F19: x | G19: x | H19: x | I19: x | J19: cn | K19: x | L19: x | M19: x | N19: x | O19: x | P19: x | Q19: cn | R19: x | S19: x | T19: x | U19: x | V19: x | W19: x | X19: cn | Y19: x | Z19: x | AA19: x | AB19: x | AC19: x | AD19: x | AE19: cn | AF19: x | AG19: x | AH19: x | AI19: =COUNTIF(D19:AH19,"x") -> 27 | AJ19: =COUNTIF(D19:AH19,"cn") -> 4 | AK19: =COUNTIF(D19:AH19,"đ") -> 0 | AL19: =COUNTIF(D19:AH19,"đcn") -> 0 | AM19: =SUM(AI19:AL19) -> 31
A20: 10 | C20: =+'[5]TỔNG MỦ TẠP'!$B18 -> A Nghen | D20: x | E20: x | F20: x | G20: x | I20: x | J20: cn | K20: x | L20: x | M20: x | N20: x | O20: x | P20: x | Q20: cn | R20: x | S20: x | T20: x | U20: x | X20: cn | Y20: x | Z20: x | AA20: x | AB20: x | AC20: x | AD20: x | AE20: cn | AF20: x | AG20: x | AH20: x | AI20: =COUNTIF(D20:AH20,"x") -> 24 | AJ20: =COUNTIF(D20:AH20,"cn") -> 4 | AK20: =COUNTIF(D20:AH20,"đ") -> 0 | AL20: =COUNTIF(D20:AH20,"đcn") -> 0 | AM20: =SUM(AI20:AL20) -> 28
A21: 11 | C21: =+'[5]TỔNG MỦ TẠP'!$B19 -> Nguyễn Thị Thanh Trà | D21: x | E21: x | F21: x | G21: x | H21: x | I21: x | J21: cn | K21: x | L21: x | M21: x | N21: x | O21: x | P21: x | Q21: cn | R21: x | S21: x | T21: x | U21: x | V21: x | W21: x | X21: cn | Y21: x | Z21: x | AA21: x | AB21: x | AC21: x | AD21: x | AE21: cn | AF21: x | AG21: x | AH21: x | AI21: =COUNTIF(D21:AH21,"x") -> 27 | AJ21: =COUNTIF(D21:AH21,"cn") -> 4 | AK21: =COUNTIF(D21:AH21,"đ") -> 0 | AL21: =COUNTIF(D21:AH21,"đcn") -> 0 | AM21: =SUM(AI21:AL21) -> 31
A22: 12 | C22: =+'[5]TỔNG MỦ TẠP'!$B20 -> Phò Thít | D22: x | E22: x | F22: x | G22: x | H22: x | I22: x | J22: cn | K22: x | L22: x | M22: x | N22: x | O22: x | P22: x | Q22: cn | R22: x | S22: x | T22: x | U22: x | V22: x | W22: x | X22: cn | Y22: x | Z22: x | AA22: x | AB22: x | AC22: x | AD22: x | AE22: cn | AF22: x | AG22: x | AH22: x | AI22: =COUNTIF(D22:AH22,"x") -> 27 | AJ22: =COUNTIF(D22:AH22,"cn") -> 4 | AK22: =COUNTIF(D22:AH22,"đ") -> 0 | AL22: =COUNTIF(D22:AH22,"đcn") -> 0 | AM22: =SUM(AI22:AL22) -> 31
A23: 13 | C23: =+'[5]TỔNG MỦ TẠP'!$B21 -> A Bợp | D23: x | E23: x | F23: x | G23: x | H23: x | I23: x | J23: cn | K23: x | L23: x | M23: x | N23: x | O23: x | P23: x | Q23: cn | R23: x | S23: x | T23: x | U23: x | V23: x | W23: x | X23: cn | Y23: x | Z23: x | AA23: x | AB23: x | AC23: x | AD23: x | AE23: cn | AF23: x | AG23: x | AH23: x | AI23: =COUNTIF(D23:AH23,"x") -> 27 | AJ23: =COUNTIF(D23:AH23,"cn") -> 4 | AK23: =COUNTIF(D23:AH23,"đ") -> 0 | AL23: =COUNTIF(D23:AH23,"đcn") -> 0 | AM23: =SUM(AI23:AL23) -> 31
A24: 14 | C24: =+'[5]TỔNG MỦ TẠP'!$B22 -> A Khai | D24: x | E24: x | F24: x | G24: x | H24: x | I24: x | J24: cn | K24: x | L24: x | M24: x | N24: x | O24: x | P24: x | Q24: cn | R24: x | S24: x | T24: x | U24: x | V24: x | W24: x | X24: cn | Y24: x | Z24: x | AA24: x | AB24: x | AC24: x | AD24: x | AE24: cn | AF24: x | AG24: x | AH24: x | AI24: =COUNTIF(D24:AH24,"x") -> 27 | AJ24: =COUNTIF(D24:AH24,"cn") -> 4 | AK24: =COUNTIF(D24:AH24,"đ") -> 0 | AL24: =COUNTIF(D24:AH24,"đcn") -> 0 | AM24: =SUM(AI24:AL24) -> 31
A25: 15 | C25: =+'[5]TỔNG MỦ TẠP'!$B23 -> Võ Thị Nguyên | D25: x | E25: x | F25: x | G25: x | H25: x | I25: x | J25: cn | K25: x | L25: x | M25: x | N25: x | O25: x | P25: x | Q25: cn | R25: x | S25: x | T25: x | U25: x | V25: x | W25: x | X25: cn | Y25: x | Z25: x | AA25: x | AB25: x | AC25: x | AD25: x | AE25: cn | AF25: x | AG25: x | AH25: x | AI25: =COUNTIF(D25:AH25,"x") -> 27 | AJ25: =COUNTIF(D25:AH25,"cn") -> 4 | AK25: =COUNTIF(D25:AH25,"đ") -> 0 | AL25: =COUNTIF(D25:AH25,"đcn") -> 0 | AM25: =SUM(AI25:AL25) -> 31
A26: 16 | C26: =+'[5]TỔNG MỦ TẠP'!$B24 -> Tà Lọt | D26: x | E26: x | F26: x | G26: x | H26: x | I26: x | J26: cn | K26: x | L26: x | M26: x | N26: x | O26: x | P26: x | Q26: cn | S26: x | T26: x | U26: x | V26: x | W26: x | X26: cn | Y26: x | Z26: x | AA26: x | AB26: x | AC26: x | AD26: x | AE26: cn | AF26: x | AG26: x | AH26: x | AI26: =COUNTIF(D26:AH26,"x") -> 26 | AJ26: =COUNTIF(D26:AH26,"cn") -> 4 | AK26: =COUNTIF(D26:AH26,"đ") -> 0 | AL26: =COUNTIF(D26:AH26,"đcn") -> 0 | AM26: =SUM(AI26:AL26) -> 30
A27: 17 | C27: =+'[5]TỔNG MỦ TẠP'!$B25 -> A Han | D27: x | E27: x | F27: x | H27: x | I27: x | J27: cn | K27: x | L27: x | M27: x | N27: x | O27: x | P27: x | Q27: cn | R27: x | S27: x | T27: x | U27: x | X27: cn | Y27: x | Z27: x | AA27: x | AB27: x | AC27: x | AD27: x | AE27: cn | AF27: x | AG27: x | AH27: x | AI27: =COUNTIF(D27:AH27,"x") -> 24 | AJ27: =COUNTIF(D27:AH27,"cn") -> 4 | AK27: =COUNTIF(D27:AH27,"đ") -> 0 | AL27: =COUNTIF(D27:AH27,"đcn") -> 0 | AM27: =SUM(AI27:AL27) -> 28
A28: 18 | C28: =+'[5]TỔNG MỦ TẠP'!$B26 -> A Nút | D28: x | E28: x | F28: x | G28: x | H28: x | I28: x | J28: cn | K28: x | L28: x | M28: x | N28: x | O28: x | P28: x | Q28: cn | R28: x | S28: x | T28: x | U28: x | V28: x | W28: x | X28: cn | Y28: x | Z28: x | AA28: x | AB28: x | AC28: x | AD28: x | AE28: cn | AF28: x | AG28: x | AH28: x | AI28: =COUNTIF(D28:AH28,"x") -> 27 | AJ28: =COUNTIF(D28:AH28,"cn") -> 4 | AK28: =COUNTIF(D28:AH28,"đ") -> 0 | AL28: =COUNTIF(D28:AH28,"đcn") -> 0 | AM28: =SUM(AI28:AL28) -> 31
A29: 19 | C29: =+'[5]TỔNG MỦ TẠP'!$B27 -> Thảo Buôn | D29: x | E29: x | F29: x | G29: x | H29: x | I29: x | J29: cn | K29: x | L29: x | M29: x | N29: x | O29: x | P29: x | Q29: cn | R29: x | S29: x | T29: x | U29: x | V29: x | X29: cn | Y29: x | Z29: x | AA29: x | AB29: x | AC29: x | AD29: x | AE29: cn | AF29: x | AG29: x | AH29: x | AI29: =COUNTIF(D29:AH29,"x") -> 26 | AJ29: =COUNTIF(D29:AH29,"cn") -> 4 | AK29: =COUNTIF(D29:AH29,"đ") -> 0 | AL29: =COUNTIF(D29:AH29,"đcn") -> 0 | AM29: =SUM(AI29:AL29) -> 30
A30: 20 | C30: =+'[5]TỔNG MỦ TẠP'!$B28 -> Phò Lấp | D30: x | E30: x | F30: x | G30: x | H30: x | I30: x | J30: cn | K30: x | L30: x | M30: x | N30: x | O30: x | P30: x | Q30: cn | R30: x | S30: x | T30: x | U30: x | W30: x | X30: cn | Y30: x | Z30: x | AA30: x | AB30: x | AC30: x | AD30: x | AE30: cn | AF30: x | AG30: x | AH30: x | AI30: =COUNTIF(D30:AH30,"x") -> 26 | AJ30: =COUNTIF(D30:AH30,"cn") -> 4 | AK30: =COUNTIF(D30:AH30,"đ") -> 0 | AL30: =COUNTIF(D30:AH30,"đcn") -> 0 | AM30: =SUM(AI30:AL30) -> 30
A31: 21 | C31: =+'[5]TỔNG MỦ TẠP'!$B29 -> Phò Nhạc | D31: x | E31: x | F31: x | G31: x | H31: x | I31: x | J31: cn | K31: x | L31: x | M31: x | N31: x | O31: x | P31: x | Q31: cn | R31: x | S31: x | T31: x | U31: x | V31: x | W31: x | X31: cn | Y31: x | Z31: x | AA31: x | AB31: x | AC31: x | AD31: x | AE31: cn | AF31: x | AG31: x | AH31: x | AI31: =COUNTIF(D31:AH31,"x") -> 27 | AJ31: =COUNTIF(D31:AH31,"cn") -> 4 | AK31: =COUNTIF(D31:AH31,"đ") -> 0 | AL31: =COUNTIF(D31:AH31,"đcn") -> 0 | AM31: =SUM(AI31:AL31) -> 31
A32: 22 | C32: =+'[5]TỔNG MỦ TẠP'!$B30 -> Nang Nọi | D32: x | E32: x | F32: x | G32: x | H32: x | I32: x | J32: cn | K32: x | L32: x | M32: x | O32: x | P32: x | Q32: cn | R32: x | S32: x | T32: x | U32: x | V32: x | W32: x | X32: cn | Z32: x | AA32: x | AB32: x | AC32: x | AD32: x | AE32: cn | AF32: x | AH32: x | AI32: =COUNTIF(D32:AH32,"x") -> 24 | AJ32: =COUNTIF(D32:AH32,"cn") -> 4 | AK32: =COUNTIF(D32:AH32,"đ") -> 0 | AL32: =COUNTIF(D32:AH32,"đcn") -> 0 | AM32: =SUM(AI32:AL32) -> 28
A33: 23 | C33: =+'[5]TỔNG MỦ TẠP'!$B31 -> Húc | D33: x | E33: x | F33: x | G33: x | H33: x | I33: x | J33: cn | K33: x | L33: x | M33: x | N33: x | O33: x | P33: x | Q33: cn | R33: x | S33: x | T33: x | U33: x | W33: x | X33: cn | Y33: x | Z33: x | AA33: x | AB33: x | AC33: x | AD33: x | AE33: cn | AF33: x | AG33: x | AH33: x | AI33: =COUNTIF(D33:AH33,"x") -> 26 | AJ33: =COUNTIF(D33:AH33,"cn") -> 4 | AK33: =COUNTIF(D33:AH33,"đ") -> 0 | AL33: =COUNTIF(D33:AH33,"đcn") -> 0 | AM33: =SUM(AI33:AL33) -> 30
A34: 24 | C34: =+'[5]TỔNG MỦ TẠP'!$B32 -> A Côm | D34: x | E34: x | F34: x | G34: x | H34: x | I34: x | J34: cn | K34: x | L34: x | M34: x | N34: x | O34: x | P34: x | Q34: cn | R34: x | S34: x | T34: x | U34: x | V34: x | W34: x | X34: cn | Y34: x | Z34: x | AA34: x | AB34: x | AC34: x | AD34: x | AE34: cn | AF34: x | AG34: x | AH34: x | AI34: =COUNTIF(D34:AH34,"x") -> 27 | AJ34: =COUNTIF(D34:AH34,"cn") -> 4 | AK34: =COUNTIF(D34:AH34,"đ") -> 0 | AL34: =COUNTIF(D34:AH34,"đcn") -> 0 | AM34: =SUM(AI34:AL34) -> 31
A35: 25 | C35: =+'[5]TỔNG MỦ TẠP'!$B33 -> Nang Phen | D35: x | E35: x | F35: x | G35: x | H35: x | I35: x | J35: cn | K35: x | L35: x | M35: x | N35: x | O35: x | P35: x | Q35: cn | R35: x | S35: x | T35: x | U35: x | V35: x | W35: x | X35: cn | Y35: x | Z35: x | AA35: x | AB35: x | AC35: x | AD35: x | AE35: cn | AF35: x | AG35: x | AH35: x | AI35: =COUNTIF(D35:AH35,"x") -> 27 | AJ35: =COUNTIF(D35:AH35,"cn") -> 4 | AK35: =COUNTIF(D35:AH35,"đ") -> 0 | AL35: =COUNTIF(D35:AH35,"đcn") -> 0 | AM35: =SUM(AI35:AL35) -> 31
A36: 26 | C36: =+'[5]TỔNG MỦ TẠP'!$B34 -> Thảo Đuôn | D36: x | E36: x | F36: x | G36: x | H36: x | I36: x | J36: cn | K36: x | L36: x | M36: x | N36: x | O36: x | P36: x | Q36: cn | R36: x | S36: x | T36: x | U36: x | V36: x | W36: x | X36: cn | Y36: x | Z36: x | AA36: x | AB36: x | AC36: x | AD36: x | AE36: cn | AF36: x | AG36: x | AH36: x | AI36: =COUNTIF(D36:AH36,"x") -> 27 | AJ36: =COUNTIF(D36:AH36,"cn") -> 4 | AK36: =COUNTIF(D36:AH36,"đ") -> 0 | AL36: =COUNTIF(D36:AH36,"đcn") -> 0 | AM36: =SUM(AI36:AL36) -> 31
A37: 27 | C37: =+'[5]TỔNG MỦ TẠP'!$B35 -> A Rơ | D37: x | E37: x | F37: x | G37: x | H37: x | I37: x | J37: cn | K37: x | L37: x | M37: x | N37: x | O37: x | P37: x | Q37: cn | R37: x | S37: x | T37: x | U37: x | V37: x | W37: x | X37: cn | Y37: x | Z37: x | AA37: x | AB37: x | AC37: x | AD37: x | AE37: cn | AF37: x | AG37: x | AH37: x | AI37: =COUNTIF(D37:AH37,"x") -> 27 | AJ37: =COUNTIF(D37:AH37,"cn") -> 4 | AK37: =COUNTIF(D37:AH37,"đ") -> 0 | AL37: =COUNTIF(D37:AH37,"đcn") -> 0 | AM37: =SUM(AI37:AL37) -> 31
A38: 28 | C38: =+'[5]TỔNG MỦ TẠP'!$B36 -> Thảo Xâm | D38: x | E38: x | F38: x | G38: x | H38: x | I38: x | J38: cn | K38: x | L38: x | M38: x | N38: x | O38: x | P38: x | Q38: cn | R38: x | S38: x | T38: x | U38: x | V38: x | W38: x | X38: cn | Y38: x | Z38: x | AA38: x | AB38: x | AC38: x | AD38: x | AE38: cn | AF38: x | AG38: x | AH38: x | AI38: =COUNTIF(D38:AH38,"x") -> 27 | AJ38: =COUNTIF(D38:AH38,"cn") -> 4 | AK38: =COUNTIF(D38:AH38,"đ") -> 0 | AL38: =COUNTIF(D38:AH38,"đcn") -> 0 | AM38: =SUM(AI38:AL38) -> 31
A39: 29 | C39: =+'[5]TỔNG MỦ TẠP'!$B37 -> Thảo Anh | D39: x | E39: x | F39: x | G39: x | H39: x | I39: x | J39: cn | K39: x | L39: x | M39: x | N39: x | O39: x | P39: x | Q39: cn | R39: x | S39: x | T39: x | U39: x | V39: x | W39: x | X39: cn | Y39: x | Z39: x | AA39: x | AB39: x | AC39: x | AD39: x | AE39: cn | AF39: x | AG39: x | AH39: x | AI39: =COUNTIF(D39:AH39,"x") -> 27 | AJ39: =COUNTIF(D39:AH39,"cn") -> 4 | AK39: =COUNTIF(D39:AH39,"đ") -> 0 | AL39: =COUNTIF(D39:AH39,"đcn") -> 0 | AM39: =SUM(AI39:AL39) -> 31
A40: 30 | C40: =+'[5]TỔNG MỦ TẠP'!$B38 -> Nang Banh | D40: x | E40: x | F40: x | G40: x | H40: x | I40: x | J40: cn | K40: x | L40: x | M40: x | N40: x | O40: x | P40: x | Q40: cn | R40: x | S40: x | T40: x | U40: x | V40: x | W40: x | X40: cn | Y40: x | Z40: x | AA40: x | AB40: x | AC40: x | AD40: x | AE40: cn | AF40: x | AG40: x | AH40: x | AI40: =COUNTIF(D40:AH40,"x") -> 27 | AJ40: =COUNTIF(D40:AH40,"cn") -> 4 | AK40: =COUNTIF(D40:AH40,"đ") -> 0 | AL40: =COUNTIF(D40:AH40,"đcn") -> 0 | AM40: =SUM(AI40:AL40) -> 31
A41: 31 | C41: =+'[5]TỔNG MỦ TẠP'!$B39 -> Thảo Boi | D41: x | E41: x | F41: x | G41: x | H41: x | I41: x | J41: cn | K41: x | L41: x | M41: x | N41: x | O41: x | P41: x | Q41: cn | R41: x | S41: x | T41: x | U41: x | V41: x | W41: x | X41: cn | Y41: x | Z41: x | AA41: x | AB41: x | AC41: x | AD41: x | AE41: cn | AF41: x | AG41: x | AH41: x | AI41: =COUNTIF(D41:AH41,"x") -> 27 | AJ41: =COUNTIF(D41:AH41,"cn") -> 4 | AK41: =COUNTIF(D41:AH41,"đ") -> 0 | AL41: =COUNTIF(D41:AH41,"đcn") -> 0 | AM41: =SUM(AI41:AL41) -> 31
A42: 32 | C42: =+'[5]TỔNG MỦ TẠP'!$B40 -> Cha Lơ | D42: x | E42: x | F42: x | G42: x | H42: x | I42: x | J42: cn | K42: x | L42: x | M42: x | N42: x | O42: x | P42: x | Q42: cn | R42: x | S42: x | T42: x | U42: x | W42: x | X42: cn | Y42: x | Z42: x | AA42: x | AB42: x | AC42: x | AD42: x | AE42: cn | AF42: x | AG42: x | AH42: x | AI42: =COUNTIF(D42:AH42,"x") -> 26 | AJ42: =COUNTIF(D42:AH42,"cn") -> 4 | AK42: =COUNTIF(D42:AH42,"đ") -> 0 | AL42: =COUNTIF(D42:AH42,"đcn") -> 0 | AM42: =SUM(AI42:AL42) -> 30
A43: 33 | C43: =+'[5]TỔNG MỦ TẠP'!$B41 -> Nang Cung | D43: x | E43: x | F43: x | G43: x | H43: x | I43: x | K43: x | L43: x | M43: x | N43: x | O43: x | P43: x | Q43: cn | R43: x | S43: x | T43: x | U43: x | V43: x | W43: x | X43: cn | Y43: x | AA43: x | AB43: x | AC43: x | AD43: x | AF43: x | AG43: x | AI43: =COUNTIF(D43:AH43,"x") -> 25 | AJ43: =COUNTIF(D43:AH43,"cn") -> 2 | AK43: =COUNTIF(D43:AH43,"đ") -> 0 | AL43: =COUNTIF(D43:AH43,"đcn") -> 0 | AM43: =SUM(AI43:AL43) -> 27
A44: 34 | C44: =+'[5]TỔNG MỦ TẠP'!$B42 -> Thảo Xen | D44: x | E44: x | F44: x | G44: x | H44: x | I44: x | J44: cn | K44: x | L44: x | M44: x | N44: x | O44: x | P44: x | Q44: cn | R44: x | S44: x | T44: x | U44: x | V44: x | W44: x | X44: cn | Y44: x | Z44: x | AA44: x | AB44: x | AC44: x | AD44: x | AE44: cn | AF44: x | AG44: x | AH44: x | AI44: =COUNTIF(D44:AH44,"x") -> 27 | AJ44: =COUNTIF(D44:AH44,"cn") -> 4 | AK44: =COUNTIF(D44:AH44,"đ") -> 0 | AL44: =COUNTIF(D44:AH44,"đcn") -> 0 | AM44: =SUM(AI44:AL44) -> 31
A45: 35 | C45: =+'[5]TỔNG MỦ TẠP'!$B43 -> Phò Nhuận | D45: x | E45: x | G45: x | H45: x | J45: cn | N45: x | P45: x | Q45: cn | R45: x | T45: x | V45: x | X45: cn | Y45: x | Z45: x | AE45: cn | AG45: x | AH45: x | AI45: =COUNTIF(D45:AH45,"x") -> 13 | AJ45: =COUNTIF(D45:AH45,"cn") -> 4 | AK45: =COUNTIF(D45:AH45,"đ") -> 0 | AL45: =COUNTIF(D45:AH45,"đcn") -> 0 | AM45: =SUM(AI45:AL45) -> 17
A46: 36 | B46: 1 | C46: =+'[6]CHẤM CÔNG'!$B9 -> Nàng Pong | D46: x | E46: x | F46: x | G46: x | H46: x | I46: x | J46: cn | K46: x | L46: x | M46: x | N46: x | O46: x | P46: x | Q46: đcn | R46: x | S46: x | T46: x | U46: x | V46: x | W46: x | X46: cn | Y46: x | Z46: đ | AA46: x | AB46: x | AC46: x | AD46: x | AE46: cn | AF46: x | AG46: x | AH46: x | AI46: =COUNTIF(D46:AH46,"x") -> 26 | AJ46: =COUNTIF(D46:AH46,"cn") -> 3 | AK46: =COUNTIF(D46:AH46,"đ") -> 1 | AL46: =COUNTIF(D46:AH46,"đcn") -> 1 | AM46: =SUM(AI46:AL46) -> 31
A47: 37 | B47: 2 | C47: =+'[6]CHẤM CÔNG'!$B10 -> Thảo Ơ | D47: x | E47: x | F47: x | G47: x | H47: x | I47: x | J47: cn | K47: x | L47: x | M47: x | N47: x | O47: x | P47: x | Q47: đcn | R47: x | S47: x | T47: x | U47: x | V47: x | W47: x | X47: cn | Y47: x | Z47: đ | AA47: x | AB47: x | AC47: x | AD47: x | AE47: cn | AF47: x | AG47: x | AH47: x | AI47: =COUNTIF(D47:AH47,"x") -> 26 | AJ47: =COUNTIF(D47:AH47,"cn") -> 3 | AK47: =COUNTIF(D47:AH47,"đ") -> 1 | AL47: =COUNTIF(D47:AH47,"đcn") -> 1 | AM47: =SUM(AI47:AL47) -> 31
A48: 38 | B48: 3 | C48: =+'[6]CHẤM CÔNG'!$B11 -> Thảo Ui | D48: x | E48: x | F48: x | G48: x | H48: x | I48: x | J48: cn | K48: x | L48: x | M48: x | N48: x | O48: x | P48: x | Q48: đcn | R48: x | S48: x | T48: x | U48: x | V48: x | W48: x | X48: cn | Y48: x | Z48: đ | AA48: x | AB48: x | AC48: x | AD48: x | AE48: cn | AF48: x | AG48: x | AH48: x | AI48: =COUNTIF(D48:AH48,"x") -> 26 | AJ48: =COUNTIF(D48:AH48,"cn") -> 3 | AK48: =COUNTIF(D48:AH48,"đ") -> 1 | AL48: =COUNTIF(D48:AH48,"đcn") -> 1 | AM48: =SUM(AI48:AL48) -> 31
A49: 39 | B49: 4 | C49: =+'[6]CHẤM CÔNG'!$B12 -> Thảo Xoan Chay | D49: x | E49: x | F49: x | G49: x | H49: x | I49: x | J49: cn | K49: x | L49: x | M49: x | N49: x | O49: x | P49: x | Q49: đcn | R49: x | S49: x | T49: x | U49: x | V49: x | W49: x | X49: cn | Y49: x | Z49: đ | AA49: x | AB49: x | AC49: x | AD49: x | AE49: cn | AF49: x | AG49: x | AH49: x | AI49: =COUNTIF(D49:AH49,"x") -> 26 | AJ49: =COUNTIF(D49:AH49,"cn") -> 3 | AK49: =COUNTIF(D49:AH49,"đ") -> 1 | AL49: =COUNTIF(D49:AH49,"đcn") -> 1 | AM49: =SUM(AI49:AL49) -> 31
A50: 40 | B50: 5 | C50: =+'[6]CHẤM CÔNG'!$B13 -> Nàng Út | D50: x | E50: x | F50: x | G50: x | H50: x | I50: x | J50: cn | K50: x | L50: x | M50: x | N50: x | O50: x | P50: x | Q50: đcn | R50: x | S50: x | T50: x | U50: x | V50: x | W50: x | X50: cn | Y50: x | Z50: đ | AA50: x | AB50: x | AC50: x | AD50: x | AE50: cn | AF50: x | AG50: x | AH50: x | AI50: =COUNTIF(D50:AH50,"x") -> 26 | AJ50: =COUNTIF(D50:AH50,"cn") -> 3 | AK50: =COUNTIF(D50:AH50,"đ") -> 1 | AL50: =COUNTIF(D50:AH50,"đcn") -> 1 | AM50: =SUM(AI50:AL50) -> 31
A51: 41 | B51: 6 | C51: =+'[6]CHẤM CÔNG'!$B14 -> Thảo Phôn Xay | D51: x | E51: x | F51: x | G51: x | H51: x | I51: x | J51: cn | K51: x | L51: x | M51: x | N51: x | O51: x | P51: x | Q51: đcn | R51: x | S51: x | T51: x | U51: x | V51: x | W51: x | X51: cn | Y51: x | Z51: đ | AA51: x | AB51: x | AC51: x | AD51: x | AE51: cn | AF51: x | AG51: x | AH51: x | AI51: =COUNTIF(D51:AH51,"x") -> 26 | AJ51: =COUNTIF(D51:AH51,"cn") -> 3 | AK51: =COUNTIF(D51:AH51,"đ") -> 1 | AL51: =COUNTIF(D51:AH51,"đcn") -> 1 | AM51: =SUM(AI51:AL51) -> 31
A52: 42 | B52: 7 | C52: =+'[6]CHẤM CÔNG'!$B15 -> Nàng Phêng | D52: x | E52: x | F52: x | G52: x | H52: x | I52: x | J52: cn | K52: x | L52: x | M52: x | N52: x | O52: x | P52: x | Q52: đcn | R52: x | S52: x | T52: x | U52: x | V52: x | W52: x | X52: cn | Y52: x | Z52: đ | AA52: x | AB52: x | AC52: x | AD52: x | AE52: cn | AF52: x | AG52: x | AH52: x | AI52: =COUNTIF(D52:AH52,"x") -> 26 | AJ52: =COUNTIF(D52:AH52,"cn") -> 3 | AK52: =COUNTIF(D52:AH52,"đ") -> 1 | AL52: =COUNTIF(D52:AH52,"đcn") -> 1 | AM52: =SUM(AI52:AL52) -> 31
A53: 43 | B53: 8 | C53: =+'[6]CHẤM CÔNG'!$B16 -> Thảo Phíc | D53: x | E53: x | F53: x | G53: x | H53: x | I53: x | J53: cn | K53: x | L53: x | M53: x | N53: x | O53: x | P53: x | Q53: đcn | R53: x | S53: x | T53: x | U53: x | V53: x | W53: x | X53: cn | Y53: x | Z53: đ | AA53: x | AB53: x | AC53: x | AD53: x | AE53: cn | AF53: x | AG53: x | AH53: x | AI53: =COUNTIF(D53:AH53,"x") -> 26 | AJ53: =COUNTIF(D53:AH53,"cn") -> 3 | AK53: =COUNTIF(D53:AH53,"đ") -> 1 | AL53: =COUNTIF(D53:AH53,"đcn") -> 1 | AM53: =SUM(AI53:AL53) -> 31
A54: 44 | B54: 9 | C54: =+'[6]CHẤM CÔNG'!$B17 -> Nàng Chai | D54: x | E54: x | F54: x | G54: x | H54: x | I54: x | J54: cn | K54: x | L54: x | M54: x | N54: x | O54: x | P54: x | Q54: đcn | R54: x | S54: x | T54: x | U54: x | V54: x | W54: x | X54: cn | Y54: x | Z54: đ | AA54: x | AB54: x | AC54: x | AD54: x | AE54: cn | AF54: x | AG54: x | AH54: x | AI54: =COUNTIF(D54:AH54,"x") -> 26 | AJ54: =COUNTIF(D54:AH54,"cn") -> 3 | AK54: =COUNTIF(D54:AH54,"đ") -> 1 | AL54: =COUNTIF(D54:AH54,"đcn") -> 1 | AM54: =SUM(AI54:AL54) -> 31
A55: 45 | B55: 10 | C55: =+'[6]CHẤM CÔNG'!$B18 -> Thảo Viêng | D55: x | E55: x | F55: x | G55: x | H55: x | I55: x | J55: cn | K55: x | L55: x | M55: x | N55: x | O55: x | P55: x | Q55: đcn | R55: x | S55: x | T55: x | U55: x | V55: x | W55: x | X55: cn | Y55: x | Z55: đ | AA55: x | AB55: x | AC55: x | AD55: x | AE55: cn | AF55: x | AG55: x | AH55: x | AI55: =COUNTIF(D55:AH55,"x") -> 26 | AJ55: =COUNTIF(D55:AH55,"cn") -> 3 | AK55: =COUNTIF(D55:AH55,"đ") -> 1 | AL55: =COUNTIF(D55:AH55,"đcn") -> 1 | AM55: =SUM(AI55:AL55) -> 31
A56: 46 | B56: 11 | C56: =+'[6]CHẤM CÔNG'!$B19 -> Thảo Xượm | D56: x | E56: x | F56: x | G56: x | H56: x | I56: x | J56: cn | K56: x | L56: x | M56: x | N56: x | O56: x | P56: x | Q56: đcn | R56: x | S56: x | T56: x | U56: x | V56: x | W56: x | X56: cn | Y56: x | Z56: đ | AA56: x | AB56: x | AC56: x | AD56: x | AE56: cn | AF56: x | AG56: x | AH56: x | AI56: =COUNTIF(D56:AH56,"x") -> 26 | AJ56: =COUNTIF(D56:AH56,"cn") -> 3 | AK56: =COUNTIF(D56:AH56,"đ") -> 1 | AL56: =COUNTIF(D56:AH56,"đcn") -> 1 | AM56: =SUM(AI56:AL56) -> 31
A57: 47 | B57: 12 | C57: =+'[6]CHẤM CÔNG'!$B20 -> Thảo Tích | D57: x | E57: x | F57: x | G57: x | H57: x | I57: x | J57: cn | K57: x | L57: x | M57: x | N57: x | O57: x | P57: x | Q57: đcn | R57: x | S57: x | T57: x | U57: x | V57: x | W57: x | X57: cn | Y57: x | Z57: đ | AA57: x | AB57: x | AC57: x | AD57: x | AE57: cn | AF57: x | AG57: x | AH57: x | AI57: =COUNTIF(D57:AH57,"x") -> 26 | AJ57: =COUNTIF(D57:AH57,"cn") -> 3 | AK57: =COUNTIF(D57:AH57,"đ") -> 1 | AL57: =COUNTIF(D57:AH57,"đcn") -> 1 | AM57: =SUM(AI57:AL57) -> 31
... A82: 72 | B82: 37 | C82: =+'[6]CHẤM CÔNG'!$B45 -> Nàng Lun | D82: x | E82: x | F82: x | G82: x | H82: x | I82: x | J82: cn | K82: x | L82: x | M82: x | N82: x | O82: x | P82: x | Q82: đcn | R82: x | S82: x | T82: x | U82: x | V82: x | W82: x | X82: cn | Y82: x | Z82: đ | AA82: x | AB82: x | AC82: x | AD82: x | AE82: cn | AF82: x | AG82: x | AH82: x | AI82: =COUNTIF(D82:AH82,"x") -> 26 | AJ82: =COUNTIF(D82:AH82,"cn") -> 3 | AK82: =COUNTIF(D82:AH82,"đ") -> 1 | AL82: =COUNTIF(D82:AH82,"đcn") -> 1 | AM82: =SUM(AI82:AL82) -> 31
A83: 73 | B83: 38 | C83: =+'[6]CHẤM CÔNG'!$B46 -> Thảo Vong | D83: x | E83: x | F83: x | G83: x | H83: x | I83: x | J83: cn | K83: x | L83: x | M83: x | N83: x | O83: x | P83: x | Q83: đcn | R83: x | S83: x | T83: x | U83: x | V83: x | W83: x | X83: cn | Y83: x | Z83: đ | AA83: x | AB83: x | AC83: x | AD83: x | AE83: cn | AF83: x | AG83: x | AH83: x | AI83: =COUNTIF(D83:AH83,"x") -> 26 | AJ83: =COUNTIF(D83:AH83,"cn") -> 3 | AK83: =COUNTIF(D83:AH83,"đ") -> 1 | AL83: =COUNTIF(D83:AH83,"đcn") -> 1 | AM83: =SUM(AI83:AL83) -> 31 | AP83: công | AQ83: đúp | AR83: đúp cn | AS83: tổng
A84: 74 | B84: 39 | C84: =+'[6]CHẤM CÔNG'!$B47 -> Nàng Veng | D84: x | E84: x | F84: x | G84: x | H84: x | I84: x | J84: cn | K84: x | L84: x | M84: x | N84: x | O84: x | P84: x | Q84: đcn | R84: x | S84: x | T84: x | U84: x | V84: x | W84: x | X84: cn | Y84: x | Z84: đ | AA84: x | AB84: x | AC84: x | AD84: x | AE84: cn | AF84: x | AG84: x | AH84: x | AI84: =COUNTIF(D84:AH84,"x") -> 26 | AJ84: =COUNTIF(D84:AH84,"cn") -> 3 | AK84: =COUNTIF(D84:AH84,"đ") -> 1 | AL84: =COUNTIF(D84:AH84,"đcn") -> 1 | AM84: =SUM(AI84:AL84) -> 31 | AP84: =SUM(AM11:AM45) -> 1045 | AQ84: =+SUM(AK11:AK45)+SUM(AL11:AL45) -> 0 | AS84: =+AP84+AQ84 -> 1045 | AT84: tr1
A85: 75 | B85: 40 | C85: =+'[6]CHẤM CÔNG'!$B48 -> Thảo Đuông Chăn | D85: x | E85: x | F85: x | G85: x | H85: x | I85: x | J85: cn | K85: x | L85: x | M85: x | N85: x | O85: x | P85: x | Q85: đcn | R85: x | S85: x | T85: x | U85: x | V85: x | W85: x | X85: cn | Y85: x | Z85: đ | AA85: x | AB85: x | AC85: x | AD85: x | AE85: cn | AF85: x | AG85: x | AH85: x | AI85: =COUNTIF(D85:AH85,"x") -> 26 | AJ85: =COUNTIF(D85:AH85,"cn") -> 3 | AK85: =COUNTIF(D85:AH85,"đ") -> 1 | AL85: =COUNTIF(D85:AH85,"đcn") -> 1 | AM85: =SUM(AI85:AL85) -> 31 | AP85: =+SUM(AM46:AM88) -> 1333 | AQ85: =+SUM(AK46:AK88) -> 43 | AR85: =+SUM(AL46:AL88) -> 43 | AS85: =+AP85+AQ85+AR85 -> 1419 | AT85: tr2
A86: 76 | B86: 41 | C86: =+'[6]CHẤM CÔNG'!$B49 -> Nàng Peng | D86: x | E86: x | F86: x | G86: x | H86: x | I86: x | J86: cn | K86: x | L86: x | M86: x | N86: x | O86: x | P86: x | Q86: đcn | R86: x | S86: x | T86: x | U86: x | V86: x | W86: x | X86: cn | Y86: x | Z86: đ | AA86: x | AB86: x | AC86: x | AD86: x | AE86: cn | AF86: x | AG86: x | AH86: x | AI86: =COUNTIF(D86:AH86,"x") -> 26 | AJ86: =COUNTIF(D86:AH86,"cn") -> 3 | AK86: =COUNTIF(D86:AH86,"đ") -> 1 | AL86: =COUNTIF(D86:AH86,"đcn") -> 1 | AM86: =SUM(AI86:AL86) -> 31 | AS86: =SUM(AS84:AS85) -> 2464 | AT86: tổng đội
A87: 77 | B87: 42 | C87: =+'[6]CHẤM CÔNG'!$B50 -> Thảo Xay Tho | D87: x | E87: x | F87: x | G87: x | H87: x | I87: x | J87: cn | K87: x | L87: x | M87: x | N87: x | O87: x | P87: x | Q87: đcn | R87: x | S87: x | T87: x | U87: x | V87: x | W87: x | X87: cn | Y87: x | Z87: đ | AA87: x | AB87: x | AC87: x | AD87: x | AE87: cn | AF87: x | AG87: x | AH87: x | AI87: =COUNTIF(D87:AH87,"x") -> 26 | AJ87: =COUNTIF(D87:AH87,"cn") -> 3 | AK87: =COUNTIF(D87:AH87,"đ") -> 1 | AL87: =COUNTIF(D87:AH87,"đcn") -> 1 | AM87: =SUM(AI87:AL87) -> 31
A88: 78 | B88: 43 | C88: =+'[6]CHẤM CÔNG'!$B51 -> Nàng Xia Lô | D88: x | E88: x | F88: x | G88: x | H88: x | I88: x | J88: cn | K88: x | L88: x | M88: x | N88: x | O88: x | P88: x | Q88: đcn | R88: x | S88: x | T88: x | U88: x | V88: x | W88: x | X88: cn | Y88: x | Z88: đ | AA88: x | AB88: x | AC88: x | AD88: x | AE88: cn | AF88: x | AG88: x | AH88: x | AI88: =COUNTIF(D88:AH88,"x") -> 26 | AJ88: =COUNTIF(D88:AH88,"cn") -> 3 | AK88: =COUNTIF(D88:AH88,"đ") -> 1 | AL88: =COUNTIF(D88:AH88,"đcn") -> 1 | AM88: =SUM(AI88:AL88) -> 31
A89: 79 | B89: 44 | C89: =+'[7]CHẤM CÔNG'!$B52 -> A Cơ | AI89: =COUNTIF(D89:AH89,"x") -> 0 | AJ89: =COUNTIF(D89:AH89,"cn") -> 0 | AK89: =COUNTIF(D89:AH89,"đ") -> 0 | AL89: =COUNTIF(D89:AH89,"đcn") -> 0 | AM89: =SUM(AI89:AL89) -> 0
A90: 80 | B90: 45 | C90: =+'[7]CHẤM CÔNG'!$B53 -> A Beo | AI90: =COUNTIF(D90:AH90,"x") -> 0 | AJ90: =COUNTIF(D90:AH90,"cn") -> 0 | AK90: =COUNTIF(D90:AH90,"đ") -> 0 | AL90: =COUNTIF(D90:AH90,"đcn") -> 0 | AM90: =SUM(AI90:AL90) -> 0
A91: 81 | B91: 46 | C91: =+'[7]CHẤM CÔNG'!$B54 -> A Bốt | AI91: =COUNTIF(D91:AH91,"x") -> 0 | AJ91: =COUNTIF(D91:AH91,"cn") -> 0 | AK91: =COUNTIF(D91:AH91,"đ") -> 0 | AL91: =COUNTIF(D91:AH91,"đcn") -> 0 | AM91: =SUM(AI91:AL91) -> 0
C92: TỔNG CỘNG | D92: =COUNTA(D11:D88) -> 77 | E92: =COUNTA(E11:E88) -> 77 | F92: =COUNTA(F11:F88) -> 77 | G92: =COUNTA(G11:G88) -> 77 | H92: =COUNTA(H11:H88) -> 77 | I92: =COUNTA(I11:I88) -> 77 | J92: =COUNTA(J11:J88) -> 77 | K92: =COUNTA(K11:K88) -> 77 | ... AH92: =COUNTA(AH11:AH88) -> 77 | AI92: =SUM(AI11:AI88) -> 2027 | AJ92: =SUM(AJ11:AJ88) -> 265 | AK92: =SUM(AK11:AK88) -> 43 | AL92: =SUM(AL11:AL88) -> 43 | AM92: =SUM(AM11:AM88) -> 2378 | AP92: cn | AQ92: =+E92+L92+S92+Z92+AG92 -> 385
C93: Ghi chú:
C94: x: Ngày công cạo thường | F94: đ: Ngày công cạo đúp | AI94: Huyện Noong, ngày 31 tháng 12 năm 2025
C95: cn: Ngày công cạo chủ nhật | F95: đcn: Ngày công cạo đúp chủ nhật
C96: đ: Ngày công cạo đúp
C97: đc: Ngày công chủ nhật đúp
C98: gt: Ngày công cạo 2 miệng
C99: ct: Ngày công cạo 2 miệng chủ nhật
C101: TỔNG GIÁM ĐỐC | I101: P. TC-HC | P101: P. QLKT | W101: P.P PHỤ TRÁCH | AE101: ĐỘI TRƯỞNG | AL101: NGƯỜI LẬP
F104: Cuối tháng chốt 1 bản, ký công nhân và các thành phần đầy đủ, đóng giáp lai. Hàng tháng đều kẹp vào cuốn sổ đủ 12 tháng đóng cuốn lại. (Vì lý do công nhân sẽ có lúc thay đổi nên ko thể đóng đầu năm từ tháng 1-12)
I118: Hồ Thị Thủy | W118: Hoàng Tấn Thảo | AE118: Trần Quang Thiện | AL118: Hồ Dũng Cảm

Sheet Biểu 2 TH MỦ TẠP
A1: CỘNG HÒA DÂN CHỦ NHÂN DÂN LÀO
A2: Hòa bình - Độc lập - Dân chủ - Thống nhất - Thịnh vượng
A3: ----oOo----
A4: CÔNG TY TNHH MTV QUASA-GERUCO LÀO
A5: ĐỘI SẢN XUẤT SỐ 6
A7: BẢNG THEO DÕI SẢN LƯỢNG MỦ TẠP THÁNG 12 NĂM 2025
AI8: Biểu 2
A9: Stt | C9: Họ và tên | D9: Ngày công | AI9: Tổng mủ tạp T12 | AJ9: DRC bình quân | AK9: Mủ tạp quy khô T12 | AL9: Tổng mủ tạp T12 | AM9: DRC bình quân T8 | AN9: Mủ quy khô truy lĩnh T12 | AO9: Tổng mủ quy khô trả lương | AP9: Xếp hạng kỹ thuật | AQ9: Ký tên CN
D10: 1 | E10: 2 | F10: 3 | G10: 4 | H10: 5 | I10: 6 | J10: 7 | K10: 8 | L10: 9 | M10: 10 | N10: 11 | O10: 12 | P10: 13 | Q10: 14 | R10: 15 | S10: 16 | T10: 17 | U10: 18 | V10: 19 | W10: 20 | X10: 21 | Y10: 22 | Z10: 23 | AA10: 24 | AB10: 25 | AC10: 26 | AD10: 27 | AE10: 28 | AF10: 29 | AG10: 30 | AH10: 31
A11: 1 | C11: =+'Biểu 1 TH CÔNG'!C11 -> Phò Thưng | D11: 71 | E11: 30 | F11: 46 | G11: 149 | H11: 53 | I11: 47 | J11: 77 | K11: 120 | L11: 80 | M11: 80 | N11: 82 | O11: 149 | P11: 114 | Q11: 64 | R11: 64 | S11: 140 | T11: 91 | U11: 56 | V11: 68 | W11: 138 | X11: 74 | Y11: 48 | Z11: 57 | AA11: 113 | AB11: 74 | AC11: 53 | AD11: 59 | AE11: 111 | AF11: 80 | AG11: 84 | AH11: 80 | AI11: =SUM(D11:AH11) -> 2552 | AJ11: =$AU$11 -> 40.312391 | AK11: =+AI11*$AU$11/100 -> 1028.7722 | AL11: =+AI11 -> 2552 | AM11: =$AV$11 -> 3.9348778 | AN11: =+AL11*$AV$11/100 -> 100.41808 | AO11: =+AK11+AN11 -> 1129.1903 | AP11: A | AT11: DRC | AU11: 40.312391 | AV11: =+AV13/AV12*100 -> 3.9348778
A12: 2 | C12: =+'Biểu 1 TH CÔNG'!C12 -> A Nhợp | D12: 105 | E12: 80 | F12: 70 | G12: 105 | H12: 100 | I12: 80 | J12: 90 | K12: 118 | L12: 90 | M12: 100 | N12: 80 | O12: 118 | P12: 100 | Q12: 88 | R12: 66 | S12: 112 | T12: 80 | U12: 90 | V12: 90 | W12: 112 | X12: 70 | Y12: 70 | Z12: 0 | AA12: 110 | AB12: 70 | AC12: 80 | AD12: 70 | AE12: 100 | AF12: 100 | AG12: 100 | AH12: 90 | AI12: =SUM(D12:AH12) -> 2734 | AJ12: =$AU$11 -> 40.312391 | AK12: =+AI12*$AU$11/100 -> 1102.1408 | AL12: =+AI12 -> 2734 | AM12: =$AV$11 -> 3.9348778 | AN12: =+AL12*$AV$11/100 -> 107.57956 | AO12: =+AK12+AN12 -> 1209.7203 | AP12: C | AT12: MỦ TẠP | AU12: =+AI88 -> 198539 | AV12: =+AL88 -> 198539
A13: 3 | C13: =+'Biểu 1 TH CÔNG'!C13 -> Van | D13: 163 | E13: 0 | F13: 52 | G13: 0 | H13: 0 | I13: 96 | J13: 80 | K13: 132 | L13: 200 | M13: 62 | N13: 0 | O13: 126 | P13: 96 | Q13: 55 | R13: 94 | S13: 89 | T13: 0 | U13: 50 | V13: 73 | W13: 0 | X13: 200 | Y13: 125 | Z13: 0 | AA13: 0 | AB13: 123 | AC13: 86 | AD13: 108 | AE13: 173 | AF13: 145 | AG13: 68 | AH13: 97 | AI13: =SUM(D13:AH13) -> 2493 | AJ13: =$AU$11 -> 40.312391 | AK13: =+AI13*$AU$11/100 -> 1004.9879 | AL13: =+AI13 -> 2493 | AM13: =$AV$11 -> 3.9348778 | AN13: =+AL13*$AV$11/100 -> 98.096503 | AO13: =+AK13+AN13 -> 1103.0844 | AP13: B | AT13: QUY KHÔ | AU13: 80035.817 | AV13: 7812.267
A14: 4 | C14: =+'Biểu 1 TH CÔNG'!C14 -> Thảo Khọt | D14: 111 | E14: 77 | F14: 111 | G14: 189 | H14: 120 | I14: 74 | J14: 107 | K14: 83 | L14: 113 | M14: 100 | N14: 100 | O14: 107 | P14: 111 | Q14: 85 | R14: 90 | S14: 97 | T14: 145 | U14: 85 | V14: 112 | W14: 80 | X14: 110 | Y14: 73 | Z14: 100 | AA14: 127 | AB14: 110 | AC14: 67 | AD14: 78 | AE14: 78 | AF14: 141 | AG14: 83 | AH14: 110 | AI14: =SUM(D14:AH14) -> 3174 | AJ14: =$AU$11 -> 40.312391 | AK14: =+AI14*$AU$11/100 -> 1279.5153 | AL14: =+AI14 -> 3174 | AM14: =$AV$11 -> 3.9348778 | AN14: =+AL14*$AV$11/100 -> 124.89302 | AO14: =+AK14+AN14 -> 1404.4083 | AP14: A
A15: 5 | C15: =+'Biểu 1 TH CÔNG'!C15 -> A Cơ | D15: 59 | E15: 47 | F15: 56 | G15: 87 | H15: 67 | I15: 49 | J15: 63 | K15: 101 | L15: 71 | M15: 77 | N15: 67 | O15: 104 | P15: 97 | Q15: 79 | R15: 79 | S15: 98 | T15: 86 | U15: 70 | V15: 79 | W15: 101 | X15: 79 | Y15: 72 | Z15: 61 | AA15: 95 | AB15: 76 | AC15: 75 | AD15: 73 | AE15: 97 | AF15: 81 | AG15: 92 | AH15: 79 | AI15: =SUM(D15:AH15) -> 2417 | AJ15: =$AU$11 -> 40.312391 | AK15: =+AI15*$AU$11/100 -> 974.35048 | AL15: =+AI15 -> 2417 | AM15: =$AV$11 -> 3.9348778 | AN15: =+AL15*$AV$11/100 -> 95.105996 | AO15: =+AK15+AN15 -> 1069.4565 | AP15: B
A16: 6 | C16: =+'Biểu 1 TH CÔNG'!C16 -> Phơ | D16: 58 | E16: 78 | F16: 68 | G16: 134 | H16: 53 | I16: 76 | J16: 88 | K16: 100 | L16: 73 | M16: 72 | N16: 60 | O16: 100 | P16: 85 | Q16: 65 | R16: 74 | S16: 103 | T16: 64 | U16: 80 | V16: 95 | W16: 0 | X16: 60 | Y16: 0 | Z16: 0 | AA16: 160 | AB16: 59 | AC16: 65 | AD16: 85 | AE16: 98 | AF16: 0 | AG16: 77 | AH16: 71 | AI16: =SUM(D16:AH16) -> 2201 | AJ16: =$AU$11 -> 40.312391 | AK16: =+AI16*$AU$11/100 -> 887.27572 | AL16: =+AI16 -> 2201 | AM16: =$AV$11 -> 3.9348778 | AN16: =+AL16*$AV$11/100 -> 86.60666 | AO16: =+AK16+AN16 -> 973.88238 | AP16: A
A17: 7 | C17: =+'Biểu 1 TH CÔNG'!C17 -> A phơ | D17: 97 | E17: 80 | F17: 70 | G17: 105 | H17: 100 | I17: 80 | J17: 90 | K17: 119 | L17: 90 | M17: 100 | N17: 80 | O17: 118 | P17: 100 | Q17: 88 | R17: 66 | S17: 112 | T17: 80 | U17: 90 | V17: 90 | W17: 112 | X17: 70 | Y17: 70 | Z17: 0 | AA17: 110 | AB17: 70 | AC17: 80 | AD17: 70 | AE17: 100 | AF17: 100 | AG17: 100 | AH17: 90 | AI17: =SUM(D17:AH17) -> 2727 | AJ17: =$AU$11 -> 40.312391 | AK17: =+AI17*$AU$11/100 -> 1099.3189 | AL17: =+AI17 -> 2727 | AM17: =$AV$11 -> 3.9348778 | AN17: =+AL17*$AV$11/100 -> 107.30412 | AO17: =+AK17+AN17 -> 1206.623 | AP17: B
A18: 8 | C18: =+'Biểu 1 TH CÔNG'!C18 -> Nang Đăm | D18: 0 | E18: 28 | F18: 56 | G18: 0 | H18: 110 | I18: 64 | J18: 85 | K18: 114 | L18: 52 | M18: 65 | N18: 58 | O18: 64 | P18: 65 | Q18: 51 | R18: 72 | S18: 0 | T18: 61 | U18: 57 | V18: 76 | W18: 96 | X18: 61 | Y18: 45 | Z18: 63 | AA18: 52 | AB18: 53 | AC18: 37 | AD18: 80 | AE18: 47 | AF18: 59 | AG18: 61 | AH18: 92 | AI18: =SUM(D18:AH18) -> 1824 | AJ18: =$AU$11 -> 40.312391 | AK18: =+AI18*$AU$11/100 -> 735.298 | AL18: =+AI18 -> 1824 | AM18: =$AV$11 -> 3.9348778 | AN18: =+AL18*$AV$11/100 -> 71.772171 | AO18: =+AK18+AN18 -> 807.07017 | AP18: B
A19: 9 | C19: =+'Biểu 1 TH CÔNG'!C19 -> Nang Sun | D19: 55 | E19: 0 | F19: 0 | G19: 80 | H19: 50 | I19: 69 | J19: 100 | K19: 161 | L19: 50 | M19: 66 | N19: 64 | O19: 108 | P19: 81 | Q19: 0 | R19: 76 | S19: 98 | T19: 57 | U19: 100 | V19: 100 | W19: 100 | X19: 62 | Y19: 66 | Z19: 89 | AA19: 85 | AB19: 57 | AC19: 53 | AD19: 82 | AE19: 100 | AF19: 90 | AG19: 50 | AH19: 168 | AI19: =SUM(D19:AH19) -> 2317 | AJ19: =$AU$11 -> 40.312391 | AK19: =+AI19*$AU$11/100 -> 934.03809 | AL19: =+AI19 -> 2317 | AM19: =$AV$11 -> 3.9348778 | AN19: =+AL19*$AV$11/100 -> 91.171118 | AO19: =+AK19+AN19 -> 1025.2092 | AP19: A
A20: 10 | C20: =+'Biểu 1 TH CÔNG'!C20 -> A Nghen | D20: 0 | E20: 0 | F20: 69 | G20: 0 | H20: 64 | I20: 96 | J20: 69 | K20: 112 | L20: 78 | M20: 73 | N20: 85 | O20: 83 | P20: 102 | Q20: 60 | R20: 82 | S20: 0 | T20: 80 | U20: 69 | V20: 0 | W20: 133 | X20: 77 | Y20: 0 | Z20: 0 | AA20: 76 | AB20: 74 | AC20: 0 | AD20: 133 | AE20: 72 | AF20: 74 | AG20: 116 | AH20: 67 | AI20: =SUM(D20:AH20) -> 1944 | AJ20: =$AU$11 -> 40.312391 | AK20: =+AI20*$AU$11/100 -> 783.67287 | AL20: =+AI20 -> 1944 | AM20: =$AV$11 -> 3.9348778 | AN20: =+AL20*$AV$11/100 -> 76.494024 | AO20: =+AK20+AN20 -> 860.1669 | AP20: A
A21: 11 | C21: =+'Biểu 1 TH CÔNG'!C21 -> Nguyễn Thị Thanh Trà | D21: 100 | E21: 0 | F21: 126 | G21: 100 | H21: 70 | I21: 120 | J21: 100 | K21: 135 | L21: 85 | M21: 100 | N21: 100 | O21: 120 | P21: 90 | Q21: 60 | R21: 100 | S21: 120 | T21: 80 | U21: 90 | V21: 110 | W21: 130 | X21: 100 | Y21: 80 | Z21: 120 | AA21: 118 | AB21: 85 | AC21: 75 | AD21: 95 | AE21: 110 | AF21: 115 | AG21: 95 | AH21: 110 | AI21: =SUM(D21:AH21) -> 3039 | AJ21: =$AU$11 -> 40.312391 | AK21: =+AI21*$AU$11/100 -> 1225.0935 | AL21: =+AI21 -> 3039 | AM21: =$AV$11 -> 3.9348778 | AN21: =+AL21*$AV$11/100 -> 119.58094 | AO21: =+AK21+AN21 -> 1344.6745 | AP21: A
A22: 12 | C22: =+'Biểu 1 TH CÔNG'!C22 -> Phò Thít | D22: 73 | E22: 93 | F22: 73 | G22: 106 | H22: 58 | I22: 81 | J22: 54 | K22: 96 | L22: 53 | M22: 85 | N22: 58 | O22: 127 | P22: 60 | Q22: 110 | R22: 82 | S22: 110 | T22: 78 | U22: 97 | V22: 83 | W22: 118 | X22: 71 | Y22: 70 | Z22: 77 | AA22: 116 | AB22: 57 | AC22: 79 | AD22: 53 | AE22: 132 | AF22: 87 | AG22: 90 | AH22: 84 | AI22: =SUM(D22:AH22) -> 2611 | AJ22: =$AU$11 -> 40.312391 | AK22: =+AI22*$AU$11/100 -> 1052.5565 | AL22: =+AI22 -> 2611 | AM22: =$AV$11 -> 3.9348778 | AN22: =+AL22*$AV$11/100 -> 102.73966 | AO22: =+AK22+AN22 -> 1155.2962 | AP22: A
A23: 13 | C23: =+'Biểu 1 TH CÔNG'!C23 -> A Bợp | D23: 126 | E23: 63 | F23: 138 | G23: 104 | H23: 48 | I23: 86 | J23: 130 | K23: 99 | L23: 86 | M23: 100 | N23: 130 | O23: 137 | P23: 115 | Q23: 89 | R23: 123 | S23: 101 | T23: 95 | U23: 90 | V23: 88 | W23: 118 | X23: 83 | Y23: 70 | Z23: 145 | AA23: 112 | AB23: 98 | AC23: 78 | AD23: 112 | AE23: 107 | AF23: 145 | AG23: 78 | AH23: 159 | AI23: =SUM(D23:AH23) -> 3253 | AJ23: =$AU$11 -> 40.312391 | AK23: =+AI23*$AU$11/100 -> 1311.3621 | AL23: =+AI23 -> 3253 | AM23: =$AV$11 -> 3.9348778 | AN23: =+AL23*$AV$11/100 -> 128.00157 | AO23: =+AK23+AN23 -> 1439.3636 | AP23: B
A24: 14 | C24: =+'Biểu 1 TH CÔNG'!C24 -> A Khai | D24: 95 | E24: 73 | F24: 58 | G24: 95 | H24: 65 | I24: 64 | J24: 68 | K24: 119 | L24: 70 | M24: 70 | N24: 61 | O24: 118 | P24: 51 | Q24: 87 | R24: 67 | S24: 100 | T24: 54 | U24: 50 | V24: 51 | W24: 0 | X24: 66 | Y24: 60 | Z24: 0 | AA24: 89 | AB24: 68 | AC24: 45 | AD24: 58 | AE24: 78 | AF24: 73 | AG24: 66 | AH24: 70 | AI24: =SUM(D24:AH24) -> 2089 | AJ24: =$AU$11 -> 40.312391 | AK24: =+AI24*$AU$11/100 -> 842.12584 | AL24: =+AI24 -> 2089 | AM24: =$AV$11 -> 3.9348778 | AN24: =+AL24*$AV$11/100 -> 82.199597 | AO24: =+AK24+AN24 -> 924.32543 | AP24: A
A25: 15 | C25: =+'Biểu 1 TH CÔNG'!C25 -> Võ Thị Nguyên | D25: 100 | E25: 0 | F25: 125 | G25: 100 | H25: 70 | I25: 120 | J25: 100 | K25: 135 | L25: 85 | M25: 100 | N25: 100 | O25: 120 | P25: 90 | Q25: 60 | R25: 100 | S25: 120 | T25: 80 | U25: 90 | V25: 110 | W25: 130 | X25: 100 | Y25: 80 | Z25: 120 | AA25: 118 | AB25: 86 | AC25: 75 | AD25: 95 | AE25: 110 | AF25: 115 | AG25: 95 | AH25: 110 | AI25: =SUM(D25:AH25) -> 3039 | AJ25: =$AU$11 -> 40.312391 | AK25: =+AI25*$AU$11/100 -> 1225.0935 | AL25: =+AI25 -> 3039 | AM25: =$AV$11 -> 3.9348778 | AN25: =+AL25*$AV$11/100 -> 119.58094 | AO25: =+AK25+AN25 -> 1344.6745 | AP25: A
... A44: 34 | C44: =+'Biểu 1 TH CÔNG'!C44 -> Thảo Xen | D44: 90 | E44: 88 | F44: 0 | G44: 90 | H44: 72 | I44: 45 | J44: 60 | K44: 80 | L44: 65 | M44: 72 | N44: 0 | O44: 85 | P44: 71 | Q44: 57 | R44: 53 | S44: 86 | T44: 60 | U44: 50 | V44: 78 | W44: 103 | X44: 85 | Y44: 55 | Z44: 63 | AA44: 94 | AB44: 0 | AC44: 41 | AD44: 0 | AE44: 101 | AF44: 122 | AG44: 54 | AH44: 82 | AI44: =SUM(D44:AH44) -> 2002 | AJ44: =$AU$11 -> 40.312391 | AK44: =+AI44*$AU$11/100 -> 807.05406 | AL44: =+AI44 -> 2002 | AM44: =$AV$11 -> 3.9348778 | AN44: =+AL44*$AV$11/100 -> 78.776253 | AO44: =+AK44+AN44 -> 885.83031 | AP44: A
A45: 35 | B45: 1 | C45: =+'Biểu 1 TH CÔNG'!C46 -> Nàng Pong | D45: 72 | E45: 76 | F45: 77 | G45: 74 | H45: 92 | I45: 78 | J45: 130 | K45: 81 | L45: 84 | M45: 77 | N45: 92 | O45: 103 | P45: 172 | Q45: 87 | R45: 108 | S45: 63 | T45: 64 | U45: 86 | V45: 88 | W45: 86 | X45: 0 | Y45: 177 | Z45: 64 | AA45: 68 | AB45: 79 | AC45: 84 | AD45: 89 | AE45: 43 | AF45: 110 | AG45: 83 | AH45: 93 | AI45: =SUM(D45:AH45) -> 2680 | AJ45: =$AU$11 -> 40.312391 | AK45: =+AI45*$AU$11/100 -> 1080.3721 | AL45: =+AI45 -> 2680 | AM45: =$AV$11 -> 3.9348778 | AN45: =+AL45*$AV$11/100 -> 105.45472 | AO45: =+AK45+AN45 -> 1185.8268 | AP45: B
A46: 36 | B46: 2 | C46: =+'Biểu 1 TH CÔNG'!C47 -> Thảo Ơ | D46: 73 | E46: 81 | F46: 104 | G46: 142 | H46: 66 | I46: 78 | J46: 66 | K46: 0 | L46: 130 | M46: 77 | N46: 0 | O46: 144 | P46: 170 | Q46: 98 | R46: 130 | S46: 63 | T46: 52 | U46: 88 | V46: 151 | W46: 47 | X46: 71 | Y46: 121 | Z46: 75 | AA46: 46 | AB46: 60 | AC46: 132 | AD46: 77 | AE46: 71 | AF46: 75 | AG46: 73 | AH46: 65 | AI46: =SUM(D46:AH46) -> 2626 | AJ46: =$AU$11 -> 40.312391 | AK46: =+AI46*$AU$11/100 -> 1058.6034 | AL46: =+AI46 -> 2626 | AM46: =$AV$11 -> 3.9348778 | AN46: =+AL46*$AV$11/100 -> 103.32989 | AO46: =+AK46+AN46 -> 1161.9333 | AP46: B
A47: 37 | B47: 3 | C47: =+'Biểu 1 TH CÔNG'!C48 -> Thảo Ui | D47: 72 | E47: 76 | F47: 77 | G47: 74 | H47: 92 | I47: 78 | J47: 130 | K47: 81 | L47: 84 | M47: 77 | N47: 92 | O47: 103 | P47: 172 | Q47: 87 | R47: 108 | S47: 63 | T47: 64 | U47: 86 | V47: 88 | W47: 86 | X47: 46 | Y47: 178 | Z47: 64 | AA47: 68 | AB47: 78 | AC47: 84 | AD47: 89 | AE47: 43 | AF47: 110 | AG47: 84 | AH47: 92 | AI47: =SUM(D47:AH47) -> 2726 | AJ47: =$AU$11 -> 40.312391 | AK47: =+AI47*$AU$11/100 -> 1098.9158 | AL47: =+AI47 -> 2726 | AM47: =$AV$11 -> 3.9348778 | AN47: =+AL47*$AV$11/100 -> 107.26477 | AO47: =+AK47+AN47 -> 1206.1805 | AP47: A
A48: 38 | B48: 4 | C48: =+'Biểu 1 TH CÔNG'!C49 -> Thảo Xoan Chay | D48: 0 | E48: 50 | F48: 63 | G48: 62 | H48: 56 | I48: 58 | J48: 117 | K48: 69 | L48: 100 | M48: 85 | N48: 82 | O48: 197 | P48: 182 | Q48: 62 | R48: 153 | S48: 0 | T48: 85 | U48: 71 | V48: 111 | W48: 135 | X48: 52 | Y48: 190 | Z48: 58 | AA48: 66 | AB48: 89 | AC48: 52 | AD48: 46 | AE48: 90 | AF48: 107 | AG48: 130 | AH48: 78 | AI48: =SUM(D48:AH48) -> 2696 | AJ48: =$AU$11 -> 40.312391 | AK48: =+AI48*$AU$11/100 -> 1086.822 | AL48: =+AI48 -> 2696 | AM48: =$AV$11 -> 3.9348778 | AN48: =+AL48*$AV$11/100 -> 106.08431 | AO48: =+AK48+AN48 -> 1192.9064 | AP48: B
A49: 39 | B49: 5 | C49: =+'Biểu 1 TH CÔNG'!C50 -> Nàng Út | D49: 56 | E49: 77 | F49: 78 | G49: 76 | H49: 110 | I49: 70 | J49: 113 | K49: 93 | L49: 84 | M49: 75 | N49: 88 | O49: 127 | P49: 142 | Q49: 109 | R49: 57 | S49: 0 | T49: 77 | U49: 148 | V49: 116 | W49: 116 | X49: 43 | Y49: 88 | Z49: 0 | AA49: 118 | AB49: 87 | AC49: 57 | AD49: 113 | AE49: 57 | AF49: 147 | AG49: 129 | AH49: 85 | AI49: =SUM(D49:AH49) -> 2736 | AJ49: =$AU$11 -> 40.312391 | AK49: =+AI49*$AU$11/100 -> 1102.947 | AL49: =+AI49 -> 2736 | AM49: =$AV$11 -> 3.9348778 | AN49: =+AL49*$AV$11/100 -> 107.65826 | AO49: =+AK49+AN49 -> 1210.6053 | AP49: B
A50: 40 | B50: 6 | C50: =+'Biểu 1 TH CÔNG'!C51 -> Thảo Phôn Xay | D50: 64 | E50: 53 | F50: 110 | G50: 89 | H50: 129 | I50: 64 | J50: 79 | K50: 137 | L50: 102 | M50: 78 | N50: 83 | O50: 172 | P50: 150 | Q50: 79 | R50: 51 | S50: 0 | T50: 84 | U50: 78 | V50: 169 | W50: 155 | X50: 50 | Y50: 152 | Z50: 0 | AA50: 75 | AB50: 86 | AC50: 96 | AD50: 77 | AE50: 71 | AF50: 74 | AG50: 131 | AH50: 90 | AI50: =SUM(D50:AH50) -> 2828 | AJ50: =$AU$11 -> 40.312391 | AK50: =+AI50*$AU$11/100 -> 1140.0344 | AL50: =+AI50 -> 2828 | AM50: =$AV$11 -> 3.9348778 | AN50: =+AL50*$AV$11/100 -> 111.27834 | AO50: =+AK50+AN50 -> 1251.3127 | AP50: B
A51: 41 | B51: 7 | C51: =+'Biểu 1 TH CÔNG'!C52 -> Nàng Phêng | D51: 72 | E51: 50 | F51: 64 | G51: 111 | H51: 74 | I51: 70 | J51: 81 | K51: 119 | L51: 79 | M51: 59 | N51: 87 | O51: 153 | P51: 152 | Q51: 69 | R51: 128 | S51: 63 | T51: 77 | U51: 87 | V51: 120 | W51: 80 | X51: 51 | Y51: 76 | Z51: 130 | AA51: 51 | AB51: 75 | AC51: 99 | AD51: 83 | AE51: 43 | AF51: 70 | AG51: 114 | AH51: 65 | AI51: =SUM(D51:AH51) -> 2652 | AJ51: =$AU$11 -> 40.312391 | AK51: =+AI51*$AU$11/100 -> 1069.0846 | AL51: =+AI51 -> 2652 | AM51: =$AV$11 -> 3.9348778 | AN51: =+AL51*$AV$11/100 -> 104.35296 | AO51: =+AK51+AN51 -> 1173.4376 | AP51: A
A52: 42 | B52: 8 | C52: =+'Biểu 1 TH CÔNG'!C53 -> Thảo Phíc | D52: 0 | E52: 0 | F52: 0 | G52: 68 | H52: 32 | I52: 84 | J52: 64 | K52: 103 | L52: 92 | M52: 106 | N52: 56 | O52: 143 | P52: 60 | Q52: 0 | R52: 156 | S52: 70 | T52: 116 | U52: 53 | V52: 75 | W52: 112 | X52: 123 | Y52: 130 | Z52: 0 | AA52: 102 | AB52: 48 | AC52: 87 | AD52: 101 | AE52: 0 | AF52: 104 | AG52: 66 | AH52: 171 | AI52: =SUM(D52:AH52) -> 2322 | AJ52: =$AU$11 -> 40.312391 | AK52: =+AI52*$AU$11/100 -> 936.05371 | AL52: =+AI52 -> 2322 | AM52: =$AV$11 -> 3.9348778 | AN52: =+AL52*$AV$11/100 -> 91.367862 | AO52: =+AK52+AN52 -> 1027.4216 | AP52: B
A53: 43 | B53: 9 | C53: =+'Biểu 1 TH CÔNG'!C54 -> Nàng Chai | D53: 0 | E53: 0 | F53: 0 | G53: 142 | H53: 66 | I53: 79 | J53: 66 | K53: 0 | L53: 130 | M53: 77 | N53: 0 | O53: 141 | P53: 170 | Q53: 101 | R53: 130 | S53: 63 | T53: 53 | U53: 88 | V53: 152 | W53: 0 | X53: 71 | Y53: 61 | Z53: 75 | AA53: 0 | AB53: 61 | AC53: 133 | AD53: 77 | AE53: 71 | AF53: 76 | AG53: 74 | AH53: 65 | AI53: =SUM(D53:AH53) -> 2222 | AJ53: =$AU$11 -> 40.312391 | AK53: =+AI53*$AU$11/100 -> 895.74132 | AL53: =+AI53 -> 2222 | AM53: =$AV$11 -> 3.9348778 | AN53: =+AL53*$AV$11/100 -> 87.432984 | AO53: =+AK53+AN53 -> 983.1743 | AP53: A
A54: 44 | B54: 10 | C54: =+'Biểu 1 TH CÔNG'!C55 -> Thảo Viêng | D54: 72 | E54: 77 | F54: 77 | G54: 74 | H54: 92 | I54: 78 | J54: 129 | K54: 82 | L54: 84 | M54: 76 | N54: 92 | O54: 91 | P54: 172 | Q54: 87 | R54: 108 | S54: 63 | T54: 64 | U54: 86 | V54: 88 | W54: 86 | X54: 45 | Y54: 178 | Z54: 64 | AA54: 67 | AB54: 79 | AC54: 84 | AD54: 88 | AE54: 40 | AF54: 109 | AG54: 83 | AH54: 92 | AI54: =SUM(D54:AH54) -> 2707 | AJ54: =$AU$11 -> 40.312391 | AK54: =+AI54*$AU$11/100 -> 1091.2564 | AL54: =+AI54 -> 2707 | AM54: =$AV$11 -> 3.9348778 | AN54: =+AL54*$AV$11/100 -> 106.51714 | AO54: =+AK54+AN54 -> 1197.7736 | AP54: A
A55: 45 | B55: 11 | C55: =+'Biểu 1 TH CÔNG'!C56 -> Thảo Xượm | D55: 0 | E55: 0 | F55: 0 | G55: 112 | H55: 74 | I55: 70 | J55: 81 | K55: 119 | L55: 80 | M55: 59 | N55: 87 | O55: 153 | P55: 152 | Q55: 69 | R55: 128 | S55: 63 | T55: 77 | U55: 87 | V55: 120 | W55: 80 | X55: 51 | Y55: 152 | Z55: 131 | AA55: 51 | AB55: 76 | AC55: 99 | AD55: 83 | AE55: 39 | AF55: 71 | AG55: 114 | AH55: 65 | AI55: =SUM(D55:AH55) -> 2543 | AJ55: =$AU$11 -> 40.312391 | AK55: =+AI55*$AU$11/100 -> 1025.1441 | AL55: =+AI55 -> 2543 | AM55: =$AV$11 -> 3.9348778 | AN55: =+AL55*$AV$11/100 -> 100.06394 | AO55: =+AK55+AN55 -> 1125.208 | AP55: B
A56: 46 | B56: 12 | C56: =+'Biểu 1 TH CÔNG'!C57 -> Thảo Tích | D56: 0 | E56: 51 | F56: 63 | G56: 61 | H56: 57 | I56: 59 | J56: 58 | K56: 82 | L56: 85 | M56: 76 | N56: 93 | O56: 103 | P56: 176 | Q56: 87 | R56: 108 | S56: 62 | T56: 64 | U56: 86 | V56: 89 | W56: 85 | X56: 45 | Y56: 178 | Z56: 63 | AA56: 67 | AB56: 78 | AC56: 83 | AD56: 88 | AE56: 42 | AF56: 109 | AG56: 83 | AH56: 92 | AI56: =SUM(D56:AH56) -> 2473 | AJ56: =$AU$11 -> 40.312391 | AK56: =+AI56*$AU$11/100 -> 996.92542 | AL56: =+AI56 -> 2473 | AM56: =$AV$11 -> 3.9348778 | AN56: =+AL56*$AV$11/100 -> 97.309528 | AO56: =+AK56+AN56 -> 1094.2349 | AP56: B
... A84: 74 | B84: 40 | C84: =+'Biểu 1 TH CÔNG'!C85 -> Thảo Đuông Chăn | D84: 0 | E84: 66 | F84: 49 | G84: 37 | H84: 71 | I84: 79 | J84: 0 | K84: 0 | L84: 0 | M84: 47 | N84: 0 | O84: 0 | P84: 154 | Q84: 0 | R84: 0 | S84: 0 | T84: 0 | U84: 0 | V84: 0 | W84: 0 | X84: 0 | Y84: 115 | Z84: 200 | AA84: 0 | AB84: 0 | AC84: 0 | AD84: 0 | AE84: 0 | AF84: 0 | AG84: 0 | AH84: 0 | AI84: =SUM(D84:AH84) -> 818 | AJ84: =$AU$11 -> 40.312391 | AK84: =+AI84*$AU$11/100 -> 329.75535 | AL84: =+AI84 -> 818 | AM84: =$AV$11 -> 3.9348778 | AN84: =+AL84*$AV$11/100 -> 32.1873 | AO84: =+AK84+AN84 -> 361.94265 | AP84: B
A85: 75 | B85: 41 | C85: =+'Biểu 1 TH CÔNG'!C86 -> Nàng Peng | D85: 0 | E85: 0 | F85: 49 | G85: 37 | H85: 72 | I85: 78 | J85: 0 | K85: 0 | L85: 41 | M85: 0 | N85: 47 | O85: 0 | P85: 154 | Q85: 0 | R85: 0 | S85: 0 | T85: 0 | U85: 0 | V85: 0 | W85: 0 | X85: 0 | Y85: 115 | Z85: 201 | AA85: 0 | AB85: 0 | AC85: 0 | AD85: 0 | AE85: 0 | AF85: 0 | AG85: 0 | AH85: 0 | AI85: =SUM(D85:AH85) -> 794 | AJ85: =$AU$11 -> 40.312391 | AK85: =+AI85*$AU$11/100 -> 320.08038 | AL85: =+AI85 -> 794 | AM85: =$AV$11 -> 3.9348778 | AN85: =+AL85*$AV$11/100 -> 31.24293 | AO85: =+AK85+AN85 -> 351.32331 | AP85: C | AS85: sản lượng mủ | AU85: A | AV85: B | AW85: C | AX85: tổng
A86: 76 | B86: 42 | C86: =+'Biểu 1 TH CÔNG'!C87 -> Thảo Xay Tho | D86: 0 | E86: 0 | F86: 0 | G86: 0 | H86: 35 | I86: 84 | J86: 65 | K86: 103 | L86: 92 | M86: 106 | N86: 56 | O86: 144 | P86: 60 | Q86: 0 | R86: 157 | S86: 70 | T86: 116 | U86: 54 | V86: 96 | W86: 113 | X86: 124 | Y86: 130 | Z86: 0 | AA86: 103 | AB86: 47 | AC86: 88 | AD86: 102 | AE86: 0 | AF86: 105 | AG86: 65 | AH86: 172 | AI86: =SUM(D86:AH86) -> 2287 | AJ86: =$AU$11 -> 40.312391 | AK86: =+AI86*$AU$11/100 -> 921.94437 | AL86: =+AI86 -> 2287 | AM86: =$AV$11 -> 3.9348778 | AN86: =+AL86*$AV$11/100 -> 89.990655 | AO86: =+AK86+AN86 -> 1011.935 | AP86: A | AS86: =SUM(AI11:AI44) -> 87726 | AT86: trạm 1 | AU86: =+COUNTIF(AP11:AP44,"A") -> 17 | AV86: =+COUNTIF(AP11:AP44,"B") -> 16 | AW86: =+COUNTIF(AP11:AP44,"C") -> 1 | AX86: =+AU86+AV86+AW86 -> 34
A87: 77 | B87: 43 | C87: =+'Biểu 1 TH CÔNG'!C88 -> Nàng Xia Lô | D87: 72 | E87: 49 | F87: 65 | G87: 112 | H87: 75 | I87: 71 | J87: 82 | K87: 120 | L87: 80 | M87: 60 | N87: 88 | O87: 154 | P87: 158 | Q87: 69 | R87: 130 | S87: 64 | T87: 78 | U87: 87 | V87: 122 | W87: 80 | X87: 52 | Y87: 153 | Z87: 131 | AA87: 52 | AB87: 76 | AC87: 99 | AD87: 83 | AE87: 40 | AF87: 71 | AG87: 115 | AH87: 66 | AI87: =SUM(D87:AH87) -> 2754 | AJ87: =$AU$11 -> 40.312391 | AK87: =+AI87*$AU$11/100 -> 1110.2032 | AL87: =+AI87 -> 2754 | AM87: =$AV$11 -> 3.9348778 | AN87: =+AL87*$AV$11/100 -> 108.36653 | AO87: =+AK87+AN87 -> 1218.5698 | AP87: A | AS87: =+SUM(AI45:AI87) -> 110813 | AT87: trạm 2 | AU87: =+COUNTIF(AP45:AP87,"A") -> 21 | AV87: =+COUNTIF(AP45:AP87,"B") -> 21 | AW87: =+COUNTIF(AP45:AP87,"C") -> 1 | AX87: =+AU87+AV87+AW87 -> 43
A88: TỔNG | D88: =SUM(D11:D87) -> 4476 | E88: =SUM(E11:E87) -> 4726 | F88: =SUM(F11:F87) -> 5803 | G88: =SUM(G11:G87) -> 7897 | H88: =SUM(H11:H87) -> 6577 | I88: =SUM(I11:I87) -> 6058 | J88: =SUM(J11:J87) -> 5980 | K88: =SUM(K11:K87) -> 7790 | ... AI88: =SUM(AI11:AI87) -> 198539 | AK88: =SUM(AK11:AK87) -> 80035.817 | AL88: =SUM(AL11:AL87) -> 198539 | AN88: =SUM(AN11:AN87) -> 7812.267 | AO88: =SUM(AO11:AO87) -> 87848.084 | AR88: =+AO88+'SẢN LƯỢNG SERUM THÁNG 12'!AH14 -> 87943.057 | AS88: =+AS87+AS86 -> 198539 | AT88: đội | AU88: =+AU87+AU86 -> 38 | AV88: =+AV87+AV86 -> 37 | AW88: =+AW87+AW86 -> 2 | AX88: =+AX87+AX86 -> 77
C90: Stt | D90: Số công nhân | K90: Hạng kỹ thuật | Q90: Sản lượng mủ (kg) | AN90: Ghi chú
K91: Hạng | N91: Tỉ lệ | Q91: Mủ tạp | W91: Mủ quy khô | AC91: Tỉ lệ %
C92: CN chính thức | D92: 77 | N92: =+N93+N94+N95 -> 1 | Q92: =+Q93+Q94+Q95 -> 198539 | W92: =+W93+W94+W95 -> 87848.084 | AC92: =SUM(AC93:AJ95) -> 100
D93: =COUNTIF($AP$11:$AP$87,K93) -> 38 | K93: A | N93: =+D93/D92 -> 0.49350649 | Q93: =SUMIF($AP$11:$AP$87,$K93,$AI$11:$AI$87) -> 101484 | W93: =SUMIF($AP$11:AP$87,$K93,$AK$11:AK$87)+SUMIF($AP$11:AP$87,$K93,$AN$11:$AN$87) -> 44903.898 | AC93: =+W93/W92*100 -> 51.115398 | AT93: 48947.25
D94: =COUNTIF($AP$11:$AP$87,K94) -> 37 | K94: B | N94: =+D94/D92 -> 0.48051948 | Q94: =SUMIF($AP$11:$AP$87,$K94,$AI$11:$AI$87) -> 93527 | W94: =SUMIF($AP$11:AP$87,$K94,$AK$11:AK$87)+SUMIF($AP$11:AP$87,$K94,$AN$11:$AN$87) -> 41383.143 | AC94: =+W94/W92*100 -> 47.107621 | AT94: 40917.46
D95: =COUNTIF($AP$11:$AP$87,K95) -> 2 | K95: C | N95: =+D95/D92 -> 0.025974026 | Q95: =SUMIF($AP$11:$AP$87,$K95,$AI$11:$AI$87) -> 3528 | W95: =SUMIF($AP$11:AP$87,$K95,$AK$11:AK$87)+SUMIF($AP$11:AP$87,$K95,$AN$11:$AN$87) -> 1561.0436 | AC95: =+W95/W92*100 -> 1.7769808 | AT95: 1909.1953
C96: CN thay thế | K96: C | Q96: 0 | W96: 0 | AT96: =+Q96*AU11/100 -> 0
C97: Tổng Đội 6 | D97: =SUM(D93:J96) -> 77 | Q97: =SUM(Q93:V95) -> 198539 | W97: =SUM(W93:AB96) -> 87848.084 | AT97: 662.25588
AG98: Huyện Noong, ngày 31 tháng 12 năm 2025
C100: TỔNG GIÁM ĐỐC | K100: P. TC-HC | Q100: P. QLKT | W100: P.P PHỤ TRÁCH | AD100: ĐỘI TRƯỞNG | AK100: NGƯỜI LẬP
J109: Hồ Thị Thủy | W109: Hoàng Tấn Thảo | AD109: Trần Quang Thiện | AK109: Hồ Dũng Cảm

Sheet LƯƠNG KT
C1: CỘNG HÒA DÂN CHỦ NHÂN DÂN LÀO
C2: Hòa bình - Độc lập - Dân chủ - Thống nhất - Thịnh vượng
D3: ----oOo----
B4: CÔNG TY TNHH MTV QUASA - GERUCO LÀO
B5: ĐỘI SẢN XUẤT SỐ 06
B7: BẢNG LƯƠNG KHAI THÁC THÁNG 12 NĂM 2025
B8: Tỷ giá Bath qua kíp | G8: 600 | H8: 667.96
A10: Stt | C10: Mã nhân viên | D10: Họ và tên | E10: Kí nhận | F10: Chức vụ | G10: LƯƠNG | Y10: Tổng lương | Z10: Đã chi trả hằng ngày | AA10: Tiền lương còn lại
G11: Lương chăm sóc (25.000 kíp/công) | I11: Lương sản lượng | Q11: Lương phụ cấp ngày công khai thác
G12: Ngày công | H12: Thành tiền | I12: Mủ tạp (kg) | J12: Mủ tạp quy khô (kg) | K12: Mủ xirum (kg) | L12: Mủ xirum quy khô (kg) | M12: Mủ quy khô truy lĩnh T12 (kg) | N12: Tổng quy khô trả lương (kg) | O12: Hạng kỹ thuật | P12: Thành tiền | Q12: Ngày công thường | R12: Ngày công chủ nhật | S12: Cạo đúp ngày thường | T12: Cạo đúp ngày chủ nhật | U12: Phụ cấp thêm cạo đúp | V12: Vùng xa khó khăn | W12: Phụ cấp cây non | X12: Thành tiền
A13: 1 | C13: 03717 | D13: =+'Biểu 1 TH CÔNG'!C11 -> Phò Thưng | F13: CNKT | H13: =G13*25000 -> 0 | I13: =VLOOKUP(D13,'Biểu 2 TH MỦ TẠP'!$C$11:$AI$87,33,0) -> 2552 | J13: =VLOOKUP(D13,'Biểu 2 TH MỦ TẠP'!$C$11:$AK$87,35,0) -> 1028.7722 | K13: 0 | L13: 0 | M13: =+VLOOKUP(D13,'Biểu 2 TH MỦ TẠP'!$C$11:$AN$87,38,0) -> 100.41808 | N13: =+J13+L13+M13 -> 1129.1903 | O13: =VLOOKUP(D13,'Biểu 2 TH MỦ TẠP'!$C$11:$AP$87,40,0) -> A | P13: =(IF(O13="A",(N13*6.1),IF(O13="B",(N13*5.8),IF(O13="C",(N13*5.5),IF(O13="D",(N13*5.2),0))))*$G$8) -> 4132836.5 | Q13: =VLOOKUP(D13,'Biểu 1 TH CÔNG'!$C$11:$AI$88,33,0) -> 27 | R13: =VLOOKUP(D13,'Biểu 1 TH CÔNG'!$C$11:$AJ$88,34,0) -> 4 | S13: =VLOOKUP(D13,'Biểu 1 TH CÔNG'!$C$11:$AK$88,35,0) -> 0 | T13: =VLOOKUP(D13,'Biểu 1 TH CÔNG'!$C$11:$AL$88,36,0) -> 0 | U13: =+S13+T13 -> 0 | V13: =VLOOKUP(D13,'Biểu 1 TH CÔNG'!$C$11:$AM$88,37,0) -> 31 | W13: 0 | X13: =ROUND(((Q13*46.1*$H$8)+(R13*76.9*$H$8)+(S13*(46.1*2*$H$8))+(U13*100000)+(T13*(76.9*2*$H$8))+(V13*20000)+(W13*30.7*$H$8)),0) -> 1656874 | Y13: =+P13+H13+X13 -> 5789710.5 | AA13: =Y13-Z13 -> 5789710.5 | AC13: =SUM(AA13:AA53) -> 2.3052318e+08
A14: 2 | C14: 04148 | D14: =+'Biểu 1 TH CÔNG'!C12 -> A Nhợp | F14: CNKT | H14: =G14*25000 -> 0 | I14: =VLOOKUP(D14,'Biểu 2 TH MỦ TẠP'!$C$11:$AI$87,33,0) -> 2734 | J14: =VLOOKUP(D14,'Biểu 2 TH MỦ TẠP'!$C$11:$AK$87,35,0) -> 1102.1408 | K14: 0 | L14: 0 | M14: =+VLOOKUP(D14,'Biểu 2 TH MỦ TẠP'!$C$11:$AN$87,38,0) -> 107.57956 | N14: =+J14+L14+M14 -> 1209.7203 | O14: =VLOOKUP(D14,'Biểu 2 TH MỦ TẠP'!$C$11:$AP$87,40,0) -> C | P14: =(IF(O14="A",(N14*6.1),IF(O14="B",(N14*5.8),IF(O14="C",(N14*5.5),IF(O14="D",(N14*5.2),0))))*$G$8) -> 3992077 | Q14: =VLOOKUP(D14,'Biểu 1 TH CÔNG'!$C$11:$AI$88,33,0) -> 26 | R14: =VLOOKUP(D14,'Biểu 1 TH CÔNG'!$C$11:$AJ$88,34,0) -> 4 | S14: =VLOOKUP(D14,'Biểu 1 TH CÔNG'!$C$11:$AK$88,35,0) -> 0 | T14: =VLOOKUP(D14,'Biểu 1 TH CÔNG'!$C$11:$AL$88,36,0) -> 0 | U14: =+S14+T14 -> 0 | V14: =VLOOKUP(D14,'Biểu 1 TH CÔNG'!$C$11:$AM$88,37,0) -> 30 | W14: 0 | X14: =ROUND(((Q14*46.1*$H$8)+(R14*76.9*$H$8)+(S14*(46.1*2*$H$8))+(U14*100000)+(T14*(76.9*2*$H$8))+(V14*20000)+(W14*30.7*$H$8)),0) -> 1606081 | Y14: =+P14+H14+X14 -> 5598158 | AA14: =Y14-Z14 -> 5598158
A15: 3 | D15: =+'Biểu 1 TH CÔNG'!C13 -> Van | F15: CNKT | H15: =G15*25000 -> 0 | I15: =VLOOKUP(D15,'Biểu 2 TH MỦ TẠP'!$C$11:$AI$87,33,0) -> 2493 | J15: =VLOOKUP(D15,'Biểu 2 TH MỦ TẠP'!$C$11:$AK$87,35,0) -> 1004.9879 | K15: 0 | L15: 0 | M15: =+VLOOKUP(D15,'Biểu 2 TH MỦ TẠP'!$C$11:$AN$87,38,0) -> 98.096503 | N15: =+J15+L15+M15 -> 1103.0844 | O15: =VLOOKUP(D15,'Biểu 2 TH MỦ TẠP'!$C$11:$AP$87,40,0) -> B | P15: =(IF(O15="A",(N15*6.1),IF(O15="B",(N15*5.8),IF(O15="C",(N15*5.5),IF(O15="D",(N15*5.2),0))))*$G$8) -> 3838733.7 | Q15: =VLOOKUP(D15,'Biểu 1 TH CÔNG'!$C$11:$AI$88,33,0) -> 23 | R15: =VLOOKUP(D15,'Biểu 1 TH CÔNG'!$C$11:$AJ$88,34,0) -> 4 | S15: =VLOOKUP(D15,'Biểu 1 TH CÔNG'!$C$11:$AK$88,35,0) -> 0 | T15: =VLOOKUP(D15,'Biểu 1 TH CÔNG'!$C$11:$AL$88,36,0) -> 0 | U15: =+S15+T15 -> 0 | V15: =VLOOKUP(D15,'Biểu 1 TH CÔNG'!$C$11:$AM$88,37,0) -> 27 | W15: 0 | X15: =ROUND(((Q15*46.1*$H$8)+(R15*76.9*$H$8)+(S15*(46.1*2*$H$8))+(U15*100000)+(T15*(76.9*2*$H$8))+(V15*20000)+(W15*30.7*$H$8)),0) -> 1453702 | Y15: =+P15+H15+X15 -> 5292435.7 | AA15: =Y15-Z15 -> 5292435.7
A16: 4 | D16: =+'Biểu 1 TH CÔNG'!C14 -> Thảo Khọt | F16: CNKT | H16: =G16*25000 -> 0 | I16: =VLOOKUP(D16,'Biểu 2 TH MỦ TẠP'!$C$11:$AI$87,33,0) -> 3174 | J16: =VLOOKUP(D16,'Biểu 2 TH MỦ TẠP'!$C$11:$AK$87,35,0) -> 1279.5153 | K16: 0 | L16: 0 | M16: =+VLOOKUP(D16,'Biểu 2 TH MỦ TẠP'!$C$11:$AN$87,38,0) -> 124.89302 | N16: =+J16+L16+M16 -> 1404.4083 | O16: =VLOOKUP(D16,'Biểu 2 TH MỦ TẠP'!$C$11:$AP$87,40,0) -> A | P16: =(IF(O16="A",(N16*6.1),IF(O16="B",(N16*5.8),IF(O16="C",(N16*5.5),IF(O16="D",(N16*5.2),0))))*$G$8) -> 5140134.4 | Q16: =VLOOKUP(D16,'Biểu 1 TH CÔNG'!$C$11:$AI$88,33,0) -> 27 | R16: =VLOOKUP(D16,'Biểu 1 TH CÔNG'!$C$11:$AJ$88,34,0) -> 4 | S16: =VLOOKUP(D16,'Biểu 1 TH CÔNG'!$C$11:$AK$88,35,0) -> 0 | T16: =VLOOKUP(D16,'Biểu 1 TH CÔNG'!$C$11:$AL$88,36,0) -> 0 | U16: =+S16+T16 -> 0 | V16: =VLOOKUP(D16,'Biểu 1 TH CÔNG'!$C$11:$AM$88,37,0) -> 31 | W16: 0 | X16: =ROUND(((Q16*46.1*$H$8)+(R16*76.9*$H$8)+(S16*(46.1*2*$H$8))+(U16*100000)+(T16*(76.9*2*$H$8))+(V16*20000)+(W16*30.7*$H$8)),0) -> 1656874 | Y16: =+P16+H16+X16 -> 6797008.4 | AA16: =Y16-Z16 -> 6797008.4
A17: 5 | C17: 02861 | D17: =+'Biểu 1 TH CÔNG'!C15 -> A Cơ | F17: CNKT | H17: =G17*25000 -> 0 | I17: =VLOOKUP(D17,'Biểu 2 TH MỦ TẠP'!$C$11:$AI$87,33,0) -> 2417 | J17: =VLOOKUP(D17,'Biểu 2 TH MỦ TẠP'!$C$11:$AK$87,35,0) -> 974.35048 | K17: 0 | L17: 0 | M17: =+VLOOKUP(D17,'Biểu 2 TH MỦ TẠP'!$C$11:$AN$87,38,0) -> 95.105996 | N17: =+J17+L17+M17 -> 1069.4565 | O17: =VLOOKUP(D17,'Biểu 2 TH MỦ TẠP'!$C$11:$AP$87,40,0) -> B | P17: =(IF(O17="A",(N17*6.1),IF(O17="B",(N17*5.8),IF(O17="C",(N17*5.5),IF(O17="D",(N17*5.2),0))))*$G$8) -> 3721708.5 | Q17: =VLOOKUP(D17,'Biểu 1 TH CÔNG'!$C$11:$AI$88,33,0) -> 27 | R17: =VLOOKUP(D17,'Biểu 1 TH CÔNG'!$C$11:$AJ$88,34,0) -> 4 | S17: =VLOOKUP(D17,'Biểu 1 TH CÔNG'!$C$11:$AK$88,35,0) -> 0 | T17: =VLOOKUP(D17,'Biểu 1 TH CÔNG'!$C$11:$AL$88,36,0) -> 0 | U17: =+S17+T17 -> 0 | V17: =VLOOKUP(D17,'Biểu 1 TH CÔNG'!$C$11:$AM$88,37,0) -> 31 | W17: 0 | X17: =ROUND(((Q17*46.1*$H$8)+(R17*76.9*$H$8)+(S17*(46.1*2*$H$8))+(U17*100000)+(T17*(76.9*2*$H$8))+(V17*20000)+(W17*30.7*$H$8)),0) -> 1656874 | Y17: =+P17+H17+X17 -> 5378582.5 | AA17: =Y17-Z17 -> 5378582.5
A18: 6 | C18: 04151 | D18: =+'Biểu 1 TH CÔNG'!C16 -> Phơ | F18: CNKT | H18: =G18*25000 -> 0 | I18: =VLOOKUP(D18,'Biểu 2 TH MỦ TẠP'!$C$11:$AI$87,33,0) -> 2201 | J18: =VLOOKUP(D18,'Biểu 2 TH MỦ TẠP'!$C$11:$AK$87,35,0) -> 887.27572 | K18: 0 | L18: 0 | M18: =+VLOOKUP(D18,'Biểu 2 TH MỦ TẠP'!$C$11:$AN$87,38,0) -> 86.60666 | N18: =+J18+L18+M18 -> 973.88238 | O18: =VLOOKUP(D18,'Biểu 2 TH MỦ TẠP'!$C$11:$AP$87,40,0) -> A | P18: =(IF(O18="A",(N18*6.1),IF(O18="B",(N18*5.8),IF(O18="C",(N18*5.5),IF(O18="D",(N18*5.2),0))))*$G$8) -> 3564409.5 | Q18: =VLOOKUP(D18,'Biểu 1 TH CÔNG'!$C$11:$AI$88,33,0) -> 27 | R18: =VLOOKUP(D18,'Biểu 1 TH CÔNG'!$C$11:$AJ$88,34,0) -> 2 | S18: =VLOOKUP(D18,'Biểu 1 TH CÔNG'!$C$11:$AK$88,35,0) -> 0 | T18: =VLOOKUP(D18,'Biểu 1 TH CÔNG'!$C$11:$AL$88,36,0) -> 0 | U18: =+S18+T18 -> 0 | V18: =VLOOKUP(D18,'Biểu 1 TH CÔNG'!$C$11:$AM$88,37,0) -> 29 | W18: 0 | X18: =ROUND(((Q18*46.1*$H$8)+(R18*76.9*$H$8)+(S18*(46.1*2*$H$8))+(U18*100000)+(T18*(76.9*2*$H$8))+(V18*20000)+(W18*30.7*$H$8)),0) -> 1514142 | Y18: =+P18+H18+X18 -> 5078551.5 | AA18: =Y18-Z18 -> 5078551.5
A19: 7 | C19: 04152 | D19: =+'Biểu 1 TH CÔNG'!C17 -> A phơ | F19: CNKT | H19: =G19*25000 -> 0 | I19: =VLOOKUP(D19,'Biểu 2 TH MỦ TẠP'!$C$11:$AI$87,33,0) -> 2727 | J19: =VLOOKUP(D19,'Biểu 2 TH MỦ TẠP'!$C$11:$AK$87,35,0) -> 1099.3189 | K19: 0 | L19: 0 | M19: =+VLOOKUP(D19,'Biểu 2 TH MỦ TẠP'!$C$11:$AN$87,38,0) -> 107.30412 | N19: =+J19+L19+M19 -> 1206.623 | O19: =VLOOKUP(D19,'Biểu 2 TH MỦ TẠP'!$C$11:$AP$87,40,0) -> B | P19: =(IF(O19="A",(N19*6.1),IF(O19="B",(N19*5.8),IF(O19="C",(N19*5.5),IF(O19="D",(N19*5.2),0))))*$G$8) -> 4199048.1 | Q19: =VLOOKUP(D19,'Biểu 1 TH CÔNG'!$C$11:$AI$88,33,0) -> 27 | R19: =VLOOKUP(D19,'Biểu 1 TH CÔNG'!$C$11:$AJ$88,34,0) -> 4 | S19: =VLOOKUP(D19,'Biểu 1 TH CÔNG'!$C$11:$AK$88,35,0) -> 0 | T19: =VLOOKUP(D19,'Biểu 1 TH CÔNG'!$C$11:$AL$88,36,0) -> 0 | U19: =+S19+T19 -> 0 | V19: =VLOOKUP(D19,'Biểu 1 TH CÔNG'!$C$11:$AM$88,37,0) -> 31 | W19: 0 | X19: =ROUND(((Q19*46.1*$H$8)+(R19*76.9*$H$8)+(S19*(46.1*2*$H$8))+(U19*100000)+(T19*(76.9*2*$H$8))+(V19*20000)+(W19*30.7*$H$8)),0) -> 1656874 | Y19: =+P19+H19+X19 -> 5855922.1 | AA19: =Y19-Z19 -> 5855922.1
A20: 8 | D20: =+'Biểu 1 TH CÔNG'!C18 -> Nang Đăm | F20: CNKT | H20: =G20*25000 -> 0 | I20: =VLOOKUP(D20,'Biểu 2 TH MỦ TẠP'!$C$11:$AI$87,33,0) -> 1824 | J20: =VLOOKUP(D20,'Biểu 2 TH MỦ TẠP'!$C$11:$AK$87,35,0) -> 735.298 | K20: 0 | L20: 0 | M20: =+VLOOKUP(D20,'Biểu 2 TH MỦ TẠP'!$C$11:$AN$87,38,0) -> 71.772171 | N20: =+J20+L20+M20 -> 807.07017 | O20: =VLOOKUP(D20,'Biểu 2 TH MỦ TẠP'!$C$11:$AP$87,40,0) -> B | P20: =(IF(O20="A",(N20*6.1),IF(O20="B",(N20*5.8),IF(O20="C",(N20*5.5),IF(O20="D",(N20*5.2),0))))*$G$8) -> 2808604.2 | Q20: =VLOOKUP(D20,'Biểu 1 TH CÔNG'!$C$11:$AI$88,33,0) -> 26 | R20: =VLOOKUP(D20,'Biểu 1 TH CÔNG'!$C$11:$AJ$88,34,0) -> 4 | S20: =VLOOKUP(D20,'Biểu 1 TH CÔNG'!$C$11:$AK$88,35,0) -> 0 | T20: =VLOOKUP(D20,'Biểu 1 TH CÔNG'!$C$11:$AL$88,36,0) -> 0 | U20: =+S20+T20 -> 0 | V20: =VLOOKUP(D20,'Biểu 1 TH CÔNG'!$C$11:$AM$88,37,0) -> 30 | W20: 0 | X20: =ROUND(((Q20*46.1*$H$8)+(R20*76.9*$H$8)+(S20*(46.1*2*$H$8))+(U20*100000)+(T20*(76.9*2*$H$8))+(V20*20000)+(W20*30.7*$H$8)),0) -> 1606081 | Y20: =+P20+H20+X20 -> 4414685.2 | AA20: =Y20-Z20 -> 4414685.2
A21: 9 | D21: =+'Biểu 1 TH CÔNG'!C19 -> Nang Sun | F21: CNKT | H21: =G21*25000 -> 0 | I21: =VLOOKUP(D21,'Biểu 2 TH MỦ TẠP'!$C$11:$AI$87,33,0) -> 2317 | J21: =VLOOKUP(D21,'Biểu 2 TH MỦ TẠP'!$C$11:$AK$87,35,0) -> 934.03809 | K21: 0 | L21: 0 | M21: =+VLOOKUP(D21,'Biểu 2 TH MỦ TẠP'!$C$11:$AN$87,38,0) -> 91.171118 | N21: =+J21+L21+M21 -> 1025.2092 | O21: =VLOOKUP(D21,'Biểu 2 TH MỦ TẠP'!$C$11:$AP$87,40,0) -> A | P21: =(IF(O21="A",(N21*6.1),IF(O21="B",(N21*5.8),IF(O21="C",(N21*5.5),IF(O21="D",(N21*5.2),0))))*$G$8) -> 3752265.7 | Q21: =VLOOKUP(D21,'Biểu 1 TH CÔNG'!$C$11:$AI$88,33,0) -> 27 | R21: =VLOOKUP(D21,'Biểu 1 TH CÔNG'!$C$11:$AJ$88,34,0) -> 4 | S21: =VLOOKUP(D21,'Biểu 1 TH CÔNG'!$C$11:$AK$88,35,0) -> 0 | T21: =VLOOKUP(D21,'Biểu 1 TH CÔNG'!$C$11:$AL$88,36,0) -> 0 | U21: =+S21+T21 -> 0 | V21: =VLOOKUP(D21,'Biểu 1 TH CÔNG'!$C$11:$AM$88,37,0) -> 31 | W21: 0 | X21: =ROUND(((Q21*46.1*$H$8)+(R21*76.9*$H$8)+(S21*(46.1*2*$H$8))+(U21*100000)+(T21*(76.9*2*$H$8))+(V21*20000)+(W21*30.7*$H$8)),0) -> 1656874 | Y21: =+P21+H21+X21 -> 5409139.7 | AA21: =Y21-Z21 -> 5409139.7
A22: 10 | C22: 04154 | D22: =+'Biểu 1 TH CÔNG'!C20 -> A Nghen | F22: CNKT | H22: =G22*25000 -> 0 | I22: =VLOOKUP(D22,'Biểu 2 TH MỦ TẠP'!$C$11:$AI$87,33,0) -> 1944 | J22: =VLOOKUP(D22,'Biểu 2 TH MỦ TẠP'!$C$11:$AK$87,35,0) -> 783.67287 | K22: 0 | L22: 0 | M22: =+VLOOKUP(D22,'Biểu 2 TH MỦ TẠP'!$C$11:$AN$87,38,0) -> 76.494024 | N22: =+J22+L22+M22 -> 860.1669 | O22: =VLOOKUP(D22,'Biểu 2 TH MỦ TẠP'!$C$11:$AP$87,40,0) -> A | P22: =(IF(O22="A",(N22*6.1),IF(O22="B",(N22*5.8),IF(O22="C",(N22*5.5),IF(O22="D",(N22*5.2),0))))*$G$8) -> 3148210.8 | Q22: =VLOOKUP(D22,'Biểu 1 TH CÔNG'!$C$11:$AI$88,33,0) -> 24 | R22: =VLOOKUP(D22,'Biểu 1 TH CÔNG'!$C$11:$AJ$88,34,0) -> 4 | S22: =VLOOKUP(D22,'Biểu 1 TH CÔNG'!$C$11:$AK$88,35,0) -> 0 | T22: =VLOOKUP(D22,'Biểu 1 TH CÔNG'!$C$11:$AL$88,36,0) -> 0 | U22: =+S22+T22 -> 0 | V22: =VLOOKUP(D22,'Biểu 1 TH CÔNG'!$C$11:$AM$88,37,0) -> 28 | W22: 0 | X22: =ROUND(((Q22*46.1*$H$8)+(R22*76.9*$H$8)+(S22*(46.1*2*$H$8))+(U22*100000)+(T22*(76.9*2*$H$8))+(V22*20000)+(W22*30.7*$H$8)),0) -> 1504495 | Y22: =+P22+H22+X22 -> 4652705.8 | AA22: =Y22-Z22 -> 4652705.8
A23: 11 | C23: 03718 | D23: =+'Biểu 1 TH CÔNG'!C21 -> Nguyễn Thị Thanh Trà | F23: CNKT | H23: =G23*25000 -> 0 | I23: =VLOOKUP(D23,'Biểu 2 TH MỦ TẠP'!$C$11:$AI$87,33,0) -> 3039 | J23: =VLOOKUP(D23,'Biểu 2 TH MỦ TẠP'!$C$11:$AK$87,35,0) -> 1225.0935 | K23: 0 | L23: 0 | M23: =+VLOOKUP(D23,'Biểu 2 TH MỦ TẠP'!$C$11:$AN$87,38,0) -> 119.58094 | N23: =+J23+L23+M23 -> 1344.6745 | O23: =VLOOKUP(D23,'Biểu 2 TH MỦ TẠP'!$C$11:$AP$87,40,0) -> A | P23: =(IF(O23="A",(N23*6.1),IF(O23="B",(N23*5.8),IF(O23="C",(N23*5.5),IF(O23="D",(N23*5.2),0))))*$G$8) -> 4921508.6 | Q23: =VLOOKUP(D23,'Biểu 1 TH CÔNG'!$C$11:$AI$88,33,0) -> 27 | R23: =VLOOKUP(D23,'Biểu 1 TH CÔNG'!$C$11:$AJ$88,34,0) -> 4 | S23: =VLOOKUP(D23,'Biểu 1 TH CÔNG'!$C$11:$AK$88,35,0) -> 0 | T23: =VLOOKUP(D23,'Biểu 1 TH CÔNG'!$C$11:$AL$88,36,0) -> 0 | U23: =+S23+T23 -> 0 | V23: =VLOOKUP(D23,'Biểu 1 TH CÔNG'!$C$11:$AM$88,37,0) -> 31 | W23: 0 | X23: =ROUND(((Q23*46.1*$H$8)+(R23*76.9*$H$8)+(S23*(46.1*2*$H$8))+(U23*100000)+(T23*(76.9*2*$H$8))+(V23*20000)+(W23*30.7*$H$8)),0) -> 1656874 | Y23: =+P23+H23+X23 -> 6578382.6 | AA23: =Y23-Z23 -> 6578382.6
A24: 12 | C24: 04155 | D24: =+'Biểu 1 TH CÔNG'!C22 -> Phò Thít | F24: CNKT | H24: =G24*25000 -> 0 | I24: =VLOOKUP(D24,'Biểu 2 TH MỦ TẠP'!$C$11:$AI$87,33,0) -> 2611 | J24: =VLOOKUP(D24,'Biểu 2 TH MỦ TẠP'!$C$11:$AK$87,35,0) -> 1052.5565 | K24: 0 | L24: 0 | M24: =+VLOOKUP(D24,'Biểu 2 TH MỦ TẠP'!$C$11:$AN$87,38,0) -> 102.73966 | N24: =+J24+L24+M24 -> 1155.2962 | O24: =VLOOKUP(D24,'Biểu 2 TH MỦ TẠP'!$C$11:$AP$87,40,0) -> A | P24: =(IF(O24="A",(N24*6.1),IF(O24="B",(N24*5.8),IF(O24="C",(N24*5.5),IF(O24="D",(N24*5.2),0))))*$G$8) -> 4228384 | Q24: =VLOOKUP(D24,'Biểu 1 TH CÔNG'!$C$11:$AI$88,33,0) -> 27 | R24: =VLOOKUP(D24,'Biểu 1 TH CÔNG'!$C$11:$AJ$88,34,0) -> 4 | S24: =VLOOKUP(D24,'Biểu 1 TH CÔNG'!$C$11:$AK$88,35,0) -> 0 | T24: =VLOOKUP(D24,'Biểu 1 TH CÔNG'!$C$11:$AL$88,36,0) -> 0 | U24: =+S24+T24 -> 0 | V24: =VLOOKUP(D24,'Biểu 1 TH CÔNG'!$C$11:$AM$88,37,0) -> 31 | W24: 0 | X24: =ROUND(((Q24*46.1*$H$8)+(R24*76.9*$H$8)+(S24*(46.1*2*$H$8))+(U24*100000)+(T24*(76.9*2*$H$8))+(V24*20000)+(W24*30.7*$H$8)),0) -> 1656874 | Y24: =+P24+H24+X24 -> 5885258 | AA24: =Y24-Z24 -> 5885258
A25: 13 | C25: 04156 | D25: =+'Biểu 1 TH CÔNG'!C23 -> A Bợp | F25: CNKT | H25: =G25*25000 -> 0 | I25: =VLOOKUP(D25,'Biểu 2 TH MỦ TẠP'!$C$11:$AI$87,33,0) -> 3253 | J25: =VLOOKUP(D25,'Biểu 2 TH MỦ TẠP'!$C$11:$AK$87,35,0) -> 1311.3621 | K25: 0 | L25: 0 | M25: =+VLOOKUP(D25,'Biểu 2 TH MỦ TẠP'!$C$11:$AN$87,38,0) -> 128.00157 | N25: =+J25+L25+M25 -> 1439.3636 | O25: =VLOOKUP(D25,'Biểu 2 TH MỦ TẠP'!$C$11:$AP$87,40,0) -> B | P25: =(IF(O25="A",(N25*6.1),IF(O25="B",(N25*5.8),IF(O25="C",(N25*5.5),IF(O25="D",(N25*5.2),0))))*$G$8) -> 5008985.5 | Q25: =VLOOKUP(D25,'Biểu 1 TH CÔNG'!$C$11:$AI$88,33,0) -> 27 | R25: =VLOOKUP(D25,'Biểu 1 TH CÔNG'!$C$11:$AJ$88,34,0) -> 4 | S25: =VLOOKUP(D25,'Biểu 1 TH CÔNG'!$C$11:$AK$88,35,0) -> 0 | T25: =VLOOKUP(D25,'Biểu 1 TH CÔNG'!$C$11:$AL$88,36,0) -> 0 | U25: =+S25+T25 -> 0 | V25: =VLOOKUP(D25,'Biểu 1 TH CÔNG'!$C$11:$AM$88,37,0) -> 31 | W25: 0 | X25: =ROUND(((Q25*46.1*$H$8)+(R25*76.9*$H$8)+(S25*(46.1*2*$H$8))+(U25*100000)+(T25*(76.9*2*$H$8))+(V25*20000)+(W25*30.7*$H$8)),0) -> 1656874 | Y25: =+P25+H25+X25 -> 6665859.5 | AA25: =Y25-Z25 -> 6665859.5
A26: 14 | C26: 04157 | D26: =+'Biểu 1 TH CÔNG'!C24 -> A Khai | F26: CNKT | H26: =G26*25000 -> 0 | I26: =VLOOKUP(D26,'Biểu 2 TH MỦ TẠP'!$C$11:$AI$87,33,0) -> 2089 | J26: =VLOOKUP(D26,'Biểu 2 TH MỦ TẠP'!$C$11:$AK$87,35,0) -> 842.12584 | K26: 0 | L26: 0 | M26: =+VLOOKUP(D26,'Biểu 2 TH MỦ TẠP'!$C$11:$AN$87,38,0) -> 82.199597 | N26: =+J26+L26+M26 -> 924.32543 | O26: =VLOOKUP(D26,'Biểu 2 TH MỦ TẠP'!$C$11:$AP$87,40,0) -> A | P26: =(IF(O26="A",(N26*6.1),IF(O26="B",(N26*5.8),IF(O26="C",(N26*5.5),IF(O26="D",(N26*5.2),0))))*$G$8) -> 3383031.1 | Q26: =VLOOKUP(D26,'Biểu 1 TH CÔNG'!$C$11:$AI$88,33,0) -> 27 | R26: =VLOOKUP(D26,'Biểu 1 TH CÔNG'!$C$11:$AJ$88,34,0) -> 4 | S26: =VLOOKUP(D26,'Biểu 1 TH CÔNG'!$C$11:$AK$88,35,0) -> 0 | T26: =VLOOKUP(D26,'Biểu 1 TH CÔNG'!$C$11:$AL$88,36,0) -> 0 | U26: =+S26+T26 -> 0 | V26: =VLOOKUP(D26,'Biểu 1 TH CÔNG'!$C$11:$AM$88,37,0) -> 31 | W26: 0 | X26: =ROUND(((Q26*46.1*$H$8)+(R26*76.9*$H$8)+(S26*(46.1*2*$H$8))+(U26*100000)+(T26*(76.9*2*$H$8))+(V26*20000)+(W26*30.7*$H$8)),0) -> 1656874 | Y26: =+P26+H26+X26 -> 5039905.1 | AA26: =Y26-Z26 -> 5039905.1
A27: 15 | C27: 03720 | D27: =+'Biểu 1 TH CÔNG'!C25 -> Võ Thị Nguyên | F27: CNKT | H27: =G27*25000 -> 0 | I27: =VLOOKUP(D27,'Biểu 2 TH MỦ TẠP'!$C$11:$AI$87,33,0) -> 3039 | J27: =VLOOKUP(D27,'Biểu 2 TH MỦ TẠP'!$C$11:$AK$87,35,0) -> 1225.0935 | K27: 0 | L27: 0 | M27: =+VLOOKUP(D27,'Biểu 2 TH MỦ TẠP'!$C$11:$AN$87,38,0) -> 119.58094 | N27: =+J27+L27+M27 -> 1344.6745 | O27: =VLOOKUP(D27,'Biểu 2 TH MỦ TẠP'!$C$11:$AP$87,40,0) -> A | P27: =(IF(O27="A",(N27*6.1),IF(O27="B",(N27*5.8),IF(O27="C",(N27*5.5),IF(O27="D",(N27*5.2),0))))*$G$8) -> 4921508.6 | Q27: =VLOOKUP(D27,'Biểu 1 TH CÔNG'!$C$11:$AI$88,33,0) -> 27 | R27: =VLOOKUP(D27,'Biểu 1 TH CÔNG'!$C$11:$AJ$88,34,0) -> 4 | S27: =VLOOKUP(D27,'Biểu 1 TH CÔNG'!$C$11:$AK$88,35,0) -> 0 | T27: =VLOOKUP(D27,'Biểu 1 TH CÔNG'!$C$11:$AL$88,36,0) -> 0 | U27: =+S27+T27 -> 0 | V27: =VLOOKUP(D27,'Biểu 1 TH CÔNG'!$C$11:$AM$88,37,0) -> 31 | W27: 0 | X27: =ROUND(((Q27*46.1*$H$8)+(R27*76.9*$H$8)+(S27*(46.1*2*$H$8))+(U27*100000)+(T27*(76.9*2*$H$8))+(V27*20000)+(W27*30.7*$H$8)),0) -> 1656874 | Y27: =+P27+H27+X27 -> 6578382.6 | AA27: =Y27-Z27 -> 6578382.6
A28: 16 | C28: 04158 | D28: =+'Biểu 1 TH CÔNG'!C26 -> Tà Lọt | F28: CNKT | H28: =G28*25000 -> 0 | I28: =VLOOKUP(D28,'Biểu 2 TH MỦ TẠP'!$C$11:$AI$87,33,0) -> 2321 | J28: =VLOOKUP(D28,'Biểu 2 TH MỦ TẠP'!$C$11:$AK$87,35,0) -> 935.65058 | K28: 0 | L28: 0 | M28: =+VLOOKUP(D28,'Biểu 2 TH MỦ TẠP'!$C$11:$AN$87,38,0) -> 91.328513 | N28: =+J28+L28+M28 -> 1026.9791 | O28: =VLOOKUP(D28,'Biểu 2 TH MỦ TẠP'!$C$11:$AP$87,40,0) -> B | P28: =(IF(O28="A",(N28*6.1),IF(O28="B",(N28*5.8),IF(O28="C",(N28*5.5),IF(O28="D",(N28*5.2),0))))*$G$8) -> 3573887.3 | Q28: =VLOOKUP(D28,'Biểu 1 TH CÔNG'!$C$11:$AI$88,33,0) -> 26 | R28: =VLOOKUP(D28,'Biểu 1 TH CÔNG'!$C$11:$AJ$88,34,0) -> 4 | S28: =VLOOKUP(D28,'Biểu 1 TH CÔNG'!$C$11:$AK$88,35,0) -> 0 | T28: =VLOOKUP(D28,'Biểu 1 TH CÔNG'!$C$11:$AL$88,36,0) -> 0 | U28: =+S28+T28 -> 0 | V28: =VLOOKUP(D28,'Biểu 1 TH CÔNG'!$C$11:$AM$88,37,0) -> 30 | W28: 0 | X28: =ROUND(((Q28*46.1*$H$8)+(R28*76.9*$H$8)+(S28*(46.1*2*$H$8))+(U28*100000)+(T28*(76.9*2*$H$8))+(V28*20000)+(W28*30.7*$H$8)),0) -> 1606081 | Y28: =+P28+H28+X28 -> 5179968.3 | AA28: =Y28-Z28 -> 5179968.3
A29: 17 | C29: 04159 | D29: =+'Biểu 1 TH CÔNG'!C27 -> A Han | F29: CNKT | H29: =G29*25000 -> 0 | I29: =VLOOKUP(D29,'Biểu 2 TH MỦ TẠP'!$C$11:$AI$87,33,0) -> 2940 | J29: =VLOOKUP(D29,'Biểu 2 TH MỦ TẠP'!$C$11:$AK$87,35,0) -> 1185.1843 | K29: 0 | L29: 0 | M29: =+VLOOKUP(D29,'Biểu 2 TH MỦ TẠP'!$C$11:$AN$87,38,0) -> 115.68541 | N29: =+J29+L29+M29 -> 1300.8697 | O29: =VLOOKUP(D29,'Biểu 2 TH MỦ TẠP'!$C$11:$AP$87,40,0) -> A | P29: =(IF(O29="A",(N29*6.1),IF(O29="B",(N29*5.8),IF(O29="C",(N29*5.5),IF(O29="D",(N29*5.2),0))))*$G$8) -> 4761183.1 | Q29: =VLOOKUP(D29,'Biểu 1 TH CÔNG'!$C$11:$AI$88,33,0) -> 24 | R29: =VLOOKUP(D29,'Biểu 1 TH CÔNG'!$C$11:$AJ$88,34,0) -> 4 | S29: =VLOOKUP(D29,'Biểu 1 TH CÔNG'!$C$11:$AK$88,35,0) -> 0 | T29: =VLOOKUP(D29,'Biểu 1 TH CÔNG'!$C$11:$AL$88,36,0) -> 0 | U29: =+S29+T29 -> 0 | V29: =VLOOKUP(D29,'Biểu 1 TH CÔNG'!$C$11:$AM$88,37,0) -> 28 | W29: 0 | X29: =ROUND(((Q29*46.1*$H$8)+(R29*76.9*$H$8)+(S29*(46.1*2*$H$8))+(U29*100000)+(T29*(76.9*2*$H$8))+(V29*20000)+(W29*30.7*$H$8)),0) -> 1504495 | Y29: =+P29+H29+X29 -> 6265678.1 | AA29: =Y29-Z29 -> 6265678.1
A30: 18 | C30: 04169 | D30: =+'Biểu 1 TH CÔNG'!C28 -> A Nút | F30: CNKT | H30: =G30*25000 -> 0 | I30: =VLOOKUP(D30,'Biểu 2 TH MỦ TẠP'!$C$11:$AI$87,33,0) -> 2505 | J30: =VLOOKUP(D30,'Biểu 2 TH MỦ TẠP'!$C$11:$AK$87,35,0) -> 1009.8254 | K30: 0 | L30: 0 | M30: =+VLOOKUP(D30,'Biểu 2 TH MỦ TẠP'!$C$11:$AN$87,38,0) -> 98.568688 | N30: =+J30+L30+M30 -> 1108.3941 | O30: =VLOOKUP(D30,'Biểu 2 TH MỦ TẠP'!$C$11:$AP$87,40,0) -> B | P30: =(IF(O30="A",(N30*6.1),IF(O30="B",(N30*5.8),IF(O30="C",(N30*5.5),IF(O30="D",(N30*5.2),0))))*$G$8) -> 3857211.4 | Q30: =VLOOKUP(D30,'Biểu 1 TH CÔNG'!$C$11:$AI$88,33,0) -> 27 | R30: =VLOOKUP(D30,'Biểu 1 TH CÔNG'!$C$11:$AJ$88,34,0) -> 4 | S30: =VLOOKUP(D30,'Biểu 1 TH CÔNG'!$C$11:$AK$88,35,0) -> 0 | T30: =VLOOKUP(D30,'Biểu 1 TH CÔNG'!$C$11:$AL$88,36,0) -> 0 | U30: =+S30+T30 -> 0 | V30: =VLOOKUP(D30,'Biểu 1 TH CÔNG'!$C$11:$AM$88,37,0) -> 31 | W30: 0 | X30: =ROUND(((Q30*46.1*$H$8)+(R30*76.9*$H$8)+(S30*(46.1*2*$H$8))+(U30*100000)+(T30*(76.9*2*$H$8))+(V30*20000)+(W30*30.7*$H$8)),0) -> 1656874 | Y30: =+P30+H30+X30 -> 5514085.4 | AA30: =Y30-Z30 -> 5514085.4
A31: 19 | C31: 04160 | D31: =+'Biểu 1 TH CÔNG'!C29 -> Thảo Buôn | F31: CNKT | H31: =G31*25000 -> 0 | I31: =VLOOKUP(D31,'Biểu 2 TH MỦ TẠP'!$C$11:$AI$87,33,0) -> 2344 | J31: =VLOOKUP(D31,'Biểu 2 TH MỦ TẠP'!$C$11:$AK$87,35,0) -> 944.92243 | K31: 0 | L31: 0 | M31: =+VLOOKUP(D31,'Biểu 2 TH MỦ TẠP'!$C$11:$AN$87,38,0) -> 92.233535 | N31: =+J31+L31+M31 -> 1037.156 | O31: =VLOOKUP(D31,'Biểu 2 TH MỦ TẠP'!$C$11:$AP$87,40,0) -> B | P31: =(IF(O31="A",(N31*6.1),IF(O31="B",(N31*5.8),IF(O31="C",(N31*5.5),IF(O31="D",(N31*5.2),0))))*$G$8) -> 3609302.8 | Q31: =VLOOKUP(D31,'Biểu 1 TH CÔNG'!$C$11:$AI$88,33,0) -> 26 | R31: =VLOOKUP(D31,'Biểu 1 TH CÔNG'!$C$11:$AJ$88,34,0) -> 4 | S31: =VLOOKUP(D31,'Biểu 1 TH CÔNG'!$C$11:$AK$88,35,0) -> 0 | T31: =VLOOKUP(D31,'Biểu 1 TH CÔNG'!$C$11:$AL$88,36,0) -> 0 | U31: =+S31+T31 -> 0 | V31: =VLOOKUP(D31,'Biểu 1 TH CÔNG'!$C$11:$AM$88,37,0) -> 30 | W31: 0 | X31: =ROUND(((Q31*46.1*$H$8)+(R31*76.9*$H$8)+(S31*(46.1*2*$H$8))+(U31*100000)+(T31*(76.9*2*$H$8))+(V31*20000)+(W31*30.7*$H$8)),0) -> 1606081 | Y31: =+P31+H31+X31 -> 5215383.8 | AA31: =Y31-Z31 -> 5215383.8
A32: 20 | C32: 04161 | D32: =+'Biểu 1 TH CÔNG'!C30 -> Phò Lấp | F32: CNKT | H32: =G32*25000 -> 0 | I32: =VLOOKUP(D32,'Biểu 2 TH MỦ TẠP'!$C$11:$AI$87,33,0) -> 2566 | J32: =VLOOKUP(D32,'Biểu 2 TH MỦ TẠP'!$C$11:$AK$87,35,0) -> 1034.4159 | K32: 0 | L32: 0 | M32: =+VLOOKUP(D32,'Biểu 2 TH MỦ TẠP'!$C$11:$AN$87,38,0) -> 100.96896 | N32: =+J32+L32+M32 -> 1135.3849 | O32: =VLOOKUP(D32,'Biểu 2 TH MỦ TẠP'!$C$11:$AP$87,40,0) -> B | P32: =(IF(O32="A",(N32*6.1),IF(O32="B",(N32*5.8),IF(O32="C",(N32*5.5),IF(O32="D",(N32*5.2),0))))*$G$8) -> 3951139.5 | Q32: =VLOOKUP(D32,'Biểu 1 TH CÔNG'!$C$11:$AI$88,33,0) -> 26 | R32: =VLOOKUP(D32,'Biểu 1 TH CÔNG'!$C$11:$AJ$88,34,0) -> 4 | S32: =VLOOKUP(D32,'Biểu 1 TH CÔNG'!$C$11:$AK$88,35,0) -> 0 | T32: =VLOOKUP(D32,'Biểu 1 TH CÔNG'!$C$11:$AL$88,36,0) -> 0 | U32: =+S32+T32 -> 0 | V32: =VLOOKUP(D32,'Biểu 1 TH CÔNG'!$C$11:$AM$88,37,0) -> 30 | W32: 0 | X32: =ROUND(((Q32*46.1*$H$8)+(R32*76.9*$H$8)+(S32*(46.1*2*$H$8))+(U32*100000)+(T32*(76.9*2*$H$8))+(V32*20000)+(W32*30.7*$H$8)),0) -> 1606081 | Y32: =+P32+H32+X32 -> 5557220.5 | AA32: =Y32-Z32 -> 5557220.5
A33: 21 | D33: =+'Biểu 1 TH CÔNG'!C31 -> Phò Nhạc | F33: CNKT | H33: =G33*25000 -> 0 | I33: =VLOOKUP(D33,'Biểu 2 TH MỦ TẠP'!$C$11:$AI$87,33,0) -> 2824 | J33: =VLOOKUP(D33,'Biểu 2 TH MỦ TẠP'!$C$11:$AK$87,35,0) -> 1138.4219 | K33: 0 | L33: 0 | M33: =+VLOOKUP(D33,'Biểu 2 TH MỦ TẠP'!$C$11:$AN$87,38,0) -> 111.12095 | N33: =+J33+L33+M33 -> 1249.5429 | O33: =VLOOKUP(D33,'Biểu 2 TH MỦ TẠP'!$C$11:$AP$87,40,0) -> A | P33: =(IF(O33="A",(N33*6.1),IF(O33="B",(N33*5.8),IF(O33="C",(N33*5.5),IF(O33="D",(N33*5.2),0))))*$G$8) -> 4573326.9 | Q33: =VLOOKUP(D33,'Biểu 1 TH CÔNG'!$C$11:$AI$88,33,0) -> 27 | R33: =VLOOKUP(D33,'Biểu 1 TH CÔNG'!$C$11:$AJ$88,34,0) -> 4 | S33: =VLOOKUP(D33,'Biểu 1 TH CÔNG'!$C$11:$AK$88,35,0) -> 0 | T33: =VLOOKUP(D33,'Biểu 1 TH CÔNG'!$C$11:$AL$88,36,0) -> 0 | U33: =+S33+T33 -> 0 | V33: =VLOOKUP(D33,'Biểu 1 TH CÔNG'!$C$11:$AM$88,37,0) -> 31 | W33: 0 | X33: =ROUND(((Q33*46.1*$H$8)+(R33*76.9*$H$8)+(S33*(46.1*2*$H$8))+(U33*100000)+(T33*(76.9*2*$H$8))+(V33*20000)+(W33*30.7*$H$8)),0) -> 1656874 | Y33: =+P33+H33+X33 -> 6230200.9 | AA33: =Y33-Z33 -> 6230200.9
A34: 22 | C34: 04163 | D34: =+'Biểu 1 TH CÔNG'!C32 -> Nang Nọi | F34: CNKT | H34: =G34*25000 -> 0 | I34: =VLOOKUP(D34,'Biểu 2 TH MỦ TẠP'!$C$11:$AI$87,33,0) -> 1999 | J34: =VLOOKUP(D34,'Biểu 2 TH MỦ TẠP'!$C$11:$AK$87,35,0) -> 805.84469 | K34: 0 | L34: 0 | M34: =+VLOOKUP(D34,'Biểu 2 TH MỦ TẠP'!$C$11:$AN$87,38,0) -> 78.658207 | N34: =+J34+L34+M34 -> 884.50289 | O34: =VLOOKUP(D34,'Biểu 2 TH MỦ TẠP'!$C$11:$AP$87,40,0) -> B | P34: =(IF(O34="A",(N34*6.1),IF(O34="B",(N34*5.8),IF(O34="C",(N34*5.5),IF(O34="D",(N34*5.2),0))))*$G$8) -> 3078070.1 | Q34: =VLOOKUP(D34,'Biểu 1 TH CÔNG'!$C$11:$AI$88,33,0) -> 24 | R34: =VLOOKUP(D34,'Biểu 1 TH CÔNG'!$C$11:$AJ$88,34,0) -> 4 | S34: =VLOOKUP(D34,'Biểu 1 TH CÔNG'!$C$11:$AK$88,35,0) -> 0 | T34: =VLOOKUP(D34,'Biểu 1 TH CÔNG'!$C$11:$AL$88,36,0) -> 0 | U34: =+S34+T34 -> 0 | V34: =VLOOKUP(D34,'Biểu 1 TH CÔNG'!$C$11:$AM$88,37,0) -> 28 | W34: 0 | X34: =ROUND(((Q34*46.1*$H$8)+(R34*76.9*$H$8)+(S34*(46.1*2*$H$8))+(U34*100000)+(T34*(76.9*2*$H$8))+(V34*20000)+(W34*30.7*$H$8)),0) -> 1504495 | Y34: =+P34+H34+X34 -> 4582565.1 | AA34: =Y34-Z34 -> 4582565.1
A35: 23 | C35: 04164 | D35: =+'Biểu 1 TH CÔNG'!C33 -> Húc | F35: CNKT | H35: =G35*25000 -> 0 | I35: =VLOOKUP(D35,'Biểu 2 TH MỦ TẠP'!$C$11:$AI$87,33,0) -> 2289 | J35: =VLOOKUP(D35,'Biểu 2 TH MỦ TẠP'!$C$11:$AK$87,35,0) -> 922.75062 | K35: 0 | L35: 0 | M35: =+VLOOKUP(D35,'Biểu 2 TH MỦ TẠP'!$C$11:$AN$87,38,0) -> 90.069352 | N35: =+J35+L35+M35 -> 1012.82 | O35: =VLOOKUP(D35,'Biểu 2 TH MỦ TẠP'!$C$11:$AP$87,40,0) -> A | P35: =(IF(O35="A",(N35*6.1),IF(O35="B",(N35*5.8),IF(O35="C",(N35*5.5),IF(O35="D",(N35*5.2),0))))*$G$8) -> 3706921.1 | Q35: =VLOOKUP(D35,'Biểu 1 TH CÔNG'!$C$11:$AI$88,33,0) -> 26 | R35: =VLOOKUP(D35,'Biểu 1 TH CÔNG'!$C$11:$AJ$88,34,0) -> 4 | S35: =VLOOKUP(D35,'Biểu 1 TH CÔNG'!$C$11:$AK$88,35,0) -> 0 | T35: =VLOOKUP(D35,'Biểu 1 TH CÔNG'!$C$11:$AL$88,36,0) -> 0 | U35: =+S35+T35 -> 0 | V35: =VLOOKUP(D35,'Biểu 1 TH CÔNG'!$C$11:$AM$88,37,0) -> 30 | W35: 0 | X35: =ROUND(((Q35*46.1*$H$8)+(R35*76.9*$H$8)+(S35*(46.1*2*$H$8))+(U35*100000)+(T35*(76.9*2*$H$8))+(V35*20000)+(W35*30.7*$H$8)),0) -> 1606081 | Y35: =+P35+H35+X35 -> 5313002.1 | AA35: =Y35-Z35 -> 5313002.1
A36: 24 | D36: =+'Biểu 1 TH CÔNG'!C34 -> A Côm | F36: CNKT | H36: =G36*25000 -> 0 | I36: =VLOOKUP(D36,'Biểu 2 TH MỦ TẠP'!$C$11:$AI$87,33,0) -> 3264 | J36: =VLOOKUP(D36,'Biểu 2 TH MỦ TẠP'!$C$11:$AK$87,35,0) -> 1315.7964 | K36: 0 | L36: 0 | M36: =+VLOOKUP(D36,'Biểu 2 TH MỦ TẠP'!$C$11:$AN$87,38,0) -> 128.43441 | N36: =+J36+L36+M36 -> 1444.2308 | O36: =VLOOKUP(D36,'Biểu 2 TH MỦ TẠP'!$C$11:$AP$87,40,0) -> B | P36: =(IF(O36="A",(N36*6.1),IF(O36="B",(N36*5.8),IF(O36="C",(N36*5.5),IF(O36="D",(N36*5.2),0))))*$G$8) -> 5025923.3 | Q36: =VLOOKUP(D36,'Biểu 1 TH CÔNG'!$C$11:$AI$88,33,0) -> 27 | R36: =VLOOKUP(D36,'Biểu 1 TH CÔNG'!$C$11:$AJ$88,34,0) -> 4 | S36: =VLOOKUP(D36,'Biểu 1 TH CÔNG'!$C$11:$AK$88,35,0) -> 0 | T36: =VLOOKUP(D36,'Biểu 1 TH CÔNG'!$C$11:$AL$88,36,0) -> 0 | U36: =+S36+T36 -> 0 | V36: =VLOOKUP(D36,'Biểu 1 TH CÔNG'!$C$11:$AM$88,37,0) -> 31 | W36: 0 | X36: =ROUND(((Q36*46.1*$H$8)+(R36*76.9*$H$8)+(S36*(46.1*2*$H$8))+(U36*100000)+(T36*(76.9*2*$H$8))+(V36*20000)+(W36*30.7*$H$8)),0) -> 1656874 | Y36: =+P36+H36+X36 -> 6682797.3 | AA36: =Y36-Z36 -> 6682797.3
A37: 25 | D37: =+'Biểu 1 TH CÔNG'!C35 -> Nang Phen | F37: CNKT | H37: =G37*25000 -> 0 | I37: =VLOOKUP(D37,'Biểu 2 TH MỦ TẠP'!$C$11:$AI$87,33,0) -> 3159 | J37: =VLOOKUP(D37,'Biểu 2 TH MỦ TẠP'!$C$11:$AK$87,35,0) -> 1273.4684 | K37: 0 | L37: 0 | M37: =+VLOOKUP(D37,'Biểu 2 TH MỦ TẠP'!$C$11:$AN$87,38,0) -> 124.30279 | N37: =+J37+L37+M37 -> 1397.7712 | O37: =VLOOKUP(D37,'Biểu 2 TH MỦ TẠP'!$C$11:$AP$87,40,0) -> A | P37: =(IF(O37="A",(N37*6.1),IF(O37="B",(N37*5.8),IF(O37="C",(N37*5.5),IF(O37="D",(N37*5.2),0))))*$G$8) -> 5115842.6 | Q37: =VLOOKUP(D37,'Biểu 1 TH CÔNG'!$C$11:$AI$88,33,0) -> 27 | R37: =VLOOKUP(D37,'Biểu 1 TH CÔNG'!$C$11:$AJ$88,34,0) -> 4 | S37: =VLOOKUP(D37,'Biểu 1 TH CÔNG'!$C$11:$AK$88,35,0) -> 0 | T37: =VLOOKUP(D37,'Biểu 1 TH CÔNG'!$C$11:$AL$88,36,0) -> 0 | U37: =+S37+T37 -> 0 | V37: =VLOOKUP(D37,'Biểu 1 TH CÔNG'!$C$11:$AM$88,37,0) -> 31 | W37: 0 | X37: =ROUND(((Q37*46.1*$H$8)+(R37*76.9*$H$8)+(S37*(46.1*2*$H$8))+(U37*100000)+(T37*(76.9*2*$H$8))+(V37*20000)+(W37*30.7*$H$8)),0) -> 1656874 | Y37: =+P37+H37+X37 -> 6772716.6 | AA37: =Y37-Z37 -> 6772716.6
A38: 26 | D38: =+'Biểu 1 TH CÔNG'!C36 -> Thảo Đuôn | F38: CNKT | H38: =G38*25000 -> 0 | I38: =VLOOKUP(D38,'Biểu 2 TH MỦ TẠP'!$C$11:$AI$87,33,0) -> 3004 | J38: =VLOOKUP(D38,'Biểu 2 TH MỦ TẠP'!$C$11:$AK$87,35,0) -> 1210.9842 | K38: 0 | L38: 0 | M38: =+VLOOKUP(D38,'Biểu 2 TH MỦ TẠP'!$C$11:$AN$87,38,0) -> 118.20373 | N38: =+J38+L38+M38 -> 1329.1879 | O38: =VLOOKUP(D38,'Biểu 2 TH MỦ TẠP'!$C$11:$AP$87,40,0) -> A | P38: =(IF(O38="A",(N38*6.1),IF(O38="B",(N38*5.8),IF(O38="C",(N38*5.5),IF(O38="D",(N38*5.2),0))))*$G$8) -> 4864827.9 | Q38: =VLOOKUP(D38,'Biểu 1 TH CÔNG'!$C$11:$AI$88,33,0) -> 27 | R38: =VLOOKUP(D38,'Biểu 1 TH CÔNG'!$C$11:$AJ$88,34,0) -> 4 | S38: =VLOOKUP(D38,'Biểu 1 TH CÔNG'!$C$11:$AK$88,35,0) -> 0 | T38: =VLOOKUP(D38,'Biểu 1 TH CÔNG'!$C$11:$AL$88,36,0) -> 0 | U38: =+S38+T38 -> 0 | V38: =VLOOKUP(D38,'Biểu 1 TH CÔNG'!$C$11:$AM$88,37,0) -> 31 | W38: 0 | X38: =ROUND(((Q38*46.1*$H$8)+(R38*76.9*$H$8)+(S38*(46.1*2*$H$8))+(U38*100000)+(T38*(76.9*2*$H$8))+(V38*20000)+(W38*30.7*$H$8)),0) -> 1656874 | Y38: =+P38+H38+X38 -> 6521701.9 | AA38: =Y38-Z38 -> 6521701.9
A39: 27 | C39: 04150 | D39: =+'Biểu 1 TH CÔNG'!C37 -> A Rơ | F39: CNKT | H39: =G39*25000 -> 0 | I39: =VLOOKUP(D39,'Biểu 2 TH MỦ TẠP'!$C$11:$AI$87,33,0) -> 2512 | J39: =VLOOKUP(D39,'Biểu 2 TH MỦ TẠP'!$C$11:$AK$87,35,0) -> 1012.6472 | K39: 0 | L39: 0 | M39: =+VLOOKUP(D39,'Biểu 2 TH MỦ TẠP'!$C$11:$AN$87,38,0) -> 98.84413 | N39: =+J39+L39+M39 -> 1111.4914 | O39: =VLOOKUP(D39,'Biểu 2 TH MỦ TẠP'!$C$11:$AP$87,40,0) -> A | P39: =(IF(O39="A",(N39*6.1),IF(O39="B",(N39*5.8),IF(O39="C",(N39*5.5),IF(O39="D",(N39*5.2),0))))*$G$8) -> 4068058.4 | Q39: =VLOOKUP(D39,'Biểu 1 TH CÔNG'!$C$11:$AI$88,33,0) -> 27 | R39: =VLOOKUP(D39,'Biểu 1 TH CÔNG'!$C$11:$AJ$88,34,0) -> 4 | S39: =VLOOKUP(D39,'Biểu 1 TH CÔNG'!$C$11:$AK$88,35,0) -> 0 | T39: =VLOOKUP(D39,'Biểu 1 TH CÔNG'!$C$11:$AL$88,36,0) -> 0 | U39: =+S39+T39 -> 0 | V39: =VLOOKUP(D39,'Biểu 1 TH CÔNG'!$C$11:$AM$88,37,0) -> 31 | W39: 0 | X39: =ROUND(((Q39*46.1*$H$8)+(R39*76.9*$H$8)+(S39*(46.1*2*$H$8))+(U39*100000)+(T39*(76.9*2*$H$8))+(V39*20000)+(W39*30.7*$H$8)),0) -> 1656874 | Y39: =+P39+H39+X39 -> 5724932.4 | AA39: =Y39-Z39 -> 5724932.4
A40: 28 | C40: 04165 | D40: =+'Biểu 1 TH CÔNG'!C38 -> Thảo Xâm | F40: CNKT | H40: =G40*25000 -> 0 | I40: =VLOOKUP(D40,'Biểu 2 TH MỦ TẠP'!$C$11:$AI$87,33,0) -> 2663 | J40: =VLOOKUP(D40,'Biểu 2 TH MỦ TẠP'!$C$11:$AK$87,35,0) -> 1073.519 | K40: 0 | L40: 0 | M40: =+VLOOKUP(D40,'Biểu 2 TH MỦ TẠP'!$C$11:$AN$87,38,0) -> 104.7858 | N40: =+J40+L40+M40 -> 1178.3048 | O40: =VLOOKUP(D40,'Biểu 2 TH MỦ TẠP'!$C$11:$AP$87,40,0) -> B | P40: =(IF(O40="A",(N40*6.1),IF(O40="B",(N40*5.8),IF(O40="C",(N40*5.5),IF(O40="D",(N40*5.2),0))))*$G$8) -> 4100500.5 | Q40: =VLOOKUP(D40,'Biểu 1 TH CÔNG'!$C$11:$AI$88,33,0) -> 27 | R40: =VLOOKUP(D40,'Biểu 1 TH CÔNG'!$C$11:$AJ$88,34,0) -> 4 | S40: =VLOOKUP(D40,'Biểu 1 TH CÔNG'!$C$11:$AK$88,35,0) -> 0 | T40: =VLOOKUP(D40,'Biểu 1 TH CÔNG'!$C$11:$AL$88,36,0) -> 0 | U40: =+S40+T40 -> 0 | V40: =VLOOKUP(D40,'Biểu 1 TH CÔNG'!$C$11:$AM$88,37,0) -> 31 | W40: 0 | X40: =ROUND(((Q40*46.1*$H$8)+(R40*76.9*$H$8)+(S40*(46.1*2*$H$8))+(U40*100000)+(T40*(76.9*2*$H$8))+(V40*20000)+(W40*30.7*$H$8)),0) -> 1656874 | Y40: =+P40+H40+X40 -> 5757374.5 | AA40: =Y40-Z40 -> 5757374.5
A41: 29 | C41: 04166 | D41: =+'Biểu 1 TH CÔNG'!C39 -> Thảo Anh | F41: CNKT | H41: =G41*25000 -> 0 | I41: =VLOOKUP(D41,'Biểu 2 TH MỦ TẠP'!$C$11:$AI$87,33,0) -> 2204 | J41: =VLOOKUP(D41,'Biểu 2 TH MỦ TẠP'!$C$11:$AK$87,35,0) -> 888.48509 | K41: 0 | L41: 0 | M41: =+VLOOKUP(D41,'Biểu 2 TH MỦ TẠP'!$C$11:$AN$87,38,0) -> 86.724706 | N41: =+J41+L41+M41 -> 975.20979 | O41: =VLOOKUP(D41,'Biểu 2 TH MỦ TẠP'!$C$11:$AP$87,40,0) -> B | P41: =(IF(O41="A",(N41*6.1),IF(O41="B",(N41*5.8),IF(O41="C",(N41*5.5),IF(O41="D",(N41*5.2),0))))*$G$8) -> 3393730.1 | Q41: =VLOOKUP(D41,'Biểu 1 TH CÔNG'!$C$11:$AI$88,33,0) -> 27 | R41: =VLOOKUP(D41,'Biểu 1 TH CÔNG'!$C$11:$AJ$88,34,0) -> 4 | S41: =VLOOKUP(D41,'Biểu 1 TH CÔNG'!$C$11:$AK$88,35,0) -> 0 | T41: =VLOOKUP(D41,'Biểu 1 TH CÔNG'!$C$11:$AL$88,36,0) -> 0 | U41: =+S41+T41 -> 0 | V41: =VLOOKUP(D41,'Biểu 1 TH CÔNG'!$C$11:$AM$88,37,0) -> 31 | W41: 0 | X41: =ROUND(((Q41*46.1*$H$8)+(R41*76.9*$H$8)+(S41*(46.1*2*$H$8))+(U41*100000)+(T41*(76.9*2*$H$8))+(V41*20000)+(W41*30.7*$H$8)),0) -> 1656874 | Y41: =+P41+H41+X41 -> 5050604.1 | AA41: =Y41-Z41 -> 5050604.1
A42: 30 | C42: 04167 | D42: =+'Biểu 1 TH CÔNG'!C40 -> Nang Banh | F42: CNKT | H42: =G42*25000 -> 0 | I42: =VLOOKUP(D42,'Biểu 2 TH MỦ TẠP'!$C$11:$AI$87,33,0) -> 3575 | J42: =VLOOKUP(D42,'Biểu 2 TH MỦ TẠP'!$C$11:$AK$87,35,0) -> 1441.168 | K42: 0 | L42: 0 | M42: =+VLOOKUP(D42,'Biểu 2 TH MỦ TẠP'!$C$11:$AN$87,38,0) -> 140.67188 | N42: =+J42+L42+M42 -> 1581.8398 | O42: =VLOOKUP(D42,'Biểu 2 TH MỦ TẠP'!$C$11:$AP$87,40,0) -> A | P42: =(IF(O42="A",(N42*6.1),IF(O42="B",(N42*5.8),IF(O42="C",(N42*5.5),IF(O42="D",(N42*5.2),0))))*$G$8) -> 5789533.8 | Q42: =VLOOKUP(D42,'Biểu 1 TH CÔNG'!$C$11:$AI$88,33,0) -> 27 | R42: =VLOOKUP(D42,'Biểu 1 TH CÔNG'!$C$11:$AJ$88,34,0) -> 4 | S42: =VLOOKUP(D42,'Biểu 1 TH CÔNG'!$C$11:$AK$88,35,0) -> 0 | T42: =VLOOKUP(D42,'Biểu 1 TH CÔNG'!$C$11:$AL$88,36,0) -> 0 | U42: =+S42+T42 -> 0 | V42: =VLOOKUP(D42,'Biểu 1 TH CÔNG'!$C$11:$AM$88,37,0) -> 31 | W42: 0 | X42: =ROUND(((Q42*46.1*$H$8)+(R42*76.9*$H$8)+(S42*(46.1*2*$H$8))+(U42*100000)+(T42*(76.9*2*$H$8))+(V42*20000)+(W42*30.7*$H$8)),0) -> 1656874 | Y42: =+P42+H42+X42 -> 7446407.8 | AA42: =Y42-Z42 -> 7446407.8
A43: 31 | C43: 04168 | D43: =+'Biểu 1 TH CÔNG'!C41 -> Thảo Boi | F43: CNKT | H43: =G43*25000 -> 0 | I43: =VLOOKUP(D43,'Biểu 2 TH MỦ TẠP'!$C$11:$AI$87,33,0) -> 3067 | J43: =VLOOKUP(D43,'Biểu 2 TH MỦ TẠP'!$C$11:$AK$87,35,0) -> 1236.381 | K43: 0 | L43: 0 | M43: =+VLOOKUP(D43,'Biểu 2 TH MỦ TẠP'!$C$11:$AN$87,38,0) -> 120.6827 | N43: =+J43+L43+M43 -> 1357.0637 | O43: =VLOOKUP(D43,'Biểu 2 TH MỦ TẠP'!$C$11:$AP$87,40,0) -> B | P43: =(IF(O43="A",(N43*6.1),IF(O43="B",(N43*5.8),IF(O43="C",(N43*5.5),IF(O43="D",(N43*5.2),0))))*$G$8) -> 4722581.7 | Q43: =VLOOKUP(D43,'Biểu 1 TH CÔNG'!$C$11:$AI$88,33,0) -> 27 | R43: =VLOOKUP(D43,'Biểu 1 TH CÔNG'!$C$11:$AJ$88,34,0) -> 4 | S43: =VLOOKUP(D43,'Biểu 1 TH CÔNG'!$C$11:$AK$88,35,0) -> 0 | T43: =VLOOKUP(D43,'Biểu 1 TH CÔNG'!$C$11:$AL$88,36,0) -> 0 | U43: =+S43+T43 -> 0 | V43: =VLOOKUP(D43,'Biểu 1 TH CÔNG'!$C$11:$AM$88,37,0) -> 31 | W43: 0 | X43: =ROUND(((Q43*46.1*$H$8)+(R43*76.9*$H$8)+(S43*(46.1*2*$H$8))+(U43*100000)+(T43*(76.9*2*$H$8))+(V43*20000)+(W43*30.7*$H$8)),0) -> 1656874 | Y43: =+P43+H43+X43 -> 6379455.7 | AA43: =Y43-Z43 -> 6379455.7
A44: 32 | D44: =+'Biểu 1 TH CÔNG'!C42 -> Cha Lơ | F44: CNKT | H44: =G44*25000 -> 0 | I44: =VLOOKUP(D44,'Biểu 2 TH MỦ TẠP'!$C$11:$AI$87,33,0) -> 1879 | J44: =VLOOKUP(D44,'Biểu 2 TH MỦ TẠP'!$C$11:$AK$87,35,0) -> 757.46982 | K44: 0 | L44: 0 | M44: =+VLOOKUP(D44,'Biểu 2 TH MỦ TẠP'!$C$11:$AN$87,38,0) -> 73.936354 | N44: =+J44+L44+M44 -> 831.40617 | O44: =VLOOKUP(D44,'Biểu 2 TH MỦ TẠP'!$C$11:$AP$87,40,0) -> B | P44: =(IF(O44="A",(N44*6.1),IF(O44="B",(N44*5.8),IF(O44="C",(N44*5.5),IF(O44="D",(N44*5.2),0))))*$G$8) -> 2893293.5 | Q44: =VLOOKUP(D44,'Biểu 1 TH CÔNG'!$C$11:$AI$88,33,0) -> 26 | R44: =VLOOKUP(D44,'Biểu 1 TH CÔNG'!$C$11:$AJ$88,34,0) -> 4 | S44: =VLOOKUP(D44,'Biểu 1 TH CÔNG'!$C$11:$AK$88,35,0) -> 0 | T44: =VLOOKUP(D44,'Biểu 1 TH CÔNG'!$C$11:$AL$88,36,0) -> 0 | U44: =+S44+T44 -> 0 | V44: =VLOOKUP(D44,'Biểu 1 TH CÔNG'!$C$11:$AM$88,37,0) -> 30 | W44: 0 | X44: =ROUND(((Q44*46.1*$H$8)+(R44*76.9*$H$8)+(S44*(46.1*2*$H$8))+(U44*100000)+(T44*(76.9*2*$H$8))+(V44*20000)+(W44*30.7*$H$8)),0) -> 1606081 | Y44: =+P44+H44+X44 -> 4499374.5 | AA44: =Y44-Z44 -> 4499374.5
A45: 33 | C45: 02875 | D45: =+'Biểu 1 TH CÔNG'!C43 -> Nang Cung | F45: CNKT | H45: =G45*25000 -> 0 | I45: =VLOOKUP(D45,'Biểu 2 TH MỦ TẠP'!$C$11:$AI$87,33,0) -> 2195 | J45: =VLOOKUP(D45,'Biểu 2 TH MỦ TẠP'!$C$11:$AK$87,35,0) -> 884.85697 | K45: 0 | L45: 0 | M45: =+VLOOKUP(D45,'Biểu 2 TH MỦ TẠP'!$C$11:$AN$87,38,0) -> 86.370567 | N45: =+J45+L45+M45 -> 971.22754 | O45: =VLOOKUP(D45,'Biểu 2 TH MỦ TẠP'!$C$11:$AP$87,40,0) -> B | P45: =(IF(O45="A",(N45*6.1),IF(O45="B",(N45*5.8),IF(O45="C",(N45*5.5),IF(O45="D",(N45*5.2),0))))*$G$8) -> 3379871.8 | Q45: =VLOOKUP(D45,'Biểu 1 TH CÔNG'!$C$11:$AI$88,33,0) -> 25 | R45: =VLOOKUP(D45,'Biểu 1 TH CÔNG'!$C$11:$AJ$88,34,0) -> 2 | S45: =VLOOKUP(D45,'Biểu 1 TH CÔNG'!$C$11:$AK$88,35,0) -> 0 | T45: =VLOOKUP(D45,'Biểu 1 TH CÔNG'!$C$11:$AL$88,36,0) -> 0 | U45: =+S45+T45 -> 0 | V45: =VLOOKUP(D45,'Biểu 1 TH CÔNG'!$C$11:$AM$88,37,0) -> 27 | W45: 0 | X45: =ROUND(((Q45*46.1*$H$8)+(R45*76.9*$H$8)+(S45*(46.1*2*$H$8))+(U45*100000)+(T45*(76.9*2*$H$8))+(V45*20000)+(W45*30.7*$H$8)),0) -> 1412556 | Y45: =+P45+H45+X45 -> 4792427.8 | AA45: =Y45-Z45 -> 4792427.8
A46: 34 | C46: 04170 | D46: =+'Biểu 1 TH CÔNG'!C44 -> Thảo Xen | F46: CNKT | H46: =G46*25000 -> 0 | I46: =VLOOKUP(D46,'Biểu 2 TH MỦ TẠP'!$C$11:$AI$87,33,0) -> 2002 | J46: =VLOOKUP(D46,'Biểu 2 TH MỦ TẠP'!$C$11:$AK$87,35,0) -> 807.05406 | K46: 0 | L46: 0 | M46: =+VLOOKUP(D46,'Biểu 2 TH MỦ TẠP'!$C$11:$AN$87,38,0) -> 78.776253 | N46: =+J46+L46+M46 -> 885.83031 | O46: =VLOOKUP(D46,'Biểu 2 TH MỦ TẠP'!$C$11:$AP$87,40,0) -> A | P46: =(IF(O46="A",(N46*6.1),IF(O46="B",(N46*5.8),IF(O46="C",(N46*5.5),IF(O46="D",(N46*5.2),0))))*$G$8) -> 3242138.9 | Q46: =VLOOKUP(D46,'Biểu 1 TH CÔNG'!$C$11:$AI$88,33,0) -> 27 | R46: =VLOOKUP(D46,'Biểu 1 TH CÔNG'!$C$11:$AJ$88,34,0) -> 4 | S46: =VLOOKUP(D46,'Biểu 1 TH CÔNG'!$C$11:$AK$88,35,0) -> 0 | T46: =VLOOKUP(D46,'Biểu 1 TH CÔNG'!$C$11:$AL$88,36,0) -> 0 | U46: =+S46+T46 -> 0 | V46: =VLOOKUP(D46,'Biểu 1 TH CÔNG'!$C$11:$AM$88,37,0) -> 31 | W46: 0 | X46: =ROUND(((Q46*46.1*$H$8)+(R46*76.9*$H$8)+(S46*(46.1*2*$H$8))+(U46*100000)+(T46*(76.9*2*$H$8))+(V46*20000)+(W46*30.7*$H$8)),0) -> 1656874 | Y46: =+P46+H46+X46 -> 4899012.9 | AA46: =Y46-Z46 -> 4899012.9
A47: 35 | D47: =+'Biểu 1 TH CÔNG'!C45 -> Phò Nhuận | F47: CNK | H47: =G47*25000 -> 0 | I47: 0 | J47: 0 | K47: 0 | L47: 0 | N47: =+J47+L47+M47 -> 0 | P47: =(IF(O47="A",(N47*6.1),IF(O47="B",(N47*5.8),IF(O47="C",(N47*5.5),IF(O47="D",(N47*5.2),0))))*$G$8) -> 0 | Q47: =VLOOKUP(D47,'Biểu 1 TH CÔNG'!$C$11:$AI$88,33,0) -> 13 | R47: =VLOOKUP(D47,'Biểu 1 TH CÔNG'!$C$11:$AJ$88,34,0) -> 4 | S47: =VLOOKUP(D47,'Biểu 1 TH CÔNG'!$C$11:$AK$88,35,0) -> 0 | T47: =VLOOKUP(D47,'Biểu 1 TH CÔNG'!$C$11:$AL$88,36,0) -> 0 | U47: =+S47+T47 -> 0 | V47: =VLOOKUP(D47,'Biểu 1 TH CÔNG'!$C$11:$AM$88,37,0) -> 17 | W47: 0 | X47: =ROUND(((Q47*46.1*$H$8)+(R47*76.9*$H$8)+(S47*(46.1*2*$H$8))+(U47*100000)+(T47*(76.9*2*$H$8))+(V47*20000)+(W47*30.7*$H$8)),0) -> 945773 | Y47: =+P47+H47+X47 -> 945773 | AA47: =Y47-Z47 -> 945773
A48: 36 | B48: 1 | D48: =+'Biểu 1 TH CÔNG'!C46 -> Nàng Pong | F48: CNK | H48: =G48*25000 -> 0 | I48: =VLOOKUP(D48,'Biểu 2 TH MỦ TẠP'!$C$11:$AI$87,33,0) -> 2680 | J48: =VLOOKUP(D48,'Biểu 2 TH MỦ TẠP'!$C$11:$AK$87,35,0) -> 1080.3721 | K48: 0 | L48: 0 | M48: =+VLOOKUP(D48,'Biểu 2 TH MỦ TẠP'!$C$11:$AN$87,38,0) -> 105.45472 | N48: =+J48+L48+M48 -> 1185.8268 | O48: =VLOOKUP(D48,'Biểu 2 TH MỦ TẠP'!$C$11:$AP$87,40,0) -> B | P48: =(IF(O48="A",(N48*6.1),IF(O48="B",(N48*5.8),IF(O48="C",(N48*5.5),IF(O48="D",(N48*5.2),0))))*$G$8) -> 4126677.2 | Q48: =VLOOKUP(D48,'Biểu 1 TH CÔNG'!$C$11:$AI$88,33,0) -> 26 | R48: =VLOOKUP(D48,'Biểu 1 TH CÔNG'!$C$11:$AJ$88,34,0) -> 3 | S48: =VLOOKUP(D48,'Biểu 1 TH CÔNG'!$C$11:$AK$88,35,0) -> 1 | T48: =VLOOKUP(D48,'Biểu 1 TH CÔNG'!$C$11:$AL$88,36,0) -> 1 | U48: =+S48+T48 -> 2 | V48: =VLOOKUP(D48,'Biểu 1 TH CÔNG'!$C$11:$AM$88,37,0) -> 31 | W48: 0 | X48: =ROUND(((Q48*46.1*$H$8)+(R48*76.9*$H$8)+(S48*(46.1*2*$H$8))+(U48*100000)+(T48*(76.9*2*$H$8))+(V48*20000)+(W48*30.7*$H$8)),0) -> 1939033 | Y48: =+P48+H48+X48 -> 6065710.2 | AA48: =Y48-Z48 -> 6065710.2
A49: 37 | B49: 2 | D49: =+'Biểu 1 TH CÔNG'!C47 -> Thảo Ơ | F49: CNK | H49: =G49*25000 -> 0 | I49: =VLOOKUP(D49,'Biểu 2 TH MỦ TẠP'!$C$11:$AI$87,33,0) -> 2626 | J49: =VLOOKUP(D49,'Biểu 2 TH MỦ TẠP'!$C$11:$AK$87,35,0) -> 1058.6034 | K49: 0 | L49: 0 | M49: =+VLOOKUP(D49,'Biểu 2 TH MỦ TẠP'!$C$11:$AN$87,38,0) -> 103.32989 | N49: =+J49+L49+M49 -> 1161.9333 | O49: =VLOOKUP(D49,'Biểu 2 TH MỦ TẠP'!$C$11:$AP$87,40,0) -> B | P49: =(IF(O49="A",(N49*6.1),IF(O49="B",(N49*5.8),IF(O49="C",(N49*5.5),IF(O49="D",(N49*5.2),0))))*$G$8) -> 4043527.8 | Q49: =VLOOKUP(D49,'Biểu 1 TH CÔNG'!$C$11:$AI$88,33,0) -> 26 | R49: =VLOOKUP(D49,'Biểu 1 TH CÔNG'!$C$11:$AJ$88,34,0) -> 3 | S49: =VLOOKUP(D49,'Biểu 1 TH CÔNG'!$C$11:$AK$88,35,0) -> 1 | T49: =VLOOKUP(D49,'Biểu 1 TH CÔNG'!$C$11:$AL$88,36,0) -> 1 | U49: =+S49+T49 -> 2 | V49: =VLOOKUP(D49,'Biểu 1 TH CÔNG'!$C$11:$AM$88,37,0) -> 31 | W49: 0 | X49: =ROUND(((Q49*46.1*$H$8)+(R49*76.9*$H$8)+(S49*(46.1*2*$H$8))+(U49*100000)+(T49*(76.9*2*$H$8))+(V49*20000)+(W49*30.7*$H$8)),0) -> 1939033 | Y49: =+P49+H49+X49 -> 5982560.8 | AA49: =Y49-Z49 -> 5982560.8
A50: 38 | B50: 3 | D50: =+'Biểu 1 TH CÔNG'!C48 -> Thảo Ui | F50: CNK | H50: =G50*25000 -> 0 | I50: =VLOOKUP(D50,'Biểu 2 TH MỦ TẠP'!$C$11:$AI$87,33,0) -> 2726 | J50: =VLOOKUP(D50,'Biểu 2 TH MỦ TẠP'!$C$11:$AK$87,35,0) -> 1098.9158 | K50: 0 | L50: 0 | M50: =+VLOOKUP(D50,'Biểu 2 TH MỦ TẠP'!$C$11:$AN$87,38,0) -> 107.26477 | N50: =+J50+L50+M50 -> 1206.1805 | O50: =VLOOKUP(D50,'Biểu 2 TH MỦ TẠP'!$C$11:$AP$87,40,0) -> A | P50: =(IF(O50="A",(N50*6.1),IF(O50="B",(N50*5.8),IF(O50="C",(N50*5.5),IF(O50="D",(N50*5.2),0))))*$G$8) -> 4414620.8 | Q50: =VLOOKUP(D50,'Biểu 1 TH CÔNG'!$C$11:$AI$88,33,0) -> 26 | R50: =VLOOKUP(D50,'Biểu 1 TH CÔNG'!$C$11:$AJ$88,34,0) -> 3 | S50: =VLOOKUP(D50,'Biểu 1 TH CÔNG'!$C$11:$AK$88,35,0) -> 1 | T50: =VLOOKUP(D50,'Biểu 1 TH CÔNG'!$C$11:$AL$88,36,0) -> 1 | U50: =+S50+T50 -> 2 | V50: =VLOOKUP(D50,'Biểu 1 TH CÔNG'!$C$11:$AM$88,37,0) -> 31 | W50: 0 | X50: =ROUND(((Q50*46.1*$H$8)+(R50*76.9*$H$8)+(S50*(46.1*2*$H$8))+(U50*100000)+(T50*(76.9*2*$H$8))+(V50*20000)+(W50*30.7*$H$8)),0) -> 1939033 | Y50: =+P50+H50+X50 -> 6353653.8 | AA50: =Y50-Z50 -> 6353653.8
A51: 39 | B51: 4 | D51: =+'Biểu 1 TH CÔNG'!C49 -> Thảo Xoan Chay | F51: CNK | H51: =G51*25000 -> 0 | I51: =VLOOKUP(D51,'Biểu 2 TH MỦ TẠP'!$C$11:$AI$87,33,0) -> 2696 | J51: =VLOOKUP(D51,'Biểu 2 TH MỦ TẠP'!$C$11:$AK$87,35,0) -> 1086.822 | K51: 0 | L51: 0 | M51: =+VLOOKUP(D51,'Biểu 2 TH MỦ TẠP'!$C$11:$AN$87,38,0) -> 106.08431 | N51: =+J51+L51+M51 -> 1192.9064 | O51: =VLOOKUP(D51,'Biểu 2 TH MỦ TẠP'!$C$11:$AP$87,40,0) -> B | P51: =(IF(O51="A",(N51*6.1),IF(O51="B",(N51*5.8),IF(O51="C",(N51*5.5),IF(O51="D",(N51*5.2),0))))*$G$8) -> 4151314.1 | Q51: =VLOOKUP(D51,'Biểu 1 TH CÔNG'!$C$11:$AI$88,33,0) -> 26 | R51: =VLOOKUP(D51,'Biểu 1 TH CÔNG'!$C$11:$AJ$88,34,0) -> 3 | S51: =VLOOKUP(D51,'Biểu 1 TH CÔNG'!$C$11:$AK$88,35,0) -> 1 | T51: =VLOOKUP(D51,'Biểu 1 TH CÔNG'!$C$11:$AL$88,36,0) -> 1 | U51: =+S51+T51 -> 2 | V51: =VLOOKUP(D51,'Biểu 1 TH CÔNG'!$C$11:$AM$88,37,0) -> 31 | W51: 0 | X51: =ROUND(((Q51*46.1*$H$8)+(R51*76.9*$H$8)+(S51*(46.1*2*$H$8))+(U51*100000)+(T51*(76.9*2*$H$8))+(V51*20000)+(W51*30.7*$H$8)),0) -> 1939033 | Y51: =+P51+H51+X51 -> 6090347.1 | Z51: 760000 | AA51: =Y51-Z51 -> 5330347.1
A52: 40 | B52: 5 | D52: =+'Biểu 1 TH CÔNG'!C50 -> Nàng Út | F52: CNK | H52: =G52*25000 -> 0 | I52: =VLOOKUP(D52,'Biểu 2 TH MỦ TẠP'!$C$11:$AI$87,33,0) -> 2736 | J52: =VLOOKUP(D52,'Biểu 2 TH MỦ TẠP'!$C$11:$AK$87,35,0) -> 1102.947 | K52: 0 | L52: 0 | M52: =+VLOOKUP(D52,'Biểu 2 TH MỦ TẠP'!$C$11:$AN$87,38,0) -> 107.65826 | N52: =+J52+L52+M52 -> 1210.6053 | O52: =VLOOKUP(D52,'Biểu 2 TH MỦ TẠP'!$C$11:$AP$87,40,0) -> B | P52: =(IF(O52="A",(N52*6.1),IF(O52="B",(N52*5.8),IF(O52="C",(N52*5.5),IF(O52="D",(N52*5.2),0))))*$G$8) -> 4212906.3 | Q52: =VLOOKUP(D52,'Biểu 1 TH CÔNG'!$C$11:$AI$88,33,0) -> 26 | R52: =VLOOKUP(D52,'Biểu 1 TH CÔNG'!$C$11:$AJ$88,34,0) -> 3 | S52: =VLOOKUP(D52,'Biểu 1 TH CÔNG'!$C$11:$AK$88,35,0) -> 1 | T52: =VLOOKUP(D52,'Biểu 1 TH CÔNG'!$C$11:$AL$88,36,0) -> 1 | U52: =+S52+T52 -> 2 | V52: =VLOOKUP(D52,'Biểu 1 TH CÔNG'!$C$11:$AM$88,37,0) -> 31 | W52: 0 | X52: =ROUND(((Q52*46.1*$H$8)+(R52*76.9*$H$8)+(S52*(46.1*2*$H$8))+(U52*100000)+(T52*(76.9*2*$H$8))+(V52*20000)+(W52*30.7*$H$8)),0) -> 1939033 | Y52: =+P52+H52+X52 -> 6151939.3 | AA52: =Y52-Z52 -> 6151939.3
A53: 41 | B53: 6 | D53: =+'Biểu 1 TH CÔNG'!C51 -> Thảo Phôn Xay | F53: CNK | H53: =G53*25000 -> 0 | I53: =VLOOKUP(D53,'Biểu 2 TH MỦ TẠP'!$C$11:$AI$87,33,0) -> 2828 | J53: =VLOOKUP(D53,'Biểu 2 TH MỦ TẠP'!$C$11:$AK$87,35,0) -> 1140.0344 | K53: 0 | L53: 0 | M53: =+VLOOKUP(D53,'Biểu 2 TH MỦ TẠP'!$C$11:$AN$87,38,0) -> 111.27834 | N53: =+J53+L53+M53 -> 1251.3127 | O53: =VLOOKUP(D53,'Biểu 2 TH MỦ TẠP'!$C$11:$AP$87,40,0) -> B | P53: =(IF(O53="A",(N53*6.1),IF(O53="B",(N53*5.8),IF(O53="C",(N53*5.5),IF(O53="D",(N53*5.2),0))))*$G$8) -> 4354568.4 | Q53: =VLOOKUP(D53,'Biểu 1 TH CÔNG'!$C$11:$AI$88,33,0) -> 26 | R53: =VLOOKUP(D53,'Biểu 1 TH CÔNG'!$C$11:$AJ$88,34,0) -> 3 | S53: =VLOOKUP(D53,'Biểu 1 TH CÔNG'!$C$11:$AK$88,35,0) -> 1 | T53: =VLOOKUP(D53,'Biểu 1 TH CÔNG'!$C$11:$AL$88,36,0) -> 1 | U53: =+S53+T53 -> 2 | V53: =VLOOKUP(D53,'Biểu 1 TH CÔNG'!$C$11:$AM$88,37,0) -> 31 | W53: 0 | X53: =ROUND(((Q53*46.1*$H$8)+(R53*76.9*$H$8)+(S53*(46.1*2*$H$8))+(U53*100000)+(T53*(76.9*2*$H$8))+(V53*20000)+(W53*30.7*$H$8)),0) -> 1939033 | Y53: =+P53+H53+X53 -> 6293601.4 | AA53: =Y53-Z53 -> 6293601.4
A54: 42 | B54: 7 | C54: 04172 | D54: =+'Biểu 1 TH CÔNG'!C52 -> Nàng Phêng | F54: CNKT | H54: =G54*25000 -> 0 | I54: =VLOOKUP(D54,'Biểu 2 TH MỦ TẠP'!$C$11:$AI$87,33,0) -> 2652 | J54: =VLOOKUP(D54,'Biểu 2 TH MỦ TẠP'!$C$11:$AK$87,35,0) -> 1069.0846 | K54: 0 | L54: 0 | M54: =+VLOOKUP(D54,'Biểu 2 TH MỦ TẠP'!$C$11:$AN$87,38,0) -> 104.35296 | N54: =+J54+L54+M54 -> 1173.4376 | O54: =VLOOKUP(D54,'Biểu 2 TH MỦ TẠP'!$C$11:$AP$87,40,0) -> A | P54: =(IF(O54="A",(N54*6.1),IF(O54="B",(N54*5.8),IF(O54="C",(N54*5.5),IF(O54="D",(N54*5.2),0))))*$G$8) -> 4294781.5 | Q54: =VLOOKUP(D54,'Biểu 1 TH CÔNG'!$C$11:$AI$88,33,0) -> 26 | R54: =VLOOKUP(D54,'Biểu 1 TH CÔNG'!$C$11:$AJ$88,34,0) -> 3 | S54: =VLOOKUP(D54,'Biểu 1 TH CÔNG'!$C$11:$AK$88,35,0) -> 1 | T54: =VLOOKUP(D54,'Biểu 1 TH CÔNG'!$C$11:$AL$88,36,0) -> 1 | U54: =+S54+T54 -> 2 | V54: =VLOOKUP(D54,'Biểu 1 TH CÔNG'!$C$11:$AM$88,37,0) -> 31 | W54: 0 | X54: =ROUND(((Q54*46.1*$H$8)+(R54*76.9*$H$8)+(S54*(46.1*2*$H$8))+(U54*100000)+(T54*(76.9*2*$H$8))+(V54*20000)+(W54*30.7*$H$8)),0) -> 1939033 | Y54: =+P54+H54+X54 -> 6233814.5 | AA54: =Y54-Z54 -> 6233814.5
A55: 43 | B55: 8 | C55: 04173 | D55: =+'Biểu 1 TH CÔNG'!C53 -> Thảo Phíc | F55: CNKT | H55: =G55*25000 -> 0 | I55: =VLOOKUP(D55,'Biểu 2 TH MỦ TẠP'!$C$11:$AI$87,33,0) -> 2322 | J55: =VLOOKUP(D55,'Biểu 2 TH MỦ TẠP'!$C$11:$AK$87,35,0) -> 936.05371 | K55: 0 | L55: 0 | M55: =+VLOOKUP(D55,'Biểu 2 TH MỦ TẠP'!$C$11:$AN$87,38,0) -> 91.367862 | N55: =+J55+L55+M55 -> 1027.4216 | O55: =VLOOKUP(D55,'Biểu 2 TH MỦ TẠP'!$C$11:$AP$87,40,0) -> B | P55: =(IF(O55="A",(N55*6.1),IF(O55="B",(N55*5.8),IF(O55="C",(N55*5.5),IF(O55="D",(N55*5.2),0))))*$G$8) -> 3575427.1 | Q55: =VLOOKUP(D55,'Biểu 1 TH CÔNG'!$C$11:$AI$88,33,0) -> 26 | R55: =VLOOKUP(D55,'Biểu 1 TH CÔNG'!$C$11:$AJ$88,34,0) -> 3 | S55: =VLOOKUP(D55,'Biểu 1 TH CÔNG'!$C$11:$AK$88,35,0) -> 1 | T55: =VLOOKUP(D55,'Biểu 1 TH CÔNG'!$C$11:$AL$88,36,0) -> 1 | U55: =+S55+T55 -> 2 | V55: =VLOOKUP(D55,'Biểu 1 TH CÔNG'!$C$11:$AM$88,37,0) -> 31 | W55: 0 | X55: =ROUND(((Q55*46.1*$H$8)+(R55*76.9*$H$8)+(S55*(46.1*2*$H$8))+(U55*100000)+(T55*(76.9*2*$H$8))+(V55*20000)+(W55*30.7*$H$8)),0) -> 1939033 | Y55: =+P55+H55+X55 -> 5514460.1 | AA55: =Y55-Z55 -> 5514460.1
A56: 44 | B56: 9 | C56: 04174 | D56: =+'Biểu 1 TH CÔNG'!C54 -> Nàng Chai | F56: CNKT | H56: =G56*25000 -> 0 | I56: =VLOOKUP(D56,'Biểu 2 TH MỦ TẠP'!$C$11:$AI$87,33,0) -> 2222 | J56: =VLOOKUP(D56,'Biểu 2 TH MỦ TẠP'!$C$11:$AK$87,35,0) -> 895.74132 | K56: 0 | L56: 0 | M56: =+VLOOKUP(D56,'Biểu 2 TH MỦ TẠP'!$C$11:$AN$87,38,0) -> 87.432984 | N56: =+J56+L56+M56 -> 983.1743 | O56: =VLOOKUP(D56,'Biểu 2 TH MỦ TẠP'!$C$11:$AP$87,40,0) -> A | P56: =(IF(O56="A",(N56*6.1),IF(O56="B",(N56*5.8),IF(O56="C",(N56*5.5),IF(O56="D",(N56*5.2),0))))*$G$8) -> 3598417.9 | Q56: =VLOOKUP(D56,'Biểu 1 TH CÔNG'!$C$11:$AI$88,33,0) -> 26 | R56: =VLOOKUP(D56,'Biểu 1 TH CÔNG'!$C$11:$AJ$88,34,0) -> 3 | S56: =VLOOKUP(D56,'Biểu 1 TH CÔNG'!$C$11:$AK$88,35,0) -> 1 | T56: =VLOOKUP(D56,'Biểu 1 TH CÔNG'!$C$11:$AL$88,36,0) -> 1 | U56: =+S56+T56 -> 2 | V56: =VLOOKUP(D56,'Biểu 1 TH CÔNG'!$C$11:$AM$88,37,0) -> 31 | W56: 0 | X56: =ROUND(((Q56*46.1*$H$8)+(R56*76.9*$H$8)+(S56*(46.1*2*$H$8))+(U56*100000)+(T56*(76.9*2*$H$8))+(V56*20000)+(W56*30.7*$H$8)),0) -> 1939033 | Y56: =+P56+H56+X56 -> 5537450.9 | AA56: =Y56-Z56 -> 5537450.9
A57: 45 | B57: 10 | C57: 04175 | D57: =+'Biểu 1 TH CÔNG'!C55 -> Thảo Viêng | F57: CNKT | H57: =G57*25000 -> 0 | I57: =VLOOKUP(D57,'Biểu 2 TH MỦ TẠP'!$C$11:$AI$87,33,0) -> 2707 | J57: =VLOOKUP(D57,'Biểu 2 TH MỦ TẠP'!$C$11:$AK$87,35,0) -> 1091.2564 | K57: 0 | L57: 0 | M57: =+VLOOKUP(D57,'Biểu 2 TH MỦ TẠP'!$C$11:$AN$87,38,0) -> 106.51714 | N57: =+J57+L57+M57 -> 1197.7736 | O57: =VLOOKUP(D57,'Biểu 2 TH MỦ TẠP'!$C$11:$AP$87,40,0) -> A | P57: =(IF(O57="A",(N57*6.1),IF(O57="B",(N57*5.8),IF(O57="C",(N57*5.5),IF(O57="D",(N57*5.2),0))))*$G$8) -> 4383851.2 | Q57: =VLOOKUP(D57,'Biểu 1 TH CÔNG'!$C$11:$AI$88,33,0) -> 26 | R57: =VLOOKUP(D57,'Biểu 1 TH CÔNG'!$C$11:$AJ$88,34,0) -> 3 | S57: =VLOOKUP(D57,'Biểu 1 TH CÔNG'!$C$11:$AK$88,35,0) -> 1 | T57: =VLOOKUP(D57,'Biểu 1 TH CÔNG'!$C$11:$AL$88,36,0) -> 1 | U57: =+S57+T57 -> 2 | V57: =VLOOKUP(D57,'Biểu 1 TH CÔNG'!$C$11:$AM$88,37,0) -> 31 | W57: 0 | X57: =ROUND(((Q57*46.1*$H$8)+(R57*76.9*$H$8)+(S57*(46.1*2*$H$8))+(U57*100000)+(T57*(76.9*2*$H$8))+(V57*20000)+(W57*30.7*$H$8)),0) -> 1939033 | Y57: =+P57+H57+X57 -> 6322884.2 | AA57: =Y57-Z57 -> 6322884.2
A58: 46 | B58: 11 | C58: 04176 | D58: =+'Biểu 1 TH CÔNG'!C56 -> Thảo Xượm | F58: CNKT | H58: =G58*25000 -> 0 | I58: =VLOOKUP(D58,'Biểu 2 TH MỦ TẠP'!$C$11:$AI$87,33,0) -> 2543 | J58: =VLOOKUP(D58,'Biểu 2 TH MỦ TẠP'!$C$11:$AK$87,35,0) -> 1025.1441 | K58: 0 | L58: 0 | M58: =+VLOOKUP(D58,'Biểu 2 TH MỦ TẠP'!$C$11:$AN$87,38,0) -> 100.06394 | N58: =+J58+L58+M58 -> 1125.208 | O58: =VLOOKUP(D58,'Biểu 2 TH MỦ TẠP'!$C$11:$AP$87,40,0) -> B | P58: =(IF(O58="A",(N58*6.1),IF(O58="B",(N58*5.8),IF(O58="C",(N58*5.5),IF(O58="D",(N58*5.2),0))))*$G$8) -> 3915724 | Q58: =VLOOKUP(D58,'Biểu 1 TH CÔNG'!$C$11:$AI$88,33,0) -> 26 | R58: =VLOOKUP(D58,'Biểu 1 TH CÔNG'!$C$11:$AJ$88,34,0) -> 3 | S58: =VLOOKUP(D58,'Biểu 1 TH CÔNG'!$C$11:$AK$88,35,0) -> 1 | T58: =VLOOKUP(D58,'Biểu 1 TH CÔNG'!$C$11:$AL$88,36,0) -> 1 | U58: =+S58+T58 -> 2 | V58: =VLOOKUP(D58,'Biểu 1 TH CÔNG'!$C$11:$AM$88,37,0) -> 31 | W58: 0 | X58: =ROUND(((Q58*46.1*$H$8)+(R58*76.9*$H$8)+(S58*(46.1*2*$H$8))+(U58*100000)+(T58*(76.9*2*$H$8))+(V58*20000)+(W58*30.7*$H$8)),0) -> 1939033 | Y58: =+P58+H58+X58 -> 5854757 | AA58: =Y58-Z58 -> 5854757
A59: 47 | B59: 12 | C59: 04177 | D59: =+'Biểu 1 TH CÔNG'!C57 -> Thảo Tích | F59: CNKT | H59: =G59*25000 -> 0 | I59: =VLOOKUP(D59,'Biểu 2 TH MỦ TẠP'!$C$11:$AI$87,33,0) -> 2473 | J59: =VLOOKUP(D59,'Biểu 2 TH MỦ TẠP'!$C$11:$AK$87,35,0) -> 996.92542 | K59: 0 | L59: 0 | M59: =+VLOOKUP(D59,'Biểu 2 TH MỦ TẠP'!$C$11:$AN$87,38,0) -> 97.309528 | N59: =+J59+L59+M59 -> 1094.2349 | O59: =VLOOKUP(D59,'Biểu 2 TH MỦ TẠP'!$C$11:$AP$87,40,0) -> B | P59: =(IF(O59="A",(N59*6.1),IF(O59="B",(N59*5.8),IF(O59="C",(N59*5.5),IF(O59="D",(N59*5.2),0))))*$G$8) -> 3807937.6 | Q59: =VLOOKUP(D59,'Biểu 1 TH CÔNG'!$C$11:$AI$88,33,0) -> 26 | R59: =VLOOKUP(D59,'Biểu 1 TH CÔNG'!$C$11:$AJ$88,34,0) -> 3 | S59: =VLOOKUP(D59,'Biểu 1 TH CÔNG'!$C$11:$AK$88,35,0) -> 1 | T59: =VLOOKUP(D59,'Biểu 1 TH CÔNG'!$C$11:$AL$88,36,0) -> 1 | U59: =+S59+T59 -> 2 | V59: =VLOOKUP(D59,'Biểu 1 TH CÔNG'!$C$11:$AM$88,37,0) -> 31 | W59: 0 | X59: =ROUND(((Q59*46.1*$H$8)+(R59*76.9*$H$8)+(S59*(46.1*2*$H$8))+(U59*100000)+(T59*(76.9*2*$H$8))+(V59*20000)+(W59*30.7*$H$8)),0) -> 1939033 | Y59: =+P59+H59+X59 -> 5746970.6 | Z59: 760000 | AA59: =Y59-Z59 -> 4986970.6
A60: 48 | B60: 13 | C60: 04178 | D60: =+'Biểu 1 TH CÔNG'!C58 -> Nàng Thoong | F60: CNKT | H60: =G60*25000 -> 0 | I60: =VLOOKUP(D60,'Biểu 2 TH MỦ TẠP'!$C$11:$AI$87,33,0) -> 2473 | J60: =VLOOKUP(D60,'Biểu 2 TH MỦ TẠP'!$C$11:$AK$87,35,0) -> 996.92542 | K60: 0 | L60: 0 | M60: =+VLOOKUP(D60,'Biểu 2 TH MỦ TẠP'!$C$11:$AN$87,38,0) -> 97.309528 | N60: =+J60+L60+M60 -> 1094.2349 | O60: =VLOOKUP(D60,'Biểu 2 TH MỦ TẠP'!$C$11:$AP$87,40,0) -> B | P60: =(IF(O60="A",(N60*6.1),IF(O60="B",(N60*5.8),IF(O60="C",(N60*5.5),IF(O60="D",(N60*5.2),0))))*$G$8) -> 3807937.6 | Q60: =VLOOKUP(D60,'Biểu 1 TH CÔNG'!$C$11:$AI$88,33,0) -> 26 | R60: =VLOOKUP(D60,'Biểu 1 TH CÔNG'!$C$11:$AJ$88,34,0) -> 3 | S60: =VLOOKUP(D60,'Biểu 1 TH CÔNG'!$C$11:$AK$88,35,0) -> 1 | T60: =VLOOKUP(D60,'Biểu 1 TH CÔNG'!$C$11:$AL$88,36,0) -> 1 | U60: =+S60+T60 -> 2 | V60: =VLOOKUP(D60,'Biểu 1 TH CÔNG'!$C$11:$AM$88,37,0) -> 31 | W60: 0 | X60: =ROUND(((Q60*46.1*$H$8)+(R60*76.9*$H$8)+(S60*(46.1*2*$H$8))+(U60*100000)+(T60*(76.9*2*$H$8))+(V60*20000)+(W60*30.7*$H$8)),0) -> 1939033 | Y60: =+P60+H60+X60 -> 5746970.6 | Z60: 760000 | AA60: =Y60-Z60 -> 4986970.6
A61: 49 | B61: 14 | C61: 04179 | D61: =+'Biểu 1 TH CÔNG'!C59 -> Thảo Tý 2 | F61: CNKT | H61: =G61*25000 -> 0 | I61: =VLOOKUP(D61,'Biểu 2 TH MỦ TẠP'!$C$11:$AI$87,33,0) -> 3202 | J61: =VLOOKUP(D61,'Biểu 2 TH MỦ TẠP'!$C$11:$AK$87,35,0) -> 1290.8027 | K61: 0 | L61: 0 | M61: =+VLOOKUP(D61,'Biểu 2 TH MỦ TẠP'!$C$11:$AN$87,38,0) -> 125.99479 | N61: =+J61+L61+M61 -> 1416.7975 | O61: =VLOOKUP(D61,'Biểu 2 TH MỦ TẠP'!$C$11:$AP$87,40,0) -> B | P61: =(IF(O61="A",(N61*6.1),IF(O61="B",(N61*5.8),IF(O61="C",(N61*5.5),IF(O61="D",(N61*5.2),0))))*$G$8) -> 4930455.4 | Q61: =VLOOKUP(D61,'Biểu 1 TH CÔNG'!$C$11:$AI$88,33,0) -> 26 | R61: =VLOOKUP(D61,'Biểu 1 TH CÔNG'!$C$11:$AJ$88,34,0) -> 3 | S61: =VLOOKUP(D61,'Biểu 1 TH CÔNG'!$C$11:$AK$88,35,0) -> 1 | T61: =VLOOKUP(D61,'Biểu 1 TH CÔNG'!$C$11:$AL$88,36,0) -> 1 | U61: =+S61+T61 -> 2 | V61: =VLOOKUP(D61,'Biểu 1 TH CÔNG'!$C$11:$AM$88,37,0) -> 31 | W61: 0 | X61: =ROUND(((Q61*46.1*$H$8)+(R61*76.9*$H$8)+(S61*(46.1*2*$H$8))+(U61*100000)+(T61*(76.9*2*$H$8))+(V61*20000)+(W61*30.7*$H$8)),0) -> 1939033 | Y61: =+P61+H61+X61 -> 6869488.4 | AA61: =Y61-Z61 -> 6869488.4
A62: 50 | B62: 15 | C62: 04180 | D62: =+'Biểu 1 TH CÔNG'!C60 -> Nàng Mui | F62: CNKT | H62: =G62*25000 -> 0 | I62: =VLOOKUP(D62,'Biểu 2 TH MỦ TẠP'!$C$11:$AI$87,33,0) -> 2540 | J62: =VLOOKUP(D62,'Biểu 2 TH MỦ TẠP'!$C$11:$AK$87,35,0) -> 1023.9347 | K62: 0 | L62: 0 | M62: =+VLOOKUP(D62,'Biểu 2 TH MỦ TẠP'!$C$11:$AN$87,38,0) -> 99.945896 | N62: =+J62+L62+M62 -> 1123.8806 | O62: =VLOOKUP(D62,'Biểu 2 TH MỦ TẠP'!$C$11:$AP$87,40,0) -> B | P62: =(IF(O62="A",(N62*6.1),IF(O62="B",(N62*5.8),IF(O62="C",(N62*5.5),IF(O62="D",(N62*5.2),0))))*$G$8) -> 3911104.5 | Q62: =VLOOKUP(D62,'Biểu 1 TH CÔNG'!$C$11:$AI$88,33,0) -> 26 | R62: =VLOOKUP(D62,'Biểu 1 TH CÔNG'!$C$11:$AJ$88,34,0) -> 3 | S62: =VLOOKUP(D62,'Biểu 1 TH CÔNG'!$C$11:$AK$88,35,0) -> 1 | T62: =VLOOKUP(D62,'Biểu 1 TH CÔNG'!$C$11:$AL$88,36,0) -> 1 | U62: =+S62+T62 -> 2 | V62: =VLOOKUP(D62,'Biểu 1 TH CÔNG'!$C$11:$AM$88,37,0) -> 31 | W62: 0 | X62: =ROUND(((Q62*46.1*$H$8)+(R62*76.9*$H$8)+(S62*(46.1*2*$H$8))+(U62*100000)+(T62*(76.9*2*$H$8))+(V62*20000)+(W62*30.7*$H$8)),0) -> 1939033 | Y62: =+P62+H62+X62 -> 5850137.5 | Z62: 935000 | AA62: =Y62-Z62 -> 4915137.5
A63: 51 | B63: 16 | C63: 04181 | D63: =+'Biểu 1 TH CÔNG'!C61 -> Thảo Xay Phôn | F63: CNKT | H63: =G63*25000 -> 0 | I63: =VLOOKUP(D63,'Biểu 2 TH MỦ TẠP'!$C$11:$AI$87,33,0) -> 2770 | J63: =VLOOKUP(D63,'Biểu 2 TH MỦ TẠP'!$C$11:$AK$87,35,0) -> 1116.6532 | K63: 0 | L63: 0 | M63: =+VLOOKUP(D63,'Biểu 2 TH MỦ TẠP'!$C$11:$AN$87,38,0) -> 108.99611 | N63: =+J63+L63+M63 -> 1225.6493 | O63: =VLOOKUP(D63,'Biểu 2 TH MỦ TẠP'!$C$11:$AP$87,40,0) -> B | P63: =(IF(O63="A",(N63*6.1),IF(O63="B",(N63*5.8),IF(O63="C",(N63*5.5),IF(O63="D",(N63*5.2),0))))*$G$8) -> 4265259.7 | Q63: =VLOOKUP(D63,'Biểu 1 TH CÔNG'!$C$11:$AI$88,33,0) -> 26 | R63: =VLOOKUP(D63,'Biểu 1 TH CÔNG'!$C$11:$AJ$88,34,0) -> 3 | S63: =VLOOKUP(D63,'Biểu 1 TH CÔNG'!$C$11:$AK$88,35,0) -> 1 | T63: =VLOOKUP(D63,'Biểu 1 TH CÔNG'!$C$11:$AL$88,36,0) -> 1 | U63: =+S63+T63 -> 2 | V63: =VLOOKUP(D63,'Biểu 1 TH CÔNG'!$C$11:$AM$88,37,0) -> 31 | W63: 0 | X63: =ROUND(((Q63*46.1*$H$8)+(R63*76.9*$H$8)+(S63*(46.1*2*$H$8))+(U63*100000)+(T63*(76.9*2*$H$8))+(V63*20000)+(W63*30.7*$H$8)),0) -> 1939033 | Y63: =+P63+H63+X63 -> 6204292.7 | Z63: 860000 | AA63: =Y63-Z63 -> 5344292.7
A64: 52 | B64: 17 | C64: 04182 | D64: =+'Biểu 1 TH CÔNG'!C62 -> Ning Dung 2 | F64: CNKT | H64: =G64*25000 -> 0 | I64: =VLOOKUP(D64,'Biểu 2 TH MỦ TẠP'!$C$11:$AI$87,33,0) -> 1881 | J64: =VLOOKUP(D64,'Biểu 2 TH MỦ TẠP'!$C$11:$AK$87,35,0) -> 758.27607 | K64: 0 | L64: 0 | M64: =+VLOOKUP(D64,'Biểu 2 TH MỦ TẠP'!$C$11:$AN$87,38,0) -> 74.015051 | N64: =+J64+L64+M64 -> 832.29112 | O64: =VLOOKUP(D64,'Biểu 2 TH MỦ TẠP'!$C$11:$AP$87,40,0) -> A | P64: =(IF(O64="A",(N64*6.1),IF(O64="B",(N64*5.8),IF(O64="C",(N64*5.5),IF(O64="D",(N64*5.2),0))))*$G$8) -> 3046185.5 | Q64: =VLOOKUP(D64,'Biểu 1 TH CÔNG'!$C$11:$AI$88,33,0) -> 26 | R64: =VLOOKUP(D64,'Biểu 1 TH CÔNG'!$C$11:$AJ$88,34,0) -> 3 | S64: =VLOOKUP(D64,'Biểu 1 TH CÔNG'!$C$11:$AK$88,35,0) -> 1 | T64: =VLOOKUP(D64,'Biểu 1 TH CÔNG'!$C$11:$AL$88,36,0) -> 1 | U64: =+S64+T64 -> 2 | V64: =VLOOKUP(D64,'Biểu 1 TH CÔNG'!$C$11:$AM$88,37,0) -> 31 | W64: 0 | X64: =ROUND(((Q64*46.1*$H$8)+(R64*76.9*$H$8)+(S64*(46.1*2*$H$8))+(U64*100000)+(T64*(76.9*2*$H$8))+(V64*20000)+(W64*30.7*$H$8)),0) -> 1939033 | Y64: =+P64+H64+X64 -> 4985218.5 | AA64: =Y64-Z64 -> 4985218.5
A65: 53 | B65: 18 | C65: 04183 | D65: =+'Biểu 1 TH CÔNG'!C63 -> Ning Dung | F65: CNKT | H65: =G65*25000 -> 0 | I65: =VLOOKUP(D65,'Biểu 2 TH MỦ TẠP'!$C$11:$AI$87,33,0) -> 1881 | J65: =VLOOKUP(D65,'Biểu 2 TH MỦ TẠP'!$C$11:$AK$87,35,0) -> 758.27607 | K65: 0 | L65: 0 | M65: =+VLOOKUP(D65,'Biểu 2 TH MỦ TẠP'!$C$11:$AN$87,38,0) -> 74.015051 | N65: =+J65+L65+M65 -> 832.29112 | O65: =VLOOKUP(D65,'Biểu 2 TH MỦ TẠP'!$C$11:$AP$87,40,0) -> B | P65: =(IF(O65="A",(N65*6.1),IF(O65="B",(N65*5.8),IF(O65="C",(N65*5.5),IF(O65="D",(N65*5.2),0))))*$G$8) -> 2896373.1 | Q65: =VLOOKUP(D65,'Biểu 1 TH CÔNG'!$C$11:$AI$88,33,0) -> 26 | R65: =VLOOKUP(D65,'Biểu 1 TH CÔNG'!$C$11:$AJ$88,34,0) -> 3 | S65: =VLOOKUP(D65,'Biểu 1 TH CÔNG'!$C$11:$AK$88,35,0) -> 1 | T65: =VLOOKUP(D65,'Biểu 1 TH CÔNG'!$C$11:$AL$88,36,0) -> 1 | U65: =+S65+T65 -> 2 | V65: =VLOOKUP(D65,'Biểu 1 TH CÔNG'!$C$11:$AM$88,37,0) -> 31 | W65: 0 | X65: =ROUND(((Q65*46.1*$H$8)+(R65*76.9*$H$8)+(S65*(46.1*2*$H$8))+(U65*100000)+(T65*(76.9*2*$H$8))+(V65*20000)+(W65*30.7*$H$8)),0) -> 1939033 | Y65: =+P65+H65+X65 -> 4835406.1 | AA65: =Y65-Z65 -> 4835406.1
A66: 54 | B66: 19 | C66: 04184 | D66: =+'Biểu 1 TH CÔNG'!C64 -> Mua Chăn | F66: CNKT | H66: =G66*25000 -> 0 | I66: =VLOOKUP(D66,'Biểu 2 TH MỦ TẠP'!$C$11:$AI$87,33,0) -> 1953 | J66: =VLOOKUP(D66,'Biểu 2 TH MỦ TẠP'!$C$11:$AK$87,35,0) -> 787.30099 | K66: 0 | L66: 0 | M66: =+VLOOKUP(D66,'Biểu 2 TH MỦ TẠP'!$C$11:$AN$87,38,0) -> 76.848163 | N66: =+J66+L66+M66 -> 864.14915 | O66: =VLOOKUP(D66,'Biểu 2 TH MỦ TẠP'!$C$11:$AP$87,40,0) -> A | P66: =(IF(O66="A",(N66*6.1),IF(O66="B",(N66*5.8),IF(O66="C",(N66*5.5),IF(O66="D",(N66*5.2),0))))*$G$8) -> 3162785.9 | Q66: =VLOOKUP(D66,'Biểu 1 TH CÔNG'!$C$11:$AI$88,33,0) -> 26 | R66: =VLOOKUP(D66,'Biểu 1 TH CÔNG'!$C$11:$AJ$88,34,0) -> 3 | S66: =VLOOKUP(D66,'Biểu 1 TH CÔNG'!$C$11:$AK$88,35,0) -> 1 | T66: =VLOOKUP(D66,'Biểu 1 TH CÔNG'!$C$11:$AL$88,36,0) -> 1 | U66: =+S66+T66 -> 2 | V66: =VLOOKUP(D66,'Biểu 1 TH CÔNG'!$C$11:$AM$88,37,0) -> 31 | W66: 0 | X66: =ROUND(((Q66*46.1*$H$8)+(R66*76.9*$H$8)+(S66*(46.1*2*$H$8))+(U66*100000)+(T66*(76.9*2*$H$8))+(V66*20000)+(W66*30.7*$H$8)),0) -> 1939033 | Y66: =+P66+H66+X66 -> 5101818.9 | AA66: =Y66-Z66 -> 5101818.9
A67: 55 | B67: 20 | C67: 04185 | D67: =+'Biểu 1 TH CÔNG'!C65 -> Thảo Chọi 2 | F67: CNKT | H67: =G67*25000 -> 0 | I67: =VLOOKUP(D67,'Biểu 2 TH MỦ TẠP'!$C$11:$AI$87,33,0) -> 2659 | J67: =VLOOKUP(D67,'Biểu 2 TH MỦ TẠP'!$C$11:$AK$87,35,0) -> 1071.9065 | K67: 0 | L67: 0 | M67: =+VLOOKUP(D67,'Biểu 2 TH MỦ TẠP'!$C$11:$AN$87,38,0) -> 104.6284 | N67: =+J67+L67+M67 -> 1176.5349 | O67: =VLOOKUP(D67,'Biểu 2 TH MỦ TẠP'!$C$11:$AP$87,40,0) -> A | P67: =(IF(O67="A",(N67*6.1),IF(O67="B",(N67*5.8),IF(O67="C",(N67*5.5),IF(O67="D",(N67*5.2),0))))*$G$8) -> 4306117.6 | Q67: =VLOOKUP(D67,'Biểu 1 TH CÔNG'!$C$11:$AI$88,33,0) -> 26 | R67: =VLOOKUP(D67,'Biểu 1 TH CÔNG'!$C$11:$AJ$88,34,0) -> 3 | S67: =VLOOKUP(D67,'Biểu 1 TH CÔNG'!$C$11:$AK$88,35,0) -> 1 | T67: =VLOOKUP(D67,'Biểu 1 TH CÔNG'!$C$11:$AL$88,36,0) -> 1 | U67: =+S67+T67 -> 2 | V67: =VLOOKUP(D67,'Biểu 1 TH CÔNG'!$C$11:$AM$88,37,0) -> 31 | W67: 0 | X67: =ROUND(((Q67*46.1*$H$8)+(R67*76.9*$H$8)+(S67*(46.1*2*$H$8))+(U67*100000)+(T67*(76.9*2*$H$8))+(V67*20000)+(W67*30.7*$H$8)),0) -> 1939033 | Y67: =+P67+H67+X67 -> 6245150.6 | AA67: =Y67-Z67 -> 6245150.6
A68: 56 | B68: 21 | C68: 04186 | D68: =+'Biểu 1 TH CÔNG'!C66 -> Thảo Sing | F68: CNKT | H68: =G68*25000 -> 0 | I68: =VLOOKUP(D68,'Biểu 2 TH MỦ TẠP'!$C$11:$AI$87,33,0) -> 3069 | J68: =VLOOKUP(D68,'Biểu 2 TH MỦ TẠP'!$C$11:$AK$87,35,0) -> 1237.1873 | K68: 0 | L68: 0 | M68: =+VLOOKUP(D68,'Biểu 2 TH MỦ TẠP'!$C$11:$AN$87,38,0) -> 120.7614 | N68: =+J68+L68+M68 -> 1357.9487 | O68: =VLOOKUP(D68,'Biểu 2 TH MỦ TẠP'!$C$11:$AP$87,40,0) -> A | P68: =(IF(O68="A",(N68*6.1),IF(O68="B",(N68*5.8),IF(O68="C",(N68*5.5),IF(O68="D",(N68*5.2),0))))*$G$8) -> 4970092.1 | Q68: =VLOOKUP(D68,'Biểu 1 TH CÔNG'!$C$11:$AI$88,33,0) -> 26 | R68: =VLOOKUP(D68,'Biểu 1 TH CÔNG'!$C$11:$AJ$88,34,0) -> 3 | S68: =VLOOKUP(D68,'Biểu 1 TH CÔNG'!$C$11:$AK$88,35,0) -> 1 | T68: =VLOOKUP(D68,'Biểu 1 TH CÔNG'!$C$11:$AL$88,36,0) -> 1 | U68: =+S68+T68 -> 2 | V68: =VLOOKUP(D68,'Biểu 1 TH CÔNG'!$C$11:$AM$88,37,0) -> 31 | W68: 0 | X68: =ROUND(((Q68*46.1*$H$8)+(R68*76.9*$H$8)+(S68*(46.1*2*$H$8))+(U68*100000)+(T68*(76.9*2*$H$8))+(V68*20000)+(W68*30.7*$H$8)),0) -> 1939033 | Y68: =+P68+H68+X68 -> 6909125.1 | AA68: =Y68-Z68 -> 6909125.1
A69: 57 | B69: 22 | C69: 04187 | D69: =+'Biểu 1 TH CÔNG'!C67 -> Thảo Phu | F69: CNKT | H69: =G69*25000 -> 0 | I69: =VLOOKUP(D69,'Biểu 2 TH MỦ TẠP'!$C$11:$AI$87,33,0) -> 2932 | J69: =VLOOKUP(D69,'Biểu 2 TH MỦ TẠP'!$C$11:$AK$87,35,0) -> 1181.9593 | K69: 0 | L69: 0 | M69: =+VLOOKUP(D69,'Biểu 2 TH MỦ TẠP'!$C$11:$AN$87,38,0) -> 115.37062 | N69: =+J69+L69+M69 -> 1297.3299 | O69: =VLOOKUP(D69,'Biểu 2 TH MỦ TẠP'!$C$11:$AP$87,40,0) -> B | P69: =(IF(O69="A",(N69*6.1),IF(O69="B",(N69*5.8),IF(O69="C",(N69*5.5),IF(O69="D",(N69*5.2),0))))*$G$8) -> 4514708.1 | Q69: =VLOOKUP(D69,'Biểu 1 TH CÔNG'!$C$11:$AI$88,33,0) -> 26 | R69: =VLOOKUP(D69,'Biểu 1 TH CÔNG'!$C$11:$AJ$88,34,0) -> 3 | S69: =VLOOKUP(D69,'Biểu 1 TH CÔNG'!$C$11:$AK$88,35,0) -> 1 | T69: =VLOOKUP(D69,'Biểu 1 TH CÔNG'!$C$11:$AL$88,36,0) -> 1 | U69: =+S69+T69 -> 2 | V69: =VLOOKUP(D69,'Biểu 1 TH CÔNG'!$C$11:$AM$88,37,0) -> 31 | W69: 0 | X69: =ROUND(((Q69*46.1*$H$8)+(R69*76.9*$H$8)+(S69*(46.1*2*$H$8))+(U69*100000)+(T69*(76.9*2*$H$8))+(V69*20000)+(W69*30.7*$H$8)),0) -> 1939033 | Y69: =+P69+H69+X69 -> 6453741.1 | AA69: =Y69-Z69 -> 6453741.1
A70: 58 | B70: 23 | C70: 04188 | D70: =+'Biểu 1 TH CÔNG'!C68 -> Nàng Tịa | F70: CNKT | H70: =G70*25000 -> 0 | I70: =VLOOKUP(D70,'Biểu 2 TH MỦ TẠP'!$C$11:$AI$87,33,0) -> 2890 | J70: =VLOOKUP(D70,'Biểu 2 TH MỦ TẠP'!$C$11:$AK$87,35,0) -> 1165.0281 | K70: 0 | L70: 0 | M70: =+VLOOKUP(D70,'Biểu 2 TH MỦ TẠP'!$C$11:$AN$87,38,0) -> 113.71797 | N70: =+J70+L70+M70 -> 1278.7461 | O70: =VLOOKUP(D70,'Biểu 2 TH MỦ TẠP'!$C$11:$AP$87,40,0) -> A | P70: =(IF(O70="A",(N70*6.1),IF(O70="B",(N70*5.8),IF(O70="C",(N70*5.5),IF(O70="D",(N70*5.2),0))))*$G$8) -> 4680210.6 | Q70: =VLOOKUP(D70,'Biểu 1 TH CÔNG'!$C$11:$AI$88,33,0) -> 26 | R70: =VLOOKUP(D70,'Biểu 1 TH CÔNG'!$C$11:$AJ$88,34,0) -> 3 | S70: =VLOOKUP(D70,'Biểu 1 TH CÔNG'!$C$11:$AK$88,35,0) -> 1 | T70: =VLOOKUP(D70,'Biểu 1 TH CÔNG'!$C$11:$AL$88,36,0) -> 1 | U70: =+S70+T70 -> 2 | V70: =VLOOKUP(D70,'Biểu 1 TH CÔNG'!$C$11:$AM$88,37,0) -> 31 | W70: 0 | X70: =ROUND(((Q70*46.1*$H$8)+(R70*76.9*$H$8)+(S70*(46.1*2*$H$8))+(U70*100000)+(T70*(76.9*2*$H$8))+(V70*20000)+(W70*30.7*$H$8)),0) -> 1939033 | Y70: =+P70+H70+X70 -> 6619243.6 | AA70: =Y70-Z70 -> 6619243.6
A71: 59 | B71: 24 | C71: 04189 | D71: =+'Biểu 1 TH CÔNG'!C69 -> Thảo Tý | F71: CNKT | H71: =G71*25000 -> 0 | I71: =VLOOKUP(D71,'Biểu 2 TH MỦ TẠP'!$C$11:$AI$87,33,0) -> 3205 | J71: =VLOOKUP(D71,'Biểu 2 TH MỦ TẠP'!$C$11:$AK$87,35,0) -> 1292.0121 | K71: 0 | L71: 0 | M71: =+VLOOKUP(D71,'Biểu 2 TH MỦ TẠP'!$C$11:$AN$87,38,0) -> 126.11283 | N71: =+J71+L71+M71 -> 1418.1249 | O71: =VLOOKUP(D71,'Biểu 2 TH MỦ TẠP'!$C$11:$AP$87,40,0) -> A | P71: =(IF(O71="A",(N71*6.1),IF(O71="B",(N71*5.8),IF(O71="C",(N71*5.5),IF(O71="D",(N71*5.2),0))))*$G$8) -> 5190337.3 | Q71: =VLOOKUP(D71,'Biểu 1 TH CÔNG'!$C$11:$AI$88,33,0) -> 26 | R71: =VLOOKUP(D71,'Biểu 1 TH CÔNG'!$C$11:$AJ$88,34,0) -> 3 | S71: =VLOOKUP(D71,'Biểu 1 TH CÔNG'!$C$11:$AK$88,35,0) -> 1 | T71: =VLOOKUP(D71,'Biểu 1 TH CÔNG'!$C$11:$AL$88,36,0) -> 1 | U71: =+S71+T71 -> 2 | V71: =VLOOKUP(D71,'Biểu 1 TH CÔNG'!$C$11:$AM$88,37,0) -> 31 | W71: 0 | X71: =ROUND(((Q71*46.1*$H$8)+(R71*76.9*$H$8)+(S71*(46.1*2*$H$8))+(U71*100000)+(T71*(76.9*2*$H$8))+(V71*20000)+(W71*30.7*$H$8)),0) -> 1939033 | Y71: =+P71+H71+X71 -> 7129370.3 | AA71: =Y71-Z71 -> 7129370.3
A72: 60 | B72: 25 | C72: 04190 | D72: =+'Biểu 1 TH CÔNG'!C70 -> Nàng Lếc | F72: CNKT | H72: =G72*25000 -> 0 | I72: =VLOOKUP(D72,'Biểu 2 TH MỦ TẠP'!$C$11:$AI$87,33,0) -> 3212 | J72: =VLOOKUP(D72,'Biểu 2 TH MỦ TẠP'!$C$11:$AK$87,35,0) -> 1294.834 | K72: 0 | L72: 0 | M72: =+VLOOKUP(D72,'Biểu 2 TH MỦ TẠP'!$C$11:$AN$87,38,0) -> 126.38827 | N72: =+J72+L72+M72 -> 1421.2223 | O72: =VLOOKUP(D72,'Biểu 2 TH MỦ TẠP'!$C$11:$AP$87,40,0) -> A | P72: =(IF(O72="A",(N72*6.1),IF(O72="B",(N72*5.8),IF(O72="C",(N72*5.5),IF(O72="D",(N72*5.2),0))))*$G$8) -> 5201673.5 | Q72: =VLOOKUP(D72,'Biểu 1 TH CÔNG'!$C$11:$AI$88,33,0) -> 26 | R72: =VLOOKUP(D72,'Biểu 1 TH CÔNG'!$C$11:$AJ$88,34,0) -> 3 | S72: =VLOOKUP(D72,'Biểu 1 TH CÔNG'!$C$11:$AK$88,35,0) -> 1 | T72: =VLOOKUP(D72,'Biểu 1 TH CÔNG'!$C$11:$AL$88,36,0) -> 1 | U72: =+S72+T72 -> 2 | V72: =VLOOKUP(D72,'Biểu 1 TH CÔNG'!$C$11:$AM$88,37,0) -> 31 | W72: 0 | X72: =ROUND(((Q72*46.1*$H$8)+(R72*76.9*$H$8)+(S72*(46.1*2*$H$8))+(U72*100000)+(T72*(76.9*2*$H$8))+(V72*20000)+(W72*30.7*$H$8)),0) -> 1939033 | Y72: =+P72+H72+X72 -> 7140706.5 | AA72: =Y72-Z72 -> 7140706.5
A73: 61 | B73: 26 | C73: 04191 | D73: =+'Biểu 1 TH CÔNG'!C71 -> Nàng Veo | F73: CNKT | H73: =G73*25000 -> 0 | I73: =VLOOKUP(D73,'Biểu 2 TH MỦ TẠP'!$C$11:$AI$87,33,0) -> 2662 | J73: =VLOOKUP(D73,'Biểu 2 TH MỦ TẠP'!$C$11:$AK$87,35,0) -> 1073.1158 | K73: 0 | L73: 0 | M73: =+VLOOKUP(D73,'Biểu 2 TH MỦ TẠP'!$C$11:$AN$87,38,0) -> 104.74645 | N73: =+J73+L73+M73 -> 1177.8623 | O73: =VLOOKUP(D73,'Biểu 2 TH MỦ TẠP'!$C$11:$AP$87,40,0) -> B | P73: =(IF(O73="A",(N73*6.1),IF(O73="B",(N73*5.8),IF(O73="C",(N73*5.5),IF(O73="D",(N73*5.2),0))))*$G$8) -> 4098960.7 | Q73: =VLOOKUP(D73,'Biểu 1 TH CÔNG'!$C$11:$AI$88,33,0) -> 26 | R73: =VLOOKUP(D73,'Biểu 1 TH CÔNG'!$C$11:$AJ$88,34,0) -> 3 | S73: =VLOOKUP(D73,'Biểu 1 TH CÔNG'!$C$11:$AK$88,35,0) -> 1 | T73: =VLOOKUP(D73,'Biểu 1 TH CÔNG'!$C$11:$AL$88,36,0) -> 1 | U73: =+S73+T73 -> 2 | V73: =VLOOKUP(D73,'Biểu 1 TH CÔNG'!$C$11:$AM$88,37,0) -> 31 | W73: 0 | X73: =ROUND(((Q73*46.1*$H$8)+(R73*76.9*$H$8)+(S73*(46.1*2*$H$8))+(U73*100000)+(T73*(76.9*2*$H$8))+(V73*20000)+(W73*30.7*$H$8)),0) -> 1939033 | Y73: =+P73+H73+X73 -> 6037993.7 | AA73: =Y73-Z73 -> 6037993.7
A74: 62 | B74: 27 | C74: 04192 | D74: =+'Biểu 1 TH CÔNG'!C72 -> Thảo Chọi | F74: CNKT | H74: =G74*25000 -> 0 | I74: =VLOOKUP(D74,'Biểu 2 TH MỦ TẠP'!$C$11:$AI$87,33,0) -> 2671 | J74: =VLOOKUP(D74,'Biểu 2 TH MỦ TẠP'!$C$11:$AK$87,35,0) -> 1076.744 | K74: 0 | L74: 0 | M74: =+VLOOKUP(D74,'Biểu 2 TH MỦ TẠP'!$C$11:$AN$87,38,0) -> 105.10059 | N74: =+J74+L74+M74 -> 1181.8445 | O74: =VLOOKUP(D74,'Biểu 2 TH MỦ TẠP'!$C$11:$AP$87,40,0) -> A | P74: =(IF(O74="A",(N74*6.1),IF(O74="B",(N74*5.8),IF(O74="C",(N74*5.5),IF(O74="D",(N74*5.2),0))))*$G$8) -> 4325551 | Q74: =VLOOKUP(D74,'Biểu 1 TH CÔNG'!$C$11:$AI$88,33,0) -> 26 | R74: =VLOOKUP(D74,'Biểu 1 TH CÔNG'!$C$11:$AJ$88,34,0) -> 3 | S74: =VLOOKUP(D74,'Biểu 1 TH CÔNG'!$C$11:$AK$88,35,0) -> 1 | T74: =VLOOKUP(D74,'Biểu 1 TH CÔNG'!$C$11:$AL$88,36,0) -> 1 | U74: =+S74+T74 -> 2 | V74: =VLOOKUP(D74,'Biểu 1 TH CÔNG'!$C$11:$AM$88,37,0) -> 31 | W74: 0 | X74: =ROUND(((Q74*46.1*$H$8)+(R74*76.9*$H$8)+(S74*(46.1*2*$H$8))+(U74*100000)+(T74*(76.9*2*$H$8))+(V74*20000)+(W74*30.7*$H$8)),0) -> 1939033 | Y74: =+P74+H74+X74 -> 6264584 | AA74: =Y74-Z74 -> 6264584
A75: 63 | B75: 28 | C75: 04193 | D75: =+'Biểu 1 TH CÔNG'!C73 -> Nàng Nọi | F75: CNKT | H75: =G75*25000 -> 0 | I75: =VLOOKUP(D75,'Biểu 2 TH MỦ TẠP'!$C$11:$AI$87,33,0) -> 3194 | J75: =VLOOKUP(D75,'Biểu 2 TH MỦ TẠP'!$C$11:$AK$87,35,0) -> 1287.5778 | K75: 0 | L75: 0 | M75: =+VLOOKUP(D75,'Biểu 2 TH MỦ TẠP'!$C$11:$AN$87,38,0) -> 125.68 | N75: =+J75+L75+M75 -> 1413.2577 | O75: =VLOOKUP(D75,'Biểu 2 TH MỦ TẠP'!$C$11:$AP$87,40,0) -> B | P75: =(IF(O75="A",(N75*6.1),IF(O75="B",(N75*5.8),IF(O75="C",(N75*5.5),IF(O75="D",(N75*5.2),0))))*$G$8) -> 4918137 | Q75: =VLOOKUP(D75,'Biểu 1 TH CÔNG'!$C$11:$AI$88,33,0) -> 26 | R75: =VLOOKUP(D75,'Biểu 1 TH CÔNG'!$C$11:$AJ$88,34,0) -> 3 | S75: =VLOOKUP(D75,'Biểu 1 TH CÔNG'!$C$11:$AK$88,35,0) -> 1 | T75: =VLOOKUP(D75,'Biểu 1 TH CÔNG'!$C$11:$AL$88,36,0) -> 1 | U75: =+S75+T75 -> 2 | V75: =VLOOKUP(D75,'Biểu 1 TH CÔNG'!$C$11:$AM$88,37,0) -> 31 | W75: 0 | X75: =ROUND(((Q75*46.1*$H$8)+(R75*76.9*$H$8)+(S75*(46.1*2*$H$8))+(U75*100000)+(T75*(76.9*2*$H$8))+(V75*20000)+(W75*30.7*$H$8)),0) -> 1939033 | Y75: =+P75+H75+X75 -> 6857170 | AA75: =Y75-Z75 -> 6857170
... A84: 72 | B84: 37 | C84: 04202 | D84: =+'Biểu 1 TH CÔNG'!C82 -> Nàng Lun | F84: CNKT | H84: =G84*25000 -> 0 | I84: =VLOOKUP(D84,'Biểu 2 TH MỦ TẠP'!$C$11:$AI$87,33,0) -> 1735 | J84: =VLOOKUP(D84,'Biểu 2 TH MỦ TẠP'!$C$11:$AK$87,35,0) -> 699.41998 | K84: 0 | L84: 0 | M84: =+VLOOKUP(D84,'Biểu 2 TH MỦ TẠP'!$C$11:$AN$87,38,0) -> 68.27013 | N84: =+J84+L84+M84 -> 767.6901 | O84: =VLOOKUP(D84,'Biểu 2 TH MỦ TẠP'!$C$11:$AP$87,40,0) -> A | P84: =(IF(O84="A",(N84*6.1),IF(O84="B",(N84*5.8),IF(O84="C",(N84*5.5),IF(O84="D",(N84*5.2),0))))*$G$8) -> 2809745.8 | Q84: =VLOOKUP(D84,'Biểu 1 TH CÔNG'!$C$11:$AI$88,33,0) -> 26 | R84: =VLOOKUP(D84,'Biểu 1 TH CÔNG'!$C$11:$AJ$88,34,0) -> 3 | S84: =VLOOKUP(D84,'Biểu 1 TH CÔNG'!$C$11:$AK$88,35,0) -> 1 | T84: =VLOOKUP(D84,'Biểu 1 TH CÔNG'!$C$11:$AL$88,36,0) -> 1 | U84: =+S84+T84 -> 2 | V84: =VLOOKUP(D84,'Biểu 1 TH CÔNG'!$C$11:$AM$88,37,0) -> 31 | W84: 0 | X84: =ROUND(((Q84*46.1*$H$8)+(R84*76.9*$H$8)+(S84*(46.1*2*$H$8))+(U84*100000)+(T84*(76.9*2*$H$8))+(V84*20000)+(W84*30.7*$H$8)),0) -> 1939033 | Y84: =+P84+H84+X84 -> 4748778.8 | AA84: =Y84-Z84 -> 4748778.8
A85: 73 | B85: 38 | C85: 04203 | D85: =+'Biểu 1 TH CÔNG'!C83 -> Thảo Vong | F85: CNKT | H85: =G85*25000 -> 0 | I85: =VLOOKUP(D85,'Biểu 2 TH MỦ TẠP'!$C$11:$AI$87,33,0) -> 2835 | J85: =VLOOKUP(D85,'Biểu 2 TH MỦ TẠP'!$C$11:$AK$87,35,0) -> 1142.8563 | K85: 0 | L85: 0 | M85: =+VLOOKUP(D85,'Biểu 2 TH MỦ TẠP'!$C$11:$AN$87,38,0) -> 111.55379 | N85: =+J85+L85+M85 -> 1254.4101 | O85: =VLOOKUP(D85,'Biểu 2 TH MỦ TẠP'!$C$11:$AP$87,40,0) -> A | P85: =(IF(O85="A",(N85*6.1),IF(O85="B",(N85*5.8),IF(O85="C",(N85*5.5),IF(O85="D",(N85*5.2),0))))*$G$8) -> 4591140.8 | Q85: =VLOOKUP(D85,'Biểu 1 TH CÔNG'!$C$11:$AI$88,33,0) -> 26 | R85: =VLOOKUP(D85,'Biểu 1 TH CÔNG'!$C$11:$AJ$88,34,0) -> 3 | S85: =VLOOKUP(D85,'Biểu 1 TH CÔNG'!$C$11:$AK$88,35,0) -> 1 | T85: =VLOOKUP(D85,'Biểu 1 TH CÔNG'!$C$11:$AL$88,36,0) -> 1 | U85: =+S85+T85 -> 2 | V85: =VLOOKUP(D85,'Biểu 1 TH CÔNG'!$C$11:$AM$88,37,0) -> 31 | W85: =+V85 -> 31 | X85: =ROUND(((Q85*46.1*$H$8)+(R85*76.9*$H$8)+(S85*(46.1*2*$H$8))+(U85*100000)+(T85*(76.9*2*$H$8))+(V85*20000)+(W85*30.7*$H$8)),0) -> 2574731 | Y85: =+P85+H85+X85 -> 7165871.8 | AA85: =Y85-Z85 -> 7165871.8
A86: 74 | B86: 39 | C86: 04204 | D86: =+'Biểu 1 TH CÔNG'!C84 -> Nàng Veng | F86: CNKT | H86: =G86*25000 -> 0 | I86: =VLOOKUP(D86,'Biểu 2 TH MỦ TẠP'!$C$11:$AI$87,33,0) -> 2843 | J86: =VLOOKUP(D86,'Biểu 2 TH MỦ TẠP'!$C$11:$AK$87,35,0) -> 1146.0813 | K86: 0 | L86: 0 | M86: =+VLOOKUP(D86,'Biểu 2 TH MỦ TẠP'!$C$11:$AN$87,38,0) -> 111.86858 | N86: =+J86+L86+M86 -> 1257.9498 | O86: =VLOOKUP(D86,'Biểu 2 TH MỦ TẠP'!$C$11:$AP$87,40,0) -> A | P86: =(IF(O86="A",(N86*6.1),IF(O86="B",(N86*5.8),IF(O86="C",(N86*5.5),IF(O86="D",(N86*5.2),0))))*$G$8) -> 4604096.4 | Q86: =VLOOKUP(D86,'Biểu 1 TH CÔNG'!$C$11:$AI$88,33,0) -> 26 | R86: =VLOOKUP(D86,'Biểu 1 TH CÔNG'!$C$11:$AJ$88,34,0) -> 3 | S86: =VLOOKUP(D86,'Biểu 1 TH CÔNG'!$C$11:$AK$88,35,0) -> 1 | T86: =VLOOKUP(D86,'Biểu 1 TH CÔNG'!$C$11:$AL$88,36,0) -> 1 | U86: =+S86+T86 -> 2 | V86: =VLOOKUP(D86,'Biểu 1 TH CÔNG'!$C$11:$AM$88,37,0) -> 31 | W86: =+V86 -> 31 | X86: =ROUND(((Q86*46.1*$H$8)+(R86*76.9*$H$8)+(S86*(46.1*2*$H$8))+(U86*100000)+(T86*(76.9*2*$H$8))+(V86*20000)+(W86*30.7*$H$8)),0) -> 2574731 | Y86: =+P86+H86+X86 -> 7178827.4 | AA86: =Y86-Z86 -> 7178827.4
A87: 75 | B87: 40 | C87: 04205 | D87: =+'Biểu 1 TH CÔNG'!C85 -> Thảo Đuông Chăn | F87: CNKT | H87: =G87*25000 -> 0 | I87: =VLOOKUP(D87,'Biểu 2 TH MỦ TẠP'!$C$11:$AI$87,33,0) -> 818 | J87: =VLOOKUP(D87,'Biểu 2 TH MỦ TẠP'!$C$11:$AK$87,35,0) -> 329.75535 | K87: 0 | L87: 0 | M87: =+VLOOKUP(D87,'Biểu 2 TH MỦ TẠP'!$C$11:$AN$87,38,0) -> 32.1873 | N87: =+J87+L87+M87 -> 361.94265 | O87: =VLOOKUP(D87,'Biểu 2 TH MỦ TẠP'!$C$11:$AP$87,40,0) -> B | P87: =(IF(O87="A",(N87*6.1),IF(O87="B",(N87*5.8),IF(O87="C",(N87*5.5),IF(O87="D",(N87*5.2),0))))*$G$8) -> 1259560.4 | Q87: =VLOOKUP(D87,'Biểu 1 TH CÔNG'!$C$11:$AI$88,33,0) -> 26 | R87: =VLOOKUP(D87,'Biểu 1 TH CÔNG'!$C$11:$AJ$88,34,0) -> 3 | S87: =VLOOKUP(D87,'Biểu 1 TH CÔNG'!$C$11:$AK$88,35,0) -> 1 | T87: =VLOOKUP(D87,'Biểu 1 TH CÔNG'!$C$11:$AL$88,36,0) -> 1 | U87: =+S87+T87 -> 2 | V87: =VLOOKUP(D87,'Biểu 1 TH CÔNG'!$C$11:$AM$88,37,0) -> 31 | W87: =+V87 -> 31 | X87: =ROUND(((Q87*46.1*$H$8)+(R87*76.9*$H$8)+(S87*(46.1*2*$H$8))+(U87*100000)+(T87*(76.9*2*$H$8))+(V87*20000)+(W87*30.7*$H$8)),0) -> 2574731 | Y87: =+P87+H87+X87 -> 3834291.4 | AA87: =Y87-Z87 -> 3834291.4
A88: 76 | B88: 41 | C88: 04206 | D88: =+'Biểu 1 TH CÔNG'!C86 -> Nàng Peng | F88: CNKT | H88: =G88*25000 -> 0 | I88: =VLOOKUP(D88,'Biểu 2 TH MỦ TẠP'!$C$11:$AI$87,33,0) -> 794 | J88: =VLOOKUP(D88,'Biểu 2 TH MỦ TẠP'!$C$11:$AK$87,35,0) -> 320.08038 | K88: 0 | L88: 0 | M88: =+VLOOKUP(D88,'Biểu 2 TH MỦ TẠP'!$C$11:$AN$87,38,0) -> 31.24293 | N88: =+J88+L88+M88 -> 351.32331 | O88: =VLOOKUP(D88,'Biểu 2 TH MỦ TẠP'!$C$11:$AP$87,40,0) -> C | P88: =(IF(O88="A",(N88*6.1),IF(O88="B",(N88*5.8),IF(O88="C",(N88*5.5),IF(O88="D",(N88*5.2),0))))*$G$8) -> 1159366.9 | Q88: =VLOOKUP(D88,'Biểu 1 TH CÔNG'!$C$11:$AI$88,33,0) -> 26 | R88: =VLOOKUP(D88,'Biểu 1 TH CÔNG'!$C$11:$AJ$88,34,0) -> 3 | S88: =VLOOKUP(D88,'Biểu 1 TH CÔNG'!$C$11:$AK$88,35,0) -> 1 | T88: =VLOOKUP(D88,'Biểu 1 TH CÔNG'!$C$11:$AL$88,36,0) -> 1 | U88: =+S88+T88 -> 2 | V88: =VLOOKUP(D88,'Biểu 1 TH CÔNG'!$C$11:$AM$88,37,0) -> 31 | W88: =+V88 -> 31 | X88: =ROUND(((Q88*46.1*$H$8)+(R88*76.9*$H$8)+(S88*(46.1*2*$H$8))+(U88*100000)+(T88*(76.9*2*$H$8))+(V88*20000)+(W88*30.7*$H$8)),0) -> 2574731 | Y88: =+P88+H88+X88 -> 3734097.9 | AA88: =Y88-Z88 -> 3734097.9
A89: 77 | B89: 42 | C89: 04207 | D89: =+'Biểu 1 TH CÔNG'!C87 -> Thảo Xay Tho | F89: CNKT | H89: =G89*25000 -> 0 | I89: =VLOOKUP(D89,'Biểu 2 TH MỦ TẠP'!$C$11:$AI$87,33,0) -> 2287 | J89: =VLOOKUP(D89,'Biểu 2 TH MỦ TẠP'!$C$11:$AK$87,35,0) -> 921.94437 | K89: 0 | L89: 0 | M89: =+VLOOKUP(D89,'Biểu 2 TH MỦ TẠP'!$C$11:$AN$87,38,0) -> 89.990655 | N89: =+J89+L89+M89 -> 1011.935 | O89: =VLOOKUP(D89,'Biểu 2 TH MỦ TẠP'!$C$11:$AP$87,40,0) -> A | P89: =(IF(O89="A",(N89*6.1),IF(O89="B",(N89*5.8),IF(O89="C",(N89*5.5),IF(O89="D",(N89*5.2),0))))*$G$8) -> 3703682.2 | Q89: =VLOOKUP(D89,'Biểu 1 TH CÔNG'!$C$11:$AI$88,33,0) -> 26 | R89: =VLOOKUP(D89,'Biểu 1 TH CÔNG'!$C$11:$AJ$88,34,0) -> 3 | S89: =VLOOKUP(D89,'Biểu 1 TH CÔNG'!$C$11:$AK$88,35,0) -> 1 | T89: =VLOOKUP(D89,'Biểu 1 TH CÔNG'!$C$11:$AL$88,36,0) -> 1 | U89: =+S89+T89 -> 2 | V89: =VLOOKUP(D89,'Biểu 1 TH CÔNG'!$C$11:$AM$88,37,0) -> 31 | W89: =+V89 -> 31 | X89: =ROUND(((Q89*46.1*$H$8)+(R89*76.9*$H$8)+(S89*(46.1*2*$H$8))+(U89*100000)+(T89*(76.9*2*$H$8))+(V89*20000)+(W89*30.7*$H$8)),0) -> 2574731 | Y89: =+P89+H89+X89 -> 6278413.2 | AA89: =Y89-Z89 -> 6278413.2
A90: 78 | B90: 43 | C90: 04208 | D90: =+'Biểu 1 TH CÔNG'!C88 -> Nàng Xia Lô | F90: CNKT | H90: =G90*25000 -> 0 | I90: =VLOOKUP(D90,'Biểu 2 TH MỦ TẠP'!$C$11:$AI$87,33,0) -> 2754 | J90: =VLOOKUP(D90,'Biểu 2 TH MỦ TẠP'!$C$11:$AK$87,35,0) -> 1110.2032 | K90: 0 | L90: 0 | M90: =+VLOOKUP(D90,'Biểu 2 TH MỦ TẠP'!$C$11:$AN$87,38,0) -> 108.36653 | N90: =+J90+L90+M90 -> 1218.5698 | O90: =VLOOKUP(D90,'Biểu 2 TH MỦ TẠP'!$C$11:$AP$87,40,0) -> A | P90: =(IF(O90="A",(N90*6.1),IF(O90="B",(N90*5.8),IF(O90="C",(N90*5.5),IF(O90="D",(N90*5.2),0))))*$G$8)-0.06 -> 4459965.3 | Q90: =VLOOKUP(D90,'Biểu 1 TH CÔNG'!$C$11:$AI$88,33,0) -> 26 | R90: =VLOOKUP(D90,'Biểu 1 TH CÔNG'!$C$11:$AJ$88,34,0) -> 3 | S90: =VLOOKUP(D90,'Biểu 1 TH CÔNG'!$C$11:$AK$88,35,0) -> 1 | T90: =VLOOKUP(D90,'Biểu 1 TH CÔNG'!$C$11:$AL$88,36,0) -> 1 | U90: =+S90+T90 -> 2 | V90: =VLOOKUP(D90,'Biểu 1 TH CÔNG'!$C$11:$AM$88,37,0) -> 31 | W90: =+V90 -> 31 | X90: =ROUND(((Q90*46.1*$H$8)+(R90*76.9*$H$8)+(S90*(46.1*2*$H$8))+(U90*100000)+(T90*(76.9*2*$H$8))+(V90*20000)+(W90*30.7*$H$8)),0)+25 -> 2574756 | Y90: =+P90+H90+X90 -> 7034721.3 | AA90: =Y90-Z90 -> 7034721.3
A91: 79 | B91: 44 | D91: Mủ Sirum | F91: CNTT | I91: 0 | J91: 0 | K91: 234 | L91: 94.97 | N91: =+J91+L91+M91 -> 94.97 | P91: =+N91*6.1*$G$8+12.42-1.62 -> 347601 | X91: =ROUND(((Q91*46.1*$H$8)+(R91*76.9*$H$8)+(S91*(46.1*2*$H$8))+(U91*100000)+(T91*(76.9*2*$H$8))+(V91*20000)+(W91*30.7*$H$8)),0) -> 0 | Y91: =+P91+H91+X91 -> 347601 | AA91: =Y91-Z91 -> 347601
A92: 80 | B92: 45 | C92: 04209 | D92: =+'Biểu 1 TH CÔNG'!C90 -> A Beo | F92: CNK | H92: =G92*25000 -> 0 | I92: 0 | J92: 0 | K92: 0 | L92: 0 | N92: =+J92+L92+M92 -> 0 | P92: =(IF(O92="A",(N92*6.1),IF(O92="B",(N92*5.8),IF(O92="C",(N92*5.5),IF(O92="D",(N92*5.2),0))))*$G$8) -> 0 | Q92: 0 | R92: 0 | S92: 0 | U92: =+S92 -> 0 | X92: =ROUND(((Q92*46.1*$H$8)+(R92*76.9*$H$8)+(S92*(46.1*2*$H$8))+(U92*100000)+(T92*(76.9*2*$H$8))+(V92*20000)+(W92*30.7*$H$8)),0) -> 0 | Y92: =+P92+H92+X92 -> 0 | AA92: =Y92-Z92 -> 0
A93: 80 | B93: 45 | C93: 04210 | D93: =+'Biểu 1 TH CÔNG'!C90 -> A Beo | F93: CNKT | H93: =G93*25000 -> 0 | M93: =+VLOOKUP(D93,'Biểu 2 TH MỦ TẠP'!$C$11:$AN$87,38,0) -> #N/A | P93: =(IF(O93="A",(J93*6.1),IF(O93="B",(J93*5.8),IF(O93="C",(J93*5.5),IF(O93="D",(J93*5.2),0))))*$G$8) -> 0 | Q93: 0 | U93: =+S93 -> 0 | X93: =ROUND(((Q93*46.1*$G$8)+(R93*76.9*$G$8)+(S93*(92.2*$G$8))+(U93*100000)+(V93*20000)+(W93*30.7*$G$8)),0) -> 0 | Y93: =+P93+H93+X93 -> 0 | AA93: =Y93-Z93 -> 0
A94: 81 | B94: 46 | C94: 04211 | D94: =+'Biểu 1 TH CÔNG'!C91 -> A Bốt | F94: CNKT | H94: =G94*25000 -> 0 | M94: =+VLOOKUP(D94,'Biểu 2 TH MỦ TẠP'!$C$11:$AN$87,38,0) -> #N/A | P94: =(IF(O94="A",(J94*6.1),IF(O94="B",(J94*5.8),IF(O94="C",(J94*5.5),IF(O94="D",(J94*5.2),0))))*$G$8) -> 0 | Q94: 0 | U94: =+S94 -> 0 | X94: =ROUND(((Q94*46.1*$G$8)+(R94*76.9*$G$8)+(S94*(92.2*$G$8))+(U94*100000)+(V94*20000)+(W94*30.7*$G$8)),0) -> 0 | Y94: =+P94+H94+X94 -> 0 | AA94: =Y94-Z94 -> 0
A95: TỔNG CỘNG | G95: =SUM(G13:G94) -> 0 | H95: =SUM(H13:H94) -> 0 | I95: =SUM(I13:I94) -> 198539 | J95: =SUM(J13:J94) -> 80035.817 | K95: =SUM(K13:K94) -> 234 | L95: =SUM(L13:L94) -> 94.97 | M95: =SUM(M13:M92) -> 7812.267 | N95: =SUM(N13:N94) -> 87943.054 | P95: =SUM(P13:P94) -> 3.1386065e+08 | Q95: =SUM(Q13:Q94) -> 2027 | R95: =SUM(R13:R94) -> 265 | S95: =SUM(S13:S94) -> 43 | T95: =SUM(T13:T94) -> 43 | U95: =SUM(U13:U94) -> 86 | V95: =SUM(V13:V94) -> 2378 | W95: =SUM(W13:W94) -> 186 | ... AA95: =SUM(AA13:AA94) -> 4.5285486e+08 | AC95: =+X95/25000 -> 5722.7684 | AD95: 6399.597
A96: (Số tiền bằng chữ: Bốn trăm sáu mươi bốn triệu, chín trăm lẻ một nghìn, ba trăm tám mươi tám kíp) | AC96: 5619.2397
V97: Huyện Noong , ngày 03 tháng 01 năm 2026 | AC97: =+H95/25000 -> 0
A98: TỔNG GIÁM ĐỐC | G98: PHÒNG TC - KT | I98: PHÒNG TC - HC | Q98: P.PHÒNG PHỤ TRÁCH | V98: ĐỘI TRƯỞNG | Y98: NGƯỜI LẬP | AC98: 5213.41
I107: Hồ Thị Thủy | Q107: Hoàng Tấn Thảo | V107: Trần Quang Thiện | Y107: Hồ Dũng Cảm

Sheet PLcon
A1: =$L$1 -> Tháng 12/2025 | G1: =$L$1 -> Tháng 12/2025 | L1: Tháng 12/2025
A2: Họ và tên | B2: =VLOOKUP(C2,'LƯƠNG KT'!$A$13:$D$53,4,0) -> Phò Thưng | C2: 1 | D2: =+VLOOKUP(B2,'LƯƠNG KT'!$D$13:$O$94,11,0) -> 1129.1903 | G2: Họ và tên | H2: =VLOOKUP(I2,'LƯƠNG KT'!$A$13:$D$53,4,0) -> A Nhợp | I2: 2 | J2: =+VLOOKUP(H2,'LƯƠNG KT'!$D$13:$O$94,11,0) -> 1209.7203 | L2: =+'BẢNG PHÂN TOÁN '!B20 -> Phụ cấp ngày công cạo bình thường | M2: =+'BẢNG PHÂN TOÁN '!E20 -> 30792.956
A3: Công sản phẩm | B3: ²½ìò©ªະພັນ | C3: =VLOOKUP(C2,'LƯƠNG KT'!$A$13:$G$53,7,0) -> 0 | D3: =C3*25000 -> 0 | G3: Công sản phẩm | H3: ²½ìò©ªະພັນ | I3: =VLOOKUP(I2,'LƯƠNG KT'!$A$13:$G$53,7,0) -> 0 | J3: =I3*25000 -> 0 | L3: =+'BẢNG PHÂN TOÁN '!B21 -> Phụ cấp ngày công chủ nhật | M3: =+'BẢNG PHÂN TOÁN '!E21 -> 51366.124
A4: Công đi cạo | B4: ໝວດໄປຂີດ | C4: =VLOOKUP(B2,'LƯƠNG KT'!$D$13:$Q$94,13,0) -> 4132836.5 | D4: =+C4*$M$2 -> 1.2726225e+11 | G4: Công đi cạo | H4: ໝວດໄປຂີດ | I4: =VLOOKUP(H2,'LƯƠNG KT'!$D$13:$Q$94,13,0) -> 3992077 | J4: =+I4*$M$2 -> 1.2292785e+11 | L4: =+'BẢNG PHÂN TOÁN '!B22 -> Phụ cấp vườn cây năm nhất | M4: =+'BẢNG PHÂN TOÁN '!E22 -> 20506.372
A5: Công Chủ nhật | B5: ໝວດເຮັດວຽກວັນທິດ | C5: =VLOOKUP(B2,'LƯƠNG KT'!$D$13:$R$94,14,0) -> 27 | D5: =+C5*$M$3 -> 1386885.3 | G5: Công Chủ nhật | H5: ໝວດເຮັດວຽກວັນທິດ | I5: =VLOOKUP(H2,'LƯƠNG KT'!$D$13:$R$94,14,0) -> 26 | J5: =+I5*$M$3 -> 1335519.2 | L5: =+'BẢNG PHÂN TOÁN '!B23 -> Phụ cấp cạo 2 lát ngày thường | M5: =+'BẢNG PHÂN TOÁN '!E23 -> 61585.912
A6: Cạo 2 lát ngày thường | C6: =VLOOKUP(B2,'LƯƠNG KT'!$D$13:$S$94,15,0) -> 4 | D6: =+C6*$M$5 -> 246343.65 | G6: Cạo 2 lát ngày thường | I6: =VLOOKUP(H2,'LƯƠNG KT'!$D$13:$S$94,15,0) -> 4 | J6: =+I6*$M$5 -> 246343.65 | L6: =+'BẢNG PHÂN TOÁN '!B24 -> Phụ cấp cạo 2 lát ngày chủ nhật | M6: =+'BẢNG PHÂN TOÁN '!E24 -> 102732.25
A7: Cạo 2 lát ngày CN | C7: =VLOOKUP(B2,'LƯƠNG KT'!$D$13:$T$90,16,0) -> 0 | D7: =C7*$M$6 -> 0 | G7: Cạo 2 lát ngày CN | I7: =VLOOKUP(H2,'LƯƠNG KT'!$D$13:$T$90,16,0) -> 0 | J7: =I7*$M$6 -> 0 | L7: =+'BẢNG PHÂN TOÁN '!B25 -> Phụ cấp thêm cạo 2 lát | M7: =+'BẢNG PHÂN TOÁN '!E25 -> 100000
A8: Phụ cấp thêm cạo 2 lát | C8: =+C6+C7 -> 4 | D8: =+C8*$M$7 -> 400000 | G8: Phụ cấp thêm cạo 2 lát | I8: =+I6+I7 -> 4 | J8: =+I8*$M$7 -> 400000 | L8: =+'BẢNG PHÂN TOÁN '!B26 -> Phụ cấp vùng xa khó khăn | M8: =+'BẢNG PHÂN TOÁN '!E26 -> 20000
A9: Phụ cấp khó khăn | C9: =+C4+C5+C6+C7 -> 4132867.5 | D9: =+C9*$M$8 -> 8.2657349e+10 | G9: Phụ cấp khó khăn | I9: =+I4+I5+I6+I7 -> 3992107 | J9: =+I9*$M$8 -> 7.9842141e+10
A10: Sản lượng mủ tươi | B10: ຜົນຜະລິດນ້ຳຢາງ | C10: =VLOOKUP(B2,'LƯƠNG KT'!$D$13:$I$94,6,0) -> 2552 | D10: =VLOOKUP(B2,'LƯƠNG KT'!$D$13:$P$94,12,0) -> A | G10: Sản lượng mủ tươi | H10: ຜົນຜະລິດນ້ຳຢາງ | I10: =VLOOKUP(H2,'LƯƠNG KT'!$D$13:$I$94,6,0) -> 2734 | J10: =VLOOKUP(H2,'LƯƠNG KT'!$D$13:$P$94,12,0) -> C
A11: Các khoản trừ | B11: ການຫັກລົບ | G11: Các khoản trừ | H11: ການຫັກລົບ
A12: Tạm ứng | B12: ຄວາມກ້າວໜ້າ | D12: 0 | G12: Tạm ứng | H12: ຄວາມກ້າວໜ້າ | J12: 0 | L12: LƯƠNG TRẠM 1 | M12: =SUM(K14:K29) -> 4.1269361e+11
A13: Tổng trừ: | B13: ລວມທັງໝົດ | D13: =+D12 -> 0 | G13: Tổng trừ: | H13: ລວມທັງໝົດ | J13: =+J12 -> 0 | L13: LƯƠNG TRẠM 2 | M13: =SUM(#REF!) -> #REF! | N13: =+M16-'LƯƠNG KT'!AA95 -> #REF!
A14: Còn lãnh | B14: ຍັງເຫລືອ | D14: =SUM(D3:D10)-D13 -> 2.0992163e+11 | G14: Còn lãnh | H14: ຍັງເຫລືອ | J14: =SUM(J3:J10)-J13 -> 2.0277198e+11 | K14: =+D14+J14 -> 4.1269361e+11 | L14: LƯƠNG CHĂM SÓC | M14: =+K608+#REF! -> #REF! | N14: =+'LƯƠNG KT'!#REF!+'LƯƠNG KT'!#REF!+'LƯƠNG KT'!#REF! -> #REF! | O14: =+M14-N14 -> #REF!
L15: LƯƠNG CNKT | M15: =+#REF! -> #REF! | N15: =+SUM('LƯƠNG KT'!AA13:AA53) -> 2.3052318e+08 | O15: =+M15-N15 -> #REF!
M16: =+#REF! -> #REF! | N16: =+SUM('LƯƠNG KT'!AA54:AA94) -> 2.2233168e+08 | O16: =+M16-N16 -> #REF!
A17: =$L$1 -> Tháng 12/2025 | G17: =$L$1 -> Tháng 12/2025 | L17: TỔNG LƯƠNG | M17: =+M14+M15+M16 -> #REF! | N17: =+'LƯƠNG KT'!Y95 -> 4.5692986e+08 | O17: =+M17-N17 -> #REF!
A18: Họ và tên | B18: =VLOOKUP(C18,'LƯƠNG KT'!$A$13:$D$53,4,0) -> Van | C18: 3 | D18: =+VLOOKUP(B18,'LƯƠNG KT'!$D$13:$O$94,11,0) -> 1103.0844 | G18: Họ và tên | H18: =VLOOKUP(I18,'LƯƠNG KT'!$A$13:$D$53,4,0) -> Thảo Khọt | I18: 4 | J18: =+VLOOKUP(H18,'LƯƠNG KT'!$D$13:$O$94,11,0) -> 1404.4083
A19: Công sản phẩm | B19: ²½ìò©ªະພັນ | C19: =VLOOKUP(C18,'LƯƠNG KT'!$A$13:$G$53,7,0) -> 0 | D19: =C19*25000 -> 0 | G19: Công sản phẩm | H19: ²½ìò©ªະພັນ | I19: =VLOOKUP(I18,'LƯƠNG KT'!$A$13:$G$53,7,0) -> 0 | J19: =I19*25000 -> 0
A20: Công đi cạo | B20: ໝວດໄປຂີດ | C20: =VLOOKUP(B18,'LƯƠNG KT'!$D$13:$Q$94,13,0) -> 3838733.7 | D20: =+C20*$M$2 -> 1.1820596e+11 | G20: Công đi cạo | H20: ໝວດໄປຂີດ | I20: =VLOOKUP(H18,'LƯƠNG KT'!$D$13:$Q$94,13,0) -> 5140134.4 | J20: =+I20*$M$2 -> 1.5827993e+11
A21: Công Chủ nhật | B21: ໝວດເຮັດວຽກວັນທິດ | C21: =VLOOKUP(B18,'LƯƠNG KT'!$D$13:$R$94,14,0) -> 23 | D21: =+C21*$M$3 -> 1181420.9 | G21: Công Chủ nhật | H21: ໝວດເຮັດວຽກວັນທິດ | I21: =VLOOKUP(H18,'LƯƠNG KT'!$D$13:$R$94,14,0) -> 27 | J21: =+I21*$M$3 -> 1386885.3
A22: Cạo 2 lát ngày thường | C22: =VLOOKUP(B18,'LƯƠNG KT'!$D$13:$S$94,15,0) -> 4 | D22: =+C22*$M$5 -> 246343.65 | G22: Cạo 2 lát ngày thường | I22: =VLOOKUP(H18,'LƯƠNG KT'!$D$13:$S$94,15,0) -> 4 | J22: =+I22*$M$5 -> 246343.65
A23: Cạo 2 lát ngày CN | C23: =VLOOKUP(B18,'LƯƠNG KT'!$D$13:$T$90,16,0) -> 0 | D23: =C23*$M$6 -> 0 | G23: Cạo 2 lát ngày CN | I23: =VLOOKUP(H18,'LƯƠNG KT'!$D$13:$T$90,16,0) -> 0 | J23: =I23*$M$6 -> 0
A24: Phụ cấp thêm cạo 2 lát | C24: =+C22+C23 -> 4 | D24: =+C24*$M$7 -> 400000 | G24: Phụ cấp thêm cạo 2 lát | I24: =+I22+I23 -> 4 | J24: =+I24*$M$7 -> 400000
A25: Phụ cấp khó khăn | C25: =+C20+C21+C22+C23 -> 3838760.7 | D25: =+C25*$M$8 -> 7.6775214e+10 | G25: Phụ cấp khó khăn | I25: =+I20+I21+I22+I23 -> 5140165.4 | J25: =+I25*$M$8 -> 1.0280331e+11
A26: Sản lượng mủ tươi | B26: ຜົນຜະລິດນ້ຳຢາງ | C26: =VLOOKUP(B18,'LƯƠNG KT'!$D$13:$I$94,6,0) -> 2493 | D26: =VLOOKUP(B18,'LƯƠNG KT'!$D$13:$P$94,12,0) -> B | G26: Sản lượng mủ tươi | H26: ຜົນຜະລິດນ້ຳຢາງ | I26: =VLOOKUP(H18,'LƯƠNG KT'!$D$13:$I$94,6,0) -> 3174 | J26: =VLOOKUP(H18,'LƯƠNG KT'!$D$13:$P$94,12,0) -> A
A27: Các khoản trừ | B27: ການຫັກລົບ | G27: Các khoản trừ | H27: ການຫັກລົບ
A28: Tạm ứng | B28: ຄວາມກ້າວໜ້າ | D28: 0 | G28: Tạm ứng | H28: ຄວາມກ້າວໜ້າ | J28: 0
A29: Tổng trừ: | B29: ລວມທັງໝົດ | D29: =+D28 -> 0 | G29: Tổng trừ: | H29: ລວມທັງໝົດ | J29: =+J28 -> 0
A30: Còn lãnh | B30: ຍັງເຫລືອ | D30: =SUM(D19:D26)-D29 -> 1.94983e+11 | G30: Còn lãnh | H30: ຍັງເຫລືອ | J30: =SUM(J19:J26)-J29 -> 2.6108527e+11 | K30: =+D30+J30 -> 4.5606827e+11
A32: =$L$1 -> Tháng 12/2025 | G32: =$L$1 -> Tháng 12/2025
A33: Họ và tên | B33: =VLOOKUP(C33,'LƯƠNG KT'!$A$13:$D$53,4,0) -> A Cơ | C33: 5 | D33: =+VLOOKUP(B33,'LƯƠNG KT'!$D$13:$O$94,11,0) -> 1069.4565 | G33: Họ và tên | H33: =VLOOKUP(I33,'LƯƠNG KT'!$A$13:$D$53,4,0) -> Phơ | I33: 6 | J33: =+VLOOKUP(H33,'LƯƠNG KT'!$D$13:$O$94,11,0) -> 973.88238
A34: Công sản phẩm | B34: ²½ìò©ªະພັນ | C34: =VLOOKUP(C33,'LƯƠNG KT'!$A$13:$G$53,7,0) -> 0 | D34: =C34*25000 -> 0 | G34: Công sản phẩm | H34: ²½ìò©ªະພັນ | I34: =VLOOKUP(I33,'LƯƠNG KT'!$A$13:$G$53,7,0) -> 0 | J34: =I34*25000 -> 0
A35: Công đi cạo | B35: ໝວດໄປຂີດ | C35: =VLOOKUP(B33,'LƯƠNG KT'!$D$13:$Q$94,13,0) -> 3721708.5 | D35: =+C35*$M$2 -> 1.1460241e+11 | G35: Công đi cạo | H35: ໝວດໄປຂີດ | I35: =VLOOKUP(H33,'LƯƠNG KT'!$D$13:$Q$94,13,0) -> 3564409.5 | J35: =+I35*$M$2 -> 1.097587e+11
A36: Công Chủ nhật | B36: ໝວດເຮັດວຽກວັນທິດ | C36: =VLOOKUP(B33,'LƯƠNG KT'!$D$13:$R$94,14,0) -> 27 | D36: =+C36*$M$3 -> 1386885.3 | G36: Công Chủ nhật | H36: ໝວດເຮັດວຽກວັນທິດ | I36: =VLOOKUP(H33,'LƯƠNG KT'!$D$13:$R$94,14,0) -> 27 | J36: =+I36*$M$3 -> 1386885.3
A37: Cạo 2 lát ngày thường | C37: =VLOOKUP(B33,'LƯƠNG KT'!$D$13:$S$94,15,0) -> 4 | D37: =+C37*$M$5 -> 246343.65 | G37: Cạo 2 lát ngày thường | I37: =VLOOKUP(H33,'LƯƠNG KT'!$D$13:$S$94,15,0) -> 2 | J37: =+I37*$M$5 -> 123171.82
A38: Cạo 2 lát ngày CN | C38: =VLOOKUP(B33,'LƯƠNG KT'!$D$13:$T$90,16,0) -> 0 | D38: =C38*$M$6 -> 0 | G38: Cạo 2 lát ngày CN | I38: =VLOOKUP(H33,'LƯƠNG KT'!$D$13:$T$90,16,0) -> 0 | J38: =I38*$M$6 -> 0
A39: Phụ cấp thêm cạo 2 lát | C39: =+C37+C38 -> 4 | D39: =+C39*$M$7 -> 400000 | G39: Phụ cấp thêm cạo 2 lát | I39: =+I37+I38 -> 2 | J39: =+I39*$M$7 -> 200000
A40: Phụ cấp khó khăn | C40: =+C35+C36+C37+C38 -> 3721739.5 | D40: =+C40*$M$8 -> 7.4434791e+10 | G40: Phụ cấp khó khăn | I40: =+I35+I36+I37+I38 -> 3564438.5 | J40: =+I40*$M$8 -> 7.128877e+10
A41: Sản lượng mủ tươi | B41: ຜົນຜະລິດນ້ຳຢາງ | C41: =VLOOKUP(B33,'LƯƠNG KT'!$D$13:$I$94,6,0) -> 2417 | D41: =VLOOKUP(B33,'LƯƠNG KT'!$D$13:$P$94,12,0) -> B | G41: Sản lượng mủ tươi | H41: ຜົນຜະລິດນ້ຳຢາງ | I41: =VLOOKUP(H33,'LƯƠNG KT'!$D$13:$I$94,6,0) -> 2201 | J41: =VLOOKUP(H33,'LƯƠNG KT'!$D$13:$P$94,12,0) -> A
A42: Các khoản trừ | B42: ການຫັກລົບ | G42: Các khoản trừ | H42: ການຫັກລົບ
A43: Tạm ứng | B43: ຄວາມກ້າວໜ້າ | D43: 0 | G43: Tạm ứng | H43: ຄວາມກ້າວໜ້າ | J43: 0
A44: Tổng trừ: | B44: ລວມທັງໝົດ | D44: =+D43 -> 0 | G44: Tổng trừ: | H44: ລວມທັງໝົດ | J44: =+J43 -> 0
A45: Còn lãnh | B45: ຍັງເຫລືອ | D45: =SUM(D34:D41)-D44 -> 1.8903923e+11 | G45: Còn lãnh | H45: ຍັງເຫລືອ | J45: =SUM(J34:J41)-J44 -> 1.8104918e+11 | K45: =+D45+J45 -> 3.7008842e+11
A48: =$L$1 -> Tháng 12/2025 | G48: =$L$1 -> Tháng 12/2025
A49: Họ và tên | B49: =VLOOKUP(C49,'LƯƠNG KT'!$A$13:$D$53,4,0) -> A phơ | C49: 7 | D49: =+VLOOKUP(B49,'LƯƠNG KT'!$D$13:$O$94,11,0) -> 1206.623 | G49: Họ và tên | H49: =VLOOKUP(I49,'LƯƠNG KT'!$A$13:$D$53,4,0) -> Nang Đăm | I49: 8 | J49: =+VLOOKUP(H49,'LƯƠNG KT'!$D$13:$O$94,11,0) -> 807.07017
A50: Công sản phẩm | B50: ²½ìò©ªະພັນ | C50: =VLOOKUP(C49,'LƯƠNG KT'!$A$13:$G$53,7,0) -> 0 | D50: =C50*25000 -> 0 | G50: Công sản phẩm | H50: ²½ìò©ªະພັນ | I50: =VLOOKUP(I49,'LƯƠNG KT'!$A$13:$G$53,7,0) -> 0 | J50: =I50*25000 -> 0
A51: Công đi cạo | B51: ໝວດໄປຂີດ | C51: =VLOOKUP(B49,'LƯƠNG KT'!$D$13:$Q$94,13,0) -> 4199048.1 | D51: =+C51*$M$2 -> 1.293011e+11 | G51: Công đi cạo | H51: ໝວດໄປຂີດ | I51: =VLOOKUP(H49,'LƯƠNG KT'!$D$13:$Q$94,13,0) -> 2808604.2 | J51: =+I51*$M$2 -> 8.6485226e+10
A52: Công Chủ nhật | B52: ໝວດເຮັດວຽກວັນທິດ | C52: =VLOOKUP(B49,'LƯƠNG KT'!$D$13:$R$94,14,0) -> 27 | D52: =+C52*$M$3 -> 1386885.3 | G52: Công Chủ nhật | H52: ໝວດເຮັດວຽກວັນທິດ | I52: =VLOOKUP(H49,'LƯƠNG KT'!$D$13:$R$94,14,0) -> 26 | J52: =+I52*$M$3 -> 1335519.2
A53: Cạo 2 lát ngày thường | C53: =VLOOKUP(B49,'LƯƠNG KT'!$D$13:$S$94,15,0) -> 4 | D53: =+C53*$M$5 -> 246343.65 | G53: Cạo 2 lát ngày thường | I53: =VLOOKUP(H49,'LƯƠNG KT'!$D$13:$S$94,15,0) -> 4 | J53: =+I53*$M$5 -> 246343.65
A54: Cạo 2 lát ngày CN | C54: =VLOOKUP(B49,'LƯƠNG KT'!$D$13:$T$90,16,0) -> 0 | D54: =C54*$M$6 -> 0 | G54: Cạo 2 lát ngày CN | I54: =VLOOKUP(H49,'LƯƠNG KT'!$D$13:$T$90,16,0) -> 0 | J54: =I54*$M$6 -> 0
A55: Phụ cấp thêm cạo 2 lát | C55: =+C53+C54 -> 4 | D55: =+C55*$M$7 -> 400000 | G55: Phụ cấp thêm cạo 2 lát | I55: =+I53+I54 -> 4 | J55: =+I55*$M$7 -> 400000
A56: Phụ cấp khó khăn | C56: =+C51+C52+C53+C54 -> 4199079.1 | D56: =+C56*$M$8 -> 8.3981581e+10 | G56: Phụ cấp khó khăn | I56: =+I51+I52+I53+I54 -> 2808634.2 | J56: =+I56*$M$8 -> 5.6172684e+10
A57: Sản lượng mủ tươi | B57: ຜົນຜະລິດນ້ຳຢາງ | C57: =VLOOKUP(B49,'LƯƠNG KT'!$D$13:$I$94,6,0) -> 2727 | D57: =VLOOKUP(B49,'LƯƠNG KT'!$D$13:$P$94,12,0) -> B | G57: Sản lượng mủ tươi | H57: ຜົນຜະລິດນ້ຳຢາງ | I57: =VLOOKUP(H49,'LƯƠNG KT'!$D$13:$I$94,6,0) -> 1824 | J57: =VLOOKUP(H49,'LƯƠNG KT'!$D$13:$P$94,12,0) -> B
A58: Các khoản trừ | B58: ການຫັກລົບ | G58: Các khoản trừ | H58: ການຫັກລົບ
A59: Tạm ứng | B59: ຄວາມກ້າວໜ້າ | D59: 0 | G59: Tạm ứng | H59: ຄວາມກ້າວໜ້າ | J59: 0
A60: Tổng trừ: | B60: ລວມທັງໝົດ | D60: =+D59 -> 0 | G60: Tổng trừ: | H60: ລວມທັງໝົດ | J60: =+J59 -> 0
A61: Còn lãnh | B61: ຍັງເຫລືອ | D61: =SUM(D50:D57)-D60 -> 2.1328472e+11 | G61: Còn lãnh | H61: ຍັງເຫລືອ | J61: =SUM(J50:J57)-J60 -> 1.4265989e+11 | K61: =+D61+J61 -> 3.5594461e+11
A63: =$L$1 -> Tháng 12/2025 | G63: =$L$1 -> Tháng 12/2025
A64: Họ và tên | B64: =VLOOKUP(C64,'LƯƠNG KT'!$A$13:$D$53,4,0) -> Nang Sun | C64: 9 | D64: =+VLOOKUP(B64,'LƯƠNG KT'!$D$13:$O$94,11,0) -> 1025.2092 | G64: Họ và tên | H64: =VLOOKUP(I64,'LƯƠNG KT'!$A$13:$D$53,4,0) -> A Nghen | I64: 10 | J64: =+VLOOKUP(H64,'LƯƠNG KT'!$D$13:$O$94,11,0) -> 860.1669
A65: Công sản phẩm | B65: ²½ìò©ªະພັນ | C65: =VLOOKUP(C64,'LƯƠNG KT'!$A$13:$G$53,7,0) -> 0 | D65: =C65*25000 -> 0 | G65: Công sản phẩm | H65: ²½ìò©ªະພັນ | I65: =VLOOKUP(I64,'LƯƠNG KT'!$A$13:$G$53,7,0) -> 0 | J65: =I65*25000 -> 0
A66: Công đi cạo | B66: ໝວດໄປຂີດ | C66: =VLOOKUP(B64,'LƯƠNG KT'!$D$13:$Q$94,13,0) -> 3752265.7 | D66: =+C66*$M$2 -> 1.1554335e+11 | G66: Công đi cạo | H66: ໝວດໄປຂີດ | I66: =VLOOKUP(H64,'LƯƠNG KT'!$D$13:$Q$94,13,0) -> 3148210.8 | J66: =+I66*$M$2 -> 9.6942718e+10
A67: Công Chủ nhật | B67: ໝວດເຮັດວຽກວັນທິດ | C67: =VLOOKUP(B64,'LƯƠNG KT'!$D$13:$R$94,14,0) -> 27 | D67: =+C67*$M$3 -> 1386885.3 | G67: Công Chủ nhật | H67: ໝວດເຮັດວຽກວັນທິດ | I67: =VLOOKUP(H64,'LƯƠNG KT'!$D$13:$R$94,14,0) -> 24 | J67: =+I67*$M$3 -> 1232787
A68: Cạo 2 lát ngày thường | C68: =VLOOKUP(B64,'LƯƠNG KT'!$D$13:$S$94,15,0) -> 4 | D68: =+C68*$M$5 -> 246343.65 | G68: Cạo 2 lát ngày thường | I68: =VLOOKUP(H64,'LƯƠNG KT'!$D$13:$S$94,15,0) -> 4 | J68: =+I68*$M$5 -> 246343.65
A69: Cạo 2 lát ngày CN | C69: =VLOOKUP(B64,'LƯƠNG KT'!$D$13:$T$90,16,0) -> 0 | D69: =C69*$M$6 -> 0 | G69: Cạo 2 lát ngày CN | I69: =VLOOKUP(H64,'LƯƠNG KT'!$D$13:$T$90,16,0) -> 0 | J69: =I69*$M$6 -> 0
A70: Phụ cấp thêm cạo 2 lát | C70: =+C68+C69 -> 4 | D70: =+C70*$M$7 -> 400000 | G70: Phụ cấp thêm cạo 2 lát | I70: =+I68+I69 -> 4 | J70: =+I70*$M$7 -> 400000
A71: Phụ cấp khó khăn | C71: =+C66+C67+C68+C69 -> 3752296.7 | D71: =+C71*$M$8 -> 7.5045934e+10 | G71: Phụ cấp khó khăn | I71: =+I66+I67+I68+I69 -> 3148238.8 | J71: =+I71*$M$8 -> 6.2964777e+10
A72: Sản lượng mủ tươi | B72: ຜົນຜະລິດນ້ຳຢາງ | C72: =VLOOKUP(B64,'LƯƠNG KT'!$D$13:$I$94,6,0) -> 2317 | D72: =VLOOKUP(B64,'LƯƠNG KT'!$D$13:$P$94,12,0) -> A | G72: Sản lượng mủ tươi | H72: ຜົນຜະລິດນ້ຳຢາງ | I72: =VLOOKUP(H64,'LƯƠNG KT'!$D$13:$I$94,6,0) -> 1944 | J72: =VLOOKUP(H64,'LƯƠNG KT'!$D$13:$P$94,12,0) -> A
A73: Các khoản trừ | B73: ການຫັກລົບ | G73: Các khoản trừ | H73: ການຫັກລົບ
A74: Tạm ứng | B74: ຄວາມກ້າວໜ້າ | D74: 0 | G74: Tạm ứng | H74: ຄວາມກ້າວໜ້າ | J74: 0
A75: Tổng trừ: | B75: ລວມທັງໝົດ | D75: =+D74 -> 0 | G75: Tổng trừ: | H75: ລວມທັງໝົດ | J75: =+J74 -> 0
A76: Còn lãnh | B76: ຍັງເຫລືອ | D76: =SUM(D65:D72)-D75 -> 1.9059132e+11 | G76: Còn lãnh | H76: ຍັງເຫລືອ | J76: =SUM(J65:J72)-J75 -> 1.5990937e+11 | K76: =+D76+J76 -> 3.5050069e+11
A79: =$L$1 -> Tháng 12/2025 | G79: =$L$1 -> Tháng 12/2025
A80: Họ và tên | B80: =VLOOKUP(C80,'LƯƠNG KT'!$A$13:$D$53,4,0) -> Nguyễn Thị Thanh Trà | C80: 11 | D80: =+VLOOKUP(B80,'LƯƠNG KT'!$D$13:$O$94,11,0) -> 1344.6745 | G80: Họ và tên | H80: =VLOOKUP(I80,'LƯƠNG KT'!$A$13:$D$53,4,0) -> Phò Thít | I80: 12 | J80: =+VLOOKUP(H80,'LƯƠNG KT'!$D$13:$O$94,11,0) -> 1155.2962
A81: Công sản phẩm | B81: ²½ìò©ªະພັນ | C81: =VLOOKUP(C80,'LƯƠNG KT'!$A$13:$G$53,7,0) -> 0 | D81: =C81*25000 -> 0 | G81: Công sản phẩm | H81: ²½ìò©ªະພັນ | I81: =VLOOKUP(I80,'LƯƠNG KT'!$A$13:$G$53,7,0) -> 0 | J81: =I81*25000 -> 0
A82: Công đi cạo | B82: ໝວດໄປຂີດ | C82: =VLOOKUP(B80,'LƯƠNG KT'!$D$13:$Q$94,13,0) -> 4921508.6 | D82: =+C82*$M$2 -> 1.515478e+11 | G82: Công đi cạo | H82: ໝວດໄປຂີດ | I82: =VLOOKUP(H80,'LƯƠNG KT'!$D$13:$Q$94,13,0) -> 4228384 | J82: =+I82*$M$2 -> 1.3020444e+11
A83: Công Chủ nhật | B83: ໝວດເຮັດວຽກວັນທິດ | C83: =VLOOKUP(B80,'LƯƠNG KT'!$D$13:$R$94,14,0) -> 27 | D83: =+C83*$M$3 -> 1386885.3 | G83: Công Chủ nhật | H83: ໝວດເຮັດວຽກວັນທິດ | I83: =VLOOKUP(H80,'LƯƠNG KT'!$D$13:$R$94,14,0) -> 27 | J83: =+I83*$M$3 -> 1386885.3
A84: Cạo 2 lát ngày thường | C84: =VLOOKUP(B80,'LƯƠNG KT'!$D$13:$S$94,15,0) -> 4 | D84: =+C84*$M$5 -> 246343.65 | G84: Cạo 2 lát ngày thường | I84: =VLOOKUP(H80,'LƯƠNG KT'!$D$13:$S$94,15,0) -> 4 | J84: =+I84*$M$5 -> 246343.65
A85: Cạo 2 lát ngày CN | C85: =VLOOKUP(B80,'LƯƠNG KT'!$D$13:$T$90,16,0) -> 0 | D85: =C85*$M$6 -> 0 | G85: Cạo 2 lát ngày CN | I85: =VLOOKUP(H80,'LƯƠNG KT'!$D$13:$T$90,16,0) -> 0 | J85: =I85*$M$6 -> 0
A86: Phụ cấp thêm cạo 2 lát | C86: =+C84+C85 -> 4 | D86: =+C86*$M$7 -> 400000 | G86: Phụ cấp thêm cạo 2 lát | I86: =+I84+I85 -> 4 | J86: =+I86*$M$7 -> 400000
A87: Phụ cấp khó khăn | C87: =+C82+C83+C84+C85 -> 4921539.6 | D87: =+C87*$M$8 -> 9.8430792e+10 | G87: Phụ cấp khó khăn | I87: =+I82+I83+I84+I85 -> 4228415 | J87: =+I87*$M$8 -> 8.45683e+10
A88: Sản lượng mủ tươi | B88: ຜົນຜະລິດນ້ຳຢາງ | C88: =VLOOKUP(B80,'LƯƠNG KT'!$D$13:$I$94,6,0) -> 3039 | D88: =VLOOKUP(B80,'LƯƠNG KT'!$D$13:$P$94,12,0) -> A | G88: Sản lượng mủ tươi | H88: ຜົນຜະລິດນ້ຳຢາງ | I88: =VLOOKUP(H80,'LƯƠNG KT'!$D$13:$I$94,6,0) -> 2611 | J88: =VLOOKUP(H80,'LƯƠNG KT'!$D$13:$P$94,12,0) -> A
A89: Các khoản trừ | B89: ການຫັກລົບ | G89: Các khoản trừ | H89: ການຫັກລົບ
A90: Tạm ứng | B90: ຄວາມກ້າວໜ້າ | D90: 0 | G90: Tạm ứng | H90: ຄວາມກ້າວໜ້າ | J90: 0
A91: Tổng trừ: | B91: ລວມທັງໝົດ | D91: =+D90 -> 0 | G91: Tổng trừ: | H91: ລວມທັງໝົດ | J91: =+J90 -> 0
A92: Còn lãnh | B92: ຍັງເຫລືອ | D92: =SUM(D81:D88)-D91 -> 2.4998062e+11 | G92: Còn lãnh | H92: ຍັງເຫລືອ | J92: =SUM(J81:J88)-J91 -> 2.1477478e+11 | K92: =+D92+J92 -> 4.647554e+11
A94: =$L$1 -> Tháng 12/2025 | G94: =$L$1 -> Tháng 12/2025
A95: Họ và tên | B95: =VLOOKUP(C95,'LƯƠNG KT'!$A$13:$D$53,4,0) -> A Bợp | C95: 13 | D95: =+VLOOKUP(B95,'LƯƠNG KT'!$D$13:$O$94,11,0) -> 1439.3636 | G95: Họ và tên | H95: =VLOOKUP(I95,'LƯƠNG KT'!$A$13:$D$53,4,0) -> A Khai | I95: 14 | J95: =+VLOOKUP(H95,'LƯƠNG KT'!$D$13:$O$94,11,0) -> 924.32543
A96: Công sản phẩm | B96: ²½ìò©ªະພັນ | C96: =VLOOKUP(C95,'LƯƠNG KT'!$A$13:$G$53,7,0) -> 0 | D96: =C96*25000 -> 0 | G96: Công sản phẩm | H96: ²½ìò©ªະພັນ | I96: =VLOOKUP(I95,'LƯƠNG KT'!$A$13:$G$53,7,0) -> 0 | J96: =I96*25000 -> 0
A97: Công đi cạo | B97: ໝວດໄປຂີດ | C97: =VLOOKUP(B95,'LƯƠNG KT'!$D$13:$Q$94,13,0) -> 5008985.5 | D97: =+C97*$M$2 -> 1.5424147e+11 | G97: Công đi cạo | H97: ໝວດໄປຂີດ | I97: =VLOOKUP(H95,'LƯƠNG KT'!$D$13:$Q$94,13,0) -> 3383031.1 | J97: =+I97*$M$2 -> 1.0417353e+11
A98: Công Chủ nhật | B98: ໝວດເຮັດວຽກວັນທິດ | C98: =VLOOKUP(B95,'LƯƠNG KT'!$D$13:$R$94,14,0) -> 27 | D98: =+C98*$M$3 -> 1386885.3 | G98: Công Chủ nhật | H98: ໝວດເຮັດວຽກວັນທິດ | I98: =VLOOKUP(H95,'LƯƠNG KT'!$D$13:$R$94,14,0) -> 27 | J98: =+I98*$M$3 -> 1386885.3
A99: Cạo 2 lát ngày thường | C99: =VLOOKUP(B95,'LƯƠNG KT'!$D$13:$S$94,15,0) -> 4 | D99: =+C99*$M$5 -> 246343.65 | G99: Cạo 2 lát ngày thường | I99: =VLOOKUP(H95,'LƯƠNG KT'!$D$13:$S$94,15,0) -> 4 | J99: =+I99*$M$5 -> 246343.65
A100: Cạo 2 lát ngày CN | C100: =VLOOKUP(B95,'LƯƠNG KT'!$D$13:$T$90,16,0) -> 0 | D100: =C100*$M$6 -> 0 | G100: Cạo 2 lát ngày CN | I100: =VLOOKUP(H95,'LƯƠNG KT'!$D$13:$T$90,16,0) -> 0 | J100: =I100*$M$6 -> 0
A101: Phụ cấp thêm cạo 2 lát | C101: =+C99+C100 -> 4 | D101: =+C101*$M$7 -> 400000 | G101: Phụ cấp thêm cạo 2 lát | I101: =+I99+I100 -> 4 | J101: =+I101*$M$7 -> 400000
A102: Phụ cấp khó khăn | C102: =+C97+C98+C99+C100 -> 5009016.5 | D102: =+C102*$M$8 -> 1.0018033e+11 | G102: Phụ cấp khó khăn | I102: =+I97+I98+I99+I100 -> 3383062.1 | J102: =+I102*$M$8 -> 6.7661242e+10
A103: Sản lượng mủ tươi | B103: ຜົນຜະລິດນ້ຳຢາງ | C103: =VLOOKUP(B95,'LƯƠNG KT'!$D$13:$I$94,6,0) -> 3253 | D103: =VLOOKUP(B95,'LƯƠNG KT'!$D$13:$P$94,12,0) -> B | G103: Sản lượng mủ tươi | H103: ຜົນຜະລິດນ້ຳຢາງ | I103: =VLOOKUP(H95,'LƯƠNG KT'!$D$13:$I$94,6,0) -> 2089 | J103: =VLOOKUP(H95,'LƯƠNG KT'!$D$13:$P$94,12,0) -> A
A104: Các khoản trừ | B104: ການຫັກລົບ | G104: Các khoản trừ | H104: ການຫັກລົບ
A105: Tạm ứng | B105: ຄວາມກ້າວໜ້າ | D105: 0 | G105: Tạm ứng | H105: ຄວາມກ້າວໜ້າ | J105: 0
A106: Tổng trừ: | B106: ລວມທັງໝົດ | D106: =+D105 -> 0 | G106: Tổng trừ: | H106: ລວມທັງໝົດ | J106: =+J105 -> 0
A107: Còn lãnh | B107: ຍັງເຫລືອ | D107: =SUM(D96:D103)-D106 -> 2.5442383e+11 | G107: Còn lãnh | H107: ຍັງເຫລືອ | J107: =SUM(J96:J103)-J106 -> 1.718368e+11 | K107: =+D107+J107 -> 4.2626063e+11
...

Sheet CÁCH TÍNH LƯƠNG
A1: CỘNG HÒA DÂN CHỦ NHÂN DÂN LÀO
A2: Hòa bình - Độc lập - Dân chủ - Thống nhất - Thịnh vượng
A3: ----oOo----
A4: CÔNG TY TNHH MTV QUASA-GERUCO LÀO
A5: ĐỘI SẢN XUẤT SỐ 06
A7: BẢNG TÍNH LƯƠNG CB.CNV ĐỘI SẢN XUẤT THÁNG 12 NĂM 2025
Q8: Đvt: USD
A9: Stt | B9: Họ và tên | C9: Chức vụ | D9: Hệ số QLKT (K) | E9: Sản lượng giao kế hoạch tháng (tấn) | F9: Sản lượng thực hiện trong tháng (tấn) | G9: Tỷ lệ hoàn thành sản lượng (%) | H9: Hệ số QLKT tháng 08 (K) | I9: Sản lượng giao kế hoạch tháng 08 (tấn) | J9: Sản lượng truy lĩnh tháng 12 (tấn) | K9: Tỷ lệ truy lĩnh tháng 12 (%) | L9: Lương theo bậc | M9: Phụ cấp | N9: Lương tính theo tỷ lệ hoàn thành sản lượng và hạng kỹ thuật | O9: Lương truy lĩnh T12 | P9: Lương thực hiện trong tháng | Q9: Ghi chú
E10: (1) | F10: (2) | G10: (3)=(2)/(1)*100% | L10: (4) | N10: (5)=250*(3) | P10: (6)=(4)+(5)
B11: Lương USD | L11: =+SUM(L12:L17) -> 1660 | M11: =+SUM(M12:M17) -> 0 | N11: =+SUM(N12:N17) -> 1602.62 | P11: =+SUM(P12:P17) -> 3418.86
A12: 1 | B12: Trần Quang Thiện | C12: Đội trưởng | D12: 1 | E12: 85 | F12: 80.131 | G12: =F12/E12 -> 0.94271765 | J12: 7.812 | K12: =+J12/E12 -> 0.091905882 | L12: 360 | N12: =300*G12*D12 -> 282.81529 | O12: =300*D12*K12 -> 27.571765 | P12: =L12+N12+M12+O12 -> 670.38706
A13: 2 | B13: Trần Thanh Hải | C13: Đội phó | D13: =+D12 -> 1 | E13: =+E12 -> 85 | F13: =F12 -> 80.131 | G13: =F13/E13 -> 0.94271765 | H13: =+H12 -> 0 | I13: =+I12 -> 0 | J13: =+J12 -> 7.812 | K13: =+J13/E13 -> 0.091905882 | L13: 280 | N13: =280*G13*D13 -> 263.96094 | O13: =280*D13*K13 -> 25.733647 | P13: =L13+N13+M13+O13 -> 569.69459
A14: 3 | B14: Vương Thành Long | C14: Đội phó | D14: =+D12 -> 1 | E14: =+E12 -> 85 | F14: =F12 -> 80.131 | G14: =F14/E14 -> 0.94271765 | H14: =+H12 -> 0 | I14: =+I13 -> 0 | J14: =+J12 -> 7.812 | K14: =+J14/E14 -> 0.091905882 | L14: 280 | N14: =280*G14*D14 -> 263.96094 | O14: =280*D14*K14 -> 25.733647 | P14: =L14+N14+M14+O14 -> 569.69459
A15: 4 | B15: Nguyễn Văn Nam | C15: NVKT | D15: =+D12 -> 1 | E15: =+E12 -> 85 | F15: =F16 -> 80.131 | G15: =F15/E15 -> 0.94271765 | H15: =+H12 -> 0 | I15: =+I14 -> 0 | J15: =+J12 -> 7.812 | K15: =+J15/E15 -> 0.091905882 | L15: 280 | M15: 0 | N15: =280*G15*D15 -> 263.96094 | O15: =280*D15*K15 -> 25.733647 | P15: =L15+N15+M15+O15 -> 569.69459
A16: 5 | B16: Nguyễn Tất Châu | C16: NVKT | D16: =+D12 -> 1 | E16: =+E12 -> 85 | F16: =F17 -> 80.131 | G16: =F16/E16 -> 0.94271765 | H16: =+H12 -> 0 | I16: =+I15 -> 0 | J16: =+J12 -> 7.812 | K16: =+J16/E16 -> 0.091905882 | L16: 230 | N16: =280*G16*D16 -> 263.96094 | O16: =280*D16*K16 -> 25.733647 | P16: =L16+N16+M16+O16 -> 519.69459
A17: 6 | B17: Hồ Dũng Cảm | C17: NVKT-TK | D17: 0 | E17: =+E12 -> 85 | F17: =F12 -> 80.131 | G17: =F17/E17 -> 0.94271765 | H17: 0 | I17: =+I16 -> 0 | J17: =+J12 -> 7.812 | K17: =+J17/E17 -> 0.091905882 | L17: 230 | N17: =280*G17 -> 263.96094 | O17: =280*K17 -> 25.733647 | P17: =L17+N17+M17+O17 -> 519.69459
L19: Huyện Noong, ngày 03 tháng 01 năm 2026
A20: TỔNG GIÁM ĐỐC | D20: P. TC - KT | F20: P. TC - HC | J20: PHÒNG QLKT | L20: P. P PHỤ TRÁCH | P20: ĐỘI TRƯỞNG
F26: Hồ Thị Thủy | L26: Hoàng Tấn Thảo | P26: Trần Quang Thiện

Sheet BCC BẢO VỆ
B1: CỘNG HOÀ DÂN CHỦ NHÂN DÂN LÀO | AO1: 1 | AP1: 2 | AQ1: 3 | AR1: 4 | AS1: 5 | AT1: 6 | AU1: 7
B2: Hoà bình - Độc lập - Dân chủ - Thống nhất - Thịnh vượng | AO2: CN | AP2: Hai | AQ2: Ba | AR2: Tư | AS2: Năm | AT2: Sáu | AU2: Bảy
B3: ----oOo----
B4: CÔNG TY TNHH MTV QUASA - GERUCO LÀO
B5: ĐỘI SẢN XUẤT SỐ 06
E7: BẢNG CHẤM CÔNG BẢO VỆ
B8: NĂM | D8: 2025 | E8: ="Tháng "&IF(LEN($D$9)=1,"0"&$D$9,$D$9)&" năm "&D8 -> Tháng 12 năm 2025
B9: THÁNG | D9: 12
B10: STT | C10: Họ và tên | D10: Chức vụ | E10: 1 | F10: 2 | G10: 3 | H10: 4 | I10: 5 | J10: 6 | K10: 7 | L10: 8 | M10: 9 | N10: 10 | O10: 11 | P10: 12 | Q10: 13 | R10: 14 | S10: 15 | T10: 16 | U10: 17 | V10: 18 | W10: 19 | X10: 20 | Y10: 21 | Z10: 22 | AA10: 23 | AB10: 24 | AC10: 25 | AD10: 26 | AE10: 27 | AF10: 28 | AG10: =IF(DAY(DATE(D8,D9+1,1)-1)<29,"",29) -> 29 | AH10: 30 | AI10: 31 | AJ10: Ngày công | AK10: Tổng công trực tết | AL10: Ghi chú
E11: =IF(E10="","",HLOOKUP(WEEKDAY(DATE($D$8,$D$9,E10)),$AO$1:$AU$2,2,0)) -> Hai | F11: =IF(F10="","",HLOOKUP(WEEKDAY(DATE($D$8,$D$9,F10)),$AO$1:$AU$2,2,0)) -> Ba | G11: =IF(G10="","",HLOOKUP(WEEKDAY(DATE($D$8,$D$9,G10)),$AO$1:$AU$2,2,0)) -> Tư | H11: =IF(H10="","",HLOOKUP(WEEKDAY(DATE($D$8,$D$9,H10)),$AO$1:$AU$2,2,0)) -> Năm | I11: =IF(I10="","",HLOOKUP(WEEKDAY(DATE($D$8,$D$9,I10)),$AO$1:$AU$2,2,0)) -> Sáu | J11: =IF(J10="","",HLOOKUP(WEEKDAY(DATE($D$8,$D$9,J10)),$AO$1:$AU$2,2,0)) -> Bảy | K11: =IF(K10="","",HLOOKUP(WEEKDAY(DATE($D$8,$D$9,K10)),$AO$1:$AU$2,2,0)) -> CN | L11: =IF(L10="","",HLOOKUP(WEEKDAY(DATE($D$8,$D$9,L10)),$AO$1:$AU$2,2,0)) -> Hai | ... AI11: =IF(AI10="","",HLOOKUP(WEEKDAY(DATE($D$8,$D$9,AI10)),$AO$1:$AU$2,2,0)) -> Tư
B12: 1 | C12: Phò Lay | D12: BV | E12: x | F12: x | G12: x | H12: x | I12: x | J12: x | K12: x | L12: x | M12: x | N12: x | O12: x | P12: x | Q12: x | R12: x | S12: x | T12: x | U12: x | V12: x | W12: x | X12: x | Y12: x | Z12: x | AA12: x | AB12: x | AC12: x | AD12: x | AE12: x | AF12: x | AG12: x | AH12: x | AI12: x | AJ12: =COUNTIF(E12:AI12,"X")+COUNTIF(E12:AI12,"P")+COUNTIF(E12:AI12,"PT") -> 31 | AK12: =COUNTIF(E12:AI12,"TT") -> 0
B13: 2 | C13: Phò Mừng | D13: BV | E13: x | F13: x | G13: x | H13: x | I13: x | J13: x | K13: x | L13: x | M13: x | N13: x | O13: x | P13: x | Q13: x | R13: x | S13: x | T13: x | U13: x | V13: x | W13: x | X13: x | Y13: x | Z13: x | AA13: x | AB13: x | AC13: x | AD13: x | AE13: x | AF13: x | AG13: x | AH13: x | AI13: x | AJ13: =COUNTIF(E13:AI13,"X")+COUNTIF(E13:AI13,"P")+COUNTIF(E13:AI13,"PT") -> 31 | AK13: =COUNTIF(E13:AI13,"TT") -> 0
B14: 3 | C14: Phò Khọi | D14: BV | E14: x | F14: x | G14: x | H14: x | I14: x | J14: x | K14: x | L14: x | M14: x | N14: x | O14: x | P14: x | Q14: x | R14: x | S14: x | T14: x | U14: x | V14: x | W14: x | X14: x | Y14: x | Z14: x | AA14: x | AB14: x | AC14: x | AD14: x | AE14: x | AF14: x | AG14: x | AH14: x | AI14: x | AJ14: =COUNTIF(E14:AI14,"X")+COUNTIF(E14:AI14,"P")+COUNTIF(E14:AI14,"PT") -> 31
B15: Tổng công | E15: =COUNTIF(E12:E14,"X")+COUNTIF(E12:E13,"P") -> 3 | F15: =COUNTIF(F12:F14,"X")+COUNTIF(F12:F13,"P") -> 3 | G15: =COUNTIF(G12:G14,"X")+COUNTIF(G12:G13,"P") -> 3 | H15: =COUNTIF(H12:H14,"X")+COUNTIF(H12:H13,"P") -> 3 | I15: =COUNTIF(I12:I14,"X")+COUNTIF(I12:I13,"P") -> 3 | J15: =COUNTIF(J12:J14,"X")+COUNTIF(J12:J13,"P") -> 3 | K15: =COUNTIF(K12:K14,"X")+COUNTIF(K12:K13,"P") -> 3 | L15: =COUNTIF(L12:L14,"X")+COUNTIF(L12:L13,"P") -> 3 | ... AI15: =COUNTIF(AI12:AI14,"X")+COUNTIF(AI12:AI13,"P") -> 3 | AJ15: =SUM(AJ12:AK14) -> 93 | AK15: =SUM(#REF!,#REF!,#REF!,#REF!) -> #REF!
B16: Ghi chú: | D16: x : ngày làm việc | AA16: Huyện Noong, ngày 02 tháng 01 năm 2026
A19: PHÒNG TC - HC | I19: PHÓ PHÒNG PHỤ TRÁCH | V19: ĐỘI TRƯỞNG | AE19: NGƯỜI LẬP
B27: Hồ Thị Thủy | I27: Hoàng Tấn Thảo | V27: Trần Quang Thiện | AE27: Hồ Dũng Cảm

Sheet LƯƠNG BV9THUC gộp pc ng viết
A1: CỘNG HÒA DÂN CHỦ NHÂN DÂN LÀO
A2: Hòa bình - Độc lập - Dân chủ - Thống nhất - Thịnh vượng
A3: ----oOo----
A4: CÔNG TY TNHH MTV QUASA - GERUCO LÀO
A5: ĐỘI SẢN XUẤT SỐ 06
A7: BẢNG LƯƠNG CB - CNV NGƯỜI LÀO, PHỤ CẤP NGƯỜI VIỆT THÁNG 12 NĂM 2025
N8: Đvt: Kip | P8: 30
A9: Stt | B9: Mã nhân viên | C9: Họ và tên | E9: Trạm | F9: Chức vụ | G9: LƯƠNG | K9: Thuế TNCN | L9: Tiền lương còn lại | M9: Ký nhận | N9: Ghi chú
G10: Ngày công | H10: Mức lương | I10: Phụ cấp | J10: Lương làm việc trong tháng
A11: I. | D11: Bảo vệ vườn cây | G11: =SUBTOTAL(9,G12:G14) -> 93 | H11: =SUBTOTAL(9,H12:H14) -> 6000000 | I11: =SUBTOTAL(9,I12:I14) -> 1800000 | J11: =SUBTOTAL(9,J12:J14) -> 7800000 | K11: =SUBTOTAL(9,K12:K14) -> 0 | L11: =SUBTOTAL(9,L12:L14) -> 7800000
A12: 1 | C12: ທອງ | D12: =+'BCC BẢO VỆ'!C12 -> Phò Lay | E12: Trạm 1 | F12: Bảo vệ | G12: =VLOOKUP(D12,'BCC BẢO VỆ'!$C$12:$AJ$14,34,0) -> 31 | H12: 2000000 | I12: 600000 | J12: =+I12+H12 -> 2600000 | K12: 0 | L12: =+J12-K12 -> 2600000
A13: 2 | B13: 01967 | D13: =+'BCC BẢO VỆ'!C13 -> Phò Mừng | E13: Trạm 1 | F13: Bảo vệ | G13: =VLOOKUP(D13,'BCC BẢO VỆ'!$C$12:$AJ$14,34,0) -> 31 | H13: 2000000 | I13: 600000 | J13: =+I13+H13 -> 2600000 | K13: 0 | L13: =+J13-K13 -> 2600000
A14: 3 | D14: =+'BCC BẢO VỆ'!C14 -> Phò Khọi | F14: Bảo vệ | G14: =VLOOKUP(D14,'BCC BẢO VỆ'!$C$12:$AJ$14,34,0) -> 31 | H14: 2000000 | I14: 600000 | J14: =+I14+H14 -> 2600000 | K14: 0 | L14: =+J14-K14 -> 2600000
A15: II. | D15: Vườn cây keo lai | G15: =SUBTOTAL(9,G16:G19) -> 180.4 | H15: =SUBTOTAL(9,H16:H19) -> 4510000 | I15: =SUBTOTAL(9,I16:I19) -> 0 | J15: =SUBTOTAL(9,J16:J19) -> 4510000 | K15: =SUBTOTAL(9,K16:K19) -> 0 | L15: =SUBTOTAL(9,L16:L19) -> 4510000
A16: 1 | D16: A Khăm | F16: CNK | G16: 45 | H16: =+G16*25000 -> 1125000 | I16: 0 | J16: =+H16+I16 -> 1125000 | K16: 0 | L16: =+J16-K16 -> 1125000
A17: 2 | D17: A Pha | F17: CNK | G17: 45 | H17: =+G17*25000 -> 1125000 | I17: 0 | J17: =+H17+I17 -> 1125000 | K17: 0 | L17: =+J17-K17 -> 1125000
A18: 3 | D18: A Bốt | F18: CNK | G18: 45 | H18: =+G18*25000 -> 1125000 | I18: 0 | J18: =+H18+I18 -> 1125000 | K18: 0 | L18: =+J18-K18 -> 1125000
A19: 4 | D19: A Đi | F19: CNK | G19: 45.4 | H19: =+G19*25000 -> 1135000 | I19: 0 | J19: =+H19+I19 -> 1135000 | K19: 0 | L19: =+J19-K19 -> 1135000 | Q19: 180.4
A20: III. | D20: Phụ cấp người Việt | G20: =SUBTOTAL(9,G21:G22) -> 62 | H20: =SUBTOTAL(9,H21:H22) -> 0 | I20: =SUBTOTAL(9,I21:I22) -> 4960000 | J20: =SUBTOTAL(9,J21:J22) -> 4960000 | K20: =SUBTOTAL(9,K21:K22) -> 118000 | L20: =SUBTOTAL(9,L21:L22) -> 4842000
A21: 1 | D21: =+'Phụ cấp người việt'!B12 -> Nguyễn Thị Thanh Trà | F21: CNKT | G21: 31 | H21: 0 | I21: =+G21*80000 -> 2480000 | J21: =+I21 -> 2480000 | K21: =IF(J21>65000000,((J21-65000000)*25%+10685000),IF(J21>25000000,((J21-25000000)*20%+2685000),IF(J21>15000000,((J21-15000000)*15%+1185000),IF(J21>5000000,(J21-5000000)*10%+185000,IF(J21>1300000,(J21-1300000)*5%,0))))) -> 59000 | L21: =+J21-K21 -> 2421000
A22: 2 | D22: =+'Phụ cấp người việt'!B13 -> Võ Thị Nguyên | F22: CNKT | G22: 31 | H22: 0 | I22: =+G22*80000 -> 2480000 | J22: =+I22 -> 2480000 | K22: =IF(J22>65000000,((J22-65000000)*25%+10685000),IF(J22>25000000,((J22-25000000)*20%+2685000),IF(J22>15000000,((J22-15000000)*15%+1185000),IF(J22>5000000,(J22-5000000)*10%+185000,IF(J22>1300000,(J22-1300000)*5%,0))))) -> 59000 | L22: =+J22-K22 -> 2421000
A23: TỔNG | H23: =+SUBTOTAL(9,H11:H22) -> 10510000 | I23: =+SUBTOTAL(9,I11:I22) -> 6760000 | J23: =+SUBTOTAL(9,J11:J22) -> 17270000 | K23: =+SUBTOTAL(9,K11:K22) -> 118000 | L23: =+SUBTOTAL(9,L11:L22) -> 17152000 | Q23: =+K23/25000 -> 4.72
A24: (Bằng chữ: Mười bảy triệu, hai trăm bảy mươi nghìn kíp.)
J25: Huyện Noong, ngày 03 tháng 01 năm 2026
A26: TỔNG GIÁM ĐỐC | G26: P. TC - KT | I26: P. TC - HC | J26: P.P PHỤ TRÁCH | K26: ĐỘI TRƯỞNG | M26: NGƯỜI LẬP
Q27: =+K23/25000 -> 4.72
P28: =9*400 -> 3600 | Q28: =2000000/25000 -> 80
P29: =+P28+9000 -> 12600 | Q29: =+Q28+Q27 -> 84.72
I33: Hồ Thị Thủy | J33: Hoàng Tấn Thảo | K33: Trần Quang Thiện | M33: Hồ Dũng Cảm

Sheet LƯƠNG CNTT new
B1: CỘNG HOÀ DÂN CHỦ NHÂN DÂN LÀO
B2: Hoà bình - Độc Lập - Dân chủ - Thống nhất - Thịnh vượng
B3: ----oOo----
A4: CÔNG TY TNHH MTV QUASA - GERUCO LÀO
A5: ĐỘI SẢN XUẤT SỐ 06
A7: BẢNG TỔNG HỢP LƯƠNG THÁNG 12 NĂM 2025
B8: Tỷ giá Bath qua Kip | G8: =+'LƯƠNG KT'!G8 -> 600
A10: Stt | C10: Mã nhân viên | D10: Lào | E10: Họ và tên | F10: Số công nhân | G10: Lương | X10: Tổng tiền lương | Y10: Thuế TNCN | Z10: BHXH | AA10: Đã chi trả hằng ngày | AC10: Tiền lương còn lại
G11: Lương chăm sóc / Lương lv trong tháng | I11: Lương sản lượng | P11: Lương phụ cấp ngày công khai thác
G12: Ngày công | H12: Thành tiền | I12: Mủ tạp (kg) | J12: Mủ quy khô | K12: Mủ xirum (kg) | L12: Mủ xirum quy khô (kg) | M12: Mủ quy khô truy lĩnh T12 | N12: Tổng mủ quy khô trả lương | O12: Thành tiền | P12: Ngày công thường | Q12: Ngày công chủ nhật | R12: Vườn cây năm nhất | S12: Vùng xa khó khăn | T12: Cạo 2 lát ngày thường | U12: Cạo 2 lát ngày chủ nhật | V12: Phụ cấp thêm cạo 2 lát | W12: Thành tiền
A13: Vườn cây kinh doanh | F13: 80 | G13: =+'LƯƠNG KT'!G95 -> 0 | H13: =+G13*25000 -> 0 | I13: =+'LƯƠNG KT'!I95 -> 198539 | J13: =+'LƯƠNG KT'!J95 -> 80035.817 | K13: =+'LƯƠNG KT'!K95 -> 234 | L13: =+'LƯƠNG KT'!L95 -> 94.97 | M13: =+'LƯƠNG KT'!M95 -> 7812.267 | N13: =+'LƯƠNG KT'!N95 -> 87943.054 | O13: =+'LƯƠNG KT'!P95 -> 3.1386065e+08 | P13: =+'LƯƠNG KT'!Q95 -> 2027 | Q13: =+'LƯƠNG KT'!R95 -> 265 | R13: =+'LƯƠNG KT'!W95 -> 186 | S13: =+'LƯƠNG KT'!V95 -> 2378 | T13: =+'LƯƠNG KT'!S95 -> 43 | U13: =+'LƯƠNG KT'!T95 -> 43 | V13: =+'LƯƠNG KT'!U95 -> 86 | W13: =+'LƯƠNG KT'!X95 -> 143069211 | X13: =+H13+O13+W13 -> 4.5692986e+08 | AC13: =+X13-Y13-Z13-AA13 -> 4.5692986e+08 | AD13: =+'LƯƠNG KT'!Y95 -> 4.5692986e+08 | AE13: =+AD13-AC13 -> 0
A14: Bảo vệ vườn cây | F14: 3 | G14: =+'BCC BẢO VỆ'!AJ15 -> 93 | H14: =+'LƯƠNG BV9THUC gộp pc ng viết'!L11 -> 7800000 | X14: =+H14 -> 7800000 | AC14: =+X14-Y14-Z14-AA14 -> 7800000 | AD14: =+'LƯƠNG BV9THUC gộp pc ng viết'!L11 -> 7800000 | AE14: =+AD14-AC14 -> 0
A15: Vườn cây keo lai | F15: 4 | G15: =+'KEO LAI'!D25 -> 180.4 | H15: =+G15*25000 -> 4510000 | X15: =+H15 -> 4510000 | AC15: =+X15-Y15-Z15-AA15 -> 4510000 | AD15: =+'LƯƠNG BV9THUC gộp pc ng viết'!L15 -> 4510000 | AE15: =+AD15-AC15 -> 0
A16: Phụ cấp người Việt | F16: 2 | G16: =31+31 -> 62 | H16: =+'LƯƠNG BV9THUC gộp pc ng viết'!J20 -> 4960000 | X16: =+H16 -> 4960000 | Y16: =+'THUÊ TNCN'!E14 -> 118000 | AA16: 0 | AC16: =+X16-Y16-Z16-AA16 -> 4842000 | AD16: =+'LƯƠNG BV9THUC gộp pc ng viết'!L20 -> 4842000 | AE16: =+AD16-AC16 -> 0
A17: Tổng cộng | F17: =SUM(F13:F16) -> 89 | G17: =SUM(G13:G16) -> 335.4 | H17: =SUM(H13:H16) -> 17270000 | I17: =SUM(I13:I16) -> 198539 | J17: =SUM(J13:J16) -> 80035.817 | K17: =SUM(K13:K16) -> 234 | L17: =SUM(L13:L16) -> 94.97 | M17: =SUM(M13:M16) -> 7812.267 | ... AD17: =SUM(AD13:AD16) -> 4.7408186e+08 | AE17: =+AD17-AC17 -> 0
A18: (Bằng chữ: Bốn trăm tám mươi hai triệu, một trăm bảy mươi mốt nghìn, ba trăm tám mươi tám kíp)
W19: Huyện Noong, ngày 03 tháng 01 năm 2026
A20: TỔNG GIÁM ĐỐC | H20: P.TC - KT | O20: P. TC - HC | Q20: P.P PHỤ TRÁCH | U20: ĐỘI TRƯỞNG | X20: NGƯỜI LẬP
O26: Hồ Thị Thủy | Q26: Hoàng Tấn Thảo | U26: Trần Quang Thiện | X26: Hồ Dũng Cảm

Sheet BẢNG PHÂN TOÁN 
A1: CỘNG HÒA DÂN CHỦ NHÂN DÂN LÀO
A2: Hòa bình - Độc lập - Dân chủ - Thống nhất - Thịnh vượng
A3: ----oOo----
A4: CÔNG TY TNHH MTV QUASA - GERUCO LÀO
A5: ĐỘI SẢN XUẤT SỐ 06
A8: BẢNG PHÂN TOÁN TIỀN LƯƠNG THÁNG 11 NĂM 2025 | H8: TỶ giá | I8: ='LƯƠNG KT'!G8 -> 600 | J8: 667.96
J9: pc thêm cạo 2 lát
H10: DRC
A11: STT | B11: Danh mục | C11: ĐVT | D11: Số lượng | E11: Đơn giá (Kíp) | F11: Tổng tiền lương (KIP) | G11: Ghi chú | J11: =160000-E23 -> 98414.088 | K11: =46.1*I8 -> 27660
A12: I | B12: TIỀN LƯƠNG KINH DOANH | F12: =+F13+F28 -> 464729858
A13: 1 | B13: Tiền lương CN trực tiếp | F13: =+F14+F19+F27 -> 456929858
A14: 1.1 | B14: Sản lượng | D14: =SUM(D15:D18) -> 87943.057 | F14: =SUM(F15:F18) -> 313860647 | H14: =+'LƯƠNG KT'!P95 -> 3.1386065e+08 | I14: =+H14-F14 -> 0.0035703182
B15: Xếp loại kỹ thuật A (đơn giá chuẩn) | C15: Kg | D15: =+SUMIF('Biểu 2 TH MỦ TẠP'!$AP$11:$AP$87,"A",'Biểu 2 TH MỦ TẠP'!$AO$11:$AO$87) -> 44903.898 | E15: =6.1*$I$8 -> 3660 | F15: =ROUND((D15*E15),0) -> 164348266
B16: Xếp loại kỹ thuật B (đơn giá chuẩn) | C16: Kg | D16: =+SUMIF('Biểu 2 TH MỦ TẠP'!$AP$11:$AP$87,"B",'Biểu 2 TH MỦ TẠP'!$AO$11:$AO$87) -> 41383.143 | E16: =5.8*$I$8 -> 3480 | F16: =ROUND((D16*E16),0) -> 144013336
B17: Xếp loại kỹ thuật C (đơn giá chuẩn) | C17: Kg | D17: =+SUMIF('Biểu 2 TH MỦ TẠP'!$AP$11:$AP$87,"C",'Biểu 2 TH MỦ TẠP'!$AO$11:$AO$87) -> 1561.0436 | E17: =5.5*$I$8 -> 3300 | F17: =ROUND((D17*E17),0) -> 5151444
B18: Mủ Sirum | C18: Kg | D18: =+'SẢN LƯỢNG SERUM THÁNG 12'!AH14 -> 94.973 | E18: =6.1*$I$8 -> 3660 | F18: =ROUND((D18*E18),0) -> 347601 | H18: =+'LƯƠNG KT'!P91 -> 347601 | I18: =+H18-F18 -> 0
A19: 1.2 | B19: Phụ cấp ngày công | F19: =SUM(F20:F26) -> 143069211 | H19: =+'LƯƠNG KT'!X95 -> 143069211 | I19: =+H19-F19 -> 0 | J19: =+F19/25000 -> 5722.7684 | K19: 5241.7052
B20: Phụ cấp ngày công cạo bình thường | C20: Công | D20: ='LƯƠNG KT'!Q95 -> 2027 | E20: =46.1*$J$8 -> 30792.956 | F20: =ROUND((D20*E20),0) -> 62417322 | H20: =+F20/25000 -> 2496.6929 | J20: =+F20/25000 -> 2496.6929
B21: Phụ cấp ngày công chủ nhật | C21: Công | D21: ='LƯƠNG KT'!R95 -> 265 | E21: =76.9*$J$8 -> 51366.124 | F21: =ROUND((D21*E21),0) -> 13612023 | H21: =+F21/25000 -> 544.48092 | J21: =+F21/25000 -> 544.48092
B22: Phụ cấp vườn cây năm nhất | C22: Công | D22: ='LƯƠNG KT'!W95 -> 186 | E22: =30.7*$J$8 -> 20506.372 | F22: =ROUND((D22*E22),0) -> 3814185 | H22: =+F22/25000 -> 152.5674 | J22: =+F22/25000 -> 152.5674
B23: Phụ cấp cạo 2 lát ngày thường | C23: Công | D23: ='LƯƠNG KT'!S95 -> 43 | E23: =46.1*2*$J$8 -> 61585.912 | F23: =ROUND((D23*E23),0) -> 2648194 | H23: =+F23/25000 -> 105.92776 | J23: =+F23/25000 -> 105.92776
B24: Phụ cấp cạo 2 lát ngày chủ nhật | C24: Công | D24: =+'LƯƠNG KT'!T95 -> 43 | E24: =76.9*2*$J$8 -> 102732.25 | F24: =ROUND((D24*E24),0) -> 4417487 | H24: =+F24/25000 -> 176.69948 | J24: =+F24/25000 -> 176.69948
B25: Phụ cấp thêm cạo 2 lát | C25: Công | D25: =+D23+D24 -> 86 | E25: =100000 -> 100000 | F25: =ROUND((D25*E25),0) -> 8600000 | H25: =+F25/25000 -> 344
B26: Phụ cấp vùng xa khó khăn | C26: Công | D26: ='LƯƠNG KT'!V95 -> 2378 | E26: 20000 | F26: =ROUND((D26*E26),0) -> 47560000 | H26: =+F26/25000 -> 1902.4 | J26: =+F26/25000 -> 1902.4 | K26: =46.1*2 -> 92.2
A27: 1.3 | B27: Tiền lương chăm sóc vườn cây | C27: Công | D27: ='LƯƠNG KT'!G95 -> 0 | E27: 25000 | F27: =+D27*E27 -> 0 | H27: =+'LƯƠNG KT'!H95 -> 0 | I27: =+H27-F27 -> 0
A28: 2 | B28: Bảo vệ vườn cây | C28: Công | D28: =+'LƯƠNG BV9THUC gộp pc ng viết'!L11/25000 -> 312 | E28: 25000 | F28: =+D28*E28 -> 7800000 | H28: =+'LƯƠNG BV9THUC gộp pc ng viết'!L11 -> 7800000
A29: II | B29: VƯỜN CÂY KEO LAI | D29: =+SUM(D30:D30) -> 180.4 | F29: =SUM(F30:F30) -> 4510000
A30: 1 | B30: Tiền lương chăm sóc vườn keo lai | C30: Công | D30: =+'KEO LAI'!D25 -> 180.4 | E30: 25000 | F30: =D30*E30 -> 4510000 | H30: =+'KEO LAI'!F25 -> 4510000 | I30: =+H30-F30 -> 0
A31: II | B31: TIỀN LƯƠNG CB.CNV | F31: =SUM(F32) -> 4960000
A32: 1 | B32: Lương phụ cấp CNKT người Việt | C32: Kip | F32: =+'Phụ cấp người việt'!F14 -> 4960000 | H32: =+'Phụ cấp người việt'!F14 -> 4960000 | I32: =+H32-F32 -> 0
A33: TỔNG CỘNG | F33: =F12+F31+F29 -> 474199858 | H33: =+'LƯƠNG CNTT new'!X17 -> 4.7419986e+08 | I33: =+H33-F33 -> 0.0035703182
A34: Số tiền bằng chữ: Bốn trăm tám mươi hai triệu, một trăm bảy mươi mốt nghìn, ba trăm tám mươi tám kíp.
E35: Huyện Noong, ngày 03 tháng 01 năm 2026
A37: TỔNG GIÁM ĐỐC P. TC - KT | D37: P. TC - HC | F37: P.P PHỤ TRÁCH | G37: ĐỘI TRƯỞNG
D44: Hồ Thị Thủy | F44: Hoàng Tấn Thảo | G44: Trần Quang Thiện

Sheet THUÊ TNCN
A1: CỘNG HÒA DÂN CHỦ NHÂN DÂN LÀO
A2: Hòa Bình - Độc Lập - Dân Chủ - Thống Nhất - Thịnh Vượng
A3: ----- o0o-----
A5: CÔNG TY TNHH MTV QUASA - GERUCO LÀO
A6: ĐỘI SẢN XUẤT SỐ 6
A8: DANH SÁCH CB.CNV NỘP THUẾ TNCN THÁNG 12/2025
A10: STT | B10: HỌ VÀ TÊN | C10: CHỨC VỤ | D10: LƯƠNG | E10: Thuế TNCN | F10: Ghi chú
A12: 1 | B12: =+'Phụ cấp người việt'!B12 -> Nguyễn Thị Thanh Trà | C12: CNKT | D12: =+'LƯƠNG BV9THUC gộp pc ng viết'!J21 -> 2480000 | E12: =IF(D12>65000000,((D12-65000000)*25%+10685000),IF(D12>25000000,((D12-25000000)*20%+2685000),IF(D12>15000000,((D12-15000000)*15%+1185000),IF(D12>5000000,(D12-5000000)*10%+185000,IF(D12>1300000,(D12-1300000)*5%,0))))) -> 59000
A13: 2 | B13: =+'Phụ cấp người việt'!B13 -> Võ Thị Nguyên | C13: CNKT | D13: =+'LƯƠNG BV9THUC gộp pc ng viết'!J22 -> 2480000 | E13: =IF(D13>65000000,((D13-65000000)*25%+10685000),IF(D13>25000000,((D13-25000000)*20%+2685000),IF(D13>15000000,((D13-15000000)*15%+1185000),IF(D13>5000000,(D13-5000000)*10%+185000,IF(D13>1300000,(D13-1300000)*5%,0))))) -> 59000
A14: Tổng cộng | D14: =SUM(D12:D13) -> 4960000 | E14: =SUM(E12:E13) -> 118000
A15: Số tiền bằng chữ: Một trăm mười tám nghìn kíp.
E16: Huyện Noong, ngày 03 tháng 01 năm 2026
A17: PHÒNG TC - KT | D17: PHÒNG TC - HC | E17: ĐỘI TRƯỞNG
D24: Hồ Thị Thủy | E24: Trần Quang Thiện

