Workbook
Name So_XN: [1]PHATSINH!$B$6:$B$2093

Sheet BẢNG PHÂN TOÁN
A1: CỘNG HÒA DÂN CHỦ NHÂN DÂN LÀO
A2: Hòa bình - Độc lập - Dân chủ - Thống nhất - Thịnh vượng
A3: -----oOo-----
A4: CÔNG TY TNHH CỔ PHẦN QUASA - GERUCO LÀO
A5: ĐỘI SẢN XUẤT SEPON
A8: BẢNG PHÂN TOÁN TIỀN LƯƠNG THÁNG 04 NĂM 2025
A9: Từ ngày 01/04/2025 đến ngày 30/04/2025
I10: Đvt: Kip
A11: STT | B11: Danh mục | C11: Đvt | D11: Số lượng | E11: Sản lượng thực hiện quy khô | F11: Đơn giá | G11: Tổng tiền lương | H11: Tổng tiền thực nhận | I11: Ghi chú
A12: I | B12: Tiền lương kinh doanh | G12: =G13+G32 -> 165503662 | K12: Tỷ giá: USD qua Kíp: | L12: 21754
A13: 1 | B13: Tiền lương công nhân trực tiếp | G13: =G14+G23+G31 -> 129103662
A14: 1.1 | B14: Sản lượng | E14: =+SUM(E15:E22) -> 5465.565 | G14: =SUM(G15:G20) -> 21440661 | K14: Tỷ giá Bath qua Kíp | L14: 646.2
B15: Xếp loại kỹ thuật A (đơn giá chuẩn) | C15: Kg | E15: =+SUMIF('BẢNG LƯƠNG KT'!$K$17:$K$74,"A",'BẢNG LƯƠNG KT'!$J$17:$J$74) -> 2944.8809 | F15: =6.1*$L$14 -> 3941.82 | G15: =ROUND((E15*F15),0) -> 11608190 | L15: 655.8
B16: Xếp loại kỹ thuật B (đơn giá chuẩn) | C16: Kg | E16: =+SUMIF('BẢNG LƯƠNG KT'!$K$17:$K$74,"B",'BẢNG LƯƠNG KT'!$J$17:$J$74) -> 1455.0998 | F16: =5.8*$L$14 -> 3747.96 | G16: =ROUND((E16*F16),0)-1 -> 5453655
B17: Xếp loại kỹ thuật C (đơn giá chuẩn) | C17: Kg | E17: =+SUMIF('BẢNG LƯƠNG KT'!$K$17:$K$74,"C",'BẢNG LƯƠNG KT'!$J$17:$J$74) -> 222.89625 | F17: =5.5*$L$14 -> 3554.1 | G17: =ROUND((E17*F17),0)-1 -> 792195
B18: Xếp loại kỹ thuật D (đơn giá chuẩn) | C18: Kg | E18: =+SUMIF('BẢNG LƯƠNG KT'!$K$17:$K$52,"D",'BẢNG LƯƠNG KT'!$J$17:$J$52) -> 0 | F18: =5.2*$L$14 -> 3360.24 | G18: =ROUND((E18*F18),0) -> 0
B19: Xếp loại kỹ thuật A (đơn giá phụ cấp ) | C19: Kg | E19: =+SUMIF('BẢNG LƯƠNG KT'!$K$77:$K$92,"A",'BẢNG LƯƠNG KT'!$J$77:$J$92) -> 523.74972 | F19: =+(6.1+0.6)*$L$14 -> 4329.54 | G19: =ROUND((E19*F19),0) -> 2267595
B20: Xếp loại kỹ thuật B (đơn giá phụ cấp ) | C20: Kg | E20: =+SUMIF('BẢNG LƯƠNG KT'!$K$77:$K$92,"B",'BẢNG LƯƠNG KT'!$J$77:$J$92) -> 318.93828 | F20: =+(5.8+0.6)*$L$14 -> 4135.68 | G20: =ROUND((E20*F20),0)-1 -> 1319026
B21: Xếp loại kỹ thuật C (đơn giá phụ cấp ) | C21: Kg | E21: =+SUMIF('BẢNG LƯƠNG KT'!$K$77:$K$92,"C",'BẢNG LƯƠNG KT'!$J$77:$J$92) -> 0 | F21: =+(5.5+0.6)*$L$14 -> 3941.82 | G21: =E21*F21 -> 0 | H21: =+E21*F21 -> 0
B22: Xếp loại kỹ thuật D (đơn giá phụ cấp ) | C22: Kg | E22: =+SUMIF('BẢNG LƯƠNG KT'!$K$77:$K$92,"D",'BẢNG LƯƠNG KT'!$J$77:$J$92) -> 0 | F22: =+(5.2+0.6)*$L$14 -> 3747.96 | G22: =E22*F22 -> 0 | H22: =+E22*F22 -> 0
A23: 1.2 | B23: Phụ cấp khai thác | C23: Công | D23: =+SUM(D24:D29) -> 2060 | G23: =SUM(G24:G30) -> 107663001
B24: Phụ cấp ngày công thường | C24: Ngày | D24: ='BẢNG LƯƠNG KT'!M16+'BẢNG LƯƠNG KT'!M55 -> 763 | F24: =46.1*'BẢNG PHÂN TOÁN'!$L$15 -> 30232.38 | G24: =ROUND((D24*F24),0) -> 23067306
B25: Phụ cấp ngày công chủ nhật | C25: Ngày | D25: ='BẢNG LƯƠNG KT'!N55+'BẢNG LƯƠNG KT'!N16 -> 135 | F25: =76.9*$L$15 -> 50431.02 | G25: =ROUND((D25*F25),0) -> 6808188
B26: Phụ cấp ngày công vườn cây non | C26: Ngày | D26: ='BẢNG LƯƠNG KT'!O94 -> 19 | F26: =76.8*'BẢNG PHÂN TOÁN'!$L$15 -> 50365.44 | G26: =ROUND((D26*F26),0) -> 956943
B27: Phụ cấp chủ nhật vườn cây non | C27: Ngày | D27: ='BẢNG LƯƠNG KT'!P94 -> 1 | F27: =107.6*'BẢNG PHÂN TOÁN'!$L$15 -> 70564.08 | G27: =ROUND((D27*F27),0) -> 70564
B28: Phụ cấp vùng khó khăn | C28: Ngày | D28: =SUM(D24:D27) -> 918 | F28: 20000 | G28: =ROUND((D28*F28),0) -> 18360000
B29: Phụ cấp ngày công tổ 3 | C29: Ngày | D29: ='BẢNG LƯƠNG KT'!M76+'BẢNG LƯƠNG KT'!N76 -> 224 | F29: 100000 | G29: =ROUND((D29*F29),0) -> 22400000
B30: Phụ cấp tiền nhận phần cây | C30: Công | D30: ='BẢNG LƯƠNG KT'!R94 -> 1440 | F30: 25000 | G30: =D30*F30 -> 36000000
A31: 1.3 | B31: Tiền lương chăm sóc vườn cây | C31: Công | D31: ='BẢNG LƯƠNG KT'!G94 -> 0 | F31: 25000 | G31: =D31*F31 -> 0 | K31: ='1'!U52+'2'!U39+'3'!S33 -> 129103662
A32: 2 | B32: Tiền lương bảo vệ vườn cây | C32: Công | D32: =G32/F32 -> 1456 | F32: 25000 | G32: =BV!U26 -> 36400000 | K32: ='Tạp vụ'!M14 -> 1700000
A33: II | B33: Tiền lương KTCB | C33: Công | D33: =D34 -> 0 | F33: 25000 | G33: =G34 -> 0
A34: 1 | B34: Vườn cây 2018 | C34: Công | F34: 25000 | G34: =D34*F34 -> 0
A35: II | B35: Tiền lương tạp vụ | C35: Ngày | D35: ='Tạp vụ'!G13 -> 30 | F35: =G35/D35 -> 56666.667 | G35: ='Tạp vụ'!M14 -> 1700000 | K35: =BV!U26 -> 36400000
A36: TỔNG CỘNG: | E36: =E14 -> 5465.565 | G36: =G12+G33+G35 -> 167203662 | K36: =SUM(K31:K35) -> 167203662
A37: Số tiền bằng chữ: Hai trăm năm mươi lăm triệu năm trăm lẻ ba nghìn sáu trăm sáu mươi hai kíp.
G39: Sepon, ngày 03 tháng 05 năm 2025
A40: TỔNG GIÁM ĐỐC PHÒNG TC - KT PHÒNG TC - HC ĐỘI SẢN XUẤT SEPON

Sheet Tính lương tổ
A1: CỘNG HÒA DÂN CHỦ NHÂN DÂN LÀO
A2: Hòa bình - Độc lập - Dân chủ - Thống nhất - Thịnh vượng
A3: -----oOo-----
A4: CÔNG TY TNHH CỔ PHẦN QUASA-GERUCO LÀO
A5: ĐỘI SẢN XUẤT SEPON
A8: BẢNG TÍNH LƯƠNG TỔ TRƯỞNG THỰC HIỆN TRONG THÁNG 04/2025
K9: Đvt: Usd
A10: STT | B10: Họ và tên | C10: Chức vụ | D10: Tổ/ Đội | E10: Sản lượng giao kế hoạch tháng (tấn) | F10: Sản lượng thực hiện trong tháng (tấn) | G10: Tỷ lệ hoàn thành công việc ( % ) | H10: Lương cơ bản | I10: Lương tính theo tỷ lệ hoành thành công việc | J10: Phụ cấp | K10: Lương thực hiện trong tháng | L10: GHI CHÚ
E11: (1) | F11: (2) | G11: (3)=(2)/(1)*100% | H11: (4) | I11: (5)=250*(3) | J11: (6) | K11: (7) = (4) +(5)+(6)
A12: 1 | B12: Trần Văn Sơn | C12: Tổ trưởng | D12: Tổ 1 | E12: 6 | F12: =Mủ!AJ12/1000 -> 3.295671 | G12: =(F12/E12)*100 -> 54.92785 | H12: 250 | I12: =250*G12/100 -> 137.31962 | K12: =+H12+I12+J12 -> 387.31962
A13: 2 | B13: Đoàn Nhật Nam | C13: Tổ trưởng | D13: Tổ 2 | E13: 2 | F13: =Mủ!AJ50/1000 -> 1.327206 | G13: =(F13/E13)*100 -> 66.3603 | H13: 250 | I13: =250*G13/100 -> 165.90075 | K13: =+H13+I13+J13 -> 415.90075
A14: 3 | B14: Dương Văn Việt | C14: Tổ trưởng | D14: Tổ 3 | E14: 2 | F14: =Mủ!AJ70/1000 -> 0.842688 | G14: =(F14/E14)*100 -> 42.1344 | H14: 330 | I14: =250*G14/100 -> 105.336 | J14: 50 | K14: =+H14+I14+J14 -> 485.336
B15: Tổng | E15: =SUM(E12:E14) -> 10 | F15: =SUM(F12:F14) -> 5.465565 | G15: =(F15/E15)*100 -> 54.65565 | H15: =SUM(H12:H14) -> 830 | I15: =SUM(I12:I14) -> 408.55637 | J15: =SUM(J12:J14) -> 50 | K15: =SUM(K12:K14) -> 1288.5564
K17: Sepon, ngày 03 tháng 05 năm 2025
A18: TỔNG GIÁM ĐỐC | D18: P.TC - KT | G18: P. TC - HC | H18: P.KT -NN | J18: ĐỘI TRƯỞNG ĐỘI SEPON

Sheet Mủ
A1: CỘNG HÒA DÂN CHỦ NHÂN DÂN LÀO
A2: Hòa bình - Độc lập - Dân chủ - Thống nhất - Thịnh vượng
A3: -----oOo-----
A5: CÔNG TY TNHH CỔ PHẦN QUASA-GERUCO LÀO
A6: ĐỘI SẢN XUẤT SEPON
A8: BẢNG THEO DÕI SẢN LƯỢNG MỦ THÁNG 04 NĂM 2025
A10: STT | B10: STT | C10: TÊN CN | D10: NGÀY | AI10: TẠP | AJ10: Quy khô | AK10: Xếp hạng kỹ thuật | AL10: Ký tên
D11: 1 | E11: 2 | F11: 3 | G11: 4 | H11: 5 | I11: 6 | J11: 7 | K11: 8 | L11: 9 | M11: 10 | N11: 11 | O11: 12 | P11: 13 | Q11: 14 | R11: 15 | S11: 16 | T11: 17 | U11: 18 | V11: 19 | W11: 20 | X11: 21 | Y11: 22 | Z11: 23 | AA11: 24 | AB11: 25 | AC11: 26 | AD11: 27 | AE11: 28 | AF11: 29 | AG11: 30 | AH11: 31 | AN11: bôi kt
A12: A | B12: TỔ 1 | D12: =SUM(D13:D49) -> 0 | E12: =SUM(E13:E49) -> 0 | F12: =SUM(F13:F49) -> 0 | G12: =SUM(G13:G49) -> 0 | H12: =SUM(H13:H49) -> 0 | I12: =SUM(I13:I49) -> 0 | J12: =SUM(J13:J49) -> 0 | K12: =SUM(K13:K49) -> 0 | ... AJ12: =SUM(AJ13:AJ49) -> 3295.671 | BA12: t2 | BB12: t1 | BC12: t4
A13: 1 | B13: 1 | C13: ='Chấm công công nhân'!L13 -> Vắt Đi | D13: 0 | E13: 0 | F13: 0 | G13: 0 | H13: 0 | I13: 0 | J13: 0 | K13: 0 | L13: 0 | M13: 0 | N13: 0 | O13: 0 | P13: 0 | Q13: 0 | R13: 0 | S13: 0 | T13: 0 | U13: 0 | V13: 0 | W13: 0 | X13: 0 | Y13: 0 | Z13: 0 | AA13: 0 | AB13: 0 | AC13: 0 | AD13: 0 | AE13: 0 | AF13: 0 | AG13: 0 | AH13: 0 | AI13: =SUM(D13:AH13) -> 0 | AJ13: =AI13*$AX$17/100 -> 0 | AK13: A | AM13: =IF(AJ13>=3175,700000,IF(AJ13>=2760,500000,IF(AJ13>2400,300000,IF(AJ13>=2400,0,0)))) -> 0 | AN13: 2 | AO13: =AN13/1.25 -> 1.6 | BA13: 24072.189 | BB13: 35751.784 | BC13: 3295.671 | BD13: =SUM(BA13:BC13) -> 63119.644
A14: 2 | B14: 2 | C14: ='Chấm công công nhân'!L14 -> Mẹ Leo | D14: 0 | E14: 0 | F14: 0 | G14: 0 | H14: 0 | I14: 0 | J14: 0 | K14: 0 | L14: 0 | M14: 0 | N14: 0 | O14: 0 | P14: 0 | Q14: 0 | R14: 0 | S14: 0 | T14: 0 | U14: 0 | V14: 0 | W14: 0 | X14: 0 | Y14: 0 | Z14: 0 | AA14: 0 | AB14: 0 | AC14: 74 | AD14: 61 | AE14: 111 | AF14: 100 | AG14: 0 | AH14: 0 | AI14: =SUM(D14:AH14) -> 346 | AJ14: =AI14*$AX$17/100 -> 187.61141 | AK14: B | AM14: =IF(AJ14>=3175,700000,IF(AJ14>=2760,500000,IF(AJ14>2400,300000,IF(AJ14>=2400,0,0)))) -> 0 | AN14: 2 | AO14: =AN14/1.25 -> 1.6 | BA14: 11104.175 | BB14: 15912.768 | BC14: 1327.206 | BD14: =SUM(BA14:BC14) -> 28344.149
A15: 3 | B15: 3 | C15: ='Chấm công công nhân'!L15 -> Thảo Ken | D15: 0 | E15: 0 | F15: 0 | G15: 0 | H15: 0 | I15: 0 | J15: 0 | K15: 0 | L15: 0 | M15: 0 | N15: 0 | O15: 0 | P15: 0 | Q15: 0 | R15: 0 | S15: 0 | T15: 0 | U15: 0 | V15: 0 | W15: 0 | X15: 0 | Y15: 0 | Z15: 0 | AA15: 0 | AB15: 0 | AC15: 0 | AD15: 0 | AE15: 0 | AF15: 0 | AG15: 0 | AH15: 0 | AI15: =SUM(D15:AH15) -> 0 | AJ15: =AI15*$AX$17/100 -> 0 | AK15: A | AM15: =IF(AJ15>=3175,700000,IF(AJ15>=2760,500000,IF(AJ15>2400,300000,IF(AJ15>=2400,0,0)))) -> 0 | AN15: 2 | AO15: =AN15/1.25 -> 1.6 | BA15: 5843.686 | BB15: 11489.906 | BC15: 842.688 | BD15: =SUM(BA15:BC15) -> 18176.28
A16: 4 | B16: 4 | C16: ='Chấm công công nhân'!L16 -> Thảo Phút | D16: 0 | E16: 0 | F16: 0 | G16: 0 | H16: 0 | I16: 0 | J16: 0 | K16: 0 | L16: 0 | M16: 0 | N16: 0 | O16: 0 | P16: 0 | Q16: 0 | R16: 0 | S16: 0 | T16: 0 | U16: 0 | V16: 0 | W16: 0 | X16: 0 | Y16: 0 | Z16: 0 | AA16: 156 | AB16: 87 | AC16: 0 | AD16: 75 | AE16: 0 | AF16: 0 | AG16: 0 | AH16: 0 | AI16: =SUM(D16:AH16) -> 318 | AJ16: =AI16*$AX$17/100 -> 172.42899 | AK16: A | AM16: =IF(AJ16>=3175,700000,IF(AJ16>=2760,500000,IF(AJ16>2400,300000,IF(AJ16>=2400,0,0)))) -> 0 | AO16: =AN16/1.25 -> 0 | BD16: =SUM(BD13:BD15) -> 109640.07
A17: 5 | B17: 5 | C17: ='Chấm công công nhân'!L17 -> Thảo Mằn | D17: 0 | E17: 0 | F17: 0 | G17: 0 | H17: 0 | I17: 0 | J17: 0 | K17: 0 | L17: 0 | M17: 0 | N17: 0 | O17: 0 | P17: 0 | Q17: 0 | R17: 0 | S17: 0 | T17: 0 | U17: 0 | V17: 0 | W17: 0 | X17: 0 | Y17: 0 | Z17: 0 | AA17: 40 | AB17: 0 | AC17: 0 | AD17: 0 | AE17: 0 | AF17: 0 | AG17: 0 | AH17: 0 | AI17: =SUM(D17:AH17) -> 40 | AJ17: =AI17*$AX$17/100 -> 21.689181 | AK17: B | AM17: =IF(AJ17>=3175,700000,IF(AJ17>=2760,500000,IF(AJ17>2400,300000,IF(AJ17>=2400,0,0)))) -> 0 | AO17: =AN17/1.25 -> 0 | AX17: 54.222952
A18: 6 | B18: 6 | C18: ='Chấm công công nhân'!L18 -> Nàng Chay | D18: 0 | E18: 0 | F18: 0 | G18: 0 | H18: 0 | I18: 0 | J18: 0 | K18: 0 | L18: 0 | M18: 0 | N18: 0 | O18: 0 | P18: 0 | Q18: 0 | R18: 0 | S18: 0 | T18: 0 | U18: 0 | V18: 0 | W18: 0 | X18: 0 | Y18: 0 | Z18: 0 | AA18: 0 | AB18: 0 | AC18: 0 | AD18: 0 | AE18: 0 | AF18: 0 | AG18: 0 | AH18: 0 | AI18: =SUM(D18:AH18) -> 0 | AJ18: =AI18*$AX$17/100 -> 0 | AK18: B | AM18: =IF(AJ18>=3175,700000,IF(AJ18>=2760,500000,IF(AJ18>2400,300000,IF(AJ18>=2400,0,0)))) -> 0 | AN18: 2 | AO18: =AN18/1.25 -> 1.6 | BD18: =BD16/700000*100 -> 15.662868
A19: 7 | B19: 7 | C19: ='Chấm công công nhân'!L19 -> Thảo Sắp | D19: 0 | E19: 0 | F19: 0 | G19: 0 | H19: 0 | I19: 0 | J19: 0 | K19: 0 | L19: 0 | M19: 0 | N19: 0 | O19: 0 | P19: 0 | Q19: 0 | R19: 0 | S19: 0 | T19: 0 | U19: 0 | V19: 0 | W19: 0 | X19: 0 | Y19: 0 | Z19: 0 | AA19: 86 | AB19: 52 | AC19: 60 | AD19: 64 | AE19: 0 | AF19: 0 | AG19: 0 | AH19: 0 | AI19: =SUM(D19:AH19) -> 262 | AJ19: =AI19*$AX$17/100 -> 142.06413 | AK19: A | AM19: =IF(AJ19>=3175,700000,IF(AJ19>=2760,500000,IF(AJ19>2400,300000,IF(AJ19>=2400,0,0)))) -> 0 | AN19: 4 | AO19: =AN19/1.25 -> 3.2
A20: 8 | B20: 8 | C20: ='Chấm công công nhân'!L20 -> Thảo Say | D20: 0 | E20: 0 | F20: 0 | G20: 0 | H20: 0 | I20: 0 | J20: 0 | K20: 0 | L20: 0 | M20: 0 | N20: 0 | O20: 0 | P20: 0 | Q20: 0 | R20: 0 | S20: 0 | T20: 0 | U20: 0 | V20: 0 | W20: 0 | X20: 0 | Y20: 0 | Z20: 0 | AA20: 0 | AB20: 83 | AC20: 80 | AD20: 78 | AE20: 203 | AF20: 0 | AG20: 0 | AH20: 0 | AI20: =SUM(D20:AH20) -> 444 | AJ20: =AI20*$AX$17/100 -> 240.74991 | AK20: A | AM20: =IF(AJ20>=3175,700000,IF(AJ20>=2760,500000,IF(AJ20>2400,300000,IF(AJ20>=2400,0,0)))) -> 0 | AN20: 4 | AO20: =AN20/1.25 -> 3.2
A21: 9 | B21: 9 | C21: ='Chấm công công nhân'!L21 -> Thảo Cợt | D21: 0 | E21: 0 | F21: 0 | G21: 0 | H21: 0 | I21: 0 | J21: 0 | K21: 0 | L21: 0 | M21: 0 | N21: 0 | O21: 0 | P21: 0 | Q21: 0 | R21: 0 | S21: 0 | T21: 0 | U21: 0 | V21: 0 | W21: 0 | X21: 0 | Y21: 0 | Z21: 0 | AA21: 62 | AB21: 0 | AC21: 0 | AD21: 0 | AE21: 0 | AF21: 0 | AG21: 137 | AH21: 0 | AI21: =SUM(D21:AH21) -> 199 | AJ21: =AI21*$AX$17/100 -> 107.90367 | AK21: C | AM21: =IF(AJ21>=3175,700000,IF(AJ21>=2760,500000,IF(AJ21>2400,300000,IF(AJ21>=2400,0,0)))) -> 0 | AN21: 4 | AO21: =AN21/1.25 -> 3.2 | AQ21: thiếu | AR21: k bôi
A22: 10 | B22: 10 | C22: ='Chấm công công nhân'!L22 -> Thảo Hôm | D22: 0 | E22: 0 | F22: 0 | G22: 0 | H22: 0 | I22: 0 | J22: 0 | K22: 0 | L22: 0 | M22: 0 | N22: 0 | O22: 0 | P22: 0 | Q22: 0 | R22: 0 | S22: 0 | T22: 0 | U22: 0 | V22: 0 | W22: 0 | X22: 0 | Y22: 0 | Z22: 0 | AA22: 107 | AB22: 79 | AC22: 92 | AD22: 94 | AE22: 0 | AF22: 0 | AG22: 0 | AH22: 0 | AI22: =SUM(D22:AH22) -> 372 | AJ22: =AI22*$AX$17/100 -> 201.70938 | AK22: A | AM22: =IF(AJ22>=3175,700000,IF(AJ22>=2760,500000,IF(AJ22>2400,300000,IF(AJ22>=2400,0,0)))) -> 0 | AO22: =AN22/1.25 -> 0 | AQ22: 8 | AR22: 4 | AS22: =12*4 -> 48
A23: 11 | B23: 11 | C23: ='Chấm công công nhân'!L23 -> Thảo Khăm | D23: 0 | E23: 0 | F23: 0 | G23: 0 | H23: 0 | I23: 0 | J23: 0 | K23: 0 | L23: 0 | M23: 0 | N23: 0 | O23: 0 | P23: 0 | Q23: 0 | R23: 0 | S23: 0 | T23: 0 | U23: 0 | V23: 0 | W23: 0 | X23: 0 | Y23: 0 | Z23: 0 | AA23: 0 | AB23: 0 | AC23: 0 | AD23: 0 | AE23: 0 | AF23: 0 | AG23: 0 | AH23: 0 | AI23: =SUM(D23:AH23) -> 0 | AJ23: =AI23*$AX$17/100 -> 0 | AK23: B | AM23: =IF(AJ23>=3175,700000,IF(AJ23>=2760,500000,IF(AJ23>2400,300000,IF(AJ23>=2400,0,0)))) -> 0 | AN23: 2 | AO23: =AN23/1.25 -> 1.6
A24: 12 | B24: 12 | C24: ='Chấm công công nhân'!L24 -> Thảo Hăm | D24: 0 | E24: 0 | F24: 0 | G24: 0 | H24: 0 | I24: 0 | J24: 0 | K24: 0 | L24: 0 | M24: 0 | N24: 0 | O24: 0 | P24: 0 | Q24: 0 | R24: 0 | S24: 0 | T24: 0 | U24: 0 | V24: 0 | W24: 0 | X24: 0 | Y24: 0 | Z24: 0 | AA24: 0 | AB24: 0 | AC24: 0 | AD24: 0 | AE24: 0 | AF24: 0 | AG24: 0 | AH24: 0 | AI24: =SUM(D24:AH24) -> 0 | AJ24: =AI24*$AX$17/100 -> 0 | AK24: A | AM24: =IF(AJ24>=3175,700000,IF(AJ24>=2760,500000,IF(AJ24>2400,300000,IF(AJ24>=2400,0,0)))) -> 0 | AN24: 4 | AO24: =AN24/1.25 -> 3.2
A25: 13 | B25: 13 | C25: ='Chấm công công nhân'!L25 -> Nang Lon | D25: 0 | E25: 0 | F25: 0 | G25: 0 | H25: 0 | I25: 0 | J25: 0 | K25: 0 | L25: 0 | M25: 0 | N25: 0 | O25: 0 | P25: 0 | Q25: 0 | R25: 0 | S25: 0 | T25: 0 | U25: 0 | V25: 0 | W25: 0 | X25: 0 | Y25: 0 | Z25: 0 | AA25: 0 | AB25: 0 | AC25: 0 | AD25: 0 | AE25: 0 | AF25: 0 | AG25: 0 | AH25: 0 | AI25: =SUM(D25:AH25) -> 0 | AJ25: =AI25*$AX$17/100 -> 0 | AK25: B | AN25: 2 | AO25: =AN25/1.25 -> 1.6
A26: 14 | B26: 14 | C26: ='Chấm công công nhân'!L26 -> Thảo Pheng | D26: 0 | E26: 0 | F26: 0 | G26: 0 | H26: 0 | I26: 0 | J26: 0 | K26: 0 | L26: 0 | M26: 0 | N26: 0 | O26: 0 | P26: 0 | Q26: 0 | R26: 0 | S26: 0 | T26: 0 | U26: 0 | V26: 0 | W26: 0 | X26: 0 | Y26: 0 | Z26: 0 | AA26: 0 | AB26: 49 | AC26: 53 | AD26: 0 | AE26: 0 | AF26: 0 | AG26: 0 | AH26: 0 | AI26: =SUM(D26:AH26) -> 102 | AJ26: =AI26*$AX$17/100 -> 55.307411 | AK26: B | AN26: 2 | AO26: =AN26/1.25 -> 1.6
A27: 15 | B27: 15 | C27: ='Chấm công công nhân'!L27 -> Thảo kok | D27: 0 | E27: 0 | F27: 0 | G27: 0 | H27: 0 | I27: 0 | J27: 0 | K27: 0 | L27: 0 | M27: 0 | N27: 0 | O27: 0 | P27: 0 | Q27: 0 | R27: 0 | S27: 0 | T27: 0 | U27: 0 | V27: 0 | W27: 0 | X27: 0 | Y27: 0 | Z27: 0 | AA27: 0 | AB27: 0 | AC27: 73 | AD27: 50 | AE27: 61 | AF27: 77 | AG27: 0 | AH27: 0 | AI27: =SUM(D27:AH27) -> 261 | AJ27: =AI27*$AX$17/100 -> 141.5219 | AK27: A | AN27: 2 | AO27: =AN27/1.25 -> 1.6
A28: 16 | B28: 16 | C28: ='Chấm công công nhân'!L28 -> Nàng Sút Chay | D28: 0 | E28: 0 | F28: 0 | G28: 0 | H28: 0 | I28: 0 | J28: 0 | K28: 0 | L28: 0 | M28: 0 | N28: 0 | O28: 0 | P28: 0 | Q28: 0 | R28: 0 | S28: 0 | T28: 0 | U28: 0 | V28: 0 | W28: 0 | X28: 0 | Y28: 0 | Z28: 0 | AA28: 0 | AB28: 34 | AC28: 36 | AD28: 0 | AE28: 0 | AF28: 0 | AG28: 0 | AH28: 0 | AI28: =SUM(D28:AH28) -> 70 | AJ28: =AI28*$AX$17/100 -> 37.956066 | AK28: A | AO28: =AN28/1.25 -> 0
A29: 17 | B29: 17 | C29: ='Chấm công công nhân'!L29 -> Thảo Khăm Phay | D29: 0 | E29: 0 | F29: 0 | G29: 0 | H29: 0 | I29: 0 | J29: 0 | K29: 0 | L29: 0 | M29: 0 | N29: 0 | O29: 0 | P29: 0 | Q29: 0 | R29: 0 | S29: 0 | T29: 0 | U29: 0 | V29: 0 | W29: 0 | X29: 0 | Y29: 0 | Z29: 0 | AA29: 0 | AB29: 34 | AC29: 36 | AD29: 0 | AE29: 0 | AF29: 0 | AG29: 0 | AH29: 0 | AI29: =SUM(D29:AH29) -> 70 | AJ29: =AI29*$AX$17/100 -> 37.956066 | AK29: B | AN29: 4 | AO29: =AN29/1.25 -> 3.2
A30: 18 | B30: 18 | C30: ='Chấm công công nhân'!L30 -> Thảo Sớm | D30: 0 | E30: 0 | F30: 0 | G30: 0 | H30: 0 | I30: 0 | J30: 0 | K30: 0 | L30: 0 | M30: 0 | N30: 0 | O30: 0 | P30: 0 | Q30: 0 | R30: 0 | S30: 0 | T30: 0 | U30: 0 | V30: 0 | W30: 0 | X30: 0 | Y30: 0 | Z30: 0 | AA30: 0 | AB30: 0 | AC30: 71 | AD30: 63 | AE30: 0 | AF30: 0 | AG30: 0 | AH30: 0 | AI30: =SUM(D30:AH30) -> 134 | AJ30: =AI30*$AX$17/100 -> 72.658755 | AK30: A | AN30: 4 | AO30: =AN30/1.25 -> 3.2
A31: 19 | B31: 19 | C31: ='Chấm công công nhân'!L31 -> Pha Xúc | D31: 0 | E31: 0 | F31: 0 | G31: 0 | H31: 0 | I31: 0 | J31: 0 | K31: 0 | L31: 0 | M31: 0 | N31: 0 | O31: 0 | P31: 0 | Q31: 0 | R31: 0 | S31: 0 | T31: 0 | U31: 0 | V31: 0 | W31: 0 | X31: 0 | Y31: 0 | Z31: 0 | AA31: 0 | AB31: 0 | AC31: 0 | AD31: 0 | AE31: 0 | AF31: 0 | AG31: 0 | AH31: 0 | AI31: =SUM(D31:AH31) -> 0 | AJ31: =AI31*$AX$17/100 -> 0 | AK31: B | AN31: 4 | AO31: =AN31/1.25 -> 3.2
A32: 20 | B32: 20 | C32: ='Chấm công công nhân'!L32 -> Nàng Phon | D32: 0 | E32: 0 | F32: 0 | G32: 0 | H32: 0 | I32: 0 | J32: 0 | K32: 0 | L32: 0 | M32: 0 | N32: 0 | O32: 0 | P32: 0 | Q32: 0 | R32: 0 | S32: 0 | T32: 0 | U32: 0 | V32: 0 | W32: 0 | X32: 0 | Y32: 0 | Z32: 0 | AA32: 40 | AB32: 0 | AC32: 0 | AD32: 0 | AE32: 0 | AF32: 0 | AG32: 0 | AH32: 0 | AI32: =SUM(D32:AH32) -> 40 | AJ32: =AI32*$AX$17/100 -> 21.689181 | AK32: A | AN32: 4 | AO32: =AN32/1.25 -> 3.2
A33: 21 | B33: 21 | C33: ='Chấm công công nhân'!L33 -> Thảo Chăn | D33: 0 | E33: 0 | F33: 0 | G33: 0 | H33: 0 | I33: 0 | J33: 0 | K33: 0 | L33: 0 | M33: 0 | N33: 0 | O33: 0 | P33: 0 | Q33: 0 | R33: 0 | S33: 0 | T33: 0 | U33: 0 | V33: 0 | W33: 0 | X33: 0 | Y33: 0 | Z33: 0 | AA33: 45 | AB33: 0 | AC33: 46 | AD33: 50 | AE33: 0 | AF33: 121 | AG33: 0 | AH33: 0 | AI33: =SUM(D33:AH33) -> 262 | AJ33: =AI33*$AX$17/100 -> 142.06413 | AK33: A | AO33: =AN33/1.25 -> 0
A34: 22 | B34: 22 | C34: ='Chấm công công nhân'!L34 -> Thong La | D34: 0 | E34: 0 | F34: 0 | G34: 0 | H34: 0 | I34: 0 | J34: 0 | K34: 0 | L34: 0 | M34: 0 | N34: 0 | O34: 0 | P34: 0 | Q34: 0 | R34: 0 | S34: 0 | T34: 0 | U34: 0 | V34: 0 | W34: 0 | X34: 0 | Y34: 0 | Z34: 0 | AA34: 58 | AB34: 0 | AC34: 75 | AD34: 0 | AE34: 0 | AF34: 0 | AG34: 0 | AH34: 0 | AI34: =SUM(D34:AH34) -> 133 | AJ34: =AI34*$AX$17/100 -> 72.116526 | AK34: A | AO34: =AN34/1.25 -> 0
A35: 23 | B35: 23 | C35: ='Chấm công công nhân'!L35 -> Thảo Cum Pha | D35: 0 | E35: 0 | F35: 0 | G35: 0 | H35: 0 | I35: 0 | J35: 0 | K35: 0 | L35: 0 | M35: 0 | N35: 0 | O35: 0 | P35: 0 | Q35: 0 | R35: 0 | S35: 0 | T35: 0 | U35: 0 | V35: 0 | W35: 0 | X35: 0 | Y35: 0 | Z35: 0 | AA35: 0 | AB35: 0 | AC35: 21 | AD35: 0 | AE35: 0 | AF35: 0 | AG35: 0 | AH35: 0 | AI35: =SUM(D35:AH35) -> 21 | AJ35: =AI35*$AX$17/100 -> 11.38682 | AK35: B | AN35: 4 | AO35: =AN35/1.25 -> 3.2
A36: 24 | B36: 24 | C36: ='Chấm công công nhân'!L36 -> T Ô Vên | D36: 0 | E36: 0 | F36: 0 | G36: 0 | H36: 0 | I36: 0 | J36: 0 | K36: 0 | L36: 0 | M36: 0 | N36: 0 | O36: 0 | P36: 0 | Q36: 0 | R36: 0 | S36: 0 | T36: 0 | U36: 0 | V36: 0 | W36: 0 | X36: 0 | Y36: 0 | Z36: 0 | AA36: 0 | AB36: 0 | AC36: 46 | AD36: 50 | AE36: 69 | AF36: 41 | AG36: 0 | AH36: 0 | AI36: =SUM(D36:AH36) -> 206 | AJ36: =AI36*$AX$17/100 -> 111.69928 | AK36: B | AN36: 4 | AO36: =AN36/1.25 -> 3.2
A37: 25 | B37: 25 | C37: ='Chấm công công nhân'!L37 -> Nàng Lam | D37: 0 | E37: 0 | F37: 0 | G37: 0 | H37: 0 | I37: 0 | J37: 0 | K37: 0 | L37: 0 | M37: 0 | N37: 0 | O37: 0 | P37: 0 | Q37: 0 | R37: 0 | S37: 0 | T37: 0 | U37: 0 | V37: 0 | W37: 0 | X37: 0 | Y37: 0 | Z37: 0 | AA37: 130 | AB37: 47 | AC37: 16 | AD37: 54 | AE37: 0 | AF37: 0 | AG37: 0 | AH37: 0 | AI37: =SUM(D37:AH37) -> 247 | AJ37: =AI37*$AX$17/100 -> 133.93069 | AK37: A | AN37: 4 | AO37: =AN37/1.25 -> 3.2
A38: 26 | B38: 26 | C38: ='Chấm công công nhân'!L38 -> Nàng Hđao | D38: 0 | E38: 0 | F38: 0 | G38: 0 | H38: 0 | I38: 0 | J38: 0 | K38: 0 | L38: 0 | M38: 0 | N38: 0 | O38: 0 | P38: 0 | Q38: 0 | R38: 0 | S38: 0 | T38: 0 | U38: 0 | V38: 0 | W38: 0 | X38: 0 | Y38: 0 | Z38: 0 | AA38: 25 | AB38: 23 | AC38: 0 | AD38: 0 | AE38: 0 | AF38: 0 | AG38: 0 | AH38: 0 | AI38: =SUM(D38:AH38) -> 48 | AJ38: =AI38*$AX$17/100 -> 26.027017 | AK38: B | AN38: 4 | AO38: =AN38/1.25 -> 3.2
A39: 27 | B39: 27 | C39: ='Chấm công công nhân'!L39 -> Thảo Tong | D39: 0 | E39: 0 | F39: 0 | G39: 0 | H39: 0 | I39: 0 | J39: 0 | K39: 0 | L39: 0 | M39: 0 | N39: 0 | O39: 0 | P39: 0 | Q39: 0 | R39: 0 | S39: 0 | T39: 0 | U39: 0 | V39: 0 | W39: 0 | X39: 0 | Y39: 0 | Z39: 0 | AA39: 0 | AB39: 0 | AC39: 61 | AD39: 57 | AE39: 0 | AF39: 0 | AG39: 0 | AH39: 0 | AI39: =SUM(D39:AH39) -> 118 | AJ39: =AI39*$AX$17/100 -> 63.983083 | AK39: B | AN39: 4 | AO39: =AN39/1.25 -> 3.2
A40: 28 | B40: 28 | C40: ='Chấm công công nhân'!L40 -> Thảo Khốc | D40: 0 | E40: 0 | F40: 0 | G40: 0 | H40: 0 | I40: 0 | J40: 0 | K40: 0 | L40: 0 | M40: 0 | N40: 0 | O40: 0 | P40: 0 | Q40: 0 | R40: 0 | S40: 0 | T40: 0 | U40: 0 | V40: 0 | W40: 0 | X40: 0 | Y40: 0 | Z40: 0 | AA40: 0 | AB40: 68 | AC40: 74 | AD40: 80 | AE40: 97 | AF40: 52 | AG40: 56 | AH40: 0 | AI40: =SUM(D40:AH40) -> 427 | AJ40: =AI40*$AX$17/100 -> 231.532 | AK40: A | AM40: =IF(AJ40>=3175,700000,IF(AJ40>=2760,500000,IF(AJ40>2400,300000,IF(AJ40>=2400,0,0)))) -> 0 | AN40: 4 | AO40: =AN40/1.25 -> 3.2
A41: 29 | B41: 29 | C41: ='Chấm công công nhân'!L41 -> Thảo Sợt | D41: 0 | E41: 0 | F41: 0 | G41: 0 | H41: 0 | I41: 0 | J41: 0 | K41: 0 | L41: 0 | M41: 0 | N41: 0 | O41: 0 | P41: 0 | Q41: 0 | R41: 0 | S41: 0 | T41: 0 | U41: 0 | V41: 0 | W41: 0 | X41: 0 | Y41: 0 | Z41: 0 | AA41: 0 | AB41: 69 | AC41: 74 | AD41: 81 | AE41: 98 | AF41: 52 | AG41: 56 | AH41: 0 | AI41: =SUM(D41:AH41) -> 430 | AJ41: =AI41*$AX$17/100 -> 233.15869 | AK41: B | AM41: =IF(AJ41>=3175,700000,IF(AJ41>=2760,500000,IF(AJ41>2400,300000,IF(AJ41>=2400,0,0)))) -> 0 | AN41: 4 | AO41: =AN41/1.25 -> 3.2
A42: 30 | B42: 30 | C42: ='Chấm công công nhân'!L42 -> Thảo Văn | D42: 0 | E42: 0 | F42: 0 | G42: 0 | H42: 0 | I42: 0 | J42: 0 | K42: 0 | L42: 0 | M42: 0 | N42: 0 | O42: 0 | P42: 0 | Q42: 0 | R42: 0 | S42: 0 | T42: 0 | U42: 0 | V42: 0 | W42: 0 | X42: 0 | Y42: 0 | Z42: 0 | AA42: 0 | AB42: 0 | AC42: 0 | AD42: 0 | AE42: 0 | AF42: 0 | AG42: 0 | AH42: 0 | AI42: =SUM(D42:AH42) -> 0 | AJ42: =AI42*$AX$17/100 -> 0 | AK42: C | AM42: =IF(AJ42>=3175,700000,IF(AJ42>=2760,500000,IF(AJ42>2400,300000,IF(AJ42>=2400,0,0)))) -> 0 | AO42: =AN42/1.25 -> 0
A43: 31 | B43: 31 | C43: ='Chấm công công nhân'!L43 -> Nàng Túc | D43: 0 | E43: 0 | F43: 0 | G43: 0 | H43: 0 | I43: 0 | J43: 0 | K43: 0 | L43: 0 | M43: 0 | N43: 0 | O43: 0 | P43: 0 | Q43: 0 | R43: 0 | S43: 0 | T43: 0 | U43: 0 | V43: 0 | W43: 0 | X43: 0 | Y43: 0 | Z43: 0 | AA43: 0 | AB43: 0 | AC43: 47 | AD43: 50 | AE43: 70 | AF43: 42 | AG43: 0 | AH43: 0 | AI43: =SUM(D43:AH43) -> 209 | AJ43: =AI43*$AX$17/100 -> 113.32597 | AK43: A | AM43: =IF(AJ43>=3175,700000,IF(AJ43>=2760,500000,IF(AJ43>2400,300000,IF(AJ43>=2400,0,0)))) -> 0 | AN43: 4 | AO43: =AN43/1.25 -> 3.2
A44: 32 | B44: 32 | C44: ='Chấm công công nhân'!L44 -> Nàng Chon | D44: 0 | E44: 0 | F44: 0 | G44: 0 | H44: 0 | I44: 0 | J44: 0 | K44: 0 | L44: 0 | M44: 0 | N44: 0 | O44: 0 | P44: 0 | Q44: 0 | R44: 0 | S44: 0 | T44: 0 | U44: 0 | V44: 0 | W44: 0 | X44: 0 | Y44: 0 | Z44: 0 | AA44: 0 | AB44: 0 | AC44: 76 | AD44: 63 | AE44: 90 | AF44: 77 | AG44: 0 | AH44: 0 | AI44: =SUM(D44:AH44) -> 306 | AJ44: =AI44*$AX$17/100 -> 165.92223 | AK44: B | AM44: =IF(AJ44>=3175,700000,IF(AJ44>=2760,500000,IF(AJ44>2400,300000,IF(AJ44>=2400,0,0)))) -> 0 | AN44: 4 | AO44: =AN44/1.25 -> 3.2
A45: 33 | B45: 33 | C45: ='Chấm công công nhân'!L45 -> Thảo Hơ Phơ | D45: 0 | E45: 0 | F45: 0 | G45: 0 | H45: 0 | I45: 0 | J45: 0 | K45: 0 | L45: 0 | M45: 0 | N45: 0 | O45: 0 | P45: 0 | Q45: 0 | R45: 0 | S45: 0 | T45: 0 | U45: 0 | V45: 0 | W45: 0 | X45: 0 | Y45: 0 | Z45: 0 | AA45: 0 | AB45: 0 | AC45: 76 | AD45: 63 | AE45: 90 | AF45: 78 | AG45: 0 | AH45: 0 | AI45: =SUM(D45:AH45) -> 307 | AJ45: =AI45*$AX$17/100 -> 166.46446 | AK45: A | AM45: =IF(AJ45>=3175,700000,IF(AJ45>=2760,500000,IF(AJ45>2400,300000,IF(AJ45>=2400,0,0)))) -> 0 | AN45: 4 | AO45: =AN45/1.25 -> 3.2
A46: 34 | B46: 34 | C46: ='Chấm công công nhân'!L46 -> Thảo Phét | D46: 0 | E46: 0 | F46: 0 | G46: 0 | H46: 0 | I46: 0 | J46: 0 | K46: 0 | L46: 0 | M46: 0 | N46: 0 | O46: 0 | P46: 0 | Q46: 0 | R46: 0 | S46: 0 | T46: 0 | U46: 0 | V46: 0 | W46: 0 | X46: 0 | Y46: 0 | Z46: 0 | AA46: 77 | AB46: 97 | AC46: 106 | AD46: 31 | AE46: 0 | AF46: 0 | AG46: 0 | AH46: 0 | AI46: =SUM(D46:AH46) -> 311 | AJ46: =AI46*$AX$17/100 -> 168.63338 | AK46: A | AM46: =IF(AJ46>=3175,700000,IF(AJ46>=2760,500000,IF(AJ46>2400,300000,IF(AJ46>=2400,0,0)))) -> 0 | AN46: 4 | AO46: =AN46/1.25 -> 3.2
A47: 35 | B47: 35 | C47: ='Chấm công công nhân'!L47 -> Hăn | D47: 0 | E47: 0 | F47: 0 | G47: 0 | H47: 0 | I47: 0 | J47: 0 | K47: 0 | L47: 0 | M47: 0 | N47: 0 | O47: 0 | P47: 0 | Q47: 0 | R47: 0 | S47: 0 | T47: 0 | U47: 0 | V47: 0 | W47: 0 | X47: 0 | Y47: 0 | Z47: 0 | AA47: 25 | AB47: 22 | AC47: 0 | AD47: 0 | AE47: 0 | AF47: 0 | AG47: 0 | AH47: 0 | AI47: =SUM(D47:AH47) -> 47 | AJ47: =AI47*$AX$17/100 -> 25.484787 | AK47: A | AM47: =IF(AJ47>=3175,700000,IF(AJ47>=2760,500000,IF(AJ47>2400,300000,IF(AJ47>=2400,0,0)))) -> 0 | AO47: =AN47/1.25 -> 0
A48: 36 | B48: 36 | C48: ='Chấm công công nhân'!L48 -> Thảo Tuỳ | D48: 0 | E48: 0 | F48: 0 | G48: 0 | H48: 0 | I48: 0 | J48: 0 | K48: 0 | L48: 0 | M48: 0 | N48: 0 | O48: 0 | P48: 0 | Q48: 0 | R48: 0 | S48: 0 | T48: 0 | U48: 0 | V48: 0 | W48: 0 | X48: 0 | Y48: 0 | Z48: 0 | AA48: 0 | AB48: 0 | AC48: 73 | AD48: 62 | AE48: 112 | AF48: 101 | AG48: 0 | AH48: 0 | AI48: =SUM(D48:AH48) -> 348 | AJ48: =AI48*$AX$17/100 -> 188.69587 | AK48: A | AM48: =IF(AJ48>=3175,700000,IF(AJ48>=2760,500000,IF(AJ48>2400,300000,IF(AJ48>=2400,0,0)))) -> 0 | AN48: 4 | AO48: =AN48/1.25 -> 3.2
A49: 37 | B49: 37 | C49: ='Chấm công công nhân'!L49 -> Thảo Đa Văn | D49: 0 | E49: 0 | F49: 0 | G49: 0 | H49: 0 | I49: 0 | J49: 0 | K49: 0 | L49: 0 | M49: 0 | N49: 0 | O49: 0 | P49: 0 | Q49: 0 | R49: 0 | S49: 0 | T49: 0 | U49: 0 | V49: 0 | W49: 0 | X49: 0 | Y49: 0 | Z49: 0 | AA49: 0 | AB49: 0 | AC49: 0 | AD49: 0 | AE49: 0 | AF49: 0 | AG49: 0 | AH49: 0 | AI49: =SUM(D49:AH49) -> 0 | AJ49: =AI49*$AX$17/100 -> 0 | AK49: B
A50: B | B50: TỔ 2 | D50: =SUM(D51:D69) -> 0 | E50: =SUM(E51:E69) -> 0 | F50: =SUM(F51:F69) -> 0 | G50: =SUM(G51:G69) -> 0 | H50: =SUM(H51:H69) -> 0 | I50: =SUM(I51:I69) -> 0 | J50: =SUM(J51:J69) -> 0 | K50: =SUM(K51:K69) -> 0 | ... AJ50: =SUM(AJ51:AJ69) -> 1327.206 | AN50: =SUM(AN13:AN48) -> 96 | AO50: =SUM(AO13:AO48) -> 76.8
A51: 38 | B51: 1 | C51: ='Chấm công công nhân'!L51 -> Thảo Xa Đết | D51: 0 | E51: 0 | F51: 0 | G51: 0 | H51: 0 | I51: 0 | J51: 0 | K51: 0 | L51: 0 | M51: 0 | N51: 0 | O51: 0 | P51: 0 | Q51: 0 | R51: 0 | S51: 0 | T51: 0 | U51: 0 | V51: 0 | W51: 0 | X51: 0 | Y51: 0 | Z51: 0 | AA51: 0 | AB51: 0 | AC51: 0 | AD51: 0 | AE51: 18 | AF51: 36 | AG51: 25 | AI51: =SUM(D51:AG51) -> 79 | AJ51: =AI51*$AX$52/100 -> 42.057471 | AK51: B | AM51: =IF(AJ51>=1950,700000,IF(AJ51>=1770,500000,IF(AJ51>1610,300000,IF(AJ51>=1610,0,0)))) -> 0
A52: 39 | B52: 2 | C52: ='Chấm công công nhân'!L52 -> Thảo Sột | D52: 0 | E52: 0 | F52: 0 | G52: 0 | H52: 0 | I52: 0 | J52: 0 | K52: 0 | L52: 0 | M52: 0 | N52: 0 | O52: 0 | P52: 0 | Q52: 0 | R52: 0 | S52: 0 | T52: 0 | U52: 0 | V52: 0 | W52: 0 | X52: 0 | Y52: 0 | Z52: 0 | AA52: 0 | AB52: 0 | AC52: 0 | AD52: 0 | AE52: 103 | AF52: 63 | AG52: 148 | AI52: =SUM(D52:AG52) -> 314 | AJ52: =AI52*$AX$52/100 -> 167.16514 | AK52: A | AM52: =IF(AJ52>=2615,700000,IF(AJ52>=2375,500000,IF(AJ52>2160,300000,IF(AJ52>=2160,0,0)))) -> 0 | AX52: 53.237304
A53: 40 | B53: 3 | C53: ='Chấm công công nhân'!L53 -> Stoong | D53: 0 | E53: 0 | F53: 0 | G53: 0 | H53: 0 | I53: 0 | J53: 0 | K53: 0 | L53: 0 | M53: 0 | N53: 0 | O53: 0 | P53: 0 | Q53: 0 | R53: 0 | S53: 0 | T53: 0 | U53: 0 | V53: 0 | W53: 0 | X53: 0 | Y53: 0 | Z53: 0 | AA53: 0 | AB53: 0 | AC53: 0 | AD53: 0 | AE53: 87 | AF53: 40 | AG53: 76 | AI53: =SUM(D53:AG53) -> 203 | AJ53: =AI53*$AX$52/100 -> 108.07173 | AK53: A | AM53: =IF(AJ53>=2615,700000,IF(AJ53>=2375,500000,IF(AJ53>2160,300000,IF(AJ53>=2160,0,0)))) -> 0
A54: 41 | B54: 4 | C54: ='Chấm công công nhân'!L54 -> Nàng Phắt | D54: 0 | E54: 0 | F54: 0 | G54: 0 | H54: 0 | I54: 0 | J54: 0 | K54: 0 | L54: 0 | M54: 0 | N54: 0 | O54: 0 | P54: 0 | Q54: 0 | R54: 0 | S54: 0 | T54: 0 | U54: 0 | V54: 0 | W54: 0 | X54: 0 | Y54: 0 | Z54: 0 | AA54: 0 | AB54: 0 | AC54: 0 | AD54: 0 | AE54: 88 | AF54: 40 | AG54: 76 | AI54: =SUM(D54:AG54) -> 204 | AJ54: =AI54*$AX$52/100 -> 108.6041 | AK54: B | AM54: =IF(AJ54>=2615,700000,IF(AJ54>=2375,500000,IF(AJ54>2160,300000,IF(AJ54>=2160,0,0)))) -> 0 | AO54: 10 | AP54: 10
A55: 42 | B55: 5 | C55: ='Chấm công công nhân'!L55 -> Nàng May | D55: 0 | E55: 0 | F55: 0 | G55: 0 | H55: 0 | I55: 0 | J55: 0 | K55: 0 | L55: 0 | M55: 0 | N55: 0 | O55: 0 | P55: 0 | Q55: 0 | R55: 0 | S55: 0 | T55: 0 | U55: 0 | V55: 0 | W55: 0 | X55: 0 | Y55: 0 | Z55: 0 | AA55: 0 | AB55: 0 | AC55: 0 | AD55: 0 | AE55: 0 | AF55: 28 | AG55: 56 | AI55: =SUM(D55:AG55) -> 84 | AJ55: =AI55*$AX$52/100 -> 44.719336 | AK55: B | AM55: =IF(AJ55>=2615,700000,IF(AJ55>=2375,500000,IF(AJ55>2160,300000,IF(AJ55>=2160,0,0)))) -> 0 | AO55: 83 | AP55: -83
A56: 43 | B56: 6 | C56: ='Chấm công công nhân'!L56 -> Thảo Bênh | D56: 0 | E56: 0 | F56: 0 | G56: 0 | H56: 0 | I56: 0 | J56: 0 | K56: 0 | L56: 0 | M56: 0 | N56: 0 | O56: 0 | P56: 0 | Q56: 0 | R56: 0 | S56: 0 | T56: 0 | U56: 0 | V56: 0 | W56: 0 | X56: 0 | Y56: 0 | Z56: 0 | AA56: 0 | AB56: 0 | AC56: 0 | AD56: 0 | AE56: 0 | AF56: 29 | AG56: 56 | AI56: =SUM(D56:AG56) -> 85 | AJ56: =AI56*$AX$52/100 -> 45.251709 | AK56: A | AM56: =IF(AJ56>=2615,700000,IF(AJ56>=2375,500000,IF(AJ56>2160,300000,IF(AJ56>=2160,0,0)))) -> 0 | AO56: 11 | AP56: -11
A57: 44 | B57: 7 | C57: ='Chấm công công nhân'!L57 -> Thảo Đinh | D57: 0 | E57: 0 | F57: 0 | G57: 0 | H57: 0 | I57: 0 | J57: 0 | K57: 0 | L57: 0 | M57: 0 | N57: 0 | O57: 0 | P57: 0 | Q57: 0 | R57: 0 | S57: 0 | T57: 0 | U57: 0 | V57: 0 | W57: 0 | X57: 0 | Y57: 0 | Z57: 0 | AA57: 0 | AB57: 0 | AC57: 0 | AD57: 0 | AE57: 86 | AF57: 87 | AG57: 81 | AI57: =SUM(D57:AG57) -> 254 | AJ57: =AI57*$AX$52/100 -> 135.22275 | AK57: A | AM57: =IF(AJ57>=2615,700000,IF(AJ57>=2375,500000,IF(AJ57>2160,300000,IF(AJ57>=2160,0,0)))) -> 0 | AO57: 2 | AP57: 2
A58: 45 | B58: 8 | C58: ='Chấm công công nhân'!L58 -> Thảo Vi | D58: 0 | E58: 0 | F58: 0 | G58: 0 | H58: 0 | I58: 0 | J58: 0 | K58: 0 | L58: 0 | M58: 0 | N58: 0 | O58: 0 | P58: 0 | Q58: 0 | R58: 0 | S58: 0 | T58: 0 | U58: 0 | V58: 0 | W58: 0 | X58: 0 | Y58: 0 | Z58: 0 | AA58: 0 | AB58: 0 | AC58: 0 | AD58: 0 | AE58: 40 | AF58: 31 | AG58: 30 | AI58: =SUM(D58:AG58) -> 101 | AJ58: =AI58*$AX$52/100 -> 53.769677 | AK58: B | AM58: =IF(AJ58>=2615,700000,IF(AJ58>=2375,500000,IF(AJ58>2160,300000,IF(AJ58>=2160,0,0)))) -> 0 | AO58: 220 | AP58: 220
A59: 46 | B59: 9 | C59: ='Chấm công công nhân'!L59 -> Thảo Văn | D59: 0 | E59: 0 | F59: 0 | G59: 0 | H59: 0 | I59: 0 | J59: 0 | K59: 0 | L59: 0 | M59: 0 | N59: 0 | O59: 0 | P59: 0 | Q59: 0 | R59: 0 | S59: 0 | T59: 0 | U59: 0 | V59: 0 | W59: 0 | X59: 0 | Y59: 0 | Z59: 0 | AA59: 0 | AB59: 0 | AC59: 0 | AD59: 0 | AE59: 62 | AF59: 83 | AG59: 97 | AI59: =SUM(D59:AG59) -> 242 | AJ59: =AI59*$AX$52/100 -> 128.83428 | AK59: B | AM59: =IF(AJ59>=2615,700000,IF(AJ59>=2375,500000,IF(AJ59>2160,300000,IF(AJ59>=2160,0,0)))) -> 0 | AO59: =SUM(AO55:AO58) -> 316 | AP59: =SUM(AP54:AP58) -> 138
A60: 47 | B60: 10 | C60: ='Chấm công công nhân'!L60 -> Nàng Phìn | D60: 0 | E60: 0 | F60: 0 | G60: 0 | H60: 0 | I60: 0 | J60: 0 | K60: 0 | L60: 0 | M60: 0 | N60: 0 | O60: 0 | P60: 0 | Q60: 0 | R60: 0 | S60: 0 | T60: 0 | U60: 0 | V60: 0 | W60: 0 | X60: 0 | Y60: 0 | Z60: 0 | AA60: 0 | AB60: 0 | AC60: 0 | AD60: 0 | AE60: 74 | AF60: 70 | AG60: 88 | AI60: =SUM(D60:AG60) -> 232 | AJ60: =AI60*$AX$52/100 -> 123.51055 | AK60: A | AM60: =IF(AJ60>=2615,700000,IF(AJ60>=2375,500000,IF(AJ60>2160,300000,IF(AJ60>=2160,0,0)))) -> 0 | AO60: 94
A61: 48 | B61: 11 | C61: ='Chấm công công nhân'!L61 -> Mẹ Sột | D61: 0 | E61: 0 | F61: 0 | G61: 0 | H61: 0 | I61: 0 | J61: 0 | K61: 0 | L61: 0 | M61: 0 | N61: 0 | O61: 0 | P61: 0 | Q61: 0 | R61: 0 | S61: 0 | T61: 0 | U61: 0 | V61: 0 | W61: 0 | X61: 0 | Y61: 0 | Z61: 0 | AA61: 0 | AB61: 0 | AC61: 0 | AD61: 0 | AE61: 77 | AF61: 83 | AG61: 56 | AI61: =SUM(D61:AG61) -> 216 | AJ61: =AI61*$AX$52/100 -> 114.99258 | AK61: C | AM61: =IF(AJ61>=2615,700000,IF(AJ61>=2375,500000,IF(AJ61>2160,300000,IF(AJ61>=2160,0,0)))) -> 0 | AO61: =AO59-AO60 -> 222
A62: 49 | B62: 12 | C62: ='Chấm công công nhân'!L62 -> Nàng Heo | D62: 0 | E62: 0 | F62: 0 | G62: 0 | H62: 0 | I62: 0 | J62: 0 | K62: 0 | L62: 0 | M62: 0 | N62: 0 | O62: 0 | P62: 0 | Q62: 0 | R62: 0 | S62: 0 | T62: 0 | U62: 0 | V62: 0 | W62: 0 | X62: 0 | Y62: 0 | Z62: 0 | AA62: 0 | AB62: 0 | AC62: 0 | AD62: 0 | AE62: 40 | AF62: 31 | AG62: 31 | AI62: =SUM(D62:AG62) -> 102 | AJ62: =AI62*$AX$52/100 -> 54.302051 | AK62: A | AM62: =IF(AJ62>=2615,700000,IF(AJ62>=2375,500000,IF(AJ62>2160,300000,IF(AJ62>=2160,0,0)))) -> 0 | AP62: =AO59-312 -> 4
A63: 50 | B63: 13 | C63: ='Chấm công công nhân'!L63 -> Thảo Chăn Ti | D63: 0 | E63: 0 | F63: 0 | G63: 0 | H63: 0 | I63: 0 | J63: 0 | K63: 0 | L63: 0 | M63: 0 | N63: 0 | O63: 0 | P63: 0 | Q63: 0 | R63: 0 | S63: 0 | T63: 0 | U63: 0 | V63: 0 | W63: 0 | X63: 0 | Y63: 0 | Z63: 0 | AA63: 0 | AB63: 0 | AC63: 0 | AD63: 0 | AE63: 24 | AF63: 30 | AG63: 17 | AI63: =SUM(D63:AG63) -> 71 | AJ63: =AI63*$AX$52/100 -> 37.798486 | AK63: B | AM63: =IF(AJ63>=2615,700000,IF(AJ63>=2375,500000,IF(AJ63>2160,300000,IF(AJ63>=2160,0,0)))) -> 0
A64: 51 | B64: 14 | C64: ='Chấm công công nhân'!L64 -> Nàng Ve | D64: 0 | E64: 0 | F64: 0 | G64: 0 | H64: 0 | I64: 0 | J64: 0 | K64: 0 | L64: 0 | M64: 0 | N64: 0 | O64: 0 | P64: 0 | Q64: 0 | R64: 0 | S64: 0 | T64: 0 | U64: 0 | V64: 0 | W64: 0 | X64: 0 | Y64: 0 | Z64: 0 | AA64: 0 | AB64: 0 | AC64: 0 | AD64: 0 | AE64: 75 | AF64: 71 | AG64: 88 | AI64: =SUM(D64:AG64) -> 234 | AJ64: =AI64*$AX$52/100 -> 124.57529 | AK64: B | AM64: =IF(AJ64>=2615,700000,IF(AJ64>=2375,500000,IF(AJ64>2160,300000,IF(AJ64>=2160,0,0)))) -> 0
A65: 52 | B65: 15 | C65: ='Chấm công công nhân'!L65 -> Nàng Phết | D65: 0 | E65: 0 | F65: 0 | G65: 0 | H65: 0 | I65: 0 | J65: 0 | K65: 0 | L65: 0 | M65: 0 | N65: 0 | O65: 0 | P65: 0 | Q65: 0 | R65: 0 | S65: 0 | T65: 0 | U65: 0 | V65: 0 | W65: 0 | X65: 0 | Y65: 0 | Z65: 0 | AA65: 0 | AB65: 0 | AC65: 0 | AD65: 0 | AE65: 24 | AF65: 30 | AG65: 18 | AI65: =SUM(D65:AG65) -> 72 | AJ65: =AI65*$AX$52/100 -> 38.330859 | AK65: A | AM65: =IF(AJ65>=2615,700000,IF(AJ65>=2375,500000,IF(AJ65>2160,300000,IF(AJ65>=2160,0,0)))) -> 0
A66: 53 | B66: 16 | C66: ='Chấm công công nhân'!L66 -> Thảo On | D66: 0 | E66: 0 | F66: 0 | G66: 0 | H66: 0 | I66: 0 | J66: 0 | K66: 0 | L66: 0 | M66: 0 | N66: 0 | O66: 0 | P66: 0 | Q66: 0 | R66: 0 | S66: 0 | T66: 0 | U66: 0 | V66: 0 | W66: 0 | X66: 0 | Y66: 0 | Z66: 0 | AA66: 0 | AB66: 0 | AC66: 0 | AD66: 0 | AE66: 0 | AF66: 0 | AG66: 0 | AI66: =SUM(D66:AG66) -> 0 | AJ66: =AI66*$AX$52/100 -> 0 | AK66: A
A67: 54 | B67: 17 | C67: ='Chấm công công nhân'!L67 -> Thảo Sum | D67: 0 | E67: 0 | F67: 0 | G67: 0 | H67: 0 | I67: 0 | J67: 0 | K67: 0 | L67: 0 | M67: 0 | N67: 0 | O67: 0 | P67: 0 | Q67: 0 | R67: 0 | S67: 0 | T67: 0 | U67: 0 | V67: 0 | W67: 0 | X67: 0 | Y67: 0 | Z67: 0 | AA67: 0 | AB67: 0 | AC67: 0 | AD67: 0 | AE67: 0 | AF67: 0 | AG67: 0 | AI67: =SUM(D67:AG67) -> 0 | AJ67: =AI67*$AX$52/100 -> 0 | AK67: B
A68: 55 | B68: 18 | C68: ='Chấm công công nhân'!L68 -> Cha La | D68: 0 | E68: 0 | F68: 0 | G68: 0 | H68: 0 | I68: 0 | J68: 0 | K68: 0 | L68: 0 | M68: 0 | N68: 0 | O68: 0 | P68: 0 | Q68: 0 | R68: 0 | S68: 0 | T68: 0 | U68: 0 | V68: 0 | W68: 0 | X68: 0 | Y68: 0 | Z68: 0 | AA68: 0 | AB68: 0 | AC68: 0 | AD68: 0 | AE68: 0 | AF68: 0 | AG68: 0 | AI68: =SUM(D68:AG68) -> 0 | AJ68: =AI68*$AX$52/100 -> 0 | AK68: A
A69: 56 | B69: 19 | C69: ='Chấm công công nhân'!L69 -> Nàng Binh | D69: 0 | E69: 0 | F69: 0 | G69: 0 | H69: 0 | I69: 0 | J69: 0 | K69: 0 | L69: 0 | M69: 0 | N69: 0 | O69: 0 | P69: 0 | Q69: 0 | R69: 0 | S69: 0 | T69: 0 | U69: 0 | V69: 0 | W69: 0 | X69: 0 | Y69: 0 | Z69: 0 | AA69: 0 | AB69: 0 | AC69: 0 | AD69: 0 | AE69: 0 | AF69: 0 | AG69: 0 | AI69: =SUM(D69:AG69) -> 0 | AJ69: =AI69*$AX$52/100 -> 0 | AK69: C
A70: C | B70: TỔ 3 | D70: =+SUM(D71:D86) -> 0 | E70: =+SUM(E71:E86) -> 0 | F70: =+SUM(F71:F86) -> 0 | G70: =+SUM(G71:G86) -> 0 | H70: =+SUM(H71:H86) -> 0 | I70: =+SUM(I71:I86) -> 0 | J70: =+SUM(J71:J86) -> 0 | K70: =+SUM(K71:K86) -> 0 | ... AG70: =+SUM(AG71:AG86) -> 126 | AI70: =+SUM(AI71:AI86) -> 1366 | AJ70: =SUM(AJ71:AJ86) -> 842.688 | AN70: 17986 | AP70: =+AI70+7422 -> 8788
A71: 57 | B71: 1 | C71: ='Chấm công công nhân'!L71 -> Thảo Bun | D71: 0 | E71: 0 | F71: 0 | G71: 0 | H71: 0 | J71: 0 | K71: 0 | L71: 0 | M71: 0 | N71: 0 | O71: 0 | P71: 0 | Q71: 0 | R71: 0 | S71: 0 | T71: 0 | U71: 0 | V71: 0 | W71: 0 | X71: 0 | Y71: 0 | Z71: 0 | AA71: 0 | AB71: 140 | AC71: 18 | AD71: 60 | AE71: 0 | AF71: 0 | AG71: 0 | AI71: =SUM(D71:AH71) -> 218 | AJ71: =AI71*$AX$72/100 -> 134.48461 | AK71: B | AM71: =IF(AJ71>=2790,700000,IF(AJ71>=2425,500000,IF(AJ71>2110,300000,IF(AJ71>=2110,0,0)))) -> 0 | AN71: =+AI70-AN70 -> -16620 | AT71: =+AI71+[2]Mủ!AI13 -> 1263
A72: 58 | B72: 2 | C72: ='Chấm công công nhân'!L72 -> Thảo Nga | D72: 0 | E72: 0 | F72: 0 | G72: 0 | H72: 0 | J72: 0 | K72: 0 | L72: 0 | M72: 0 | N72: 0 | O72: 0 | P72: 0 | Q72: 0 | R72: 0 | S72: 0 | T72: 0 | U72: 0 | V72: 0 | W72: 0 | X72: 0 | Y72: 0 | Z72: 0 | AA72: 0 | AB72: 122 | AC72: 30 | AD72: 0 | AE72: 0 | AF72: 0 | AG72: 37 | AI72: =SUM(D72:AH72) -> 189 | AJ72: =AI72*$AX$72/100 -> 116.59446 | AK72: A | AM72: =IF(AJ72>=2790,700000,IF(AJ72>=2425,500000,IF(AJ72>2110,300000,IF(AJ72>=2110,0,0)))) -> 0 | AT72: =+AI72+[2]Mủ!AI14 -> 993 | AX72: 61.69019
A73: 59 | B73: 3 | C73: ='Chấm công công nhân'!L73 -> Thảo Tia | D73: 0 | E73: 0 | F73: 0 | G73: 0 | H73: 0 | J73: 0 | K73: 0 | L73: 0 | M73: 0 | N73: 0 | O73: 0 | P73: 0 | Q73: 0 | R73: 0 | S73: 0 | T73: 0 | U73: 0 | V73: 0 | W73: 0 | X73: 0 | Y73: 0 | Z73: 0 | AA73: 0 | AB73: 88 | AC73: 23 | AD73: 90 | AE73: 0 | AF73: 0 | AG73: 10 | AI73: =SUM(D73:AH73) -> 211 | AJ73: =AI73*$AX$72/100 -> 130.1663 | AK73: A | AM73: =IF(AJ73>=2790,700000,IF(AJ73>=2425,500000,IF(AJ73>2110,300000,IF(AJ73>=2110,0,0)))) -> 0 | AT73: =+AI73+[2]Mủ!AI15 -> 1796
A74: 60 | B74: 4 | C74: ='Chấm công công nhân'!L74 -> Thảo Nuy | D74: 0 | E74: 0 | F74: 0 | G74: 0 | H74: 0 | J74: 0 | K74: 0 | L74: 0 | M74: 0 | N74: 0 | O74: 0 | P74: 0 | Q74: 0 | R74: 0 | S74: 0 | T74: 0 | U74: 0 | V74: 0 | W74: 0 | X74: 0 | Y74: 0 | Z74: 0 | AA74: 0 | AB74: 68 | AC74: 45 | AD74: 68 | AE74: 0 | AF74: 0 | AG74: 30 | AI74: =SUM(D74:AH74) -> 211 | AJ74: =AI74*$AX$72/100 -> 130.1663 | AK74: B | AM74: =IF(AJ74>=2790,700000,IF(AJ74>=2425,500000,IF(AJ74>2110,300000,IF(AJ74>=2110,0,0)))) -> 0 | AT74: =+AI74+[2]Mủ!AI16 -> 1446
A75: 61 | B75: 5 | C75: ='Chấm công công nhân'!L75 -> Thảo Xay | D75: 0 | E75: 0 | F75: 0 | G75: 0 | H75: 0 | I75: 0 | J75: 0 | K75: 0 | L75: 0 | M75: 0 | N75: 0 | O75: 0 | P75: 0 | Q75: 0 | R75: 0 | S75: 0 | T75: 0 | U75: 0 | V75: 0 | W75: 0 | X75: 0 | Y75: 0 | Z75: 0 | AA75: 0 | AB75: 7 | AC75: 28 | AD75: 22 | AE75: 0 | AF75: 0 | AG75: 8 | AI75: =SUM(D75:AH75) -> 65 | AJ75: =AI75*$AX$72/100 -> 40.098624 | AK75: B | AM75: =IF(AJ75>=2790,700000,IF(AJ75>=2425,500000,IF(AJ75>2110,300000,IF(AJ75>=2110,0,0)))) -> 0 | AT75: =+AI75+[2]Mủ!AI17 -> 1296
A76: 62 | B76: 6 | C76: ='Chấm công công nhân'!L76 -> Nàng Nọi | D76: 0 | E76: 0 | F76: 0 | G76: 0 | H76: 0 | I76: 0 | J76: 0 | K76: 0 | L76: 0 | M76: 0 | N76: 0 | O76: 0 | P76: 0 | Q76: 0 | R76: 0 | S76: 0 | T76: 0 | U76: 0 | V76: 0 | W76: 0 | X76: 0 | Y76: 0 | Z76: 0 | AA76: 0 | AB76: 0 | AC76: 0 | AD76: 0 | AE76: 0 | AF76: 0 | AG76: 0 | AI76: =SUM(D76:AH76) -> 0 | AJ76: =AI76*$AX$72/100 -> 0 | AK76: B | AM76: =IF(AJ76>=2790,700000,IF(AJ76>=2425,500000,IF(AJ76>2110,300000,IF(AJ76>=2110,0,0)))) -> 0 | AT76: =+AI76+[2]Mủ!AI18 -> 773
A77: 63 | B77: 7 | C77: ='Chấm công công nhân'!L77 -> Thảo Khon | D77: 0 | E77: 0 | F77: 0 | G77: 0 | H77: 0 | J77: 0 | K77: 0 | L77: 0 | M77: 0 | N77: 0 | O77: 0 | P77: 0 | Q77: 0 | R77: 0 | S77: 0 | T77: 0 | U77: 0 | V77: 0 | W77: 0 | X77: 0 | Y77: 0 | Z77: 0 | AA77: 0 | AB77: 67 | AC77: 45 | AD77: 70 | AE77: 0 | AF77: 0 | AG77: 30 | AI77: =SUM(D77:AH77) -> 212 | AJ77: =AI77*$AX$72/100 -> 130.7832 | AK77: A | AM77: =IF(AJ77>=2790,700000,IF(AJ77>=2425,500000,IF(AJ77>2110,300000,IF(AJ77>=2110,0,0)))) -> 0 | AT77: =+AI77+[2]Mủ!AI19 -> 961
A78: 64 | B78: 8 | C78: ='Chấm công công nhân'!L78 -> Thảo Tưng | D78: 0 | E78: 0 | F78: 0 | G78: 0 | H78: 0 | I78: 0 | J78: 0 | K78: 0 | L78: 0 | M78: 0 | N78: 0 | O78: 0 | P78: 0 | Q78: 0 | R78: 0 | S78: 0 | T78: 0 | U78: 0 | V78: 0 | W78: 0 | X78: 0 | Y78: 0 | Z78: 0 | AA78: 0 | AB78: 0 | AC78: 0 | AD78: 0 | AE78: 23 | AF78: 0 | AG78: 0 | AI78: =SUM(D78:AH78) -> 23 | AJ78: =AI78*$AX$72/100 -> 14.188744 | AK78: B | AM78: =IF(AJ78>=2790,700000,IF(AJ78>=2425,500000,IF(AJ78>2110,300000,IF(AJ78>=2110,0,0)))) -> 0
A79: 65 | B79: 9 | C79: ='Chấm công công nhân'!L79 -> Thảo Bắt | D79: 0 | E79: 0 | F79: 0 | G79: 0 | H79: 0 | J79: 0 | K79: 0 | L79: 0 | M79: 0 | N79: 0 | O79: 0 | P79: 0 | Q79: 0 | R79: 0 | S79: 0 | T79: 0 | U79: 0 | V79: 0 | W79: 0 | X79: 0 | Y79: 0 | Z79: 0 | AA79: 0 | AB79: 69 | AC79: 26 | AD79: 63 | AE79: 0 | AF79: 0 | AG79: 11 | AI79: =SUM(D79:AH79) -> 169 | AJ79: =AI79*$AX$72/100 -> 104.25642 | AK79: A | AM79: =IF(AJ79>=2790,700000,IF(AJ79>=2425,500000,IF(AJ79>2110,300000,IF(AJ79>=2110,0,0)))) -> 0
A80: 66 | B80: 10 | C80: ='Chấm công công nhân'!L80 -> Thảo Lay | D80: 0 | E80: 0 | F80: 0 | G80: 0 | H80: 0 | I80: 0 | J80: 0 | K80: 0 | L80: 0 | M80: 0 | N80: 0 | O80: 0 | P80: 0 | Q80: 0 | R80: 0 | S80: 0 | T80: 0 | U80: 0 | V80: 0 | W80: 0 | X80: 0 | Y80: 0 | Z80: 0 | AA80: 0 | AB80: 0 | AC80: 0 | AD80: 0 | AE80: 0 | AF80: 0 | AG80: 0 | AI80: =SUM(D80:AH80) -> 0 | AJ80: =AI80*$AX$72/100 -> 0 | AK80: B | AM80: =IF(AJ80>=2790,700000,IF(AJ80>=2425,500000,IF(AJ80>2110,300000,IF(AJ80>=2110,0,0)))) -> 0
A81: 67 | B81: 11 | C81: ='Chấm công công nhân'!L81 -> Thảo Chăn | D81: 0 | E81: 0 | F81: 0 | G81: 0 | H81: 0 | I81: 0 | J81: 0 | K81: 0 | L81: 0 | M81: 0 | N81: 0 | O81: 0 | P81: 0 | Q81: 0 | R81: 0 | S81: 0 | T81: 0 | U81: 0 | V81: 0 | W81: 0 | X81: 0 | Y81: 0 | Z81: 0 | AA81: 0 | AB81: 20 | AC81: 0 | AD81: 0 | AE81: 0 | AF81: 0 | AG81: 0 | AI81: =SUM(D81:AH81) -> 20 | AJ81: =AI81*$AX$72/100 -> 12.338038 | AK81: A | AM81: =IF(AJ81>=2790,700000,IF(AJ81>=2425,500000,IF(AJ81>2110,300000,IF(AJ81>=2110,0,0)))) -> 0
A82: 68 | B82: 12 | C82: ='Chấm công công nhân'!L82 -> Thảo Lăm Ma | D82: 0 | E82: 0 | F82: 0 | G82: 0 | H82: 0 | I82: 0 | J82: 0 | K82: 0 | L82: 0 | M82: 0 | N82: 0 | O82: 0 | P82: 0 | Q82: 0 | R82: 0 | S82: 0 | T82: 0 | U82: 0 | V82: 0 | W82: 0 | X82: 0 | Y82: 0 | Z82: 0 | AA82: 0 | AB82: 0 | AC82: 0 | AD82: 0 | AE82: 0 | AF82: 0 | AG82: 0 | AI82: =SUM(D82:AH82) -> 0 | AJ82: =AI82*$AX$72/100 -> 0 | AK82: B | AM82: =IF(AJ82>=2790,700000,IF(AJ82>=2425,500000,IF(AJ82>2110,300000,IF(AJ82>=2110,0,0)))) -> 0
A83: 69 | B83: 13 | C83: ='Chấm công công nhân'!L83 -> Phò Đăm | D83: 0 | E83: 0 | F83: 0 | G83: 0 | H83: 0 | I83: 0 | J83: 0 | K83: 0 | L83: 0 | M83: 0 | N83: 0 | O83: 0 | P83: 0 | Q83: 0 | R83: 0 | S83: 0 | T83: 0 | U83: 0 | V83: 0 | W83: 0 | X83: 0 | Y83: 0 | Z83: 0 | AA83: 0 | AB83: 0 | AC83: 0 | AD83: 0 | AE83: 0 | AF83: 0 | AG83: 0 | AI83: =SUM(D83:AH83) -> 0 | AJ83: =AI83*$AX$72/100 -> 0 | AK83: B | AM83: =IF(AJ83>=2790,700000,IF(AJ83>=2425,500000,IF(AJ83>2110,300000,IF(AJ83>=2110,0,0)))) -> 0
A84: 70 | B84: 14 | C84: ='Chấm công công nhân'!L84 -> Thảo Đăm Đi | D84: 0 | E84: 0 | F84: 0 | G84: 0 | H84: 0 | I84: 0 | J84: 0 | K84: 0 | L84: 0 | M84: 0 | N84: 0 | O84: 0 | P84: 0 | Q84: 0 | R84: 0 | S84: 0 | T84: 0 | U84: 0 | V84: 0 | W84: 0 | X84: 0 | Y84: 0 | Z84: 0 | AA84: 0 | AB84: 0 | AC84: 0 | AD84: 0 | AE84: 0 | AF84: 0 | AG84: 0 | AI84: =SUM(D84:AH84) -> 0 | AJ84: =AI84*$AX$72/100 -> 0 | AK84: B | AM84: =IF(AJ84>=2790,700000,IF(AJ84>=2425,500000,IF(AJ84>2110,300000,IF(AJ84>=2110,0,0)))) -> 0
A85: 71 | B85: 15 | C85: ='Chấm công công nhân'!L85 -> Thảo Khên | D85: 0 | E85: 0 | F85: 0 | G85: 0 | H85: 0 | I85: 0 | J85: 0 | K85: 0 | L85: 0 | M85: 0 | N85: 0 | O85: 0 | P85: 0 | Q85: 0 | R85: 0 | S85: 0 | T85: 0 | U85: 0 | V85: 0 | W85: 0 | X85: 0 | Y85: 0 | Z85: 0 | AA85: 0 | AB85: 0 | AC85: 0 | AD85: 13 | AE85: 0 | AF85: 0 | AG85: 0 | AI85: =SUM(D85:AH85) -> 13 | AJ85: =AI85*$AX$72/100 -> 8.0197247 | AK85: A | AM85: =IF(AJ85>=2790,700000,IF(AJ85>=2425,500000,IF(AJ85>2110,300000,IF(AJ85>=2110,0,0)))) -> 0
A86: 72 | B86: 16 | C86: ='Chấm công công nhân'!L86 -> Thảo Đăm | D86: 0 | E86: 0 | F86: 0 | G86: 0 | H86: 0 | I86: 0 | J86: 0 | K86: 0 | L86: 0 | M86: 0 | N86: 0 | O86: 0 | P86: 0 | Q86: 0 | R86: 0 | S86: 0 | T86: 0 | U86: 0 | V86: 0 | W86: 0 | X86: 0 | Y86: 0 | Z86: 0 | AA86: 0 | AB86: 35 | AC86: 0 | AD86: 0 | AE86: 0 | AF86: 0 | AG86: 0 | AI86: =SUM(D86:AH86) -> 35 | AJ86: =AI86*$AX$72/100 -> 21.591567 | AK86: A
A87: TỔNG CỘNG | D87: =+D12+D50+D70 -> 0 | E87: =+E12+E50+E70 -> 0 | F87: =+F12+F50+F70 -> 0 | G87: =+G12+G50+G70 -> 0 | H87: =+H12+H50+H70 -> 0 | I87: =+I12+I50+I70 -> 0 | J87: =+J12+J50+J70 -> 0 | K87: =+K12+K50+K70 -> 0 | ... AG87: =+AG12+AG50+AG70 -> 1318 | AI87: =+AI12+AI50+AI70 -> 9937 | AJ87: =+AJ12+AJ50+AJ70 -> 5465.565
A89: STT | D89: SỐ CÔNG NHÂN | G89: HẠNG KỸ THUẬT | J89: SẢN LƯỢNG MỦ TẠP (kg) | P89: SẢN LƯỢNG MỦ QUY KHÔ | W89: Tỉ lệ % theo hạng kỹ thuật | AB89: Ghi chú
A90: 1 | D90: =SUM(COUNTIF(AK13:AK86,"A")) -> 36 | G90: A | J90: =SUMIF($AK$13:$AK$86,"A",$AI$13:$AI$85) -> 6303 | P90: =SUMIF($AK$13:$AK$86,"A",$AJ$13:$AJ$85) -> 3468.6306 | W90: =P90/$P$94*100 -> 63.46335
A91: 2 | D91: =SUM(COUNTIF(AK13:AK86,"B")) -> 32 | G91: B | J91: =SUMIF($AK$13:$AK$86,"B",$AI$13:$AI$85) -> 3219 | P91: =SUMIF($AK$13:$AK$86,"B",$AJ$13:$AJ$85) -> 1774.0381 | W91: =P91/$P$94*100 -> 32.458458 | AP91: =97677*43.16 -> 4215739.3
A92: 3 | D92: =SUM(COUNTIF(AK13:AK86,"C")) -> 4 | G92: C | J92: =SUMIF($AK$13:$AK$86,"C",$AI$13:$AI$85) -> 415 | P92: =SUMIF($AK$13:$AK$86,"C",$AJ$13:$AJ$85) -> 222.89625 | W92: =P92/$P$94*100 -> 4.0781923
A93: 4 | D93: =SUM(COUNTIF(AK13:AK80,"D")) -> 0 | G93: D | J93: =SUMIF($AK$13:$AK$77,"D",$AI$13:$AI$77) -> 0 | P93: =SUMIF($AK$13:$AK$77,"D",$AJ$13:$AJ$77) -> 0
A94: TỔNG | D94: =SUM(D90:F93) -> 72 | J94: =SUM(J90:O93) -> 9937 | P94: =SUM(P90:V93) -> 5465.565 | W94: 100
W95: Sepon, ngày 01 tháng 05 năm 2025
E96: TỔNG GIÁM ĐỐC | O96: PHÒNG. KTNN | AB96: ĐỘI TRƯỞNG ĐỘI SEPON
AB102: Phạm Đắc Nhân

Sheet Chấm công công nhân
A1: CỘNG HÒA DÂN CHỦ NHÂN DÂN LÀO
A2: Hòa bình - Độc lập - Dân chủ - Thống nhất - Thịnh vượng
A3: -----oOo-----
J4: CÔNG TY TNHH CỔ PHẦN QUASA-GERUCO LÀO
A5: ĐỘI SẢN XUẤT SEPON | J5: ĐỘI SẢN XUẤT SEPON
J7: BẢNG CHẤM CÔNG CẠO MỦ HẰNG NGÀY CÔNG NHÂN THÁNG 04 NĂM 2025
A9: Lương ngày công | B9: Điểm ngày công | C9: Hạng kỹ thuật cạo | D9: Điểm kỹ thuật | E9: Tổng điểm | F9: Xếp hạng trong tháng | G9: Tổng mủ quy khô trong tháng | H9: Lương sản lượng trong tháng | I9: Tổng lương ngày công + sản lượng | J9: Stt | K9: Stt | L9: Họ và tên | M9: Ngày công | AR9: Ngày thường (X) | AS9: Ngày chủ nhật ( CN) | AT9: Phụ cấp ngày công vườn cây năm nhất (X1) | AU9: Phụ cấp chủ nhật vườn cây năm nhất (CN1) | AV9: Tổng cộng | AW9: Ký tên | AY9: Ký tên
M10: 1 | N10: 2 | O10: 3 | P10: 4 | Q10: 5 | R10: 6 | S10: 7 | T10: 8 | U10: 9 | V10: 10 | W10: 11 | X10: 12 | Y10: 13 | Z10: 14 | AA10: 15 | AB10: 16 | AC10: 17 | AD10: 18 | AE10: 19 | AF10: 20 | AG10: 21 | AH10: 22 | AI10: 23 | AJ10: 24 | AK10: 25 | AL10: 26 | AM10: 27 | AN10: 28 | AO10: 29 | AP10: 30
M11: D | N11: A | O11: B | P11: C | Q11: D | R11: A | S11: B | T11: C | U11: D | V11: A | W11: B | X11: C | Y11: D | Z11: A | AA11: B | AB11: C | AC11: D | AD11: A | AE11: B | AF11: C | AG11: D | AH11: A | AI11: B | AJ11: C | AK11: D | AL11: A | AM11: B | AN11: C | BK11: 23
J12: A | K12: TỔ 1 | M12: =COUNTIF(M13:M49,"X")+COUNTIF(M13:M49,"CN")+COUNTIF(M13:M49,"X1")+COUNTIF(M13:M49,"CN1") -> 0 | N12: =COUNTIF(N13:N49,"X")+COUNTIF(N13:N49,"CN")+COUNTIF(N13:N49,"X1")+COUNTIF(N13:N49,"CN1") -> 0 | O12: =COUNTIF(O13:O49,"X")+COUNTIF(O13:O49,"CN")+COUNTIF(O13:O49,"X1")+COUNTIF(O13:O49,"CN1") -> 0 | P12: =COUNTIF(P13:P49,"X")+COUNTIF(P13:P49,"CN")+COUNTIF(P13:P49,"X1")+COUNTIF(P13:P49,"CN1") -> 0 | Q12: =COUNTIF(Q13:Q49,"X")+COUNTIF(Q13:Q49,"CN")+COUNTIF(Q13:Q49,"X1")+COUNTIF(Q13:Q49,"CN1") -> 11 | R12: =COUNTIF(R13:R49,"X")+COUNTIF(R13:R49,"CN")+COUNTIF(R13:R49,"X1")+COUNTIF(R13:R49,"CN1") -> 13 | S12: =COUNTIF(S13:S49,"X")+COUNTIF(S13:S49,"CN")+COUNTIF(S13:S49,"X1")+COUNTIF(S13:S49,"CN1") -> 10 | T12: =COUNTIF(T13:T49,"X")+COUNTIF(T13:T49,"CN")+COUNTIF(T13:T49,"X1")+COUNTIF(T13:T49,"CN1") -> 15 | ... AP12: =COUNTIF(AP13:AP49,"X")+COUNTIF(AP13:AP49,"CN")+COUNTIF(AP13:AP49,"X1")+COUNTIF(AP13:AP49,"CN1") -> 37 | AR12: =SUM(AR13:AR49) -> 531 | AS12: =SUM(AS13:AS49) -> 108 | AT12: =SUM(AT13:AT49) -> 5 | AU12: =SUM(AU13:AU49) -> 1 | AV12: =SUM(AV13:AV49) -> 645 | AX12: =SUM(AX13:AX48) -> 0
J13: 1 | K13: 1 | L13: Vắt Đi | T13: X | X13: X | Y13: CN | AD13: X | AE13: X | AF13: CN | AG13: X | AH13: X | AI13: X | AJ13: X | AL13: X | AM13: CN | AO13: X | AP13: X | AR13: =COUNTIF(M13:AQ13,"X") -> 11 | AS13: =+COUNTIF(M13:AQ13,"CN") -> 3 | AT13: =COUNTIF(M13:AQ13,"X1") -> 0 | AU13: =+COUNTIF(M13:AQ13,"CN1") -> 0 | AV13: =+SUM(AR13:AU13) -> 14
J14: 2 | K14: 2 | L14: Mẹ Leo | Q14: X | R14: CN | S14: X | T14: X | U14: X | V14: X | W14: X | X14: X | Y14: CN | AC14: X | AD14: X | AE14: X | AF14: CN | AG14: X | AH14: X | AI14: X | AJ14: X | AK14: X | AL14: X | AM14: CN | AN14: X | AO14: X | AP14: X | AR14: =COUNTIF(M14:AQ14,"X") -> 19 | AS14: =+COUNTIF(M14:AQ14,"CN") -> 4 | AT14: =COUNTIF(M14:AQ14,"X1") -> 0 | AU14: =+COUNTIF(M14:AQ14,"CN1") -> 0 | AV14: =+SUM(AR14:AU14) -> 23
J15: 3 | K15: 3 | L15: Thảo Ken | U15: X | V15: X | W15: X | X15: X | Y15: CN | AE15: X | AF15: CN | AG15: X | AH15: X | AI15: X | AL15: X | AM15: CN | AN15: X | AO15: X | AP15: X | AR15: =COUNTIF(M15:AQ15,"X") -> 12 | AS15: =+COUNTIF(M15:AQ15,"CN") -> 3 | AT15: =COUNTIF(M15:AQ15,"X1") -> 0 | AU15: =+COUNTIF(M15:AQ15,"CN1") -> 0 | AV15: =+SUM(AR15:AU15) -> 15
J16: 4 | K16: 4 | L16: Thảo Phút | Q16: X | R16: CN | S16: X | T16: X | U16: X | V16: X | W16: X | X16: X | Y16: CN | Z16: X | AA16: X | AC16: X | AD16: X | AE16: X | AF16: CN | AG16: X | AH16: X | AI16: X | AJ16: X | AK16: X | AL16: X | AM16: CN | AN16: X | AO16: X | AP16: X | AR16: =COUNTIF(M16:AQ16,"X") -> 21 | AS16: =+COUNTIF(M16:AQ16,"CN") -> 4 | AT16: =COUNTIF(M16:AQ16,"X1") -> 0 | AU16: =+COUNTIF(M16:AQ16,"CN1") -> 0 | AV16: =+SUM(AR16:AU16) -> 25
J17: 5 | K17: 5 | L17: Thảo Mằn | T17: X | U17: X | V17: X | X17: X | Y17: CN | AE17: X | AF17: CN | AG17: X | AH17: X | AI17: X | AJ17: X | AL17: X | AM17: CN | AO17: X | AP17: X | AR17: =COUNTIF(M17:AQ17,"X") -> 12 | AS17: =+COUNTIF(M17:AQ17,"CN") -> 3 | AT17: =COUNTIF(M17:AQ17,"X1") -> 0 | AU17: =+COUNTIF(M17:AQ17,"CN1") -> 0 | AV17: =+SUM(AR17:AU17) -> 15
J18: 6 | K18: 6 | L18: Nàng Chay | U18: X | V18: X | W18: X | X18: X | Y18: CN | AD18: X | AE18: X | AF18: CN | AG18: X | AH18: X | AI18: X | AL18: X | AM18: CN | AN18: X | AO18: X | AP18: X | AR18: =COUNTIF(M18:AQ18,"X") -> 13 | AS18: =+COUNTIF(M18:AQ18,"CN") -> 3 | AT18: =COUNTIF(M18:AQ18,"X1") -> 0 | AU18: =+COUNTIF(M18:AQ18,"CN1") -> 0 | AV18: =+SUM(AR18:AU18) -> 16
J19: 7 | K19: 7 | L19: Thảo Sắp | Q19: X | R19: CN | S19: X | T19: X | U19: X | V19: X | W19: X | X19: X | Y19: CN | Z19: X | AA19: X | AB19: X | AC19: X | AD19: X | AE19: X | AF19: CN | AG19: X | AH19: X | AI19: X | AJ19: X | AK19: X | AL19: X | AM19: CN | AN19: X | AO19: X | AP19: X | AR19: =COUNTIF(M19:AQ19,"X") -> 22 | AS19: =+COUNTIF(M19:AQ19,"CN") -> 4 | AT19: =COUNTIF(M19:AQ19,"X1") -> 0 | AU19: =+COUNTIF(M19:AQ19,"CN1") -> 0 | AV19: =+SUM(AR19:AU19) -> 26
J20: 8 | K20: 8 | L20: Thảo Say | Q20: X | R20: CN | S20: X | U20: X | V20: X | W20: X | X20: X | Y20: CN | Z20: X | AA20: X | AB20: X | AC20: X | AD20: X | AE20: X | AF20: CN | AG20: X | AH20: X | AI20: X | AJ20: X | AK20: X | AL20: X | AM20: CN | AN20: X | AO20: X | AP20: X | AR20: =COUNTIF(M20:AQ20,"X") -> 21 | AS20: =+COUNTIF(M20:AQ20,"CN") -> 4 | AT20: =COUNTIF(M20:AQ20,"X1") -> 0 | AU20: =+COUNTIF(M20:AQ20,"CN1") -> 0 | AV20: =+SUM(AR20:AU20) -> 25
J21: 9 | K21: 9 | L21: Thảo Cợt | V21: X | X21: X | AD21: X | AE21: X | AF21: CN | AH21: X | AI21: X | AK21: X | AL21: X | AM21: CN | AN21: X | AO21: X | AP21: X | AR21: =COUNTIF(M21:AQ21,"X") -> 11 | AS21: =+COUNTIF(M21:AQ21,"CN") -> 2 | AT21: =COUNTIF(M21:AQ21,"X1") -> 0 | AU21: =+COUNTIF(M21:AQ21,"CN1") -> 0 | AV21: =+SUM(AR21:AU21) -> 13
J22: 10 | K22: 10 | L22: Thảo Hôm | Q22: X | R22: CN | S22: X | T22: X | U22: X | V22: X | W22: X | X22: X | Y22: CN | AE22: X | AF22: CN | AG22: X | AH22: X | AI22: X | AJ22: X | AK22: X | AL22: X | AM22: CN | AN22: X | AO22: X | AP22: X | AR22: =COUNTIF(M22:AQ22,"X") -> 17 | AS22: =+COUNTIF(M22:AQ22,"CN") -> 4 | AT22: =COUNTIF(M22:AQ22,"X1") -> 0 | AU22: =+COUNTIF(M22:AQ22,"CN1") -> 0 | AV22: =+SUM(AR22:AU22) -> 21
J23: 11 | K23: 11 | L23: Thảo Khăm | AG23: X | AH23: X | AI23: X | AJ23: X | AK23: X | AL23: X | AM23: CN | AN23: X | AO23: X | AP23: X | AR23: =COUNTIF(M23:AQ23,"X") -> 9 | AS23: =+COUNTIF(M23:AQ23,"CN") -> 1 | AT23: =COUNTIF(M23:AQ23,"X1") -> 0 | AU23: =+COUNTIF(M23:AQ23,"CN1") -> 0 | AV23: =+SUM(AR23:AU23) -> 10
J24: 12 | K24: 12 | L24: Thảo Hăm | U24: X | V24: X | W24: X | X24: X | AD24: X | AE24: X | AF24: CN | AG24: X | AH24: X | AI24: X | AJ24: X | AL24: X | AM24: CN | AN24: X | AO24: X | AP24: X | AR24: =COUNTIF(M24:AQ24,"X") -> 14 | AS24: =+COUNTIF(M24:AQ24,"CN") -> 2 | AT24: =COUNTIF(M24:AQ24,"X1") -> 0 | AU24: =+COUNTIF(M24:AQ24,"CN1") -> 0 | AV24: =+SUM(AR24:AU24) -> 16
J25: 13 | K25: 13 | L25: Nang Lon | U25: X | V25: X | W25: X | X25: X | AD25: X | AE25: X | AF25: CN | AG25: X | AH25: X | AI25: X | AJ25: X | AL25: X | AM25: CN | AN25: X | AO25: X | AP25: X | AR25: =COUNTIF(M25:AQ25,"X") -> 14 | AS25: =+COUNTIF(M25:AQ25,"CN") -> 2 | AT25: =COUNTIF(M25:AQ25,"X1") -> 0 | AU25: =+COUNTIF(M25:AQ25,"CN1") -> 0 | AV25: =+SUM(AR25:AU25) -> 16
J26: 14 | K26: 14 | L26: Thảo Pheng | U26: X | V26: X | W26: X | X26: X | AE26: X | AF26: CN | AG26: X | AH26: X | AI26: X | AJ26: X | AK26: X | AL26: X | AM26: CN | AN26: X | AO26: X | AP26: X | AR26: =COUNTIF(M26:AQ26,"X") -> 14 | AS26: =+COUNTIF(M26:AQ26,"CN") -> 2 | AT26: =COUNTIF(M26:AQ26,"X1") -> 0 | AU26: =+COUNTIF(M26:AQ26,"CN1") -> 0 | AV26: =+SUM(AR26:AU26) -> 16
J27: 15 | K27: 15 | L27: Thảo kok | U27: X | V27: X | W27: X | X27: X | Y27: CN | AE27: X | AF27: CN | AG27: X | AH27: X | AI27: X | AL27: X | AM27: CN | AN27: X | AO27: X | AP27: X | AR27: =COUNTIF(M27:AQ27,"X") -> 12 | AS27: =+COUNTIF(M27:AQ27,"CN") -> 3 | AT27: =COUNTIF(M27:AQ27,"X1") -> 0 | AU27: =+COUNTIF(M27:AQ27,"CN1") -> 0 | AV27: =+SUM(AR27:AU27) -> 15
A28: =#REF!*#REF!+#REF!*#REF! -> #REF! | B28: =IF(#REF!>15,40,IF(#REF!>12,35,IF(#REF!>9,30,25))) -> #REF! | C28: B | D28: =IF(C28="A",60,IF(C28="B",50,IF(C28="C",45,40))) -> 50 | E28: =D28+B28 -> #REF! | F28: =IF(E28>94,"A",IF(E28>80,"B",IF(E28>69,"C","D"))) -> #REF! | G28: =('[8]LÁT A'!N11+'[8]LÁT D'!N11+'[8]LÁT C'!N11+'[8]LÁT B'!N11)*0.4+'[8]MỦ DÂY'!AH11*0.5 -> 16 | H28: =G28*IF(F28="A",#REF!,IF(F28="B",#REF!,IF(F28="C",#REF!,#REF!))) -> #REF! | I28: =A28+H28 -> #REF! | J28: 16 | K28: 16 | L28: Nàng Sút Chay | Q28: X | V28: X | Y28: CN | AE28: X | AF28: CN | AG28: X | AH28: X | AI28: X | AJ28: X | AL28: X | AM28: CN | AN28: X | AO28: X | AP28: X | AR28: =COUNTIF(M28:AQ28,"X") -> 11 | AS28: =+COUNTIF(M28:AQ28,"CN") -> 3 | AT28: =COUNTIF(M28:AQ28,"X1") -> 0 | AU28: =+COUNTIF(M28:AQ28,"CN1") -> 0 | AV28: =+SUM(AR28:AU28) -> 14 | AX28: =IF(AV28=31,20,IF(AV28>=25,10)) -> FALSE
A29: =#REF!*#REF!+#REF!*#REF! -> #REF! | B29: =IF(#REF!>15,40,IF(#REF!>12,35,IF(#REF!>9,30,25))) -> #REF! | C29: B | D29: =IF(C29="A",60,IF(C29="B",50,IF(C29="C",45,40))) -> 50 | E29: =D29+B29 -> #REF! | F29: =IF(E29>94,"A",IF(E29>80,"B",IF(E29>69,"C","D"))) -> #REF! | G29: =('[8]LÁT A'!N12+'[8]LÁT D'!N12+'[8]LÁT C'!N12+'[8]LÁT B'!N12)*0.4+'[8]MỦ DÂY'!AH12*0.5 -> 0 | H29: =G29*IF(F29="A",#REF!,IF(F29="B",#REF!,IF(F29="C",#REF!,#REF!))) -> #REF! | I29: =A29+H29 -> #REF! | J29: 17 | K29: 17 | L29: Thảo Khăm Phay | V29: X | W29: X | Y29: CN | AE29: X | AF29: CN | AG29: X | AH29: X | AI29: X | AJ29: X | AL29: X | AM29: CN | AN29: X | AO29: X | AP29: X | AR29: =COUNTIF(M29:AQ29,"X") -> 11 | AS29: =+COUNTIF(M29:AQ29,"CN") -> 3 | AT29: =COUNTIF(M29:AQ29,"X1") -> 0 | AU29: =+COUNTIF(M29:AQ29,"CN1") -> 0 | AV29: =+SUM(AR29:AU29) -> 14 | AX29: =IF(AV29=31,20,IF(AV29>=25,10)) -> FALSE
A30: =#REF!*#REF!+#REF!*#REF! -> #REF! | B30: =IF(#REF!>15,40,IF(#REF!>12,35,IF(#REF!>9,30,25))) -> #REF! | C30: B | D30: =IF(C30="A",60,IF(C30="B",50,IF(C30="C",45,40))) -> 50 | E30: =D30+B30 -> #REF! | F30: =IF(E30>94,"A",IF(E30>80,"B",IF(E30>69,"C","D"))) -> #REF! | G30: =('[8]LÁT A'!N13+'[8]LÁT D'!N13+'[8]LÁT C'!N13+'[8]LÁT B'!N13)*0.4+'[8]MỦ DÂY'!AH13*0.5 -> 16 | H30: =G30*IF(F30="A",#REF!,IF(F30="B",#REF!,IF(F30="C",#REF!,#REF!))) -> #REF! | I30: =A30+H30 -> #REF! | J30: 18 | K30: 18 | L30: Thảo Sớm | U30: X | W30: X | X30: X | Y30: CN | AE30: X | AF30: CN | AG30: X | AH30: X | AI30: X | AJ30: X | AL30: X | AM30: CN | AN30: X | AO30: X | AP30: X | AR30: =COUNTIF(M30:AQ30,"X") -> 12 | AS30: =+COUNTIF(M30:AQ30,"CN") -> 3 | AT30: =COUNTIF(M30:AQ30,"X1") -> 0 | AU30: =+COUNTIF(M30:AQ30,"CN1") -> 0 | AV30: =+SUM(AR30:AU30) -> 15 | AX30: =IF(AV30=31,20,IF(AV30>=25,10)) -> FALSE
A31: =#REF!*#REF!+#REF!*#REF! -> #REF! | B31: =IF(#REF!>15,40,IF(#REF!>12,35,IF(#REF!>9,30,25))) -> #REF! | C31: B | D31: =IF(C31="A",60,IF(C31="B",50,IF(C31="C",45,40))) -> 50 | E31: =D31+B31 -> #REF! | F31: =IF(E31>94,"A",IF(E31>80,"B",IF(E31>69,"C","D"))) -> #REF! | G31: =('[8]LÁT A'!N14+'[8]LÁT D'!N14+'[8]LÁT C'!N14+'[8]LÁT B'!N14)*0.4+'[8]MỦ DÂY'!AH14*0.5 -> 24 | H31: =G31*IF(F31="A",#REF!,IF(F31="B",#REF!,IF(F31="C",#REF!,#REF!))) -> #REF! | I31: =A31+H31 -> #REF! | J31: 19 | K31: 19 | L31: Pha Xúc | U31: X | W31: X | X31: X | AE31: X | AF31: CN | AG31: X | AH31: X | AI31: X | AL31: X | AM31: CN | AN31: X | AO31: X | AP31: X | AR31: =COUNTIF(M31:AQ31,"X") -> 11 | AS31: =+COUNTIF(M31:AQ31,"CN") -> 2 | AT31: =COUNTIF(M31:AQ31,"X1") -> 0 | AU31: =+COUNTIF(M31:AQ31,"CN1") -> 0 | AV31: =+SUM(AR31:AU31) -> 13 | AX31: =IF(AV31=31,20,IF(AV31>=25,10)) -> FALSE
A32: =#REF!*#REF!+#REF!*#REF! -> #REF! | B32: =IF(#REF!>15,40,IF(#REF!>12,35,IF(#REF!>9,30,25))) -> #REF! | C32: B | D32: =IF(C32="A",60,IF(C32="B",50,IF(C32="C",45,40))) -> 50 | E32: =D32+B32 -> #REF! | F32: =IF(E32>94,"A",IF(E32>80,"B",IF(E32>69,"C","D"))) -> #REF! | G32: =('[8]LÁT A'!N15+'[8]LÁT D'!N15+'[8]LÁT C'!N15+'[8]LÁT B'!N15)*0.4+'[8]MỦ DÂY'!AH15*0.5 -> 24 | H32: =G32*IF(F32="A",#REF!,IF(F32="B",#REF!,IF(F32="C",#REF!,#REF!))) -> #REF! | I32: =A32+H32 -> #REF! | J32: 20 | K32: 20 | L32: Nàng Phon | R32: CN | T32: X | U32: X | V32: X | X32: X | Y32: CN | AD32: X | AE32: X | AF32: CN | AG32: X | AH32: X | AI32: X | AJ32: X | AL32: X | AM32: CN | AO32: X | AP32: X | AR32: =COUNTIF(M32:AQ32,"X") -> 13 | AS32: =+COUNTIF(M32:AQ32,"CN") -> 4 | AT32: =COUNTIF(M32:AQ32,"X1") -> 0 | AU32: =+COUNTIF(M32:AQ32,"CN1") -> 0 | AV32: =+SUM(AR32:AU32) -> 17 | AX32: =IF(AV32=31,20,IF(AV32>=25,10)) -> FALSE
A33: =#REF!*#REF!+#REF!*#REF! -> #REF! | B33: =IF(#REF!>15,40,IF(#REF!>12,35,IF(#REF!>9,30,25))) -> #REF! | C33: B | D33: =IF(C33="A",60,IF(C33="B",50,IF(C33="C",45,40))) -> 50 | E33: =D33+B33 -> #REF! | F33: =IF(E33>94,"A",IF(E33>80,"B",IF(E33>69,"C","D"))) -> #REF! | G33: =('[8]LÁT A'!N16+'[8]LÁT D'!N16+'[8]LÁT C'!N16+'[8]LÁT B'!N16)*0.4+'[8]MỦ DÂY'!AH16*0.5 -> 0 | H33: =G33*IF(F33="A",#REF!,IF(F33="B",#REF!,IF(F33="C",#REF!,#REF!))) -> #REF! | I33: =A33+H33 -> #REF! | J33: 21 | K33: 21 | L33: Thảo Chăn | T33: X | U33: X | V33: X | W33: X | X33: X | Y33: CN | AD33: X | AF33: CN | AG33: X | AH33: X | AI33: X | AJ33: X | AL33: X | AM33: CN | AN33: X | AO33: X | AP33: X | AR33: =COUNTIF(M33:AQ33,"X") -> 14 | AS33: =+COUNTIF(M33:AQ33,"CN") -> 3 | AT33: =COUNTIF(M33:AQ33,"X1") -> 0 | AU33: =+COUNTIF(M33:AQ33,"CN1") -> 0 | AV33: =+SUM(AR33:AU33) -> 17 | AX33: =IF(AV33=31,20,IF(AV33>=25,10)) -> FALSE
A34: =#REF!*#REF!+#REF!*#REF! -> #REF! | B34: =IF(#REF!>15,40,IF(#REF!>12,35,IF(#REF!>9,30,25))) -> #REF! | C34: B | D34: =IF(C34="A",60,IF(C34="B",50,IF(C34="C",45,40))) -> 50 | E34: =D34+B34 -> #REF! | F34: =IF(E34>94,"A",IF(E34>80,"B",IF(E34>69,"C","D"))) -> #REF! | G34: =('[8]LÁT A'!N17+'[8]LÁT D'!N17+'[8]LÁT C'!N17+'[8]LÁT B'!N17)*0.4+'[8]MỦ DÂY'!AH17*0.5 -> 0 | H34: =G34*IF(F34="A",#REF!,IF(F34="B",#REF!,IF(F34="C",#REF!,#REF!))) -> #REF! | I34: =A34+H34 -> #REF! | J34: 22 | K34: 22 | L34: Thong La | U34: X | V34: X | W34: X | X34: X | Y34: CN | AD34: X | AE34: X | AF34: CN | AG34: X | AH34: X | AI34: X | AJ34: X | AL34: X | AM34: CN | AN34: X | AO34: X | AP34: X | AR34: =COUNTIF(M34:AQ34,"X") -> 14 | AS34: =+COUNTIF(M34:AQ34,"CN") -> 3 | AT34: =COUNTIF(M34:AQ34,"X1") -> 0 | AU34: =+COUNTIF(M34:AQ34,"CN1") -> 0 | AV34: =+SUM(AR34:AU34) -> 17 | AX34: =IF(AV34=31,20,IF(AV34>=25,10)) -> FALSE
A35: =#REF!*#REF!+#REF!*#REF! -> #REF! | B35: =IF(#REF!>15,40,IF(#REF!>12,35,IF(#REF!>9,30,25))) -> #REF! | C35: B | D35: =IF(C35="A",60,IF(C35="B",50,IF(C35="C",45,40))) -> 50 | E35: =D35+B35 -> #REF! | F35: =IF(E35>94,"A",IF(E35>80,"B",IF(E35>69,"C","D"))) -> #REF! | G35: =('[8]LÁT A'!N18+'[8]LÁT D'!N18+'[8]LÁT C'!N18+'[8]LÁT B'!N18)*0.4+'[8]MỦ DÂY'!AH18*0.5 -> 16 | H35: =G35*IF(F35="A",#REF!,IF(F35="B",#REF!,IF(F35="C",#REF!,#REF!))) -> #REF! | I35: =A35+H35 -> #REF! | J35: 23 | K35: 23 | L35: Thảo Cum Pha | V35: X | X35: X | AF35: CN | AG35: X | AI35: X | AJ35: X | AL35: X | AM35: CN | AO35: X | AP35: X | AR35: =COUNTIF(M35:AQ35,"X") -> 8 | AS35: =+COUNTIF(M35:AQ35,"CN") -> 2 | AT35: =COUNTIF(M35:AQ35,"X1") -> 0 | AU35: =+COUNTIF(M35:AQ35,"CN1") -> 0 | AV35: =+SUM(AR35:AU35) -> 10 | AX35: =IF(AV35=31,20,IF(AV35>=25,10)) -> FALSE
A36: =#REF!*#REF!+#REF!*#REF! -> #REF! | B36: =IF(#REF!>15,40,IF(#REF!>12,35,IF(#REF!>9,30,25))) -> #REF! | C36: B | D36: =IF(C36="A",60,IF(C36="B",50,IF(C36="C",45,40))) -> 50 | E36: =D36+B36 -> #REF! | F36: =IF(E36>94,"A",IF(E36>80,"B",IF(E36>69,"C","D"))) -> #REF! | G36: =('[8]LÁT A'!N19+'[8]LÁT D'!N19+'[8]LÁT C'!N19+'[8]LÁT B'!N19)*0.4+'[8]MỦ DÂY'!AH19*0.5 -> 0 | H36: =G36*IF(F36="A",#REF!,IF(F36="B",#REF!,IF(F36="C",#REF!,#REF!))) -> #REF! | I36: =A36+H36 -> #REF! | J36: 24 | K36: 24 | L36: T Ô Vên | W36: X | X36: X | Y36: CN | Z36: X | AD36: X | AE36: X | AF36: CN | AG36: X | AH36: X | AI36: X | AJ36: X | AK36: X | AL36: X | AM36: CN | AN36: X | AO36: X | AP36: X | AR36: =COUNTIF(M36:AQ36,"X") -> 14 | AS36: =+COUNTIF(M36:AQ36,"CN") -> 3 | AT36: =COUNTIF(M36:AQ36,"X1") -> 0 | AU36: =+COUNTIF(M36:AQ36,"CN1") -> 0 | AV36: =+SUM(AR36:AU36) -> 17 | AX36: =IF(AV36=31,20,IF(AV36>=25,10)) -> FALSE
A37: =#REF!*#REF!+#REF!*#REF! -> #REF! | B37: =IF(#REF!>15,40,IF(#REF!>12,35,IF(#REF!>9,30,25))) -> #REF! | C37: B | D37: =IF(C37="A",60,IF(C37="B",50,IF(C37="C",45,40))) -> 50 | E37: =D37+B37 -> #REF! | F37: =IF(E37>94,"A",IF(E37>80,"B",IF(E37>69,"C","D"))) -> #REF! | G37: =('[8]LÁT A'!N12+'[8]LÁT D'!N12+'[8]LÁT C'!N12+'[8]LÁT B'!N12)*0.4+'[8]MỦ DÂY'!AH12*0.5 -> 0 | H37: =G37*IF(F37="A",#REF!,IF(F37="B",#REF!,IF(F37="C",#REF!,#REF!))) -> #REF! | I37: =A37+H37 -> #REF! | J37: 25 | K37: 25 | L37: Nàng Lam | Q37: X | R37: CN | S37: X | T37: X | U37: X | V37: X | W37: X | X37: X | Y37: CN | AC37: X | AD37: X | AF37: CN | AG37: X | AH37: X | AI37: X | AJ37: X | AK37: X | AL37: X | AM37: CN | AN37: X | AO37: X | AP37: X | AR37: =COUNTIF(M37:AQ37,"X") -> 18 | AS37: =+COUNTIF(M37:AQ37,"CN") -> 4 | AT37: =COUNTIF(M37:AQ37,"X1") -> 0 | AU37: =+COUNTIF(M37:AQ37,"CN1") -> 0 | AV37: =+SUM(AR37:AU37) -> 22 | AX37: =IF(AV37=31,20,IF(AV37>=25,10)) -> FALSE
A38: =#REF!*#REF!+#REF!*#REF! -> #REF! | B38: =IF(#REF!>15,40,IF(#REF!>12,35,IF(#REF!>9,30,25))) -> #REF! | C38: B | D38: =IF(C38="A",60,IF(C38="B",50,IF(C38="C",45,40))) -> 50 | E38: =D38+B38 -> #REF! | F38: =IF(E38>94,"A",IF(E38>80,"B",IF(E38>69,"C","D"))) -> #REF! | G38: =('[8]LÁT A'!N13+'[8]LÁT D'!N13+'[8]LÁT C'!N13+'[8]LÁT B'!N13)*0.4+'[8]MỦ DÂY'!AH13*0.5 -> 16 | H38: =G38*IF(F38="A",#REF!,IF(F38="B",#REF!,IF(F38="C",#REF!,#REF!))) -> #REF! | I38: =A38+H38 -> #REF! | J38: 26 | K38: 26 | L38: Nàng Hđao | U38: X | Y38: CN | Z38: X | AA38: X | AD38: X | AE38: X | AF38: CN | AG38: X | AH38: X | AJ38: X | AK38: X | AL38: X | AM38: CN | AN38: X | AO38: X | AP38: X | AR38: =COUNTIF(M38:AQ38,"X") -> 13 | AS38: =+COUNTIF(M38:AQ38,"CN") -> 3 | AT38: =COUNTIF(M38:AQ38,"X1") -> 0 | AU38: =+COUNTIF(M38:AQ38,"CN1") -> 0 | AV38: =+SUM(AR38:AU38) -> 16 | AX38: =IF(AV38=31,20,IF(AV38>=25,10)) -> FALSE
A39: =#REF!*#REF!+#REF!*#REF! -> #REF! | B39: =IF(#REF!>15,40,IF(#REF!>12,35,IF(#REF!>9,30,25))) -> #REF! | C39: B | D39: =IF(C39="A",60,IF(C39="B",50,IF(C39="C",45,40))) -> 50 | E39: =D39+B39 -> #REF! | F39: =IF(E39>94,"A",IF(E39>80,"B",IF(E39>69,"C","D"))) -> #REF! | G39: =('[8]LÁT A'!N14+'[8]LÁT D'!N14+'[8]LÁT C'!N14+'[8]LÁT B'!N14)*0.4+'[8]MỦ DÂY'!AH14*0.5 -> 24 | H39: =G39*IF(F39="A",#REF!,IF(F39="B",#REF!,IF(F39="C",#REF!,#REF!))) -> #REF! | I39: =A39+H39 -> #REF! | J39: 27 | K39: 27 | L39: Thảo Tong | T39: X | V39: X | W39: X | X39: X | Y39: CN | AD39: X | AE39: X | AF39: CN | AG39: X | AH39: X | AI39: X | AJ39: X | AL39: X | AM39: CN | AN39: X | AO39: X | AP39: X | AR39: =COUNTIF(M39:AQ39,"X") -> 14 | AS39: =+COUNTIF(M39:AQ39,"CN") -> 3 | AT39: =COUNTIF(M39:AQ39,"X1") -> 0 | AU39: =+COUNTIF(M39:AQ39,"CN1") -> 0 | AV39: =+SUM(AR39:AU39) -> 17 | AX39: =IF(AV39=31,20,IF(AV39>=25,10)) -> FALSE
A40: =#REF!*#REF!+#REF!*#REF! -> #REF! | B40: =IF(#REF!>15,40,IF(#REF!>12,35,IF(#REF!>9,30,25))) -> #REF! | C40: B | D40: =IF(C40="A",60,IF(C40="B",50,IF(C40="C",45,40))) -> 50 | E40: =D40+B40 -> #REF! | F40: =IF(E40>94,"A",IF(E40>80,"B",IF(E40>69,"C","D"))) -> #REF! | G40: =('[8]LÁT A'!N15+'[8]LÁT D'!N15+'[8]LÁT C'!N15+'[8]LÁT B'!N15)*0.4+'[8]MỦ DÂY'!AH15*0.5 -> 24 | H40: =G40*IF(F40="A",#REF!,IF(F40="B",#REF!,IF(F40="C",#REF!,#REF!))) -> #REF! | I40: =A40+H40 -> #REF! | J40: 28 | K40: 28 | L40: Thảo Khốc | R40: CN | T40: X | U40: X | V40: X | W40: X | X40: X | Y40: CN | Z40: X | AA40: X | AB40: X | AC40: X | AD40: X | AE40: X | AH40: X | AI40: X | AJ40: X | AK40: X | AL40: X | AM40: CN | AN40: X | AO40: X | AP40: X | AR40: =COUNTIF(M40:AQ40,"X") -> 19 | AS40: =+COUNTIF(M40:AQ40,"CN") -> 3 | AT40: =COUNTIF(M40:AQ40,"X1") -> 0 | AU40: =+COUNTIF(M40:AQ40,"CN1") -> 0 | AV40: =+SUM(AR40:AU40) -> 22 | AX40: =IF(AV40=31,20,IF(AV40>=25,10)) -> FALSE
A41: =#REF!*#REF!+#REF!*#REF! -> #REF! | B41: =IF(#REF!>15,40,IF(#REF!>12,35,IF(#REF!>9,30,25))) -> #REF! | C41: B | D41: =IF(C41="A",60,IF(C41="B",50,IF(C41="C",45,40))) -> 50 | E41: =D41+B41 -> #REF! | F41: =IF(E41>94,"A",IF(E41>80,"B",IF(E41>69,"C","D"))) -> #REF! | G41: =('[8]LÁT A'!N16+'[8]LÁT D'!N16+'[8]LÁT C'!N16+'[8]LÁT B'!N16)*0.4+'[8]MỦ DÂY'!AH16*0.5 -> 0 | H41: =G41*IF(F41="A",#REF!,IF(F41="B",#REF!,IF(F41="C",#REF!,#REF!))) -> #REF! | I41: =A41+H41 -> #REF! | J41: 29 | K41: 29 | L41: Thảo Sợt | R41: CN | T41: X | U41: X | V41: X | W41: X | X41: X | Y41: CN | Z41: X | AA41: X | AB41: X | AC41: X | AD41: X | AE41: X | AH41: X | AI41: X | AJ41: X | AK41: X | AL41: X | AM41: CN | AN41: X | AO41: X | AP41: X | AR41: =COUNTIF(M41:AQ41,"X") -> 19 | AS41: =+COUNTIF(M41:AQ41,"CN") -> 3 | AT41: =COUNTIF(M41:AQ41,"X1") -> 0 | AU41: =+COUNTIF(M41:AQ41,"CN1") -> 0 | AV41: =+SUM(AR41:AU41) -> 22 | AX41: =IF(AV41=31,20,IF(AV41>=25,10)) -> FALSE | BK41: =106-23 -> 83
A42: =#REF!*#REF!+#REF!*#REF! -> #REF! | B42: =IF(#REF!>15,40,IF(#REF!>12,35,IF(#REF!>9,30,25))) -> #REF! | C42: B | D42: =IF(C42="A",60,IF(C42="B",50,IF(C42="C",45,40))) -> 50 | E42: =D42+B42 -> #REF! | F42: =IF(E42>94,"A",IF(E42>80,"B",IF(E42>69,"C","D"))) -> #REF! | G42: =('[8]LÁT A'!N17+'[8]LÁT D'!N17+'[8]LÁT C'!N17+'[8]LÁT B'!N17)*0.4+'[8]MỦ DÂY'!AH17*0.5 -> 0 | H42: =G42*IF(F42="A",#REF!,IF(F42="B",#REF!,IF(F42="C",#REF!,#REF!))) -> #REF! | I42: =A42+H42 -> #REF! | J42: 30 | K42: 30 | L42: Thảo Văn | W42: X | Z42: X | AA42: X | AB42: X | AE42: X | AF42: CN | AH42: X | AI42: X | AJ42: X | AK42: X | AL42: X | AM42: CN | AN42: X | AO42: X | AP42: X | AR42: =COUNTIF(M42:AQ42,"X") -> 13 | AS42: =+COUNTIF(M42:AQ42,"CN") -> 2 | AT42: =COUNTIF(M42:AQ42,"X1") -> 0 | AU42: =+COUNTIF(M42:AQ42,"CN1") -> 0 | AV42: =+SUM(AR42:AU42) -> 15 | AX42: =IF(AV42=31,20,IF(AV42>=25,10)) -> FALSE
A43: =#REF!*#REF!+#REF!*#REF! -> #REF! | B43: =IF(#REF!>15,40,IF(#REF!>12,35,IF(#REF!>9,30,25))) -> #REF! | C43: B | D43: =IF(C43="A",60,IF(C43="B",50,IF(C43="C",45,40))) -> 50 | E43: =D43+B43 -> #REF! | F43: =IF(E43>94,"A",IF(E43>80,"B",IF(E43>69,"C","D"))) -> #REF! | G43: =('[8]LÁT A'!N18+'[8]LÁT D'!N18+'[8]LÁT C'!N18+'[8]LÁT B'!N18)*0.4+'[8]MỦ DÂY'!AH18*0.5 -> 16 | H43: =G43*IF(F43="A",#REF!,IF(F43="B",#REF!,IF(F43="C",#REF!,#REF!))) -> #REF! | I43: =A43+H43 -> #REF! | J43: 31 | K43: 31 | L43: Nàng Túc | W43: X | X43: X | Y43: CN | Z43: X | AD43: X | AE43: X | AF43: CN | AG43: X | AH43: X | AI43: X | AJ43: X | AK43: X | AL43: X | AM43: CN | AN43: X | AO43: X | AP43: X | AR43: =COUNTIF(M43:AQ43,"X") -> 14 | AS43: =+COUNTIF(M43:AQ43,"CN") -> 3 | AT43: =COUNTIF(M43:AQ43,"X1") -> 0 | AU43: =+COUNTIF(M43:AQ43,"CN1") -> 0 | AV43: =+SUM(AR43:AU43) -> 17 | AX43: =IF(AV43=31,20,IF(AV43>=25,10)) -> FALSE
A44: =#REF!*#REF!+#REF!*#REF! -> #REF! | B44: =IF(#REF!>15,40,IF(#REF!>12,35,IF(#REF!>9,30,25))) -> #REF! | C44: B | D44: =IF(C44="A",60,IF(C44="B",50,IF(C44="C",45,40))) -> 50 | E44: =D44+B44 -> #REF! | F44: =IF(E44>94,"A",IF(E44>80,"B",IF(E44>69,"C","D"))) -> #REF! | G44: =('[8]LÁT A'!N23+'[8]LÁT D'!N23+'[8]LÁT C'!N23+'[8]LÁT B'!N23)*0.4+'[8]MỦ DÂY'!AH23*0.5 -> 16 | H44: =G44*IF(F44="A",#REF!,IF(F44="B",#REF!,IF(F44="C",#REF!,#REF!))) -> #REF! | I44: =A44+H44 -> #REF! | J44: 32 | K44: 32 | L44: Nàng Chon | Q44: X | R44: CN | S44: X | U44: X | V44: X | W44: X | X44: X | Y44: CN | Z44: X | AD44: X | AE44: X | AF44: CN | AG44: X | AH44: X | AI44: X | AJ44: X | AK44: X | AL44: X | AM44: CN | AN44: X | AO44: X | AP44: X | AR44: =COUNTIF(M44:AQ44,"X") -> 18 | AS44: =+COUNTIF(M44:AQ44,"CN") -> 4 | AT44: =COUNTIF(M44:AQ44,"X1") -> 0 | AU44: =+COUNTIF(M44:AQ44,"CN1") -> 0 | AV44: =+SUM(AR44:AU44) -> 22 | AX44: =IF(AV44=31,20,IF(AV44>=25,10)) -> FALSE
A45: =#REF!*#REF!+#REF!*#REF! -> #REF! | B45: =IF(#REF!>15,40,IF(#REF!>12,35,IF(#REF!>9,30,25))) -> #REF! | C45: B | D45: =IF(C45="A",60,IF(C45="B",50,IF(C45="C",45,40))) -> 50 | E45: =D45+B45 -> #REF! | F45: =IF(E45>94,"A",IF(E45>80,"B",IF(E45>69,"C","D"))) -> #REF! | G45: =('[8]LÁT A'!N20+'[8]LÁT D'!N20+'[8]LÁT C'!N20+'[8]LÁT B'!N20)*0.4+'[8]MỦ DÂY'!AH20*0.5 -> 12.8 | H45: =G45*IF(F45="A",#REF!,IF(F45="B",#REF!,IF(F45="C",#REF!,#REF!))) -> #REF! | I45: =A45+H45 -> #REF! | J45: 33 | K45: 33 | L45: Thảo Hơ Phơ | R45: CN | S45: X | U45: X | V45: X | W45: X | X45: X | Z45: X | AD45: X | AE45: X | AF45: CN | AG45: X | AH45: X | AI45: X | AJ45: X | AK45: X | AL45: X | AM45: CN | AN45: X | AO45: X | AP45: X | AR45: =COUNTIF(M45:AQ45,"X") -> 17 | AS45: =+COUNTIF(M45:AQ45,"CN") -> 3 | AT45: =COUNTIF(M45:AQ45,"X1") -> 0 | AU45: =+COUNTIF(M45:AQ45,"CN1") -> 0 | AV45: =+SUM(AR45:AU45) -> 20 | AX45: =IF(AV45=31,20,IF(AV45>=25,10)) -> FALSE
A46: =#REF!*#REF!+#REF!*#REF! -> #REF! | B46: =IF(#REF!>15,40,IF(#REF!>12,35,IF(#REF!>9,30,25))) -> #REF! | C46: B | D46: =IF(C46="A",60,IF(C46="B",50,IF(C46="C",45,40))) -> 50 | E46: =D46+B46 -> #REF! | F46: =IF(E46>94,"A",IF(E46>80,"B",IF(E46>69,"C","D"))) -> #REF! | G46: =('[8]LÁT A'!N21+'[8]LÁT D'!N21+'[8]LÁT C'!N21+'[8]LÁT B'!N21)*0.4+'[8]MỦ DÂY'!AH21*0.5 -> 44.8 | H46: =G46*IF(F46="A",#REF!,IF(F46="B",#REF!,IF(F46="C",#REF!,#REF!))) -> #REF! | I46: =A46+H46 -> #REF! | J46: 34 | K46: 34 | L46: Thảo Phét | Q46: X | R46: CN | S46: X | T46: X | U46: X | V46: X | W46: X | X46: X | Y46: CN | Z46: X | AA46: X | AD46: X | AE46: X | AG46: X | AH46: X | AI46: X | AJ46: X | AK46: X | AL46: X | AM46: CN | AN46: X | AO46: X | AP46: X | AR46: =COUNTIF(M46:AQ46,"X") -> 20 | AS46: =+COUNTIF(M46:AQ46,"CN") -> 3 | AT46: =COUNTIF(M46:AQ46,"X1") -> 0 | AU46: =+COUNTIF(M46:AQ46,"CN1") -> 0 | AV46: =+SUM(AR46:AU46) -> 23 | AX46: =IF(AV46=31,20,IF(AV46>=25,10)) -> FALSE
A47: =#REF!*#REF!+#REF!*#REF! -> #REF! | B47: =IF(#REF!>15,40,IF(#REF!>12,35,IF(#REF!>9,30,25))) -> #REF! | C47: B | D47: =IF(C47="A",60,IF(C47="B",50,IF(C47="C",45,40))) -> 50 | E47: =D47+B47 -> #REF! | F47: =IF(E47>94,"A",IF(E47>80,"B",IF(E47>69,"C","D"))) -> #REF! | G47: =('[8]LÁT A'!N22+'[8]LÁT D'!N22+'[8]LÁT C'!N22+'[8]LÁT B'!N22)*0.4+'[8]MỦ DÂY'!AH22*0.5 -> 0 | H47: =G47*IF(F47="A",#REF!,IF(F47="B",#REF!,IF(F47="C",#REF!,#REF!))) -> #REF! | I47: =A47+H47 -> #REF! | J47: 35 | K47: 35 | L47: Hăn | Q47: X | T47: X | U47: X | V47: X | X47: X | Y47: CN | Z47: X | AA47: X | AD47: X | AE47: X | AF47: CN | AG47: X | AH47: X | AJ47: X | AK47: X | AL47: X | AM47: CN | AN47: X | AO47: X | AP47: X | AR47: =COUNTIF(M47:AQ47,"X") -> 17 | AS47: =+COUNTIF(M47:AQ47,"CN") -> 3 | AT47: =COUNTIF(M47:AQ47,"X1") -> 0 | AU47: =+COUNTIF(M47:AQ47,"CN1") -> 0 | AV47: =+SUM(AR47:AU47) -> 20 | AX47: =IF(AV47=31,20,IF(AV47>=25,10)) -> FALSE
A48: =#REF!*#REF!+#REF!*#REF! -> #REF! | B48: =IF(#REF!>15,40,IF(#REF!>12,35,IF(#REF!>9,30,25))) -> #REF! | C48: B | D48: =IF(C48="A",60,IF(C48="B",50,IF(C48="C",45,40))) -> 50 | E48: =D48+B48 -> #REF! | F48: =IF(E48>94,"A",IF(E48>80,"B",IF(E48>69,"C","D"))) -> #REF! | G48: =('[8]LÁT A'!N23+'[8]LÁT D'!N23+'[8]LÁT C'!N23+'[8]LÁT B'!N23)*0.4+'[8]MỦ DÂY'!AH23*0.5 -> 16 | H48: =G48*IF(F48="A",#REF!,IF(F48="B",#REF!,IF(F48="C",#REF!,#REF!))) -> #REF! | I48: =A48+H48 -> #REF! | J48: 36 | K48: 36 | L48: Thảo Tuỳ | Q48: X | R48: CN | S48: X | T48: X | U48: X | V48: X | W48: X | X48: X | Y48: CN | AC48: X | AD48: X | AE48: X | AF48: CN | AG48: X | AH48: X | AI48: X | AJ48: X | AK48: X | AL48: X | AM48: CN | AN48: X | AO48: X | AP48: X | AR48: =COUNTIF(M48:AQ48,"X") -> 19 | AS48: =+COUNTIF(M48:AQ48,"CN") -> 4 | AT48: =COUNTIF(M48:AQ48,"X1") -> 0 | AU48: =+COUNTIF(M48:AQ48,"CN1") -> 0 | AV48: =+SUM(AR48:AU48) -> 23 | AX48: =IF(AV48=31,20,IF(AV48>=25,10)) -> FALSE
J49: 37 | K49: 37 | L49: Thảo Đa Văn | AK49: X1 | AL49: X1 | AM49: CN1 | AN49: X1 | AO49: X1 | AP49: X1 | AR49: =COUNTIF(M49:AQ49,"X") -> 0 | AS49: =+COUNTIF(M49:AQ49,"CN") -> 0 | AT49: =COUNTIF(M49:AQ49,"X1") -> 5 | AU49: =+COUNTIF(M49:AQ49,"CN1") -> 1 | AV49: =+SUM(AR49:AU49) -> 6
A50: =#REF!*#REF!+#REF!*#REF! -> #REF! | B50: =IF(#REF!>15,40,IF(#REF!>12,35,IF(#REF!>9,30,25))) -> #REF! | J50: B | K50: TỔ 2 | M50: =COUNTIF(M51:M69,"X")+COUNTIF(M51:M69,"CN")+COUNTIF(M51:M69,"X1")+COUNTIF(M51:M69,"CN1") -> 0 | N50: =COUNTIF(N51:N69,"X")+COUNTIF(N51:N69,"CN")+COUNTIF(N51:N69,"X1")+COUNTIF(N51:N69,"CN1") -> 0 | O50: =COUNTIF(O51:O69,"X")+COUNTIF(O51:O69,"CN")+COUNTIF(O51:O69,"X1")+COUNTIF(O51:O69,"CN1") -> 0 | P50: =COUNTIF(P51:P69,"X")+COUNTIF(P51:P69,"CN")+COUNTIF(P51:P69,"X1")+COUNTIF(P51:P69,"CN1") -> 0 | Q50: =COUNTIF(Q51:Q69,"X")+COUNTIF(Q51:Q69,"CN")+COUNTIF(Q51:Q69,"X1")+COUNTIF(Q51:Q69,"CN1") -> 1 | R50: =COUNTIF(R51:R69,"X")+COUNTIF(R51:R69,"CN")+COUNTIF(R51:R69,"X1")+COUNTIF(R51:R69,"CN1") -> 1 | S50: =COUNTIF(S51:S69,"X")+COUNTIF(S51:S69,"CN")+COUNTIF(S51:S69,"X1")+COUNTIF(S51:S69,"CN1") -> 2 | T50: =COUNTIF(T51:T69,"X")+COUNTIF(T51:T69,"CN")+COUNTIF(T51:T69,"X1")+COUNTIF(T51:T69,"CN1") -> 4 | ... AP50: =COUNTIF(AP51:AP69,"X")+COUNTIF(AP51:AP69,"CN")+COUNTIF(AP51:AP69,"X1")+COUNTIF(AP51:AP69,"CN1") -> 19 | AR50: =SUM(AR51:AR69) -> 232 | AS50: =SUM(AS51:AS69) -> 27 | AT50: =SUM(AT51:AT69) -> 14 | AU50: =SUM(AU51:AU69) -> 0 | AV50: =SUM(AV51:AV69) -> 273 | AX50: =SUM(AX51:AX65) -> 0
A51: =#REF!*#REF!+#REF!*#REF! -> #REF! | B51: =IF(#REF!>15,40,IF(#REF!>12,35,IF(#REF!>9,30,25))) -> #REF! | C51: B | D51: =IF(C51="A",60,IF(C51="B",50,IF(C51="C",45,40))) -> 50 | E51: =D51+B51 -> #REF! | F51: =IF(E51>94,"A",IF(E51>80,"B",IF(E51>69,"C","D"))) -> #REF! | G51: =('[8]LÁT A'!N33+'[8]LÁT D'!N33+'[8]LÁT C'!N33+'[8]LÁT B'!N33)*0.4+'[8]MỦ DÂY'!AH33*0.5 -> 19.2 | H51: =G51*IF(F51="A",#REF!,IF(F51="B",#REF!,IF(F51="C",#REF!,#REF!))) -> #REF! | I51: =A51+H51 -> #REF! | J51: 38 | K51: 1 | L51: Thảo Xa Đết | AB51: X | AC51: X | AD51: X | AE51: X | AF51: CN | AG51: X | AH51: X | AI51: X | AJ51: X | AK51: X | AL51: X | AO51: X | AP51: X | AR51: =COUNTIF(M51:AQ51,"X") -> 12 | AS51: =+COUNTIF(M51:AQ51,"CN") -> 1 | AT51: =COUNTIF(M51:AQ51,"X1") -> 0 | AU51: =+COUNTIF(M51:AQ51,"CN1") -> 0 | AV51: =+SUM(AR51:AU51) -> 13 | AX51: =IF(AV51=31,20,IF(AV51>=25,10)) -> FALSE
A52: =#REF!*#REF!+#REF!*#REF! -> #REF! | B52: =IF(#REF!>15,40,IF(#REF!>12,35,IF(#REF!>9,30,25))) -> #REF! | C52: B | D52: =IF(C52="A",60,IF(C52="B",50,IF(C52="C",45,40))) -> 50 | E52: =D52+B52 -> #REF! | F52: =IF(E52>94,"A",IF(E52>80,"B",IF(E52>69,"C","D"))) -> #REF! | G52: =('[8]LÁT A'!N34+'[8]LÁT D'!N34+'[8]LÁT C'!N34+'[8]LÁT B'!N34)*0.4+'[8]MỦ DÂY'!AH34*0.5 -> 22.4 | H52: =G52*IF(F52="A",#REF!,IF(F52="B",#REF!,IF(F52="C",#REF!,#REF!))) -> #REF! | I52: =A52+H52 -> #REF! | J52: 39 | K52: 2 | L52: Thảo Sột | V52: X | W52: X | X52: X | Y52: CN | Z52: X | AA52: X | AB52: X | AC52: X | AD52: X | AE52: X | AF52: CN | AG52: X | AH52: X | AI52: X | AJ52: X | AK52: X | AL52: X | AN52: X | AO52: X | AP52: X | AR52: =COUNTIF(M52:AQ52,"X") -> 18 | AS52: =+COUNTIF(M52:AQ52,"CN") -> 2 | AT52: =COUNTIF(M52:AQ52,"X1") -> 0 | AU52: =+COUNTIF(M52:AQ52,"CN1") -> 0 | AV52: =+SUM(AR52:AU52) -> 20 | AX52: =IF(AV52=31,20,IF(AV52>=25,10)) -> FALSE
A53: =#REF!*#REF!+#REF!*#REF! -> #REF! | B53: =IF(#REF!>15,40,IF(#REF!>12,35,IF(#REF!>9,30,25))) -> #REF! | C53: B | D53: =IF(C53="A",60,IF(C53="B",50,IF(C53="C",45,40))) -> 50 | E53: =D53+B53 -> #REF! | F53: =IF(E53>94,"A",IF(E53>80,"B",IF(E53>69,"C","D"))) -> #REF! | G53: =('[8]LÁT A'!N35+'[8]LÁT D'!N35+'[8]LÁT C'!N35+'[8]LÁT B'!N35)*0.4+'[8]MỦ DÂY'!AH35*0.5 -> 17.6 | H53: =G53*IF(F53="A",#REF!,IF(F53="B",#REF!,IF(F53="C",#REF!,#REF!))) -> #REF! | I53: =A53+H53 -> #REF! | J53: 40 | K53: 3 | L53: Stoong | AA53: X | AB53: X | AC53: X | AD53: X | AE53: X | AF53: CN | AG53: X | AH53: X | AI53: X | AJ53: X | AK53: X | AL53: X | AM53: CN | AN53: X | AO53: X | AP53: X | AR53: =COUNTIF(M53:AQ53,"X") -> 14 | AS53: =+COUNTIF(M53:AQ53,"CN") -> 2 | AT53: =COUNTIF(M53:AQ53,"X1") -> 0 | AU53: =+COUNTIF(M53:AQ53,"CN1") -> 0 | AV53: =+SUM(AR53:AU53) -> 16 | AX53: =IF(AV53=31,20,IF(AV53>=25,10)) -> FALSE
A54: =#REF!*#REF!+#REF!*#REF! -> #REF! | B54: =IF(#REF!>15,40,IF(#REF!>12,35,IF(#REF!>9,30,25))) -> #REF! | C54: B | D54: =IF(C54="A",60,IF(C54="B",50,IF(C54="C",45,40))) -> 50 | E54: =D54+B54 -> #REF! | F54: =IF(E54>94,"A",IF(E54>80,"B",IF(E54>69,"C","D"))) -> #REF! | G54: =('[8]LÁT A'!N36+'[8]LÁT D'!N36+'[8]LÁT C'!N36+'[8]LÁT B'!N36)*0.4+'[8]MỦ DÂY'!AH36*0.5 -> 16 | H54: =G54*IF(F54="A",#REF!,IF(F54="B",#REF!,IF(F54="C",#REF!,#REF!))) -> #REF! | I54: =A54+H54 -> #REF! | J54: 41 | K54: 4 | L54: Nàng Phắt | AA54: X | AB54: X | AC54: X | AD54: X | AE54: X | AF54: CN | AG54: X | AH54: X | AI54: X | AJ54: X | AK54: X | AL54: X | AM54: CN | AN54: X | AO54: X | AP54: X | AR54: =COUNTIF(M54:AQ54,"X") -> 14 | AS54: =+COUNTIF(M54:AQ54,"CN") -> 2 | AT54: =COUNTIF(M54:AQ54,"X1") -> 0 | AU54: =+COUNTIF(M54:AQ54,"CN1") -> 0 | AV54: =+SUM(AR54:AU54) -> 16 | AX54: =IF(AV54=31,20,IF(AV54>=25,10)) -> FALSE
A55: =#REF!*#REF!+#REF!*#REF! -> #REF! | B55: =IF(#REF!>15,40,IF(#REF!>12,35,IF(#REF!>9,30,25))) -> #REF! | C55: B | D55: =IF(C55="A",60,IF(C55="B",50,IF(C55="C",45,40))) -> 50 | E55: =D55+B55 -> #REF! | F55: =IF(E55>94,"A",IF(E55>80,"B",IF(E55>69,"C","D"))) -> #REF! | G55: =('[8]LÁT A'!N37+'[8]LÁT D'!N37+'[8]LÁT C'!N37+'[8]LÁT B'!N37)*0.4+'[8]MỦ DÂY'!AH37*0.5 -> 17.6 | H55: =G55*IF(F55="A",#REF!,IF(F55="B",#REF!,IF(F55="C",#REF!,#REF!))) -> #REF! | I55: =A55+H55 -> #REF! | J55: 42 | K55: 5 | L55: Nàng May | Z55: X | AA55: X | AB55: X | AC55: X | AD55: X | AE55: X | AF55: CN | AG55: X | AH55: X | AI55: X | AJ55: X | AK55: X | AL55: X | AM55: CN | AN55: X | AO55: X | AP55: X | AR55: =COUNTIF(M55:AQ55,"X") -> 15 | AS55: =+COUNTIF(M55:AQ55,"CN") -> 2 | AT55: =COUNTIF(M55:AQ55,"X1") -> 0 | AU55: =+COUNTIF(M55:AQ55,"CN1") -> 0 | AV55: =+SUM(AR55:AU55) -> 17 | AX55: =IF(AV55=31,20,IF(AV55>=25,10)) -> FALSE
A56: =#REF!*#REF!+#REF!*#REF! -> #REF! | B56: =IF(#REF!>15,40,IF(#REF!>12,35,IF(#REF!>9,30,25))) -> #REF! | C56: B | D56: =IF(C56="A",60,IF(C56="B",50,IF(C56="C",45,40))) -> 50 | E56: =D56+B56 -> #REF! | F56: =IF(E56>94,"A",IF(E56>80,"B",IF(E56>69,"C","D"))) -> #REF! | G56: =('[8]LÁT A'!N38+'[8]LÁT D'!N38+'[8]LÁT C'!N38+'[8]LÁT B'!N38)*0.4+'[8]MỦ DÂY'!AH38*0.5 -> 0 | H56: =G56*IF(F56="A",#REF!,IF(F56="B",#REF!,IF(F56="C",#REF!,#REF!))) -> #REF! | I56: =A56+H56 -> #REF! | J56: 43 | K56: 6 | L56: Thảo Bênh | Z56: X | AA56: X | AB56: X | AC56: X | AD56: X | AE56: X | AF56: CN | AG56: X | AH56: X | AI56: X | AJ56: X | AK56: X | AL56: X | AM56: CN | AN56: X | AO56: X | AP56: X | AR56: =COUNTIF(M56:AQ56,"X") -> 15 | AS56: =+COUNTIF(M56:AQ56,"CN") -> 2 | AT56: =COUNTIF(M56:AQ56,"X1") -> 0 | AU56: =+COUNTIF(M56:AQ56,"CN1") -> 0 | AV56: =+SUM(AR56:AU56) -> 17 | AX56: =IF(AV56=31,20,IF(AV56>=25,10)) -> FALSE
J57: 44 | K57: 7 | L57: Thảo Đinh | Q57: X | R57: CN | T57: X | U57: X | V57: X | W57: X | X57: X | Y57: CN | AA57: X | AB57: X | AC57: X | AD57: X | AE57: X | AF57: CN | AG57: X | AH57: X | AI57: X | AJ57: X | AK57: X | AL57: X | AM57: CN | AN57: X | AO57: X | AP57: X | AR57: =COUNTIF(M57:AQ57,"X") -> 20 | AS57: =+COUNTIF(M57:AQ57,"CN") -> 4 | AT57: =COUNTIF(M57:AQ57,"X1") -> 0 | AU57: =+COUNTIF(M57:AQ57,"CN1") -> 0 | AV57: =+SUM(AR57:AU57) -> 24
J58: 45 | K58: 8 | L58: Thảo Vi | S58: X | T58: X | AB58: X | AC58: X | AD58: X | AE58: X | AF58: CN | AG58: X | AH58: X | AI58: X | AJ58: X | AK58: X | AL58: X | AN58: X | AO58: X | AP58: X | AR58: =COUNTIF(M58:AQ58,"X") -> 15 | AS58: =+COUNTIF(M58:AQ58,"CN") -> 1 | AT58: =COUNTIF(M58:AQ58,"X1") -> 0 | AU58: =+COUNTIF(M58:AQ58,"CN1") -> 0 | AV58: =+SUM(AR58:AU58) -> 16
A59: =#REF!*#REF!+#REF!*#REF! -> #REF! | B59: =IF(#REF!>15,40,IF(#REF!>12,35,IF(#REF!>9,30,25))) -> #REF! | C59: B | D59: =IF(C59="A",60,IF(C59="B",50,IF(C59="C",45,40))) -> 50 | E59: =D59+B59 -> #REF! | F59: =IF(E59>94,"A",IF(E59>80,"B",IF(E59>69,"C","D"))) -> #REF! | G59: =('[8]LÁT A'!N39+'[8]LÁT D'!N39+'[8]LÁT C'!N39+'[8]LÁT B'!N39)*0.4+'[8]MỦ DÂY'!AH39*0.5 -> 16 | H59: =G59*IF(F59="A",#REF!,IF(F59="B",#REF!,IF(F59="C",#REF!,#REF!))) -> #REF! | I59: =A59+H59 -> #REF! | J59: 46 | K59: 9 | L59: Thảo Văn | T59: X | U59: X | V59: X | W59: X | X59: X | Y59: CN | Z59: X | AA59: X | AB59: X | AC59: X | AD59: X | AE59: X | AF59: CN | AG59: X | AH59: X | AI59: X | AJ59: X | AK59: X | AL59: X | AN59: X | AO59: X | AP59: X | AR59: =COUNTIF(M59:AQ59,"X") -> 20 | AS59: =+COUNTIF(M59:AQ59,"CN") -> 2 | AT59: =COUNTIF(M59:AQ59,"X1") -> 0 | AU59: =+COUNTIF(M59:AQ59,"CN1") -> 0 | AV59: =+SUM(AR59:AU59) -> 22 | AX59: =IF(AV59=31,20,IF(AV59>=25,10)) -> FALSE
A60: =#REF!*#REF!+#REF!*#REF! -> #REF! | B60: =IF(#REF!>15,40,IF(#REF!>12,35,IF(#REF!>9,30,25))) -> #REF! | C60: B | D60: =IF(C60="A",60,IF(C60="B",50,IF(C60="C",45,40))) -> 50 | E60: =D60+B60 -> #REF! | F60: =IF(E60>94,"A",IF(E60>80,"B",IF(E60>69,"C","D"))) -> #REF! | G60: =('[8]LÁT A'!N40+'[8]LÁT D'!N40+'[8]LÁT C'!N40+'[8]LÁT B'!N40)*0.4+'[8]MỦ DÂY'!AH40*0.5 -> 0 | H60: =G60*IF(F60="A",#REF!,IF(F60="B",#REF!,IF(F60="C",#REF!,#REF!))) -> #REF! | I60: =A60+H60 -> #REF! | J60: 47 | K60: 10 | L60: Nàng Phìn | V60: X | W60: X | X60: X | Y60: CN | AA60: X | AB60: X | AC60: X | AD60: X | AE60: X | AF60: CN | AG60: X | AH60: X | AI60: X | AJ60: X | AK60: X | AL60: X | AN60: X | AO60: X | AP60: X | AR60: =COUNTIF(M60:AQ60,"X") -> 17 | AS60: =+COUNTIF(M60:AQ60,"CN") -> 2 | AT60: =COUNTIF(M60:AQ60,"X1") -> 0 | AU60: =+COUNTIF(M60:AQ60,"CN1") -> 0 | AV60: =+SUM(AR60:AU60) -> 19 | AX60: =IF(AV60=31,20,IF(AV60>=25,10)) -> FALSE
A61: =#REF!*#REF!+#REF!*#REF! -> #REF! | B61: =IF(#REF!>15,40,IF(#REF!>12,35,IF(#REF!>9,30,25))) -> #REF! | C61: B | D61: =IF(C61="A",60,IF(C61="B",50,IF(C61="C",45,40))) -> 50 | E61: =D61+B61 -> #REF! | F61: =IF(E61>94,"A",IF(E61>80,"B",IF(E61>69,"C","D"))) -> #REF! | G61: =('[8]LÁT A'!N41+'[8]LÁT D'!N41+'[8]LÁT C'!N41+'[8]LÁT B'!N41)*0.4+'[8]MỦ DÂY'!AH41*0.5 -> 0 | H61: =G61*IF(F61="A",#REF!,IF(F61="B",#REF!,IF(F61="C",#REF!,#REF!))) -> #REF! | I61: =A61+H61 -> #REF! | J61: 48 | K61: 11 | L61: Mẹ Sột | V61: X | W61: X | X61: X | Y61: CN | AA61: X | AB61: X | AC61: X | AD61: X | AE61: X | AF61: CN | AG61: X | AH61: X | AI61: X | AJ61: X | AK61: X | AL61: X | AN61: X | AO61: X | AP61: X | AR61: =COUNTIF(M61:AQ61,"X") -> 17 | AS61: =+COUNTIF(M61:AQ61,"CN") -> 2 | AT61: =COUNTIF(M61:AQ61,"X1") -> 0 | AU61: =+COUNTIF(M61:AQ61,"CN1") -> 0 | AV61: =+SUM(AR61:AU61) -> 19 | AX61: =IF(AV61=31,20,IF(AV61>=25,10)) -> FALSE
A62: =#REF!*#REF!+#REF!*#REF! -> #REF! | B62: =IF(#REF!>15,40,IF(#REF!>12,35,IF(#REF!>9,30,25))) -> #REF! | C62: B | D62: =IF(C62="A",60,IF(C62="B",50,IF(C62="C",45,40))) -> 50 | E62: =D62+B62 -> #REF! | F62: =IF(E62>94,"A",IF(E62>80,"B",IF(E62>69,"C","D"))) -> #REF! | G62: =('[8]LÁT A'!N42+'[8]LÁT D'!N42+'[8]LÁT C'!N42+'[8]LÁT B'!N42)*0.4+'[8]MỦ DÂY'!AH42*0.5 -> 0 | H62: =G62*IF(F62="A",#REF!,IF(F62="B",#REF!,IF(F62="C",#REF!,#REF!))) -> #REF! | I62: =A62+H62 -> #REF! | J62: 49 | K62: 12 | L62: Nàng Heo | S62: X | T62: X | AB62: X | AC62: X | AD62: X | AE62: X | AF62: CN | AG62: X | AH62: X | AI62: X | AJ62: X | AK62: X | AL62: X | AN62: X | AO62: X | AP62: X | AR62: =COUNTIF(M62:AQ62,"X") -> 15 | AS62: =+COUNTIF(M62:AQ62,"CN") -> 1 | AT62: =COUNTIF(M62:AQ62,"X1") -> 0 | AU62: =+COUNTIF(M62:AQ62,"CN1") -> 0 | AV62: =+SUM(AR62:AU62) -> 16 | AX62: =IF(AV62=31,20,IF(AV62>=25,10)) -> FALSE
A63: =#REF!*#REF!+#REF!*#REF! -> #REF! | B63: =IF(#REF!>15,40,IF(#REF!>12,35,IF(#REF!>9,30,25))) -> #REF! | C63: B | D63: =IF(C63="A",60,IF(C63="B",50,IF(C63="C",45,40))) -> 50 | E63: =D63+B63 -> #REF! | F63: =IF(E63>94,"A",IF(E63>80,"B",IF(E63>69,"C","D"))) -> #REF! | G63: =('[8]LÁT A'!N43+'[8]LÁT D'!N43+'[8]LÁT C'!N43+'[8]LÁT B'!N43)*0.4+'[8]MỦ DÂY'!AH43*0.5 -> 22.4 | H63: =G63*IF(F63="A",#REF!,IF(F63="B",#REF!,IF(F63="C",#REF!,#REF!))) -> #REF! | I63: =A63+H63 -> #REF! | J63: 50 | K63: 13 | L63: Thảo Chăn Ti | AB63: X | AC63: X | AD63: X | AE63: X | AF63: CN | AG63: X | AH63: X | AI63: X | AJ63: X | AK63: X | AL63: X | AO63: X | AP63: X | AR63: =COUNTIF(M63:AQ63,"X") -> 12 | AS63: =+COUNTIF(M63:AQ63,"CN") -> 1 | AT63: =COUNTIF(M63:AQ63,"X1") -> 0 | AU63: =+COUNTIF(M63:AQ63,"CN1") -> 0 | AV63: =+SUM(AR63:AU63) -> 13 | AX63: =IF(AV63=31,20,IF(AV63>=25,10)) -> FALSE
A64: =#REF!*#REF!+#REF!*#REF! -> #REF! | J64: 51 | K64: 14 | L64: Nàng Ve | W64: X | X64: X | Y64: CN | AA64: X | AB64: X | AC64: X | AD64: X | AE64: X | AF64: CN | AG64: X | AH64: X | AI64: X | AJ64: X | AK64: X | AL64: X | AN64: X | AO64: X | AP64: X | AR64: =COUNTIF(M64:AQ64,"X") -> 16 | AS64: =+COUNTIF(M64:AQ64,"CN") -> 2 | AT64: =COUNTIF(M64:AQ64,"X1") -> 0 | AU64: =+COUNTIF(M64:AQ64,"CN1") -> 0 | AV64: =+SUM(AR64:AU64) -> 18 | AX64: =IF(AV64=31,20,IF(AV64>=25,10)) -> FALSE
J65: 52 | K65: 15 | L65: Nàng Phết | AB65: X | AC65: X | AD65: X | AE65: X | AF65: CN | AG65: X | AH65: X | AI65: X | AJ65: X | AK65: X | AL65: X | AO65: X | AP65: X | AR65: =COUNTIF(M65:AQ65,"X") -> 12 | AS65: =+COUNTIF(M65:AQ65,"CN") -> 1 | AT65: =COUNTIF(M65:AQ65,"X1") -> 0 | AU65: =+COUNTIF(M65:AQ65,"CN1") -> 0 | AV65: =+SUM(AR65:AU65) -> 13 | AX65: =IF(AV65=31,20,IF(AV65>=25,10)) -> FALSE
J66: 53 | K66: 16 | L66: Thảo On | AL66: X1 | AN66: X1 | AO66: X1 | AP66: X1 | AR66: =COUNTIF(M66:AQ66,"X") -> 0 | AS66: =+COUNTIF(M66:AQ66,"CN") -> 0 | AT66: =COUNTIF(M66:AQ66,"X1") -> 4 | AU66: =+COUNTIF(M66:AQ66,"CN1") -> 0 | AV66: =+SUM(AR66:AU66) -> 4
J67: 54 | K67: 17 | L67: Thảo Sum | AL67: X1 | AN67: X1 | AO67: X1 | AP67: X1 | AR67: =COUNTIF(M67:AQ67,"X") -> 0 | AS67: =+COUNTIF(M67:AQ67,"CN") -> 0 | AT67: =COUNTIF(M67:AQ67,"X1") -> 4 | AU67: =+COUNTIF(M67:AQ67,"CN1") -> 0 | AV67: =+SUM(AR67:AU67) -> 4
J68: 55 | K68: 18 | L68: Cha La | AL68: X1 | AN68: X1 | AO68: X1 | AP68: X1 | AR68: =COUNTIF(M68:AQ68,"X") -> 0 | AS68: =+COUNTIF(M68:AQ68,"CN") -> 0 | AT68: =COUNTIF(M68:AQ68,"X1") -> 4 | AU68: =+COUNTIF(M68:AQ68,"CN1") -> 0 | AV68: =+SUM(AR68:AU68) -> 4
J69: 56 | K69: 19 | L69: Nàng Binh | AO69: X1 | AP69: X1 | AR69: =COUNTIF(M69:AQ69,"X") -> 0 | AS69: =+COUNTIF(M69:AQ69,"CN") -> 0 | AT69: =COUNTIF(M69:AQ69,"X1") -> 2 | AU69: =+COUNTIF(M69:AQ69,"CN1") -> 0 | AV69: =+SUM(AR69:AU69) -> 2
B70: =IF(#REF!>15,40,IF(#REF!>12,35,IF(#REF!>9,30,25))) -> #REF! | C70: B | D70: =IF(C70="A",60,IF(C70="B",50,IF(C70="C",45,40))) -> 50 | E70: =D70+B70 -> #REF! | F70: =IF(E70>94,"A",IF(E70>80,"B",IF(E70>69,"C","D"))) -> #REF! | G70: =('[8]LÁT A'!N44+'[8]LÁT D'!N44+'[8]LÁT C'!N44+'[8]LÁT B'!N44)*0.4+'[8]MỦ DÂY'!AH44*0.5 -> 24 | H70: =G70*IF(F70="A",#REF!,IF(F70="B",#REF!,IF(F70="C",#REF!,#REF!))) -> #REF! | I70: =A70+H70 -> #REF! | J70: C | K70: TỔ 3 | M70: =COUNTIF(M71:M86,"X")+COUNTIF(M71:M86,"CN") -> 0 | N70: =COUNTIF(N71:N86,"X")+COUNTIF(N71:N86,"CN") -> 0 | O70: =COUNTIF(O71:O86,"X")+COUNTIF(O71:O86,"CN") -> 0 | P70: =COUNTIF(P71:P86,"X")+COUNTIF(P71:P86,"CN") -> 0 | Q70: =COUNTIF(Q71:Q86,"X")+COUNTIF(Q71:Q86,"CN") -> 6 | R70: =COUNTIF(R71:R86,"X")+COUNTIF(R71:R86,"CN") -> 7 | S70: =COUNTIF(S71:S86,"X")+COUNTIF(S71:S86,"CN") -> 7 | T70: =COUNTIF(T71:T86,"X")+COUNTIF(T71:T86,"CN") -> 7 | ... AP70: =COUNTIF(AP71:AP86,"X")+COUNTIF(AP71:AP86,"CN") -> 11 | AR70: =SUM(AR71:AR86) -> 191 | AS70: =SUM(AS71:AS86) -> 33 | AT70: =SUM(AT71:AT86) -> 0 | AU70: =SUM(AU71:AU86) -> 0 | AV70: =SUM(AV71:AV86) -> 224 | AX70: =SUM(AX71:AX86) -> 0
B71: =IF(#REF!>15,40,IF(#REF!>12,35,IF(#REF!>9,30,25))) -> #REF! | C71: B | D71: =IF(C71="A",60,IF(C71="B",50,IF(C71="C",45,40))) -> 50 | E71: =D71+B71 -> #REF! | F71: =IF(E71>94,"A",IF(E71>80,"B",IF(E71>69,"C","D"))) -> #REF! | G71: =('[8]LÁT A'!N45+'[8]LÁT D'!N45+'[8]LÁT C'!N45+'[8]LÁT B'!N45)*0.4+'[8]MỦ DÂY'!AH45*0.5 -> 0 | H71: =G71*IF(F71="A",#REF!,IF(F71="B",#REF!,IF(F71="C",#REF!,#REF!))) -> #REF! | I71: =A71+H71 -> #REF! | J71: 57 | K71: 1 | L71: Thảo Bun | Q71: X | R71: CN | S71: X | T71: X | U71: X | V71: X | W71: X | Y71: CN | AB71: X | AC71: X | AD71: X | AE71: X | AF71: CN | AG71: X | AH71: X | AI71: X | AJ71: X | AK71: X | AL71: X | AM71: CN | AN71: X | AO71: X | AP71: X | AR71: =COUNTIF(M71:AQ71,"X") -> 19 | AS71: =+COUNTIF(M71:AQ71,"CN") -> 4 | AT71: =COUNTIF(Q71:AQ71,"X1") -> 0 | AU71: =+COUNTIF(Q71:AS71,"CN1") -> 0 | AV71: =+SUM(AR71:AS71) -> 23 | AX71: =IF(AV71=31,20,IF(AV71>=25,10)) -> FALSE
A72: =#REF!*#REF!+#REF!*#REF! -> #REF! | B72: =IF(#REF!>15,40,IF(#REF!>12,35,IF(#REF!>9,30,25))) -> #REF! | C72: B | D72: =IF(C72="A",60,IF(C72="B",50,IF(C72="C",45,40))) -> 50 | E72: =D72+B72 -> #REF! | F72: =IF(E72>94,"A",IF(E72>80,"B",IF(E72>69,"C","D"))) -> #REF! | G72: =('[8]LÁT A'!N46+'[8]LÁT D'!N46+'[8]LÁT C'!N46+'[8]LÁT B'!N46)*0.4+'[8]MỦ DÂY'!AH46*0.5 -> 19.2 | H72: =G72*IF(F72="A",#REF!,IF(F72="B",#REF!,IF(F72="C",#REF!,#REF!))) -> #REF! | I72: =A72+H72 -> #REF! | J72: 58 | K72: 2 | L72: Thảo Nga | Q72: X | R72: CN | S72: X | T72: X | U72: X | V72: X | W72: X | AE72: X | AF72: CN | AG72: X | AH72: X | AI72: X | AJ72: X | AL72: X | AM72: CN | AN72: X | AO72: X | AP72: X | AR72: =COUNTIF(M72:AQ72,"X") -> 15 | AS72: =+COUNTIF(M72:AQ72,"CN") -> 3 | AT72: =COUNTIF(Q72:AQ72,"X1") -> 0 | AU72: =+COUNTIF(Q72:AS72,"CN1") -> 0 | AV72: =+SUM(AR72:AS72) -> 18 | AX72: =IF(AV72=31,20,IF(AV72>=25,10)) -> FALSE
A73: =#REF!*#REF!+#REF!*#REF! -> #REF! | B73: =IF(#REF!>15,40,IF(#REF!>12,35,IF(#REF!>9,30,25))) -> #REF! | C73: B | D73: =IF(C73="A",60,IF(C73="B",50,IF(C73="C",45,40))) -> 50 | E73: =D73+B73 -> #REF! | F73: =IF(E73>94,"A",IF(E73>80,"B",IF(E73>69,"C","D"))) -> #REF! | G73: =('[8]LÁT A'!N47+'[8]LÁT D'!N47+'[8]LÁT C'!N47+'[8]LÁT B'!N47)*0.4+'[8]MỦ DÂY'!AH47*0.5 -> 0 | H73: =G73*IF(F73="A",#REF!,IF(F73="B",#REF!,IF(F73="C",#REF!,#REF!))) -> #REF! | I73: =A73+H73 -> #REF! | J73: 59 | K73: 3 | L73: Thảo Tia | Q73: X | R73: CN | S73: X | T73: X | U73: X | V73: X | W73: X | AE73: X | AF73: CN | AG73: X | AH73: X | AI73: X | AJ73: X | AK73: X | AL73: X | AM73: CN | AN73: X | AO73: X | AP73: X | AR73: =COUNTIF(M73:AQ73,"X") -> 16 | AS73: =+COUNTIF(M73:AQ73,"CN") -> 3 | AT73: =COUNTIF(Q73:AQ73,"X1") -> 0 | AU73: =+COUNTIF(Q73:AS73,"CN1") -> 0 | AV73: =+SUM(AR73:AS73) -> 19 | AX73: =IF(AV73=31,20,IF(AV73>=25,10)) -> FALSE
A74: =#REF!*#REF!+#REF!*#REF! -> #REF! | B74: =IF(#REF!>15,40,IF(#REF!>12,35,IF(#REF!>9,30,25))) -> #REF! | C74: B | D74: =IF(C74="A",60,IF(C74="B",50,IF(C74="C",45,40))) -> 50 | E74: =D74+B74 -> #REF! | F74: =IF(E74>94,"A",IF(E74>80,"B",IF(E74>69,"C","D"))) -> #REF! | G74: =('[8]LÁT A'!N48+'[8]LÁT D'!N48+'[8]LÁT C'!N48+'[8]LÁT B'!N48)*0.4+'[8]MỦ DÂY'!AH48*0.5 -> 16 | H74: =G74*IF(F74="A",#REF!,IF(F74="B",#REF!,IF(F74="C",#REF!,#REF!))) -> #REF! | I74: =A74+H74 -> #REF! | J74: 60 | K74: 4 | L74: Thảo Nuy | R74: CN | S74: X | T74: X | U74: X | V74: X | W74: X | AE74: X | AF74: CN | AG74: X | AH74: X | AI74: X | AJ74: X | AK74: X | AL74: X | AM74: CN | AN74: X | AO74: X | AP74: X | AR74: =COUNTIF(M74:AQ74,"X") -> 15 | AS74: =+COUNTIF(M74:AQ74,"CN") -> 3 | AT74: =COUNTIF(Q74:AQ74,"X1") -> 0 | AU74: =+COUNTIF(Q74:AS74,"CN1") -> 0 | AV74: =+SUM(AR74:AS74) -> 18 | AX74: =IF(AV74=31,20,IF(AV74>=25,10)) -> FALSE
A75: =#REF!*#REF!+#REF!*#REF! -> #REF! | B75: =IF(#REF!>15,40,IF(#REF!>12,35,IF(#REF!>9,30,25))) -> #REF! | C75: B | D75: =IF(C75="A",60,IF(C75="B",50,IF(C75="C",45,40))) -> 50 | E75: =D75+B75 -> #REF! | F75: =IF(E75>94,"A",IF(E75>80,"B",IF(E75>69,"C","D"))) -> #REF! | G75: =('[8]LÁT A'!N49+'[8]LÁT D'!N49+'[8]LÁT C'!N49+'[8]LÁT B'!N49)*0.4+'[8]MỦ DÂY'!AH49*0.5 -> 0 | H75: =G75*IF(F75="A",#REF!,IF(F75="B",#REF!,IF(F75="C",#REF!,#REF!))) -> #REF! | I75: =A75+H75 -> #REF! | J75: 61 | K75: 5 | L75: Thảo Xay | AA75: X | AB75: X | AF75: CN | AG75: X | AH75: X | AI75: X | AJ75: X | AK75: X | AL75: X | AM75: CN | AN75: X | AO75: X | AR75: =COUNTIF(M75:AQ75,"X") -> 10 | AS75: =+COUNTIF(M75:AQ75,"CN") -> 2 | AT75: =COUNTIF(Q75:AQ75,"X1") -> 0 | AU75: =+COUNTIF(Q75:AS75,"CN1") -> 0 | AV75: =+SUM(AR75:AS75) -> 12 | AX75: =IF(AV75=31,20,IF(AV75>=25,10)) -> FALSE
A76: =#REF!*#REF!+#REF!*#REF! -> #REF! | B76: =IF(#REF!>15,40,IF(#REF!>12,35,IF(#REF!>9,30,25))) -> #REF! | C76: B | D76: =IF(C76="A",60,IF(C76="B",50,IF(C76="C",45,40))) -> 50 | E76: =D76+B76 -> #REF! | F76: =IF(E76>94,"A",IF(E76>80,"B",IF(E76>69,"C","D"))) -> #REF! | G76: =('[8]LÁT A'!N50+'[8]LÁT D'!N50+'[8]LÁT C'!N50+'[8]LÁT B'!N50)*0.4+'[8]MỦ DÂY'!AH50*0.5 -> 17.6 | H76: =G76*IF(F76="A",#REF!,IF(F76="B",#REF!,IF(F76="C",#REF!,#REF!))) -> #REF! | I76: =A76+H76 -> #REF! | J76: 62 | K76: 6 | L76: Nàng Nọi | AA76: X | AG76: X | AH76: X | AI76: X | AJ76: X | AK76: X | AL76: X | AM76: CN | AN76: X | AO76: X | AP76: X | AR76: =COUNTIF(M76:AQ76,"X") -> 10 | AS76: =+COUNTIF(M76:AQ76,"CN") -> 1 | AT76: =COUNTIF(Q76:AQ76,"X1") -> 0 | AU76: =+COUNTIF(Q76:AS76,"CN1") -> 0 | AV76: =+SUM(AR76:AS76) -> 11 | AX76: =IF(AV76=31,20,IF(AV76>=25,10)) -> FALSE
A77: =#REF!*#REF!+#REF!*#REF! -> #REF! | B77: =IF(#REF!>15,40,IF(#REF!>12,35,IF(#REF!>9,30,25))) -> #REF! | C77: B | D77: =IF(C77="A",60,IF(C77="B",50,IF(C77="C",45,40))) -> 50 | E77: =D77+B77 -> #REF! | F77: =IF(E77>94,"A",IF(E77>80,"B",IF(E77>69,"C","D"))) -> #REF! | G77: =('[8]LÁT A'!N51+'[8]LÁT D'!N51+'[8]LÁT C'!N51+'[8]LÁT B'!N51)*0.4+'[8]MỦ DÂY'!AH51*0.5 -> 0 | H77: =G77*IF(F77="A",#REF!,IF(F77="B",#REF!,IF(F77="C",#REF!,#REF!))) -> #REF! | I77: =A77+H77 -> #REF! | J77: 63 | K77: 7 | L77: Thảo Khon | R77: CN | S77: X | T77: X | U77: X | V77: X | W77: X | AE77: X | AF77: CN | AG77: X | AH77: X | AI77: X | AJ77: X | AK77: X | AL77: X | AM77: CN | AN77: X | AO77: X | AP77: X | AR77: =COUNTIF(M77:AQ77,"X") -> 15 | AS77: =+COUNTIF(M77:AQ77,"CN") -> 3 | AT77: =COUNTIF(Q77:AQ77,"X1") -> 0 | AU77: =+COUNTIF(Q77:AS77,"CN1") -> 0 | AV77: =+SUM(AR77:AS77) -> 18 | AX77: =IF(AV77=31,20,IF(AV77>=25,10)) -> FALSE
A78: =#REF!*#REF!+#REF!*#REF! -> #REF! | B78: =IF(#REF!>15,40,IF(#REF!>12,35,IF(#REF!>9,30,25))) -> #REF! | C78: B | D78: =IF(C78="A",60,IF(C78="B",50,IF(C78="C",45,40))) -> 50 | E78: =D78+B78 -> #REF! | F78: =IF(E78>94,"A",IF(E78>80,"B",IF(E78>69,"C","D"))) -> #REF! | G78: =('[8]LÁT A'!N52+'[8]LÁT D'!N52+'[8]LÁT C'!N52+'[8]LÁT B'!N52)*0.4+'[8]MỦ DÂY'!AH52*0.5 -> 0 | H78: =G78*IF(F78="A",#REF!,IF(F78="B",#REF!,IF(F78="C",#REF!,#REF!))) -> #REF! | I78: =A78+H78 -> #REF! | J78: 64 | K78: 8 | L78: Thảo Tưng | AA78: X | AB78: X | AC78: X | AD78: X | AE78: X | AF78: CN | AG78: X | AH78: X | AI78: X | AJ78: X | AK78: X | AL78: X | AN78: X | AO78: X | AP78: X | AR78: =COUNTIF(M78:AQ78,"X") -> 14 | AS78: =+COUNTIF(M78:AQ78,"CN") -> 1 | AT78: =COUNTIF(Q78:AQ78,"X1") -> 0 | AU78: =+COUNTIF(Q78:AS78,"CN1") -> 0 | AV78: =+SUM(AR78:AS78) -> 15 | AX78: =IF(AV78=31,20,IF(AV78>=25,10)) -> FALSE
A79: =#REF!*#REF!+#REF!*#REF! -> #REF! | B79: =IF(#REF!>15,40,IF(#REF!>12,35,IF(#REF!>9,30,25))) -> #REF! | C79: B | D79: =IF(C79="A",60,IF(C79="B",50,IF(C79="C",45,40))) -> 50 | E79: =D79+B79 -> #REF! | F79: =IF(E79>94,"A",IF(E79>80,"B",IF(E79>69,"C","D"))) -> #REF! | G79: =('[8]LÁT A'!N53+'[8]LÁT D'!N53+'[8]LÁT C'!N53+'[8]LÁT B'!N53)*0.4+'[8]MỦ DÂY'!AH53*0.5 -> 0 | H79: =G79*IF(F79="A",#REF!,IF(F79="B",#REF!,IF(F79="C",#REF!,#REF!))) -> #REF! | I79: =A79+H79 -> #REF! | J79: 65 | K79: 9 | L79: Thảo Bắt | R79: CN | S79: X | T79: X | U79: X | V79: X | W79: X | AB79: X | AC79: X | AD79: X | AE79: X | AF79: CN | AG79: X | AH79: X | AI79: X | AJ79: X | AK79: X | AL79: X | AM79: CN | AN79: X | AO79: X | AP79: X | AR79: =COUNTIF(M79:AQ79,"X") -> 18 | AS79: =+COUNTIF(M79:AQ79,"CN") -> 3 | AT79: =COUNTIF(Q79:AQ79,"X1") -> 0 | AU79: =+COUNTIF(Q79:AS79,"CN1") -> 0 | AV79: =+SUM(AR79:AS79) -> 21 | AX79: =IF(AV79=31,20,IF(AV79>=25,10)) -> FALSE
A80: =#REF!*#REF!+#REF!*#REF! -> #REF! | B80: =IF(#REF!>15,40,IF(#REF!>12,35,IF(#REF!>9,30,25))) -> #REF! | C80: B | D80: =IF(C80="A",60,IF(C80="B",50,IF(C80="C",45,40))) -> 50 | E80: =D80+B80 -> #REF! | F80: =IF(E80>94,"A",IF(E80>80,"B",IF(E80>69,"C","D"))) -> #REF! | G80: =('[8]LÁT A'!N54+'[8]LÁT D'!N54+'[8]LÁT C'!N54+'[8]LÁT B'!N54)*0.4+'[8]MỦ DÂY'!AH54*0.5 -> 0 | H80: =G80*IF(F80="A",#REF!,IF(F80="B",#REF!,IF(F80="C",#REF!,#REF!))) -> #REF! | I80: =A80+H80 -> #REF! | J80: 66 | K80: 10 | L80: Thảo Lay | AR80: =COUNTIF(M80:AQ80,"X") -> 0 | AS80: =+COUNTIF(M80:AQ80,"CN") -> 0 | AT80: =COUNTIF(Q80:AQ80,"X1") -> 0 | AU80: =+COUNTIF(Q80:AS80,"CN1") -> 0 | AV80: =+SUM(AR80:AS80) -> 0
A81: =#REF!*#REF!+#REF!*#REF! -> #REF! | B81: =IF(#REF!>15,40,IF(#REF!>12,35,IF(#REF!>9,30,25))) -> #REF! | C81: B | D81: =IF(C81="A",60,IF(C81="B",50,IF(C81="C",45,40))) -> 50 | E81: =D81+B81 -> #REF! | F81: =IF(E81>94,"A",IF(E81>80,"B",IF(E81>69,"C","D"))) -> #REF! | G81: =('[8]LÁT A'!N55+'[8]LÁT D'!N55+'[8]LÁT C'!N55+'[8]LÁT B'!N55)*0.4+'[8]MỦ DÂY'!AH55*0.5 -> 0 | H81: =G81*IF(F81="A",#REF!,IF(F81="B",#REF!,IF(F81="C",#REF!,#REF!))) -> #REF! | I81: =A81+H81 -> #REF! | J81: 67 | K81: 11 | L81: Thảo Chăn | V81: X | W81: X | X81: X | AC81: X | AD81: X | AE81: X | AF81: CN | AG81: X | AH81: X | AI81: X | AL81: X | AM81: CN | AN81: X | AO81: X | AP81: X | AR81: =COUNTIF(M81:AQ81,"X") -> 13 | AS81: =+COUNTIF(M81:AQ81,"CN") -> 2 | AT81: =COUNTIF(Q81:AQ81,"X1") -> 0 | AU81: =+COUNTIF(Q81:AS81,"CN1") -> 0 | AV81: =+SUM(AR81:AS81) -> 15
A82: =#REF!*#REF!+#REF!*#REF! -> #REF! | J82: 68 | K82: 12 | L82: Thảo Lăm Ma | AP82: X | AR82: =COUNTIF(M82:AQ82,"X") -> 1 | AS82: =+COUNTIF(M82:AQ82,"CN") -> 0 | AT82: =COUNTIF(Q82:AQ82,"X1") -> 0 | AU82: =+COUNTIF(Q82:AS82,"CN1") -> 0 | AV82: =+SUM(AR82:AS82) -> 1
A83: =#REF!*#REF!+#REF!*#REF! -> #REF! | J83: 69 | K83: 13 | L83: Phò Đăm | Q83: X | W83: X | X83: X | AA83: X | AC83: X | AD83: X | AE83: X | AF83: CN | AG83: X | AH83: X | AI83: X | AJ83: X | AK83: X | AL83: X | AM83: CN | AN83: X | AO83: X | AR83: =COUNTIF(M83:AQ83,"X") -> 15 | AS83: =+COUNTIF(M83:AQ83,"CN") -> 2 | AT83: =COUNTIF(Q83:AQ83,"X1") -> 0 | AU83: =+COUNTIF(Q83:AS83,"CN1") -> 0 | AV83: =+SUM(AR83:AS83) -> 17
A84: =#REF!*#REF!+#REF!*#REF! -> #REF! | B84: =IF(#REF!>15,40,IF(#REF!>12,35,IF(#REF!>9,30,25))) -> #REF! | C84: B | D84: =IF(C84="A",60,IF(C84="B",50,IF(C84="C",45,40))) -> 50 | E84: =D84+B84 -> #REF! | F84: =IF(E84>94,"A",IF(E84>80,"B",IF(E84>69,"C","D"))) -> #REF! | G84: =('[8]LÁT A'!N56+'[8]LÁT D'!N56+'[8]LÁT C'!N56+'[8]LÁT B'!N56)*0.4+'[8]MỦ DÂY'!AH56*0.5 -> 20.8 | H84: =G84*IF(F84="A",#REF!,IF(F84="B",#REF!,IF(F84="C",#REF!,#REF!))) -> #REF! | I84: =A84+H84 -> #REF! | J84: 70 | K84: 14 | L84: Thảo Đăm Đi | AO84: X | AR84: =COUNTIF(M84:AQ84,"X") -> 1 | AS84: =+COUNTIF(M84:AQ84,"CN") -> 0 | AT84: =COUNTIF(Q84:AQ84,"X1") -> 0 | AU84: =+COUNTIF(Q84:AS84,"CN1") -> 0 | AV84: =+SUM(AR84:AS84) -> 1
J85: 71 | K85: 15 | L85: Thảo Khên | Q85: X | X85: X | AC85: X | AD85: X | AE85: X | AF85: CN | AG85: X | AH85: X | AI85: X | AK85: X | AL85: X | AM85: CN | AN85: X | AO85: X | AP85: X | AR85: =COUNTIF(M85:AQ85,"X") -> 13 | AS85: =+COUNTIF(M85:AQ85,"CN") -> 2 | AT85: =COUNTIF(Q85:AQ85,"X1") -> 0 | AU85: =+COUNTIF(Q85:AS85,"CN1") -> 0 | AV85: =+SUM(AR85:AS85) -> 15
A86: =#REF!*#REF!+#REF!*#REF! -> #REF! | B86: =SUM(B13:B84) -> #REF! | C86: =SUM(C13:C84) -> 0 | D86: =SUM(D13:D84) -> 2250 | E86: =SUM(E13:E84) -> #REF! | F86: =SUM(F13:F84) -> #REF! | G86: =SUM(G13:G84) -> 494.4 | H86: =SUM(H13:H84) -> #REF! | I86: =SUM(I13:I84) -> #REF! | J86: 72 | K86: 16 | L86: Thảo Đăm | Q86: X | R86: CN | S86: X | T86: X | U86: X | V86: X | W86: X | X86: X | Y86: CN | AE86: X | AF86: CN | AG86: X | AH86: X | AI86: X | AJ86: X | AK86: X | AL86: X | AM86: CN | AN86: X | AO86: X | AR86: =COUNTIF(M86:AQ86,"X") -> 16 | AS86: =+COUNTIF(M86:AQ86,"CN") -> 4 | AT86: =COUNTIF(Q86:AQ86,"X1") -> 0 | AU86: =+COUNTIF(Q86:AS86,"CN1") -> 0 | AV86: =+SUM(AR86:AS86) -> 20
A87: =#REF!*#REF!+#REF!*#REF! -> #REF! | J87: Tổng | M87: =+M70+M50+M12 -> 0 | N87: =+N70+N50+N12 -> 0 | O87: =+O70+O50+O12 -> 0 | P87: =+P70+P50+P12 -> 0 | Q87: =+Q70+Q50+Q12 -> 18 | R87: =+R70+R50+R12 -> 21 | S87: =+S70+S50+S12 -> 19 | T87: =+T70+T50+T12 -> 26 | ... AP87: =+AP70+AP50+AP12 -> 67 | AR87: =+AR70+AR50+AR12 -> 954 | AS87: =+AS70+AS50+AS12 -> 168 | AT87: =+AT70+AT50+AT12 -> 19 | AU87: =+AU70+AU50+AU12 -> 1 | AV87: =+AV70+AV50+AV12 -> 1142 | AX87: =+AX70+AX50+AX12 -> 0
A88: =SUM(A13:A87) -> #REF! | K88: Ghi chú: | M88: x: ngày đi cạo
M89: cn: đi cạo ngày chủ nhật | AT89: Sepon, ngày 01 tháng 05 năm 2025
M90: x1: ngày đi cạo bình thường vc năm 1
M91: cn1: đi cạo ngày chủ nhật vc năm 1 | AZ91: ,
N92: TỔNG GIÁM ĐỐC | AC92: PHÒNG. KTNN | AT92: ĐỘI TRƯỞNG ĐỘI SEPON
AT98: Phạm Đắc Nhân
A123: =1384+48+48 -> 1480

Sheet LƯƠNG TT
B1: CỘNG HÒA DÂN CHỦ NHÂN DÂN LÀO
B2: Hòa Bình - Độc Lập - Dân Chủ - Thống Nhất - Thịnh Vượng
B3: -----o0o-----
A4: CÔNG TY TNHH CỔ PHẦN QUASA - GERUCO LÀO
A5: ĐỘI SX SEPON
B7: BẢNG LƯƠNG CÔNG NHÂN TRỰC TIẾP THÁNG 04 NĂM 2025
A9: STT | C9: Mã số nhân viên | D9: Họ và tên | E9: Chức vụ | F9: Tiền lương | J9: Phụ cấp nhận phần cây | K9: Tổng tiền lương | L9: Thuế TNCN | M9: Trích KP Công Đoàn | N9: Ghi chú
F10: Lương chăm sóc | G10: Lương sản lượng | H10: Phụ cấp khai thác | I10: Phụ cấp khó khăn
A11: TỔ 1 | F11: =SUM(F12:F49) -> 0 | G11: =SUM(G12:G49) -> 12771771 | H11: =SUM(H12:H49) -> 53222332 | I11: =SUM(I12:I49) -> 0 | J11: =SUM(J12:J49) -> 0 | K11: =SUM(K12:K49) -> 65994103 | L11: =SUM(L12:L49) -> 0 | M11: =SUM(M12:M49) -> 0
A12: 1 | B12: 1 | D12: ='Chấm công công nhân'!L13 -> Vắt Đi | E12: CNKT | F12: ='BẢNG LƯƠNG KT'!H17 -> 0 | G12: ='BẢNG LƯƠNG KT'!L17 -> 0 | H12: ='BẢNG LƯƠNG KT'!S17 -> 1263849 | K12: =SUM(F12:J12) -> 1263849
A13: 2 | B13: 2 | D13: ='Chấm công công nhân'!L14 -> Mẹ Leo | E13: CNKT | F13: ='BẢNG LƯƠNG KT'!H18 -> 0 | G13: ='BẢNG LƯƠNG KT'!L18 -> 703160 | H13: ='BẢNG LƯƠNG KT'!S18 -> 1736139 | K13: =SUM(F13:H13) -> 2439299
A14: 3 | B14: 3 | C14: =[9]CNKT!B18 -> 0 | D14: ='Chấm công công nhân'!L15 -> Thảo Ken | E14: CNKT | F14: ='BẢNG LƯƠNG KT'!H19 -> 0 | G14: ='BẢNG LƯƠNG KT'!L19 -> 0 | H14: ='BẢNG LƯƠNG KT'!S19 -> 1314082 | K14: =SUM(F14:H14) -> 1314082
A15: 4 | B15: 4 | C15: =[9]CNKT!B19 -> 0 | D15: ='Chấm công công nhân'!L16 -> Thảo Phút | E15: CNKT | F15: ='BẢNG LƯƠNG KT'!H20 -> 0 | G15: ='BẢNG LƯƠNG KT'!L20 -> 679684 | H15: ='BẢNG LƯƠNG KT'!S20 -> 1836604 | K15: =SUM(F15:H15) -> 2516288
A16: 5 | B16: 5 | C16: =[9]CNKT!B20 -> 0 | D16: ='Chấm công công nhân'!L17 -> Thảo Mằn | E16: CNKT | F16: ='BẢNG LƯƠNG KT'!H21 -> 0 | G16: ='BẢNG LƯƠNG KT'!L21 -> 81290 | H16: ='BẢNG LƯƠNG KT'!S21 -> 1314082 | K16: =SUM(F16:H16) -> 1395372
A17: 6 | B17: 6 | C17: =[9]CNKT!B21 -> 0 | D17: ='Chấm công công nhân'!L18 -> Nàng Chay | E17: CNKT | F17: ='BẢNG LƯƠNG KT'!H22 -> 0 | G17: ='BẢNG LƯƠNG KT'!L22 -> 0 | H17: ='BẢNG LƯƠNG KT'!S22 -> 1364314 | K17: =SUM(F17:H17) -> 1364314
A18: 7 | B18: 7 | C18: =[9]CNKT!B22 -> 0 | D18: ='Chấm công công nhân'!L19 -> Thảo Sắp | E18: CNKT | F18: ='BẢNG LƯƠNG KT'!H23 -> 0 | G18: ='BẢNG LƯƠNG KT'!L23 -> 559991 | H18: ='BẢNG LƯƠNG KT'!S23 -> 1886836 | K18: =SUM(F18:H18) -> 2446827
A19: 8 | B19: 8 | C19: =[9]CNKT!B23 -> 0 | D19: ='Chấm công công nhân'!L20 -> Thảo Say | E19: CNKT | F19: ='BẢNG LƯƠNG KT'!H24 -> 0 | G19: ='BẢNG LƯƠNG KT'!L24 -> 948993 | H19: ='BẢNG LƯƠNG KT'!S24 -> 1836604 | K19: =SUM(F19:H19) -> 2785597
A20: 9 | B20: 9 | C20: =[9]CNKT!B24 -> 0 | D20: ='Chấm công công nhân'!L21 -> Thảo Cợt | E20: CNKT | F20: ='BẢNG LƯƠNG KT'!H25 -> 0 | G20: ='BẢNG LƯƠNG KT'!L25 -> 383500 | H20: ='BẢNG LƯƠNG KT'!S25 -> 1193418 | K20: =SUM(F20:H20) -> 1576918
A21: 10 | B21: 10 | C21: =[9]CNKT!B25 -> 0 | D21: ='Chấm công công nhân'!L22 -> Thảo Hôm | E21: CNKT | F21: ='BẢNG LƯƠNG KT'!H26 -> 0 | G21: ='BẢNG LƯƠNG KT'!L26 -> 795102 | H21: ='BẢNG LƯƠNG KT'!S26 -> 1635675 | K21: =SUM(F21:H21) -> 2430777
A22: 11 | B22: 11 | C22: =[9]CNKT!B26 -> 0 | D22: ='Chấm công công nhân'!L23 -> Thảo Khăm | E22: CNKT | F22: ='BẢNG LƯƠNG KT'!H27 -> 0 | G22: ='BẢNG LƯƠNG KT'!L27 -> 0 | H22: ='BẢNG LƯƠNG KT'!S27 -> 1022522 | K22: =SUM(F22:H22) -> 1022522
A23: 12 | B23: 12 | C23: =[9]CNKT!B27 -> 0 | D23: ='Chấm công công nhân'!L24 -> Thảo Hăm | E23: CNKT | F23: ='BẢNG LƯƠNG KT'!H28 -> 0 | G23: ='BẢNG LƯƠNG KT'!L28 -> 0 | H23: ='BẢNG LƯƠNG KT'!S28 -> 1344115 | K23: =SUM(F23:H23) -> 1344115
A24: 13 | B24: 13 | C24: =[9]CNKT!B28 -> 0 | D24: ='Chấm công công nhân'!L25 -> Nang Lon | E24: CNKT | F24: ='BẢNG LƯƠNG KT'!H29 -> 0 | G24: ='BẢNG LƯƠNG KT'!L29 -> 0 | H24: ='BẢNG LƯƠNG KT'!S29 -> 1344115 | K24: =SUM(F24:H24) -> 1344115
A25: 14 | B25: 14 | C25: =[9]CNKT!B29 -> 0 | D25: ='Chấm công công nhân'!L26 -> Thảo Pheng | E25: CNKT | F25: ='BẢNG LƯƠNG KT'!H30 -> 0 | G25: ='BẢNG LƯƠNG KT'!L30 -> 207290 | H25: ='BẢNG LƯƠNG KT'!S30 -> 1344115 | K25: =SUM(F25:H25) -> 1551405
... A47: 36 | B47: 36 | C47: =[9]CNKT!B51 -> 0 | D47: ='Chấm công công nhân'!L48 -> Thảo Tuỳ | E47: CNKT | F47: ='BẢNG LƯƠNG KT'!H52 -> 0 | G47: ='BẢNG LƯƠNG KT'!L52 -> 743805 | H47: ='BẢNG LƯƠNG KT'!S52 -> 1736139 | K47: =SUM(F47:H47) -> 2479944
A48: 37 | B48: 37 | D48: ='Chấm công công nhân'!L49 -> Thảo Đa Văn | E48: CNKT | F48: ='BẢNG LƯƠNG KT'!H53 -> 0 | G48: ='BẢNG LƯƠNG KT'!L53 -> 0 | H48: ='BẢNG LƯƠNG KT'!S53 -> 942391 | K48: =SUM(F48:H48) -> 942391
A49: 38 | B49: 38 | C49: =[9]CNKT!B52 -> 0 | D49: ='BẢNG LƯƠNG KT'!C54 -> Thảo e | E49: CNK | F49: ='BẢNG LƯƠNG KT'!H54 -> 0 | G49: ='BẢNG LƯƠNG KT'!L54 -> 0 | H49: ='BẢNG LƯƠNG KT'!S54 -> 0 | K49: =SUM(F49:H49) -> 0
A50: TỔ 2 | F50: =SUM(F51:F70) -> 0 | G50: =SUM(G51:G70) -> 5082268 | H50: =SUM(H51:H70) -> 24040670 | K50: =SUM(K51:K70) -> 29122938 | L50: =SUM(L51:L70) -> 0 | M50: =SUM(M51:M70) -> 0 | O50: =K50-#REF!-#REF!-M50 -> #REF!
A51: 38 | B51: 1 | D51: ='Chấm công công nhân'!L51 -> Thảo Xa Đết | E51: CNKT | F51: ='BẢNG LƯƠNG KT'!H56 -> 0 | G51: ='BẢNG LƯƠNG KT'!L56 -> 157630 | H51: ='BẢNG LƯƠNG KT'!S56 -> 1173220 | K51: =SUM(F51:H51) -> 1330850
A52: 39 | B52: 2 | D52: ='Chấm công công nhân'!L52 -> Thảo Sột | E52: CNKT | F52: ='BẢNG LƯƠNG KT'!H57 -> 0 | G52: ='BẢNG LƯƠNG KT'!L57 -> 658935 | H52: ='BẢNG LƯƠNG KT'!S57 -> 1545045 | K52: =SUM(F52:H52) -> 2203980
A53: 40 | B53: 3 | D53: ='Chấm công công nhân'!L53 -> Stoong | E53: CNKT | F53: ='BẢNG LƯƠNG KT'!H58 -> 0 | G53: ='BẢNG LƯƠNG KT'!L58 -> 425999 | H53: ='BẢNG LƯƠNG KT'!S58 -> 1344115 | K53: =SUM(F53:H53) -> 1770114
A54: 41 | B54: 4 | D54: ='Chấm công công nhân'!L54 -> Nàng Phắt | E54: CNKT | F54: ='BẢNG LƯƠNG KT'!H59 -> 0 | G54: ='BẢNG LƯƠNG KT'!L59 -> 407044 | H54: ='BẢNG LƯƠNG KT'!S59 -> 1344115 | K54: =SUM(F54:H54) -> 1751159
A55: 42 | B55: 5 | D55: ='Chấm công công nhân'!L55 -> Nàng May | E55: CNKT | F55: ='BẢNG LƯƠNG KT'!H60 -> 0 | G55: ='BẢNG LƯƠNG KT'!L60 -> 167606 | H55: ='BẢNG LƯƠNG KT'!S60 -> 1394348 | K55: =SUM(F55:H55) -> 1561954
A56: 43 | B56: 6 | D56: ='Chấm công công nhân'!L56 -> Thảo Bênh | E56: CNKT | F56: ='BẢNG LƯƠNG KT'!H61 -> 0 | G56: ='BẢNG LƯƠNG KT'!L61 -> 178374 | H56: ='BẢNG LƯƠNG KT'!S61 -> 1394348 | K56: =SUM(F56:H56) -> 1572722
A57: 44 | B57: 7 | D57: ='Chấm công công nhân'!L57 -> Thảo Đinh | E57: CNKT | F57: ='BẢNG LƯƠNG KT'!H62 -> 0 | G57: ='BẢNG LƯƠNG KT'!L62 -> 533024 | H57: ='BẢNG LƯƠNG KT'!S62 -> 1786372 | K57: =SUM(F57:H57) -> 2319396
A58: 45 | B58: 8 | D58: ='Chấm công công nhân'!L58 -> Thảo Vi | E58: CNKT | F58: ='BẢNG LƯƠNG KT'!H63 -> 0 | G58: ='BẢNG LƯƠNG KT'!L63 -> 201527 | H58: ='BẢNG LƯƠNG KT'!S63 -> 1323917 | K58: =SUM(F58:H58) -> 1525444
A59: 46 | B59: 9 | D59: ='Chấm công công nhân'!L59 -> Thảo Văn | E59: CNKT | F59: ='BẢNG LƯƠNG KT'!H64 -> 0 | G59: ='BẢNG LƯƠNG KT'!L64 -> 482866 | H59: ='BẢNG LƯƠNG KT'!S64 -> 1645510 | K59: =SUM(F59:H59) -> 2128376
A60: 47 | B60: 10 | D60: ='Chấm công công nhân'!L60 -> Nàng Phìn | E60: CNKT | F60: ='BẢNG LƯƠNG KT'!H65 -> 0 | G60: ='BẢNG LƯƠNG KT'!L65 -> 486856 | H60: ='BẢNG LƯƠNG KT'!S65 -> 1494813 | K60: =SUM(F60:H60) -> 1981669
A61: 48 | B61: 11 | D61: ='Chấm công công nhân'!L61 -> Mẹ Sột | E61: CNKT | F61: ='BẢNG LƯƠNG KT'!H66 -> 0 | G61: ='BẢNG LƯƠNG KT'!L66 -> 408695 | H61: ='BẢNG LƯƠNG KT'!S66 -> 1494813 | K61: =SUM(F61:H61) -> 1903508
A62: 49 | B62: 12 | D62: ='Chấm công công nhân'!L62 -> Nàng Heo | E62: CNKT | F62: ='BẢNG LƯƠNG KT'!H67 -> 0 | G62: ='BẢNG LƯƠNG KT'!L67 -> 214049 | H62: ='BẢNG LƯƠNG KT'!S67 -> 1323917 | K62: =SUM(F62:H62) -> 1537966
... A69: 56 | B69: 19 | D69: ='Chấm công công nhân'!L69 -> Nàng Binh | E69: CNKT | F69: ='BẢNG LƯƠNG KT'!H74 -> 0 | G69: ='BẢNG LƯƠNG KT'!L74 -> 0 | H69: ='BẢNG LƯƠNG KT'!S74 -> 640731 | K69: =SUM(F69:H69) -> 640731
A70: 57 | B70: 20 | D70: ='Tong hop cong'!C71 -> Thảo e | E70: CNK | F70: ='BẢNG LƯƠNG KT'!H75 -> 0 | G70: ='BẢNG LƯƠNG KT'!L75 -> 0 | H70: ='BẢNG LƯƠNG KT'!S75 -> 0 | K70: =SUM(F70:H70) -> 0
A71: TỔ 3 | F71: =SUM(F72:F88) -> 0 | G71: =SUM(G72:G88) -> 3586621 | H71: =SUM(H72:H88) -> 30400000 | I71: =SUM(I72:I88) -> 0 | K71: =SUM(K72:K88) -> 33986621 | L71: =SUM(L72:L88) -> 0 | M71: =SUM(M72:M79) -> 0 | O71: =K71-#REF!-#REF!-M71 -> #REF! | P71: =#REF!-O71 -> #REF!
A72: 57 | B72: 1 | D72: ='Chấm công công nhân'!L71 -> Thảo Bun | E72: CNKT | F72: ='BẢNG LƯƠNG KT'!H77 -> 0 | G72: ='BẢNG LƯƠNG KT'!L77 -> 556185 | H72: ='BẢNG LƯƠNG KT'!S77 -> 2800000 | I72: ='BẢNG LƯƠNG KT'!T77 -> 0 | K72: =SUM(F72:J72) -> 3356185
A73: 58 | B73: 2 | D73: ='Chấm công công nhân'!L72 -> Thảo Nga | E73: CNKT | F73: ='BẢNG LƯƠNG KT'!H78 -> 0 | G73: ='BẢNG LƯƠNG KT'!L78 -> 504800 | H73: ='BẢNG LƯƠNG KT'!S78 -> 2300000 | I73: ='BẢNG LƯƠNG KT'!T78 -> 0 | K73: =SUM(F73:J73) -> 2804800
A74: 59 | B74: 3 | D74: ='Chấm công công nhân'!L73 -> Thảo Tia | E74: CNKT | F74: ='BẢNG LƯƠNG KT'!H79 -> 0 | G74: ='BẢNG LƯƠNG KT'!L79 -> 563560 | H74: ='BẢNG LƯƠNG KT'!S79 -> 2400000 | I74: ='BẢNG LƯƠNG KT'!T79 -> 0 | K74: =SUM(F74:J74) -> 2963560
A75: 60 | B75: 4 | D75: ='Chấm công công nhân'!L74 -> Thảo Nuy | E75: CNKT | F75: ='BẢNG LƯƠNG KT'!H80 -> 0 | G75: ='BẢNG LƯƠNG KT'!L80 -> 538326 | H75: ='BẢNG LƯƠNG KT'!S80 -> 2300000 | I75: ='BẢNG LƯƠNG KT'!T80 -> 0 | K75: =SUM(F75:J75) -> 2838326
A76: 61 | B76: 5 | D76: ='Chấm công công nhân'!L75 -> Thảo Xay | E76: CNKT | F76: ='BẢNG LƯƠNG KT'!H81 -> 0 | G76: ='BẢNG LƯƠNG KT'!L81 -> 165835 | H76: ='BẢNG LƯƠNG KT'!S81 -> 1700000 | I76: ='BẢNG LƯƠNG KT'!T81 -> 0 | K76: =SUM(F76:J76) -> 1865835
A77: 62 | B77: 6 | D77: ='Chấm công công nhân'!L76 -> Nàng Nọi | E77: CNKT | F77: ='BẢNG LƯƠNG KT'!H82 -> 0 | G77: ='BẢNG LƯƠNG KT'!L82 -> 0 | H77: ='BẢNG LƯƠNG KT'!S82 -> 1600000 | I77: ='BẢNG LƯƠNG KT'!T82 -> 0 | K77: =SUM(F77:J77) -> 1600000
A78: 63 | B78: 7 | D78: ='Chấm công công nhân'!L77 -> Thảo Khon | E78: CNKT | F78: ='BẢNG LƯƠNG KT'!H83 -> 0 | G78: ='BẢNG LƯƠNG KT'!L83 -> 566231 | H78: ='BẢNG LƯƠNG KT'!S83 -> 2300000 | I78: ='BẢNG LƯƠNG KT'!T83 -> 0 | K78: =SUM(F78:J78) -> 2866231
A79: 64 | B79: 8 | D79: ='Chấm công công nhân'!L78 -> Thảo Tưng | E79: CNKT | F79: ='BẢNG LƯƠNG KT'!H84 -> 0 | G79: ='BẢNG LƯƠNG KT'!L84 -> 58680 | H79: ='BẢNG LƯƠNG KT'!S84 -> 2000000 | I79: ='BẢNG LƯƠNG KT'!T84 -> 0 | K79: =SUM(F79:J79) -> 2058680
A80: 65 | B80: 9 | D80: ='Chấm công công nhân'!L79 -> Thảo Bắt | E80: CNKT | F80: ='BẢNG LƯƠNG KT'!H85 -> 0 | G80: ='BẢNG LƯƠNG KT'!L85 -> 451382 | H80: ='BẢNG LƯƠNG KT'!S85 -> 2600000 | I80: ='BẢNG LƯƠNG KT'!T85 -> 0 | K80: =SUM(F80:J80) -> 3051382
A81: 66 | B81: 10 | D81: ='Chấm công công nhân'!L80 -> Thảo Lay | E81: CNKT | F81: ='BẢNG LƯƠNG KT'!H86 -> 0 | G81: ='BẢNG LƯƠNG KT'!L86 -> 0 | H81: ='BẢNG LƯƠNG KT'!S86 -> 500000 | I81: ='BẢNG LƯƠNG KT'!T86 -> 0 | K81: =SUM(F81:J81) -> 500000
A82: 67 | B82: 11 | D82: ='Chấm công công nhân'!L81 -> Thảo Chăn | E82: CNKT | F82: ='BẢNG LƯƠNG KT'!H87 -> 0 | G82: ='BẢNG LƯƠNG KT'!L87 -> 53418 | H82: ='BẢNG LƯƠNG KT'!S87 -> 2000000 | I82: ='BẢNG LƯƠNG KT'!T87 -> 0 | K82: =SUM(F82:J82) -> 2053418
A83: 68 | B83: 12 | D83: ='Chấm công công nhân'!L82 -> Thảo Lăm Ma | E83: CNKT | F83: ='BẢNG LƯƠNG KT'!H88 -> 0 | G83: ='BẢNG LƯƠNG KT'!L88 -> 0 | H83: ='BẢNG LƯƠNG KT'!S88 -> 600000 | I83: ='BẢNG LƯƠNG KT'!T88 -> 0 | K83: =SUM(F83:J83) -> 600000
... A86: 71 | B86: 15 | D86: ='Chấm công công nhân'!L85 -> Thảo Khên | E86: CNKT | F86: ='BẢNG LƯƠNG KT'!H91 -> 0 | G86: ='BẢNG LƯƠNG KT'!L91 -> 34722 | H86: ='BẢNG LƯƠNG KT'!S91 -> 2000000 | I86: ='BẢNG LƯƠNG KT'!T91 -> 0 | K86: =SUM(F86:J86) -> 2034722
A87: 72 | B87: 16 | D87: ='Chấm công công nhân'!L86 -> Thảo Đăm | E87: CNKT | F87: ='BẢNG LƯƠNG KT'!H92 -> 0 | G87: ='BẢNG LƯƠNG KT'!L92 -> 93482 | H87: ='BẢNG LƯƠNG KT'!S92 -> 2500000 | K87: =SUM(F87:H87) -> 2593482
A88: 73 | B88: 17 | D88: ='Tong hop cong'!C50 -> Thảo e | E88: CNK | F88: ='BẢNG LƯƠNG KT'!H93 -> 0 | G88: ='BẢNG LƯƠNG KT'!L93 -> 0 | H88: ='BẢNG LƯƠNG KT'!S93 -> 0 | K88: =SUM(F88:H88) -> 0
A89: BẢO VỆ VƯỜN CÂY | K89: =SUM(K90:K103) -> 36400000
A90: 73 | B90: 1 | D90: =BV!C12 -> Phò Đan | E90: Bảo vệ chính | K90: =BV!U12 -> 2600000
A91: 74 | B91: 2 | D91: =BV!C13 -> Sâm Say | E91: Bảo vệ chính | K91: =BV!U13 -> 2600000
A92: 75 | B92: 3 | D92: =BV!C14 -> Thảo Chanh | E92: Bảo vệ chính | K92: =BV!U14 -> 2600000
A93: 76 | B93: 4 | D93: =BV!C15 -> Phò Viu | E93: Bảo vệ chính | K93: =BV!U15 -> 2600000
A94: 77 | B94: 5 | D94: =BV!C16 -> Thảo Mi | E94: Bảo vệ thời vụ | K94: =BV!U16 -> 2600000
A95: 78 | B95: 6 | D95: =BV!C17 -> Thảo Xi | E95: Bảo vệ thời vụ | K95: =BV!U17 -> 2600000
A96: 79 | B96: 7 | D96: =BV!C18 -> Thảo Cu Đê | E96: Bảo vệ thời vụ | K96: =BV!U18 -> 2600000
A97: 80 | B97: 8 | D97: =BV!C19 -> Thảo Đin | E97: Bảo vệ thời vụ | K97: =BV!U19 -> 2600000
A98: 81 | B98: 9 | D98: =BV!C20 -> Thảo Pong | E98: Bảo vệ thời vụ | K98: =BV!U20 -> 2600000
A99: 82 | B99: 10 | D99: =BV!C21 -> Thảo Mút | E99: Bảo vệ thời vụ | K99: =BV!U21 -> 2600000
A100: 83 | B100: 11 | D100: =BV!C22 -> Thảo Đăm | E100: Bảo vệ thời vụ | K100: =BV!U22 -> 2600000
A101: 84 | B101: 12 | D101: =BV!C23 -> Phò Đăm | E101: Bảo vệ thời vụ | K101: =BV!U23 -> 2600000
... A103: 86 | B103: 14 | D103: =BV!C25 -> Thảo Bê | E103: Bảo vệ thời vụ | K103: =BV!U25 -> 2600000
A104: Tổng tiền lương vườn cây kinh doanh (1) | F104: =F11+F50+F71 -> 0 | G104: =G11+G50+G71 -> 21440660 | H104: =H11+H50+H71 -> 107663002 | K104: =K11+K50+K71 -> 129103662 | L104: =L11+L50+L71 -> 0 | M104: =M11+M50+M71+#REF! -> #REF! | Q104: ='1'!U52+'2'!U39+'3'!S33 -> 129103662
A105: Tổng tiền lương bảo vệ vườn cây (2) | K105: =K89 -> 36400000 | L105: =L89 -> 0 | Q105: =F106+H106+G106+J71+K105 -> 165503662
A106: Tổng cộng (1)+(2) | F106: =SUM(F104:F105) -> 0 | G106: =SUM(G104:G105) -> 21440660 | H106: =SUM(H104:H105) -> 107663002 | K106: =SUM(K104:K105) -> 165503662 | L106: =SUM(L104:L105) -> 0 | M106: =SUM(M104:M105) -> #REF! | Q106: =K104+K105 -> 165503662
A107: Số tiền bằng chữ: Hai trăm năm mươi ba triệu tám trăm lẻ ba nghìn sáu trăm sáu mươi hai kíp.
K108: Ngày 03 tháng 05 năm 2025
A109: PHÒNG TC - KT | F109: PHÒNG TC - HC | K109: ĐỘI TRƯỞNG | Q109: ='1'!U52+'2'!U39+'3'!S33+BV!U26 -> 165503662
F137: ịi

Sheet BẢNG LƯƠNG KT
A1: 1 | B1: 2 | C1: 3 | D1: 4 | E1: 5 | F1: 6 | G1: 7 | H1: 8 | I1: 9 | J1: 10 | K1: 11 | L1: 12 | M1: 13 | N1: 14 | O1: 15 | P1: 16 | S1: 17
A3: CỘNG HÒA DÂN CHỦ NHÂN DÂN LÀO
A4: Hòa bình - Độc lập - Dân chủ - Thống nhất - Thịnh vượng
A5: -----oOo-----
A6: CÔNG TY TNHH CỔ PHẦN QUASA-GERUCO LÀO
A7: ĐỘI SẢN XUẤT SEPON
A8: BẢNG LƯƠNG KHAI THÁC THÁNG 04 NĂM 2025
C10: Tỷ giá Bath qua Kíp | D10: Tỷ giá Bath qua Kíp | E10: ='BẢNG PHÂN TOÁN'!L14 -> 646.2 | H10: 655.8 | M10: =M16*655.8*46.1 -> 16053394 | N10: =N16*76.9*655.8 -> 5446550.2 | O10: =O16*655.8*76.8 -> 251827.2 | P10: =P16*107.6*655.8 -> 70564.08 | Q10: =Q16*20000 -> 12900000 | R10: =R16*25000 -> 18500000 | U10: ĐVT: kíp
A11: STT | C11: Họ và tên | D11: MSNV | E11: Chức vụ | F11: Ký nhận | G11: LƯƠNG | U11: Tổng lương | V11: Tiền lương còn lại
G12: Lương chăm sóc (25.000 kíp/công) | I12: Lương sản lượng | M12: Lương phụ cấp khai thác | T12: Phụ cấp khó khăn
G13: Công | H13: Thành tiền | I13: Mủ tạp (kg) | J13: Mủ tạp quy khô (kg) | K13: Hạng kỹ thuật | L13: Thành tiền | M13: Phụ cấp ngày công | N13: Phụ cấp chủ nhật | O13: Phụ cấp ngày công vườn cây non | P13: Phụ cấp chủ nhật vườn cây non | Q13: Phụ cấp khó khăn | R13: Phụ cấp nhận phần cây | S13: Thành tiền
A14: ì© | B14: §ˆ²¾¦¾ì¾¸ | C14: §ˆ²¾¦¾¹¸¼©­¾´ | E14: ª¿ÁÎÈ¤ | G14: ¸ñ­¤¾­ | H14: À¯ñ­À¤ò­ | J14: µ¾¤­Õ£ò© ª¾´ºñ©ª¾ Á¹É¤ | K14: §˜­Àªñ¡ ­ò¡ | L14: À¯ñ­À¤ò­ | M14: º÷©Îø­ ¸ñ­¤¾­ | N14: º÷©Îø­ ¸ñ­º¾êò© | O14: º÷©Îø­ ¸ñ­¤¾­ | P14: º÷©Îø­ ¸ñ­º¾êò© | S14: À¯ñ­À¤ò­ | U14: ì¸´À¤ò­ À©õº­ | V14: ì¸´À¤ò­»ñ® | Y14: PC
A15: (1) | C15: (2) | D15: (1) | E15: (1) | F15: (1) | G15: (3) | H15: (4) | I15: (5) | J15: (6) | K15: (7) | L15: (8) | M15: (9) | N15: (10) | O15: (11) | P15: (12) | Q15: (13) | R15: (14) | S15: (15) | T15: (15) | U15: (16)=(4)+(8)+(15) | V15: (17) | Y15: 20000
A16: A | B16: TỔ 1 | G16: =SUM(G17:G54) -> 0 | H16: =SUM(H17:H54) -> 0 | I16: =SUM(I17:I54) -> 6078 | J16: =SUM(J17:J54) -> 3295.671 | K16: =SUM(K17:K54) -> 0 | L16: =SUM(L17:L54) -> 12771771 | M16: =SUM(M17:M54) -> 531 | N16: =SUM(N17:N54) -> 108 | ... V16: =SUM(V17:V54) -> 65994103
A17: 1 | B17: 1 | C17: ='Chấm công công nhân'!L13 -> Vắt Đi | D17: =VLOOKUP(C17,'Mã số NV'!$B$6:$D$53,3,0) -> #N/A | E17: CNKT | H17: =G17*25000 -> 0 | I17: =+VLOOKUP(C17,'Tong hop cong'!C13:S13,17,0) -> 0 | J17: =+VLOOKUP(C17,'Tong hop cong'!C13:U13,19,0) -> 0 | K17: =VLOOKUP(C17,'Tong hop cong'!C13:AA13,25,0) -> A | L17: =VLOOKUP(C17,'1'!$C$14:$L$51,10,0) -> 0 | M17: =+VLOOKUP(C17,'Tong hop cong'!C13:V13,20,0) -> 11 | N17: =+VLOOKUP(C17,'Tong hop cong'!C13:W13,21,0) -> 3 | O17: =+VLOOKUP(C17,'Tong hop cong'!C13:X13,22,0) -> 0 | P17: =+VLOOKUP(C17,'Tong hop cong'!C13:Y13,23,0) -> 0 | Q17: =M17+N17+O17+P17 -> 14 | R17: =+VLOOKUP(C17,'1'!$C$14:$R$50,16,0) -> 20 | S17: =VLOOKUP(C17,'1'!$C$14:$S$51,17,0) -> 1263849 | U17: =H17+L17+S17 -> 1263849 | V17: =U17 -> 1263849 | W17: t1
A18: 2 | B18: 2 | C18: ='Chấm công công nhân'!L14 -> Mẹ Leo | D18: =VLOOKUP(C18,'Mã số NV'!$B$6:$D$53,3,0) -> #N/A | E18: CNKT | H18: =G18*25000 -> 0 | I18: =+VLOOKUP(C18,'Tong hop cong'!C14:S14,17,0) -> 346 | J18: =+VLOOKUP(C18,'Tong hop cong'!C14:U14,19,0) -> 187.61141 | K18: =VLOOKUP(C18,'Tong hop cong'!C14:AA14,25,0) -> B | L18: =VLOOKUP(C18,'1'!$C$14:$L$51,10,0) -> 703160 | M18: =+VLOOKUP(C18,'Tong hop cong'!C14:V14,20,0) -> 19 | N18: =+VLOOKUP(C18,'Tong hop cong'!C14:W14,21,0) -> 4 | O18: =+VLOOKUP(C18,'Tong hop cong'!C14:X14,22,0) -> 0 | P18: =+VLOOKUP(C18,'Tong hop cong'!C14:Y14,23,0) -> 0 | Q18: =M18+N18+O18+P18 -> 23 | R18: =+VLOOKUP(C18,'1'!$C$14:$R$50,16,0) -> 20 | S18: =VLOOKUP(C18,'1'!$C$14:$S$51,17,0) -> 1736139 | U18: =H18+L18+S18 -> 2439299 | V18: =U18 -> 2439299 | W18: t1
A19: 3 | B19: 3 | C19: ='Chấm công công nhân'!L15 -> Thảo Ken | D19: =VLOOKUP(C19,'Mã số NV'!$B$6:$D$53,3,0) -> #N/A | E19: CNKT | H19: =G19*25000 -> 0 | I19: =+VLOOKUP(C19,'Tong hop cong'!C15:S15,17,0) -> 0 | J19: =+VLOOKUP(C19,'Tong hop cong'!C15:U15,19,0) -> 0 | K19: =VLOOKUP(C19,'Tong hop cong'!C15:AA15,25,0) -> A | L19: =VLOOKUP(C19,'1'!$C$14:$L$51,10,0) -> 0 | M19: =+VLOOKUP(C19,'Tong hop cong'!C15:V15,20,0) -> 12 | N19: =+VLOOKUP(C19,'Tong hop cong'!C15:W15,21,0) -> 3 | O19: =+VLOOKUP(C19,'Tong hop cong'!C15:X15,22,0) -> 0 | P19: =+VLOOKUP(C19,'Tong hop cong'!C15:Y15,23,0) -> 0 | Q19: =M19+N19+O19+P19 -> 15 | R19: =+VLOOKUP(C19,'1'!$C$14:$R$50,16,0) -> 20 | S19: =VLOOKUP(C19,'1'!$C$14:$S$51,17,0) -> 1314082 | U19: =H19+L19+S19 -> 1314082 | V19: =U19 -> 1314082 | W19: t1
A20: 4 | B20: 4 | C20: ='Chấm công công nhân'!L16 -> Thảo Phút | D20: =VLOOKUP(C20,'Mã số NV'!$B$6:$D$53,3,0) -> #N/A | E20: CNKT | H20: =G20*25000 -> 0 | I20: =+VLOOKUP(C20,'Tong hop cong'!C16:S16,17,0) -> 318 | J20: =+VLOOKUP(C20,'Tong hop cong'!C16:U16,19,0) -> 172.42899 | K20: =VLOOKUP(C20,'Tong hop cong'!C16:AA16,25,0) -> A | L20: =VLOOKUP(C20,'1'!$C$14:$L$51,10,0) -> 679684 | M20: =+VLOOKUP(C20,'Tong hop cong'!C16:V16,20,0) -> 21 | N20: =+VLOOKUP(C20,'Tong hop cong'!C16:W16,21,0) -> 4 | O20: =+VLOOKUP(C20,'Tong hop cong'!C16:X16,22,0) -> 0 | P20: =+VLOOKUP(C20,'Tong hop cong'!C16:Y16,23,0) -> 0 | Q20: =M20+N20+O20+P20 -> 25 | R20: =+VLOOKUP(C20,'1'!$C$14:$R$50,16,0) -> 20 | S20: =VLOOKUP(C20,'1'!$C$14:$S$51,17,0) -> 1836604 | U20: =H20+L20+S20 -> 2516288 | V20: =U20 -> 2516288 | W20: t1
A21: 5 | B21: 5 | C21: ='Chấm công công nhân'!L17 -> Thảo Mằn | E21: CNKT | H21: =G21*25000 -> 0 | I21: =+VLOOKUP(C21,'Tong hop cong'!C17:S17,17,0) -> 40 | J21: =+VLOOKUP(C21,'Tong hop cong'!C17:U17,19,0) -> 21.689181 | K21: =VLOOKUP(C21,'Tong hop cong'!C17:AA17,25,0) -> B | L21: =VLOOKUP(C21,'1'!$C$14:$L$51,10,0) -> 81290 | M21: =+VLOOKUP(C21,'Tong hop cong'!C17:V17,20,0) -> 12 | N21: =+VLOOKUP(C21,'Tong hop cong'!C17:W17,21,0) -> 3 | O21: =+VLOOKUP(C21,'Tong hop cong'!C17:X17,22,0) -> 0 | P21: =+VLOOKUP(C21,'Tong hop cong'!C17:Y17,23,0) -> 0 | Q21: =M21+N21+O21+P21 -> 15 | R21: =+VLOOKUP(C21,'1'!$C$14:$R$50,16,0) -> 20 | S21: =VLOOKUP(C21,'1'!$C$14:$S$51,17,0) -> 1314082 | U21: =H21+L21+S21 -> 1395372 | V21: =U21 -> 1395372 | W21: t1
A22: 6 | B22: 6 | C22: ='Chấm công công nhân'!L18 -> Nàng Chay | E22: CNKT | H22: =G22*25000 -> 0 | I22: =+VLOOKUP(C22,'Tong hop cong'!C18:S18,17,0) -> 0 | J22: =+VLOOKUP(C22,'Tong hop cong'!C18:U18,19,0) -> 0 | K22: =VLOOKUP(C22,'Tong hop cong'!C18:AA18,25,0) -> B | L22: =VLOOKUP(C22,'1'!$C$14:$L$51,10,0) -> 0 | M22: =+VLOOKUP(C22,'Tong hop cong'!C18:V18,20,0) -> 13 | N22: =+VLOOKUP(C22,'Tong hop cong'!C18:W18,21,0) -> 3 | O22: =+VLOOKUP(C22,'Tong hop cong'!C18:X18,22,0) -> 0 | P22: =+VLOOKUP(C22,'Tong hop cong'!C18:Y18,23,0) -> 0 | Q22: =M22+N22+O22+P22 -> 16 | R22: =+VLOOKUP(C22,'1'!$C$14:$R$50,16,0) -> 20 | S22: =VLOOKUP(C22,'1'!$C$14:$S$51,17,0) -> 1364314 | U22: =H22+L22+S22 -> 1364314 | V22: =U22 -> 1364314 | W22: t1
A23: 7 | B23: 7 | C23: ='Chấm công công nhân'!L19 -> Thảo Sắp | E23: CNKT | H23: =G23*25000 -> 0 | I23: =+VLOOKUP(C23,'Tong hop cong'!C19:S19,17,0) -> 262 | J23: =+VLOOKUP(C23,'Tong hop cong'!C19:U19,19,0) -> 142.06413 | K23: =VLOOKUP(C23,'Tong hop cong'!C19:AA19,25,0) -> A | L23: =VLOOKUP(C23,'1'!$C$14:$L$51,10,0) -> 559991 | M23: =+VLOOKUP(C23,'Tong hop cong'!C19:V19,20,0) -> 22 | N23: =+VLOOKUP(C23,'Tong hop cong'!C19:W19,21,0) -> 4 | O23: =+VLOOKUP(C23,'Tong hop cong'!C19:X19,22,0) -> 0 | P23: =+VLOOKUP(C23,'Tong hop cong'!C19:Y19,23,0) -> 0 | Q23: =M23+N23+O23+P23 -> 26 | R23: =+VLOOKUP(C23,'1'!$C$14:$R$50,16,0) -> 20 | S23: =VLOOKUP(C23,'1'!$C$14:$S$51,17,0) -> 1886836 | U23: =H23+L23+S23 -> 2446827 | V23: =U23 -> 2446827 | W23: t1
A24: 8 | B24: 8 | C24: ='Chấm công công nhân'!L20 -> Thảo Say | E24: CNKT | H24: =G24*25000 -> 0 | I24: =+VLOOKUP(C24,'Tong hop cong'!C20:S20,17,0) -> 444 | J24: =+VLOOKUP(C24,'Tong hop cong'!C20:U20,19,0) -> 240.74991 | K24: =VLOOKUP(C24,'Tong hop cong'!C20:AA20,25,0) -> A | L24: =VLOOKUP(C24,'1'!$C$14:$L$51,10,0) -> 948993 | M24: =+VLOOKUP(C24,'Tong hop cong'!C20:V20,20,0) -> 21 | N24: =+VLOOKUP(C24,'Tong hop cong'!C20:W20,21,0) -> 4 | O24: =+VLOOKUP(C24,'Tong hop cong'!C20:X20,22,0) -> 0 | P24: =+VLOOKUP(C24,'Tong hop cong'!C20:Y20,23,0) -> 0 | Q24: =M24+N24+O24+P24 -> 25 | R24: =+VLOOKUP(C24,'1'!$C$14:$R$50,16,0) -> 20 | S24: =VLOOKUP(C24,'1'!$C$14:$S$51,17,0) -> 1836604 | U24: =H24+L24+S24 -> 2785597 | V24: =U24 -> 2785597 | W24: t1
A25: 9 | B25: 9 | C25: ='Chấm công công nhân'!L21 -> Thảo Cợt | E25: CNKT | H25: =G25*25000 -> 0 | I25: =+VLOOKUP(C25,'Tong hop cong'!C21:S21,17,0) -> 199 | J25: =+VLOOKUP(C25,'Tong hop cong'!C21:U21,19,0) -> 107.90367 | K25: =VLOOKUP(C25,'Tong hop cong'!C21:AA21,25,0) -> C | L25: =VLOOKUP(C25,'1'!$C$14:$L$51,10,0) -> 383500 | M25: =+VLOOKUP(C25,'Tong hop cong'!C21:V21,20,0) -> 11 | N25: =+VLOOKUP(C25,'Tong hop cong'!C21:W21,21,0) -> 2 | O25: =+VLOOKUP(C25,'Tong hop cong'!C21:X21,22,0) -> 0 | P25: =+VLOOKUP(C25,'Tong hop cong'!C21:Y21,23,0) -> 0 | Q25: =M25+N25+O25+P25 -> 13 | R25: =+VLOOKUP(C25,'1'!$C$14:$R$50,16,0) -> 20 | S25: =VLOOKUP(C25,'1'!$C$14:$S$51,17,0) -> 1193418 | U25: =H25+L25+S25 -> 1576918 | V25: =U25 -> 1576918 | W25: t1
A26: 10 | B26: 10 | C26: ='Chấm công công nhân'!L22 -> Thảo Hôm | E26: CNKT | H26: =G26*25000 -> 0 | I26: =+VLOOKUP(C26,'Tong hop cong'!C22:S22,17,0) -> 372 | J26: =+VLOOKUP(C26,'Tong hop cong'!C22:U22,19,0) -> 201.70938 | K26: =VLOOKUP(C26,'Tong hop cong'!C22:AA22,25,0) -> A | L26: =VLOOKUP(C26,'1'!$C$14:$L$51,10,0) -> 795102 | M26: =+VLOOKUP(C26,'Tong hop cong'!C22:V22,20,0) -> 17 | N26: =+VLOOKUP(C26,'Tong hop cong'!C22:W22,21,0) -> 4 | O26: =+VLOOKUP(C26,'Tong hop cong'!C22:X22,22,0) -> 0 | P26: =+VLOOKUP(C26,'Tong hop cong'!C22:Y22,23,0) -> 0 | Q26: =M26+N26+O26+P26 -> 21 | R26: =+VLOOKUP(C26,'1'!$C$14:$R$50,16,0) -> 20 | S26: =VLOOKUP(C26,'1'!$C$14:$S$51,17,0) -> 1635675 | U26: =H26+L26+S26 -> 2430777 | V26: =U26 -> 2430777 | W26: t1
A27: 11 | B27: 11 | C27: ='Chấm công công nhân'!L23 -> Thảo Khăm | E27: CNKT | H27: =G27*25000 -> 0 | I27: =+VLOOKUP(C27,'Tong hop cong'!C23:S23,17,0) -> 0 | J27: =+VLOOKUP(C27,'Tong hop cong'!C23:U23,19,0) -> 0 | K27: =VLOOKUP(C27,'Tong hop cong'!C23:AA23,25,0) -> B | L27: =VLOOKUP(C27,'1'!$C$14:$L$51,10,0) -> 0 | M27: =+VLOOKUP(C27,'Tong hop cong'!C23:V23,20,0) -> 9 | N27: =+VLOOKUP(C27,'Tong hop cong'!C23:W23,21,0) -> 1 | O27: =+VLOOKUP(C27,'Tong hop cong'!C23:X23,22,0) -> 0 | P27: =+VLOOKUP(C27,'Tong hop cong'!C23:Y23,23,0) -> 0 | Q27: =M27+N27+O27+P27 -> 10 | R27: =+VLOOKUP(C27,'1'!$C$14:$R$50,16,0) -> 20 | S27: =VLOOKUP(C27,'1'!$C$14:$S$51,17,0) -> 1022522 | U27: =H27+L27+S27 -> 1022522 | V27: =U27 -> 1022522 | W27: t1
A28: 12 | B28: 12 | C28: ='Chấm công công nhân'!L24 -> Thảo Hăm | E28: CNKT | H28: =G28*25000 -> 0 | I28: =+VLOOKUP(C28,'Tong hop cong'!C24:S24,17,0) -> 0 | J28: =+VLOOKUP(C28,'Tong hop cong'!C24:U24,19,0) -> 0 | K28: =VLOOKUP(C28,'Tong hop cong'!C24:AA24,25,0) -> A | L28: =VLOOKUP(C28,'1'!$C$14:$L$51,10,0) -> 0 | M28: =+VLOOKUP(C28,'Tong hop cong'!C24:V24,20,0) -> 14 | N28: =+VLOOKUP(C28,'Tong hop cong'!C24:W24,21,0) -> 2 | O28: =+VLOOKUP(C28,'Tong hop cong'!C24:X24,22,0) -> 0 | P28: =+VLOOKUP(C28,'Tong hop cong'!C24:Y24,23,0) -> 0 | Q28: =M28+N28+O28+P28 -> 16 | R28: =+VLOOKUP(C28,'1'!$C$14:$R$50,16,0) -> 20 | S28: =VLOOKUP(C28,'1'!$C$14:$S$51,17,0) -> 1344115 | U28: =H28+L28+S28 -> 1344115 | V28: =U28 -> 1344115 | W28: t1
A29: 13 | B29: 13 | C29: ='Chấm công công nhân'!L25 -> Nang Lon | E29: CNKT | H29: =G29*25000 -> 0 | I29: =+VLOOKUP(C29,'Tong hop cong'!C25:S25,17,0) -> 0 | J29: =+VLOOKUP(C29,'Tong hop cong'!C25:U25,19,0) -> 0 | K29: =VLOOKUP(C29,'Tong hop cong'!C25:AA25,25,0) -> B | L29: =VLOOKUP(C29,'1'!$C$14:$L$51,10,0) -> 0 | M29: =+VLOOKUP(C29,'Tong hop cong'!C25:V25,20,0) -> 14 | N29: =+VLOOKUP(C29,'Tong hop cong'!C25:W25,21,0) -> 2 | O29: =+VLOOKUP(C29,'Tong hop cong'!C25:X25,22,0) -> 0 | P29: =+VLOOKUP(C29,'Tong hop cong'!C25:Y25,23,0) -> 0 | Q29: =M29+N29+O29+P29 -> 16 | R29: =+VLOOKUP(C29,'1'!$C$14:$R$50,16,0) -> 20 | S29: =VLOOKUP(C29,'1'!$C$14:$S$51,17,0) -> 1344115 | U29: =H29+L29+S29 -> 1344115 | V29: =U29 -> 1344115 | W29: t1
A30: 14 | B30: 14 | C30: ='Chấm công công nhân'!L26 -> Thảo Pheng | E30: CNKT | H30: =G30*25000 -> 0 | I30: =+VLOOKUP(C30,'Tong hop cong'!C26:S26,17,0) -> 102 | J30: =+VLOOKUP(C30,'Tong hop cong'!C26:U26,19,0) -> 55.307411 | K30: =VLOOKUP(C30,'Tong hop cong'!C26:AA26,25,0) -> B | L30: =VLOOKUP(C30,'1'!$C$14:$L$51,10,0) -> 207290 | M30: =+VLOOKUP(C30,'Tong hop cong'!C26:V26,20,0) -> 14 | N30: =+VLOOKUP(C30,'Tong hop cong'!C26:W26,21,0) -> 2 | O30: =+VLOOKUP(C30,'Tong hop cong'!C26:X26,22,0) -> 0 | P30: =+VLOOKUP(C30,'Tong hop cong'!C26:Y26,23,0) -> 0 | Q30: =M30+N30+O30+P30 -> 16 | R30: =+VLOOKUP(C30,'1'!$C$14:$R$50,16,0) -> 20 | S30: =VLOOKUP(C30,'1'!$C$14:$S$51,17,0) -> 1344115 | U30: =H30+L30+S30 -> 1551405 | V30: =U30 -> 1551405 | W30: t1
A31: 15 | B31: 15 | C31: ='Chấm công công nhân'!L27 -> Thảo kok | D31: =VLOOKUP(C31,'Mã số NV'!$B$6:$D$53,3,0) -> 01874 | E31: CNKT | H31: =G31*25000 -> 0 | I31: =+VLOOKUP(C31,'Tong hop cong'!C27:S27,17,0) -> 261 | J31: =+VLOOKUP(C31,'Tong hop cong'!C27:U27,19,0) -> 141.5219 | K31: =VLOOKUP(C31,'Tong hop cong'!C27:AA27,25,0) -> A | L31: =VLOOKUP(C31,'1'!$C$14:$L$51,10,0) -> 557854 | M31: =+VLOOKUP(C31,'Tong hop cong'!C27:V27,20,0) -> 12 | N31: =+VLOOKUP(C31,'Tong hop cong'!C27:W27,21,0) -> 3 | O31: =+VLOOKUP(C31,'Tong hop cong'!C27:X27,22,0) -> 0 | P31: =+VLOOKUP(C31,'Tong hop cong'!C27:Y27,23,0) -> 0 | Q31: =M31+N31+O31+P31 -> 15 | R31: =+VLOOKUP(C31,'1'!$C$14:$R$50,16,0) -> 20 | S31: =VLOOKUP(C31,'1'!$C$14:$S$51,17,0) -> 1314082 | U31: =H31+L31+S31 -> 1871936 | V31: =U31 -> 1871936 | W31: t1
A32: 16 | B32: 16 | C32: ='Chấm công công nhân'!L28 -> Nàng Sút Chay | D32: =VLOOKUP(C32,'Mã số NV'!$B$6:$D$53,3,0) -> #N/A | E32: CNKT | H32: =G32*25000 -> 0 | I32: =+VLOOKUP(C32,'Tong hop cong'!C28:S28,17,0) -> 70 | J32: =+VLOOKUP(C32,'Tong hop cong'!C28:U28,19,0) -> 37.956066 | K32: =VLOOKUP(C32,'Tong hop cong'!C28:AA28,25,0) -> A | L32: =VLOOKUP(C32,'1'!$C$14:$L$51,10,0) -> 149616 | M32: =+VLOOKUP(C32,'Tong hop cong'!C28:V28,20,0) -> 11 | N32: =+VLOOKUP(C32,'Tong hop cong'!C28:W28,21,0) -> 3 | O32: =+VLOOKUP(C32,'Tong hop cong'!C28:X28,22,0) -> 0 | P32: =+VLOOKUP(C32,'Tong hop cong'!C28:Y28,23,0) -> 0 | Q32: =M32+N32+O32+P32 -> 14 | R32: =+VLOOKUP(C32,'1'!$C$14:$R$50,16,0) -> 20 | S32: =VLOOKUP(C32,'1'!$C$14:$S$51,17,0) -> 1263849 | U32: =H32+L32+S32 -> 1413465 | V32: =U32 -> 1413465 | W32: t1
A33: 17 | B33: 17 | C33: ='Chấm công công nhân'!L29 -> Thảo Khăm Phay | D33: =VLOOKUP(C33,'Mã số NV'!$B$6:$D$53,3,0) -> #N/A | E33: CNKT | H33: =G33*25000 -> 0 | I33: =+VLOOKUP(C33,'Tong hop cong'!C29:S29,17,0) -> 70 | J33: =+VLOOKUP(C33,'Tong hop cong'!C29:U29,19,0) -> 37.956066 | K33: =VLOOKUP(C33,'Tong hop cong'!C29:AA29,25,0) -> B | L33: =VLOOKUP(C33,'1'!$C$14:$L$51,10,0) -> 142258 | M33: =+VLOOKUP(C33,'Tong hop cong'!C29:V29,20,0) -> 11 | N33: =+VLOOKUP(C33,'Tong hop cong'!C29:W29,21,0) -> 3 | O33: =+VLOOKUP(C33,'Tong hop cong'!C29:X29,22,0) -> 0 | P33: =+VLOOKUP(C33,'Tong hop cong'!C29:Y29,23,0) -> 0 | Q33: =M33+N33+O33+P33 -> 14 | R33: =+VLOOKUP(C33,'1'!$C$14:$R$50,16,0) -> 20 | S33: =VLOOKUP(C33,'1'!$C$14:$S$51,17,0) -> 1263849 | U33: =H33+L33+S33 -> 1406107 | V33: =U33 -> 1406107 | W33: t1
A34: 18 | B34: 18 | C34: ='Chấm công công nhân'!L30 -> Thảo Sớm | D34: =VLOOKUP(C34,'Mã số NV'!$B$6:$D$53,3,0) -> #N/A | E34: CNKT | H34: =G34*25000 -> 0 | I34: =+VLOOKUP(C34,'Tong hop cong'!C30:S30,17,0) -> 134 | J34: =+VLOOKUP(C34,'Tong hop cong'!C30:U30,19,0) -> 72.658755 | K34: =VLOOKUP(C34,'Tong hop cong'!C30:AA30,25,0) -> A | L34: =VLOOKUP(C34,'1'!$C$14:$L$51,10,0) -> 286408 | M34: =+VLOOKUP(C34,'Tong hop cong'!C30:V30,20,0) -> 12 | N34: =+VLOOKUP(C34,'Tong hop cong'!C30:W30,21,0) -> 3 | O34: =+VLOOKUP(C34,'Tong hop cong'!C30:X30,22,0) -> 0 | P34: =+VLOOKUP(C34,'Tong hop cong'!C30:Y30,23,0) -> 0 | Q34: =M34+N34+O34+P34 -> 15 | R34: =+VLOOKUP(C34,'1'!$C$14:$R$50,16,0) -> 20 | S34: =VLOOKUP(C34,'1'!$C$14:$S$51,17,0) -> 1314082 | U34: =H34+L34+S34 -> 1600490 | V34: =U34 -> 1600490 | W34: t1
A35: 19 | B35: 19 | C35: ='Chấm công công nhân'!L31 -> Pha Xúc | D35: =VLOOKUP(C35,'Mã số NV'!$B$6:$D$53,3,0) -> #N/A | E35: CNKT | H35: =G35*25000 -> 0 | I35: =+VLOOKUP(C35,'Tong hop cong'!C31:S31,17,0) -> 0 | J35: =+VLOOKUP(C35,'Tong hop cong'!C31:U31,19,0) -> 0 | K35: =VLOOKUP(C35,'Tong hop cong'!C31:AA31,25,0) -> B | L35: =VLOOKUP(C35,'1'!$C$14:$L$51,10,0) -> 0 | M35: =+VLOOKUP(C35,'Tong hop cong'!C31:V31,20,0) -> 11 | N35: =+VLOOKUP(C35,'Tong hop cong'!C31:W31,21,0) -> 2 | O35: =+VLOOKUP(C35,'Tong hop cong'!C31:X31,22,0) -> 0 | P35: =+VLOOKUP(C35,'Tong hop cong'!C31:Y31,23,0) -> 0 | Q35: =M35+N35+O35+P35 -> 13 | R35: =+VLOOKUP(C35,'1'!$C$14:$R$50,16,0) -> 20 | S35: =VLOOKUP(C35,'1'!$C$14:$S$51,17,0) -> 1193418 | U35: =H35+L35+S35 -> 1193418 | V35: =U35 -> 1193418 | W35: t1
A36: 20 | B36: 20 | C36: ='Chấm công công nhân'!L32 -> Nàng Phon | D36: =VLOOKUP(C36,'Mã số NV'!$B$6:$D$53,3,0) -> #N/A | E36: CNKT | H36: =G36*25000 -> 0 | I36: =+VLOOKUP(C36,'Tong hop cong'!C32:S32,17,0) -> 40 | J36: =+VLOOKUP(C36,'Tong hop cong'!C32:U32,19,0) -> 21.689181 | K36: =VLOOKUP(C36,'Tong hop cong'!C32:AA32,25,0) -> A | L36: =VLOOKUP(C36,'1'!$C$14:$L$51,10,0) -> 85495 | M36: =+VLOOKUP(C36,'Tong hop cong'!C32:V32,20,0) -> 13 | N36: =+VLOOKUP(C36,'Tong hop cong'!C32:W32,21,0) -> 4 | O36: =+VLOOKUP(C36,'Tong hop cong'!C32:X32,22,0) -> 0 | P36: =+VLOOKUP(C36,'Tong hop cong'!C32:Y32,23,0) -> 0 | Q36: =M36+N36+O36+P36 -> 17 | R36: =+VLOOKUP(C36,'1'!$C$14:$R$50,16,0) -> 20 | S36: =VLOOKUP(C36,'1'!$C$14:$S$51,17,0) -> 1434745 | U36: =H36+L36+S36 -> 1520240 | V36: =U36 -> 1520240 | W36: t1
A37: 21 | B37: 21 | C37: ='Chấm công công nhân'!L33 -> Thảo Chăn | D37: =VLOOKUP(C37,'Mã số NV'!$B$6:$D$53,3,0) -> #N/A | E37: CNKT | H37: =G37*25000 -> 0 | I37: =+VLOOKUP(C37,'Tong hop cong'!C33:S33,17,0) -> 262 | J37: =+VLOOKUP(C37,'Tong hop cong'!C33:U33,19,0) -> 142.06413 | K37: =VLOOKUP(C37,'Tong hop cong'!C33:AA33,25,0) -> A | L37: =VLOOKUP(C37,'1'!$C$14:$L$51,10,0) -> 559991 | M37: =+VLOOKUP(C37,'Tong hop cong'!C33:V33,20,0) -> 14 | N37: =+VLOOKUP(C37,'Tong hop cong'!C33:W33,21,0) -> 3 | O37: =+VLOOKUP(C37,'Tong hop cong'!C33:X33,22,0) -> 0 | P37: =+VLOOKUP(C37,'Tong hop cong'!C33:Y33,23,0) -> 0 | Q37: =M37+N37+O37+P37 -> 17 | R37: =+VLOOKUP(C37,'1'!$C$14:$R$50,16,0) -> 20 | S37: =VLOOKUP(C37,'1'!$C$14:$S$51,17,0) -> 1414546 | U37: =H37+L37+S37 -> 1974537 | V37: =U37 -> 1974537 | W37: t1
A38: 22 | B38: 22 | C38: ='Chấm công công nhân'!L34 -> Thong La | D38: =VLOOKUP(C38,'Mã số NV'!$B$6:$D$53,3,0) -> #N/A | E38: CNKT | H38: =G38*25000 -> 0 | I38: =+VLOOKUP(C38,'Tong hop cong'!C34:S34,17,0) -> 133 | J38: =+VLOOKUP(C38,'Tong hop cong'!C34:U34,19,0) -> 72.116526 | K38: =VLOOKUP(C38,'Tong hop cong'!C34:AA34,25,0) -> A | L38: =VLOOKUP(C38,'1'!$C$14:$L$51,10,0) -> 284270 | M38: =+VLOOKUP(C38,'Tong hop cong'!C34:V34,20,0) -> 14 | N38: =+VLOOKUP(C38,'Tong hop cong'!C34:W34,21,0) -> 3 | O38: =+VLOOKUP(C38,'Tong hop cong'!C34:X34,22,0) -> 0 | P38: =+VLOOKUP(C38,'Tong hop cong'!C34:Y34,23,0) -> 0 | Q38: =M38+N38+O38+P38 -> 17 | R38: =+VLOOKUP(C38,'1'!$C$14:$R$50,16,0) -> 20 | S38: =VLOOKUP(C38,'1'!$C$14:$S$51,17,0) -> 1414546 | U38: =H38+L38+S38 -> 1698816 | V38: =U38 -> 1698816 | W38: t1
A39: 23 | B39: 23 | C39: ='Chấm công công nhân'!L35 -> Thảo Cum Pha | D39: =VLOOKUP(C39,'Mã số NV'!$B$6:$D$53,3,0) -> #N/A | E39: CNKT | H39: =G39*25000 -> 0 | I39: =+VLOOKUP(C39,'Tong hop cong'!C35:S35,17,0) -> 21 | J39: =+VLOOKUP(C39,'Tong hop cong'!C35:U35,19,0) -> 11.38682 | K39: =VLOOKUP(C39,'Tong hop cong'!C35:AA35,25,0) -> B | L39: =VLOOKUP(C39,'1'!$C$14:$L$51,10,0) -> 42677 | M39: =+VLOOKUP(C39,'Tong hop cong'!C35:V35,20,0) -> 8 | N39: =+VLOOKUP(C39,'Tong hop cong'!C35:W35,21,0) -> 2 | O39: =+VLOOKUP(C39,'Tong hop cong'!C35:X35,22,0) -> 0 | P39: =+VLOOKUP(C39,'Tong hop cong'!C35:Y35,23,0) -> 0 | Q39: =M39+N39+O39+P39 -> 10 | R39: =+VLOOKUP(C39,'1'!$C$14:$R$50,16,0) -> 20 | S39: =VLOOKUP(C39,'1'!$C$14:$S$51,17,0) -> 1042721 | U39: =H39+L39+S39 -> 1085398 | V39: =U39 -> 1085398 | W39: t1
A40: 24 | B40: 24 | C40: ='Chấm công công nhân'!L36 -> T Ô Vên | D40: =VLOOKUP(C40,'Mã số NV'!$B$6:$D$53,3,0) -> #N/A | E40: CNKT | H40: =G40*25000 -> 0 | I40: =+VLOOKUP(C40,'Tong hop cong'!C36:S36,17,0) -> 206 | J40: =+VLOOKUP(C40,'Tong hop cong'!C36:U36,19,0) -> 111.69928 | K40: =VLOOKUP(C40,'Tong hop cong'!C36:AA36,25,0) -> B | L40: =VLOOKUP(C40,'1'!$C$14:$L$51,10,0) -> 418644 | M40: =+VLOOKUP(C40,'Tong hop cong'!C36:V36,20,0) -> 14 | N40: =+VLOOKUP(C40,'Tong hop cong'!C36:W36,21,0) -> 3 | O40: =+VLOOKUP(C40,'Tong hop cong'!C36:X36,22,0) -> 0 | P40: =+VLOOKUP(C40,'Tong hop cong'!C36:Y36,23,0) -> 0 | Q40: =M40+N40+O40+P40 -> 17 | R40: =+VLOOKUP(C40,'1'!$C$14:$R$50,16,0) -> 20 | S40: =VLOOKUP(C40,'1'!$C$14:$S$51,17,0) -> 1414546 | U40: =H40+L40+S40 -> 1833190 | V40: =U40 -> 1833190 | W40: t1
A41: 25 | B41: 25 | C41: ='Chấm công công nhân'!L37 -> Nàng Lam | D41: =VLOOKUP(C41,'Mã số NV'!$B$6:$D$53,3,0) -> #N/A | E41: CNKT | H41: =G41*25000 -> 0 | I41: =+VLOOKUP(C41,'Tong hop cong'!C37:S37,17,0) -> 247 | J41: =+VLOOKUP(C41,'Tong hop cong'!C37:U37,19,0) -> 133.93069 | K41: =VLOOKUP(C41,'Tong hop cong'!C37:AA37,25,0) -> A | L41: =VLOOKUP(C41,'1'!$C$14:$L$51,10,0) -> 527931 | M41: =+VLOOKUP(C41,'Tong hop cong'!C37:V37,20,0) -> 18 | N41: =+VLOOKUP(C41,'Tong hop cong'!C37:W37,21,0) -> 4 | O41: =+VLOOKUP(C41,'Tong hop cong'!C37:X37,22,0) -> 0 | P41: =+VLOOKUP(C41,'Tong hop cong'!C37:Y37,23,0) -> 0 | Q41: =M41+N41+O41+P41 -> 22 | R41: =+VLOOKUP(C41,'1'!$C$14:$R$50,16,0) -> 20 | S41: =VLOOKUP(C41,'1'!$C$14:$S$51,17,0) -> 1685907 | U41: =H41+L41+S41 -> 2213838 | V41: =U41 -> 2213838 | W41: t1
A42: 26 | B42: 26 | C42: ='Chấm công công nhân'!L38 -> Nàng Hđao | D42: =VLOOKUP(C42,'Mã số NV'!$B$6:$D$53,3,0) -> #N/A | E42: CNKT | H42: =G42*25000 -> 0 | I42: =+VLOOKUP(C42,'Tong hop cong'!C38:S38,17,0) -> 48 | J42: =+VLOOKUP(C42,'Tong hop cong'!C38:U38,19,0) -> 26.027017 | K42: =VLOOKUP(C42,'Tong hop cong'!C38:AA38,25,0) -> B | L42: =VLOOKUP(C42,'1'!$C$14:$L$51,10,0) -> 97548 | M42: =+VLOOKUP(C42,'Tong hop cong'!C38:V38,20,0) -> 13 | N42: =+VLOOKUP(C42,'Tong hop cong'!C38:W38,21,0) -> 3 | O42: =+VLOOKUP(C42,'Tong hop cong'!C38:X38,22,0) -> 0 | P42: =+VLOOKUP(C42,'Tong hop cong'!C38:Y38,23,0) -> 0 | Q42: =M42+N42+O42+P42 -> 16 | R42: =+VLOOKUP(C42,'1'!$C$14:$R$50,16,0) -> 20 | S42: =VLOOKUP(C42,'1'!$C$14:$S$51,17,0) -> 1364314 | U42: =H42+L42+S42 -> 1461862 | V42: =U42 -> 1461862 | W42: t1
... A44: 28 | B44: 28 | C44: ='Chấm công công nhân'!L40 -> Thảo Khốc | D44: =VLOOKUP(C44,'Mã số NV'!$B$6:$D$53,3,0) -> #N/A | E44: CNKT | H44: =G44*25000 -> 0 | I44: =+VLOOKUP(C44,'Tong hop cong'!C40:S40,17,0) -> 427 | J44: =+VLOOKUP(C44,'Tong hop cong'!C40:U40,19,0) -> 231.532 | K44: =VLOOKUP(C44,'Tong hop cong'!C40:AA40,25,0) -> A | L44: =VLOOKUP(C44,'1'!$C$14:$L$51,10,0) -> 912657 | M44: =+VLOOKUP(C44,'Tong hop cong'!C40:V40,20,0) -> 19 | N44: =+VLOOKUP(C44,'Tong hop cong'!C40:W40,21,0) -> 3 | O44: =+VLOOKUP(C44,'Tong hop cong'!C40:X40,22,0) -> 0 | P44: =+VLOOKUP(C44,'Tong hop cong'!C40:Y40,23,0) -> 0 | Q44: =M44+N44+O44+P44 -> 22 | R44: =+VLOOKUP(C44,'1'!$C$14:$R$50,16,0) -> 20 | S44: =VLOOKUP(C44,'1'!$C$14:$S$51,17,0) -> 1665708 | U44: =H44+L44+S44 -> 2578365 | V44: =U44 -> 2578365 | W44: t1
A45: 29 | B45: 29 | C45: ='Chấm công công nhân'!L41 -> Thảo Sợt | E45: CNKT | H45: =G45*25000 -> 0 | I45: =+VLOOKUP(C45,'Tong hop cong'!C41:S41,17,0) -> 430 | J45: =+VLOOKUP(C45,'Tong hop cong'!C41:U41,19,0) -> 233.15869 | K45: =VLOOKUP(C45,'Tong hop cong'!C41:AA41,25,0) -> B | L45: =VLOOKUP(C45,'1'!$C$14:$L$51,10,0) -> 873869 | M45: =+VLOOKUP(C45,'Tong hop cong'!C41:V41,20,0) -> 19 | N45: =+VLOOKUP(C45,'Tong hop cong'!C41:W41,21,0) -> 3 | O45: =+VLOOKUP(C45,'Tong hop cong'!C41:X41,22,0) -> 0 | P45: =+VLOOKUP(C45,'Tong hop cong'!C41:Y41,23,0) -> 0 | Q45: =M45+N45+O45+P45 -> 22 | R45: =+VLOOKUP(C45,'1'!$C$14:$R$50,16,0) -> 20 | S45: =VLOOKUP(C45,'1'!$C$14:$S$51,17,0) -> 1665708 | U45: =H45+L45+S45 -> 2539577 | V45: =U45 -> 2539577 | W45: t1
A46: 30 | B46: 30 | C46: ='Chấm công công nhân'!L42 -> Thảo Văn | E46: CNKT | H46: =G46*25000 -> 0 | I46: =+VLOOKUP(C46,'Tong hop cong'!C42:S42,17,0) -> 0 | J46: =+VLOOKUP(C46,'Tong hop cong'!C42:U42,19,0) -> 0 | K46: =VLOOKUP(C46,'Tong hop cong'!C42:AA42,25,0) -> C | L46: =VLOOKUP(C46,'1'!$C$14:$L$51,10,0) -> 0 | M46: =+VLOOKUP(C46,'Tong hop cong'!C42:V42,20,0) -> 13 | N46: =+VLOOKUP(C46,'Tong hop cong'!C42:W42,21,0) -> 2 | O46: =+VLOOKUP(C46,'Tong hop cong'!C42:X42,22,0) -> 0 | P46: =+VLOOKUP(C46,'Tong hop cong'!C42:Y42,23,0) -> 0 | Q46: =M46+N46+O46+P46 -> 15 | R46: =+VLOOKUP(C46,'1'!$C$14:$R$50,16,0) -> 20 | S46: =VLOOKUP(C46,'1'!$C$14:$S$51,17,0) -> 1293883 | U46: =H46+L46+S46 -> 1293883 | V46: =U46 -> 1293883 | W46: t1
A47: 31 | B47: 31 | C47: ='Chấm công công nhân'!L43 -> Nàng Túc | D47: =VLOOKUP(C47,'Mã số NV'!$B$6:$D$53,3,0) -> #N/A | E47: CNKT | H47: =G47*25000 -> 0 | I47: =+VLOOKUP(C47,'Tong hop cong'!C43:S43,17,0) -> 209 | J47: =+VLOOKUP(C47,'Tong hop cong'!C43:U43,19,0) -> 113.32597 | K47: =VLOOKUP(C47,'Tong hop cong'!C43:AA43,25,0) -> A | L47: =VLOOKUP(C47,'1'!$C$14:$L$51,10,0) -> 446711 | M47: =+VLOOKUP(C47,'Tong hop cong'!C43:V43,20,0) -> 14 | N47: =+VLOOKUP(C47,'Tong hop cong'!C43:W43,21,0) -> 3 | O47: =+VLOOKUP(C47,'Tong hop cong'!C43:X43,22,0) -> 0 | P47: =+VLOOKUP(C47,'Tong hop cong'!C43:Y43,23,0) -> 0 | Q47: =M47+N47+O47+P47 -> 17 | R47: =+VLOOKUP(C47,'1'!$C$14:$R$50,16,0) -> 20 | S47: =VLOOKUP(C47,'1'!$C$14:$S$51,17,0) -> 1414546 | U47: =H47+L47+S47 -> 1861257 | V47: =U47 -> 1861257 | W47: t1
A48: 32 | B48: 32 | C48: ='Chấm công công nhân'!L44 -> Nàng Chon | E48: CNKT | H48: =G48*25000 -> 0 | I48: =+VLOOKUP(C48,'Tong hop cong'!C44:S44,17,0) -> 306 | J48: =+VLOOKUP(C48,'Tong hop cong'!C44:U44,19,0) -> 165.92223 | K48: =VLOOKUP(C48,'Tong hop cong'!C44:AA44,25,0) -> B | L48: =VLOOKUP(C48,'1'!$C$14:$L$51,10,0) -> 621870 | M48: =+VLOOKUP(C48,'Tong hop cong'!C44:V44,20,0) -> 18 | N48: =+VLOOKUP(C48,'Tong hop cong'!C44:W44,21,0) -> 4 | O48: =+VLOOKUP(C48,'Tong hop cong'!C44:X44,22,0) -> 0 | P48: =+VLOOKUP(C48,'Tong hop cong'!C44:Y44,23,0) -> 0 | Q48: =M48+N48+O48+P48 -> 22 | R48: =+VLOOKUP(C48,'1'!$C$14:$R$50,16,0) -> 20 | S48: =VLOOKUP(C48,'1'!$C$14:$S$51,17,0) -> 1685907 | U48: =H48+L48+S48 -> 2307777 | V48: =U48 -> 2307777 | W48: t1
A49: 33 | B49: 33 | C49: ='Chấm công công nhân'!L45 -> Thảo Hơ Phơ | D49: =VLOOKUP(C49,'Mã số NV'!$B$6:$D$53,3,0) -> #N/A | E49: CNKT | H49: =G49*25000 -> 0 | I49: =+VLOOKUP(C49,'Tong hop cong'!C45:S45,17,0) -> 307 | J49: =+VLOOKUP(C49,'Tong hop cong'!C45:U45,19,0) -> 166.46446 | K49: =VLOOKUP(C49,'Tong hop cong'!C45:AA45,25,0) -> A | L49: =VLOOKUP(C49,'1'!$C$14:$L$51,10,0) -> 656173 | M49: =+VLOOKUP(C49,'Tong hop cong'!C45:V45,20,0) -> 17 | N49: =+VLOOKUP(C49,'Tong hop cong'!C45:W45,21,0) -> 3 | O49: =+VLOOKUP(C49,'Tong hop cong'!C45:X45,22,0) -> 0 | P49: =+VLOOKUP(C49,'Tong hop cong'!C45:Y45,23,0) -> 0 | Q49: =M49+N49+O49+P49 -> 20 | R49: =+VLOOKUP(C49,'1'!$C$14:$R$50,16,0) -> 20 | S49: =VLOOKUP(C49,'1'!$C$14:$S$51,17,0) -> 1565244 | U49: =H49+L49+S49 -> 2221417 | V49: =U49 -> 2221417 | W49: t1
A50: 34 | B50: 34 | C50: ='Chấm công công nhân'!L46 -> Thảo Phét | E50: CNKT | H50: =G50*25000 -> 0 | I50: =+VLOOKUP(C50,'Tong hop cong'!C46:S46,17,0) -> 311 | J50: =+VLOOKUP(C50,'Tong hop cong'!C46:U46,19,0) -> 168.63338 | K50: =VLOOKUP(C50,'Tong hop cong'!C46:AA46,25,0) -> A | L50: =VLOOKUP(C50,'1'!$C$14:$L$51,10,0) -> 664722 | M50: =+VLOOKUP(C50,'Tong hop cong'!C46:V46,20,0) -> 20 | N50: =+VLOOKUP(C50,'Tong hop cong'!C46:W46,21,0) -> 3 | O50: =+VLOOKUP(C50,'Tong hop cong'!C46:X46,22,0) -> 0 | P50: =+VLOOKUP(C50,'Tong hop cong'!C46:Y46,23,0) -> 0 | Q50: =M50+N50+O50+P50 -> 23 | R50: =+VLOOKUP(C50,'1'!$C$14:$R$50,16,0) -> 20 | S50: =VLOOKUP(C50,'1'!$C$14:$S$51,17,0) -> 1715941 | U50: =H50+L50+S50 -> 2380663 | V50: =U50 -> 2380663 | W50: t1
A51: 35 | B51: 35 | C51: ='Chấm công công nhân'!L47 -> Hăn | E51: CNKT | H51: =G51*25000 -> 0 | I51: =+VLOOKUP(C51,'Tong hop cong'!C47:S47,17,0) -> 47 | J51: =+VLOOKUP(C51,'Tong hop cong'!C47:U47,19,0) -> 25.484787 | K51: =VLOOKUP(C51,'Tong hop cong'!C47:AA47,25,0) -> A | L51: =VLOOKUP(C51,'1'!$C$14:$L$51,10,0) -> 100456 | M51: =+VLOOKUP(C51,'Tong hop cong'!C47:V47,20,0) -> 17 | N51: =+VLOOKUP(C51,'Tong hop cong'!C47:W47,21,0) -> 3 | O51: =+VLOOKUP(C51,'Tong hop cong'!C47:X47,22,0) -> 0 | P51: =+VLOOKUP(C51,'Tong hop cong'!C47:Y47,23,0) -> 0 | Q51: =M51+N51+O51+P51 -> 20 | R51: =+VLOOKUP(C51,'1'!$C$14:$R$50,16,0) -> 20 | S51: =VLOOKUP(C51,'1'!$C$14:$S$51,17,0) -> 1565244 | U51: =H51+L51+S51 -> 1665700 | V51: =U51 -> 1665700 | W51: t1
A52: 36 | B52: 36 | C52: ='Chấm công công nhân'!L48 -> Thảo Tuỳ | D52: =VLOOKUP(C52,'Mã số NV'!$B$6:$D$53,3,0) -> #N/A | E52: CNKT | H52: =G52*25000 -> 0 | I52: =+VLOOKUP(C52,'Tong hop cong'!C48:S48,17,0) -> 348 | J52: =+VLOOKUP(C52,'Tong hop cong'!C48:U48,19,0) -> 188.69587 | K52: =VLOOKUP(C52,'Tong hop cong'!C48:AA48,25,0) -> A | L52: =VLOOKUP(C52,'1'!$C$14:$L$51,10,0) -> 743805 | M52: =+VLOOKUP(C52,'Tong hop cong'!C48:V48,20,0) -> 19 | N52: =+VLOOKUP(C52,'Tong hop cong'!C48:W48,21,0) -> 4 | O52: =+VLOOKUP(C52,'Tong hop cong'!C48:X48,22,0) -> 0 | P52: =+VLOOKUP(C52,'Tong hop cong'!C48:Y48,23,0) -> 0 | Q52: =M52+N52+O52+P52 -> 23 | R52: =+VLOOKUP(C52,'1'!$C$14:$R$50,16,0) -> 20 | S52: =VLOOKUP(C52,'1'!$C$14:$S$51,17,0) -> 1736139 | U52: =H52+L52+S52 -> 2479944 | V52: =U52 -> 2479944 | W52: t1
A53: 37 | B53: 37 | C53: ='Chấm công công nhân'!L49 -> Thảo Đa Văn | H53: =G53*25000 -> 0 | I53: =+VLOOKUP(C53,'Tong hop cong'!C49:S49,17,0) -> 0 | J53: =+VLOOKUP(C53,'Tong hop cong'!C49:U49,19,0) -> 0 | K53: =VLOOKUP(C53,'Tong hop cong'!C49:AA49,25,0) -> B | L53: =VLOOKUP(C53,'1'!$C$14:$L$51,10,0) -> 0 | M53: =+VLOOKUP(C53,'Tong hop cong'!C49:V49,20,0) -> 0 | N53: =+VLOOKUP(C53,'Tong hop cong'!C49:W49,21,0) -> 0 | O53: =+VLOOKUP(C53,'Tong hop cong'!C49:X49,22,0) -> 5 | P53: =+VLOOKUP(C53,'Tong hop cong'!C49:Y49,23,0) -> 1 | Q53: =M53+N53+O53+P53 -> 6 | R53: =+VLOOKUP(C53,'1'!$C$14:$R$50,16,0) -> 20 | S53: =VLOOKUP(C53,'1'!$C$14:$S$51,17,0) -> 942391 | U53: =H53+L53+S53 -> 942391 | V53: =U53 -> 942391 | W53: t1
A54: 38 | B54: 38 | C54: ='Tong hop cong'!C50 -> Thảo e | E54: CNK | G54: =VLOOKUP(C54,'Tong hop cong'!C50:R50,16,0) -> 0 | H54: =ROUND((G54*25000),0) -> 0 | J54: =+VLOOKUP(C54,'Tong hop cong'!C50:U50,18,0) -> 0 | K54: =VLOOKUP(C54,'Tong hop cong'!C50:AA50,24,0) -> 0 | L54: =VLOOKUP(C54,'1'!$C$14:$L$51,10,0) -> 0 | M54: =+VLOOKUP(C54,'Tong hop cong'!C50:V50,19,0) -> 0 | N54: =+VLOOKUP(C54,'Tong hop cong'!C50:W50,20,0) -> 0 | O54: =+VLOOKUP(C54,'Tong hop cong'!C50:X50,22,0) -> 0 | P54: =+VLOOKUP(C54,'Tong hop cong'!C50:Y50,23,0) -> 0 | S54: =VLOOKUP(C54,'1'!$C$14:$S$51,17,0) -> 0 | U54: =H54+L54+S54 -> 0 | V54: =U54 -> 0 | W54: t1
A55: B | B55: TỔ 2 | G55: =SUM(G56:G75) -> 0 | H55: =SUM(H56:H75) -> 0 | I55: =SUM(I56:I75) -> 2493 | J55: =SUM(J56:J75) -> 1327.206 | K55: =SUM(K56:K75) -> 0 | L55: =SUM(L56:L75) -> 5082268 | M55: =SUM(M56:M75) -> 232 | N55: =SUM(N56:N75) -> 27 | ... V55: =SUM(V56:V75) -> 29122938 | W55: =M55*655.8*46.1 -> 7013912.2 | X55: =N55*76.9*655.8 -> 1361637.5 | Y55: =O55*76.8*655.8 -> 705116.16 | Z55: =Q55*20000 -> 5460000 | AA55: =R55*25000 -> 9500000
A56: 38 | B56: 1 | C56: ='Chấm công công nhân'!L51 -> Thảo Xa Đết | D56: =VLOOKUP(C56,'Mã số NV'!$B$6:$D$53,3,0) -> #N/A | E56: CNKT | H56: =G56*25000 -> 0 | I56: =+VLOOKUP(C56,'Tong hop cong'!C52:S52,17,0) -> 79 | J56: =+VLOOKUP(C56,'Tong hop cong'!C52:U52,19,0) -> 42.057471 | K56: =VLOOKUP(C56,'Tong hop cong'!C52:AA52,25,0) -> B | L56: =VLOOKUP(C56,'2'!$C$19:$L$38,10,0) -> 157630 | M56: =+VLOOKUP(C56,'Tong hop cong'!C52:V52,20,0) -> 12 | N56: =+VLOOKUP(C56,'Tong hop cong'!C52:W52,21,0) -> 1 | O56: =+VLOOKUP(C56,'Tong hop cong'!C52:X52,22,0) -> 0 | P56: =+VLOOKUP(C56,'Tong hop cong'!C52:Y52,23,0) -> 0 | Q56: =M56+N56+O56+P56 -> 13 | R56: =+VLOOKUP(C56,'2'!C19:R37,16,0) -> 20 | S56: =VLOOKUP(C56,'2'!$C$19:$S$38,17,0) -> 1173220 | U56: =H56+L56+S56 -> 1330850 | V56: =U56 -> 1330850 | W56: t2
A57: 39 | B57: 2 | C57: ='Chấm công công nhân'!L52 -> Thảo Sột | D57: =VLOOKUP(C57,'Mã số NV'!$B$6:$D$53,3,0) -> #N/A | E57: CNKT | H57: =G57*25000 -> 0 | I57: =+VLOOKUP(C57,'Tong hop cong'!C53:S53,17,0) -> 314 | J57: =+VLOOKUP(C57,'Tong hop cong'!C53:U53,19,0) -> 167.16514 | K57: =VLOOKUP(C57,'Tong hop cong'!C53:AA53,25,0) -> A | L57: =VLOOKUP(C57,'2'!$C$19:$L$38,10,0) -> 658935 | M57: =+VLOOKUP(C57,'Tong hop cong'!C53:V53,20,0) -> 18 | N57: =+VLOOKUP(C57,'Tong hop cong'!C53:W53,21,0) -> 2 | O57: =+VLOOKUP(C57,'Tong hop cong'!C53:X53,22,0) -> 0 | P57: =+VLOOKUP(C57,'Tong hop cong'!C53:Y53,23,0) -> 0 | Q57: =M57+N57+O57+P57 -> 20 | R57: =+VLOOKUP(C57,'2'!C20:R38,16,0) -> 20 | S57: =VLOOKUP(C57,'2'!$C$19:$S$38,17,0) -> 1545045 | U57: =H57+L57+S57 -> 2203980 | V57: =U57 -> 2203980 | W57: t2
A58: 40 | B58: 3 | C58: ='Chấm công công nhân'!L53 -> Stoong | D58: =VLOOKUP(C58,'Mã số NV'!$B$6:$D$53,3,0) -> 01876 | E58: CNKT | H58: =G58*25000 -> 0 | I58: =+VLOOKUP(C58,'Tong hop cong'!C54:S54,17,0) -> 203 | J58: =+VLOOKUP(C58,'Tong hop cong'!C54:U54,19,0) -> 108.07173 | K58: =VLOOKUP(C58,'Tong hop cong'!C54:AA54,25,0) -> A | L58: =VLOOKUP(C58,'2'!$C$19:$L$38,10,0) -> 425999 | M58: =+VLOOKUP(C58,'Tong hop cong'!C54:V54,20,0) -> 14 | N58: =+VLOOKUP(C58,'Tong hop cong'!C54:W54,21,0) -> 2 | O58: =+VLOOKUP(C58,'Tong hop cong'!C54:X54,22,0) -> 0 | P58: =+VLOOKUP(C58,'Tong hop cong'!C54:Y54,23,0) -> 0 | Q58: =M58+N58+O58+P58 -> 16 | R58: =+VLOOKUP(C58,'2'!C21:R39,16,0) -> 20 | S58: =VLOOKUP(C58,'2'!$C$19:$S$38,17,0) -> 1344115 | U58: =H58+L58+S58 -> 1770114 | V58: =U58 -> 1770114 | W58: t2
A59: 41 | B59: 4 | C59: ='Chấm công công nhân'!L54 -> Nàng Phắt | D59: =VLOOKUP(C59,'Mã số NV'!$B$6:$D$53,3,0) -> #N/A | E59: CNKT | H59: =G59*25000 -> 0 | I59: =+VLOOKUP(C59,'Tong hop cong'!C55:S55,17,0) -> 204 | J59: =+VLOOKUP(C59,'Tong hop cong'!C55:U55,19,0) -> 108.6041 | K59: =VLOOKUP(C59,'Tong hop cong'!C55:AA55,25,0) -> B | L59: =VLOOKUP(C59,'2'!$C$19:$L$38,10,0) -> 407044 | M59: =+VLOOKUP(C59,'Tong hop cong'!C55:V55,20,0) -> 14 | N59: =+VLOOKUP(C59,'Tong hop cong'!C55:W55,21,0) -> 2 | O59: =+VLOOKUP(C59,'Tong hop cong'!C55:X55,22,0) -> 0 | P59: =+VLOOKUP(C59,'Tong hop cong'!C55:Y55,23,0) -> 0 | Q59: =M59+N59+O59+P59 -> 16 | R59: =+VLOOKUP(C59,'2'!C22:R40,16,0) -> 20 | S59: =VLOOKUP(C59,'2'!$C$19:$S$38,17,0) -> 1344115 | U59: =H59+L59+S59 -> 1751159 | V59: =U59 -> 1751159 | W59: t2
A60: 42 | B60: 5 | C60: ='Chấm công công nhân'!L55 -> Nàng May | D60: =VLOOKUP(C60,'Mã số NV'!$B$6:$D$53,3,0) -> #N/A | E60: CNKT | H60: =G60*25000 -> 0 | I60: =+VLOOKUP(C60,'Tong hop cong'!C56:S56,17,0) -> 84 | J60: =+VLOOKUP(C60,'Tong hop cong'!C56:U56,19,0) -> 44.719336 | K60: =VLOOKUP(C60,'Tong hop cong'!C56:AA56,25,0) -> B | L60: =VLOOKUP(C60,'2'!$C$19:$L$38,10,0) -> 167606 | M60: =+VLOOKUP(C60,'Tong hop cong'!C56:V56,20,0) -> 15 | N60: =+VLOOKUP(C60,'Tong hop cong'!C56:W56,21,0) -> 2 | O60: =+VLOOKUP(C60,'Tong hop cong'!C56:X56,22,0) -> 0 | P60: =+VLOOKUP(C60,'Tong hop cong'!C56:Y56,23,0) -> 0 | Q60: =M60+N60+O60+P60 -> 17 | R60: =+VLOOKUP(C60,'2'!C23:R41,16,0) -> 20 | S60: =VLOOKUP(C60,'2'!$C$19:$S$38,17,0) -> 1394348 | U60: =H60+L60+S60 -> 1561954 | V60: =U60 -> 1561954 | W60: t2
A61: 43 | B61: 6 | C61: ='Chấm công công nhân'!L56 -> Thảo Bênh | D61: =VLOOKUP(C61,'Mã số NV'!$B$6:$D$53,3,0) -> #N/A | E61: CNKT | H61: =G61*25000 -> 0 | I61: =+VLOOKUP(C61,'Tong hop cong'!C57:S57,17,0) -> 85 | J61: =+VLOOKUP(C61,'Tong hop cong'!C57:U57,19,0) -> 45.251709 | K61: =VLOOKUP(C61,'Tong hop cong'!C57:AA57,25,0) -> A | L61: =VLOOKUP(C61,'2'!$C$19:$L$38,10,0) -> 178374 | M61: =+VLOOKUP(C61,'Tong hop cong'!C57:V57,20,0) -> 15 | N61: =+VLOOKUP(C61,'Tong hop cong'!C57:W57,21,0) -> 2 | O61: =+VLOOKUP(C61,'Tong hop cong'!C57:X57,22,0) -> 0 | P61: =+VLOOKUP(C61,'Tong hop cong'!C57:Y57,23,0) -> 0 | Q61: =M61+N61+O61+P61 -> 17 | R61: =+VLOOKUP(C61,'2'!C24:R42,16,0) -> 20 | S61: =VLOOKUP(C61,'2'!$C$19:$S$38,17,0) -> 1394348 | U61: =H61+L61+S61 -> 1572722 | V61: =U61 -> 1572722 | W61: t2
A62: 44 | B62: 7 | C62: ='Chấm công công nhân'!L57 -> Thảo Đinh | D62: =VLOOKUP(C62,'Mã số NV'!$B$6:$D$53,3,0) -> 01895 | E62: CNKT | H62: =G62*25000 -> 0 | I62: =+VLOOKUP(C62,'Tong hop cong'!C58:S58,17,0) -> 254 | J62: =+VLOOKUP(C62,'Tong hop cong'!C58:U58,19,0) -> 135.22275 | K62: =VLOOKUP(C62,'Tong hop cong'!C58:AA58,25,0) -> A | L62: =VLOOKUP(C62,'2'!$C$19:$L$38,10,0) -> 533024 | M62: =+VLOOKUP(C62,'Tong hop cong'!C58:V58,20,0) -> 20 | N62: =+VLOOKUP(C62,'Tong hop cong'!C58:W58,21,0) -> 4 | O62: =+VLOOKUP(C62,'Tong hop cong'!C58:X58,22,0) -> 0 | P62: =+VLOOKUP(C62,'Tong hop cong'!C58:Y58,23,0) -> 0 | Q62: =M62+N62+O62+P62 -> 24 | R62: =+VLOOKUP(C62,'2'!C25:R43,16,0) -> 20 | S62: =VLOOKUP(C62,'2'!$C$19:$S$38,17,0) -> 1786372 | U62: =H62+L62+S62 -> 2319396 | V62: =U62 -> 2319396 | W62: t2
A63: 45 | B63: 8 | C63: ='Chấm công công nhân'!L58 -> Thảo Vi | D63: =VLOOKUP(C63,'Mã số NV'!$B$6:$D$53,3,0) -> 01908 | E63: CNKT | H63: =G63*25000 -> 0 | I63: =+VLOOKUP(C63,'Tong hop cong'!C59:S59,17,0) -> 101 | J63: =+VLOOKUP(C63,'Tong hop cong'!C59:U59,19,0) -> 53.769677 | K63: =VLOOKUP(C63,'Tong hop cong'!C59:AA59,25,0) -> B | L63: =VLOOKUP(C63,'2'!$C$19:$L$38,10,0) -> 201527 | M63: =+VLOOKUP(C63,'Tong hop cong'!C59:V59,20,0) -> 15 | N63: =+VLOOKUP(C63,'Tong hop cong'!C59:W59,21,0) -> 1 | O63: =+VLOOKUP(C63,'Tong hop cong'!C59:X59,22,0) -> 0 | P63: =+VLOOKUP(C63,'Tong hop cong'!C59:Y59,23,0) -> 0 | Q63: =M63+N63+O63+P63 -> 16 | R63: =+VLOOKUP(C63,'2'!C26:R44,16,0) -> 20 | S63: =VLOOKUP(C63,'2'!$C$19:$S$38,17,0) -> 1323917 | U63: =H63+L63+S63 -> 1525444 | V63: =U63 -> 1525444 | W63: t2
A64: 46 | B64: 9 | C64: ='Chấm công công nhân'!L59 -> Thảo Văn | E64: CNKT | H64: =G64*25000 -> 0 | I64: =+VLOOKUP(C64,'Tong hop cong'!C60:S60,17,0) -> 242 | J64: =+VLOOKUP(C64,'Tong hop cong'!C60:U60,19,0) -> 128.83428 | K64: =VLOOKUP(C64,'Tong hop cong'!C60:AA60,25,0) -> B | L64: =VLOOKUP(C64,'2'!$C$19:$L$38,10,0) -> 482866 | M64: =+VLOOKUP(C64,'Tong hop cong'!C60:V60,20,0) -> 20 | N64: =+VLOOKUP(C64,'Tong hop cong'!C60:W60,21,0) -> 2 | O64: =+VLOOKUP(C64,'Tong hop cong'!C60:X60,22,0) -> 0 | P64: =+VLOOKUP(C64,'Tong hop cong'!C60:Y60,23,0) -> 0 | Q64: =M64+N64+O64+P64 -> 22 | R64: =+VLOOKUP(C64,'2'!C27:R45,16,0) -> 20 | S64: =VLOOKUP(C64,'2'!$C$19:$S$38,17,0) -> 1645510 | U64: =H64+L64+S64 -> 2128376 | V64: =U64 -> 2128376 | W64: t2
A65: 47 | B65: 10 | C65: ='Chấm công công nhân'!L60 -> Nàng Phìn | E65: CNKT | H65: =G65*25000 -> 0 | I65: =+VLOOKUP(C65,'Tong hop cong'!C61:S61,17,0) -> 232 | J65: =+VLOOKUP(C65,'Tong hop cong'!C61:U61,19,0) -> 123.51055 | K65: =VLOOKUP(C65,'Tong hop cong'!C61:AA61,25,0) -> A | L65: =VLOOKUP(C65,'2'!$C$19:$L$38,10,0) -> 486856 | M65: =+VLOOKUP(C65,'Tong hop cong'!C61:V61,20,0) -> 17 | N65: =+VLOOKUP(C65,'Tong hop cong'!C61:W61,21,0) -> 2 | O65: =+VLOOKUP(C65,'Tong hop cong'!C61:X61,22,0) -> 0 | P65: =+VLOOKUP(C65,'Tong hop cong'!C61:Y61,23,0) -> 0 | Q65: =M65+N65+O65+P65 -> 19 | R65: =+VLOOKUP(C65,'2'!C28:R46,16,0) -> 20 | S65: =VLOOKUP(C65,'2'!$C$19:$S$38,17,0) -> 1494813 | U65: =H65+L65+S65 -> 1981669 | V65: =U65 -> 1981669 | W65: t2
A66: 48 | B66: 11 | C66: ='Chấm công công nhân'!L61 -> Mẹ Sột | D66: =VLOOKUP(C66,'Mã số NV'!$B$6:$D$53,3,0) -> #N/A | E66: CNKT | H66: =G66*25000 -> 0 | I66: =+VLOOKUP(C66,'Tong hop cong'!C62:S62,17,0) -> 216 | J66: =+VLOOKUP(C66,'Tong hop cong'!C62:U62,19,0) -> 114.99258 | K66: =VLOOKUP(C66,'Tong hop cong'!C62:AA62,25,0) -> C | L66: =VLOOKUP(C66,'2'!$C$19:$L$38,10,0) -> 408695 | M66: =+VLOOKUP(C66,'Tong hop cong'!C62:V62,20,0) -> 17 | N66: =+VLOOKUP(C66,'Tong hop cong'!C62:W62,21,0) -> 2 | O66: =+VLOOKUP(C66,'Tong hop cong'!C62:X62,22,0) -> 0 | P66: =+VLOOKUP(C66,'Tong hop cong'!C62:Y62,23,0) -> 0 | Q66: =M66+N66+O66+P66 -> 19 | R66: =+VLOOKUP(C66,'2'!C29:R47,16,0) -> 20 | S66: =VLOOKUP(C66,'2'!$C$19:$S$38,17,0) -> 1494813 | U66: =H66+L66+S66 -> 1903508 | V66: =U66 -> 1903508 | W66: t2
A67: 49 | B67: 12 | C67: ='Chấm công công nhân'!L62 -> Nàng Heo | D67: =VLOOKUP(C67,'Mã số NV'!$B$6:$D$53,3,0) -> #N/A | E67: CNKT | H67: =G67*25000 -> 0 | I67: =+VLOOKUP(C67,'Tong hop cong'!C63:S63,17,0) -> 102 | J67: =+VLOOKUP(C67,'Tong hop cong'!C63:U63,19,0) -> 54.302051 | K67: =VLOOKUP(C67,'Tong hop cong'!C63:AA63,25,0) -> A | L67: =VLOOKUP(C67,'2'!$C$19:$L$38,10,0) -> 214049 | M67: =+VLOOKUP(C67,'Tong hop cong'!C63:V63,20,0) -> 15 | N67: =+VLOOKUP(C67,'Tong hop cong'!C63:W63,21,0) -> 1 | O67: =+VLOOKUP(C67,'Tong hop cong'!C63:X63,22,0) -> 0 | P67: =+VLOOKUP(C67,'Tong hop cong'!C63:Y63,23,0) -> 0 | Q67: =M67+N67+O67+P67 -> 16 | R67: =+VLOOKUP(C67,'2'!C30:R48,16,0) -> 20 | S67: =VLOOKUP(C67,'2'!$C$19:$S$38,17,0) -> 1323917 | U67: =H67+L67+S67 -> 1537966 | V67: =U67 -> 1537966 | W67: t2
A68: 50 | B68: 13 | C68: ='Chấm công công nhân'!L63 -> Thảo Chăn Ti | E68: CNKT | H68: =G68*25000 -> 0 | I68: =+VLOOKUP(C68,'Tong hop cong'!C64:S64,17,0) -> 71 | J68: =+VLOOKUP(C68,'Tong hop cong'!C64:U64,19,0) -> 37.798486 | K68: =VLOOKUP(C68,'Tong hop cong'!C64:AA64,25,0) -> B | L68: =VLOOKUP(C68,'2'!$C$19:$L$38,10,0) -> 141667 | M68: =+VLOOKUP(C68,'Tong hop cong'!C64:V64,20,0) -> 12 | N68: =+VLOOKUP(C68,'Tong hop cong'!C64:W64,21,0) -> 1 | O68: =+VLOOKUP(C68,'Tong hop cong'!C64:X64,22,0) -> 0 | P68: =+VLOOKUP(C68,'Tong hop cong'!C64:Y64,23,0) -> 0 | Q68: =M68+N68+O68+P68 -> 13 | R68: =+VLOOKUP(C68,'2'!C31:R49,16,0) -> 20 | S68: =VLOOKUP(C68,'2'!$C$19:$S$38,17,0) -> 1173220 | U68: =H68+L68+S68 -> 1314887 | V68: =U68 -> 1314887 | W68: t2
A69: 51 | B69: 14 | C69: ='Chấm công công nhân'!L64 -> Nàng Ve | E69: CNKT | H69: =G69*25000 -> 0 | I69: =+VLOOKUP(C69,'Tong hop cong'!C65:S65,17,0) -> 234 | J69: =+VLOOKUP(C69,'Tong hop cong'!C65:U65,19,0) -> 124.57529 | K69: =VLOOKUP(C69,'Tong hop cong'!C65:AA65,25,0) -> B | L69: =VLOOKUP(C69,'2'!$C$19:$L$38,10,0) -> 466903 | M69: =+VLOOKUP(C69,'Tong hop cong'!C65:V65,20,0) -> 16 | N69: =+VLOOKUP(C69,'Tong hop cong'!C65:W65,21,0) -> 2 | O69: =+VLOOKUP(C69,'Tong hop cong'!C65:X65,22,0) -> 0 | P69: =+VLOOKUP(C69,'Tong hop cong'!C65:Y65,23,0) -> 0 | Q69: =M69+N69+O69+P69 -> 18 | R69: =+VLOOKUP(C69,'2'!C32:R50,16,0) -> 20 | S69: =VLOOKUP(C69,'2'!$C$19:$S$38,17,0) -> 1444580 | U69: =H69+L69+S69 -> 1911483 | V69: =U69 -> 1911483 | W69: t2
A70: 52 | B70: 15 | C70: ='Chấm công công nhân'!L65 -> Nàng Phết | E70: CNKT | H70: =G70*25000 -> 0 | I70: =+VLOOKUP(C70,'Tong hop cong'!C66:S66,17,0) -> 72 | J70: =+VLOOKUP(C70,'Tong hop cong'!C66:U66,19,0) -> 38.330859 | K70: =VLOOKUP(C70,'Tong hop cong'!C66:AA66,25,0) -> A | L70: =VLOOKUP(C70,'2'!$C$19:$L$38,10,0) -> 151093 | M70: =+VLOOKUP(C70,'Tong hop cong'!C66:V66,20,0) -> 12 | N70: =+VLOOKUP(C70,'Tong hop cong'!C66:W66,21,0) -> 1 | O70: =+VLOOKUP(C70,'Tong hop cong'!C66:X66,22,0) -> 0 | P70: =+VLOOKUP(C70,'Tong hop cong'!C66:Y66,23,0) -> 0 | Q70: =M70+N70+O70+P70 -> 13 | R70: =+VLOOKUP(C70,'2'!C33:R51,16,0) -> 20 | S70: =VLOOKUP(C70,'2'!$C$19:$S$38,17,0) -> 1173220 | U70: =H70+L70+S70 -> 1324313 | V70: =U70 -> 1324313 | W70: t2
A71: 53 | B71: 16 | C71: ='Chấm công công nhân'!L66 -> Thảo On | H71: =G71*25000 -> 0 | I71: =+VLOOKUP(C71,'Tong hop cong'!C67:S67,17,0) -> 0 | J71: =+VLOOKUP(C71,'Tong hop cong'!C67:U67,19,0) -> 0 | K71: =VLOOKUP(C71,'Tong hop cong'!C67:AA67,25,0) -> A | L71: =VLOOKUP(C71,'2'!$C$19:$L$38,10,0) -> 0 | M71: =+VLOOKUP(C71,'Tong hop cong'!C67:V67,20,0) -> 0 | N71: =+VLOOKUP(C71,'Tong hop cong'!C67:W67,21,0) -> 0 | O71: =+VLOOKUP(C71,'Tong hop cong'!C67:X67,22,0) -> 4 | P71: =+VLOOKUP(C71,'Tong hop cong'!C67:Y67,23,0) -> 0 | Q71: =M71+N71+O71+P71 -> 4 | R71: =+VLOOKUP(C71,'2'!C34:R52,16,0) -> 20 | S71: =VLOOKUP(C71,'2'!$C$19:$S$38,17,0) -> 781462 | U71: =H71+L71+S71 -> 781462 | V71: =U71 -> 781462 | W71: t2
A72: 54 | B72: 17 | C72: ='Chấm công công nhân'!L67 -> Thảo Sum | H72: =G72*25000 -> 0 | I72: =+VLOOKUP(C72,'Tong hop cong'!C68:S68,17,0) -> 0 | J72: =+VLOOKUP(C72,'Tong hop cong'!C68:U68,19,0) -> 0 | K72: =VLOOKUP(C72,'Tong hop cong'!C68:AA68,25,0) -> B | L72: =VLOOKUP(C72,'2'!$C$19:$L$38,10,0) -> 0 | M72: =+VLOOKUP(C72,'Tong hop cong'!C68:V68,20,0) -> 0 | N72: =+VLOOKUP(C72,'Tong hop cong'!C68:W68,21,0) -> 0 | O72: =+VLOOKUP(C72,'Tong hop cong'!C68:X68,22,0) -> 4 | P72: =+VLOOKUP(C72,'Tong hop cong'!C68:Y68,23,0) -> 0 | Q72: =M72+N72+O72+P72 -> 4 | R72: =+VLOOKUP(C72,'2'!C35:R53,16,0) -> 20 | S72: =VLOOKUP(C72,'2'!$C$19:$S$38,17,0) -> 781462 | U72: =H72+L72+S72 -> 781462 | V72: =U72 -> 781462 | W72: t2
A73: 55 | B73: 18 | C73: ='Chấm công công nhân'!L68 -> Cha La | H73: =G73*25000 -> 0 | I73: =+VLOOKUP(C73,'Tong hop cong'!C69:S69,17,0) -> 0 | J73: =+VLOOKUP(C73,'Tong hop cong'!C69:U69,19,0) -> 0 | K73: =VLOOKUP(C73,'Tong hop cong'!C69:AA69,25,0) -> A | L73: =VLOOKUP(C73,'2'!$C$19:$L$38,10,0) -> 0 | M73: =+VLOOKUP(C73,'Tong hop cong'!C69:V69,20,0) -> 0 | N73: =+VLOOKUP(C73,'Tong hop cong'!C69:W69,21,0) -> 0 | O73: =+VLOOKUP(C73,'Tong hop cong'!C69:X69,22,0) -> 4 | P73: =+VLOOKUP(C73,'Tong hop cong'!C69:Y69,23,0) -> 0 | Q73: =M73+N73+O73+P73 -> 4 | R73: =+VLOOKUP(C73,'2'!C36:R54,16,0) -> 20 | S73: =VLOOKUP(C73,'2'!$C$19:$S$38,17,0) -> 781462 | U73: =H73+L73+S73 -> 781462 | V73: =U73 -> 781462 | W73: t2
A74: 56 | B74: 19 | C74: ='Chấm công công nhân'!L69 -> Nàng Binh | H74: =G74*25000 -> 0 | I74: =+VLOOKUP(C74,'Tong hop cong'!C70:S70,17,0) -> 0 | J74: =+VLOOKUP(C74,'Tong hop cong'!C70:U70,19,0) -> 0 | K74: =VLOOKUP(C74,'Tong hop cong'!C70:AA70,25,0) -> C | L74: =VLOOKUP(C74,'2'!$C$19:$L$38,10,0) -> 0 | M74: =+VLOOKUP(C74,'Tong hop cong'!C70:V70,20,0) -> 0 | N74: =+VLOOKUP(C74,'Tong hop cong'!C70:W70,21,0) -> 0 | O74: =+VLOOKUP(C74,'Tong hop cong'!C70:X70,22,0) -> 2 | P74: =+VLOOKUP(C74,'Tong hop cong'!C70:Y70,23,0) -> 0 | Q74: =M74+N74+O74+P74 -> 2 | R74: =+VLOOKUP(C74,'2'!C37:R55,16,0) -> 20 | S74: =VLOOKUP(C74,'2'!$C$19:$S$38,17,0) -> 640731 | U74: =H74+L74+S74 -> 640731 | V74: =U74 -> 640731 | W74: t2
A75: 58 | B75: 20 | C75: ='Tong hop cong'!C71 -> Thảo e | G75: =VLOOKUP(C75,'Tong hop cong'!C71:R71,16,0) -> 0 | H75: =ROUND((G75*25000),0) -> 0 | J75: =+VLOOKUP(C75,'Tong hop cong'!C71:U85,18,0) -> 0 | K75: =+VLOOKUP(C75,'Tong hop cong'!C71:AA71,24,0) -> 0 | L75: =VLOOKUP(C75,'2'!$C$19:$L$38,10,0) -> 0 | M75: =+VLOOKUP(C75,'Tong hop cong'!C71:V71,19,0) -> 0 | N75: =+VLOOKUP(C75,'Tong hop cong'!C71:W71,21,0) -> 0 | O75: =+VLOOKUP(C75,'Tong hop cong'!C71:X71,21,0) -> 0 | P75: =+VLOOKUP(C75,'Tong hop cong'!C71:Y71,22,0) -> 0 | Q75: =M75+N75 -> 0 | S75: =VLOOKUP(C75,'2'!$C$19:$S$38,17,0) -> 0 | U75: =H75+L75+S75 -> 0 | V75: =U75 -> 0 | W75: t2 | Y75: 688.6
A76: C | B76: TỔ 3 | G76: =SUM(G77:G93) -> 0 | H76: =SUM(H77:H93) -> 0 | I76: =SUM(I77:I93) -> 1366 | J76: =SUM(J77:J93) -> 842.688 | L76: =SUM(L77:L93) -> 3586621 | M76: =SUM(M77:M93) -> 191 | N76: =SUM(N77:N93) -> 33 | O76: =SUM(O77:O93) -> 0 | P76: =SUM(P77:P93) -> 0 | Q76: =SUM(Q77:Q93) -> 0 | R76: =SUM(R77:R93) -> 320 | S76: =SUM(S77:S93) -> 30400000 | ... V76: =SUM(V77:V93) -> 33986621 | W76: =M76*46.1*655.8 -> 5774384.6 | X76: =N76*76.9*655.8 -> 1664223.7 | Y76: =R76*25000 -> 8000000
A77: 57 | B77: 1 | C77: ='Chấm công công nhân'!L71 -> Thảo Bun | D77: =VLOOKUP(C77,'Mã số NV'!$B$6:$D$53,3,0) -> #N/A | E77: CNKT | H77: =G77*25000 -> 0 | I77: =+VLOOKUP(C77,'Tong hop cong'!C73:S73,17,0) -> 218 | J77: =+VLOOKUP(C77,'Tong hop cong'!C73:U73,19,0) -> 134.48461 | K77: =VLOOKUP(C77,'Tong hop cong'!C73:AA73,25,0) -> B | L77: =VLOOKUP(C77,'3'!$C$16:$L$32,10,0) -> 556185 | M77: =+VLOOKUP(C77,'Tong hop cong'!C73:V73,20,0) -> 19 | N77: =+VLOOKUP(C77,'Tong hop cong'!C73:W73,21,0) -> 4 | O77: =+VLOOKUP(C77,'Tong hop cong'!C73:X73,22,0) -> 0 | P77: =+VLOOKUP(C77,'Tong hop cong'!C73:Y73,22,0) -> 0 | R77: =+VLOOKUP(C77,'3'!C16:O31,13,0) -> 20 | S77: =VLOOKUP(C77,'3'!$C$16:$P$32,14,0) -> 2800000 | U77: =H77+L77+S77+T77 -> 3356185 | V77: =U77 -> 3356185 | W77: t3 | AB77: =SUM(T77:T81) -> 0
A78: 58 | B78: 2 | C78: ='Chấm công công nhân'!L72 -> Thảo Nga | D78: =VLOOKUP(C78,'Mã số NV'!$B$6:$D$53,3,0) -> #N/A | E78: CNKT | H78: =G78*25000 -> 0 | I78: =+VLOOKUP(C78,'Tong hop cong'!C74:S74,17,0) -> 189 | J78: =+VLOOKUP(C78,'Tong hop cong'!C74:U74,19,0) -> 116.59446 | K78: =VLOOKUP(C78,'Tong hop cong'!C74:AA74,25,0) -> A | L78: =VLOOKUP(C78,'3'!$C$16:$L$32,10,0) -> 504800 | M78: =+VLOOKUP(C78,'Tong hop cong'!C74:V74,20,0) -> 15 | N78: =+VLOOKUP(C78,'Tong hop cong'!C74:W74,21,0) -> 3 | O78: =+VLOOKUP(C78,'Tong hop cong'!C74:X74,22,0) -> 0 | P78: =+VLOOKUP(C78,'Tong hop cong'!C74:Y74,22,0) -> 0 | R78: =+VLOOKUP(C78,'3'!C17:O32,13,0) -> 20 | S78: =VLOOKUP(C78,'3'!$C$16:$P$32,14,0) -> 2300000 | U78: =H78+L78+S78+T78 -> 2804800 | V78: =U78 -> 2804800 | W78: t3
A79: 59 | B79: 3 | C79: ='Chấm công công nhân'!L73 -> Thảo Tia | D79: =VLOOKUP(C79,'Mã số NV'!$B$6:$D$53,3,0) -> #N/A | E79: CNKT | H79: =G79*25000 -> 0 | I79: =+VLOOKUP(C79,'Tong hop cong'!C75:S75,17,0) -> 211 | J79: =+VLOOKUP(C79,'Tong hop cong'!C75:U75,19,0) -> 130.1663 | K79: =VLOOKUP(C79,'Tong hop cong'!C75:AA75,25,0) -> A | L79: =VLOOKUP(C79,'3'!$C$16:$L$32,10,0) -> 563560 | M79: =+VLOOKUP(C79,'Tong hop cong'!C75:V75,20,0) -> 16 | N79: =+VLOOKUP(C79,'Tong hop cong'!C75:W75,21,0) -> 3 | O79: =+VLOOKUP(C79,'Tong hop cong'!C75:X75,22,0) -> 0 | P79: =+VLOOKUP(C79,'Tong hop cong'!C75:Y75,22,0) -> 0 | R79: =+VLOOKUP(C79,'3'!C18:O33,13,0) -> 20 | S79: =VLOOKUP(C79,'3'!$C$16:$P$32,14,0) -> 2400000 | U79: =H79+L79+S79+T79 -> 2963560 | V79: =U79 -> 2963560 | W79: t3
A80: 60 | B80: 4 | C80: ='Chấm công công nhân'!L74 -> Thảo Nuy | E80: CNKT | H80: =G80*25000 -> 0 | I80: =+VLOOKUP(C80,'Tong hop cong'!C76:S76,17,0) -> 211 | J80: =+VLOOKUP(C80,'Tong hop cong'!C76:U76,19,0) -> 130.1663 | K80: =VLOOKUP(C80,'Tong hop cong'!C76:AA76,25,0) -> B | L80: =VLOOKUP(C80,'3'!$C$16:$L$32,10,0) -> 538326 | M80: =+VLOOKUP(C80,'Tong hop cong'!C76:V76,20,0) -> 15 | N80: =+VLOOKUP(C80,'Tong hop cong'!C76:W76,21,0) -> 3 | O80: =+VLOOKUP(C80,'Tong hop cong'!C76:X76,22,0) -> 0 | P80: =+VLOOKUP(C80,'Tong hop cong'!C76:Y76,22,0) -> 0 | R80: =+VLOOKUP(C80,'3'!C19:O34,13,0) -> 20 | S80: =VLOOKUP(C80,'3'!$C$16:$P$32,14,0) -> 2300000 | U80: =H80+L80+S80+T80 -> 2838326 | V80: =U80 -> 2838326 | W80: t3
A81: 61 | B81: 5 | C81: ='Chấm công công nhân'!L75 -> Thảo Xay | E81: CNKT | H81: =G81*25000 -> 0 | I81: =+VLOOKUP(C81,'Tong hop cong'!C77:S77,17,0) -> 65 | J81: =+VLOOKUP(C81,'Tong hop cong'!C77:U77,19,0) -> 40.098624 | K81: =VLOOKUP(C81,'Tong hop cong'!C77:AA77,25,0) -> B | L81: =VLOOKUP(C81,'3'!$C$16:$L$32,10,0) -> 165835 | M81: =+VLOOKUP(C81,'Tong hop cong'!C77:V77,20,0) -> 10 | N81: =+VLOOKUP(C81,'Tong hop cong'!C77:W77,21,0) -> 2 | O81: =+VLOOKUP(C81,'Tong hop cong'!C77:X77,22,0) -> 0 | P81: =+VLOOKUP(C81,'Tong hop cong'!C77:Y77,22,0) -> 0 | R81: =+VLOOKUP(C81,'3'!C20:O35,13,0) -> 20 | S81: =VLOOKUP(C81,'3'!$C$16:$P$32,14,0) -> 1700000 | U81: =H81+L81+S81+T81 -> 1865835 | V81: =U81 -> 1865835 | W81: t3
A82: 62 | B82: 6 | C82: ='Chấm công công nhân'!L76 -> Nàng Nọi | E82: CNKT | H82: =G82*25000 -> 0 | I82: =+VLOOKUP(C82,'Tong hop cong'!C78:S78,17,0) -> 0 | J82: =+VLOOKUP(C82,'Tong hop cong'!C78:U78,19,0) -> 0 | K82: =VLOOKUP(C82,'Tong hop cong'!C78:AA78,25,0) -> B | L82: =VLOOKUP(C82,'3'!$C$16:$L$32,10,0) -> 0 | M82: =+VLOOKUP(C82,'Tong hop cong'!C78:V78,20,0) -> 10 | N82: =+VLOOKUP(C82,'Tong hop cong'!C78:W78,21,0) -> 1 | O82: =+VLOOKUP(C82,'Tong hop cong'!C78:X78,22,0) -> 0 | P82: =+VLOOKUP(C82,'Tong hop cong'!C78:Y78,22,0) -> 0 | R82: =+VLOOKUP(C82,'3'!C21:O36,13,0) -> 20 | S82: =VLOOKUP(C82,'3'!$C$16:$P$32,14,0) -> 1600000 | U82: =H82+L82+S82 -> 1600000 | V82: =U82 -> 1600000 | W82: t3
A83: 63 | B83: 7 | C83: ='Chấm công công nhân'!L77 -> Thảo Khon | E83: CNKT | H83: =G83*25000 -> 0 | I83: =+VLOOKUP(C83,'Tong hop cong'!C79:S79,17,0) -> 212 | J83: =+VLOOKUP(C83,'Tong hop cong'!C79:U79,19,0) -> 130.7832 | K83: =VLOOKUP(C83,'Tong hop cong'!C79:AA79,25,0) -> A | L83: =VLOOKUP(C83,'3'!$C$16:$L$32,10,0) -> 566231 | M83: =+VLOOKUP(C83,'Tong hop cong'!C79:V79,20,0) -> 15 | N83: =+VLOOKUP(C83,'Tong hop cong'!C79:W79,21,0) -> 3 | O83: =+VLOOKUP(C83,'Tong hop cong'!C79:X79,22,0) -> 0 | P83: =+VLOOKUP(C83,'Tong hop cong'!C79:Y79,22,0) -> 0 | R83: =+VLOOKUP(C83,'3'!C22:O37,13,0) -> 20 | S83: =VLOOKUP(C83,'3'!$C$16:$P$32,14,0) -> 2300000 | U83: =H83+L83+S83 -> 2866231 | V83: =U83 -> 2866231 | W83: t3
A84: 64 | B84: 8 | C84: ='Chấm công công nhân'!L78 -> Thảo Tưng | H84: =G84*25000 -> 0 | I84: =+VLOOKUP(C84,'Tong hop cong'!C80:S80,17,0) -> 23 | J84: =+VLOOKUP(C84,'Tong hop cong'!C80:U80,19,0) -> 14.188744 | K84: =VLOOKUP(C84,'Tong hop cong'!C80:AA80,25,0) -> B | L84: =VLOOKUP(C84,'3'!$C$16:$L$32,10,0) -> 58680 | M84: =+VLOOKUP(C84,'Tong hop cong'!C80:V80,20,0) -> 14 | N84: =+VLOOKUP(C84,'Tong hop cong'!C80:W80,21,0) -> 1 | O84: =+VLOOKUP(C84,'Tong hop cong'!C80:X80,22,0) -> 0 | P84: =+VLOOKUP(C84,'Tong hop cong'!C80:Y80,22,0) -> 0 | R84: =+VLOOKUP(C84,'3'!C23:O38,13,0) -> 20 | S84: =VLOOKUP(C84,'3'!$C$16:$P$32,14,0) -> 2000000 | U84: =H84+L84+S84 -> 2058680 | V84: =U84 -> 2058680 | W84: t3
A85: 65 | B85: 9 | C85: ='Chấm công công nhân'!L79 -> Thảo Bắt | H85: =G85*25000 -> 0 | I85: =+VLOOKUP(C85,'Tong hop cong'!C81:S81,17,0) -> 169 | J85: =+VLOOKUP(C85,'Tong hop cong'!C81:U81,19,0) -> 104.25642 | K85: =VLOOKUP(C85,'Tong hop cong'!C81:AA81,25,0) -> A | L85: =VLOOKUP(C85,'3'!$C$16:$L$32,10,0) -> 451382 | M85: =+VLOOKUP(C85,'Tong hop cong'!C81:V81,20,0) -> 18 | N85: =+VLOOKUP(C85,'Tong hop cong'!C81:W81,21,0) -> 3 | O85: =+VLOOKUP(C85,'Tong hop cong'!C81:X81,22,0) -> 0 | P85: =+VLOOKUP(C85,'Tong hop cong'!C81:Y81,22,0) -> 0 | R85: =+VLOOKUP(C85,'3'!C24:O39,13,0) -> 20 | S85: =VLOOKUP(C85,'3'!$C$16:$P$32,14,0) -> 2600000 | U85: =H85+L85+S85 -> 3051382 | V85: =U85 -> 3051382 | W85: t3
A86: 66 | B86: 10 | C86: ='Chấm công công nhân'!L80 -> Thảo Lay | H86: =G86*25000 -> 0 | I86: =+VLOOKUP(C86,'Tong hop cong'!C82:S82,17,0) -> 0 | J86: =+VLOOKUP(C86,'Tong hop cong'!C82:U82,19,0) -> 0 | K86: =VLOOKUP(C86,'Tong hop cong'!C82:AA82,25,0) -> B | L86: =VLOOKUP(C86,'3'!$C$16:$L$32,10,0) -> 0 | M86: =+VLOOKUP(C86,'Tong hop cong'!C82:V82,20,0) -> 0 | N86: =+VLOOKUP(C86,'Tong hop cong'!C82:W82,21,0) -> 0 | O86: =+VLOOKUP(C86,'Tong hop cong'!C82:X82,22,0) -> 0 | P86: =+VLOOKUP(C86,'Tong hop cong'!C82:Y82,22,0) -> 0 | R86: =+VLOOKUP(C86,'3'!C25:O40,13,0) -> 20 | S86: =VLOOKUP(C86,'3'!$C$16:$P$32,14,0) -> 500000 | U86: =H86+L86+S86 -> 500000 | V86: =U86 -> 500000 | W86: t3 | X86: =M77*46.1*655.8 -> 574415.22 | Y86: =N77*76.9*655.8 -> 201724.08 | Z86: =R77*25000 -> 500000
A87: 67 | B87: 11 | C87: ='Chấm công công nhân'!L81 -> Thảo Chăn | H87: =G87*25000 -> 0 | I87: =+VLOOKUP(C87,'Tong hop cong'!C83:S83,17,0) -> 20 | J87: =+VLOOKUP(C87,'Tong hop cong'!C83:U83,19,0) -> 12.338038 | K87: =VLOOKUP(C87,'Tong hop cong'!C83:AA83,25,0) -> A | L87: =VLOOKUP(C87,'3'!$C$16:$L$32,10,0) -> 53418 | M87: =+VLOOKUP(C87,'Tong hop cong'!C83:V83,20,0) -> 13 | N87: =+VLOOKUP(C87,'Tong hop cong'!C83:W83,21,0) -> 2 | O87: =+VLOOKUP(C87,'Tong hop cong'!C83:X83,22,0) -> 0 | P87: =+VLOOKUP(C87,'Tong hop cong'!C83:Y83,22,0) -> 0 | R87: =+VLOOKUP(C87,'3'!C26:O41,13,0) -> 20 | S87: =VLOOKUP(C87,'3'!$C$16:$P$32,14,0) -> 2000000 | U87: =H87+L87+S87 -> 2053418 | V87: =U87 -> 2053418 | W87: t3
A88: 68 | B88: 12 | C88: ='Chấm công công nhân'!L82 -> Thảo Lăm Ma | H88: =G88*25000 -> 0 | I88: =+VLOOKUP(C88,'Tong hop cong'!C84:S84,17,0) -> 0 | J88: =+VLOOKUP(C88,'Tong hop cong'!C84:U84,19,0) -> 0 | K88: =VLOOKUP(C88,'Tong hop cong'!C84:AA84,25,0) -> B | L88: =VLOOKUP(C88,'3'!$C$16:$L$32,10,0) -> 0 | M88: =+VLOOKUP(C88,'Tong hop cong'!C84:V84,20,0) -> 1 | N88: =+VLOOKUP(C88,'Tong hop cong'!C84:W84,21,0) -> 0 | O88: =+VLOOKUP(C88,'Tong hop cong'!C84:X84,22,0) -> 0 | P88: =+VLOOKUP(C88,'Tong hop cong'!C84:Y84,22,0) -> 0 | R88: =+VLOOKUP(C88,'3'!C27:O42,13,0) -> 20 | S88: =VLOOKUP(C88,'3'!$C$16:$P$32,14,0) -> 600000 | U88: =H88+L88+S88 -> 600000 | V88: =U88 -> 600000 | W88: t3
A89: 69 | B89: 13 | C89: ='Chấm công công nhân'!L83 -> Phò Đăm | H89: =G89*25000 -> 0 | I89: =+VLOOKUP(C89,'Tong hop cong'!C85:S85,17,0) -> 0 | J89: =+VLOOKUP(C89,'Tong hop cong'!C85:U85,19,0) -> 0 | K89: =VLOOKUP(C89,'Tong hop cong'!C85:AA85,25,0) -> B | L89: =VLOOKUP(C89,'3'!$C$16:$L$32,10,0) -> 0 | M89: =+VLOOKUP(C89,'Tong hop cong'!C85:V85,20,0) -> 15 | N89: =+VLOOKUP(C89,'Tong hop cong'!C85:W85,21,0) -> 2 | O89: =+VLOOKUP(C89,'Tong hop cong'!C85:X85,22,0) -> 0 | P89: =+VLOOKUP(C89,'Tong hop cong'!C85:Y85,22,0) -> 0 | R89: =+VLOOKUP(C89,'3'!C28:O43,13,0) -> 20 | S89: =VLOOKUP(C89,'3'!$C$16:$P$32,14,0) -> 2200000 | U89: =H89+L89+S89 -> 2200000 | V89: =U89 -> 2200000 | W89: t3 | Y89: =M76+N76 -> 224
A90: 70 | B90: 14 | C90: ='Chấm công công nhân'!L84 -> Thảo Đăm Đi | H90: =G90*25000 -> 0 | I90: =+VLOOKUP(C90,'Tong hop cong'!C86:S86,17,0) -> 0 | J90: =+VLOOKUP(C90,'Tong hop cong'!C86:U86,19,0) -> 0 | K90: =VLOOKUP(C90,'Tong hop cong'!C86:AA86,25,0) -> B | L90: =VLOOKUP(C90,'3'!$C$16:$L$32,10,0) -> 0 | M90: =+VLOOKUP(C90,'Tong hop cong'!C86:V86,20,0) -> 1 | N90: =+VLOOKUP(C90,'Tong hop cong'!C86:W86,21,0) -> 0 | O90: =+VLOOKUP(C90,'Tong hop cong'!C86:X86,22,0) -> 0 | P90: =+VLOOKUP(C90,'Tong hop cong'!C86:Y86,22,0) -> 0 | R90: =+VLOOKUP(C90,'3'!C29:O44,13,0) -> 20 | S90: =VLOOKUP(C90,'3'!$C$16:$P$32,14,0) -> 600000 | U90: =H90+L90+S90 -> 600000 | V90: =U90 -> 600000 | W90: t3 | Y90: =Y89*100000 -> 22400000
A91: 71 | B91: 15 | C91: ='Chấm công công nhân'!L85 -> Thảo Khên | H91: =G91*25000 -> 0 | I91: =+VLOOKUP(C91,'Tong hop cong'!C87:S87,17,0) -> 13 | J91: =+VLOOKUP(C91,'Tong hop cong'!C87:U87,19,0) -> 8.0197247 | K91: =VLOOKUP(C91,'Tong hop cong'!C87:AA87,25,0) -> A | L91: =VLOOKUP(C91,'3'!$C$16:$L$32,10,0) -> 34722 | M91: =+VLOOKUP(C91,'Tong hop cong'!C87:V87,20,0) -> 13 | N91: =+VLOOKUP(C91,'Tong hop cong'!C87:W87,21,0) -> 2 | O91: =+VLOOKUP(C91,'Tong hop cong'!C87:X87,22,0) -> 0 | P91: =+VLOOKUP(C91,'Tong hop cong'!C87:Y87,22,0) -> 0 | R91: =+VLOOKUP(C91,'3'!C30:O45,13,0) -> 20 | S91: =VLOOKUP(C91,'3'!$C$16:$P$32,14,0) -> 2000000 | U91: =H91+L91+S91 -> 2034722 | V91: =U91 -> 2034722 | W91: t3
A92: 72 | B92: 16 | C92: ='Chấm công công nhân'!L86 -> Thảo Đăm | H92: =G92*25000 -> 0 | I92: =+VLOOKUP(C92,'Tong hop cong'!C88:S88,17,0) -> 35 | J92: =+VLOOKUP(C92,'Tong hop cong'!C88:U94,19,0) -> 21.591567 | K92: =VLOOKUP(C92,'Tong hop cong'!C88:AA88,25,0) -> A | L92: =VLOOKUP(C92,'3'!$C$16:$L$32,10,0) -> 93482 | M92: =+VLOOKUP(C92,'Tong hop cong'!C88:V88,20,0) -> 16 | N92: =+VLOOKUP(C92,'Tong hop cong'!C88:W94,21,0) -> 4 | O92: =+VLOOKUP(C92,'Tong hop cong'!C88:X88,22,0) -> 0 | P92: =+VLOOKUP(C92,'Tong hop cong'!C88:Y88,22,0) -> 0 | R92: =+VLOOKUP(C92,'3'!C31:O46,13,0) -> 20 | S92: =VLOOKUP(C92,'3'!$C$16:$P$32,14,0) -> 2500000 | U92: =H92+L92+S92 -> 2593482 | V92: =U92 -> 2593482 | W92: t3
A93: 75 | B93: 17 | C93: ='Tong hop cong'!C89 -> Thảo Ê | E93: CNK | G93: =VLOOKUP(C93,'Tong hop cong'!C89:R89,16,0) -> 0 | H93: =ROUND((G93*25000),0) -> 0 | I93: =+VLOOKUP(C93,'Tong hop cong'!C89:S89,17,0) -> 0 | J93: =+VLOOKUP(C93,'Tong hop cong'!C89:U95,18,0) -> 0 | K93: =VLOOKUP(C93,'Tong hop cong'!C89:AA89,25,0) -> 0 | M93: =+VLOOKUP(C93,'Tong hop cong'!C89:V95,19,0) -> 0 | N93: =+VLOOKUP(C93,'Tong hop cong'!C89:W95,20,0) -> 0 | O93: =+VLOOKUP(C93,'Tong hop cong'!C89:X89,21,0) -> 0 | P93: =+VLOOKUP(C93,'Tong hop cong'!C89:Y89,22,0) -> 0 | U93: =H93+L93+S93 -> 0 | V93: =U93 -> 0 | W93: t3
A94: TỔNG CỘNG | G94: =+G16+G55+G76 -> 0 | H94: =+H16+H55+H76 -> 0 | I94: =+I16+I55+I76 -> 9937 | J94: =+J16+J55+J76 -> 5465.565 | L94: =+L16+L55+L76 -> 21440660 | M94: =+M16+M55+M76 -> 954 | N94: =+N16+N55+N76 -> 168 | O94: =+O16+O55+O76 -> 19 | P94: =+P16+P55+P76 -> 1 | Q94: =+Q16+Q55+Q76 -> 918 | R94: =+R16+R55+R76 -> 1440 | S94: =+S16+S55+S76 -> 107663002 | ... V94: =+V16+V55+V76 -> 129103662
A95: Bằng chữ: Hai trăm mười bảy triệu bốn trăm lẻ ba nghìn sáu trăm sáu mươi hai kíp. | X95: =H94+L94+S94 -> 129103662
S96: Sepon, Ngày 03 tháng 05 năm 2025 | X96: =U16+U55+U76 -> 129103662
A97: PHÒNG TC - KT | K97: PHÒNG TC - HC | S97: ĐỘI TRƯỞNG ĐỘI SEPON | X97: ='1'!U52+'2'!U39+'3'!S33 -> 129103662
M98: =M94*46.1*655.8 -> 28841691 | N98: =N94*76.9*655.8 -> 8472411.4 | O98: =O94*(30.7+46.1)*655.8 -> 956943.36 | P98: =P94*(30.7+76.9)*655.8 -> 70564.08 | Q98: =Q94*20000 -> 18360000 | R98: =R94*25000 -> 36000000
I99: =SUBTOTAL(9,I77:I92) -> 1366 | W99: ='1'!U52+'2'!U39+'3'!S33 -> 129103662
Q103: 191 | R103: 33 | S103: 320

Sheet 1
A1: CỘNG HÒA DÂN CHỦ NHÂN DÂN LÀO
A2: Hòa bình - Độc lập - Dân chủ - Thống nhất - Thịnh vượng
A3: -----oOo-----
A4: CÔNG TY TNHH CỔ PHẦN QUASA-GERUCO LÀO
A5: ĐỘI SẢN XUẤT SEPON
A7: BẢNG LƯƠNG KHAI THÁC TỔ 1 THÁNG 04 NĂM 2025
C9: Tỷ giá Bath qua Kíp | D9: Tỷ giá Bath qua Kíp | E9: ='BẢNG LƯƠNG KT'!E10:G10 -> 646.2 | H9: ='BẢNG LƯƠNG KT'!H10 -> 655.8 | S9: ĐVT: kíp
A10: STT | B10: Họ và tên | D10: MSNV | E10: Chức vụ | F10: Ký nhận | G10: LƯƠNG | T10: Tổng lương | U10: Tiền lương còn lại | Y10: =Mủ!AW17 -> 0
G11: Lương chăm sóc (25.000 kíp/công) | I11: Lương sản lượng | M11: Phụ cấp khai thác
G12: Công | H12: Thành tiền | I12: Mủ tạp (kg) | J12: Mủ tạp quy khô (kg) | K12: Hạng kỹ thuật | L12: Thành tiền | M12: Phụ cấp ngày công | N12: Phụ cấp chủ nhật | O12: Phụ cấp ngày công vườn cây năm nhất | P12: Phụ cấp chủ nhật vườn cây năm nhất | Q12: Phụ cấp khó khăn | R12: Phụ cấp tiền nhận phần cây | S12: Thành tiền | W12: =L52 -> 12771771 | Y12: 20000 | Z12: 25000
A13: (1) | B13: (4) | C13: (2) | D13: (6) | E13: (7) | F13: (3) | G13: (4) | H13: (5) | I13: (6) | J13: (7) | K13: (8) | L13: (9) | M13: (10) | N13: (11) | O13: (12) | P13: (13) | Q13: (14) | R13: (15) | S13: (16) | T13: (17)=(5)+(9)+(16) | U13: (18) | W13: =SUM(W14:W49) -> 12771772 | X13: =SUM(X14:X49) -> 12771771 | Y13: 0.05 | Z13: =SUM(Z14:Z49) -> 12771771
A14: 1 | B14: ເພັງ | C14: ='Chấm công công nhân'!L13 -> Vắt Đi | D14: =VLOOKUP(C14,'Mã số NV'!$B$6:$D$53,3,0) -> #N/A | E14: CNKT | H14: =G14*25000 -> 0 | I14: =+VLOOKUP(C14,'Tong hop cong'!C13:S13,17,0) -> 0 | J14: =+VLOOKUP(C14,'Tong hop cong'!$C$13:$U$49,19,0) -> 0 | K14: =VLOOKUP(C14,'Tong hop cong'!C13:AA13,25,0) -> A | L14: =ROUND((IF(K14="A",(J14*(6.1*$E$9)),IF(K14="B",(J14*(5.8*$E$9)),IF(K14="C",(J14*(5.5*$E$9)),IF(K14="D",(J14*(5.2*$E$9))))))),0) -> 0 | M14: =+VLOOKUP(C14,'Tong hop cong'!C13:V13,20,0) -> 11 | N14: =+VLOOKUP(C14,'Tong hop cong'!C13:W13,21,0) -> 3 | O14: =+VLOOKUP(C14,'Tong hop cong'!C13:X13,22,0) -> 0 | P14: =+VLOOKUP(C14,'Tong hop cong'!C13:Y13,23,0) -> 0 | Q14: =SUM(M14:P14) -> 14 | R14: 20 | S14: =ROUND((((M14*(46.1*$H$9))+(N14*(76.9*$H$9))+(O14*(76.8*$H$9))+(P14*(107.6*$H$9)))+Q14*$Y$12),0)+R14*25000 -> 1263849 | T14: =H14+L14+S14 -> 1263849 | U14: =T14 -> 1263849 | W14: =L14-0.3 -> -0.3 | X14: =ROUND(W14,0) -> 0 | Y14: 0.04 | Z14: =ROUND(L14,0) -> 0
A15: 2 | B15: ທ ກອກ | C15: ='Chấm công công nhân'!L14 -> Mẹ Leo | D15: =VLOOKUP(C15,'Mã số NV'!$B$6:$D$53,3,0) -> #N/A | E15: CNKT | H15: =G15*25000 -> 0 | I15: =+VLOOKUP(C15,'Tong hop cong'!C14:S14,17,0) -> 346 | J15: =+VLOOKUP(C15,'Tong hop cong'!$C$13:$U$49,19,0) -> 187.61141 | K15: =VLOOKUP(C15,'Tong hop cong'!C14:AA14,25,0) -> B | L15: =ROUND((IF(K15="A",(J15*(6.1*$E$9)),IF(K15="B",(J15*(5.8*$E$9)),IF(K15="C",(J15*(5.5*$E$9)),IF(K15="D",(J15*(5.2*$E$9))))))),0) -> 703160 | M15: =+VLOOKUP(C15,'Tong hop cong'!C14:V14,20,0) -> 19 | N15: =+VLOOKUP(C15,'Tong hop cong'!C14:W14,21,0) -> 4 | O15: =+VLOOKUP(C15,'Tong hop cong'!C14:X14,22,0) -> 0 | P15: =+VLOOKUP(C15,'Tong hop cong'!C14:Y14,23,0) -> 0 | Q15: =SUM(M15:P15) -> 23 | R15: 20 | S15: =ROUND((((M15*(46.1*$H$9))+(N15*(76.9*$H$9))+(O15*(76.8*$H$9))+(P15*(107.6*$H$9)))+Q15*$Y$12),0)+R15*25000 -> 1736139 | T15: =H15+L15+S15 -> 2439299 | U15: =T15 -> 2439299 | W15: =L15-0.1 -> 703159.9 | X15: =ROUND(W15,0) -> 703160 | Z15: =ROUND(L15,0) -> 703160
A16: 3 | B16: ຫວັດດີ | C16: ='Chấm công công nhân'!L15 -> Thảo Ken | D16: =VLOOKUP(C16,'Mã số NV'!$B$6:$D$53,3,0) -> #N/A | E16: CNKT | H16: =G16*25000 -> 0 | I16: =+VLOOKUP(C16,'Tong hop cong'!C15:S15,17,0) -> 0 | J16: =+VLOOKUP(C16,'Tong hop cong'!$C$13:$U$49,19,0) -> 0 | K16: =VLOOKUP(C16,'Tong hop cong'!C15:AA15,25,0) -> A | L16: =ROUND((IF(K16="A",(J16*(6.1*$E$9)),IF(K16="B",(J16*(5.8*$E$9)),IF(K16="C",(J16*(5.5*$E$9)),IF(K16="D",(J16*(5.2*$E$9))))))),0) -> 0 | M16: =+VLOOKUP(C16,'Tong hop cong'!C15:V15,20,0) -> 12 | N16: =+VLOOKUP(C16,'Tong hop cong'!C15:W15,21,0) -> 3 | O16: =+VLOOKUP(C16,'Tong hop cong'!C15:X15,22,0) -> 0 | P16: =+VLOOKUP(C16,'Tong hop cong'!C15:Y15,23,0) -> 0 | Q16: =SUM(M16:P16) -> 15 | R16: 20 | S16: =ROUND((((M16*(46.1*$H$9))+(N16*(76.9*$H$9))+(O16*(76.8*$H$9))+(P16*(107.6*$H$9)))+Q16*$Y$12),0)+R16*25000 -> 1314082 | T16: =H16+L16+S16 -> 1314082 | U16: =T16 -> 1314082 | W16: =L16-$Y$14 -> -0.04 | X16: =ROUND(W16,0) -> 0 | Z16: =ROUND(L16,0) -> 0
A17: 4 | C17: ='Chấm công công nhân'!L16 -> Thảo Phút | E17: CNKT | H17: =G17*25000 -> 0 | I17: =+VLOOKUP(C17,'Tong hop cong'!C16:S16,17,0) -> 318 | J17: =+VLOOKUP(C17,'Tong hop cong'!$C$13:$U$49,19,0) -> 172.42899 | K17: =VLOOKUP(C17,'Tong hop cong'!C16:AA16,25,0) -> A | L17: =ROUND((IF(K17="A",(J17*(6.1*$E$9)),IF(K17="B",(J17*(5.8*$E$9)),IF(K17="C",(J17*(5.5*$E$9)),IF(K17="D",(J17*(5.2*$E$9))))))),0) -> 679684 | M17: =+VLOOKUP(C17,'Tong hop cong'!C16:V16,20,0) -> 21 | N17: =+VLOOKUP(C17,'Tong hop cong'!C16:W16,21,0) -> 4 | O17: =+VLOOKUP(C17,'Tong hop cong'!C16:X16,22,0) -> 0 | P17: =+VLOOKUP(C17,'Tong hop cong'!C16:Y16,23,0) -> 0 | Q17: =SUM(M17:P17) -> 25 | R17: 20 | S17: =ROUND((((M17*(46.1*$H$9))+(N17*(76.9*$H$9))+(O17*(76.8*$H$9))+(P17*(107.6*$H$9)))+Q17*$Y$12),0)+R17*25000 -> 1836604 | T17: =H17+L17+S17 -> 2516288 | U17: =T17 -> 2516288 | W17: =L17-$Y$14 -> 679683.96 | X17: =ROUND(W17,0) -> 679684 | Z17: =ROUND(L17,0) -> 679684
A18: 5 | C18: ='Chấm công công nhân'!L17 -> Thảo Mằn | E18: CNKT | H18: =G18*25000 -> 0 | I18: =+VLOOKUP(C18,'Tong hop cong'!C17:S17,17,0) -> 40 | J18: =+VLOOKUP(C18,'Tong hop cong'!$C$13:$U$49,19,0) -> 21.689181 | K18: =VLOOKUP(C18,'Tong hop cong'!C17:AA17,25,0) -> B | L18: =ROUND((IF(K18="A",(J18*(6.1*$E$9)),IF(K18="B",(J18*(5.8*$E$9)),IF(K18="C",(J18*(5.5*$E$9)),IF(K18="D",(J18*(5.2*$E$9))))))),0) -> 81290 | M18: =+VLOOKUP(C18,'Tong hop cong'!C17:V17,20,0) -> 12 | N18: =+VLOOKUP(C18,'Tong hop cong'!C17:W17,21,0) -> 3 | O18: =+VLOOKUP(C18,'Tong hop cong'!C17:X17,22,0) -> 0 | P18: =+VLOOKUP(C18,'Tong hop cong'!C17:Y17,23,0) -> 0 | Q18: =SUM(M18:P18) -> 15 | R18: 20 | S18: =ROUND((((M18*(46.1*$H$9))+(N18*(76.9*$H$9))+(O18*(76.8*$H$9))+(P18*(107.6*$H$9)))+Q18*$Y$12),0)+R18*25000 -> 1314082 | T18: =H18+L18+S18 -> 1395372 | U18: =T18 -> 1395372 | W18: =L18-$Y$14 -> 81289.96 | X18: =ROUND(W18,0) -> 81290 | Z18: =ROUND(L18,0) -> 81290
A19: 6 | C19: ='Chấm công công nhân'!L18 -> Nàng Chay | E19: CNKT | H19: =G19*25000 -> 0 | I19: =+VLOOKUP(C19,'Tong hop cong'!C18:S18,17,0) -> 0 | J19: =+VLOOKUP(C19,'Tong hop cong'!$C$13:$U$49,19,0) -> 0 | K19: =VLOOKUP(C19,'Tong hop cong'!C18:AA18,25,0) -> B | L19: =ROUND((IF(K19="A",(J19*(6.1*$E$9)),IF(K19="B",(J19*(5.8*$E$9)),IF(K19="C",(J19*(5.5*$E$9)),IF(K19="D",(J19*(5.2*$E$9))))))),0) -> 0 | M19: =+VLOOKUP(C19,'Tong hop cong'!C18:V18,20,0) -> 13 | N19: =+VLOOKUP(C19,'Tong hop cong'!C18:W18,21,0) -> 3 | O19: =+VLOOKUP(C19,'Tong hop cong'!C18:X18,22,0) -> 0 | P19: =+VLOOKUP(C19,'Tong hop cong'!C18:Y18,23,0) -> 0 | Q19: =SUM(M19:P19) -> 16 | R19: 20 | S19: =ROUND((((M19*(46.1*$H$9))+(N19*(76.9*$H$9))+(O19*(76.8*$H$9))+(P19*(107.6*$H$9)))+Q19*$Y$12),0)+R19*25000 -> 1364314 | T19: =H19+L19+S19 -> 1364314 | U19: =T19 -> 1364314 | W19: =L19-$Y$14 -> -0.04 | X19: =ROUND(W19,0) -> 0 | Z19: =ROUND(L19,0) -> 0
A20: 7 | C20: ='Chấm công công nhân'!L19 -> Thảo Sắp | E20: CNKT | H20: =G20*25000 -> 0 | I20: =+VLOOKUP(C20,'Tong hop cong'!C19:S19,17,0) -> 262 | J20: =+VLOOKUP(C20,'Tong hop cong'!$C$13:$U$49,19,0) -> 142.06413 | K20: =VLOOKUP(C20,'Tong hop cong'!C19:AA19,25,0) -> A | L20: =ROUND((IF(K20="A",(J20*(6.1*$E$9)),IF(K20="B",(J20*(5.8*$E$9)),IF(K20="C",(J20*(5.5*$E$9)),IF(K20="D",(J20*(5.2*$E$9))))))),0) -> 559991 | M20: =+VLOOKUP(C20,'Tong hop cong'!C19:V19,20,0) -> 22 | N20: =+VLOOKUP(C20,'Tong hop cong'!C19:W19,21,0) -> 4 | O20: =+VLOOKUP(C20,'Tong hop cong'!C19:X19,22,0) -> 0 | P20: =+VLOOKUP(C20,'Tong hop cong'!C19:Y19,23,0) -> 0 | Q20: =SUM(M20:P20) -> 26 | R20: 20 | S20: =ROUND((((M20*(46.1*$H$9))+(N20*(76.9*$H$9))+(O20*(76.8*$H$9))+(P20*(107.6*$H$9)))+Q20*$Y$12),0)+R20*25000 -> 1886836 | T20: =H20+L20+S20 -> 2446827 | U20: =T20 -> 2446827 | W20: =L20-$Y$14 -> 559990.96 | X20: =ROUND(W20,0) -> 559991 | Z20: =ROUND(L20,0) -> 559991
A21: 8 | C21: ='Chấm công công nhân'!L20 -> Thảo Say | E21: CNKT | H21: =G21*25000 -> 0 | I21: =+VLOOKUP(C21,'Tong hop cong'!C20:S20,17,0) -> 444 | J21: =+VLOOKUP(C21,'Tong hop cong'!$C$13:$U$49,19,0) -> 240.74991 | K21: =VLOOKUP(C21,'Tong hop cong'!C20:AA20,25,0) -> A | L21: =ROUND((IF(K21="A",(J21*(6.1*$E$9)),IF(K21="B",(J21*(5.8*$E$9)),IF(K21="C",(J21*(5.5*$E$9)),IF(K21="D",(J21*(5.2*$E$9))))))),0) -> 948993 | M21: =+VLOOKUP(C21,'Tong hop cong'!C20:V20,20,0) -> 21 | N21: =+VLOOKUP(C21,'Tong hop cong'!C20:W20,21,0) -> 4 | O21: =+VLOOKUP(C21,'Tong hop cong'!C20:X20,22,0) -> 0 | P21: =+VLOOKUP(C21,'Tong hop cong'!C20:Y20,23,0) -> 0 | Q21: =SUM(M21:P21) -> 25 | R21: 20 | S21: =ROUND((((M21*(46.1*$H$9))+(N21*(76.9*$H$9))+(O21*(76.8*$H$9))+(P21*(107.6*$H$9)))+Q21*$Y$12),0)+R21*25000 -> 1836604 | T21: =H21+L21+S21 -> 2785597 | U21: =T21 -> 2785597 | W21: =L21-$Y$14 -> 948992.96 | X21: =ROUND(W21,0) -> 948993 | Z21: =ROUND(L21,0) -> 948993
A22: 9 | C22: ='Chấm công công nhân'!L21 -> Thảo Cợt | E22: CNKT | H22: =G22*25000 -> 0 | I22: =+VLOOKUP(C22,'Tong hop cong'!C21:S21,17,0) -> 199 | J22: =+VLOOKUP(C22,'Tong hop cong'!$C$13:$U$49,19,0) -> 107.90367 | K22: =VLOOKUP(C22,'Tong hop cong'!C21:AA21,25,0) -> C | L22: =ROUND((IF(K22="A",(J22*(6.1*$E$9)),IF(K22="B",(J22*(5.8*$E$9)),IF(K22="C",(J22*(5.5*$E$9)),IF(K22="D",(J22*(5.2*$E$9))))))),0) -> 383500 | M22: =+VLOOKUP(C22,'Tong hop cong'!C21:V21,20,0) -> 11 | N22: =+VLOOKUP(C22,'Tong hop cong'!C21:W21,21,0) -> 2 | O22: =+VLOOKUP(C22,'Tong hop cong'!C21:X21,22,0) -> 0 | P22: =+VLOOKUP(C22,'Tong hop cong'!C21:Y21,23,0) -> 0 | Q22: =SUM(M22:P22) -> 13 | R22: 20 | S22: =ROUND((((M22*(46.1*$H$9))+(N22*(76.9*$H$9))+(O22*(76.8*$H$9))+(P22*(107.6*$H$9)))+Q22*$Y$12),0)+R22*25000 -> 1193418 | T22: =H22+L22+S22 -> 1576918 | U22: =T22 -> 1576918 | W22: =L22-$Y$14 -> 383499.96 | X22: =ROUND(W22,0) -> 383500 | Z22: =ROUND(L22,0) -> 383500
A23: 10 | C23: ='Chấm công công nhân'!L22 -> Thảo Hôm | E23: CNKT | H23: =G23*25000 -> 0 | I23: =+VLOOKUP(C23,'Tong hop cong'!C22:S22,17,0) -> 372 | J23: =+VLOOKUP(C23,'Tong hop cong'!$C$13:$U$49,19,0) -> 201.70938 | K23: =VLOOKUP(C23,'Tong hop cong'!C22:AA22,25,0) -> A | L23: =ROUND((IF(K23="A",(J23*(6.1*$E$9)),IF(K23="B",(J23*(5.8*$E$9)),IF(K23="C",(J23*(5.5*$E$9)),IF(K23="D",(J23*(5.2*$E$9))))))),0) -> 795102 | M23: =+VLOOKUP(C23,'Tong hop cong'!C22:V22,20,0) -> 17 | N23: =+VLOOKUP(C23,'Tong hop cong'!C22:W22,21,0) -> 4 | O23: =+VLOOKUP(C23,'Tong hop cong'!C22:X22,22,0) -> 0 | P23: =+VLOOKUP(C23,'Tong hop cong'!C22:Y22,23,0) -> 0 | Q23: =SUM(M23:P23) -> 21 | R23: 20 | S23: =ROUND((((M23*(46.1*$H$9))+(N23*(76.9*$H$9))+(O23*(76.8*$H$9))+(P23*(107.6*$H$9)))+Q23*$Y$12),0)+R23*25000 -> 1635675 | T23: =H23+L23+S23 -> 2430777 | U23: =T23 -> 2430777 | W23: =L23-$Y$14 -> 795101.96 | X23: =ROUND(W23,0) -> 795102 | Z23: =ROUND(L23,0) -> 795102
A24: 11 | C24: ='Chấm công công nhân'!L23 -> Thảo Khăm | E24: CNKT | H24: =G24*25000 -> 0 | I24: =+VLOOKUP(C24,'Tong hop cong'!C23:S23,17,0) -> 0 | J24: =+VLOOKUP(C24,'Tong hop cong'!$C$13:$U$49,19,0) -> 0 | K24: =VLOOKUP(C24,'Tong hop cong'!C23:AA23,25,0) -> B | L24: =ROUND((IF(K24="A",(J24*(6.1*$E$9)),IF(K24="B",(J24*(5.8*$E$9)),IF(K24="C",(J24*(5.5*$E$9)),IF(K24="D",(J24*(5.2*$E$9))))))),0) -> 0 | M24: =+VLOOKUP(C24,'Tong hop cong'!C23:V23,20,0) -> 9 | N24: =+VLOOKUP(C24,'Tong hop cong'!C23:W23,21,0) -> 1 | O24: =+VLOOKUP(C24,'Tong hop cong'!C23:X23,22,0) -> 0 | P24: =+VLOOKUP(C24,'Tong hop cong'!C23:Y23,23,0) -> 0 | Q24: =SUM(M24:P24) -> 10 | R24: 20 | S24: =ROUND((((M24*(46.1*$H$9))+(N24*(76.9*$H$9))+(O24*(76.8*$H$9))+(P24*(107.6*$H$9)))+Q24*$Y$12),0)+R24*25000 -> 1022522 | T24: =H24+L24+S24 -> 1022522 | U24: =T24 -> 1022522 | W24: =L24+$Y$13 -> 0.05 | X24: =ROUND(W24,0) -> 0 | Z24: =ROUND(L24,0) -> 0
A25: 12 | C25: ='Chấm công công nhân'!L24 -> Thảo Hăm | E25: CNKT | H25: =G25*25000 -> 0 | I25: =+VLOOKUP(C25,'Tong hop cong'!C24:S24,17,0) -> 0 | J25: =+VLOOKUP(C25,'Tong hop cong'!$C$13:$U$49,19,0) -> 0 | K25: =VLOOKUP(C25,'Tong hop cong'!C24:AA24,25,0) -> A | L25: =ROUND((IF(K25="A",(J25*(6.1*$E$9)),IF(K25="B",(J25*(5.8*$E$9)),IF(K25="C",(J25*(5.5*$E$9)),IF(K25="D",(J25*(5.2*$E$9))))))),0) -> 0 | M25: =+VLOOKUP(C25,'Tong hop cong'!C24:V24,20,0) -> 14 | N25: =+VLOOKUP(C25,'Tong hop cong'!C24:W24,21,0) -> 2 | O25: =+VLOOKUP(C25,'Tong hop cong'!C24:X24,22,0) -> 0 | P25: =+VLOOKUP(C25,'Tong hop cong'!C24:Y24,23,0) -> 0 | Q25: =SUM(M25:P25) -> 16 | R25: 20 | S25: =ROUND((((M25*(46.1*$H$9))+(N25*(76.9*$H$9))+(O25*(76.8*$H$9))+(P25*(107.6*$H$9)))+Q25*$Y$12),0)+R25*25000 -> 1344115 | T25: =H25+L25+S25 -> 1344115 | U25: =T25 -> 1344115 | W25: =L25+$Y$13 -> 0.05 | X25: =ROUND(W25,0) -> 0 | Z25: =ROUND(L25,0) -> 0
A26: 13 | C26: ='Chấm công công nhân'!L25 -> Nang Lon | E26: CNKT | H26: =G26*25000 -> 0 | I26: =+VLOOKUP(C26,'Tong hop cong'!C25:S25,17,0) -> 0 | J26: =+VLOOKUP(C26,'Tong hop cong'!$C$13:$U$49,19,0) -> 0 | K26: =VLOOKUP(C26,'Tong hop cong'!C25:AA25,25,0) -> B | L26: =ROUND((IF(K26="A",(J26*(6.1*$E$9)),IF(K26="B",(J26*(5.8*$E$9)),IF(K26="C",(J26*(5.5*$E$9)),IF(K26="D",(J26*(5.2*$E$9))))))),0) -> 0 | M26: =+VLOOKUP(C26,'Tong hop cong'!C25:V25,20,0) -> 14 | N26: =+VLOOKUP(C26,'Tong hop cong'!C25:W25,21,0) -> 2 | O26: =+VLOOKUP(C26,'Tong hop cong'!C25:X25,22,0) -> 0 | P26: =+VLOOKUP(C26,'Tong hop cong'!C25:Y25,23,0) -> 0 | Q26: =SUM(M26:P26) -> 16 | R26: 20 | S26: =ROUND((((M26*(46.1*$H$9))+(N26*(76.9*$H$9))+(O26*(76.8*$H$9))+(P26*(107.6*$H$9)))+Q26*$Y$12),0)+R26*25000 -> 1344115 | T26: =H26+L26+S26 -> 1344115 | U26: =T26 -> 1344115 | W26: =L26+$Y$13 -> 0.05 | X26: =ROUND(W26,0) -> 0 | Z26: =ROUND(L26,0) -> 0
A27: 14 | B27: ມອນ | C27: ='Chấm công công nhân'!L26 -> Thảo Pheng | D27: =VLOOKUP(C27,'Mã số NV'!$B$6:$D$53,3,0) -> #N/A | E27: CNKT | H27: =G27*25000 -> 0 | I27: =+VLOOKUP(C27,'Tong hop cong'!C26:S26,17,0) -> 102 | J27: =+VLOOKUP(C27,'Tong hop cong'!$C$13:$U$49,19,0) -> 55.307411 | K27: =VLOOKUP(C27,'Tong hop cong'!C26:AA26,25,0) -> B | L27: =ROUND((IF(K27="A",(J27*(6.1*$E$9)),IF(K27="B",(J27*(5.8*$E$9)),IF(K27="C",(J27*(5.5*$E$9)),IF(K27="D",(J27*(5.2*$E$9))))))),0) -> 207290 | M27: =+VLOOKUP(C27,'Tong hop cong'!C26:V26,20,0) -> 14 | N27: =+VLOOKUP(C27,'Tong hop cong'!C26:W26,21,0) -> 2 | O27: =+VLOOKUP(C27,'Tong hop cong'!C26:X26,22,0) -> 0 | P27: =+VLOOKUP(C27,'Tong hop cong'!C26:Y26,23,0) -> 0 | Q27: =SUM(M27:P27) -> 16 | R27: 20 | S27: =ROUND((((M27*(46.1*$H$9))+(N27*(76.9*$H$9))+(O27*(76.8*$H$9))+(P27*(107.6*$H$9)))+Q27*$Y$12),0)+R27*25000 -> 1344115 | T27: =H27+L27+S27 -> 1551405 | U27: =T27 -> 1551405 | W27: =L27+$Y$13 -> 207290.05 | X27: =ROUND(W27,0) -> 207290 | Z27: =ROUND(L27,0) -> 207290
A28: 15 | B28: ລອນ | C28: ='Chấm công công nhân'!L27 -> Thảo kok | D28: =VLOOKUP(C28,'Mã số NV'!$B$6:$D$53,3,0) -> 01874 | E28: CNKT | H28: =G28*25000 -> 0 | I28: =+VLOOKUP(C28,'Tong hop cong'!C27:S27,17,0) -> 261 | J28: =+VLOOKUP(C28,'Tong hop cong'!$C$13:$U$49,19,0) -> 141.5219 | K28: =VLOOKUP(C28,'Tong hop cong'!C27:AA27,25,0) -> A | L28: =ROUND((IF(K28="A",(J28*(6.1*$E$9)),IF(K28="B",(J28*(5.8*$E$9)),IF(K28="C",(J28*(5.5*$E$9)),IF(K28="D",(J28*(5.2*$E$9))))))),0) -> 557854 | M28: =+VLOOKUP(C28,'Tong hop cong'!C27:V27,20,0) -> 12 | N28: =+VLOOKUP(C28,'Tong hop cong'!C27:W27,21,0) -> 3 | O28: =+VLOOKUP(C28,'Tong hop cong'!C27:X27,22,0) -> 0 | P28: =+VLOOKUP(C28,'Tong hop cong'!C27:Y27,23,0) -> 0 | Q28: =SUM(M28:P28) -> 15 | R28: 20 | S28: =ROUND((((M28*(46.1*$H$9))+(N28*(76.9*$H$9))+(O28*(76.8*$H$9))+(P28*(107.6*$H$9)))+Q28*$Y$12),0)+R28*25000 -> 1314082 | T28: =H28+L28+S28 -> 1871936 | U28: =T28 -> 1871936 | W28: =L28+$Y$13 -> 557854.05 | X28: =ROUND(W28,0) -> 557854 | Z28: =ROUND(L28,0) -> 557854
A29: 16 | B29: ນ ນາ | C29: ='Chấm công công nhân'!L28 -> Nàng Sút Chay | D29: =VLOOKUP(C29,'Mã số NV'!$B$6:$D$53,3,0) -> #N/A | E29: CNKT | H29: =G29*25000 -> 0 | I29: =+VLOOKUP(C29,'Tong hop cong'!C28:S28,17,0) -> 70 | J29: =+VLOOKUP(C29,'Tong hop cong'!$C$13:$U$49,19,0) -> 37.956066 | K29: =VLOOKUP(C29,'Tong hop cong'!C28:AA28,25,0) -> A | L29: =ROUND((IF(K29="A",(J29*(6.1*$E$9)),IF(K29="B",(J29*(5.8*$E$9)),IF(K29="C",(J29*(5.5*$E$9)),IF(K29="D",(J29*(5.2*$E$9))))))),0) -> 149616 | M29: =+VLOOKUP(C29,'Tong hop cong'!C28:V28,20,0) -> 11 | N29: =+VLOOKUP(C29,'Tong hop cong'!C28:W28,21,0) -> 3 | O29: =+VLOOKUP(C29,'Tong hop cong'!C28:X28,22,0) -> 0 | P29: =+VLOOKUP(C29,'Tong hop cong'!C28:Y28,23,0) -> 0 | Q29: =SUM(M29:P29) -> 14 | R29: 20 | S29: =ROUND((((M29*(46.1*$H$9))+(N29*(76.9*$H$9))+(O29*(76.8*$H$9))+(P29*(107.6*$H$9)))+Q29*$Y$12),0)+R29*25000 -> 1263849 | T29: =H29+L29+S29 -> 1413465 | U29: =T29 -> 1413465 | W29: =L29+$Y$13 -> 149616.05 | X29: =ROUND(W29,0) -> 149616 | Z29: =ROUND(L29,0) -> 149616
A30: 17 | B30: ພົງ | C30: ='Chấm công công nhân'!L29 -> Thảo Khăm Phay | D30: =VLOOKUP(C30,'Mã số NV'!$B$6:$D$53,3,0) -> #N/A | E30: CNKT | H30: =G30*25000 -> 0 | I30: =+VLOOKUP(C30,'Tong hop cong'!C29:S29,17,0) -> 70 | J30: =+VLOOKUP(C30,'Tong hop cong'!$C$13:$U$49,19,0) -> 37.956066 | K30: =VLOOKUP(C30,'Tong hop cong'!C29:AA29,25,0) -> B | L30: =ROUND((IF(K30="A",(J30*(6.1*$E$9)),IF(K30="B",(J30*(5.8*$E$9)),IF(K30="C",(J30*(5.5*$E$9)),IF(K30="D",(J30*(5.2*$E$9))))))),0) -> 142258 | M30: =+VLOOKUP(C30,'Tong hop cong'!C29:V29,20,0) -> 11 | N30: =+VLOOKUP(C30,'Tong hop cong'!C29:W29,21,0) -> 3 | O30: =+VLOOKUP(C30,'Tong hop cong'!C29:X29,22,0) -> 0 | P30: =+VLOOKUP(C30,'Tong hop cong'!C29:Y29,23,0) -> 0 | Q30: =SUM(M30:P30) -> 14 | R30: 20 | S30: =ROUND((((M30*(46.1*$H$9))+(N30*(76.9*$H$9))+(O30*(76.8*$H$9))+(P30*(107.6*$H$9)))+Q30*$Y$12),0)+R30*25000 -> 1263849 | T30: =H30+L30+S30 -> 1406107 | U30: =T30 -> 1406107 | W30: =L30+$Y$13 -> 142258.05 | X30: =ROUND(W30,0) -> 142258 | Z30: =ROUND(L30,0) -> 142258
A31: 18 | B31: ທອງລາ | C31: ='Chấm công công nhân'!L30 -> Thảo Sớm | D31: =VLOOKUP(C31,'Mã số NV'!$B$6:$D$53,3,0) -> #N/A | E31: CNKT | H31: =G31*25000 -> 0 | I31: =+VLOOKUP(C31,'Tong hop cong'!C30:S30,17,0) -> 134 | J31: =+VLOOKUP(C31,'Tong hop cong'!$C$13:$U$49,19,0) -> 72.658755 | K31: =VLOOKUP(C31,'Tong hop cong'!C30:AA30,25,0) -> A | L31: =ROUND((IF(K31="A",(J31*(6.1*$E$9)),IF(K31="B",(J31*(5.8*$E$9)),IF(K31="C",(J31*(5.5*$E$9)),IF(K31="D",(J31*(5.2*$E$9))))))),0) -> 286408 | M31: =+VLOOKUP(C31,'Tong hop cong'!C30:V30,20,0) -> 12 | N31: =+VLOOKUP(C31,'Tong hop cong'!C30:W30,21,0) -> 3 | O31: =+VLOOKUP(C31,'Tong hop cong'!C30:X30,22,0) -> 0 | P31: =+VLOOKUP(C31,'Tong hop cong'!C30:Y30,23,0) -> 0 | Q31: =SUM(M31:P31) -> 15 | R31: 20 | S31: =ROUND((((M31*(46.1*$H$9))+(N31*(76.9*$H$9))+(O31*(76.8*$H$9))+(P31*(107.6*$H$9)))+Q31*$Y$12),0)+R31*25000 -> 1314082 | T31: =H31+L31+S31 -> 1600490 | U31: =T31 -> 1600490 | W31: =L31+$Y$13 -> 286408.05 | X31: =ROUND(W31,0) -> 286408 | Z31: =ROUND(L31,0) -> 286408
A32: 19 | B32: ຫຳ | C32: ='Chấm công công nhân'!L31 -> Pha Xúc | D32: =VLOOKUP(C32,'Mã số NV'!$B$6:$D$53,3,0) -> #N/A | E32: CNKT | H32: =G32*25000 -> 0 | I32: =+VLOOKUP(C32,'Tong hop cong'!C31:S31,17,0) -> 0 | J32: =+VLOOKUP(C32,'Tong hop cong'!$C$13:$U$49,19,0) -> 0 | K32: =VLOOKUP(C32,'Tong hop cong'!C31:AA31,25,0) -> B | L32: =ROUND((IF(K32="A",(J32*(6.1*$E$9)),IF(K32="B",(J32*(5.8*$E$9)),IF(K32="C",(J32*(5.5*$E$9)),IF(K32="D",(J32*(5.2*$E$9))))))),0) -> 0 | M32: =+VLOOKUP(C32,'Tong hop cong'!C31:V31,20,0) -> 11 | N32: =+VLOOKUP(C32,'Tong hop cong'!C31:W31,21,0) -> 2 | O32: =+VLOOKUP(C32,'Tong hop cong'!C31:X31,22,0) -> 0 | P32: =+VLOOKUP(C32,'Tong hop cong'!C31:Y31,23,0) -> 0 | Q32: =SUM(M32:P32) -> 13 | R32: 20 | S32: =ROUND((((M32*(46.1*$H$9))+(N32*(76.9*$H$9))+(O32*(76.8*$H$9))+(P32*(107.6*$H$9)))+Q32*$Y$12),0)+R32*25000 -> 1193418 | T32: =H32+L32+S32 -> 1193418 | U32: =T32 -> 1193418 | W32: =L32+$Y$13 -> 0.05 | X32: =ROUND(W32,0) -> 0 | Z32: =ROUND(L32,0) -> 0
A33: 20 | B33: ທ ຈາບ | C33: ='Chấm công công nhân'!L32 -> Nàng Phon | D33: =VLOOKUP(C33,'Mã số NV'!$B$6:$D$53,3,0) -> #N/A | E33: CNKT | H33: =G33*25000 -> 0 | I33: =+VLOOKUP(C33,'Tong hop cong'!C32:S32,17,0) -> 40 | J33: =+VLOOKUP(C33,'Tong hop cong'!$C$13:$U$49,19,0) -> 21.689181 | K33: =VLOOKUP(C33,'Tong hop cong'!C32:AA32,25,0) -> A | L33: =ROUND((IF(K33="A",(J33*(6.1*$E$9)),IF(K33="B",(J33*(5.8*$E$9)),IF(K33="C",(J33*(5.5*$E$9)),IF(K33="D",(J33*(5.2*$E$9))))))),0) -> 85495 | M33: =+VLOOKUP(C33,'Tong hop cong'!C32:V32,20,0) -> 13 | N33: =+VLOOKUP(C33,'Tong hop cong'!C32:W32,21,0) -> 4 | O33: =+VLOOKUP(C33,'Tong hop cong'!C32:X32,22,0) -> 0 | P33: =+VLOOKUP(C33,'Tong hop cong'!C32:Y32,23,0) -> 0 | Q33: =SUM(M33:P33) -> 17 | R33: 20 | S33: =ROUND((((M33*(46.1*$H$9))+(N33*(76.9*$H$9))+(O33*(76.8*$H$9))+(P33*(107.6*$H$9)))+Q33*$Y$12),0)+R33*25000 -> 1434745 | T33: =H33+L33+S33 -> 1520240 | U33: =T33 -> 1520240 | W33: =L33+$Y$13 -> 85495.05 | X33: =ROUND(W33,0) -> 85495 | Z33: =ROUND(L33,0) -> 85495
A34: 21 | B34: ທ ວີ | C34: ='Chấm công công nhân'!L33 -> Thảo Chăn | D34: =VLOOKUP(C34,'Mã số NV'!$B$6:$D$53,3,0) -> #N/A | E34: CNKT | H34: =G34*25000 -> 0 | I34: =+VLOOKUP(C34,'Tong hop cong'!C33:S33,17,0) -> 262 | J34: =+VLOOKUP(C34,'Tong hop cong'!$C$13:$U$49,19,0) -> 142.06413 | K34: =VLOOKUP(C34,'Tong hop cong'!C33:AA33,25,0) -> A | L34: =ROUND((IF(K34="A",(J34*(6.1*$E$9)),IF(K34="B",(J34*(5.8*$E$9)),IF(K34="C",(J34*(5.5*$E$9)),IF(K34="D",(J34*(5.2*$E$9))))))),0) -> 559991 | M34: =+VLOOKUP(C34,'Tong hop cong'!C33:V33,20,0) -> 14 | N34: =+VLOOKUP(C34,'Tong hop cong'!C33:W33,21,0) -> 3 | O34: =+VLOOKUP(C34,'Tong hop cong'!C33:X33,22,0) -> 0 | P34: =+VLOOKUP(C34,'Tong hop cong'!C33:Y33,23,0) -> 0 | Q34: =SUM(M34:P34) -> 17 | R34: 20 | S34: =ROUND((((M34*(46.1*$H$9))+(N34*(76.9*$H$9))+(O34*(76.8*$H$9))+(P34*(107.6*$H$9)))+Q34*$Y$12),0)+R34*25000 -> 1414546 | T34: =H34+L34+S34 -> 1974537 | U34: =T34 -> 1974537 | W34: =L34+$Y$13 -> 559991.05 | X34: =ROUND(W34,0) -> 559991 | Z34: =ROUND(L34,0) -> 559991
