Workbook

Sheet Chuyển đổi công t8
E1: CÔNG TY TNHH CỔ PHẦN QUASA- GERUCO | N1: CỘNG HÒA DÂN CHỦ NHÂN DÂN LÀO
E2: NÔNG TRƯỜNG CAO SU SỐ 3 | N2: Hoà Bình - Độc Lập - Dân Chủ - Thống Nhất - Thịnh Vượng
A5: KHỐI LƯỢNG THỰC TẾ | L5: KHỐI LƯỢNG CHUYỂN ĐỔI | V5: CÔNG CHÊNH LỆCH
A6: 1 | B6: Vườn cây kinh doanh năm 1
A7: 1.1 | B7: Phun cỏ đại trà | C7: ha | D7: =1/3 -> 0.33333333 | I7: =SUM(E8:H13) -> 46.62 | J7: 1 | K7: =ROUND(I7/D7*J7,2) -> 139.86 | L7: Phun cỏ đại trà | M7: ha | N7: =1/4 -> 0.25 | S7: =SUM(O8:R13) -> 46.62 | T7: 1 | U7: =ROUND(S7/N7*T7,2) -> 186.48 | V7: =U7-K7 -> 46.62
E8: A3 | F8: 4.87 | G8: A16 | H8: 6.55 | O8: A3 | P8: 4.87 | Q8: A16 | R8: 6.55
E9: A1 | F9: 3.1 | G9: A18 | H9: 0.93 | O9: A1 | P9: 3.1 | Q9: A18 | R9: 0.93
E10: A5 | F10: 8.55 | G10: A17 | H10: 5.96 | O10: A5 | P10: 8.55 | Q10: A17 | R10: 5.96
E11: A7 | F11: 2.57 | G11: A64 | H11: 2.55 | O11: A7 | P11: 2.57 | Q11: A64 | R11: 2.55
E12: A14 | F12: 5.64 | O12: A14 | P12: 5.64
E13: A15 | F13: 5.9 | O13: A15 | P13: 5.9
A14: 2 | B14: Vườn cây kinh doanh năm 2
A15: 2.1 | B15: Phun cỏ đại trà | C15: ha | D15: =1/3 -> 0.33333333 | I15: =SUM(E16:H27) -> 240.65 | J15: 1 | K15: =ROUND(I15/D15*J15,2) -> 721.95 | L15: Phun cỏ đại trà | M15: ha | N15: =1/4 -> 0.25 | S15: =SUM(O16:R27) -> 240.65 | T15: 1 | U15: =ROUND(S15/N15*T15,2) -> 962.6 | V15: =U15-K15 -> 240.65
E16: D1 | F16: 17.26 | G16: A47 | H16: 8.91 | O16: D1 | P16: 17.26 | Q16: A47 | R16: 8.91
E17: D2 | F17: 4.52 | G17: A48 | H17: 9.14 | O17: D2 | P17: 4.52 | Q17: A48 | R17: 9.14
E18: D4 | F18: 5.45 | G18: A49 | H18: 11.01 | O18: D4 | P18: 5.45 | Q18: A49 | R18: 11.01
E19: D5 | F19: 13.1 | G19: A50 | H19: 19.42 | O19: D5 | P19: 13.1 | Q19: A50 | R19: 19.42
E20: D8 | F20: 11.87 | G20: A51 | H20: 14.56 | O20: D8 | P20: 11.87 | Q20: A51 | R20: 14.56
E21: D9 | F21: 7.85 | G21: A52 | H21: 10.65 | O21: D9 | P21: 7.85 | Q21: A52 | R21: 10.65
E22: A41 | F22: 18.68 | G22: A53 | H22: 8.13 | O22: A41 | P22: 18.68 | Q22: A53 | R22: 8.13
E23: A42 | F23: 16.42 | G23: A54 | H23: 3.5 | O23: A42 | P23: 16.42 | Q23: A54 | R23: 3.5
E24: A43 | F24: 12.74 | G24: A55 | H24: 5.1 | O24: A43 | P24: 12.74 | Q24: A55 | R24: 5.1
E25: A44 | F25: 5.96 | G25: A56 | H25: 10.58 | O25: A44 | P25: 5.96 | Q25: A56 | R25: 10.58
E26: A45 | F26: 7.71 | G26: A57 | H26: 12.9 | O26: A45 | P26: 7.71 | Q26: A57 | R26: 12.9
E27: A46 | F27: 5.19 | O27: A46 | P27: 5.19
A28: 3 | B28: Vườn cây kinh doanh năm 3
A29: 3.1 | B29: Phun cỏ đại trà | C29: ha | D29: =1/3 -> 0.33333333 | I29: =SUM(E30:H35) -> 45.27 | J29: 1 | K29: =ROUND(I29/D29*J29,2) -> 135.81 | L29: Phun cỏ đại trà | M29: ha | N29: =1/4 -> 0.25 | S29: =SUM(O30:R35) -> 45.27 | T29: 1 | U29: =ROUND(S29/N29*T29,2) -> 181.08 | V29: =U29-K29 -> 45.27
E30: B21 | F30: 2.88 | G30: B23 | H30: 5.3 | O30: B21 | P30: 2.88 | Q30: B23 | R30: 5.3
E31: B33 | F31: 7.46 | G31: B39 | H31: 1.56 | O31: B33 | P31: 7.46 | Q31: B39 | R31: 1.56
E32: B35 | F32: 3.2 | G32: B26 | H32: 6.57 | O32: B35 | P32: 3.2 | Q32: B26 | R32: 6.57
E33: B24 | F33: 6.7 | G33: B32 | H33: 3 | O33: B24 | P33: 6.7 | Q33: B32 | R33: 3
E34: B34 | F34: 6 | O34: B34 | P34: 6
E35: B40 | F35: 2.6 | O35: B40 | P35: 2.6
A36: 3.2 | B36: Phát chồi đại trà | C36: ha | D36: =1/7 -> 0.14285714 | L36: Phát chồi đại trà | M36: ha | N36: =1/7 -> 0.14285714 | S36: =SUM(O37:R50) -> 165.27 | T36: 1 | U36: =ROUND(S36/N36*T36,2) -> 1156.89 | V36: =U36-K36 -> 1156.89
O37: B1 | P37: 9.9 | Q37: B22 | R37: 4.33
O38: B2 | P38: 15.01 | Q38: B23 | R38: 5.3
O39: B3 | P39: 7.6 | Q39: B24 | R39: 6.7
O40: B6 | P40: 6.7 | Q40: B26 | R40: 6.57
O41: B7 | P41: 4.5 | Q41: B31 | R41: 3.25
O42: B42 | P42: 9.4 | Q42: B21 | R42: 2.88
O43: B47 | P43: 3.47 | Q43: B51 | R43: 4
O44: B10 | P44: 4 | Q44: B33 | R44: 7.46
O45: B12 | P45: 6.13 | Q45: B34 | R45: 6
O46: B13 | P46: 3.67 | Q46: B35 | R46: 3.2
O47: B14 | P47: 10.07 | Q47: B38 | R47: 3.5
O48: B15 | P48: 13.38 | Q48: B16 | R48: 5.7
O49: B46 | P49: 1.4 | Q49: B32 | R49: 3
O50: B52 | P50: 2.7 | Q50: B50 | R50: =5.94-0.49 -> 5.45
A51: 3 | B51: Vườn cây tận thu
B52: Phun cỏ đại trà | C52: ha | D52: =1/3 -> 0.33333333 | I52: =SUM(E53:H68) -> 134.97 | J52: 1 | K52: =ROUND(I52/D52*J52,2) -> 404.91 | L52: Phun cỏ đại trà | M52: ha | N52: =1/4 -> 0.25 | S52: =SUM(O53:R68) -> 134.97 | T52: 1 | U52: =ROUND(S52/N52*T52,2) -> 539.88 | V52: =U52-K52 -> 134.97
E53: D9 | F53: 3.58 | G53: B26 | H53: 9.76 | O53: D9 | P53: 3.58 | Q53: B26 | R53: 9.76
E54: D10 | F54: 4.36 | G54: B18 | H54: 3.21 | O54: D10 | P54: 4.36 | Q54: B18 | R54: 3.21
E55: D11 | F55: 7.93 | G55: B8 | H55: 2.88 | O55: D11 | P55: 7.93 | Q55: B8 | R55: 2.88
E56: D1 | F56: 3.28 | G56: B28 | H56: 1.5 | O56: D1 | P56: 3.28 | Q56: B28 | R56: 1.5
E57: D2 | F57: 4.28 | G57: B33 | H57: 1.14 | O57: D2 | P57: 4.28 | Q57: B33 | R57: 1.14
E58: B36 | F58: 4.2 | G58: A51 | H58: 2.72 | O58: B36 | P58: 4.2 | Q58: A51 | R58: 2.72
E59: A43 | F59: 2.73 | G59: A53 | H59: 1.17 | O59: A43 | P59: 2.73 | Q59: A53 | R59: 1.17
E60: A44 | F60: 0.46 | G60: A54 | H60: 4 | O60: A44 | P60: 0.46 | Q60: A54 | R60: 4
E61: D3 | F61: 9.6 | G61: B34 | H61: 2.6 | O61: D3 | P61: 9.6 | Q61: B34 | R61: 2.6
E62: D4 | F62: 1.65 | G62: B38 | H62: 3.5 | O62: D4 | P62: 1.65 | Q62: B38 | R62: 3.5
E63: D5 | F63: 3.1 | G63: B39 | H63: 1.93 | O63: D5 | P63: 3.1 | Q63: B39 | R63: 1.93
E64: D6 | F64: 11.3 | G64: B32 | H64: 3.8 | O64: D6 | P64: 11.3 | Q64: B32 | R64: 3.8
... E67: A46 | F67: 4.72 | G67: A56 | H67: 5.22 | O67: A46 | P67: 4.72 | Q67: A56 | R67: 5.22
E68: A50 | F68: 2.38 | O68: A50 | P68: 2.38
L69: Vườn cây kinh doanh năm 2
B70: Bón phân rãi | C70: ha | D70: =1/1.25 -> 0.8 | I70: =SUM(E71:H84) -> 106.13 | J70: 1 | K70: =ROUND(I70/D70*J70,2) -> 132.66 | L70: Bón phân rãi | M70: ha | N70: =1/1.25 -> 0.8 | S70: =SUM(O71:R73) -> 45.78 | T70: 1 | U70: =ROUND(S70/N70*T70,2) -> 57.23 | V70: =U70+U75-K70 -> 0.1
E71: B1 | F71: 2.78 | G71: B31 | H71: 5.15 | O71: D4 | P71: 5.45 | Q71: D2 | R71: 4.52
E72: B6 | F72: 4.34 | G72: B32 | H72: 3.8 | O72: B5 | P72: 11.2 | Q72: D9 | R72: 7.85
E73: B8 | F73: 2.83 | G73: B33 | H73: 1.14 | O73: D8 | P73: 11.87 | Q73: D5 | R73: 4.89
E74: B10 | F74: 3.77 | G74: B34 | H74: 2.6 | L74: Vườn cây kinh doanh năm 3
E75: B11 | F75: 2.07 | G75: A51 | H75: 2.72 | L75: Bón phân rãi | M75: ha | N75: =1/1.25 -> 0.8 | S75: =SUM(O76:R80) -> 60.42 | T75: 1 | U75: =ROUND(S75/N75*T75,2) -> 75.53
E76: A43 | F76: 2.73 | G76: A53 | H76: 1.17 | O76: B45 | P76: =13.27 -> 13.27 | Q76: B12 | R76: 9.4
E77: A44 | F77: 0.46 | G77: A54 | H77: 4 | O77: B47 | P77: 3.47 | Q77: B51 | R77: 4
E78: B13 | F78: 5.32 | G78: B35 | H78: 12.5 | O78: B48 | P78: 11.45 | Q78: B40 | R78: =2.6 -> 2.6
E79: B14 | F79: 5.93 | G79: B36 | H79: 4.2 | O79: B52 | P79: 2.7 | Q79: B46 | R79: 1.4
E80: B15 | F80: 6.32 | G80: B37 | H80: 4.1 | Q80: D1 | R80: =12.13 -> 12.13
E81: B22 | F81: 4.52 | G81: B39 | H81: 1.93
E82: B26 | F82: 3.83 | G82: A55 | H82: 5.6
E83: A46 | F83: 4.72 | G83: A56 | H83: 5.22
E84: A50 | F84: 2.38
A85: 4 | B85: Vườn cây năm 2018
B86: Dãy cỏ khoanh gốc | C86: cây | D86: 150 | I86: =SUM(E87:H102) -> 113618 | J86: 1 | K86: =ROUND(I86/D86*J86,2) -> 757.45 | L86: Dãy cỏ khoanh gốc | M86: cây | N86: 90 | S86: =SUM(O87:R102) -> 113618 | T86: 1 | U86: =ROUND(S86/N86*T86,2) -> 1262.42 | V86: =U86-K86 -> 504.97
E87: B25 | F87: 2668 | G87: B18 | H87: 7686 | O87: B25 | P87: 2668 | Q87: B18 | R87: 7686
E88: B20 | F88: 2910 | G88: B17 | H88: 905 | O88: B20 | P88: 2910 | Q88: B17 | R88: 905
E89: B23 | F89: 3611 | G89: B11 | H89: 3540 | O89: B23 | P89: 3611 | Q89: B11 | R89: 3540
E90: B22 | F90: 7353 | G90: C16 | H90: 4608 | O90: B22 | P90: 7353 | Q90: C16 | R90: 4608
E91: C1 | F91: 4914 | G91: B30 | H91: 1006 | O91: C1 | P91: 4914 | Q91: B30 | R91: 1006
E92: C2 | F92: 715 | G92: C10 | H92: 1612 | O92: C2 | P92: 715 | Q92: C10 | R92: 1612
E93: B37 | F93: 3125 | G93: B27 | H93: 7512 | O93: B37 | P93: 3125 | Q93: B27 | R93: 7512
E94: B12 | F94: 2746 | G94: B36 | H94: 3835 | O94: B12 | P94: 2746 | Q94: B36 | R94: 3835
E95: C14 | F95: 4492 | G95: C11b | H95: 2008 | O95: C14 | P95: 4492 | Q95: C11b | R95: 2008
E96: C17 | F96: 3718 | G96: C9 | H96: 4700 | O96: C17 | P96: 3718 | Q96: C9 | R96: 4700
E97: C18 | F97: 4542 | G97: C7 | H97: 1352 | O97: C18 | P97: 4542 | Q97: C7 | R97: 1352
E98: C15 | F98: 7020 | G98: C8 | H98: 872 | O98: C15 | P98: 7020 | Q98: C8 | R98: 872
... E101: B16 | F101: 1306 | G101: C19 | H101: 8255 | O101: B16 | P101: 1306 | Q101: C19 | R101: 8255
E102: D19c | F102: 4670 | O102: D19c | P102: 4670
A103: TỔNG CÔNG | K103: =SUM(K7:K102) -> 2292.64 | U103: =SUM(U7:U102) -> 4422.11 | V103: =U103-K103 -> 2129.47
V104: Nông trường 3, ngày 27 tháng 08 năm 2019
B105: GĐ NÔNG TRƯỜNG | H105: TL.TC-LĐTL | N105: TL. BẢO VỆ | U105: TL. NÔNG NGHIỆP
G111: Trần Quang Thiện | N111: Nguyễn Thanh Hải
...

Sheet Mủ CN (TT)
B1: CỘNG HÒA DÂN CHỦ NHÂN DÂN LÀO
B2: Hòa bình - Độc lập - Dân chủ - Thống nhất - Thịnh vượng
B3: ----- o0o-----
B4: CÔNG TY TNHH CP QUASA - GERUCO LÀO
B5: NÔNG TRƯỜNG CAO SU SỐ 3
A7: BẢNG THEO DÕI SẢN LƯỢNG MỦ TẠP CÔNG NHÂN NÔNG TRƯỜNG THÁNG 04/2025
A9: Stt | B9: Stt | C9: Họ và tên | D9: Bộ phận | E9: Ngày | AI9: Tổng mủ tạp | AJ9: DRC bình quân | AK9: Mủ tạp quy khô DRC công nhân | AL9: Xếp hạng kỷ thuật | AM9: Ký tên CN
E10: 1 | F10: 2 | G10: 3 | H10: 4 | I10: 5 | J10: 6 | K10: 7 | L10: 8 | M10: 9 | N10: 10 | O10: 11 | P10: 12 | Q10: 13 | R10: 14 | S10: 15 | T10: 16 | U10: 17 | V10: 18 | W10: 19 | X10: 20 | Y10: 21 | Z10: 22 | AA10: 23 | AB10: 24 | AC10: 25 | AD10: 26 | AE10: 27 | AF10: 28 | AG10: 29 | AH10: 30 | AR10: Sản lương | AS10: Qui khô | AT10: DRC
A11: A | B11: ĐỘI 1 KX | E11: =+SUBTOTAL(9,E12:E45) -> 0 | F11: =+SUBTOTAL(9,F12:F45) -> 0 | G11: =+SUBTOTAL(9,G12:G45) -> 0 | H11: =+SUBTOTAL(9,H12:H45) -> 0 | I11: =+SUBTOTAL(9,I12:I45) -> 0 | J11: =+SUBTOTAL(9,J12:J45) -> 0 | K11: =+SUBTOTAL(9,K12:K45) -> 0 | L11: =+SUBTOTAL(9,L12:L45) -> 0 | ... AH11: =+SUBTOTAL(9,AH12:AH45) -> 0 | AI11: =SUM(AI12:AI45) -> 879 | AJ11: =+AJ12 -> 56.836924 | AK11: =+SUM(AK12:AK45) -> 499.59656 | AR11: 879 | AS11: 499.59656 | AT11: =+AS11/AR11 -> 0.56836924
A12: 1 | B12: 1 | C12: A Xiu | D12: Đội 1 | AD12: 0 | AE12: 0 | AI12: =+SUM(E12:AH12) -> 0 | AJ12: =$AT$11*100 -> 56.836924 | AK12: =+AI12*AJ12/100 -> 0 | AL12: A | AS12: =+AK11-AS11 -> 0
A13: 2 | B13: 2 | C13: A Nhợp | D13: Đội 1 | AD13: 33 | AE13: 28 | AI13: =+SUM(E13:AH13) -> 61 | AJ13: =$AT$11*100 -> 56.836924 | AK13: =+AI13*AJ13/100 -> 34.670523 | AL13: A
A14: 3 | B14: 3 | C14: A Chan | D14: Đội 1 | AD14: 6 | AE14: 0 | AI14: =+SUM(E14:AH14) -> 6 | AJ14: =$AT$11*100 -> 56.836924 | AK14: =+AI14*AJ14/100 -> 3.4102154 | AL14: A | AO14: A | AP14: =+COUNTIF($AL$12:$AL$45,"A") -> 34
A15: 4 | B15: 4 | C15: Phò Đùa | D15: Đội 1 | AD15: 18 | AE15: 7 | AI15: =+SUM(E15:AH15) -> 25 | AJ15: =$AT$11*100 -> 56.836924 | AK15: =+AI15*AJ15/100 -> 14.209231 | AL15: A | AO15: B | AP15: =+COUNTIF($AL$12:$AL$45,"B") -> 0
A16: 5 | B16: 5 | C16: Xúc | D16: Đội 1 | AD16: 0 | AE16: 0 | AI16: =+SUM(E16:AH16) -> 0 | AJ16: =$AT$11*100 -> 56.836924 | AK16: =+AI16*AJ16/100 -> 0 | AL16: A | AO16: C | AP16: =+COUNTIF($AL$12:$AL$45,"C") -> 0
A17: 6 | B17: 6 | C17: Phơ | D17: Đội 1 | AD17: 0 | AE17: 0 | AI17: =+SUM(E17:AH17) -> 0 | AJ17: =$AT$11*100 -> 56.836924 | AK17: =+AI17*AJ17/100 -> 0 | AL17: A
A18: 7 | B18: 7 | C18: A Phơ | D18: Đội 1 | AD18: 20 | AE18: 20 | AI18: =+SUM(E18:AH18) -> 40 | AJ18: =$AT$11*100 -> 56.836924 | AK18: =+AI18*AJ18/100 -> 22.734769 | AL18: A
A19: 8 | B19: 8 | C19: Nang Xây | D19: Đội 1 | AD19: 10 | AE19: 10 | AI19: =+SUM(E19:AH19) -> 20 | AJ19: =$AT$11*100 -> 56.836924 | AK19: =+AI19*AJ19/100 -> 11.367385 | AL19: A
A20: 9 | B20: 9 | C20: Nang Sun | D20: Đội 1 | AD20: 11 | AE20: 0 | AI20: =+SUM(E20:AH20) -> 11 | AJ20: =$AT$11*100 -> 56.836924 | AK20: =+AI20*AJ20/100 -> 6.2520616 | AL20: A
A21: 10 | B21: 10 | C21: Thảo Ben | D21: Đội 1 | AD21: 6 | AE21: 0 | AI21: =+SUM(E21:AH21) -> 6 | AJ21: =$AT$11*100 -> 56.836924 | AK21: =+AI21*AJ21/100 -> 3.4102154 | AL21: A
A22: 11 | B22: 11 | C22: Nang Nhăn | D22: Đội 1 | AD22: 12 | AE22: 12 | AI22: =+SUM(E22:AH22) -> 24 | AJ22: =$AT$11*100 -> 56.836924 | AK22: =+AI22*AJ22/100 -> 13.640862 | AL22: A
A23: 12 | B23: 12 | C23: Phò Thít | D23: Đội 1 | AD23: 15 | AE23: 45 | AI23: =+SUM(E23:AH23) -> 60 | AJ23: =$AT$11*100 -> 56.836924 | AK23: =+AI23*AJ23/100 -> 34.102154 | AL23: A
A24: 13 | B24: 13 | C24: A Bợp | D24: Đội 1 | AD24: 26 | AE24: 14 | AI24: =+SUM(E24:AH24) -> 40 | AJ24: =$AT$11*100 -> 56.836924 | AK24: =+AI24*AJ24/100 -> 22.734769 | AL24: A
A25: 14 | B25: 14 | C25: A Cơ | D25: Đội 1 | AD25: 0 | AE25: 0 | AI25: =+SUM(E25:AH25) -> 0 | AJ25: =$AT$11*100 -> 56.836924 | AK25: =+AI25*AJ25/100 -> 0 | AL25: A
A26: 15 | B26: 15 | C26: Xa Vạt Đi | D26: Đội 1 | AD26: 15 | AE26: 20 | AI26: =+SUM(E26:AH26) -> 35 | AJ26: =$AT$11*100 -> 56.836924 | AK26: =+AI26*AJ26/100 -> 19.892923 | AL26: A
A27: 16 | B27: 16 | C27: Nguyễn Thi Thanh Trà | D27: Đội 1 | AD27: 35 | AE27: 62 | AI27: =+SUM(E27:AH27) -> 97 | AJ27: =$AT$11*100 -> 56.836924 | AK27: =+AI27*AJ27/100 -> 55.131816 | AL27: A
A28: 17 | B28: 17 | C28: A Han | D28: Đội 1 | AD28: 0 | AE28: 7 | AI28: =+SUM(E28:AH28) -> 7 | AJ28: =$AT$11*100 -> 56.836924 | AK28: =+AI28*AJ28/100 -> 3.9785846 | AL28: A
... A45: 34 | B45: 34 | C45: Thảo Xen | D45: Đội 1 | AD45: 18 | AE45: 27 | AI45: =+SUM(E45:AH45) -> 45 | AJ45: =$AT$11*100 -> 56.836924 | AK45: =+AI45*AJ45/100 -> 25.576616 | AL45: A
A46: B | B46: Đội 1 XT | E46: =+SUBTOTAL(9,E47:E89) -> 0 | F46: =+SUBTOTAL(9,F47:F89) -> 0 | G46: =+SUBTOTAL(9,G47:G89) -> 0 | H46: =+SUBTOTAL(9,H47:H89) -> 0 | I46: =+SUBTOTAL(9,I47:I89) -> 0 | J46: =+SUBTOTAL(9,J47:J89) -> 0 | K46: =+SUBTOTAL(9,K47:K89) -> 0 | L46: =+SUBTOTAL(9,L47:L89) -> 0 | ... AI46: =+SUBTOTAL(9,AI47:AI89) -> 7475 | AJ46: =+AJ47 -> 57.563979 | AK46: =+SUBTOTAL(9,AK47:AK89) -> 4302.9074 | AR46: 7475 | AS46: 4302.9074 | AT46: =+AS46/AR46 -> 0.57563979 | BC46: 45.786725
A47: 35 | B47: 1 | C47: Nàng Ăn | D47: Đội 1 | AD47: 39 | AE47: 43 | AF47: 115 | AG47: 46 | AI47: =+SUM(E47:AH47) -> 243 | AJ47: =+$AT$46*100 -> 57.563979 | AK47: =+AI47*$AT$46 -> 139.88047 | AL47: A
A48: 36 | B48: 2 | C48: Thảo Ơ | D48: Đội 1 | AD48: 39 | AE48: 43 | AF48: 115 | AG48: 66 | AI48: =+SUM(E48:AH48) -> 263 | AJ48: =+$AT$46*100 -> 57.563979 | AK48: =+AI48*$AT$46 -> 151.39327 | AL48: A
A49: 37 | B49: 3 | C49: Thảo Ui | D49: Đội 1 | AD49: 38 | AE49: 42 | AF49: 115 | AG49: 53 | AI49: =+SUM(E49:AH49) -> 248 | AJ49: =+$AT$46*100 -> 57.563979 | AK49: =+AI49*$AT$46 -> 142.75867 | AL49: A
A50: 38 | B50: 4 | C50: Thảo Tin | D50: Đội 1 | AD50: 45 | AE50: 27 | AF50: 80 | AG50: 94 | AI50: =+SUM(E50:AH50) -> 246 | AJ50: =+$AT$46*100 -> 57.563979 | AK50: =+AI50*$AT$46 -> 141.60739 | AL50: A | AO50: A | AP50: =+COUNTIF($AL$47:$AL$89,"A") -> 43
A51: 39 | B51: 5 | C51: Nàng Xái | D51: Đội 1 | AD51: 45 | AE51: 27 | AF51: 86 | AG51: 68 | AI51: =+SUM(E51:AH51) -> 226 | AJ51: =+$AT$46*100 -> 57.563979 | AK51: =+AI51*$AT$46 -> 130.09459 | AL51: A | AO51: B | AP51: =+COUNTIF($AL$47:$AL$89,"B") -> 0
A52: 40 | B52: 6 | C52: Thảo Phôn Xay | D52: Đội 1 | AD52: 32 | AE52: 32 | AF52: 96 | AG52: 70 | AI52: =+SUM(E52:AH52) -> 230 | AJ52: =+$AT$46*100 -> 57.563979 | AK52: =+AI52*$AT$46 -> 132.39715 | AL52: A | AO52: C | AP52: =+COUNTIF($AL$47:$AL$89,"C") -> 0
A53: 41 | B53: 7 | C53: Nàng Phêng | D53: Đội 1 | AD53: 30 | AE53: 30 | AF53: 212 | AG53: 65 | AI53: =+SUM(E53:AH53) -> 337 | AJ53: =+$AT$46*100 -> 57.563979 | AK53: =+AI53*$AT$46 -> 193.99061 | AL53: A
A54: 42 | B54: 8 | C54: Thảo Phíc | D54: Đội 1 | AD54: 30 | AE54: 31 | AF54: 91 | AG54: 69 | AI54: =+SUM(E54:AH54) -> 221 | AJ54: =+$AT$46*100 -> 57.563979 | AK54: =+AI54*$AT$46 -> 127.21639 | AL54: A | AR54: =+MAX(AI51:AI79) -> 337
A55: 43 | B55: 9 | C55: Nàng Chai | D55: Đội 1 | AD55: 31 | AE55: 31 | AF55: 88 | AG55: 73 | AI55: =+SUM(E55:AH55) -> 223 | AJ55: =+$AT$46*100 -> 57.563979 | AK55: =+AI55*$AT$46 -> 128.36767 | AL55: A
A56: 44 | B56: 10 | C56: Nàng Xanh | D56: Đội 1 | AD56: 40 | AE56: 40 | AF56: 89 | AG56: 76 | AI56: =+SUM(E56:AH56) -> 245 | AJ56: =+$AT$46*100 -> 57.563979 | AK56: =+AI56*$AT$46 -> 141.03175 | AL56: A
A57: 45 | B57: 11 | C57: Thảo Xượm | D57: Đội 1 | AD57: 35 | AE57: 35 | AF57: 186 | AG57: 79 | AI57: =+SUM(E57:AH57) -> 335 | AJ57: =+$AT$46*100 -> 57.563979 | AK57: =+AI57*$AT$46 -> 192.83933 | AL57: A
A58: 46 | B58: 12 | C58: Thảo Tích | D58: Đội 1 | AD58: 27 | AE58: 27 | AF58: 66 | AG58: 105 | AI58: =+SUM(E58:AH58) -> 225 | AJ58: =+$AT$46*100 -> 57.563979 | AK58: =+AI58*$AT$46 -> 129.51895 | AL58: A
A59: 47 | B59: 13 | C59: Nàng Thoong | D59: Đội 1 | AD59: 27 | AE59: 27 | AF59: 79 | AG59: 110 | AI59: =+SUM(E59:AH59) -> 243 | AJ59: =+$AT$46*100 -> 57.563979 | AK59: =+AI59*$AT$46 -> 139.88047 | AL59: A
A60: 48 | B60: 14 | C60: Thảo Xoan Chay | D60: Đội 1 | AD60: 32 | AE60: 33 | AF60: 48 | AG60: 60 | AI60: =+SUM(E60:AH60) -> 173 | AJ60: =+$AT$46*100 -> 57.563979 | AK60: =+AI60*$AT$46 -> 99.585684 | AL60: A
A61: 49 | B61: 15 | C61: Nàng Út | D61: Đội 1 | AD61: 33 | AE61: 33 | AF61: 48 | AG61: 61 | AI61: =+SUM(E61:AH61) -> 175 | AJ61: =+$AT$46*100 -> 57.563979 | AK61: =+AI61*$AT$46 -> 100.73696 | AL61: A
A62: 50 | B62: 16 | C62: Thảo Xay Phôn | D62: Đội 1 | AD62: 31 | AE62: 21 | AF62: 61 | AG62: 53 | AI62: =+SUM(E62:AH62) -> 166 | AJ62: =+$AT$46*100 -> 57.563979 | AK62: =+AI62*$AT$46 -> 95.556205 | AL62: A
A63: 51 | B63: 17 | C63: Nàng Mui | D63: Đội 1 | AD63: 31 | AE63: 21 | AF63: 65 | AG63: 47 | AI63: =+SUM(E63:AH63) -> 164 | AJ63: =+$AT$46*100 -> 57.563979 | AK63: =+AI63*$AT$46 -> 94.404926 | AL63: A
A64: 52 | B64: 18 | C64: Ning Dung | D64: Đội 1 | AD64: 18 | AE64: 22 | AF64: 20 | AG64: 20 | AI64: =+SUM(E64:AH64) -> 80 | AJ64: =+$AT$46*100 -> 57.563979 | AK64: =+AI64*$AT$46 -> 46.051183 | AL64: A
A65: 53 | B65: 19 | C65: Mua Chăn | D65: Đội 1 | AD65: 18 | AE65: 21 | AF65: 20 | AG65: 20 | AI65: =+SUM(E65:AH65) -> 79 | AJ65: =+$AT$46*100 -> 57.563979 | AK65: =+AI65*$AT$46 -> 45.475544 | AL65: A
A66: 54 | B66: 20 | C66: Thảo Chọi 2 | D66: Đội 1 | AD66: 17 | AE66: 14 | AF66: 49 | AG66: 38 | AI66: =+SUM(E66:AH66) -> 118 | AJ66: =+$AT$46*100 -> 57.563979 | AK66: =+AI66*$AT$46 -> 67.925495 | AL66: A
... A87: 75 | B87: 41 | C87: Nàng Peng | D87: Đội 1 | AD87: 15 | AE87: 42 | AF87: 25 | AG87: 28 | AI87: =+SUM(E87:AH87) -> 110 | AJ87: =+$AT$46*100 -> 57.563979 | AK87: =+AI87*$AT$46 -> 63.320377 | AL87: A
A88: 76 | B88: 42 | C88: Thảo Xay Tho | D88: Đội 1 | AI88: =+SUM(E88:AH88) -> 0 | AJ88: =+$AT$46*100 -> 57.563979 | AK88: =+AI88*$AT$46 -> 0 | AL88: A
A89: 77 | B89: 43 | C89: Nàng Xia Lô | D89: Đội 1 | AI89: =+SUM(E89:AH89) -> 0 | AJ89: =+$AT$46*100 -> 57.563979 | AK89: =+AI89*$AT$46 -> 0 | AL89: A
A90: C | B90: ĐỘI 2 TC | E90: =+SUBTOTAL(9,E91:E152) -> 0 | F90: =+SUBTOTAL(9,F91:F152) -> 0 | G90: =+SUBTOTAL(9,G91:G152) -> 0 | H90: =+SUBTOTAL(9,H91:H152) -> 0 | I90: =+SUBTOTAL(9,I91:I152) -> 0 | J90: =+SUBTOTAL(9,J91:J152) -> 0 | K90: =+SUBTOTAL(9,K91:K152) -> 0 | L90: =+SUBTOTAL(9,L91:L152) -> 0 | ... AH90: =+SUBTOTAL(9,AH91:AH152) -> 0 | AI90: =SUM(AI91:AI152) -> 5050 | AK90: =SUM(AK91:AK152) -> 2929.44 | AR90: 5050 | AS90: 2929.44 | AT90: =+AS90/AR90 -> 0.58008713 | BD90: 42.747144
A91: 78 | B91: 1 | C91: Viêng | D91: Đội 2 | AD91: 29 | AE91: 30 | AI91: =+SUM(E91:AH91) -> 59 | AJ91: =+$AT$90*100 -> 58.008713 | AK91: =+AI91*$AT$90 -> 34.225141 | AL91: A
A92: 79 | B92: 2 | C92: Đặm | D92: Đội 2 | AD92: 35 | AE92: 30 | AI92: =+SUM(E92:AH92) -> 65 | AJ92: =+$AT$90*100 -> 58.008713 | AK92: =+AI92*$AT$90 -> 37.705663 | AL92: A
A93: 80 | B93: 3 | C93: Nhui | D93: Đội 2 | AD93: 30 | AE93: 31 | AI93: =+SUM(E93:AH93) -> 61 | AJ93: =+$AT$90*100 -> 58.008713 | AK93: =+AI93*$AT$90 -> 35.385315 | AL93: A
A94: 81 | B94: 4 | C94: Nàng ny | D94: Đội 2 | AD94: 30 | AE94: 31 | AI94: =+SUM(E94:AH94) -> 61 | AJ94: =+$AT$90*100 -> 58.008713 | AK94: =+AI94*$AT$90 -> 35.385315 | AL94: A
A95: 82 | B95: 5 | C95: Thảo Bon | D95: Đội 2 | AE95: 28 | AI95: =+SUM(E95:AH95) -> 28 | AJ95: =+$AT$90*100 -> 58.008713 | AK95: =+AI95*$AT$90 -> 16.24244 | AL95: A
A96: 83 | B96: 6 | C96: Nàng Khảng | D96: Đội 2 | AE96: 28 | AI96: =+SUM(E96:AH96) -> 28 | AJ96: =+$AT$90*100 -> 58.008713 | AK96: =+AI96*$AT$90 -> 16.24244 | AL96: A
A97: 84 | B97: 7 | C97: Thảo Xông | D97: Đội 2 | AD97: 40 | AE97: 50 | AI97: =+SUM(E97:AH97) -> 90 | AJ97: =+$AT$90*100 -> 58.008713 | AK97: =+AI97*$AT$90 -> 52.207842 | AL97: A
A98: 85 | B98: 8 | C98: Nàng Bồn | D98: Đội 2 | AD98: 35 | AE98: 50 | AI98: =+SUM(E98:AH98) -> 85 | AJ98: =+$AT$90*100 -> 58.008713 | AK98: =+AI98*$AT$90 -> 49.307406 | AL98: A | AP98: A | AQ98: =+COUNTIF(AL91:$AL$152,"A") -> 60
A99: 86 | B99: 9 | C99: Lò Tho | D99: Đội 2 | AI99: =+SUM(E99:AH99) -> 0 | AJ99: =+$AT$90*100 -> 58.008713 | AK99: =+AI99*$AT$90 -> 0 | AL99: A | AP99: B | AQ99: =+COUNTIF(AL92:$AL$152,"B") -> 2
A100: 87 | B100: 10 | C100: Sua Va | D100: Đội 2 | AI100: =+SUM(E100:AH100) -> 0 | AJ100: =+$AT$90*100 -> 58.008713 | AK100: =+AI100*$AT$90 -> 0 | AL100: A | AP100: C | AQ100: =+COUNTIF(AL93:$AL$152,"C") -> 0
A101: 88 | B101: 11 | C101: Noi | D101: Đội 2 | AD101: 33 | AE101: 64 | AI101: =+SUM(E101:AH101) -> 97 | AJ101: =+$AT$90*100 -> 58.008713 | AK101: =+AI101*$AT$90 -> 56.268451 | AL101: A
A102: 89 | B102: 12 | C102: Thong | D102: Đội 2 | AD102: 33 | AE102: 65 | AI102: =+SUM(E102:AH102) -> 98 | AJ102: =+$AT$90*100 -> 58.008713 | AK102: =+AI102*$AT$90 -> 56.848539 | AL102: A
A103: 90 | B103: 13 | C103: Quy | D103: Đội 2 | AD103: 68 | AI103: =+SUM(E103:AH103) -> 68 | AJ103: =+$AT$90*100 -> 58.008713 | AK103: =+AI103*$AT$90 -> 39.445925 | AL103: A
A104: 91 | B104: 14 | C104: Nàng nỷ | D104: Đội 2 | AD104: 56 | AI104: =+SUM(E104:AH104) -> 56 | AJ104: =+$AT$90*100 -> 58.008713 | AK104: =+AI104*$AT$90 -> 32.484879 | AL104: A
A105: 92 | B105: 15 | C105: Pen ta | D105: Đội 2 | AD105: 38 | AI105: =+SUM(E105:AH105) -> 38 | AJ105: =+$AT$90*100 -> 58.008713 | AK105: =+AI105*$AT$90 -> 22.043311 | AL105: A
A106: 93 | B106: 16 | C106: Nàng tim | D106: Đội 2 | AD106: 39 | AI106: =+SUM(E106:AH106) -> 39 | AJ106: =+$AT$90*100 -> 58.008713 | AK106: =+AI106*$AT$90 -> 22.623398 | AL106: A
A107: 94 | B107: 17 | C107: Chen tho | D107: Đội 2 | AD107: 38 | AE107: 15 | AI107: =+SUM(E107:AH107) -> 53 | AJ107: =+$AT$90*100 -> 58.008713 | AK107: =+AI107*$AT$90 -> 30.744618 | AL107: A
A108: 95 | B108: 18 | C108: Mang lâu | D108: Đội 2 | AD108: 38 | AE108: 16 | AI108: =+SUM(E108:AH108) -> 54 | AJ108: =+$AT$90*100 -> 58.008713 | AK108: =+AI108*$AT$90 -> 31.324705 | AL108: A
A109: 96 | B109: 19 | C109: Con tho | D109: Đội 2 | AD109: 39 | AE109: 17 | AI109: =+SUM(E109:AH109) -> 56 | AJ109: =+$AT$90*100 -> 58.008713 | AK109: =+AI109*$AT$90 -> 32.484879 | AL109: A
A110: 97 | B110: 20 | C110: Thông veo | D110: Đội 2 | AD110: 40 | AI110: =+SUM(E110:AH110) -> 40 | AJ110: =+$AT$90*100 -> 58.008713 | AK110: =+AI110*$AT$90 -> 23.203485 | AL110: A
A111: 98 | B111: 21 | C111: Thong veo2 | D111: Đội 2 | AD111: 40 | AI111: =+SUM(E111:AH111) -> 40 | AJ111: =+$AT$90*100 -> 58.008713 | AK111: =+AI111*$AT$90 -> 23.203485 | AL111: A | AS111: =+MAX(AI91:AI152) -> 287
A112: 99 | B112: 22 | C112: Bua khăm | D112: Đội 2 | AD112: 33 | AI112: =+SUM(E112:AH112) -> 33 | AJ112: =+$AT$90*100 -> 58.008713 | AK112: =+AI112*$AT$90 -> 19.142875 | AL112: A
A113: 100 | B113: 23 | C113: Xịn | D113: Đội 2 | AD113: 40 | AI113: =+SUM(E113:AH113) -> 40 | AJ113: =+$AT$90*100 -> 58.008713 | AK113: =+AI113*$AT$90 -> 23.203485 | AL113: A
A114: 101 | B114: 24 | C114: Khển | D114: Đội 2 | AD114: 40 | AI114: =+SUM(E114:AH114) -> 40 | AJ114: =+$AT$90*100 -> 58.008713 | AK114: =+AI114*$AT$90 -> 23.203485 | AL114: A
A115: 102 | B115: 25 | C115: Bun phết | D115: Đội 2 | AG115: 65 | AI115: =+SUM(E115:AH115) -> 65 | AJ115: =+$AT$90*100 -> 58.008713 | AK115: =+AI115*$AT$90 -> 37.705663 | AL115: A
A116: 103 | B116: 26 | C116: Thảo chay | D116: Đội 2 | AG116: 65 | AI116: =+SUM(E116:AH116) -> 65 | AJ116: =+$AT$90*100 -> 58.008713 | AK116: =+AI116*$AT$90 -> 37.705663 | AL116: A
A117: 104 | B117: 27 | C117: Xy | D117: Đội 2 | AD117: 57 | AE117: 90 | AG117: 50 | AI117: =+SUM(E117:AH117) -> 197 | AJ117: =+$AT$90*100 -> 58.008713 | AK117: =+AI117*$AT$90 -> 114.27716 | AL117: A
A118: 105 | B118: 28 | C118: Thong | D118: Đội 2 | AD118: 58 | AE118: 91 | AG118: 45 | AI118: =+SUM(E118:AH118) -> 194 | AJ118: =+$AT$90*100 -> 58.008713 | AK118: =+AI118*$AT$90 -> 112.5369 | AL118: A
A119: 106 | B119: 29 | C119: Thảo đen | D119: Đội 2 | AD119: 31 | AE119: 19 | AG119: 36 | AI119: =+SUM(E119:AH119) -> 86 | AJ119: =+$AT$90*100 -> 58.008713 | AK119: =+AI119*$AT$90 -> 49.887493 | AL119: A
A120: 107 | B120: 30 | C120: Thảo đen2 | D120: Đội 2 | AD120: 31 | AE120: 19 | AG120: 36 | AI120: =+SUM(E120:AH120) -> 86 | AJ120: =+$AT$90*100 -> 58.008713 | AK120: =+AI120*$AT$90 -> 49.887493 | AL120: A
A121: 108 | B121: 31 | C121: Nàng nâu | D121: Đội 2 | AD121: 31 | AE121: 19 | AG121: 35 | AI121: =+SUM(E121:AH121) -> 85 | AJ121: =+$AT$90*100 -> 58.008713 | AK121: =+AI121*$AT$90 -> 49.307406 | AL121: A
A122: 109 | B122: 32 | C122: Phò Lâu | D122: Đội 2 | AI122: =+SUM(E122:AH122) -> 0 | AJ122: =+$AT$90*100 -> 58.008713 | AK122: =+AI122*$AT$90 -> 0 | AL122: A
A123: 110 | B123: 33 | C123: Thảo Vông | D123: Đội 2 | AD123: 60 | AG123: =122+27 -> 149 | AI123: =+SUM(E123:AH123) -> 209 | AJ123: =+$AT$90*100 -> 58.008713 | AK123: =+AI123*$AT$90 -> 121.23821 | AL123: A
A124: 111 | B124: 34 | C124: Phit | D124: Đội 2 | AD124: 36 | AE124: 21 | AG124: 26 | AI124: =+SUM(E124:AH124) -> 83 | AJ124: =+$AT$90*100 -> 58.008713 | AK124: =+AI124*$AT$90 -> 48.147232 | AL124: A
A125: 112 | B125: 35 | C125: Nam | D125: Đội 2 | AD125: 40 | AE125: 21 | AG125: 22 | AI125: =+SUM(E125:AH125) -> 83 | AJ125: =+$AT$90*100 -> 58.008713 | AK125: =+AI125*$AT$90 -> 48.147232 | AL125: A
A126: 113 | B126: 36 | C126: Thảo Cẩu | D126: Đội 2 | AD126: 60 | AE126: 65 | AG126: =92+20 -> 112 | AI126: =+SUM(E126:AH126) -> 237 | AJ126: =+$AT$90*100 -> 58.008713 | AK126: =+AI126*$AT$90 -> 137.48065 | AL126: A
A127: 114 | B127: 37 | C127: Nàng Chao | D127: Đội 2 | AD127: 100 | AE127: 66 | AG127: =93+21 -> 114 | AI127: =+SUM(E127:AH127) -> 280 | AJ127: =+$AT$90*100 -> 58.008713 | AK127: =+AI127*$AT$90 -> 162.4244 | AL127: A
A128: 115 | B128: 38 | C128: Thảo Cho | D128: Đội 2 | AD128: 25 | AI128: =+SUM(E128:AH128) -> 25 | AJ128: =+$AT$90*100 -> 58.008713 | AK128: =+AI128*$AT$90 -> 14.502178 | AL128: A
A129: 116 | B129: 39 | C129: Thảo Ký | D129: Đội 2 | AD129: 41 | AE129: 52 | AG129: 75 | AI129: =+SUM(E129:AH129) -> 168 | AJ129: =+$AT$90*100 -> 58.008713 | AK129: =+AI129*$AT$90 -> 97.454638 | AL129: A
A130: 117 | B130: 40 | C130: Na | D130: Đội 2 | AD130: 41 | AE130: 68 | AG130: 76 | AI130: =+SUM(E130:AH130) -> 185 | AJ130: =+$AT$90*100 -> 58.008713 | AK130: =+AI130*$AT$90 -> 107.31612 | AL130: A
A131: 118 | B131: 41 | C131: Vy | D131: Đội 2 | AD131: 41 | AE131: 50 | AG131: 57 | AI131: =+SUM(E131:AH131) -> 148 | AJ131: =+$AT$90*100 -> 58.008713 | AK131: =+AI131*$AT$90 -> 85.852895 | AL131: A
A132: 119 | B132: 42 | C132: Vy thong | D132: Đội 2 | AD132: 41 | AE132: 50 | AG132: 58 | AI132: =+SUM(E132:AH132) -> 149 | AJ132: =+$AT$90*100 -> 58.008713 | AK132: =+AI132*$AT$90 -> 86.432982 | AL132: A
A133: 120 | B133: 43 | C133: Ta pet | D133: Đội 2 | AI133: =+SUM(E133:AH133) -> 0 | AJ133: =+$AT$90*100 -> 58.008713 | AK133: =+AI133*$AT$90 -> 0 | AL133: B
A134: 121 | B134: 44 | C134: Pho mực | D134: Đội 2 | AE134: 60 | AG134: 49 | AI134: =+SUM(E134:AH134) -> 109 | AJ134: =+$AT$90*100 -> 58.008713 | AK134: =+AI134*$AT$90 -> 63.229497 | AL134: A
A135: 122 | B135: 45 | C135: Thảo Bun Khăm | D135: Đội 2 | AE135: 20 | AG135: 25 | AI135: =+SUM(E135:AH135) -> 45 | AJ135: =+$AT$90*100 -> 58.008713 | AK135: =+AI135*$AT$90 -> 26.103921 | AL135: A
A136: 123 | B136: 46 | C136: A Hôm | D136: Đội 2 | AD136: 46 | AE136: 46 | AG136: 43 | AI136: =+SUM(E136:AH136) -> 135 | AJ136: =+$AT$90*100 -> 58.008713 | AK136: =+AI136*$AT$90 -> 78.311762 | AL136: A
A137: 124 | B137: 47 | C137: Keo | D137: Đội 2 | AE137: 35 | AG137: =28+22 -> 50 | AI137: =+SUM(E137:AH137) -> 85 | AJ137: =+$AT$90*100 -> 58.008713 | AK137: =+AI137*$AT$90 -> 49.307406 | AL137: A
A138: 125 | B138: 48 | C138: Cha phau | D138: Đội 2 | AI138: =+SUM(E138:AH138) -> 0 | AJ138: =+$AT$90*100 -> 58.008713 | AK138: =+AI138*$AT$90 -> 0 | AL138: B
...

Sheet Serum
A1: CỘNG HÒA DÂN CHỦ NHÂN DÂN LÀO
A2: Hòa bình - Độc lập - Dân chủ - Thống nhất - Thịnh vượng
A3: ----- o0o-----
A4: CÔNG TY TNHH CP QUASA - GERUCO LÀO
A5: NÔNG TRƯỜNG CAO SU SỐ 3
A7: BẢNG THEO DÕI SẢN LƯỢNG MỦ SERUM CÔNG NHÂN NÔNG TRƯỜNG THÁNG 02/2025
A9: Stt | B9: Đội | C9: Ngày đi công | AE9: Tổng mủ serum | AF9: DRC (%) | AG9: Mủ serum quy khô | AH9: Ký tên
C10: 1 | D10: 2 | E10: 3 | F10: 4 | G10: 5 | H10: 6 | I10: 7 | J10: 8 | K10: 9 | L10: 10 | M10: 11 | N10: 12 | O10: 13 | P10: 14 | Q10: 15 | R10: 16 | S10: 17 | T10: 18 | U10: 19 | V10: 20 | W10: 21 | X10: 22 | Y10: 23 | Z10: 24 | AA10: 25 | AB10: 26 | AC10: 27 | AD10: 2/3
A11: 1 | B11: Đội 1 KX | AE11: =+SUM(C11:AD11) -> 0
A12: 2 | B12: Đội 2 TP | AE12: =+SUM(C12:AD12) -> 0
A13: 3 | B13: Đội 3 | AE13: =+SUM(C13:AD13) -> 0
A14: Tổng cộng | C14: =SUM(C13:C13) -> 0 | D14: =SUM(D13:D13) -> 0 | E14: =SUM(E13:E13) -> 0 | F14: =SUM(F13:F13) -> 0 | G14: =SUM(G13:G13) -> 0 | H14: =SUM(H13:H13) -> 0 | I14: =SUM(I13:I13) -> 0 | J14: =SUM(J13:J13) -> 0 | ... AD14: =SUM(AD13:AD13) -> 0 | AE14: =SUM(AE11:AE13) -> 0 | AG14: =SUM(AG11:AG13) -> 0
AC15: Huyện Noong, ngày 28 tháng 02 năm 2025
A16: TỔNG GIÁM ĐỐC | D16: PHÒNG TC - HC | J16: PHÒNG KT- NN | P16: GIÁM ĐỐC NT | U16: TL. TC - KT | Z16: TL.KH -NN | AE16: NGƯỜI LẬP

Sheet Mủ dây
B1: CỘNG HÒA DÂN CHỦ NHÂN DÂN LÀO
B2: Hòa bình - Độc lập - Dân chủ - Thống nhất - Thịnh vượng
B3: ----- o0o-----
B4: CÔNG TY TNHH CP QUASA - GERUCO LÀO
B5: NÔNG TRƯỜNG CAO SU SỐ 3
A7: BẢNG THEO DÕI SẢN LƯỢNG MỦ DÂY CÔNG NHÂN NÔNG TRƯỜNG THÁNG 04/2025
A9: Stt | C9: Họ và tên | D9: Bộ phận | E9: Ngày đi cạo | AI9: Tổng mủ dây | AJ9: Ký tên CN
E10: 1 | F10: 2 | G10: 3 | H10: 4 | I10: 5 | J10: 6 | K10: 7 | L10: 8 | M10: 9 | N10: 10 | O10: 11 | P10: 12 | Q10: 13 | R10: 14 | S10: 15 | T10: 16 | U10: 17 | V10: 18 | W10: 19 | X10: 20 | Y10: 21 | Z10: 22 | AA10: 23 | AB10: 24 | AC10: 25 | AD10: 26 | AE10: 27 | AF10: 28 | AG10: 29 | AH10: 30 | AO10: Sản lương | AP10: Qui khô | AQ10: DRC
A11: A | B11: ĐỘI 1 KX | E11: =SUM(E12:E45) -> 0 | F11: =SUM(F12:F45) -> 0 | G11: =SUM(G12:G45) -> 0 | H11: =SUM(H12:H45) -> 0 | I11: =SUM(I12:I45) -> 0 | J11: =SUM(J12:J45) -> 0 | K11: =SUM(K12:K45) -> 0 | L11: =SUM(L12:L45) -> 0 | ... AI11: =SUM(AI12:AI45) -> 235 | AO11: 93698 | AP11: 39822.7 | AQ11: =+AP11/AO11 -> 0.42501121
A12: 1 | B12: 1 | C12: A Xiu | D12: Đội 1 | AI12: =+SUM(E12:AH12) -> 0 | AP12: =+#REF!-AP11 -> #REF!
A13: 2 | B13: 2 | C13: A Nhợp | D13: Đội 1 | AE13: 8 | AI13: =+SUM(E13:AH13) -> 8
A14: 3 | B14: 3 | C14: A Chan | D14: Đội 1 | AE14: 6 | AI14: =+SUM(E14:AH14) -> 6
A15: 4 | B15: 4 | C15: Phò Đùa | D15: Đội 1 | AE15: 5 | AI15: =+SUM(E15:AH15) -> 5
A16: 5 | B16: 5 | C16: Xúc | D16: Đội 1 | AE16: 4 | AI16: =+SUM(E16:AH16) -> 4
A17: 6 | B17: 6 | C17: Phơ | D17: Đội 1 | AE17: 16 | AI17: =+SUM(E17:AH17) -> 16
A18: 7 | B18: 7 | C18: A Phơ | D18: Đội 1 | AE18: 15 | AI18: =+SUM(E18:AH18) -> 15
A19: 8 | B19: 8 | C19: Nang Xây | D19: Đội 1 | AE19: 8 | AI19: =+SUM(E19:AH19) -> 8
A20: 9 | B20: 9 | C20: Nang Sun | D20: Đội 1 | AE20: 9 | AI20: =+SUM(E20:AH20) -> 9
A21: 10 | B21: 10 | C21: Thảo Ben | D21: Đội 1 | AE21: 3 | AI21: =+SUM(E21:AH21) -> 3
A22: 11 | B22: 11 | C22: Nang Nhăn | D22: Đội 1 | AE22: 10 | AI22: =+SUM(E22:AH22) -> 10
A23: 12 | B23: 12 | C23: Phò Thít | D23: Đội 1 | AE23: 6 | AI23: =+SUM(E23:AH23) -> 6
A24: 13 | B24: 13 | C24: A Bợp | D24: Đội 1 | AE24: 5 | AI24: =+SUM(E24:AH24) -> 5
... A42: 31 | B42: 31 | C42: Nang Bun Ten | D42: Đội 1 | AE42: 7 | AI42: =+SUM(E42:AH42) -> 7
A43: 32 | B43: 32 | C43: Cha Lơ | D43: Đội 1 | AI43: =+SUM(E43:AH43) -> 0
A44: 33 | B44: 33 | C44: Dã Lay | D44: Đội 1 | AE44: 3 | AI44: =+SUM(E44:AH44) -> 3
A45: 34 | B45: 34 | C45: Thảo Xen | D45: Đội 1 | AE45: 4 | AI45: =+SUM(E45:AH45) -> 4
A46: C | B46: ĐỘI 1 KX | E46: =SUM(E47:E61) -> 0 | F46: =SUM(F47:F61) -> 0 | G46: =SUM(G47:G61) -> 0 | H46: =SUM(H47:H61) -> 0 | I46: =SUM(I47:I61) -> 0 | J46: =SUM(J47:J61) -> 0 | K46: =SUM(K47:K61) -> 0 | L46: =SUM(L47:L61) -> 0 | ... AI46: =SUM(AI47:AI61) -> 145 | AO46: 229163 | AP46: 100576.28 | AQ46: =+AP46/AO46 -> 0.43888532 | BA46: 42.747144
A47: 35 | B47: 1 | C47: Nàng Ăn | D47: Đội 1 | AF47: 5 | AI47: =+SUM(E47:AH47) -> 5
A48: 36 | B48: 2 | C48: Thảo Ơ | D48: Đội 1 | AF48: 7 | AI48: =+SUM(E48:AH48) -> 7
A49: 37 | B49: 3 | C49: Thảo Ui | D49: Đội 1 | AF49: 9 | AI49: =+SUM(E49:AH49) -> 9
A50: 38 | B50: 5 | C50: Thảo Tin | D50: Đội 1 | AF50: 10 | AI50: =+SUM(E50:AH50) -> 10
A51: 39 | B51: 6 | C51: Nàng Xái | D51: Đội 1 | AF51: 15 | AI51: =+SUM(E51:AH51) -> 15
A52: 40 | B52: 7 | C52: Thảo Phôn Xay | D52: Đội 1 | AF52: 13 | AI52: =+SUM(E52:AH52) -> 13
A53: 41 | B53: 8 | C53: Nàng Phêng | D53: Đội 1 | AF53: 7 | AI53: =+SUM(E53:AH53) -> 7
A54: 42 | B54: 9 | C54: Thảo Phíc | D54: Đội 1 | AF54: 9 | AI54: =+SUM(E54:AH54) -> 9
A55: 43 | B55: 10 | C55: Nàng Chai | D55: Đội 1 | AF55: 10 | AI55: =+SUM(E55:AH55) -> 10
A56: 44 | B56: 11 | C56: Nàng Xanh | D56: Đội 1 | AF56: 11 | AI56: =+SUM(E56:AH56) -> 11
A57: 45 | B57: 12 | C57: Thảo Xượm | D57: Đội 1 | AF57: 14 | AI57: =+SUM(E57:AH57) -> 14
A58: 46 | B58: 13 | C58: Thảo Tích | D58: Đội 1 | AF58: 13 | AI58: =+SUM(E58:AH58) -> 13
... A61: 49 | B61: 16 | C61: Nàng Út | D61: Đội 1 | AF61: 7 | AI61: =+SUM(E61:AH61) -> 7
A62: D | B62: Đội 3 | E62: =SUBTOTAL(9,E63:E67) -> 0 | F62: =SUBTOTAL(9,F63:F67) -> 0 | G62: =SUBTOTAL(9,G63:G67) -> 0 | H62: =SUBTOTAL(9,H63:H67) -> 0 | I62: =SUBTOTAL(9,I63:I67) -> 0 | J62: =SUBTOTAL(9,J63:J67) -> 0 | K62: =SUBTOTAL(9,K63:K67) -> 0 | L62: =SUBTOTAL(9,L63:L67) -> 0 | ... AI62: =SUBTOTAL(9,AI63:AI67) -> 19 | AO62: 55350 | AP62: 24397.144 | AQ62: =+AP62/AO62 -> 0.44077948 | AR62: =+#REF!-AP62 -> #REF! | AS62: 0 | AT62: 0 | AU62: 0 | AV62: 0 | AW62: 0 | AX62: 0 | AY62: 0
A63: 83 | B63: 1 | C63: Phương | D63: Đội 3 | AG63: 1 | AI63: =+SUM(E63:AH63) -> 1
A64: 84 | B64: 2 | C64: Nhung | D64: Đội 3 | AG64: 2 | AI64: =+SUM(E64:AH64) -> 2
A65: 85 | B65: 3 | C65: Xăm Chết | D65: Đội 3 | AG65: 4 | AI65: =+SUM(E65:AH65) -> 4
A66: 86 | B66: 4 | C66: Thảo Po Mua | D66: Đội 3 | AG66: 7 | AI66: =+SUM(E66:AH66) -> 7
A67: 87 | B67: 5 | C67: Thảo Từn Vàng | D67: Đội 3 | AG67: 5 | AI67: =+SUM(E67:AH67) -> 5
A68: Tổng cộng | E68: =+E11+E46+E62 -> 0 | F68: =+F11+F46+F62 -> 0 | G68: =+G11+G46+G62 -> 0 | H68: =+H11+H46+H62 -> 0 | I68: =+I11+I46+I62 -> 0 | J68: =+J11+J46+J62 -> 0 | K68: =+K11+K46+K62 -> 0 | L68: =+L11+L46+L62 -> 0 | ... AI68: =+AI11+AI46+AI62 -> 399 | AO68: =+#REF!+AO62+AO46+#REF!+AO11 -> #REF! | AP68: =+#REF!+AP62+AP46+#REF!+AP11 -> #REF! | AQ68: =+AP68/AO68 -> #REF!
AE70: Huyện Noong, ngày 30 tháng 04 năm 2025
B71: TỔNG GIÁM ĐỐC | G71: PHÒNG KT- NN | O71: GIÁM ĐỐC NT | V71: TL. TC - KT | AB71: TL.KH -NN | AI71: NGƯỜI LẬP

Sheet Chấm công CN
A1: CỘNG HÒA DÂN CHỦ NHÂN DÂN LÀO
A2: Hòa bình - Độc lập - Dân chủ - Thống nhất - Thịnh vượng
A3: ----- o0o-----
A4: CÔNG TY TNHH CP QUASA - GERUCO LÀO
A5: NÔNG TRƯỜNG CAO SU SỐ 3
A8: BẢNG CHẤM CÔNG CÔNG NHÂN KHAI THÁC NÔNG TRƯỜNG 3 THÁNG 04 NĂM 2025
A10: Stt | B10: Họ và tên | C10: MSNV | D10: Bội phận | E10: Ngày đi làm | AI10: Ngày công đi cao (x) | AJ10: Ngày chủ nhật ( cn) | AK10: Ngày cạo đúp bình thường ( D) | AL10: Ngày cạo đúp chủ nhật | AM10: Tổng công | AP10: Ký tên CN
E11: 1 | F11: 2 | G11: 3 | H11: 4 | I11: 5 | J11: 6 | K11: 7 | L11: 8 | M11: 9 | N11: 10 | O11: 11 | P11: 12 | Q11: 13 | R11: 14 | S11: 15 | T11: 16 | U11: 17 | V11: 18 | W11: 19 | X11: 20 | Y11: 21 | Z11: 22 | AA11: 23 | AB11: 24 | AC11: 25 | AD11: 26 | AE11: 27 | AF11: 28 | AG11: 29 | AH11: 30
A12: 1 | B12: A Xiu | D12: Đội 1 | Q12: cn | V12: x | W12: x | X12: cn | Y12: x | AI12: =+COUNTIF(E12:AH12,"X") -> 3 | AJ12: =+COUNTIF(E12:AH12,"CN") -> 2 | AK12: =+COUNTIF(E12:AH12,"D") -> 0 | AL12: =+COUNTIF(E12:AH12,"DCN") -> 0 | AM12: =+SUM(AI12:AL12) -> 5 | AN12: =+VLOOKUP(C12,[1]Sheet1!$D$9:$E$122,2,0) -> #N/A | AO12: =+IF(AN12=B12,"0","1") -> #N/A | AR12: =+VLOOKUP(B12,'Hổ trợ xăng CN'!C10:E40,3,0) -> #REF!
A13: 2 | B13: A Nhợp | D13: Đội 1 | Q13: cn | U13: x | V13: x | W13: x | X13: cn | Y13: x | Z13: x | AA13: x | AB13: x | AC13: x | AD13: x | AE13: cn | AF13: x | AG13: x | AH13: x | AI13: =+COUNTIF(E13:AH13,"X") -> 12 | AJ13: =+COUNTIF(E13:AH13,"CN") -> 3 | AK13: =+COUNTIF(E13:AH13,"D") -> 0 | AL13: =+COUNTIF(E13:AH13,"DCN") -> 0 | AM13: =+SUM(AI13:AL13) -> 15 | AN13: =+VLOOKUP(C13,[1]Sheet1!$D$9:$E$122,2,0) -> #N/A | AO13: =+IF(AN13=B13,"0","1") -> #N/A | AR13: =+VLOOKUP(B13,'Hổ trợ xăng CN'!C11:E41,3,0) -> #N/A
A14: 3 | B14: A Chan | D14: Đội 1 | Q14: cn | U14: x | V14: x | W14: x | X14: cn | Y14: x | Z14: x | AA14: x | AB14: x | AC14: x | AD14: x | AE14: cn | AF14: x | AG14: x | AH14: x | AI14: =+COUNTIF(E14:AH14,"X") -> 12 | AJ14: =+COUNTIF(E14:AH14,"CN") -> 3 | AK14: =+COUNTIF(E14:AH14,"D") -> 0 | AL14: =+COUNTIF(E14:AH14,"DCN") -> 0 | AM14: =+SUM(AI14:AL14) -> 15 | AN14: =+VLOOKUP(C14,[1]Sheet1!$D$9:$E$122,2,0) -> #N/A | AO14: =+IF(AN14=B14,"0","1") -> #N/A | AR14: =+VLOOKUP(B14,'Hổ trợ xăng CN'!C12:E42,3,0) -> #N/A
A15: 4 | B15: Phò Đùa | D15: Đội 1 | Q15: cn | U15: x | V15: x | W15: x | X15: cn | Y15: x | Z15: x | AA15: x | AB15: x | AD15: x | AE15: cn | AF15: x | AH15: x | AI15: =+COUNTIF(E15:AH15,"X") -> 10 | AJ15: =+COUNTIF(E15:AH15,"CN") -> 3 | AK15: =+COUNTIF(E15:AH15,"D") -> 0 | AL15: =+COUNTIF(E15:AH15,"DCN") -> 0 | AM15: =+SUM(AI15:AL15) -> 13 | AN15: =+VLOOKUP(C15,[1]Sheet1!$D$9:$E$122,2,0) -> #N/A | AO15: =+IF(AN15=B15,"0","1") -> #N/A
A16: 5 | B16: Xúc | D16: Đội 1 | Q16: cn | U16: x | V16: x | W16: x | X16: cn | Y16: x | Z16: x | AA16: x | AB16: x | AC16: x | AD16: x | AF16: x | AG16: x | AH16: x | AI16: =+COUNTIF(E16:AH16,"X") -> 12 | AJ16: =+COUNTIF(E16:AH16,"CN") -> 2 | AK16: =+COUNTIF(E16:AH16,"D") -> 0 | AL16: =+COUNTIF(E16:AH16,"DCN") -> 0 | AM16: =+SUM(AI16:AL16) -> 14 | AN16: =+VLOOKUP(C16,[1]Sheet1!$D$9:$E$122,2,0) -> #N/A | AO16: =+IF(AN16=B16,"0","1") -> #N/A
A17: 6 | B17: Phơ | D17: Đội 1 | Q17: cn | U17: x | V17: x | W17: x | X17: cn | Y17: x | Z17: x | AA17: x | AB17: x | AC17: x | AD17: x | AE17: cn | AF17: x | AG17: x | AH17: x | AI17: =+COUNTIF(E17:AH17,"X") -> 12 | AJ17: =+COUNTIF(E17:AH17,"CN") -> 3 | AK17: =+COUNTIF(E17:AH17,"D") -> 0 | AL17: =+COUNTIF(E17:AH17,"DCN") -> 0 | AM17: =+SUM(AI17:AL17) -> 15 | AN17: =+VLOOKUP(C17,[1]Sheet1!$D$9:$E$122,2,0) -> #N/A | AO17: =+IF(AN17=B17,"0","1") -> #N/A
A18: 7 | B18: A Phơ | D18: Đội 1 | Q18: cn | U18: x | V18: x | W18: x | X18: cn | Y18: x | Z18: x | AA18: x | AB18: x | AC18: x | AD18: x | AE18: cn | AF18: x | AG18: x | AH18: x | AI18: =+COUNTIF(E18:AH18,"X") -> 12 | AJ18: =+COUNTIF(E18:AH18,"CN") -> 3 | AK18: =+COUNTIF(E18:AH18,"D") -> 0 | AL18: =+COUNTIF(E18:AH18,"DCN") -> 0 | AM18: =+SUM(AI18:AL18) -> 15 | AN18: =+VLOOKUP(C18,[1]Sheet1!$D$9:$E$122,2,0) -> #N/A | AO18: =+IF(AN18=B18,"0","1") -> #N/A
A19: 8 | B19: Nang Xây | D19: Đội 1 | Q19: cn | U19: x | V19: x | W19: x | X19: cn | Y19: x | Z19: x | AA19: x | AB19: x | AC19: x | AD19: x | AE19: cn | AF19: x | AG19: x | AH19: x | AI19: =+COUNTIF(E19:AH19,"X") -> 12 | AJ19: =+COUNTIF(E19:AH19,"CN") -> 3 | AK19: =+COUNTIF(E19:AH19,"D") -> 0 | AL19: =+COUNTIF(E19:AH19,"DCN") -> 0 | AM19: =+SUM(AI19:AL19) -> 15 | AN19: =+VLOOKUP(C19,[1]Sheet1!$D$9:$E$122,2,0) -> #N/A | AO19: =+IF(AN19=B19,"0","1") -> #N/A
A20: 9 | B20: Nang Sun | D20: Đội 1 | Q20: cn | U20: x | V20: x | W20: x | X20: cn | Y20: x | Z20: x | AA20: x | AB20: x | AC20: x | AD20: x | AE20: cn | AF20: x | AG20: x | AH20: x | AI20: =+COUNTIF(E20:AH20,"X") -> 12 | AJ20: =+COUNTIF(E20:AH20,"CN") -> 3 | AK20: =+COUNTIF(E20:AH20,"D") -> 0 | AL20: =+COUNTIF(E20:AH20,"DCN") -> 0 | AM20: =+SUM(AI20:AL20) -> 15 | AN20: =+VLOOKUP(C20,[1]Sheet1!$D$9:$E$122,2,0) -> #N/A | AO20: =+IF(AN20=B20,"0","1") -> #N/A
A21: 10 | B21: Thảo Ben | D21: Đội 1 | Q21: cn | U21: x | V21: x | W21: x | X21: cn | Y21: x | Z21: x | AA21: x | AB21: x | AC21: x | AD21: x | AE21: cn | AF21: x | AG21: x | AH21: x | AI21: =+COUNTIF(E21:AH21,"X") -> 12 | AJ21: =+COUNTIF(E21:AH21,"CN") -> 3 | AK21: =+COUNTIF(E21:AH21,"D") -> 0 | AL21: =+COUNTIF(E21:AH21,"DCN") -> 0 | AM21: =+SUM(AI21:AL21) -> 15 | AN21: =+VLOOKUP(C21,[1]Sheet1!$D$9:$E$122,2,0) -> #N/A | AO21: =+IF(AN21=B21,"0","1") -> #N/A
A22: 11 | B22: Nang Nhăn | D22: Đội 1 | Q22: cn | U22: x | V22: x | W22: x | X22: cn | Y22: x | Z22: x | AA22: x | AB22: x | AC22: x | AD22: x | AE22: cn | AF22: x | AG22: x | AH22: x | AI22: =+COUNTIF(E22:AH22,"X") -> 12 | AJ22: =+COUNTIF(E22:AH22,"CN") -> 3 | AK22: =+COUNTIF(E22:AH22,"D") -> 0 | AL22: =+COUNTIF(E22:AH22,"DCN") -> 0 | AM22: =+SUM(AI22:AL22) -> 15 | AN22: =+VLOOKUP(C22,[1]Sheet1!$D$9:$E$122,2,0) -> #N/A | AO22: =+IF(AN22=B22,"0","1") -> #N/A
A23: 12 | B23: Phò Thít | D23: Đội 1 | Q23: cn | U23: x | V23: x | W23: x | X23: cn | Y23: x | Z23: x | AA23: x | AB23: x | AC23: x | AD23: x | AE23: cn | AF23: x | AG23: x | AH23: x | AI23: =+COUNTIF(E23:AH23,"X") -> 12 | AJ23: =+COUNTIF(E23:AH23,"CN") -> 3 | AK23: =+COUNTIF(E23:AH23,"D") -> 0 | AL23: =+COUNTIF(E23:AH23,"DCN") -> 0 | AM23: =+SUM(AI23:AL23) -> 15 | AN23: =+VLOOKUP(C23,[1]Sheet1!$D$9:$E$122,2,0) -> #N/A | AO23: =+IF(AN23=B23,"0","1") -> #N/A
A24: 13 | B24: A Bợp | D24: Đội 1 | Q24: cn | U24: x | V24: x | W24: x | X24: cn | Z24: x | AA24: x | AB24: x | AC24: x | AD24: x | AE24: cn | AF24: x | AG24: x | AH24: x | AI24: =+COUNTIF(E24:AH24,"X") -> 11 | AJ24: =+COUNTIF(E24:AH24,"CN") -> 3 | AK24: =+COUNTIF(E24:AH24,"D") -> 0 | AL24: =+COUNTIF(E24:AH24,"DCN") -> 0 | AM24: =+SUM(AI24:AL24) -> 14 | AN24: =+VLOOKUP(C24,[1]Sheet1!$D$9:$E$122,2,0) -> #N/A | AO24: =+IF(AN24=B24,"0","1") -> #N/A
A25: 14 | B25: A Cơ | D25: Đội 1 | Q25: cn | U25: x | V25: x | W25: x | X25: cn | Y25: x | Z25: x | AA25: x | AB25: x | AC25: x | AD25: x | AE25: cn | AF25: x | AG25: x | AH25: x | AI25: =+COUNTIF(E25:AH25,"X") -> 12 | AJ25: =+COUNTIF(E25:AH25,"CN") -> 3 | AK25: =+COUNTIF(E25:AH25,"D") -> 0 | AL25: =+COUNTIF(E25:AH25,"DCN") -> 0 | AM25: =+SUM(AI25:AL25) -> 15
A26: 15 | B26: Xa Vạt Đi | D26: Đội 1 | Q26: cn | U26: x | V26: x | W26: x | X26: cn | Y26: x | Z26: x | AA26: x | AB26: x | AC26: x | AD26: x | AE26: cn | AF26: x | AG26: x | AH26: x | AI26: =+COUNTIF(E26:AH26,"X") -> 12 | AJ26: =+COUNTIF(E26:AH26,"CN") -> 3 | AK26: =+COUNTIF(E26:AH26,"D") -> 0 | AL26: =+COUNTIF(E26:AH26,"DCN") -> 0 | AM26: =+SUM(AI26:AL26) -> 15
A27: 16 | B27: Nguyễn Thi Thanh Trà | D27: Đội 1 | Q27: cn | U27: x | V27: x | W27: x | X27: cn | Y27: x | Z27: x | AA27: x | AB27: x | AC27: x | AD27: x | AE27: cn | AF27: x | AG27: x | AH27: x | AI27: =+COUNTIF(E27:AH27,"X") -> 12 | AJ27: =+COUNTIF(E27:AH27,"CN") -> 3 | AK27: =+COUNTIF(E27:AH27,"D") -> 0 | AL27: =+COUNTIF(E27:AH27,"DCN") -> 0 | AM27: =+SUM(AI27:AL27) -> 15
A28: 17 | B28: A Han | D28: Đội 1 | Q28: cn | U28: x | V28: x | W28: x | X28: cn | Y28: x | Z28: x | AA28: x | AB28: x | AC28: x | AD28: x | AE28: cn | AF28: x | AG28: x | AH28: x | AI28: =+COUNTIF(E28:AH28,"X") -> 12 | AJ28: =+COUNTIF(E28:AH28,"CN") -> 3 | AK28: =+COUNTIF(E28:AH28,"D") -> 0 | AL28: =+COUNTIF(E28:AH28,"DCN") -> 0 | AM28: =+SUM(AI28:AL28) -> 15
A29: 18 | B29: Thảo Bun Ten | D29: Đội 1 | Q29: cn | U29: x | V29: x | W29: x | X29: cn | Y29: x | Z29: x | AA29: x | AB29: x | AC29: x | AD29: x | AE29: cn | AF29: x | AG29: x | AH29: x | AI29: =+COUNTIF(E29:AH29,"X") -> 12 | AJ29: =+COUNTIF(E29:AH29,"CN") -> 3 | AK29: =+COUNTIF(E29:AH29,"D") -> 0 | AL29: =+COUNTIF(E29:AH29,"DCN") -> 0 | AM29: =+SUM(AI29:AL29) -> 15
A30: 19 | B30: Nang Đào | D30: Đội 1 | Q30: cn | U30: x | V30: x | W30: x | X30: cn | Y30: x | Z30: x | AA30: x | AB30: x | AC30: x | AD30: x | AE30: cn | AF30: x | AG30: x | AH30: x | AI30: =+COUNTIF(E30:AH30,"X") -> 12 | AJ30: =+COUNTIF(E30:AH30,"CN") -> 3 | AK30: =+COUNTIF(E30:AH30,"D") -> 0 | AL30: =+COUNTIF(E30:AH30,"DCN") -> 0 | AM30: =+SUM(AI30:AL30) -> 15
A31: 20 | B31: Phò Nhạc | D31: Đội 1 | Q31: cn | U31: x | V31: x | W31: x | X31: cn | Y31: x | Z31: x | AA31: x | AB31: x | AC31: x | AD31: x | AF31: x | AG31: x | AH31: x | AI31: =+COUNTIF(E31:AH31,"X") -> 12 | AJ31: =+COUNTIF(E31:AH31,"CN") -> 2 | AK31: =+COUNTIF(E31:AH31,"D") -> 0 | AL31: =+COUNTIF(E31:AH31,"DCN") -> 0 | AM31: =+SUM(AI31:AL31) -> 14
A32: 21 | B32: Van | D32: Đội 1 | Q32: cn | U32: x | V32: x | W32: x | X32: cn | Y32: x | Z32: x | AA32: x | AB32: x | AC32: x | AE32: cn | AI32: =+COUNTIF(E32:AH32,"X") -> 8 | AJ32: =+COUNTIF(E32:AH32,"CN") -> 3 | AK32: =+COUNTIF(E32:AH32,"D") -> 0 | AL32: =+COUNTIF(E32:AH32,"DCN") -> 0 | AM32: =+SUM(AI32:AL32) -> 11
A33: 22 | B33: Thảo Xi | D33: Đội 1 | Q33: cn | U33: x | V33: x | W33: x | X33: cn | Y33: x | Z33: x | AA33: x | AB33: x | AC33: x | AD33: x | AE33: cn | AF33: x | AG33: x | AH33: x | AI33: =+COUNTIF(E33:AH33,"X") -> 12 | AJ33: =+COUNTIF(E33:AH33,"CN") -> 3 | AK33: =+COUNTIF(E33:AH33,"D") -> 0 | AL33: =+COUNTIF(E33:AH33,"DCN") -> 0 | AM33: =+SUM(AI33:AL33) -> 15
A34: 23 | B34: Húc | D34: Đội 1 | Q34: cn | U34: x | V34: x | W34: x | X34: cn | Y34: x | Z34: x | AA34: x | AB34: x | AC34: x | AD34: x | AE34: cn | AF34: x | AG34: x | AH34: x | AI34: =+COUNTIF(E34:AH34,"X") -> 12 | AJ34: =+COUNTIF(E34:AH34,"CN") -> 3 | AK34: =+COUNTIF(E34:AH34,"D") -> 0 | AL34: =+COUNTIF(E34:AH34,"DCN") -> 0 | AM34: =+SUM(AI34:AL34) -> 15
A35: 24 | B35: Thảo Nét | D35: Đội 1 | Q35: cn | U35: x | V35: x | W35: x | X35: cn | Y35: x | Z35: x | AA35: x | AB35: x | AC35: x | AD35: x | AE35: cn | AF35: x | AG35: x | AH35: x | AI35: =+COUNTIF(E35:AH35,"X") -> 12 | AJ35: =+COUNTIF(E35:AH35,"CN") -> 3 | AK35: =+COUNTIF(E35:AH35,"D") -> 0 | AL35: =+COUNTIF(E35:AH35,"DCN") -> 0 | AM35: =+SUM(AI35:AL35) -> 15
A36: 25 | B36: Thảo út | D36: Đội 1 | Q36: cn | U36: x | V36: x | W36: x | X36: cn | Y36: x | Z36: x | AA36: x | AB36: x | AC36: x | AD36: x | AE36: cn | AF36: x | AG36: x | AH36: x | AI36: =+COUNTIF(E36:AH36,"X") -> 12 | AJ36: =+COUNTIF(E36:AH36,"CN") -> 3 | AK36: =+COUNTIF(E36:AH36,"D") -> 0 | AL36: =+COUNTIF(E36:AH36,"DCN") -> 0 | AM36: =+SUM(AI36:AL36) -> 15 | AN36: =+VLOOKUP(C36,[1]Sheet1!$D$9:$E$122,2,0) -> #N/A | AO36: =+IF(AN36=B36,"0","1") -> #N/A
A37: 26 | B37: Tà Lọt | D37: Đội 1 | Q37: cn | U37: x | V37: x | W37: x | X37: cn | Y37: x | Z37: x | AA37: x | AB37: x | AC37: x | AD37: x | AE37: cn | AF37: x | AG37: x | AH37: x | AI37: =+COUNTIF(E37:AH37,"X") -> 12 | AJ37: =+COUNTIF(E37:AH37,"CN") -> 3 | AK37: =+COUNTIF(E37:AH37,"D") -> 0 | AL37: =+COUNTIF(E37:AH37,"DCN") -> 0 | AM37: =+SUM(AI37:AL37) -> 15
A38: 27 | B38: A Nghen | D38: Đội 1 | Q38: cn | U38: x | V38: x | W38: x | X38: cn | Y38: x | Z38: x | AA38: x | AB38: x | AC38: x | AD38: x | AE38: cn | AG38: x | AH38: x | AI38: =+COUNTIF(E38:AH38,"X") -> 11 | AJ38: =+COUNTIF(E38:AH38,"CN") -> 3 | AK38: =+COUNTIF(E38:AH38,"D") -> 0 | AL38: =+COUNTIF(E38:AH38,"DCN") -> 0 | AM38: =+SUM(AI38:AL38) -> 14
A39: 28 | B39: Thảo Xâm | D39: Đội 1 | Q39: cn | U39: x | V39: x | W39: x | X39: cn | Y39: x | Z39: x | AA39: x | AB39: x | AC39: x | AD39: x | AE39: cn | AF39: x | AG39: x | AH39: x | AI39: =+COUNTIF(E39:AH39,"X") -> 12 | AJ39: =+COUNTIF(E39:AH39,"CN") -> 3 | AK39: =+COUNTIF(E39:AH39,"D") -> 0 | AL39: =+COUNTIF(E39:AH39,"DCN") -> 0 | AM39: =+SUM(AI39:AL39) -> 15
A40: 29 | B40: Thảo Von | D40: Đội 1 | Q40: cn | U40: x | V40: x | W40: x | X40: cn | Y40: x | Z40: x | AA40: x | AB40: x | AC40: x | AD40: x | AE40: cn | AF40: x | AG40: x | AH40: x | AI40: =+COUNTIF(E40:AH40,"X") -> 12 | AJ40: =+COUNTIF(E40:AH40,"CN") -> 3 | AK40: =+COUNTIF(E40:AH40,"D") -> 0 | AL40: =+COUNTIF(E40:AH40,"DCN") -> 0 | AM40: =+SUM(AI40:AL40) -> 15
A41: 30 | B41: Nang Phen | D41: Đội 1 | Q41: cn | U41: x | V41: x | W41: x | X41: cn | Y41: x | Z41: x | AA41: x | AB41: x | AC41: x | AD41: x | AE41: cn | AF41: x | AG41: x | AH41: x | AI41: =+COUNTIF(E41:AH41,"X") -> 12 | AJ41: =+COUNTIF(E41:AH41,"CN") -> 3 | AM41: =+SUM(AI41:AL41) -> 15
A42: 31 | B42: Nang Bun Ten | D42: Đội 1 | Q42: cn | U42: x | V42: x | W42: x | X42: cn | Y42: x | Z42: x | AA42: x | AB42: x | AC42: x | AD42: x | AE42: cn | AF42: x | AG42: x | AH42: x | AI42: =+COUNTIF(E42:AH42,"X") -> 12 | AJ42: =+COUNTIF(E42:AH42,"CN") -> 3 | AM42: =+SUM(AI42:AL42) -> 15
A43: 32 | B43: Cha Lơ | D43: Đội 1 | Q43: cn | U43: x | V43: x | W43: x | X43: cn | Y43: x | Z43: x | AC43: x | AI43: =+COUNTIF(E43:AH43,"X") -> 6 | AJ43: =+COUNTIF(E43:AH43,"CN") -> 2 | AM43: =+SUM(AI43:AL43) -> 8
A44: 33 | B44: Dã Lay | D44: Đội 1 | Q44: cn | U44: x | V44: x | W44: x | X44: cn | Y44: x | Z44: x | AA44: x | AB44: x | AC44: x | AF44: x | AG44: x | AH44: x | AI44: =+COUNTIF(E44:AH44,"X") -> 11 | AJ44: =+COUNTIF(E44:AH44,"CN") -> 2 | AK44: =+COUNTIF(E44:AH44,"D") -> 0 | AL44: =+COUNTIF(E44:AH44,"DCN") -> 0 | AM44: =+SUM(AI44:AL44) -> 13
A45: 34 | B45: Thảo Xen | D45: Đội 1 | Q45: cn | U45: x | V45: x | W45: x | X45: cn | Y45: x | Z45: x | AA45: x | AB45: x | AC45: x | AD45: x | AE45: cn | AF45: x | AG45: x | AH45: x | AI45: =+COUNTIF(E45:AH45,"X") -> 12 | AJ45: =+COUNTIF(E45:AH45,"CN") -> 3 | AK45: =+COUNTIF(E45:AH45,"D") -> 0 | AL45: =+COUNTIF(E45:AH45,"DCN") -> 0 | AM45: =+SUM(AI45:AL45) -> 15
A46: Đội 1 KX | E46: =COUNTIF(E12:E45,"X")+COUNTIF(E12:E45,"cn")+COUNTIF(E12:E45,"D")+COUNTIF(E12:E45,"DCN") -> 0 | F46: =COUNTIF(F12:F45,"X")+COUNTIF(F12:F45,"cn")+COUNTIF(F12:F45,"D")+COUNTIF(F12:F45,"DCN") -> 0 | G46: =COUNTIF(G12:G45,"X")+COUNTIF(G12:G45,"cn")+COUNTIF(G12:G45,"D")+COUNTIF(G12:G45,"DCN") -> 0 | H46: =COUNTIF(H12:H45,"X")+COUNTIF(H12:H45,"cn")+COUNTIF(H12:H45,"D")+COUNTIF(H12:H45,"DCN") -> 0 | I46: =COUNTIF(I12:I45,"X")+COUNTIF(I12:I45,"cn")+COUNTIF(I12:I45,"D")+COUNTIF(I12:I45,"DCN") -> 0 | J46: =COUNTIF(J12:J45,"X")+COUNTIF(J12:J45,"cn")+COUNTIF(J12:J45,"D")+COUNTIF(J12:J45,"DCN") -> 0 | K46: =COUNTIF(K12:K45,"X")+COUNTIF(K12:K45,"cn")+COUNTIF(K12:K45,"D")+COUNTIF(K12:K45,"DCN") -> 0 | L46: =COUNTIF(L12:L45,"X")+COUNTIF(L12:L45,"cn")+COUNTIF(L12:L45,"D")+COUNTIF(L12:L45,"DCN") -> 0 | ... AH46: =COUNTIF(AH12:AH45,"X")+COUNTIF(AH12:AH45,"cn")+COUNTIF(AH12:AH45,"D")+COUNTIF(AH12:AH45,"DCN") -> 31 | AI46: =SUM(AI12:AI45) -> 384 | AJ46: =SUM(AJ12:AJ45) -> 97 | AK46: =SUM(AK12:AK45) -> 0 | AL46: =SUM(AL12:AL45) -> 0 | AM46: =SUM(AM12:AM45) -> 481 | AQ46: =+AM46+AM90 -> 1192 | AR46: =+AI46+AI90 -> 979 | AS46: =+AJ46+AJ90 -> 213 | AT46: =+AK46+AK90 -> 0 | AU46: =+AL46+AL90 -> 0
A47: 1 | B47: Nàng Ăn | D47: Đội 1 | N47: x | O47: x | P47: x | Q47: cn | U47: x | V47: x | W47: x | X47: cn | Y47: x | Z47: x | AA47: x | AB47: x | AC47: x | AD47: x | AE47: cn | AF47: x | AG47: x | AH47: x | AI47: =+COUNTIF(E47:AH47,"X") -> 15 | AJ47: =+COUNTIF(E47:AH47,"CN") -> 3 | AK47: =+COUNTIF(E47:AH47,"D") -> 0 | AL47: =+COUNTIF(E47:AH47,"DCN") -> 0 | AM47: =+SUM(AI47:AL47) -> 18
A48: 2 | B48: Thảo Ơ | D48: Đội 1 | N48: x | O48: x | P48: x | Q48: cn | U48: x | V48: x | W48: x | X48: cn | Y48: x | Z48: x | AA48: x | AB48: x | AC48: x | AD48: x | AE48: cn | AF48: x | AG48: x | AH48: x | AI48: =+COUNTIF(E48:AH48,"X") -> 15 | AJ48: =+COUNTIF(E48:AH48,"CN") -> 3 | AK48: =+COUNTIF(E48:AH48,"D") -> 0 | AL48: =+COUNTIF(E48:AH48,"DCN") -> 0 | AM48: =+SUM(AI48:AL48) -> 18
A49: 3 | B49: Thảo Ui | D49: Đội 1 | N49: x | O49: x | P49: x | Q49: cn | U49: x | V49: x | W49: x | X49: cn | Y49: x | Z49: x | AA49: x | AB49: x | AC49: x | AD49: x | AE49: cn | AF49: x | AG49: x | AH49: x | AI49: =+COUNTIF(E49:AH49,"X") -> 15 | AJ49: =+COUNTIF(E49:AH49,"CN") -> 3 | AK49: =+COUNTIF(E49:AH49,"D") -> 0 | AL49: =+COUNTIF(E49:AH49,"DCN") -> 0 | AM49: =+SUM(AI49:AL49) -> 18
A50: 4 | B50: Thảo Tin | D50: Đội 1 | N50: x | O50: x | P50: x | Q50: cn | U50: x | V50: x | W50: x | X50: cn | Y50: x | Z50: x | AA50: x | AB50: x | AC50: x | AD50: x | AE50: cn | AF50: x | AG50: x | AH50: x | AI50: =+COUNTIF(E50:AH50,"X") -> 15 | AJ50: =+COUNTIF(E50:AH50,"CN") -> 3 | AK50: =+COUNTIF(E50:AH50,"D") -> 0 | AL50: =+COUNTIF(E50:AH50,"DCN") -> 0 | AM50: =+SUM(AI50:AL50) -> 18
A51: 5 | B51: Nàng Xái | D51: Đội 1 | N51: x | O51: x | P51: x | Q51: cn | U51: x | V51: x | W51: x | X51: cn | Y51: x | Z51: x | AA51: x | AB51: x | AC51: x | AD51: x | AE51: cn | AF51: x | AG51: x | AH51: x | AI51: =+COUNTIF(E51:AH51,"X") -> 15 | AJ51: =+COUNTIF(E51:AH51,"CN") -> 3 | AK51: =+COUNTIF(E51:AH51,"D") -> 0 | AL51: =+COUNTIF(E51:AH51,"DCN") -> 0 | AM51: =+SUM(AI51:AL51) -> 18
A52: 6 | B52: Thảo Phôn Xay | D52: Đội 1 | N52: x | O52: x | P52: x | Q52: cn | U52: x | V52: x | W52: x | X52: cn | Y52: x | Z52: x | AA52: x | AB52: x | AC52: x | AD52: x | AE52: cn | AF52: x | AG52: x | AH52: x | AI52: =+COUNTIF(E52:AH52,"X") -> 15 | AJ52: =+COUNTIF(E52:AH52,"CN") -> 3 | AK52: =+COUNTIF(E52:AH52,"D") -> 0 | AL52: =+COUNTIF(E52:AH52,"DCN") -> 0 | AM52: =+SUM(AI52:AL52) -> 18
A53: 7 | B53: Nàng Phêng | D53: Đội 1 | N53: x | O53: x | P53: x | Q53: cn | U53: x | V53: x | W53: x | X53: cn | Y53: x | Z53: x | AA53: x | AB53: x | AC53: x | AD53: x | AE53: cn | AF53: x | AG53: x | AH53: x | AI53: =+COUNTIF(E53:AH53,"X") -> 15 | AJ53: =+COUNTIF(E53:AH53,"CN") -> 3 | AK53: =+COUNTIF(E53:AH53,"D") -> 0 | AL53: =+COUNTIF(E53:AH53,"DCN") -> 0 | AM53: =+SUM(AI53:AL53) -> 18
A54: 8 | B54: Thảo Phíc | D54: Đội 1 | N54: x | O54: x | P54: x | Q54: cn | U54: x | V54: x | W54: x | X54: cn | Y54: x | Z54: x | AA54: x | AB54: x | AC54: x | AD54: x | AE54: cn | AF54: x | AG54: x | AH54: x | AI54: =+COUNTIF(E54:AH54,"X") -> 15 | AJ54: =+COUNTIF(E54:AH54,"CN") -> 3 | AK54: =+COUNTIF(E54:AH54,"D") -> 0 | AL54: =+COUNTIF(E54:AH54,"DCN") -> 0 | AM54: =+SUM(AI54:AL54) -> 18
A55: 9 | B55: Nàng Chai | D55: Đội 1 | N55: x | O55: x | P55: x | Q55: cn | U55: x | V55: x | W55: x | X55: cn | Y55: x | Z55: x | AA55: x | AB55: x | AC55: x | AD55: x | AE55: cn | AF55: x | AG55: x | AH55: x | AI55: =+COUNTIF(E55:AH55,"X") -> 15 | AJ55: =+COUNTIF(E55:AH55,"CN") -> 3 | AK55: =+COUNTIF(E55:AH55,"D") -> 0 | AL55: =+COUNTIF(E55:AH55,"DCN") -> 0 | AM55: =+SUM(AI55:AL55) -> 18
A56: 10 | B56: Nàng Xanh | D56: Đội 1 | N56: x | O56: x | P56: x | Q56: cn | U56: x | V56: x | W56: x | X56: cn | Y56: x | Z56: x | AA56: x | AB56: x | AC56: x | AD56: x | AE56: cn | AF56: x | AG56: x | AH56: x | AI56: =+COUNTIF(E56:AH56,"X") -> 15 | AJ56: =+COUNTIF(E56:AH56,"CN") -> 3 | AK56: =+COUNTIF(E56:AH56,"D") -> 0 | AL56: =+COUNTIF(E56:AH56,"DCN") -> 0 | AM56: =+SUM(AI56:AL56) -> 18
A57: 11 | B57: Thảo Xượm | D57: Đội 1 | N57: x | O57: x | P57: x | Q57: cn | U57: x | V57: x | W57: x | X57: cn | Y57: x | Z57: x | AA57: x | AB57: x | AC57: x | AD57: x | AE57: cn | AF57: x | AG57: x | AH57: x | AI57: =+COUNTIF(E57:AH57,"X") -> 15 | AJ57: =+COUNTIF(E57:AH57,"CN") -> 3 | AK57: =+COUNTIF(E57:AH57,"D") -> 0 | AL57: =+COUNTIF(E57:AH57,"DCN") -> 0 | AM57: =+SUM(AI57:AL57) -> 18
A58: 12 | B58: Thảo Tích | D58: Đội 1 | N58: x | O58: x | P58: x | Q58: cn | U58: x | V58: x | W58: x | X58: cn | Y58: x | Z58: x | AA58: x | AB58: x | AC58: x | AD58: x | AE58: cn | AF58: x | AG58: x | AH58: x | AI58: =+COUNTIF(E58:AH58,"X") -> 15 | AJ58: =+COUNTIF(E58:AH58,"CN") -> 3 | AK58: =+COUNTIF(E58:AH58,"D") -> 0 | AL58: =+COUNTIF(E58:AH58,"DCN") -> 0 | AM58: =+SUM(AI58:AL58) -> 18
... A64: 18 | B64: Ning Dung | D64: Đội 1 | N64: x | O64: x | P64: x | Q64: cn | U64: x | V64: x | W64: x | X64: cn | Y64: x | Z64: x | AA64: x | AB64: x | AC64: x | AD64: x | AE64: cn | AF64: x | AG64: x | AH64: x | AI64: =+COUNTIF(E64:AH64,"X") -> 15 | AJ64: =+COUNTIF(E64:AH64,"CN") -> 3 | AK64: =+COUNTIF(E64:AH64,"D") -> 0 | AL64: =+COUNTIF(E64:AH64,"DCN") -> 0 | AM64: =+SUM(AI64:AL64) -> 18
A65: 19 | B65: Mua Chăn | D65: Đội 1 | P65: x | U65: x | V65: x | W65: x | X65: cn | Y65: x | Z65: x | AA65: x | AB65: x | AC65: x | AD65: x | AE65: cn | AF65: x | AG65: x | AH65: x | AI65: =+COUNTIF(E65:AH65,"X") -> 13 | AJ65: =+COUNTIF(E65:AH65,"CN") -> 2 | AK65: =+COUNTIF(E65:AH65,"D") -> 0 | AL65: =+COUNTIF(E65:AH65,"DCN") -> 0 | AM65: =+SUM(AI65:AL65) -> 15
A66: 20 | B66: Thảo Chọi 2 | D66: Đội 1 | U66: x | V66: x | W66: x | X66: cn | Y66: x | Z66: x | AA66: x | AB66: x | AC66: x | AD66: x | AE66: cn | AF66: x | AG66: x | AH66: x | AI66: =+COUNTIF(E66:AH66,"X") -> 12 | AJ66: =+COUNTIF(E66:AH66,"CN") -> 2 | AK66: =+COUNTIF(E66:AH66,"D") -> 0 | AL66: =+COUNTIF(E66:AH66,"DCN") -> 0 | AM66: =+SUM(AI66:AL66) -> 14
A67: 21 | B67: Thảo Sing | D67: Đội 1 | U67: x | V67: x | W67: x | X67: cn | Y67: x | Z67: x | AA67: x | AB67: x | AC67: x | AD67: x | AE67: cn | AF67: x | AG67: x | AH67: x | AI67: =+COUNTIF(E67:AH67,"X") -> 12 | AJ67: =+COUNTIF(E67:AH67,"CN") -> 2 | AK67: =+COUNTIF(E67:AH67,"D") -> 0 | AL67: =+COUNTIF(E67:AH67,"DCN") -> 0 | AM67: =+SUM(AI67:AL67) -> 14
A68: 22 | B68: Thảo Phu | D68: Đội 1 | U68: x | V68: x | W68: x | X68: cn | Y68: x | Z68: x | AA68: x | AB68: x | AC68: x | AD68: x | AE68: cn | AF68: x | AG68: x | AH68: x | AI68: =+COUNTIF(E68:AH68,"X") -> 12 | AJ68: =+COUNTIF(E68:AH68,"CN") -> 2 | AK68: =+COUNTIF(E68:AH68,"D") -> 0 | AL68: =+COUNTIF(E68:AH68,"DCN") -> 0 | AM68: =+SUM(AI68:AL68) -> 14
A69: 23 | B69: Nàng Tịa | D69: Đội 1 | U69: x | V69: x | W69: x | X69: cn | Y69: x | Z69: x | AA69: x | AB69: x | AC69: x | AD69: x | AE69: cn | AF69: x | AG69: x | AH69: x | AI69: =+COUNTIF(E69:AH69,"X") -> 12 | AJ69: =+COUNTIF(E69:AH69,"CN") -> 2 | AK69: =+COUNTIF(E69:AH69,"D") -> 0 | AL69: =+COUNTIF(E69:AH69,"DCN") -> 0 | AM69: =+SUM(AI69:AL69) -> 14
A70: 24 | B70: Thảo Tý | D70: Đội 1 | N70: x | O70: x | Q70: cn | U70: x | V70: x | W70: x | X70: cn | Y70: x | Z70: x | AA70: x | AB70: x | AC70: x | AD70: x | AE70: cn | AF70: x | AG70: x | AH70: x | AI70: =+COUNTIF(E70:AH70,"X") -> 14 | AJ70: =+COUNTIF(E70:AH70,"CN") -> 3 | AK70: =+COUNTIF(E70:AH70,"D") -> 0 | AL70: =+COUNTIF(E70:AH70,"DCN") -> 0 | AM70: =+SUM(AI70:AL70) -> 17
A71: 25 | B71: Nàng Lếc | D71: Đội 1 | N71: x | O71: x | P71: x | Q71: cn | U71: x | V71: x | W71: x | X71: cn | Y71: x | Z71: x | AA71: x | AB71: x | AC71: x | AD71: x | AE71: cn | AF71: x | AG71: x | AH71: x | AI71: =+COUNTIF(E71:AH71,"X") -> 15 | AJ71: =+COUNTIF(E71:AH71,"CN") -> 3 | AK71: =+COUNTIF(E71:AH71,"D") -> 0 | AL71: =+COUNTIF(E71:AH71,"DCN") -> 0 | AM71: =+SUM(AI71:AL71) -> 18
A72: 26 | B72: Nàng Veo | D72: Đội 1 | N72: x | O72: x | P72: x | Q72: cn | U72: x | V72: x | W72: x | X72: cn | Y72: x | Z72: x | AA72: x | AB72: x | AC72: x | AD72: x | AE72: cn | AF72: x | AG72: x | AH72: x | AI72: =+COUNTIF(E72:AH72,"X") -> 15 | AJ72: =+COUNTIF(E72:AH72,"CN") -> 3 | AK72: =+COUNTIF(E72:AH72,"D") -> 0 | AL72: =+COUNTIF(E72:AH72,"DCN") -> 0 | AM72: =+SUM(AI72:AL72) -> 18
A73: 27 | B73: Thảo Chọi | D73: Đội 1 | N73: x | O73: x | Q73: cn | U73: x | V73: x | W73: x | X73: cn | Y73: x | Z73: x | AA73: x | AB73: x | AC73: x | AD73: x | AE73: cn | AF73: x | AG73: x | AH73: x | AI73: =+COUNTIF(E73:AH73,"X") -> 14 | AJ73: =+COUNTIF(E73:AH73,"CN") -> 3 | AK73: =+COUNTIF(E73:AH73,"D") -> 0 | AL73: =+COUNTIF(E73:AH73,"DCN") -> 0 | AM73: =+SUM(AI73:AL73) -> 17
A74: 28 | B74: Nàng Nọi | D74: Đội 1 | N74: x | O74: x | P74: x | Q74: cn | U74: x | V74: x | W74: x | X74: cn | Y74: x | Z74: x | AA74: x | AB74: x | AC74: x | AD74: x | AE74: cn | AF74: x | AG74: x | AH74: x | AI74: =+COUNTIF(E74:AH74,"X") -> 15 | AJ74: =+COUNTIF(E74:AH74,"CN") -> 3 | AK74: =+COUNTIF(E74:AH74,"D") -> 0 | AL74: =+COUNTIF(E74:AH74,"DCN") -> 0 | AM74: =+SUM(AI74:AL74) -> 18
A75: 29 | B75: Thảo Uổn | D75: Đội 1 | N75: x | O75: x | P75: x | Q75: cn | U75: x | V75: x | W75: x | X75: cn | Y75: x | Z75: x | AA75: x | AB75: x | AC75: x | AD75: x | AE75: cn | AF75: x | AG75: x | AH75: x | AI75: =+COUNTIF(E75:AH75,"X") -> 15 | AJ75: =+COUNTIF(E75:AH75,"CN") -> 3 | AK75: =+COUNTIF(E75:AH75,"D") -> 0 | AL75: =+COUNTIF(E75:AH75,"DCN") -> 0 | AM75: =+SUM(AI75:AL75) -> 18
A76: 30 | B76: Nàng Văn | D76: Đội 1 | N76: x | O76: x | P76: x | Q76: cn | U76: x | V76: x | W76: x | X76: cn | Y76: x | Z76: x | AA76: x | AB76: x | AC76: x | AD76: x | AE76: cn | AF76: x | AG76: x | AH76: x | AI76: =+COUNTIF(E76:AH76,"X") -> 15 | AJ76: =+COUNTIF(E76:AH76,"CN") -> 3 | AK76: =+COUNTIF(E76:AH76,"D") -> 0 | AL76: =+COUNTIF(E76:AH76,"DCN") -> 0 | AM76: =+SUM(AI76:AL76) -> 18
A77: 31 | B77: Thảo Chòi | D77: Đội 1 | N77: x | O77: x | P77: x | Q77: cn | U77: x | V77: x | W77: x | X77: cn | Y77: x | Z77: x | AA77: x | AB77: x | AC77: x | AD77: x | AE77: cn | AF77: x | AG77: x | AH77: x | AI77: =+COUNTIF(E77:AH77,"X") -> 15 | AJ77: =+COUNTIF(E77:AH77,"CN") -> 3 | AK77: =+COUNTIF(E77:AH77,"D") -> 0 | AL77: =+COUNTIF(E77:AH77,"DCN") -> 0 | AM77: =+SUM(AI77:AL77) -> 18
A78: 32 | B78: Thảo Chanh | D78: Đội 1 | N78: x | O78: x | P78: x | Q78: cn | U78: x | V78: x | W78: x | X78: cn | Y78: x | Z78: x | AA78: x | AB78: x | AC78: x | AD78: x | AE78: cn | AF78: x | AG78: x | AH78: x | AI78: =+COUNTIF(E78:AH78,"X") -> 15 | AJ78: =+COUNTIF(E78:AH78,"CN") -> 3 | AK78: =+COUNTIF(E78:AH78,"D") -> 0 | AL78: =+COUNTIF(E78:AH78,"DCN") -> 0 | AM78: =+SUM(AI78:AL78) -> 18
A79: 33 | B79: Thảo Sa | D79: Đội 1 | N79: x | O79: x | P79: x | Q79: cn | U79: x | V79: x | W79: x | X79: cn | Y79: x | Z79: x | AA79: x | AB79: x | AC79: x | AD79: x | AE79: cn | AF79: x | AG79: x | AH79: x | AI79: =+COUNTIF(E79:AH79,"X") -> 15 | AJ79: =+COUNTIF(E79:AH79,"CN") -> 3 | AK79: =+COUNTIF(E79:AH79,"D") -> 0 | AL79: =+COUNTIF(E79:AH79,"DCN") -> 0 | AM79: =+SUM(AI79:AL79) -> 18
A80: 34 | B80: Nàng Phôn | D80: Đội 1 | N80: x | O80: x | P80: x | Q80: cn | U80: x | V80: x | W80: x | X80: cn | Y80: x | Z80: x | AA80: x | AB80: x | AC80: x | AD80: x | AE80: cn | AF80: x | AG80: x | AH80: x | AI80: =+COUNTIF(E80:AH80,"X") -> 15 | AJ80: =+COUNTIF(E80:AH80,"CN") -> 3 | AK80: =+COUNTIF(E80:AH80,"D") -> 0 | AL80: =+COUNTIF(E80:AH80,"DCN") -> 0 | AM80: =+SUM(AI80:AL80) -> 18
A81: 35 | B81: Thảo Mon | D81: Đội 1 | N81: x | O81: x | P81: x | Q81: cn | U81: x | V81: x | W81: x | X81: cn | Y81: x | Z81: x | AA81: x | AB81: x | AC81: x | AD81: x | AE81: cn | AF81: x | AG81: x | AH81: x | AI81: =+COUNTIF(E81:AH81,"X") -> 15 | AJ81: =+COUNTIF(E81:AH81,"CN") -> 3 | AK81: =+COUNTIF(E81:AH81,"D") -> 0 | AL81: =+COUNTIF(E81:AH81,"DCN") -> 0 | AM81: =+SUM(AI81:AL81) -> 18
A82: 36 | B82: Thảo Vông Xay | D82: Đội 1 | N82: x | O82: x | P82: x | Q82: cn | U82: x | V82: x | W82: x | X82: cn | Y82: x | Z82: x | AA82: x | AB82: x | AC82: x | AD82: x | AE82: cn | AF82: x | AG82: x | AH82: x | AI82: =+COUNTIF(E82:AH82,"X") -> 15 | AJ82: =+COUNTIF(E82:AH82,"CN") -> 3 | AK82: =+COUNTIF(E82:AH82,"D") -> 0 | AL82: =+COUNTIF(E82:AH82,"DCN") -> 0 | AM82: =+SUM(AI82:AL82) -> 18
A83: 37 | B83: Nàng Lun | D83: Đội 1 | P83: x | Q83: cn | U83: x | V83: x | W83: x | X83: cn | Y83: x | Z83: x | AA83: x | AB83: x | AC83: x | AD83: x | AE83: cn | AF83: x | AG83: x | AH83: x | AI83: =+COUNTIF(E83:AH83,"X") -> 13 | AJ83: =+COUNTIF(E83:AH83,"CN") -> 3 | AM83: =+SUM(AI83:AL83) -> 16
A84: 38 | B84: Thảo Vong | D84: Đội 1 | U84: x | V84: x | W84: x | X84: cn | Y84: x | Z84: x | AA84: x | AB84: x | AC84: x | AD84: x | AE84: cn | AF84: x | AG84: x | AH84: x | AI84: =+COUNTIF(E84:AH84,"X") -> 12 | AJ84: =+COUNTIF(E84:AH84,"CN") -> 2 | AM84: =+SUM(AI84:AL84) -> 14
A85: 39 | B85: Nàng Veng | D85: Đội 1 | U85: x | V85: x | W85: x | X85: cn | Y85: x | Z85: x | AA85: x | AB85: x | AC85: x | AD85: x | AE85: cn | AF85: x | AG85: x | AH85: x | AI85: =+COUNTIF(E85:AH85,"X") -> 12 | AJ85: =+COUNTIF(E85:AH85,"CN") -> 2 | AM85: =+SUM(AI85:AL85) -> 14
A86: 40 | B86: Thảo Đuông Chăn | D86: Đội 1 | U86: x | V86: x | W86: x | X86: cn | Y86: x | Z86: x | AA86: x | AB86: x | AC86: x | AD86: x | AE86: cn | AF86: x | AG86: x | AH86: x | AI86: =+COUNTIF(E86:AH86,"X") -> 12 | AJ86: =+COUNTIF(E86:AH86,"CN") -> 2 | AM86: =+SUM(AI86:AL86) -> 14
A87: 41 | B87: Nàng Peng | D87: Đội 1 | U87: x | V87: x | W87: x | X87: cn | Y87: x | Z87: x | AA87: x | AB87: x | AC87: x | AD87: x | AE87: cn | AF87: x | AG87: x | AH87: x | AI87: =+COUNTIF(E87:AH87,"X") -> 12 | AJ87: =+COUNTIF(E87:AH87,"CN") -> 2 | AM87: =+SUM(AI87:AL87) -> 14
A88: 42 | B88: Thảo Xay Tho | D88: Đội 1 | AC88: x | AD88: x | AE88: cn | AF88: x | AG88: x | AH88: x | AI88: =+COUNTIF(E88:AH88,"X") -> 5 | AJ88: =+COUNTIF(E88:AH88,"CN") -> 1 | AM88: =+SUM(AI88:AL88) -> 6
A89: 43 | B89: Nàng Xia Lô | D89: Đội 1 | AC89: x | AD89: x | AE89: cn | AF89: x | AG89: x | AH89: x | AI89: =+COUNTIF(E89:AH89,"X") -> 5 | AJ89: =+COUNTIF(E89:AH89,"CN") -> 1 | AK89: =+COUNTIF(E89:AH89,"D") -> 0 | AL89: =+COUNTIF(E89:AH89,"DCN") -> 0 | AM89: =+SUM(AI89:AL89) -> 6
A90: Đội 1 XT | E90: =COUNTIF(E47:E89,"X")+COUNTIF(E47:E89,"cn")+COUNTIF(E47:E89,"D")+COUNTIF(E47:E89,"DCN") -> 0 | F90: =COUNTIF(F47:F89,"X")+COUNTIF(F47:F89,"cn")+COUNTIF(F47:F89,"D")+COUNTIF(F47:F89,"DCN") -> 0 | G90: =COUNTIF(G47:G89,"X")+COUNTIF(G47:G89,"cn")+COUNTIF(G47:G89,"D")+COUNTIF(G47:G89,"DCN") -> 0 | H90: =COUNTIF(H47:H89,"X")+COUNTIF(H47:H89,"cn")+COUNTIF(H47:H89,"D")+COUNTIF(H47:H89,"DCN") -> 0 | I90: =COUNTIF(I47:I89,"X")+COUNTIF(I47:I89,"cn")+COUNTIF(I47:I89,"D")+COUNTIF(I47:I89,"DCN") -> 0 | J90: =COUNTIF(J47:J89,"X")+COUNTIF(J47:J89,"cn")+COUNTIF(J47:J89,"D")+COUNTIF(J47:J89,"DCN") -> 0 | K90: =COUNTIF(K47:K89,"X")+COUNTIF(K47:K89,"cn")+COUNTIF(K47:K89,"D")+COUNTIF(K47:K89,"DCN") -> 0 | L90: =COUNTIF(L47:L89,"X")+COUNTIF(L47:L89,"cn")+COUNTIF(L47:L89,"D")+COUNTIF(L47:L89,"DCN") -> 0 | ... AH90: =COUNTIF(AH47:AH89,"X")+COUNTIF(AH47:AH89,"cn")+COUNTIF(AH47:AH89,"D")+COUNTIF(AH47:AH89,"DCN") -> 43 | AI90: =+SUBTOTAL(9,AI47:AI89) -> 595 | AJ90: =+SUBTOTAL(9,AJ47:AJ89) -> 116 | AK90: =+SUBTOTAL(9,AK47:AK89) -> 0 | AL90: =+SUBTOTAL(9,AL47:AL89) -> 0 | AM90: =+SUBTOTAL(9,AM47:AM89) -> 711 | AN90: =+SUBTOTAL(9,AN12:AN81) -> #N/A | AO90: =+SUBTOTAL(9,AO12:AO81) -> #N/A
A91: 1 | B91: Viêng | D91: Đội 2 | W91: x | X91: cn | Y91: x | Z91: x | AA91: x | AB91: x | AC91: x | AD91: x | AE91: cn | AF91: x | AG91: x | AH91: x | AI91: =+COUNTIF(E91:AH91,"X") -> 10 | AJ91: =+COUNTIF(E91:AH91,"CN") -> 2 | AK91: =+COUNTIF(E91:AH91,"D") -> 0 | AL91: =+COUNTIF(E91:AH91,"DCN") -> 0 | AM91: =SUM(AI91:AL91) -> 12 | AN91: =+VLOOKUP(C91,[1]Sheet1!$D$9:$E$122,2,0) -> #N/A | AO91: =+IF(AN91=B91,"0","1") -> #N/A
A92: 2 | B92: Đặm | D92: Đội 2 | W92: x | X92: cn | Y92: x | Z92: x | AA92: x | AB92: x | AC92: x | AD92: x | AE92: cn | AF92: x | AG92: x | AH92: x | AI92: =+COUNTIF(E92:AH92,"X") -> 10 | AJ92: =+COUNTIF(E92:AH92,"CN") -> 2 | AK92: =+COUNTIF(E92:AH92,"D") -> 0 | AL92: =+COUNTIF(E92:AH92,"DCN") -> 0 | AM92: =SUM(AI92:AL92) -> 12 | AN92: =+VLOOKUP(C92,[1]Sheet1!$D$9:$E$122,2,0) -> #N/A | AO92: =+IF(AN92=B92,"0","1") -> #N/A
A93: 3 | B93: Nhui | D93: Đội 2 | O93: x | P93: x | Q93: cn | U93: x | V93: x | W93: x | X93: cn | Y93: x | Z93: x | AA93: x | AB93: x | AC93: x | AD93: x | AE93: cn | AF93: x | AG93: x | AH93: x | AI93: =+COUNTIF(E93:AH93,"X") -> 14 | AJ93: =+COUNTIF(E93:AH93,"CN") -> 3 | AK93: =+COUNTIF(E93:AH93,"D") -> 0 | AL93: =+COUNTIF(E93:AH93,"DCN") -> 0 | AM93: =SUM(AI93:AL93) -> 17 | AN93: =+VLOOKUP(C93,[1]Sheet1!$D$9:$E$122,2,0) -> #N/A | AO93: =+IF(AN93=B93,"0","1") -> #N/A
A94: 4 | B94: Nàng ny | D94: Đội 2 | O94: x | P94: x | Q94: cn | U94: x | V94: x | W94: x | X94: cn | Y94: x | Z94: x | AA94: x | AB94: x | AC94: x | AD94: x | AE94: cn | AF94: x | AG94: x | AH94: x | AI94: =+COUNTIF(E94:AH94,"X") -> 14 | AJ94: =+COUNTIF(E94:AH94,"CN") -> 3 | AK94: =+COUNTIF(E94:AH94,"D") -> 0 | AL94: =+COUNTIF(E94:AH94,"DCN") -> 0 | AM94: =SUM(AI94:AL94) -> 17 | AN94: =+VLOOKUP(C94,[1]Sheet1!$D$9:$E$122,2,0) -> #N/A | AO94: =+IF(AN94=B94,"0","1") -> #N/A
A95: 5 | B95: Thảo Bon | D95: Đội 2 | O95: x | P95: x | Q95: cn | U95: x | V95: x | W95: x | X95: cn | Y95: x | Z95: x | AA95: x | AB95: x | AC95: x | AD95: x | AE95: cn | AF95: x | AG95: x | AH95: x | AI95: =+COUNTIF(E95:AH95,"X") -> 14 | AJ95: =+COUNTIF(E95:AH95,"CN") -> 3 | AK95: =+COUNTIF(E95:AH95,"D") -> 0 | AL95: =+COUNTIF(E95:AH95,"DCN") -> 0 | AM95: =SUM(AI95:AL95) -> 17 | AN95: =+VLOOKUP(C95,[1]Sheet1!$D$9:$E$122,2,0) -> #N/A | AO95: =+IF(AN95=B95,"0","1") -> #N/A
A96: 6 | B96: Nàng Khảng | D96: Đội 2 | O96: x | P96: x | Q96: cn | U96: x | V96: x | W96: x | X96: cn | Y96: x | Z96: x | AA96: x | AB96: x | AC96: x | AD96: x | AE96: cn | AF96: x | AG96: x | AH96: x | AI96: =+COUNTIF(E96:AH96,"X") -> 14 | AJ96: =+COUNTIF(E96:AH96,"CN") -> 3 | AK96: =+COUNTIF(E96:AH96,"D") -> 0 | AL96: =+COUNTIF(E96:AH96,"DCN") -> 0 | AM96: =SUM(AI96:AL96) -> 17 | AN96: =+VLOOKUP(C96,[1]Sheet1!$D$9:$E$122,2,0) -> #N/A | AO96: =+IF(AN96=B96,"0","1") -> #N/A
A97: 7 | B97: Thảo Xông | D97: Đội 2 | O97: x | P97: x | Q97: cn | U97: x | V97: x | W97: x | X97: cn | Y97: x | Z97: x | AA97: x | AB97: x | AC97: x | AD97: x | AE97: cn | AF97: x | AG97: x | AH97: x | AI97: =+COUNTIF(E97:AH97,"X") -> 14 | AJ97: =+COUNTIF(E97:AH97,"CN") -> 3 | AK97: =+COUNTIF(E97:AH97,"D") -> 0 | AL97: =+COUNTIF(E97:AH97,"DCN") -> 0 | AM97: =SUM(AI97:AL97) -> 17 | AN97: =+VLOOKUP(C97,[1]Sheet1!$D$9:$E$122,2,0) -> #N/A | AO97: =+IF(AN97=B97,"0","1") -> #N/A
A98: 8 | B98: Nàng Bồn | D98: Đội 2 | O98: x | P98: x | Q98: cn | U98: x | V98: x | W98: x | X98: cn | Y98: x | Z98: x | AA98: x | AB98: x | AC98: x | AD98: x | AE98: cn | AF98: x | AG98: x | AH98: x | AI98: =+COUNTIF(E98:AH98,"X") -> 14 | AJ98: =+COUNTIF(E98:AH98,"CN") -> 3 | AK98: =+COUNTIF(E98:AH98,"D") -> 0 | AL98: =+COUNTIF(E98:AH98,"DCN") -> 0 | AM98: =SUM(AI98:AL98) -> 17 | AN98: =+VLOOKUP(C98,[1]Sheet1!$D$9:$E$122,2,0) -> #N/A | AO98: =+IF(AN98=B98,"0","1") -> #N/A
A99: 9 | B99: Lò Tho | D99: Đội 2 | U99: x | V99: x | W99: x | Y99: x | Z99: x | AA99: x | AB99: x | AC99: x | AD99: x | AE99: cn | AF99: x | AG99: x | AH99: x | AI99: =+COUNTIF(E99:AH99,"X") -> 12 | AJ99: =+COUNTIF(E99:AH99,"CN") -> 1 | AK99: =+COUNTIF(E99:AH99,"D") -> 0 | AL99: =+COUNTIF(E99:AH99,"DCN") -> 0 | AM99: =SUM(AI99:AL99) -> 13 | AN99: =+VLOOKUP(C99,[1]Sheet1!$D$9:$E$122,2,0) -> #N/A | AO99: =+IF(AN99=B99,"0","1") -> #N/A
A100: 10 | B100: Sua Va | D100: Đội 2 | U100: x | V100: x | W100: x | X100: cn | Y100: x | Z100: x | AA100: x | AB100: x | AC100: x | AD100: x | AE100: cn | AF100: x | AG100: x | AH100: x | AI100: =+COUNTIF(E100:AH100,"X") -> 12 | AJ100: =+COUNTIF(E100:AH100,"CN") -> 2 | AK100: =+COUNTIF(E100:AH100,"D") -> 0 | AL100: =+COUNTIF(E100:AH100,"DCN") -> 0 | AM100: =SUM(AI100:AL100) -> 14 | AN100: =+VLOOKUP(C100,[1]Sheet1!$D$9:$E$122,2,0) -> #N/A | AO100: =+IF(AN100=B100,"0","1") -> #N/A
A101: 11 | B101: Noi | D101: Đội 2 | N101: x | O101: x | P101: x | Q101: cn | U101: x | V101: x | W101: x | X101: cn | Y101: x | Z101: x | AA101: x | AB101: x | AC101: x | AD101: x | AE101: cn | AF101: x | AG101: x | AH101: x | AI101: =+COUNTIF(E101:AH101,"X") -> 15 | AJ101: =+COUNTIF(E101:AH101,"CN") -> 3 | AK101: =+COUNTIF(E101:AH101,"D") -> 0 | AL101: =+COUNTIF(E101:AH101,"DCN") -> 0 | AM101: =SUM(AI101:AL101) -> 18 | AN101: =+VLOOKUP(C101,[1]Sheet1!$D$9:$E$122,2,0) -> #N/A | AO101: =+IF(AN101=B101,"0","1") -> #N/A
A102: 12 | B102: Thong | D102: Đội 2 | N102: x | O102: x | P102: x | Q102: cn | U102: x | V102: x | W102: x | X102: cn | Y102: x | Z102: x | AA102: x | AB102: x | AC102: x | AD102: x | AE102: cn | AF102: x | AG102: x | AH102: x | AI102: =+COUNTIF(E102:AH102,"X") -> 15 | AJ102: =+COUNTIF(E102:AH102,"CN") -> 3 | AK102: =+COUNTIF(E102:AH102,"D") -> 0 | AL102: =+COUNTIF(E102:AH102,"DCN") -> 0 | AM102: =SUM(AI102:AL102) -> 18 | AN102: =+VLOOKUP(C102,[1]Sheet1!$D$9:$E$122,2,0) -> #N/A | AO102: =+IF(AN102=B102,"0","1") -> #N/A
A103: 13 | B103: Quy | D103: Đội 2 | O103: x | P103: x | Q103: cn | U103: x | V103: x | W103: x | X103: cn | Z103: x | AA103: x | AB103: x | AC103: x | AD103: x | AE103: cn | AF103: x | AG103: x | AH103: x | AI103: =+COUNTIF(E103:AH103,"X") -> 13 | AJ103: =+COUNTIF(E103:AH103,"CN") -> 3 | AK103: =+COUNTIF(E103:AH103,"D") -> 0 | AL103: =+COUNTIF(E103:AH103,"DCN") -> 0 | AM103: =SUM(AI103:AL103) -> 16 | AN103: =+VLOOKUP(C103,[1]Sheet1!$D$9:$E$122,2,0) -> #N/A | AO103: =+IF(AN103=B103,"0","1") -> #N/A
A104: 14 | B104: Nàng nỷ | D104: Đội 2 | O104: x | P104: x | Q104: cn | U104: x | V104: x | W104: x | X104: cn | Y104: x | Z104: x | AA104: x | AB104: x | AC104: x | AD104: x | AE104: cn | AF104: x | AG104: x | AH104: x | AI104: =+COUNTIF(E104:AH104,"X") -> 14 | AJ104: =+COUNTIF(E104:AH104,"CN") -> 3 | AK104: =+COUNTIF(E104:AH104,"D") -> 0 | AL104: =+COUNTIF(E104:AH104,"DCN") -> 0 | AM104: =SUM(AI104:AL104) -> 17 | AN104: =+VLOOKUP(C104,[1]Sheet1!$D$9:$E$122,2,0) -> #N/A | AO104: =+IF(AN104=B104,"0","1") -> #N/A
A105: 15 | B105: Pen ta | D105: Đội 2 | N105: x | O105: x | P105: x | Q105: cn | U105: x | V105: x | W105: x | X105: cn | Z105: x | AA105: x | AB105: x | AD105: x | AE105: cn | AF105: x | AG105: x | AH105: x | AI105: =+COUNTIF(E105:AH105,"X") -> 13 | AJ105: =+COUNTIF(E105:AH105,"CN") -> 3 | AK105: =+COUNTIF(E105:AH105,"D") -> 0 | AL105: =+COUNTIF(E105:AH105,"DCN") -> 0 | AM105: =SUM(AI105:AL105) -> 16 | AN105: =+VLOOKUP(C105,[1]Sheet1!$D$9:$E$122,2,0) -> #N/A | AO105: =+IF(AN105=B105,"0","1") -> #N/A
A106: 16 | B106: Nàng tim | D106: Đội 2 | N106: x | O106: x | P106: x | Q106: cn | U106: x | V106: x | W106: x | X106: cn | Z106: x | AA106: x | AB106: x | AD106: x | AE106: cn | AF106: x | AG106: x | AH106: x | AI106: =+COUNTIF(E106:AH106,"X") -> 13 | AJ106: =+COUNTIF(E106:AH106,"CN") -> 3 | AK106: =+COUNTIF(E106:AH106,"D") -> 0 | AL106: =+COUNTIF(E106:AH106,"DCN") -> 0 | AM106: =SUM(AI106:AL106) -> 16 | AN106: =+VLOOKUP(C106,[1]Sheet1!$D$9:$E$122,2,0) -> #N/A | AO106: =+IF(AN106=B106,"0","1") -> #N/A
A107: 17 | B107: Chen tho | D107: Đội 2 | Q107: cn | U107: x | V107: x | W107: x | X107: cn | Y107: x | Z107: x | AA107: x | AB107: x | AC107: x | AD107: x | AE107: cn | AF107: x | AG107: x | AH107: x | AI107: =+COUNTIF(E107:AH107,"X") -> 12 | AJ107: =+COUNTIF(E107:AH107,"CN") -> 3 | AK107: =+COUNTIF(E107:AH107,"D") -> 0 | AL107: =+COUNTIF(E107:AH107,"DCN") -> 0 | AM107: =SUM(AI107:AL107) -> 15 | AN107: =+VLOOKUP(C107,[1]Sheet1!$D$9:$E$122,2,0) -> #N/A | AO107: =+IF(AN107=B107,"0","1") -> #N/A
A108: 18 | B108: Mang lâu | D108: Đội 2 | Q108: cn | U108: x | V108: x | W108: x | X108: cn | Y108: x | Z108: x | AA108: x | AB108: x | AC108: x | AD108: x | AE108: cn | AF108: x | AG108: x | AH108: x | AI108: =+COUNTIF(E108:AH108,"X") -> 12 | AJ108: =+COUNTIF(E108:AH108,"CN") -> 3 | AK108: =+COUNTIF(E108:AH108,"D") -> 0 | AL108: =+COUNTIF(E108:AH108,"DCN") -> 0 | AM108: =SUM(AI108:AL108) -> 15 | AN108: =+VLOOKUP(C108,[1]Sheet1!$D$9:$E$122,2,0) -> #N/A | AO108: =+IF(AN108=B108,"0","1") -> #N/A
...

Sheet Phụ cấp cây non
A1: CỘNG HÒA DÂN CHỦ NHÂN DÂN LÀO
A2: Hòa bình - Độc lập - Dân chủ - Thống nhất - Thịnh vượng
A3: ----- o0o-----
A4: CÔNG TY TNHH CP QUASA - GERUCO LÀO
A5: NÔNG TRƯỜNG CAO SU SỐ 3
A8: BẢNG CHẤM CÔNG PHỤ CẤP CÂY NON NÔNG TRƯỜNG 3 THÁNG 04 NĂM 2025
A10: Stt | B10: Họ và tên | C10: MSNV | D10: Bội phận | E10: Ngày đi làm | AI10: Ngày công đi cao (x) | AJ10: Ngày cạo đúp bình thường ( D) | AK10: Ngày cạo đúp chủ nhật | AL10: Tổng công | AO10: Ký tên CN
E11: 1 | F11: 2 | G11: 3 | H11: 4 | I11: 5 | J11: 6 | K11: 7 | L11: 8 | M11: 9 | N11: 10 | O11: 11 | P11: 12 | Q11: 13 | R11: 14 | S11: 15 | T11: 16 | U11: 17 | V11: 18 | W11: 19 | X11: 20 | Y11: 21 | Z11: 22 | AA11: 23 | AB11: 24 | AC11: 25 | AD11: 26 | AE11: 27 | AF11: 28 | AG11: 29 | AH11: 30
A12: 1 | B12: Thảo Vong | D12: Đội 1 | U12: x | V12: x | W12: x | X12: x | Y12: x | Z12: x | AA12: x | AB12: x | AC12: x | AD12: x | AE12: x | AF12: x | AG12: x | AH12: x | AI12: =+COUNTIF(E12:AH12,"X") -> 14 | AL12: =+SUM(AI12:AK12) -> 14
A13: 2 | B13: Nàng Veng | D13: Đội 1 | U13: x | V13: x | W13: x | X13: x | Y13: x | Z13: x | AA13: x | AB13: x | AC13: x | AD13: x | AE13: x | AF13: x | AG13: x | AH13: x | AI13: =+COUNTIF(E13:AH13,"X") -> 14 | AL13: =+SUM(AI13:AK13) -> 14
A14: 3 | B14: Thảo Đuông Chăn | D14: Đội 1 | U14: x | V14: x | W14: x | X14: x | Y14: x | Z14: x | AA14: x | AB14: x | AC14: x | AD14: x | AE14: x | AF14: x | AG14: x | AH14: x | AI14: =+COUNTIF(E14:AH14,"X") -> 14 | AL14: =+SUM(AI14:AK14) -> 14
A15: 4 | B15: Nàng Peng | D15: Đội 1 | U15: x | V15: x | W15: x | X15: x | Y15: x | Z15: x | AA15: x | AB15: x | AC15: x | AD15: x | AE15: x | AF15: x | AG15: x | AH15: x | AI15: =+COUNTIF(E15:AH15,"X") -> 14 | AL15: =+SUM(AI15:AK15) -> 14
A16: 5 | B16: Thảo Xay Tho | D16: Đội 1 | AC16: x | AD16: x | AE16: x | AF16: x | AG16: x | AH16: x | AI16: =+COUNTIF(E16:AH16,"X") -> 6 | AL16: =+SUM(AI16:AK16) -> 6
A17: 6 | B17: Nàng Xia Lô | D17: Đội 1 | AC17: x | AD17: x | AE17: x | AF17: x | AG17: x | AH17: x | AI17: =+COUNTIF(E17:AH17,"X") -> 6 | AJ17: =+COUNTIF(E17:AH17,"D") -> 0 | AK17: =+COUNTIF(E17:AH17,"DCN") -> 0 | AL17: =+SUM(AI17:AK17) -> 6
A18: Tổng cộng | E18: =COUNTIF(E12:E17,"x") -> 0 | F18: =COUNTIF(F12:F17,"x") -> 0 | G18: =COUNTIF(G12:G17,"x") -> 0 | H18: =COUNTIF(H12:H17,"x") -> 0 | I18: =COUNTIF(I12:I17,"x") -> 0 | J18: =COUNTIF(J12:J17,"x") -> 0 | K18: =COUNTIF(K12:K17,"x") -> 0 | L18: =COUNTIF(L12:L17,"x") -> 0 | ... AH18: =COUNTIF(AH12:AH17,"x") -> 6 | AI18: =+SUM(AI12:AI17) -> 68 | AJ18: =+SUM(AJ12:AJ17) -> 0 | AK18: =+SUM(AK12:AK17) -> 0 | AL18: =+SUM(AL12:AL17) -> 68 | AM18: =SUBTOTAL(9,AM12:AM17) -> 0 | AN18: =SUBTOTAL(9,AN12:AN17) -> 0
A19: Ghi chú | D19: x | E19: Ngày phụ cấp | AF19: Huyện Noong, ngày 30 tháng 04 năm 2025
A22: TỔNG GIÁM ĐỐC | G22: P. KT -NN | M22: P. TC -HC | R22: GIÁM ĐỐC NT | W22: TL. TC - KT | AB22: TL . KH -NN | AH22: NGƯỜI LẬP
AK34: =+AK18+AK31 -> 0

Sheet Thanh toán bốc mủ
A1: CỘNG HÒA DÂN CHỦ NHÂN DÂN LÀO
A2: Hòa Bình -Độc Lập - Dân Chủ - thống Nhất - Thịnh Vượng
A3: -----oOo-----
A4: CÔNG TY TNHH CP QUASA - GERUCO LÀO
A5: NÔNG TRƯỜNG CAO SU SỐ 3
A7: BẢNG THANH TOÁN TIỀN LƯƠNG MỦ DÂY THÁNG 04 NĂM 2025
A9: (Từ ngày 01 tháng 04 đến ngày 31 tháng 04 năm 2025)
A12: Stt | B12: Họ và tên | C12: Ngày | AG12: Sản lượng mủ dây mủ dây | AH12: Đơn giá | AI12: Thành tiền | AJ12: Ký tên
C13: 1 | D13: 2 | E13: 3 | F13: 4 | G13: 5 | H13: 6 | I13: 7 | J13: 8 | K13: 9 | L13: 10 | M13: 11 | N13: 12 | O13: 13 | P13: 14 | Q13: 15 | R13: 16 | S13: 17 | T13: 18 | U13: 19 | V13: 20 | W13: 21 | X13: 22 | Y13: 23 | Z13: 24 | AA13: 25 | AB13: 26 | AC13: 27 | AD13: 28 | AE13: 29 | AF13: 30
A14: Đội 1 | C14: =SUM(C15:C46) -> 0 | D14: =SUM(D15:D46) -> 0 | E14: =SUM(E15:E46) -> 0 | F14: =SUM(F15:F46) -> 0 | G14: =SUM(G15:G46) -> 0 | H14: =SUM(H15:H46) -> 0 | I14: =SUM(I15:I46) -> 0 | J14: =SUM(J15:J46) -> 0 | ... AF14: =SUM(AF15:AF46) -> 0 | AG14: =SUM(AG15:AG61) -> 380 | AI14: =SUM(AI15:AI63) -> 3800000
A15: 1 | B15: A Nhợp | AG15: =+VLOOKUP(B15,'[2]Mủ dây'!C13:AI46,33,0) -> 8 | AH15: 8000 | AI15: =+AG15*AH15 -> 64000
A16: 2 | B16: A Chan | AG16: =+VLOOKUP(B16,'[2]Mủ dây'!C14:AI47,33,0) -> 6 | AH16: 8000 | AI16: =+AG16*AH16 -> 48000
A17: 3 | B17: Phò Đùa | AG17: =+VLOOKUP(B17,'[2]Mủ dây'!C15:AI48,33,0) -> 5 | AH17: 8000 | AI17: =+AG17*AH17 -> 40000
A18: 4 | B18: Xúc | AG18: =+VLOOKUP(B18,'[2]Mủ dây'!C16:AI49,33,0) -> 4 | AH18: 8000 | AI18: =+AG18*AH18 -> 32000
A19: 5 | B19: Phơ | AG19: =+VLOOKUP(B19,'[2]Mủ dây'!C17:AI50,33,0) -> 16 | AH19: 8000 | AI19: =+AG19*AH19 -> 128000
A20: 6 | B20: A Phơ | AG20: =+VLOOKUP(B20,'[2]Mủ dây'!C18:AI51,33,0) -> 15 | AH20: 8000 | AI20: =+AG20*AH20 -> 120000
A21: 7 | B21: Nang Xây | AG21: =+VLOOKUP(B21,'[2]Mủ dây'!C19:AI52,33,0) -> 8 | AH21: 8000 | AI21: =+AG21*AH21 -> 64000
A22: 8 | B22: Nang Sun | AG22: =+VLOOKUP(B22,'[2]Mủ dây'!C20:AI53,33,0) -> 9 | AH22: 8000 | AI22: =+AG22*AH22 -> 72000
A23: 9 | B23: Thảo Ben | AG23: =+VLOOKUP(B23,'[2]Mủ dây'!C21:AI54,33,0) -> 3 | AH23: 8000 | AI23: =+AG23*AH23 -> 24000
A24: 10 | B24: Nang Nhăn | AG24: =+VLOOKUP(B24,'[2]Mủ dây'!C22:AI55,33,0) -> 10 | AH24: 8000 | AI24: =+AG24*AH24 -> 80000
A25: 11 | B25: Phò Thít | AG25: =+VLOOKUP(B25,'[2]Mủ dây'!C23:AI56,33,0) -> 6 | AH25: 8000 | AI25: =+AG25*AH25 -> 48000
A26: 12 | B26: A Bợp | AG26: =+VLOOKUP(B26,'[2]Mủ dây'!C24:AI57,33,0) -> 5 | AH26: 8000 | AI26: =+AG26*AH26 -> 40000
... A30: 16 | B30: A Han | AG30: =+VLOOKUP(B30,'[2]Mủ dây'!C28:AI61,33,0) -> 6 | AH30: 8000 | AI30: =+AG30*AH30 -> 48000
A31: 17 | B31: Thảo Bun Ten | AG31: =+VLOOKUP(B31,'[2]Mủ dây'!C29:AI61,33,0) -> 7 | AH31: 8000 | AI31: =+AG31*AH31 -> 56000
A32: 18 | B32: Nang Đào | AG32: =+VLOOKUP(B32,'[2]Mủ dây'!C30:AI61,33,0) -> 9 | AH32: 8000 | AI32: =+AG32*AH32 -> 72000
A33: 19 | B33: Phò Nhạc | AG33: =+VLOOKUP(B33,'[2]Mủ dây'!C31:AI61,33,0) -> 12 | AH33: 8000 | AI33: =+AG33*AH33 -> 96000
A34: 20 | B34: Van | AG34: =+VLOOKUP(B34,'[2]Mủ dây'!C32:AI61,33,0) -> 4 | AH34: 8000 | AI34: =+AG34*AH34 -> 32000
A35: 21 | B35: Thảo Xi | AG35: =+VLOOKUP(B35,'[2]Mủ dây'!C33:AI61,33,0) -> 10 | AH35: 8000 | AI35: =+AG35*AH35 -> 80000
A36: 22 | B36: Húc | AG36: =+VLOOKUP(B36,'[2]Mủ dây'!C34:AI61,33,0) -> 4 | AH36: 8000 | AI36: =+AG36*AH36 -> 32000
A37: 23 | B37: Thảo Nét | AG37: =+VLOOKUP(B37,'[2]Mủ dây'!C35:AI61,33,0) -> 9 | AH37: 8000 | AI37: =+AG37*AH37 -> 72000
A38: 24 | B38: Thảo út | AG38: =+VLOOKUP(B38,'[2]Mủ dây'!C36:AI61,33,0) -> 8 | AH38: 8000 | AI38: =+AG38*AH38 -> 64000
A39: 25 | B39: Tà Lọt | AG39: =+VLOOKUP(B39,'[2]Mủ dây'!C37:AI61,33,0) -> 4 | AH39: 8000 | AI39: =+AG39*AH39 -> 32000
A40: 26 | B40: A Nghen | AG40: =+VLOOKUP(B40,'[2]Mủ dây'!C38:AI61,33,0) -> 4 | AH40: 8000 | AI40: =+AG40*AH40 -> 32000
A41: 27 | B41: Thảo Xâm | AG41: =+VLOOKUP(B41,'[2]Mủ dây'!C39:AI61,33,0) -> 6 | AH41: 8000 | AI41: =+AG41*AH41 -> 48000
A42: 28 | B42: Thảo Von | AG42: =+VLOOKUP(B42,'[2]Mủ dây'!C40:AI61,33,0) -> 9 | AH42: 8000 | AI42: =+AG42*AH42 -> 72000
A43: 29 | B43: Nang Phen | AG43: =+VLOOKUP(B43,'[2]Mủ dây'!C41:AI61,33,0) -> 7 | AH43: 8000 | AI43: =+AG43*AH43 -> 56000
A44: 30 | B44: Nang Bun Ten | AG44: =+VLOOKUP(B44,'[2]Mủ dây'!C42:AI61,33,0) -> 7 | AH44: 8000 | AI44: =+AG44*AH44 -> 56000
A45: 31 | B45: Dã Lay | Q45: 15 | AG45: =+VLOOKUP(B45,'[2]Mủ dây'!C44:AI61,33,0) -> 3 | AH45: 8000 | AI45: =+AG45*AH45 -> 24000
A46: 32 | B46: Thảo Xen | Q46: 16 | AG46: =+VLOOKUP(B46,'[2]Mủ dây'!C45:AI61,33,0) -> 4 | AH46: 8000 | AI46: =+AG46*AH46 -> 32000
A47: 33 | B47: Nàng Ăn | AG47: =+VLOOKUP(B47,'[2]Mủ dây'!C46:AI62,33,0) -> 5 | AH47: 8000 | AI47: =+AG47*AH47 -> 40000
A48: 34 | B48: Thảo Ơ | AG48: =+VLOOKUP(B48,'[2]Mủ dây'!C47:AI63,33,0) -> 7 | AH48: 8000 | AI48: =+AG48*AH48 -> 56000
A49: 35 | B49: Thảo Ui | AG49: =+VLOOKUP(B49,'[2]Mủ dây'!C48:AI64,33,0) -> 9 | AH49: 8000 | AI49: =+AG49*AH49 -> 72000
A50: 36 | B50: Thảo Tin | AG50: =+VLOOKUP(B50,'[2]Mủ dây'!C49:AI65,33,0) -> 10 | AH50: 8000 | AI50: =+AG50*AH50 -> 80000
A51: 37 | B51: Nàng Xái | AG51: =+VLOOKUP(B51,'[2]Mủ dây'!C50:AI66,33,0) -> 15 | AH51: 8000 | AI51: =+AG51*AH51 -> 120000
A52: 38 | B52: Thảo Phôn Xay | AG52: =+VLOOKUP(B52,'[2]Mủ dây'!C51:AI67,33,0) -> 13 | AH52: 8000 | AI52: =+AG52*AH52 -> 104000
A53: 39 | B53: Nàng Phêng | AG53: =+VLOOKUP(B53,'[2]Mủ dây'!C52:AI68,33,0) -> 7 | AH53: 8000 | AI53: =+AG53*AH53 -> 56000
A54: 40 | B54: Thảo Phíc | AG54: =+VLOOKUP(B54,'[2]Mủ dây'!C53:AI69,33,0) -> 9 | AH54: 8000 | AI54: =+AG54*AH54 -> 72000
A55: 41 | B55: Nàng Chai | AG55: =+VLOOKUP(B55,'[2]Mủ dây'!C54:AI70,33,0) -> 10 | AH55: 8000 | AI55: =+AG55*AH55 -> 80000
A56: 42 | B56: Nàng Xanh | AG56: =+VLOOKUP(B56,'[2]Mủ dây'!C55:AI71,33,0) -> 11 | AH56: 8000 | AI56: =+AG56*AH56 -> 88000
A57: 43 | B57: Thảo Xượm | AG57: =+VLOOKUP(B57,'[2]Mủ dây'!C56:AI72,33,0) -> 14 | AH57: 8000 | AI57: =+AG57*AH57 -> 112000
A58: 44 | B58: Thảo Tích | AG58: =+VLOOKUP(B58,'[2]Mủ dây'!C57:AI73,33,0) -> 13 | AH58: 8000 | AI58: =+AG58*AH58 -> 104000
... A61: 47 | B61: Nàng Út | AG61: =+VLOOKUP(B61,'[2]Mủ dây'!C60:AI76,33,0) -> 7 | AH61: 8000 | AI61: =+AG61*AH61 -> 56000
A62: 48 | B62: Trần Thanh Hải | AG62: 380 | AH62: 1000 | AI62: =+AG62*AH62 -> 380000
A63: 49 | B63: Đào Thị Thảo | AG63: 380 | AH63: 1000 | AI63: =+AG63*AH63 -> 380000
A64: Đội 3 | AG64: =+SUM(AG65:AG69) -> 19 | AI64: =+SUM(AI65:AI71) -> 190000
A65: 50 | B65: Phương | AG65: =+VLOOKUP(B65,'[2]Mủ dây'!C63:AI67,33,0) -> 1 | AH65: 8000 | AI65: =+AG65*AH65 -> 8000
A66: 51 | B66: Nhung | AG66: =+VLOOKUP(B66,'[2]Mủ dây'!C64:AI68,33,0) -> 2 | AH66: 8000 | AI66: =+AG66*AH66 -> 16000
A67: 52 | B67: Xăm Chết | AG67: =+VLOOKUP(B67,'[2]Mủ dây'!C65:AI69,33,0) -> 4 | AH67: 8000 | AI67: =+AG67*AH67 -> 32000
A68: 53 | B68: Thảo Po Mua | AG68: =+VLOOKUP(B68,'[2]Mủ dây'!C66:AI70,33,0) -> 7 | AH68: 8000 | AI68: =+AG68*AH68 -> 56000
A69: 54 | B69: Thảo Từn Vàng | AG69: =+VLOOKUP(B69,'[2]Mủ dây'!C67:AI71,33,0) -> 5 | AH69: 8000 | AI69: =+AG69*AH69 -> 40000
A70: 55 | B70: Hồ Xuân Chương | AG70: 19 | AH70: 1000 | AI70: =+AG70*AH70 -> 19000
A71: 56 | B71: Đào Thị Thảo | AG71: 19 | AH71: 1000 | AI71: =+AG71*AH71 -> 19000
A72: Tổng | C72: =C14+#REF!+#REF!+#REF! -> #REF! | D72: =D14+#REF!+#REF!+#REF! -> #REF! | E72: =E14+#REF!+#REF!+#REF! -> #REF! | F72: =F14+#REF!+#REF!+#REF! -> #REF! | G72: =G14+#REF!+#REF!+#REF! -> #REF! | H72: =H14+#REF!+#REF!+#REF! -> #REF! | I72: =I14+#REF!+#REF!+#REF! -> #REF! | J72: =J14+#REF!+#REF!+#REF! -> #REF! | ... AF72: =AF14+#REF!+#REF!+#REF! -> #REF! | AG72: =+AG64+AG14 -> 399 | AI72: =+AI64+AI14 -> 3990000
A73: Số tiền bằng chữ: Ba triệu chín trăm năm mươi nghìn kíp
A77: TỔNG GIÁM ĐỐC PHÒNG TC - KT PHÒNG TC - HC NÔNG TRƯỜNG 3

Sheet Chấm công đi làm thưởng
A1: CỘNG HÒA DÂN CHỦ NHÂN DÂN LÀO
A2: Hòa bình - Độc lập - Dân chủ - Thống nhất - Thịnh vượng
A3: ----- o0o-----
A4: CÔNG TY TNHH CP QUASA - GERUCO LÀO
A5: NÔNG TRƯỜNG CAO SU SỐ 3
A8: BẢNG CHẤM CÔNG CÔNG NHÂN NÔNG TRƯỜNG THỰC HIỆN CÔNG TÁC SAU KHI NGƯNG CẠO MỦ
A10: Stt | B10: Họ và tên | C10: MSNV | D10: Bội phận | E10: Ngày đi làm | L10: Ngày công đi làm các công tác sau nghĩ cạo | M10: Ngày công đi cạo thực tế | N10: Tổng công | Q10: Ký tên CN
E11: 26/2 | F11: 27/2 | G11: 28/2 | H11: 1/3 | I11: 2/3 | J11: 3/3 | K11: 4/3
A12: 1 | B12: A Ngan | D12: Đội 1 | M12: =+VLOOKUP(B12,#REF!,36,0) -> #REF! | N12: =+L12+M12 -> #REF! | O12: =+VLOOKUP(C12,[1]Sheet1!$D$9:$E$122,2,0) -> #N/A | P12: =+IF(O12=B12,"0","1") -> #N/A | R12: =IF(N12>=24,"100%","80%") -> #REF! | S12: =IF(N12>=18," THƯỞNG 100%"," THƯỞNG 80%") -> #REF! | T12: 22
A13: 2 | B13: Ang | D13: Đội 1 | M13: =+VLOOKUP(B13,#REF!,36,0) -> #REF! | N13: =+L13+M13 -> #REF! | O13: =+VLOOKUP(C13,[1]Sheet1!$D$9:$E$122,2,0) -> #N/A | P13: =+IF(O13=B13,"0","1") -> #N/A | R13: =IF(N13>=24,"100%","80%") -> #REF! | S13: =IF(N13>=18," THƯỞNG 100%"," THƯỞNG 80%") -> #REF! | T13: 21
A14: 3 | B14: Tà Lọt | D14: Đội 1 | M14: =+VLOOKUP(B14,#REF!,36,0) -> #REF! | N14: =+L14+M14 -> #REF! | O14: =+VLOOKUP(C14,[1]Sheet1!$D$9:$E$122,2,0) -> #N/A | P14: =+IF(O14=B14,"0","1") -> #N/A | R14: =IF(N14>=24,"100%","80%") -> #REF! | S14: =IF(N14>=18," THƯỞNG 100%"," THƯỞNG 80%") -> #REF! | T14: 23
A15: 4 | B15: Dã Lay | D15: Đội 1 | M15: =+VLOOKUP(B15,#REF!,36,0) -> #REF! | N15: =+L15+M15 -> #REF! | O15: =+VLOOKUP(C15,[1]Sheet1!$D$9:$E$122,2,0) -> #N/A | P15: =+IF(O15=B15,"0","1") -> #N/A | R15: =IF(N15>=24,"100%","80%") -> #REF! | S15: =IF(N15>=18," THƯỞNG 100%"," THƯỞNG 80%") -> #REF! | T15: 23
A16: 5 | B16: Tom | D16: Đội 1 | M16: =+VLOOKUP(B16,#REF!,36,0) -> #REF! | N16: =+L16+M16 -> #REF! | O16: =+VLOOKUP(C16,[1]Sheet1!$D$9:$E$122,2,0) -> #N/A | P16: =+IF(O16=B16,"0","1") -> #N/A | R16: =IF(N16>=24,"100%","80%") -> #REF! | S16: =IF(N16>=18," THƯỞNG 100%"," THƯỞNG 80%") -> #REF! | T16: 22
A17: 6 | B17: Van | D17: Đội 1 | M17: =+VLOOKUP(B17,#REF!,36,0) -> #REF! | N17: =+L17+M17 -> #REF! | R17: =IF(N17>=24,"100%","80%") -> #REF! | S17: =IF(N17>=18," THƯỞNG 100%"," THƯỞNG 80%") -> #REF! | T17: 22
A18: 7 | B18: A Han | D18: Đội 1 | M18: =+VLOOKUP(B18,#REF!,36,0) -> #REF! | N18: =+L18+M18 -> #REF! | R18: =IF(N18>=24,"100%","80%") -> #REF! | S18: =IF(N18>=18," THƯỞNG 100%"," THƯỞNG 80%") -> #REF! | T18: 20
A19: 8 | B19: A Xiu | D19: Đội 1 | M19: =+VLOOKUP(B19,#REF!,36,0) -> #REF! | N19: =+L19+M19 -> #REF! | R19: =IF(N19>=24,"100%","80%") -> #REF! | S19: =IF(N19>=18," THƯỞNG 100%"," THƯỞNG 80%") -> #REF! | T19: 20
A20: 10 | B20: Bun Ma | D20: Đội 1 | M20: =+VLOOKUP(B20,#REF!,36,0) -> #REF! | N20: =+L20+M20 -> #REF! | R20: =IF(N20>=24,"100%","80%") -> #REF! | S20: =IF(N20>=18," THƯỞNG 100%"," THƯỞNG 80%") -> #REF! | T20: 23
A21: 11 | B21: Lây | D21: Đội 1 | M21: =+VLOOKUP(B21,#REF!,36,0) -> #REF! | N21: =+L21+M21 -> #REF! | R21: =IF(N21>=24,"100%","80%") -> #REF! | S21: =IF(N21>=18," THƯỞNG 100%"," THƯỞNG 80%") -> #REF! | T21: 23
A22: 12 | B22: Phò Lấp | D22: Đội 1 | M22: =+VLOOKUP(B22,#REF!,36,0) -> #REF! | N22: =+L22+M22 -> #REF! | R22: =IF(N22>=24,"100%","80%") -> #REF! | S22: =IF(N22>=18," THƯỞNG 100%"," THƯỞNG 80%") -> #REF! | T22: 23
A23: 13 | B23: A mang | D23: Đội 1 | M23: =+VLOOKUP(B23,#REF!,36,0) -> #REF! | N23: =+L23+M23 -> #REF! | R23: =IF(N23>=24,"100%","80%") -> #REF! | S23: =IF(N23>=18," THƯỞNG 100%"," THƯỞNG 80%") -> #REF! | T23: 22
A24: 14 | B24: Măn | D24: Đội 1 | M24: =+VLOOKUP(B24,#REF!,36,0) -> #REF! | N24: =+L24+M24 -> #REF! | R24: =IF(N24>=24,"100%","80%") -> #REF! | S24: =IF(N24>=18," THƯỞNG 100%"," THƯỞNG 80%") -> #REF! | T24: 21
A25: 15 | B25: Ca Chốt | D25: Đội 1 | M25: =+VLOOKUP(B25,#REF!,36,0) -> #REF! | N25: =+L25+M25 -> #REF! | R25: =IF(N25>=24,"100%","80%") -> #REF! | S25: =IF(N25>=18," THƯỞNG 100%"," THƯỞNG 80%") -> #REF! | T25: 21
A26: Đội 1 KX | M26: =SUM(M12:M25) -> #REF! | N26: 303 | S26: =+L26+L38 -> 0 | T26: 22 | U26: =+#REF!+#REF! -> #REF! | V26: =+#REF!+#REF! -> #REF!
A27: 1 | B27: Thảo Bun | D27: Đội 1 | M27: =+VLOOKUP(B27,#REF!,36,0) -> #REF! | N27: =+L27+M27 -> #REF! | R27: =IF(N27>=24,"100%","80%") -> #REF! | S27: =IF(N27>=18," THƯỞNG 100%"," THƯỞNG 80%") -> #REF! | T27: 22
A28: 2 | B28: Thảo Lốt | D28: Đội 1 | M28: =+VLOOKUP(B28,#REF!,36,0) -> #REF! | N28: =+L28+M28 -> #REF! | R28: =IF(N28>=24,"100%","80%") -> #REF! | S28: =IF(N28>=18," THƯỞNG 100%"," THƯỞNG 80%") -> #REF! | T28: 22
A29: 3 | B29: Nang Pan | D29: Đội 1 | M29: =+VLOOKUP(B29,#REF!,36,0) -> #REF! | N29: =+L29+M29 -> #REF! | R29: =IF(N29>=24,"100%","80%") -> #REF! | S29: =IF(N29>=18," THƯỞNG 100%"," THƯỞNG 80%") -> #REF! | T29: 23
A30: 4 | B30: Thảo Bổn | D30: Đội 1 | M30: =+VLOOKUP(B30,#REF!,36,0) -> #REF! | N30: =+L30+M30 -> #REF! | R30: =IF(N30>=24,"100%","80%") -> #REF! | S30: =IF(N30>=18," THƯỞNG 100%"," THƯỞNG 80%") -> #REF! | T30: 20
A31: 5 | B31: Nàng Păn | D31: Đội 1 | M31: =+VLOOKUP(B31,#REF!,36,0) -> #REF! | N31: =+L31+M31 -> #REF! | R31: =IF(N31>=24,"100%","80%") -> #REF! | S31: =IF(N31>=18," THƯỞNG 100%"," THƯỞNG 80%") -> #REF! | T31: 23
A32: 6 | B32: Thảo Uổn | D32: Đội 1 | M32: =+VLOOKUP(B32,#REF!,36,0) -> #REF! | N32: =+L32+M32 -> #REF! | R32: =IF(N32>=24,"100%","80%") -> #REF! | S32: =IF(N32>=18," THƯỞNG 100%"," THƯỞNG 80%") -> #REF! | T32: 20
A33: 7 | B33: A Khò | D33: Đội 1 | M33: =+VLOOKUP(B33,#REF!,36,0) -> #REF! | N33: =+L33+M33 -> #REF! | R33: =IF(N33>=24,"100%","80%") -> #REF! | S33: =IF(N33>=18," THƯỞNG 100%"," THƯỞNG 80%") -> #REF!
A34: 8 | B34: Thảo hôm | D34: Đội 1 | M34: =+VLOOKUP(B34,#REF!,36,0) -> #REF! | N34: =+L34+M34 -> #REF! | R34: =IF(N34>=24,"100%","80%") -> #REF! | S34: =IF(N34>=18," THƯỞNG 100%"," THƯỞNG 80%") -> #REF!
A35: 9 | B35: Nàng Phét | D35: Đội 1 | M35: =+VLOOKUP(B35,#REF!,36,0) -> #REF! | N35: =+L35+M35 -> #REF! | R35: =IF(N35>=24,"100%","80%") -> #REF! | S35: =IF(N35>=18," THƯỞNG 100%"," THƯỞNG 80%") -> #REF!
A36: 10 | B36: A Bốt A | D36: Đội 1 | M36: =+VLOOKUP(B36,#REF!,36,0) -> #REF! | N36: =+L36+M36 -> #REF! | R36: =IF(N36>=24,"100%","80%") -> #REF! | S36: =IF(N36>=18," THƯỞNG 100%"," THƯỞNG 80%") -> #REF!
A37: 11 | B37: Bô li Phăn | D37: Đội 1 | M37: =+VLOOKUP(B37,#REF!,36,0) -> #REF! | N37: =+L37+M37 -> #REF! | R37: =IF(N37>=24,"100%","80%") -> #REF! | S37: =IF(N37>=18," THƯỞNG 100%"," THƯỞNG 80%") -> #REF!
A38: Đội 1 XT | M38: =+SUBTOTAL(9,M27:M37) -> #REF! | N38: 237 | O38: =+SUBTOTAL(9,O12:O37) -> #N/A | P38: =+SUBTOTAL(9,P12:P37) -> #N/A
A39: 1 | B39: A Lau | D39: Đội 2 | M39: =+VLOOKUP(B39,#REF!,36,0) -> #REF! | N39: =+L39+M39 -> #REF! | O39: =+VLOOKUP(C39,[1]Sheet1!$D$9:$E$122,2,0) -> #N/A | P39: =+IF(O39=B39,"0","1") -> #N/A | R39: =IF(N39>=24,"100%","80%") -> #REF! | S39: =IF(N39>=18," THƯỞNG 100%"," THƯỞNG 80%") -> #REF!
A40: 2 | B40: Thảo Phao | D40: Đội 2 | M40: =+VLOOKUP(B40,#REF!,36,0) -> #REF! | N40: =+L40+M40 -> #REF! | O40: =+VLOOKUP(C40,[1]Sheet1!$D$9:$E$122,2,0) -> #N/A | P40: =+IF(O40=B40,"0","1") -> #N/A | R40: =IF(N40>=24,"100%","80%") -> #REF! | S40: =IF(N40>=18," THƯỞNG 100%"," THƯỞNG 80%") -> #REF!
A41: 3 | B41: Thảo Săm Lết | D41: Đội 2 | M41: =+VLOOKUP(B41,#REF!,36,0) -> #REF! | N41: =+L41+M41 -> #REF! | R41: =IF(N41>=24,"100%","80%") -> #REF! | S41: =IF(N41>=18," THƯỞNG 100%"," THƯỞNG 80%") -> #REF!
A42: 4 | B42: A Beo | D42: Đội 2 | M42: =+VLOOKUP(B42,#REF!,36,0) -> #REF! | N42: =+L42+M42 -> #REF! | R42: =IF(N42>=24,"100%","80%") -> #REF! | S42: =IF(N42>=18," THƯỞNG 100%"," THƯỞNG 80%") -> #REF!
A43: 5 | B43: Tà Pệc | D43: Đội 2 | M43: =+VLOOKUP(B43,#REF!,36,0) -> #REF! | N43: =+L43+M43 -> #REF! | R43: =IF(N43>=24,"100%","80%") -> #REF! | S43: =IF(N43>=18," THƯỞNG 100%"," THƯỞNG 80%") -> #REF!
A44: 6 | B44: Khăm Phoong | D44: Đội 2 | M44: =+VLOOKUP(B44,#REF!,36,0) -> #REF! | N44: =+L44+M44 -> #REF! | R44: =IF(N44>=24,"100%","80%") -> #REF! | S44: =IF(N44>=18," THƯỞNG 100%"," THƯỞNG 80%") -> #REF!
A45: ĐỘI 2 TC | M45: =+SUM(M39:M44) -> #REF! | N45: 129 | S45: =+L45+L51 -> 0 | T45: 61 | U45: =+#REF!+#REF! -> #REF! | V45: =+#REF!+#REF! -> #REF! | W45: =+N45+N51 -> 236
A46: 1 | B46: A Nem | D46: Đội 2 | M46: =+VLOOKUP(B46,#REF!,36,0) -> #REF! | N46: =+L46+M46 -> #REF! | O46: =+VLOOKUP(C46,[1]Sheet1!$D$9:$E$122,2,0) -> #N/A | P46: =+IF(O46=B46,"0","1") -> #N/A | R46: =IF(N46>=24,"100%","80%") -> #REF! | S46: =IF(N46>=18," THƯỞNG 100%"," THƯỞNG 80%") -> #REF!
A47: 2 | B47: A Hồng | D47: Đội 2 | M47: =+VLOOKUP(B47,#REF!,36,0) -> #REF! | N47: =+L47+M47 -> #REF! | R47: =IF(N47>=24,"100%","80%") -> #REF! | S47: =IF(N47>=18," THƯỞNG 100%"," THƯỞNG 80%") -> #REF!
A48: 3 | B48: Phon | D48: Đội 2 | M48: =+VLOOKUP(B48,#REF!,36,0) -> #REF! | N48: =+L48+M48 -> #REF! | R48: =IF(N48>=24,"100%","80%") -> #REF! | S48: =IF(N48>=18," THƯỞNG 100%"," THƯỞNG 80%") -> #REF!
A49: 4 | B49: Minh | D49: Đội 2 | M49: =+VLOOKUP(B49,#REF!,36,0) -> #REF! | N49: =+L49+M49 -> #REF! | R49: =IF(N49>=24,"100%","80%") -> #REF! | S49: =IF(N49>=18," THƯỞNG 100%"," THƯỞNG 80%") -> #REF!
A50: 5 | B50: A Tè | D50: Đội 2 | M50: =+VLOOKUP(B50,#REF!,36,0) -> #REF! | N50: =+L50+M50 -> #REF! | R50: =IF(N50>=24,"100%","80%") -> #REF! | S50: =IF(N50>=18," THƯỞNG 100%"," THƯỞNG 80%") -> #REF!
A51: Đội 2 TP | M51: =+SUM(M46:M50) -> #REF! | N51: 107 | O51: =+SUM(O46:O50) -> #N/A | P51: =+SUM(P46:P50) -> #N/A | Q51: =+SUM(Q46:Q50) -> 0
A52: 1 | B52: Thông Đăm | D52: Đội 3 | M52: 19 | N52: 19 | O52: =+VLOOKUP(C52,[1]Sheet1!$D$9:$E$122,2,0) -> #N/A | P52: =+IF(O52=B52,"0","1") -> #N/A | R52: =IF(N52>=24,"100%","80%") -> 80% | S52: =IF(N52>=18," THƯỞNG 100%"," THƯỞNG 80%") -> THƯỞNG 100%
A53: Đội 3 | E53: =COUNTIF(E52:E52,"X")+COUNTIF(E52:E52,"cn")+COUNTIF(E52:E52,"D")+COUNTIF(E52:E52,"DCN") -> 0 | F53: =COUNTIF(F52:F52,"X")+COUNTIF(F52:F52,"cn")+COUNTIF(F52:F52,"D")+COUNTIF(F52:F52,"DCN") -> 0 | G53: =COUNTIF(G52:G52,"X")+COUNTIF(G52:G52,"cn")+COUNTIF(G52:G52,"D")+COUNTIF(G52:G52,"DCN") -> 0 | H53: =COUNTIF(H52:H52,"X")+COUNTIF(H52:H52,"cn")+COUNTIF(H52:H52,"D")+COUNTIF(H52:H52,"DCN") -> 0 | I53: =COUNTIF(I52:I52,"X")+COUNTIF(I52:I52,"cn")+COUNTIF(I52:I52,"D")+COUNTIF(I52:I52,"DCN") -> 0 | J53: =COUNTIF(J52:J52,"X")+COUNTIF(J52:J52,"cn")+COUNTIF(J52:J52,"D")+COUNTIF(J52:J52,"DCN") -> 0 | K53: =COUNTIF(K52:K52,"X")+COUNTIF(K52:K52,"cn")+COUNTIF(K52:K52,"D")+COUNTIF(K52:K52,"DCN") -> 0 | L53: =SUBTOTAL(9,L52:L52) -> 0 | M53: =SUBTOTAL(9,M52:M52) -> 19 | N53: =+L53+M53 -> 19
A54: Tổng cộng | E54: =+E53+E51+E45+E38+E26 -> 0 | F54: =+F53+F51+F45+F38+F26 -> 0 | G54: =+G53+G51+G45+G38+G26 -> 0 | H54: =+H53+H51+H45+H38+H26 -> 0 | I54: =+I53+I51+I45+I38+I26 -> 0 | J54: =+J53+J51+J45+J38+J26 -> 0 | K54: =+K53+K51+K45+K38+K26 -> 0 | L54: =+L53+L51+L45+L38+L26 -> 0 | ... N54: =+N53+N51+N45+N38+N26 -> 795 | O54: =SUBTOTAL(9,O12:O53) -> #N/A | P54: =SUBTOTAL(9,P12:P53) -> #N/A
A55: Ghi chú | D55: x | E55: Ngày công đi làm
L56: Huyện Noong, ngày 03 tháng 03 năm 2025
A57: GIÁM ĐỐC NT | E57: TL. TC- KT | J57: TL. KH -NN | M57: NGƯỜI LẬP
A63: TỔNG GIÁM ĐỐC | E63: PHÒNG TC - HC | L63: PHÒNG KT - NN

Sheet Đội 1
A2: CỘNG HÒA DÂN CHỦ NHÂN DÂN LÀO
A3: Hòa Bình - Độc Lập - Dân Chủ - Thống Nhất - Thịnh Vượng
A4: -----o0o-----
A6: CÔNG TY TNHH CỔ PHẦN QUASA - GERUCO LÀO
A7: NÔNG TRƯỜNG CAO SU SỐ 3
A9: BẢNG LƯƠNG KHAI THÁC ĐỘI 1 THÁNG 04 NĂM 2025
E10: 655.8
E11: =+VCKD!E8 -> 640.39 | Y11: ='[3]Bảng CC vn'!AK10 -> 25 | AA11: =306516-30 -> 306486
C12: Tỷ giá Bath qua Kip: | E12: 646.2 | W12: ĐVT: Kip
A13: STT/mã cn | B13: Mã số nhân viên | C13: Họ và tên | D13: Chức vụ | E13: Ký nhận | F13: LƯƠNG | T13: Tổng tiền lương | U13: Thuế TNCN | V13: Đã chi trả tiền lương hằng ngày | W13: Tiền lương còn lại | X13: Ghi chú | Y13: Tạp Đội 1 | Z13: Quy khô | AA13: DRC
F14: Lương chăm sóc (25.000 kíp/ công) | H14: Lương sản lượng | N14: Lương ngày công đi cạo | Y14: 879 | Z14: 499.59656 | AA14: =+Z14/Y14 -> 0.56836924
Y15: 7475 | Z15: 4302.9074 | AA15: =+Z15/Y15 -> 0.57563979 | AB15: 90 | AC15: 51.874396 | AD15: 46.686957
F16: Ngày công | G16: Thành tiền | H16: Mủ tạp (kg) | I16: Mủ serum | J16: Mủ quy khô ( Kg) | K16: Mủ quy khô ( Kg) | L16: Hạng kỹ thuật | M16: Thành tiền | N16: Phụ cấp ngày công | O16: Phụ cấp ngày công chủ nhật | P16: Phụ cấp khó khăn | Q16: Phụ cấp ngày công cây non | R16: Phụ cấp xã cạo | S16: Thành tiền | Y16: =+Y14+Y15 -> 8354 | Z16: =+Z14+Z15 -> 4802.504
Y17: 80k | Z17: hoc cạo | AA17: Xã cạo
A18: 1 | C18: A Xiu | D18: CNKT | G18: =ROUND(F18*25000,0) -> 0 | H18: =+VLOOKUP(C18,'Mủ CN (TT)'!C12:AI45,33,0) -> 0 | J18: =+VLOOKUP(C18,'Mủ CN (TT)'!C12:AK89,35,0) -> 0 | K18: 0 | L18: =+VLOOKUP(C18,'Mủ CN (TT)'!C12:AL89,36,0) -> A | M18: =ROUND(J18*IF(L18="A",(6.1*$E$12),IF(L18="B",(5.8*$E$12),IF(L18="C",(5.5*$E$12),IF(L18="D",(5.2*$E$12))))),0) -> 0 | N18: =+VLOOKUP(C18,'Chấm công CN'!B12:AJ45,34,0) -> 3 | O18: =+VLOOKUP(C18,'Chấm công CN'!$B$12:$AJ$45,35,0) -> 2 | P18: =+N18+O18 -> 5 | R18: 500000 | S18: =ROUND((N18*(46.1*$E$10))+(O18*(76.9*$E$10))+(P18*20000)+(Q18*30.7*$E$10),0)+R18+0.18 -> 791559.18 | T18: =+G18+M18+S18 -> 791559.18 | W18: =+T18-U18 -> 791559.18
A19: 2 | C19: A Nhợp | D19: CNKT | G19: =ROUND(F19*25000,0) -> 0 | H19: =+VLOOKUP(C19,'Mủ CN (TT)'!C13:AI46,33,0) -> 61 | J19: =+VLOOKUP(C19,'Mủ CN (TT)'!C13:AK90,35,0) -> 34.670523 | K19: 34.162995 | L19: =+VLOOKUP(C19,'Mủ CN (TT)'!C13:AL90,36,0) -> A | M19: =ROUND(J19*IF(L19="A",(6.1*$E$12),IF(L19="B",(5.8*$E$12),IF(L19="C",(5.5*$E$12),IF(L19="D",(5.2*$E$12))))),0) -> 136665 | N19: =+VLOOKUP(C19,'Chấm công CN'!B13:AJ46,34,0) -> 12 | O19: =+VLOOKUP(C19,'Chấm công CN'!$B$12:$AJ$45,35,0) -> 3 | P19: =+N19+O19 -> 15 | R19: 500000 | S19: =ROUND((N19*(46.1*$E$10))+(O19*(76.9*$E$10))+(P19*20000)+(Q19*30.7*$E$10),0)+R19-0.38 -> 1314081.6 | T19: =+G19+M19+S19 -> 1450746.6 | W19: =+T19-U19 -> 1450746.6
A20: 3 | C20: A Chan | D20: CNKT | G20: =ROUND(F20*25000,0) -> 0 | H20: =+VLOOKUP(C20,'Mủ CN (TT)'!C14:AI47,33,0) -> 6 | J20: =+VLOOKUP(C20,'Mủ CN (TT)'!C14:AK91,35,0) -> 3.4102154 | K20: 3.3602946 | L20: =+VLOOKUP(C20,'Mủ CN (TT)'!C14:AL91,36,0) -> A | M20: =ROUND(J20*IF(L20="A",(6.1*$E$12),IF(L20="B",(5.8*$E$12),IF(L20="C",(5.5*$E$12),IF(L20="D",(5.2*$E$12))))),0) -> 13442 | N20: =+VLOOKUP(C20,'Chấm công CN'!B14:AJ47,34,0) -> 12 | O20: =+VLOOKUP(C20,'Chấm công CN'!$B$12:$AJ$45,35,0) -> 3 | P20: =+N20+O20 -> 15 | R20: 500000 | S20: =ROUND((N20*(46.1*$E$10))+(O20*(76.9*$E$10))+(P20*20000)+(Q20*30.7*$E$10),0)+R20-0.38 -> 1314081.6 | T20: =+G20+M20+S20 -> 1327523.6 | W20: =+T20-U20 -> 1327523.6
A21: 4 | C21: Phò Đùa | D21: CNKT | G21: =ROUND(F21*25000,0) -> 0 | H21: =+VLOOKUP(C21,'Mủ CN (TT)'!C15:AI48,33,0) -> 25 | J21: =+VLOOKUP(C21,'Mủ CN (TT)'!C15:AK92,35,0) -> 14.209231 | K21: 14.001228 | L21: =+VLOOKUP(C21,'Mủ CN (TT)'!C15:AL92,36,0) -> A | M21: =ROUND(J21*IF(L21="A",(6.1*$E$12),IF(L21="B",(5.8*$E$12),IF(L21="C",(5.5*$E$12),IF(L21="D",(5.2*$E$12))))),0) -> 56010 | N21: =+VLOOKUP(C21,'Chấm công CN'!B15:AJ48,34,0) -> 10 | O21: =+VLOOKUP(C21,'Chấm công CN'!$B$12:$AJ$45,35,0) -> 3 | P21: =+N21+O21 -> 13 | R21: 500000 | S21: =ROUND((N21*(46.1*$E$10))+(O21*(76.9*$E$10))+(P21*20000)+(Q21*30.7*$E$10),0)+R21-0.14 -> 1213616.9 | T21: =+G21+M21+S21 -> 1269626.9 | W21: =+T21-U21 -> 1269626.9
A22: 5 | C22: Xúc | D22: CNKT | G22: =ROUND(F22*25000,0) -> 0 | H22: =+VLOOKUP(C22,'Mủ CN (TT)'!C16:AI49,33,0) -> 0 | J22: =+VLOOKUP(C22,'Mủ CN (TT)'!C16:AK93,35,0) -> 0 | K22: 0 | L22: =+VLOOKUP(C22,'Mủ CN (TT)'!C16:AL93,36,0) -> A | M22: =ROUND(J22*IF(L22="A",(6.1*$E$12),IF(L22="B",(5.8*$E$12),IF(L22="C",(5.5*$E$12),IF(L22="D",(5.2*$E$12))))),0) -> 0 | N22: =+VLOOKUP(C22,'Chấm công CN'!B16:AJ49,34,0) -> 12 | O22: =+VLOOKUP(C22,'Chấm công CN'!$B$12:$AJ$45,35,0) -> 2 | P22: =+N22+O22 -> 14 | R22: 500000 | S22: =ROUND((N22*(46.1*$E$10))+(O22*(76.9*$E$10))+(P22*20000)+(Q22*30.7*$E$10),0)+R22-0.4 -> 1243650.6 | T22: =+G22+M22+S22 -> 1243650.6 | W22: =+T22-U22 -> 1243650.6
A23: 6 | C23: Phơ | D23: CNKT | G23: =ROUND(F23*25000,0) -> 0 | H23: =+VLOOKUP(C23,'Mủ CN (TT)'!C17:AI50,33,0) -> 0 | J23: =+VLOOKUP(C23,'Mủ CN (TT)'!C17:AK94,35,0) -> 0 | K23: 0 | L23: =+VLOOKUP(C23,'Mủ CN (TT)'!C17:AL94,36,0) -> A | M23: =ROUND(J23*IF(L23="A",(6.1*$E$12),IF(L23="B",(5.8*$E$12),IF(L23="C",(5.5*$E$12),IF(L23="D",(5.2*$E$12))))),0) -> 0 | N23: =+VLOOKUP(C23,'Chấm công CN'!B17:AJ50,34,0) -> 12 | O23: =+VLOOKUP(C23,'Chấm công CN'!$B$12:$AJ$45,35,0) -> 3 | P23: =+N23+O23 -> 15 | R23: 500000 | S23: =ROUND((N23*(46.1*$E$10))+(O23*(76.9*$E$10))+(P23*20000)+(Q23*30.7*$E$10),0)+R23-0.38 -> 1314081.6 | T23: =+G23+M23+S23 -> 1314081.6 | W23: =+T23-U23 -> 1314081.6
A24: 7 | C24: A Phơ | D24: CNKT | G24: =ROUND(F24*25000,0) -> 0 | H24: =+VLOOKUP(C24,'Mủ CN (TT)'!C18:AI51,33,0) -> 40 | J24: =+VLOOKUP(C24,'Mủ CN (TT)'!C18:AK95,35,0) -> 22.734769 | K24: 22.401964 | L24: =+VLOOKUP(C24,'Mủ CN (TT)'!C18:AL95,36,0) -> A | M24: =ROUND(J24*IF(L24="A",(6.1*$E$12),IF(L24="B",(5.8*$E$12),IF(L24="C",(5.5*$E$12),IF(L24="D",(5.2*$E$12))))),0) -> 89616 | N24: =+VLOOKUP(C24,'Chấm công CN'!B18:AJ51,34,0) -> 12 | O24: =+VLOOKUP(C24,'Chấm công CN'!$B$12:$AJ$45,35,0) -> 3 | P24: =+N24+O24 -> 15 | R24: 500000 | S24: =ROUND((N24*(46.1*$E$10))+(O24*(76.9*$E$10))+(P24*20000)+(Q24*30.7*$E$10),0)+R24-0.38 -> 1314081.6 | T24: =+G24+M24+S24 -> 1403697.6 | W24: =+T24-U24 -> 1403697.6
A25: 8 | C25: Nang Xây | D25: CNKT | G25: =ROUND(F25*25000,0) -> 0 | H25: =+VLOOKUP(C25,'Mủ CN (TT)'!C19:AI52,33,0) -> 20 | J25: =+VLOOKUP(C25,'Mủ CN (TT)'!C19:AK96,35,0) -> 11.367385 | K25: 11.200982 | L25: =+VLOOKUP(C25,'Mủ CN (TT)'!C19:AL96,36,0) -> A | M25: =ROUND(J25*IF(L25="A",(6.1*$E$12),IF(L25="B",(5.8*$E$12),IF(L25="C",(5.5*$E$12),IF(L25="D",(5.2*$E$12))))),0) -> 44808 | N25: =+VLOOKUP(C25,'Chấm công CN'!B19:AJ52,34,0) -> 12 | O25: =+VLOOKUP(C25,'Chấm công CN'!$B$12:$AJ$45,35,0) -> 3 | P25: =+N25+O25 -> 15 | R25: 500000 | S25: =ROUND((N25*(46.1*$E$10))+(O25*(76.9*$E$10))+(P25*20000)+(Q25*30.7*$E$10),0)+R25-0.38 -> 1314081.6 | T25: =+G25+M25+S25 -> 1358889.6 | W25: =+T25-U25 -> 1358889.6
A26: 9 | C26: Nang Sun | D26: CNKT | G26: =ROUND(F26*25000,0) -> 0 | H26: =+VLOOKUP(C26,'Mủ CN (TT)'!C20:AI53,33,0) -> 11 | J26: =+VLOOKUP(C26,'Mủ CN (TT)'!C20:AK97,35,0) -> 6.2520616 | K26: 6.1605401 | L26: =+VLOOKUP(C26,'Mủ CN (TT)'!C20:AL97,36,0) -> A | M26: =ROUND(J26*IF(L26="A",(6.1*$E$12),IF(L26="B",(5.8*$E$12),IF(L26="C",(5.5*$E$12),IF(L26="D",(5.2*$E$12))))),0) -> 24645 | N26: =+VLOOKUP(C26,'Chấm công CN'!B20:AJ53,34,0) -> 12 | O26: =+VLOOKUP(C26,'Chấm công CN'!$B$12:$AJ$45,35,0) -> 3 | P26: =+N26+O26 -> 15 | R26: 500000 | S26: =ROUND((N26*(46.1*$E$10))+(O26*(76.9*$E$10))+(P26*20000)+(Q26*30.7*$E$10),0)+R26-0.38 -> 1314081.6 | T26: =+G26+M26+S26 -> 1338726.6 | W26: =+T26-U26 -> 1338726.6
A27: 10 | C27: Thảo Ben | D27: CNKT | G27: =ROUND(F27*25000,0) -> 0 | H27: =+VLOOKUP(C27,'Mủ CN (TT)'!C21:AI54,33,0) -> 6 | J27: =+VLOOKUP(C27,'Mủ CN (TT)'!C21:AK98,35,0) -> 3.4102154 | K27: 3.3602946 | L27: =+VLOOKUP(C27,'Mủ CN (TT)'!C21:AL98,36,0) -> A | M27: =ROUND(J27*IF(L27="A",(6.1*$E$12),IF(L27="B",(5.8*$E$12),IF(L27="C",(5.5*$E$12),IF(L27="D",(5.2*$E$12))))),0) -> 13442 | N27: =+VLOOKUP(C27,'Chấm công CN'!B21:AJ54,34,0) -> 12 | O27: =+VLOOKUP(C27,'Chấm công CN'!$B$12:$AJ$45,35,0) -> 3 | P27: =+N27+O27 -> 15 | R27: 500000 | S27: =ROUND((N27*(46.1*$E$10))+(O27*(76.9*$E$10))+(P27*20000)+(Q27*30.7*$E$10),0)+R27-0.38 -> 1314081.6 | T27: =+G27+M27+S27 -> 1327523.6 | W27: =+T27-U27 -> 1327523.6
A28: 11 | C28: Nang Nhăn | D28: CNKT | G28: =ROUND(F28*25000,0) -> 0 | H28: =+VLOOKUP(C28,'Mủ CN (TT)'!C22:AI55,33,0) -> 24 | J28: =+VLOOKUP(C28,'Mủ CN (TT)'!C22:AK99,35,0) -> 13.640862 | K28: 13.441178 | L28: =+VLOOKUP(C28,'Mủ CN (TT)'!C22:AL99,36,0) -> A | M28: =ROUND(J28*IF(L28="A",(6.1*$E$12),IF(L28="B",(5.8*$E$12),IF(L28="C",(5.5*$E$12),IF(L28="D",(5.2*$E$12))))),0) -> 53770 | N28: =+VLOOKUP(C28,'Chấm công CN'!B22:AJ55,34,0) -> 12 | O28: =+VLOOKUP(C28,'Chấm công CN'!$B$12:$AJ$45,35,0) -> 3 | P28: =+N28+O28 -> 15 | R28: 500000 | S28: =ROUND((N28*(46.1*$E$10))+(O28*(76.9*$E$10))+(P28*20000)+(Q28*30.7*$E$10),0)+R28-0.38 -> 1314081.6 | T28: =+G28+M28+S28 -> 1367851.6 | W28: =+T28-U28 -> 1367851.6
A29: 12 | C29: Phò Thít | D29: CNKT | G29: =ROUND(F29*25000,0) -> 0 | H29: =+VLOOKUP(C29,'Mủ CN (TT)'!C23:AI56,33,0) -> 60 | J29: =+VLOOKUP(C29,'Mủ CN (TT)'!C23:AK100,35,0) -> 34.102154 | K29: 33.602946 | L29: =+VLOOKUP(C29,'Mủ CN (TT)'!C23:AL100,36,0) -> A | M29: =ROUND(J29*IF(L29="A",(6.1*$E$12),IF(L29="B",(5.8*$E$12),IF(L29="C",(5.5*$E$12),IF(L29="D",(5.2*$E$12))))),0) -> 134425 | N29: =+VLOOKUP(C29,'Chấm công CN'!B23:AJ56,34,0) -> 12 | O29: =+VLOOKUP(C29,'Chấm công CN'!$B$12:$AJ$45,35,0) -> 3 | P29: =+N29+O29 -> 15 | R29: 500000 | S29: =ROUND((N29*(46.1*$E$10))+(O29*(76.9*$E$10))+(P29*20000)+(Q29*30.7*$E$10),0)+R29-0.38 -> 1314081.6 | T29: =+G29+M29+S29 -> 1448506.6 | W29: =+T29-U29 -> 1448506.6
A30: 13 | C30: A Bợp | D30: CNKT | G30: =ROUND(F30*25000,0) -> 0 | H30: =+VLOOKUP(C30,'Mủ CN (TT)'!C24:AI57,33,0) -> 40 | J30: =+VLOOKUP(C30,'Mủ CN (TT)'!C24:AK101,35,0) -> 22.734769 | K30: 22.401964 | L30: =+VLOOKUP(C30,'Mủ CN (TT)'!C24:AL101,36,0) -> A | M30: =ROUND(J30*IF(L30="A",(6.1*$E$12),IF(L30="B",(5.8*$E$12),IF(L30="C",(5.5*$E$12),IF(L30="D",(5.2*$E$12))))),0) -> 89616 | N30: =+VLOOKUP(C30,'Chấm công CN'!B24:AJ57,34,0) -> 11 | O30: =+VLOOKUP(C30,'Chấm công CN'!$B$12:$AJ$45,35,0) -> 3 | P30: =+N30+O30 -> 14 | R30: 500000 | S30: =ROUND((N30*(46.1*$E$10))+(O30*(76.9*$E$10))+(P30*20000)+(Q30*30.7*$E$10),0)+R30+0.24 -> 1263849.2 | T30: =+G30+M30+S30 -> 1353465.2 | W30: =+T30-U30 -> 1353465.2
A31: 14 | C31: A Cơ | D31: CNKT | G31: =ROUND(F31*25000,0) -> 0 | H31: =+VLOOKUP(C31,'Mủ CN (TT)'!C25:AI58,33,0) -> 0 | J31: =+VLOOKUP(C31,'Mủ CN (TT)'!C25:AK102,35,0) -> 0 | K31: 0 | L31: =+VLOOKUP(C31,'Mủ CN (TT)'!C25:AL102,36,0) -> A | M31: =ROUND(J31*IF(L31="A",(6.1*$E$12),IF(L31="B",(5.8*$E$12),IF(L31="C",(5.5*$E$12),IF(L31="D",(5.2*$E$12))))),0) -> 0 | N31: =+VLOOKUP(C31,'Chấm công CN'!B25:AJ58,34,0) -> 12 | O31: =+VLOOKUP(C31,'Chấm công CN'!$B$12:$AJ$45,35,0) -> 3 | P31: =+N31+O31 -> 15 | R31: 500000 | S31: =ROUND((N31*(46.1*$E$10))+(O31*(76.9*$E$10))+(P31*20000)+(Q31*30.7*$E$10),0)+R31-0.38 -> 1314081.6 | T31: =+G31+M31+S31 -> 1314081.6 | W31: =+T31-U31 -> 1314081.6
A32: 15 | C32: Xa Vạt Đi | D32: CNKT | G32: =ROUND(F32*25000,0) -> 0 | H32: =+VLOOKUP(C32,'Mủ CN (TT)'!C26:AI59,33,0) -> 35 | J32: =+VLOOKUP(C32,'Mủ CN (TT)'!C26:AK103,35,0) -> 19.892923 | K32: 19.601719 | L32: =+VLOOKUP(C32,'Mủ CN (TT)'!C26:AL103,36,0) -> A | M32: =ROUND(J32*IF(L32="A",(6.1*$E$12),IF(L32="B",(5.8*$E$12),IF(L32="C",(5.5*$E$12),IF(L32="D",(5.2*$E$12))))),0) -> 78414 | N32: =+VLOOKUP(C32,'Chấm công CN'!B26:AJ59,34,0) -> 12 | O32: =+VLOOKUP(C32,'Chấm công CN'!$B$12:$AJ$45,35,0) -> 3 | P32: =+N32+O32 -> 15 | R32: 500000 | S32: =ROUND((N32*(46.1*$E$10))+(O32*(76.9*$E$10))+(P32*20000)+(Q32*30.7*$E$10),0)+R32-0.38 -> 1314081.6 | T32: =+G32+M32+S32 -> 1392495.6 | W32: =+T32-U32 -> 1392495.6
A33: 16 | C33: Nguyễn Thi Thanh Trà | D33: CNKT | G33: =ROUND(F33*25000,0) -> 0 | H33: =+VLOOKUP(C33,'Mủ CN (TT)'!C27:AI60,33,0) -> 97 | J33: =+VLOOKUP(C33,'Mủ CN (TT)'!C27:AK104,35,0) -> 55.131816 | K33: 54.324763 | L33: =+VLOOKUP(C33,'Mủ CN (TT)'!C27:AL104,36,0) -> A | M33: =ROUND(J33*IF(L33="A",(6.1*$E$12),IF(L33="B",(5.8*$E$12),IF(L33="C",(5.5*$E$12),IF(L33="D",(5.2*$E$12))))),0) -> 217320 | N33: =+VLOOKUP(C33,'Chấm công CN'!B27:AJ60,34,0) -> 12 | O33: =+VLOOKUP(C33,'Chấm công CN'!$B$12:$AJ$45,35,0) -> 3 | P33: =+N33+O33 -> 15 | R33: 500000 | S33: =ROUND((N33*(46.1*$E$10))+(O33*(76.9*$E$10))+(P33*20000)+(Q33*30.7*$E$10),0)+R33-0.38 -> 1314081.6 | T33: =+G33+M33+S33 -> 1531401.6 | W33: =+T33-U33 -> 1531401.6
A34: 17 | C34: A Han | D34: CNKT | G34: =ROUND(F34*25000,0) -> 0 | H34: =+VLOOKUP(C34,'Mủ CN (TT)'!C28:AI61,33,0) -> 7 | J34: =+VLOOKUP(C34,'Mủ CN (TT)'!C28:AK105,35,0) -> 3.9785846 | K34: 3.9203437 | L34: =+VLOOKUP(C34,'Mủ CN (TT)'!C28:AL105,36,0) -> A | M34: =ROUND(J34*IF(L34="A",(6.1*$E$12),IF(L34="B",(5.8*$E$12),IF(L34="C",(5.5*$E$12),IF(L34="D",(5.2*$E$12))))),0) -> 15683 | N34: =+VLOOKUP(C34,'Chấm công CN'!B28:AJ61,34,0) -> 12 | O34: =+VLOOKUP(C34,'Chấm công CN'!$B$12:$AJ$45,35,0) -> 3 | P34: =+N34+O34 -> 15 | R34: 500000 | S34: =ROUND((N34*(46.1*$E$10))+(O34*(76.9*$E$10))+(P34*20000)+(Q34*30.7*$E$10),0)+R34-0.38 -> 1314081.6 | T34: =+G34+M34+S34 -> 1329764.6 | W34: =+T34-U34 -> 1329764.6
A35: 18 | C35: Thảo Bun Ten | D35: CNKT | G35: =ROUND(F35*25000,0) -> 0 | H35: =+VLOOKUP(C35,'Mủ CN (TT)'!C29:AI62,33,0) -> 44 | J35: =+VLOOKUP(C35,'Mủ CN (TT)'!C29:AK106,35,0) -> 25.008246 | K35: 24.64216 | L35: =+VLOOKUP(C35,'Mủ CN (TT)'!C29:AL106,36,0) -> A | M35: =ROUND(J35*IF(L35="A",(6.1*$E$12),IF(L35="B",(5.8*$E$12),IF(L35="C",(5.5*$E$12),IF(L35="D",(5.2*$E$12))))),0) -> 98578 | N35: =+VLOOKUP(C35,'Chấm công CN'!B29:AJ62,34,0) -> 12 | O35: =+VLOOKUP(C35,'Chấm công CN'!$B$12:$AJ$45,35,0) -> 3 | P35: =+N35+O35 -> 15 | R35: 500000 | S35: =ROUND((N35*(46.1*$E$10))+(O35*(76.9*$E$10))+(P35*20000)+(Q35*30.7*$E$10),0)+R35-0.38 -> 1314081.6 | T35: =+G35+M35+S35 -> 1412659.6 | W35: =+T35-U35 -> 1412659.6
A36: 19 | C36: Nang Đào | D36: CNKT | G36: =ROUND(F36*25000,0) -> 0 | H36: =+VLOOKUP(C36,'Mủ CN (TT)'!C30:AI63,33,0) -> 36 | J36: =+VLOOKUP(C36,'Mủ CN (TT)'!C30:AK107,35,0) -> 20.461292 | K36: 20.161768 | L36: =+VLOOKUP(C36,'Mủ CN (TT)'!C30:AL107,36,0) -> A | M36: =ROUND(J36*IF(L36="A",(6.1*$E$12),IF(L36="B",(5.8*$E$12),IF(L36="C",(5.5*$E$12),IF(L36="D",(5.2*$E$12))))),0) -> 80655 | N36: =+VLOOKUP(C36,'Chấm công CN'!B30:AJ63,34,0) -> 12 | O36: =+VLOOKUP(C36,'Chấm công CN'!$B$12:$AJ$45,35,0) -> 3 | P36: =+N36+O36 -> 15 | R36: 500000 | S36: =ROUND((N36*(46.1*$E$10))+(O36*(76.9*$E$10))+(P36*20000)+(Q36*30.7*$E$10),0)+R36-0.38 -> 1314081.6 | T36: =+G36+M36+S36 -> 1394736.6 | W36: =+T36-U36 -> 1394736.6
A37: 20 | C37: Phò Nhạc | D37: CNKT | G37: =ROUND(F37*25000,0) -> 0 | H37: =+VLOOKUP(C37,'Mủ CN (TT)'!C31:AI64,33,0) -> 57 | J37: =+VLOOKUP(C37,'Mủ CN (TT)'!C31:AK108,35,0) -> 32.397046 | K37: 31.922799 | L37: =+VLOOKUP(C37,'Mủ CN (TT)'!C31:AL108,36,0) -> A | M37: =ROUND(J37*IF(L37="A",(6.1*$E$12),IF(L37="B",(5.8*$E$12),IF(L37="C",(5.5*$E$12),IF(L37="D",(5.2*$E$12))))),0) -> 127703 | N37: =+VLOOKUP(C37,'Chấm công CN'!B31:AJ64,34,0) -> 12 | O37: =+VLOOKUP(C37,'Chấm công CN'!$B$12:$AJ$45,35,0) -> 2 | P37: =+N37+O37 -> 14 | R37: 500000 | S37: =ROUND((N37*(46.1*$E$10))+(O37*(76.9*$E$10))+(P37*20000)+(Q37*30.7*$E$10),0)+R37-0.4 -> 1243650.6 | T37: =+G37+M37+S37 -> 1371353.6 | W37: =+T37-U37 -> 1371353.6
A38: 21 | C38: Van | D38: CNKT | G38: =ROUND(F38*25000,0) -> 0 | H38: =+VLOOKUP(C38,'Mủ CN (TT)'!C32:AI65,33,0) -> 0 | J38: =+VLOOKUP(C38,'Mủ CN (TT)'!C32:AK109,35,0) -> 0 | K38: 0 | L38: =+VLOOKUP(C38,'Mủ CN (TT)'!C32:AL109,36,0) -> A | M38: =ROUND(J38*IF(L38="A",(6.1*$E$12),IF(L38="B",(5.8*$E$12),IF(L38="C",(5.5*$E$12),IF(L38="D",(5.2*$E$12))))),0) -> 0 | N38: =+VLOOKUP(C38,'Chấm công CN'!B32:AJ65,34,0) -> 8 | O38: =+VLOOKUP(C38,'Chấm công CN'!$B$12:$AJ$45,35,0) -> 3 | P38: =+N38+O38 -> 11 | R38: 500000 | S38: =ROUND((N38*(46.1*$E$10))+(O38*(76.9*$E$10))+(P38*20000)+(Q38*30.7*$E$10),0)+R38+0.1 -> 1113152.1 | T38: =+G38+M38+S38 -> 1113152.1 | W38: =+T38-U38 -> 1113152.1
A39: 22 | C39: Thảo Xi | D39: CNKT | G39: =ROUND(F39*25000,0) -> 0 | H39: =+VLOOKUP(C39,'Mủ CN (TT)'!C33:AI66,33,0) -> 28 | J39: =+VLOOKUP(C39,'Mủ CN (TT)'!C33:AK110,35,0) -> 15.914339 | K39: 15.681375 | L39: =+VLOOKUP(C39,'Mủ CN (TT)'!C33:AL110,36,0) -> A | M39: =ROUND(J39*IF(L39="A",(6.1*$E$12),IF(L39="B",(5.8*$E$12),IF(L39="C",(5.5*$E$12),IF(L39="D",(5.2*$E$12))))),0) -> 62731 | N39: =+VLOOKUP(C39,'Chấm công CN'!B33:AJ66,34,0) -> 12 | O39: =+VLOOKUP(C39,'Chấm công CN'!$B$12:$AJ$45,35,0) -> 3 | P39: =+N39+O39 -> 15 | R39: 500000 | S39: =ROUND((N39*(46.1*$E$10))+(O39*(76.9*$E$10))+(P39*20000)+(Q39*30.7*$E$10),0)+R39-0.38 -> 1314081.6 | T39: =+G39+M39+S39 -> 1376812.6 | W39: =+T39-U39 -> 1376812.6
A40: 23 | C40: Húc | D40: CNKT | G40: =ROUND(F40*25000,0) -> 0 | H40: =+VLOOKUP(C40,'Mủ CN (TT)'!C34:AI67,33,0) -> 34 | J40: =+VLOOKUP(C40,'Mủ CN (TT)'!C34:AK111,35,0) -> 19.324554 | K40: 19.041669 | L40: =+VLOOKUP(C40,'Mủ CN (TT)'!C34:AL111,36,0) -> A | M40: =ROUND(J40*IF(L40="A",(6.1*$E$12),IF(L40="B",(5.8*$E$12),IF(L40="C",(5.5*$E$12),IF(L40="D",(5.2*$E$12))))),0) -> 76174 | N40: =+VLOOKUP(C40,'Chấm công CN'!B34:AJ67,34,0) -> 12 | O40: =+VLOOKUP(C40,'Chấm công CN'!$B$12:$AJ$45,35,0) -> 3 | P40: =+N40+O40 -> 15 | R40: 500000 | S40: =ROUND((N40*(46.1*$E$10))+(O40*(76.9*$E$10))+(P40*20000)+(Q40*30.7*$E$10),0)+R40-0.38 -> 1314081.6 | T40: =+G40+M40+S40 -> 1390255.6 | W40: =+T40-U40 -> 1390255.6
A41: 24 | C41: Thảo Nét | D41: CNKT | G41: =ROUND(F41*25000,0) -> 0 | H41: =+VLOOKUP(C41,'Mủ CN (TT)'!C35:AI68,33,0) -> 26 | J41: =+VLOOKUP(C41,'Mủ CN (TT)'!C35:AK112,35,0) -> 14.7776 | K41: 14.561277 | L41: =+VLOOKUP(C41,'Mủ CN (TT)'!C35:AL112,36,0) -> A | M41: =ROUND(J41*IF(L41="A",(6.1*$E$12),IF(L41="B",(5.8*$E$12),IF(L41="C",(5.5*$E$12),IF(L41="D",(5.2*$E$12))))),0) -> 58251 | N41: =+VLOOKUP(C41,'Chấm công CN'!B35:AJ68,34,0) -> 12 | O41: =+VLOOKUP(C41,'Chấm công CN'!$B$12:$AJ$45,35,0) -> 3 | P41: =+N41+O41 -> 15 | R41: 500000 | S41: =ROUND((N41*(46.1*$E$10))+(O41*(76.9*$E$10))+(P41*20000)+(Q41*30.7*$E$10),0)+R41-0.38 -> 1314081.6 | T41: =+G41+M41+S41 -> 1372332.6 | W41: =+T41-U41 -> 1372332.6
A42: 25 | C42: Thảo út | D42: CNKT | G42: =ROUND(F42*25000,0) -> 0 | H42: =+VLOOKUP(C42,'Mủ CN (TT)'!C36:AI69,33,0) -> 19 | J42: =+VLOOKUP(C42,'Mủ CN (TT)'!C36:AK113,35,0) -> 10.799015 | K42: 10.640933 | L42: =+VLOOKUP(C42,'Mủ CN (TT)'!C36:AL113,36,0) -> A | M42: =ROUND(J42*IF(L42="A",(6.1*$E$12),IF(L42="B",(5.8*$E$12),IF(L42="C",(5.5*$E$12),IF(L42="D",(5.2*$E$12))))),0) -> 42568 | N42: =+VLOOKUP(C42,'Chấm công CN'!B36:AJ69,34,0) -> 12 | O42: =+VLOOKUP(C42,'Chấm công CN'!$B$12:$AJ$45,35,0) -> 3 | P42: =+N42+O42 -> 15 | R42: 500000 | S42: =ROUND((N42*(46.1*$E$10))+(O42*(76.9*$E$10))+(P42*20000)+(Q42*30.7*$E$10),0)+R42-0.38 -> 1314081.6 | T42: =+G42+M42+S42 -> 1356649.6 | W42: =+T42-U42 -> 1356649.6
A43: 26 | C43: Tà Lọt | D43: CNKT | G43: =ROUND(F43*25000,0) -> 0 | H43: =+VLOOKUP(C43,'Mủ CN (TT)'!C37:AI70,33,0) -> 0 | J43: =+VLOOKUP(C43,'Mủ CN (TT)'!C37:AK114,35,0) -> 0 | K43: 0 | L43: =+VLOOKUP(C43,'Mủ CN (TT)'!C37:AL114,36,0) -> A | M43: =ROUND(J43*IF(L43="A",(6.1*$E$12),IF(L43="B",(5.8*$E$12),IF(L43="C",(5.5*$E$12),IF(L43="D",(5.2*$E$12))))),0) -> 0 | N43: =+VLOOKUP(C43,'Chấm công CN'!B37:AJ70,34,0) -> 12 | O43: =+VLOOKUP(C43,'Chấm công CN'!$B$12:$AJ$45,35,0) -> 3 | P43: =+N43+O43 -> 15 | R43: 500000 | S43: =ROUND((N43*(46.1*$E$10))+(O43*(76.9*$E$10))+(P43*20000)+(Q43*30.7*$E$10),0)+R43-0.38 -> 1314081.6 | T43: =+G43+M43+S43 -> 1314081.6 | W43: =+T43-U43 -> 1314081.6
A44: 27 | C44: A Nghen | D44: CNKT | G44: =ROUND(F44*25000,0) -> 0 | H44: =+VLOOKUP(C44,'Mủ CN (TT)'!C38:AI71,33,0) -> 0 | J44: =+VLOOKUP(C44,'Mủ CN (TT)'!C38:AK115,35,0) -> 0 | K44: 0 | L44: =+VLOOKUP(C44,'Mủ CN (TT)'!C38:AL115,36,0) -> A | M44: =ROUND(J44*IF(L44="A",(6.1*$E$12),IF(L44="B",(5.8*$E$12),IF(L44="C",(5.5*$E$12),IF(L44="D",(5.2*$E$12))))),0) -> 0 | N44: =+VLOOKUP(C44,'Chấm công CN'!B38:AJ71,34,0) -> 11 | O44: =+VLOOKUP(C44,'Chấm công CN'!$B$12:$AJ$45,35,0) -> 3 | P44: =+N44+O44 -> 14 | R44: 500000 | S44: =ROUND((N44*(46.1*$E$10))+(O44*(76.9*$E$10))+(P44*20000)+(Q44*30.7*$E$10),0)+R44+0.24 -> 1263849.2 | T44: =+G44+M44+S44 -> 1263849.2 | W44: =+T44-U44 -> 1263849.2
A45: 28 | C45: Thảo Xâm | D45: CNKT | G45: =ROUND(F45*25000,0) -> 0 | H45: =+VLOOKUP(C45,'Mủ CN (TT)'!C39:AI72,33,0) -> 34 | J45: =+VLOOKUP(C45,'Mủ CN (TT)'!C39:AK116,35,0) -> 19.324554 | K45: 19.041669 | L45: =+VLOOKUP(C45,'Mủ CN (TT)'!C39:AL116,36,0) -> A | M45: =ROUND(J45*IF(L45="A",(6.1*$E$12),IF(L45="B",(5.8*$E$12),IF(L45="C",(5.5*$E$12),IF(L45="D",(5.2*$E$12))))),0) -> 76174 | N45: =+VLOOKUP(C45,'Chấm công CN'!B39:AJ72,34,0) -> 12 | O45: =+VLOOKUP(C45,'Chấm công CN'!$B$12:$AJ$45,35,0) -> 3 | P45: =+N45+O45 -> 15 | R45: 500000 | S45: =ROUND((N45*(46.1*$E$10))+(O45*(76.9*$E$10))+(P45*20000)+(Q45*30.7*$E$10),0)+R45-0.38 -> 1314081.6 | T45: =+G45+M45+S45 -> 1390255.6 | W45: =+T45-U45 -> 1390255.6
A46: 29 | C46: Thảo Von | D46: CNKT | G46: =ROUND(F46*25000,0) -> 0 | H46: =+VLOOKUP(C46,'Mủ CN (TT)'!C40:AI73,33,0) -> 42 | J46: =+VLOOKUP(C46,'Mủ CN (TT)'!C40:AK117,35,0) -> 23.871508 | K46: 23.522062 | L46: =+VLOOKUP(C46,'Mủ CN (TT)'!C40:AL117,36,0) -> A | M46: =ROUND(J46*IF(L46="A",(6.1*$E$12),IF(L46="B",(5.8*$E$12),IF(L46="C",(5.5*$E$12),IF(L46="D",(5.2*$E$12))))),0) -> 94097 | N46: =+VLOOKUP(C46,'Chấm công CN'!B40:AJ73,34,0) -> 12 | O46: =+VLOOKUP(C46,'Chấm công CN'!$B$12:$AJ$45,35,0) -> 3 | P46: =+N46+O46 -> 15 | R46: 500000 | S46: =ROUND((N46*(46.1*$E$10))+(O46*(76.9*$E$10))+(P46*20000)+(Q46*30.7*$E$10),0)+R46-0.38 -> 1314081.6 | T46: =+G46+M46+S46 -> 1408178.6 | W46: =+T46-U46 -> 1408178.6
A47: 30 | C47: Nang Phen | D47: CNKT | G47: =ROUND(F47*25000,0) -> 0 | H47: =+VLOOKUP(C47,'Mủ CN (TT)'!C41:AI74,33,0) -> 41 | J47: =+VLOOKUP(C47,'Mủ CN (TT)'!C41:AK118,35,0) -> 23.303139 | K47: 22.962013 | L47: =+VLOOKUP(C47,'Mủ CN (TT)'!C41:AL118,36,0) -> A | M47: =ROUND(J47*IF(L47="A",(6.1*$E$12),IF(L47="B",(5.8*$E$12),IF(L47="C",(5.5*$E$12),IF(L47="D",(5.2*$E$12))))),0) -> 91857 | N47: =+VLOOKUP(C47,'Chấm công CN'!B41:AJ74,34,0) -> 12 | O47: =+VLOOKUP(C47,'Chấm công CN'!$B$12:$AJ$45,35,0) -> 3 | P47: =+N47+O47 -> 15 | R47: 500000 | S47: =ROUND((N47*(46.1*$E$10))+(O47*(76.9*$E$10))+(P47*20000)+(Q47*30.7*$E$10),0)+R47-0.38 -> 1314081.6 | T47: =+G47+M47+S47 -> 1405938.6 | W47: =+T47-U47 -> 1405938.6
A48: 31 | C48: Nang Bun Ten | D48: CNKT | G48: =ROUND(F48*25000,0) -> 0 | H48: =+VLOOKUP(C48,'Mủ CN (TT)'!C42:AI75,33,0) -> 41 | J48: =+VLOOKUP(C48,'Mủ CN (TT)'!C42:AK119,35,0) -> 23.303139 | K48: 22.962013 | L48: =+VLOOKUP(C48,'Mủ CN (TT)'!C42:AL119,36,0) -> A | M48: =ROUND(J48*IF(L48="A",(6.1*$E$12),IF(L48="B",(5.8*$E$12),IF(L48="C",(5.5*$E$12),IF(L48="D",(5.2*$E$12))))),0) -> 91857 | N48: =+VLOOKUP(C48,'Chấm công CN'!B42:AJ75,34,0) -> 12 | O48: =+VLOOKUP(C48,'Chấm công CN'!$B$12:$AJ$45,35,0) -> 3 | P48: =+N48+O48 -> 15 | R48: 500000 | S48: =ROUND((N48*(46.1*$E$10))+(O48*(76.9*$E$10))+(P48*20000)+(Q48*30.7*$E$10),0)+R48-0.38 -> 1314081.6 | T48: =+G48+M48+S48 -> 1405938.6 | W48: =+T48-U48 -> 1405938.6
A49: 32 | C49: Cha Lơ | D49: CNKT | G49: =ROUND(F49*25000,0) -> 0 | H49: =+VLOOKUP(C49,'Mủ CN (TT)'!C43:AI76,33,0) -> 0 | J49: =+VLOOKUP(C49,'Mủ CN (TT)'!C43:AK120,35,0) -> 0 | K49: 0 | L49: =+VLOOKUP(C49,'Mủ CN (TT)'!C43:AL120,36,0) -> A | M49: =ROUND(J49*IF(L49="A",(6.1*$E$12),IF(L49="B",(5.8*$E$12),IF(L49="C",(5.5*$E$12),IF(L49="D",(5.2*$E$12))))),0) -> 0 | N49: =+VLOOKUP(C49,'Chấm công CN'!B43:AJ76,34,0) -> 6 | O49: =+VLOOKUP(C49,'Chấm công CN'!$B$12:$AJ$45,35,0) -> 2 | P49: =+N49+O49 -> 8 | R49: 500000 | S49: =ROUND((N49*(46.1*$E$10))+(O49*(76.9*$E$10))+(P49*20000)+(Q49*30.7*$E$10),0)+R49+0.32 -> 942256.32 | T49: =+G49+M49+S49 -> 942256.32 | W49: =+T49-U49 -> 942256.32
A50: 33 | C50: Dã Lay | D50: CNKT | G50: =ROUND(F50*25000,0) -> 0 | H50: =+VLOOKUP(C50,'Mủ CN (TT)'!C44:AI77,33,0) -> 0 | J50: =+VLOOKUP(C50,'Mủ CN (TT)'!C44:AK121,35,0) -> 0 | K50: 0 | L50: =+VLOOKUP(C50,'Mủ CN (TT)'!C44:AL121,36,0) -> A | M50: =ROUND(J50*IF(L50="A",(6.1*$E$12),IF(L50="B",(5.8*$E$12),IF(L50="C",(5.5*$E$12),IF(L50="D",(5.2*$E$12))))),0) -> 0 | N50: =+VLOOKUP(C50,'Chấm công CN'!B44:AJ77,34,0) -> 11 | O50: =+VLOOKUP(C50,'Chấm công CN'!$B$12:$AJ$45,35,0) -> 2 | P50: =+N50+O50 -> 13 | R50: 500000 | S50: =ROUND((N50*(46.1*$E$10))+(O50*(76.9*$E$10))+(P50*20000)+(Q50*30.7*$E$10),0)+R50+0.22 -> 1193418.2 | T50: =+G50+M50+S50 -> 1193418.2 | W50: =+T50-U50 -> 1193418.2
A51: 34 | C51: Thảo Xen | D51: CNKT | G51: =ROUND(F51*25000,0) -> 0 | H51: =+VLOOKUP(C51,'Mủ CN (TT)'!C45:AI78,33,0) -> 45 | J51: =+VLOOKUP(C51,'Mủ CN (TT)'!C45:AK122,35,0) -> 25.576616 | K51: 25.20221 | L51: =+VLOOKUP(C51,'Mủ CN (TT)'!C45:AL122,36,0) -> A | M51: =ROUND(J51*IF(L51="A",(6.1*$E$12),IF(L51="B",(5.8*$E$12),IF(L51="C",(5.5*$E$12),IF(L51="D",(5.2*$E$12))))),0) -> 100818 | N51: =+VLOOKUP(C51,'Chấm công CN'!B45:AJ78,34,0) -> 12 | O51: =+VLOOKUP(C51,'Chấm công CN'!$B$12:$AJ$45,35,0) -> 3 | P51: =+N51+O51 -> 15 | R51: 500000 | S51: =ROUND((N51*(46.1*$E$10))+(O51*(76.9*$E$10))+(P51*20000)+(Q51*30.7*$E$10),0)+R51-0.38 -> 1314081.6 | T51: =+G51+M51+S51 -> 1414899.6 | W51: =+T51-U51 -> 1414899.6
A52: 35 | C52: Nàng Ăn | D52: CNKT | G52: =ROUND(F52*25000,0) -> 0 | H52: =+VLOOKUP(C52,'Mủ CN (TT)'!C46:AI79,33,0) -> 243 | J52: =+VLOOKUP(C52,'Mủ CN (TT)'!C46:AK123,35,0) -> 139.88047 | K52: 137.83281 | L52: =+VLOOKUP(C52,'Mủ CN (TT)'!C46:AL123,36,0) -> A | M52: =ROUND(J52*IF(L52="A",(6.1*$E$12),IF(L52="B",(5.8*$E$12),IF(L52="C",(5.5*$E$12),IF(L52="D",(5.2*$E$12))))),0) -> 551384 | N52: =+VLOOKUP(C52,'Chấm công CN'!$B$47:$AJ$89,34,0) -> 15 | O52: =+VLOOKUP(C52,'Chấm công CN'!B47:AJ89,35,0) -> 3 | P52: =+N52+O52 -> 18 | R52: 500000 | S52: =ROUND((N52*(46.1*$E$10))+(O52*(76.9*$E$10))+(P52*20000)+(Q52*30.7*$E$10),0)+R52-0.24 -> 1464778.8 | T52: =+G52+M52+S52 -> 2016162.8 | W52: =+T52-U52 -> 2016162.8
A53: 36 | C53: Thảo Ơ | D53: CNKT | G53: =ROUND(F53*25000,0) -> 0 | H53: =+VLOOKUP(C53,'Mủ CN (TT)'!C47:AI80,33,0) -> 263 | J53: =+VLOOKUP(C53,'Mủ CN (TT)'!C47:AK124,35,0) -> 151.39327 | K53: 149.17708 | L53: =+VLOOKUP(C53,'Mủ CN (TT)'!C47:AL124,36,0) -> A | M53: =ROUND(J53*IF(L53="A",(6.1*$E$12),IF(L53="B",(5.8*$E$12),IF(L53="C",(5.5*$E$12),IF(L53="D",(5.2*$E$12))))),0) -> 596765 | N53: =+VLOOKUP(C53,'Chấm công CN'!$B$47:$AJ$89,34,0) -> 15 | O53: =+VLOOKUP(C53,'Chấm công CN'!B48:AJ90,35,0) -> 3 | P53: =+N53+O53 -> 18 | R53: 500000 | S53: =ROUND((N53*(46.1*$E$10))+(O53*(76.9*$E$10))+(P53*20000)+(Q53*30.7*$E$10),0)+R53-0.24 -> 1464778.8 | T53: =+G53+M53+S53 -> 2061543.8 | W53: =+T53-U53 -> 2061543.8
A54: 37 | C54: Thảo Ui | D54: CNKT | G54: =ROUND(F54*25000,0) -> 0 | H54: =+VLOOKUP(C54,'Mủ CN (TT)'!C48:AI81,33,0) -> 248 | J54: =+VLOOKUP(C54,'Mủ CN (TT)'!C48:AK125,35,0) -> 142.75867 | K54: 140.66888 | L54: =+VLOOKUP(C54,'Mủ CN (TT)'!C48:AL125,36,0) -> A | M54: =ROUND(J54*IF(L54="A",(6.1*$E$12),IF(L54="B",(5.8*$E$12),IF(L54="C",(5.5*$E$12),IF(L54="D",(5.2*$E$12))))),0) -> 562729 | N54: =+VLOOKUP(C54,'Chấm công CN'!$B$47:$AJ$89,34,0) -> 15 | O54: =+VLOOKUP(C54,'Chấm công CN'!B49:AJ91,35,0) -> 3 | P54: =+N54+O54 -> 18 | R54: 500000 | S54: =ROUND((N54*(46.1*$E$10))+(O54*(76.9*$E$10))+(P54*20000)+(Q54*30.7*$E$10),0)+R54-0.24 -> 1464778.8 | T54: =+G54+M54+S54 -> 2027507.8 | W54: =+T54-U54 -> 2027507.8
A55: 38 | C55: Thảo Tin | D55: CNKT | G55: =ROUND(F55*25000,0) -> 0 | H55: =+VLOOKUP(C55,'Mủ CN (TT)'!C49:AI82,33,0) -> 246 | J55: =+VLOOKUP(C55,'Mủ CN (TT)'!C49:AK126,35,0) -> 141.60739 | K55: 139.53445 | L55: =+VLOOKUP(C55,'Mủ CN (TT)'!C49:AL126,36,0) -> A | M55: =ROUND(J55*IF(L55="A",(6.1*$E$12),IF(L55="B",(5.8*$E$12),IF(L55="C",(5.5*$E$12),IF(L55="D",(5.2*$E$12))))),0) -> 558191 | N55: =+VLOOKUP(C55,'Chấm công CN'!$B$47:$AJ$89,34,0) -> 15 | O55: =+VLOOKUP(C55,'Chấm công CN'!B50:AJ92,35,0) -> 3 | P55: =+N55+O55 -> 18 | R55: 500000 | S55: =ROUND((N55*(46.1*$E$10))+(O55*(76.9*$E$10))+(P55*20000)+(Q55*30.7*$E$10),0)+R55-0.24 -> 1464778.8 | T55: =+G55+M55+S55 -> 2022969.8 | W55: =+T55-U55 -> 2022969.8
A56: 39 | C56: Nàng Xái | D56: CNKT | G56: =ROUND(F56*25000,0) -> 0 | H56: =+VLOOKUP(C56,'Mủ CN (TT)'!C50:AI83,33,0) -> 226 | J56: =+VLOOKUP(C56,'Mủ CN (TT)'!C50:AK127,35,0) -> 130.09459 | K56: 128.19019 | L56: =+VLOOKUP(C56,'Mủ CN (TT)'!C50:AL127,36,0) -> A | M56: =ROUND(J56*IF(L56="A",(6.1*$E$12),IF(L56="B",(5.8*$E$12),IF(L56="C",(5.5*$E$12),IF(L56="D",(5.2*$E$12))))),0) -> 512809 | N56: =+VLOOKUP(C56,'Chấm công CN'!$B$47:$AJ$89,34,0) -> 15 | O56: =+VLOOKUP(C56,'Chấm công CN'!B51:AJ93,35,0) -> 3 | P56: =+N56+O56 -> 18 | R56: 500000 | S56: =ROUND((N56*(46.1*$E$10))+(O56*(76.9*$E$10))+(P56*20000)+(Q56*30.7*$E$10),0)+R56-0.24 -> 1464778.8 | T56: =+G56+M56+S56 -> 1977587.8 | W56: =+T56-U56 -> 1977587.8
A57: 40 | C57: Thảo Phôn Xay | D57: CNKT | G57: =ROUND(F57*25000,0) -> 0 | H57: =+VLOOKUP(C57,'Mủ CN (TT)'!C51:AI84,33,0) -> 230 | J57: =+VLOOKUP(C57,'Mủ CN (TT)'!C51:AK128,35,0) -> 132.39715 | K57: 130.45904 | L57: =+VLOOKUP(C57,'Mủ CN (TT)'!C51:AL128,36,0) -> A | M57: =ROUND(J57*IF(L57="A",(6.1*$E$12),IF(L57="B",(5.8*$E$12),IF(L57="C",(5.5*$E$12),IF(L57="D",(5.2*$E$12))))),0) -> 521886 | N57: =+VLOOKUP(C57,'Chấm công CN'!$B$47:$AJ$89,34,0) -> 15 | O57: =+VLOOKUP(C57,'Chấm công CN'!B52:AJ94,35,0) -> 3 | P57: =+N57+O57 -> 18 | R57: 500000 | S57: =ROUND((N57*(46.1*$E$10))+(O57*(76.9*$E$10))+(P57*20000)+(Q57*30.7*$E$10),0)+R57-0.24 -> 1464778.8 | T57: =+G57+M57+S57 -> 1986664.8 | W57: =+T57-U57 -> 1986664.8
A58: 41 | C58: Nàng Phêng | D58: CNKT | G58: =ROUND(F58*25000,0) -> 0 | H58: =+VLOOKUP(C58,'Mủ CN (TT)'!C52:AI85,33,0) -> 337 | J58: =+VLOOKUP(C58,'Mủ CN (TT)'!C52:AK129,35,0) -> 193.99061 | K58: 191.15086 | L58: =+VLOOKUP(C58,'Mủ CN (TT)'!C52:AL129,36,0) -> A | M58: =ROUND(J58*IF(L58="A",(6.1*$E$12),IF(L58="B",(5.8*$E$12),IF(L58="C",(5.5*$E$12),IF(L58="D",(5.2*$E$12))))),0) -> 764676 | N58: =+VLOOKUP(C58,'Chấm công CN'!$B$47:$AJ$89,34,0) -> 15 | O58: =+VLOOKUP(C58,'Chấm công CN'!B53:AJ95,35,0) -> 3 | P58: =+N58+O58 -> 18 | R58: 500000 | S58: =ROUND((N58*(46.1*$E$10))+(O58*(76.9*$E$10))+(P58*20000)+(Q58*30.7*$E$10),0)+R58-0.24 -> 1464778.8 | T58: =+G58+M58+S58 -> 2229454.8 | W58: =+T58-U58 -> 2229454.8
A59: 42 | C59: Thảo Phíc | D59: CNKT | G59: =ROUND(F59*25000,0) -> 0 | H59: =+VLOOKUP(C59,'Mủ CN (TT)'!C53:AI86,33,0) -> 221 | J59: =+VLOOKUP(C59,'Mủ CN (TT)'!C53:AK130,35,0) -> 127.21639 | K59: 125.35412 | L59: =+VLOOKUP(C59,'Mủ CN (TT)'!C53:AL130,36,0) -> A | M59: =ROUND(J59*IF(L59="A",(6.1*$E$12),IF(L59="B",(5.8*$E$12),IF(L59="C",(5.5*$E$12),IF(L59="D",(5.2*$E$12))))),0) -> 501464 | N59: =+VLOOKUP(C59,'Chấm công CN'!$B$47:$AJ$89,34,0) -> 15 | O59: =+VLOOKUP(C59,'Chấm công CN'!B54:AJ96,35,0) -> 3 | P59: =+N59+O59 -> 18 | R59: 500000 | S59: =ROUND((N59*(46.1*$E$10))+(O59*(76.9*$E$10))+(P59*20000)+(Q59*30.7*$E$10),0)+R59-0.24 -> 1464778.8 | T59: =+G59+M59+S59 -> 1966242.8 | W59: =+T59-U59 -> 1966242.8
A60: 43 | C60: Nàng Chai | D60: CNKT | G60: =ROUND(F60*25000,0) -> 0 | H60: =+VLOOKUP(C60,'Mủ CN (TT)'!C54:AI87,33,0) -> 223 | J60: =+VLOOKUP(C60,'Mủ CN (TT)'!C54:AK131,35,0) -> 128.36767 | K60: 126.48855 | L60: =+VLOOKUP(C60,'Mủ CN (TT)'!C54:AL131,36,0) -> A | M60: =ROUND(J60*IF(L60="A",(6.1*$E$12),IF(L60="B",(5.8*$E$12),IF(L60="C",(5.5*$E$12),IF(L60="D",(5.2*$E$12))))),0) -> 506002 | N60: =+VLOOKUP(C60,'Chấm công CN'!$B$47:$AJ$89,34,0) -> 15 | O60: =+VLOOKUP(C60,'Chấm công CN'!B55:AJ97,35,0) -> 3 | P60: =+N60+O60 -> 18 | R60: 500000 | S60: =ROUND((N60*(46.1*$E$10))+(O60*(76.9*$E$10))+(P60*20000)+(Q60*30.7*$E$10),0)+R60-0.24 -> 1464778.8 | T60: =+G60+M60+S60 -> 1970780.8 | W60: =+T60-U60 -> 1970780.8
A61: 44 | C61: Nàng Xanh | D61: CNKT | G61: =ROUND(F61*25000,0) -> 0 | H61: =+VLOOKUP(C61,'Mủ CN (TT)'!C55:AI88,33,0) -> 245 | J61: =+VLOOKUP(C61,'Mủ CN (TT)'!C55:AK132,35,0) -> 141.03175 | K61: 138.96724 | L61: =+VLOOKUP(C61,'Mủ CN (TT)'!C55:AL132,36,0) -> A | M61: =ROUND(J61*IF(L61="A",(6.1*$E$12),IF(L61="B",(5.8*$E$12),IF(L61="C",(5.5*$E$12),IF(L61="D",(5.2*$E$12))))),0) -> 555922 | N61: =+VLOOKUP(C61,'Chấm công CN'!$B$47:$AJ$89,34,0) -> 15 | O61: =+VLOOKUP(C61,'Chấm công CN'!B56:AJ98,35,0) -> 3 | P61: =+N61+O61 -> 18 | R61: 500000 | S61: =ROUND((N61*(46.1*$E$10))+(O61*(76.9*$E$10))+(P61*20000)+(Q61*30.7*$E$10),0)+R61-0.24 -> 1464778.8 | T61: =+G61+M61+S61 -> 2020700.8 | W61: =+T61-U61 -> 2020700.8
A62: 45 | C62: Thảo Xượm | D62: CNKT | G62: =ROUND(F62*25000,0) -> 0 | H62: =+VLOOKUP(C62,'Mủ CN (TT)'!C56:AI89,33,0) -> 335 | J62: =+VLOOKUP(C62,'Mủ CN (TT)'!C56:AK133,35,0) -> 192.83933 | K62: 190.01643 | L62: =+VLOOKUP(C62,'Mủ CN (TT)'!C56:AL133,36,0) -> A | M62: =ROUND(J62*IF(L62="A",(6.1*$E$12),IF(L62="B",(5.8*$E$12),IF(L62="C",(5.5*$E$12),IF(L62="D",(5.2*$E$12))))),0) -> 760138 | N62: =+VLOOKUP(C62,'Chấm công CN'!$B$47:$AJ$89,34,0) -> 15 | O62: =+VLOOKUP(C62,'Chấm công CN'!B57:AJ99,35,0) -> 3 | P62: =+N62+O62 -> 18 | R62: 500000 | S62: =ROUND((N62*(46.1*$E$10))+(O62*(76.9*$E$10))+(P62*20000)+(Q62*30.7*$E$10),0)+R62-0.24 -> 1464778.8 | T62: =+G62+M62+S62 -> 2224916.8 | W62: =+T62-U62 -> 2224916.8
A63: 46 | C63: Thảo Tích | D63: CNKT | G63: =ROUND(F63*25000,0) -> 0 | H63: =+VLOOKUP(C63,'Mủ CN (TT)'!C57:AI90,33,0) -> 225 | J63: =+VLOOKUP(C63,'Mủ CN (TT)'!C57:AK134,35,0) -> 129.51895 | K63: 127.62298 | L63: =+VLOOKUP(C63,'Mủ CN (TT)'!C57:AL134,36,0) -> A | M63: =ROUND(J63*IF(L63="A",(6.1*$E$12),IF(L63="B",(5.8*$E$12),IF(L63="C",(5.5*$E$12),IF(L63="D",(5.2*$E$12))))),0) -> 510540 | N63: =+VLOOKUP(C63,'Chấm công CN'!$B$47:$AJ$89,34,0) -> 15 | O63: =+VLOOKUP(C63,'Chấm công CN'!B58:AJ100,35,0) -> 3 | P63: =+N63+O63 -> 18 | R63: 500000 | S63: =ROUND((N63*(46.1*$E$10))+(O63*(76.9*$E$10))+(P63*20000)+(Q63*30.7*$E$10),0)+R63-0.24 -> 1464778.8 | T63: =+G63+M63+S63 -> 1975318.8 | W63: =+T63-U63 -> 1975318.8
... A69: 52 | C69: Ning Dung | D69: CNKT | G69: =ROUND(F69*25000,0) -> 0 | H69: =+VLOOKUP(C69,'Mủ CN (TT)'!C63:AI96,33,0) -> 80 | J69: =+VLOOKUP(C69,'Mủ CN (TT)'!C63:AK140,35,0) -> 46.051183 | K69: 45.377058 | L69: =+VLOOKUP(C69,'Mủ CN (TT)'!C63:AL140,36,0) -> A | M69: =ROUND(J69*IF(L69="A",(6.1*$E$12),IF(L69="B",(5.8*$E$12),IF(L69="C",(5.5*$E$12),IF(L69="D",(5.2*$E$12))))),0) -> 181525 | N69: =+VLOOKUP(C69,'Chấm công CN'!$B$47:$AJ$89,34,0) -> 15 | O69: =+VLOOKUP(C69,'Chấm công CN'!B64:AJ106,35,0) -> 3 | P69: =+N69+O69 -> 18 | R69: 500000 | S69: =ROUND((N69*(46.1*$E$10))+(O69*(76.9*$E$10))+(P69*20000)+(Q69*30.7*$E$10),0)+R69-0.24 -> 1464778.8 | T69: =+G69+M69+S69 -> 1646303.8 | W69: =+T69-U69 -> 1646303.8
A70: 53 | C70: Mua Chăn | D70: CNKT | G70: =ROUND(F70*25000,0) -> 0 | H70: =+VLOOKUP(C70,'Mủ CN (TT)'!C64:AI97,33,0) -> 79 | J70: =+VLOOKUP(C70,'Mủ CN (TT)'!C64:AK141,35,0) -> 45.475544 | K70: 44.809845 | L70: =+VLOOKUP(C70,'Mủ CN (TT)'!C64:AL141,36,0) -> A | M70: =ROUND(J70*IF(L70="A",(6.1*$E$12),IF(L70="B",(5.8*$E$12),IF(L70="C",(5.5*$E$12),IF(L70="D",(5.2*$E$12))))),0) -> 179256 | N70: =+VLOOKUP(C70,'Chấm công CN'!$B$47:$AJ$89,34,0) -> 13 | O70: =+VLOOKUP(C70,'Chấm công CN'!B65:AJ107,35,0) -> 2 | P70: =+N70+O70 -> 15 | R70: 500000 | S70: =ROUND((N70*(46.1*$E$10))+(O70*(76.9*$E$10))+(P70*20000)+(Q70*30.7*$E$10),0)+R70-0.02 -> 1293883 | T70: =+G70+M70+S70 -> 1473139 | W70: =+T70-U70 -> 1473139
A71: 54 | C71: Thảo Chọi 2 | D71: CNKT | G71: =ROUND(F71*25000,0) -> 0 | H71: =+VLOOKUP(C71,'Mủ CN (TT)'!C65:AI98,33,0) -> 118 | J71: =+VLOOKUP(C71,'Mủ CN (TT)'!C65:AK142,35,0) -> 67.925495 | K71: 66.931161 | L71: =+VLOOKUP(C71,'Mủ CN (TT)'!C65:AL142,36,0) -> A | M71: =ROUND(J71*IF(L71="A",(6.1*$E$12),IF(L71="B",(5.8*$E$12),IF(L71="C",(5.5*$E$12),IF(L71="D",(5.2*$E$12))))),0) -> 267750 | N71: =+VLOOKUP(C71,'Chấm công CN'!$B$47:$AJ$89,34,0) -> 12 | O71: =+VLOOKUP(C71,'Chấm công CN'!B66:AJ108,35,0) -> 2 | P71: =+N71+O71 -> 14 | R71: 500000 | S71: =ROUND((N71*(46.1*$E$10))+(O71*(76.9*$E$10))+(P71*20000)+(Q71*30.7*$E$10),0)+R71-0.4 -> 1243650.6 | T71: =+G71+M71+S71 -> 1511400.6 | W71: =+T71-U71 -> 1511400.6
A72: 55 | C72: Thảo Sing | D72: CNKT | G72: =ROUND(F72*25000,0) -> 0 | H72: =+VLOOKUP(C72,'Mủ CN (TT)'!C66:AI99,33,0) -> 124 | J72: =+VLOOKUP(C72,'Mủ CN (TT)'!C66:AK143,35,0) -> 71.379334 | K72: 70.33444 | L72: =+VLOOKUP(C72,'Mủ CN (TT)'!C66:AL143,36,0) -> A | M72: =ROUND(J72*IF(L72="A",(6.1*$E$12),IF(L72="B",(5.8*$E$12),IF(L72="C",(5.5*$E$12),IF(L72="D",(5.2*$E$12))))),0) -> 281364 | N72: =+VLOOKUP(C72,'Chấm công CN'!$B$47:$AJ$89,34,0) -> 12 | O72: =+VLOOKUP(C72,'Chấm công CN'!B67:AJ109,35,0) -> 2 | P72: =+N72+O72 -> 14 | R72: 500000 | S72: =ROUND((N72*(46.1*$E$10))+(O72*(76.9*$E$10))+(P72*20000)+(Q72*30.7*$E$10),0)+R72-0.4 -> 1243650.6 | T72: =+G72+M72+S72 -> 1525014.6 | W72: =+T72-U72 -> 1525014.6
A73: 56 | C73: Thảo Phu | D73: CNKT | G73: =ROUND(F73*25000,0) -> 0 | H73: =+VLOOKUP(C73,'Mủ CN (TT)'!C67:AI100,33,0) -> 89 | J73: =+VLOOKUP(C73,'Mủ CN (TT)'!C67:AK144,35,0) -> 51.231941 | K73: 50.481977 | L73: =+VLOOKUP(C73,'Mủ CN (TT)'!C67:AL144,36,0) -> A | M73: =ROUND(J73*IF(L73="A",(6.1*$E$12),IF(L73="B",(5.8*$E$12),IF(L73="C",(5.5*$E$12),IF(L73="D",(5.2*$E$12))))),0) -> 201947 | N73: =+VLOOKUP(C73,'Chấm công CN'!$B$47:$AJ$89,34,0) -> 12 | O73: =+VLOOKUP(C73,'Chấm công CN'!B68:AJ110,35,0) -> 2 | P73: =+N73+O73 -> 14 | R73: 500000 | S73: =ROUND((N73*(46.1*$E$10))+(O73*(76.9*$E$10))+(P73*20000)+(Q73*30.7*$E$10),0)+R73-0.4 -> 1243650.6 | T73: =+G73+M73+S73 -> 1445597.6 | W73: =+T73-U73 -> 1445597.6
A74: 57 | C74: Nàng Tịa | D74: CNKT | G74: =ROUND(F74*25000,0) -> 0 | H74: =+VLOOKUP(C74,'Mủ CN (TT)'!C68:AI101,33,0) -> 100 | J74: =+VLOOKUP(C74,'Mủ CN (TT)'!C68:AK145,35,0) -> 57.563979 | K74: 56.721323 | L74: =+VLOOKUP(C74,'Mủ CN (TT)'!C68:AL145,36,0) -> A | M74: =ROUND(J74*IF(L74="A",(6.1*$E$12),IF(L74="B",(5.8*$E$12),IF(L74="C",(5.5*$E$12),IF(L74="D",(5.2*$E$12))))),0) -> 226907 | N74: =+VLOOKUP(C74,'Chấm công CN'!$B$47:$AJ$89,34,0) -> 12 | O74: =+VLOOKUP(C74,'Chấm công CN'!B69:AJ111,35,0) -> 2 | P74: =+N74+O74 -> 14 | R74: 500000 | S74: =ROUND((N74*(46.1*$E$10))+(O74*(76.9*$E$10))+(P74*20000)+(Q74*30.7*$E$10),0)+R74-0.4 -> 1243650.6 | T74: =+G74+M74+S74 -> 1470557.6 | W74: =+T74-U74 -> 1470557.6
A75: 58 | C75: Thảo Tý | D75: CNKT | G75: =ROUND(F75*25000,0) -> 0 | H75: =+VLOOKUP(C75,'Mủ CN (TT)'!C69:AI102,33,0) -> 200 | J75: =+VLOOKUP(C75,'Mủ CN (TT)'!C69:AK146,35,0) -> 115.12796 | K75: 113.44265 | L75: =+VLOOKUP(C75,'Mủ CN (TT)'!C69:AL146,36,0) -> A | M75: =ROUND(J75*IF(L75="A",(6.1*$E$12),IF(L75="B",(5.8*$E$12),IF(L75="C",(5.5*$E$12),IF(L75="D",(5.2*$E$12))))),0) -> 453814 | N75: =+VLOOKUP(C75,'Chấm công CN'!$B$47:$AJ$89,34,0) -> 14 | O75: =+VLOOKUP(C75,'Chấm công CN'!B70:AJ112,35,0) -> 3 | P75: =+N75+O75 -> 17 | R75: 500000 | S75: =ROUND((N75*(46.1*$E$10))+(O75*(76.9*$E$10))+(P75*20000)+(Q75*30.7*$E$10),0)+R75+0.38 -> 1414546.4 | T75: =+G75+M75+S75 -> 1868360.4 | W75: =+T75-U75 -> 1868360.4
A76: 59 | C76: Nàng Lếc | D76: CNKT | G76: =ROUND(F76*25000,0) -> 0 | H76: =+VLOOKUP(C76,'Mủ CN (TT)'!C70:AI103,33,0) -> 208 | J76: =+VLOOKUP(C76,'Mủ CN (TT)'!C70:AK147,35,0) -> 119.73308 | K76: 117.98035 | L76: =+VLOOKUP(C76,'Mủ CN (TT)'!C70:AL147,36,0) -> A | M76: =ROUND(J76*IF(L76="A",(6.1*$E$12),IF(L76="B",(5.8*$E$12),IF(L76="C",(5.5*$E$12),IF(L76="D",(5.2*$E$12))))),0) -> 471966 | N76: =+VLOOKUP(C76,'Chấm công CN'!$B$47:$AJ$89,34,0) -> 15 | O76: =+VLOOKUP(C76,'Chấm công CN'!B71:AJ113,35,0) -> 3 | P76: =+N76+O76 -> 18 | R76: 500000 | S76: =ROUND((N76*(46.1*$E$10))+(O76*(76.9*$E$10))+(P76*20000)+(Q76*30.7*$E$10),0)+R76-0.24 -> 1464778.8 | T76: =+G76+M76+S76 -> 1936744.8 | W76: =+T76-U76 -> 1936744.8
A77: 60 | C77: Nàng Veo | D77: CNKT | G77: =ROUND(F77*25000,0) -> 0 | H77: =+VLOOKUP(C77,'Mủ CN (TT)'!C71:AI104,33,0) -> 118 | J77: =+VLOOKUP(C77,'Mủ CN (TT)'!C71:AK148,35,0) -> 67.925495 | K77: 66.931161 | L77: =+VLOOKUP(C77,'Mủ CN (TT)'!C71:AL148,36,0) -> A | M77: =ROUND(J77*IF(L77="A",(6.1*$E$12),IF(L77="B",(5.8*$E$12),IF(L77="C",(5.5*$E$12),IF(L77="D",(5.2*$E$12))))),0) -> 267750 | N77: =+VLOOKUP(C77,'Chấm công CN'!$B$47:$AJ$89,34,0) -> 15 | O77: =+VLOOKUP(C77,'Chấm công CN'!B72:AJ114,35,0) -> 3 | P77: =+N77+O77 -> 18 | R77: 500000 | S77: =ROUND((N77*(46.1*$E$10))+(O77*(76.9*$E$10))+(P77*20000)+(Q77*30.7*$E$10),0)+R77-0.24 -> 1464778.8 | T77: =+G77+M77+S77 -> 1732528.8 | W77: =+T77-U77 -> 1732528.8
A78: 61 | C78: Thảo Chọi | D78: CNKT | G78: =ROUND(F78*25000,0) -> 0 | H78: =+VLOOKUP(C78,'Mủ CN (TT)'!C72:AI105,33,0) -> 124 | J78: =+VLOOKUP(C78,'Mủ CN (TT)'!C72:AK149,35,0) -> 71.379334 | K78: 70.33444 | L78: =+VLOOKUP(C78,'Mủ CN (TT)'!C72:AL149,36,0) -> A | M78: =ROUND(J78*IF(L78="A",(6.1*$E$12),IF(L78="B",(5.8*$E$12),IF(L78="C",(5.5*$E$12),IF(L78="D",(5.2*$E$12))))),0) -> 281364 | N78: =+VLOOKUP(C78,'Chấm công CN'!$B$47:$AJ$89,34,0) -> 14 | O78: =+VLOOKUP(C78,'Chấm công CN'!B73:AJ115,35,0) -> 3 | P78: =+N78+O78 -> 17 | R78: 500000 | S78: =ROUND((N78*(46.1*$E$10))+(O78*(76.9*$E$10))+(P78*20000)+(Q78*30.7*$E$10),0)+R78+0.38 -> 1414546.4 | T78: =+G78+M78+S78 -> 1695910.4 | W78: =+T78-U78 -> 1695910.4
A79: 62 | C79: Nàng Nọi | D79: CNKT | G79: =ROUND(F79*25000,0) -> 0 | H79: =+VLOOKUP(C79,'Mủ CN (TT)'!C73:AI106,33,0) -> 162 | J79: =+VLOOKUP(C79,'Mủ CN (TT)'!C73:AK150,35,0) -> 93.253646 | K79: 91.888543 | L79: =+VLOOKUP(C79,'Mủ CN (TT)'!C73:AL150,36,0) -> A | M79: =ROUND(J79*IF(L79="A",(6.1*$E$12),IF(L79="B",(5.8*$E$12),IF(L79="C",(5.5*$E$12),IF(L79="D",(5.2*$E$12))))),0) -> 367589 | N79: =+VLOOKUP(C79,'Chấm công CN'!$B$47:$AJ$89,34,0) -> 15 | O79: =+VLOOKUP(C79,'Chấm công CN'!B74:AJ116,35,0) -> 3 | P79: =+N79+O79 -> 18 | R79: 500000 | S79: =ROUND((N79*(46.1*$E$10))+(O79*(76.9*$E$10))+(P79*20000)+(Q79*30.7*$E$10),0)+R79-0.24 -> 1464778.8 | T79: =+G79+M79+S79 -> 1832367.8 | W79: =+T79-U79 -> 1832367.8
A80: 63 | C80: Thảo Uổn | D80: CNKT | G80: =ROUND(F80*25000,0) -> 0 | H80: =+VLOOKUP(C80,'Mủ CN (TT)'!C74:AI107,33,0) -> 156 | J80: =+VLOOKUP(C80,'Mủ CN (TT)'!C74:AK151,35,0) -> 89.799807 | K80: 88.485263 | L80: =+VLOOKUP(C80,'Mủ CN (TT)'!C74:AL151,36,0) -> A | M80: =ROUND(J80*IF(L80="A",(6.1*$E$12),IF(L80="B",(5.8*$E$12),IF(L80="C",(5.5*$E$12),IF(L80="D",(5.2*$E$12))))),0) -> 353975 | N80: =+VLOOKUP(C80,'Chấm công CN'!$B$47:$AJ$89,34,0) -> 15 | O80: =+VLOOKUP(C80,'Chấm công CN'!B75:AJ117,35,0) -> 3 | P80: =+N80+O80 -> 18 | R80: 500000 | S80: =ROUND((N80*(46.1*$E$10))+(O80*(76.9*$E$10))+(P80*20000)+(Q80*30.7*$E$10),0)+R80-0.24 -> 1464778.8 | T80: =+G80+M80+S80 -> 1818753.8 | W80: =+T80-U80 -> 1818753.8
A81: 64 | C81: Nàng Văn | D81: CNKT | G81: =ROUND(F81*25000,0) -> 0 | H81: =+VLOOKUP(C81,'Mủ CN (TT)'!C75:AI108,33,0) -> 223 | J81: =+VLOOKUP(C81,'Mủ CN (TT)'!C75:AK152,35,0) -> 128.36767 | K81: 126.48855 | L81: =+VLOOKUP(C81,'Mủ CN (TT)'!C75:AL152,36,0) -> A | M81: =ROUND(J81*IF(L81="A",(6.1*$E$12),IF(L81="B",(5.8*$E$12),IF(L81="C",(5.5*$E$12),IF(L81="D",(5.2*$E$12))))),0) -> 506002 | N81: =+VLOOKUP(C81,'Chấm công CN'!$B$47:$AJ$89,34,0) -> 15 | O81: =+VLOOKUP(C81,'Chấm công CN'!B76:AJ118,35,0) -> 3 | P81: =+N81+O81 -> 18 | R81: 500000 | S81: =ROUND((N81*(46.1*$E$10))+(O81*(76.9*$E$10))+(P81*20000)+(Q81*30.7*$E$10),0)+R81-0.24 -> 1464778.8 | T81: =+G81+M81+S81 -> 1970780.8 | W81: =+T81-U81 -> 1970780.8
A82: 65 | C82: Thảo Chòi | D82: CNKT | G82: =ROUND(F82*25000,0) -> 0 | H82: =+VLOOKUP(C82,'Mủ CN (TT)'!C76:AI109,33,0) -> 167 | J82: =+VLOOKUP(C82,'Mủ CN (TT)'!C76:AK153,35,0) -> 96.131845 | K82: 94.724609 | L82: =+VLOOKUP(C82,'Mủ CN (TT)'!C76:AL153,36,0) -> A | M82: =ROUND(J82*IF(L82="A",(6.1*$E$12),IF(L82="B",(5.8*$E$12),IF(L82="C",(5.5*$E$12),IF(L82="D",(5.2*$E$12))))),0) -> 378934 | N82: =+VLOOKUP(C82,'Chấm công CN'!$B$47:$AJ$89,34,0) -> 15 | O82: =+VLOOKUP(C82,'Chấm công CN'!B77:AJ119,35,0) -> 3 | P82: =+N82+O82 -> 18 | R82: 500000 | S82: =ROUND((N82*(46.1*$E$10))+(O82*(76.9*$E$10))+(P82*20000)+(Q82*30.7*$E$10),0)+R82-0.24 -> 1464778.8 | T82: =+G82+M82+S82 -> 1843712.8 | W82: =+T82-U82 -> 1843712.8
A83: 66 | C83: Thảo Chanh | D83: CNKT | G83: =ROUND(F83*25000,0) -> 0 | H83: =+VLOOKUP(C83,'Mủ CN (TT)'!C77:AI110,33,0) -> 153 | J83: =+VLOOKUP(C83,'Mủ CN (TT)'!C77:AK154,35,0) -> 88.072888 | K83: 86.783624 | L83: =+VLOOKUP(C83,'Mủ CN (TT)'!C77:AL154,36,0) -> A | M83: =ROUND(J83*IF(L83="A",(6.1*$E$12),IF(L83="B",(5.8*$E$12),IF(L83="C",(5.5*$E$12),IF(L83="D",(5.2*$E$12))))),0) -> 347167 | N83: =+VLOOKUP(C83,'Chấm công CN'!$B$47:$AJ$89,34,0) -> 15 | O83: =+VLOOKUP(C83,'Chấm công CN'!B78:AJ120,35,0) -> 3 | P83: =+N83+O83 -> 18 | R83: 500000 | S83: =ROUND((N83*(46.1*$E$10))+(O83*(76.9*$E$10))+(P83*20000)+(Q83*30.7*$E$10),0)+R83-0.24 -> 1464778.8 | T83: =+G83+M83+S83 -> 1811945.8 | W83: =+T83-U83 -> 1811945.8
A84: 67 | C84: Thảo Sa | D84: CNKT | G84: =ROUND(F84*25000,0) -> 0 | H84: =+VLOOKUP(C84,'Mủ CN (TT)'!C78:AI111,33,0) -> 162 | J84: =+VLOOKUP(C84,'Mủ CN (TT)'!C78:AK155,35,0) -> 93.253646 | K84: 91.888543 | L84: =+VLOOKUP(C84,'Mủ CN (TT)'!C78:AL155,36,0) -> A | M84: =ROUND(J84*IF(L84="A",(6.1*$E$12),IF(L84="B",(5.8*$E$12),IF(L84="C",(5.5*$E$12),IF(L84="D",(5.2*$E$12))))),0) -> 367589 | N84: =+VLOOKUP(C84,'Chấm công CN'!$B$47:$AJ$89,34,0) -> 15 | O84: =+VLOOKUP(C84,'Chấm công CN'!B79:AJ121,35,0) -> 3 | P84: =+N84+O84 -> 18 | R84: 500000 | S84: =ROUND((N84*(46.1*$E$10))+(O84*(76.9*$E$10))+(P84*20000)+(Q84*30.7*$E$10),0)+R84-0.24 -> 1464778.8 | T84: =+G84+M84+S84 -> 1832367.8 | W84: =+T84-U84 -> 1832367.8
A85: 68 | C85: Nàng Phôn | D85: CNKT | G85: =ROUND(F85*25000,0) -> 0 | H85: =+VLOOKUP(C85,'Mủ CN (TT)'!C79:AI112,33,0) -> 147 | J85: =+VLOOKUP(C85,'Mủ CN (TT)'!C79:AK156,35,0) -> 84.619049 | K85: 83.380344 | L85: =+VLOOKUP(C85,'Mủ CN (TT)'!C79:AL156,36,0) -> A | M85: =ROUND(J85*IF(L85="A",(6.1*$E$12),IF(L85="B",(5.8*$E$12),IF(L85="C",(5.5*$E$12),IF(L85="D",(5.2*$E$12))))),0) -> 333553 | N85: =+VLOOKUP(C85,'Chấm công CN'!$B$47:$AJ$89,34,0) -> 15 | O85: =+VLOOKUP(C85,'Chấm công CN'!B80:AJ122,35,0) -> 3 | P85: =+N85+O85 -> 18 | R85: 500000 | S85: =ROUND((N85*(46.1*$E$10))+(O85*(76.9*$E$10))+(P85*20000)+(Q85*30.7*$E$10),0)+R85-0.24 -> 1464778.8 | T85: =+G85+M85+S85 -> 1798331.8 | W85: =+T85-U85 -> 1798331.8
A86: 69 | C86: Thảo Mon | D86: CNKT | G86: =ROUND(F86*25000,0) -> 0 | H86: =+VLOOKUP(C86,'Mủ CN (TT)'!C80:AI113,33,0) -> 152 | J86: =+VLOOKUP(C86,'Mủ CN (TT)'!C80:AK157,35,0) -> 87.497248 | K86: 86.21641 | L86: =+VLOOKUP(C86,'Mủ CN (TT)'!C80:AL157,36,0) -> A | M86: =ROUND(J86*IF(L86="A",(6.1*$E$12),IF(L86="B",(5.8*$E$12),IF(L86="C",(5.5*$E$12),IF(L86="D",(5.2*$E$12))))),0) -> 344898 | N86: =+VLOOKUP(C86,'Chấm công CN'!$B$47:$AJ$89,34,0) -> 15 | O86: =+VLOOKUP(C86,'Chấm công CN'!B81:AJ123,35,0) -> 3 | P86: =+N86+O86 -> 18 | R86: 500000 | S86: =ROUND((N86*(46.1*$E$10))+(O86*(76.9*$E$10))+(P86*20000)+(Q86*30.7*$E$10),0)+R86-0.24 -> 1464778.8 | T86: =+G86+M86+S86 -> 1809676.8 | W86: =+T86-U86 -> 1809676.8
A87: 70 | C87: Thảo Vông Xay | D87: CNKT | G87: =ROUND(F87*25000,0) -> 0 | H87: =+VLOOKUP(C87,'Mủ CN (TT)'!C81:AI114,33,0) -> 189 | J87: =+VLOOKUP(C87,'Mủ CN (TT)'!C81:AK158,35,0) -> 108.79592 | K87: 107.2033 | L87: =+VLOOKUP(C87,'Mủ CN (TT)'!C81:AL158,36,0) -> A | M87: =ROUND(J87*IF(L87="A",(6.1*$E$12),IF(L87="B",(5.8*$E$12),IF(L87="C",(5.5*$E$12),IF(L87="D",(5.2*$E$12))))),0) -> 428854 | N87: =+VLOOKUP(C87,'Chấm công CN'!$B$47:$AJ$89,34,0) -> 15 | O87: =+VLOOKUP(C87,'Chấm công CN'!B82:AJ124,35,0) -> 3 | P87: =+N87+O87 -> 18 | R87: 500000 | S87: =ROUND((N87*(46.1*$E$10))+(O87*(76.9*$E$10))+(P87*20000)+(Q87*30.7*$E$10),0)+R87-0.24 -> 1464778.8 | T87: =+G87+M87+S87 -> 1893632.8 | W87: =+T87-U87 -> 1893632.8
A88: 71 | C88: Nàng Lun | D88: CNKT | G88: =ROUND(F88*25000,0) -> 0 | H88: =+VLOOKUP(C88,'Mủ CN (TT)'!C82:AI115,33,0) -> 200 | J88: =+VLOOKUP(C88,'Mủ CN (TT)'!C82:AK159,35,0) -> 115.12796 | K88: 113.44265 | L88: =+VLOOKUP(C88,'Mủ CN (TT)'!C82:AL159,36,0) -> A | M88: =ROUND(J88*IF(L88="A",(6.1*$E$12),IF(L88="B",(5.8*$E$12),IF(L88="C",(5.5*$E$12),IF(L88="D",(5.2*$E$12))))),0) -> 453814 | N88: =+VLOOKUP(C88,'Chấm công CN'!$B$47:$AJ$89,34,0) -> 13 | O88: =+VLOOKUP(C88,'Chấm công CN'!B83:AJ125,35,0) -> 3 | P88: =+N88+O88 -> 16 | R88: 500000 | S88: =ROUND((N88*(46.1*$E$10))+(O88*(76.9*$E$10))+(P88*20000)+(Q88*30.7*$E$10),0)+R88 -> 1364314 | T88: =+G88+M88+S88 -> 1818128 | W88: =+T88-U88 -> 1818128
A89: 72 | C89: Thảo Vong | D89: CNKT | G89: =ROUND(F89*25000,0) -> 0 | H89: =+VLOOKUP(C89,'Mủ CN (TT)'!C83:AI116,33,0) -> 165 | J89: =+VLOOKUP(C89,'Mủ CN (TT)'!C83:AK160,35,0) -> 94.980566 | K89: 93.590182 | L89: =+VLOOKUP(C89,'Mủ CN (TT)'!C83:AL160,36,0) -> A | M89: =ROUND(J89*IF(L89="A",(6.1*$E$12),IF(L89="B",(5.8*$E$12),IF(L89="C",(5.5*$E$12),IF(L89="D",(5.2*$E$12))))),0) -> 374396 | N89: =+VLOOKUP(C89,'Chấm công CN'!$B$47:$AJ$89,34,0) -> 12 | O89: =+VLOOKUP(C89,'Chấm công CN'!B84:AJ126,35,0) -> 2 | P89: =+N89+O89 -> 14 | Q89: =+VLOOKUP(C89,'Phụ cấp cây non'!B12:AI17,34,0) -> 14 | R89: 500000 | S89: =ROUND((N89*(46.1*$E$10))+(O89*(76.9*$E$10))+(P89*20000)+(Q89*30.7*$E$10),0)+R89+0.44 -> 1525513.4 | T89: =+G89+M89+S89 -> 1899909.4 | W89: =+T89-U89 -> 1899909.4
A90: 73 | C90: Nàng Veng | D90: CNKT | G90: =ROUND(F90*25000,0) -> 0 | H90: =+VLOOKUP(C90,'Mủ CN (TT)'!C84:AI117,33,0) -> 169 | J90: =+VLOOKUP(C90,'Mủ CN (TT)'!C84:AK161,35,0) -> 97.283125 | K90: 95.859035 | L90: =+VLOOKUP(C90,'Mủ CN (TT)'!C84:AL161,36,0) -> A | M90: =ROUND(J90*IF(L90="A",(6.1*$E$12),IF(L90="B",(5.8*$E$12),IF(L90="C",(5.5*$E$12),IF(L90="D",(5.2*$E$12))))),0) -> 383473 | N90: =+VLOOKUP(C90,'Chấm công CN'!$B$47:$AJ$89,34,0) -> 12 | O90: =+VLOOKUP(C90,'Chấm công CN'!B85:AJ127,35,0) -> 2 | P90: =+N90+O90 -> 14 | Q90: =+VLOOKUP(C90,'Phụ cấp cây non'!B13:AI18,34,0) -> 14 | R90: 500000 | S90: =ROUND((N90*(46.1*$E$10))+(O90*(76.9*$E$10))+(P90*20000)+(Q90*30.7*$E$10),0)+R90+0.44 -> 1525513.4 | T90: =+G90+M90+S90 -> 1908986.4 | W90: =+T90-U90 -> 1908986.4
A91: 74 | C91: Thảo Đuông Chăn | D91: CNKT | G91: =ROUND(F91*25000,0) -> 0 | H91: =+VLOOKUP(C91,'Mủ CN (TT)'!C85:AI118,33,0) -> 117 | J91: =+VLOOKUP(C91,'Mủ CN (TT)'!C85:AK162,35,0) -> 67.349856 | K91: 66.363947 | L91: =+VLOOKUP(C91,'Mủ CN (TT)'!C85:AL162,36,0) -> A | M91: =ROUND(J91*IF(L91="A",(6.1*$E$12),IF(L91="B",(5.8*$E$12),IF(L91="C",(5.5*$E$12),IF(L91="D",(5.2*$E$12))))),0) -> 265481 | N91: =+VLOOKUP(C91,'Chấm công CN'!$B$47:$AJ$89,34,0) -> 12 | O91: =+VLOOKUP(C91,'Chấm công CN'!B86:AJ128,35,0) -> 2 | P91: =+N91+O91 -> 14 | Q91: =+VLOOKUP(C91,'Phụ cấp cây non'!B14:AI19,34,0) -> 14 | R91: 500000 | S91: =ROUND((N91*(46.1*$E$10))+(O91*(76.9*$E$10))+(P91*20000)+(Q91*30.7*$E$10),0)+R91+0.44 -> 1525513.4 | T91: =+G91+M91+S91 -> 1790994.4 | W91: =+T91-U91 -> 1790994.4
A92: 75 | C92: Nàng Peng | D92: CNKT | G92: =ROUND(F92*25000,0) -> 0 | H92: =+VLOOKUP(C92,'Mủ CN (TT)'!C86:AI119,33,0) -> 110 | J92: =+VLOOKUP(C92,'Mủ CN (TT)'!C86:AK163,35,0) -> 63.320377 | K92: 62.393455 | L92: =+VLOOKUP(C92,'Mủ CN (TT)'!C86:AL163,36,0) -> A | M92: =ROUND(J92*IF(L92="A",(6.1*$E$12),IF(L92="B",(5.8*$E$12),IF(L92="C",(5.5*$E$12),IF(L92="D",(5.2*$E$12))))),0) -> 249598 | N92: =+VLOOKUP(C92,'Chấm công CN'!$B$47:$AJ$89,34,0) -> 12 | O92: =+VLOOKUP(C92,'Chấm công CN'!B87:AJ129,35,0) -> 2 | P92: =+N92+O92 -> 14 | Q92: =+VLOOKUP(C92,'Phụ cấp cây non'!B15:AI20,34,0) -> 14 | R92: 500000 | S92: =ROUND((N92*(46.1*$E$10))+(O92*(76.9*$E$10))+(P92*20000)+(Q92*30.7*$E$10),0)+R92+0.44 -> 1525513.4 | T92: =+G92+M92+S92 -> 1775111.4 | W92: =+T92-U92 -> 1775111.4
A93: 76 | C93: Thảo Xay Tho | D93: CNKT | G93: =ROUND(F93*25000,0) -> 0 | H93: =+VLOOKUP(C93,'Mủ CN (TT)'!C87:AI120,33,0) -> 0 | J93: =+VLOOKUP(C93,'Mủ CN (TT)'!C87:AK164,35,0) -> 0 | K93: 0 | L93: =+VLOOKUP(C93,'Mủ CN (TT)'!C87:AL164,36,0) -> A | M93: =ROUND(J93*IF(L93="A",(6.1*$E$12),IF(L93="B",(5.8*$E$12),IF(L93="C",(5.5*$E$12),IF(L93="D",(5.2*$E$12))))),0) -> 0 | N93: =+VLOOKUP(C93,'Chấm công CN'!$B$47:$AJ$89,34,0) -> 5 | O93: =+VLOOKUP(C93,'Chấm công CN'!B88:AJ130,35,0) -> 1 | P93: =+N93+O93 -> 6 | Q93: =+VLOOKUP(C93,'Phụ cấp cây non'!B16:AI21,34,0) -> 6 | R93: 500000 | S93: =ROUND((N93*(46.1*$E$10))+(O93*(76.9*$E$10))+(P93*20000)+(Q93*30.7*$E$10),0)+R93+0.28 -> 942391.28 | T93: =+G93+M93+S93 -> 942391.28 | V93: 500000 | W93: =+T93-U93-V93 -> 442391.28
A94: 77 | C94: Nàng Xia Lô | D94: CNKT | G94: =ROUND(F94*25000,0) -> 0 | H94: =+VLOOKUP(C94,'Mủ CN (TT)'!C88:AI121,33,0) -> 0 | J94: =+VLOOKUP(C94,'Mủ CN (TT)'!C88:AK165,35,0) -> 0 | K94: 0 | L94: =+VLOOKUP(C94,'Mủ CN (TT)'!C88:AL165,36,0) -> A | M94: =ROUND(J94*IF(L94="A",(6.1*$E$12),IF(L94="B",(5.8*$E$12),IF(L94="C",(5.5*$E$12),IF(L94="D",(5.2*$E$12))))),0) -> 0 | N94: =+VLOOKUP(C94,'Chấm công CN'!$B$47:$AJ$89,34,0) -> 5 | O94: =+VLOOKUP(C94,'Chấm công CN'!B89:AJ131,35,0) -> 1 | P94: =+N94+O94 -> 6 | Q94: =+VLOOKUP(C94,'Phụ cấp cây non'!B17:AI22,34,0) -> 6 | R94: 500000 | S94: =ROUND((N94*(46.1*$E$10))+(O94*(76.9*$E$10))+(P94*20000)+(Q94*30.7*$E$10),0)+R94+0.28 -> 942391.28 | T94: =+G94+M94+S94 -> 942391.28 | V94: 500000 | W94: =+T94-U94-V94 -> 442391.28
A95: 78 | C95: Thảo Sơm Chay | D95: CNK | G95: =ROUND(F95*25000,0) -> 0 | H95: 0 | J95: 0 | L95: 0 | M95: =ROUND(J95*IF(L95="A",(6.1*$E$12),IF(L95="B",(5.8*$E$12),IF(L95="C",(5.5*$E$12),IF(L95="D",(5.2*$E$12))))),0) -> 0 | N95: 0 | O95: 0 | S95: =ROUND((N95*(46.1*$E$12))+(O95*(76.9*$E$12))+(P95*20000)+(Q95*30.7*$E$12),0) -> 0 | T95: =+G95+M95+S95 -> 0 | V95: 0 | W95: =+T95-V95 -> 0
A96: 79 | C96: Thảo Lắc | D96: CNK | G96: =ROUND(F96*25000,0) -> 0 | H96: 0 | J96: 0 | L96: 0 | M96: =ROUND(J96*IF(L96="A",(6.1*$E$12),IF(L96="B",(5.8*$E$12),IF(L96="C",(5.5*$E$12),IF(L96="D",(5.2*$E$12))))),0) -> 0 | N96: 0 | O96: 0 | S96: =ROUND((N96*(46.1*$E$12))+(O96*(76.9*$E$12))+(P96*20000)+(Q96*30.7*$E$12),0) -> 0 | T96: =+G96+M96+S96 -> 0 | V96: 0 | W96: =+T96-V96 -> 0
A97: 80 | C97: A xệt | D97: CNK | G97: =ROUND(F97*25000,0) -> 0 | H97: 0 | J97: 0 | L97: 0 | M97: =ROUND(J97*IF(L97="A",(6.1*$E$12),IF(L97="B",(5.8*$E$12),IF(L97="C",(5.5*$E$12),IF(L97="D",(5.2*$E$12))))),0) -> 0 | N97: 0 | O97: 0 | S97: =ROUND((N97*(46.1*$E$12))+(O97*(76.9*$E$12))+(P97*20000)+(Q97*30.7*$E$12),0) -> 0 | T97: =+G97+M97+S97 -> 0 | V97: 0 | W97: =+T97-V97 -> 0
A98: 81 | C98: Phò Văn | D98: CNK | G98: =ROUND(F98*25000,0) -> 0 | H98: 0 | J98: 0 | L98: 0 | M98: =ROUND(J98*IF(L98="A",(6.1*$E$12),IF(L98="B",(5.8*$E$12),IF(L98="C",(5.5*$E$12),IF(L98="D",(5.2*$E$12))))),0) -> 0 | N98: 0 | O98: 0 | S98: =ROUND((N98*(46.1*$E$12))+(O98*(76.9*$E$12))+(P98*20000)+(Q98*30.7*$E$12),0) -> 0 | T98: =+G98+M98+S98 -> 0 | V98: 0 | W98: =+T98-V98 -> 0
A99: 82 | C99: Nguyễn Phú Cường | D99: CNK | G99: =ROUND(F99*25000,0) -> 0 | H99: 0 | J99: 0 | L99: 0 | M99: =ROUND(J99*IF(L99="A",(6.1*$E$12),IF(L99="B",(5.8*$E$12),IF(L99="C",(5.5*$E$12),IF(L99="D",(5.2*$E$12))))),0) -> 0 | N99: 0 | O99: 0 | S99: =ROUND((N99*(46.1*$E$12))+(O99*(76.9*$E$12))+(P99*20000)+(Q99*30.7*$E$12),0) -> 0 | T99: =+G99+M99+S99 -> 0 | V99: 0 | W99: =+T99-V99 -> 0
A100: Tổng cộng | F100: =+SUBTOTAL(9,F18:F99) -> 0 | G100: =+SUBTOTAL(9,G18:G99) -> 0 | H100: =+SUBTOTAL(9,H18:H99) -> 8354 | I100: =+SUBTOTAL(9,I18:I99) -> 0 | J100: =+SUBTOTAL(9,J18:J99) -> 4802.504 | K100: =+SUBTOTAL(9,K18:K99) -> 4732.202 | L100: =+SUBTOTAL(9,L18:L99) -> 0 | M100: =+SUBTOTAL(9,M18:M99) -> 18930603 | ... X100: =+SUBTOTAL(9,X18:X99) -> 0
A101: Bằng chữ : Ba trăm linh bảy triệu, không trăm hai mươi sáu nghìn, chín trăm năm mươi tám kíp
T103: Huyện Noong, ngày 01 tháng 04 năm 2025
A106: PHÒNG TC - KT | E106: PHÒNG TC -HC | G106: GIÁM ĐỐC NT | M106: 18930603 | N106: NÔNG TRƯỜNG 3 | T106: NGƯỜI LẬP
M108: =+M100+'Đội 2'!M104+'Đội 3'!M47 -> 40288061
M109: =+'PHAN TOAN'!G16 -> 40288061
M110: =+M108-M109 -> 0
C153: =#REF!+#REF!+#REF!+#REF! -> #REF! | F153: Đội 1,2 3 | G153: =SUMIF(L95:L100,"A",J95:J100) -> 0 | J153: =G153*2500 -> 0 | O153: =7.2+0.6+21+5+70 -> 103.8
G154: =SUMIF(L95:L100,"B",J95:J100) -> 0 | J154: =G154*2400 -> 0
...

Sheet Đội 2
A2: CỘNG HÒA DÂN CHỦ NHÂN DÂN LÀO
A3: Hòa Bình - Độc Lập - Dân Chủ - Thống Nhất - Thịnh Vượng
A4: -----o0o-----
A6: CÔNG TY TNHH CỔ PHẦN QUASA - GERUCO LÀO
A7: NÔNG TRƯỜNG CAO SU SỐ 3
A9: BẢNG LƯƠNG KHAI THÁC ĐỘI 2 THÁNG 04 NĂM 2025
E11: =+'Đội 1'!E10 -> 655.8 | X11: ='[3]Bảng CC vn'!AK10 -> 25 | Z11: =306516-30 -> 306486
C12: Tỷ giá Bath qua Kip: | E12: 646.2 | V12: ĐVT: Kip
A13: STT/mã cn | B13: Mã số nhân viên | C13: Họ và tên | D13: Chức vụ | E13: Ký nhận | F13: LƯƠNG | S13: Tổng tiền lương | T13: Thuế TNCN | U13: Đã chi trả tiền lương hằng ngày | V13: Tiền lương còn lại | W13: Ghi chú | X13: Tạp Đội 1 | Y13: Quy khô | Z13: DRC
F14: Lương chăm sóc (25.000 kíp/ công) | H14: Lương sản lượng | N14: Lương ngày công đi cạo | X14: 5050 | Y14: 2929.44 | Z14: =+Y14/X14 -> 0.58008713
X15: 868 | Y15: 509.94303 | Z15: =+Y15/X15 -> 0.58749197 | AA15: 90 | AB15: 51.874396 | AC15: 46.686957
F16: Ngày công | G16: Thành tiền | H16: Mủ tạp (kg) | I16: Mủ serum | J16: Mủ quy khô ( Kg) | K16: Mủ quy khô ( Kg) | L16: Hạng kỹ thuật | M16: Thành tiền | N16: Phụ cấp ngày công | O16: Phụ cấp ngày công chủ nhật | P16: Phụ cấp khó khăn | Q16: Phụ cấp xã cạo | R16: Thành tiền | X16: =+X14+X15 -> 5918 | Y16: =+Y14+Y15 -> 3439.383
X17: 80k | Y17: hoc cạo | Z17: Xã cạo
A18: 1 | C18: Viêng | D18: CNKT | G18: =ROUND(F18*25000,0) -> 0 | H18: =+VLOOKUP(C18,'Mủ CN (TT)'!C91:AI152,33,0) -> 59 | J18: =+VLOOKUP(C18,'Mủ CN (TT)'!C91:AK152,35,0) -> 34.225141 | K18: 33.724132 | L18: =+VLOOKUP(C18,'Mủ CN (TT)'!C91:AL152,36,0) -> A | M18: =ROUND(J18*IF(L18="A",(6.1*$E$12),IF(L18="B",(5.8*$E$12),IF(L18="C",(5.5*$E$12),IF(L18="D",(5.2*$E$12))))),0) -> 134909 | N18: =+VLOOKUP(C18,'Chấm công CN'!B91:AJ152,34,0) -> 10 | O18: =+VLOOKUP(C18,'Chấm công CN'!B91:AJ152,35,0) -> 2 | P18: =+N18+O18 -> 12 | Q18: 500000 | R18: =ROUND((N18*(46.1*$E$11))+(O18*(76.9*$E$11))+(P18*20000),0)+Q18-0.16 -> 1143185.8 | S18: =+G18+M18+R18 -> 1278094.8 | V18: =+S18-T18 -> 1278094.8
A19: 2 | C19: Đặm | D19: CNKT | G19: =ROUND(F19*25000,0) -> 0 | H19: =+VLOOKUP(C19,'Mủ CN (TT)'!C92:AI153,33,0) -> 65 | J19: =+VLOOKUP(C19,'Mủ CN (TT)'!C92:AK153,35,0) -> 37.705663 | K19: 37.153705 | L19: =+VLOOKUP(C19,'Mủ CN (TT)'!C92:AL153,36,0) -> A | M19: =ROUND(J19*IF(L19="A",(6.1*$E$12),IF(L19="B",(5.8*$E$12),IF(L19="C",(5.5*$E$12),IF(L19="D",(5.2*$E$12))))),0) -> 148629 | N19: =+VLOOKUP(C19,'Chấm công CN'!B92:AJ153,34,0) -> 10 | O19: =+VLOOKUP(C19,'Chấm công CN'!B92:AJ153,35,0) -> 2 | P19: =+N19+O19 -> 12 | Q19: 500000 | R19: =ROUND((N19*(46.1*$E$11))+(O19*(76.9*$E$11))+(P19*20000),0)+Q19-0.16 -> 1143185.8 | S19: =+G19+M19+R19 -> 1291814.8 | V19: =+S19-T19 -> 1291814.8
A20: 3 | C20: Nhui | D20: CNKT | G20: =ROUND(F20*25000,0) -> 0 | H20: =+VLOOKUP(C20,'Mủ CN (TT)'!C93:AI154,33,0) -> 61 | J20: =+VLOOKUP(C20,'Mủ CN (TT)'!C93:AK154,35,0) -> 35.385315 | K20: 34.867323 | L20: =+VLOOKUP(C20,'Mủ CN (TT)'!C93:AL154,36,0) -> A | M20: =ROUND(J20*IF(L20="A",(6.1*$E$12),IF(L20="B",(5.8*$E$12),IF(L20="C",(5.5*$E$12),IF(L20="D",(5.2*$E$12))))),0) -> 139483 | N20: =+VLOOKUP(C20,'Chấm công CN'!B93:AJ154,34,0) -> 14 | O20: =+VLOOKUP(C20,'Chấm công CN'!B93:AJ154,35,0) -> 3 | P20: =+N20+O20 -> 17 | Q20: 500000 | R20: =ROUND((N20*(46.1*$E$11))+(O20*(76.9*$E$11))+(P20*20000),0)+Q20+0.38 -> 1414546.4 | S20: =+G20+M20+R20 -> 1554029.4 | V20: =+S20-T20 -> 1554029.4
A21: 4 | C21: Nàng ny | D21: CNKT | G21: =ROUND(F21*25000,0) -> 0 | H21: =+VLOOKUP(C21,'Mủ CN (TT)'!C94:AI155,33,0) -> 61 | J21: =+VLOOKUP(C21,'Mủ CN (TT)'!C94:AK155,35,0) -> 35.385315 | K21: 34.867323 | L21: =+VLOOKUP(C21,'Mủ CN (TT)'!C94:AL155,36,0) -> A | M21: =ROUND(J21*IF(L21="A",(6.1*$E$12),IF(L21="B",(5.8*$E$12),IF(L21="C",(5.5*$E$12),IF(L21="D",(5.2*$E$12))))),0) -> 139483 | N21: =+VLOOKUP(C21,'Chấm công CN'!B94:AJ155,34,0) -> 14 | O21: =+VLOOKUP(C21,'Chấm công CN'!B94:AJ155,35,0) -> 3 | P21: =+N21+O21 -> 17 | Q21: 500000 | R21: =ROUND((N21*(46.1*$E$11))+(O21*(76.9*$E$11))+(P21*20000),0)+Q21+0.38 -> 1414546.4 | S21: =+G21+M21+R21 -> 1554029.4 | V21: =+S21-T21 -> 1554029.4
A22: 5 | C22: Thảo Bon | D22: CNKT | G22: =ROUND(F22*25000,0) -> 0 | H22: =+VLOOKUP(C22,'Mủ CN (TT)'!C95:AI156,33,0) -> 28 | J22: =+VLOOKUP(C22,'Mủ CN (TT)'!C95:AK156,35,0) -> 16.24244 | K22: 16.004673 | L22: =+VLOOKUP(C22,'Mủ CN (TT)'!C95:AL156,36,0) -> A | M22: =ROUND(J22*IF(L22="A",(6.1*$E$12),IF(L22="B",(5.8*$E$12),IF(L22="C",(5.5*$E$12),IF(L22="D",(5.2*$E$12))))),0) -> 64025 | N22: =+VLOOKUP(C22,'Chấm công CN'!B95:AJ156,34,0) -> 14 | O22: =+VLOOKUP(C22,'Chấm công CN'!B95:AJ156,35,0) -> 3 | P22: =+N22+O22 -> 17 | Q22: 500000 | R22: =ROUND((N22*(46.1*$E$11))+(O22*(76.9*$E$11))+(P22*20000),0)+Q22+0.38 -> 1414546.4 | S22: =+G22+M22+R22 -> 1478571.4 | V22: =+S22-T22 -> 1478571.4
A23: 6 | C23: Nàng Khảng | D23: CNKT | G23: =ROUND(F23*25000,0) -> 0 | H23: =+VLOOKUP(C23,'Mủ CN (TT)'!C96:AI157,33,0) -> 28 | J23: =+VLOOKUP(C23,'Mủ CN (TT)'!C96:AK157,35,0) -> 16.24244 | K23: 16.004673 | L23: =+VLOOKUP(C23,'Mủ CN (TT)'!C96:AL157,36,0) -> A | M23: =ROUND(J23*IF(L23="A",(6.1*$E$12),IF(L23="B",(5.8*$E$12),IF(L23="C",(5.5*$E$12),IF(L23="D",(5.2*$E$12))))),0) -> 64025 | N23: =+VLOOKUP(C23,'Chấm công CN'!B96:AJ157,34,0) -> 14 | O23: =+VLOOKUP(C23,'Chấm công CN'!B96:AJ157,35,0) -> 3 | P23: =+N23+O23 -> 17 | Q23: 500000 | R23: =ROUND((N23*(46.1*$E$11))+(O23*(76.9*$E$11))+(P23*20000),0)+Q23+0.38 -> 1414546.4 | S23: =+G23+M23+R23 -> 1478571.4 | V23: =+S23-T23 -> 1478571.4
A24: 7 | C24: Thảo Xông | D24: CNKT | G24: =ROUND(F24*25000,0) -> 0 | H24: =+VLOOKUP(C24,'Mủ CN (TT)'!C97:AI158,33,0) -> 90 | J24: =+VLOOKUP(C24,'Mủ CN (TT)'!C97:AK158,35,0) -> 52.207842 | K24: 51.443591 | L24: =+VLOOKUP(C24,'Mủ CN (TT)'!C97:AL158,36,0) -> A | M24: =ROUND(J24*IF(L24="A",(6.1*$E$12),IF(L24="B",(5.8*$E$12),IF(L24="C",(5.5*$E$12),IF(L24="D",(5.2*$E$12))))),0) -> 205794 | N24: =+VLOOKUP(C24,'Chấm công CN'!B97:AJ158,34,0) -> 14 | O24: =+VLOOKUP(C24,'Chấm công CN'!B97:AJ158,35,0) -> 3 | P24: =+N24+O24 -> 17 | Q24: 500000 | R24: =ROUND((N24*(46.1*$E$11))+(O24*(76.9*$E$11))+(P24*20000),0)+Q24+0.38 -> 1414546.4 | S24: =+G24+M24+R24 -> 1620340.4 | V24: =+S24-T24 -> 1620340.4
A25: 8 | C25: Nàng Bồn | D25: CNKT | G25: =ROUND(F25*25000,0) -> 0 | H25: =+VLOOKUP(C25,'Mủ CN (TT)'!C98:AI159,33,0) -> 85 | J25: =+VLOOKUP(C25,'Mủ CN (TT)'!C98:AK159,35,0) -> 49.307406 | K25: 48.585614 | L25: =+VLOOKUP(C25,'Mủ CN (TT)'!C98:AL159,36,0) -> A | M25: =ROUND(J25*IF(L25="A",(6.1*$E$12),IF(L25="B",(5.8*$E$12),IF(L25="C",(5.5*$E$12),IF(L25="D",(5.2*$E$12))))),0) -> 194361 | N25: =+VLOOKUP(C25,'Chấm công CN'!B98:AJ159,34,0) -> 14 | O25: =+VLOOKUP(C25,'Chấm công CN'!B98:AJ159,35,0) -> 3 | P25: =+N25+O25 -> 17 | Q25: 500000 | R25: =ROUND((N25*(46.1*$E$11))+(O25*(76.9*$E$11))+(P25*20000),0)+Q25+0.38 -> 1414546.4 | S25: =+G25+M25+R25 -> 1608907.4 | V25: =+S25-T25 -> 1608907.4
A26: 9 | C26: Lò Tho | D26: CNKT | G26: =ROUND(F26*25000,0) -> 0 | H26: =+VLOOKUP(C26,'Mủ CN (TT)'!C99:AI160,33,0) -> 0 | J26: =+VLOOKUP(C26,'Mủ CN (TT)'!C99:AK160,35,0) -> 0 | K26: 0 | L26: =+VLOOKUP(C26,'Mủ CN (TT)'!C99:AL160,36,0) -> A | M26: =ROUND(J26*IF(L26="A",(6.1*$E$12),IF(L26="B",(5.8*$E$12),IF(L26="C",(5.5*$E$12),IF(L26="D",(5.2*$E$12))))),0) -> 0 | N26: =+VLOOKUP(C26,'Chấm công CN'!B99:AJ160,34,0) -> 12 | O26: =+VLOOKUP(C26,'Chấm công CN'!B99:AJ160,35,0) -> 1 | P26: =+N26+O26 -> 13 | Q26: 500000 | R26: =ROUND((N26*(46.1*$E$11))+(O26*(76.9*$E$11))+(P26*20000),0)+Q26-0.42 -> 1173219.6 | S26: =+G26+M26+R26 -> 1173219.6 | V26: =+S26-T26 -> 1173219.6
A27: 10 | C27: Sua Va | D27: CNKT | G27: =ROUND(F27*25000,0) -> 0 | H27: =+VLOOKUP(C27,'Mủ CN (TT)'!C100:AI161,33,0) -> 0 | J27: =+VLOOKUP(C27,'Mủ CN (TT)'!C100:AK161,35,0) -> 0 | K27: 0 | L27: =+VLOOKUP(C27,'Mủ CN (TT)'!C100:AL161,36,0) -> A | M27: =ROUND(J27*IF(L27="A",(6.1*$E$12),IF(L27="B",(5.8*$E$12),IF(L27="C",(5.5*$E$12),IF(L27="D",(5.2*$E$12))))),0) -> 0 | N27: =+VLOOKUP(C27,'Chấm công CN'!B100:AJ161,34,0) -> 12 | O27: =+VLOOKUP(C27,'Chấm công CN'!B100:AJ161,35,0) -> 2 | P27: =+N27+O27 -> 14 | Q27: 500000 | R27: =ROUND((N27*(46.1*$E$11))+(O27*(76.9*$E$11))+(P27*20000),0)+Q27-0.4 -> 1243650.6 | S27: =+G27+M27+R27 -> 1243650.6 | V27: =+S27-T27 -> 1243650.6
A28: 11 | C28: Noi | D28: CNKT | G28: =ROUND(F28*25000,0) -> 0 | H28: =+VLOOKUP(C28,'Mủ CN (TT)'!C101:AI162,33,0) -> 97 | J28: =+VLOOKUP(C28,'Mủ CN (TT)'!C101:AK162,35,0) -> 56.268451 | K28: 55.44476 | L28: =+VLOOKUP(C28,'Mủ CN (TT)'!C101:AL162,36,0) -> A | M28: =ROUND(J28*IF(L28="A",(6.1*$E$12),IF(L28="B",(5.8*$E$12),IF(L28="C",(5.5*$E$12),IF(L28="D",(5.2*$E$12))))),0) -> 221800 | N28: =+VLOOKUP(C28,'Chấm công CN'!B101:AJ162,34,0) -> 15 | O28: =+VLOOKUP(C28,'Chấm công CN'!B101:AJ162,35,0) -> 3 | P28: =+N28+O28 -> 18 | Q28: 500000 | R28: =ROUND((N28*(46.1*$E$11))+(O28*(76.9*$E$11))+(P28*20000),0)+Q28-0.24 -> 1464778.8 | S28: =+G28+M28+R28 -> 1686578.8 | V28: =+S28-T28 -> 1686578.8
A29: 12 | C29: Thong | D29: CNKT | G29: =ROUND(F29*25000,0) -> 0 | H29: =+VLOOKUP(C29,'Mủ CN (TT)'!C102:AI163,33,0) -> 98 | J29: =+VLOOKUP(C29,'Mủ CN (TT)'!C102:AK163,35,0) -> 56.848539 | K29: 56.016355 | L29: =+VLOOKUP(C29,'Mủ CN (TT)'!C102:AL163,36,0) -> A | M29: =ROUND(J29*IF(L29="A",(6.1*$E$12),IF(L29="B",(5.8*$E$12),IF(L29="C",(5.5*$E$12),IF(L29="D",(5.2*$E$12))))),0) -> 224087 | N29: =+VLOOKUP(C29,'Chấm công CN'!B102:AJ163,34,0) -> 15 | O29: =+VLOOKUP(C29,'Chấm công CN'!B102:AJ163,35,0) -> 3 | P29: =+N29+O29 -> 18 | Q29: 500000 | R29: =ROUND((N29*(46.1*$E$11))+(O29*(76.9*$E$11))+(P29*20000),0)+Q29-0.24 -> 1464778.8 | S29: =+G29+M29+R29 -> 1688865.8 | V29: =+S29-T29 -> 1688865.8
A30: 13 | C30: Quy | D30: CNKT | G30: =ROUND(F30*25000,0) -> 0 | H30: =+VLOOKUP(C30,'Mủ CN (TT)'!C103:AI164,33,0) -> 68 | J30: =+VLOOKUP(C30,'Mủ CN (TT)'!C103:AK164,35,0) -> 39.445925 | K30: 38.868491 | L30: =+VLOOKUP(C30,'Mủ CN (TT)'!C103:AL164,36,0) -> A | M30: =ROUND(J30*IF(L30="A",(6.1*$E$12),IF(L30="B",(5.8*$E$12),IF(L30="C",(5.5*$E$12),IF(L30="D",(5.2*$E$12))))),0) -> 155489 | N30: =+VLOOKUP(C30,'Chấm công CN'!B103:AJ164,34,0) -> 13 | O30: =+VLOOKUP(C30,'Chấm công CN'!B103:AJ164,35,0) -> 3 | P30: =+N30+O30 -> 16 | Q30: 500000 | R30: =ROUND((N30*(46.1*$E$11))+(O30*(76.9*$E$11))+(P30*20000),0)+Q30 -> 1364314 | S30: =+G30+M30+R30 -> 1519803 | V30: =+S30-T30 -> 1519803
A31: 14 | C31: Nàng nỷ | D31: CNKT | G31: =ROUND(F31*25000,0) -> 0 | H31: =+VLOOKUP(C31,'Mủ CN (TT)'!C104:AI165,33,0) -> 56 | J31: =+VLOOKUP(C31,'Mủ CN (TT)'!C104:AK165,35,0) -> 32.484879 | K31: 32.009346 | L31: =+VLOOKUP(C31,'Mủ CN (TT)'!C104:AL165,36,0) -> A | M31: =ROUND(J31*IF(L31="A",(6.1*$E$12),IF(L31="B",(5.8*$E$12),IF(L31="C",(5.5*$E$12),IF(L31="D",(5.2*$E$12))))),0) -> 128050 | N31: =+VLOOKUP(C31,'Chấm công CN'!B104:AJ165,34,0) -> 14 | O31: =+VLOOKUP(C31,'Chấm công CN'!B104:AJ165,35,0) -> 3 | P31: =+N31+O31 -> 17 | Q31: 500000 | R31: =ROUND((N31*(46.1*$E$11))+(O31*(76.9*$E$11))+(P31*20000),0)+Q31+0.38 -> 1414546.4 | S31: =+G31+M31+R31 -> 1542596.4 | V31: =+S31-T31 -> 1542596.4
A32: 15 | C32: Pen ta | D32: CNKT | G32: =ROUND(F32*25000,0) -> 0 | H32: =+VLOOKUP(C32,'Mủ CN (TT)'!C105:AI166,33,0) -> 38 | J32: =+VLOOKUP(C32,'Mủ CN (TT)'!C105:AK166,35,0) -> 22.043311 | K32: 21.720627 | L32: =+VLOOKUP(C32,'Mủ CN (TT)'!C105:AL166,36,0) -> A | M32: =ROUND(J32*IF(L32="A",(6.1*$E$12),IF(L32="B",(5.8*$E$12),IF(L32="C",(5.5*$E$12),IF(L32="D",(5.2*$E$12))))),0) -> 86891 | N32: =+VLOOKUP(C32,'Chấm công CN'!B105:AJ166,34,0) -> 13 | O32: =+VLOOKUP(C32,'Chấm công CN'!B105:AJ166,35,0) -> 3 | P32: =+N32+O32 -> 16 | Q32: 500000 | R32: =ROUND((N32*(46.1*$E$11))+(O32*(76.9*$E$11))+(P32*20000),0)+Q32 -> 1364314 | S32: =+G32+M32+R32 -> 1451205 | V32: =+S32-T32 -> 1451205
A33: 16 | C33: Nàng tim | D33: CNKT | G33: =ROUND(F33*25000,0) -> 0 | H33: =+VLOOKUP(C33,'Mủ CN (TT)'!C106:AI167,33,0) -> 39 | J33: =+VLOOKUP(C33,'Mủ CN (TT)'!C106:AK167,35,0) -> 22.623398 | K33: 22.292223 | L33: =+VLOOKUP(C33,'Mủ CN (TT)'!C106:AL167,36,0) -> A | M33: =ROUND(J33*IF(L33="A",(6.1*$E$12),IF(L33="B",(5.8*$E$12),IF(L33="C",(5.5*$E$12),IF(L33="D",(5.2*$E$12))))),0) -> 89177 | N33: =+VLOOKUP(C33,'Chấm công CN'!B106:AJ167,34,0) -> 13 | O33: =+VLOOKUP(C33,'Chấm công CN'!B106:AJ167,35,0) -> 3 | P33: =+N33+O33 -> 16 | Q33: 500000 | R33: =ROUND((N33*(46.1*$E$11))+(O33*(76.9*$E$11))+(P33*20000),0)+Q33 -> 1364314 | S33: =+G33+M33+R33 -> 1453491 | V33: =+S33-T33 -> 1453491
A34: 17 | C34: Chen tho | D34: CNKT | G34: =ROUND(F34*25000,0) -> 0 | H34: =+VLOOKUP(C34,'Mủ CN (TT)'!C107:AI168,33,0) -> 53 | J34: =+VLOOKUP(C34,'Mủ CN (TT)'!C107:AK168,35,0) -> 30.744618 | K34: 30.294559 | L34: =+VLOOKUP(C34,'Mủ CN (TT)'!C107:AL168,36,0) -> A | M34: =ROUND(J34*IF(L34="A",(6.1*$E$12),IF(L34="B",(5.8*$E$12),IF(L34="C",(5.5*$E$12),IF(L34="D",(5.2*$E$12))))),0) -> 121190 | N34: =+VLOOKUP(C34,'Chấm công CN'!B107:AJ168,34,0) -> 12 | O34: =+VLOOKUP(C34,'Chấm công CN'!B107:AJ168,35,0) -> 3 | P34: =+N34+O34 -> 15 | Q34: 500000 | R34: =ROUND((N34*(46.1*$E$11))+(O34*(76.9*$E$11))+(P34*20000),0)+Q34-0.38 -> 1314081.6 | S34: =+G34+M34+R34 -> 1435271.6 | V34: =+S34-T34 -> 1435271.6
A35: 18 | C35: Mang lâu | D35: CNKT | G35: =ROUND(F35*25000,0) -> 0 | H35: =+VLOOKUP(C35,'Mủ CN (TT)'!C108:AI169,33,0) -> 54 | J35: =+VLOOKUP(C35,'Mủ CN (TT)'!C108:AK169,35,0) -> 31.324705 | K35: 30.866155 | L35: =+VLOOKUP(C35,'Mủ CN (TT)'!C108:AL169,36,0) -> A | M35: =ROUND(J35*IF(L35="A",(6.1*$E$12),IF(L35="B",(5.8*$E$12),IF(L35="C",(5.5*$E$12),IF(L35="D",(5.2*$E$12))))),0) -> 123476 | N35: =+VLOOKUP(C35,'Chấm công CN'!B108:AJ169,34,0) -> 12 | O35: =+VLOOKUP(C35,'Chấm công CN'!B108:AJ169,35,0) -> 3 | P35: =+N35+O35 -> 15 | Q35: 500000 | R35: =ROUND((N35*(46.1*$E$11))+(O35*(76.9*$E$11))+(P35*20000),0)+Q35-0.38 -> 1314081.6 | S35: =+G35+M35+R35 -> 1437557.6 | V35: =+S35-T35 -> 1437557.6
A36: 19 | C36: Con tho | D36: CNKT | G36: =ROUND(F36*25000,0) -> 0 | H36: =+VLOOKUP(C36,'Mủ CN (TT)'!C109:AI170,33,0) -> 56 | J36: =+VLOOKUP(C36,'Mủ CN (TT)'!C109:AK170,35,0) -> 32.484879 | K36: 32.009346 | L36: =+VLOOKUP(C36,'Mủ CN (TT)'!C109:AL170,36,0) -> A | M36: =ROUND(J36*IF(L36="A",(6.1*$E$12),IF(L36="B",(5.8*$E$12),IF(L36="C",(5.5*$E$12),IF(L36="D",(5.2*$E$12))))),0) -> 128050 | N36: =+VLOOKUP(C36,'Chấm công CN'!B109:AJ170,34,0) -> 12 | O36: =+VLOOKUP(C36,'Chấm công CN'!B109:AJ170,35,0) -> 3 | P36: =+N36+O36 -> 15 | Q36: 500000 | R36: =ROUND((N36*(46.1*$E$11))+(O36*(76.9*$E$11))+(P36*20000),0)+Q36-0.38 -> 1314081.6 | S36: =+G36+M36+R36 -> 1442131.6 | V36: =+S36-T36 -> 1442131.6
A37: 20 | C37: Thông veo | D37: CNKT | G37: =ROUND(F37*25000,0) -> 0 | H37: =+VLOOKUP(C37,'Mủ CN (TT)'!C110:AI171,33,0) -> 40 | J37: =+VLOOKUP(C37,'Mủ CN (TT)'!C110:AK171,35,0) -> 23.203485 | K37: 22.863818 | L37: =+VLOOKUP(C37,'Mủ CN (TT)'!C110:AL171,36,0) -> A | M37: =ROUND(J37*IF(L37="A",(6.1*$E$12),IF(L37="B",(5.8*$E$12),IF(L37="C",(5.5*$E$12),IF(L37="D",(5.2*$E$12))))),0) -> 91464 | N37: =+VLOOKUP(C37,'Chấm công CN'!B110:AJ171,34,0) -> 10 | O37: =+VLOOKUP(C37,'Chấm công CN'!B110:AJ171,35,0) -> 2 | P37: =+N37+O37 -> 12 | Q37: 500000 | R37: =ROUND((N37*(46.1*$E$11))+(O37*(76.9*$E$11))+(P37*20000),0)+Q37-0.16 -> 1143185.8 | S37: =+G37+M37+R37 -> 1234649.8 | V37: =+S37-T37 -> 1234649.8
A38: 21 | C38: Thong veo2 | D38: CNKT | G38: =ROUND(F38*25000,0) -> 0 | H38: =+VLOOKUP(C38,'Mủ CN (TT)'!C111:AI172,33,0) -> 40 | J38: =+VLOOKUP(C38,'Mủ CN (TT)'!C111:AK172,35,0) -> 23.203485 | K38: 22.863818 | L38: =+VLOOKUP(C38,'Mủ CN (TT)'!C111:AL172,36,0) -> A | M38: =ROUND(J38*IF(L38="A",(6.1*$E$12),IF(L38="B",(5.8*$E$12),IF(L38="C",(5.5*$E$12),IF(L38="D",(5.2*$E$12))))),0) -> 91464 | N38: =+VLOOKUP(C38,'Chấm công CN'!B111:AJ172,34,0) -> 10 | O38: =+VLOOKUP(C38,'Chấm công CN'!B111:AJ172,35,0) -> 2 | P38: =+N38+O38 -> 12 | Q38: 500000 | R38: =ROUND((N38*(46.1*$E$11))+(O38*(76.9*$E$11))+(P38*20000),0)+Q38-0.16 -> 1143185.8 | S38: =+G38+M38+R38 -> 1234649.8 | V38: =+S38-T38 -> 1234649.8
A39: 22 | C39: Bua khăm | D39: CNKT | G39: =ROUND(F39*25000,0) -> 0 | H39: =+VLOOKUP(C39,'Mủ CN (TT)'!C112:AI173,33,0) -> 33 | J39: =+VLOOKUP(C39,'Mủ CN (TT)'!C112:AK173,35,0) -> 19.142875 | K39: 18.86265 | L39: =+VLOOKUP(C39,'Mủ CN (TT)'!C112:AL173,36,0) -> A | M39: =ROUND(J39*IF(L39="A",(6.1*$E$12),IF(L39="B",(5.8*$E$12),IF(L39="C",(5.5*$E$12),IF(L39="D",(5.2*$E$12))))),0) -> 75458 | N39: =+VLOOKUP(C39,'Chấm công CN'!B112:AJ173,34,0) -> 10 | O39: =+VLOOKUP(C39,'Chấm công CN'!B112:AJ173,35,0) -> 2 | P39: =+N39+O39 -> 12 | Q39: 500000 | R39: =ROUND((N39*(46.1*$E$11))+(O39*(76.9*$E$11))+(P39*20000),0)+Q39-0.16 -> 1143185.8 | S39: =+G39+M39+R39 -> 1218643.8 | V39: =+S39-T39 -> 1218643.8
A40: 23 | C40: Xịn | D40: CNKT | G40: =ROUND(F40*25000,0) -> 0 | H40: =+VLOOKUP(C40,'Mủ CN (TT)'!C113:AI174,33,0) -> 40 | J40: =+VLOOKUP(C40,'Mủ CN (TT)'!C113:AK174,35,0) -> 23.203485 | K40: 22.863818 | L40: =+VLOOKUP(C40,'Mủ CN (TT)'!C113:AL174,36,0) -> A | M40: =ROUND(J40*IF(L40="A",(6.1*$E$12),IF(L40="B",(5.8*$E$12),IF(L40="C",(5.5*$E$12),IF(L40="D",(5.2*$E$12))))),0) -> 91464 | N40: =+VLOOKUP(C40,'Chấm công CN'!B113:AJ174,34,0) -> 14 | O40: =+VLOOKUP(C40,'Chấm công CN'!B113:AJ174,35,0) -> 3 | P40: =+N40+O40 -> 17 | Q40: 500000 | R40: =ROUND((N40*(46.1*$E$11))+(O40*(76.9*$E$11))+(P40*20000),0)+Q40+0.38 -> 1414546.4 | S40: =+G40+M40+R40 -> 1506010.4 | V40: =+S40-T40 -> 1506010.4
A41: 24 | C41: Khển | D41: CNKT | G41: =ROUND(F41*25000,0) -> 0 | H41: =+VLOOKUP(C41,'Mủ CN (TT)'!C114:AI175,33,0) -> 40 | J41: =+VLOOKUP(C41,'Mủ CN (TT)'!C114:AK175,35,0) -> 23.203485 | K41: 22.863818 | L41: =+VLOOKUP(C41,'Mủ CN (TT)'!C114:AL175,36,0) -> A | M41: =ROUND(J41*IF(L41="A",(6.1*$E$12),IF(L41="B",(5.8*$E$12),IF(L41="C",(5.5*$E$12),IF(L41="D",(5.2*$E$12))))),0) -> 91464 | N41: =+VLOOKUP(C41,'Chấm công CN'!B114:AJ175,34,0) -> 14 | O41: =+VLOOKUP(C41,'Chấm công CN'!B114:AJ175,35,0) -> 3 | P41: =+N41+O41 -> 17 | Q41: 500000 | R41: =ROUND((N41*(46.1*$E$11))+(O41*(76.9*$E$11))+(P41*20000),0)+Q41+0.38 -> 1414546.4 | S41: =+G41+M41+R41 -> 1506010.4 | V41: =+S41-T41 -> 1506010.4
A42: 25 | C42: Bun phết | D42: CNKT | G42: =ROUND(F42*25000,0) -> 0 | H42: =+VLOOKUP(C42,'Mủ CN (TT)'!C115:AI176,33,0) -> 65 | J42: =+VLOOKUP(C42,'Mủ CN (TT)'!C115:AK176,35,0) -> 37.705663 | K42: 37.153705 | L42: =+VLOOKUP(C42,'Mủ CN (TT)'!C115:AL176,36,0) -> A | M42: =ROUND(J42*IF(L42="A",(6.1*$E$12),IF(L42="B",(5.8*$E$12),IF(L42="C",(5.5*$E$12),IF(L42="D",(5.2*$E$12))))),0) -> 148629 | N42: =+VLOOKUP(C42,'Chấm công CN'!B115:AJ176,34,0) -> 13 | O42: =+VLOOKUP(C42,'Chấm công CN'!B115:AJ176,35,0) -> 2 | P42: =+N42+O42 -> 15 | Q42: 500000 | R42: =ROUND((N42*(46.1*$E$11))+(O42*(76.9*$E$11))+(P42*20000),0)+Q42-0.02 -> 1293883 | S42: =+G42+M42+R42 -> 1442512 | V42: =+S42-T42 -> 1442512
A43: 26 | C43: Thảo chay | D43: CNKT | G43: =ROUND(F43*25000,0) -> 0 | H43: =+VLOOKUP(C43,'Mủ CN (TT)'!C116:AI177,33,0) -> 65 | J43: =+VLOOKUP(C43,'Mủ CN (TT)'!C116:AK177,35,0) -> 37.705663 | K43: 37.153705 | L43: =+VLOOKUP(C43,'Mủ CN (TT)'!C116:AL177,36,0) -> A | M43: =ROUND(J43*IF(L43="A",(6.1*$E$12),IF(L43="B",(5.8*$E$12),IF(L43="C",(5.5*$E$12),IF(L43="D",(5.2*$E$12))))),0) -> 148629 | N43: =+VLOOKUP(C43,'Chấm công CN'!B116:AJ177,34,0) -> 13 | O43: =+VLOOKUP(C43,'Chấm công CN'!B116:AJ177,35,0) -> 2 | P43: =+N43+O43 -> 15 | Q43: 500000 | R43: =ROUND((N43*(46.1*$E$11))+(O43*(76.9*$E$11))+(P43*20000),0)+Q43-0.02 -> 1293883 | S43: =+G43+M43+R43 -> 1442512 | V43: =+S43-T43 -> 1442512
A44: 27 | C44: Xy | D44: CNKT | G44: =ROUND(F44*25000,0) -> 0 | H44: =+VLOOKUP(C44,'Mủ CN (TT)'!C117:AI178,33,0) -> 197 | J44: =+VLOOKUP(C44,'Mủ CN (TT)'!C117:AK178,35,0) -> 114.27716 | K44: 112.60431 | L44: =+VLOOKUP(C44,'Mủ CN (TT)'!C117:AL178,36,0) -> A | M44: =ROUND(J44*IF(L44="A",(6.1*$E$12),IF(L44="B",(5.8*$E$12),IF(L44="C",(5.5*$E$12),IF(L44="D",(5.2*$E$12))))),0) -> 450460 | N44: =+VLOOKUP(C44,'Chấm công CN'!B117:AJ178,34,0) -> 15 | O44: =+VLOOKUP(C44,'Chấm công CN'!B117:AJ178,35,0) -> 3 | P44: =+N44+O44 -> 18 | Q44: 500000 | R44: =ROUND((N44*(46.1*$E$11))+(O44*(76.9*$E$11))+(P44*20000),0)+Q44-0.24 -> 1464778.8 | S44: =+G44+M44+R44 -> 1915238.8 | V44: =+S44-T44 -> 1915238.8
A45: 28 | C45: Thong | D45: CNKT | G45: =ROUND(F45*25000,0) -> 0 | H45: =+VLOOKUP(C45,'Mủ CN (TT)'!C118:AI179,33,0) -> 194 | J45: =+VLOOKUP(C45,'Mủ CN (TT)'!C118:AK179,35,0) -> 112.5369 | K45: 110.88952 | L45: =+VLOOKUP(C45,'Mủ CN (TT)'!C118:AL179,36,0) -> A | M45: =ROUND(J45*IF(L45="A",(6.1*$E$12),IF(L45="B",(5.8*$E$12),IF(L45="C",(5.5*$E$12),IF(L45="D",(5.2*$E$12))))),0) -> 443600 | N45: =+VLOOKUP(C45,'Chấm công CN'!B118:AJ179,34,0) -> 15 | O45: =+VLOOKUP(C45,'Chấm công CN'!B118:AJ179,35,0) -> 3 | P45: =+N45+O45 -> 18 | Q45: 500000 | R45: =ROUND((N45*(46.1*$E$11))+(O45*(76.9*$E$11))+(P45*20000),0)+Q45-0.24 -> 1464778.8 | S45: =+G45+M45+R45 -> 1908378.8 | V45: =+S45-T45 -> 1908378.8
A46: 29 | C46: Thảo đen | D46: CNKT | G46: =ROUND(F46*25000,0) -> 0 | H46: =+VLOOKUP(C46,'Mủ CN (TT)'!C119:AI180,33,0) -> 86 | J46: =+VLOOKUP(C46,'Mủ CN (TT)'!C119:AK180,35,0) -> 49.887493 | K46: 49.15721 | L46: =+VLOOKUP(C46,'Mủ CN (TT)'!C119:AL180,36,0) -> A | M46: =ROUND(J46*IF(L46="A",(6.1*$E$12),IF(L46="B",(5.8*$E$12),IF(L46="C",(5.5*$E$12),IF(L46="D",(5.2*$E$12))))),0) -> 196648 | N46: =+VLOOKUP(C46,'Chấm công CN'!B119:AJ180,34,0) -> 15 | O46: =+VLOOKUP(C46,'Chấm công CN'!B119:AJ180,35,0) -> 3 | P46: =+N46+O46 -> 18 | Q46: 500000 | R46: =ROUND((N46*(46.1*$E$11))+(O46*(76.9*$E$11))+(P46*20000),0)+Q46-0.24 -> 1464778.8 | S46: =+G46+M46+R46 -> 1661426.8 | V46: =+S46-T46 -> 1661426.8
A47: 30 | C47: Thảo đen2 | D47: CNKT | G47: =ROUND(F47*25000,0) -> 0 | H47: =+VLOOKUP(C47,'Mủ CN (TT)'!C120:AI181,33,0) -> 86 | J47: =+VLOOKUP(C47,'Mủ CN (TT)'!C120:AK181,35,0) -> 49.887493 | K47: 49.15721 | L47: =+VLOOKUP(C47,'Mủ CN (TT)'!C120:AL181,36,0) -> A | M47: =ROUND(J47*IF(L47="A",(6.1*$E$12),IF(L47="B",(5.8*$E$12),IF(L47="C",(5.5*$E$12),IF(L47="D",(5.2*$E$12))))),0) -> 196648 | N47: =+VLOOKUP(C47,'Chấm công CN'!B120:AJ181,34,0) -> 15 | O47: =+VLOOKUP(C47,'Chấm công CN'!B120:AJ181,35,0) -> 3 | P47: =+N47+O47 -> 18 | Q47: 500000 | R47: =ROUND((N47*(46.1*$E$11))+(O47*(76.9*$E$11))+(P47*20000),0)+Q47-0.24 -> 1464778.8 | S47: =+G47+M47+R47 -> 1661426.8 | V47: =+S47-T47 -> 1661426.8
A48: 31 | C48: Nàng nâu | D48: CNKT | G48: =ROUND(F48*25000,0) -> 0 | H48: =+VLOOKUP(C48,'Mủ CN (TT)'!C121:AI182,33,0) -> 85 | J48: =+VLOOKUP(C48,'Mủ CN (TT)'!C121:AK182,35,0) -> 49.307406 | K48: 48.585614 | L48: =+VLOOKUP(C48,'Mủ CN (TT)'!C121:AL182,36,0) -> A | M48: =ROUND(J48*IF(L48="A",(6.1*$E$12),IF(L48="B",(5.8*$E$12),IF(L48="C",(5.5*$E$12),IF(L48="D",(5.2*$E$12))))),0) -> 194361 | N48: =+VLOOKUP(C48,'Chấm công CN'!B121:AJ182,34,0) -> 15 | O48: =+VLOOKUP(C48,'Chấm công CN'!B121:AJ182,35,0) -> 3 | P48: =+N48+O48 -> 18 | Q48: 500000 | R48: =ROUND((N48*(46.1*$E$11))+(O48*(76.9*$E$11))+(P48*20000),0)+Q48-0.24 -> 1464778.8 | S48: =+G48+M48+R48 -> 1659139.8 | V48: =+S48-T48 -> 1659139.8
A49: 32 | C49: Phò Lâu | D49: CNKT | G49: =ROUND(F49*25000,0) -> 0 | H49: =+VLOOKUP(C49,'Mủ CN (TT)'!C122:AI183,33,0) -> 0 | J49: =+VLOOKUP(C49,'Mủ CN (TT)'!C122:AK183,35,0) -> 0 | K49: 0 | L49: =+VLOOKUP(C49,'Mủ CN (TT)'!C122:AL183,36,0) -> A | M49: =ROUND(J49*IF(L49="A",(6.1*$E$12),IF(L49="B",(5.8*$E$12),IF(L49="C",(5.5*$E$12),IF(L49="D",(5.2*$E$12))))),0) -> 0 | N49: =+VLOOKUP(C49,'Chấm công CN'!B122:AJ183,34,0) -> 13 | O49: =+VLOOKUP(C49,'Chấm công CN'!B122:AJ183,35,0) -> 3 | P49: =+N49+O49 -> 16 | Q49: 500000 | R49: =ROUND((N49*(46.1*$E$11))+(O49*(76.9*$E$11))+(P49*20000),0)+Q49 -> 1364314 | S49: =+G49+M49+R49 -> 1364314 | V49: =+S49-T49 -> 1364314
A50: 33 | C50: Thảo Vông | D50: CNKT | G50: =ROUND(F50*25000,0) -> 0 | H50: =+VLOOKUP(C50,'Mủ CN (TT)'!C123:AI184,33,0) -> 209 | J50: =+VLOOKUP(C50,'Mủ CN (TT)'!C123:AK184,35,0) -> 121.23821 | K50: 119.46345 | L50: =+VLOOKUP(C50,'Mủ CN (TT)'!C123:AL184,36,0) -> A | M50: =ROUND(J50*IF(L50="A",(6.1*$E$12),IF(L50="B",(5.8*$E$12),IF(L50="C",(5.5*$E$12),IF(L50="D",(5.2*$E$12))))),0) -> 477899 | N50: =+VLOOKUP(C50,'Chấm công CN'!B123:AJ184,34,0) -> 14 | O50: =+VLOOKUP(C50,'Chấm công CN'!B123:AJ184,35,0) -> 3 | P50: =+N50+O50 -> 17 | Q50: 500000 | R50: =ROUND((N50*(46.1*$E$11))+(O50*(76.9*$E$11))+(P50*20000),0)+Q50+0.38 -> 1414546.4 | S50: =+G50+M50+R50 -> 1892445.4 | V50: =+S50-T50 -> 1892445.4
A51: 34 | C51: Phit | D51: CNKT | G51: =ROUND(F51*25000,0) -> 0 | H51: =+VLOOKUP(C51,'Mủ CN (TT)'!C124:AI185,33,0) -> 83 | J51: =+VLOOKUP(C51,'Mủ CN (TT)'!C124:AK185,35,0) -> 48.147232 | K51: 47.442423 | L51: =+VLOOKUP(C51,'Mủ CN (TT)'!C124:AL185,36,0) -> A | M51: =ROUND(J51*IF(L51="A",(6.1*$E$12),IF(L51="B",(5.8*$E$12),IF(L51="C",(5.5*$E$12),IF(L51="D",(5.2*$E$12))))),0) -> 189788 | N51: =+VLOOKUP(C51,'Chấm công CN'!B124:AJ185,34,0) -> 10 | O51: =+VLOOKUP(C51,'Chấm công CN'!B124:AJ185,35,0) -> 2 | P51: =+N51+O51 -> 12 | Q51: 500000 | R51: =ROUND((N51*(46.1*$E$11))+(O51*(76.9*$E$11))+(P51*20000),0)+Q51-0.16 -> 1143185.8 | S51: =+G51+M51+R51 -> 1332973.8 | V51: =+S51-T51 -> 1332973.8
A52: 35 | C52: Nam | D52: CNKT | G52: =ROUND(F52*25000,0) -> 0 | H52: =+VLOOKUP(C52,'Mủ CN (TT)'!C125:AI186,33,0) -> 83 | J52: =+VLOOKUP(C52,'Mủ CN (TT)'!C125:AK186,35,0) -> 48.147232 | K52: 47.442423 | L52: =+VLOOKUP(C52,'Mủ CN (TT)'!C125:AL186,36,0) -> A | M52: =ROUND(J52*IF(L52="A",(6.1*$E$12),IF(L52="B",(5.8*$E$12),IF(L52="C",(5.5*$E$12),IF(L52="D",(5.2*$E$12))))),0) -> 189788 | N52: =+VLOOKUP(C52,'Chấm công CN'!B125:AJ186,34,0) -> 10 | O52: =+VLOOKUP(C52,'Chấm công CN'!B125:AJ186,35,0) -> 2 | P52: =+N52+O52 -> 12 | Q52: 500000 | R52: =ROUND((N52*(46.1*$E$11))+(O52*(76.9*$E$11))+(P52*20000),0)+Q52-0.16 -> 1143185.8 | S52: =+G52+M52+R52 -> 1332973.8 | V52: =+S52-T52 -> 1332973.8
A53: 36 | C53: Thảo Cẩu | D53: CNKT | G53: =ROUND(F53*25000,0) -> 0 | H53: =+VLOOKUP(C53,'Mủ CN (TT)'!C126:AI187,33,0) -> 237 | J53: =+VLOOKUP(C53,'Mủ CN (TT)'!C126:AK187,35,0) -> 137.48065 | K53: 135.46812 | L53: =+VLOOKUP(C53,'Mủ CN (TT)'!C126:AL187,36,0) -> A | M53: =ROUND(J53*IF(L53="A",(6.1*$E$12),IF(L53="B",(5.8*$E$12),IF(L53="C",(5.5*$E$12),IF(L53="D",(5.2*$E$12))))),0) -> 541924 | N53: =+VLOOKUP(C53,'Chấm công CN'!B126:AJ187,34,0) -> 13 | O53: =+VLOOKUP(C53,'Chấm công CN'!B126:AJ187,35,0) -> 3 | P53: =+N53+O53 -> 16 | Q53: 500000 | R53: =ROUND((N53*(46.1*$E$11))+(O53*(76.9*$E$11))+(P53*20000),0)+Q53 -> 1364314 | S53: =+G53+M53+R53 -> 1906238 | V53: =+S53-T53 -> 1906238
A54: 37 | C54: Nàng Chao | D54: CNKT | G54: =ROUND(F54*25000,0) -> 0 | H54: =+VLOOKUP(C54,'Mủ CN (TT)'!C127:AI188,33,0) -> 280 | J54: =+VLOOKUP(C54,'Mủ CN (TT)'!C127:AK188,35,0) -> 162.4244 | K54: 160.04673 | L54: =+VLOOKUP(C54,'Mủ CN (TT)'!C127:AL188,36,0) -> A | M54: =ROUND(J54*IF(L54="A",(6.1*$E$12),IF(L54="B",(5.8*$E$12),IF(L54="C",(5.5*$E$12),IF(L54="D",(5.2*$E$12))))),0) -> 640248 | N54: =+VLOOKUP(C54,'Chấm công CN'!B127:AJ188,34,0) -> 13 | O54: =+VLOOKUP(C54,'Chấm công CN'!B127:AJ188,35,0) -> 3 | P54: =+N54+O54 -> 16 | Q54: 500000 | R54: =ROUND((N54*(46.1*$E$11))+(O54*(76.9*$E$11))+(P54*20000),0)+Q54 -> 1364314 | S54: =+G54+M54+R54 -> 2004562 | V54: =+S54-T54 -> 2004562
A55: 38 | C55: Thảo Cho | D55: CNKT | G55: =ROUND(F55*25000,0) -> 0 | H55: =+VLOOKUP(C55,'Mủ CN (TT)'!C128:AI189,33,0) -> 25 | J55: =+VLOOKUP(C55,'Mủ CN (TT)'!C128:AK189,35,0) -> 14.502178 | K55: 14.289886 | L55: =+VLOOKUP(C55,'Mủ CN (TT)'!C128:AL189,36,0) -> A | M55: =ROUND(J55*IF(L55="A",(6.1*$E$12),IF(L55="B",(5.8*$E$12),IF(L55="C",(5.5*$E$12),IF(L55="D",(5.2*$E$12))))),0) -> 57165 | N55: =+VLOOKUP(C55,'Chấm công CN'!B128:AJ189,34,0) -> 14 | O55: =+VLOOKUP(C55,'Chấm công CN'!B128:AJ189,35,0) -> 2 | P55: =+N55+O55 -> 16 | Q55: 500000 | R55: =ROUND((N55*(46.1*$E$11))+(O55*(76.9*$E$11))+(P55*20000),0)+Q55+0.36 -> 1344115.4 | S55: =+G55+M55+R55 -> 1401280.4 | V55: =+S55-T55 -> 1401280.4
A56: 39 | C56: Thảo Ký | D56: CNKT | G56: =ROUND(F56*25000,0) -> 0 | H56: =+VLOOKUP(C56,'Mủ CN (TT)'!C129:AI190,33,0) -> 168 | J56: =+VLOOKUP(C56,'Mủ CN (TT)'!C129:AK190,35,0) -> 97.454638 | K56: 96.028037 | L56: =+VLOOKUP(C56,'Mủ CN (TT)'!C129:AL190,36,0) -> A | M56: =ROUND(J56*IF(L56="A",(6.1*$E$12),IF(L56="B",(5.8*$E$12),IF(L56="C",(5.5*$E$12),IF(L56="D",(5.2*$E$12))))),0) -> 384149 | N56: =+VLOOKUP(C56,'Chấm công CN'!B129:AJ190,34,0) -> 15 | O56: =+VLOOKUP(C56,'Chấm công CN'!B129:AJ190,35,0) -> 3 | P56: =+N56+O56 -> 18 | Q56: 500000 | R56: =ROUND((N56*(46.1*$E$11))+(O56*(76.9*$E$11))+(P56*20000),0)+Q56-0.24 -> 1464778.8 | S56: =+G56+M56+R56 -> 1848927.8 | V56: =+S56-T56 -> 1848927.8
A57: 40 | C57: Na | D57: CNKT | G57: =ROUND(F57*25000,0) -> 0 | H57: =+VLOOKUP(C57,'Mủ CN (TT)'!C130:AI191,33,0) -> 185 | J57: =+VLOOKUP(C57,'Mủ CN (TT)'!C130:AK191,35,0) -> 107.31612 | K57: 105.74516 | L57: =+VLOOKUP(C57,'Mủ CN (TT)'!C130:AL191,36,0) -> A | M57: =ROUND(J57*IF(L57="A",(6.1*$E$12),IF(L57="B",(5.8*$E$12),IF(L57="C",(5.5*$E$12),IF(L57="D",(5.2*$E$12))))),0) -> 423021 | N57: =+VLOOKUP(C57,'Chấm công CN'!B130:AJ191,34,0) -> 15 | O57: =+VLOOKUP(C57,'Chấm công CN'!B130:AJ191,35,0) -> 3 | P57: =+N57+O57 -> 18 | Q57: 500000 | R57: =ROUND((N57*(46.1*$E$11))+(O57*(76.9*$E$11))+(P57*20000),0)+Q57-0.24 -> 1464778.8 | S57: =+G57+M57+R57 -> 1887799.8 | V57: =+S57-T57 -> 1887799.8
A58: 41 | C58: Vy | D58: CNKT | G58: =ROUND(F58*25000,0) -> 0 | H58: =+VLOOKUP(C58,'Mủ CN (TT)'!C131:AI192,33,0) -> 148 | J58: =+VLOOKUP(C58,'Mủ CN (TT)'!C131:AK192,35,0) -> 85.852895 | K58: 84.596128 | L58: =+VLOOKUP(C58,'Mủ CN (TT)'!C131:AL192,36,0) -> A | M58: =ROUND(J58*IF(L58="A",(6.1*$E$12),IF(L58="B",(5.8*$E$12),IF(L58="C",(5.5*$E$12),IF(L58="D",(5.2*$E$12))))),0) -> 338417 | N58: =+VLOOKUP(C58,'Chấm công CN'!B131:AJ192,34,0) -> 15 | O58: =+VLOOKUP(C58,'Chấm công CN'!B131:AJ192,35,0) -> 3 | P58: =+N58+O58 -> 18 | Q58: 500000 | R58: =ROUND((N58*(46.1*$E$11))+(O58*(76.9*$E$11))+(P58*20000),0)+Q58-0.24 -> 1464778.8 | S58: =+G58+M58+R58 -> 1803195.8 | V58: =+S58-T58 -> 1803195.8
A59: 42 | C59: Vy thong | D59: CNKT | G59: =ROUND(F59*25000,0) -> 0 | H59: =+VLOOKUP(C59,'Mủ CN (TT)'!C132:AI193,33,0) -> 149 | J59: =+VLOOKUP(C59,'Mủ CN (TT)'!C132:AK193,35,0) -> 86.432982 | K59: 85.167724 | L59: =+VLOOKUP(C59,'Mủ CN (TT)'!C132:AL193,36,0) -> A | M59: =ROUND(J59*IF(L59="A",(6.1*$E$12),IF(L59="B",(5.8*$E$12),IF(L59="C",(5.5*$E$12),IF(L59="D",(5.2*$E$12))))),0) -> 340703 | N59: =+VLOOKUP(C59,'Chấm công CN'!B132:AJ193,34,0) -> 15 | O59: =+VLOOKUP(C59,'Chấm công CN'!B132:AJ193,35,0) -> 3 | P59: =+N59+O59 -> 18 | Q59: 500000 | R59: =ROUND((N59*(46.1*$E$11))+(O59*(76.9*$E$11))+(P59*20000),0)+Q59-0.24 -> 1464778.8 | S59: =+G59+M59+R59 -> 1805481.8 | V59: =+S59-T59 -> 1805481.8
A60: 43 | C60: Ta pet | D60: CNKT | G60: =ROUND(F60*25000,0) -> 0 | H60: =+VLOOKUP(C60,'Mủ CN (TT)'!C133:AI194,33,0) -> 0 | J60: =+VLOOKUP(C60,'Mủ CN (TT)'!C133:AK194,35,0) -> 0 | K60: 0 | L60: =+VLOOKUP(C60,'Mủ CN (TT)'!C133:AL194,36,0) -> B | M60: =ROUND(J60*IF(L60="A",(6.1*$E$12),IF(L60="B",(5.8*$E$12),IF(L60="C",(5.5*$E$12),IF(L60="D",(5.2*$E$12))))),0) -> 0 | N60: =+VLOOKUP(C60,'Chấm công CN'!B133:AJ194,34,0) -> 7 | O60: =+VLOOKUP(C60,'Chấm công CN'!B133:AJ194,35,0) -> 2 | P60: =+N60+O60 -> 9 | Q60: 500000 | R60: =ROUND((N60*(46.1*$E$11))+(O60*(76.9*$E$11))+(P60*20000),0)+Q60-0.3 -> 992488.7 | S60: =+G60+M60+R60 -> 992488.7 | V60: =+S60-T60 -> 992488.7
A61: 44 | C61: Pho mực | D61: CNKT | G61: =ROUND(F61*25000,0) -> 0 | H61: =+VLOOKUP(C61,'Mủ CN (TT)'!C134:AI195,33,0) -> 109 | J61: =+VLOOKUP(C61,'Mủ CN (TT)'!C134:AK195,35,0) -> 63.229497 | K61: 62.303905 | L61: =+VLOOKUP(C61,'Mủ CN (TT)'!C134:AL195,36,0) -> A | M61: =ROUND(J61*IF(L61="A",(6.1*$E$12),IF(L61="B",(5.8*$E$12),IF(L61="C",(5.5*$E$12),IF(L61="D",(5.2*$E$12))))),0) -> 249239 | N61: =+VLOOKUP(C61,'Chấm công CN'!B134:AJ195,34,0) -> 13 | O61: =+VLOOKUP(C61,'Chấm công CN'!B134:AJ195,35,0) -> 3 | P61: =+N61+O61 -> 16 | Q61: 500000 | R61: =ROUND((N61*(46.1*$E$11))+(O61*(76.9*$E$11))+(P61*20000),0)+Q61 -> 1364314 | S61: =+G61+M61+R61 -> 1613553 | V61: =+S61-T61 -> 1613553
A62: 45 | C62: Thảo Bun Khăm | D62: CNKT | G62: =ROUND(F62*25000,0) -> 0 | H62: =+VLOOKUP(C62,'Mủ CN (TT)'!C135:AI196,33,0) -> 45 | J62: =+VLOOKUP(C62,'Mủ CN (TT)'!C135:AK196,35,0) -> 26.103921 | K62: 25.721796 | L62: =+VLOOKUP(C62,'Mủ CN (TT)'!C135:AL196,36,0) -> A | M62: =ROUND(J62*IF(L62="A",(6.1*$E$12),IF(L62="B",(5.8*$E$12),IF(L62="C",(5.5*$E$12),IF(L62="D",(5.2*$E$12))))),0) -> 102897 | N62: =+VLOOKUP(C62,'Chấm công CN'!B135:AJ196,34,0) -> 14 | O62: =+VLOOKUP(C62,'Chấm công CN'!B135:AJ196,35,0) -> 3 | P62: =+N62+O62 -> 17 | Q62: 500000 | R62: =ROUND((N62*(46.1*$E$11))+(O62*(76.9*$E$11))+(P62*20000),0)+Q62 -> 1414546 | S62: =+G62+M62+R62 -> 1517443 | V62: =+S62-T62 -> 1517443
A63: 46 | C63: A Hôm | D63: CNKT | G63: =ROUND(F63*25000,0) -> 0 | H63: =+VLOOKUP(C63,'Mủ CN (TT)'!C136:AI197,33,0) -> 135 | J63: =+VLOOKUP(C63,'Mủ CN (TT)'!C136:AK197,35,0) -> 78.311762 | K63: 77.165387 | L63: =+VLOOKUP(C63,'Mủ CN (TT)'!C136:AL197,36,0) -> A | M63: =ROUND(J63*IF(L63="A",(6.1*$E$12),IF(L63="B",(5.8*$E$12),IF(L63="C",(5.5*$E$12),IF(L63="D",(5.2*$E$12))))),0) -> 308691 | N63: =+VLOOKUP(C63,'Chấm công CN'!B136:AJ197,34,0) -> 14 | O63: =+VLOOKUP(C63,'Chấm công CN'!B136:AJ197,35,0) -> 3 | P63: =+N63+O63 -> 17 | Q63: 500000 | R63: =ROUND((N63*(46.1*$E$11))+(O63*(76.9*$E$11))+(P63*20000),0)+Q63 -> 1414546 | S63: =+G63+M63+R63 -> 1723237 | V63: =+S63-T63 -> 1723237
A64: 47 | C64: Keo | D64: CNKT | G64: =ROUND(F64*25000,0) -> 0 | H64: =+VLOOKUP(C64,'Mủ CN (TT)'!C137:AI198,33,0) -> 85 | J64: =+VLOOKUP(C64,'Mủ CN (TT)'!C137:AK198,35,0) -> 49.307406 | K64: 48.585614 | L64: =+VLOOKUP(C64,'Mủ CN (TT)'!C137:AL198,36,0) -> A | M64: =ROUND(J64*IF(L64="A",(6.1*$E$12),IF(L64="B",(5.8*$E$12),IF(L64="C",(5.5*$E$12),IF(L64="D",(5.2*$E$12))))),0) -> 194361 | N64: =+VLOOKUP(C64,'Chấm công CN'!B137:AJ198,34,0) -> 11 | O64: =+VLOOKUP(C64,'Chấm công CN'!B137:AJ198,35,0) -> 2 | P64: =+N64+O64 -> 13 | Q64: 500000 | R64: =ROUND((N64*(46.1*$E$11))+(O64*(76.9*$E$11))+(P64*20000),0)+Q64 -> 1193418 | S64: =+G64+M64+R64 -> 1387779 | V64: =+S64-T64 -> 1387779
A65: 48 | C65: Cha phau | D65: CNKT | G65: =ROUND(F65*25000,0) -> 0 | H65: =+VLOOKUP(C65,'Mủ CN (TT)'!C138:AI199,33,0) -> 0 | J65: =+VLOOKUP(C65,'Mủ CN (TT)'!C138:AK199,35,0) -> 0 | K65: 0 | L65: =+VLOOKUP(C65,'Mủ CN (TT)'!C138:AL199,36,0) -> B | M65: =ROUND(J65*IF(L65="A",(6.1*$E$12),IF(L65="B",(5.8*$E$12),IF(L65="C",(5.5*$E$12),IF(L65="D",(5.2*$E$12))))),0) -> 0 | N65: =+VLOOKUP(C65,'Chấm công CN'!B138:AJ199,34,0) -> 12 | O65: =+VLOOKUP(C65,'Chấm công CN'!B138:AJ199,35,0) -> 2 | P65: =+N65+O65 -> 14 | Q65: 500000 | R65: =ROUND((N65*(46.1*$E$11))+(O65*(76.9*$E$11))+(P65*20000),0)+Q65 -> 1243651 | S65: =+G65+M65+R65 -> 1243651 | V65: =+S65-T65 -> 1243651
A66: 49 | C66: A Long | D66: CNKT | G66: =ROUND(F66*25000,0) -> 0 | H66: =+VLOOKUP(C66,'Mủ CN (TT)'!C139:AI200,33,0) -> 116 | J66: =+VLOOKUP(C66,'Mủ CN (TT)'!C139:AK200,35,0) -> 67.290107 | K66: 66.305073 | L66: =+VLOOKUP(C66,'Mủ CN (TT)'!C139:AL200,36,0) -> A | M66: =ROUND(J66*IF(L66="A",(6.1*$E$12),IF(L66="B",(5.8*$E$12),IF(L66="C",(5.5*$E$12),IF(L66="D",(5.2*$E$12))))),0) -> 265245 | N66: =+VLOOKUP(C66,'Chấm công CN'!B139:AJ200,34,0) -> 13 | O66: =+VLOOKUP(C66,'Chấm công CN'!B139:AJ200,35,0) -> 3 | P66: =+N66+O66 -> 16 | Q66: 500000 | R66: =ROUND((N66*(46.1*$E$11))+(O66*(76.9*$E$11))+(P66*20000),0)+Q66 -> 1364314 | S66: =+G66+M66+R66 -> 1629559 | V66: =+S66-T66 -> 1629559
A67: 50 | C67: Thảo Von | D67: CNKT | G67: =ROUND(F67*25000,0) -> 0 | H67: =+VLOOKUP(C67,'Mủ CN (TT)'!C140:AI201,33,0) -> 87 | J67: =+VLOOKUP(C67,'Mủ CN (TT)'!C140:AK201,35,0) -> 50.46758 | K67: 49.728805 | L67: =+VLOOKUP(C67,'Mủ CN (TT)'!C140:AL201,36,0) -> A | M67: =ROUND(J67*IF(L67="A",(6.1*$E$12),IF(L67="B",(5.8*$E$12),IF(L67="C",(5.5*$E$12),IF(L67="D",(5.2*$E$12))))),0) -> 198934 | N67: =+VLOOKUP(C67,'Chấm công CN'!B140:AJ201,34,0) -> 9 | O67: =+VLOOKUP(C67,'Chấm công CN'!B140:AJ201,35,0) -> 3 | P67: =+N67+O67 -> 12 | Q67: 500000 | R67: =ROUND((N67*(46.1*$E$11))+(O67*(76.9*$E$11))+(P67*20000),0)+Q67 -> 1163384 | S67: =+G67+M67+R67 -> 1362318 | V67: =+S67-T67 -> 1362318
A68: 51 | C68: A Beo | D68: CNKT | G68: =ROUND(F68*25000,0) -> 0 | H68: =+VLOOKUP(C68,'Mủ CN (TT)'!C141:AI202,33,0) -> 0 | J68: =+VLOOKUP(C68,'Mủ CN (TT)'!C141:AK202,35,0) -> 0 | K68: 0 | L68: =+VLOOKUP(C68,'Mủ CN (TT)'!C141:AL202,36,0) -> A | M68: =ROUND(J68*IF(L68="A",(6.1*$E$12),IF(L68="B",(5.8*$E$12),IF(L68="C",(5.5*$E$12),IF(L68="D",(5.2*$E$12))))),0) -> 0 | N68: =+VLOOKUP(C68,'Chấm công CN'!B141:AJ202,34,0) -> 13 | O68: =+VLOOKUP(C68,'Chấm công CN'!B141:AJ202,35,0) -> 2 | P68: =+N68+O68 -> 15 | Q68: 500000 | R68: =ROUND((N68*(46.1*$E$11))+(O68*(76.9*$E$11))+(P68*20000),0)+Q68 -> 1293883 | S68: =+G68+M68+R68 -> 1293883 | V68: =+S68-T68 -> 1293883
A69: 52 | C69: Thảo Sèng | D69: CNKT | G69: =ROUND(F69*25000,0) -> 0 | H69: =+VLOOKUP(C69,'Mủ CN (TT)'!C142:AI203,33,0) -> 107 | J69: =+VLOOKUP(C69,'Mủ CN (TT)'!C142:AK203,35,0) -> 62.069323 | K69: 61.160714 | L69: =+VLOOKUP(C69,'Mủ CN (TT)'!C142:AL203,36,0) -> A | M69: =ROUND(J69*IF(L69="A",(6.1*$E$12),IF(L69="B",(5.8*$E$12),IF(L69="C",(5.5*$E$12),IF(L69="D",(5.2*$E$12))))),0) -> 244666 | N69: =+VLOOKUP(C69,'Chấm công CN'!B142:AJ203,34,0) -> 13 | O69: =+VLOOKUP(C69,'Chấm công CN'!B142:AJ203,35,0) -> 2 | P69: =+N69+O69 -> 15 | Q69: 500000 | R69: =ROUND((N69*(46.1*$E$11))+(O69*(76.9*$E$11))+(P69*20000),0)+Q69 -> 1293883 | S69: =+G69+M69+R69 -> 1538549 | V69: =+S69-T69 -> 1538549
A70: 53 | C70: A Sen | D70: CNKT | G70: =ROUND(F70*25000,0) -> 0 | H70: =+VLOOKUP(C70,'Mủ CN (TT)'!C143:AI204,33,0) -> 25 | J70: =+VLOOKUP(C70,'Mủ CN (TT)'!C143:AK204,35,0) -> 14.502178 | K70: 14.289886 | L70: =+VLOOKUP(C70,'Mủ CN (TT)'!C143:AL204,36,0) -> A | M70: =ROUND(J70*IF(L70="A",(6.1*$E$12),IF(L70="B",(5.8*$E$12),IF(L70="C",(5.5*$E$12),IF(L70="D",(5.2*$E$12))))),0) -> 57165 | N70: =+VLOOKUP(C70,'Chấm công CN'!B143:AJ204,34,0) -> 12 | O70: =+VLOOKUP(C70,'Chấm công CN'!B143:AJ204,35,0) -> 2 | P70: =+N70+O70 -> 14 | Q70: 500000 | R70: =ROUND((N70*(46.1*$E$11))+(O70*(76.9*$E$11))+(P70*20000),0)+Q70 -> 1243651 | S70: =+G70+M70+R70 -> 1300816 | V70: =+S70-T70 -> 1300816
A71: 54 | C71: Sim say | D71: CNKT | G71: =ROUND(F71*25000,0) -> 0 | H71: =+VLOOKUP(C71,'Mủ CN (TT)'!C144:AI205,33,0) -> 96 | J71: =+VLOOKUP(C71,'Mủ CN (TT)'!C144:AK205,35,0) -> 55.688364 | K71: 54.873164 | L71: =+VLOOKUP(C71,'Mủ CN (TT)'!C144:AL205,36,0) -> A | M71: =ROUND(J71*IF(L71="A",(6.1*$E$12),IF(L71="B",(5.8*$E$12),IF(L71="C",(5.5*$E$12),IF(L71="D",(5.2*$E$12))))),0) -> 219514 | N71: =+VLOOKUP(C71,'Chấm công CN'!B144:AJ205,34,0) -> 12 | O71: =+VLOOKUP(C71,'Chấm công CN'!B144:AJ205,35,0) -> 3 | P71: =+N71+O71 -> 15 | Q71: 500000 | R71: =ROUND((N71*(46.1*$E$11))+(O71*(76.9*$E$11))+(P71*20000),0)+Q71 -> 1314082 | S71: =+G71+M71+R71 -> 1533596 | V71: =+S71-T71 -> 1533596
A72: 55 | C72: Khoa | D72: CNKT | G72: =ROUND(F72*25000,0) -> 0 | H72: =+VLOOKUP(C72,'Mủ CN (TT)'!C145:AI206,33,0) -> 247 | J72: =+VLOOKUP(C72,'Mủ CN (TT)'!C145:AK206,35,0) -> 143.28152 | K72: 141.18408 | L72: =+VLOOKUP(C72,'Mủ CN (TT)'!C145:AL206,36,0) -> A | M72: =ROUND(J72*IF(L72="A",(6.1*$E$12),IF(L72="B",(5.8*$E$12),IF(L72="C",(5.5*$E$12),IF(L72="D",(5.2*$E$12))))),0) -> 564790 | N72: =+VLOOKUP(C72,'Chấm công CN'!B145:AJ206,34,0) -> 15 | O72: =+VLOOKUP(C72,'Chấm công CN'!B145:AJ206,35,0) -> 3 | P72: =+N72+O72 -> 18 | Q72: 500000 | R72: =ROUND((N72*(46.1*$E$11))+(O72*(76.9*$E$11))+(P72*20000),0)+Q72 -> 1464779 | S72: =+G72+M72+R72 -> 2029569 | V72: =+S72-T72 -> 2029569
... A91: 74 | C91: Thọ Tinh | D91: CNKT | G91: =ROUND(F91*25000,0) -> 0 | H91: =+VLOOKUP(C91,'Mủ CN (TT)'!C164:AI225,33,0) -> 117 | J91: =+VLOOKUP(C91,'Mủ CN (TT)'!C164:AK225,35,0) -> 68.736561 | K91: 67.730353 | L91: =+VLOOKUP(C91,'Mủ CN (TT)'!C164:AL225,36,0) -> A | M91: =ROUND(J91*IF(L91="A",(6.1*$E$12),IF(L91="B",(5.8*$E$12),IF(L91="C",(5.5*$E$12),IF(L91="D",(5.2*$E$12))))),0) -> 270947 | N91: =+VLOOKUP(C91,'Chấm công CN'!B164:AJ225,34,0) -> 9 | O91: =+VLOOKUP(C91,'Chấm công CN'!B164:AJ225,35,0) -> 2 | P91: =+N91+O91 -> 11 | Q91: 500000 | R91: =ROUND((N91*(46.1*$E$11))+(O91*(76.9*$E$11))+(P91*20000),0)+Q91 -> 1092953 | S91: =+G91+M91+R91 -> 1363900 | V91: =+S91-T91 -> 1363900
A92: 75 | C92: Bố Nọi | D92: CNKT | G92: =ROUND(F92*25000,0) -> 0 | H92: =+VLOOKUP(C92,'Mủ CN (TT)'!C165:AI226,33,0) -> 51 | J92: =+VLOOKUP(C92,'Mủ CN (TT)'!C165:AK226,35,0) -> 29.962091 | K92: 29.523487 | L92: =+VLOOKUP(C92,'Mủ CN (TT)'!C165:AL226,36,0) -> A | M92: =ROUND(J92*IF(L92="A",(6.1*$E$12),IF(L92="B",(5.8*$E$12),IF(L92="C",(5.5*$E$12),IF(L92="D",(5.2*$E$12))))),0) -> 118105 | N92: =+VLOOKUP(C92,'Chấm công CN'!B165:AJ226,34,0) -> 10 | O92: =+VLOOKUP(C92,'Chấm công CN'!B165:AJ226,35,0) -> 1 | P92: =+N92+O92 -> 11 | Q92: 500000 | R92: =ROUND((N92*(46.1*$E$11))+(O92*(76.9*$E$11))+(P92*20000),0)+Q92+0.18 -> 1072755.2 | S92: =+G92+M92+R92 -> 1190860.2 | V92: =+S92-T92 -> 1190860.2
A93: 76 | C93: A Thưng | D93: CNKT | G93: =ROUND(F93*25000,0) -> 0 | H93: =+VLOOKUP(C93,'Mủ CN (TT)'!C166:AI227,33,0) -> 2 | J93: =+VLOOKUP(C93,'Mủ CN (TT)'!C166:AK227,35,0) -> 1.1749839 | K93: 1.1577838 | L93: =+VLOOKUP(C93,'Mủ CN (TT)'!C166:AL227,36,0) -> A | M93: =ROUND(J93*IF(L93="A",(6.1*$E$12),IF(L93="B",(5.8*$E$12),IF(L93="C",(5.5*$E$12),IF(L93="D",(5.2*$E$12))))),0) -> 4632 | N93: =+VLOOKUP(C93,'Chấm công CN'!B166:AJ227,34,0) -> 8 | O93: =+VLOOKUP(C93,'Chấm công CN'!B166:AJ227,35,0) -> 1 | P93: =+N93+O93 -> 9 | Q93: 500000 | R93: =ROUND((N93*(46.1*$E$11))+(O93*(76.9*$E$11))+(P93*20000),0)+Q93+0.06 -> 972290.06 | S93: =+G93+M93+R93 -> 976922.06 | V93: =+S93-T93 -> 976922.06
A94: 77 | C94: Xì xung | D94: CNKT | G94: =ROUND(F94*25000,0) -> 0 | H94: =+VLOOKUP(C94,'Mủ CN (TT)'!C167:AI228,33,0) -> 18 | J94: =+VLOOKUP(C94,'Mủ CN (TT)'!C167:AK228,35,0) -> 10.574855 | K94: 10.420054 | L94: =+VLOOKUP(C94,'Mủ CN (TT)'!C167:AL228,36,0) -> B | M94: =ROUND(J94*IF(L94="A",(6.1*$E$12),IF(L94="B",(5.8*$E$12),IF(L94="C",(5.5*$E$12),IF(L94="D",(5.2*$E$12))))),0) -> 39634 | N94: =+VLOOKUP(C94,'Chấm công CN'!B167:AJ228,34,0) -> 6 | O94: =+VLOOKUP(C94,'Chấm công CN'!B167:AJ228,35,0) -> 1 | P94: =+N94+O94 -> 7 | Q94: 500000 | R94: =ROUND((N94*(46.1*$E$11))+(O94*(76.9*$E$11))+(P94*20000),0)+Q94+0.3 -> 871825.3 | S94: =+G94+M94+R94 -> 911459.3 | V94: =+S94-T94 -> 911459.3
A95: 78 | C95: Cha Chiệp | D95: CNKT | G95: =ROUND(F95*25000,0) -> 0 | H95: =+VLOOKUP(C95,'Mủ CN (TT)'!C168:AI229,33,0) -> 100 | J95: =+VLOOKUP(C95,'Mủ CN (TT)'!C168:AK229,35,0) -> 58.749197 | K95: 57.889191 | L95: =+VLOOKUP(C95,'Mủ CN (TT)'!C168:AL229,36,0) -> A | M95: =ROUND(J95*IF(L95="A",(6.1*$E$12),IF(L95="B",(5.8*$E$12),IF(L95="C",(5.5*$E$12),IF(L95="D",(5.2*$E$12))))),0) -> 231579 | N95: =+VLOOKUP(C95,'Chấm công CN'!B168:AJ229,34,0) -> 10 | O95: =+VLOOKUP(C95,'Chấm công CN'!B168:AJ229,35,0) -> 1 | P95: =+N95+O95 -> 11 | Q95: 500000 | R95: =ROUND((N95*(46.1*$E$11))+(O95*(76.9*$E$11))+(P95*20000),0)+Q95-0.18 -> 1072754.8 | S95: =+G95+M95+R95 -> 1304333.8 | V95: =+S95-T95 -> 1304333.8
A96: 79 | C96: Cha Măn | D96: CNKT | G96: =ROUND(F96*25000,0) -> 0 | H96: =+VLOOKUP(C96,'Mủ CN (TT)'!C169:AI230,33,0) -> 64 | J96: =+VLOOKUP(C96,'Mủ CN (TT)'!C169:AK230,35,0) -> 37.599486 | K96: 37.049082 | L96: =+VLOOKUP(C96,'Mủ CN (TT)'!C169:AL230,36,0) -> A | M96: =ROUND(J96*IF(L96="A",(6.1*$E$12),IF(L96="B",(5.8*$E$12),IF(L96="C",(5.5*$E$12),IF(L96="D",(5.2*$E$12))))),0) -> 148210 | N96: =+VLOOKUP(C96,'Chấm công CN'!B169:AJ230,34,0) -> 8 | O96: =+VLOOKUP(C96,'Chấm công CN'!B169:AJ230,35,0) -> 2 | P96: =+N96+O96 -> 10 | Q96: 500000 | R96: =ROUND((N96*(46.1*$E$11))+(O96*(76.9*$E$11))+(P96*20000),0)+Q96+0.08 -> 1042721.1 | S96: =+G96+M96+R96 -> 1190931.1 | V96: =+S96-T96 -> 1190931.1
A97: 80 | C97: A Nem | D97: CNKT | G97: =ROUND(F97*25000,0) -> 0 | H97: =+VLOOKUP(C97,'Mủ CN (TT)'!C170:AI231,33,0) -> 0 | J97: =+VLOOKUP(C97,'Mủ CN (TT)'!C170:AK231,35,0) -> 0 | K97: 0 | L97: =+VLOOKUP(C97,'Mủ CN (TT)'!C170:AL231,36,0) -> A | M97: =ROUND(J97*IF(L97="A",(6.1*$E$12),IF(L97="B",(5.8*$E$12),IF(L97="C",(5.5*$E$12),IF(L97="D",(5.2*$E$12))))),0) -> 0 | N97: =+VLOOKUP(C97,'Chấm công CN'!B170:AJ231,34,0) -> 10 | O97: =+VLOOKUP(C97,'Chấm công CN'!B170:AJ231,35,0) -> 0 | P97: =+N97+O97 -> 10 | Q97: 500000 | R97: =ROUND((N97*(46.1*$E$11))+(O97*(76.9*$E$11))+(P97*20000),0)+Q97-0.2 -> 1002323.8 | S97: =+G97+M97+R97 -> 1002323.8 | V97: =+S97-T97 -> 1002323.8
A98: 81 | C98: Muôi | D98: CNKT | G98: =ROUND(F98*25000,0) -> 0 | H98: =+VLOOKUP(C98,'Mủ CN (TT)'!C171:AI232,33,0) -> 34 | J98: =+VLOOKUP(C98,'Mủ CN (TT)'!C171:AK232,35,0) -> 19.974727 | K98: 19.682325 | L98: =+VLOOKUP(C98,'Mủ CN (TT)'!C171:AL232,36,0) -> A | M98: =ROUND(J98*IF(L98="A",(6.1*$E$12),IF(L98="B",(5.8*$E$12),IF(L98="C",(5.5*$E$12),IF(L98="D",(5.2*$E$12))))),0) -> 78737 | N98: =+VLOOKUP(C98,'Chấm công CN'!B171:AJ232,34,0) -> 9 | O98: =+VLOOKUP(C98,'Chấm công CN'!B171:AJ232,35,0) -> 2 | P98: =+N98+O98 -> 11 | Q98: 500000 | R98: =ROUND((N98*(46.1*$E$11))+(O98*(76.9*$E$11))+(P98*20000),0)+Q98+0.46 -> 1092953.5 | S98: =+G98+M98+R98 -> 1171690.5 | V98: =+S98-T98 -> 1171690.5
A99: 82 | C99: A Hông | D99: CNKT | G99: =ROUND(F99*25000,0) -> 0 | H99: =+VLOOKUP(C99,'Mủ CN (TT)'!C172:AI233,33,0) -> 0 | J99: =+VLOOKUP(C99,'Mủ CN (TT)'!C172:AK233,35,0) -> 0 | K99: 0 | L99: =+VLOOKUP(C99,'Mủ CN (TT)'!C172:AL233,36,0) -> B | M99: =ROUND(J99*IF(L99="A",(6.1*$E$12),IF(L99="B",(5.8*$E$12),IF(L99="C",(5.5*$E$12),IF(L99="D",(5.2*$E$12))))),0) -> 0 | N99: =+VLOOKUP(C99,'Chấm công CN'!B172:AJ233,34,0) -> 7 | O99: =+VLOOKUP(C99,'Chấm công CN'!B172:AJ233,35,0) -> 1 | P99: =+N99+O99 -> 8 | Q99: 500000 | R99: =ROUND((N99*(46.1*$E$11))+(O99*(76.9*$E$11))+(P99*20000),0)+Q99-0.32 -> 922057.68 | S99: =+G99+M99+R99 -> 922057.68 | V99: =+S99-T99 -> 922057.68
A100: 83 | C100: Ka Văng | D100: CNKT | G100: =ROUND(F100*25000,0) -> 0 | H100: =+VLOOKUP(C100,'Mủ CN (TT)'!C173:AI234,33,0) -> 110 | J100: =+VLOOKUP(C100,'Mủ CN (TT)'!C173:AK234,35,0) -> 64.624117 | K100: 63.67811 | L100: =+VLOOKUP(C100,'Mủ CN (TT)'!C173:AL234,36,0) -> A | M100: =ROUND(J100*IF(L100="A",(6.1*$E$12),IF(L100="B",(5.8*$E$12),IF(L100="C",(5.5*$E$12),IF(L100="D",(5.2*$E$12))))),0) -> 254737 | N100: =+VLOOKUP(C100,'Chấm công CN'!B173:AJ234,34,0) -> 10 | O100: =+VLOOKUP(C100,'Chấm công CN'!B173:AJ234,35,0) -> 1 | P100: =+N100+O100 -> 11 | Q100: 500000 | R100: =ROUND((N100*(46.1*$E$11))+(O100*(76.9*$E$11))+(P100*20000),0)+Q100-0.18 -> 1072754.8 | S100: =+G100+M100+R100 -> 1327491.8 | V100: =+S100-T100 -> 1327491.8
A101: 84 | C101: Xăm Mái | D101: CNKT | G101: =ROUND(F101*25000,0) -> 0 | H101: =+VLOOKUP(C101,'Mủ CN (TT)'!C174:AI235,33,0) -> 9 | J101: =+VLOOKUP(C101,'Mủ CN (TT)'!C174:AK235,35,0) -> 5.2874277 | K101: 5.2100271 | L101: =+VLOOKUP(C101,'Mủ CN (TT)'!C174:AL235,36,0) -> A | M101: =ROUND(J101*IF(L101="A",(6.1*$E$12),IF(L101="B",(5.8*$E$12),IF(L101="C",(5.5*$E$12),IF(L101="D",(5.2*$E$12))))),0) -> 20842 | N101: =+VLOOKUP(C101,'Chấm công CN'!B174:AJ235,34,0) -> 9 | O101: =+VLOOKUP(C101,'Chấm công CN'!B174:AJ235,35,0) -> 2 | P101: =+N101+O101 -> 11 | Q101: 500000 | R101: =ROUND((N101*(46.1*$E$11))+(O101*(76.9*$E$11))+(P101*20000),0)+Q101+0.46 -> 1092953.5 | S101: =+G101+M101+R101 -> 1113795.5 | V101: =+S101-T101 -> 1113795.5
A102: 85 | C102: Ly | D102: CNKT | G102: =ROUND(F102*25000,0) -> 0 | H102: =+VLOOKUP(C102,'Mủ CN (TT)'!C175:AI236,33,0) -> 92 | J102: =+VLOOKUP(C102,'Mủ CN (TT)'!C175:AK236,35,0) -> 54.049261 | K102: 53.258055 | L102: =+VLOOKUP(C102,'Mủ CN (TT)'!C175:AL236,36,0) -> A | M102: =ROUND(J102*IF(L102="A",(6.1*$E$12),IF(L102="B",(5.8*$E$12),IF(L102="C",(5.5*$E$12),IF(L102="D",(5.2*$E$12))))),0) -> 213052 | N102: =+VLOOKUP(C102,'Chấm công CN'!B175:AJ236,34,0) -> 10 | O102: =+VLOOKUP(C102,'Chấm công CN'!B175:AJ236,35,0) -> 2 | P102: =+N102+O102 -> 12 | Q102: 500000 | R102: =ROUND((N102*(46.1*$E$11))+(O102*(76.9*$E$11))+(P102*20000),0)+Q102-0.16 -> 1143185.8 | S102: =+G102+M102+R102 -> 1356237.8 | V102: =+S102-T102 -> 1356237.8
A103: 86 | C103: A Tè | D103: CNKT | G103: =ROUND(F103*25000,0) -> 0 | H103: =+VLOOKUP(C103,'Mủ CN (TT)'!C176:AI237,33,0) -> 0 | J103: =+VLOOKUP(C103,'Mủ CN (TT)'!C176:AK237,35,0) -> 0 | L103: =+VLOOKUP(C103,'Mủ CN (TT)'!C176:AL237,36,0) -> A | M103: =ROUND(J103*IF(L103="A",(6.1*$E$12),IF(J103="B",(5.8*$E$12),IF(J103="C",(5.5*$E$12),IF(J103="D",(5.2*$E$12))))),0) -> 0 | N103: =+VLOOKUP(C103,'Chấm công CN'!B176:AJ237,34,0) -> 10 | O103: =+VLOOKUP(C103,'Chấm công CN'!B176:AJ237,35,0) -> 0 | P103: =+N103+O103 -> 10 | Q103: 500000 | R103: =ROUND((N103*(46.1*$E$11))+(O103*(76.9*$E$11))+(P103*20000),0)+Q103-0.2 -> 1002323.8 | S103: =+G103+M103+R103 -> 1002323.8 | V103: =+S103-T103 -> 1002323.8
A104: Tổng cộng | F104: =+SUBTOTAL(9,F18:F103) -> 0 | G104: =+SUBTOTAL(9,G18:G103) -> 0 | H104: =+SUBTOTAL(9,H18:H103) -> 5918 | I104: =+SUBTOTAL(9,I18:I103) -> 0 | J104: =+SUBTOTAL(9,J18:J103) -> 3439.383 | K104: =+SUBTOTAL(9,K18:K103) -> 3389.0352 | L104: =+SUBTOTAL(9,L18:L103) -> 0 | M104: =+SUBTOTAL(9,M18:M103) -> 13554016 | ... T104: =+SUBTOTAL(9,T18:T103) -> 0 | U104: =+SUBTOTAL(9,#REF!) -> #REF! | V104: =+SUBTOTAL(9,V18:V103) -> 1.1893215e+08
A105: Bằng chữ : Hai trăm năm mươi sáu triệu, bốn trăm hai mươi hai nghìn, một trăn năm mươi kíp
S107: Huyện Noong, ngày 01 tháng 05 năm 2025
