Workbook

Sheet Chấm công KT
B1: CỘNG HÒA DÂN CHỦ NHÂN DÂN LÀO
B2: Hòa Bình -Độc Lập - Dân Chủ - thống Nhất - Thịnh Vượng
B3: -----o0o-----
B5: CÔNG TY TNHH MTV QUASA - GERUCO LÀO
B6: ĐỘI SẢN XUẤT SỐ 04
B7: BẢNG CHẤM CÔNG PHỤ CẤP CHO CÔNG NHÂN KHAI THÁC THÁNG 09 NĂM 2025
A8: (Từ ngày 01/09 đến 30/09/2025)
A10: STT | C10: MSNV | D10: HỌ VÀ TÊN | E10: Kí tên | F10: Phụ cấp ngày cạo, ngày chủ nhật | AK10: Ngày công đi cạo thường | AL10: Ngày CN thường | AM10: Ngày công đi cạo 2 lát (đ) | AN10: Ngày công chủ nhật cạo 2 lát (đc) | AO10: Ngày công cạo gia tăng 2 miêng (gt) | AP10: Ngày chủ nhật cạo gia tăng 2 miệng (ct) | AQ10: Tổng công | AU10: Ngày công đi cạo thường (x) | AV10: Ngày CN thường (cn) | AW10: Ngày công đi cạo 2 lát (đ) | AX10: Ngày công chủ nhật cạo 2 lát (đc) | AY10: Ngày công cạo gia tăng 2 miêng (gt) | AZ10: Ngày chủ nhật cạo gia tăng 2 miệng (ct)
F11: 1 | G11: 2 | H11: 3 | I11: 4 | J11: 5 | K11: 6 | L11: 7 | M11: 8 | N11: 9 | O11: 10 | P11: 11 | Q11: 12 | R11: 13 | S11: 14 | T11: 15 | U11: 16 | V11: 17 | W11: 18 | X11: 19 | Y11: 20 | Z11: 21 | AA11: 22 | AB11: 23 | AC11: 24 | AD11: 25 | AE11: 26 | AF11: 27 | AG11: 28 | AH11: 29 | AI11: 30 | AJ11: 31
A12: Trạm 1 | F12: =SUM(COUNTIF(F13:F93,"x"))+(COUNTIF(F13:F93,"cn"))+(COUNTIF(F13:F93,"gt"))+(COUNTIF(F13:F93,"ct"))+(COUNTIF(F13:F93,"đ"))+(COUNTIF(F13:F93,"đc")) -> 73 | G12: =SUM(COUNTIF(G13:G93,"x"))+(COUNTIF(G13:G93,"cn"))+(COUNTIF(G13:G93,"gt"))+(COUNTIF(G13:G93,"ct"))+(COUNTIF(G13:G93,"đ"))+(COUNTIF(G13:G93,"đc")) -> 73 | H12: =SUM(COUNTIF(H13:H93,"x"))+(COUNTIF(H13:H93,"cn"))+(COUNTIF(H13:H93,"gt"))+(COUNTIF(H13:H93,"ct"))+(COUNTIF(H13:H93,"đ"))+(COUNTIF(H13:H93,"đc")) -> 73 | I12: =SUM(COUNTIF(I13:I93,"x"))+(COUNTIF(I13:I93,"cn"))+(COUNTIF(I13:I93,"gt"))+(COUNTIF(I13:I93,"ct"))+(COUNTIF(I13:I93,"đ"))+(COUNTIF(I13:I93,"đc")) -> 73 | J12: =SUM(COUNTIF(J13:J93,"x"))+(COUNTIF(J13:J93,"cn"))+(COUNTIF(J13:J93,"gt"))+(COUNTIF(J13:J93,"ct"))+(COUNTIF(J13:J93,"đ"))+(COUNTIF(J13:J93,"đc")) -> 73 | K12: =SUM(COUNTIF(K13:K93,"x"))+(COUNTIF(K13:K93,"cn"))+(COUNTIF(K13:K93,"gt"))+(COUNTIF(K13:K93,"ct"))+(COUNTIF(K13:K93,"đ"))+(COUNTIF(K13:K93,"đc")) -> 73 | L12: =SUM(COUNTIF(L13:L93,"x"))+(COUNTIF(L13:L93,"cn"))+(COUNTIF(L13:L93,"gt"))+(COUNTIF(L13:L93,"ct"))+(COUNTIF(L13:L93,"đ"))+(COUNTIF(L13:L93,"đc")) -> 73 | M12: =SUM(COUNTIF(M13:M93,"x"))+(COUNTIF(M13:M93,"cn"))+(COUNTIF(M13:M93,"gt"))+(COUNTIF(M13:M93,"ct"))+(COUNTIF(M13:M93,"đ"))+(COUNTIF(M13:M93,"đc")) -> 73 | ... AJ12: =SUM(COUNTIF(AJ13:AJ93,"x"))+(COUNTIF(AJ13:AJ93,"cn"))+(COUNTIF(AJ13:AJ93,"gt"))+(COUNTIF(AJ13:AJ93,"ct"))+(COUNTIF(AJ13:AJ93,"đ"))+(COUNTIF(AJ13:AJ93,"đc")) -> 0 | AK12: =SUM(AK13:AK93) -> 1865 | AL12: =SUM(AL13:AL93) -> 143 | AM12: =SUM(AM13:AM93) -> 0 | AN12: =SUM(AN13:AN93) -> 146 | AO12: =SUM(AO13:AO93) -> 0 | AP12: =SUM(AP13:AP93) -> 0 | AQ12: =SUM(AQ13:AQ93) -> 2154 | AS12: ='Mã số nhân viên'!I3 -> 03456 | AT12: =C13-AS12 -> -3456
A13: 1 | B13: 1 | D13: T. Lăm | F13: x | G13: x | H13: x | I13: x | J13: x | K13: x | L13: cn | M13: x | N13: x | O13: x | P13: x | Q13: x | R13: x | S13: đc | T13: x | U13: x | V13: x | W13: x | X13: x | Y13: x | Z13: đc | AA13: x | AB13: x | AC13: x | AD13: x | AE13: x | AI13: x | AK13: =SUM(COUNTIF(F13:AJ13,"x")) -> 24 | AL13: =SUM(COUNTIF(F13:AJ13,"cn")) -> 1 | AM13: =SUM(COUNTIF(F13:AJ13,"đ")) -> 0 | AN13: =SUM(COUNTIF(F13:AJ13,"đc")) -> 2 | AO13: =SUM(COUNTIF(F13:AJ13,"gt")) -> 0 | AP13: =SUM(COUNTIF(F13:AJ13,"ct")) -> 0 | AQ13: =AK13+AL13+AM13+AN13+AO13+AP13 -> 27 | AS13: ='Mã số nhân viên'!I4 -> 04052 | AT13: =C14-AS13 -> 0
A14: 2 | B14: 2 | C14: =VLOOKUP(D14,'Mã số nhân viên'!B4:I135,8,0) -> 04052 | D14: T. Feng | F14: x | G14: x | H14: x | I14: x | J14: x | K14: x | L14: cn | M14: x | N14: x | O14: x | P14: x | Q14: x | R14: x | S14: đc | T14: tt | U14: x | V14: x | W14: x | X14: x | Y14: x | Z14: đc | AA14: x | AB14: x | AC14: x | AD14: x | AF14: x | AH14: x | AI14: x | AK14: =SUM(COUNTIF(F14:AJ14,"x")) -> 24 | AL14: =SUM(COUNTIF(F14:AJ14,"cn")) -> 1 | AM14: =SUM(COUNTIF(F14:AJ14,"đ")) -> 0 | AN14: =SUM(COUNTIF(F14:AJ14,"đc")) -> 2 | AO14: =SUM(COUNTIF(F14:AJ14,"gt")) -> 0 | AP14: =SUM(COUNTIF(F14:AJ14,"ct")) -> 0 | AQ14: =AK14+AL14+AM14+AN14+AO14+AP14 -> 27 | AS14: ='Mã số nhân viên'!I5 -> 02725 | AT14: =C15-AS14 -> 0
A15: 3 | B15: 3 | C15: =VLOOKUP(D15,'Mã số nhân viên'!B5:I136,8,0) -> 02725 | D15: T. Sa Văn | F15: x | G15: x | H15: x | I15: x | J15: x | K15: x | L15: cn | M15: x | N15: x | O15: x | P15: x | Q15: x | R15: x | S15: đc | T15: x | U15: x | V15: x | W15: x | X15: x | Y15: x | Z15: đc | AA15: x | AB15: x | AC15: x | AE15: x | AG15: cn | AH15: x | AI15: x | AK15: =SUM(COUNTIF(F15:AJ15,"x")) -> 24 | AL15: =SUM(COUNTIF(F15:AJ15,"cn")) -> 2 | AM15: =SUM(COUNTIF(F15:AJ15,"đ")) -> 0 | AN15: =SUM(COUNTIF(F15:AJ15,"đc")) -> 2 | AO15: =SUM(COUNTIF(F15:AJ15,"gt")) -> 0 | AP15: =SUM(COUNTIF(F15:AJ15,"ct")) -> 0 | AQ15: =AK15+AL15+AM15+AN15+AO15+AP15 -> 28 | AS15: ='Mã số nhân viên'!I6 -> 04053 | AT15: =C16-AS15 -> 0
A16: 4 | B16: 4 | C16: =VLOOKUP(D16,'Mã số nhân viên'!B6:I137,8,0) -> 04053 | D16: Lăm Ma Thu | F16: x | G16: x | H16: x | I16: x | J16: x | K16: x | L16: cn | M16: x | N16: x | O16: x | P16: x | Q16: x | R16: x | S16: đc | T16: x | U16: x | V16: x | W16: x | X16: x | Y16: x | Z16: đc | AA16: x | AB16: x | AC16: x | AD16: x | AE16: x | AF16: x | AG16: cn | AH16: x | AI16: x | AK16: =SUM(COUNTIF(F16:AJ16,"x")) -> 26 | AL16: =SUM(COUNTIF(F16:AJ16,"cn")) -> 2 | AM16: =SUM(COUNTIF(F16:AJ16,"đ")) -> 0 | AN16: =SUM(COUNTIF(F16:AJ16,"đc")) -> 2 | AO16: =SUM(COUNTIF(F16:AJ16,"gt")) -> 0 | AP16: =SUM(COUNTIF(F16:AJ16,"ct")) -> 0 | AQ16: =AK16+AL16+AM16+AN16+AO16+AP16 -> 30 | AS16: ='Mã số nhân viên'!I7 -> 03459 | AT16: =C17-AS16 -> 0
A17: 5 | B17: 5 | C17: =VLOOKUP(D17,'Mã số nhân viên'!B7:I138,8,0) -> 03459 | D17: N. Vạt | F17: x | G17: x | H17: x | I17: x | J17: x | K17: x | L17: cn | M17: x | N17: x | O17: x | P17: x | Q17: x | R17: x | S17: đc | T17: x | U17: x | V17: x | W17: tt | X17: x | Y17: x | Z17: đc | AA17: x | AB17: x | AC17: x | AD17: x | AE17: x | AG17: cn | AH17: x | AI17: x | AK17: =SUM(COUNTIF(F17:AJ17,"x")) -> 24 | AL17: =SUM(COUNTIF(F17:AJ17,"cn")) -> 2 | AM17: =SUM(COUNTIF(F17:AJ17,"đ")) -> 0 | AN17: =SUM(COUNTIF(F17:AJ17,"đc")) -> 2 | AO17: =SUM(COUNTIF(F17:AJ17,"gt")) -> 0 | AP17: =SUM(COUNTIF(F17:AJ17,"ct")) -> 0 | AQ17: =AK17+AL17+AM17+AN17+AO17+AP17 -> 28 | AS17: ='Mã số nhân viên'!I8 -> 04054 | AT17: =C18-AS17 -> 0
A18: 6 | B18: 6 | C18: =VLOOKUP(D18,'Mã số nhân viên'!B8:I139,8,0) -> 04054 | D18: N. Kay Son | F18: x | G18: x | H18: x | I18: x | J18: x | K18: x | L18: cn | M18: x | N18: x | O18: x | P18: x | Q18: x | R18: x | S18: đc | T18: x | U18: x | V18: x | W18: x | X18: x | Y18: x | Z18: đc | AA18: x | AB18: x | AC18: x | AD18: x | AE18: x | AF18: x | AG18: cn | AH18: x | AK18: =SUM(COUNTIF(F18:AJ18,"x")) -> 25 | AL18: =SUM(COUNTIF(F18:AJ18,"cn")) -> 2 | AM18: =SUM(COUNTIF(F18:AJ18,"đ")) -> 0 | AN18: =SUM(COUNTIF(F18:AJ18,"đc")) -> 2 | AO18: =SUM(COUNTIF(F18:AJ18,"gt")) -> 0 | AP18: =SUM(COUNTIF(F18:AJ18,"ct")) -> 0 | AQ18: =AK18+AL18+AM18+AN18+AO18+AP18 -> 29 | AS18: ='Mã số nhân viên'!I9 -> 04055 | AT18: =C19-AS18 -> 0
A19: 7 | B19: 7 | C19: =VLOOKUP(D19,'Mã số nhân viên'!B9:I140,8,0) -> 04055 | D19: T. Đèng 1 | F19: x | G19: x | H19: x | I19: x | J19: x | K19: x | L19: cn | M19: x | N19: x | O19: x | P19: x | Q19: x | R19: x | S19: đc | T19: x | U19: x | V19: x | W19: x | X19: x | Y19: x | Z19: đc | AA19: x | AB19: x | AC19: x | AD19: x | AE19: x | AF19: x | AG19: cn | AH19: x | AI19: x | AK19: =SUM(COUNTIF(F19:AJ19,"x")) -> 26 | AL19: =SUM(COUNTIF(F19:AJ19,"cn")) -> 2 | AM19: =SUM(COUNTIF(F19:AJ19,"đ")) -> 0 | AN19: =SUM(COUNTIF(F19:AJ19,"đc")) -> 2 | AO19: =SUM(COUNTIF(F19:AJ19,"gt")) -> 0 | AP19: =SUM(COUNTIF(F19:AJ19,"ct")) -> 0 | AQ19: =AK19+AL19+AM19+AN19+AO19+AP19 -> 30 | AS19: ='Mã số nhân viên'!I10 -> 03462 | AT19: =C20-AS19 -> 0
A20: 8 | B20: 8 | C20: =VLOOKUP(D20,'Mã số nhân viên'!B10:I141,8,0) -> 03462 | D20: T . Bua Ngân | F20: x | G20: x | H20: x | I20: x | J20: x | K20: x | L20: cn | M20: x | N20: x | O20: x | P20: x | Q20: x | R20: x | S20: đc | T20: x | U20: x | V20: x | W20: x | X20: x | Y20: x | Z20: đc | AA20: x | AB20: x | AC20: x | AD20: x | AE20: x | AG20: cn | AH20: x | AI20: x | AK20: =SUM(COUNTIF(F20:AJ20,"x")) -> 25 | AL20: =SUM(COUNTIF(F20:AJ20,"cn")) -> 2 | AM20: =SUM(COUNTIF(F20:AJ20,"đ")) -> 0 | AN20: =SUM(COUNTIF(F20:AJ20,"đc")) -> 2 | AO20: =SUM(COUNTIF(F20:AJ20,"gt")) -> 0 | AP20: =SUM(COUNTIF(F20:AJ20,"ct")) -> 0 | AQ20: =AK20+AL20+AM20+AN20+AO20+AP20 -> 29 | AS20: ='Mã số nhân viên'!I11 -> 03463 | AT20: =C21-AS20 -> 0
A21: 9 | B21: 9 | C21: =VLOOKUP(D21,'Mã số nhân viên'!B11:I142,8,0) -> 03463 | D21: T Căng | F21: x | G21: x | H21: x | I21: x | J21: x | K21: x | L21: cn | M21: x | N21: x | O21: x | P21: x | Q21: x | R21: x | S21: đc | T21: x | U21: x | V21: x | W21: x | X21: x | Y21: x | Z21: đc | AA21: x | AB21: x | AC21: x | AD21: x | AE21: x | AG21: cn | AH21: x | AI21: x | AK21: =SUM(COUNTIF(F21:AJ21,"x")) -> 25 | AL21: =SUM(COUNTIF(F21:AJ21,"cn")) -> 2 | AM21: =SUM(COUNTIF(F21:AJ21,"đ")) -> 0 | AN21: =SUM(COUNTIF(F21:AJ21,"đc")) -> 2 | AO21: =SUM(COUNTIF(F21:AJ21,"gt")) -> 0 | AP21: =SUM(COUNTIF(F21:AJ21,"ct")) -> 0 | AQ21: =AK21+AL21+AM21+AN21+AO21+AP21 -> 29 | AS21: ='Mã số nhân viên'!I12 -> 03464 | AT21: =C22-AS21 -> 0
A22: 10 | B22: 10 | C22: =VLOOKUP(D22,'Mã số nhân viên'!B12:I143,8,0) -> 03464 | D22: N. Phôn 1 | F22: x | G22: x | H22: x | I22: x | J22: x | K22: x | L22: cn | M22: x | N22: x | O22: x | P22: x | Q22: x | R22: x | S22: đc | T22: x | U22: x | V22: x | W22: x | X22: x | Y22: x | Z22: đc | AA22: x | AB22: x | AC22: x | AD22: x | AE22: x | AG22: cn | AH22: x | AI22: x | AK22: =SUM(COUNTIF(F22:AJ22,"x")) -> 25 | AL22: =SUM(COUNTIF(F22:AJ22,"cn")) -> 2 | AM22: =SUM(COUNTIF(F22:AJ22,"đ")) -> 0 | AN22: =SUM(COUNTIF(F22:AJ22,"đc")) -> 2 | AO22: =SUM(COUNTIF(F22:AJ22,"gt")) -> 0 | AP22: =SUM(COUNTIF(F22:AJ22,"ct")) -> 0 | AQ22: =AK22+AL22+AM22+AN22+AO22+AP22 -> 29 | AS22: ='Mã số nhân viên'!I13 -> 03465 | AT22: =C23-AS22 -> 0
A23: 11 | B23: 11 | C23: =VLOOKUP(D23,'Mã số nhân viên'!B13:I144,8,0) -> 03465 | D23: T. In Păn | F23: x | G23: x | H23: x | I23: x | J23: x | K23: x | L23: cn | M23: x | N23: x | O23: x | P23: x | Q23: x | R23: x | S23: đc | T23: x | U23: x | V23: x | W23: x | X23: x | Y23: x | Z23: đc | AA23: x | AB23: x | AC23: x | AD23: x | AF23: x | AG23: cn | AH23: x | AI23: x | AK23: =SUM(COUNTIF(F23:AJ23,"x")) -> 25 | AL23: =SUM(COUNTIF(F23:AJ23,"cn")) -> 2 | AM23: =SUM(COUNTIF(F23:AJ23,"đ")) -> 0 | AN23: =SUM(COUNTIF(F23:AJ23,"đc")) -> 2 | AO23: =SUM(COUNTIF(F23:AJ23,"gt")) -> 0 | AP23: =SUM(COUNTIF(F23:AJ23,"ct")) -> 0 | AQ23: =AK23+AL23+AM23+AN23+AO23+AP23 -> 29 | AS23: ='Mã số nhân viên'!I14 -> 03466 | AT23: =C24-AS23 -> 0
A24: 12 | B24: 12 | C24: =VLOOKUP(D24,'Mã số nhân viên'!B14:I145,8,0) -> 03466 | D24: N. Keo | F24: x | G24: x | H24: x | I24: x | J24: x | K24: x | L24: cn | M24: x | N24: x | O24: x | P24: x | Q24: x | R24: x | S24: đc | T24: x | U24: x | V24: x | W24: x | X24: x | Y24: x | Z24: đc | AA24: x | AB24: x | AC24: x | AD24: x | AE24: x | AF24: x | AG24: cn | AH24: x | AI24: x | AK24: =SUM(COUNTIF(F24:AJ24,"x")) -> 26 | AL24: =SUM(COUNTIF(F24:AJ24,"cn")) -> 2 | AM24: =SUM(COUNTIF(F24:AJ24,"đ")) -> 0 | AN24: =SUM(COUNTIF(F24:AJ24,"đc")) -> 2 | AO24: =SUM(COUNTIF(F24:AJ24,"gt")) -> 0 | AP24: =SUM(COUNTIF(F24:AJ24,"ct")) -> 0 | AQ24: =AK24+AL24+AM24+AN24+AO24+AP24 -> 30 | AS24: ='Mã số nhân viên'!I15 -> 02727 | AT24: =C25-AS24 -> 0
A25: 13 | B25: 13 | C25: =VLOOKUP(D25,'Mã số nhân viên'!B15:I146,8,0) -> 02727 | D25: T. Thong Đon | F25: x | G25: x | H25: x | I25: x | J25: x | K25: x | L25: cn | M25: x | N25: x | O25: x | P25: x | Q25: x | R25: x | S25: đc | T25: x | U25: x | V25: x | W25: x | X25: x | Y25: x | Z25: đc | AA25: x | AB25: x | AC25: x | AD25: x | AF25: x | AG25: cn | AH25: x | AI25: x | AK25: =SUM(COUNTIF(F25:AJ25,"x")) -> 25 | AL25: =SUM(COUNTIF(F25:AJ25,"cn")) -> 2 | AM25: =SUM(COUNTIF(F25:AJ25,"đ")) -> 0 | AN25: =SUM(COUNTIF(F25:AJ25,"đc")) -> 2 | AO25: =SUM(COUNTIF(F25:AJ25,"gt")) -> 0 | AP25: =SUM(COUNTIF(F25:AJ25,"ct")) -> 0 | AQ25: =AK25+AL25+AM25+AN25+AO25+AP25 -> 29 | AS25: ='Mã số nhân viên'!I16 -> 03467 | AT25: =C26-AS25 -> 0
A26: 14 | B26: 14 | C26: =VLOOKUP(D26,'Mã số nhân viên'!B16:I147,8,0) -> 03467 | D26: T. Hin | F26: x | G26: x | H26: x | I26: x | J26: x | K26: x | L26: cn | M26: x | N26: x | O26: x | P26: x | Q26: x | R26: x | S26: đc | T26: x | U26: x | V26: x | W26: x | X26: x | Y26: x | Z26: đc | AA26: x | AB26: x | AC26: x | AD26: x | AE26: x | AF26: x | AG26: cn | AH26: x | AI26: x | AK26: =SUM(COUNTIF(F26:AJ26,"x")) -> 26 | AL26: =SUM(COUNTIF(F26:AJ26,"cn")) -> 2 | AM26: =SUM(COUNTIF(F26:AJ26,"đ")) -> 0 | AN26: =SUM(COUNTIF(F26:AJ26,"đc")) -> 2 | AO26: =SUM(COUNTIF(F26:AJ26,"gt")) -> 0 | AP26: =SUM(COUNTIF(F26:AJ26,"ct")) -> 0 | AQ26: =AK26+AL26+AM26+AN26+AO26+AP26 -> 30 | AS26: ='Mã số nhân viên'!I17 -> 04056 | AT26: =C27-AS26 -> 0
A27: 15 | B27: 15 | C27: =VLOOKUP(D27,'Mã số nhân viên'!B17:I148,8,0) -> 04056 | D27: N. Ly Phon | F27: x | G27: x | H27: x | I27: x | J27: x | K27: x | L27: cn | M27: x | N27: x | O27: x | P27: x | Q27: x | R27: x | S27: đc | T27: x | U27: x | V27: x | W27: x | X27: x | Y27: x | Z27: đc | AA27: x | AB27: x | AC27: x | AD27: x | AE27: x | AF27: x | AG27: cn | AH27: x | AI27: x | AK27: =SUM(COUNTIF(F27:AJ27,"x")) -> 26 | AL27: =SUM(COUNTIF(F27:AJ27,"cn")) -> 2 | AM27: =SUM(COUNTIF(F27:AJ27,"đ")) -> 0 | AN27: =SUM(COUNTIF(F27:AJ27,"đc")) -> 2 | AO27: =SUM(COUNTIF(F27:AJ27,"gt")) -> 0 | AP27: =SUM(COUNTIF(F27:AJ27,"ct")) -> 0 | AQ27: =AK27+AL27+AM27+AN27+AO27+AP27 -> 30 | AS27: ='Mã số nhân viên'!I18 -> 03469 | AT27: =C28-AS27 -> 0
A28: 16 | B28: 16 | C28: =VLOOKUP(D28,'Mã số nhân viên'!B18:I149,8,0) -> 03469 | D28: T. Xôm Va Nít | F28: x | G28: x | H28: x | I28: x | J28: x | K28: x | L28: cn | M28: x | N28: x | O28: x | P28: x | Q28: x | R28: x | S28: đc | T28: x | U28: x | V28: x | W28: x | X28: x | Y28: x | Z28: đc | AA28: x | AB28: x | AC28: x | AD28: x | AE28: x | AG28: cn | AH28: x | AI28: x | AK28: =SUM(COUNTIF(F28:AJ28,"x")) -> 25 | AL28: =SUM(COUNTIF(F28:AJ28,"cn")) -> 2 | AM28: =SUM(COUNTIF(F28:AJ28,"đ")) -> 0 | AN28: =SUM(COUNTIF(F28:AJ28,"đc")) -> 2 | AO28: =SUM(COUNTIF(F28:AJ28,"gt")) -> 0 | AP28: =SUM(COUNTIF(F28:AJ28,"ct")) -> 0 | AQ28: =AK28+AL28+AM28+AN28+AO28+AP28 -> 29 | AS28: ='Mã số nhân viên'!I19 -> 03470 | AT28: =C29-AS28 -> 0
A29: 17 | B29: 17 | C29: =VLOOKUP(D29,'Mã số nhân viên'!B19:I150,8,0) -> 03470 | D29: T. Lọi | F29: x | G29: x | H29: x | I29: x | J29: x | K29: x | L29: cn | M29: x | N29: x | O29: x | P29: x | Q29: x | R29: x | S29: đc | T29: x | U29: x | V29: x | W29: tt | X29: x | Y29: x | Z29: đc | AA29: x | AB29: x | AC29: x | AD29: x | AE29: x | AF29: x | AG29: cn | AH29: x | AI29: x | AK29: =SUM(COUNTIF(F29:AJ29,"x")) -> 25 | AL29: =SUM(COUNTIF(F29:AJ29,"cn")) -> 2 | AM29: =SUM(COUNTIF(F29:AJ29,"đ")) -> 0 | AN29: =SUM(COUNTIF(F29:AJ29,"đc")) -> 2 | AO29: =SUM(COUNTIF(F29:AJ29,"gt")) -> 0 | AP29: =SUM(COUNTIF(F29:AJ29,"ct")) -> 0 | AQ29: =AK29+AL29+AM29+AN29+AO29+AP29 -> 29 | AS29: ='Mã số nhân viên'!I20 -> 03471 | AT29: =C30-AS29 -> 0
A30: 18 | B30: 18 | C30: =VLOOKUP(D30,'Mã số nhân viên'!B20:I151,8,0) -> 03471 | D30: T. Phô Thong | F30: x | G30: x | H30: x | I30: x | J30: x | K30: x | L30: cn | M30: x | N30: x | O30: x | P30: x | Q30: x | R30: x | S30: đc | T30: x | U30: x | V30: x | W30: x | X30: x | Y30: x | Z30: đc | AA30: x | AB30: x | AC30: x | AD30: x | AE30: x | AF30: x | AG30: cn | AH30: x | AI30: x | AK30: =SUM(COUNTIF(F30:AJ30,"x")) -> 26 | AL30: =SUM(COUNTIF(F30:AJ30,"cn")) -> 2 | AM30: =SUM(COUNTIF(F30:AJ30,"đ")) -> 0 | AN30: =SUM(COUNTIF(F30:AJ30,"đc")) -> 2 | AO30: =SUM(COUNTIF(F30:AJ30,"gt")) -> 0 | AP30: =SUM(COUNTIF(F30:AJ30,"ct")) -> 0 | AQ30: =AK30+AL30+AM30+AN30+AO30+AP30 -> 30 | AS30: ='Mã số nhân viên'!I21 -> 03472 | AT30: =C31-AS30 -> 0
A31: 19 | B31: 19 | C31: =VLOOKUP(D31,'Mã số nhân viên'!B21:I152,8,0) -> 03472 | D31: N. Soi | F31: x | G31: x | H31: x | I31: x | J31: x | K31: x | L31: cn | M31: x | N31: x | O31: x | P31: x | Q31: x | R31: x | S31: đc | T31: x | U31: x | V31: x | W31: x | X31: x | Y31: x | Z31: đc | AA31: x | AB31: x | AC31: x | AD31: x | AF31: x | AG31: cn | AI31: x | AK31: =SUM(COUNTIF(F31:AJ31,"x")) -> 24 | AL31: =SUM(COUNTIF(F31:AJ31,"cn")) -> 2 | AM31: =SUM(COUNTIF(F31:AJ31,"đ")) -> 0 | AN31: =SUM(COUNTIF(F31:AJ31,"đc")) -> 2 | AO31: =SUM(COUNTIF(F31:AJ31,"gt")) -> 0 | AP31: =SUM(COUNTIF(F31:AJ31,"ct")) -> 0 | AQ31: =AK31+AL31+AM31+AN31+AO31+AP31 -> 28 | AS31: ='Mã số nhân viên'!I22 -> 03473 | AT31: =C32-AS31 -> 0
A32: 20 | B32: 20 | C32: =VLOOKUP(D32,'Mã số nhân viên'!B22:I153,8,0) -> 03473 | D32: N. Me Kha La | F32: x | G32: x | H32: x | I32: x | J32: x | K32: x | L32: cn | M32: x | N32: x | O32: x | P32: x | Q32: x | R32: x | S32: đc | T32: x | U32: x | V32: x | W32: x | X32: x | Y32: x | Z32: đc | AA32: x | AB32: x | AC32: x | AD32: x | AE32: x | AG32: cn | AH32: x | AI32: x | AK32: =SUM(COUNTIF(F32:AJ32,"x")) -> 25 | AL32: =SUM(COUNTIF(F32:AJ32,"cn")) -> 2 | AM32: =SUM(COUNTIF(F32:AJ32,"đ")) -> 0 | AN32: =SUM(COUNTIF(F32:AJ32,"đc")) -> 2 | AO32: =SUM(COUNTIF(F32:AJ32,"gt")) -> 0 | AP32: =SUM(COUNTIF(F32:AJ32,"ct")) -> 0 | AQ32: =AK32+AL32+AM32+AN32+AO32+AP32 -> 29 | AS32: ='Mã số nhân viên'!I23 -> 03474 | AT32: =C33-AS32 -> 0
A33: 21 | B33: 21 | C33: =VLOOKUP(D33,'Mã số nhân viên'!B23:I154,8,0) -> 03474 | D33: N. Mon Khăm | F33: x | G33: x | H33: x | I33: x | J33: x | K33: x | L33: cn | M33: x | N33: x | O33: x | P33: x | Q33: x | R33: x | S33: đc | T33: x | U33: x | V33: x | W33: x | X33: x | Y33: x | Z33: đc | AA33: x | AB33: x | AC33: x | AD33: x | AG33: cn | AH33: x | AI33: x | AK33: =SUM(COUNTIF(F33:AJ33,"x")) -> 24 | AL33: =SUM(COUNTIF(F33:AJ33,"cn")) -> 2 | AM33: =SUM(COUNTIF(F33:AJ33,"đ")) -> 0 | AN33: =SUM(COUNTIF(F33:AJ33,"đc")) -> 2 | AO33: =SUM(COUNTIF(F33:AJ33,"gt")) -> 0 | AP33: =SUM(COUNTIF(F33:AJ33,"ct")) -> 0 | AQ33: =AK33+AL33+AM33+AN33+AO33+AP33 -> 28 | AS33: ='Mã số nhân viên'!I24 -> 04057 | AT33: =C34-AS33 -> -4057
A34: 22 | B34: 22 | D34: N.Choi | F34: x | G34: x | H34: x | I34: x | J34: x | K34: x | L34: cn | M34: x | N34: x | O34: x | P34: x | Q34: x | R34: x | S34: đc | T34: x | U34: x | V34: x | W34: x | X34: x | Y34: x | Z34: đc | AA34: x | AB34: x | AC34: x | AD34: x | AE34: x | AF34: x | AG34: cn | AH34: x | AI34: x | AK34: =SUM(COUNTIF(F34:AJ34,"x")) -> 26 | AL34: =SUM(COUNTIF(F34:AJ34,"cn")) -> 2 | AM34: =SUM(COUNTIF(F34:AJ34,"đ")) -> 0 | AN34: =SUM(COUNTIF(F34:AJ34,"đc")) -> 2 | AO34: =SUM(COUNTIF(F34:AJ34,"gt")) -> 0 | AP34: =SUM(COUNTIF(F34:AJ34,"ct")) -> 0 | AQ34: =AK34+AL34+AM34+AN34+AO34+AP34 -> 30 | AS34: ='Mã số nhân viên'!I25 -> 03476 | AT34: =C35-AS34 -> 0
A35: 23 | B35: 23 | C35: =VLOOKUP(D35,'Mã số nhân viên'!B25:I156,8,0) -> 03476 | D35: T. Bin Ly. | F35: x | G35: x | H35: x | I35: x | J35: x | K35: x | L35: cn | M35: x | N35: x | O35: x | P35: x | Q35: x | R35: x | S35: đc | T35: x | U35: x | V35: x | W35: x | X35: x | Y35: x | Z35: đc | AA35: x | AB35: x | AC35: x | AD35: x | AE35: x | AF35: x | AG35: cn | AH35: x | AI35: x | AK35: =SUM(COUNTIF(F35:AJ35,"x")) -> 26 | AL35: =SUM(COUNTIF(F35:AJ35,"cn")) -> 2 | AM35: =SUM(COUNTIF(F35:AJ35,"đ")) -> 0 | AN35: =SUM(COUNTIF(F35:AJ35,"đc")) -> 2 | AO35: =SUM(COUNTIF(F35:AJ35,"gt")) -> 0 | AP35: =SUM(COUNTIF(F35:AJ35,"ct")) -> 0 | AQ35: =AK35+AL35+AM35+AN35+AO35+AP35 -> 30 | AS35: ='Mã số nhân viên'!I26 -> 03477 | AT35: =C36-AS35 -> -3477
A36: 24 | B36: 24 | D36: N. Tinh | F36: x | G36: x | H36: x | I36: x | J36: x | K36: x | L36: cn | M36: x | N36: x | O36: x | P36: x | Q36: x | R36: x | S36: đc | T36: x | U36: x | V36: x | W36: x | X36: x | Y36: x | Z36: đc | AA36: x | AB36: x | AC36: x | AD36: x | AE36: x | AF36: x | AG36: cn | AH36: x | AI36: x | AK36: =SUM(COUNTIF(F36:AJ36,"x")) -> 26 | AL36: =SUM(COUNTIF(F36:AJ36,"cn")) -> 2 | AM36: =SUM(COUNTIF(F36:AJ36,"đ")) -> 0 | AN36: =SUM(COUNTIF(F36:AJ36,"đc")) -> 2 | AO36: =SUM(COUNTIF(F36:AJ36,"gt")) -> 0 | AP36: =SUM(COUNTIF(F36:AJ36,"ct")) -> 0 | AQ36: =AK36+AL36+AM36+AN36+AO36+AP36 -> 30 | AS36: ='Mã số nhân viên'!I27 -> 03478 | AT36: =C37-AS36 -> 0
A37: 25 | B37: 25 | C37: =VLOOKUP(D37,'Mã số nhân viên'!B27:I158,8,0) -> 03478 | D37: N. Nong | F37: x | G37: x | H37: x | I37: x | J37: x | K37: x | L37: cn | M37: x | N37: x | O37: x | P37: x | Q37: x | R37: x | S37: đc | T37: x | U37: x | V37: x | W37: x | X37: x | Y37: x | Z37: đc | AA37: x | AB37: x | AC37: x | AD37: x | AE37: x | AF37: x | AG37: cn | AH37: x | AI37: x | AK37: =SUM(COUNTIF(F37:AJ37,"x")) -> 26 | AL37: =SUM(COUNTIF(F37:AJ37,"cn")) -> 2 | AM37: =SUM(COUNTIF(F37:AJ37,"đ")) -> 0 | AN37: =SUM(COUNTIF(F37:AJ37,"đc")) -> 2 | AO37: =SUM(COUNTIF(F37:AJ37,"gt")) -> 0 | AP37: =SUM(COUNTIF(F37:AJ37,"ct")) -> 0 | AQ37: =AK37+AL37+AM37+AN37+AO37+AP37 -> 30 | AS37: ='Mã số nhân viên'!I28 -> 03479 | AT37: =C38-AS37 -> 0
A38: 26 | B38: 26 | C38: =VLOOKUP(D38,'Mã số nhân viên'!B28:I159,8,0) -> 03479 | D38: N. Tun 1 | F38: x | G38: x | H38: x | I38: x | J38: x | K38: x | L38: cn | M38: x | N38: x | O38: x | P38: x | Q38: x | R38: x | S38: đc | T38: x | U38: x | V38: x | W38: x | X38: x | Y38: x | Z38: đc | AA38: x | AB38: x | AC38: x | AD38: x | AE38: x | AF38: x | AG38: cn | AH38: x | AI38: x | AK38: =SUM(COUNTIF(F38:AJ38,"x")) -> 26 | AL38: =SUM(COUNTIF(F38:AJ38,"cn")) -> 2 | AM38: =SUM(COUNTIF(F38:AJ38,"đ")) -> 0 | AN38: =SUM(COUNTIF(F38:AJ38,"đc")) -> 2 | AO38: =SUM(COUNTIF(F38:AJ38,"gt")) -> 0 | AP38: =SUM(COUNTIF(F38:AJ38,"ct")) -> 0 | AQ38: =AK38+AL38+AM38+AN38+AO38+AP38 -> 30 | AS38: ='Mã số nhân viên'!I29 -> 03480 | AT38: =C39-AS38 -> 0
A39: 27 | B39: 27 | C39: =VLOOKUP(D39,'Mã số nhân viên'!B29:I160,8,0) -> 03480 | D39: T . Lốc | F39: x | G39: x | H39: x | I39: x | J39: x | K39: x | L39: cn | M39: x | N39: x | O39: x | P39: x | Q39: x | R39: x | S39: đc | T39: x | U39: x | V39: x | W39: x | X39: x | Y39: x | Z39: đc | AA39: x | AB39: x | AC39: x | AD39: x | AE39: x | AF39: x | AG39: cn | AH39: x | AI39: x | AK39: =SUM(COUNTIF(F39:AJ39,"x")) -> 26 | AL39: =SUM(COUNTIF(F39:AJ39,"cn")) -> 2 | AM39: =SUM(COUNTIF(F39:AJ39,"đ")) -> 0 | AN39: =SUM(COUNTIF(F39:AJ39,"đc")) -> 2 | AO39: =SUM(COUNTIF(F39:AJ39,"gt")) -> 0 | AP39: =SUM(COUNTIF(F39:AJ39,"ct")) -> 0 | AQ39: =AK39+AL39+AM39+AN39+AO39+AP39 -> 30 | AS39: ='Mã số nhân viên'!I30 -> 03481 | AT39: =C40-AS39 -> 0
A40: 28 | B40: 28 | C40: =VLOOKUP(D40,'Mã số nhân viên'!B30:I161,8,0) -> 03481 | D40: N . Khâm (1) | F40: x | G40: x | H40: x | I40: x | J40: x | K40: x | L40: cn | M40: x | N40: x | O40: x | P40: x | Q40: x | R40: x | S40: đc | T40: x | U40: x | V40: x | W40: x | X40: tt | Y40: x | Z40: đc | AA40: x | AB40: x | AC40: x | AD40: x | AE40: x | AG40: cn | AH40: x | AI40: x | AK40: =SUM(COUNTIF(F40:AJ40,"x")) -> 24 | AL40: =SUM(COUNTIF(F40:AJ40,"cn")) -> 2 | AM40: =SUM(COUNTIF(F40:AJ40,"đ")) -> 0 | AN40: =SUM(COUNTIF(F40:AJ40,"đc")) -> 2 | AO40: =SUM(COUNTIF(F40:AJ40,"gt")) -> 0 | AP40: =SUM(COUNTIF(F40:AJ40,"ct")) -> 0 | AQ40: =AK40+AL40+AM40+AN40+AO40+AP40 -> 28 | AS40: ='Mã số nhân viên'!I31 -> 03482 | AT40: =C41-AS40 -> 0
A41: 29 | B41: 29 | C41: =VLOOKUP(D41,'Mã số nhân viên'!B31:I162,8,0) -> 03482 | D41: T . Phết | F41: x | G41: x | H41: x | I41: x | J41: x | K41: x | L41: cn | M41: x | N41: x | O41: x | P41: x | Q41: x | R41: x | S41: đc | T41: x | U41: x | V41: x | W41: x | X41: tt | Y41: x | Z41: đc | AA41: x | AB41: x | AC41: x | AD41: x | AE41: x | AG41: cn | AH41: x | AI41: x | AK41: =SUM(COUNTIF(F41:AJ41,"x")) -> 24 | AL41: =SUM(COUNTIF(F41:AJ41,"cn")) -> 2 | AM41: =SUM(COUNTIF(F41:AJ41,"đ")) -> 0 | AN41: =SUM(COUNTIF(F41:AJ41,"đc")) -> 2 | AO41: =SUM(COUNTIF(F41:AJ41,"gt")) -> 0 | AP41: =SUM(COUNTIF(F41:AJ41,"ct")) -> 0 | AQ41: =AK41+AL41+AM41+AN41+AO41+AP41 -> 28 | AS41: ='Mã số nhân viên'!I32 -> 03483 | AT41: =C42-AS41 -> 0
A42: 30 | B42: 30 | C42: =VLOOKUP(D42,'Mã số nhân viên'!B32:I163,8,0) -> 03483 | D42: T. Viêng Sa Văn | F42: x | G42: x | H42: x | I42: x | J42: x | K42: x | L42: cn | M42: x | N42: x | O42: x | P42: x | Q42: x | R42: x | S42: đc | T42: x | U42: x | V42: x | W42: x | X42: x | Y42: x | Z42: đc | AA42: x | AB42: x | AC42: x | AD42: x | AE42: x | AG42: cn | AH42: x | AI42: x | AK42: =SUM(COUNTIF(F42:AJ42,"x")) -> 25 | AL42: =SUM(COUNTIF(F42:AJ42,"cn")) -> 2 | AM42: =SUM(COUNTIF(F42:AJ42,"đ")) -> 0 | AN42: =SUM(COUNTIF(F42:AJ42,"đc")) -> 2 | AO42: =SUM(COUNTIF(F42:AJ42,"gt")) -> 0 | AP42: =SUM(COUNTIF(F42:AJ42,"ct")) -> 0 | AQ42: =AK42+AL42+AM42+AN42+AO42+AP42 -> 29 | AS42: ='Mã số nhân viên'!I33 -> 03484 | AT42: =C43-AS42 -> 0
A43: 31 | B43: 31 | C43: =VLOOKUP(D43,'Mã số nhân viên'!B33:I164,8,0) -> 03484 | D43: T. Ca Te | F43: x | G43: x | H43: x | I43: x | J43: x | K43: x | L43: cn | M43: x | N43: x | O43: x | P43: x | Q43: x | R43: x | S43: đc | T43: x | U43: x | V43: x | W43: x | X43: x | Y43: x | Z43: đc | AA43: x | AB43: x | AC43: x | AD43: x | AE43: x | AF43: x | AG43: cn | AH43: x | AI43: x | AK43: =SUM(COUNTIF(F43:AJ43,"x")) -> 26 | AL43: =SUM(COUNTIF(F43:AJ43,"cn")) -> 2 | AM43: =SUM(COUNTIF(F43:AJ43,"đ")) -> 0 | AN43: =SUM(COUNTIF(F43:AJ43,"đc")) -> 2 | AO43: =SUM(COUNTIF(F43:AJ43,"gt")) -> 0 | AP43: =SUM(COUNTIF(F43:AJ43,"ct")) -> 0 | AQ43: =AK43+AL43+AM43+AN43+AO43+AP43 -> 30 | AS43: ='Mã số nhân viên'!I34 -> 03485 | AT43: =C44-AS43 -> 0
A44: 32 | B44: 32 | C44: =VLOOKUP(D44,'Mã số nhân viên'!B34:I165,8,0) -> 03485 | D44: T. Lâm Phon | F44: x | G44: x | H44: x | I44: x | J44: x | K44: x | L44: cn | M44: x | N44: x | O44: x | P44: x | Q44: x | R44: x | S44: đc | T44: x | U44: x | V44: x | W44: x | X44: x | Y44: x | Z44: đc | AA44: x | AB44: x | AC44: x | AD44: x | AE44: x | AF44: x | AG44: cn | AH44: x | AI44: x | AK44: =SUM(COUNTIF(F44:AJ44,"x")) -> 26 | AL44: =SUM(COUNTIF(F44:AJ44,"cn")) -> 2 | AM44: =SUM(COUNTIF(F44:AJ44,"đ")) -> 0 | AN44: =SUM(COUNTIF(F44:AJ44,"đc")) -> 2 | AO44: =SUM(COUNTIF(F44:AJ44,"gt")) -> 0 | AP44: =SUM(COUNTIF(F44:AJ44,"ct")) -> 0 | AQ44: =AK44+AL44+AM44+AN44+AO44+AP44 -> 30 | AS44: ='Mã số nhân viên'!I35 -> 02712 | AT44: =C45-AS44 -> 0
A45: 33 | B45: 33 | C45: =VLOOKUP(D45,'Mã số nhân viên'!B35:I166,8,0) -> 02712 | D45: T. Sô Đa | F45: x | G45: x | H45: x | I45: x | J45: x | K45: x | L45: cn | M45: x | N45: x | O45: x | P45: x | Q45: x | R45: x | S45: đc | T45: x | U45: x | V45: x | W45: x | X45: x | Y45: x | Z45: đc | AA45: x | AB45: x | AC45: x | AD45: x | AE45: x | AF45: x | AG45: cn | AH45: x | AI45: x | AK45: =SUM(COUNTIF(F45:AJ45,"x")) -> 26 | AL45: =SUM(COUNTIF(F45:AJ45,"cn")) -> 2 | AM45: =SUM(COUNTIF(F45:AJ45,"đ")) -> 0 | AN45: =SUM(COUNTIF(F45:AJ45,"đc")) -> 2 | AO45: =SUM(COUNTIF(F45:AJ45,"gt")) -> 0 | AP45: =SUM(COUNTIF(F45:AJ45,"ct")) -> 0 | AQ45: =AK45+AL45+AM45+AN45+AO45+AP45 -> 30 | AS45: ='Mã số nhân viên'!I36 -> 02722 | AT45: =C46-AS45 -> -2722
A46: 34 | B46: 34 | D46: N. Pheng Mi | F46: x | G46: x | H46: x | I46: x | J46: x | K46: x | L46: cn | M46: x | N46: x | O46: x | P46: x | Q46: x | R46: x | S46: đc | T46: x | U46: x | V46: x | W46: x | X46: x | Y46: x | Z46: đc | AA46: x | AB46: x | AC46: x | AD46: x | AE46: x | AF46: x | AG46: cn | AH46: x | AI46: x | AK46: =SUM(COUNTIF(F46:AJ46,"x")) -> 26 | AL46: =SUM(COUNTIF(F46:AJ46,"cn")) -> 2 | AM46: =SUM(COUNTIF(F46:AJ46,"đ")) -> 0 | AN46: =SUM(COUNTIF(F46:AJ46,"đc")) -> 2 | AO46: =SUM(COUNTIF(F46:AJ46,"gt")) -> 0 | AP46: =SUM(COUNTIF(F46:AJ46,"ct")) -> 0 | AQ46: =AK46+AL46+AM46+AN46+AO46+AP46 -> 30 | AS46: ='Mã số nhân viên'!I37 -> 02714 | AT46: =C47-AS46 -> 0
A47: 35 | B47: 35 | C47: =VLOOKUP(D47,'Mã số nhân viên'!B37:I168,8,0) -> 02714 | D47: N. Tủn | F47: x | G47: x | H47: x | I47: x | J47: x | K47: x | L47: cn | M47: x | N47: x | O47: x | P47: x | Q47: x | R47: x | S47: đc | T47: x | U47: x | V47: x | W47: x | X47: x | Y47: x | Z47: đc | AA47: x | AB47: x | AC47: x | AD47: x | AF47: x | AG47: cn | AH47: x | AI47: x | AK47: =SUM(COUNTIF(F47:AJ47,"x")) -> 25 | AL47: =SUM(COUNTIF(F47:AJ47,"cn")) -> 2 | AM47: =SUM(COUNTIF(F47:AJ47,"đ")) -> 0 | AN47: =SUM(COUNTIF(F47:AJ47,"đc")) -> 2 | AO47: =SUM(COUNTIF(F47:AJ47,"gt")) -> 0 | AP47: =SUM(COUNTIF(F47:AJ47,"ct")) -> 0 | AQ47: =AK47+AL47+AM47+AN47+AO47+AP47 -> 29 | AS47: ='Mã số nhân viên'!I38 -> 02713 | AT47: =C48-AS47 -> 0
A48: 36 | B48: 36 | C48: =VLOOKUP(D48,'Mã số nhân viên'!B38:I169,8,0) -> 02713 | D48: T. Lung | F48: x | G48: x | H48: x | I48: x | J48: x | K48: x | L48: cn | M48: x | N48: x | O48: x | P48: x | Q48: x | R48: x | S48: đc | T48: x | U48: x | V48: x | W48: x | X48: x | Y48: x | Z48: đc | AA48: x | AB48: x | AC48: x | AD48: x | AF48: x | AG48: cn | AH48: x | AI48: x | AK48: =SUM(COUNTIF(F48:AJ48,"x")) -> 25 | AL48: =SUM(COUNTIF(F48:AJ48,"cn")) -> 2 | AM48: =SUM(COUNTIF(F48:AJ48,"đ")) -> 0 | AN48: =SUM(COUNTIF(F48:AJ48,"đc")) -> 2 | AO48: =SUM(COUNTIF(F48:AJ48,"gt")) -> 0 | AP48: =SUM(COUNTIF(F48:AJ48,"ct")) -> 0 | AQ48: =AK48+AL48+AM48+AN48+AO48+AP48 -> 29 | AS48: ='Mã số nhân viên'!I39 -> 04058 | AT48: =C49-AS48 -> 0
A49: 37 | B49: 37 | C49: =VLOOKUP(D49,'Mã số nhân viên'!B39:I170,8,0) -> 04058 | D49: T. Bi Ly (2) | F49: x | G49: x | H49: x | I49: x | J49: x | K49: x | L49: cn | M49: x | N49: x | O49: x | P49: x | Q49: x | R49: x | S49: đc | T49: x | U49: x | V49: x | W49: x | X49: x | Y49: x | Z49: đc | AA49: x | AB49: x | AC49: x | AD49: x | AE49: x | AF49: x | AG49: cn | AH49: x | AI49: x | AK49: =SUM(COUNTIF(F49:AJ49,"x")) -> 26 | AL49: =SUM(COUNTIF(F49:AJ49,"cn")) -> 2 | AM49: =SUM(COUNTIF(F49:AJ49,"đ")) -> 0 | AN49: =SUM(COUNTIF(F49:AJ49,"đc")) -> 2 | AO49: =SUM(COUNTIF(F49:AJ49,"gt")) -> 0 | AP49: =SUM(COUNTIF(F49:AJ49,"ct")) -> 0 | AQ49: =AK49+AL49+AM49+AN49+AO49+AP49 -> 30 | AS49: ='Mã số nhân viên'!I40 -> 03487 | AT49: =C50-AS49 -> 0
A50: 38 | B50: 38 | C50: =VLOOKUP(D50,'Mã số nhân viên'!B40:I171,8,0) -> 03487 | D50: N. Ba Say | F50: x | G50: x | H50: x | I50: x | J50: x | K50: x | L50: cn | M50: x | N50: x | O50: x | P50: x | Q50: x | R50: x | S50: đc | T50: x | U50: x | V50: x | W50: x | X50: x | Y50: x | Z50: đc | AA50: x | AB50: x | AC50: x | AE50: x | AG50: cn | AH50: x | AI50: x | AK50: =SUM(COUNTIF(F50:AJ50,"x")) -> 24 | AL50: =SUM(COUNTIF(F50:AJ50,"cn")) -> 2 | AM50: =SUM(COUNTIF(F50:AJ50,"đ")) -> 0 | AN50: =SUM(COUNTIF(F50:AJ50,"đc")) -> 2 | AO50: =SUM(COUNTIF(F50:AJ50,"gt")) -> 0 | AP50: =SUM(COUNTIF(F50:AJ50,"ct")) -> 0 | AQ50: =AK50+AL50+AM50+AN50+AO50+AP50 -> 28 | AS50: ='Mã số nhân viên'!I41 -> 03488 | AT50: =C51-AS50 -> 0
A51: 39 | B51: 39 | C51: =VLOOKUP(D51,'Mã số nhân viên'!B41:I172,8,0) -> 03488 | D51: N. Đeng | F51: x | G51: x | H51: x | I51: x | J51: x | K51: x | L51: cn | M51: x | N51: x | O51: x | P51: x | Q51: x | R51: x | S51: đc | T51: tt | U51: x | V51: x | W51: x | X51: x | Y51: x | Z51: đc | AA51: x | AB51: x | AC51: x | AD51: x | AE51: x | AF51: x | AG51: cn | AH51: x | AI51: x | AK51: =SUM(COUNTIF(F51:AJ51,"x")) -> 25 | AL51: =SUM(COUNTIF(F51:AJ51,"cn")) -> 2 | AM51: =SUM(COUNTIF(F51:AJ51,"đ")) -> 0 | AN51: =SUM(COUNTIF(F51:AJ51,"đc")) -> 2 | AO51: =SUM(COUNTIF(F51:AJ51,"gt")) -> 0 | AP51: =SUM(COUNTIF(F51:AJ51,"ct")) -> 0 | AQ51: =AK51+AL51+AM51+AN51+AO51+AP51 -> 29 | AS51: ='Mã số nhân viên'!I42 -> 03489 | AT51: =C52-AS51 -> 0
A52: 40 | B52: 40 | C52: =VLOOKUP(D52,'Mã số nhân viên'!B42:I173,8,0) -> 03489 | D52: T. Tinh | F52: x | G52: x | H52: x | I52: x | J52: x | K52: x | L52: cn | M52: x | N52: x | O52: x | P52: x | Q52: x | R52: x | S52: đc | T52: x | U52: x | V52: x | W52: x | X52: x | Y52: x | Z52: đc | AA52: x | AB52: x | AC52: x | AE52: x | AG52: cn | AH52: x | AI52: x | AK52: =SUM(COUNTIF(F52:AJ52,"x")) -> 24 | AL52: =SUM(COUNTIF(F52:AJ52,"cn")) -> 2 | AM52: =SUM(COUNTIF(F52:AJ52,"đ")) -> 0 | AN52: =SUM(COUNTIF(F52:AJ52,"đc")) -> 2 | AO52: =SUM(COUNTIF(F52:AJ52,"gt")) -> 0 | AP52: =SUM(COUNTIF(F52:AJ52,"ct")) -> 0 | AQ52: =AK52+AL52+AM52+AN52+AO52+AP52 -> 28 | AS52: ='Mã số nhân viên'!I43 -> 04059 | AT52: =C53-AS52 -> 0
A53: 41 | B53: 41 | C53: =VLOOKUP(D53,'Mã số nhân viên'!B43:I174,8,0) -> 04059 | D53: T. Khăm Pỏi | F53: x | G53: x | H53: x | I53: x | J53: x | K53: x | L53: cn | M53: x | N53: x | O53: x | P53: x | Q53: x | R53: x | S53: đc | T53: x | U53: x | V53: x | W53: x | X53: x | Y53: x | Z53: đc | AA53: x | AB53: x | AC53: x | AD53: x | AE53: x | AF53: x | AG53: cn | AH53: x | AI53: x | AK53: =SUM(COUNTIF(F53:AJ53,"x")) -> 26 | AL53: =SUM(COUNTIF(F53:AJ53,"cn")) -> 2 | AM53: =SUM(COUNTIF(F53:AJ53,"đ")) -> 0 | AN53: =SUM(COUNTIF(F53:AJ53,"đc")) -> 2 | AO53: =SUM(COUNTIF(F53:AJ53,"gt")) -> 0 | AP53: =SUM(COUNTIF(F53:AJ53,"ct")) -> 0 | AQ53: =AK53+AL53+AM53+AN53+AO53+AP53 -> 30 | AS53: ='Mã số nhân viên'!I44 -> 03491 | AT53: =C54-AS53 -> 0
A54: 42 | B54: 42 | C54: =VLOOKUP(D54,'Mã số nhân viên'!B44:I175,8,0) -> 03491 | D54: Lăm Ngân | F54: x | G54: x | H54: x | I54: x | J54: x | K54: x | L54: cn | M54: x | N54: x | O54: x | P54: x | Q54: x | R54: x | S54: đc | T54: tt | U54: x | V54: x | W54: x | X54: x | Y54: x | Z54: đc | AA54: x | AB54: x | AC54: x | AD54: x | AE54: x | AF54: x | AG54: cn | AH54: x | AI54: x | AK54: =SUM(COUNTIF(F54:AJ54,"x")) -> 25 | AL54: =SUM(COUNTIF(F54:AJ54,"cn")) -> 2 | AM54: =SUM(COUNTIF(F54:AJ54,"đ")) -> 0 | AN54: =SUM(COUNTIF(F54:AJ54,"đc")) -> 2 | AO54: =SUM(COUNTIF(F54:AJ54,"gt")) -> 0 | AP54: =SUM(COUNTIF(F54:AJ54,"ct")) -> 0 | AQ54: =AK54+AL54+AM54+AN54+AO54+AP54 -> 29 | AS54: ='Mã số nhân viên'!I45 -> 04060 | AT54: =C55-AS54 -> 0
A55: 43 | B55: 43 | C55: =VLOOKUP(D55,'Mã số nhân viên'!B45:I176,8,0) -> 04060 | D55: T. Không | F55: x | G55: x | H55: x | I55: x | J55: x | K55: x | L55: cn | M55: x | N55: x | O55: x | P55: x | Q55: x | R55: x | S55: đc | T55: x | U55: x | V55: x | W55: x | X55: x | Y55: x | Z55: đc | AA55: x | AB55: x | AC55: x | AD55: x | AE55: x | AF55: x | AG55: cn | AH55: x | AI55: x | AK55: =SUM(COUNTIF(F55:AJ55,"x")) -> 26 | AL55: =SUM(COUNTIF(F55:AJ55,"cn")) -> 2 | AM55: =SUM(COUNTIF(F55:AJ55,"đ")) -> 0 | AN55: =SUM(COUNTIF(F55:AJ55,"đc")) -> 2 | AO55: =SUM(COUNTIF(F55:AJ55,"gt")) -> 0 | AP55: =SUM(COUNTIF(F55:AJ55,"ct")) -> 0 | AQ55: =AK55+AL55+AM55+AN55+AO55+AP55 -> 30 | AS55: ='Mã số nhân viên'!I46 -> 03492 | AT55: =C56-AS55 -> 0
A56: 44 | B56: 44 | C56: =VLOOKUP(D56,'Mã số nhân viên'!B46:I177,8,0) -> 03492 | D56: T. Lem | F56: x | G56: x | H56: x | I56: x | J56: x | K56: x | L56: cn | M56: x | N56: x | O56: x | P56: x | Q56: x | R56: x | S56: đc | T56: x | U56: x | V56: x | W56: x | X56: x | Y56: x | Z56: đc | AA56: x | AB56: x | AC56: x | AD56: x | AE56: x | AF56: x | AG56: cn | AH56: x | AI56: x | AK56: =SUM(COUNTIF(F56:AJ56,"x")) -> 26 | AL56: =SUM(COUNTIF(F56:AJ56,"cn")) -> 2 | AM56: =SUM(COUNTIF(F56:AJ56,"đ")) -> 0 | AN56: =SUM(COUNTIF(F56:AJ56,"đc")) -> 2 | AO56: =SUM(COUNTIF(F56:AJ56,"gt")) -> 0 | AP56: =SUM(COUNTIF(F56:AJ56,"ct")) -> 0 | AQ56: =AK56+AL56+AM56+AN56+AO56+AP56 -> 30 | AS56: ='Mã số nhân viên'!I47 -> 03493 | AT56: =C57-AS56 -> 0
A57: 45 | B57: 45 | C57: =VLOOKUP(D57,'Mã số nhân viên'!B47:I178,8,0) -> 03493 | D57: T. Pông | F57: x | G57: x | H57: x | I57: x | J57: x | K57: x | L57: cn | M57: x | N57: x | O57: x | P57: x | Q57: x | R57: x | S57: đc | T57: x | U57: x | V57: x | W57: x | X57: x | Y57: x | Z57: đc | AA57: x | AB57: x | AC57: x | AD57: x | AE57: x | AF57: x | AG57: cn | AH57: x | AI57: x | AK57: =SUM(COUNTIF(F57:AJ57,"x")) -> 26 | AL57: =SUM(COUNTIF(F57:AJ57,"cn")) -> 2 | AM57: =SUM(COUNTIF(F57:AJ57,"đ")) -> 0 | AN57: =SUM(COUNTIF(F57:AJ57,"đc")) -> 2 | AO57: =SUM(COUNTIF(F57:AJ57,"gt")) -> 0 | AP57: =SUM(COUNTIF(F57:AJ57,"ct")) -> 0 | AQ57: =AK57+AL57+AM57+AN57+AO57+AP57 -> 30 | AS57: ='Mã số nhân viên'!I48 -> 03496 | AT57: =C58-AS57 -> 0
A58: 46 | B58: 46 | C58: =VLOOKUP(D58,'Mã số nhân viên'!B48:I179,8,0) -> 03496 | D58: T. Lốp | F58: x | G58: x | H58: x | I58: x | J58: x | K58: x | L58: cn | M58: x | N58: x | O58: x | P58: x | Q58: x | R58: x | S58: đc | T58: x | U58: x | V58: x | W58: x | X58: x | Y58: x | Z58: đc | AA58: x | AB58: x | AC58: x | AD58: x | AE58: x | AF58: x | AG58: cn | AH58: x | AI58: x | AK58: =SUM(COUNTIF(F58:AJ58,"x")) -> 26 | AL58: =SUM(COUNTIF(F58:AJ58,"cn")) -> 2 | AM58: =SUM(COUNTIF(F58:AJ58,"đ")) -> 0 | AN58: =SUM(COUNTIF(F58:AJ58,"đc")) -> 2 | AO58: =SUM(COUNTIF(F58:AJ58,"gt")) -> 0 | AP58: =SUM(COUNTIF(F58:AJ58,"ct")) -> 0 | AQ58: =AK58+AL58+AM58+AN58+AO58+AP58 -> 30 | AS58: ='Mã số nhân viên'!I49 -> 04061 | AT58: =C59-AS58 -> 0
A59: 47 | B59: 47 | C59: =VLOOKUP(D59,'Mã số nhân viên'!B49:I180,8,0) -> 04061 | D59: N. Nu Ni | F59: x | G59: x | H59: x | I59: x | J59: x | K59: x | L59: cn | M59: x | N59: x | O59: x | P59: x | Q59: x | R59: x | S59: đc | T59: x | U59: x | V59: x | W59: x | X59: x | Y59: x | Z59: đc | AA59: x | AB59: x | AC59: x | AD59: x | AE59: x | AF59: x | AG59: cn | AH59: x | AI59: x | AK59: =SUM(COUNTIF(F59:AJ59,"x")) -> 26 | AL59: =SUM(COUNTIF(F59:AJ59,"cn")) -> 2 | AM59: =SUM(COUNTIF(F59:AJ59,"đ")) -> 0 | AN59: =SUM(COUNTIF(F59:AJ59,"đc")) -> 2 | AO59: =SUM(COUNTIF(F59:AJ59,"gt")) -> 0 | AP59: =SUM(COUNTIF(F59:AJ59,"ct")) -> 0 | AQ59: =AK59+AL59+AM59+AN59+AO59+AP59 -> 30 | AS59: ='Mã số nhân viên'!I50 -> 03494 | AT59: =C60-AS59 -> 0
A60: 48 | B60: 48 | C60: =VLOOKUP(D60,'Mã số nhân viên'!B50:I181,8,0) -> 03494 | D60: T. Đi | F60: x | G60: x | H60: x | I60: x | J60: x | K60: x | L60: cn | M60: x | N60: x | O60: x | P60: x | Q60: x | R60: x | S60: đc | T60: x | U60: x | V60: x | W60: x | X60: x | Y60: x | Z60: đc | AA60: x | AB60: x | AC60: x | AD60: x | AE60: x | AF60: x | AG60: cn | AH60: x | AI60: x | AK60: =SUM(COUNTIF(F60:AJ60,"x")) -> 26 | AL60: =SUM(COUNTIF(F60:AJ60,"cn")) -> 2 | AM60: =SUM(COUNTIF(F60:AJ60,"đ")) -> 0 | AN60: =SUM(COUNTIF(F60:AJ60,"đc")) -> 2 | AO60: =SUM(COUNTIF(F60:AJ60,"gt")) -> 0 | AP60: =SUM(COUNTIF(F60:AJ60,"ct")) -> 0 | AQ60: =AK60+AL60+AM60+AN60+AO60+AP60 -> 30 | AS60: ='Mã số nhân viên'!I51 -> 03495 | AT60: =C61-AS60 -> 0
A61: 49 | B61: 49 | C61: =VLOOKUP(D61,'Mã số nhân viên'!B51:I182,8,0) -> 03495 | D61: N. On Xi | F61: x | G61: x | H61: x | I61: x | J61: x | K61: x | L61: cn | M61: x | N61: x | O61: x | P61: x | Q61: x | R61: x | S61: đc | T61: x | U61: x | V61: x | W61: x | X61: x | Y61: x | Z61: đc | AA61: x | AB61: x | AC61: x | AD61: x | AF61: x | AH61: x | AI61: x | AK61: =SUM(COUNTIF(F61:AJ61,"x")) -> 25 | AL61: =SUM(COUNTIF(F61:AJ61,"cn")) -> 1 | AM61: =SUM(COUNTIF(F61:AJ61,"đ")) -> 0 | AN61: =SUM(COUNTIF(F61:AJ61,"đc")) -> 2 | AO61: =SUM(COUNTIF(F61:AJ61,"gt")) -> 0 | AP61: =SUM(COUNTIF(F61:AJ61,"ct")) -> 0 | AQ61: =AK61+AL61+AM61+AN61+AO61+AP61 -> 28 | AS61: ='Mã số nhân viên'!I52 -> 04062 | AT61: =C62-AS61 -> 0
A62: 50 | B62: 50 | C62: =VLOOKUP(D62,'Mã số nhân viên'!B52:I183,8,0) -> 04062 | D62: N. Thông La | F62: x | G62: x | H62: x | I62: x | J62: x | K62: x | L62: cn | M62: x | N62: x | O62: x | P62: x | Q62: x | R62: x | S62: đc | T62: x | U62: x | V62: x | W62: x | X62: x | Y62: x | Z62: đc | AA62: x | AB62: x | AC62: x | AD62: x | AE62: x | AF62: x | AG62: cn | AH62: x | AI62: x | AK62: =SUM(COUNTIF(F62:AJ62,"x")) -> 26 | AL62: =SUM(COUNTIF(F62:AJ62,"cn")) -> 2 | AM62: =SUM(COUNTIF(F62:AJ62,"đ")) -> 0 | AN62: =SUM(COUNTIF(F62:AJ62,"đc")) -> 2 | AO62: =SUM(COUNTIF(F62:AJ62,"gt")) -> 0 | AP62: =SUM(COUNTIF(F62:AJ62,"ct")) -> 0 | AQ62: =AK62+AL62+AM62+AN62+AO62+AP62 -> 30 | AS62: ='Mã số nhân viên'!I53 -> 03497 | AT62: =C63-AS62 -> 0
A63: 51 | B63: 51 | C63: =VLOOKUP(D63,'Mã số nhân viên'!B53:I184,8,0) -> 03497 | D63: T. Son Xay | F63: x | G63: x | H63: x | I63: x | J63: x | K63: x | L63: cn | M63: x | N63: x | O63: x | P63: x | Q63: x | R63: x | S63: đc | T63: x | U63: x | V63: x | W63: x | X63: x | Y63: x | Z63: đc | AA63: x | AB63: x | AC63: x | AD63: x | AG63: cn | AH63: x | AI63: x | AK63: =SUM(COUNTIF(F63:AJ63,"x")) -> 24 | AL63: =SUM(COUNTIF(F63:AJ63,"cn")) -> 2 | AM63: =SUM(COUNTIF(F63:AJ63,"đ")) -> 0 | AN63: =SUM(COUNTIF(F63:AJ63,"đc")) -> 2 | AO63: =SUM(COUNTIF(F63:AJ63,"gt")) -> 0 | AP63: =SUM(COUNTIF(F63:AJ63,"ct")) -> 0 | AQ63: =AK63+AL63+AM63+AN63+AO63+AP63 -> 28 | AS63: ='Mã số nhân viên'!I54 -> 03498 | AT63: =C64-AS63 -> 0
A64: 52 | B64: 52 | C64: =VLOOKUP(D64,'Mã số nhân viên'!B54:I185,8,0) -> 03498 | D64: N. Lăm Phay | F64: x | G64: x | H64: x | I64: x | J64: x | K64: x | L64: cn | M64: x | N64: x | O64: x | P64: x | Q64: x | R64: x | S64: đc | T64: x | U64: x | V64: x | W64: x | X64: x | Y64: x | Z64: đc | AA64: x | AB64: x | AC64: x | AD64: x | AF64: x | AG64: cn | AH64: x | AI64: x | AK64: =SUM(COUNTIF(F64:AJ64,"x")) -> 25 | AL64: =SUM(COUNTIF(F64:AJ64,"cn")) -> 2 | AM64: =SUM(COUNTIF(F64:AJ64,"đ")) -> 0 | AN64: =SUM(COUNTIF(F64:AJ64,"đc")) -> 2 | AO64: =SUM(COUNTIF(F64:AJ64,"gt")) -> 0 | AP64: =SUM(COUNTIF(F64:AJ64,"ct")) -> 0 | AQ64: =AK64+AL64+AM64+AN64+AO64+AP64 -> 29 | AS64: ='Mã số nhân viên'!I55 -> 02706 | AT64: =C65-AS64 -> 0
A65: 53 | B65: 53 | C65: =VLOOKUP(D65,'Mã số nhân viên'!B55:I186,8,0) -> 02706 | D65: T. Nhung | F65: x | G65: x | H65: x | I65: x | J65: x | K65: x | L65: cn | M65: x | N65: x | O65: x | P65: x | Q65: x | R65: x | S65: đc | T65: x | U65: x | V65: x | W65: x | X65: x | Y65: x | Z65: đc | AA65: x | AB65: x | AC65: x | AD65: x | AE65: x | AF65: x | AG65: cn | AH65: x | AI65: x | AK65: =SUM(COUNTIF(F65:AJ65,"x")) -> 26 | AL65: =SUM(COUNTIF(F65:AJ65,"cn")) -> 2 | AM65: =SUM(COUNTIF(F65:AJ65,"đ")) -> 0 | AN65: =SUM(COUNTIF(F65:AJ65,"đc")) -> 2 | AO65: =SUM(COUNTIF(F65:AJ65,"gt")) -> 0 | AP65: =SUM(COUNTIF(F65:AJ65,"ct")) -> 0 | AQ65: =AK65+AL65+AM65+AN65+AO65+AP65 -> 30 | AS65: ='Mã số nhân viên'!I56 -> 04063 | AT65: =C66-AS65 -> -4063
A66: 54 | B66: 54 | D66: N. In Ton | F66: x | G66: x | H66: x | I66: x | J66: x | K66: x | L66: cn | M66: x | N66: x | O66: x | P66: x | Q66: x | R66: x | S66: đc | T66: x | U66: x | V66: x | W66: x | X66: x | Y66: x | Z66: đc | AA66: x | AB66: x | AC66: x | AD66: x | AE66: x | AF66: x | AG66: cn | AH66: x | AI66: x | AK66: =SUM(COUNTIF(F66:AJ66,"x")) -> 26 | AL66: =SUM(COUNTIF(F66:AJ66,"cn")) -> 2 | AM66: =SUM(COUNTIF(F66:AJ66,"đ")) -> 0 | AN66: =SUM(COUNTIF(F66:AJ66,"đc")) -> 2 | AO66: =SUM(COUNTIF(F66:AJ66,"gt")) -> 0 | AP66: =SUM(COUNTIF(F66:AJ66,"ct")) -> 0 | AQ66: =AK66+AL66+AM66+AN66+AO66+AP66 -> 30 | AS66: ='Mã số nhân viên'!I57 -> 04064 | AT66: =C67-AS66 -> 0
A67: 55 | B67: 55 | C67: =VLOOKUP(D67,'Mã số nhân viên'!B57:I188,8,0) -> 04064 | D67: N. Khay Chăn | F67: x | G67: x | H67: x | I67: x | J67: x | K67: x | L67: cn | M67: x | N67: x | O67: x | P67: x | Q67: x | R67: x | S67: đc | T67: x | U67: x | V67: x | W67: x | X67: x | Y67: x | Z67: đc | AA67: x | AB67: x | AC67: x | AD67: x | AE67: x | AF67: x | AG67: cn | AH67: x | AI67: x | AK67: =SUM(COUNTIF(F67:AJ67,"x")) -> 26 | AL67: =SUM(COUNTIF(F67:AJ67,"cn")) -> 2 | AM67: =SUM(COUNTIF(F67:AJ67,"đ")) -> 0 | AN67: =SUM(COUNTIF(F67:AJ67,"đc")) -> 2 | AO67: =SUM(COUNTIF(F67:AJ67,"gt")) -> 0 | AP67: =SUM(COUNTIF(F67:AJ67,"ct")) -> 0 | AQ67: =AK67+AL67+AM67+AN67+AO67+AP67 -> 30 | AS67: ='Mã số nhân viên'!I58 -> 03501 | AT67: =C68-AS67 -> 0
A68: 56 | B68: 56 | C68: =VLOOKUP(D68,'Mã số nhân viên'!B58:I189,8,0) -> 03501 | D68: T Dăn | F68: x | G68: x | H68: x | I68: x | J68: x | K68: x | L68: cn | M68: x | N68: x | O68: x | P68: x | Q68: x | R68: x | S68: đc | T68: x | U68: x | V68: x | W68: x | X68: x | Y68: x | Z68: đc | AA68: x | AB68: x | AC68: x | AD68: x | AF68: x | AG68: cn | AH68: x | AI68: x | AK68: =SUM(COUNTIF(F68:AJ68,"x")) -> 25 | AL68: =SUM(COUNTIF(F68:AJ68,"cn")) -> 2 | AM68: =SUM(COUNTIF(F68:AJ68,"đ")) -> 0 | AN68: =SUM(COUNTIF(F68:AJ68,"đc")) -> 2 | AO68: =SUM(COUNTIF(F68:AJ68,"gt")) -> 0 | AP68: =SUM(COUNTIF(F68:AJ68,"ct")) -> 0 | AQ68: =AK68+AL68+AM68+AN68+AO68+AP68 -> 29 | AS68: ='Mã số nhân viên'!I59 -> 03502 | AT68: =C69-AS68 -> 0
A69: 57 | B69: 57 | C69: =VLOOKUP(D69,'Mã số nhân viên'!B59:I190,8,0) -> 03502 | D69: T. Xợt | F69: x | G69: x | H69: x | I69: x | J69: x | K69: x | L69: cn | M69: x | N69: x | O69: x | P69: x | Q69: x | R69: x | S69: đc | T69: x | U69: x | V69: x | W69: x | X69: x | Y69: x | Z69: đc | AA69: x | AB69: x | AC69: x | AD69: x | AE69: x | AF69: x | AG69: cn | AH69: x | AI69: x | AK69: =SUM(COUNTIF(F69:AJ69,"x")) -> 26 | AL69: =SUM(COUNTIF(F69:AJ69,"cn")) -> 2 | AM69: =SUM(COUNTIF(F69:AJ69,"đ")) -> 0 | AN69: =SUM(COUNTIF(F69:AJ69,"đc")) -> 2 | AO69: =SUM(COUNTIF(F69:AJ69,"gt")) -> 0 | AP69: =SUM(COUNTIF(F69:AJ69,"ct")) -> 0 | AQ69: =AK69+AL69+AM69+AN69+AO69+AP69 -> 30 | AS69: ='Mã số nhân viên'!I60 -> 04065 | AT69: =C70-AS69 -> 0
A70: 58 | B70: 58 | C70: =VLOOKUP(D70,'Mã số nhân viên'!B60:I191,8,0) -> 04065 | D70: N. Phết 2 | F70: x | G70: x | H70: x | I70: x | J70: x | K70: x | L70: cn | M70: x | N70: x | O70: x | P70: x | Q70: x | R70: x | S70: đc | T70: x | U70: x | V70: x | W70: x | X70: x | Y70: x | Z70: đc | AA70: x | AB70: x | AC70: x | AD70: x | AE70: x | AF70: x | AG70: cn | AH70: x | AI70: x | AK70: =SUM(COUNTIF(F70:AJ70,"x")) -> 26 | AL70: =SUM(COUNTIF(F70:AJ70,"cn")) -> 2 | AM70: =SUM(COUNTIF(F70:AJ70,"đ")) -> 0 | AN70: =SUM(COUNTIF(F70:AJ70,"đc")) -> 2 | AO70: =SUM(COUNTIF(F70:AJ70,"gt")) -> 0 | AP70: =SUM(COUNTIF(F70:AJ70,"ct")) -> 0 | AQ70: =AK70+AL70+AM70+AN70+AO70+AP70 -> 30 | AS70: ='Mã số nhân viên'!I61 -> 03504 | AT70: =C71-AS70 -> 0
A71: 59 | B71: 59 | C71: =VLOOKUP(D71,'Mã số nhân viên'!B61:I192,8,0) -> 03504 | D71: T. Cạp | F71: x | G71: x | H71: x | I71: x | J71: x | K71: x | L71: cn | M71: x | N71: x | O71: x | P71: x | Q71: x | R71: x | S71: đc | T71: x | U71: x | V71: x | W71: x | X71: x | Y71: x | Z71: đc | AA71: x | AB71: x | AC71: x | AD71: x | AF71: x | AG71: cn | AH71: x | AI71: x | AK71: =SUM(COUNTIF(F71:AJ71,"x")) -> 25 | AL71: =SUM(COUNTIF(F71:AJ71,"cn")) -> 2 | AM71: =SUM(COUNTIF(F71:AJ71,"đ")) -> 0 | AN71: =SUM(COUNTIF(F71:AJ71,"đc")) -> 2 | AO71: =SUM(COUNTIF(F71:AJ71,"gt")) -> 0 | AP71: =SUM(COUNTIF(F71:AJ71,"ct")) -> 0 | AQ71: =AK71+AL71+AM71+AN71+AO71+AP71 -> 29 | AS71: ='Mã số nhân viên'!I62 -> 04066 | AT71: =C72-AS71 -> -4066
A72: 60 | B72: 60 | D72: N. Ních | F72: x | G72: x | H72: x | I72: x | J72: x | K72: x | L72: cn | M72: x | N72: x | O72: x | P72: x | Q72: x | R72: x | S72: đc | T72: x | U72: x | V72: x | W72: x | X72: x | Y72: x | Z72: đc | AA72: x | AB72: x | AC72: x | AD72: x | AF72: x | AG72: cn | AH72: x | AI72: x | AK72: =SUM(COUNTIF(F72:AJ72,"x")) -> 25 | AL72: =SUM(COUNTIF(F72:AJ72,"cn")) -> 2 | AM72: =SUM(COUNTIF(F72:AJ72,"đ")) -> 0 | AN72: =SUM(COUNTIF(F72:AJ72,"đc")) -> 2 | AO72: =SUM(COUNTIF(F72:AJ72,"gt")) -> 0 | AP72: =SUM(COUNTIF(F72:AJ72,"ct")) -> 0 | AQ72: =AK72+AL72+AM72+AN72+AO72+AP72 -> 29 | AS72: ='Mã số nhân viên'!I63 -> 03506 | AT72: =C73-AS72 -> 0
A73: 61 | B73: 61 | C73: =VLOOKUP(D73,'Mã số nhân viên'!B63:I194,8,0) -> 03506 | D73: N. Bua Hom | F73: x | G73: x | H73: x | I73: x | J73: x | K73: x | L73: cn | M73: x | N73: x | O73: x | P73: x | Q73: x | R73: x | S73: đc | T73: x | U73: x | V73: x | W73: x | X73: x | Y73: x | Z73: đc | AA73: x | AB73: x | AC73: x | AD73: x | AE73: x | AG73: cn | AH73: x | AI73: x | AK73: =SUM(COUNTIF(F73:AJ73,"x")) -> 25 | AL73: =SUM(COUNTIF(F73:AJ73,"cn")) -> 2 | AM73: =SUM(COUNTIF(F73:AJ73,"đ")) -> 0 | AN73: =SUM(COUNTIF(F73:AJ73,"đc")) -> 2 | AO73: =SUM(COUNTIF(F73:AJ73,"gt")) -> 0 | AP73: =SUM(COUNTIF(F73:AJ73,"ct")) -> 0 | AQ73: =AK73+AL73+AM73+AN73+AO73+AP73 -> 29 | AS73: ='Mã số nhân viên'!I64 -> 04067 | AT73: =C74-AS73 -> 0
A74: 62 | B74: 62 | C74: =VLOOKUP(D74,'Mã số nhân viên'!B64:I195,8,0) -> 04067 | D74: N. Lăm Phay (2) | F74: x | G74: x | H74: x | I74: x | J74: x | K74: x | L74: cn | M74: x | N74: x | O74: x | P74: x | Q74: x | R74: x | S74: đc | T74: x | U74: x | V74: x | W74: x | X74: x | Y74: x | Z74: đc | AA74: x | AB74: x | AC74: x | AD74: x | AE74: x | AF74: x | AG74: cn | AH74: x | AI74: x | AK74: =SUM(COUNTIF(F74:AJ74,"x")) -> 26 | AL74: =SUM(COUNTIF(F74:AJ74,"cn")) -> 2 | AM74: =SUM(COUNTIF(F74:AJ74,"đ")) -> 0 | AN74: =SUM(COUNTIF(F74:AJ74,"đc")) -> 2 | AO74: =SUM(COUNTIF(F74:AJ74,"gt")) -> 0 | AP74: =SUM(COUNTIF(F74:AJ74,"ct")) -> 0 | AQ74: =AK74+AL74+AM74+AN74+AO74+AP74 -> 30 | AS74: ='Mã số nhân viên'!I65 -> 03508 | AT74: =C75-AS74 -> 0
A75: 63 | B75: 63 | C75: =VLOOKUP(D75,'Mã số nhân viên'!B65:I196,8,0) -> 03508 | D75: T. Đèng | F75: x | G75: x | H75: x | I75: x | J75: x | K75: x | L75: cn | M75: x | N75: x | O75: x | P75: x | Q75: x | R75: x | S75: đc | T75: x | U75: x | V75: x | W75: x | X75: x | Y75: x | Z75: đc | AA75: x | AB75: x | AC75: x | AD75: x | AE75: x | AF75: x | AG75: cn | AH75: x | AI75: x | AK75: =SUM(COUNTIF(F75:AJ75,"x")) -> 26 | AL75: =SUM(COUNTIF(F75:AJ75,"cn")) -> 2 | AM75: =SUM(COUNTIF(F75:AJ75,"đ")) -> 0 | AN75: =SUM(COUNTIF(F75:AJ75,"đc")) -> 2 | AO75: =SUM(COUNTIF(F75:AJ75,"gt")) -> 0 | AP75: =SUM(COUNTIF(F75:AJ75,"ct")) -> 0 | AQ75: =AK75+AL75+AM75+AN75+AO75+AP75 -> 30 | AS75: ='Mã số nhân viên'!I66 -> 03512 | AT75: =C76-AS75 -> 0
A76: 64 | B76: 64 | C76: =VLOOKUP(D76,'Mã số nhân viên'!B66:I197,8,0) -> 03512 | D76: N. Đon | F76: x | G76: x | H76: x | I76: x | J76: x | K76: x | L76: cn | M76: x | N76: x | O76: x | P76: x | Q76: x | R76: x | S76: đc | T76: x | U76: x | V76: x | W76: x | X76: x | Y76: x | Z76: đc | AA76: x | AB76: x | AC76: x | AD76: x | AF76: x | AG76: cn | AH76: x | AI76: x | AK76: =SUM(COUNTIF(F76:AJ76,"x")) -> 25 | AL76: =SUM(COUNTIF(F76:AJ76,"cn")) -> 2 | AM76: =SUM(COUNTIF(F76:AJ76,"đ")) -> 0 | AN76: =SUM(COUNTIF(F76:AJ76,"đc")) -> 2 | AO76: =SUM(COUNTIF(F76:AJ76,"gt")) -> 0 | AP76: =SUM(COUNTIF(F76:AJ76,"ct")) -> 0 | AQ76: =AK76+AL76+AM76+AN76+AO76+AP76 -> 29 | AS76: ='Mã số nhân viên'!I67 -> 04068 | AT76: =C77-AS76 -> 0
A77: 65 | B77: 65 | C77: =VLOOKUP(D77,'Mã số nhân viên'!B67:I198,8,0) -> 04068 | D77: T. La | F77: x | G77: x | H77: x | I77: x | J77: x | K77: x | L77: cn | M77: x | N77: x | O77: x | P77: x | Q77: x | R77: x | S77: đc | T77: x | U77: x | V77: x | W77: x | X77: x | Y77: x | Z77: đc | AA77: x | AB77: x | AC77: x | AE77: x | AF77: x | AG77: cn | AH77: x | AI77: x | AK77: =SUM(COUNTIF(F77:AJ77,"x")) -> 25 | AL77: =SUM(COUNTIF(F77:AJ77,"cn")) -> 2 | AM77: =SUM(COUNTIF(F77:AJ77,"đ")) -> 0 | AN77: =SUM(COUNTIF(F77:AJ77,"đc")) -> 2 | AO77: =SUM(COUNTIF(F77:AJ77,"gt")) -> 0 | AP77: =SUM(COUNTIF(F77:AJ77,"ct")) -> 0 | AQ77: =AK77+AL77+AM77+AN77+AO77+AP77 -> 29 | AS77: ='Mã số nhân viên'!I68 -> 04069 | AT77: =C78-AS77 -> 0
A78: 66 | B78: 66 | C78: =VLOOKUP(D78,'Mã số nhân viên'!B68:I199,8,0) -> 04069 | D78: T. Bờm | F78: x | G78: x | H78: x | I78: x | J78: x | K78: x | L78: cn | M78: x | N78: x | O78: x | P78: x | Q78: x | R78: x | S78: đc | T78: x | U78: x | V78: x | W78: x | X78: tt | Y78: x | Z78: đc | AA78: x | AB78: x | AC78: x | AD78: x | AE78: x | AF78: x | AG78: cn | AH78: x | AK78: =SUM(COUNTIF(F78:AJ78,"x")) -> 24 | AL78: =SUM(COUNTIF(F78:AJ78,"cn")) -> 2 | AM78: =SUM(COUNTIF(F78:AJ78,"đ")) -> 0 | AN78: =SUM(COUNTIF(F78:AJ78,"đc")) -> 2 | AO78: =SUM(COUNTIF(F78:AJ78,"gt")) -> 0 | AP78: =SUM(COUNTIF(F78:AJ78,"ct")) -> 0 | AQ78: =AK78+AL78+AM78+AN78+AO78+AP78 -> 28 | AS78: ='Mã số nhân viên'!I69 -> 03546 | AT78: =C79-AS78 -> 0
A79: 67 | B79: 67 | C79: =VLOOKUP(D79,'Mã số nhân viên'!B69:I200,8,0) -> 03546 | D79: T. Nọi | F79: x | G79: x | H79: x | I79: x | J79: x | K79: x | L79: cn | M79: x | N79: x | O79: x | P79: x | Q79: x | R79: x | S79: đc | T79: x | U79: x | V79: x | W79: x | X79: x | Y79: x | Z79: đc | AA79: x | AB79: x | AC79: x | AD79: x | AE79: x | AF79: x | AG79: cn | AH79: x | AI79: x | AK79: =SUM(COUNTIF(F79:AJ79,"x")) -> 26 | AL79: =SUM(COUNTIF(F79:AJ79,"cn")) -> 2 | AM79: =SUM(COUNTIF(F79:AJ79,"đ")) -> 0 | AN79: =SUM(COUNTIF(F79:AJ79,"đc")) -> 2 | AO79: =SUM(COUNTIF(F79:AJ79,"gt")) -> 0 | AP79: =SUM(COUNTIF(F79:AJ79,"ct")) -> 0 | AQ79: =AK79+AL79+AM79+AN79+AO79+AP79 -> 30 | AS79: ='Mã số nhân viên'!I70 -> 03571 | AT79: =C80-AS79 -> 0
A80: 68 | B80: 68 | C80: =VLOOKUP(D80,'Mã số nhân viên'!B70:I201,8,0) -> 03571 | D80: T. Ê | F80: x | G80: x | H80: x | I80: x | J80: x | K80: x | L80: cn | M80: x | N80: x | O80: x | P80: x | Q80: x | R80: x | S80: đc | T80: x | U80: x | V80: x | W80: x | X80: x | Y80: x | Z80: đc | AA80: x | AB80: x | AC80: x | AD80: x | AE80: x | AF80: x | AG80: cn | AH80: x | AI80: x | AK80: =SUM(COUNTIF(F80:AJ80,"x")) -> 26 | AL80: =SUM(COUNTIF(F80:AJ80,"cn")) -> 2 | AM80: =SUM(COUNTIF(F80:AJ80,"đ")) -> 0 | AN80: =SUM(COUNTIF(F80:AJ80,"đc")) -> 2 | AO80: =SUM(COUNTIF(F80:AJ80,"gt")) -> 0 | AP80: =SUM(COUNTIF(F80:AJ80,"ct")) -> 0 | AQ80: =AK80+AL80+AM80+AN80+AO80+AP80 -> 30 | AS80: ='Mã số nhân viên'!I71 -> 04070 | AT80: =C81-AS80 -> -4070
A81: 69 | B81: 69 | D81: T. Tu | F81: x | G81: x | H81: x | I81: x | J81: x | K81: x | L81: cn | M81: x | N81: x | O81: x | P81: x | Q81: x | R81: x | S81: đc | T81: x | U81: x | V81: x | W81: x | X81: x | Y81: x | Z81: đc | AA81: x | AB81: x | AC81: x | AD81: x | AE81: x | AG81: cn | AH81: x | AI81: x | AK81: =SUM(COUNTIF(F81:AJ81,"x")) -> 25 | AL81: =SUM(COUNTIF(F81:AJ81,"cn")) -> 2 | AM81: =SUM(COUNTIF(F81:AJ81,"đ")) -> 0 | AN81: =SUM(COUNTIF(F81:AJ81,"đc")) -> 2 | AO81: =SUM(COUNTIF(F81:AJ81,"gt")) -> 0 | AP81: =SUM(COUNTIF(F81:AJ81,"ct")) -> 0 | AQ81: =AK81+AL81+AM81+AN81+AO81+AP81 -> 29 | AS81: ='Mã số nhân viên'!I72 -> 03515 | AT81: =C82-AS81 -> 0
A82: 70 | B82: 70 | C82: =VLOOKUP(D82,'Mã số nhân viên'!B72:I203,8,0) -> 03515 | D82: N. Xi | F82: x | G82: x | H82: x | I82: x | J82: x | K82: x | L82: cn | M82: x | N82: x | O82: x | P82: x | Q82: x | R82: x | S82: đc | T82: x | U82: x | V82: x | W82: x | X82: x | Y82: x | Z82: đc | AA82: x | AB82: x | AC82: x | AD82: x | AE82: x | AF82: x | AG82: cn | AH82: x | AI82: x | AK82: =SUM(COUNTIF(F82:AJ82,"x")) -> 26 | AL82: =SUM(COUNTIF(F82:AJ82,"cn")) -> 2 | AM82: =SUM(COUNTIF(F82:AJ82,"đ")) -> 0 | AN82: =SUM(COUNTIF(F82:AJ82,"đc")) -> 2 | AO82: =SUM(COUNTIF(F82:AJ82,"gt")) -> 0 | AP82: =SUM(COUNTIF(F82:AJ82,"ct")) -> 0 | AQ82: =AK82+AL82+AM82+AN82+AO82+AP82 -> 30 | AS82: ='Mã số nhân viên'!I73 -> 03516 | AT82: =C83-AS82 -> 0
A83: 71 | B83: 71 | C83: =VLOOKUP(D83,'Mã số nhân viên'!B73:I204,8,0) -> 03516 | D83: N. Chay | F83: x | G83: x | H83: x | I83: x | J83: x | K83: x | L83: cn | M83: x | N83: x | O83: x | P83: x | Q83: x | R83: x | S83: đc | T83: x | U83: x | V83: x | W83: x | X83: x | Y83: x | Z83: đc | AA83: x | AB83: x | AC83: x | AD83: x | AE83: x | AF83: x | AG83: cn | AH83: x | AI83: x | AK83: =SUM(COUNTIF(F83:AJ83,"x")) -> 26 | AL83: =SUM(COUNTIF(F83:AJ83,"cn")) -> 2 | AM83: =SUM(COUNTIF(F83:AJ83,"đ")) -> 0 | AN83: =SUM(COUNTIF(F83:AJ83,"đc")) -> 2 | AO83: =SUM(COUNTIF(F83:AJ83,"gt")) -> 0 | AP83: =SUM(COUNTIF(F83:AJ83,"ct")) -> 0 | AQ83: =AK83+AL83+AM83+AN83+AO83+AP83 -> 30 | AS83: ='Mã số nhân viên'!I74 -> 03544 | AT83: =C84-AS83 -> 0
A84: 72 | B84: 72 | C84: =VLOOKUP(D84,'Mã số nhân viên'!B74:I205,8,0) -> 03544 | D84: T. Ta | F84: x | G84: x | H84: x | I84: x | J84: x | K84: x | L84: cn | M84: x | N84: x | O84: x | P84: x | Q84: x | R84: x | S84: đc | T84: x | U84: x | V84: x | W84: x | X84: x | Y84: x | Z84: đc | AA84: x | AB84: x | AC84: x | AD84: x | AE84: x | AF84: x | AG84: cn | AH84: x | AI84: x | AK84: =SUM(COUNTIF(F84:AJ84,"x")) -> 26 | AL84: =SUM(COUNTIF(F84:AJ84,"cn")) -> 2 | AM84: =SUM(COUNTIF(F84:AJ84,"đ")) -> 0 | AN84: =SUM(COUNTIF(F84:AJ84,"đc")) -> 2 | AO84: =SUM(COUNTIF(F84:AJ84,"gt")) -> 0 | AP84: =SUM(COUNTIF(F84:AJ84,"ct")) -> 0 | AQ84: =AK84+AL84+AM84+AN84+AO84+AP84 -> 30 | AS84: ='Mã số nhân viên'!I75 -> 04071 | AT84: =C85-AS84 -> 0
A85: 73 | B85: 73 | C85: =VLOOKUP(D85,'Mã số nhân viên'!B75:I206,8,0) -> 04071 | D85: T. Ne | F85: x | G85: x | H85: x | I85: x | J85: x | K85: x | L85: cn | M85: x | N85: x | O85: x | P85: x | Q85: x | R85: x | S85: đc | T85: x | U85: x | V85: x | W85: x | X85: x | Y85: x | Z85: đc | AA85: x | AB85: x | AC85: x | AD85: x | AE85: x | AF85: x | AG85: cn | AH85: x | AI85: x | AK85: =SUM(COUNTIF(F85:AJ85,"x")) -> 26 | AL85: =SUM(COUNTIF(F85:AJ85,"cn")) -> 2 | AM85: =SUM(COUNTIF(F85:AJ85,"đ")) -> 0 | AN85: =SUM(COUNTIF(F85:AJ85,"đc")) -> 2 | AO85: =SUM(COUNTIF(F85:AJ85,"gt")) -> 0 | AP85: =SUM(COUNTIF(F85:AJ85,"ct")) -> 0 | AQ85: =AK85+AL85+AM85+AN85+AO85+AP85 -> 30 | AS85: ='Mã số nhân viên'!I76 -> 0 | AT85: =E86-AS85 -> 0
A86: 74 | B86: 74 | D86: T. Tý | T86: x | W86: x | X86: x | AD86: x | AE86: x | AH86: x | AI86: x | AK86: =SUM(COUNTIF(F86:AJ86,"x")) -> 7 | AL86: =SUM(COUNTIF(F86:AJ86,"cn")) -> 0 | AM86: =SUM(COUNTIF(F86:AJ86,"đ")) -> 0 | AN86: =SUM(COUNTIF(F86:AJ86,"đc")) -> 0 | AO86: =SUM(COUNTIF(F86:AJ86,"gt")) -> 0 | AP86: =SUM(COUNTIF(F86:AJ86,"ct")) -> 0 | AQ86: =AK86+AL86+AM86+AN86+AO86+AP86 -> 7
A87: 75 | B87: 75 | D87: T. Lã | T87: x | W87: x | X87: x | AK87: =SUM(COUNTIF(F87:AJ87,"x")) -> 3 | AL87: =SUM(COUNTIF(F87:AJ87,"cn")) -> 0 | AM87: =SUM(COUNTIF(F87:AJ87,"đ")) -> 0 | AN87: =SUM(COUNTIF(F87:AJ87,"đc")) -> 0 | AO87: =SUM(COUNTIF(F87:AJ87,"gt")) -> 0 | AP87: =SUM(COUNTIF(F87:AJ87,"ct")) -> 0 | AQ87: =AK87+AL87+AM87+AN87+AO87+AP87 -> 3
A88: 76 | B88: 76 | D88: N. Veo | W88: x | X88: x | AK88: =SUM(COUNTIF(F88:AJ88,"x")) -> 2 | AL88: =SUM(COUNTIF(F88:AJ88,"cn")) -> 0 | AM88: =SUM(COUNTIF(F88:AJ88,"đ")) -> 0 | AN88: =SUM(COUNTIF(F88:AJ88,"đc")) -> 0 | AO88: =SUM(COUNTIF(F88:AJ88,"gt")) -> 0 | AP88: =SUM(COUNTIF(F88:AJ88,"ct")) -> 0 | AQ88: =AK88+AL88+AM88+AN88+AO88+AP88 -> 2
A89: 77 | B89: 77 | D89: T. Pu | T89: x | X89: x | AK89: =SUM(COUNTIF(F89:AJ89,"x")) -> 2 | AL89: =SUM(COUNTIF(F89:AJ89,"cn")) -> 0 | AM89: =SUM(COUNTIF(F89:AJ89,"đ")) -> 0 | AN89: =SUM(COUNTIF(F89:AJ89,"đc")) -> 0 | AO89: =SUM(COUNTIF(F89:AJ89,"gt")) -> 0 | AP89: =SUM(COUNTIF(F89:AJ89,"ct")) -> 0 | AQ89: =AK89+AL89+AM89+AN89+AO89+AP89 -> 2
A90: 78 | B90: 78 | D90: T. Ta. | AK90: =SUM(COUNTIF(F90:AJ90,"x")) -> 0 | AL90: =SUM(COUNTIF(F90:AJ90,"cn")) -> 0 | AM90: =SUM(COUNTIF(F90:AJ90,"đ")) -> 0 | AN90: =SUM(COUNTIF(F90:AJ90,"đc")) -> 0 | AO90: =SUM(COUNTIF(F90:AJ90,"gt")) -> 0 | AP90: =SUM(COUNTIF(F90:AJ90,"ct")) -> 0 | AQ90: =AK90+AL90+AM90+AN90+AO90+AP90 -> 0
A91: 79 | B91: 79 | D91: N. Nang | AK91: =SUM(COUNTIF(F91:AJ91,"x")) -> 0 | AL91: =SUM(COUNTIF(F91:AJ91,"cn")) -> 0 | AM91: =SUM(COUNTIF(F91:AJ91,"đ")) -> 0 | AN91: =SUM(COUNTIF(F91:AJ91,"đc")) -> 0 | AO91: =SUM(COUNTIF(F91:AJ91,"gt")) -> 0 | AP91: =SUM(COUNTIF(F91:AJ91,"ct")) -> 0 | AQ91: =AK91+AL91+AM91+AN91+AO91+AP91 -> 0
A92: 80 | B92: 80 | D92: T. Tan | AK92: =SUM(COUNTIF(F92:AJ92,"x")) -> 0 | AL92: =SUM(COUNTIF(F92:AJ92,"cn")) -> 0 | AM92: =SUM(COUNTIF(F92:AJ92,"đ")) -> 0 | AN92: =SUM(COUNTIF(F92:AJ92,"đc")) -> 0 | AO92: =SUM(COUNTIF(F92:AJ92,"gt")) -> 0 | AP92: =SUM(COUNTIF(F92:AJ92,"ct")) -> 0 | AQ92: =AK92+AL92+AM92+AN92+AO92+AP92 -> 0
A93: 81 | B93: 81
A94: Trạm 2 | F94: =SUM(COUNTIF(F95:F156,"x"))+(COUNTIF(F95:F156,"cn"))+(COUNTIF(F95:F156,"cnđ"))+(COUNTIF(F95:F156,"đ")) -> 58 | G94: =SUM(COUNTIF(G95:G156,"x"))+(COUNTIF(G95:G156,"cn"))+(COUNTIF(G95:G156,"cnđ"))+(COUNTIF(G95:G156,"đ")) -> 58 | H94: =SUM(COUNTIF(H95:H156,"x"))+(COUNTIF(H95:H156,"cn"))+(COUNTIF(H95:H156,"cnđ"))+(COUNTIF(H95:H156,"đ")) -> 58 | I94: =SUM(COUNTIF(I95:I156,"x"))+(COUNTIF(I95:I156,"cn"))+(COUNTIF(I95:I156,"cnđ"))+(COUNTIF(I95:I156,"đ")) -> 57 | J94: =SUM(COUNTIF(J95:J156,"x"))+(COUNTIF(J95:J156,"cn"))+(COUNTIF(J95:J156,"cnđ"))+(COUNTIF(J95:J156,"đ")) -> 58 | K94: =SUM(COUNTIF(K95:K156,"x"))+(COUNTIF(K95:K156,"cn"))+(COUNTIF(K95:K156,"cnđ"))+(COUNTIF(K95:K156,"đ")) -> 58 | L94: =SUM(COUNTIF(L95:L156,"x"))+(COUNTIF(L95:L156,"cn"))+(COUNTIF(L95:L156,"cnđ"))+(COUNTIF(L95:L156,"đ")) -> 58 | M94: =SUM(COUNTIF(M95:M156,"x"))+(COUNTIF(M95:M156,"cn"))+(COUNTIF(M95:M156,"cnđ"))+(COUNTIF(M95:M156,"đ")) -> 58 | ... AJ94: =SUM(COUNTIF(AJ95:AJ156,"x"))+(COUNTIF(AJ95:AJ156,"cn"))+(COUNTIF(AJ95:AJ156,"cnđ"))+(COUNTIF(AJ95:AJ156,"đ")) -> 0 | AK94: =SUM(AK95:AK156) -> 1390 | AL94: =SUM(AL95:AL156) -> 230 | AM94: =SUM(AM95:AM156) -> 116 | AN94: =SUM(AN95:AN156) -> 0 | AO94: =SUM(AO95:AO156) -> 0 | AP94: =SUM(AP95:AP156) -> 0 | AQ94: =SUM(AQ95:AQ156) -> 1736
A95: 78 | B95: 1 | C95: =VLOOKUP(D95,'Mã số nhân viên'!B77:I134,8,0) -> 04072 | D95: T. Lun | F95: x | G95: x | H95: x | I95: x | J95: x | K95: x | L95: cn | M95: x | N95: x | O95: x | P95: x | Q95: đ | R95: x | S95: cn | T95: x | U95: x | V95: x | W95: x | X95: x | Y95: đ | Z95: cn | AA95: x | AB95: x | AC95: x | AD95: x | AE95: x | AF95: x | AG95: cn | AH95: x | AI95: x | AK95: =SUM(COUNTIF(F95:AJ95,"x")) -> 24 | AL95: =SUM(COUNTIF(F95:AJ95,"cn")) -> 4 | AM95: =SUM(COUNTIF(F95:AJ95,"đ")) -> 2 | AN95: =SUM(COUNTIF(F95:AJ95,"đc")) -> 0 | AO95: =SUM(COUNTIF(F95:AJ95,"gt")) -> 0 | AP95: =SUM(COUNTIF(F95:AJ95,"ct")) -> 0 | AQ95: =AK95+AL95+AM95+AN95+AO95+AP95 -> 30 | AS95: ='Mã số nhân viên'!I77 -> 04072 | AT95: =C95-AS95 -> 0 | AU95: 129
A96: 79 | B96: 2 | C96: =VLOOKUP(D96,'Mã số nhân viên'!B78:I135,8,0) -> 03466 | D96: N. Keo | F96: x | G96: x | H96: x | I96: x | J96: x | K96: x | L96: cn | M96: x | N96: x | O96: x | P96: x | Q96: đ | R96: x | S96: cn | T96: x | U96: x | V96: x | W96: x | X96: x | Y96: đ | Z96: cn | AA96: x | AB96: x | AC96: x | AD96: x | AE96: tt | AF96: x | AG96: cn | AH96: x | AI96: x | AK96: =SUM(COUNTIF(F96:AJ96,"x")) -> 23 | AL96: =SUM(COUNTIF(F96:AJ96,"cn")) -> 4 | AM96: =SUM(COUNTIF(F96:AJ96,"đ")) -> 2 | AN96: =SUM(COUNTIF(F96:AJ96,"đc")) -> 0 | AO96: =SUM(COUNTIF(F96:AJ96,"gt")) -> 0 | AP96: =SUM(COUNTIF(F96:AJ96,"ct")) -> 0 | AQ96: =AK96+AL96+AM96+AN96+AO96+AP96 -> 29 | AS96: ='Mã số nhân viên'!I78 -> 03466 | AT96: =C96-AS96 -> 0
A97: 80 | B97: 3 | C97: =VLOOKUP(D97,'Mã số nhân viên'!B79:I136,8,0) -> 03590 | D97: T .Nhum | F97: x | G97: x | H97: x | I97: x | J97: x | K97: x | L97: cn | M97: x | N97: x | O97: x | P97: x | Q97: đ | R97: x | S97: cn | T97: x | U97: x | V97: x | W97: x | X97: x | Y97: đ | Z97: cn | AA97: x | AB97: x | AC97: x | AD97: x | AE97: x | AF97: x | AG97: cn | AH97: x | AI97: x | AK97: =SUM(COUNTIF(F97:AJ97,"x")) -> 24 | AL97: =SUM(COUNTIF(F97:AJ97,"cn")) -> 4 | AM97: =SUM(COUNTIF(F97:AJ97,"đ")) -> 2 | AN97: =SUM(COUNTIF(F97:AJ97,"đc")) -> 0 | AO97: =SUM(COUNTIF(F97:AJ97,"gt")) -> 0 | AP97: =SUM(COUNTIF(F97:AJ97,"ct")) -> 0 | AQ97: =AK97+AL97+AM97+AN97+AO97+AP97 -> 30 | AS97: ='Mã số nhân viên'!I79 -> 03590 | AT97: =C97-AS97 -> 0
A98: 81 | B98: 4 | C98: =VLOOKUP(D98,'Mã số nhân viên'!B80:I137,8,0) -> 03591 | D98: N.Vông Ma Ni | F98: x | G98: x | H98: x | I98: x | J98: x | K98: x | L98: cn | M98: x | N98: x | O98: x | P98: x | Q98: đ | R98: x | S98: cn | T98: x | U98: x | V98: x | W98: x | X98: x | Y98: đ | Z98: cn | AA98: x | AB98: x | AC98: x | AD98: x | AE98: x | AF98: x | AG98: cn | AH98: x | AI98: x | AK98: =SUM(COUNTIF(F98:AJ98,"x")) -> 24 | AL98: =SUM(COUNTIF(F98:AJ98,"cn")) -> 4 | AM98: =SUM(COUNTIF(F98:AJ98,"đ")) -> 2 | AN98: =SUM(COUNTIF(F98:AJ98,"đc")) -> 0 | AO98: =SUM(COUNTIF(F98:AJ98,"gt")) -> 0 | AP98: =SUM(COUNTIF(F98:AJ98,"ct")) -> 0 | AQ98: =AK98+AL98+AM98+AN98+AO98+AP98 -> 30 | AS98: ='Mã số nhân viên'!I80 -> 03591 | AT98: =C98-AS98 -> 0
A99: 82 | B99: 5 | C99: =VLOOKUP(D99,'Mã số nhân viên'!B81:I138,8,0) -> 03592 | D99: Đao Hương | F99: x | G99: x | H99: x | I99: x | J99: x | K99: x | L99: cn | M99: x | N99: x | O99: x | P99: x | Q99: đ | R99: x | S99: cn | T99: x | U99: x | V99: x | W99: x | X99: x | Y99: đ | Z99: cn | AA99: x | AB99: x | AC99: x | AD99: x | AE99: x | AF99: x | AG99: cn | AH99: x | AI99: x | AK99: =SUM(COUNTIF(F99:AJ99,"x")) -> 24 | AL99: =SUM(COUNTIF(F99:AJ99,"cn")) -> 4 | AM99: =SUM(COUNTIF(F99:AJ99,"đ")) -> 2 | AN99: =SUM(COUNTIF(F99:AJ99,"đc")) -> 0 | AO99: =SUM(COUNTIF(F99:AJ99,"gt")) -> 0 | AP99: =SUM(COUNTIF(F99:AJ99,"ct")) -> 0 | AQ99: =AK99+AL99+AM99+AN99+AO99+AP99 -> 30 | AS99: ='Mã số nhân viên'!I81 -> 03592 | AT99: =C99-AS99 -> 0
A100: 83 | B100: 6 | C100: =VLOOKUP(D100,'Mã số nhân viên'!B82:I139,8,0) -> 03593 | D100: T. Xi Nun | F100: x | G100: x | H100: x | I100: x | J100: x | K100: x | L100: cn | M100: x | N100: x | O100: x | P100: x | Q100: đ | R100: x | S100: cn | T100: x | U100: x | V100: x | W100: x | X100: x | Y100: đ | Z100: cn | AA100: x | AB100: x | AC100: x | AD100: x | AE100: x | AF100: x | AG100: cn | AH100: tt | AI100: tt | AK100: =SUM(COUNTIF(F100:AJ100,"x")) -> 22 | AL100: =SUM(COUNTIF(F100:AJ100,"cn")) -> 4 | AM100: =SUM(COUNTIF(F100:AJ100,"đ")) -> 2 | AN100: =SUM(COUNTIF(F100:AJ100,"đc")) -> 0 | AO100: =SUM(COUNTIF(F100:AJ100,"gt")) -> 0 | AP100: =SUM(COUNTIF(F100:AJ100,"ct")) -> 0 | AQ100: =AK100+AL100+AM100+AN100+AO100+AP100 -> 28 | AS100: ='Mã số nhân viên'!I82 -> 03593 | AT100: =C100-AS100 -> 0
A101: 84 | B101: 7 | C101: =VLOOKUP(D101,'Mã số nhân viên'!B83:I140,8,0) -> 03594 | D101: T. Bun Hinh | F101: x | G101: x | H101: x | I101: x | J101: x | K101: x | L101: cn | M101: x | N101: x | O101: x | P101: x | Q101: đ | R101: x | S101: cn | T101: x | U101: x | V101: x | W101: x | X101: x | Y101: đ | Z101: cn | AA101: x | AB101: x | AC101: x | AD101: x | AE101: x | AF101: x | AG101: cn | AH101: x | AI101: x | AK101: =SUM(COUNTIF(F101:AJ101,"x")) -> 24 | AL101: =SUM(COUNTIF(F101:AJ101,"cn")) -> 4 | AM101: =SUM(COUNTIF(F101:AJ101,"đ")) -> 2 | AN101: =SUM(COUNTIF(F101:AJ101,"đc")) -> 0 | AO101: =SUM(COUNTIF(F101:AJ101,"gt")) -> 0 | AP101: =SUM(COUNTIF(F101:AJ101,"ct")) -> 0 | AQ101: =AK101+AL101+AM101+AN101+AO101+AP101 -> 30 | AS101: ='Mã số nhân viên'!I83 -> 03594 | AT101: =C101-AS101 -> 0
A102: 85 | B102: 8 | C102: =VLOOKUP(D102,'Mã số nhân viên'!B84:I141,8,0) -> 04073 | D102: T. Miềng | F102: x | G102: x | H102: x | I102: x | J102: x | K102: x | L102: cn | M102: x | N102: x | O102: x | P102: x | Q102: đ | R102: x | S102: cn | T102: tt | U102: x | V102: x | W102: x | X102: x | Y102: đ | Z102: cn | AA102: x | AB102: x | AC102: x | AD102: tt | AE102: x | AF102: x | AG102: cn | AH102: x | AI102: x | AK102: =SUM(COUNTIF(F102:AJ102,"x")) -> 22 | AL102: =SUM(COUNTIF(F102:AJ102,"cn")) -> 4 | AM102: =SUM(COUNTIF(F102:AJ102,"đ")) -> 2 | AN102: =SUM(COUNTIF(F102:AJ102,"đc")) -> 0 | AO102: =SUM(COUNTIF(F102:AJ102,"gt")) -> 0 | AP102: =SUM(COUNTIF(F102:AJ102,"ct")) -> 0 | AQ102: =AK102+AL102+AM102+AN102+AO102+AP102 -> 28 | AS102: ='Mã số nhân viên'!I84 -> 04073 | AT102: =C102-AS102 -> 0
...

Sheet BTH mủ tạp
A2: CỘNG HÒA DÂN CHỦ NHÂN DÂN LÀO
A3: Hòa Bình -Độc Lập - Dân Chủ - thống Nhất - Thịnh Vượng
A4: -----o0o-----
B6: CÔNG TY TNHH MTV QUASA - GERUCO LÀO
B7: ĐỘI SẢN XUẤT SỐ 04
A9: BẢNG THEO DÕI SẢN LƯỢNG MỦ TẠP THÁNG 09 NĂM 2025
A10: (Từ ngày 01 đến 30/09/2025)
A13: Stt | C13: MSNV | D13: Họ và tên | E13: Kí tên | F13: Ngày | AK13: Tổng mủ tạp | AL13: DRC bình quân | AM13: Quy khô | AN13: Xếp hạng kỹ thuật
F14: 1 | G14: 2 | H14: 3 | I14: 4 | J14: 5 | K14: 6 | L14: 7 | M14: 8 | N14: 9 | O14: 10 | P14: 11 | Q14: 12 | R14: 13 | S14: 14 | T14: 15 | U14: 16 | V14: 17 | W14: 18 | X14: 19 | Y14: 20 | Z14: 21 | AA14: 22 | AB14: 23 | AC14: 24 | AD14: 25 | AE14: 26 | AF14: 27 | AG14: 28 | AH14: 29 | AI14: 30 | AJ14: 31 | AP14: DRC bình quân
A15: Lát bốc | F15: A | G15: B | H15: C | I15: D | J15: A | K15: B | L15: C | M15: D | N15: A | O15: B | P15: C | Q15: D | R15: A | S15: BC | T15: D | U15: A | V15: B | W15: C | X15: D | Y15: A | Z15: BC | AA15: D | AB15: A | AC15: B | AD15: C | AE15: D | AF15: A | AG15: B | AH15: C | AI15: D
A16: Trạm 1 | F16: =SUM(F17:F97) -> 2849 | G16: =SUM(G17:G97) -> 5316 | H16: =SUM(H17:H97) -> 6174 | I16: =SUM(I17:I97) -> 7847 | J16: =SUM(J17:J97) -> 8883 | K16: =SUM(K17:K97) -> 6847 | L16: =SUM(L17:L97) -> 11140 | M16: =SUM(M17:M97) -> 13510 | ... AK16: =SUM(AK17:AK97) -> 291671 | AM16: =SUM(AM17:AM97) -> 124584.01
A17: 1 | B17: 1 | C17: ='Chấm công KT'!C13 -> 0 | D17: ='Chấm công KT'!D13 -> T. Lăm | F17: 112 | G17: 103 | H17: 123 | I17: 128 | J17: 133 | K17: 86 | L17: 237 | M17: 190 | N17: 223 | O17: 170 | P17: 208 | Q17: 182 | R17: 355 | S17: 180 | T17: 159 | U17: 157 | V17: 126 | W17: 159 | X17: 141 | Y17: 263 | Z17: 144 | AA17: 137 | AB17: 139 | AC17: 106 | AD17: 158 | AE17: 126 | AF17: 144 | AG17: 0 | AH17: 0 | AI17: 0 | AK17: =SUM(F17:AJ17) -> 4389 | AL17: 42.713883 | AM17: =AK17*AL17/100 -> 1874.7123 | AN17: A | AS17: =AM16/15*100 -> 830560.07
A18: 2 | B18: 2 | C18: ='Chấm công KT'!C14 -> 04052 | D18: ='Chấm công KT'!D14 -> T. Feng | F18: 81 | G18: 89 | H18: 0 | I18: 90 | J18: 103 | K18: 71 | L18: 120 | M18: 182 | N18: 210 | O18: 170 | P18: 143 | Q18: 182 | R18: 343 | S18: 130 | T18: 165 | U18: 182 | V18: 105 | W18: 0 | X18: 116 | Y18: 247 | Z18: 103 | AA18: 110 | AB18: 145 | AC18: 113 | AD18: 93 | AE18: 120 | AF18: 169 | AG18: 189 | AH18: 0 | AI18: 67 | AK18: =SUM(F18:AJ18) -> 3838 | AL18: 42.713883 | AM18: =AK18*AL18/100 -> 1639.3588 | AN18: A
A19: 3 | B19: 3 | C19: ='Chấm công KT'!C15 -> 02725 | D19: ='Chấm công KT'!D15 -> T. Sa Văn | F19: 0 | G19: 110 | H19: 132 | I19: 138 | J19: 136 | K19: 79 | L19: 149 | M19: 180 | N19: 142 | O19: 155 | P19: 120 | Q19: 120 | R19: 230 | S19: 100 | T19: 130 | U19: 127 | V19: 90 | W19: 93 | X19: 110 | Y19: 235 | Z19: 0 | AA19: 144 | AB19: 106 | AC19: 80 | AD19: 132 | AE19: 122 | AF19: 161 | AG19: 0 | AH19: 75 | AI19: 0 | AK19: =SUM(F19:AJ19) -> 3396 | AL19: 42.713883 | AM19: =AK19*AL19/100 -> 1450.5635 | AN19: A
A20: 4 | B20: 4 | C20: ='Chấm công KT'!C16 -> 04053 | D20: ='Chấm công KT'!D16 -> Lăm Ma Thu | F20: 0 | G20: 72 | H20: 55 | I20: 83 | J20: 164 | K20: 52 | L20: 126 | M20: 177 | N20: 201 | O20: 148 | P20: 106 | Q20: 137 | R20: 261 | S20: 93 | T20: 145 | U20: 164 | V20: 147 | W20: 96 | X20: 130 | Y20: 205 | Z20: 70 | AA20: 91 | AB20: 150 | AC20: 76 | AD20: 0 | AE20: 117 | AF20: 180 | AG20: 181 | AH20: 100 | AI20: 98 | AK20: =SUM(F20:AJ20) -> 3625 | AL20: 42.713883 | AM20: =AK20*AL20/100 -> 1548.3783 | AN20: A
A21: 5 | B21: 5 | C21: ='Chấm công KT'!C17 -> 03459 | D21: ='Chấm công KT'!D17 -> N. Vạt | F21: 74 | G21: 0 | H21: 0 | I21: 180 | J21: 67 | K21: 89 | L21: 275 | M21: 147 | N21: 128 | O21: 146 | P21: 160 | Q21: 103 | R21: 194 | S21: 124 | T21: 90 | U21: 92 | V21: 0 | W21: 173 | X21: 145 | Y21: 181 | Z21: 121 | AA21: 92 | AB21: 74 | AC21: 78 | AD21: 0 | AE21: 77 | AF21: 126 | AG21: 148 | AH21: 144 | AI21: 0 | AK21: =SUM(F21:AJ21) -> 3228 | AL21: 42.713883 | AM21: =AK21*AL21/100 -> 1378.8041 | AN21: A
A22: 6 | B22: 6 | C22: ='Chấm công KT'!C18 -> 04054 | D22: ='Chấm công KT'!D18 -> N. Kay Son | F22: 0 | G22: 78 | H22: 80 | I22: 90 | J22: 154 | K22: 67 | L22: 174 | M22: 180 | N22: 221 | O22: 158 | P22: 131 | Q22: 143 | R22: 282 | S22: 110 | T22: 146 | U22: 184 | V22: 121 | W22: 130 | X22: 141 | Y22: 290 | Z22: 127 | AA22: 140 | AB22: 125 | AC22: 123 | AD22: 84 | AE22: 96 | AF22: 220 | AG22: 189 | AH22: 0 | AI22: 109 | AK22: =SUM(F22:AJ22) -> 4093 | AL22: 42.713883 | AM22: =AK22*AL22/100 -> 1748.2792 | AN22: A
A23: 7 | B23: 7 | C23: ='Chấm công KT'!C19 -> 04055 | D23: ='Chấm công KT'!D19 -> T. Đèng 1 | F23: 0 | G23: 75 | H23: 79 | I23: 110 | J23: 134 | K23: 70 | L23: 137 | M23: 186 | N23: 155 | O23: 182 | P23: 103 | Q23: 153 | R23: 258 | S23: 96 | T23: 138 | U23: 127 | V23: 124 | W23: 80 | X23: 149 | Y23: 189 | Z23: 84 | AA23: 120 | AB23: 100 | AC23: 115 | AD23: 87 | AE23: 151 | AF23: 156 | AG23: 183 | AH23: 105 | AI23: 0 | AK23: =SUM(F23:AJ23) -> 3646 | AL23: 42.713883 | AM23: =AK23*AL23/100 -> 1557.3482 | AN23: A
A24: 8 | B24: 8 | C24: ='Chấm công KT'!C20 -> 03462 | D24: ='Chấm công KT'!D20 -> T . Bua Ngân | F24: 0 | G24: 84 | H24: 70 | I24: 88 | J24: 110 | K24: 84 | L24: 132 | M24: 126 | N24: 183 | O24: 188 | P24: 89 | Q24: 108 | R24: 307 | S24: 130 | T24: 160 | U24: 150 | V24: 160 | W24: 120 | X24: 143 | Y24: 251 | Z24: 82 | AA24: 116 | AB24: 101 | AC24: 117 | AD24: 113 | AE24: 120 | AF24: 172 | AG24: 170 | AH24: 0 | AI24: 0 | AK24: =SUM(F24:AJ24) -> 3674 | AL24: 42.713883 | AM24: =AK24*AL24/100 -> 1569.3081 | AN24: A
A25: 9 | B25: 9 | C25: ='Chấm công KT'!C21 -> 03463 | D25: ='Chấm công KT'!D21 -> T Căng | F25: 0 | G25: 122 | H25: 144 | I25: 0 | J25: 120 | K25: 91 | L25: 260 | M25: 245 | N25: 141 | O25: 208 | P25: 184 | Q25: 144 | R25: 254 | S25: 143 | T25: 176 | U25: 150 | V25: 190 | W25: 204 | X25: 120 | Y25: 210 | Z25: 196 | AA25: 166 | AB25: 138 | AC25: 152 | AD25: 124 | AE25: 114 | AF25: 161 | AG25: 219 | AH25: 140 | AI25: 64 | AK25: =SUM(F25:AJ25) -> 4580 | AL25: 42.713883 | AM25: =AK25*AL25/100 -> 1956.2958 | AN25: A
A26: 10 | B26: 10 | C26: ='Chấm công KT'!C22 -> 03464 | D26: ='Chấm công KT'!D22 -> N. Phôn 1 | F26: 0 | G26: 122 | H26: 138 | I26: 0 | J26: 136 | K26: 92 | L26: 245 | M26: 259 | N26: 141 | O26: 210 | P26: 211 | Q26: 148 | R26: 262 | S26: 133 | T26: 191 | U26: 130 | V26: 177 | W26: 189 | X26: 121 | Y26: 216 | Z26: 196 | AA26: 168 | AB26: 146 | AC26: 152 | AD26: 115 | AE26: 110 | AF26: 163 | AG26: 240 | AH26: 123 | AI26: 104 | AK26: =SUM(F26:AJ26) -> 4638 | AL26: 42.713883 | AM26: =AK26*AL26/100 -> 1981.0699 | AN26: A
A27: 11 | B27: 11 | C27: ='Chấm công KT'!C23 -> 03465 | D27: ='Chấm công KT'!D23 -> T. In Păn | F27: 73 | G27: 0 | H27: 116 | I27: 97 | J27: 80 | K27: 110 | L27: 88 | M27: 187 | N27: 182 | O27: 155 | P27: 172 | Q27: 168 | R27: 306 | S27: 160 | T27: 130 | U27: 105 | V27: 100 | W27: 137 | X27: 120 | Y27: 236 | Z27: 163 | AA27: 110 | AB27: 94 | AC27: 80 | AD27: 0 | AE27: 84 | AF27: 138 | AG27: 0 | AH27: 103 | AI27: 101 | AK27: =SUM(F27:AJ27) -> 3595 | AL27: 42.713883 | AM27: =AK27*AL27/100 -> 1535.5641 | AN27: A
A28: 12 | B28: 12 | C28: ='Chấm công KT'!C24 -> 03466 | D28: ='Chấm công KT'!D24 -> N. Keo | F28: 0 | G28: 91 | H28: 128 | I28: 100 | J28: 133 | K28: 82 | L28: 270 | M28: 181 | N28: 201 | O28: 211 | P28: 164 | Q28: 128 | R28: 290 | S28: 161 | T28: 106 | U28: 154 | V28: 138 | W28: 162 | X28: 126 | Y28: 296 | Z28: 164 | AA28: 92 | AB28: 127 | AC28: 120 | AD28: 120 | AE28: 93 | AF28: 183 | AG28: 185 | AH28: 0 | AI28: 145 | AK28: =SUM(F28:AJ28) -> 4351 | AL28: 42.713883 | AM28: =AK28*AL28/100 -> 1858.4811 | AN28: A
A29: 13 | B29: 13 | C29: ='Chấm công KT'!C25 -> 02727 | D29: ='Chấm công KT'!D25 -> T. Thong Đon | F29: 74 | G29: 96 | H29: 0 | I29: 90 | J29: 80 | K29: 72 | L29: 340 | M29: 172 | N29: 194 | O29: 193 | P29: 168 | Q29: 126 | R29: 360 | S29: 219 | T29: 103 | U29: 133 | V29: 148 | W29: 182 | X29: 115 | Y29: 237 | Z29: 202 | AA29: 130 | AB29: 87 | AC29: 152 | AD29: 0 | AE29: 103 | AF29: 168 | AG29: 168 | AH29: 0 | AI29: 148 | AK29: =SUM(F29:AJ29) -> 4260 | AL29: 42.713883 | AM29: =AK29*AL29/100 -> 1819.6114 | AN29: A
... A89: 73 | B89: 73 | C89: ='Chấm công KT'!C85 -> 04071 | D89: ='Chấm công KT'!D85 -> T. Ne | F89: 57 | G89: 63 | H89: 0 | I89: 108 | J89: 0 | K89: 131 | L89: 175 | M89: 135 | N89: 91 | O89: 80 | P89: 100 | Q89: 121 | R89: 220 | S89: 102 | T89: 102 | U89: 87 | V89: 93 | W89: 83 | X89: 83 | Y89: 165 | Z89: 78 | AA89: 78 | AB89: 74 | AC89: 81 | AD89: 71 | AE89: 71 | AF89: 109 | AG89: 0 | AH89: 0 | AI89: 63 | AK89: =SUM(F89:AJ89) -> 2621 | AL89: 42.713883 | AM89: =AK89*AL89/100 -> 1119.5309 | AN89: A
A90: 74 | B90: 74 | D90: ='Chấm công KT'!D86 -> T. Tý | F90: 0 | G90: 54 | H90: 0 | I90: 0 | J90: 0 | K90: 0 | L90: 0 | M90: 0 | N90: 0 | O90: 0 | P90: 0 | Q90: 0 | R90: 0 | S90: 0 | T90: 0 | U90: 0 | V90: 0 | W90: 83 | X90: 0 | Y90: 0 | Z90: 0 | AA90: 0 | AB90: 0 | AC90: 0 | AD90: 0 | AE90: 0 | AF90: 0 | AG90: 0 | AH90: 0 | AI90: 0 | AK90: =SUM(F90:AJ90) -> 137 | AL90: 42.713883 | AM90: =AK90*AL90/100 -> 58.51802 | AN90: C.
A91: 75 | B91: 75 | D91: ='Chấm công KT'!D87 -> T. Lã | F91: 0 | G91: 54 | H91: 0 | I91: 0 | J91: 0 | K91: 0 | L91: 0 | M91: 0 | N91: 0 | O91: 0 | P91: 0 | Q91: 0 | R91: 0 | S91: 0 | T91: 0 | U91: 0 | V91: 0 | W91: 83 | X91: 0 | Y91: 0 | Z91: 133 | AA91: 0 | AB91: 0 | AC91: 0 | AD91: 0 | AE91: 0 | AF91: 0 | AG91: 0 | AH91: 0 | AI91: 0 | AK91: =SUM(F91:AJ91) -> 270 | AL91: 42.713883 | AM91: =AK91*AL91/100 -> 115.32748 | AN91: C.
A92: 76 | B92: 76 | D92: ='Chấm công KT'!D88 -> N. Veo | F92: 0 | G92: 0 | H92: 0 | I92: 0 | J92: 0 | K92: 0 | L92: 0 | M92: 0 | N92: 0 | O92: 0 | P92: 0 | Q92: 0 | R92: 0 | S92: 0 | T92: 0 | U92: 0 | V92: 0 | W92: 0 | X92: 0 | Y92: 0 | Z92: 133 | AA92: 0 | AB92: 0 | AC92: 0 | AD92: 0 | AE92: 0 | AF92: 0 | AG92: 0 | AH92: 0 | AI92: 0 | AK92: =SUM(F92:AJ92) -> 133 | AL92: 42.713883 | AM92: =AK92*AL92/100 -> 56.809465 | AN92: C.
A93: 77 | B93: 77 | D93: ='Chấm công KT'!D89 -> T. Pu | F93: 0 | G93: 0 | H93: 59 | I93: 0 | J93: 0 | K93: 0 | L93: 0 | M93: 0 | N93: 0 | O93: 0 | P93: 0 | Q93: 0 | R93: 0 | S93: 0 | T93: 0 | U93: 0 | V93: 0 | W93: 83 | X93: 0 | Y93: 0 | Z93: 120 | AA93: 0 | AB93: 0 | AC93: 0 | AD93: 0 | AE93: 0 | AF93: 0 | AG93: 0 | AH93: 0 | AI93: 0 | AK93: =SUM(F93:AJ93) -> 262 | AL93: 42.713883 | AM93: =AK93*AL93/100 -> 111.91037 | AN93: C.
A94: 78 | B94: 78 | D94: ='Chấm công KT'!D90 -> T. Ta. | F94: 0 | G94: 0 | H94: 0 | I94: 0 | J94: 0 | K94: 0 | L94: 0 | M94: 0 | N94: 0 | O94: 0 | P94: 0 | Q94: 0 | R94: 0 | S94: 0 | T94: 0 | U94: 0 | V94: 0 | W94: 0 | X94: 0 | Y94: 0 | Z94: 0 | AA94: 0 | AB94: 0 | AC94: 0 | AD94: 0 | AE94: 0 | AF94: 0 | AG94: 0 | AH94: 0 | AI94: 0 | AK94: =SUM(F94:AJ94) -> 0 | AL94: 42.713883 | AM94: =AK94*AL94/100 -> 0 | AN94: C.
A95: 79 | B95: 79 | D95: ='Chấm công KT'!D91 -> N. Nang | F95: 0 | G95: 0 | H95: 0 | I95: 0 | J95: 0 | K95: 0 | L95: 0 | M95: 0 | N95: 0 | O95: 0 | P95: 0 | Q95: 0 | R95: 0 | S95: 0 | T95: 0 | U95: 0 | V95: 0 | W95: 0 | X95: 0 | Y95: 0 | Z95: 0 | AA95: 0 | AB95: 0 | AC95: 0 | AD95: 0 | AE95: 0 | AF95: 0 | AG95: 0 | AH95: 0 | AI95: 0 | AK95: =SUM(F95:AJ95) -> 0 | AL95: 42.713883 | AM95: =AK95*AL95/100 -> 0 | AN95: C.
A96: 80 | B96: 80 | D96: ='Chấm công KT'!D92 -> T. Tan | F96: 0 | G96: 0 | H96: 0 | I96: 0 | J96: 0 | K96: 0 | L96: 0 | M96: 0 | N96: 0 | O96: 0 | P96: 0 | Q96: 0 | R96: 0 | S96: 0 | T96: 0 | U96: 0 | V96: 0 | W96: 0 | X96: 0 | Y96: 0 | Z96: 0 | AA96: 0 | AB96: 0 | AC96: 0 | AD96: 0 | AE96: 0 | AF96: 0 | AG96: 0 | AH96: 0 | AI96: 0 | AK96: =SUM(F96:AJ96) -> 0 | AL96: 42.713883 | AM96: =AK96*AL96/100 -> 0 | AN96: C.
A97: 81 | B97: 81 | D97: ='Chấm công KT'!D93 -> 0 | AI97: 0 | AK97: =SUM(F97:AJ97) -> 0 | AL97: 42.713883 | AM97: =AK97*AL97/100 -> 0 | AN97: C.
A98: Tram 2 | F98: =SUM(F99:F160) -> 5872 | G98: =SUM(G99:G160) -> 8401 | H98: =SUM(H99:H160) -> 4677 | I98: =SUM(I99:I160) -> 5301 | J98: =SUM(J99:J160) -> 6882 | K98: =SUM(K99:K160) -> 12560 | L98: =SUM(L99:L160) -> 5688 | M98: =SUM(M99:M160) -> 8620 | ... AK98: =SUM(AK99:AK160) -> 248798 | AM98: =SUM(AM99:AM160) -> 107620.46
A99: 78 | B99: 1 | C99: ='Chấm công KT'!C95 -> 04072 | D99: ='Chấm công KT'!D95 -> T. Lun | F99: 134 | G99: 217 | H99: 156 | I99: 80 | J99: 88 | K99: 205 | L99: 157 | M99: 195 | N99: 207 | O99: 213 | P99: 140 | Q99: 360 | R99: 156 | S99: 115 | T99: 148 | U99: 101 | V99: 181 | W99: 133 | X99: 228 | Y99: 106 | Z99: 114 | AA99: 102 | AB99: 90 | AC99: 0 | AD99: 0 | AE99: 209 | AG99: 100 | AH99: 0 | AI99: 70 | AK99: =SUM(F99:AJ99) -> 4005 | AL99: 43.256159 | AM99: =AK99*AL99/100 -> 1732.4092 | AN99: A
A100: 79 | B100: 2 | C100: ='Chấm công KT'!C96 -> 03466 | D100: ='Chấm công KT'!D96 -> N. Keo | F100: 100 | G100: 126 | H100: 93 | I100: 97 | J100: 86 | K100: 164 | L100: 77 | M100: 202 | N100: 220 | O100: 150 | P100: 63 | Q100: 354 | R100: 122 | S100: 67 | T100: 180 | U100: 173 | V100: 179 | W100: 66 | X100: 318 | Y100: 114 | Z100: 64 | AA100: 147 | AB100: 124 | AC100: 121 | AD100: 61 | AE100: 0 | AG100: 177 | AH100: 0 | AI100: 0 | AK100: =SUM(F100:AJ100) -> 3645 | AL100: 43.256159 | AM100: =AK100*AL100/100 -> 1576.687 | AN100: A
A101: 80 | B101: 3 | C101: ='Chấm công KT'!C97 -> 03590 | D101: ='Chấm công KT'!D97 -> T .Nhum | F101: 54 | G101: 116 | H101: 103 | I101: 57 | J101: 66 | K101: 239 | L101: 108 | M101: 122 | N101: 145 | O101: 195 | P101: 83 | Q101: 0 | R101: 191 | S101: 0 | T101: 218 | U101: 221 | V101: 156 | W101: 124 | X101: 208 | Y101: 169 | Z101: 80 | AA101: 91 | AB101: 99 | AC101: 146 | AD101: 80 | AE101: 186 | AG101: 311 | AH101: 0 | AI101: 75 | AK101: =SUM(F101:AJ101) -> 3643 | AL101: 43.256159 | AM101: =AK101*AL101/100 -> 1575.8219 | AN101: A
A102: 81 | B102: 4 | C102: ='Chấm công KT'!C98 -> 03591 | D102: ='Chấm công KT'!D98 -> N.Vông Ma Ni | F102: 81 | G102: 186 | H102: 130 | I102: 97 | J102: 104 | K102: 100 | L102: 0 | M102: 173 | N102: 148 | O102: 206 | P102: 213 | Q102: 298 | R102: 182 | S102: 0 | T102: 117 | U102: 106 | V102: 164 | W102: 210 | X102: 278 | Y102: 137 | Z102: 102 | AA102: 98 | AB102: 104 | AC102: 125 | AD102: 100 | AE102: 274 | AG102: 211 | AH102: 0 | AI102: 125 | AK102: =SUM(F102:AJ102) -> 4069 | AL102: 43.256159 | AM102: =AK102*AL102/100 -> 1760.0931 | AN102: A
A103: 82 | B103: 5 | C103: ='Chấm công KT'!C99 -> 03592 | D103: ='Chấm công KT'!D99 -> Đao Hương | F103: 82 | G103: 186 | H103: 0 | I103: 93 | J103: 96 | K103: 98 | L103: 0 | M103: 132 | N103: 176 | O103: 200 | P103: 200 | Q103: 244 | R103: 161 | S103: 0 | T103: 125 | U103: 120 | V103: 170 | W103: 202 | X103: 239 | Y103: 141 | Z103: 110 | AA103: 112 | AB103: 105 | AC103: 105 | AD103: 104 | AE103: 217 | AG103: 198 | AH103: 0 | AI103: 122 | AK103: =SUM(F103:AJ103) -> 3738 | AL103: 43.256159 | AM103: =AK103*AL103/100 -> 1616.9152 | AN103: A
A104: 83 | B104: 6 | C104: ='Chấm công KT'!C100 -> 03593 | D104: ='Chấm công KT'!D100 -> T. Xi Nun | F104: 147 | G104: 145 | H104: 91 | I104: 115 | J104: 110 | K104: 205 | L104: 135 | M104: 193 | N104: 300 | O104: 242 | P104: 118 | Q104: 430 | R104: 161 | S104: 112 | T104: 143 | U104: 272 | V104: 179 | W104: 110 | X104: 341 | Y104: 153 | Z104: 114 | AA104: 147 | AB104: 192 | AC104: 147 | AD104: 96 | AE104: 316 | AG104: 219 | AH104: 74 | AI104: 0 | AK104: =SUM(F104:AJ104) -> 5007 | AL104: 43.256159 | AM104: =AK104*AL104/100 -> 2165.8359 | AN104: B
A105: 84 | B105: 7 | C105: ='Chấm công KT'!C101 -> 03594 | D105: ='Chấm công KT'!D101 -> T. Bun Hinh | F105: 95 | G105: 124 | H105: 66 | I105: 105 | J105: 0 | K105: 150 | L105: 100 | M105: 134 | N105: 200 | O105: 208 | P105: 107 | Q105: 121 | R105: 165 | S105: 0 | T105: 78 | U105: 141 | V105: 180 | W105: 0 | X105: 75 | Y105: 157 | Z105: 0 | AA105: 72 | AB105: 151 | AC105: 89 | AD105: 65 | AE105: 240 | AG105: 160 | AH105: 54 | AI105: 122 | AK105: =SUM(F105:AJ105) -> 3159 | AL105: 43.256159 | AM105: =AK105*AL105/100 -> 1366.4621 | AN105: A
A106: 85 | B106: 8 | C106: ='Chấm công KT'!C102 -> 04073 | D106: ='Chấm công KT'!D102 -> T. Miềng | F106: 90 | G106: 116 | H106: 100 | I106: 51 | J106: 78 | K106: 162 | L106: 60 | M106: 69 | N106: 200 | O106: 166 | P106: 62 | Q106: 341 | R106: 84 | S106: 65 | T106: 0 | U106: 113 | V106: 162 | W106: 95 | X106: 206 | Y106: 109 | Z106: 50 | AA106: 34 | AB106: 103 | AC106: 94 | AD106: 94 | AE106: 143 | AG106: 0 | AH106: 70 | AI106: 44 | AK106: =SUM(F106:AJ106) -> 2961 | AL106: 43.256159 | AM106: =AK106*AL106/100 -> 1280.8149 | AN106: B
A107: 86 | B107: 9 | C107: ='Chấm công KT'!C103 -> 03596 | D107: ='Chấm công KT'!D103 -> N. Xúc | F107: 100 | G107: 132 | H107: 110 | I107: 73 | J107: 107 | K107: 153 | L107: 58 | M107: 151 | N107: 213 | O107: 140 | P107: 67 | Q107: 299 | R107: 156 | S107: 67 | T107: 136 | U107: 172 | V107: 161 | W107: 0 | X107: 226 | Y107: 110 | Z107: 120 | AA107: 0 | AB107: 146 | AC107: 0 | AD107: 68 | AE107: 242 | AG107: 201 | AH107: 0 | AI107: 96 | AK107: =SUM(F107:AJ107) -> 3504 | AL107: 43.256159 | AM107: =AK107*AL107/100 -> 1515.6958 | AN107: B
A108: 87 | B108: 10 | C108: ='Chấm công KT'!C104 -> 03597 | D108: ='Chấm công KT'!D104 -> N. Lẹ | F108: 72 | G108: 115 | H108: 100 | I108: 61 | J108: 62 | K108: 240 | L108: 61 | M108: 125 | N108: 200 | O108: 265 | P108: 100 | Q108: 0 | R108: 206 | S108: 0 | T108: 238 | U108: 231 | V108: 150 | W108: 136 | X108: 208 | Y108: 180 | Z108: 84 | AA108: 93 | AB108: 92 | AC108: 161 | AD108: 92 | AE108: 192 | AG108: 255 | AH108: 0 | AI108: 58 | AK108: =SUM(F108:AJ108) -> 3777 | AL108: 43.256159 | AM108: =AK108*AL108/100 -> 1633.7851 | AN108: A
A109: 88 | B109: 11 | C109: ='Chấm công KT'!C105 -> 03598 | D109: ='Chấm công KT'!D105 -> N . Thích | F109: 122 | G109: 132 | H109: 77 | I109: 80 | J109: 102 | K109: 172 | L109: 114 | M109: 116 | N109: 197 | O109: 184 | P109: 93 | Q109: 286 | R109: 144 | S109: 0 | T109: 71 | U109: 147 | V109: 124 | W109: 135 | X109: 230 | Y109: 153 | Z109: 57 | AA109: 72 | AB109: 146 | AC109: 128 | AD109: 68 | AE109: 269 | AG109: 218 | AH109: 60 | AI109: 110 | AK109: =SUM(F109:AJ109) -> 3807 | AL109: 43.256159 | AM109: =AK109*AL109/100 -> 1646.762 | AN109: A
A110: 89 | B110: 12 | C110: ='Chấm công KT'!C106 -> 03599 | D110: ='Chấm công KT'!D106 -> N. Cong Mi | F110: 96 | G110: 123 | H110: 68 | I110: 96 | J110: 0 | K110: 142 | L110: 100 | M110: 132 | N110: 218 | O110: 212 | P110: 104 | Q110: 148 | R110: 195 | S110: 0 | T110: 96 | U110: 124 | V110: 168 | W110: 0 | X110: 231 | Y110: 149 | Z110: 0 | AA110: 66 | AB110: 108 | AC110: 83 | AD110: 38 | AE110: 233 | AG110: 137 | AH110: 64 | AI110: 218 | AK110: =SUM(F110:AJ110) -> 3349 | AL110: 43.256159 | AM110: =AK110*AL110/100 -> 1448.6488 | AN110: A
... A156: 135 | B156: 58 | C156: ='Chấm công KT'!C152 -> 04085 | D156: ='Chấm công KT'!D152 -> On chay | F156: 112 | G156: 154 | H156: 86 | I156: 98 | J156: 0 | K156: 212 | L156: 106 | M156: 176 | N156: 235 | O156: 192 | P156: 99 | Q156: 402 | R156: 177 | S156: 73 | T156: 164 | U156: 216 | V156: 170 | W156: 0 | X156: 313 | Y156: 166 | Z156: 133 | AA156: 101 | AB156: 141 | AC156: 143 | AD156: 79 | AE156: 276 | AG156: 238 | AH156: 84 | AI156: 127 | AK156: =SUM(F156:AJ156) -> 4473 | AL156: 43.256159 | AM156: =AK156*AL156/100 -> 1934.848 | AN156: A
A157: 136 | B157: 59 | D157: ='Chấm công KT'!D153 -> T. Thong | F157: 62 | G157: 102 | H157: 48 | I157: 50 | J157: 86 | K157: 90 | L157: 63 | M157: 0 | N157: 72 | O157: 0 | P157: 0 | Q157: 58 | R157: 106 | S157: 0 | T157: 0 | U157: 0 | V157: 0 | W157: 0 | X157: 0 | Y157: 0 | Z157: 0 | AA157: 0 | AB157: 0 | AC157: 0 | AD157: 52 | AE157: 0 | AG157: 144 | AH157: 0 | AI157: 62 | AK157: =SUM(F157:AJ157) -> 995 | AL157: 43.256159 | AM157: =AK157*AL157/100 -> 430.39878 | AN157: C.
A158: 137 | B158: 60 | D158: ='Chấm công KT'!D154 -> T. Khách | F158: 52 | G158: 132 | H158: 88 | I158: 96 | J158: 68 | K158: 0 | L158: 61 | M158: 0 | N158: 0 | O158: 0 | P158: 0 | Q158: 0 | R158: 0 | S158: 0 | T158: 0 | U158: 0 | V158: 0 | W158: 0 | X158: 0 | Y158: 0 | Z158: 0 | AA158: 0 | AB158: 0 | AC158: 0 | AD158: 0 | AE158: 0 | AG158: 113 | AH158: 0 | AI158: 0 | AK158: =SUM(F158:AJ158) -> 610 | AL158: 43.256159 | AM158: =AK158*AL158/100 -> 263.86257 | AN158: C.
A159: 138 | B159: 61 | D159: ='Chấm công KT'!D155 -> Nang On Xi | F159: 0 | G159: 0 | H159: 85 | I159: 95 | J159: 0 | K159: 0 | L159: 0 | M159: 0 | N159: 0 | O159: 43 | P159: 0 | Q159: 0 | R159: 0 | S159: 0 | T159: 0 | U159: 0 | V159: 0 | W159: 0 | X159: 0 | Y159: 0 | Z159: 0 | AA159: 0 | AB159: 0 | AC159: 0 | AD159: 0 | AE159: 0 | AG159: 99 | AH159: 0 | AI159: 0 | AK159: =SUM(F159:AJ159) -> 322 | AL159: 43.256159 | AM159: =AK159*AL159/100 -> 139.28483 | AN159: C.
A160: 139 | B160: 62 | D160: ='Chấm công KT'!D156 -> Thảo Túc | F160: 0 | G160: 0 | H160: 80 | I160: 94 | J160: 0 | K160: 0 | L160: 0 | M160: 0 | N160: 0 | O160: 50 | P160: 0 | Q160: 0 | R160: 0 | S160: 0 | T160: 0 | U160: 0 | V160: 0 | W160: 0 | X160: 0 | Y160: 0 | Z160: 0 | AA160: 0 | AB160: 0 | AC160: 0 | AD160: 0 | AE160: 0 | AG160: 0 | AH160: 0 | AI160: 0 | AK160: =SUM(F160:AJ160) -> 224 | AL160: 43.256159 | AM160: =AK160*AL160/100 -> 96.893797 | AN160: C.
A161: Tổng cộng | F161: =F16+F98 -> 8721 | G161: =G16+G98 -> 13717 | H161: =H16+H98 -> 10851 | I161: =I16+I98 -> 13148 | J161: =J16+J98 -> 15765 | K161: =K16+K98 -> 19407 | L161: =L16+L98 -> 16828 | M161: =M16+M98 -> 22130 | ... AK161: =AK16+AK98 -> 540469 | AM161: =AM16+AM98 -> 232204.47 | AP161: =SUM(#REF!) -> #REF!
A163: STT | F163: SỐ CÔNG NHÂN | I163: HẠNG KỸ THUẬT | M163: SẢN LƯỢNG MỦ TẠP (KG) | R163: SẢN LƯỢNG MỦ QUY KHÔ (KG) | W163: TỶ LỆ % THEO HẠNG KỸ THUẬT | AE163: GHI CHÚ | AP163: =SUM(AP13:AP161) -> #REF!
A164: Công nhân chính thức | F164: =SUM(F165:H168) -> 131 | M164: =SUM(M165:Q168) -> 537516 | R164: =SUM(R165:V168) -> 230931.46 | W164: =SUM(W165:AD167) -> 99.451774
A165: 1 | F165: =SUM(COUNTIF(AN16:AN160,"A")) -> 108 | I165: A | M165: =SUMIF($AN$15:$AN$160,"A",$AK$15:$AK$160) -> 448381 | R165: =SUMIF($AN$15:$AN$160,"A",$AM$15:$AM$160) -> 192551.68 | W165: =R165/R171*100 -> 82.92333
A166: 2 | F166: =SUM(COUNTIF(AN16:AN160,"B")) -> 23 | I166: B | M166: =SUMIF($AN$15:$AN$160,"B",$AK$15:$AK$160) -> 89135 | R166: =SUMIF($AN$15:$AN$160,"B",$AM$15:$AM$160) -> 38379.785 | W166: =R166/R171*100 -> 16.528444 | AM166: =AM161+'BTH mủ Sỉum'!AJ20 -> 232698.69
A167: 3 | F167: =SUM(COUNTIF(AN16:AN160,"C")) -> 0 | I167: C | M167: =SUMIF($AN$15:$AN$160,"C",$AK$15:$AK$160) -> 0 | R167: =SUMIF($AN$15:$AN$160,"C",$AM$15:$AM$160) -> 0 | W167: =R167/R171*100 -> 0
A168: 4 | F168: =SUM(COUNTIF(AN16:AN160,"D")) -> 0 | I168: D | M168: =SUMIF($AN$15:$AN$160,"D",$AK$15:$AK$160) -> 0 | R168: =SUMIF($AN$15:$AN$160,"D",$AM$15:$AM$160) -> 0 | W168: =R168/R171*100 -> 0
A169: Công nhân thay thế | F169: =F170 -> 12 | M169: =M170 -> 2953 | R169: =R170 -> 1273.0053 | W169: =W170 -> 0.54822602
A170: 1 | F170: =SUM(COUNTIF(AN19:AN163,"C.")) -> 12 | I170: C. | M170: =SUMIF($AN$15:$AN$160,"C.",$AK$15:$AK$160) -> 2953 | R170: =SUMIF($AN$15:$AN$160,"C.",$AM$15:$AM$160) -> 1273.0053 | W170: =R170/R171*100 -> 0.54822602
A171: Tổng cộng | F171: =F164+F169 -> 143 | M171: =M164+M169 -> 540469 | R171: =R164+R169 -> 232204.47 | W171: =W164+W169 -> 100
D173: STT | F173: Số công nhân | M173: Hạng kỹ thuật | T173: Sản lượng mủ (kg) | AL173: Ghi chú
M174: Hạng | Q174: Tỷ lệ % | T174: Mủ tạp | AA174: Mủ quy khô | AH174: Tỷ lệ %
D175: CN chính thức | F175: =SUM(F176:L179) -> 73 | Q175: =SUM(Q176:S179) -> 100 | T175: =SUM(T176:Z179) -> 290869 | AA175: =SUM(AA176:AG179) -> 124241.44 | AH175: =SUM(AH176:AK179) -> 100
F176: =COUNTIF($AN$17:$AN$97,"A") -> 64 | M176: A | Q176: =+F176/$F$175*100 -> 87.671233 | T176: =SUMIF($AN$17:$AN$97,"A",$AK$17:$AK$97) -> 258304 | AA176: =SUMIF($AN$17:$AN$97,"A",$AM$17:$AM$97) -> 110331.67 | AH176: =+AA176/$AA$175*100 -> 88.804238
F177: =COUNTIF($AN$17:$AN$96,"B") -> 9 | M177: B | Q177: =+F177/$F$175*100 -> 12.328767 | T177: =SUMIF($AN$17:$AN$97,"B",$AK$17:$AK$97) -> 32565 | AA177: =SUMIF($AN$17:$AN$97,"B",$AM$17:$AM$97) -> 13909.776 | AH177: =+AA177/$AA$175*100 -> 11.195762
F178: =COUNTIF($AN$17:$AN$96,"C") -> 0 | M178: C | Q178: =+F178/$F$175*100 -> 0 | T178: =SUMIF($AN$17:$AN$97,"C",$AK$17:$AK$97) -> 0 | AA178: =SUMIF($AN$17:$AN$97,"C",$AM$17:$AM$97) -> 0 | AH178: =+AA178/$AA$175*100 -> 0
F179: =COUNTIF($AN$17:$AN$97,"D") -> 0 | M179: D | Q179: =+F179/$F$175*100 -> 0 | T179: =SUMIF($AN$17:$AN$97,"D",$AK$17:$AK$97) -> 0 | AA179: =SUMIF($AN$17:$AN$97,"D",$AM$17:$AM$97) -> 0 | AH179: =+AA179/$AA$175*100 -> 0
D180: CN thay thế | F180: =COUNTIF($AN$17:$AN$97,"C.") -> 8 | M180: C. | T180: =SUMIF($AN$17:$AN$97,"C.",$AK$17:$AK$97) -> 802 | AA180: =SUMIF($AN$17:$AN$97,"C.",$AM$17:$AM$97) -> 342.56534
D181: Tổng Trạm 1 | F181: =+F175+F180 -> 81 | T181: =+T175+T180 -> 291671 | AA181: =AA175+AA180 -> 124584.01
D182: CN chính thức | F182: =SUM(F183:L186) -> 58 | Q182: =SUM(Q183:S186) -> 100 | T182: =SUM(T183:Z186) -> 246647 | AA182: =SUM(AA183:AG186) -> 106690.02 | AH182: =SUM(AH183:AK186) -> 100
F183: =COUNTIF($AN$99:$AN$160,"A") -> 44 | M183: A | Q183: =+F183/$F$182*100 -> 75.862069 | T183: =SUMIF($AN$99:$AN$160,"A",$AK$99:$AK$160) -> 190077 | AA183: =SUMIF($AN$99:$AN$160,"A",$AM$99:$AM$160) -> 82220.01 | AH183: =+AA183/$AA$182*100 -> 77.064388
F184: =COUNTIF($AN$99:$AN$160,"B") -> 14 | M184: B | Q184: =+F184/$F$182*100 -> 24.137931 | T184: =SUMIF($AN$99:$AN$160,"B",$AK$99:$AK$160) -> 56570 | AA184: =SUMIF($AN$99:$AN$160,"B",$AM$99:$AM$160) -> 24470.009 | AH184: =+AA184/$AA$182*100 -> 22.935612
F185: =COUNTIF($AN$99:$AN$160,"C") -> 0 | M185: C | Q185: =+F185/$F$195*100 -> 0 | T185: =SUMIF($AN$99:$AN$160,"C",$AK$99:$AK$160) -> 0 | AA185: =SUMIF($AN$99:$AN$160,"C",$AM$99:$AM$160) -> 0 | AH185: =+AA185/$AA$181*100 -> 0
F186: =COUNTIF($AN$99:$AN$160,"D") -> 0 | M186: D | Q186: =+F186/$F$195*100 -> 0 | T186: =SUMIF($AN$99:$AN$160,"D",$AK$99:$AK$160) -> 0 | AA186: =SUMIF($AN$99:$AN$160,"D",$AM$99:$AM$160) -> 0 | AH186: =+AA186/$AA$181*100 -> 0
D187: CN thay thế | F187: =COUNTIF($AN$99:$AN$160,"C.") -> 4 | M187: C. | T187: =SUMIF($AN$99:$AN$160,"C.",$AK$99:$AK$160) -> 2151 | AA187: =SUMIF($AN$99:$AN$160,"C.",$AM$99:$AM$160) -> 930.43998
D188: Tổng Trạm 2 | F188: =+F182+F187 -> 62 | T188: =+T182+T187 -> 248798 | AA188: =AA182+AA187 -> 107620.46
D189: CN chính thức | F189: =SUM(F190:L193) -> 131 | Q189: =SUM(Q190:S193) -> 100 | T189: =SUM(T190:Z193) -> 537516 | AA189: =SUM(AA190:AG193) -> 230931.46 | AH189: =SUM(AH190:AK193) -> 100
F190: =F176+F183 -> 108 | M190: A | Q190: =+F190/$F$189*100 -> 82.442748 | T190: =T183+T176 -> 448381 | AA190: =AA176+AA183 -> 192551.68 | AH190: =+AA190/$AA$189*100 -> 83.380443
F191: =F177+F184 -> 23 | M191: B | Q191: =+F191/$F$189*100 -> 17.557252 | T191: =T184+T177 -> 89135 | AA191: =AA177+AA184 -> 38379.785 | AH191: =+AA191/$AA$189*100 -> 16.619557
F192: =F178+F185 -> 0 | M192: C | Q192: =+F192/$F$189*100 -> 0 | T192: =T185+T178 -> 0 | AA192: =AA178+AA185 -> 0 | AH192: =+AA192/$AA$189*100 -> 0
F193: =F179+F186 -> 0 | M193: D | Q193: =+F193/$F$195*100 -> 0 | T193: =T186+T179 -> 0 | AA193: =AA179+AA186 -> 0 | AH193: =+AA193/$AA$189*100 -> 0
D194: CN thay thế | F194: =F187+F180 -> 12 | M194: C. | T194: =T187+T180 -> 2953 | AA194: =AA180+AA187 -> 1273.0053
D195: Tổng Đội | F195: =+F189+F194 -> 143 | T195: =+T189+T194 -> 540469 | AA195: =+AA189+AA194 -> 232204.47
AD197: Huyện Phìn, ngày 01 tháng 10 năm 2025
A198: TỔNG GIÁM ĐỐC | F198: PHÒNG QL - KT | O198: PHÒNG TC - HC | W198: P.PHÒNG PHỤ TRÁCH | AE198: ĐỘI TRƯỞNG | AK198: NGƯỜI LẬP

Sheet BTH mủ Sỉum
A1: CỘNG HÒA DÂN CHỦ NHÂN DÂN LÀO
A2: Hòa Bình -Độc Lập - Dân Chủ - thống Nhất - Thịnh Vượng
A3: -----o0o-----
A5: CÔNG TY TNHH MTV QUASA - GERUCO LÀO
A6: ĐỘI SẢN XUẤT SỐ 4
A12: BẢNG THEO DÕI SẢN LƯỢNG MỦ SERUM THÁNG 09 NĂM 2025
AK13: DRC
A14: Stt | B14: Họ và tên | C14: Ngày | AH14: Tổng mủ Xirum | AI14: DRC bình quân | AJ14: Quy khô | AK14: Xếp hạng kỹ thuật | AL14: Kí tên
C15: 1 | D15: 2 | E15: 3 | F15: 4 | G15: 5 | H15: 6 | I15: 7 | J15: 8 | K15: 9 | L15: 10 | M15: 11 | N15: 12 | O15: 13 | P15: 14 | Q15: 15 | R15: 16 | S15: 17 | T15: 18 | U15: 19 | V15: 20 | W15: 21 | X15: 22 | Y15: 23 | Z15: 24 | AA15: 25 | AB15: 26 | AC15: 27 | AD15: 28 | AE15: 29 | AF15: 30
A16: Trạm 1 | C16: =C17 -> 0 | D16: =D17 -> 0 | E16: =E17 -> 0 | F16: =F17 -> 0 | G16: =G17 -> 0 | H16: =H17 -> 0 | I16: =I17 -> 0 | J16: =J17 -> 0 | ... AF16: =AF17 -> 340 | AH16: =AH17 -> 340 | AJ16: =AJ17 -> 184.212 | AK16: =AK17 -> 0
A17: 1 | B17: Mủ Xirum | AF17: 340 | AH17: =SUM(C17:AG17) -> 340 | AI17: 54.18 | AJ17: =AH17*AI17/100 -> 184.212
A18: Trạm 2 | C18: =C19 -> 0 | D18: =D19 -> 0 | E18: =E19 -> 0 | F18: =F19 -> 0 | G18: =G19 -> 0 | H18: =H19 -> 0 | I18: =I19 -> 0 | J18: =J19 -> 0 | ... AF18: =AF19 -> 630 | AH18: =AH19 -> 630 | AJ18: =AJ19 -> 310.01
A19: 1 | B19: Mủ Xirum | AF19: 630 | AH19: =SUM(C19:AG19) -> 630 | AI19: 49.207937 | AJ19: =AH19*AI19/100 -> 310.01
A20: Tổng cộng | AE20: =AE16+AE18 -> 0 | AF20: =AF16+AF18 -> 970 | AG20: =AG16+AG18 -> 0 | AH20: =AH16+AH18 -> 970 | AI20: =AI16+AI18 -> 0 | AJ20: =AJ16+AJ18 -> 494.222 | AK20: =AK16+AK18+#REF!+#REF! -> #REF!
Y22: Mường phìn, ngày 02 tháng 10 năm 2025
A23: TỔNG GIÁM ĐỐC PHÒNG QL - KT P. PHÒNG PHỤ TRÁCH ĐỘI TRƯỞNG NGƯỜI LẬP

Sheet TONGHOPCONGDOI
A2: CÔNG TY TNHH CỔ PHẦN QUASA - GERUCO | R2: CỘNG HÒA DÂN CHỦ NHÂN DÂN LÀO
A3: NÔNG TRƯỜNG 2 | N3: =144/0.67 -> 214.92537 | R3: Hòa Bình - Độc Lập - Dân Chủ - Thống Nhất - Thịnh Vượng
A4: Đội: 1.2.3.4 | J4: =F11*25000 -> 0 | K4: =G11*25000 -> 0 | T4: =Q9-19035.02 -> -11682.29
A5: BẢNG TỔNG HỢP CÔNG THỰC HIỆN THÁNG 07 NĂM 2025
A6: STT | B6: Mã số nhân viên | C6: Họ và Tên Lào | D6: Chức vụ
E7: Bôi thuốc kích thích | F7: Bôi thuốc loét sọc | G7: Phun cỏ đại trà | H7: Phát chồi đại trà | I7: Thiết kế miệng cạo ngữa | J7: Bón Phân | K7: Phun Potry | L7: Xả miệng cạo ngữa | M7: Phát chồi đại trà | N7: Gom chén | P7: Thổi lá hàng 3m | Q7: Tổng công | R7: Sản lượng mủ | V7: Các khoản PC | AC7: Tổng cộng | AD7: Xếp loại KT tính lương | AE7: Xác Nhận
R8: Mủ tạp | S8: Mủ Xirum | T8: Quy khô DRC=50 | U8: Tổng sản lượng mủ tạp+mủ dây quy khô | V8: Ngày công đi cạo thường (x) | W8: Ngày CN thường (cn) | X8: Ngày công đi cạo 2 lát (đ) | Y8: Ngày công chủ nhật cạo 2 lát (đc) | Z8: Ngày công cạo gia tăng 2 miêng (gt) | AA8: Ngày chủ nhật cạo gia tăng 2 miệng (ct) | AB8: Phụ cấp nhỏ a xít | AI8: =5308.01-Q9 -> -2044.72
A9: I | B9: VC KINH DOANH NĂM | E9: =E10+E96 -> 419.2 | F9: =F10+F96 -> 0 | G9: =G10+G96 -> 645.05 | H9: =H10+H96 -> 6252.48 | I9: =I10+I96 -> 36 | J9: =J10+J96 -> 0 | K9: =K10+K96 -> 0 | L9: =L10+L96 -> 0 | ... AC9: =AC10+AC96 -> 7352.73 | AF9: 6716.8 | AG9: =6716.8-Q9 -> -635.93
A10: A | B10: Đội I | E10: =SUM(E11:E94) -> 233.6 | F10: =SUM(F11:F95) -> 0 | G10: =SUM(G11:G95) -> 214.46 | H10: =SUM(H11:H95) -> 4166.56 | I10: =SUM(I11:I95) -> 36 | J10: =SUM(J11:J95) -> 0 | K10: =SUM(K11:K95) -> 0 | L10: =SUM(L11:L95) -> 0 | M10: =SUM(M11:M95) -> 0 | ... AC10: =SUM(AC11:AC95) -> 4650.62 | AF10: 1618 | AG10: 194
A11: 1 | B11: ='Chấm công KT'!C13 -> 0 | C11: ='Chấm công KT'!D13 -> T. Lăm | D11: CN-KT | E11: =4/1.25 -> 3.2 | I11: =14+8+14 -> 36 | Q11: =SUM(E11:P11) -> 39.2 | R11: =VLOOKUP(C11,'BTH mủ tạp'!D17:AK97,34,0) -> 4389 | T11: =S11*50/100 -> 0 | U11: =R11 -> 4389 | V11: =VLOOKUP(C11,'Chấm công KT'!D13:AK93,34,0) -> 24 | W11: =VLOOKUP(C11,'Chấm công KT'!D13:AL93,35,0) -> 1 | Y11: =VLOOKUP(C11,'Chấm công KT'!D13:AN93,37,0) -> 2 | Z11: =VLOOKUP(C11,'Chấm công KT'!$D$13:$AO$92,38,0) -> 0 | AA11: =VLOOKUP(C11,'Chấm công KT'!$D$13:$AP$92,39,0) -> 0 | AC11: =Q11 -> 39.2 | AD11: =VLOOKUP(C11,'BTH mủ tạp'!$D$17:$AN$160,37,0) -> A
A12: 2 | B12: ='Chấm công KT'!C14 -> 04052 | C12: ='Chấm công KT'!D14 -> T. Feng | D12: CN-KT | E12: =4/1.25 -> 3.2 | Q12: =SUM(E12:P12) -> 3.2 | R12: =VLOOKUP(C12,'BTH mủ tạp'!D18:AK98,34,0) -> 3838 | T12: =S12*50/100 -> 0 | U12: =R12 -> 3838 | V12: =VLOOKUP(C12,'Chấm công KT'!D14:AK94,34,0) -> 24 | W12: =VLOOKUP(C12,'Chấm công KT'!D14:AL94,35,0) -> 1 | Y12: =VLOOKUP(C12,'Chấm công KT'!D14:AN94,37,0) -> 2 | Z12: =VLOOKUP(C12,'Chấm công KT'!$D$13:$AO$92,38,0) -> 0 | AA12: =VLOOKUP(C12,'Chấm công KT'!$D$13:$AP$92,39,0) -> 0 | AC12: =Q12 -> 3.2 | AD12: =VLOOKUP(C12,'BTH mủ tạp'!$D$17:$AN$160,37,0) -> A
A13: 3 | B13: ='Chấm công KT'!C15 -> 02725 | C13: ='Chấm công KT'!D15 -> T. Sa Văn | D13: CN-KT | E13: =4/1.25 -> 3.2 | Q13: =SUM(E13:P13) -> 3.2 | R13: =VLOOKUP(C13,'BTH mủ tạp'!D19:AK99,34,0) -> 3396 | T13: =S13*50/100 -> 0 | U13: =R13 -> 3396 | V13: =VLOOKUP(C13,'Chấm công KT'!D15:AK95,34,0) -> 24 | W13: =VLOOKUP(C13,'Chấm công KT'!D15:AL95,35,0) -> 2 | Y13: =VLOOKUP(C13,'Chấm công KT'!D15:AN95,37,0) -> 2 | Z13: =VLOOKUP(C13,'Chấm công KT'!$D$13:$AO$92,38,0) -> 0 | AA13: =VLOOKUP(C13,'Chấm công KT'!$D$13:$AP$92,39,0) -> 0 | AC13: =Q13 -> 3.2 | AD13: =VLOOKUP(C13,'BTH mủ tạp'!$D$17:$AN$160,37,0) -> A | AG13: 119657 | AH13: 197
A14: 4 | B14: ='Chấm công KT'!C16 -> 04053 | C14: ='Chấm công KT'!D16 -> Lăm Ma Thu | D14: CN-KT | E14: =4/1.25 -> 3.2 | Q14: =SUM(E14:P14) -> 3.2 | R14: =VLOOKUP(C14,'BTH mủ tạp'!D20:AK100,34,0) -> 3625 | T14: =S14*50/100 -> 0 | U14: =R14 -> 3625 | V14: =VLOOKUP(C14,'Chấm công KT'!D16:AK96,34,0) -> 26 | W14: =VLOOKUP(C14,'Chấm công KT'!D16:AL96,35,0) -> 2 | Y14: =VLOOKUP(C14,'Chấm công KT'!D16:AN96,37,0) -> 2 | Z14: =VLOOKUP(C14,'Chấm công KT'!$D$13:$AO$92,38,0) -> 0 | AA14: =VLOOKUP(C14,'Chấm công KT'!$D$13:$AP$92,39,0) -> 0 | AC14: =Q14 -> 3.2 | AD14: =VLOOKUP(C14,'BTH mủ tạp'!$D$17:$AN$160,37,0) -> A | AG14: 125408 | AH14: 554
A15: 5 | B15: ='Chấm công KT'!C17 -> 03459 | C15: ='Chấm công KT'!D17 -> N. Vạt | D15: CN-KT | E15: =4/1.25 -> 3.2 | Q15: =SUM(E15:P15) -> 3.2 | R15: =VLOOKUP(C15,'BTH mủ tạp'!D21:AK101,34,0) -> 3228 | T15: =S15*50/100 -> 0 | U15: =R15 -> 3228 | V15: =VLOOKUP(C15,'Chấm công KT'!D17:AK97,34,0) -> 24 | W15: =VLOOKUP(C15,'Chấm công KT'!D17:AL97,35,0) -> 2 | Y15: =VLOOKUP(C15,'Chấm công KT'!D17:AN97,37,0) -> 2 | Z15: =VLOOKUP(C15,'Chấm công KT'!$D$13:$AO$92,38,0) -> 0 | AA15: =VLOOKUP(C15,'Chấm công KT'!$D$13:$AP$92,39,0) -> 0 | AC15: =Q15 -> 3.2 | AD15: =VLOOKUP(C15,'BTH mủ tạp'!$D$17:$AN$160,37,0) -> A | AG15: 97048 | AH15: 92
A16: 6 | B16: ='Chấm công KT'!C18 -> 04054 | C16: ='Chấm công KT'!D18 -> N. Kay Son | D16: CN-KT | E16: =4/1.25 -> 3.2 | Q16: =SUM(E16:P16) -> 3.2 | R16: =VLOOKUP(C16,'BTH mủ tạp'!D22:AK102,34,0) -> 4093 | T16: =S16*50/100 -> 0 | U16: =R16 -> 4093 | V16: =VLOOKUP(C16,'Chấm công KT'!D18:AK98,34,0) -> 25 | W16: =VLOOKUP(C16,'Chấm công KT'!D18:AL98,35,0) -> 2 | Y16: =VLOOKUP(C16,'Chấm công KT'!D18:AN98,37,0) -> 2 | Z16: =VLOOKUP(C16,'Chấm công KT'!$D$13:$AO$92,38,0) -> 0 | AA16: =VLOOKUP(C16,'Chấm công KT'!$D$13:$AP$92,39,0) -> 0 | AC16: =Q16 -> 3.2 | AD16: =VLOOKUP(C16,'BTH mủ tạp'!$D$17:$AN$160,37,0) -> A | AG16: 46179
A17: 7 | B17: ='Chấm công KT'!C19 -> 04055 | C17: ='Chấm công KT'!D19 -> T. Đèng 1 | D17: CN-KT | E17: =4/1.25 -> 3.2 | Q17: =SUM(E17:P17) -> 3.2 | R17: =VLOOKUP(C17,'BTH mủ tạp'!D23:AK103,34,0) -> 3646 | T17: =S17*50/100 -> 0 | U17: =R17 -> 3646 | V17: =VLOOKUP(C17,'Chấm công KT'!D19:AK99,34,0) -> 26 | W17: =VLOOKUP(C17,'Chấm công KT'!D19:AL99,35,0) -> 2 | Y17: =VLOOKUP(C17,'Chấm công KT'!D19:AN99,37,0) -> 2 | Z17: =VLOOKUP(C17,'Chấm công KT'!$D$13:$AO$92,38,0) -> 0 | AA17: =VLOOKUP(C17,'Chấm công KT'!$D$13:$AP$92,39,0) -> 0 | AC17: =Q17 -> 3.2 | AD17: =VLOOKUP(C17,'BTH mủ tạp'!$D$17:$AN$160,37,0) -> A
A18: 8 | B18: ='Chấm công KT'!C20 -> 03462 | C18: ='Chấm công KT'!D20 -> T . Bua Ngân | D18: CN-KT | E18: =4/1.25 -> 3.2 | Q18: =SUM(E18:P18) -> 3.2 | R18: =VLOOKUP(C18,'BTH mủ tạp'!D24:AK104,34,0) -> 3674 | T18: =S18*50/100 -> 0 | U18: =R18 -> 3674 | V18: =VLOOKUP(C18,'Chấm công KT'!D20:AK100,34,0) -> 25 | W18: =VLOOKUP(C18,'Chấm công KT'!D20:AL100,35,0) -> 2 | Y18: =VLOOKUP(C18,'Chấm công KT'!D20:AN100,37,0) -> 2 | Z18: =VLOOKUP(C18,'Chấm công KT'!$D$13:$AO$92,38,0) -> 0 | AA18: =VLOOKUP(C18,'Chấm công KT'!$D$13:$AP$92,39,0) -> 0 | AC18: =Q18 -> 3.2 | AD18: =VLOOKUP(C18,'BTH mủ tạp'!$D$17:$AN$160,37,0) -> A | AI18: =1155.43-Q9 -> -6197.3
A19: 9 | B19: ='Chấm công KT'!C21 -> 03463 | C19: ='Chấm công KT'!D21 -> T Căng | D19: CN-KT | E19: =4/1.25 -> 3.2 | Q19: =SUM(E19:P19) -> 3.2 | R19: =VLOOKUP(C19,'BTH mủ tạp'!D25:AK105,34,0) -> 4580 | T19: =S19*50/100 -> 0 | U19: =R19 -> 4580 | V19: =VLOOKUP(C19,'Chấm công KT'!D21:AK101,34,0) -> 25 | W19: =VLOOKUP(C19,'Chấm công KT'!D21:AL101,35,0) -> 2 | Y19: =VLOOKUP(C19,'Chấm công KT'!D21:AN101,37,0) -> 2 | Z19: =VLOOKUP(C19,'Chấm công KT'!$D$13:$AO$92,38,0) -> 0 | AA19: =VLOOKUP(C19,'Chấm công KT'!$D$13:$AP$92,39,0) -> 0 | AC19: =Q19 -> 3.2 | AD19: =VLOOKUP(C19,'BTH mủ tạp'!$D$17:$AN$160,37,0) -> A
A20: 10 | B20: ='Chấm công KT'!C22 -> 03464 | C20: ='Chấm công KT'!D22 -> N. Phôn 1 | D20: CN-KT | E20: =4/1.25 -> 3.2 | Q20: =SUM(E20:P20) -> 3.2 | R20: =VLOOKUP(C20,'BTH mủ tạp'!D26:AK106,34,0) -> 4638 | T20: =S20*50/100 -> 0 | U20: =R20 -> 4638 | V20: =VLOOKUP(C20,'Chấm công KT'!D22:AK102,34,0) -> 25 | W20: =VLOOKUP(C20,'Chấm công KT'!D22:AL102,35,0) -> 2 | Y20: =VLOOKUP(C20,'Chấm công KT'!D22:AN102,37,0) -> 2 | Z20: =VLOOKUP(C20,'Chấm công KT'!$D$13:$AO$92,38,0) -> 0 | AA20: =VLOOKUP(C20,'Chấm công KT'!$D$13:$AP$92,39,0) -> 0 | AC20: =Q20 -> 3.2 | AD20: =VLOOKUP(C20,'BTH mủ tạp'!$D$17:$AN$160,37,0) -> A | AG20: =Q9 -> 7352.73
A21: 11 | B21: ='Chấm công KT'!C23 -> 03465 | C21: ='Chấm công KT'!D23 -> T. In Păn | D21: CN-KT | E21: =4/1.25 -> 3.2 | Q21: =SUM(E21:P21) -> 3.2 | R21: =VLOOKUP(C21,'BTH mủ tạp'!D27:AK107,34,0) -> 3595 | T21: =S21*50/100 -> 0 | U21: =R21 -> 3595 | V21: =VLOOKUP(C21,'Chấm công KT'!D23:AK103,34,0) -> 25 | W21: =VLOOKUP(C21,'Chấm công KT'!D23:AL103,35,0) -> 2 | Y21: =VLOOKUP(C21,'Chấm công KT'!D23:AN103,37,0) -> 2 | Z21: =VLOOKUP(C21,'Chấm công KT'!$D$13:$AO$92,38,0) -> 0 | AA21: =VLOOKUP(C21,'Chấm công KT'!$D$13:$AP$92,39,0) -> 0 | AC21: =Q21 -> 3.2 | AD21: =VLOOKUP(C21,'BTH mủ tạp'!$D$17:$AN$160,37,0) -> A | AG21: =AG20-2544.38 -> 4808.35
A22: 12 | B22: ='Chấm công KT'!C24 -> 03466 | C22: ='Chấm công KT'!D24 -> N. Keo | D22: CN-KT | E22: =4/1.25 -> 3.2 | Q22: =SUM(E22:P22) -> 3.2 | R22: =VLOOKUP(C22,'BTH mủ tạp'!D28:AK108,34,0) -> 4351 | T22: =S22*50/100 -> 0 | U22: =R22 -> 4351 | V22: =VLOOKUP(C22,'Chấm công KT'!D24:AK104,34,0) -> 26 | W22: =VLOOKUP(C22,'Chấm công KT'!D24:AL104,35,0) -> 2 | Y22: =VLOOKUP(C22,'Chấm công KT'!D24:AN104,37,0) -> 2 | Z22: =VLOOKUP(C22,'Chấm công KT'!$D$13:$AO$92,38,0) -> 0 | AA22: =VLOOKUP(C22,'Chấm công KT'!$D$13:$AP$92,39,0) -> 0 | AC22: =Q22 -> 3.2 | AD22: =VLOOKUP(C22,'BTH mủ tạp'!$D$17:$AN$160,37,0) -> A | AG22: =AG21-6.33 -> 4802.02
A23: 13 | B23: ='Chấm công KT'!C25 -> 02727 | C23: ='Chấm công KT'!D25 -> T. Thong Đon | D23: CN-KT | E23: =4/1.25 -> 3.2 | Q23: =SUM(E23:P23) -> 3.2 | R23: =VLOOKUP(C23,'BTH mủ tạp'!D29:AK109,34,0) -> 4260 | T23: =S23*50/100 -> 0 | U23: =R23 -> 4260 | V23: =VLOOKUP(C23,'Chấm công KT'!D25:AK105,34,0) -> 25 | W23: =VLOOKUP(C23,'Chấm công KT'!D25:AL105,35,0) -> 2 | Y23: =VLOOKUP(C23,'Chấm công KT'!D25:AN105,37,0) -> 2 | Z23: =VLOOKUP(C23,'Chấm công KT'!$D$13:$AO$92,38,0) -> 0 | AA23: =VLOOKUP(C23,'Chấm công KT'!$D$13:$AP$92,39,0) -> 0 | AC23: =Q23 -> 3.2 | AD23: =VLOOKUP(C23,'BTH mủ tạp'!$D$17:$AN$160,37,0) -> A
A24: 14 | B24: ='Chấm công KT'!C26 -> 03467 | C24: ='Chấm công KT'!D26 -> T. Hin | D24: CN-KT | E24: =4/1.25 -> 3.2 | Q24: =SUM(E24:P24) -> 3.2 | R24: =VLOOKUP(C24,'BTH mủ tạp'!D30:AK110,34,0) -> 4134 | T24: =S24*50/100 -> 0 | U24: =R24 -> 4134 | V24: =VLOOKUP(C24,'Chấm công KT'!D26:AK106,34,0) -> 26 | W24: =VLOOKUP(C24,'Chấm công KT'!D26:AL106,35,0) -> 2 | Y24: =VLOOKUP(C24,'Chấm công KT'!D26:AN106,37,0) -> 2 | Z24: =VLOOKUP(C24,'Chấm công KT'!$D$13:$AO$92,38,0) -> 0 | AA24: =VLOOKUP(C24,'Chấm công KT'!$D$13:$AP$92,39,0) -> 0 | AC24: =Q24 -> 3.2 | AD24: =VLOOKUP(C24,'BTH mủ tạp'!$D$17:$AN$160,37,0) -> A
A25: 15 | B25: ='Chấm công KT'!C27 -> 04056 | C25: ='Chấm công KT'!D27 -> N. Ly Phon | D25: CN-KT | E25: =4/1.25 -> 3.2 | Q25: =SUM(E25:P25) -> 3.2 | R25: =VLOOKUP(C25,'BTH mủ tạp'!D31:AK111,34,0) -> 4003 | T25: =S25*50/100 -> 0 | U25: =R25 -> 4003 | V25: =VLOOKUP(C25,'Chấm công KT'!D27:AK107,34,0) -> 26 | W25: =VLOOKUP(C25,'Chấm công KT'!D27:AL107,35,0) -> 2 | Y25: =VLOOKUP(C25,'Chấm công KT'!D27:AN107,37,0) -> 2 | Z25: =VLOOKUP(C25,'Chấm công KT'!$D$13:$AO$92,38,0) -> 0 | AA25: =VLOOKUP(C25,'Chấm công KT'!$D$13:$AP$92,39,0) -> 0 | AC25: =Q25 -> 3.2 | AD25: =VLOOKUP(C25,'BTH mủ tạp'!$D$17:$AN$160,37,0) -> B
A26: 16 | B26: ='Chấm công KT'!C28 -> 03469 | C26: ='Chấm công KT'!D28 -> T. Xôm Va Nít | D26: CN-KT | E26: =4/1.25 -> 3.2 | Q26: =SUM(E26:P26) -> 3.2 | R26: =VLOOKUP(C26,'BTH mủ tạp'!D32:AK112,34,0) -> 4506 | T26: =S26*50/100 -> 0 | U26: =R26 -> 4506 | V26: =VLOOKUP(C26,'Chấm công KT'!D28:AK108,34,0) -> 25 | W26: =VLOOKUP(C26,'Chấm công KT'!D28:AL108,35,0) -> 2 | Y26: =VLOOKUP(C26,'Chấm công KT'!D28:AN108,37,0) -> 2 | Z26: =VLOOKUP(C26,'Chấm công KT'!$D$13:$AO$92,38,0) -> 0 | AA26: =VLOOKUP(C26,'Chấm công KT'!$D$13:$AP$92,39,0) -> 0 | AC26: =Q26 -> 3.2 | AD26: =VLOOKUP(C26,'BTH mủ tạp'!$D$17:$AN$160,37,0) -> A
A27: 17 | B27: ='Chấm công KT'!C29 -> 03470 | C27: ='Chấm công KT'!D29 -> T. Lọi | D27: CN-KT | E27: =4/1.25 -> 3.2 | Q27: =SUM(E27:P27) -> 3.2 | R27: =VLOOKUP(C27,'BTH mủ tạp'!D33:AK113,34,0) -> 3459 | T27: =S27*50/100 -> 0 | U27: =R27 -> 3459 | V27: =VLOOKUP(C27,'Chấm công KT'!D29:AK109,34,0) -> 25 | W27: =VLOOKUP(C27,'Chấm công KT'!D29:AL109,35,0) -> 2 | Y27: =VLOOKUP(C27,'Chấm công KT'!D29:AN109,37,0) -> 2 | Z27: =VLOOKUP(C27,'Chấm công KT'!$D$13:$AO$92,38,0) -> 0 | AA27: =VLOOKUP(C27,'Chấm công KT'!$D$13:$AP$92,39,0) -> 0 | AC27: =Q27 -> 3.2 | AD27: =VLOOKUP(C27,'BTH mủ tạp'!$D$17:$AN$160,37,0) -> A
A28: 18 | B28: ='Chấm công KT'!C30 -> 03471 | C28: ='Chấm công KT'!D30 -> T. Phô Thong | D28: CN-KT | E28: =4/1.25 -> 3.2 | Q28: =SUM(E28:P28) -> 3.2 | R28: =VLOOKUP(C28,'BTH mủ tạp'!D34:AK114,34,0) -> 5064 | T28: =S28*50/100 -> 0 | U28: =R28 -> 5064 | V28: =VLOOKUP(C28,'Chấm công KT'!D30:AK110,34,0) -> 26 | W28: =VLOOKUP(C28,'Chấm công KT'!D30:AL110,35,0) -> 2 | Y28: =VLOOKUP(C28,'Chấm công KT'!D30:AN110,37,0) -> 2 | Z28: =VLOOKUP(C28,'Chấm công KT'!$D$13:$AO$92,38,0) -> 0 | AA28: =VLOOKUP(C28,'Chấm công KT'!$D$13:$AP$92,39,0) -> 0 | AC28: =Q28 -> 3.2 | AD28: =VLOOKUP(C28,'BTH mủ tạp'!$D$17:$AN$160,37,0) -> A | AF28: =Q9-3223.96 -> 4128.77
A29: 19 | B29: ='Chấm công KT'!C31 -> 03472 | C29: ='Chấm công KT'!D31 -> N. Soi | D29: CN-KT | E29: =4/1.25 -> 3.2 | Q29: =SUM(E29:P29) -> 3.2 | R29: =VLOOKUP(C29,'BTH mủ tạp'!D35:AK115,34,0) -> 4063 | T29: =S29*50/100 -> 0 | U29: =R29 -> 4063 | V29: =VLOOKUP(C29,'Chấm công KT'!D31:AK111,34,0) -> 24 | W29: =VLOOKUP(C29,'Chấm công KT'!D31:AL111,35,0) -> 2 | Y29: =VLOOKUP(C29,'Chấm công KT'!D31:AN111,37,0) -> 2 | Z29: =VLOOKUP(C29,'Chấm công KT'!$D$13:$AO$92,38,0) -> 0 | AA29: =VLOOKUP(C29,'Chấm công KT'!$D$13:$AP$92,39,0) -> 0 | AC29: =Q29 -> 3.2 | AD29: =VLOOKUP(C29,'BTH mủ tạp'!$D$17:$AN$160,37,0) -> A
A30: 20 | B30: ='Chấm công KT'!C32 -> 03473 | C30: ='Chấm công KT'!D32 -> N. Me Kha La | D30: CN-KT | E30: =4/1.25 -> 3.2 | Q30: =SUM(E30:P30) -> 3.2 | R30: =VLOOKUP(C30,'BTH mủ tạp'!D36:AK116,34,0) -> 3609 | T30: =S30*50/100 -> 0 | U30: =R30 -> 3609 | V30: =VLOOKUP(C30,'Chấm công KT'!D32:AK112,34,0) -> 25 | W30: =VLOOKUP(C30,'Chấm công KT'!D32:AL112,35,0) -> 2 | Y30: =VLOOKUP(C30,'Chấm công KT'!D32:AN112,37,0) -> 2 | Z30: =VLOOKUP(C30,'Chấm công KT'!$D$13:$AO$92,38,0) -> 0 | AA30: =VLOOKUP(C30,'Chấm công KT'!$D$13:$AP$92,39,0) -> 0 | AC30: =Q30 -> 3.2 | AD30: =VLOOKUP(C30,'BTH mủ tạp'!$D$17:$AN$160,37,0) -> A
A31: 21 | B31: ='Chấm công KT'!C33 -> 03474 | C31: ='Chấm công KT'!D33 -> N. Mon Khăm | D31: CN-KT | E31: =4/1.25 -> 3.2 | Q31: =SUM(E31:P31) -> 3.2 | R31: =VLOOKUP(C31,'BTH mủ tạp'!D37:AK117,34,0) -> 3808 | T31: =S31*50/100 -> 0 | U31: =R31 -> 3808 | V31: =VLOOKUP(C31,'Chấm công KT'!D33:AK113,34,0) -> 24 | W31: =VLOOKUP(C31,'Chấm công KT'!D33:AL113,35,0) -> 2 | Y31: =VLOOKUP(C31,'Chấm công KT'!D33:AN113,37,0) -> 2 | Z31: =VLOOKUP(C31,'Chấm công KT'!$D$13:$AO$92,38,0) -> 0 | AA31: =VLOOKUP(C31,'Chấm công KT'!$D$13:$AP$92,39,0) -> 0 | AC31: =Q31 -> 3.2 | AD31: =VLOOKUP(C31,'BTH mủ tạp'!$D$17:$AN$160,37,0) -> A
A32: 22 | B32: ='Chấm công KT'!C34 -> 0 | C32: ='Chấm công KT'!D34 -> N.Choi | D32: CN-KT | E32: =4/1.25 -> 3.2 | Q32: =SUM(E32:P32) -> 3.2 | R32: =VLOOKUP(C32,'BTH mủ tạp'!D38:AK118,34,0) -> 3490 | T32: =S32*50/100 -> 0 | U32: =R32 -> 3490 | V32: =VLOOKUP(C32,'Chấm công KT'!D34:AK114,34,0) -> 26 | W32: =VLOOKUP(C32,'Chấm công KT'!D34:AL114,35,0) -> 2 | Y32: =VLOOKUP(C32,'Chấm công KT'!D34:AN114,37,0) -> 2 | Z32: =VLOOKUP(C32,'Chấm công KT'!$D$13:$AO$92,38,0) -> 0 | AA32: =VLOOKUP(C32,'Chấm công KT'!$D$13:$AP$92,39,0) -> 0 | AC32: =Q32 -> 3.2 | AD32: =VLOOKUP(C32,'BTH mủ tạp'!$D$17:$AN$160,37,0) -> A
A33: 23 | B33: ='Chấm công KT'!C35 -> 03476 | C33: ='Chấm công KT'!D35 -> T. Bin Ly. | D33: CN-KT | E33: =4/1.25 -> 3.2 | Q33: =SUM(E33:P33) -> 3.2 | R33: =VLOOKUP(C33,'BTH mủ tạp'!D39:AK119,34,0) -> 4267 | T33: =S33*50/100 -> 0 | U33: =R33 -> 4267 | V33: =VLOOKUP(C33,'Chấm công KT'!D35:AK115,34,0) -> 26 | W33: =VLOOKUP(C33,'Chấm công KT'!D35:AL115,35,0) -> 2 | Y33: =VLOOKUP(C33,'Chấm công KT'!D35:AN115,37,0) -> 2 | Z33: =VLOOKUP(C33,'Chấm công KT'!$D$13:$AO$92,38,0) -> 0 | AA33: =VLOOKUP(C33,'Chấm công KT'!$D$13:$AP$92,39,0) -> 0 | AC33: =Q33 -> 3.2 | AD33: =VLOOKUP(C33,'BTH mủ tạp'!$D$17:$AN$160,37,0) -> A
A34: 24 | B34: ='Chấm công KT'!C36 -> 0 | C34: ='Chấm công KT'!D36 -> N. Tinh | D34: CN-KT | E34: =4/1.25 -> 3.2 | Q34: =SUM(E34:P34) -> 3.2 | R34: =VLOOKUP(C34,'BTH mủ tạp'!D40:AK120,34,0) -> 3721 | T34: =S34*50/100 -> 0 | U34: =R34 -> 3721 | V34: =VLOOKUP(C34,'Chấm công KT'!D36:AK116,34,0) -> 26 | W34: =VLOOKUP(C34,'Chấm công KT'!D36:AL116,35,0) -> 2 | Y34: =VLOOKUP(C34,'Chấm công KT'!D36:AN116,37,0) -> 2 | Z34: =VLOOKUP(C34,'Chấm công KT'!$D$13:$AO$92,38,0) -> 0 | AA34: =VLOOKUP(C34,'Chấm công KT'!$D$13:$AP$92,39,0) -> 0 | AC34: =Q34 -> 3.2 | AD34: =VLOOKUP(C34,'BTH mủ tạp'!$D$17:$AN$160,37,0) -> A
A35: 25 | B35: ='Chấm công KT'!C37 -> 03478 | C35: ='Chấm công KT'!D37 -> N. Nong | D35: CN-KT | E35: =4/1.25 -> 3.2 | Q35: =SUM(E35:P35) -> 3.2 | R35: =VLOOKUP(C35,'BTH mủ tạp'!D41:AK121,34,0) -> 4018 | T35: =S35*50/100 -> 0 | U35: =R35 -> 4018 | V35: =VLOOKUP(C35,'Chấm công KT'!D37:AK117,34,0) -> 26 | W35: =VLOOKUP(C35,'Chấm công KT'!D37:AL117,35,0) -> 2 | Y35: =VLOOKUP(C35,'Chấm công KT'!D37:AN117,37,0) -> 2 | Z35: =VLOOKUP(C35,'Chấm công KT'!$D$13:$AO$92,38,0) -> 0 | AA35: =VLOOKUP(C35,'Chấm công KT'!$D$13:$AP$92,39,0) -> 0 | AC35: =Q35 -> 3.2 | AD35: =VLOOKUP(C35,'BTH mủ tạp'!$D$17:$AN$160,37,0) -> B
A36: 26 | B36: ='Chấm công KT'!C38 -> 03479 | C36: ='Chấm công KT'!D38 -> N. Tun 1 | D36: CN-KT | E36: =4/1.25 -> 3.2 | Q36: =SUM(E36:P36) -> 3.2 | R36: =VLOOKUP(C36,'BTH mủ tạp'!D42:AK122,34,0) -> 4131 | T36: =S36*50/100 -> 0 | U36: =R36 -> 4131 | V36: =VLOOKUP(C36,'Chấm công KT'!D38:AK118,34,0) -> 26 | W36: =VLOOKUP(C36,'Chấm công KT'!D38:AL118,35,0) -> 2 | Y36: =VLOOKUP(C36,'Chấm công KT'!D38:AN118,37,0) -> 2 | Z36: =VLOOKUP(C36,'Chấm công KT'!$D$13:$AO$92,38,0) -> 0 | AA36: =VLOOKUP(C36,'Chấm công KT'!$D$13:$AP$92,39,0) -> 0 | AC36: =Q36 -> 3.2 | AD36: =VLOOKUP(C36,'BTH mủ tạp'!$D$17:$AN$160,37,0) -> A
A37: 27 | B37: ='Chấm công KT'!C39 -> 03480 | C37: ='Chấm công KT'!D39 -> T . Lốc | D37: CN-KT | E37: =4/1.25 -> 3.2 | Q37: =SUM(E37:P37) -> 3.2 | R37: =VLOOKUP(C37,'BTH mủ tạp'!D43:AK123,34,0) -> 4118 | T37: =S37*50/100 -> 0 | U37: =R37 -> 4118 | V37: =VLOOKUP(C37,'Chấm công KT'!D39:AK119,34,0) -> 26 | W37: =VLOOKUP(C37,'Chấm công KT'!D39:AL119,35,0) -> 2 | Y37: =VLOOKUP(C37,'Chấm công KT'!D39:AN119,37,0) -> 2 | Z37: =VLOOKUP(C37,'Chấm công KT'!$D$13:$AO$92,38,0) -> 0 | AA37: =VLOOKUP(C37,'Chấm công KT'!$D$13:$AP$92,39,0) -> 0 | AC37: =Q37 -> 3.2 | AD37: =VLOOKUP(C37,'BTH mủ tạp'!$D$17:$AN$160,37,0) -> A
A38: 28 | B38: ='Chấm công KT'!C40 -> 03481 | C38: ='Chấm công KT'!D40 -> N . Khâm (1) | D38: CN-KT | E38: =4/1.25 -> 3.2 | Q38: =SUM(E38:P38) -> 3.2 | R38: =VLOOKUP(C38,'BTH mủ tạp'!D44:AK124,34,0) -> 4380 | T38: =S38*50/100 -> 0 | U38: =R38 -> 4380 | V38: =VLOOKUP(C38,'Chấm công KT'!D40:AK120,34,0) -> 24 | W38: =VLOOKUP(C38,'Chấm công KT'!D40:AL120,35,0) -> 2 | Y38: =VLOOKUP(C38,'Chấm công KT'!D40:AN120,37,0) -> 2 | Z38: =VLOOKUP(C38,'Chấm công KT'!$D$13:$AO$92,38,0) -> 0 | AA38: =VLOOKUP(C38,'Chấm công KT'!$D$13:$AP$92,39,0) -> 0 | AC38: =Q38 -> 3.2 | AD38: =VLOOKUP(C38,'BTH mủ tạp'!$D$17:$AN$160,37,0) -> A
A39: 29 | B39: ='Chấm công KT'!C41 -> 03482 | C39: ='Chấm công KT'!D41 -> T . Phết | D39: CN-KT | E39: =4/1.25 -> 3.2 | Q39: =SUM(E39:P39) -> 3.2 | R39: =VLOOKUP(C39,'BTH mủ tạp'!D45:AK125,34,0) -> 4288 | T39: =S39*50/100 -> 0 | U39: =R39 -> 4288 | V39: =VLOOKUP(C39,'Chấm công KT'!D41:AK121,34,0) -> 24 | W39: =VLOOKUP(C39,'Chấm công KT'!D41:AL121,35,0) -> 2 | Y39: =VLOOKUP(C39,'Chấm công KT'!D41:AN121,37,0) -> 2 | Z39: =VLOOKUP(C39,'Chấm công KT'!$D$13:$AO$92,38,0) -> 0 | AA39: =VLOOKUP(C39,'Chấm công KT'!$D$13:$AP$92,39,0) -> 0 | AC39: =Q39 -> 3.2 | AD39: =VLOOKUP(C39,'BTH mủ tạp'!$D$17:$AN$160,37,0) -> A
A40: 30 | B40: ='Chấm công KT'!C42 -> 03483 | C40: ='Chấm công KT'!D42 -> T. Viêng Sa Văn | D40: CN-KT | E40: =4/1.25 -> 3.2 | Q40: =SUM(E40:P40) -> 3.2 | R40: =VLOOKUP(C40,'BTH mủ tạp'!D46:AK126,34,0) -> 4448 | T40: =S40*50/100 -> 0 | U40: =R40 -> 4448 | V40: =VLOOKUP(C40,'Chấm công KT'!D42:AK122,34,0) -> 25 | W40: =VLOOKUP(C40,'Chấm công KT'!D42:AL122,35,0) -> 2 | Y40: =VLOOKUP(C40,'Chấm công KT'!D42:AN122,37,0) -> 2 | Z40: =VLOOKUP(C40,'Chấm công KT'!$D$13:$AO$92,38,0) -> 0 | AA40: =VLOOKUP(C40,'Chấm công KT'!$D$13:$AP$92,39,0) -> 0 | AC40: =Q40 -> 3.2 | AD40: =VLOOKUP(C40,'BTH mủ tạp'!$D$17:$AN$160,37,0) -> A
... A72: 62 | B72: ='Chấm công KT'!C74 -> 04067 | C72: ='Chấm công KT'!D74 -> N. Lăm Phay (2) | D72: CN-KT | E72: =4/1.25 -> 3.2 | Q72: =SUM(E72:P72) -> 3.2 | R72: =VLOOKUP(C72,'BTH mủ tạp'!D78:AK158,34,0) -> 3508 | T72: =S72*50/100 -> 0 | U72: =R72 -> 3508 | V72: =VLOOKUP(C72,'Chấm công KT'!D74:AK154,34,0) -> 26 | W72: =VLOOKUP(C72,'Chấm công KT'!D74:AL154,35,0) -> 2 | Y72: =VLOOKUP(C72,'Chấm công KT'!D74:AN154,37,0) -> 2 | Z72: =VLOOKUP(C72,'Chấm công KT'!$D$13:$AO$92,38,0) -> 0 | AA72: =VLOOKUP(C72,'Chấm công KT'!$D$13:$AP$92,39,0) -> 0 | AC72: =Q72 -> 3.2 | AD72: =VLOOKUP(C72,'BTH mủ tạp'!$D$17:$AN$160,37,0) -> A
A73: 63 | B73: ='Chấm công KT'!C75 -> 03508 | C73: ='Chấm công KT'!D75 -> T. Đèng | D73: CN-KT | E73: =4/1.25 -> 3.2 | Q73: =SUM(E73:P73) -> 3.2 | R73: =VLOOKUP(C73,'BTH mủ tạp'!D79:AK160,34,0) -> 3189 | T73: =S73*50/100 -> 0 | U73: =R73 -> 3189 | V73: =VLOOKUP(C73,'Chấm công KT'!D75:AK155,34,0) -> 26 | W73: =VLOOKUP(C73,'Chấm công KT'!D75:AL155,35,0) -> 2 | Y73: =VLOOKUP(C73,'Chấm công KT'!D75:AN155,37,0) -> 2 | Z73: =VLOOKUP(C73,'Chấm công KT'!$D$13:$AO$92,38,0) -> 0 | AA73: =VLOOKUP(C73,'Chấm công KT'!$D$13:$AP$92,39,0) -> 0 | AC73: =Q73 -> 3.2 | AD73: =VLOOKUP(C73,'BTH mủ tạp'!$D$17:$AN$160,37,0) -> B
A74: 64 | B74: ='Chấm công KT'!C76 -> 03512 | C74: ='Chấm công KT'!D76 -> N. Đon | D74: CN-KT | E74: =4/1.25 -> 3.2 | Q74: =SUM(E74:P74) -> 3.2 | R74: =VLOOKUP(C74,'BTH mủ tạp'!D80:AK160,34,0) -> 3620 | T74: =S74*50/100 -> 0 | U74: =R74 -> 3620 | V74: =VLOOKUP(C74,'Chấm công KT'!D76:AK156,34,0) -> 25 | W74: =VLOOKUP(C74,'Chấm công KT'!D76:AL156,35,0) -> 2 | Y74: =VLOOKUP(C74,'Chấm công KT'!D76:AN156,37,0) -> 2 | Z74: =VLOOKUP(C74,'Chấm công KT'!$D$13:$AO$92,38,0) -> 0 | AA74: =VLOOKUP(C74,'Chấm công KT'!$D$13:$AP$92,39,0) -> 0 | AC74: =Q74 -> 3.2 | AD74: =VLOOKUP(C74,'BTH mủ tạp'!$D$17:$AN$160,37,0) -> B
A75: 65 | B75: ='Chấm công KT'!C77 -> 04068 | C75: ='Chấm công KT'!D77 -> T. La | D75: CN-KT | E75: =4/1.25 -> 3.2 | Q75: =SUM(E75:P75) -> 3.2 | R75: =VLOOKUP(C75,'BTH mủ tạp'!D81:AK161,34,0) -> 3728 | T75: =S75*50/100 -> 0 | U75: =R75 -> 3728 | V75: =VLOOKUP(C75,'Chấm công KT'!D77:AK157,34,0) -> 25 | W75: =VLOOKUP(C75,'Chấm công KT'!D77:AL157,35,0) -> 2 | Y75: =VLOOKUP(C75,'Chấm công KT'!D77:AN157,37,0) -> 2 | Z75: =VLOOKUP(C75,'Chấm công KT'!$D$13:$AO$92,38,0) -> 0 | AA75: =VLOOKUP(C75,'Chấm công KT'!$D$13:$AP$92,39,0) -> 0 | AC75: =Q75 -> 3.2 | AD75: =VLOOKUP(C75,'BTH mủ tạp'!$D$17:$AN$160,37,0) -> B
A76: 66 | B76: ='Chấm công KT'!C78 -> 04069 | C76: ='Chấm công KT'!D78 -> T. Bờm | D76: CN-KT | E76: =4/1.25 -> 3.2 | Q76: =SUM(E76:P76) -> 3.2 | R76: =VLOOKUP(C76,'BTH mủ tạp'!D82:AK162,34,0) -> 3502 | T76: =S76*50/100 -> 0 | U76: =R76 -> 3502 | V76: =VLOOKUP(C76,'Chấm công KT'!D78:AK158,34,0) -> 24 | W76: =VLOOKUP(C76,'Chấm công KT'!D78:AL158,35,0) -> 2 | Y76: =VLOOKUP(C76,'Chấm công KT'!D78:AN158,37,0) -> 2 | Z76: =VLOOKUP(C76,'Chấm công KT'!$D$13:$AO$92,38,0) -> 0 | AA76: =VLOOKUP(C76,'Chấm công KT'!$D$13:$AP$92,39,0) -> 0 | AC76: =Q76 -> 3.2 | AD76: =VLOOKUP(C76,'BTH mủ tạp'!$D$17:$AN$160,37,0) -> A
A77: 67 | B77: ='Chấm công KT'!C79 -> 03546 | C77: ='Chấm công KT'!D79 -> T. Nọi | D77: CN-KT | E77: =4/1.25 -> 3.2 | Q77: =SUM(E77:P77) -> 3.2 | R77: =VLOOKUP(C77,'BTH mủ tạp'!D83:AK163,34,0) -> 3573 | T77: =S77*50/100 -> 0 | U77: =R77 -> 3573 | V77: =VLOOKUP(C77,'Chấm công KT'!D79:AK159,34,0) -> 26 | W77: =VLOOKUP(C77,'Chấm công KT'!D79:AL159,35,0) -> 2 | Y77: =VLOOKUP(C77,'Chấm công KT'!D79:AN159,37,0) -> 2 | Z77: =VLOOKUP(C77,'Chấm công KT'!$D$13:$AO$92,38,0) -> 0 | AA77: =VLOOKUP(C77,'Chấm công KT'!$D$13:$AP$92,39,0) -> 0 | AC77: =Q77 -> 3.2 | AD77: =VLOOKUP(C77,'BTH mủ tạp'!$D$17:$AN$160,37,0) -> A
A78: 68 | B78: ='Chấm công KT'!C80 -> 03571 | C78: ='Chấm công KT'!D80 -> T. Ê | D78: CN-KT | E78: =4/1.25 -> 3.2 | Q78: =SUM(E78:P78) -> 3.2 | R78: =VLOOKUP(C78,'BTH mủ tạp'!D84:AK164,34,0) -> 2956 | T78: =S78*50/100 -> 0 | U78: =R78 -> 2956 | V78: =VLOOKUP(C78,'Chấm công KT'!D80:AK160,34,0) -> 26 | W78: =VLOOKUP(C78,'Chấm công KT'!D80:AL160,35,0) -> 2 | Y78: =VLOOKUP(C78,'Chấm công KT'!D80:AN160,37,0) -> 2 | Z78: =VLOOKUP(C78,'Chấm công KT'!$D$13:$AO$92,38,0) -> 0 | AA78: =VLOOKUP(C78,'Chấm công KT'!$D$13:$AP$92,39,0) -> 0 | AC78: =Q78 -> 3.2 | AD78: =VLOOKUP(C78,'BTH mủ tạp'!$D$17:$AN$160,37,0) -> B
A79: 69 | B79: ='Chấm công KT'!C81 -> 0 | C79: ='Chấm công KT'!D81 -> T. Tu | D79: CN-KT | E79: =4/1.25 -> 3.2 | Q79: =SUM(E79:P79) -> 3.2 | R79: =VLOOKUP(C79,'BTH mủ tạp'!D85:AK165,34,0) -> 4795 | T79: =S79*50/100 -> 0 | U79: =R79 -> 4795 | V79: =VLOOKUP(C79,'Chấm công KT'!D81:AK161,34,0) -> 25 | W79: =VLOOKUP(C79,'Chấm công KT'!D81:AL161,35,0) -> 2 | Y79: =VLOOKUP(C79,'Chấm công KT'!D81:AN161,37,0) -> 2 | Z79: =VLOOKUP(C79,'Chấm công KT'!$D$13:$AO$92,38,0) -> 0 | AA79: =VLOOKUP(C79,'Chấm công KT'!$D$13:$AP$92,39,0) -> 0 | AC79: =Q79 -> 3.2 | AD79: =VLOOKUP(C79,'BTH mủ tạp'!$D$17:$AN$160,37,0) -> B
A80: 70 | B80: ='Chấm công KT'!C82 -> 03515 | C80: ='Chấm công KT'!D82 -> N. Xi | D80: CN-KT | E80: =4/1.25 -> 3.2 | Q80: =SUM(E80:P80) -> 3.2 | R80: =VLOOKUP(C80,'BTH mủ tạp'!D86:AK166,34,0) -> 3743 | T80: =S80*50/100 -> 0 | U80: =R80 -> 3743 | V80: =VLOOKUP(C80,'Chấm công KT'!D82:AK163,34,0) -> 26 | W80: =VLOOKUP(C80,'Chấm công KT'!D82:AL163,35,0) -> 2 | Y80: =VLOOKUP(C80,'Chấm công KT'!D82:AN162,37,0) -> 2 | Z80: =VLOOKUP(C80,'Chấm công KT'!$D$13:$AO$92,38,0) -> 0 | AA80: =VLOOKUP(C80,'Chấm công KT'!$D$13:$AP$92,39,0) -> 0 | AC80: =Q80 -> 3.2 | AD80: =VLOOKUP(C80,'BTH mủ tạp'!$D$17:$AN$160,37,0) -> A
A81: 71 | B81: ='Chấm công KT'!C83 -> 03516 | C81: ='Chấm công KT'!D83 -> N. Chay | D81: CN-KT | E81: =4/1.25 -> 3.2 | Q81: =SUM(E81:P81) -> 3.2 | R81: =VLOOKUP(C81,'BTH mủ tạp'!D87:AK167,34,0) -> 3943 | T81: =S81*50/100 -> 0 | U81: =R81 -> 3943 | V81: =VLOOKUP(C81,'Chấm công KT'!D83:AK164,34,0) -> 26 | W81: =VLOOKUP(C81,'Chấm công KT'!D83:AL164,35,0) -> 2 | Y81: =VLOOKUP(C81,'Chấm công KT'!D83:AN163,37,0) -> 2 | Z81: =VLOOKUP(C81,'Chấm công KT'!$D$13:$AO$92,38,0) -> 0 | AA81: =VLOOKUP(C81,'Chấm công KT'!$D$13:$AP$92,39,0) -> 0 | AC81: =Q81 -> 3.2 | AD81: =VLOOKUP(C81,'BTH mủ tạp'!$D$17:$AN$160,37,0) -> A
A82: 72 | B82: ='Chấm công KT'!C84 -> 03544 | C82: ='Chấm công KT'!D84 -> T. Ta | D82: CN-KT | E82: =4/1.25 -> 3.2 | Q82: =SUM(E82:P82) -> 3.2 | R82: =VLOOKUP(C82,'BTH mủ tạp'!D88:AK168,34,0) -> 2557 | T82: =S82*50/100 -> 0 | U82: =R82 -> 2557 | V82: =VLOOKUP(C82,'Chấm công KT'!D84:AK165,34,0) -> 26 | W82: =VLOOKUP(C82,'Chấm công KT'!D84:AL165,35,0) -> 2 | Y82: =VLOOKUP(C82,'Chấm công KT'!D84:AN164,37,0) -> 2 | Z82: =VLOOKUP(C82,'Chấm công KT'!$D$13:$AO$92,38,0) -> 0 | AA82: =VLOOKUP(C82,'Chấm công KT'!$D$13:$AP$92,39,0) -> 0 | AC82: =Q82 -> 3.2 | AD82: =VLOOKUP(C82,'BTH mủ tạp'!$D$17:$AN$160,37,0) -> A
A83: 73 | B83: ='Chấm công KT'!C85 -> 04071 | C83: ='Chấm công KT'!D85 -> T. Ne | D83: CN-KT | E83: =4/1.25 -> 3.2 | Q83: =SUM(E83:P83) -> 3.2 | R83: =VLOOKUP(C83,'BTH mủ tạp'!D89:AK169,34,0) -> 2621 | T83: =S83*50/100 -> 0 | U83: =R83 -> 2621 | V83: =VLOOKUP(C83,'Chấm công KT'!D85:AK166,34,0) -> 26 | W83: =VLOOKUP(C83,'Chấm công KT'!D85:AL166,35,0) -> 2 | Y83: =VLOOKUP(C83,'Chấm công KT'!D85:AN165,37,0) -> 2 | Z83: =VLOOKUP(C83,'Chấm công KT'!$D$13:$AO$92,38,0) -> 0 | AA83: =VLOOKUP(C83,'Chấm công KT'!$D$13:$AP$92,39,0) -> 0 | AC83: =Q83 -> 3.2 | AD83: =VLOOKUP(C83,'BTH mủ tạp'!$D$17:$AN$160,37,0) -> A
A84: 74 | C84: ='Chấm công KT'!D86 -> T. Tý | D84: CN-KT | Q84: =SUM(E84:P84) -> 0 | R84: =VLOOKUP(C84,'BTH mủ tạp'!D90:AK170,34,0) -> 137 | T84: =S84*50/100 -> 0 | U84: =R84 -> 137 | V84: =VLOOKUP(C84,'Chấm công KT'!D86:AK167,34,0) -> 7 | W84: =VLOOKUP(C84,'Chấm công KT'!D86:AL167,35,0) -> 0 | Y84: =VLOOKUP(C84,'Chấm công KT'!D86:AN166,37,0) -> 0 | Z84: =VLOOKUP(C84,'Chấm công KT'!$D$13:$AO$92,38,0) -> 0 | AA84: =VLOOKUP(C84,'Chấm công KT'!$D$13:$AP$92,39,0) -> 0 | AC84: =Q84 -> 0 | AD84: =VLOOKUP(C84,'BTH mủ tạp'!$D$17:$AN$160,37,0) -> C.
A85: 75 | C85: ='Chấm công KT'!D87 -> T. Lã | D85: CN-KT | Q85: =SUM(E85:P85) -> 0 | R85: =VLOOKUP(C85,'BTH mủ tạp'!D91:AK171,34,0) -> 270 | T85: =S85*50/100 -> 0 | U85: =R85 -> 270 | V85: =VLOOKUP(C85,'Chấm công KT'!D87:AK168,34,0) -> 3 | W85: =VLOOKUP(C85,'Chấm công KT'!D87:AL168,35,0) -> 0 | Y85: =VLOOKUP(C85,'Chấm công KT'!D87:AN167,37,0) -> 0 | Z85: =VLOOKUP(C85,'Chấm công KT'!$D$13:$AO$92,38,0) -> 0 | AA85: =VLOOKUP(C85,'Chấm công KT'!$D$13:$AP$92,39,0) -> 0 | AC85: =Q85 -> 0 | AD85: =VLOOKUP(C85,'BTH mủ tạp'!$D$17:$AN$160,37,0) -> C.
A86: 76 | C86: ='Chấm công KT'!D88 -> N. Veo | D86: CN-KT | Q86: =SUM(E86:P86) -> 0 | R86: =VLOOKUP(C86,'BTH mủ tạp'!D92:AK172,34,0) -> 133 | T86: =S86*50/100 -> 0 | U86: =R86 -> 133 | V86: =VLOOKUP(C86,'Chấm công KT'!D88:AK169,34,0) -> 2 | W86: =VLOOKUP(C86,'Chấm công KT'!D88:AL169,35,0) -> 0 | Y86: =VLOOKUP(C86,'Chấm công KT'!D88:AN168,37,0) -> 0 | Z86: =VLOOKUP(C86,'Chấm công KT'!$D$13:$AO$92,38,0) -> 0 | AA86: =VLOOKUP(C86,'Chấm công KT'!$D$13:$AP$92,39,0) -> 0 | AC86: =Q86 -> 0 | AD86: =VLOOKUP(C86,'BTH mủ tạp'!$D$17:$AN$160,37,0) -> C.
A87: 77 | C87: ='Chấm công KT'!D89 -> T. Pu | D87: CN-KT | Q87: =SUM(E87:P87) -> 0 | R87: =VLOOKUP(C87,'BTH mủ tạp'!D93:AK173,34,0) -> 262 | U87: =R87 -> 262 | V87: =VLOOKUP(C87,'Chấm công KT'!D89:AK170,34,0) -> 2 | W87: =VLOOKUP(C87,'Chấm công KT'!D89:AL170,35,0) -> 0 | Y87: =VLOOKUP(C87,'Chấm công KT'!D89:AN169,37,0) -> 0 | Z87: =VLOOKUP(C87,'Chấm công KT'!$D$13:$AO$92,38,0) -> 0 | AA87: =VLOOKUP(C87,'Chấm công KT'!$D$13:$AP$92,39,0) -> 0 | AC87: =Q87 -> 0 | AD87: =VLOOKUP(C87,'BTH mủ tạp'!$D$17:$AN$160,37,0) -> C.
A88: 78 | C88: ='Chấm công KT'!D90 -> T. Ta. | D88: CN-KT | Q88: =SUM(E88:P88) -> 0 | R88: =VLOOKUP(C88,'BTH mủ tạp'!D94:AK174,34,0) -> 0 | U88: =R88 -> 0 | V88: =VLOOKUP(C88,'Chấm công KT'!D90:AK171,34,0) -> 0 | W88: =VLOOKUP(C88,'Chấm công KT'!D90:AL171,35,0) -> 0 | Y88: =VLOOKUP(C88,'Chấm công KT'!D90:AN170,37,0) -> 0 | Z88: =VLOOKUP(C88,'Chấm công KT'!$D$13:$AO$92,38,0) -> 0 | AA88: =VLOOKUP(C88,'Chấm công KT'!$D$13:$AP$92,39,0) -> 0 | AC88: =Q88 -> 0 | AD88: =VLOOKUP(C88,'BTH mủ tạp'!$D$17:$AN$160,37,0) -> C.
A89: 79 | C89: ='Chấm công KT'!D91 -> N. Nang | D89: CN-KT | Q89: =SUM(E89:P89) -> 0 | R89: =VLOOKUP(C89,'BTH mủ tạp'!D95:AK175,34,0) -> 0 | U89: =R89 -> 0 | V89: =VLOOKUP(C89,'Chấm công KT'!D91:AK172,34,0) -> 0 | W89: =VLOOKUP(C89,'Chấm công KT'!D91:AL172,35,0) -> 0 | Y89: =VLOOKUP(C89,'Chấm công KT'!D91:AN171,37,0) -> 0 | Z89: =VLOOKUP(C89,'Chấm công KT'!$D$13:$AO$92,38,0) -> 0 | AA89: =VLOOKUP(C89,'Chấm công KT'!$D$13:$AP$92,39,0) -> 0 | AC89: =Q89 -> 0 | AD89: =VLOOKUP(C89,'BTH mủ tạp'!$D$17:$AN$160,37,0) -> C.
A90: 80 | C90: ='Chấm công KT'!D92 -> T. Tan | D90: CNK | Q90: =SUM(E90:P90) -> 0 | R90: =VLOOKUP(C90,'BTH mủ tạp'!D96:AK176,34,0) -> 0 | U90: =R90 -> 0 | V90: =VLOOKUP(C90,'Chấm công KT'!D92:AK173,34,0) -> 0 | W90: =VLOOKUP(C90,'Chấm công KT'!D92:AL173,35,0) -> 0 | Y90: =VLOOKUP(C90,'Chấm công KT'!D92:AN172,37,0) -> 0 | Z90: =VLOOKUP(C90,'Chấm công KT'!$D$13:$AO$92,38,0) -> 0 | AA90: =VLOOKUP(C90,'Chấm công KT'!$D$13:$AP$92,39,0) -> 0 | AC90: =Q90 -> 0 | AD90: =VLOOKUP(C90,'BTH mủ tạp'!$D$17:$AN$160,37,0) -> C.
A91: 81 | C91: ='Chấm công KT'!D93 -> 0 | D91: CNK | Q91: =SUM(E91:P91) -> 0 | R91: =VLOOKUP(C91,'BTH mủ tạp'!D97:AK177,34,0) -> 0 | U91: =R91 -> 0 | AC91: =Q91 -> 0 | AD91: =VLOOKUP(C91,'BTH mủ tạp'!$D$17:$AN$160,37,0) -> C.
A92: 78 | C92: Mủ Xi Rum 1 | D92: CNK | Q92: =SUM(E92:P92) -> 0 | U92: =R92 -> 0 | AC92: =Q92 -> 0
A93: 79 | C93: A. Trí | D93: CNK | G93: 214.46 | Q93: =SUM(E93:P93) -> 214.46 | T93: =S93*50/100 -> 0 | U93: =R93 -> 0 | AC93: =Q93 -> 214.46
A94: 80 | C94: T. Tạch | D94: CNK | H94: =100.32-0.03 -> 100.29 | Q94: =SUM(E94:P94) -> 100.29 | AC94: =Q94 -> 100.29
A95: 81 | C95: Chuyển 1 | H95: =454.11+1952.64+1659.52 -> 4066.27 | Q95: =SUM(E95:P95) -> 4066.27 | AC95: =Q95 -> 4066.27
B96: Trạm 2 | E96: =SUM(E97:E162) -> 185.6 | F96: =SUM(F97:F162) -> 0 | G96: =SUM(G97:G162) -> 430.59 | H96: =SUM(H97:H162) -> 2085.92 | I96: =SUM(I97:I162) -> 0 | J96: =SUM(J97:J162) -> 0 | K96: =SUM(K97:K162) -> 0 | L96: =SUM(L97:L162) -> 0 | ... AC96: =SUM(AC97:AC162) -> 2702.11 | AE96: =SUM(AE97:AE160) -> 0 | AF96: 1121 | AG96: 135 | AH96: 1191 | AI96: 173
A97: 1 | B97: ='Chấm công KT'!C95 -> 04072 | C97: ='Chấm công KT'!D95 -> T. Lun | D97: CNKT | E97: =4/1.25 -> 3.2 | Q97: =SUM(E97:P97) -> 3.2 | R97: =VLOOKUP(C97,'BTH mủ tạp'!$D$99:$AK$160,34,0) -> 4005 | T97: =S97*50/100 -> 0 | U97: =R97 -> 4005 | V97: =VLOOKUP(C97,'Chấm công KT'!$D$95:$AK$156,34,0) -> 24 | W97: =VLOOKUP(C97,'Chấm công KT'!$D$95:$AL$156,35,0) -> 4 | X97: =VLOOKUP(C97,'Chấm công KT'!D95:AM156,36,0) -> 2 | AC97: =Q97 -> 3.2 | AD97: =VLOOKUP(C97,'BTH mủ tạp'!$D$17:$AN$160,37,0) -> A
A98: 2 | B98: ='Chấm công KT'!C96 -> 03466 | C98: ='Chấm công KT'!D96 -> N. Keo | D98: CNKT | E98: =4/1.25 -> 3.2 | Q98: =SUM(E98:P98) -> 3.2 | R98: =VLOOKUP(C98,'BTH mủ tạp'!$D$99:$AK$160,34,0) -> 3645 | T98: =S98*50/100 -> 0 | U98: =R98 -> 3645 | V98: =VLOOKUP(C98,'Chấm công KT'!$D$95:$AK$156,34,0) -> 23 | W98: =VLOOKUP(C98,'Chấm công KT'!$D$95:$AL$156,35,0) -> 4 | X98: =VLOOKUP(C98,'Chấm công KT'!D96:AM156,36,0) -> 2 | AC98: =Q98 -> 3.2 | AD98: =VLOOKUP(C98,'BTH mủ tạp'!$D$17:$AN$160,37,0) -> A
A99: 3 | B99: ='Chấm công KT'!C97 -> 03590 | C99: ='Chấm công KT'!D97 -> T .Nhum | D99: CNKT | E99: =4/1.25 -> 3.2 | Q99: =SUM(E99:P99) -> 3.2 | R99: =VLOOKUP(C99,'BTH mủ tạp'!$D$99:$AK$160,34,0) -> 3643 | T99: =S99*50/100 -> 0 | U99: =R99 -> 3643 | V99: =VLOOKUP(C99,'Chấm công KT'!$D$95:$AK$156,34,0) -> 24 | W99: =VLOOKUP(C99,'Chấm công KT'!$D$95:$AL$156,35,0) -> 4 | X99: =VLOOKUP(C99,'Chấm công KT'!D97:AM156,36,0) -> 2 | AC99: =Q99 -> 3.2 | AD99: =VLOOKUP(C99,'BTH mủ tạp'!$D$17:$AN$160,37,0) -> A
A100: 4 | B100: ='Chấm công KT'!C98 -> 03591 | C100: ='Chấm công KT'!D98 -> N.Vông Ma Ni | D100: CNKT | E100: =4/1.25 -> 3.2 | Q100: =SUM(E100:P100) -> 3.2 | R100: =VLOOKUP(C100,'BTH mủ tạp'!$D$99:$AK$160,34,0) -> 4069 | T100: =S100*50/100 -> 0 | U100: =R100 -> 4069 | V100: =VLOOKUP(C100,'Chấm công KT'!$D$95:$AK$156,34,0) -> 24 | W100: =VLOOKUP(C100,'Chấm công KT'!$D$95:$AL$156,35,0) -> 4 | X100: =VLOOKUP(C100,'Chấm công KT'!D98:AM156,36,0) -> 2 | AC100: =Q100 -> 3.2 | AD100: =VLOOKUP(C100,'BTH mủ tạp'!$D$17:$AN$160,37,0) -> A
A101: 5 | B101: ='Chấm công KT'!C99 -> 03592 | C101: ='Chấm công KT'!D99 -> Đao Hương | D101: CNKT | E101: =4/1.25 -> 3.2 | Q101: =SUM(E101:P101) -> 3.2 | R101: =VLOOKUP(C101,'BTH mủ tạp'!$D$99:$AK$160,34,0) -> 3738 | T101: =S101*50/100 -> 0 | U101: =R101 -> 3738 | V101: =VLOOKUP(C101,'Chấm công KT'!$D$95:$AK$156,34,0) -> 24 | W101: =VLOOKUP(C101,'Chấm công KT'!$D$95:$AL$156,35,0) -> 4 | X101: =VLOOKUP(C101,'Chấm công KT'!D99:AM156,36,0) -> 2 | AC101: =Q101 -> 3.2 | AD101: =VLOOKUP(C101,'BTH mủ tạp'!$D$17:$AN$160,37,0) -> A | AF101: =241.33-E96 -> 55.73
A102: 6 | B102: ='Chấm công KT'!C100 -> 03593 | C102: ='Chấm công KT'!D100 -> T. Xi Nun | D102: CNKT | E102: =4/1.25 -> 3.2 | Q102: =SUM(E102:P102) -> 3.2 | R102: =VLOOKUP(C102,'BTH mủ tạp'!$D$99:$AK$160,34,0) -> 5007 | T102: =S102*50/100 -> 0 | U102: =R102 -> 5007 | V102: =VLOOKUP(C102,'Chấm công KT'!$D$95:$AK$156,34,0) -> 22 | W102: =VLOOKUP(C102,'Chấm công KT'!$D$95:$AL$156,35,0) -> 4 | X102: =VLOOKUP(C102,'Chấm công KT'!D100:AM156,36,0) -> 2 | AC102: =Q102 -> 3.2 | AD102: =VLOOKUP(C102,'BTH mủ tạp'!$D$17:$AN$160,37,0) -> B | AG102: =183*0.5 -> 91.5
A103: 7 | B103: ='Chấm công KT'!C101 -> 03594 | C103: ='Chấm công KT'!D101 -> T. Bun Hinh | D103: CNKT | E103: =4/1.25 -> 3.2 | Q103: =SUM(E103:P103) -> 3.2 | R103: =VLOOKUP(C103,'BTH mủ tạp'!$D$99:$AK$160,34,0) -> 3159 | T103: =S103*50/100 -> 0 | U103: =R103 -> 3159 | V103: =VLOOKUP(C103,'Chấm công KT'!$D$95:$AK$156,34,0) -> 24 | W103: =VLOOKUP(C103,'Chấm công KT'!$D$95:$AL$156,35,0) -> 4 | X103: =VLOOKUP(C103,'Chấm công KT'!D101:AM156,36,0) -> 2 | AC103: =Q103 -> 3.2 | AD103: =VLOOKUP(C103,'BTH mủ tạp'!$D$17:$AN$160,37,0) -> A
A104: 8 | B104: ='Chấm công KT'!C102 -> 04073 | C104: ='Chấm công KT'!D102 -> T. Miềng | D104: CNKT | E104: =4/1.25 -> 3.2 | Q104: =SUM(E104:P104) -> 3.2 | R104: =VLOOKUP(C104,'BTH mủ tạp'!$D$99:$AK$160,34,0) -> 2961 | T104: =S104*50/100 -> 0 | U104: =R104 -> 2961 | V104: =VLOOKUP(C104,'Chấm công KT'!$D$95:$AK$156,34,0) -> 22 | W104: =VLOOKUP(C104,'Chấm công KT'!$D$95:$AL$156,35,0) -> 4 | X104: =VLOOKUP(C104,'Chấm công KT'!D102:AM156,36,0) -> 2 | AC104: =Q104 -> 3.2 | AD104: =VLOOKUP(C104,'BTH mủ tạp'!$D$17:$AN$160,37,0) -> B
A105: 9 | B105: ='Chấm công KT'!C103 -> 03596 | C105: ='Chấm công KT'!D103 -> N. Xúc | D105: CNKT | E105: =4/1.25 -> 3.2 | Q105: =SUM(E105:P105) -> 3.2 | R105: =VLOOKUP(C105,'BTH mủ tạp'!$D$99:$AK$160,34,0) -> 3504 | T105: =S105*50/100 -> 0 | U105: =R105 -> 3504 | V105: =VLOOKUP(C105,'Chấm công KT'!$D$95:$AK$156,34,0) -> 23 | W105: =VLOOKUP(C105,'Chấm công KT'!$D$95:$AL$156,35,0) -> 3 | X105: =VLOOKUP(C105,'Chấm công KT'!D103:AM156,36,0) -> 2 | AC105: =Q105 -> 3.2 | AD105: =VLOOKUP(C105,'BTH mủ tạp'!$D$17:$AN$160,37,0) -> B
A106: 10 | B106: ='Chấm công KT'!C104 -> 03597 | C106: ='Chấm công KT'!D104 -> N. Lẹ | D106: CNKT | E106: =4/1.25 -> 3.2 | Q106: =SUM(E106:P106) -> 3.2 | R106: =VLOOKUP(C106,'BTH mủ tạp'!$D$99:$AK$160,34,0) -> 3777 | T106: =S106*50/100 -> 0 | U106: =R106 -> 3777 | V106: =VLOOKUP(C106,'Chấm công KT'!$D$95:$AK$156,34,0) -> 24 | W106: =VLOOKUP(C106,'Chấm công KT'!$D$95:$AL$156,35,0) -> 4 | X106: =VLOOKUP(C106,'Chấm công KT'!D104:AM156,36,0) -> 2 | AC106: =Q106 -> 3.2 | AD106: =VLOOKUP(C106,'BTH mủ tạp'!$D$17:$AN$160,37,0) -> A
A107: 11 | B107: ='Chấm công KT'!C105 -> 03598 | C107: ='Chấm công KT'!D105 -> N . Thích | D107: CNKT | E107: =4/1.25 -> 3.2 | Q107: =SUM(E107:P107) -> 3.2 | R107: =VLOOKUP(C107,'BTH mủ tạp'!$D$99:$AK$160,34,0) -> 3807 | T107: =S107*50/100 -> 0 | U107: =R107 -> 3807 | V107: =VLOOKUP(C107,'Chấm công KT'!$D$95:$AK$156,34,0) -> 24 | W107: =VLOOKUP(C107,'Chấm công KT'!$D$95:$AL$156,35,0) -> 4 | X107: =VLOOKUP(C107,'Chấm công KT'!D105:AM156,36,0) -> 2 | AC107: =Q107 -> 3.2 | AD107: =VLOOKUP(C107,'BTH mủ tạp'!$D$17:$AN$160,37,0) -> A
A108: 12 | B108: ='Chấm công KT'!C106 -> 03599 | C108: ='Chấm công KT'!D106 -> N. Cong Mi | D108: CNKT | E108: =4/1.25 -> 3.2 | Q108: =SUM(E108:P108) -> 3.2 | R108: =VLOOKUP(C108,'BTH mủ tạp'!$D$99:$AK$160,34,0) -> 3349 | T108: =S108*50/100 -> 0 | U108: =R108 -> 3349 | V108: =VLOOKUP(C108,'Chấm công KT'!$D$95:$AK$156,34,0) -> 24 | W108: =VLOOKUP(C108,'Chấm công KT'!$D$95:$AL$156,35,0) -> 4 | X108: =VLOOKUP(C108,'Chấm công KT'!D106:AM156,36,0) -> 2 | AC108: =Q108 -> 3.2 | AD108: =VLOOKUP(C108,'BTH mủ tạp'!$D$17:$AN$160,37,0) -> A
A109: 13 | B109: ='Chấm công KT'!C107 -> 04074 | C109: ='Chấm công KT'!D107 -> T. Na | D109: CNKT | E109: =4/1.25 -> 3.2 | Q109: =SUM(E109:P109) -> 3.2 | R109: =VLOOKUP(C109,'BTH mủ tạp'!$D$99:$AK$160,34,0) -> 3122 | T109: =S109*50/100 -> 0 | U109: =R109 -> 3122 | V109: =VLOOKUP(C109,'Chấm công KT'!$D$95:$AK$156,34,0) -> 22 | W109: =VLOOKUP(C109,'Chấm công KT'!$D$95:$AL$156,35,0) -> 4 | X109: =VLOOKUP(C109,'Chấm công KT'!D107:AM156,36,0) -> 2 | AC109: =Q109 -> 3.2 | AD109: =VLOOKUP(C109,'BTH mủ tạp'!$D$17:$AN$160,37,0) -> A
A110: 14 | B110: ='Chấm công KT'!C108 -> 03601 | C110: ='Chấm công KT'!D108 -> T. Khăm Mặn | D110: CNKT | E110: =4/1.25 -> 3.2 | Q110: =SUM(E110:P110) -> 3.2 | R110: =VLOOKUP(C110,'BTH mủ tạp'!$D$99:$AK$160,34,0) -> 5050 | T110: =S110*50/100 -> 0 | U110: =R110 -> 5050 | V110: =VLOOKUP(C110,'Chấm công KT'!$D$95:$AK$156,34,0) -> 24 | W110: =VLOOKUP(C110,'Chấm công KT'!$D$95:$AL$156,35,0) -> 4 | X110: =VLOOKUP(C110,'Chấm công KT'!D108:AM156,36,0) -> 2 | AC110: =Q110 -> 3.2 | AD110: =VLOOKUP(C110,'BTH mủ tạp'!$D$17:$AN$160,37,0) -> A
A111: 15 | B111: ='Chấm công KT'!C109 -> 03602 | C111: ='Chấm công KT'!D109 -> T . In Tong | D111: CNKT | E111: =4/1.25 -> 3.2 | Q111: =SUM(E111:P111) -> 3.2 | R111: =VLOOKUP(C111,'BTH mủ tạp'!$D$99:$AK$160,34,0) -> 3873 | T111: =S111*50/100 -> 0 | U111: =R111 -> 3873 | V111: =VLOOKUP(C111,'Chấm công KT'!$D$95:$AK$156,34,0) -> 24 | W111: =VLOOKUP(C111,'Chấm công KT'!$D$95:$AL$156,35,0) -> 4 | X111: =VLOOKUP(C111,'Chấm công KT'!D109:AM156,36,0) -> 2 | AC111: =Q111 -> 3.2 | AD111: =VLOOKUP(C111,'BTH mủ tạp'!$D$17:$AN$160,37,0) -> A
A112: 16 | B112: ='Chấm công KT'!C110 -> 03496 | C112: ='Chấm công KT'!D110 -> T. Lốp | D112: CNKT | E112: =4/1.25 -> 3.2 | Q112: =SUM(E112:P112) -> 3.2 | R112: =VLOOKUP(C112,'BTH mủ tạp'!$D$99:$AK$160,34,0) -> 3944 | T112: =S112*50/100 -> 0 | U112: =R112 -> 3944 | V112: =VLOOKUP(C112,'Chấm công KT'!$D$95:$AK$156,34,0) -> 24 | W112: =VLOOKUP(C112,'Chấm công KT'!$D$95:$AL$156,35,0) -> 4 | X112: =VLOOKUP(C112,'Chấm công KT'!D110:AM156,36,0) -> 2 | AC112: =Q112 -> 3.2 | AD112: =VLOOKUP(C112,'BTH mủ tạp'!$D$17:$AN$160,37,0) -> A
A113: 17 | B113: ='Chấm công KT'!C111 -> 03604 | C113: ='Chấm công KT'!D111 -> T. Lăm Phêng | D113: CNKT | E113: =4/1.25 -> 3.2 | Q113: =SUM(E113:P113) -> 3.2 | R113: =VLOOKUP(C113,'BTH mủ tạp'!$D$99:$AK$160,34,0) -> 6421 | T113: =S113*50/100 -> 0 | U113: =R113 -> 6421 | V113: =VLOOKUP(C113,'Chấm công KT'!$D$95:$AK$156,34,0) -> 24 | W113: =VLOOKUP(C113,'Chấm công KT'!$D$95:$AL$156,35,0) -> 4 | X113: =VLOOKUP(C113,'Chấm công KT'!D111:AM156,36,0) -> 2 | AC113: =Q113 -> 3.2 | AD113: =VLOOKUP(C113,'BTH mủ tạp'!$D$17:$AN$160,37,0) -> A
A114: 18 | B114: ='Chấm công KT'!C112 -> 04075 | C114: ='Chấm công KT'!D112 -> T Xèng | D114: CNKT | E114: =4/1.25 -> 3.2 | Q114: =SUM(E114:P114) -> 3.2 | R114: =VLOOKUP(C114,'BTH mủ tạp'!$D$99:$AK$160,34,0) -> 4782 | T114: =S114*50/100 -> 0 | U114: =R114 -> 4782 | V114: =VLOOKUP(C114,'Chấm công KT'!$D$95:$AK$156,34,0) -> 24 | W114: =VLOOKUP(C114,'Chấm công KT'!$D$95:$AL$156,35,0) -> 4 | X114: =VLOOKUP(C114,'Chấm công KT'!D112:AM156,36,0) -> 2 | AC114: =Q114 -> 3.2 | AD114: =VLOOKUP(C114,'BTH mủ tạp'!$D$17:$AN$160,37,0) -> A
A115: 19 | B115: ='Chấm công KT'!C113 -> 03509 | C115: ='Chấm công KT'!D113 -> T. May | D115: CNKT | E115: =4/1.25 -> 3.2 | Q115: =SUM(E115:P115) -> 3.2 | R115: =VLOOKUP(C115,'BTH mủ tạp'!$D$99:$AK$160,34,0) -> 4545 | T115: =S115*50/100 -> 0 | U115: =R115 -> 4545 | V115: =VLOOKUP(C115,'Chấm công KT'!$D$95:$AK$156,34,0) -> 24 | W115: =VLOOKUP(C115,'Chấm công KT'!$D$95:$AL$156,35,0) -> 3 | X115: =VLOOKUP(C115,'Chấm công KT'!D113:AM156,36,0) -> 2 | AC115: =Q115 -> 3.2 | AD115: =VLOOKUP(C115,'BTH mủ tạp'!$D$17:$AN$160,37,0) -> A
A116: 20 | B116: ='Chấm công KT'!C114 -> 03607 | C116: ='Chấm công KT'!D114 -> T. Huôn | D116: CNKT | E116: =4/1.25 -> 3.2 | Q116: =SUM(E116:P116) -> 3.2 | R116: =VLOOKUP(C116,'BTH mủ tạp'!$D$99:$AK$160,34,0) -> 3436 | T116: =S116*50/100 -> 0 | U116: =R116 -> 3436 | V116: =VLOOKUP(C116,'Chấm công KT'!$D$95:$AK$156,34,0) -> 23 | W116: =VLOOKUP(C116,'Chấm công KT'!$D$95:$AL$156,35,0) -> 3 | X116: =VLOOKUP(C116,'Chấm công KT'!D114:AM156,36,0) -> 2 | AC116: =Q116 -> 3.2 | AD116: =VLOOKUP(C116,'BTH mủ tạp'!$D$17:$AN$160,37,0) -> A
A117: 21 | B117: ='Chấm công KT'!C115 -> 02729 | C117: ='Chấm công KT'!D115 -> N. Lay | D117: CNKT | E117: =4/1.25 -> 3.2 | Q117: =SUM(E117:P117) -> 3.2 | R117: =VLOOKUP(C117,'BTH mủ tạp'!$D$99:$AK$160,34,0) -> 3427 | T117: =S117*50/100 -> 0 | U117: =R117 -> 3427 | V117: =VLOOKUP(C117,'Chấm công KT'!$D$95:$AK$156,34,0) -> 22 | W117: =VLOOKUP(C117,'Chấm công KT'!$D$95:$AL$156,35,0) -> 3 | X117: =VLOOKUP(C117,'Chấm công KT'!D115:AM156,36,0) -> 2 | AC117: =Q117 -> 3.2 | AD117: =VLOOKUP(C117,'BTH mủ tạp'!$D$17:$AN$160,37,0) -> A
A118: 22 | B118: ='Chấm công KT'!C116 -> 03608 | C118: ='Chấm công KT'!D116 -> N. Pon | D118: CNKT | E118: =4/1.25 -> 3.2 | Q118: =SUM(E118:P118) -> 3.2 | R118: =VLOOKUP(C118,'BTH mủ tạp'!$D$99:$AK$160,34,0) -> 4685 | T118: =S118*50/100 -> 0 | U118: =R118 -> 4685 | V118: =VLOOKUP(C118,'Chấm công KT'!$D$95:$AK$156,34,0) -> 24 | W118: =VLOOKUP(C118,'Chấm công KT'!$D$95:$AL$156,35,0) -> 4 | X118: =VLOOKUP(C118,'Chấm công KT'!D116:AM156,36,0) -> 2 | AC118: =Q118 -> 3.2 | AD118: =VLOOKUP(C118,'BTH mủ tạp'!$D$17:$AN$160,37,0) -> A
A119: 23 | B119: ='Chấm công KT'!C117 -> 03609 | C119: ='Chấm công KT'!D117 -> N. Bun Đi | D119: CNKT | E119: =4/1.25 -> 3.2 | Q119: =SUM(E119:P119) -> 3.2 | R119: =VLOOKUP(C119,'BTH mủ tạp'!$D$99:$AK$160,34,0) -> 3807 | T119: =S119*50/100 -> 0 | U119: =R119 -> 3807 | V119: =VLOOKUP(C119,'Chấm công KT'!$D$95:$AK$156,34,0) -> 24 | W119: =VLOOKUP(C119,'Chấm công KT'!$D$95:$AL$156,35,0) -> 4 | X119: =VLOOKUP(C119,'Chấm công KT'!D117:AM156,36,0) -> 2 | AC119: =Q119 -> 3.2 | AD119: =VLOOKUP(C119,'BTH mủ tạp'!$D$17:$AN$160,37,0) -> A
A120: 24 | B120: ='Chấm công KT'!C118 -> 03610 | C120: ='Chấm công KT'!D118 -> N. Phon | D120: CNKT | E120: =4/1.25 -> 3.2 | Q120: =SUM(E120:P120) -> 3.2 | R120: =VLOOKUP(C120,'BTH mủ tạp'!$D$99:$AK$160,34,0) -> 3891 | T120: =S120*50/100 -> 0 | U120: =R120 -> 3891 | V120: =VLOOKUP(C120,'Chấm công KT'!$D$95:$AK$156,34,0) -> 24 | W120: =VLOOKUP(C120,'Chấm công KT'!$D$95:$AL$156,35,0) -> 4 | X120: =VLOOKUP(C120,'Chấm công KT'!D118:AM156,36,0) -> 2 | AC120: =Q120 -> 3.2 | AD120: =VLOOKUP(C120,'BTH mủ tạp'!$D$17:$AN$160,37,0) -> B
A121: 25 | B121: ='Chấm công KT'!C119 -> 04076 | C121: ='Chấm công KT'!D119 -> N. Bun | D121: CNKT | E121: =4/1.25 -> 3.2 | Q121: =SUM(E121:P121) -> 3.2 | R121: =VLOOKUP(C121,'BTH mủ tạp'!$D$99:$AK$160,34,0) -> 4862 | T121: =S121*50/100 -> 0 | U121: =R121 -> 4862 | V121: =VLOOKUP(C121,'Chấm công KT'!$D$95:$AK$156,34,0) -> 24 | W121: =VLOOKUP(C121,'Chấm công KT'!$D$95:$AL$156,35,0) -> 4 | X121: =VLOOKUP(C121,'Chấm công KT'!D119:AM156,36,0) -> 2 | AC121: =Q121 -> 3.2 | AD121: =VLOOKUP(C121,'BTH mủ tạp'!$D$17:$AN$160,37,0) -> A
A122: 26 | B122: ='Chấm công KT'!C120 -> 03612 | C122: ='Chấm công KT'!D120 -> N. Phu Văn | D122: CNKT | E122: =4/1.25 -> 3.2 | Q122: =SUM(E122:P122) -> 3.2 | R122: =VLOOKUP(C122,'BTH mủ tạp'!$D$99:$AK$160,34,0) -> 4904 | T122: =S122*50/100 -> 0 | U122: =R122 -> 4904 | V122: =VLOOKUP(C122,'Chấm công KT'!$D$95:$AK$156,34,0) -> 24 | W122: =VLOOKUP(C122,'Chấm công KT'!$D$95:$AL$156,35,0) -> 4 | X122: =VLOOKUP(C122,'Chấm công KT'!D120:AM156,36,0) -> 2 | AC122: =Q122 -> 3.2 | AD122: =VLOOKUP(C122,'BTH mủ tạp'!$D$17:$AN$160,37,0) -> A
A123: 27 | B123: ='Chấm công KT'!C121 -> 03613 | C123: ='Chấm công KT'!D121 -> N. Lỷ | D123: CNKT | E123: =4/1.25 -> 3.2 | Q123: =SUM(E123:P123) -> 3.2 | R123: =VLOOKUP(C123,'BTH mủ tạp'!$D$99:$AK$160,34,0) -> 5601 | T123: =S123*50/100 -> 0 | U123: =R123 -> 5601 | V123: =VLOOKUP(C123,'Chấm công KT'!$D$95:$AK$156,34,0) -> 24 | W123: =VLOOKUP(C123,'Chấm công KT'!$D$95:$AL$156,35,0) -> 4 | X123: =VLOOKUP(C123,'Chấm công KT'!D121:AM156,36,0) -> 2 | AC123: =Q123 -> 3.2 | AD123: =VLOOKUP(C123,'BTH mủ tạp'!$D$17:$AN$160,37,0) -> A
A124: 28 | B124: ='Chấm công KT'!C122 -> 04077 | C124: ='Chấm công KT'!D122 -> N. Quen | D124: CNKT | E124: =4/1.25 -> 3.2 | Q124: =SUM(E124:P124) -> 3.2 | R124: =VLOOKUP(C124,'BTH mủ tạp'!$D$99:$AK$160,34,0) -> 4775 | T124: =S124*50/100 -> 0 | U124: =R124 -> 4775 | V124: =VLOOKUP(C124,'Chấm công KT'!$D$95:$AK$156,34,0) -> 24 | W124: =VLOOKUP(C124,'Chấm công KT'!$D$95:$AL$156,35,0) -> 4 | X124: =VLOOKUP(C124,'Chấm công KT'!D122:AM156,36,0) -> 2 | AC124: =Q124 -> 3.2 | AD124: =VLOOKUP(C124,'BTH mủ tạp'!$D$17:$AN$160,37,0) -> A
A125: 29 | B125: ='Chấm công KT'!C123 -> 03615 | C125: ='Chấm công KT'!D123 -> T. Xi Nuôn | D125: CNKT | E125: =4/1.25 -> 3.2 | Q125: =SUM(E125:P125) -> 3.2 | R125: =VLOOKUP(C125,'BTH mủ tạp'!$D$99:$AK$160,34,0) -> 3395 | T125: =S125*50/100 -> 0 | U125: =R125 -> 3395 | V125: =VLOOKUP(C125,'Chấm công KT'!$D$95:$AK$156,34,0) -> 22 | W125: =VLOOKUP(C125,'Chấm công KT'!$D$95:$AL$156,35,0) -> 4 | X125: =VLOOKUP(C125,'Chấm công KT'!D123:AM156,36,0) -> 2 | AC125: =Q125 -> 3.2 | AD125: =VLOOKUP(C125,'BTH mủ tạp'!$D$17:$AN$160,37,0) -> A
A126: 30 | B126: ='Chấm công KT'!C124 -> 03616 | C126: ='Chấm công KT'!D124 -> N. Ốc | D126: CNKT | E126: =4/1.25 -> 3.2 | Q126: =SUM(E126:P126) -> 3.2 | R126: =VLOOKUP(C126,'BTH mủ tạp'!$D$99:$AK$160,34,0) -> 5368 | T126: =S126*50/100 -> 0 | U126: =R126 -> 5368 | V126: =VLOOKUP(C126,'Chấm công KT'!$D$95:$AK$156,34,0) -> 24 | W126: =VLOOKUP(C126,'Chấm công KT'!$D$95:$AL$156,35,0) -> 4 | X126: =VLOOKUP(C126,'Chấm công KT'!D124:AM156,36,0) -> 2 | AC126: =Q126 -> 3.2 | AD126: =VLOOKUP(C126,'BTH mủ tạp'!$D$17:$AN$160,37,0) -> A
A127: 31 | B127: ='Chấm công KT'!C125 -> 03617 | C127: ='Chấm công KT'!D125 -> T. Văn Nô | D127: CNKT | E127: =4/1.25 -> 3.2 | Q127: =SUM(E127:P127) -> 3.2 | R127: =VLOOKUP(C127,'BTH mủ tạp'!$D$99:$AK$160,34,0) -> 4616 | T127: =S127*50/100 -> 0 | U127: =R127 -> 4616 | V127: =VLOOKUP(C127,'Chấm công KT'!$D$95:$AK$156,34,0) -> 24 | W127: =VLOOKUP(C127,'Chấm công KT'!$D$95:$AL$156,35,0) -> 4 | X127: =VLOOKUP(C127,'Chấm công KT'!D125:AM156,36,0) -> 2 | AC127: =Q127 -> 3.2 | AD127: =VLOOKUP(C127,'BTH mủ tạp'!$D$17:$AN$160,37,0) -> A
A128: 32 | B128: ='Chấm công KT'!C126 -> 03618 | C128: ='Chấm công KT'!D126 -> N. Văn Ta | D128: CNKT | E128: =4/1.25 -> 3.2 | Q128: =SUM(E128:P128) -> 3.2 | R128: =VLOOKUP(C128,'BTH mủ tạp'!$D$99:$AK$160,34,0) -> 4951 | T128: =S128*50/100 -> 0 | U128: =R128 -> 4951 | V128: =VLOOKUP(C128,'Chấm công KT'!$D$95:$AK$156,34,0) -> 23 | W128: =VLOOKUP(C128,'Chấm công KT'!$D$95:$AL$156,35,0) -> 4 | X128: =VLOOKUP(C128,'Chấm công KT'!D126:AM156,36,0) -> 2 | AC128: =Q128 -> 3.2 | AD128: =VLOOKUP(C128,'BTH mủ tạp'!$D$17:$AN$160,37,0) -> A
A129: 33 | B129: ='Chấm công KT'!C127 -> 03619 | C129: ='Chấm công KT'!D127 -> T. Thon | D129: CNKT | E129: =4/1.25 -> 3.2 | Q129: =SUM(E129:P129) -> 3.2 | R129: =VLOOKUP(C129,'BTH mủ tạp'!$D$99:$AK$160,34,0) -> 4008 | T129: =S129*50/100 -> 0 | U129: =R129 -> 4008 | V129: =VLOOKUP(C129,'Chấm công KT'!$D$95:$AK$156,34,0) -> 21 | W129: =VLOOKUP(C129,'Chấm công KT'!$D$95:$AL$156,35,0) -> 4 | X129: =VLOOKUP(C129,'Chấm công KT'!D127:AM156,36,0) -> 2 | AC129: =Q129 -> 3.2 | AD129: =VLOOKUP(C129,'BTH mủ tạp'!$D$17:$AN$160,37,0) -> A
A130: 34 | B130: ='Chấm công KT'!C128 -> 03620 | C130: ='Chấm công KT'!D128 -> Bun Thon | D130: CNKT | E130: =4/1.25 -> 3.2 | Q130: =SUM(E130:P130) -> 3.2 | R130: =VLOOKUP(C130,'BTH mủ tạp'!$D$99:$AK$160,34,0) -> 3951 | T130: =S130*50/100 -> 0 | U130: =R130 -> 3951 | V130: =VLOOKUP(C130,'Chấm công KT'!$D$95:$AK$156,34,0) -> 24 | W130: =VLOOKUP(C130,'Chấm công KT'!$D$95:$AL$156,35,0) -> 4 | X130: =VLOOKUP(C130,'Chấm công KT'!D128:AM156,36,0) -> 2 | AC130: =Q130 -> 3.2 | AD130: =VLOOKUP(C130,'BTH mủ tạp'!$D$17:$AN$160,37,0) -> A
A131: 35 | B131: ='Chấm công KT'!C129 -> 04078 | C131: ='Chấm công KT'!D129 -> Lăm Thong | D131: CNKT | E131: =4/1.25 -> 3.2 | Q131: =SUM(E131:P131) -> 3.2 | R131: =VLOOKUP(C131,'BTH mủ tạp'!$D$99:$AK$160,34,0) -> 3837 | T131: =S131*50/100 -> 0 | U131: =R131 -> 3837 | V131: =VLOOKUP(C131,'Chấm công KT'!$D$95:$AK$156,34,0) -> 23 | W131: =VLOOKUP(C131,'Chấm công KT'!$D$95:$AL$156,35,0) -> 3 | X131: =VLOOKUP(C131,'Chấm công KT'!D129:AM156,36,0) -> 2 | AC131: =Q131 -> 3.2 | AD131: =VLOOKUP(C131,'BTH mủ tạp'!$D$17:$AN$160,37,0) -> B
A132: 36 | B132: ='Chấm công KT'!C130 -> 03622 | C132: ='Chấm công KT'!D130 -> N. Xeo Khăm | D132: CNKT | E132: =4/1.25 -> 3.2 | Q132: =SUM(E132:P132) -> 3.2 | R132: =VLOOKUP(C132,'BTH mủ tạp'!$D$99:$AK$160,34,0) -> 4495 | T132: =S132*50/100 -> 0 | U132: =R132 -> 4495 | V132: =VLOOKUP(C132,'Chấm công KT'!$D$95:$AK$156,34,0) -> 24 | W132: =VLOOKUP(C132,'Chấm công KT'!$D$95:$AL$156,35,0) -> 4 | X132: =VLOOKUP(C132,'Chấm công KT'!D130:AM156,36,0) -> 2 | AC132: =Q132 -> 3.2 | AD132: =VLOOKUP(C132,'BTH mủ tạp'!$D$17:$AN$160,37,0) -> A
...

Sheet Trạm 1
A1: CỘNG HÒA DÂN CHỦ NHÂN DÂN LÀO
A2: Hòa Bình - Độc Lập - Dân Chủ - Thống Nhất - Thịnh Vượng
A3: -----o0o-----
A5: CÔNG TY TNHH MTV QUASA - GERUCO LÀO
A6: ĐỘI SẢN XUẤT SỐ 4
A8: BẢNG LƯƠNG KHAI THÁC TRẠM 1 THÁNG 09 NĂM 2025
AA9: Mủ tạp | AB9: ='BTH mủ tạp'!$AK$16 -> 291671
AA10: mủ QK | AB10: ='BTH mủ tạp'!$AM$16 -> 124584.01
E11: 655.8 | AA11: DRC mủ dây | AB11: 0.5
C12: Tỷ giá Bath qua Kip: | E12: ='CNKT '!F11 -> 670.76 | Z12: =AB10/AB9 -> 0.42713883 | AA12: DRC mủ serum | AB12: 0.5418
A13: STT | B13: Mã số nhân viên | C13: Họ và tên | D13: Kí nhận | E13: LƯƠNG | X13: Tổng lương | Y13: Thuế TNCN | Z13: Tiền lương còn lại
E14: Lương chăm sóc ( đơn giá 25.000 kíp/ công) | J14: Lương sản lượng | M14: Phụ cấp khai thác
E15: Ngày công | F15: Thành tiền | G15: Mủ tạp (kg) | H15: Mủ dây (kg) | I15: Mủ xirum (kg) | J15: Quy khô ( kg) | K15: Hạng kỹ thuật | L15: Thành tiền | M15: Phụ cấp ngày công bình thường | N15: Phụ cấp ngày CN thường | O15: Phụ cấp ngày công đi cạo 2 lát | P15: Phụ cấp ngày công chủ nhật cạo 2 lát | Q15: Phụ cấp tiền lương (500.000 kíp/phần) | R15: Phụ cấp ngày chủ nhật cạo gia tăng 2 miệng | S15: Phụ cấp tiền lương (500.000 kíp/phần) | T15: Phụ cấp thêm cạo 2 lát | U15: Phụ cấp tiền lương (30.000 kíp/phần) | W15: Thành tiền | AB15: =5.5*E12 -> 3689.18 | AC15: =265*AB15 -> 977632.7
A16: 1 | B16: ='Chấm công KT'!C13 -> 0 | C16: =TONGHOPCONGDOI!C11 -> T. Lăm | F16: =E16*25000 -> 0 | G16: =VLOOKUP(C16,TONGHOPCONGDOI!C11:AE93,16,0) -> 4389 | H16: =VLOOKUP(C16,TONGHOPCONGDOI!C11:AE93,17,0) -> 0 | J16: =$AB$10/$AB$9*G16+H16*$AB$11+I16*$AB$12 -> 1874.7123 | K16: =VLOOKUP(C16,'BTH mủ tạp'!D17:AN95,37,0) -> A | L16: =ROUND((IF(K16="A",(G16*$Z$12*6.1),IF(K16="B",(G16*$Z$12*5.8),IF(K16="C",(G16*$Z$12*5.5),IF(K16="C.",(G16*$Z$12*5.5),IF(K16="D",(G16*$Z$12*5.2),0)))))*$E$12+(H16*$AB$11*$E$12*6.1)+I16*$E$12*$AB$12*6.1),0) -> 7670640 | M16: =VLOOKUP(C16,TONGHOPCONGDOI!$C$11:$V$91,20,0) -> 24 | N16: =VLOOKUP(C16,TONGHOPCONGDOI!$C$11:$W$91,21,0) -> 1 | O16: =VLOOKUP(C16,TONGHOPCONGDOI!$C$11:$AD$93,22,0) -> 0 | P16: =VLOOKUP(C16,TONGHOPCONGDOI!$C$11:$AD$93,23,0) -> 2 | Q16: =VLOOKUP(C16,TONGHOPCONGDOI!$C$11:$AD$93,24,0) -> 0 | R16: =VLOOKUP(C16,TONGHOPCONGDOI!$C$11:$AD$93,25,0) -> 0 | T16: =P16 -> 2 | W16: =ROUND(((M16*46.1)+(N16*76.9)+(O16*92.2)+(P16*153.8)+(Q16*92.2)+(R16*153.8))*$E$12+(S16*25000)+(T16*100000),0) -> 1200036 | X16: =F16+L16+W16 -> 8870676 | Z16: =VLOOKUP(C16,'CNKT '!D16:AA93,24,0) -> 8870676 | AA16: =Z16-X16 -> 0
A17: 2 | B17: ='Chấm công KT'!C14 -> 04052 | C17: =TONGHOPCONGDOI!C12 -> T. Feng | F17: =E17*25000 -> 0 | G17: =VLOOKUP(C17,TONGHOPCONGDOI!C12:AE94,16,0) -> 3838 | H17: =VLOOKUP(C17,TONGHOPCONGDOI!C12:AE94,17,0) -> 0 | J17: =$AB$10/$AB$9*G17+H17*$AB$11+I17*$AB$12 -> 1639.3588 | K17: =VLOOKUP(C17,'BTH mủ tạp'!D18:AN96,37,0) -> A | L17: =ROUND((IF(K17="A",(G17*$Z$12*6.1),IF(K17="B",(G17*$Z$12*5.8),IF(K17="C",(G17*$Z$12*5.5),IF(K17="C.",(G17*$Z$12*5.5),IF(K17="D",(G17*$Z$12*5.2),0)))))*$E$12+(H17*$AB$11*$E$12*6.1)+I17*$E$12*$AB$12*6.1),0) -> 6707660 | M17: =VLOOKUP(C17,TONGHOPCONGDOI!$C$11:$V$91,20,0) -> 24 | N17: =VLOOKUP(C17,TONGHOPCONGDOI!$C$11:$W$91,21,0) -> 1 | O17: =VLOOKUP(C17,TONGHOPCONGDOI!$C$11:$AD$93,22,0) -> 0 | P17: =VLOOKUP(C17,TONGHOPCONGDOI!$C$11:$AD$93,23,0) -> 2 | Q17: =VLOOKUP(C17,TONGHOPCONGDOI!$C$11:$AD$93,24,0) -> 0 | R17: =VLOOKUP(C17,TONGHOPCONGDOI!$C$11:$AD$93,25,0) -> 0 | T17: =P17 -> 2 | W17: =ROUND(((M17*46.1)+(N17*76.9)+(O17*92.2)+(P17*153.8)+(Q17*92.2)+(R17*153.8))*$E$12+(S17*25000)+(T17*100000),0) -> 1200036 | X17: =F17+L17+W17 -> 7907696 | Z17: =VLOOKUP(C17,'CNKT '!D17:AA94,24,0) -> 7907696 | AA17: =Z17-X17 -> 0
A18: 3 | B18: ='Chấm công KT'!C15 -> 02725 | C18: =TONGHOPCONGDOI!C13 -> T. Sa Văn | F18: =E18*25000 -> 0 | G18: =VLOOKUP(C18,TONGHOPCONGDOI!C13:AE94,16,0) -> 3396 | H18: =VLOOKUP(C18,TONGHOPCONGDOI!C13:AE94,17,0) -> 0 | J18: =$AB$10/$AB$9*G18+H18*$AB$11+I18*$AB$12 -> 1450.5635 | K18: =VLOOKUP(C18,'BTH mủ tạp'!D19:AN97,37,0) -> A | L18: =ROUND((IF(K18="A",(G18*$Z$12*6.1),IF(K18="B",(G18*$Z$12*5.8),IF(K18="C",(G18*$Z$12*5.5),IF(K18="C.",(G18*$Z$12*5.5),IF(K18="D",(G18*$Z$12*5.2),0)))))*$E$12+(H18*$AB$11*$E$12*6.1)+I18*$E$12*$AB$12*6.1),0) -> 5935178 | M18: =VLOOKUP(C18,TONGHOPCONGDOI!$C$11:$V$91,20,0) -> 24 | N18: =VLOOKUP(C18,TONGHOPCONGDOI!$C$11:$W$91,21,0) -> 2 | O18: =VLOOKUP(C18,TONGHOPCONGDOI!$C$11:$AD$93,22,0) -> 0 | P18: =VLOOKUP(C18,TONGHOPCONGDOI!$C$11:$AD$93,23,0) -> 2 | Q18: =VLOOKUP(C18,TONGHOPCONGDOI!$C$11:$AD$93,24,0) -> 0 | R18: =VLOOKUP(C18,TONGHOPCONGDOI!$C$11:$AD$93,25,0) -> 0 | T18: =P18 -> 2 | W18: =ROUND(((M18*46.1)+(N18*76.9)+(O18*92.2)+(P18*153.8)+(Q18*92.2)+(R18*153.8))*$E$12+(S18*25000)+(T18*100000),0) -> 1251618 | X18: =F18+L18+W18 -> 7186796 | Z18: =VLOOKUP(C18,'CNKT '!D18:AA95,24,0) -> 7186796 | AA18: =Z18-X18 -> 0
A19: 4 | B19: ='Chấm công KT'!C16 -> 04053 | C19: =TONGHOPCONGDOI!C14 -> Lăm Ma Thu | F19: =E19*25000 -> 0 | G19: =VLOOKUP(C19,TONGHOPCONGDOI!C14:AE94,16,0) -> 3625 | H19: =VLOOKUP(C19,TONGHOPCONGDOI!C14:AE94,17,0) -> 0 | J19: =$AB$10/$AB$9*G19+H19*$AB$11+I19*$AB$12 -> 1548.3783 | K19: =VLOOKUP(C19,'BTH mủ tạp'!D20:AN98,37,0) -> A | L19: =ROUND((IF(K19="A",(G19*$Z$12*6.1),IF(K19="B",(G19*$Z$12*5.8),IF(K19="C",(G19*$Z$12*5.5),IF(K19="C.",(G19*$Z$12*5.5),IF(K19="D",(G19*$Z$12*5.2),0)))))*$E$12+(H19*$AB$11*$E$12*6.1)+I19*$E$12*$AB$12*6.1),0) -> 6335400 | M19: =VLOOKUP(C19,TONGHOPCONGDOI!$C$11:$V$91,20,0) -> 26 | N19: =VLOOKUP(C19,TONGHOPCONGDOI!$C$11:$W$91,21,0) -> 2 | O19: =VLOOKUP(C19,TONGHOPCONGDOI!$C$11:$AD$93,22,0) -> 0 | P19: =VLOOKUP(C19,TONGHOPCONGDOI!$C$11:$AD$93,23,0) -> 2 | Q19: =VLOOKUP(C19,TONGHOPCONGDOI!$C$11:$AD$93,24,0) -> 0 | R19: =VLOOKUP(C19,TONGHOPCONGDOI!$C$11:$AD$93,25,0) -> 0 | T19: =P19 -> 2 | W19: =ROUND(((M19*46.1)+(N19*76.9)+(O19*92.2)+(P19*153.8)+(Q19*92.2)+(R19*153.8))*$E$12+(S19*25000)+(T19*100000),0) -> 1313462 | X19: =F19+L19+W19 -> 7648862 | Z19: =VLOOKUP(C19,'CNKT '!D19:AA96,24,0) -> 7648862 | AA19: =Z19-X19 -> 0
A20: 5 | B20: ='Chấm công KT'!C17 -> 03459 | C20: =TONGHOPCONGDOI!C15 -> N. Vạt | F20: =E20*25000 -> 0 | G20: =VLOOKUP(C20,TONGHOPCONGDOI!C15:AE94,16,0) -> 3228 | H20: =VLOOKUP(C20,TONGHOPCONGDOI!C15:AE94,17,0) -> 0 | J20: =$AB$10/$AB$9*G20+H20*$AB$11+I20*$AB$12 -> 1378.8041 | K20: =VLOOKUP(C20,'BTH mủ tạp'!D21:AN99,37,0) -> A | L20: =ROUND((IF(K20="A",(G20*$Z$12*6.1),IF(K20="B",(G20*$Z$12*5.8),IF(K20="C",(G20*$Z$12*5.5),IF(K20="C.",(G20*$Z$12*5.5),IF(K20="D",(G20*$Z$12*5.2),0)))))*$E$12+(H20*$AB$11*$E$12*6.1)+I20*$E$12*$AB$12*6.1),0) -> 5641565 | M20: =VLOOKUP(C20,TONGHOPCONGDOI!$C$11:$V$91,20,0) -> 24 | N20: =VLOOKUP(C20,TONGHOPCONGDOI!$C$11:$W$91,21,0) -> 2 | O20: =VLOOKUP(C20,TONGHOPCONGDOI!$C$11:$AD$93,22,0) -> 0 | P20: =VLOOKUP(C20,TONGHOPCONGDOI!$C$11:$AD$93,23,0) -> 2 | Q20: =VLOOKUP(C20,TONGHOPCONGDOI!$C$11:$AD$93,24,0) -> 0 | R20: =VLOOKUP(C20,TONGHOPCONGDOI!$C$11:$AD$93,25,0) -> 0 | T20: =P20 -> 2 | W20: =ROUND(((M20*46.1)+(N20*76.9)+(O20*92.2)+(P20*153.8)+(Q20*92.2)+(R20*153.8))*$E$12+(S20*25000)+(T20*100000),0) -> 1251618 | X20: =F20+L20+W20 -> 6893183 | Z20: =VLOOKUP(C20,'CNKT '!D20:AA97,24,0) -> 6893183 | AA20: =Z20-X20 -> 0
A21: 6 | B21: ='Chấm công KT'!C18 -> 04054 | C21: =TONGHOPCONGDOI!C16 -> N. Kay Son | F21: =E21*25000 -> 0 | G21: =VLOOKUP(C21,TONGHOPCONGDOI!C16:AE94,16,0) -> 4093 | H21: =VLOOKUP(C21,TONGHOPCONGDOI!C16:AE94,17,0) -> 0 | J21: =$AB$10/$AB$9*G21+H21*$AB$11+I21*$AB$12 -> 1748.2792 | K21: =VLOOKUP(C21,'BTH mủ tạp'!D22:AN100,37,0) -> A | L21: =ROUND((IF(K21="A",(G21*$Z$12*6.1),IF(K21="B",(G21*$Z$12*5.8),IF(K21="C",(G21*$Z$12*5.5),IF(K21="C.",(G21*$Z$12*5.5),IF(K21="D",(G21*$Z$12*5.2),0)))))*$E$12+(H21*$AB$11*$E$12*6.1)+I21*$E$12*$AB$12*6.1),0) -> 7153322 | M21: =VLOOKUP(C21,TONGHOPCONGDOI!$C$11:$V$91,20,0) -> 25 | N21: =VLOOKUP(C21,TONGHOPCONGDOI!$C$11:$W$91,21,0) -> 2 | O21: =VLOOKUP(C21,TONGHOPCONGDOI!$C$11:$AD$93,22,0) -> 0 | P21: =VLOOKUP(C21,TONGHOPCONGDOI!$C$11:$AD$93,23,0) -> 2 | Q21: =VLOOKUP(C21,TONGHOPCONGDOI!$C$11:$AD$93,24,0) -> 0 | R21: =VLOOKUP(C21,TONGHOPCONGDOI!$C$11:$AD$93,25,0) -> 0 | T21: =P21 -> 2 | W21: =ROUND(((M21*46.1)+(N21*76.9)+(O21*92.2)+(P21*153.8)+(Q21*92.2)+(R21*153.8))*$E$12+(S21*25000)+(T21*100000),0) -> 1282540 | X21: =F21+L21+W21 -> 8435862 | Z21: =VLOOKUP(C21,'CNKT '!D21:AA97,24,0) -> 8435862 | AA21: =Z21-X21 -> 0
A22: 7 | B22: ='Chấm công KT'!C19 -> 04055 | C22: =TONGHOPCONGDOI!C17 -> T. Đèng 1 | F22: =E22*25000 -> 0 | G22: =VLOOKUP(C22,TONGHOPCONGDOI!C17:AE94,16,0) -> 3646 | H22: =VLOOKUP(C22,TONGHOPCONGDOI!C17:AE94,17,0) -> 0 | J22: =$AB$10/$AB$9*G22+H22*$AB$11+I22*$AB$12 -> 1557.3482 | K22: =VLOOKUP(C22,'BTH mủ tạp'!D23:AN101,37,0) -> A | L22: =ROUND((IF(K22="A",(G22*$Z$12*6.1),IF(K22="B",(G22*$Z$12*5.8),IF(K22="C",(G22*$Z$12*5.5),IF(K22="C.",(G22*$Z$12*5.5),IF(K22="D",(G22*$Z$12*5.2),0)))))*$E$12+(H22*$AB$11*$E$12*6.1)+I22*$E$12*$AB$12*6.1),0) -> 6372102 | M22: =VLOOKUP(C22,TONGHOPCONGDOI!$C$11:$V$91,20,0) -> 26 | N22: =VLOOKUP(C22,TONGHOPCONGDOI!$C$11:$W$91,21,0) -> 2 | O22: =VLOOKUP(C22,TONGHOPCONGDOI!$C$11:$AD$93,22,0) -> 0 | P22: =VLOOKUP(C22,TONGHOPCONGDOI!$C$11:$AD$93,23,0) -> 2 | Q22: =VLOOKUP(C22,TONGHOPCONGDOI!$C$11:$AD$93,24,0) -> 0 | R22: =VLOOKUP(C22,TONGHOPCONGDOI!$C$11:$AD$93,25,0) -> 0 | T22: =P22 -> 2 | W22: =ROUND(((M22*46.1)+(N22*76.9)+(O22*92.2)+(P22*153.8)+(Q22*92.2)+(R22*153.8))*$E$12+(S22*25000)+(T22*100000),0) -> 1313462 | X22: =F22+L22+W22 -> 7685564 | Z22: =VLOOKUP(C22,'CNKT '!D22:AA98,24,0) -> 7685564 | AA22: =Z22-X22 -> 0
A23: 8 | B23: ='Chấm công KT'!C20 -> 03462 | C23: =TONGHOPCONGDOI!C18 -> T . Bua Ngân | F23: =E23*25000 -> 0 | G23: =VLOOKUP(C23,TONGHOPCONGDOI!C18:AE94,16,0) -> 3674 | H23: =VLOOKUP(C23,TONGHOPCONGDOI!C18:AE94,17,0) -> 0 | J23: =$AB$10/$AB$9*G23+H23*$AB$11+I23*$AB$12 -> 1569.3081 | K23: =VLOOKUP(C23,'BTH mủ tạp'!D24:AN102,37,0) -> A | L23: =ROUND((IF(K23="A",(G23*$Z$12*6.1),IF(K23="B",(G23*$Z$12*5.8),IF(K23="C",(G23*$Z$12*5.5),IF(K23="C.",(G23*$Z$12*5.5),IF(K23="D",(G23*$Z$12*5.2),0)))))*$E$12+(H23*$AB$11*$E$12*6.1)+I23*$E$12*$AB$12*6.1),0) -> 6421037 | M23: =VLOOKUP(C23,TONGHOPCONGDOI!$C$11:$V$91,20,0) -> 25 | N23: =VLOOKUP(C23,TONGHOPCONGDOI!$C$11:$W$91,21,0) -> 2 | O23: =VLOOKUP(C23,TONGHOPCONGDOI!$C$11:$AD$93,22,0) -> 0 | P23: =VLOOKUP(C23,TONGHOPCONGDOI!$C$11:$AD$93,23,0) -> 2 | Q23: =VLOOKUP(C23,TONGHOPCONGDOI!$C$11:$AD$93,24,0) -> 0 | R23: =VLOOKUP(C23,TONGHOPCONGDOI!$C$11:$AD$93,25,0) -> 0 | T23: =P23 -> 2 | W23: =ROUND(((M23*46.1)+(N23*76.9)+(O23*92.2)+(P23*153.8)+(Q23*92.2)+(R23*153.8))*$E$12+(S23*25000)+(T23*100000),0) -> 1282540 | X23: =F23+L23+W23 -> 7703577 | Z23: =VLOOKUP(C23,'CNKT '!D23:AA98,24,0) -> 7703577 | AA23: =Z23-X23 -> 0
A24: 9 | B24: ='Chấm công KT'!C21 -> 03463 | C24: =TONGHOPCONGDOI!C19 -> T Căng | F24: =E24*25000 -> 0 | G24: =VLOOKUP(C24,TONGHOPCONGDOI!C19:AE94,16,0) -> 4580 | H24: =VLOOKUP(C24,TONGHOPCONGDOI!C19:AE94,17,0) -> 0 | J24: =$AB$10/$AB$9*G24+H24*$AB$11+I24*$AB$12 -> 1956.2958 | K24: =VLOOKUP(C24,'BTH mủ tạp'!D25:AN103,37,0) -> A | L24: =ROUND((IF(K24="A",(G24*$Z$12*6.1),IF(K24="B",(G24*$Z$12*5.8),IF(K24="C",(G24*$Z$12*5.5),IF(K24="C.",(G24*$Z$12*5.5),IF(K24="D",(G24*$Z$12*5.2),0)))))*$E$12+(H24*$AB$11*$E$12*6.1)+I24*$E$12*$AB$12*6.1),0) -> 8004451 | M24: =VLOOKUP(C24,TONGHOPCONGDOI!$C$11:$V$91,20,0) -> 25 | N24: =VLOOKUP(C24,TONGHOPCONGDOI!$C$11:$W$91,21,0) -> 2 | O24: =VLOOKUP(C24,TONGHOPCONGDOI!$C$11:$AD$93,22,0) -> 0 | P24: =VLOOKUP(C24,TONGHOPCONGDOI!$C$11:$AD$93,23,0) -> 2 | Q24: =VLOOKUP(C24,TONGHOPCONGDOI!$C$11:$AD$93,24,0) -> 0 | R24: =VLOOKUP(C24,TONGHOPCONGDOI!$C$11:$AD$93,25,0) -> 0 | T24: =P24 -> 2 | W24: =ROUND(((M24*46.1)+(N24*76.9)+(O24*92.2)+(P24*153.8)+(Q24*92.2)+(R24*153.8))*$E$12+(S24*25000)+(T24*100000),0) -> 1282540 | X24: =F24+L24+W24 -> 9286991 | Z24: =VLOOKUP(C24,'CNKT '!D24:AA98,24,0) -> 9286991 | AA24: =Z24-X24 -> 0
A25: 10 | B25: ='Chấm công KT'!C22 -> 03464 | C25: =TONGHOPCONGDOI!C20 -> N. Phôn 1 | F25: =E25*25000 -> 0 | G25: =VLOOKUP(C25,TONGHOPCONGDOI!C20:AE94,16,0) -> 4638 | H25: =VLOOKUP(C25,TONGHOPCONGDOI!C20:AE94,17,0) -> 0 | J25: =$AB$10/$AB$9*G25+H25*$AB$11+I25*$AB$12 -> 1981.0699 | K25: =VLOOKUP(C25,'BTH mủ tạp'!D26:AN104,37,0) -> A | L25: =ROUND((IF(K25="A",(G25*$Z$12*6.1),IF(K25="B",(G25*$Z$12*5.8),IF(K25="C",(G25*$Z$12*5.5),IF(K25="C.",(G25*$Z$12*5.5),IF(K25="D",(G25*$Z$12*5.2),0)))))*$E$12+(H25*$AB$11*$E$12*6.1)+I25*$E$12*$AB$12*6.1),0) -> 8105817 | M25: =VLOOKUP(C25,TONGHOPCONGDOI!$C$11:$V$91,20,0) -> 25 | N25: =VLOOKUP(C25,TONGHOPCONGDOI!$C$11:$W$91,21,0) -> 2 | O25: =VLOOKUP(C25,TONGHOPCONGDOI!$C$11:$AD$93,22,0) -> 0 | P25: =VLOOKUP(C25,TONGHOPCONGDOI!$C$11:$AD$93,23,0) -> 2 | Q25: =VLOOKUP(C25,TONGHOPCONGDOI!$C$11:$AD$93,24,0) -> 0 | R25: =VLOOKUP(C25,TONGHOPCONGDOI!$C$11:$AD$93,25,0) -> 0 | T25: =P25 -> 2 | W25: =ROUND(((M25*46.1)+(N25*76.9)+(O25*92.2)+(P25*153.8)+(Q25*92.2)+(R25*153.8))*$E$12+(S25*25000)+(T25*100000),0) -> 1282540 | X25: =F25+L25+W25 -> 9388357 | Z25: =VLOOKUP(C25,'CNKT '!D25:AA98,24,0) -> 9388357 | AA25: =Z25-X25 -> 0
A26: 11 | B26: ='Chấm công KT'!C23 -> 03465 | C26: =TONGHOPCONGDOI!C21 -> T. In Păn | F26: =E26*25000 -> 0 | G26: =VLOOKUP(C26,TONGHOPCONGDOI!C21:AE94,16,0) -> 3595 | H26: =VLOOKUP(C26,TONGHOPCONGDOI!C21:AE94,17,0) -> 0 | J26: =$AB$10/$AB$9*G26+H26*$AB$11+I26*$AB$12 -> 1535.5641 | K26: =VLOOKUP(C26,'BTH mủ tạp'!D27:AN105,37,0) -> A | L26: =ROUND((IF(K26="A",(G26*$Z$12*6.1),IF(K26="B",(G26*$Z$12*5.8),IF(K26="C",(G26*$Z$12*5.5),IF(K26="C.",(G26*$Z$12*5.5),IF(K26="D",(G26*$Z$12*5.2),0)))))*$E$12+(H26*$AB$11*$E$12*6.1)+I26*$E$12*$AB$12*6.1),0) -> 6282969 | M26: =VLOOKUP(C26,TONGHOPCONGDOI!$C$11:$V$91,20,0) -> 25 | N26: =VLOOKUP(C26,TONGHOPCONGDOI!$C$11:$W$91,21,0) -> 2 | O26: =VLOOKUP(C26,TONGHOPCONGDOI!$C$11:$AD$93,22,0) -> 0 | P26: =VLOOKUP(C26,TONGHOPCONGDOI!$C$11:$AD$93,23,0) -> 2 | Q26: =VLOOKUP(C26,TONGHOPCONGDOI!$C$11:$AD$93,24,0) -> 0 | R26: =VLOOKUP(C26,TONGHOPCONGDOI!$C$11:$AD$93,25,0) -> 0 | T26: =P26 -> 2 | W26: =ROUND(((M26*46.1)+(N26*76.9)+(O26*92.2)+(P26*153.8)+(Q26*92.2)+(R26*153.8))*$E$12+(S26*25000)+(T26*100000),0) -> 1282540 | X26: =F26+L26+W26 -> 7565509 | Z26: =VLOOKUP(C26,'CNKT '!D26:AA98,24,0) -> 7565509 | AA26: =Z26-X26 -> 0
A27: 12 | B27: ='Chấm công KT'!C24 -> 03466 | C27: =TONGHOPCONGDOI!C22 -> N. Keo | F27: =E27*25000 -> 0 | G27: =VLOOKUP(C27,TONGHOPCONGDOI!C22:AE94,16,0) -> 4351 | H27: =VLOOKUP(C27,TONGHOPCONGDOI!C22:AE94,17,0) -> 0 | J27: =$AB$10/$AB$9*G27+H27*$AB$11+I27*$AB$12 -> 1858.4811 | K27: =VLOOKUP(C27,'BTH mủ tạp'!D28:AN106,37,0) -> A | L27: =ROUND((IF(K27="A",(G27*$Z$12*6.1),IF(K27="B",(G27*$Z$12*5.8),IF(K27="C",(G27*$Z$12*5.5),IF(K27="C.",(G27*$Z$12*5.5),IF(K27="D",(G27*$Z$12*5.2),0)))))*$E$12+(H27*$AB$11*$E$12*6.1)+I27*$E$12*$AB$12*6.1),0) -> 7604228 | M27: =VLOOKUP(C27,TONGHOPCONGDOI!$C$11:$V$91,20,0) -> 26 | N27: =VLOOKUP(C27,TONGHOPCONGDOI!$C$11:$W$91,21,0) -> 2 | O27: =VLOOKUP(C27,TONGHOPCONGDOI!$C$11:$AD$93,22,0) -> 0 | P27: =VLOOKUP(C27,TONGHOPCONGDOI!$C$11:$AD$93,23,0) -> 2 | Q27: =VLOOKUP(C27,TONGHOPCONGDOI!$C$11:$AD$93,24,0) -> 0 | R27: =VLOOKUP(C27,TONGHOPCONGDOI!$C$11:$AD$93,25,0) -> 0 | T27: =P27 -> 2 | W27: =ROUND(((M27*46.1)+(N27*76.9)+(O27*92.2)+(P27*153.8)+(Q27*92.2)+(R27*153.8))*$E$12+(S27*25000)+(T27*100000),0) -> 1313462 | X27: =F27+L27+W27 -> 8917690 | Z27: =VLOOKUP(C27,'CNKT '!D27:AA98,24,0) -> 8917690 | AA27: =Z27-X27 -> 0
A28: 13 | B28: ='Chấm công KT'!C25 -> 02727 | C28: =TONGHOPCONGDOI!C23 -> T. Thong Đon | F28: =E28*25000 -> 0 | G28: =VLOOKUP(C28,TONGHOPCONGDOI!C23:AE94,16,0) -> 4260 | H28: =VLOOKUP(C28,TONGHOPCONGDOI!C23:AE94,17,0) -> 0 | J28: =$AB$10/$AB$9*G28+H28*$AB$11+I28*$AB$12 -> 1819.6114 | K28: =VLOOKUP(C28,'BTH mủ tạp'!D29:AN107,37,0) -> A | L28: =ROUND((IF(K28="A",(G28*$Z$12*6.1),IF(K28="B",(G28*$Z$12*5.8),IF(K28="C",(G28*$Z$12*5.5),IF(K28="C.",(G28*$Z$12*5.5),IF(K28="D",(G28*$Z$12*5.2),0)))))*$E$12+(H28*$AB$11*$E$12*6.1)+I28*$E$12*$AB$12*6.1),0) -> 7445188 | M28: =VLOOKUP(C28,TONGHOPCONGDOI!$C$11:$V$91,20,0) -> 25 | N28: =VLOOKUP(C28,TONGHOPCONGDOI!$C$11:$W$91,21,0) -> 2 | O28: =VLOOKUP(C28,TONGHOPCONGDOI!$C$11:$AD$93,22,0) -> 0 | P28: =VLOOKUP(C28,TONGHOPCONGDOI!$C$11:$AD$93,23,0) -> 2 | Q28: =VLOOKUP(C28,TONGHOPCONGDOI!$C$11:$AD$93,24,0) -> 0 | R28: =VLOOKUP(C28,TONGHOPCONGDOI!$C$11:$AD$93,25,0) -> 0 | T28: =P28 -> 2 | W28: =ROUND(((M28*46.1)+(N28*76.9)+(O28*92.2)+(P28*153.8)+(Q28*92.2)+(R28*153.8))*$E$12+(S28*25000)+(T28*100000),0) -> 1282540 | X28: =F28+L28+W28 -> 8727728 | Z28: =VLOOKUP(C28,'CNKT '!D28:AA98,24,0) -> 8727728 | AA28: =Z28-X28 -> 0
A29: 14 | B29: ='Chấm công KT'!C26 -> 03467 | C29: =TONGHOPCONGDOI!C24 -> T. Hin | F29: =E29*25000 -> 0 | G29: =VLOOKUP(C29,TONGHOPCONGDOI!C24:AE94,16,0) -> 4134 | H29: =VLOOKUP(C29,TONGHOPCONGDOI!C24:AE94,17,0) -> 0 | J29: =$AB$10/$AB$9*G29+H29*$AB$11+I29*$AB$12 -> 1765.7919 | K29: =VLOOKUP(C29,'BTH mủ tạp'!D30:AN108,37,0) -> A | L29: =ROUND((IF(K29="A",(G29*$Z$12*6.1),IF(K29="B",(G29*$Z$12*5.8),IF(K29="C",(G29*$Z$12*5.5),IF(K29="C.",(G29*$Z$12*5.5),IF(K29="D",(G29*$Z$12*5.2),0)))))*$E$12+(H29*$AB$11*$E$12*6.1)+I29*$E$12*$AB$12*6.1),0) -> 7224978 | M29: =VLOOKUP(C29,TONGHOPCONGDOI!$C$11:$V$91,20,0) -> 26 | N29: =VLOOKUP(C29,TONGHOPCONGDOI!$C$11:$W$91,21,0) -> 2 | O29: =VLOOKUP(C29,TONGHOPCONGDOI!$C$11:$AD$93,22,0) -> 0 | P29: =VLOOKUP(C29,TONGHOPCONGDOI!$C$11:$AD$93,23,0) -> 2 | Q29: =VLOOKUP(C29,TONGHOPCONGDOI!$C$11:$AD$93,24,0) -> 0 | R29: =VLOOKUP(C29,TONGHOPCONGDOI!$C$11:$AD$93,25,0) -> 0 | T29: =P29 -> 2 | W29: =ROUND(((M29*46.1)+(N29*76.9)+(O29*92.2)+(P29*153.8)+(Q29*92.2)+(R29*153.8))*$E$12+(S29*25000)+(T29*100000),0) -> 1313462 | X29: =F29+L29+W29 -> 8538440 | Z29: =VLOOKUP(C29,'CNKT '!D29:AA98,24,0) -> 8538440 | AA29: =Z29-X29 -> 0
A30: 15 | B30: ='Chấm công KT'!C27 -> 04056 | C30: =TONGHOPCONGDOI!C25 -> N. Ly Phon | F30: =E30*25000 -> 0 | G30: =VLOOKUP(C30,TONGHOPCONGDOI!C25:AE94,16,0) -> 4003 | H30: =VLOOKUP(C30,TONGHOPCONGDOI!C25:AE94,17,0) -> 0 | J30: =$AB$10/$AB$9*G30+H30*$AB$11+I30*$AB$12 -> 1709.8367 | K30: =VLOOKUP(C30,'BTH mủ tạp'!D31:AN109,37,0) -> B | L30: =ROUND((IF(K30="A",(G30*$Z$12*6.1),IF(K30="B",(G30*$Z$12*5.8),IF(K30="C",(G30*$Z$12*5.5),IF(K30="C.",(G30*$Z$12*5.5),IF(K30="D",(G30*$Z$12*5.2),0)))))*$E$12+(H30*$AB$11*$E$12*6.1)+I30*$E$12*$AB$12*6.1),0) -> 6651963 | M30: =VLOOKUP(C30,TONGHOPCONGDOI!$C$11:$V$91,20,0) -> 26 | N30: =VLOOKUP(C30,TONGHOPCONGDOI!$C$11:$W$91,21,0) -> 2 | O30: =VLOOKUP(C30,TONGHOPCONGDOI!$C$11:$AD$93,22,0) -> 0 | P30: =VLOOKUP(C30,TONGHOPCONGDOI!$C$11:$AD$93,23,0) -> 2 | Q30: =VLOOKUP(C30,TONGHOPCONGDOI!$C$11:$AD$93,24,0) -> 0 | R30: =VLOOKUP(C30,TONGHOPCONGDOI!$C$11:$AD$93,25,0) -> 0 | T30: =P30 -> 2 | W30: =ROUND(((M30*46.1)+(N30*76.9)+(O30*92.2)+(P30*153.8)+(Q30*92.2)+(R30*153.8))*$E$12+(S30*25000)+(T30*100000),0) -> 1313462 | X30: =F30+L30+W30 -> 7965425 | Z30: =VLOOKUP(C30,'CNKT '!D30:AA98,24,0) -> 7965425 | AA30: =Z30-X30 -> 0
A31: 16 | B31: ='Chấm công KT'!C28 -> 03469 | C31: =TONGHOPCONGDOI!C26 -> T. Xôm Va Nít | F31: =E31*25000 -> 0 | G31: =VLOOKUP(C31,TONGHOPCONGDOI!C26:AE94,16,0) -> 4506 | H31: =VLOOKUP(C31,TONGHOPCONGDOI!C26:AE94,17,0) -> 0 | J31: =$AB$10/$AB$9*G31+H31*$AB$11+I31*$AB$12 -> 1924.6876 | K31: =VLOOKUP(C31,'BTH mủ tạp'!D32:AN110,37,0) -> A | L31: =ROUND((IF(K31="A",(G31*$Z$12*6.1),IF(K31="B",(G31*$Z$12*5.8),IF(K31="C",(G31*$Z$12*5.5),IF(K31="C.",(G31*$Z$12*5.5),IF(K31="D",(G31*$Z$12*5.2),0)))))*$E$12+(H31*$AB$11*$E$12*6.1)+I31*$E$12*$AB$12*6.1),0) -> 7875121 | M31: =VLOOKUP(C31,TONGHOPCONGDOI!$C$11:$V$91,20,0) -> 25 | N31: =VLOOKUP(C31,TONGHOPCONGDOI!$C$11:$W$91,21,0) -> 2 | O31: =VLOOKUP(C31,TONGHOPCONGDOI!$C$11:$AD$93,22,0) -> 0 | P31: =VLOOKUP(C31,TONGHOPCONGDOI!$C$11:$AD$93,23,0) -> 2 | Q31: =VLOOKUP(C31,TONGHOPCONGDOI!$C$11:$AD$93,24,0) -> 0 | R31: =VLOOKUP(C31,TONGHOPCONGDOI!$C$11:$AD$93,25,0) -> 0 | T31: =P31 -> 2 | W31: =ROUND(((M31*46.1)+(N31*76.9)+(O31*92.2)+(P31*153.8)+(Q31*92.2)+(R31*153.8))*$E$12+(S31*25000)+(T31*100000),0) -> 1282540 | X31: =F31+L31+W31 -> 9157661 | Z31: =VLOOKUP(C31,'CNKT '!D31:AA98,24,0) -> 9157661 | AA31: =Z31-X31 -> 0
A32: 17 | B32: ='Chấm công KT'!C29 -> 03470 | C32: =TONGHOPCONGDOI!C27 -> T. Lọi | F32: =E32*25000 -> 0 | G32: =VLOOKUP(C32,TONGHOPCONGDOI!C27:AE94,16,0) -> 3459 | H32: =VLOOKUP(C32,TONGHOPCONGDOI!C27:AE94,17,0) -> 0 | J32: =$AB$10/$AB$9*G32+H32*$AB$11+I32*$AB$12 -> 1477.4732 | K32: =VLOOKUP(C32,'BTH mủ tạp'!D33:AN111,37,0) -> A | L32: =ROUND((IF(K32="A",(G32*$Z$12*6.1),IF(K32="B",(G32*$Z$12*5.8),IF(K32="C",(G32*$Z$12*5.5),IF(K32="C.",(G32*$Z$12*5.5),IF(K32="D",(G32*$Z$12*5.2),0)))))*$E$12+(H32*$AB$11*$E$12*6.1)+I32*$E$12*$AB$12*6.1),0) -> 6045283 | M32: =VLOOKUP(C32,TONGHOPCONGDOI!$C$11:$V$91,20,0) -> 25 | N32: =VLOOKUP(C32,TONGHOPCONGDOI!$C$11:$W$91,21,0) -> 2 | O32: =VLOOKUP(C32,TONGHOPCONGDOI!$C$11:$AD$93,22,0) -> 0 | P32: =VLOOKUP(C32,TONGHOPCONGDOI!$C$11:$AD$93,23,0) -> 2 | Q32: =VLOOKUP(C32,TONGHOPCONGDOI!$C$11:$AD$93,24,0) -> 0 | R32: =VLOOKUP(C32,TONGHOPCONGDOI!$C$11:$AD$93,25,0) -> 0 | T32: =P32 -> 2 | W32: =ROUND(((M32*46.1)+(N32*76.9)+(O32*92.2)+(P32*153.8)+(Q32*92.2)+(R32*153.8))*$E$12+(S32*25000)+(T32*100000),0) -> 1282540 | X32: =F32+L32+W32 -> 7327823 | Z32: =VLOOKUP(C32,'CNKT '!D32:AA98,24,0) -> 7327823 | AA32: =Z32-X32 -> 0
A33: 18 | B33: ='Chấm công KT'!C30 -> 03471 | C33: =TONGHOPCONGDOI!C28 -> T. Phô Thong | F33: =E33*25000 -> 0 | G33: =VLOOKUP(C33,TONGHOPCONGDOI!C28:AE94,16,0) -> 5064 | H33: =VLOOKUP(C33,TONGHOPCONGDOI!C28:AE94,17,0) -> 0 | J33: =$AB$10/$AB$9*G33+H33*$AB$11+I33*$AB$12 -> 2163.031 | K33: =VLOOKUP(C33,'BTH mủ tạp'!D34:AN112,37,0) -> A | L33: =ROUND((IF(K33="A",(G33*$Z$12*6.1),IF(K33="B",(G33*$Z$12*5.8),IF(K33="C",(G33*$Z$12*5.5),IF(K33="C.",(G33*$Z$12*5.5),IF(K33="D",(G33*$Z$12*5.2),0)))))*$E$12+(H33*$AB$11*$E$12*6.1)+I33*$E$12*$AB$12*6.1),0) -> 8850336 | M33: =VLOOKUP(C33,TONGHOPCONGDOI!$C$11:$V$91,20,0) -> 26 | N33: =VLOOKUP(C33,TONGHOPCONGDOI!$C$11:$W$91,21,0) -> 2 | O33: =VLOOKUP(C33,TONGHOPCONGDOI!$C$11:$AD$93,22,0) -> 0 | P33: =VLOOKUP(C33,TONGHOPCONGDOI!$C$11:$AD$93,23,0) -> 2 | Q33: =VLOOKUP(C33,TONGHOPCONGDOI!$C$11:$AD$93,24,0) -> 0 | R33: =VLOOKUP(C33,TONGHOPCONGDOI!$C$11:$AD$93,25,0) -> 0 | T33: =P33 -> 2 | W33: =ROUND(((M33*46.1)+(N33*76.9)+(O33*92.2)+(P33*153.8)+(Q33*92.2)+(R33*153.8))*$E$12+(S33*25000)+(T33*100000),0) -> 1313462 | X33: =F33+L33+W33 -> 10163798 | Z33: =VLOOKUP(C33,'CNKT '!D33:AA98,24,0) -> 10163798 | AA33: =Z33-X33 -> 0
A34: 19 | B34: ='Chấm công KT'!C31 -> 03472 | C34: =TONGHOPCONGDOI!C29 -> N. Soi | F34: =E34*25000 -> 0 | G34: =VLOOKUP(C34,TONGHOPCONGDOI!C29:AE94,16,0) -> 4063 | H34: =VLOOKUP(C34,TONGHOPCONGDOI!C29:AE94,17,0) -> 0 | J34: =$AB$10/$AB$9*G34+H34*$AB$11+I34*$AB$12 -> 1735.4651 | K34: =VLOOKUP(C34,'BTH mủ tạp'!D35:AN113,37,0) -> A | L34: =ROUND((IF(K34="A",(G34*$Z$12*6.1),IF(K34="B",(G34*$Z$12*5.8),IF(K34="C",(G34*$Z$12*5.5),IF(K34="C.",(G34*$Z$12*5.5),IF(K34="D",(G34*$Z$12*5.2),0)))))*$E$12+(H34*$AB$11*$E$12*6.1)+I34*$E$12*$AB$12*6.1),0) -> 7100891 | M34: =VLOOKUP(C34,TONGHOPCONGDOI!$C$11:$V$91,20,0) -> 24 | N34: =VLOOKUP(C34,TONGHOPCONGDOI!$C$11:$W$91,21,0) -> 2 | O34: =VLOOKUP(C34,TONGHOPCONGDOI!$C$11:$AD$93,22,0) -> 0 | P34: =VLOOKUP(C34,TONGHOPCONGDOI!$C$11:$AD$93,23,0) -> 2 | Q34: =VLOOKUP(C34,TONGHOPCONGDOI!$C$11:$AD$93,24,0) -> 0 | R34: =VLOOKUP(C34,TONGHOPCONGDOI!$C$11:$AD$93,25,0) -> 0 | T34: =P34 -> 2 | W34: =ROUND(((M34*46.1)+(N34*76.9)+(O34*92.2)+(P34*153.8)+(Q34*92.2)+(R34*153.8))*$E$12+(S34*25000)+(T34*100000),0) -> 1251618 | X34: =F34+L34+W34 -> 8352509 | Z34: =VLOOKUP(C34,'CNKT '!D34:AA98,24,0) -> 8352509 | AA34: =Z34-X34 -> 0
A35: 20 | B35: ='Chấm công KT'!C32 -> 03473 | C35: =TONGHOPCONGDOI!C30 -> N. Me Kha La | F35: =E35*25000 -> 0 | G35: =VLOOKUP(C35,TONGHOPCONGDOI!C30:AE94,16,0) -> 3609 | H35: =VLOOKUP(C35,TONGHOPCONGDOI!C30:AE94,17,0) -> 0 | J35: =$AB$10/$AB$9*G35+H35*$AB$11+I35*$AB$12 -> 1541.544 | K35: =VLOOKUP(C35,'BTH mủ tạp'!D36:AN114,37,0) -> A | L35: =ROUND((IF(K35="A",(G35*$Z$12*6.1),IF(K35="B",(G35*$Z$12*5.8),IF(K35="C",(G35*$Z$12*5.5),IF(K35="C.",(G35*$Z$12*5.5),IF(K35="D",(G35*$Z$12*5.2),0)))))*$E$12+(H35*$AB$11*$E$12*6.1)+I35*$E$12*$AB$12*6.1),0) -> 6307437 | M35: =VLOOKUP(C35,TONGHOPCONGDOI!$C$11:$V$91,20,0) -> 25 | N35: =VLOOKUP(C35,TONGHOPCONGDOI!$C$11:$W$91,21,0) -> 2 | O35: =VLOOKUP(C35,TONGHOPCONGDOI!$C$11:$AD$93,22,0) -> 0 | P35: =VLOOKUP(C35,TONGHOPCONGDOI!$C$11:$AD$93,23,0) -> 2 | Q35: =VLOOKUP(C35,TONGHOPCONGDOI!$C$11:$AD$93,24,0) -> 0 | R35: =VLOOKUP(C35,TONGHOPCONGDOI!$C$11:$AD$93,25,0) -> 0 | T35: =P35 -> 2 | W35: =ROUND(((M35*46.1)+(N35*76.9)+(O35*92.2)+(P35*153.8)+(Q35*92.2)+(R35*153.8))*$E$12+(S35*25000)+(T35*100000),0) -> 1282540 | X35: =F35+L35+W35 -> 7589977 | Z35: =VLOOKUP(C35,'CNKT '!D35:AA98,24,0) -> 7589977 | AA35: =Z35-X35 -> 0
A36: 21 | B36: ='Chấm công KT'!C33 -> 03474 | C36: =TONGHOPCONGDOI!C31 -> N. Mon Khăm | F36: =E36*25000 -> 0 | G36: =VLOOKUP(C36,TONGHOPCONGDOI!C31:AE94,16,0) -> 3808 | H36: =VLOOKUP(C36,TONGHOPCONGDOI!C31:AE94,17,0) -> 0 | J36: =$AB$10/$AB$9*G36+H36*$AB$11+I36*$AB$12 -> 1626.5447 | K36: =VLOOKUP(C36,'BTH mủ tạp'!D37:AN115,37,0) -> A | L36: =ROUND((IF(K36="A",(G36*$Z$12*6.1),IF(K36="B",(G36*$Z$12*5.8),IF(K36="C",(G36*$Z$12*5.5),IF(K36="C.",(G36*$Z$12*5.5),IF(K36="D",(G36*$Z$12*5.2),0)))))*$E$12+(H36*$AB$11*$E$12*6.1)+I36*$E$12*$AB$12*6.1),0) -> 6655229 | M36: =VLOOKUP(C36,TONGHOPCONGDOI!$C$11:$V$91,20,0) -> 24 | N36: =VLOOKUP(C36,TONGHOPCONGDOI!$C$11:$W$91,21,0) -> 2 | O36: =VLOOKUP(C36,TONGHOPCONGDOI!$C$11:$AD$93,22,0) -> 0 | P36: =VLOOKUP(C36,TONGHOPCONGDOI!$C$11:$AD$93,23,0) -> 2 | Q36: =VLOOKUP(C36,TONGHOPCONGDOI!$C$11:$AD$93,24,0) -> 0 | R36: =VLOOKUP(C36,TONGHOPCONGDOI!$C$11:$AD$93,25,0) -> 0 | T36: =P36 -> 2 | W36: =ROUND(((M36*46.1)+(N36*76.9)+(O36*92.2)+(P36*153.8)+(Q36*92.2)+(R36*153.8))*$E$12+(S36*25000)+(T36*100000),0) -> 1251618 | X36: =F36+L36+W36 -> 7906847 | Z36: =VLOOKUP(C36,'CNKT '!D36:AA98,24,0) -> 7906847 | AA36: =Z36-X36 -> 0
A37: 22 | B37: ='Chấm công KT'!C34 -> 0 | C37: =TONGHOPCONGDOI!C32 -> N.Choi | F37: =E37*25000 -> 0 | G37: =VLOOKUP(C37,TONGHOPCONGDOI!C32:AE94,16,0) -> 3490 | H37: =VLOOKUP(C37,TONGHOPCONGDOI!C32:AE94,17,0) -> 0 | J37: =$AB$10/$AB$9*G37+H37*$AB$11+I37*$AB$12 -> 1490.7145 | K37: =VLOOKUP(C37,'BTH mủ tạp'!D38:AN116,37,0) -> A | L37: =ROUND((IF(K37="A",(G37*$Z$12*6.1),IF(K37="B",(G37*$Z$12*5.8),IF(K37="C",(G37*$Z$12*5.5),IF(K37="C.",(G37*$Z$12*5.5),IF(K37="D",(G37*$Z$12*5.2),0)))))*$E$12+(H37*$AB$11*$E$12*6.1)+I37*$E$12*$AB$12*6.1),0) -> 6099461 | M37: =VLOOKUP(C37,TONGHOPCONGDOI!$C$11:$V$91,20,0) -> 26 | N37: =VLOOKUP(C37,TONGHOPCONGDOI!$C$11:$W$91,21,0) -> 2 | O37: =VLOOKUP(C37,TONGHOPCONGDOI!$C$11:$AD$93,22,0) -> 0 | P37: =VLOOKUP(C37,TONGHOPCONGDOI!$C$11:$AD$93,23,0) -> 2 | Q37: =VLOOKUP(C37,TONGHOPCONGDOI!$C$11:$AD$93,24,0) -> 0 | R37: =VLOOKUP(C37,TONGHOPCONGDOI!$C$11:$AD$93,25,0) -> 0 | T37: =P37 -> 2 | W37: =ROUND(((M37*46.1)+(N37*76.9)+(O37*92.2)+(P37*153.8)+(Q37*92.2)+(R37*153.8))*$E$12+(S37*25000)+(T37*100000),0) -> 1313462 | X37: =F37+L37+W37 -> 7412923 | Z37: =VLOOKUP(C37,'CNKT '!D37:AA98,24,0) -> 7412923 | AA37: =Z37-X37 -> 0
A38: 23 | B38: ='Chấm công KT'!C35 -> 03476 | C38: =TONGHOPCONGDOI!C33 -> T. Bin Ly. | F38: =E38*25000 -> 0 | G38: =VLOOKUP(C38,TONGHOPCONGDOI!C33:AE94,16,0) -> 4267 | H38: =VLOOKUP(C38,TONGHOPCONGDOI!C33:AE94,17,0) -> 0 | J38: =$AB$10/$AB$9*G38+H38*$AB$11+I38*$AB$12 -> 1822.6014 | K38: =VLOOKUP(C38,'BTH mủ tạp'!D39:AN117,37,0) -> A | L38: =ROUND((IF(K38="A",(G38*$Z$12*6.1),IF(K38="B",(G38*$Z$12*5.8),IF(K38="C",(G38*$Z$12*5.5),IF(K38="C.",(G38*$Z$12*5.5),IF(K38="D",(G38*$Z$12*5.2),0)))))*$E$12+(H38*$AB$11*$E$12*6.1)+I38*$E$12*$AB$12*6.1),0) -> 7457421 | M38: =VLOOKUP(C38,TONGHOPCONGDOI!$C$11:$V$91,20,0) -> 26 | N38: =VLOOKUP(C38,TONGHOPCONGDOI!$C$11:$W$91,21,0) -> 2 | O38: =VLOOKUP(C38,TONGHOPCONGDOI!$C$11:$AD$93,22,0) -> 0 | P38: =VLOOKUP(C38,TONGHOPCONGDOI!$C$11:$AD$93,23,0) -> 2 | Q38: =VLOOKUP(C38,TONGHOPCONGDOI!$C$11:$AD$93,24,0) -> 0 | R38: =VLOOKUP(C38,TONGHOPCONGDOI!$C$11:$AD$93,25,0) -> 0 | T38: =P38 -> 2 | W38: =ROUND(((M38*46.1)+(N38*76.9)+(O38*92.2)+(P38*153.8)+(Q38*92.2)+(R38*153.8))*$E$12+(S38*25000)+(T38*100000),0) -> 1313462 | X38: =F38+L38+W38 -> 8770883 | Z38: =VLOOKUP(C38,'CNKT '!D38:AA98,24,0) -> 8770883 | AA38: =Z38-X38 -> 0
A39: 24 | B39: ='Chấm công KT'!C36 -> 0 | C39: =TONGHOPCONGDOI!C34 -> N. Tinh | F39: =E39*25000 -> 0 | G39: =VLOOKUP(C39,TONGHOPCONGDOI!C34:AE94,16,0) -> 3721 | H39: =VLOOKUP(C39,TONGHOPCONGDOI!C34:AE94,17,0) -> 0 | J39: =$AB$10/$AB$9*G39+H39*$AB$11+I39*$AB$12 -> 1589.3836 | K39: =VLOOKUP(C39,'BTH mủ tạp'!D40:AN118,37,0) -> A | L39: =ROUND((IF(K39="A",(G39*$Z$12*6.1),IF(K39="B",(G39*$Z$12*5.8),IF(K39="C",(G39*$Z$12*5.5),IF(K39="C.",(G39*$Z$12*5.5),IF(K39="D",(G39*$Z$12*5.2),0)))))*$E$12+(H39*$AB$11*$E$12*6.1)+I39*$E$12*$AB$12*6.1),0) -> 6503179 | M39: =VLOOKUP(C39,TONGHOPCONGDOI!$C$11:$V$91,20,0) -> 26 | N39: =VLOOKUP(C39,TONGHOPCONGDOI!$C$11:$W$91,21,0) -> 2 | O39: =VLOOKUP(C39,TONGHOPCONGDOI!$C$11:$AD$93,22,0) -> 0 | P39: =VLOOKUP(C39,TONGHOPCONGDOI!$C$11:$AD$93,23,0) -> 2 | Q39: =VLOOKUP(C39,TONGHOPCONGDOI!$C$11:$AD$93,24,0) -> 0 | R39: =VLOOKUP(C39,TONGHOPCONGDOI!$C$11:$AD$93,25,0) -> 0 | T39: =P39 -> 2 | W39: =ROUND(((M39*46.1)+(N39*76.9)+(O39*92.2)+(P39*153.8)+(Q39*92.2)+(R39*153.8))*$E$12+(S39*25000)+(T39*100000),0) -> 1313462 | X39: =F39+L39+W39 -> 7816641 | Z39: =VLOOKUP(C39,'CNKT '!D39:AA98,24,0) -> 7816641 | AA39: =Z39-X39 -> 0
A40: 25 | B40: ='Chấm công KT'!C37 -> 03478 | C40: =TONGHOPCONGDOI!C35 -> N. Nong | F40: =E40*25000 -> 0 | G40: =VLOOKUP(C40,TONGHOPCONGDOI!C35:AE94,16,0) -> 4018 | H40: =VLOOKUP(C40,TONGHOPCONGDOI!C35:AE94,17,0) -> 0 | J40: =$AB$10/$AB$9*G40+H40*$AB$11+I40*$AB$12 -> 1716.2438 | K40: =VLOOKUP(C40,'BTH mủ tạp'!D41:AN119,37,0) -> B | L40: =ROUND((IF(K40="A",(G40*$Z$12*6.1),IF(K40="B",(G40*$Z$12*5.8),IF(K40="C",(G40*$Z$12*5.5),IF(K40="C.",(G40*$Z$12*5.5),IF(K40="D",(G40*$Z$12*5.2),0)))))*$E$12+(H40*$AB$11*$E$12*6.1)+I40*$E$12*$AB$12*6.1),0) -> 6676889 | M40: =VLOOKUP(C40,TONGHOPCONGDOI!$C$11:$V$91,20,0) -> 26 | N40: =VLOOKUP(C40,TONGHOPCONGDOI!$C$11:$W$91,21,0) -> 2 | O40: =VLOOKUP(C40,TONGHOPCONGDOI!$C$11:$AD$93,22,0) -> 0 | P40: =VLOOKUP(C40,TONGHOPCONGDOI!$C$11:$AD$93,23,0) -> 2 | Q40: =VLOOKUP(C40,TONGHOPCONGDOI!$C$11:$AD$93,24,0) -> 0 | R40: =VLOOKUP(C40,TONGHOPCONGDOI!$C$11:$AD$93,25,0) -> 0 | T40: =P40 -> 2 | W40: =ROUND(((M40*46.1)+(N40*76.9)+(O40*92.2)+(P40*153.8)+(Q40*92.2)+(R40*153.8))*$E$12+(S40*25000)+(T40*100000),0) -> 1313462 | X40: =F40+L40+W40 -> 7990351 | Z40: =VLOOKUP(C40,'CNKT '!D40:AA98,24,0) -> 7990351 | AA40: =Z40-X40 -> 0
A41: 26 | B41: ='Chấm công KT'!C38 -> 03479 | C41: =TONGHOPCONGDOI!C36 -> N. Tun 1 | F41: =E41*25000 -> 0 | G41: =VLOOKUP(C41,TONGHOPCONGDOI!C36:AE94,16,0) -> 4131 | H41: =VLOOKUP(C41,TONGHOPCONGDOI!C36:AE94,17,0) -> 0 | J41: =$AB$10/$AB$9*G41+H41*$AB$11+I41*$AB$12 -> 1764.5105 | K41: =VLOOKUP(C41,'BTH mủ tạp'!D42:AN120,37,0) -> A | L41: =ROUND((IF(K41="A",(G41*$Z$12*6.1),IF(K41="B",(G41*$Z$12*5.8),IF(K41="C",(G41*$Z$12*5.5),IF(K41="C.",(G41*$Z$12*5.5),IF(K41="D",(G41*$Z$12*5.2),0)))))*$E$12+(H41*$AB$11*$E$12*6.1)+I41*$E$12*$AB$12*6.1),0) -> 7219735 | M41: =VLOOKUP(C41,TONGHOPCONGDOI!$C$11:$V$91,20,0) -> 26 | N41: =VLOOKUP(C41,TONGHOPCONGDOI!$C$11:$W$91,21,0) -> 2 | O41: =VLOOKUP(C41,TONGHOPCONGDOI!$C$11:$AD$93,22,0) -> 0 | P41: =VLOOKUP(C41,TONGHOPCONGDOI!$C$11:$AD$93,23,0) -> 2 | Q41: =VLOOKUP(C41,TONGHOPCONGDOI!$C$11:$AD$93,24,0) -> 0 | R41: =VLOOKUP(C41,TONGHOPCONGDOI!$C$11:$AD$93,25,0) -> 0 | T41: =P41 -> 2 | W41: =ROUND(((M41*46.1)+(N41*76.9)+(O41*92.2)+(P41*153.8)+(Q41*92.2)+(R41*153.8))*$E$12+(S41*25000)+(T41*100000),0) -> 1313462 | X41: =F41+L41+W41 -> 8533197 | Z41: =VLOOKUP(C41,'CNKT '!D41:AA98,24,0) -> 8533197 | AA41: =Z41-X41 -> 0
A42: 27 | B42: ='Chấm công KT'!C39 -> 03480 | C42: =TONGHOPCONGDOI!C37 -> T . Lốc | F42: =E42*25000 -> 0 | G42: =VLOOKUP(C42,TONGHOPCONGDOI!C37:AE94,16,0) -> 4118 | H42: =VLOOKUP(C42,TONGHOPCONGDOI!C37:AE94,17,0) -> 0 | J42: =$AB$10/$AB$9*G42+H42*$AB$11+I42*$AB$12 -> 1758.9577 | K42: =VLOOKUP(C42,'BTH mủ tạp'!D43:AN121,37,0) -> A | L42: =ROUND((IF(K42="A",(G42*$Z$12*6.1),IF(K42="B",(G42*$Z$12*5.8),IF(K42="C",(G42*$Z$12*5.5),IF(K42="C.",(G42*$Z$12*5.5),IF(K42="D",(G42*$Z$12*5.2),0)))))*$E$12+(H42*$AB$11*$E$12*6.1)+I42*$E$12*$AB$12*6.1),0) -> 7197015 | M42: =VLOOKUP(C42,TONGHOPCONGDOI!$C$11:$V$91,20,0) -> 26 | N42: =VLOOKUP(C42,TONGHOPCONGDOI!$C$11:$W$91,21,0) -> 2 | O42: =VLOOKUP(C42,TONGHOPCONGDOI!$C$11:$AD$93,22,0) -> 0 | P42: =VLOOKUP(C42,TONGHOPCONGDOI!$C$11:$AD$93,23,0) -> 2 | Q42: =VLOOKUP(C42,TONGHOPCONGDOI!$C$11:$AD$93,24,0) -> 0 | R42: =VLOOKUP(C42,TONGHOPCONGDOI!$C$11:$AD$93,25,0) -> 0 | T42: =P42 -> 2 | W42: =ROUND(((M42*46.1)+(N42*76.9)+(O42*92.2)+(P42*153.8)+(Q42*92.2)+(R42*153.8))*$E$12+(S42*25000)+(T42*100000),0) -> 1313462 | X42: =F42+L42+W42 -> 8510477 | Z42: =VLOOKUP(C42,'CNKT '!D42:AA98,24,0) -> 8510477 | AA42: =Z42-X42 -> 0
A43: 28 | B43: ='Chấm công KT'!C40 -> 03481 | C43: =TONGHOPCONGDOI!C38 -> N . Khâm (1) | F43: =E43*25000 -> 0 | G43: =VLOOKUP(C43,TONGHOPCONGDOI!C38:AE94,16,0) -> 4380 | H43: =VLOOKUP(C43,TONGHOPCONGDOI!C38:AE94,17,0) -> 0 | J43: =$AB$10/$AB$9*G43+H43*$AB$11+I43*$AB$12 -> 1870.8681 | K43: =VLOOKUP(C43,'BTH mủ tạp'!D44:AN122,37,0) -> A | L43: =ROUND((IF(K43="A",(G43*$Z$12*6.1),IF(K43="B",(G43*$Z$12*5.8),IF(K43="C",(G43*$Z$12*5.5),IF(K43="C.",(G43*$Z$12*5.5),IF(K43="D",(G43*$Z$12*5.2),0)))))*$E$12+(H43*$AB$11*$E$12*6.1)+I43*$E$12*$AB$12*6.1),0) -> 7654911 | M43: =VLOOKUP(C43,TONGHOPCONGDOI!$C$11:$V$91,20,0) -> 24 | N43: =VLOOKUP(C43,TONGHOPCONGDOI!$C$11:$W$91,21,0) -> 2 | O43: =VLOOKUP(C43,TONGHOPCONGDOI!$C$11:$AD$93,22,0) -> 0 | P43: =VLOOKUP(C43,TONGHOPCONGDOI!$C$11:$AD$93,23,0) -> 2 | Q43: =VLOOKUP(C43,TONGHOPCONGDOI!$C$11:$AD$93,24,0) -> 0 | R43: =VLOOKUP(C43,TONGHOPCONGDOI!$C$11:$AD$93,25,0) -> 0 | T43: =P43 -> 2 | W43: =ROUND(((M43*46.1)+(N43*76.9)+(O43*92.2)+(P43*153.8)+(Q43*92.2)+(R43*153.8))*$E$12+(S43*25000)+(T43*100000),0) -> 1251618 | X43: =F43+L43+W43 -> 8906529 | Z43: =VLOOKUP(C43,'CNKT '!D43:AA98,24,0) -> 8906529 | AA43: =Z43-X43 -> 0
A44: 29 | B44: ='Chấm công KT'!C41 -> 03482 | C44: =TONGHOPCONGDOI!C39 -> T . Phết | F44: =E44*25000 -> 0 | G44: =VLOOKUP(C44,TONGHOPCONGDOI!C39:AE94,16,0) -> 4288 | H44: =VLOOKUP(C44,TONGHOPCONGDOI!C39:AE94,17,0) -> 0 | J44: =$AB$10/$AB$9*G44+H44*$AB$11+I44*$AB$12 -> 1831.5713 | K44: =VLOOKUP(C44,'BTH mủ tạp'!D45:AN123,37,0) -> A | L44: =ROUND((IF(K44="A",(G44*$Z$12*6.1),IF(K44="B",(G44*$Z$12*5.8),IF(K44="C",(G44*$Z$12*5.5),IF(K44="C.",(G44*$Z$12*5.5),IF(K44="D",(G44*$Z$12*5.2),0)))))*$E$12+(H44*$AB$11*$E$12*6.1)+I44*$E$12*$AB$12*6.1),0) -> 7494123 | M44: =VLOOKUP(C44,TONGHOPCONGDOI!$C$11:$V$91,20,0) -> 24 | N44: =VLOOKUP(C44,TONGHOPCONGDOI!$C$11:$W$91,21,0) -> 2 | O44: =VLOOKUP(C44,TONGHOPCONGDOI!$C$11:$AD$93,22,0) -> 0 | P44: =VLOOKUP(C44,TONGHOPCONGDOI!$C$11:$AD$93,23,0) -> 2 | Q44: =VLOOKUP(C44,TONGHOPCONGDOI!$C$11:$AD$93,24,0) -> 0 | R44: =VLOOKUP(C44,TONGHOPCONGDOI!$C$11:$AD$93,25,0) -> 0 | T44: =P44 -> 2 | W44: =ROUND(((M44*46.1)+(N44*76.9)+(O44*92.2)+(P44*153.8)+(Q44*92.2)+(R44*153.8))*$E$12+(S44*25000)+(T44*100000),0) -> 1251618 | X44: =F44+L44+W44 -> 8745741 | Z44: =VLOOKUP(C44,'CNKT '!D44:AA98,24,0) -> 8745741 | AA44: =Z44-X44 -> 0
A45: 30 | B45: ='Chấm công KT'!C42 -> 03483 | C45: =TONGHOPCONGDOI!C40 -> T. Viêng Sa Văn | F45: =E45*25000 -> 0 | G45: =VLOOKUP(C45,TONGHOPCONGDOI!C40:AE94,16,0) -> 4448 | H45: =VLOOKUP(C45,TONGHOPCONGDOI!C40:AE94,17,0) -> 0 | J45: =$AB$10/$AB$9*G45+H45*$AB$11+I45*$AB$12 -> 1899.9135 | K45: =VLOOKUP(C45,'BTH mủ tạp'!D46:AN124,37,0) -> A | L45: =ROUND((IF(K45="A",(G45*$Z$12*6.1),IF(K45="B",(G45*$Z$12*5.8),IF(K45="C",(G45*$Z$12*5.5),IF(K45="C.",(G45*$Z$12*5.5),IF(K45="D",(G45*$Z$12*5.2),0)))))*$E$12+(H45*$AB$11*$E$12*6.1)+I45*$E$12*$AB$12*6.1),0) -> 7773755 | M45: =VLOOKUP(C45,TONGHOPCONGDOI!$C$11:$V$91,20,0) -> 25 | N45: =VLOOKUP(C45,TONGHOPCONGDOI!$C$11:$W$91,21,0) -> 2 | O45: =VLOOKUP(C45,TONGHOPCONGDOI!$C$11:$AD$93,22,0) -> 0 | P45: =VLOOKUP(C45,TONGHOPCONGDOI!$C$11:$AD$93,23,0) -> 2 | Q45: =VLOOKUP(C45,TONGHOPCONGDOI!$C$11:$AD$93,24,0) -> 0 | R45: =VLOOKUP(C45,TONGHOPCONGDOI!$C$11:$AD$93,25,0) -> 0 | T45: =P45 -> 2 | W45: =ROUND(((M45*46.1)+(N45*76.9)+(O45*92.2)+(P45*153.8)+(Q45*92.2)+(R45*153.8))*$E$12+(S45*25000)+(T45*100000),0) -> 1282540 | X45: =F45+L45+W45 -> 9056295 | Z45: =VLOOKUP(C45,'CNKT '!D45:AA98,24,0) -> 9056295 | AA45: =Z45-X45 -> 0
A46: 31 | B46: ='Chấm công KT'!C43 -> 03484 | C46: =TONGHOPCONGDOI!C41 -> T. Ca Te | F46: =E46*25000 -> 0 | G46: =VLOOKUP(C46,TONGHOPCONGDOI!C41:AE94,16,0) -> 4236 | H46: =VLOOKUP(C46,TONGHOPCONGDOI!C41:AE94,17,0) -> 0 | J46: =$AB$10/$AB$9*G46+H46*$AB$11+I46*$AB$12 -> 1809.3601 | K46: =VLOOKUP(C46,'BTH mủ tạp'!D47:AN125,37,0) -> A | L46: =ROUND((IF(K46="A",(G46*$Z$12*6.1),IF(K46="B",(G46*$Z$12*5.8),IF(K46="C",(G46*$Z$12*5.5),IF(K46="C.",(G46*$Z$12*5.5),IF(K46="D",(G46*$Z$12*5.2),0)))))*$E$12+(H46*$AB$11*$E$12*6.1)+I46*$E$12*$AB$12*6.1),0) -> 7403243 | M46: =VLOOKUP(C46,TONGHOPCONGDOI!$C$11:$V$91,20,0) -> 26 | N46: =VLOOKUP(C46,TONGHOPCONGDOI!$C$11:$W$91,21,0) -> 2 | O46: =VLOOKUP(C46,TONGHOPCONGDOI!$C$11:$AD$93,22,0) -> 0 | P46: =VLOOKUP(C46,TONGHOPCONGDOI!$C$11:$AD$93,23,0) -> 2 | Q46: =VLOOKUP(C46,TONGHOPCONGDOI!$C$11:$AD$93,24,0) -> 0 | R46: =VLOOKUP(C46,TONGHOPCONGDOI!$C$11:$AD$93,25,0) -> 0 | T46: =P46 -> 2 | W46: =ROUND(((M46*46.1)+(N46*76.9)+(O46*92.2)+(P46*153.8)+(Q46*92.2)+(R46*153.8))*$E$12+(S46*25000)+(T46*100000),0) -> 1313462 | X46: =F46+L46+W46 -> 8716705 | Z46: =VLOOKUP(C46,'CNKT '!D46:AA98,24,0) -> 8716705 | AA46: =Z46-X46 -> 0
A47: 32 | B47: ='Chấm công KT'!C44 -> 03485 | C47: =TONGHOPCONGDOI!C42 -> T. Lâm Phon | F47: =E47*25000 -> 0 | G47: =VLOOKUP(C47,TONGHOPCONGDOI!C42:AE94,16,0) -> 4573 | H47: =VLOOKUP(C47,TONGHOPCONGDOI!C42:AE94,17,0) -> 0 | J47: =$AB$10/$AB$9*G47+H47*$AB$11+I47*$AB$12 -> 1953.3059 | K47: =VLOOKUP(C47,'BTH mủ tạp'!D48:AN126,37,0) -> A | L47: =ROUND((IF(K47="A",(G47*$Z$12*6.1),IF(K47="B",(G47*$Z$12*5.8),IF(K47="C",(G47*$Z$12*5.5),IF(K47="C.",(G47*$Z$12*5.5),IF(K47="D",(G47*$Z$12*5.2),0)))))*$E$12+(H47*$AB$11*$E$12*6.1)+I47*$E$12*$AB$12*6.1),0) -> 7992217 | M47: =VLOOKUP(C47,TONGHOPCONGDOI!$C$11:$V$91,20,0) -> 26 | N47: =VLOOKUP(C47,TONGHOPCONGDOI!$C$11:$W$91,21,0) -> 2 | O47: =VLOOKUP(C47,TONGHOPCONGDOI!$C$11:$AD$93,22,0) -> 0 | P47: =VLOOKUP(C47,TONGHOPCONGDOI!$C$11:$AD$93,23,0) -> 2 | Q47: =VLOOKUP(C47,TONGHOPCONGDOI!$C$11:$AD$93,24,0) -> 0 | R47: =VLOOKUP(C47,TONGHOPCONGDOI!$C$11:$AD$93,25,0) -> 0 | T47: =P47 -> 2 | W47: =ROUND(((M47*46.1)+(N47*76.9)+(O47*92.2)+(P47*153.8)+(Q47*92.2)+(R47*153.8))*$E$12+(S47*25000)+(T47*100000),0) -> 1313462 | X47: =F47+L47+W47 -> 9305679 | Z47: =VLOOKUP(C47,'CNKT '!D47:AA98,24,0) -> 9305679 | AA47: =Z47-X47 -> 0
A48: 33 | B48: ='Chấm công KT'!C45 -> 02712 | C48: =TONGHOPCONGDOI!C43 -> T. Sô Đa | F48: =E48*25000 -> 0 | G48: =VLOOKUP(C48,TONGHOPCONGDOI!C43:AE94,16,0) -> 3971 | H48: =VLOOKUP(C48,TONGHOPCONGDOI!C43:AE94,17,0) -> 0 | J48: =$AB$10/$AB$9*G48+H48*$AB$11+I48*$AB$12 -> 1696.1683 | K48: =VLOOKUP(C48,'BTH mủ tạp'!D49:AN127,37,0) -> A | L48: =ROUND((IF(K48="A",(G48*$Z$12*6.1),IF(K48="B",(G48*$Z$12*5.8),IF(K48="C",(G48*$Z$12*5.5),IF(K48="C.",(G48*$Z$12*5.5),IF(K48="D",(G48*$Z$12*5.2),0)))))*$E$12+(H48*$AB$11*$E$12*6.1)+I48*$E$12*$AB$12*6.1),0) -> 6940103 | M48: =VLOOKUP(C48,TONGHOPCONGDOI!$C$11:$V$91,20,0) -> 26 | N48: =VLOOKUP(C48,TONGHOPCONGDOI!$C$11:$W$91,21,0) -> 2 | O48: =VLOOKUP(C48,TONGHOPCONGDOI!$C$11:$AD$93,22,0) -> 0 | P48: =VLOOKUP(C48,TONGHOPCONGDOI!$C$11:$AD$93,23,0) -> 2 | Q48: =VLOOKUP(C48,TONGHOPCONGDOI!$C$11:$AD$93,24,0) -> 0 | R48: =VLOOKUP(C48,TONGHOPCONGDOI!$C$11:$AD$93,25,0) -> 0 | T48: =P48 -> 2 | W48: =ROUND(((M48*46.1)+(N48*76.9)+(O48*92.2)+(P48*153.8)+(Q48*92.2)+(R48*153.8))*$E$12+(S48*25000)+(T48*100000),0) -> 1313462 | X48: =F48+L48+W48 -> 8253565 | Z48: =VLOOKUP(C48,'CNKT '!D48:AA98,24,0) -> 8253565 | AA48: =Z48-X48 -> 0
A49: 34 | B49: ='Chấm công KT'!C46 -> 0 | C49: =TONGHOPCONGDOI!C44 -> N. Pheng Mi | F49: =E49*25000 -> 0 | G49: =VLOOKUP(C49,TONGHOPCONGDOI!C44:AE94,16,0) -> 4804 | H49: =VLOOKUP(C49,TONGHOPCONGDOI!C44:AE94,17,0) -> 0 | J49: =$AB$10/$AB$9*G49+H49*$AB$11+I49*$AB$12 -> 2051.9749 | K49: =VLOOKUP(C49,'BTH mủ tạp'!D50:AN128,37,0) -> A | L49: =ROUND((IF(K49="A",(G49*$Z$12*6.1),IF(K49="B",(G49*$Z$12*5.8),IF(K49="C",(G49*$Z$12*5.5),IF(K49="C.",(G49*$Z$12*5.5),IF(K49="D",(G49*$Z$12*5.2),0)))))*$E$12+(H49*$AB$11*$E$12*6.1)+I49*$E$12*$AB$12*6.1),0) -> 8395935 | M49: =VLOOKUP(C49,TONGHOPCONGDOI!$C$11:$V$91,20,0) -> 26 | N49: =VLOOKUP(C49,TONGHOPCONGDOI!$C$11:$W$91,21,0) -> 2 | O49: =VLOOKUP(C49,TONGHOPCONGDOI!$C$11:$AD$93,22,0) -> 0 | P49: =VLOOKUP(C49,TONGHOPCONGDOI!$C$11:$AD$93,23,0) -> 2 | Q49: =VLOOKUP(C49,TONGHOPCONGDOI!$C$11:$AD$93,24,0) -> 0 | R49: =VLOOKUP(C49,TONGHOPCONGDOI!$C$11:$AD$93,25,0) -> 0 | T49: =P49 -> 2 | W49: =ROUND(((M49*46.1)+(N49*76.9)+(O49*92.2)+(P49*153.8)+(Q49*92.2)+(R49*153.8))*$E$12+(S49*25000)+(T49*100000),0) -> 1313462 | X49: =F49+L49+W49 -> 9709397 | Z49: =VLOOKUP(C49,'CNKT '!D49:AA98,24,0) -> 9709397 | AA49: =Z49-X49 -> 0
A50: 35 | B50: ='Chấm công KT'!C47 -> 02714 | C50: =TONGHOPCONGDOI!C45 -> N. Tủn | F50: =E50*25000 -> 0 | G50: =VLOOKUP(C50,TONGHOPCONGDOI!C45:AE94,16,0) -> 3751 | H50: =VLOOKUP(C50,TONGHOPCONGDOI!C45:AE94,17,0) -> 0 | J50: =$AB$10/$AB$9*G50+H50*$AB$11+I50*$AB$12 -> 1602.1978 | K50: =VLOOKUP(C50,'BTH mủ tạp'!D51:AN129,37,0) -> A | L50: =ROUND((IF(K50="A",(G50*$Z$12*6.1),IF(K50="B",(G50*$Z$12*5.8),IF(K50="C",(G50*$Z$12*5.5),IF(K50="C.",(G50*$Z$12*5.5),IF(K50="D",(G50*$Z$12*5.2),0)))))*$E$12+(H50*$AB$11*$E$12*6.1)+I50*$E$12*$AB$12*6.1),0) -> 6555610 | M50: =VLOOKUP(C50,TONGHOPCONGDOI!$C$11:$V$91,20,0) -> 25 | N50: =VLOOKUP(C50,TONGHOPCONGDOI!$C$11:$W$91,21,0) -> 2 | O50: =VLOOKUP(C50,TONGHOPCONGDOI!$C$11:$AD$93,22,0) -> 0 | P50: =VLOOKUP(C50,TONGHOPCONGDOI!$C$11:$AD$93,23,0) -> 2 | Q50: =VLOOKUP(C50,TONGHOPCONGDOI!$C$11:$AD$93,24,0) -> 0 | R50: =VLOOKUP(C50,TONGHOPCONGDOI!$C$11:$AD$93,25,0) -> 0 | T50: =P50 -> 2 | W50: =ROUND(((M50*46.1)+(N50*76.9)+(O50*92.2)+(P50*153.8)+(Q50*92.2)+(R50*153.8))*$E$12+(S50*25000)+(T50*100000),0) -> 1282540 | X50: =F50+L50+W50 -> 7838150 | Z50: =VLOOKUP(C50,'CNKT '!D50:AA98,24,0) -> 7838150 | AA50: =Z50-X50 -> 0
A51: 36 | B51: ='Chấm công KT'!C48 -> 02713 | C51: =TONGHOPCONGDOI!C46 -> T. Lung | F51: =E51*25000 -> 0 | G51: =VLOOKUP(C51,TONGHOPCONGDOI!C46:AE94,16,0) -> 3826 | H51: =VLOOKUP(C51,TONGHOPCONGDOI!C46:AE94,17,0) -> 0 | J51: =$AB$10/$AB$9*G51+H51*$AB$11+I51*$AB$12 -> 1634.2332 | K51: =VLOOKUP(C51,'BTH mủ tạp'!D52:AN130,37,0) -> A | L51: =ROUND((IF(K51="A",(G51*$Z$12*6.1),IF(K51="B",(G51*$Z$12*5.8),IF(K51="C",(G51*$Z$12*5.5),IF(K51="C.",(G51*$Z$12*5.5),IF(K51="D",(G51*$Z$12*5.2),0)))))*$E$12+(H51*$AB$11*$E$12*6.1)+I51*$E$12*$AB$12*6.1),0) -> 6686687 | M51: =VLOOKUP(C51,TONGHOPCONGDOI!$C$11:$V$91,20,0) -> 25 | N51: =VLOOKUP(C51,TONGHOPCONGDOI!$C$11:$W$91,21,0) -> 2 | O51: =VLOOKUP(C51,TONGHOPCONGDOI!$C$11:$AD$93,22,0) -> 0 | P51: =VLOOKUP(C51,TONGHOPCONGDOI!$C$11:$AD$93,23,0) -> 2 | Q51: =VLOOKUP(C51,TONGHOPCONGDOI!$C$11:$AD$93,24,0) -> 0 | R51: =VLOOKUP(C51,TONGHOPCONGDOI!$C$11:$AD$93,25,0) -> 0 | T51: =P51 -> 2 | W51: =ROUND(((M51*46.1)+(N51*76.9)+(O51*92.2)+(P51*153.8)+(Q51*92.2)+(R51*153.8))*$E$12+(S51*25000)+(T51*100000),0) -> 1282540 | X51: =F51+L51+W51 -> 7969227 | Z51: =VLOOKUP(C51,'CNKT '!D51:AA98,24,0) -> 7969227 | AA51: =Z51-X51 -> 0
A52: 37 | B52: ='Chấm công KT'!C49 -> 04058 | C52: =TONGHOPCONGDOI!C47 -> T. Bi Ly (2) | F52: =E52*25000 -> 0 | G52: =VLOOKUP(C52,TONGHOPCONGDOI!C47:AE94,16,0) -> 4137 | H52: =VLOOKUP(C52,TONGHOPCONGDOI!C47:AE94,17,0) -> 0 | J52: =$AB$10/$AB$9*G52+H52*$AB$11+I52*$AB$12 -> 1767.0733 | K52: =VLOOKUP(C52,'BTH mủ tạp'!D53:AN131,37,0) -> A | L52: =ROUND((IF(K52="A",(G52*$Z$12*6.1),IF(K52="B",(G52*$Z$12*5.8),IF(K52="C",(G52*$Z$12*5.5),IF(K52="C.",(G52*$Z$12*5.5),IF(K52="D",(G52*$Z$12*5.2),0)))))*$E$12+(H52*$AB$11*$E$12*6.1)+I52*$E$12*$AB$12*6.1),0) -> 7230221 | M52: =VLOOKUP(C52,TONGHOPCONGDOI!$C$11:$V$91,20,0) -> 26 | N52: =VLOOKUP(C52,TONGHOPCONGDOI!$C$11:$W$91,21,0) -> 2 | O52: =VLOOKUP(C52,TONGHOPCONGDOI!$C$11:$AD$93,22,0) -> 0 | P52: =VLOOKUP(C52,TONGHOPCONGDOI!$C$11:$AD$93,23,0) -> 2 | Q52: =VLOOKUP(C52,TONGHOPCONGDOI!$C$11:$AD$93,24,0) -> 0 | R52: =VLOOKUP(C52,TONGHOPCONGDOI!$C$11:$AD$93,25,0) -> 0 | T52: =P52 -> 2 | W52: =ROUND(((M52*46.1)+(N52*76.9)+(O52*92.2)+(P52*153.8)+(Q52*92.2)+(R52*153.8))*$E$12+(S52*25000)+(T52*100000),0) -> 1313462 | X52: =F52+L52+W52 -> 8543683 | Z52: =VLOOKUP(C52,'CNKT '!D52:AA98,24,0) -> 8543683 | AA52: =Z52-X52 -> 0
A53: 38 | B53: ='Chấm công KT'!C50 -> 03487 | C53: =TONGHOPCONGDOI!C48 -> N. Ba Say | F53: =E53*25000 -> 0 | G53: =VLOOKUP(C53,TONGHOPCONGDOI!C48:AE94,16,0) -> 2934 | H53: =VLOOKUP(C53,TONGHOPCONGDOI!C48:AE94,17,0) -> 0 | J53: =$AB$10/$AB$9*G53+H53*$AB$11+I53*$AB$12 -> 1253.2253 | K53: =VLOOKUP(C53,'BTH mủ tạp'!D54:AN132,37,0) -> A | L53: =ROUND((IF(K53="A",(G53*$Z$12*6.1),IF(K53="B",(G53*$Z$12*5.8),IF(K53="C",(G53*$Z$12*5.5),IF(K53="C.",(G53*$Z$12*5.5),IF(K53="D",(G53*$Z$12*5.2),0)))))*$E$12+(H53*$AB$11*$E$12*6.1)+I53*$E$12*$AB$12*6.1),0) -> 5127742 | M53: =VLOOKUP(C53,TONGHOPCONGDOI!$C$11:$V$91,20,0) -> 24 | N53: =VLOOKUP(C53,TONGHOPCONGDOI!$C$11:$W$91,21,0) -> 2 | O53: =VLOOKUP(C53,TONGHOPCONGDOI!$C$11:$AD$93,22,0) -> 0 | P53: =VLOOKUP(C53,TONGHOPCONGDOI!$C$11:$AD$93,23,0) -> 2 | Q53: =VLOOKUP(C53,TONGHOPCONGDOI!$C$11:$AD$93,24,0) -> 0 | R53: =VLOOKUP(C53,TONGHOPCONGDOI!$C$11:$AD$93,25,0) -> 0 | T53: =P53 -> 2 | W53: =ROUND(((M53*46.1)+(N53*76.9)+(O53*92.2)+(P53*153.8)+(Q53*92.2)+(R53*153.8))*$E$12+(S53*25000)+(T53*100000),0) -> 1251618 | X53: =F53+L53+W53 -> 6379360 | Z53: =VLOOKUP(C53,'CNKT '!D53:AA98,24,0) -> 6379360 | AA53: =Z53-X53 -> 0
A54: 39 | B54: ='Chấm công KT'!C51 -> 03488 | C54: =TONGHOPCONGDOI!C49 -> N. Đeng | F54: =E54*25000 -> 0 | G54: =VLOOKUP(C54,TONGHOPCONGDOI!C49:AE94,16,0) -> 4028 | H54: =VLOOKUP(C54,TONGHOPCONGDOI!C49:AE94,17,0) -> 0 | J54: =$AB$10/$AB$9*G54+H54*$AB$11+I54*$AB$12 -> 1720.5152 | K54: =VLOOKUP(C54,'BTH mủ tạp'!D55:AN133,37,0) -> A | L54: =ROUND((IF(K54="A",(G54*$Z$12*6.1),IF(K54="B",(G54*$Z$12*5.8),IF(K54="C",(G54*$Z$12*5.5),IF(K54="C.",(G54*$Z$12*5.5),IF(K54="D",(G54*$Z$12*5.2),0)))))*$E$12+(H54*$AB$11*$E$12*6.1)+I54*$E$12*$AB$12*6.1),0) -> 7039722 | M54: =VLOOKUP(C54,TONGHOPCONGDOI!$C$11:$V$91,20,0) -> 25 | N54: =VLOOKUP(C54,TONGHOPCONGDOI!$C$11:$W$91,21,0) -> 2 | O54: =VLOOKUP(C54,TONGHOPCONGDOI!$C$11:$AD$93,22,0) -> 0 | P54: =VLOOKUP(C54,TONGHOPCONGDOI!$C$11:$AD$93,23,0) -> 2 | Q54: =VLOOKUP(C54,TONGHOPCONGDOI!$C$11:$AD$93,24,0) -> 0 | R54: =VLOOKUP(C54,TONGHOPCONGDOI!$C$11:$AD$93,25,0) -> 0 | T54: =P54 -> 2 | W54: =ROUND(((M54*46.1)+(N54*76.9)+(O54*92.2)+(P54*153.8)+(Q54*92.2)+(R54*153.8))*$E$12+(S54*25000)+(T54*100000),0) -> 1282540 | X54: =F54+L54+W54 -> 8322262 | Z54: =VLOOKUP(C54,'CNKT '!D54:AA98,24,0) -> 8322262 | AA54: =Z54-X54 -> 0
A55: 40 | B55: ='Chấm công KT'!C52 -> 03489 | C55: =TONGHOPCONGDOI!C50 -> T. Tinh | F55: =E55*25000 -> 0 | G55: =VLOOKUP(C55,TONGHOPCONGDOI!C50:AE94,16,0) -> 2833 | H55: =VLOOKUP(C55,TONGHOPCONGDOI!C50:AE94,17,0) -> 0 | J55: =$AB$10/$AB$9*G55+H55*$AB$11+I55*$AB$12 -> 1210.0843 | K55: =VLOOKUP(C55,'BTH mủ tạp'!D56:AN134,37,0) -> B | L55: =ROUND((IF(K55="A",(G55*$Z$12*6.1),IF(K55="B",(G55*$Z$12*5.8),IF(K55="C",(G55*$Z$12*5.5),IF(K55="C.",(G55*$Z$12*5.5),IF(K55="D",(G55*$Z$12*5.2),0)))))*$E$12+(H55*$AB$11*$E$12*6.1)+I55*$E$12*$AB$12*6.1),0) -> 4707722 | M55: =VLOOKUP(C55,TONGHOPCONGDOI!$C$11:$V$91,20,0) -> 24 | N55: =VLOOKUP(C55,TONGHOPCONGDOI!$C$11:$W$91,21,0) -> 2 | O55: =VLOOKUP(C55,TONGHOPCONGDOI!$C$11:$AD$93,22,0) -> 0 | P55: =VLOOKUP(C55,TONGHOPCONGDOI!$C$11:$AD$93,23,0) -> 2 | Q55: =VLOOKUP(C55,TONGHOPCONGDOI!$C$11:$AD$93,24,0) -> 0 | R55: =VLOOKUP(C55,TONGHOPCONGDOI!$C$11:$AD$93,25,0) -> 0 | T55: =P55 -> 2 | W55: =ROUND(((M55*46.1)+(N55*76.9)+(O55*92.2)+(P55*153.8)+(Q55*92.2)+(R55*153.8))*$E$12+(S55*25000)+(T55*100000),0) -> 1251618 | X55: =F55+L55+W55 -> 5959340 | Z55: =VLOOKUP(C55,'CNKT '!D55:AA98,24,0) -> 5959340 | AA55: =Z55-X55 -> 0
A56: 41 | B56: ='Chấm công KT'!C53 -> 04059 | C56: =TONGHOPCONGDOI!C51 -> T. Khăm Pỏi | F56: =E56*25000 -> 0 | G56: =VLOOKUP(C56,TONGHOPCONGDOI!C51:AE94,16,0) -> 3793 | H56: =VLOOKUP(C56,TONGHOPCONGDOI!C51:AE94,17,0) -> 0 | J56: =$AB$10/$AB$9*G56+H56*$AB$11+I56*$AB$12 -> 1620.1376 | K56: =VLOOKUP(C56,'BTH mủ tạp'!D57:AN135,37,0) -> A | L56: =ROUND((IF(K56="A",(G56*$Z$12*6.1),IF(K56="B",(G56*$Z$12*5.8),IF(K56="C",(G56*$Z$12*5.5),IF(K56="C.",(G56*$Z$12*5.5),IF(K56="D",(G56*$Z$12*5.2),0)))))*$E$12+(H56*$AB$11*$E$12*6.1)+I56*$E$12*$AB$12*6.1),0) -> 6629013 | M56: =VLOOKUP(C56,TONGHOPCONGDOI!$C$11:$V$91,20,0) -> 26 | N56: =VLOOKUP(C56,TONGHOPCONGDOI!$C$11:$W$91,21,0) -> 2 | O56: =VLOOKUP(C56,TONGHOPCONGDOI!$C$11:$AD$93,22,0) -> 0 | P56: =VLOOKUP(C56,TONGHOPCONGDOI!$C$11:$AD$93,23,0) -> 2 | Q56: =VLOOKUP(C56,TONGHOPCONGDOI!$C$11:$AD$93,24,0) -> 0 | R56: =VLOOKUP(C56,TONGHOPCONGDOI!$C$11:$AD$93,25,0) -> 0 | T56: =P56 -> 2 | W56: =ROUND(((M56*46.1)+(N56*76.9)+(O56*92.2)+(P56*153.8)+(Q56*92.2)+(R56*153.8))*$E$12+(S56*25000)+(T56*100000),0) -> 1313462 | X56: =F56+L56+W56 -> 7942475 | Z56: =VLOOKUP(C56,'CNKT '!D56:AA98,24,0) -> 7942475 | AA56: =Z56-X56 -> 0
A57: 42 | B57: ='Chấm công KT'!C54 -> 03491 | C57: =TONGHOPCONGDOI!C52 -> Lăm Ngân | F57: =E57*25000 -> 0 | G57: =VLOOKUP(C57,TONGHOPCONGDOI!C52:AE94,16,0) -> 4100 | H57: =VLOOKUP(C57,TONGHOPCONGDOI!C52:AE94,17,0) -> 0 | J57: =$AB$10/$AB$9*G57+H57*$AB$11+I57*$AB$12 -> 1751.2692 | K57: =VLOOKUP(C57,'BTH mủ tạp'!D58:AN136,37,0) -> A | L57: =ROUND((IF(K57="A",(G57*$Z$12*6.1),IF(K57="B",(G57*$Z$12*5.8),IF(K57="C",(G57*$Z$12*5.5),IF(K57="C.",(G57*$Z$12*5.5),IF(K57="D",(G57*$Z$12*5.2),0)))))*$E$12+(H57*$AB$11*$E$12*6.1)+I57*$E$12*$AB$12*6.1),0) -> 7165556 | M57: =VLOOKUP(C57,TONGHOPCONGDOI!$C$11:$V$91,20,0) -> 25 | N57: =VLOOKUP(C57,TONGHOPCONGDOI!$C$11:$W$91,21,0) -> 2 | O57: =VLOOKUP(C57,TONGHOPCONGDOI!$C$11:$AD$93,22,0) -> 0 | P57: =VLOOKUP(C57,TONGHOPCONGDOI!$C$11:$AD$93,23,0) -> 2 | Q57: =VLOOKUP(C57,TONGHOPCONGDOI!$C$11:$AD$93,24,0) -> 0 | R57: =VLOOKUP(C57,TONGHOPCONGDOI!$C$11:$AD$93,25,0) -> 0 | T57: =P57 -> 2 | W57: =ROUND(((M57*46.1)+(N57*76.9)+(O57*92.2)+(P57*153.8)+(Q57*92.2)+(R57*153.8))*$E$12+(S57*25000)+(T57*100000),0) -> 1282540 | X57: =F57+L57+W57 -> 8448096 | Z57: =VLOOKUP(C57,'CNKT '!D57:AA98,24,0) -> 8448096 | AA57: =Z57-X57 -> 0
A58: 43 | B58: ='Chấm công KT'!C55 -> 04060 | C58: =TONGHOPCONGDOI!C53 -> T. Không | F58: =E58*25000 -> 0 | G58: =VLOOKUP(C58,TONGHOPCONGDOI!C53:AE94,16,0) -> 4272 | H58: =VLOOKUP(C58,TONGHOPCONGDOI!C53:AE94,17,0) -> 0 | J58: =$AB$10/$AB$9*G58+H58*$AB$11+I58*$AB$12 -> 1824.7371 | K58: =VLOOKUP(C58,'BTH mủ tạp'!D59:AN137,37,0) -> A | L58: =ROUND((IF(K58="A",(G58*$Z$12*6.1),IF(K58="B",(G58*$Z$12*5.8),IF(K58="C",(G58*$Z$12*5.5),IF(K58="C.",(G58*$Z$12*5.5),IF(K58="D",(G58*$Z$12*5.2),0)))))*$E$12+(H58*$AB$11*$E$12*6.1)+I58*$E$12*$AB$12*6.1),0) -> 7466160 | M58: =VLOOKUP(C58,TONGHOPCONGDOI!$C$11:$V$91,20,0) -> 26 | N58: =VLOOKUP(C58,TONGHOPCONGDOI!$C$11:$W$91,21,0) -> 2 | O58: =VLOOKUP(C58,TONGHOPCONGDOI!$C$11:$AD$93,22,0) -> 0 | P58: =VLOOKUP(C58,TONGHOPCONGDOI!$C$11:$AD$93,23,0) -> 2 | Q58: =VLOOKUP(C58,TONGHOPCONGDOI!$C$11:$AD$93,24,0) -> 0 | R58: =VLOOKUP(C58,TONGHOPCONGDOI!$C$11:$AD$93,25,0) -> 0 | T58: =P58 -> 2 | W58: =ROUND(((M58*46.1)+(N58*76.9)+(O58*92.2)+(P58*153.8)+(Q58*92.2)+(R58*153.8))*$E$12+(S58*25000)+(T58*100000),0) -> 1313462 | X58: =F58+L58+W58 -> 8779622 | Z58: =VLOOKUP(C58,'CNKT '!D58:AA98,24,0) -> 8779622 | AA58: =Z58-X58 -> 0
A59: 44 | B59: ='Chấm công KT'!C56 -> 03492 | C59: =TONGHOPCONGDOI!C54 -> T. Lem | F59: =E59*25000 -> 0 | G59: =VLOOKUP(C59,TONGHOPCONGDOI!C54:AE94,16,0) -> 4440 | H59: =VLOOKUP(C59,TONGHOPCONGDOI!C54:AE94,17,0) -> 0 | J59: =$AB$10/$AB$9*G59+H59*$AB$11+I59*$AB$12 -> 1896.4964 | K59: =VLOOKUP(C59,'BTH mủ tạp'!D60:AN138,37,0) -> A | L59: =ROUND((IF(K59="A",(G59*$Z$12*6.1),IF(K59="B",(G59*$Z$12*5.8),IF(K59="C",(G59*$Z$12*5.5),IF(K59="C.",(G59*$Z$12*5.5),IF(K59="D",(G59*$Z$12*5.2),0)))))*$E$12+(H59*$AB$11*$E$12*6.1)+I59*$E$12*$AB$12*6.1),0) -> 7759773 | M59: =VLOOKUP(C59,TONGHOPCONGDOI!$C$11:$V$91,20,0) -> 26 | N59: =VLOOKUP(C59,TONGHOPCONGDOI!$C$11:$W$91,21,0) -> 2 | O59: =VLOOKUP(C59,TONGHOPCONGDOI!$C$11:$AD$93,22,0) -> 0 | P59: =VLOOKUP(C59,TONGHOPCONGDOI!$C$11:$AD$93,23,0) -> 2 | Q59: =VLOOKUP(C59,TONGHOPCONGDOI!$C$11:$AD$93,24,0) -> 0 | R59: =VLOOKUP(C59,TONGHOPCONGDOI!$C$11:$AD$93,25,0) -> 0 | T59: =P59 -> 2 | W59: =ROUND(((M59*46.1)+(N59*76.9)+(O59*92.2)+(P59*153.8)+(Q59*92.2)+(R59*153.8))*$E$12+(S59*25000)+(T59*100000),0) -> 1313462 | X59: =F59+L59+W59 -> 9073235 | Z59: =VLOOKUP(C59,'CNKT '!D59:AA98,24,0) -> 9073235 | AA59: =Z59-X59 -> 0
